Species,Month,Week,Week_Label,Frequency,Sample_Size
Snow Goose,1,1,Jan_W1,0.0,112.0
Snow Goose,1,2,Jan_W2,0.0,94.0
Snow Goose,1,3,Jan_W3,0.0,145.0
Snow Goose,1,4,Jan_W4,0.0,125.0
Snow Goose,2,1,Feb_W1,0.0,115.0
Snow Goose,2,2,Feb_W2,0.0,192.0
Snow Goose,2,3,Feb_W3,0.0,197.0
Snow Goose,2,4,Feb_W4,0.0,63.0
Snow Goose,3,1,Mar_W1,0.0,58.0
Snow Goose,3,2,Mar_W2,0.0,55.0
Snow Goose,3,3,Mar_W3,0.0,78.0
Snow Goose,3,4,Mar_W4,0.0184049,163.0
Snow Goose,4,1,Apr_W1,0.0068966,145.0
Snow Goose,4,2,Apr_W2,0.0064935,154.0
Snow Goose,4,3,Apr_W3,0.0063694,157.0
Snow Goose,4,4,Apr_W4,0.0151515,330.0
Snow Goose,5,1,May_W1,0.0073529,272.0
Snow Goose,5,2,May_W2,0.0,381.0
Snow Goose,5,3,May_W3,0.0,561.0
Snow Goose,5,4,May_W4,0.0,986.0
Snow Goose,6,1,Jun_W1,0.0,668.0
Snow Goose,6,2,Jun_W2,0.0,509.0
Snow Goose,6,3,Jun_W3,0.0,379.0
Snow Goose,6,4,Jun_W4,0.0,598.0
Snow Goose,7,1,Jul_W1,0.0,361.0
Snow Goose,7,2,Jul_W2,0.0,409.0
Snow Goose,7,3,Jul_W3,0.0,358.0
Snow Goose,7,4,Jul_W4,0.0,419.0
Snow Goose,8,1,Aug_W1,0.0,260.0
Snow Goose,8,2,Aug_W2,0.0,303.0
Snow Goose,8,3,Aug_W3,0.0,290.0
Snow Goose,8,4,Aug_W4,0.0,555.0
Snow Goose,9,1,Sep_W1,0.0,305.0
Snow Goose,9,2,Sep_W2,0.0,339.0
Snow Goose,9,3,Sep_W3,0.0,290.0
Snow Goose,9,4,Sep_W4,0.0023474,426.0
Snow Goose,10,1,Oct_W1,0.0151057,331.0
Snow Goose,10,2,Oct_W2,0.0104603,478.0
Snow Goose,10,3,Oct_W3,0.0319149,282.0
Snow Goose,10,4,Oct_W4,0.0,383.0
Snow Goose,11,1,Nov_W1,0.0,184.0
Snow Goose,11,2,Nov_W2,0.0,136.0
Snow Goose,11,3,Nov_W3,0.0,89.0
Snow Goose,11,4,Nov_W4,0.0,105.0
Snow Goose,12,1,Dec_W1,0.0,60.0
Snow Goose,12,2,Dec_W2,0.0,36.0
Snow Goose,12,3,Dec_W3,0.0,166.0
Snow Goose,12,4,Dec_W4,0.0,100.0
Ross's Goose,1,1,Jan_W1,0.0,112.0
Ross's Goose,1,2,Jan_W2,0.0,94.0
Ross's Goose,1,3,Jan_W3,0.0,145.0
Ross's Goose,1,4,Jan_W4,0.0,125.0
Ross's Goose,2,1,Feb_W1,0.0,115.0
Ross's Goose,2,2,Feb_W2,0.0,192.0
Ross's Goose,2,3,Feb_W3,0.0,197.0
Ross's Goose,2,4,Feb_W4,0.0,63.0
Ross's Goose,3,1,Mar_W1,0.0,58.0
Ross's Goose,3,2,Mar_W2,0.0,55.0
Ross's Goose,3,3,Mar_W3,0.0,78.0
Ross's Goose,3,4,Mar_W4,0.0,163.0
Ross's Goose,4,1,Apr_W1,0.0,145.0
Ross's Goose,4,2,Apr_W2,0.0,154.0
Ross's Goose,4,3,Apr_W3,0.0,157.0
Ross's Goose,4,4,Apr_W4,0.0030303,330.0
Ross's Goose,5,1,May_W1,0.0,272.0
Ross's Goose,5,2,May_W2,0.0,381.0
Ross's Goose,5,3,May_W3,0.0,561.0
Ross's Goose,5,4,May_W4,0.0,986.0
Ross's Goose,6,1,Jun_W1,0.0,668.0
Ross's Goose,6,2,Jun_W2,0.0,509.0
Ross's Goose,6,3,Jun_W3,0.0,379.0
Ross's Goose,6,4,Jun_W4,0.0,598.0
Ross's Goose,7,1,Jul_W1,0.0,361.0
Ross's Goose,7,2,Jul_W2,0.0,409.0
Ross's Goose,7,3,Jul_W3,0.0,358.0
Ross's Goose,7,4,Jul_W4,0.0,419.0
Ross's Goose,8,1,Aug_W1,0.0,260.0
Ross's Goose,8,2,Aug_W2,0.0,303.0
Ross's Goose,8,3,Aug_W3,0.0,290.0
Ross's Goose,8,4,Aug_W4,0.0,555.0
Ross's Goose,9,1,Sep_W1,0.0,305.0
Ross's Goose,9,2,Sep_W2,0.0,339.0
Ross's Goose,9,3,Sep_W3,0.0,290.0
Ross's Goose,9,4,Sep_W4,0.0,426.0
Ross's Goose,10,1,Oct_W1,0.0030211,331.0
Ross's Goose,10,2,Oct_W2,0.0,478.0
Ross's Goose,10,3,Oct_W3,0.0,282.0
Ross's Goose,10,4,Oct_W4,0.0,383.0
Ross's Goose,11,1,Nov_W1,0.0,184.0
Ross's Goose,11,2,Nov_W2,0.0,136.0
Ross's Goose,11,3,Nov_W3,0.0,89.0
Ross's Goose,11,4,Nov_W4,0.0,105.0
Ross's Goose,12,1,Dec_W1,0.0,60.0
Ross's Goose,12,2,Dec_W2,0.0,36.0
Ross's Goose,12,3,Dec_W3,0.0,166.0
Ross's Goose,12,4,Dec_W4,0.0,100.0
Greater White-fronted Goose,1,1,Jan_W1,0.0,112.0
Greater White-fronted Goose,1,2,Jan_W2,0.0,94.0
Greater White-fronted Goose,1,3,Jan_W3,0.0,145.0
Greater White-fronted Goose,1,4,Jan_W4,0.0,125.0
Greater White-fronted Goose,2,1,Feb_W1,0.0,115.0
Greater White-fronted Goose,2,2,Feb_W2,0.0052083,192.0
Greater White-fronted Goose,2,3,Feb_W3,0.0,197.0
Greater White-fronted Goose,2,4,Feb_W4,0.0,63.0
Greater White-fronted Goose,3,1,Mar_W1,0.0,58.0
Greater White-fronted Goose,3,2,Mar_W2,0.0,55.0
Greater White-fronted Goose,3,3,Mar_W3,0.0,78.0
Greater White-fronted Goose,3,4,Mar_W4,0.0,163.0
Greater White-fronted Goose,4,1,Apr_W1,0.0,145.0
Greater White-fronted Goose,4,2,Apr_W2,0.012987,154.0
Greater White-fronted Goose,4,3,Apr_W3,0.0,157.0
Greater White-fronted Goose,4,4,Apr_W4,0.0030303,330.0
Greater White-fronted Goose,5,1,May_W1,0.0,272.0
Greater White-fronted Goose,5,2,May_W2,0.0,381.0
Greater White-fronted Goose,5,3,May_W3,0.0,561.0
Greater White-fronted Goose,5,4,May_W4,0.0,986.0
Greater White-fronted Goose,6,1,Jun_W1,0.0,668.0
Greater White-fronted Goose,6,2,Jun_W2,0.0,509.0
Greater White-fronted Goose,6,3,Jun_W3,0.0,379.0
Greater White-fronted Goose,6,4,Jun_W4,0.0,598.0
Greater White-fronted Goose,7,1,Jul_W1,0.0,361.0
Greater White-fronted Goose,7,2,Jul_W2,0.0,409.0
Greater White-fronted Goose,7,3,Jul_W3,0.0,358.0
Greater White-fronted Goose,7,4,Jul_W4,0.0,419.0
Greater White-fronted Goose,8,1,Aug_W1,0.0,260.0
Greater White-fronted Goose,8,2,Aug_W2,0.0,303.0
Greater White-fronted Goose,8,3,Aug_W3,0.0,290.0
Greater White-fronted Goose,8,4,Aug_W4,0.0,555.0
Greater White-fronted Goose,9,1,Sep_W1,0.0,305.0
Greater White-fronted Goose,9,2,Sep_W2,0.0,339.0
Greater White-fronted Goose,9,3,Sep_W3,0.0,290.0
Greater White-fronted Goose,9,4,Sep_W4,0.0,426.0
Greater White-fronted Goose,10,1,Oct_W1,0.0,331.0
Greater White-fronted Goose,10,2,Oct_W2,0.0,478.0
Greater White-fronted Goose,10,3,Oct_W3,0.0,282.0
Greater White-fronted Goose,10,4,Oct_W4,0.0,383.0
Greater White-fronted Goose,11,1,Nov_W1,0.0,184.0
Greater White-fronted Goose,11,2,Nov_W2,0.0,136.0
Greater White-fronted Goose,11,3,Nov_W3,0.0,89.0
Greater White-fronted Goose,11,4,Nov_W4,0.0,105.0
Greater White-fronted Goose,12,1,Dec_W1,0.0,60.0
Greater White-fronted Goose,12,2,Dec_W2,0.0,36.0
Greater White-fronted Goose,12,3,Dec_W3,0.0,166.0
Greater White-fronted Goose,12,4,Dec_W4,0.0,100.0
Brant,1,1,Jan_W1,0.0,112.0
Brant,1,2,Jan_W2,0.0,94.0
Brant,1,3,Jan_W3,0.0,145.0
Brant,1,4,Jan_W4,0.0,125.0
Brant,2,1,Feb_W1,0.0,115.0
Brant,2,2,Feb_W2,0.0,192.0
Brant,2,3,Feb_W3,0.0,197.0
Brant,2,4,Feb_W4,0.0,63.0
Brant,3,1,Mar_W1,0.0,58.0
Brant,3,2,Mar_W2,0.0,55.0
Brant,3,3,Mar_W3,0.0,78.0
Brant,3,4,Mar_W4,0.0,163.0
Brant,4,1,Apr_W1,0.0,145.0
Brant,4,2,Apr_W2,0.0,154.0
Brant,4,3,Apr_W3,0.0,157.0
Brant,4,4,Apr_W4,0.0,330.0
Brant,5,1,May_W1,0.0,272.0
Brant,5,2,May_W2,0.0,381.0
Brant,5,3,May_W3,0.0015,561.0
Brant,5,4,May_W4,0.0,986.0
Brant,6,1,Jun_W1,0.0,668.0
Brant,6,2,Jun_W2,0.0,509.0
Brant,6,3,Jun_W3,0.0,379.0
Brant,6,4,Jun_W4,0.0,598.0
Brant,7,1,Jul_W1,0.0,361.0
Brant,7,2,Jul_W2,0.0,409.0
Brant,7,3,Jul_W3,0.0,358.0
Brant,7,4,Jul_W4,0.0,419.0
Brant,8,1,Aug_W1,0.0,260.0
Brant,8,2,Aug_W2,0.0,303.0
Brant,8,3,Aug_W3,0.0,290.0
Brant,8,4,Aug_W4,0.0,555.0
Brant,9,1,Sep_W1,0.0,305.0
Brant,9,2,Sep_W2,0.0,339.0
Brant,9,3,Sep_W3,0.0,290.0
Brant,9,4,Sep_W4,0.0,426.0
Brant,10,1,Oct_W1,0.0,331.0
Brant,10,2,Oct_W2,0.0,478.0
Brant,10,3,Oct_W3,0.0,282.0
Brant,10,4,Oct_W4,0.0,383.0
Brant,11,1,Nov_W1,0.0,184.0
Brant,11,2,Nov_W2,0.0,136.0
Brant,11,3,Nov_W3,0.0,89.0
Brant,11,4,Nov_W4,0.0,105.0
Brant,12,1,Dec_W1,0.0,60.0
Brant,12,2,Dec_W2,0.0,36.0
Brant,12,3,Dec_W3,0.0,166.0
Brant,12,4,Dec_W4,0.0,100.0
Cackling Goose,1,1,Jan_W1,0.0,112.0
Cackling Goose,1,2,Jan_W2,0.0,94.0
Cackling Goose,1,3,Jan_W3,0.0,145.0
Cackling Goose,1,4,Jan_W4,0.0,125.0
Cackling Goose,2,1,Feb_W1,0.0,115.0
Cackling Goose,2,2,Feb_W2,0.0,192.0
Cackling Goose,2,3,Feb_W3,0.0,197.0
Cackling Goose,2,4,Feb_W4,0.0,63.0
Cackling Goose,3,1,Mar_W1,0.0,58.0
Cackling Goose,3,2,Mar_W2,0.0,55.0
Cackling Goose,3,3,Mar_W3,0.0,78.0
Cackling Goose,3,4,Mar_W4,0.0122699,163.0
Cackling Goose,4,1,Apr_W1,0.0,145.0
Cackling Goose,4,2,Apr_W2,0.0064935,154.0
Cackling Goose,4,3,Apr_W3,0.0063694,157.0
Cackling Goose,4,4,Apr_W4,0.0060606,330.0
Cackling Goose,5,1,May_W1,0.0,272.0
Cackling Goose,5,2,May_W2,0.0,381.0
Cackling Goose,5,3,May_W3,0.0,561.0
Cackling Goose,5,4,May_W4,0.0,986.0
Cackling Goose,6,1,Jun_W1,0.0,668.0
Cackling Goose,6,2,Jun_W2,0.0,509.0
Cackling Goose,6,3,Jun_W3,0.0,379.0
Cackling Goose,6,4,Jun_W4,0.0,598.0
Cackling Goose,7,1,Jul_W1,0.0,361.0
Cackling Goose,7,2,Jul_W2,0.0,409.0
Cackling Goose,7,3,Jul_W3,0.0,358.0
Cackling Goose,7,4,Jul_W4,0.0,419.0
Cackling Goose,8,1,Aug_W1,0.0,260.0
Cackling Goose,8,2,Aug_W2,0.0,303.0
Cackling Goose,8,3,Aug_W3,0.0,290.0
Cackling Goose,8,4,Aug_W4,0.0,555.0
Cackling Goose,9,1,Sep_W1,0.0065574,305.0
Cackling Goose,9,2,Sep_W2,0.0058997,339.0
Cackling Goose,9,3,Sep_W3,0.0034483,290.0
Cackling Goose,9,4,Sep_W4,0.0046948,426.0
Cackling Goose,10,1,Oct_W1,0.0030211,331.0
Cackling Goose,10,2,Oct_W2,0.0,478.0
Cackling Goose,10,3,Oct_W3,0.0,282.0
Cackling Goose,10,4,Oct_W4,0.002611,383.0
Cackling Goose,11,1,Nov_W1,0.0,184.0
Cackling Goose,11,2,Nov_W2,0.0,136.0
Cackling Goose,11,3,Nov_W3,0.0,89.0
Cackling Goose,11,4,Nov_W4,0.0,105.0
Cackling Goose,12,1,Dec_W1,0.0,60.0
Cackling Goose,12,2,Dec_W2,0.0,36.0
Cackling Goose,12,3,Dec_W3,0.0,166.0
Cackling Goose,12,4,Dec_W4,0.0,100.0
Canada Goose,1,1,Jan_W1,0.0178571,112.0
Canada Goose,1,2,Jan_W2,0.0015,94.0
Canada Goose,1,3,Jan_W3,0.0068966,145.0
Canada Goose,1,4,Jan_W4,0.0,125.0
Canada Goose,2,1,Feb_W1,0.0086957,115.0
Canada Goose,2,2,Feb_W2,0.0052083,192.0
Canada Goose,2,3,Feb_W3,0.0101523,197.0
Canada Goose,2,4,Feb_W4,0.047619,63.0
Canada Goose,3,1,Mar_W1,0.0517241,58.0
Canada Goose,3,2,Mar_W2,0.2,55.0
Canada Goose,3,3,Mar_W3,0.3717949,78.0
Canada Goose,3,4,Mar_W4,0.6134969,163.0
Canada Goose,4,1,Apr_W1,0.5793103,145.0
Canada Goose,4,2,Apr_W2,0.5584416,154.0
Canada Goose,4,3,Apr_W3,0.5541401,157.0
Canada Goose,4,4,Apr_W4,0.5545455,330.0
Canada Goose,5,1,May_W1,0.5147059,272.0
Canada Goose,5,2,May_W2,0.4173228,381.0
Canada Goose,5,3,May_W3,0.4491979,561.0
Canada Goose,5,4,May_W4,0.4705882,986.0
Canada Goose,6,1,Jun_W1,0.4146707,668.0
Canada Goose,6,2,Jun_W2,0.3968566,509.0
Canada Goose,6,3,Jun_W3,0.3693931,379.0
Canada Goose,6,4,Jun_W4,0.264214,598.0
Canada Goose,7,1,Jul_W1,0.2825485,361.0
Canada Goose,7,2,Jul_W2,0.3471883,409.0
Canada Goose,7,3,Jul_W3,0.4022346,358.0
Canada Goose,7,4,Jul_W4,0.4677804,419.0
Canada Goose,8,1,Aug_W1,0.4038462,260.0
Canada Goose,8,2,Aug_W2,0.3366337,303.0
Canada Goose,8,3,Aug_W3,0.3034483,290.0
Canada Goose,8,4,Aug_W4,0.3891892,555.0
Canada Goose,9,1,Sep_W1,0.4131148,305.0
Canada Goose,9,2,Sep_W2,0.480826,339.0
Canada Goose,9,3,Sep_W3,0.5551724,290.0
Canada Goose,9,4,Sep_W4,0.4577465,426.0
Canada Goose,10,1,Oct_W1,0.3836858,331.0
Canada Goose,10,2,Oct_W2,0.3096234,478.0
Canada Goose,10,3,Oct_W3,0.4078014,282.0
Canada Goose,10,4,Oct_W4,0.2819843,383.0
Canada Goose,11,1,Nov_W1,0.201087,184.0
Canada Goose,11,2,Nov_W2,0.1764706,136.0
Canada Goose,11,3,Nov_W3,0.1235955,89.0
Canada Goose,11,4,Nov_W4,0.0952381,105.0
Canada Goose,12,1,Dec_W1,0.1,60.0
Canada Goose,12,2,Dec_W2,0.0555556,36.0
Canada Goose,12,3,Dec_W3,0.0722892,166.0
Canada Goose,12,4,Dec_W4,0.02,100.0
Mute Swan,1,1,Jan_W1,0.0446429,112.0
Mute Swan,1,2,Jan_W2,0.0851064,94.0
Mute Swan,1,3,Jan_W3,0.0689655,145.0
Mute Swan,1,4,Jan_W4,0.032,125.0
Mute Swan,2,1,Feb_W1,0.0695652,115.0
Mute Swan,2,2,Feb_W2,0.0208333,192.0
Mute Swan,2,3,Feb_W3,0.0203046,197.0
Mute Swan,2,4,Feb_W4,0.0634921,63.0
Mute Swan,3,1,Mar_W1,0.0344828,58.0
Mute Swan,3,2,Mar_W2,0.1272727,55.0
Mute Swan,3,3,Mar_W3,0.1410256,78.0
Mute Swan,3,4,Mar_W4,0.2147239,163.0
Mute Swan,4,1,Apr_W1,0.1655172,145.0
Mute Swan,4,2,Apr_W2,0.1818182,154.0
Mute Swan,4,3,Apr_W3,0.1146497,157.0
Mute Swan,4,4,Apr_W4,0.1666667,330.0
Mute Swan,5,1,May_W1,0.125,272.0
Mute Swan,5,2,May_W2,0.1496063,381.0
Mute Swan,5,3,May_W3,0.1586453,561.0
Mute Swan,5,4,May_W4,0.1572008,986.0
Mute Swan,6,1,Jun_W1,0.1377246,668.0
Mute Swan,6,2,Jun_W2,0.1060904,509.0
Mute Swan,6,3,Jun_W3,0.1055409,379.0
Mute Swan,6,4,Jun_W4,0.0769231,598.0
Mute Swan,7,1,Jul_W1,0.0387812,361.0
Mute Swan,7,2,Jul_W2,0.0562347,409.0
Mute Swan,7,3,Jul_W3,0.0698324,358.0
Mute Swan,7,4,Jul_W4,0.0644391,419.0
Mute Swan,8,1,Aug_W1,0.05,260.0
Mute Swan,8,2,Aug_W2,0.0330033,303.0
Mute Swan,8,3,Aug_W3,0.0689655,290.0
Mute Swan,8,4,Aug_W4,0.0558559,555.0
Mute Swan,9,1,Sep_W1,0.0721311,305.0
Mute Swan,9,2,Sep_W2,0.079646,339.0
Mute Swan,9,3,Sep_W3,0.0827586,290.0
Mute Swan,9,4,Sep_W4,0.1056338,426.0
Mute Swan,10,1,Oct_W1,0.1178248,331.0
Mute Swan,10,2,Oct_W2,0.0753138,478.0
Mute Swan,10,3,Oct_W3,0.1631206,282.0
Mute Swan,10,4,Oct_W4,0.2088773,383.0
Mute Swan,11,1,Nov_W1,0.2282609,184.0
Mute Swan,11,2,Nov_W2,0.2279412,136.0
Mute Swan,11,3,Nov_W3,0.1348315,89.0
Mute Swan,11,4,Nov_W4,0.2,105.0
Mute Swan,12,1,Dec_W1,0.3,60.0
Mute Swan,12,2,Dec_W2,0.1111111,36.0
Mute Swan,12,3,Dec_W3,0.1024096,166.0
Mute Swan,12,4,Dec_W4,0.15,100.0
Trumpeter Swan,1,1,Jan_W1,0.0535714,112.0
Trumpeter Swan,1,2,Jan_W2,0.0106383,94.0
Trumpeter Swan,1,3,Jan_W3,0.0206897,145.0
Trumpeter Swan,1,4,Jan_W4,0.008,125.0
Trumpeter Swan,2,1,Feb_W1,0.0086957,115.0
Trumpeter Swan,2,2,Feb_W2,0.0015,192.0
Trumpeter Swan,2,3,Feb_W3,0.0050761,197.0
Trumpeter Swan,2,4,Feb_W4,0.015873,63.0
Trumpeter Swan,3,1,Mar_W1,0.0172414,58.0
Trumpeter Swan,3,2,Mar_W2,0.0015,55.0
Trumpeter Swan,3,3,Mar_W3,0.0128205,78.0
Trumpeter Swan,3,4,Mar_W4,0.006135,163.0
Trumpeter Swan,4,1,Apr_W1,0.0137931,145.0
Trumpeter Swan,4,2,Apr_W2,0.038961,154.0
Trumpeter Swan,4,3,Apr_W3,0.0318471,157.0
Trumpeter Swan,4,4,Apr_W4,0.030303,330.0
Trumpeter Swan,5,1,May_W1,0.0294118,272.0
Trumpeter Swan,5,2,May_W2,0.0209974,381.0
Trumpeter Swan,5,3,May_W3,0.0160428,561.0
Trumpeter Swan,5,4,May_W4,0.0182556,986.0
Trumpeter Swan,6,1,Jun_W1,0.0149701,668.0
Trumpeter Swan,6,2,Jun_W2,0.0275049,509.0
Trumpeter Swan,6,3,Jun_W3,0.0290237,379.0
Trumpeter Swan,6,4,Jun_W4,0.006689,598.0
Trumpeter Swan,7,1,Jul_W1,0.0110803,361.0
Trumpeter Swan,7,2,Jul_W2,0.00489,409.0
Trumpeter Swan,7,3,Jul_W3,0.0111732,358.0
Trumpeter Swan,7,4,Jul_W4,0.0047733,419.0
Trumpeter Swan,8,1,Aug_W1,0.0038462,260.0
Trumpeter Swan,8,2,Aug_W2,0.0015,303.0
Trumpeter Swan,8,3,Aug_W3,0.0103448,290.0
Trumpeter Swan,8,4,Aug_W4,0.0144144,555.0
Trumpeter Swan,9,1,Sep_W1,0.0098361,305.0
Trumpeter Swan,9,2,Sep_W2,0.0117994,339.0
Trumpeter Swan,9,3,Sep_W3,0.0034483,290.0
Trumpeter Swan,9,4,Sep_W4,0.0140845,426.0
Trumpeter Swan,10,1,Oct_W1,0.0271903,331.0
Trumpeter Swan,10,2,Oct_W2,0.0167364,478.0
Trumpeter Swan,10,3,Oct_W3,0.0602837,282.0
Trumpeter Swan,10,4,Oct_W4,0.0156658,383.0
Trumpeter Swan,11,1,Nov_W1,0.0380435,184.0
Trumpeter Swan,11,2,Nov_W2,0.0294118,136.0
Trumpeter Swan,11,3,Nov_W3,0.0786517,89.0
Trumpeter Swan,11,4,Nov_W4,0.0761905,105.0
Trumpeter Swan,12,1,Dec_W1,0.05,60.0
Trumpeter Swan,12,2,Dec_W2,0.0277778,36.0
Trumpeter Swan,12,3,Dec_W3,0.0120482,166.0
Trumpeter Swan,12,4,Dec_W4,0.02,100.0
Tundra Swan,1,1,Jan_W1,0.0178571,112.0
Tundra Swan,1,2,Jan_W2,0.0,94.0
Tundra Swan,1,3,Jan_W3,0.0206897,145.0
Tundra Swan,1,4,Jan_W4,0.008,125.0
Tundra Swan,2,1,Feb_W1,0.0086957,115.0
Tundra Swan,2,2,Feb_W2,0.0052083,192.0
Tundra Swan,2,3,Feb_W3,0.0050761,197.0
Tundra Swan,2,4,Feb_W4,0.0,63.0
Tundra Swan,3,1,Mar_W1,0.0,58.0
Tundra Swan,3,2,Mar_W2,0.0,55.0
Tundra Swan,3,3,Mar_W3,0.0,78.0
Tundra Swan,3,4,Mar_W4,0.0122699,163.0
Tundra Swan,4,1,Apr_W1,0.0068966,145.0
Tundra Swan,4,2,Apr_W2,0.012987,154.0
Tundra Swan,4,3,Apr_W3,0.0127389,157.0
Tundra Swan,4,4,Apr_W4,0.0242424,330.0
Tundra Swan,5,1,May_W1,0.0073529,272.0
Tundra Swan,5,2,May_W2,0.0026247,381.0
Tundra Swan,5,3,May_W3,0.0015,561.0
Tundra Swan,5,4,May_W4,0.0040568,986.0
Tundra Swan,6,1,Jun_W1,0.004491,668.0
Tundra Swan,6,2,Jun_W2,0.0058939,509.0
Tundra Swan,6,3,Jun_W3,0.0,379.0
Tundra Swan,6,4,Jun_W4,0.0,598.0
Tundra Swan,7,1,Jul_W1,0.0,361.0
Tundra Swan,7,2,Jul_W2,0.0,409.0
Tundra Swan,7,3,Jul_W3,0.0,358.0
Tundra Swan,7,4,Jul_W4,0.0,419.0
Tundra Swan,8,1,Aug_W1,0.0,260.0
Tundra Swan,8,2,Aug_W2,0.0,303.0
Tundra Swan,8,3,Aug_W3,0.0,290.0
Tundra Swan,8,4,Aug_W4,0.0,555.0
Tundra Swan,9,1,Sep_W1,0.0,305.0
Tundra Swan,9,2,Sep_W2,0.0,339.0
Tundra Swan,9,3,Sep_W3,0.0,290.0
Tundra Swan,9,4,Sep_W4,0.0,426.0
Tundra Swan,10,1,Oct_W1,0.0,331.0
Tundra Swan,10,2,Oct_W2,0.0015,478.0
Tundra Swan,10,3,Oct_W3,0.0035461,282.0
Tundra Swan,10,4,Oct_W4,0.0365535,383.0
Tundra Swan,11,1,Nov_W1,0.0978261,184.0
Tundra Swan,11,2,Nov_W2,0.1691176,136.0
Tundra Swan,11,3,Nov_W3,0.1235955,89.0
Tundra Swan,11,4,Nov_W4,0.1333333,105.0
Tundra Swan,12,1,Dec_W1,0.0333333,60.0
Tundra Swan,12,2,Dec_W2,0.0,36.0
Tundra Swan,12,3,Dec_W3,0.0421687,166.0
Tundra Swan,12,4,Dec_W4,0.03,100.0
Wood Duck,1,1,Jan_W1,0.0,112.0
Wood Duck,1,2,Jan_W2,0.0,94.0
Wood Duck,1,3,Jan_W3,0.0,145.0
Wood Duck,1,4,Jan_W4,0.0,125.0
Wood Duck,2,1,Feb_W1,0.0,115.0
Wood Duck,2,2,Feb_W2,0.0,192.0
Wood Duck,2,3,Feb_W3,0.0,197.0
Wood Duck,2,4,Feb_W4,0.0,63.0
Wood Duck,3,1,Mar_W1,0.0,58.0
Wood Duck,3,2,Mar_W2,0.0,55.0
Wood Duck,3,3,Mar_W3,0.0128205,78.0
Wood Duck,3,4,Mar_W4,0.0245399,163.0
Wood Duck,4,1,Apr_W1,0.0689655,145.0
Wood Duck,4,2,Apr_W2,0.0649351,154.0
Wood Duck,4,3,Apr_W3,0.0764331,157.0
Wood Duck,4,4,Apr_W4,0.0484848,330.0
Wood Duck,5,1,May_W1,0.0257353,272.0
Wood Duck,5,2,May_W2,0.023622,381.0
Wood Duck,5,3,May_W3,0.0196078,561.0
Wood Duck,5,4,May_W4,0.0233266,986.0
Wood Duck,6,1,Jun_W1,0.0374251,668.0
Wood Duck,6,2,Jun_W2,0.0294695,509.0
Wood Duck,6,3,Jun_W3,0.0158311,379.0
Wood Duck,6,4,Jun_W4,0.0267559,598.0
Wood Duck,7,1,Jul_W1,0.0166205,361.0
Wood Duck,7,2,Jul_W2,0.0171149,409.0
Wood Duck,7,3,Jul_W3,0.0195531,358.0
Wood Duck,7,4,Jul_W4,0.0381862,419.0
Wood Duck,8,1,Aug_W1,0.0153846,260.0
Wood Duck,8,2,Aug_W2,0.0363036,303.0
Wood Duck,8,3,Aug_W3,0.0275862,290.0
Wood Duck,8,4,Aug_W4,0.0486486,555.0
Wood Duck,9,1,Sep_W1,0.0655738,305.0
Wood Duck,9,2,Sep_W2,0.0294985,339.0
Wood Duck,9,3,Sep_W3,0.0448276,290.0
Wood Duck,9,4,Sep_W4,0.0375587,426.0
Wood Duck,10,1,Oct_W1,0.0090634,331.0
Wood Duck,10,2,Oct_W2,0.0104603,478.0
Wood Duck,10,3,Oct_W3,0.0177305,282.0
Wood Duck,10,4,Oct_W4,0.002611,383.0
Wood Duck,11,1,Nov_W1,0.0054348,184.0
Wood Duck,11,2,Nov_W2,0.0073529,136.0
Wood Duck,11,3,Nov_W3,0.0,89.0
Wood Duck,11,4,Nov_W4,0.0,105.0
Wood Duck,12,1,Dec_W1,0.0,60.0
Wood Duck,12,2,Dec_W2,0.0,36.0
Wood Duck,12,3,Dec_W3,0.0,166.0
Wood Duck,12,4,Dec_W4,0.0,100.0
Blue-winged Teal,1,1,Jan_W1,0.0,112.0
Blue-winged Teal,1,2,Jan_W2,0.0,94.0
Blue-winged Teal,1,3,Jan_W3,0.0,145.0
Blue-winged Teal,1,4,Jan_W4,0.0,125.0
Blue-winged Teal,2,1,Feb_W1,0.0,115.0
Blue-winged Teal,2,2,Feb_W2,0.0,192.0
Blue-winged Teal,2,3,Feb_W3,0.0,197.0
Blue-winged Teal,2,4,Feb_W4,0.0,63.0
Blue-winged Teal,3,1,Mar_W1,0.0,58.0
Blue-winged Teal,3,2,Mar_W2,0.0,55.0
Blue-winged Teal,3,3,Mar_W3,0.0,78.0
Blue-winged Teal,3,4,Mar_W4,0.0,163.0
Blue-winged Teal,4,1,Apr_W1,0.0275862,145.0
Blue-winged Teal,4,2,Apr_W2,0.0194805,154.0
Blue-winged Teal,4,3,Apr_W3,0.089172,157.0
Blue-winged Teal,4,4,Apr_W4,0.0939394,330.0
Blue-winged Teal,5,1,May_W1,0.0992647,272.0
Blue-winged Teal,5,2,May_W2,0.0446194,381.0
Blue-winged Teal,5,3,May_W3,0.030303,561.0
Blue-winged Teal,5,4,May_W4,0.0314402,986.0
Blue-winged Teal,6,1,Jun_W1,0.0209581,668.0
Blue-winged Teal,6,2,Jun_W2,0.0117878,509.0
Blue-winged Teal,6,3,Jun_W3,0.005277,379.0
Blue-winged Teal,6,4,Jun_W4,0.0016722,598.0
Blue-winged Teal,7,1,Jul_W1,0.0055402,361.0
Blue-winged Teal,7,2,Jul_W2,0.002445,409.0
Blue-winged Teal,7,3,Jul_W3,0.0,358.0
Blue-winged Teal,7,4,Jul_W4,0.0047733,419.0
Blue-winged Teal,8,1,Aug_W1,0.0038462,260.0
Blue-winged Teal,8,2,Aug_W2,0.0066007,303.0
Blue-winged Teal,8,3,Aug_W3,0.0275862,290.0
Blue-winged Teal,8,4,Aug_W4,0.0468468,555.0
Blue-winged Teal,9,1,Sep_W1,0.0885246,305.0
Blue-winged Teal,9,2,Sep_W2,0.0589971,339.0
Blue-winged Teal,9,3,Sep_W3,0.0448276,290.0
Blue-winged Teal,9,4,Sep_W4,0.0352113,426.0
Blue-winged Teal,10,1,Oct_W1,0.0090634,331.0
Blue-winged Teal,10,2,Oct_W2,0.0062762,478.0
Blue-winged Teal,10,3,Oct_W3,0.0106383,282.0
Blue-winged Teal,10,4,Oct_W4,0.0052219,383.0
Blue-winged Teal,11,1,Nov_W1,0.0015,184.0
Blue-winged Teal,11,2,Nov_W2,0.0,136.0
Blue-winged Teal,11,3,Nov_W3,0.0,89.0
Blue-winged Teal,11,4,Nov_W4,0.0,105.0
Blue-winged Teal,12,1,Dec_W1,0.0,60.0
Blue-winged Teal,12,2,Dec_W2,0.0,36.0
Blue-winged Teal,12,3,Dec_W3,0.0,166.0
Blue-winged Teal,12,4,Dec_W4,0.0,100.0
Northern Shoveler,1,1,Jan_W1,0.0,112.0
Northern Shoveler,1,2,Jan_W2,0.0,94.0
Northern Shoveler,1,3,Jan_W3,0.0,145.0
Northern Shoveler,1,4,Jan_W4,0.0,125.0
Northern Shoveler,2,1,Feb_W1,0.0,115.0
Northern Shoveler,2,2,Feb_W2,0.0,192.0
Northern Shoveler,2,3,Feb_W3,0.0,197.0
Northern Shoveler,2,4,Feb_W4,0.0,63.0
Northern Shoveler,3,1,Mar_W1,0.0,58.0
Northern Shoveler,3,2,Mar_W2,0.0,55.0
Northern Shoveler,3,3,Mar_W3,0.0,78.0
Northern Shoveler,3,4,Mar_W4,0.0122699,163.0
Northern Shoveler,4,1,Apr_W1,0.0137931,145.0
Northern Shoveler,4,2,Apr_W2,0.0454545,154.0
Northern Shoveler,4,3,Apr_W3,0.0509554,157.0
Northern Shoveler,4,4,Apr_W4,0.0666667,330.0
Northern Shoveler,5,1,May_W1,0.0625,272.0
Northern Shoveler,5,2,May_W2,0.0183727,381.0
Northern Shoveler,5,3,May_W3,0.0178253,561.0
Northern Shoveler,5,4,May_W4,0.0070994,986.0
Northern Shoveler,6,1,Jun_W1,0.004491,668.0
Northern Shoveler,6,2,Jun_W2,0.0078585,509.0
Northern Shoveler,6,3,Jun_W3,0.0,379.0
Northern Shoveler,6,4,Jun_W4,0.0016722,598.0
Northern Shoveler,7,1,Jul_W1,0.0015,361.0
Northern Shoveler,7,2,Jul_W2,0.0,409.0
Northern Shoveler,7,3,Jul_W3,0.0027933,358.0
Northern Shoveler,7,4,Jul_W4,0.0,419.0
Northern Shoveler,8,1,Aug_W1,0.0,260.0
Northern Shoveler,8,2,Aug_W2,0.0033003,303.0
Northern Shoveler,8,3,Aug_W3,0.0,290.0
Northern Shoveler,8,4,Aug_W4,0.0054054,555.0
Northern Shoveler,9,1,Sep_W1,0.0065574,305.0
Northern Shoveler,9,2,Sep_W2,0.0058997,339.0
Northern Shoveler,9,3,Sep_W3,0.0275862,290.0
Northern Shoveler,9,4,Sep_W4,0.0234742,426.0
Northern Shoveler,10,1,Oct_W1,0.0060423,331.0
Northern Shoveler,10,2,Oct_W2,0.0041841,478.0
Northern Shoveler,10,3,Oct_W3,0.0106383,282.0
Northern Shoveler,10,4,Oct_W4,0.0,383.0
Northern Shoveler,11,1,Nov_W1,0.0,184.0
Northern Shoveler,11,2,Nov_W2,0.0,136.0
Northern Shoveler,11,3,Nov_W3,0.011236,89.0
Northern Shoveler,11,4,Nov_W4,0.0,105.0
Northern Shoveler,12,1,Dec_W1,0.0,60.0
Northern Shoveler,12,2,Dec_W2,0.0,36.0
Northern Shoveler,12,3,Dec_W3,0.0,166.0
Northern Shoveler,12,4,Dec_W4,0.0,100.0
Gadwall,1,1,Jan_W1,0.0015,112.0
Gadwall,1,2,Jan_W2,0.0212766,94.0
Gadwall,1,3,Jan_W3,0.0,145.0
Gadwall,1,4,Jan_W4,0.0,125.0
Gadwall,2,1,Feb_W1,0.0,115.0
Gadwall,2,2,Feb_W2,0.0,192.0
Gadwall,2,3,Feb_W3,0.0,197.0
Gadwall,2,4,Feb_W4,0.0,63.0
Gadwall,3,1,Mar_W1,0.0172414,58.0
Gadwall,3,2,Mar_W2,0.0,55.0
Gadwall,3,3,Mar_W3,0.0,78.0
Gadwall,3,4,Mar_W4,0.0122699,163.0
Gadwall,4,1,Apr_W1,0.0,145.0
Gadwall,4,2,Apr_W2,0.0454545,154.0
Gadwall,4,3,Apr_W3,0.0955414,157.0
Gadwall,4,4,Apr_W4,0.0909091,330.0
Gadwall,5,1,May_W1,0.0698529,272.0
Gadwall,5,2,May_W2,0.0472441,381.0
Gadwall,5,3,May_W3,0.0320856,561.0
Gadwall,5,4,May_W4,0.0334686,986.0
Gadwall,6,1,Jun_W1,0.0329341,668.0
Gadwall,6,2,Jun_W2,0.0196464,509.0
Gadwall,6,3,Jun_W3,0.0184697,379.0
Gadwall,6,4,Jun_W4,0.0050167,598.0
Gadwall,7,1,Jul_W1,0.0055402,361.0
Gadwall,7,2,Jul_W2,0.007335,409.0
Gadwall,7,3,Jul_W3,0.0,358.0
Gadwall,7,4,Jul_W4,0.0023866,419.0
Gadwall,8,1,Aug_W1,0.0076923,260.0
Gadwall,8,2,Aug_W2,0.0033003,303.0
Gadwall,8,3,Aug_W3,0.0034483,290.0
Gadwall,8,4,Aug_W4,0.0198198,555.0
Gadwall,9,1,Sep_W1,0.0262295,305.0
Gadwall,9,2,Sep_W2,0.0088496,339.0
Gadwall,9,3,Sep_W3,0.0344828,290.0
Gadwall,9,4,Sep_W4,0.0586854,426.0
Gadwall,10,1,Oct_W1,0.0513595,331.0
Gadwall,10,2,Oct_W2,0.0313808,478.0
Gadwall,10,3,Oct_W3,0.0496454,282.0
Gadwall,10,4,Oct_W4,0.075718,383.0
Gadwall,11,1,Nov_W1,0.0271739,184.0
Gadwall,11,2,Nov_W2,0.0147059,136.0
Gadwall,11,3,Nov_W3,0.0337079,89.0
Gadwall,11,4,Nov_W4,0.0095238,105.0
Gadwall,12,1,Dec_W1,0.05,60.0
Gadwall,12,2,Dec_W2,0.0,36.0
Gadwall,12,3,Dec_W3,0.0060241,166.0
Gadwall,12,4,Dec_W4,0.0015,100.0
Eurasian Wigeon,1,1,Jan_W1,0.0,112.0
Eurasian Wigeon,1,2,Jan_W2,0.0,94.0
Eurasian Wigeon,1,3,Jan_W3,0.0,145.0
Eurasian Wigeon,1,4,Jan_W4,0.0,125.0
Eurasian Wigeon,2,1,Feb_W1,0.0,115.0
Eurasian Wigeon,2,2,Feb_W2,0.0,192.0
Eurasian Wigeon,2,3,Feb_W3,0.0,197.0
Eurasian Wigeon,2,4,Feb_W4,0.0,63.0
Eurasian Wigeon,3,1,Mar_W1,0.0,58.0
Eurasian Wigeon,3,2,Mar_W2,0.0,55.0
Eurasian Wigeon,3,3,Mar_W3,0.0,78.0
Eurasian Wigeon,3,4,Mar_W4,0.0,163.0
Eurasian Wigeon,4,1,Apr_W1,0.0,145.0
Eurasian Wigeon,4,2,Apr_W2,0.0,154.0
Eurasian Wigeon,4,3,Apr_W3,0.0,157.0
Eurasian Wigeon,4,4,Apr_W4,0.0015,330.0
Eurasian Wigeon,5,1,May_W1,0.0110294,272.0
Eurasian Wigeon,5,2,May_W2,0.0026247,381.0
Eurasian Wigeon,5,3,May_W3,0.0,561.0
Eurasian Wigeon,5,4,May_W4,0.0,986.0
Eurasian Wigeon,6,1,Jun_W1,0.0,668.0
Eurasian Wigeon,6,2,Jun_W2,0.0,509.0
Eurasian Wigeon,6,3,Jun_W3,0.0,379.0
Eurasian Wigeon,6,4,Jun_W4,0.0,598.0
Eurasian Wigeon,7,1,Jul_W1,0.0,361.0
Eurasian Wigeon,7,2,Jul_W2,0.0,409.0
Eurasian Wigeon,7,3,Jul_W3,0.0,358.0
Eurasian Wigeon,7,4,Jul_W4,0.0,419.0
Eurasian Wigeon,8,1,Aug_W1,0.0,260.0
Eurasian Wigeon,8,2,Aug_W2,0.0,303.0
Eurasian Wigeon,8,3,Aug_W3,0.0,290.0
Eurasian Wigeon,8,4,Aug_W4,0.0,555.0
Eurasian Wigeon,9,1,Sep_W1,0.0,305.0
Eurasian Wigeon,9,2,Sep_W2,0.0,339.0
Eurasian Wigeon,9,3,Sep_W3,0.0,290.0
Eurasian Wigeon,9,4,Sep_W4,0.0,426.0
Eurasian Wigeon,10,1,Oct_W1,0.0,331.0
Eurasian Wigeon,10,2,Oct_W2,0.0,478.0
Eurasian Wigeon,10,3,Oct_W3,0.0,282.0
Eurasian Wigeon,10,4,Oct_W4,0.0,383.0
Eurasian Wigeon,11,1,Nov_W1,0.0,184.0
Eurasian Wigeon,11,2,Nov_W2,0.0,136.0
Eurasian Wigeon,11,3,Nov_W3,0.0,89.0
Eurasian Wigeon,11,4,Nov_W4,0.0,105.0
Eurasian Wigeon,12,1,Dec_W1,0.0,60.0
Eurasian Wigeon,12,2,Dec_W2,0.0,36.0
Eurasian Wigeon,12,3,Dec_W3,0.0,166.0
Eurasian Wigeon,12,4,Dec_W4,0.0,100.0
American Wigeon,1,1,Jan_W1,0.0,112.0
American Wigeon,1,2,Jan_W2,0.0,94.0
American Wigeon,1,3,Jan_W3,0.0,145.0
American Wigeon,1,4,Jan_W4,0.0,125.0
American Wigeon,2,1,Feb_W1,0.0,115.0
American Wigeon,2,2,Feb_W2,0.0,192.0
American Wigeon,2,3,Feb_W3,0.0,197.0
American Wigeon,2,4,Feb_W4,0.0,63.0
American Wigeon,3,1,Mar_W1,0.0172414,58.0
American Wigeon,3,2,Mar_W2,0.0,55.0
American Wigeon,3,3,Mar_W3,0.0,78.0
American Wigeon,3,4,Mar_W4,0.0306748,163.0
American Wigeon,4,1,Apr_W1,0.0551724,145.0
American Wigeon,4,2,Apr_W2,0.1168831,154.0
American Wigeon,4,3,Apr_W3,0.1210191,157.0
American Wigeon,4,4,Apr_W4,0.1666667,330.0
American Wigeon,5,1,May_W1,0.1176471,272.0
American Wigeon,5,2,May_W2,0.0446194,381.0
American Wigeon,5,3,May_W3,0.0516934,561.0
American Wigeon,5,4,May_W4,0.0476673,986.0
American Wigeon,6,1,Jun_W1,0.0299401,668.0
American Wigeon,6,2,Jun_W2,0.0235756,509.0
American Wigeon,6,3,Jun_W3,0.0158311,379.0
American Wigeon,6,4,Jun_W4,0.0016722,598.0
American Wigeon,7,1,Jul_W1,0.0,361.0
American Wigeon,7,2,Jul_W2,0.002445,409.0
American Wigeon,7,3,Jul_W3,0.0027933,358.0
American Wigeon,7,4,Jul_W4,0.0071599,419.0
American Wigeon,8,1,Aug_W1,0.0015,260.0
American Wigeon,8,2,Aug_W2,0.0,303.0
American Wigeon,8,3,Aug_W3,0.0,290.0
American Wigeon,8,4,Aug_W4,0.027027,555.0
American Wigeon,9,1,Sep_W1,0.0163934,305.0
American Wigeon,9,2,Sep_W2,0.0176991,339.0
American Wigeon,9,3,Sep_W3,0.0482759,290.0
American Wigeon,9,4,Sep_W4,0.0586854,426.0
American Wigeon,10,1,Oct_W1,0.060423,331.0
American Wigeon,10,2,Oct_W2,0.0334728,478.0
American Wigeon,10,3,Oct_W3,0.0602837,282.0
American Wigeon,10,4,Oct_W4,0.0548303,383.0
American Wigeon,11,1,Nov_W1,0.048913,184.0
American Wigeon,11,2,Nov_W2,0.0073529,136.0
American Wigeon,11,3,Nov_W3,0.0,89.0
American Wigeon,11,4,Nov_W4,0.0,105.0
American Wigeon,12,1,Dec_W1,0.0,60.0
American Wigeon,12,2,Dec_W2,0.0,36.0
American Wigeon,12,3,Dec_W3,0.0,166.0
American Wigeon,12,4,Dec_W4,0.0,100.0
Mallard,1,1,Jan_W1,0.1339286,112.0
Mallard,1,2,Jan_W2,0.1382979,94.0
Mallard,1,3,Jan_W3,0.1310345,145.0
Mallard,1,4,Jan_W4,0.04,125.0
Mallard,2,1,Feb_W1,0.0521739,115.0
Mallard,2,2,Feb_W2,0.015625,192.0
Mallard,2,3,Feb_W3,0.0812183,197.0
Mallard,2,4,Feb_W4,0.0793651,63.0
Mallard,3,1,Mar_W1,0.0344828,58.0
Mallard,3,2,Mar_W2,0.1454545,55.0
Mallard,3,3,Mar_W3,0.1923077,78.0
Mallard,3,4,Mar_W4,0.4355828,163.0
Mallard,4,1,Apr_W1,0.3724138,145.0
Mallard,4,2,Apr_W2,0.4350649,154.0
Mallard,4,3,Apr_W3,0.5477707,157.0
Mallard,4,4,Apr_W4,0.530303,330.0
Mallard,5,1,May_W1,0.4779412,272.0
Mallard,5,2,May_W2,0.3490814,381.0
Mallard,5,3,May_W3,0.3404635,561.0
Mallard,5,4,May_W4,0.3975659,986.0
Mallard,6,1,Jun_W1,0.3907186,668.0
Mallard,6,2,Jun_W2,0.3320236,509.0
Mallard,6,3,Jun_W3,0.3034301,379.0
Mallard,6,4,Jun_W4,0.2073579,598.0
Mallard,7,1,Jul_W1,0.1828255,361.0
Mallard,7,2,Jul_W2,0.2591687,409.0
Mallard,7,3,Jul_W3,0.2430168,358.0
Mallard,7,4,Jul_W4,0.3054893,419.0
Mallard,8,1,Aug_W1,0.2461538,260.0
Mallard,8,2,Aug_W2,0.2673267,303.0
Mallard,8,3,Aug_W3,0.2724138,290.0
Mallard,8,4,Aug_W4,0.4,555.0
Mallard,9,1,Sep_W1,0.3540984,305.0
Mallard,9,2,Sep_W2,0.3834808,339.0
Mallard,9,3,Sep_W3,0.4827586,290.0
Mallard,9,4,Sep_W4,0.3755869,426.0
Mallard,10,1,Oct_W1,0.3172205,331.0
Mallard,10,2,Oct_W2,0.3284519,478.0
Mallard,10,3,Oct_W3,0.3971631,282.0
Mallard,10,4,Oct_W4,0.3603133,383.0
Mallard,11,1,Nov_W1,0.423913,184.0
Mallard,11,2,Nov_W2,0.375,136.0
Mallard,11,3,Nov_W3,0.2696629,89.0
Mallard,11,4,Nov_W4,0.3333333,105.0
Mallard,12,1,Dec_W1,0.3166667,60.0
Mallard,12,2,Dec_W2,0.3333333,36.0
Mallard,12,3,Dec_W3,0.2349398,166.0
Mallard,12,4,Dec_W4,0.13,100.0
American Black Duck,1,1,Jan_W1,0.0015,112.0
American Black Duck,1,2,Jan_W2,0.0319149,94.0
American Black Duck,1,3,Jan_W3,0.0344828,145.0
American Black Duck,1,4,Jan_W4,0.008,125.0
American Black Duck,2,1,Feb_W1,0.0173913,115.0
American Black Duck,2,2,Feb_W2,0.0015,192.0
American Black Duck,2,3,Feb_W3,0.0101523,197.0
American Black Duck,2,4,Feb_W4,0.0,63.0
American Black Duck,3,1,Mar_W1,0.0172414,58.0
American Black Duck,3,2,Mar_W2,0.0,55.0
American Black Duck,3,3,Mar_W3,0.025641,78.0
American Black Duck,3,4,Mar_W4,0.0981595,163.0
American Black Duck,4,1,Apr_W1,0.1034483,145.0
American Black Duck,4,2,Apr_W2,0.1298701,154.0
American Black Duck,4,3,Apr_W3,0.0636943,157.0
American Black Duck,4,4,Apr_W4,0.0666667,330.0
American Black Duck,5,1,May_W1,0.0147059,272.0
American Black Duck,5,2,May_W2,0.015748,381.0
American Black Duck,5,3,May_W3,0.0106952,561.0
American Black Duck,5,4,May_W4,0.020284,986.0
American Black Duck,6,1,Jun_W1,0.008982,668.0
American Black Duck,6,2,Jun_W2,0.0157171,509.0
American Black Duck,6,3,Jun_W3,0.0079156,379.0
American Black Duck,6,4,Jun_W4,0.0083612,598.0
American Black Duck,7,1,Jul_W1,0.0055402,361.0
American Black Duck,7,2,Jul_W2,0.00978,409.0
American Black Duck,7,3,Jul_W3,0.027933,358.0
American Black Duck,7,4,Jul_W4,0.0214797,419.0
American Black Duck,8,1,Aug_W1,0.0269231,260.0
American Black Duck,8,2,Aug_W2,0.0264026,303.0
American Black Duck,8,3,Aug_W3,0.0310345,290.0
American Black Duck,8,4,Aug_W4,0.0252252,555.0
American Black Duck,9,1,Sep_W1,0.0295082,305.0
American Black Duck,9,2,Sep_W2,0.0294985,339.0
American Black Duck,9,3,Sep_W3,0.037931,290.0
American Black Duck,9,4,Sep_W4,0.0469484,426.0
American Black Duck,10,1,Oct_W1,0.060423,331.0
American Black Duck,10,2,Oct_W2,0.0627615,478.0
American Black Duck,10,3,Oct_W3,0.0425532,282.0
American Black Duck,10,4,Oct_W4,0.0835509,383.0
American Black Duck,11,1,Nov_W1,0.0869565,184.0
American Black Duck,11,2,Nov_W2,0.0735294,136.0
American Black Duck,11,3,Nov_W3,0.1011236,89.0
American Black Duck,11,4,Nov_W4,0.0666667,105.0
American Black Duck,12,1,Dec_W1,0.0833333,60.0
American Black Duck,12,2,Dec_W2,0.0833333,36.0
American Black Duck,12,3,Dec_W3,0.0843373,166.0
American Black Duck,12,4,Dec_W4,0.0,100.0
Northern Pintail,1,1,Jan_W1,0.0,112.0
Northern Pintail,1,2,Jan_W2,0.0106383,94.0
Northern Pintail,1,3,Jan_W3,0.0,145.0
Northern Pintail,1,4,Jan_W4,0.0,125.0
Northern Pintail,2,1,Feb_W1,0.0,115.0
Northern Pintail,2,2,Feb_W2,0.0,192.0
Northern Pintail,2,3,Feb_W3,0.0,197.0
Northern Pintail,2,4,Feb_W4,0.0,63.0
Northern Pintail,3,1,Mar_W1,0.0,58.0
Northern Pintail,3,2,Mar_W2,0.0,55.0
Northern Pintail,3,3,Mar_W3,0.0128205,78.0
Northern Pintail,3,4,Mar_W4,0.0368098,163.0
Northern Pintail,4,1,Apr_W1,0.0551724,145.0
Northern Pintail,4,2,Apr_W2,0.0909091,154.0
Northern Pintail,4,3,Apr_W3,0.1210191,157.0
Northern Pintail,4,4,Apr_W4,0.0787879,330.0
Northern Pintail,5,1,May_W1,0.0661765,272.0
Northern Pintail,5,2,May_W2,0.0131234,381.0
Northern Pintail,5,3,May_W3,0.0017825,561.0
Northern Pintail,5,4,May_W4,0.0020284,986.0
Northern Pintail,6,1,Jun_W1,0.0,668.0
Northern Pintail,6,2,Jun_W2,0.0,509.0
Northern Pintail,6,3,Jun_W3,0.0,379.0
Northern Pintail,6,4,Jun_W4,0.0016722,598.0
Northern Pintail,7,1,Jul_W1,0.0,361.0
Northern Pintail,7,2,Jul_W2,0.0,409.0
Northern Pintail,7,3,Jul_W3,0.0,358.0
Northern Pintail,7,4,Jul_W4,0.0,419.0
Northern Pintail,8,1,Aug_W1,0.0,260.0
Northern Pintail,8,2,Aug_W2,0.0,303.0
Northern Pintail,8,3,Aug_W3,0.0068966,290.0
Northern Pintail,8,4,Aug_W4,0.0036036,555.0
Northern Pintail,9,1,Sep_W1,0.0098361,305.0
Northern Pintail,9,2,Sep_W2,0.0088496,339.0
Northern Pintail,9,3,Sep_W3,0.062069,290.0
Northern Pintail,9,4,Sep_W4,0.0469484,426.0
Northern Pintail,10,1,Oct_W1,0.0302115,331.0
Northern Pintail,10,2,Oct_W2,0.0209205,478.0
Northern Pintail,10,3,Oct_W3,0.0177305,282.0
Northern Pintail,10,4,Oct_W4,0.002611,383.0
Northern Pintail,11,1,Nov_W1,0.0,184.0
Northern Pintail,11,2,Nov_W2,0.0073529,136.0
Northern Pintail,11,3,Nov_W3,0.0,89.0
Northern Pintail,11,4,Nov_W4,0.0,105.0
Northern Pintail,12,1,Dec_W1,0.0,60.0
Northern Pintail,12,2,Dec_W2,0.0,36.0
Northern Pintail,12,3,Dec_W3,0.0,166.0
Northern Pintail,12,4,Dec_W4,0.0,100.0
Green-winged Teal,1,1,Jan_W1,0.0,112.0
Green-winged Teal,1,2,Jan_W2,0.0,94.0
Green-winged Teal,1,3,Jan_W3,0.0,145.0
Green-winged Teal,1,4,Jan_W4,0.0,125.0
Green-winged Teal,2,1,Feb_W1,0.0,115.0
Green-winged Teal,2,2,Feb_W2,0.0,192.0
Green-winged Teal,2,3,Feb_W3,0.0,197.0
Green-winged Teal,2,4,Feb_W4,0.0,63.0
Green-winged Teal,3,1,Mar_W1,0.0,58.0
Green-winged Teal,3,2,Mar_W2,0.0,55.0
Green-winged Teal,3,3,Mar_W3,0.0,78.0
Green-winged Teal,3,4,Mar_W4,0.0,163.0
Green-winged Teal,4,1,Apr_W1,0.0137931,145.0
Green-winged Teal,4,2,Apr_W2,0.0714286,154.0
Green-winged Teal,4,3,Apr_W3,0.1528662,157.0
Green-winged Teal,4,4,Apr_W4,0.1151515,330.0
Green-winged Teal,5,1,May_W1,0.1102941,272.0
Green-winged Teal,5,2,May_W2,0.0367454,381.0
Green-winged Teal,5,3,May_W3,0.0213904,561.0
Green-winged Teal,5,4,May_W4,0.005071,986.0
Green-winged Teal,6,1,Jun_W1,0.0134731,668.0
Green-winged Teal,6,2,Jun_W2,0.0078585,509.0
Green-winged Teal,6,3,Jun_W3,0.0026385,379.0
Green-winged Teal,6,4,Jun_W4,0.0,598.0
Green-winged Teal,7,1,Jul_W1,0.0,361.0
Green-winged Teal,7,2,Jul_W2,0.002445,409.0
Green-winged Teal,7,3,Jul_W3,0.0055866,358.0
Green-winged Teal,7,4,Jul_W4,0.0023866,419.0
Green-winged Teal,8,1,Aug_W1,0.0076923,260.0
Green-winged Teal,8,2,Aug_W2,0.0015,303.0
Green-winged Teal,8,3,Aug_W3,0.0310345,290.0
Green-winged Teal,8,4,Aug_W4,0.045045,555.0
Green-winged Teal,9,1,Sep_W1,0.0262295,305.0
Green-winged Teal,9,2,Sep_W2,0.0383481,339.0
Green-winged Teal,9,3,Sep_W3,0.062069,290.0
Green-winged Teal,9,4,Sep_W4,0.0610329,426.0
Green-winged Teal,10,1,Oct_W1,0.0332326,331.0
Green-winged Teal,10,2,Oct_W2,0.0230126,478.0
Green-winged Teal,10,3,Oct_W3,0.0957447,282.0
Green-winged Teal,10,4,Oct_W4,0.0496084,383.0
Green-winged Teal,11,1,Nov_W1,0.0326087,184.0
Green-winged Teal,11,2,Nov_W2,0.0073529,136.0
Green-winged Teal,11,3,Nov_W3,0.011236,89.0
Green-winged Teal,11,4,Nov_W4,0.0,105.0
Green-winged Teal,12,1,Dec_W1,0.0,60.0
Green-winged Teal,12,2,Dec_W2,0.0,36.0
Green-winged Teal,12,3,Dec_W3,0.0,166.0
Green-winged Teal,12,4,Dec_W4,0.0,100.0
Canvasback,1,1,Jan_W1,0.0089286,112.0
Canvasback,1,2,Jan_W2,0.0106383,94.0
Canvasback,1,3,Jan_W3,0.0,145.0
Canvasback,1,4,Jan_W4,0.0015,125.0
Canvasback,2,1,Feb_W1,0.0,115.0
Canvasback,2,2,Feb_W2,0.0,192.0
Canvasback,2,3,Feb_W3,0.0,197.0
Canvasback,2,4,Feb_W4,0.0,63.0
Canvasback,3,1,Mar_W1,0.0,58.0
Canvasback,3,2,Mar_W2,0.0,55.0
Canvasback,3,3,Mar_W3,0.0,78.0
Canvasback,3,4,Mar_W4,0.0122699,163.0
Canvasback,4,1,Apr_W1,0.0413793,145.0
Canvasback,4,2,Apr_W2,0.0584416,154.0
Canvasback,4,3,Apr_W3,0.044586,157.0
Canvasback,4,4,Apr_W4,0.0818182,330.0
Canvasback,5,1,May_W1,0.0514706,272.0
Canvasback,5,2,May_W2,0.0367454,381.0
Canvasback,5,3,May_W3,0.0285205,561.0
Canvasback,5,4,May_W4,0.0223124,986.0
Canvasback,6,1,Jun_W1,0.005988,668.0
Canvasback,6,2,Jun_W2,0.0039293,509.0
Canvasback,6,3,Jun_W3,0.0079156,379.0
Canvasback,6,4,Jun_W4,0.0015,598.0
Canvasback,7,1,Jul_W1,0.0,361.0
Canvasback,7,2,Jul_W2,0.0,409.0
Canvasback,7,3,Jul_W3,0.0,358.0
Canvasback,7,4,Jul_W4,0.0,419.0
Canvasback,8,1,Aug_W1,0.0076923,260.0
Canvasback,8,2,Aug_W2,0.0066007,303.0
Canvasback,8,3,Aug_W3,0.0,290.0
Canvasback,8,4,Aug_W4,0.0144144,555.0
Canvasback,9,1,Sep_W1,0.0163934,305.0
Canvasback,9,2,Sep_W2,0.0117994,339.0
Canvasback,9,3,Sep_W3,0.0172414,290.0
Canvasback,9,4,Sep_W4,0.0023474,426.0
Canvasback,10,1,Oct_W1,0.0060423,331.0
Canvasback,10,2,Oct_W2,0.0104603,478.0
Canvasback,10,3,Oct_W3,0.0070922,282.0
Canvasback,10,4,Oct_W4,0.0313316,383.0
Canvasback,11,1,Nov_W1,0.0163043,184.0
Canvasback,11,2,Nov_W2,0.0294118,136.0
Canvasback,11,3,Nov_W3,0.0224719,89.0
Canvasback,11,4,Nov_W4,0.0,105.0
Canvasback,12,1,Dec_W1,0.0333333,60.0
Canvasback,12,2,Dec_W2,0.0,36.0
Canvasback,12,3,Dec_W3,0.0015,166.0
Canvasback,12,4,Dec_W4,0.0,100.0
Redhead,1,1,Jan_W1,0.125,112.0
Redhead,1,2,Jan_W2,0.1276596,94.0
Redhead,1,3,Jan_W3,0.1172414,145.0
Redhead,1,4,Jan_W4,0.072,125.0
Redhead,2,1,Feb_W1,0.026087,115.0
Redhead,2,2,Feb_W2,0.0208333,192.0
Redhead,2,3,Feb_W3,0.0101523,197.0
Redhead,2,4,Feb_W4,0.0,63.0
Redhead,3,1,Mar_W1,0.0172414,58.0
Redhead,3,2,Mar_W2,0.0545455,55.0
Redhead,3,3,Mar_W3,0.2051282,78.0
Redhead,3,4,Mar_W4,0.3312883,163.0
Redhead,4,1,Apr_W1,0.2275862,145.0
Redhead,4,2,Apr_W2,0.2077922,154.0
Redhead,4,3,Apr_W3,0.1974522,157.0
Redhead,4,4,Apr_W4,0.2212121,330.0
Redhead,5,1,May_W1,0.1360294,272.0
Redhead,5,2,May_W2,0.0944882,381.0
Redhead,5,3,May_W3,0.0427807,561.0
Redhead,5,4,May_W4,0.015213,986.0
Redhead,6,1,Jun_W1,0.0149701,668.0
Redhead,6,2,Jun_W2,0.0058939,509.0
Redhead,6,3,Jun_W3,0.005277,379.0
Redhead,6,4,Jun_W4,0.0,598.0
Redhead,7,1,Jul_W1,0.0027701,361.0
Redhead,7,2,Jul_W2,0.002445,409.0
Redhead,7,3,Jul_W3,0.0055866,358.0
Redhead,7,4,Jul_W4,0.0071599,419.0
Redhead,8,1,Aug_W1,0.0115385,260.0
Redhead,8,2,Aug_W2,0.009901,303.0
Redhead,8,3,Aug_W3,0.0310345,290.0
Redhead,8,4,Aug_W4,0.0342342,555.0
Redhead,9,1,Sep_W1,0.0622951,305.0
Redhead,9,2,Sep_W2,0.0530973,339.0
Redhead,9,3,Sep_W3,0.1586207,290.0
Redhead,9,4,Sep_W4,0.2112676,426.0
Redhead,10,1,Oct_W1,0.244713,331.0
Redhead,10,2,Oct_W2,0.2615063,478.0
Redhead,10,3,Oct_W3,0.3687943,282.0
Redhead,10,4,Oct_W4,0.4412533,383.0
Redhead,11,1,Nov_W1,0.4782609,184.0
Redhead,11,2,Nov_W2,0.4191176,136.0
Redhead,11,3,Nov_W3,0.2808989,89.0
Redhead,11,4,Nov_W4,0.2666667,105.0
Redhead,12,1,Dec_W1,0.25,60.0
Redhead,12,2,Dec_W2,0.1388889,36.0
Redhead,12,3,Dec_W3,0.1927711,166.0
Redhead,12,4,Dec_W4,0.14,100.0
Ring-necked Duck,1,1,Jan_W1,0.0,112.0
Ring-necked Duck,1,2,Jan_W2,0.0,94.0
Ring-necked Duck,1,3,Jan_W3,0.0,145.0
Ring-necked Duck,1,4,Jan_W4,0.0,125.0
Ring-necked Duck,2,1,Feb_W1,0.0,115.0
Ring-necked Duck,2,2,Feb_W2,0.0,192.0
Ring-necked Duck,2,3,Feb_W3,0.0,197.0
Ring-necked Duck,2,4,Feb_W4,0.0,63.0
Ring-necked Duck,3,1,Mar_W1,0.0,58.0
Ring-necked Duck,3,2,Mar_W2,0.0015,55.0
Ring-necked Duck,3,3,Mar_W3,0.0128205,78.0
Ring-necked Duck,3,4,Mar_W4,0.1042945,163.0
Ring-necked Duck,4,1,Apr_W1,0.0344828,145.0
Ring-necked Duck,4,2,Apr_W2,0.1168831,154.0
Ring-necked Duck,4,3,Apr_W3,0.1210191,157.0
Ring-necked Duck,4,4,Apr_W4,0.1606061,330.0
Ring-necked Duck,5,1,May_W1,0.0919118,272.0
Ring-necked Duck,5,2,May_W2,0.0577428,381.0
Ring-necked Duck,5,3,May_W3,0.0285205,561.0
Ring-necked Duck,5,4,May_W4,0.0243408,986.0
Ring-necked Duck,6,1,Jun_W1,0.0329341,668.0
Ring-necked Duck,6,2,Jun_W2,0.0137525,509.0
Ring-necked Duck,6,3,Jun_W3,0.0184697,379.0
Ring-necked Duck,6,4,Jun_W4,0.0083612,598.0
Ring-necked Duck,7,1,Jul_W1,0.0055402,361.0
Ring-necked Duck,7,2,Jul_W2,0.00489,409.0
Ring-necked Duck,7,3,Jul_W3,0.0055866,358.0
Ring-necked Duck,7,4,Jul_W4,0.0119332,419.0
Ring-necked Duck,8,1,Aug_W1,0.0076923,260.0
Ring-necked Duck,8,2,Aug_W2,0.0033003,303.0
Ring-necked Duck,8,3,Aug_W3,0.0034483,290.0
Ring-necked Duck,8,4,Aug_W4,0.018018,555.0
Ring-necked Duck,9,1,Sep_W1,0.0032787,305.0
Ring-necked Duck,9,2,Sep_W2,0.0,339.0
Ring-necked Duck,9,3,Sep_W3,0.0068966,290.0
Ring-necked Duck,9,4,Sep_W4,0.0258216,426.0
Ring-necked Duck,10,1,Oct_W1,0.0151057,331.0
Ring-necked Duck,10,2,Oct_W2,0.0292887,478.0
Ring-necked Duck,10,3,Oct_W3,0.0177305,282.0
Ring-necked Duck,10,4,Oct_W4,0.0234987,383.0
Ring-necked Duck,11,1,Nov_W1,0.0326087,184.0
Ring-necked Duck,11,2,Nov_W2,0.0147059,136.0
Ring-necked Duck,11,3,Nov_W3,0.0,89.0
Ring-necked Duck,11,4,Nov_W4,0.0095238,105.0
Ring-necked Duck,12,1,Dec_W1,0.0,60.0
Ring-necked Duck,12,2,Dec_W2,0.0,36.0
Ring-necked Duck,12,3,Dec_W3,0.0060241,166.0
Ring-necked Duck,12,4,Dec_W4,0.01,100.0
Greater Scaup,1,1,Jan_W1,0.0,112.0
Greater Scaup,1,2,Jan_W2,0.0106383,94.0
Greater Scaup,1,3,Jan_W3,0.0015,145.0
Greater Scaup,1,4,Jan_W4,0.008,125.0
Greater Scaup,2,1,Feb_W1,0.0086957,115.0
Greater Scaup,2,2,Feb_W2,0.0015,192.0
Greater Scaup,2,3,Feb_W3,0.0,197.0
Greater Scaup,2,4,Feb_W4,0.0,63.0
Greater Scaup,3,1,Mar_W1,0.0,58.0
Greater Scaup,3,2,Mar_W2,0.0,55.0
Greater Scaup,3,3,Mar_W3,0.0384615,78.0
Greater Scaup,3,4,Mar_W4,0.1226994,163.0
Greater Scaup,4,1,Apr_W1,0.0896552,145.0
Greater Scaup,4,2,Apr_W2,0.1428571,154.0
Greater Scaup,4,3,Apr_W3,0.1719745,157.0
Greater Scaup,4,4,Apr_W4,0.1393939,330.0
Greater Scaup,5,1,May_W1,0.125,272.0
Greater Scaup,5,2,May_W2,0.0498688,381.0
Greater Scaup,5,3,May_W3,0.0249554,561.0
Greater Scaup,5,4,May_W4,0.010142,986.0
Greater Scaup,6,1,Jun_W1,0.0015,668.0
Greater Scaup,6,2,Jun_W2,0.0,509.0
Greater Scaup,6,3,Jun_W3,0.0,379.0
Greater Scaup,6,4,Jun_W4,0.0,598.0
Greater Scaup,7,1,Jul_W1,0.0015,361.0
Greater Scaup,7,2,Jul_W2,0.0,409.0
Greater Scaup,7,3,Jul_W3,0.0,358.0
Greater Scaup,7,4,Jul_W4,0.0,419.0
Greater Scaup,8,1,Aug_W1,0.0038462,260.0
Greater Scaup,8,2,Aug_W2,0.0,303.0
Greater Scaup,8,3,Aug_W3,0.0,290.0
Greater Scaup,8,4,Aug_W4,0.0,555.0
Greater Scaup,9,1,Sep_W1,0.0,305.0
Greater Scaup,9,2,Sep_W2,0.0147493,339.0
Greater Scaup,9,3,Sep_W3,0.0448276,290.0
Greater Scaup,9,4,Sep_W4,0.0680751,426.0
Greater Scaup,10,1,Oct_W1,0.081571,331.0
Greater Scaup,10,2,Oct_W2,0.0878661,478.0
Greater Scaup,10,3,Oct_W3,0.1028369,282.0
Greater Scaup,10,4,Oct_W4,0.0861619,383.0
Greater Scaup,11,1,Nov_W1,0.1141304,184.0
Greater Scaup,11,2,Nov_W2,0.0367647,136.0
Greater Scaup,11,3,Nov_W3,0.0224719,89.0
Greater Scaup,11,4,Nov_W4,0.0285714,105.0
Greater Scaup,12,1,Dec_W1,0.0166667,60.0
Greater Scaup,12,2,Dec_W2,0.0,36.0
Greater Scaup,12,3,Dec_W3,0.0361446,166.0
Greater Scaup,12,4,Dec_W4,0.0,100.0
Lesser Scaup,1,1,Jan_W1,0.0089286,112.0
Lesser Scaup,1,2,Jan_W2,0.0,94.0
Lesser Scaup,1,3,Jan_W3,0.0,145.0
Lesser Scaup,1,4,Jan_W4,0.0,125.0
Lesser Scaup,2,1,Feb_W1,0.0086957,115.0
Lesser Scaup,2,2,Feb_W2,0.0,192.0
Lesser Scaup,2,3,Feb_W3,0.0,197.0
Lesser Scaup,2,4,Feb_W4,0.0,63.0
Lesser Scaup,3,1,Mar_W1,0.0,58.0
Lesser Scaup,3,2,Mar_W2,0.0,55.0
Lesser Scaup,3,3,Mar_W3,0.025641,78.0
Lesser Scaup,3,4,Mar_W4,0.0736196,163.0
Lesser Scaup,4,1,Apr_W1,0.0551724,145.0
Lesser Scaup,4,2,Apr_W2,0.1233766,154.0
Lesser Scaup,4,3,Apr_W3,0.1592357,157.0
Lesser Scaup,4,4,Apr_W4,0.2030303,330.0
Lesser Scaup,5,1,May_W1,0.1507353,272.0
Lesser Scaup,5,2,May_W2,0.0682415,381.0
Lesser Scaup,5,3,May_W3,0.0552585,561.0
Lesser Scaup,5,4,May_W4,0.0212982,986.0
Lesser Scaup,6,1,Jun_W1,0.001497,668.0
Lesser Scaup,6,2,Jun_W2,0.0019646,509.0
Lesser Scaup,6,3,Jun_W3,0.0,379.0
Lesser Scaup,6,4,Jun_W4,0.0016722,598.0
Lesser Scaup,7,1,Jul_W1,0.0,361.0
Lesser Scaup,7,2,Jul_W2,0.00489,409.0
Lesser Scaup,7,3,Jul_W3,0.0,358.0
Lesser Scaup,7,4,Jul_W4,0.0047733,419.0
Lesser Scaup,8,1,Aug_W1,0.0,260.0
Lesser Scaup,8,2,Aug_W2,0.0,303.0
Lesser Scaup,8,3,Aug_W3,0.0,290.0
Lesser Scaup,8,4,Aug_W4,0.009009,555.0
Lesser Scaup,9,1,Sep_W1,0.0032787,305.0
Lesser Scaup,9,2,Sep_W2,0.0147493,339.0
Lesser Scaup,9,3,Sep_W3,0.0655172,290.0
Lesser Scaup,9,4,Sep_W4,0.084507,426.0
Lesser Scaup,10,1,Oct_W1,0.1238671,331.0
Lesser Scaup,10,2,Oct_W2,0.08159,478.0
Lesser Scaup,10,3,Oct_W3,0.1312057,282.0
Lesser Scaup,10,4,Oct_W4,0.0939948,383.0
Lesser Scaup,11,1,Nov_W1,0.1304348,184.0
Lesser Scaup,11,2,Nov_W2,0.0735294,136.0
Lesser Scaup,11,3,Nov_W3,0.0337079,89.0
Lesser Scaup,11,4,Nov_W4,0.0095238,105.0
Lesser Scaup,12,1,Dec_W1,0.0166667,60.0
Lesser Scaup,12,2,Dec_W2,0.0,36.0
Lesser Scaup,12,3,Dec_W3,0.0060241,166.0
Lesser Scaup,12,4,Dec_W4,0.0,100.0
Harlequin Duck,1,1,Jan_W1,0.0,112.0
Harlequin Duck,1,2,Jan_W2,0.0,94.0
Harlequin Duck,1,3,Jan_W3,0.0,145.0
Harlequin Duck,1,4,Jan_W4,0.0,125.0
Harlequin Duck,2,1,Feb_W1,0.0,115.0
Harlequin Duck,2,2,Feb_W2,0.0,192.0
Harlequin Duck,2,3,Feb_W3,0.0,197.0
Harlequin Duck,2,4,Feb_W4,0.0,63.0
Harlequin Duck,3,1,Mar_W1,0.0,58.0
Harlequin Duck,3,2,Mar_W2,0.0,55.0
Harlequin Duck,3,3,Mar_W3,0.0,78.0
Harlequin Duck,3,4,Mar_W4,0.0,163.0
Harlequin Duck,4,1,Apr_W1,0.0068966,145.0
Harlequin Duck,4,2,Apr_W2,0.0,154.0
Harlequin Duck,4,3,Apr_W3,0.0063694,157.0
Harlequin Duck,4,4,Apr_W4,0.0,330.0
Harlequin Duck,5,1,May_W1,0.0,272.0
Harlequin Duck,5,2,May_W2,0.0026247,381.0
Harlequin Duck,5,3,May_W3,0.0,561.0
Harlequin Duck,5,4,May_W4,0.0,986.0
Harlequin Duck,6,1,Jun_W1,0.0,668.0
Harlequin Duck,6,2,Jun_W2,0.0,509.0
Harlequin Duck,6,3,Jun_W3,0.0,379.0
Harlequin Duck,6,4,Jun_W4,0.0,598.0
Harlequin Duck,7,1,Jul_W1,0.0,361.0
Harlequin Duck,7,2,Jul_W2,0.0,409.0
Harlequin Duck,7,3,Jul_W3,0.0,358.0
Harlequin Duck,7,4,Jul_W4,0.0,419.0
Harlequin Duck,8,1,Aug_W1,0.0,260.0
Harlequin Duck,8,2,Aug_W2,0.0,303.0
Harlequin Duck,8,3,Aug_W3,0.0,290.0
Harlequin Duck,8,4,Aug_W4,0.0,555.0
Harlequin Duck,9,1,Sep_W1,0.0,305.0
Harlequin Duck,9,2,Sep_W2,0.0,339.0
Harlequin Duck,9,3,Sep_W3,0.0,290.0
Harlequin Duck,9,4,Sep_W4,0.0,426.0
Harlequin Duck,10,1,Oct_W1,0.0,331.0
Harlequin Duck,10,2,Oct_W2,0.0,478.0
Harlequin Duck,10,3,Oct_W3,0.0,282.0
Harlequin Duck,10,4,Oct_W4,0.0130548,383.0
Harlequin Duck,11,1,Nov_W1,0.0108696,184.0
Harlequin Duck,11,2,Nov_W2,0.0,136.0
Harlequin Duck,11,3,Nov_W3,0.0,89.0
Harlequin Duck,11,4,Nov_W4,0.0,105.0
Harlequin Duck,12,1,Dec_W1,0.0166667,60.0
Harlequin Duck,12,2,Dec_W2,0.0277778,36.0
Harlequin Duck,12,3,Dec_W3,0.0,166.0
Harlequin Duck,12,4,Dec_W4,0.0,100.0
Surf Scoter,1,1,Jan_W1,0.0,112.0
Surf Scoter,1,2,Jan_W2,0.0,94.0
Surf Scoter,1,3,Jan_W3,0.0,145.0
Surf Scoter,1,4,Jan_W4,0.0,125.0
Surf Scoter,2,1,Feb_W1,0.0,115.0
Surf Scoter,2,2,Feb_W2,0.0,192.0
Surf Scoter,2,3,Feb_W3,0.0,197.0
Surf Scoter,2,4,Feb_W4,0.0,63.0
Surf Scoter,3,1,Mar_W1,0.0,58.0
Surf Scoter,3,2,Mar_W2,0.0,55.0
Surf Scoter,3,3,Mar_W3,0.0,78.0
Surf Scoter,3,4,Mar_W4,0.006135,163.0
Surf Scoter,4,1,Apr_W1,0.0,145.0
Surf Scoter,4,2,Apr_W2,0.0064935,154.0
Surf Scoter,4,3,Apr_W3,0.0,157.0
Surf Scoter,4,4,Apr_W4,0.0090909,330.0
Surf Scoter,5,1,May_W1,0.0147059,272.0
Surf Scoter,5,2,May_W2,0.0,381.0
Surf Scoter,5,3,May_W3,0.0035651,561.0
Surf Scoter,5,4,May_W4,0.0,986.0
Surf Scoter,6,1,Jun_W1,0.0,668.0
Surf Scoter,6,2,Jun_W2,0.0,509.0
Surf Scoter,6,3,Jun_W3,0.0,379.0
Surf Scoter,6,4,Jun_W4,0.0,598.0
Surf Scoter,7,1,Jul_W1,0.0,361.0
Surf Scoter,7,2,Jul_W2,0.0,409.0
Surf Scoter,7,3,Jul_W3,0.0,358.0
Surf Scoter,7,4,Jul_W4,0.0,419.0
Surf Scoter,8,1,Aug_W1,0.0,260.0
Surf Scoter,8,2,Aug_W2,0.0,303.0
Surf Scoter,8,3,Aug_W3,0.0,290.0
Surf Scoter,8,4,Aug_W4,0.0018018,555.0
Surf Scoter,9,1,Sep_W1,0.0,305.0
Surf Scoter,9,2,Sep_W2,0.0029499,339.0
Surf Scoter,9,3,Sep_W3,0.0,290.0
Surf Scoter,9,4,Sep_W4,0.0164319,426.0
Surf Scoter,10,1,Oct_W1,0.0392749,331.0
Surf Scoter,10,2,Oct_W2,0.0585774,478.0
Surf Scoter,10,3,Oct_W3,0.070922,282.0
Surf Scoter,10,4,Oct_W4,0.0678851,383.0
Surf Scoter,11,1,Nov_W1,0.0108696,184.0
Surf Scoter,11,2,Nov_W2,0.0294118,136.0
Surf Scoter,11,3,Nov_W3,0.0,89.0
Surf Scoter,11,4,Nov_W4,0.0,105.0
Surf Scoter,12,1,Dec_W1,0.0,60.0
Surf Scoter,12,2,Dec_W2,0.0,36.0
Surf Scoter,12,3,Dec_W3,0.0,166.0
Surf Scoter,12,4,Dec_W4,0.0,100.0
White-winged Scoter,1,1,Jan_W1,0.0089286,112.0
White-winged Scoter,1,2,Jan_W2,0.0,94.0
White-winged Scoter,1,3,Jan_W3,0.0137931,145.0
White-winged Scoter,1,4,Jan_W4,0.008,125.0
White-winged Scoter,2,1,Feb_W1,0.0,115.0
White-winged Scoter,2,2,Feb_W2,0.0,192.0
White-winged Scoter,2,3,Feb_W3,0.0,197.0
White-winged Scoter,2,4,Feb_W4,0.0,63.0
White-winged Scoter,3,1,Mar_W1,0.0,58.0
White-winged Scoter,3,2,Mar_W2,0.0,55.0
White-winged Scoter,3,3,Mar_W3,0.0128205,78.0
White-winged Scoter,3,4,Mar_W4,0.0552147,163.0
White-winged Scoter,4,1,Apr_W1,0.0344828,145.0
White-winged Scoter,4,2,Apr_W2,0.0909091,154.0
White-winged Scoter,4,3,Apr_W3,0.0700637,157.0
White-winged Scoter,4,4,Apr_W4,0.0848485,330.0
White-winged Scoter,5,1,May_W1,0.0588235,272.0
White-winged Scoter,5,2,May_W2,0.0629921,381.0
White-winged Scoter,5,3,May_W3,0.0231729,561.0
White-winged Scoter,5,4,May_W4,0.0040568,986.0
White-winged Scoter,6,1,Jun_W1,0.0,668.0
White-winged Scoter,6,2,Jun_W2,0.0,509.0
White-winged Scoter,6,3,Jun_W3,0.0,379.0
White-winged Scoter,6,4,Jun_W4,0.0,598.0
White-winged Scoter,7,1,Jul_W1,0.0,361.0
White-winged Scoter,7,2,Jul_W2,0.00489,409.0
White-winged Scoter,7,3,Jul_W3,0.0,358.0
White-winged Scoter,7,4,Jul_W4,0.0,419.0
White-winged Scoter,8,1,Aug_W1,0.0,260.0
White-winged Scoter,8,2,Aug_W2,0.0,303.0
White-winged Scoter,8,3,Aug_W3,0.0,290.0
White-winged Scoter,8,4,Aug_W4,0.0054054,555.0
White-winged Scoter,9,1,Sep_W1,0.0065574,305.0
White-winged Scoter,9,2,Sep_W2,0.0117994,339.0
White-winged Scoter,9,3,Sep_W3,0.0448276,290.0
White-winged Scoter,9,4,Sep_W4,0.0633803,426.0
White-winged Scoter,10,1,Oct_W1,0.081571,331.0
White-winged Scoter,10,2,Oct_W2,0.1464435,478.0
White-winged Scoter,10,3,Oct_W3,0.248227,282.0
White-winged Scoter,10,4,Oct_W4,0.2402089,383.0
White-winged Scoter,11,1,Nov_W1,0.2554348,184.0
White-winged Scoter,11,2,Nov_W2,0.1838235,136.0
White-winged Scoter,11,3,Nov_W3,0.0786517,89.0
White-winged Scoter,11,4,Nov_W4,0.0380952,105.0
White-winged Scoter,12,1,Dec_W1,0.0333333,60.0
White-winged Scoter,12,2,Dec_W2,0.0277778,36.0
White-winged Scoter,12,3,Dec_W3,0.0481928,166.0
White-winged Scoter,12,4,Dec_W4,0.01,100.0
Black Scoter,1,1,Jan_W1,0.0,112.0
Black Scoter,1,2,Jan_W2,0.0,94.0
Black Scoter,1,3,Jan_W3,0.0,145.0
Black Scoter,1,4,Jan_W4,0.0,125.0
Black Scoter,2,1,Feb_W1,0.0,115.0
Black Scoter,2,2,Feb_W2,0.0,192.0
Black Scoter,2,3,Feb_W3,0.0050761,197.0
Black Scoter,2,4,Feb_W4,0.0,63.0
Black Scoter,3,1,Mar_W1,0.0,58.0
Black Scoter,3,2,Mar_W2,0.0,55.0
Black Scoter,3,3,Mar_W3,0.0,78.0
Black Scoter,3,4,Mar_W4,0.0,163.0
Black Scoter,4,1,Apr_W1,0.0,145.0
Black Scoter,4,2,Apr_W2,0.0,154.0
Black Scoter,4,3,Apr_W3,0.0063694,157.0
Black Scoter,4,4,Apr_W4,0.0121212,330.0
Black Scoter,5,1,May_W1,0.0073529,272.0
Black Scoter,5,2,May_W2,0.0026247,381.0
Black Scoter,5,3,May_W3,0.0035651,561.0
Black Scoter,5,4,May_W4,0.0060852,986.0
Black Scoter,6,1,Jun_W1,0.001497,668.0
Black Scoter,6,2,Jun_W2,0.0,509.0
Black Scoter,6,3,Jun_W3,0.0,379.0
Black Scoter,6,4,Jun_W4,0.0,598.0
Black Scoter,7,1,Jul_W1,0.0,361.0
Black Scoter,7,2,Jul_W2,0.0,409.0
Black Scoter,7,3,Jul_W3,0.0,358.0
Black Scoter,7,4,Jul_W4,0.0,419.0
Black Scoter,8,1,Aug_W1,0.0,260.0
Black Scoter,8,2,Aug_W2,0.0,303.0
Black Scoter,8,3,Aug_W3,0.0,290.0
Black Scoter,8,4,Aug_W4,0.0,555.0
Black Scoter,9,1,Sep_W1,0.0,305.0
Black Scoter,9,2,Sep_W2,0.0,339.0
Black Scoter,9,3,Sep_W3,0.0,290.0
Black Scoter,9,4,Sep_W4,0.0,426.0
Black Scoter,10,1,Oct_W1,0.0030211,331.0
Black Scoter,10,2,Oct_W2,0.0209205,478.0
Black Scoter,10,3,Oct_W3,0.0283688,282.0
Black Scoter,10,4,Oct_W4,0.0652742,383.0
Black Scoter,11,1,Nov_W1,0.0326087,184.0
Black Scoter,11,2,Nov_W2,0.0220588,136.0
Black Scoter,11,3,Nov_W3,0.0224719,89.0
Black Scoter,11,4,Nov_W4,0.0285714,105.0
Black Scoter,12,1,Dec_W1,0.0015,60.0
Black Scoter,12,2,Dec_W2,0.0,36.0
Black Scoter,12,3,Dec_W3,0.0060241,166.0
Black Scoter,12,4,Dec_W4,0.0,100.0
Long-tailed Duck,1,1,Jan_W1,0.0535714,112.0
Long-tailed Duck,1,2,Jan_W2,0.0957447,94.0
Long-tailed Duck,1,3,Jan_W3,0.0551724,145.0
Long-tailed Duck,1,4,Jan_W4,0.016,125.0
Long-tailed Duck,2,1,Feb_W1,0.026087,115.0
Long-tailed Duck,2,2,Feb_W2,0.0104167,192.0
Long-tailed Duck,2,3,Feb_W3,0.0,197.0
Long-tailed Duck,2,4,Feb_W4,0.0,63.0
Long-tailed Duck,3,1,Mar_W1,0.0172414,58.0
Long-tailed Duck,3,2,Mar_W2,0.0,55.0
Long-tailed Duck,3,3,Mar_W3,0.0897436,78.0
Long-tailed Duck,3,4,Mar_W4,0.1717791,163.0
Long-tailed Duck,4,1,Apr_W1,0.1655172,145.0
Long-tailed Duck,4,2,Apr_W2,0.1948052,154.0
Long-tailed Duck,4,3,Apr_W3,0.1401274,157.0
Long-tailed Duck,4,4,Apr_W4,0.2090909,330.0
Long-tailed Duck,5,1,May_W1,0.1801471,272.0
Long-tailed Duck,5,2,May_W2,0.1154856,381.0
Long-tailed Duck,5,3,May_W3,0.0891266,561.0
Long-tailed Duck,5,4,May_W4,0.0212982,986.0
Long-tailed Duck,6,1,Jun_W1,0.0,668.0
Long-tailed Duck,6,2,Jun_W2,0.0,509.0
Long-tailed Duck,6,3,Jun_W3,0.0,379.0
Long-tailed Duck,6,4,Jun_W4,0.0,598.0
Long-tailed Duck,7,1,Jul_W1,0.0,361.0
Long-tailed Duck,7,2,Jul_W2,0.0,409.0
Long-tailed Duck,7,3,Jul_W3,0.0,358.0
Long-tailed Duck,7,4,Jul_W4,0.0,419.0
Long-tailed Duck,8,1,Aug_W1,0.0,260.0
Long-tailed Duck,8,2,Aug_W2,0.0015,303.0
Long-tailed Duck,8,3,Aug_W3,0.0103448,290.0
Long-tailed Duck,8,4,Aug_W4,0.0144144,555.0
Long-tailed Duck,9,1,Sep_W1,0.0131148,305.0
Long-tailed Duck,9,2,Sep_W2,0.0294985,339.0
Long-tailed Duck,9,3,Sep_W3,0.0137931,290.0
Long-tailed Duck,9,4,Sep_W4,0.0140845,426.0
Long-tailed Duck,10,1,Oct_W1,0.0332326,331.0
Long-tailed Duck,10,2,Oct_W2,0.0920502,478.0
Long-tailed Duck,10,3,Oct_W3,0.2021277,282.0
Long-tailed Duck,10,4,Oct_W4,0.2793734,383.0
Long-tailed Duck,11,1,Nov_W1,0.375,184.0
Long-tailed Duck,11,2,Nov_W2,0.2573529,136.0
Long-tailed Duck,11,3,Nov_W3,0.1123596,89.0
Long-tailed Duck,11,4,Nov_W4,0.1238095,105.0
Long-tailed Duck,12,1,Dec_W1,0.2,60.0
Long-tailed Duck,12,2,Dec_W2,0.1388889,36.0
Long-tailed Duck,12,3,Dec_W3,0.2409639,166.0
Long-tailed Duck,12,4,Dec_W4,0.05,100.0
Bufflehead,1,1,Jan_W1,0.0267857,112.0
Bufflehead,1,2,Jan_W2,0.0212766,94.0
Bufflehead,1,3,Jan_W3,0.0068966,145.0
Bufflehead,1,4,Jan_W4,0.008,125.0
Bufflehead,2,1,Feb_W1,0.0173913,115.0
Bufflehead,2,2,Feb_W2,0.0,192.0
Bufflehead,2,3,Feb_W3,0.0,197.0
Bufflehead,2,4,Feb_W4,0.0,63.0
Bufflehead,3,1,Mar_W1,0.0,58.0
Bufflehead,3,2,Mar_W2,0.0,55.0
Bufflehead,3,3,Mar_W3,0.0512821,78.0
Bufflehead,3,4,Mar_W4,0.2392638,163.0
Bufflehead,4,1,Apr_W1,0.2689655,145.0
Bufflehead,4,2,Apr_W2,0.4025974,154.0
Bufflehead,4,3,Apr_W3,0.4203822,157.0
Bufflehead,4,4,Apr_W4,0.430303,330.0
Bufflehead,5,1,May_W1,0.3602941,272.0
Bufflehead,5,2,May_W2,0.1968504,381.0
Bufflehead,5,3,May_W3,0.0695187,561.0
Bufflehead,5,4,May_W4,0.0121704,986.0
Bufflehead,6,1,Jun_W1,0.008982,668.0
Bufflehead,6,2,Jun_W2,0.0039293,509.0
Bufflehead,6,3,Jun_W3,0.0,379.0
Bufflehead,6,4,Jun_W4,0.0,598.0
Bufflehead,7,1,Jul_W1,0.0,361.0
Bufflehead,7,2,Jul_W2,0.0,409.0
Bufflehead,7,3,Jul_W3,0.0027933,358.0
Bufflehead,7,4,Jul_W4,0.0,419.0
Bufflehead,8,1,Aug_W1,0.0,260.0
Bufflehead,8,2,Aug_W2,0.0033003,303.0
Bufflehead,8,3,Aug_W3,0.0034483,290.0
Bufflehead,8,4,Aug_W4,0.0,555.0
Bufflehead,9,1,Sep_W1,0.0015,305.0
Bufflehead,9,2,Sep_W2,0.0,339.0
Bufflehead,9,3,Sep_W3,0.0103448,290.0
Bufflehead,9,4,Sep_W4,0.0093897,426.0
Bufflehead,10,1,Oct_W1,0.0060423,331.0
Bufflehead,10,2,Oct_W2,0.0209205,478.0
Bufflehead,10,3,Oct_W3,0.0921986,282.0
Bufflehead,10,4,Oct_W4,0.2088773,383.0
Bufflehead,11,1,Nov_W1,0.2934783,184.0
Bufflehead,11,2,Nov_W2,0.2794118,136.0
Bufflehead,11,3,Nov_W3,0.2134831,89.0
Bufflehead,11,4,Nov_W4,0.1714286,105.0
Bufflehead,12,1,Dec_W1,0.15,60.0
Bufflehead,12,2,Dec_W2,0.0015,36.0
Bufflehead,12,3,Dec_W3,0.0361446,166.0
Bufflehead,12,4,Dec_W4,0.05,100.0
Common Goldeneye,1,1,Jan_W1,0.2142857,112.0
Common Goldeneye,1,2,Jan_W2,0.2021277,94.0
Common Goldeneye,1,3,Jan_W3,0.1655172,145.0
Common Goldeneye,1,4,Jan_W4,0.144,125.0
Common Goldeneye,2,1,Feb_W1,0.1304348,115.0
Common Goldeneye,2,2,Feb_W2,0.0833333,192.0
Common Goldeneye,2,3,Feb_W3,0.0304569,197.0
Common Goldeneye,2,4,Feb_W4,0.047619,63.0
Common Goldeneye,3,1,Mar_W1,0.0862069,58.0
Common Goldeneye,3,2,Mar_W2,0.1818182,55.0
Common Goldeneye,3,3,Mar_W3,0.2564103,78.0
Common Goldeneye,3,4,Mar_W4,0.4662577,163.0
Common Goldeneye,4,1,Apr_W1,0.4758621,145.0
Common Goldeneye,4,2,Apr_W2,0.3961039,154.0
Common Goldeneye,4,3,Apr_W3,0.3312102,157.0
Common Goldeneye,4,4,Apr_W4,0.3393939,330.0
Common Goldeneye,5,1,May_W1,0.2536765,272.0
Common Goldeneye,5,2,May_W2,0.1653543,381.0
Common Goldeneye,5,3,May_W3,0.1229947,561.0
Common Goldeneye,5,4,May_W4,0.0882353,986.0
Common Goldeneye,6,1,Jun_W1,0.0613772,668.0
Common Goldeneye,6,2,Jun_W2,0.0746562,509.0
Common Goldeneye,6,3,Jun_W3,0.0580475,379.0
Common Goldeneye,6,4,Jun_W4,0.0334448,598.0
Common Goldeneye,7,1,Jul_W1,0.0249307,361.0
Common Goldeneye,7,2,Jul_W2,0.0391198,409.0
Common Goldeneye,7,3,Jul_W3,0.027933,358.0
Common Goldeneye,7,4,Jul_W4,0.0167064,419.0
Common Goldeneye,8,1,Aug_W1,0.0230769,260.0
Common Goldeneye,8,2,Aug_W2,0.009901,303.0
Common Goldeneye,8,3,Aug_W3,0.0310345,290.0
Common Goldeneye,8,4,Aug_W4,0.0378378,555.0
Common Goldeneye,9,1,Sep_W1,0.1016393,305.0
Common Goldeneye,9,2,Sep_W2,0.100295,339.0
Common Goldeneye,9,3,Sep_W3,0.1103448,290.0
Common Goldeneye,9,4,Sep_W4,0.0985915,426.0
Common Goldeneye,10,1,Oct_W1,0.102719,331.0
Common Goldeneye,10,2,Oct_W2,0.1150628,478.0
Common Goldeneye,10,3,Oct_W3,0.1595745,282.0
Common Goldeneye,10,4,Oct_W4,0.2480418,383.0
Common Goldeneye,11,1,Nov_W1,0.4402174,184.0
Common Goldeneye,11,2,Nov_W2,0.3897059,136.0
Common Goldeneye,11,3,Nov_W3,0.3370787,89.0
Common Goldeneye,11,4,Nov_W4,0.4190476,105.0
Common Goldeneye,12,1,Dec_W1,0.45,60.0
Common Goldeneye,12,2,Dec_W2,0.2777778,36.0
Common Goldeneye,12,3,Dec_W3,0.373494,166.0
Common Goldeneye,12,4,Dec_W4,0.32,100.0
Hooded Merganser,1,1,Jan_W1,0.0089286,112.0
Hooded Merganser,1,2,Jan_W2,0.0106383,94.0
Hooded Merganser,1,3,Jan_W3,0.0137931,145.0
Hooded Merganser,1,4,Jan_W4,0.008,125.0
Hooded Merganser,2,1,Feb_W1,0.0086957,115.0
Hooded Merganser,2,2,Feb_W2,0.0052083,192.0
Hooded Merganser,2,3,Feb_W3,0.0,197.0
Hooded Merganser,2,4,Feb_W4,0.0,63.0
Hooded Merganser,3,1,Mar_W1,0.0172414,58.0
Hooded Merganser,3,2,Mar_W2,0.0,55.0
Hooded Merganser,3,3,Mar_W3,0.0384615,78.0
Hooded Merganser,3,4,Mar_W4,0.1779141,163.0
Hooded Merganser,4,1,Apr_W1,0.1931034,145.0
Hooded Merganser,4,2,Apr_W2,0.1753247,154.0
Hooded Merganser,4,3,Apr_W3,0.1146497,157.0
Hooded Merganser,4,4,Apr_W4,0.1484848,330.0
Hooded Merganser,5,1,May_W1,0.0772059,272.0
Hooded Merganser,5,2,May_W2,0.0524934,381.0
Hooded Merganser,5,3,May_W3,0.0516934,561.0
Hooded Merganser,5,4,May_W4,0.025355,986.0
Hooded Merganser,6,1,Jun_W1,0.0389222,668.0
Hooded Merganser,6,2,Jun_W2,0.0353635,509.0
Hooded Merganser,6,3,Jun_W3,0.0422164,379.0
Hooded Merganser,6,4,Jun_W4,0.0351171,598.0
Hooded Merganser,7,1,Jul_W1,0.0249307,361.0
Hooded Merganser,7,2,Jul_W2,0.0440098,409.0
Hooded Merganser,7,3,Jul_W3,0.0391061,358.0
Hooded Merganser,7,4,Jul_W4,0.0286396,419.0
Hooded Merganser,8,1,Aug_W1,0.0538462,260.0
Hooded Merganser,8,2,Aug_W2,0.049505,303.0
Hooded Merganser,8,3,Aug_W3,0.0655172,290.0
Hooded Merganser,8,4,Aug_W4,0.1063063,555.0
Hooded Merganser,9,1,Sep_W1,0.1540984,305.0
Hooded Merganser,9,2,Sep_W2,0.1681416,339.0
Hooded Merganser,9,3,Sep_W3,0.2586207,290.0
Hooded Merganser,9,4,Sep_W4,0.2089202,426.0
Hooded Merganser,10,1,Oct_W1,0.1812689,331.0
Hooded Merganser,10,2,Oct_W2,0.1548117,478.0
Hooded Merganser,10,3,Oct_W3,0.1843972,282.0
Hooded Merganser,10,4,Oct_W4,0.2950392,383.0
Hooded Merganser,11,1,Nov_W1,0.3043478,184.0
Hooded Merganser,11,2,Nov_W2,0.2720588,136.0
Hooded Merganser,11,3,Nov_W3,0.1910112,89.0
Hooded Merganser,11,4,Nov_W4,0.1333333,105.0
Hooded Merganser,12,1,Dec_W1,0.0833333,60.0
Hooded Merganser,12,2,Dec_W2,0.0,36.0
Hooded Merganser,12,3,Dec_W3,0.0542169,166.0
Hooded Merganser,12,4,Dec_W4,0.02,100.0
Common Merganser,1,1,Jan_W1,0.0625,112.0
Common Merganser,1,2,Jan_W2,0.106383,94.0
Common Merganser,1,3,Jan_W3,0.0758621,145.0
Common Merganser,1,4,Jan_W4,0.064,125.0
Common Merganser,2,1,Feb_W1,0.0521739,115.0
Common Merganser,2,2,Feb_W2,0.0677083,192.0
Common Merganser,2,3,Feb_W3,0.035533,197.0
Common Merganser,2,4,Feb_W4,0.015873,63.0
Common Merganser,3,1,Mar_W1,0.0344828,58.0
Common Merganser,3,2,Mar_W2,0.1272727,55.0
Common Merganser,3,3,Mar_W3,0.2820513,78.0
Common Merganser,3,4,Mar_W4,0.398773,163.0
Common Merganser,4,1,Apr_W1,0.3517241,145.0
Common Merganser,4,2,Apr_W2,0.3636364,154.0
Common Merganser,4,3,Apr_W3,0.3375796,157.0
Common Merganser,4,4,Apr_W4,0.4393939,330.0
Common Merganser,5,1,May_W1,0.4485294,272.0
Common Merganser,5,2,May_W2,0.343832,381.0
Common Merganser,5,3,May_W3,0.3368984,561.0
Common Merganser,5,4,May_W4,0.296146,986.0
Common Merganser,6,1,Jun_W1,0.2769461,668.0
Common Merganser,6,2,Jun_W2,0.2612967,509.0
Common Merganser,6,3,Jun_W3,0.2242744,379.0
Common Merganser,6,4,Jun_W4,0.2240803,598.0
Common Merganser,7,1,Jul_W1,0.2216066,361.0
Common Merganser,7,2,Jul_W2,0.2151589,409.0
Common Merganser,7,3,Jul_W3,0.2039106,358.0
Common Merganser,7,4,Jul_W4,0.1957041,419.0
Common Merganser,8,1,Aug_W1,0.1423077,260.0
Common Merganser,8,2,Aug_W2,0.1452145,303.0
Common Merganser,8,3,Aug_W3,0.162069,290.0
Common Merganser,8,4,Aug_W4,0.2054054,555.0
Common Merganser,9,1,Sep_W1,0.3016393,305.0
Common Merganser,9,2,Sep_W2,0.3185841,339.0
Common Merganser,9,3,Sep_W3,0.3965517,290.0
Common Merganser,9,4,Sep_W4,0.3732394,426.0
Common Merganser,10,1,Oct_W1,0.3897281,331.0
Common Merganser,10,2,Oct_W2,0.290795,478.0
Common Merganser,10,3,Oct_W3,0.3546099,282.0
Common Merganser,10,4,Oct_W4,0.3368146,383.0
Common Merganser,11,1,Nov_W1,0.3641304,184.0
Common Merganser,11,2,Nov_W2,0.3161765,136.0
Common Merganser,11,3,Nov_W3,0.2359551,89.0
Common Merganser,11,4,Nov_W4,0.2285714,105.0
Common Merganser,12,1,Dec_W1,0.2333333,60.0
Common Merganser,12,2,Dec_W2,0.1388889,36.0
Common Merganser,12,3,Dec_W3,0.1686747,166.0
Common Merganser,12,4,Dec_W4,0.1,100.0
Red-breasted Merganser,1,1,Jan_W1,0.0982143,112.0
Red-breasted Merganser,1,2,Jan_W2,0.0638298,94.0
Red-breasted Merganser,1,3,Jan_W3,0.0896552,145.0
Red-breasted Merganser,1,4,Jan_W4,0.104,125.0
Red-breasted Merganser,2,1,Feb_W1,0.0521739,115.0
Red-breasted Merganser,2,2,Feb_W2,0.0729167,192.0
Red-breasted Merganser,2,3,Feb_W3,0.0050761,197.0
Red-breasted Merganser,2,4,Feb_W4,0.015873,63.0
Red-breasted Merganser,3,1,Mar_W1,0.0344828,58.0
Red-breasted Merganser,3,2,Mar_W2,0.0545455,55.0
Red-breasted Merganser,3,3,Mar_W3,0.2179487,78.0
Red-breasted Merganser,3,4,Mar_W4,0.3312883,163.0
Red-breasted Merganser,4,1,Apr_W1,0.4068966,145.0
Red-breasted Merganser,4,2,Apr_W2,0.3506494,154.0
Red-breasted Merganser,4,3,Apr_W3,0.3566879,157.0
Red-breasted Merganser,4,4,Apr_W4,0.4363636,330.0
Red-breasted Merganser,5,1,May_W1,0.3897059,272.0
Red-breasted Merganser,5,2,May_W2,0.3228346,381.0
Red-breasted Merganser,5,3,May_W3,0.2941176,561.0
Red-breasted Merganser,5,4,May_W4,0.2119675,986.0
Red-breasted Merganser,6,1,Jun_W1,0.1287425,668.0
Red-breasted Merganser,6,2,Jun_W2,0.1453831,509.0
Red-breasted Merganser,6,3,Jun_W3,0.1688654,379.0
Red-breasted Merganser,6,4,Jun_W4,0.0886288,598.0
Red-breasted Merganser,7,1,Jul_W1,0.0609418,361.0
Red-breasted Merganser,7,2,Jul_W2,0.0929095,409.0
Red-breasted Merganser,7,3,Jul_W3,0.0977654,358.0
Red-breasted Merganser,7,4,Jul_W4,0.0763723,419.0
Red-breasted Merganser,8,1,Aug_W1,0.0961538,260.0
Red-breasted Merganser,8,2,Aug_W2,0.0429043,303.0
Red-breasted Merganser,8,3,Aug_W3,0.0551724,290.0
Red-breasted Merganser,8,4,Aug_W4,0.0972973,555.0
Red-breasted Merganser,9,1,Sep_W1,0.104918,305.0
Red-breasted Merganser,9,2,Sep_W2,0.1681416,339.0
Red-breasted Merganser,9,3,Sep_W3,0.2413793,290.0
Red-breasted Merganser,9,4,Sep_W4,0.258216,426.0
Red-breasted Merganser,10,1,Oct_W1,0.2416918,331.0
Red-breasted Merganser,10,2,Oct_W2,0.2175732,478.0
Red-breasted Merganser,10,3,Oct_W3,0.3191489,282.0
Red-breasted Merganser,10,4,Oct_W4,0.3655352,383.0
Red-breasted Merganser,11,1,Nov_W1,0.4076087,184.0
Red-breasted Merganser,11,2,Nov_W2,0.3382353,136.0
Red-breasted Merganser,11,3,Nov_W3,0.2359551,89.0
Red-breasted Merganser,11,4,Nov_W4,0.2,105.0
Red-breasted Merganser,12,1,Dec_W1,0.2333333,60.0
Red-breasted Merganser,12,2,Dec_W2,0.2222222,36.0
Red-breasted Merganser,12,3,Dec_W3,0.2409639,166.0
Red-breasted Merganser,12,4,Dec_W4,0.12,100.0
Ruddy Duck,1,1,Jan_W1,0.0,112.0
Ruddy Duck,1,2,Jan_W2,0.0,94.0
Ruddy Duck,1,3,Jan_W3,0.0,145.0
Ruddy Duck,1,4,Jan_W4,0.0,125.0
Ruddy Duck,2,1,Feb_W1,0.0,115.0
Ruddy Duck,2,2,Feb_W2,0.0,192.0
Ruddy Duck,2,3,Feb_W3,0.0,197.0
Ruddy Duck,2,4,Feb_W4,0.0,63.0
Ruddy Duck,3,1,Mar_W1,0.0,58.0
Ruddy Duck,3,2,Mar_W2,0.0,55.0
Ruddy Duck,3,3,Mar_W3,0.0,78.0
Ruddy Duck,3,4,Mar_W4,0.0,163.0
Ruddy Duck,4,1,Apr_W1,0.0,145.0
Ruddy Duck,4,2,Apr_W2,0.0,154.0
Ruddy Duck,4,3,Apr_W3,0.0063694,157.0
Ruddy Duck,4,4,Apr_W4,0.0090909,330.0
Ruddy Duck,5,1,May_W1,0.0073529,272.0
Ruddy Duck,5,2,May_W2,0.0052493,381.0
Ruddy Duck,5,3,May_W3,0.0035651,561.0
Ruddy Duck,5,4,May_W4,0.0030426,986.0
Ruddy Duck,6,1,Jun_W1,0.0,668.0
Ruddy Duck,6,2,Jun_W2,0.0,509.0
Ruddy Duck,6,3,Jun_W3,0.0,379.0
Ruddy Duck,6,4,Jun_W4,0.0,598.0
Ruddy Duck,7,1,Jul_W1,0.0,361.0
Ruddy Duck,7,2,Jul_W2,0.0,409.0
Ruddy Duck,7,3,Jul_W3,0.0,358.0
Ruddy Duck,7,4,Jul_W4,0.0,419.0
Ruddy Duck,8,1,Aug_W1,0.0,260.0
Ruddy Duck,8,2,Aug_W2,0.0,303.0
Ruddy Duck,8,3,Aug_W3,0.0,290.0
Ruddy Duck,8,4,Aug_W4,0.0,555.0
Ruddy Duck,9,1,Sep_W1,0.0,305.0
Ruddy Duck,9,2,Sep_W2,0.0,339.0
Ruddy Duck,9,3,Sep_W3,0.0,290.0
Ruddy Duck,9,4,Sep_W4,0.0,426.0
Ruddy Duck,10,1,Oct_W1,0.0030211,331.0
Ruddy Duck,10,2,Oct_W2,0.0,478.0
Ruddy Duck,10,3,Oct_W3,0.0,282.0
Ruddy Duck,10,4,Oct_W4,0.0,383.0
Ruddy Duck,11,1,Nov_W1,0.0,184.0
Ruddy Duck,11,2,Nov_W2,0.0,136.0
Ruddy Duck,11,3,Nov_W3,0.0,89.0
Ruddy Duck,11,4,Nov_W4,0.0,105.0
Ruddy Duck,12,1,Dec_W1,0.0,60.0
Ruddy Duck,12,2,Dec_W2,0.0,36.0
Ruddy Duck,12,3,Dec_W3,0.0,166.0
Ruddy Duck,12,4,Dec_W4,0.0,100.0
Northern Bobwhite,1,1,Jan_W1,0.0,112.0
Northern Bobwhite,1,2,Jan_W2,0.0,94.0
Northern Bobwhite,1,3,Jan_W3,0.0,145.0
Northern Bobwhite,1,4,Jan_W4,0.0,125.0
Northern Bobwhite,2,1,Feb_W1,0.0,115.0
Northern Bobwhite,2,2,Feb_W2,0.0,192.0
Northern Bobwhite,2,3,Feb_W3,0.0,197.0
Northern Bobwhite,2,4,Feb_W4,0.0,63.0
Northern Bobwhite,3,1,Mar_W1,0.0,58.0
Northern Bobwhite,3,2,Mar_W2,0.0,55.0
Northern Bobwhite,3,3,Mar_W3,0.0,78.0
Northern Bobwhite,3,4,Mar_W4,0.0,163.0
Northern Bobwhite,4,1,Apr_W1,0.0,145.0
Northern Bobwhite,4,2,Apr_W2,0.0,154.0
Northern Bobwhite,4,3,Apr_W3,0.0,157.0
Northern Bobwhite,4,4,Apr_W4,0.0,330.0
Northern Bobwhite,5,1,May_W1,0.0,272.0
Northern Bobwhite,5,2,May_W2,0.0,381.0
Northern Bobwhite,5,3,May_W3,0.0,561.0
Northern Bobwhite,5,4,May_W4,0.0,986.0
Northern Bobwhite,6,1,Jun_W1,0.0,668.0
Northern Bobwhite,6,2,Jun_W2,0.0,509.0
Northern Bobwhite,6,3,Jun_W3,0.0,379.0
Northern Bobwhite,6,4,Jun_W4,0.0,598.0
Northern Bobwhite,7,1,Jul_W1,0.0,361.0
Northern Bobwhite,7,2,Jul_W2,0.0,409.0
Northern Bobwhite,7,3,Jul_W3,0.0,358.0
Northern Bobwhite,7,4,Jul_W4,0.0047733,419.0
Northern Bobwhite,8,1,Aug_W1,0.0,260.0
Northern Bobwhite,8,2,Aug_W2,0.0,303.0
Northern Bobwhite,8,3,Aug_W3,0.0,290.0
Northern Bobwhite,8,4,Aug_W4,0.0,555.0
Northern Bobwhite,9,1,Sep_W1,0.0,305.0
Northern Bobwhite,9,2,Sep_W2,0.0,339.0
Northern Bobwhite,9,3,Sep_W3,0.0,290.0
Northern Bobwhite,9,4,Sep_W4,0.0,426.0
Northern Bobwhite,10,1,Oct_W1,0.0,331.0
Northern Bobwhite,10,2,Oct_W2,0.0,478.0
Northern Bobwhite,10,3,Oct_W3,0.0,282.0
Northern Bobwhite,10,4,Oct_W4,0.0,383.0
Northern Bobwhite,11,1,Nov_W1,0.0,184.0
Northern Bobwhite,11,2,Nov_W2,0.0,136.0
Northern Bobwhite,11,3,Nov_W3,0.0,89.0
Northern Bobwhite,11,4,Nov_W4,0.0,105.0
Northern Bobwhite,12,1,Dec_W1,0.0,60.0
Northern Bobwhite,12,2,Dec_W2,0.0,36.0
Northern Bobwhite,12,3,Dec_W3,0.0,166.0
Northern Bobwhite,12,4,Dec_W4,0.0,100.0
Wild Turkey,1,1,Jan_W1,0.0357143,112.0
Wild Turkey,1,2,Jan_W2,0.0531915,94.0
Wild Turkey,1,3,Jan_W3,0.0551724,145.0
Wild Turkey,1,4,Jan_W4,0.104,125.0
Wild Turkey,2,1,Feb_W1,0.0521739,115.0
Wild Turkey,2,2,Feb_W2,0.0520833,192.0
Wild Turkey,2,3,Feb_W3,0.0304569,197.0
Wild Turkey,2,4,Feb_W4,0.0952381,63.0
Wild Turkey,3,1,Mar_W1,0.0517241,58.0
Wild Turkey,3,2,Mar_W2,0.0545455,55.0
Wild Turkey,3,3,Mar_W3,0.0128205,78.0
Wild Turkey,3,4,Mar_W4,0.0122699,163.0
Wild Turkey,4,1,Apr_W1,0.0275862,145.0
Wild Turkey,4,2,Apr_W2,0.0194805,154.0
Wild Turkey,4,3,Apr_W3,0.0382166,157.0
Wild Turkey,4,4,Apr_W4,0.0090909,330.0
Wild Turkey,5,1,May_W1,0.0110294,272.0
Wild Turkey,5,2,May_W2,0.015748,381.0
Wild Turkey,5,3,May_W3,0.0071301,561.0
Wild Turkey,5,4,May_W4,0.0091278,986.0
Wild Turkey,6,1,Jun_W1,0.004491,668.0
Wild Turkey,6,2,Jun_W2,0.0078585,509.0
Wild Turkey,6,3,Jun_W3,0.005277,379.0
Wild Turkey,6,4,Jun_W4,0.0100334,598.0
Wild Turkey,7,1,Jul_W1,0.0015,361.0
Wild Turkey,7,2,Jul_W2,0.0122249,409.0
Wild Turkey,7,3,Jul_W3,0.0027933,358.0
Wild Turkey,7,4,Jul_W4,0.0095465,419.0
Wild Turkey,8,1,Aug_W1,0.0038462,260.0
Wild Turkey,8,2,Aug_W2,0.0015,303.0
Wild Turkey,8,3,Aug_W3,0.0034483,290.0
Wild Turkey,8,4,Aug_W4,0.0054054,555.0
Wild Turkey,9,1,Sep_W1,0.0065574,305.0
Wild Turkey,9,2,Sep_W2,0.0058997,339.0
Wild Turkey,9,3,Sep_W3,0.0015,290.0
Wild Turkey,9,4,Sep_W4,0.0093897,426.0
Wild Turkey,10,1,Oct_W1,0.0015,331.0
Wild Turkey,10,2,Oct_W2,0.0041841,478.0
Wild Turkey,10,3,Oct_W3,0.0035461,282.0
Wild Turkey,10,4,Oct_W4,0.0,383.0
Wild Turkey,11,1,Nov_W1,0.0,184.0
Wild Turkey,11,2,Nov_W2,0.0220588,136.0
Wild Turkey,11,3,Nov_W3,0.0,89.0
Wild Turkey,11,4,Nov_W4,0.0,105.0
Wild Turkey,12,1,Dec_W1,0.0166667,60.0
Wild Turkey,12,2,Dec_W2,0.0,36.0
Wild Turkey,12,3,Dec_W3,0.0662651,166.0
Wild Turkey,12,4,Dec_W4,0.01,100.0
Ruffed Grouse,1,1,Jan_W1,0.0446429,112.0
Ruffed Grouse,1,2,Jan_W2,0.0212766,94.0
Ruffed Grouse,1,3,Jan_W3,0.0275862,145.0
Ruffed Grouse,1,4,Jan_W4,0.008,125.0
Ruffed Grouse,2,1,Feb_W1,0.0521739,115.0
Ruffed Grouse,2,2,Feb_W2,0.0520833,192.0
Ruffed Grouse,2,3,Feb_W3,0.0253807,197.0
Ruffed Grouse,2,4,Feb_W4,0.0,63.0
Ruffed Grouse,3,1,Mar_W1,0.0517241,58.0
Ruffed Grouse,3,2,Mar_W2,0.0181818,55.0
Ruffed Grouse,3,3,Mar_W3,0.0384615,78.0
Ruffed Grouse,3,4,Mar_W4,0.006135,163.0
Ruffed Grouse,4,1,Apr_W1,0.0206897,145.0
Ruffed Grouse,4,2,Apr_W2,0.012987,154.0
Ruffed Grouse,4,3,Apr_W3,0.0191083,157.0
Ruffed Grouse,4,4,Apr_W4,0.0272727,330.0
Ruffed Grouse,5,1,May_W1,0.0294118,272.0
Ruffed Grouse,5,2,May_W2,0.0314961,381.0
Ruffed Grouse,5,3,May_W3,0.0392157,561.0
Ruffed Grouse,5,4,May_W4,0.0344828,986.0
Ruffed Grouse,6,1,Jun_W1,0.0583832,668.0
Ruffed Grouse,6,2,Jun_W2,0.0235756,509.0
Ruffed Grouse,6,3,Jun_W3,0.0158311,379.0
Ruffed Grouse,6,4,Jun_W4,0.0167224,598.0
Ruffed Grouse,7,1,Jul_W1,0.0083102,361.0
Ruffed Grouse,7,2,Jul_W2,0.00489,409.0
Ruffed Grouse,7,3,Jul_W3,0.0139665,358.0
Ruffed Grouse,7,4,Jul_W4,0.0047733,419.0
Ruffed Grouse,8,1,Aug_W1,0.0115385,260.0
Ruffed Grouse,8,2,Aug_W2,0.019802,303.0
Ruffed Grouse,8,3,Aug_W3,0.0015,290.0
Ruffed Grouse,8,4,Aug_W4,0.0108108,555.0
Ruffed Grouse,9,1,Sep_W1,0.0196721,305.0
Ruffed Grouse,9,2,Sep_W2,0.0058997,339.0
Ruffed Grouse,9,3,Sep_W3,0.0172414,290.0
Ruffed Grouse,9,4,Sep_W4,0.0305164,426.0
Ruffed Grouse,10,1,Oct_W1,0.0151057,331.0
Ruffed Grouse,10,2,Oct_W2,0.0083682,478.0
Ruffed Grouse,10,3,Oct_W3,0.0212766,282.0
Ruffed Grouse,10,4,Oct_W4,0.0234987,383.0
Ruffed Grouse,11,1,Nov_W1,0.0108696,184.0
Ruffed Grouse,11,2,Nov_W2,0.0073529,136.0
Ruffed Grouse,11,3,Nov_W3,0.1123596,89.0
Ruffed Grouse,11,4,Nov_W4,0.0380952,105.0
Ruffed Grouse,12,1,Dec_W1,0.05,60.0
Ruffed Grouse,12,2,Dec_W2,0.0277778,36.0
Ruffed Grouse,12,3,Dec_W3,0.0481928,166.0
Ruffed Grouse,12,4,Dec_W4,0.04,100.0
Sharp-tailed Grouse,1,1,Jan_W1,0.0267857,112.0
Sharp-tailed Grouse,1,2,Jan_W2,0.0425532,94.0
Sharp-tailed Grouse,1,3,Jan_W3,0.0206897,145.0
Sharp-tailed Grouse,1,4,Jan_W4,0.056,125.0
Sharp-tailed Grouse,2,1,Feb_W1,0.0782609,115.0
Sharp-tailed Grouse,2,2,Feb_W2,0.046875,192.0
Sharp-tailed Grouse,2,3,Feb_W3,0.035533,197.0
Sharp-tailed Grouse,2,4,Feb_W4,0.1111111,63.0
Sharp-tailed Grouse,3,1,Mar_W1,0.0689655,58.0
Sharp-tailed Grouse,3,2,Mar_W2,0.0363636,55.0
Sharp-tailed Grouse,3,3,Mar_W3,0.025641,78.0
Sharp-tailed Grouse,3,4,Mar_W4,0.0245399,163.0
Sharp-tailed Grouse,4,1,Apr_W1,0.0344828,145.0
Sharp-tailed Grouse,4,2,Apr_W2,0.025974,154.0
Sharp-tailed Grouse,4,3,Apr_W3,0.0127389,157.0
Sharp-tailed Grouse,4,4,Apr_W4,0.0030303,330.0
Sharp-tailed Grouse,5,1,May_W1,0.0036765,272.0
Sharp-tailed Grouse,5,2,May_W2,0.007874,381.0
Sharp-tailed Grouse,5,3,May_W3,0.0035651,561.0
Sharp-tailed Grouse,5,4,May_W4,0.0030426,986.0
Sharp-tailed Grouse,6,1,Jun_W1,0.004491,668.0
Sharp-tailed Grouse,6,2,Jun_W2,0.0019646,509.0
Sharp-tailed Grouse,6,3,Jun_W3,0.0,379.0
Sharp-tailed Grouse,6,4,Jun_W4,0.0016722,598.0
Sharp-tailed Grouse,7,1,Jul_W1,0.0027701,361.0
Sharp-tailed Grouse,7,2,Jul_W2,0.002445,409.0
Sharp-tailed Grouse,7,3,Jul_W3,0.0027933,358.0
Sharp-tailed Grouse,7,4,Jul_W4,0.0,419.0
Sharp-tailed Grouse,8,1,Aug_W1,0.0015,260.0
Sharp-tailed Grouse,8,2,Aug_W2,0.0,303.0
Sharp-tailed Grouse,8,3,Aug_W3,0.0,290.0
Sharp-tailed Grouse,8,4,Aug_W4,0.0,555.0
Sharp-tailed Grouse,9,1,Sep_W1,0.0,305.0
Sharp-tailed Grouse,9,2,Sep_W2,0.0029499,339.0
Sharp-tailed Grouse,9,3,Sep_W3,0.0015,290.0
Sharp-tailed Grouse,9,4,Sep_W4,0.0,426.0
Sharp-tailed Grouse,10,1,Oct_W1,0.0030211,331.0
Sharp-tailed Grouse,10,2,Oct_W2,0.0083682,478.0
Sharp-tailed Grouse,10,3,Oct_W3,0.0070922,282.0
Sharp-tailed Grouse,10,4,Oct_W4,0.0234987,383.0
Sharp-tailed Grouse,11,1,Nov_W1,0.0217391,184.0
Sharp-tailed Grouse,11,2,Nov_W2,0.0514706,136.0
Sharp-tailed Grouse,11,3,Nov_W3,0.011236,89.0
Sharp-tailed Grouse,11,4,Nov_W4,0.0380952,105.0
Sharp-tailed Grouse,12,1,Dec_W1,0.0166667,60.0
Sharp-tailed Grouse,12,2,Dec_W2,0.0277778,36.0
Sharp-tailed Grouse,12,3,Dec_W3,0.0301205,166.0
Sharp-tailed Grouse,12,4,Dec_W4,0.01,100.0
Spruce Grouse,1,1,Jan_W1,0.0,112.0
Spruce Grouse,1,2,Jan_W2,0.0,94.0
Spruce Grouse,1,3,Jan_W3,0.0068966,145.0
Spruce Grouse,1,4,Jan_W4,0.0,125.0
Spruce Grouse,2,1,Feb_W1,0.0,115.0
Spruce Grouse,2,2,Feb_W2,0.0,192.0
Spruce Grouse,2,3,Feb_W3,0.0,197.0
Spruce Grouse,2,4,Feb_W4,0.0,63.0
Spruce Grouse,3,1,Mar_W1,0.0,58.0
Spruce Grouse,3,2,Mar_W2,0.0,55.0
Spruce Grouse,3,3,Mar_W3,0.0,78.0
Spruce Grouse,3,4,Mar_W4,0.0,163.0
Spruce Grouse,4,1,Apr_W1,0.0,145.0
Spruce Grouse,4,2,Apr_W2,0.0,154.0
Spruce Grouse,4,3,Apr_W3,0.0,157.0
Spruce Grouse,4,4,Apr_W4,0.0,330.0
Spruce Grouse,5,1,May_W1,0.0,272.0
Spruce Grouse,5,2,May_W2,0.0015,381.0
Spruce Grouse,5,3,May_W3,0.0,561.0
Spruce Grouse,5,4,May_W4,0.0,986.0
Spruce Grouse,6,1,Jun_W1,0.001497,668.0
Spruce Grouse,6,2,Jun_W2,0.0019646,509.0
Spruce Grouse,6,3,Jun_W3,0.0,379.0
Spruce Grouse,6,4,Jun_W4,0.0015,598.0
Spruce Grouse,7,1,Jul_W1,0.0027701,361.0
Spruce Grouse,7,2,Jul_W2,0.002445,409.0
Spruce Grouse,7,3,Jul_W3,0.0,358.0
Spruce Grouse,7,4,Jul_W4,0.0,419.0
Spruce Grouse,8,1,Aug_W1,0.0,260.0
Spruce Grouse,8,2,Aug_W2,0.0033003,303.0
Spruce Grouse,8,3,Aug_W3,0.0,290.0
Spruce Grouse,8,4,Aug_W4,0.0,555.0
Spruce Grouse,9,1,Sep_W1,0.0065574,305.0
Spruce Grouse,9,2,Sep_W2,0.0029499,339.0
Spruce Grouse,9,3,Sep_W3,0.0015,290.0
Spruce Grouse,9,4,Sep_W4,0.0,426.0
Spruce Grouse,10,1,Oct_W1,0.0,331.0
Spruce Grouse,10,2,Oct_W2,0.0,478.0
Spruce Grouse,10,3,Oct_W3,0.0015,282.0
Spruce Grouse,10,4,Oct_W4,0.0,383.0
Spruce Grouse,11,1,Nov_W1,0.0,184.0
Spruce Grouse,11,2,Nov_W2,0.0,136.0
Spruce Grouse,11,3,Nov_W3,0.0,89.0
Spruce Grouse,11,4,Nov_W4,0.0,105.0
Spruce Grouse,12,1,Dec_W1,0.0015,60.0
Spruce Grouse,12,2,Dec_W2,0.0,36.0
Spruce Grouse,12,3,Dec_W3,0.0,166.0
Spruce Grouse,12,4,Dec_W4,0.0,100.0
Ring-necked Pheasant,1,1,Jan_W1,0.0,112.0
Ring-necked Pheasant,1,2,Jan_W2,0.0,94.0
Ring-necked Pheasant,1,3,Jan_W3,0.0,145.0
Ring-necked Pheasant,1,4,Jan_W4,0.0,125.0
Ring-necked Pheasant,2,1,Feb_W1,0.0,115.0
Ring-necked Pheasant,2,2,Feb_W2,0.0,192.0
Ring-necked Pheasant,2,3,Feb_W3,0.0,197.0
Ring-necked Pheasant,2,4,Feb_W4,0.0,63.0
Ring-necked Pheasant,3,1,Mar_W1,0.0,58.0
Ring-necked Pheasant,3,2,Mar_W2,0.0,55.0
Ring-necked Pheasant,3,3,Mar_W3,0.0,78.0
Ring-necked Pheasant,3,4,Mar_W4,0.0,163.0
Ring-necked Pheasant,4,1,Apr_W1,0.0,145.0
Ring-necked Pheasant,4,2,Apr_W2,0.0015,154.0
Ring-necked Pheasant,4,3,Apr_W3,0.0,157.0
Ring-necked Pheasant,4,4,Apr_W4,0.0,330.0
Ring-necked Pheasant,5,1,May_W1,0.0,272.0
Ring-necked Pheasant,5,2,May_W2,0.0,381.0
Ring-necked Pheasant,5,3,May_W3,0.0,561.0
Ring-necked Pheasant,5,4,May_W4,0.0,986.0
Ring-necked Pheasant,6,1,Jun_W1,0.0,668.0
Ring-necked Pheasant,6,2,Jun_W2,0.0,509.0
Ring-necked Pheasant,6,3,Jun_W3,0.0,379.0
Ring-necked Pheasant,6,4,Jun_W4,0.0,598.0
Ring-necked Pheasant,7,1,Jul_W1,0.0,361.0
Ring-necked Pheasant,7,2,Jul_W2,0.0,409.0
Ring-necked Pheasant,7,3,Jul_W3,0.0,358.0
Ring-necked Pheasant,7,4,Jul_W4,0.0,419.0
Ring-necked Pheasant,8,1,Aug_W1,0.0,260.0
Ring-necked Pheasant,8,2,Aug_W2,0.0,303.0
Ring-necked Pheasant,8,3,Aug_W3,0.0,290.0
Ring-necked Pheasant,8,4,Aug_W4,0.0,555.0
Ring-necked Pheasant,9,1,Sep_W1,0.0,305.0
Ring-necked Pheasant,9,2,Sep_W2,0.0,339.0
Ring-necked Pheasant,9,3,Sep_W3,0.0,290.0
Ring-necked Pheasant,9,4,Sep_W4,0.0,426.0
Ring-necked Pheasant,10,1,Oct_W1,0.0,331.0
Ring-necked Pheasant,10,2,Oct_W2,0.0,478.0
Ring-necked Pheasant,10,3,Oct_W3,0.0,282.0
Ring-necked Pheasant,10,4,Oct_W4,0.0,383.0
Ring-necked Pheasant,11,1,Nov_W1,0.0,184.0
Ring-necked Pheasant,11,2,Nov_W2,0.0,136.0
Ring-necked Pheasant,11,3,Nov_W3,0.0,89.0
Ring-necked Pheasant,11,4,Nov_W4,0.0,105.0
Ring-necked Pheasant,12,1,Dec_W1,0.0,60.0
Ring-necked Pheasant,12,2,Dec_W2,0.0,36.0
Ring-necked Pheasant,12,3,Dec_W3,0.0,166.0
Ring-necked Pheasant,12,4,Dec_W4,0.0,100.0
Indian Peafowl,1,1,Jan_W1,0.0,112.0
Indian Peafowl,1,2,Jan_W2,0.0,94.0
Indian Peafowl,1,3,Jan_W3,0.0,145.0
Indian Peafowl,1,4,Jan_W4,0.0,125.0
Indian Peafowl,2,1,Feb_W1,0.0,115.0
Indian Peafowl,2,2,Feb_W2,0.0,192.0
Indian Peafowl,2,3,Feb_W3,0.0,197.0
Indian Peafowl,2,4,Feb_W4,0.0,63.0
Indian Peafowl,3,1,Mar_W1,0.0,58.0
Indian Peafowl,3,2,Mar_W2,0.0,55.0
Indian Peafowl,3,3,Mar_W3,0.0,78.0
Indian Peafowl,3,4,Mar_W4,0.0,163.0
Indian Peafowl,4,1,Apr_W1,0.0,145.0
Indian Peafowl,4,2,Apr_W2,0.0,154.0
Indian Peafowl,4,3,Apr_W3,0.0,157.0
Indian Peafowl,4,4,Apr_W4,0.0,330.0
Indian Peafowl,5,1,May_W1,0.0,272.0
Indian Peafowl,5,2,May_W2,0.0,381.0
Indian Peafowl,5,3,May_W3,0.0,561.0
Indian Peafowl,5,4,May_W4,0.0,986.0
Indian Peafowl,6,1,Jun_W1,0.0,668.0
Indian Peafowl,6,2,Jun_W2,0.0015,509.0
Indian Peafowl,6,3,Jun_W3,0.0,379.0
Indian Peafowl,6,4,Jun_W4,0.0016722,598.0
Indian Peafowl,7,1,Jul_W1,0.0,361.0
Indian Peafowl,7,2,Jul_W2,0.0,409.0
Indian Peafowl,7,3,Jul_W3,0.0,358.0
Indian Peafowl,7,4,Jul_W4,0.0,419.0
Indian Peafowl,8,1,Aug_W1,0.0,260.0
Indian Peafowl,8,2,Aug_W2,0.0,303.0
Indian Peafowl,8,3,Aug_W3,0.0,290.0
Indian Peafowl,8,4,Aug_W4,0.0,555.0
Indian Peafowl,9,1,Sep_W1,0.0,305.0
Indian Peafowl,9,2,Sep_W2,0.0,339.0
Indian Peafowl,9,3,Sep_W3,0.0,290.0
Indian Peafowl,9,4,Sep_W4,0.0,426.0
Indian Peafowl,10,1,Oct_W1,0.0,331.0
Indian Peafowl,10,2,Oct_W2,0.0,478.0
Indian Peafowl,10,3,Oct_W3,0.0,282.0
Indian Peafowl,10,4,Oct_W4,0.0,383.0
Indian Peafowl,11,1,Nov_W1,0.0,184.0
Indian Peafowl,11,2,Nov_W2,0.0,136.0
Indian Peafowl,11,3,Nov_W3,0.0,89.0
Indian Peafowl,11,4,Nov_W4,0.0,105.0
Indian Peafowl,12,1,Dec_W1,0.0,60.0
Indian Peafowl,12,2,Dec_W2,0.0,36.0
Indian Peafowl,12,3,Dec_W3,0.0,166.0
Indian Peafowl,12,4,Dec_W4,0.0,100.0
Red Junglefowl,1,1,Jan_W1,0.0,112.0
Red Junglefowl,1,2,Jan_W2,0.0,94.0
Red Junglefowl,1,3,Jan_W3,0.0,145.0
Red Junglefowl,1,4,Jan_W4,0.0,125.0
Red Junglefowl,2,1,Feb_W1,0.0,115.0
Red Junglefowl,2,2,Feb_W2,0.0,192.0
Red Junglefowl,2,3,Feb_W3,0.0,197.0
Red Junglefowl,2,4,Feb_W4,0.0,63.0
Red Junglefowl,3,1,Mar_W1,0.0,58.0
Red Junglefowl,3,2,Mar_W2,0.0,55.0
Red Junglefowl,3,3,Mar_W3,0.0,78.0
Red Junglefowl,3,4,Mar_W4,0.0,163.0
Red Junglefowl,4,1,Apr_W1,0.0,145.0
Red Junglefowl,4,2,Apr_W2,0.0,154.0
Red Junglefowl,4,3,Apr_W3,0.0,157.0
Red Junglefowl,4,4,Apr_W4,0.0,330.0
Red Junglefowl,5,1,May_W1,0.0,272.0
Red Junglefowl,5,2,May_W2,0.0,381.0
Red Junglefowl,5,3,May_W3,0.0,561.0
Red Junglefowl,5,4,May_W4,0.0,986.0
Red Junglefowl,6,1,Jun_W1,0.0,668.0
Red Junglefowl,6,2,Jun_W2,0.0015,509.0
Red Junglefowl,6,3,Jun_W3,0.0,379.0
Red Junglefowl,6,4,Jun_W4,0.0,598.0
Red Junglefowl,7,1,Jul_W1,0.0,361.0
Red Junglefowl,7,2,Jul_W2,0.0,409.0
Red Junglefowl,7,3,Jul_W3,0.0,358.0
Red Junglefowl,7,4,Jul_W4,0.0,419.0
Red Junglefowl,8,1,Aug_W1,0.0,260.0
Red Junglefowl,8,2,Aug_W2,0.0,303.0
Red Junglefowl,8,3,Aug_W3,0.0,290.0
Red Junglefowl,8,4,Aug_W4,0.0,555.0
Red Junglefowl,9,1,Sep_W1,0.0,305.0
Red Junglefowl,9,2,Sep_W2,0.0,339.0
Red Junglefowl,9,3,Sep_W3,0.0,290.0
Red Junglefowl,9,4,Sep_W4,0.0,426.0
Red Junglefowl,10,1,Oct_W1,0.0,331.0
Red Junglefowl,10,2,Oct_W2,0.0,478.0
Red Junglefowl,10,3,Oct_W3,0.0,282.0
Red Junglefowl,10,4,Oct_W4,0.0,383.0
Red Junglefowl,11,1,Nov_W1,0.0,184.0
Red Junglefowl,11,2,Nov_W2,0.0,136.0
Red Junglefowl,11,3,Nov_W3,0.0,89.0
Red Junglefowl,11,4,Nov_W4,0.0,105.0
Red Junglefowl,12,1,Dec_W1,0.0,60.0
Red Junglefowl,12,2,Dec_W2,0.0,36.0
Red Junglefowl,12,3,Dec_W3,0.0,166.0
Red Junglefowl,12,4,Dec_W4,0.0,100.0
Chukar,1,1,Jan_W1,0.0,112.0
Chukar,1,2,Jan_W2,0.0,94.0
Chukar,1,3,Jan_W3,0.0,145.0
Chukar,1,4,Jan_W4,0.0,125.0
Chukar,2,1,Feb_W1,0.0,115.0
Chukar,2,2,Feb_W2,0.0,192.0
Chukar,2,3,Feb_W3,0.0,197.0
Chukar,2,4,Feb_W4,0.0,63.0
Chukar,3,1,Mar_W1,0.0,58.0
Chukar,3,2,Mar_W2,0.0,55.0
Chukar,3,3,Mar_W3,0.0,78.0
Chukar,3,4,Mar_W4,0.0,163.0
Chukar,4,1,Apr_W1,0.0,145.0
Chukar,4,2,Apr_W2,0.0,154.0
Chukar,4,3,Apr_W3,0.0,157.0
Chukar,4,4,Apr_W4,0.0,330.0
Chukar,5,1,May_W1,0.0,272.0
Chukar,5,2,May_W2,0.0,381.0
Chukar,5,3,May_W3,0.0,561.0
Chukar,5,4,May_W4,0.0,986.0
Chukar,6,1,Jun_W1,0.0,668.0
Chukar,6,2,Jun_W2,0.0,509.0
Chukar,6,3,Jun_W3,0.0,379.0
Chukar,6,4,Jun_W4,0.0,598.0
Chukar,7,1,Jul_W1,0.0,361.0
Chukar,7,2,Jul_W2,0.0,409.0
Chukar,7,3,Jul_W3,0.0,358.0
Chukar,7,4,Jul_W4,0.0,419.0
Chukar,8,1,Aug_W1,0.0,260.0
Chukar,8,2,Aug_W2,0.0,303.0
Chukar,8,3,Aug_W3,0.0,290.0
Chukar,8,4,Aug_W4,0.0,555.0
Chukar,9,1,Sep_W1,0.0,305.0
Chukar,9,2,Sep_W2,0.0,339.0
Chukar,9,3,Sep_W3,0.0,290.0
Chukar,9,4,Sep_W4,0.0,426.0
Chukar,10,1,Oct_W1,0.0,331.0
Chukar,10,2,Oct_W2,0.0,478.0
Chukar,10,3,Oct_W3,0.0,282.0
Chukar,10,4,Oct_W4,0.0,383.0
Chukar,11,1,Nov_W1,0.0,184.0
Chukar,11,2,Nov_W2,0.0073529,136.0
Chukar,11,3,Nov_W3,0.0,89.0
Chukar,11,4,Nov_W4,0.0,105.0
Chukar,12,1,Dec_W1,0.0,60.0
Chukar,12,2,Dec_W2,0.0,36.0
Chukar,12,3,Dec_W3,0.0,166.0
Chukar,12,4,Dec_W4,0.0,100.0
Rock Pigeon,1,1,Jan_W1,0.1071429,112.0
Rock Pigeon,1,2,Jan_W2,0.106383,94.0
Rock Pigeon,1,3,Jan_W3,0.137931,145.0
Rock Pigeon,1,4,Jan_W4,0.128,125.0
Rock Pigeon,2,1,Feb_W1,0.0869565,115.0
Rock Pigeon,2,2,Feb_W2,0.1666667,192.0
Rock Pigeon,2,3,Feb_W3,0.106599,197.0
Rock Pigeon,2,4,Feb_W4,0.1428571,63.0
Rock Pigeon,3,1,Mar_W1,0.1034483,58.0
Rock Pigeon,3,2,Mar_W2,0.0727273,55.0
Rock Pigeon,3,3,Mar_W3,0.0769231,78.0
Rock Pigeon,3,4,Mar_W4,0.1104294,163.0
Rock Pigeon,4,1,Apr_W1,0.062069,145.0
Rock Pigeon,4,2,Apr_W2,0.0519481,154.0
Rock Pigeon,4,3,Apr_W3,0.0636943,157.0
Rock Pigeon,4,4,Apr_W4,0.069697,330.0
Rock Pigeon,5,1,May_W1,0.0661765,272.0
Rock Pigeon,5,2,May_W2,0.0524934,381.0
Rock Pigeon,5,3,May_W3,0.0766488,561.0
Rock Pigeon,5,4,May_W4,0.0466531,986.0
Rock Pigeon,6,1,Jun_W1,0.0269461,668.0
Rock Pigeon,6,2,Jun_W2,0.0314342,509.0
Rock Pigeon,6,3,Jun_W3,0.0395778,379.0
Rock Pigeon,6,4,Jun_W4,0.0334448,598.0
Rock Pigeon,7,1,Jul_W1,0.0360111,361.0
Rock Pigeon,7,2,Jul_W2,0.0220049,409.0
Rock Pigeon,7,3,Jul_W3,0.0251397,358.0
Rock Pigeon,7,4,Jul_W4,0.0453461,419.0
Rock Pigeon,8,1,Aug_W1,0.0423077,260.0
Rock Pigeon,8,2,Aug_W2,0.049505,303.0
Rock Pigeon,8,3,Aug_W3,0.037931,290.0
Rock Pigeon,8,4,Aug_W4,0.0216216,555.0
Rock Pigeon,9,1,Sep_W1,0.0459016,305.0
Rock Pigeon,9,2,Sep_W2,0.0353982,339.0
Rock Pigeon,9,3,Sep_W3,0.0448276,290.0
Rock Pigeon,9,4,Sep_W4,0.0258216,426.0
Rock Pigeon,10,1,Oct_W1,0.060423,331.0
Rock Pigeon,10,2,Oct_W2,0.0502092,478.0
Rock Pigeon,10,3,Oct_W3,0.070922,282.0
Rock Pigeon,10,4,Oct_W4,0.0626632,383.0
Rock Pigeon,11,1,Nov_W1,0.0869565,184.0
Rock Pigeon,11,2,Nov_W2,0.0955882,136.0
Rock Pigeon,11,3,Nov_W3,0.1123596,89.0
Rock Pigeon,11,4,Nov_W4,0.0857143,105.0
Rock Pigeon,12,1,Dec_W1,0.15,60.0
Rock Pigeon,12,2,Dec_W2,0.1111111,36.0
Rock Pigeon,12,3,Dec_W3,0.1385542,166.0
Rock Pigeon,12,4,Dec_W4,0.08,100.0
Mourning Dove,1,1,Jan_W1,0.1517857,112.0
Mourning Dove,1,2,Jan_W2,0.2340426,94.0
Mourning Dove,1,3,Jan_W3,0.2275862,145.0
Mourning Dove,1,4,Jan_W4,0.184,125.0
Mourning Dove,2,1,Feb_W1,0.2173913,115.0
Mourning Dove,2,2,Feb_W2,0.2083333,192.0
Mourning Dove,2,3,Feb_W3,0.2639594,197.0
Mourning Dove,2,4,Feb_W4,0.2539683,63.0
Mourning Dove,3,1,Mar_W1,0.2241379,58.0
Mourning Dove,3,2,Mar_W2,0.2,55.0
Mourning Dove,3,3,Mar_W3,0.1923077,78.0
Mourning Dove,3,4,Mar_W4,0.1533742,163.0
Mourning Dove,4,1,Apr_W1,0.1517241,145.0
Mourning Dove,4,2,Apr_W2,0.2402597,154.0
Mourning Dove,4,3,Apr_W3,0.2038217,157.0
Mourning Dove,4,4,Apr_W4,0.1666667,330.0
Mourning Dove,5,1,May_W1,0.1985294,272.0
Mourning Dove,5,2,May_W2,0.167979,381.0
Mourning Dove,5,3,May_W3,0.1889483,561.0
Mourning Dove,5,4,May_W4,0.1359026,986.0
Mourning Dove,6,1,Jun_W1,0.1392216,668.0
Mourning Dove,6,2,Jun_W2,0.1807466,509.0
Mourning Dove,6,3,Jun_W3,0.1794195,379.0
Mourning Dove,6,4,Jun_W4,0.1454849,598.0
Mourning Dove,7,1,Jul_W1,0.1024931,361.0
Mourning Dove,7,2,Jul_W2,0.1613692,409.0
Mourning Dove,7,3,Jul_W3,0.1620112,358.0
Mourning Dove,7,4,Jul_W4,0.1789976,419.0
Mourning Dove,8,1,Aug_W1,0.1692308,260.0
Mourning Dove,8,2,Aug_W2,0.1254125,303.0
Mourning Dove,8,3,Aug_W3,0.1241379,290.0
Mourning Dove,8,4,Aug_W4,0.1351351,555.0
Mourning Dove,9,1,Sep_W1,0.1409836,305.0
Mourning Dove,9,2,Sep_W2,0.1415929,339.0
Mourning Dove,9,3,Sep_W3,0.1172414,290.0
Mourning Dove,9,4,Sep_W4,0.0774648,426.0
Mourning Dove,10,1,Oct_W1,0.0664653,331.0
Mourning Dove,10,2,Oct_W2,0.0543933,478.0
Mourning Dove,10,3,Oct_W3,0.0319149,282.0
Mourning Dove,10,4,Oct_W4,0.0496084,383.0
Mourning Dove,11,1,Nov_W1,0.0434783,184.0
Mourning Dove,11,2,Nov_W2,0.0367647,136.0
Mourning Dove,11,3,Nov_W3,0.0449438,89.0
Mourning Dove,11,4,Nov_W4,0.0095238,105.0
Mourning Dove,12,1,Dec_W1,0.0833333,60.0
Mourning Dove,12,2,Dec_W2,0.1111111,36.0
Mourning Dove,12,3,Dec_W3,0.1325301,166.0
Mourning Dove,12,4,Dec_W4,0.12,100.0
Yellow-billed Cuckoo,1,1,Jan_W1,0.0,112.0
Yellow-billed Cuckoo,1,2,Jan_W2,0.0,94.0
Yellow-billed Cuckoo,1,3,Jan_W3,0.0,145.0
Yellow-billed Cuckoo,1,4,Jan_W4,0.0,125.0
Yellow-billed Cuckoo,2,1,Feb_W1,0.0,115.0
Yellow-billed Cuckoo,2,2,Feb_W2,0.0,192.0
Yellow-billed Cuckoo,2,3,Feb_W3,0.0,197.0
Yellow-billed Cuckoo,2,4,Feb_W4,0.0,63.0
Yellow-billed Cuckoo,3,1,Mar_W1,0.0,58.0
Yellow-billed Cuckoo,3,2,Mar_W2,0.0,55.0
Yellow-billed Cuckoo,3,3,Mar_W3,0.0,78.0
Yellow-billed Cuckoo,3,4,Mar_W4,0.0,163.0
Yellow-billed Cuckoo,4,1,Apr_W1,0.0,145.0
Yellow-billed Cuckoo,4,2,Apr_W2,0.0,154.0
Yellow-billed Cuckoo,4,3,Apr_W3,0.0,157.0
Yellow-billed Cuckoo,4,4,Apr_W4,0.0,330.0
Yellow-billed Cuckoo,5,1,May_W1,0.0,272.0
Yellow-billed Cuckoo,5,2,May_W2,0.0,381.0
Yellow-billed Cuckoo,5,3,May_W3,0.0,561.0
Yellow-billed Cuckoo,5,4,May_W4,0.0010142,986.0
Yellow-billed Cuckoo,6,1,Jun_W1,0.0,668.0
Yellow-billed Cuckoo,6,2,Jun_W2,0.0019646,509.0
Yellow-billed Cuckoo,6,3,Jun_W3,0.0026385,379.0
Yellow-billed Cuckoo,6,4,Jun_W4,0.0,598.0
Yellow-billed Cuckoo,7,1,Jul_W1,0.0027701,361.0
Yellow-billed Cuckoo,7,2,Jul_W2,0.0,409.0
Yellow-billed Cuckoo,7,3,Jul_W3,0.0,358.0
Yellow-billed Cuckoo,7,4,Jul_W4,0.0,419.0
Yellow-billed Cuckoo,8,1,Aug_W1,0.0,260.0
Yellow-billed Cuckoo,8,2,Aug_W2,0.0,303.0
Yellow-billed Cuckoo,8,3,Aug_W3,0.0,290.0
Yellow-billed Cuckoo,8,4,Aug_W4,0.0018018,555.0
Yellow-billed Cuckoo,9,1,Sep_W1,0.0,305.0
Yellow-billed Cuckoo,9,2,Sep_W2,0.0,339.0
Yellow-billed Cuckoo,9,3,Sep_W3,0.0015,290.0
Yellow-billed Cuckoo,9,4,Sep_W4,0.0,426.0
Yellow-billed Cuckoo,10,1,Oct_W1,0.0030211,331.0
Yellow-billed Cuckoo,10,2,Oct_W2,0.0,478.0
Yellow-billed Cuckoo,10,3,Oct_W3,0.0,282.0
Yellow-billed Cuckoo,10,4,Oct_W4,0.0,383.0
Yellow-billed Cuckoo,11,1,Nov_W1,0.0,184.0
Yellow-billed Cuckoo,11,2,Nov_W2,0.0,136.0
Yellow-billed Cuckoo,11,3,Nov_W3,0.0,89.0
Yellow-billed Cuckoo,11,4,Nov_W4,0.0,105.0
Yellow-billed Cuckoo,12,1,Dec_W1,0.0,60.0
Yellow-billed Cuckoo,12,2,Dec_W2,0.0,36.0
Yellow-billed Cuckoo,12,3,Dec_W3,0.0,166.0
Yellow-billed Cuckoo,12,4,Dec_W4,0.0,100.0
Black-billed Cuckoo,1,1,Jan_W1,0.0,112.0
Black-billed Cuckoo,1,2,Jan_W2,0.0,94.0
Black-billed Cuckoo,1,3,Jan_W3,0.0,145.0
Black-billed Cuckoo,1,4,Jan_W4,0.0,125.0
Black-billed Cuckoo,2,1,Feb_W1,0.0,115.0
Black-billed Cuckoo,2,2,Feb_W2,0.0,192.0
Black-billed Cuckoo,2,3,Feb_W3,0.0,197.0
Black-billed Cuckoo,2,4,Feb_W4,0.0,63.0
Black-billed Cuckoo,3,1,Mar_W1,0.0,58.0
Black-billed Cuckoo,3,2,Mar_W2,0.0,55.0
Black-billed Cuckoo,3,3,Mar_W3,0.0,78.0
Black-billed Cuckoo,3,4,Mar_W4,0.0,163.0
Black-billed Cuckoo,4,1,Apr_W1,0.0,145.0
Black-billed Cuckoo,4,2,Apr_W2,0.0,154.0
Black-billed Cuckoo,4,3,Apr_W3,0.0,157.0
Black-billed Cuckoo,4,4,Apr_W4,0.0,330.0
Black-billed Cuckoo,5,1,May_W1,0.0,272.0
Black-billed Cuckoo,5,2,May_W2,0.0,381.0
Black-billed Cuckoo,5,3,May_W3,0.0053476,561.0
Black-billed Cuckoo,5,4,May_W4,0.0020284,986.0
Black-billed Cuckoo,6,1,Jun_W1,0.0164671,668.0
Black-billed Cuckoo,6,2,Jun_W2,0.0314342,509.0
Black-billed Cuckoo,6,3,Jun_W3,0.0079156,379.0
Black-billed Cuckoo,6,4,Jun_W4,0.0250836,598.0
Black-billed Cuckoo,7,1,Jul_W1,0.0110803,361.0
Black-billed Cuckoo,7,2,Jul_W2,0.00489,409.0
Black-billed Cuckoo,7,3,Jul_W3,0.0027933,358.0
Black-billed Cuckoo,7,4,Jul_W4,0.0023866,419.0
Black-billed Cuckoo,8,1,Aug_W1,0.0,260.0
Black-billed Cuckoo,8,2,Aug_W2,0.0,303.0
Black-billed Cuckoo,8,3,Aug_W3,0.0,290.0
Black-billed Cuckoo,8,4,Aug_W4,0.0036036,555.0
Black-billed Cuckoo,9,1,Sep_W1,0.0032787,305.0
Black-billed Cuckoo,9,2,Sep_W2,0.0029499,339.0
Black-billed Cuckoo,9,3,Sep_W3,0.0,290.0
Black-billed Cuckoo,9,4,Sep_W4,0.0,426.0
Black-billed Cuckoo,10,1,Oct_W1,0.0,331.0
Black-billed Cuckoo,10,2,Oct_W2,0.0,478.0
Black-billed Cuckoo,10,3,Oct_W3,0.0,282.0
Black-billed Cuckoo,10,4,Oct_W4,0.0,383.0
Black-billed Cuckoo,11,1,Nov_W1,0.0,184.0
Black-billed Cuckoo,11,2,Nov_W2,0.0,136.0
Black-billed Cuckoo,11,3,Nov_W3,0.0,89.0
Black-billed Cuckoo,11,4,Nov_W4,0.0,105.0
Black-billed Cuckoo,12,1,Dec_W1,0.0,60.0
Black-billed Cuckoo,12,2,Dec_W2,0.0,36.0
Black-billed Cuckoo,12,3,Dec_W3,0.0,166.0
Black-billed Cuckoo,12,4,Dec_W4,0.0,100.0
Common Nighthawk,1,1,Jan_W1,0.0,112.0
Common Nighthawk,1,2,Jan_W2,0.0,94.0
Common Nighthawk,1,3,Jan_W3,0.0,145.0
Common Nighthawk,1,4,Jan_W4,0.0,125.0
Common Nighthawk,2,1,Feb_W1,0.0,115.0
Common Nighthawk,2,2,Feb_W2,0.0,192.0
Common Nighthawk,2,3,Feb_W3,0.0,197.0
Common Nighthawk,2,4,Feb_W4,0.0,63.0
Common Nighthawk,3,1,Mar_W1,0.0,58.0
Common Nighthawk,3,2,Mar_W2,0.0,55.0
Common Nighthawk,3,3,Mar_W3,0.0,78.0
Common Nighthawk,3,4,Mar_W4,0.0,163.0
Common Nighthawk,4,1,Apr_W1,0.0,145.0
Common Nighthawk,4,2,Apr_W2,0.0,154.0
Common Nighthawk,4,3,Apr_W3,0.0,157.0
Common Nighthawk,4,4,Apr_W4,0.0,330.0
Common Nighthawk,5,1,May_W1,0.0,272.0
Common Nighthawk,5,2,May_W2,0.0,381.0
Common Nighthawk,5,3,May_W3,0.0015,561.0
Common Nighthawk,5,4,May_W4,0.0121704,986.0
Common Nighthawk,6,1,Jun_W1,0.008982,668.0
Common Nighthawk,6,2,Jun_W2,0.0015,509.0
Common Nighthawk,6,3,Jun_W3,0.0026385,379.0
Common Nighthawk,6,4,Jun_W4,0.0050167,598.0
Common Nighthawk,7,1,Jul_W1,0.0027701,361.0
Common Nighthawk,7,2,Jul_W2,0.0015,409.0
Common Nighthawk,7,3,Jul_W3,0.0,358.0
Common Nighthawk,7,4,Jul_W4,0.0015,419.0
Common Nighthawk,8,1,Aug_W1,0.0015,260.0
Common Nighthawk,8,2,Aug_W2,0.0015,303.0
Common Nighthawk,8,3,Aug_W3,0.0137931,290.0
Common Nighthawk,8,4,Aug_W4,0.0468468,555.0
Common Nighthawk,9,1,Sep_W1,0.0327869,305.0
Common Nighthawk,9,2,Sep_W2,0.0265487,339.0
Common Nighthawk,9,3,Sep_W3,0.0103448,290.0
Common Nighthawk,9,4,Sep_W4,0.0023474,426.0
Common Nighthawk,10,1,Oct_W1,0.0,331.0
Common Nighthawk,10,2,Oct_W2,0.0,478.0
Common Nighthawk,10,3,Oct_W3,0.0,282.0
Common Nighthawk,10,4,Oct_W4,0.0,383.0
Common Nighthawk,11,1,Nov_W1,0.0,184.0
Common Nighthawk,11,2,Nov_W2,0.0,136.0
Common Nighthawk,11,3,Nov_W3,0.0,89.0
Common Nighthawk,11,4,Nov_W4,0.0,105.0
Common Nighthawk,12,1,Dec_W1,0.0,60.0
Common Nighthawk,12,2,Dec_W2,0.0,36.0
Common Nighthawk,12,3,Dec_W3,0.0,166.0
Common Nighthawk,12,4,Dec_W4,0.0,100.0
Eastern Whip-poor-will,1,1,Jan_W1,0.0,112.0
Eastern Whip-poor-will,1,2,Jan_W2,0.0,94.0
Eastern Whip-poor-will,1,3,Jan_W3,0.0,145.0
Eastern Whip-poor-will,1,4,Jan_W4,0.0,125.0
Eastern Whip-poor-will,2,1,Feb_W1,0.0,115.0
Eastern Whip-poor-will,2,2,Feb_W2,0.0,192.0
Eastern Whip-poor-will,2,3,Feb_W3,0.0,197.0
Eastern Whip-poor-will,2,4,Feb_W4,0.0,63.0
Eastern Whip-poor-will,3,1,Mar_W1,0.0,58.0
Eastern Whip-poor-will,3,2,Mar_W2,0.0,55.0
Eastern Whip-poor-will,3,3,Mar_W3,0.0,78.0
Eastern Whip-poor-will,3,4,Mar_W4,0.0,163.0
Eastern Whip-poor-will,4,1,Apr_W1,0.0,145.0
Eastern Whip-poor-will,4,2,Apr_W2,0.0,154.0
Eastern Whip-poor-will,4,3,Apr_W3,0.0,157.0
Eastern Whip-poor-will,4,4,Apr_W4,0.0030303,330.0
Eastern Whip-poor-will,5,1,May_W1,0.0,272.0
Eastern Whip-poor-will,5,2,May_W2,0.0026247,381.0
Eastern Whip-poor-will,5,3,May_W3,0.0017825,561.0
Eastern Whip-poor-will,5,4,May_W4,0.0030426,986.0
Eastern Whip-poor-will,6,1,Jun_W1,0.0015,668.0
Eastern Whip-poor-will,6,2,Jun_W2,0.0039293,509.0
Eastern Whip-poor-will,6,3,Jun_W3,0.0015,379.0
Eastern Whip-poor-will,6,4,Jun_W4,0.006689,598.0
Eastern Whip-poor-will,7,1,Jul_W1,0.0027701,361.0
Eastern Whip-poor-will,7,2,Jul_W2,0.002445,409.0
Eastern Whip-poor-will,7,3,Jul_W3,0.0,358.0
Eastern Whip-poor-will,7,4,Jul_W4,0.0023866,419.0
Eastern Whip-poor-will,8,1,Aug_W1,0.0038462,260.0
Eastern Whip-poor-will,8,2,Aug_W2,0.0,303.0
Eastern Whip-poor-will,8,3,Aug_W3,0.0034483,290.0
Eastern Whip-poor-will,8,4,Aug_W4,0.0015,555.0
Eastern Whip-poor-will,9,1,Sep_W1,0.0,305.0
Eastern Whip-poor-will,9,2,Sep_W2,0.0,339.0
Eastern Whip-poor-will,9,3,Sep_W3,0.0015,290.0
Eastern Whip-poor-will,9,4,Sep_W4,0.0046948,426.0
Eastern Whip-poor-will,10,1,Oct_W1,0.0,331.0
Eastern Whip-poor-will,10,2,Oct_W2,0.0,478.0
Eastern Whip-poor-will,10,3,Oct_W3,0.0,282.0
Eastern Whip-poor-will,10,4,Oct_W4,0.0,383.0
Eastern Whip-poor-will,11,1,Nov_W1,0.0,184.0
Eastern Whip-poor-will,11,2,Nov_W2,0.0,136.0
Eastern Whip-poor-will,11,3,Nov_W3,0.0,89.0
Eastern Whip-poor-will,11,4,Nov_W4,0.0,105.0
Eastern Whip-poor-will,12,1,Dec_W1,0.0,60.0
Eastern Whip-poor-will,12,2,Dec_W2,0.0,36.0
Eastern Whip-poor-will,12,3,Dec_W3,0.0,166.0
Eastern Whip-poor-will,12,4,Dec_W4,0.0,100.0
Chimney Swift,1,1,Jan_W1,0.0,112.0
Chimney Swift,1,2,Jan_W2,0.0,94.0
Chimney Swift,1,3,Jan_W3,0.0,145.0
Chimney Swift,1,4,Jan_W4,0.0,125.0
Chimney Swift,2,1,Feb_W1,0.0,115.0
Chimney Swift,2,2,Feb_W2,0.0,192.0
Chimney Swift,2,3,Feb_W3,0.0,197.0
Chimney Swift,2,4,Feb_W4,0.0,63.0
Chimney Swift,3,1,Mar_W1,0.0,58.0
Chimney Swift,3,2,Mar_W2,0.0,55.0
Chimney Swift,3,3,Mar_W3,0.0,78.0
Chimney Swift,3,4,Mar_W4,0.0,163.0
Chimney Swift,4,1,Apr_W1,0.0,145.0
Chimney Swift,4,2,Apr_W2,0.0,154.0
Chimney Swift,4,3,Apr_W3,0.0,157.0
Chimney Swift,4,4,Apr_W4,0.0030303,330.0
Chimney Swift,5,1,May_W1,0.0073529,272.0
Chimney Swift,5,2,May_W2,0.0419948,381.0
Chimney Swift,5,3,May_W3,0.0606061,561.0
Chimney Swift,5,4,May_W4,0.0638945,986.0
Chimney Swift,6,1,Jun_W1,0.0868263,668.0
Chimney Swift,6,2,Jun_W2,0.1434185,509.0
Chimney Swift,6,3,Jun_W3,0.1319261,379.0
Chimney Swift,6,4,Jun_W4,0.1036789,598.0
Chimney Swift,7,1,Jul_W1,0.0692521,361.0
Chimney Swift,7,2,Jul_W2,0.0733496,409.0
Chimney Swift,7,3,Jul_W3,0.1061453,358.0
Chimney Swift,7,4,Jul_W4,0.124105,419.0
Chimney Swift,8,1,Aug_W1,0.1384615,260.0
Chimney Swift,8,2,Aug_W2,0.1155116,303.0
Chimney Swift,8,3,Aug_W3,0.0896552,290.0
Chimney Swift,8,4,Aug_W4,0.0720721,555.0
Chimney Swift,9,1,Sep_W1,0.0360656,305.0
Chimney Swift,9,2,Sep_W2,0.0117994,339.0
Chimney Swift,9,3,Sep_W3,0.0068966,290.0
Chimney Swift,9,4,Sep_W4,0.0023474,426.0
Chimney Swift,10,1,Oct_W1,0.0,331.0
Chimney Swift,10,2,Oct_W2,0.0020921,478.0
Chimney Swift,10,3,Oct_W3,0.0,282.0
Chimney Swift,10,4,Oct_W4,0.002611,383.0
Chimney Swift,11,1,Nov_W1,0.0,184.0
Chimney Swift,11,2,Nov_W2,0.0,136.0
Chimney Swift,11,3,Nov_W3,0.0,89.0
Chimney Swift,11,4,Nov_W4,0.0,105.0
Chimney Swift,12,1,Dec_W1,0.0,60.0
Chimney Swift,12,2,Dec_W2,0.0,36.0
Chimney Swift,12,3,Dec_W3,0.0,166.0
Chimney Swift,12,4,Dec_W4,0.0,100.0
Ruby-throated Hummingbird,1,1,Jan_W1,0.0,112.0
Ruby-throated Hummingbird,1,2,Jan_W2,0.0,94.0
Ruby-throated Hummingbird,1,3,Jan_W3,0.0,145.0
Ruby-throated Hummingbird,1,4,Jan_W4,0.0,125.0
Ruby-throated Hummingbird,2,1,Feb_W1,0.0,115.0
Ruby-throated Hummingbird,2,2,Feb_W2,0.0,192.0
Ruby-throated Hummingbird,2,3,Feb_W3,0.0,197.0
Ruby-throated Hummingbird,2,4,Feb_W4,0.0,63.0
Ruby-throated Hummingbird,3,1,Mar_W1,0.0,58.0
Ruby-throated Hummingbird,3,2,Mar_W2,0.0,55.0
Ruby-throated Hummingbird,3,3,Mar_W3,0.0,78.0
Ruby-throated Hummingbird,3,4,Mar_W4,0.0,163.0
Ruby-throated Hummingbird,4,1,Apr_W1,0.0,145.0
Ruby-throated Hummingbird,4,2,Apr_W2,0.0,154.0
Ruby-throated Hummingbird,4,3,Apr_W3,0.0,157.0
Ruby-throated Hummingbird,4,4,Apr_W4,0.0,330.0
Ruby-throated Hummingbird,5,1,May_W1,0.0073529,272.0
Ruby-throated Hummingbird,5,2,May_W2,0.0524934,381.0
Ruby-throated Hummingbird,5,3,May_W3,0.1390374,561.0
Ruby-throated Hummingbird,5,4,May_W4,0.1196755,986.0
Ruby-throated Hummingbird,6,1,Jun_W1,0.0853293,668.0
Ruby-throated Hummingbird,6,2,Jun_W2,0.0530452,509.0
Ruby-throated Hummingbird,6,3,Jun_W3,0.0422164,379.0
Ruby-throated Hummingbird,6,4,Jun_W4,0.0468227,598.0
Ruby-throated Hummingbird,7,1,Jul_W1,0.0720222,361.0
Ruby-throated Hummingbird,7,2,Jul_W2,0.0611247,409.0
Ruby-throated Hummingbird,7,3,Jul_W3,0.0698324,358.0
Ruby-throated Hummingbird,7,4,Jul_W4,0.0859189,419.0
Ruby-throated Hummingbird,8,1,Aug_W1,0.1269231,260.0
Ruby-throated Hummingbird,8,2,Aug_W2,0.1023102,303.0
Ruby-throated Hummingbird,8,3,Aug_W3,0.2137931,290.0
Ruby-throated Hummingbird,8,4,Aug_W4,0.2558559,555.0
Ruby-throated Hummingbird,9,1,Sep_W1,0.3016393,305.0
Ruby-throated Hummingbird,9,2,Sep_W2,0.2241888,339.0
Ruby-throated Hummingbird,9,3,Sep_W3,0.0827586,290.0
Ruby-throated Hummingbird,9,4,Sep_W4,0.0117371,426.0
Ruby-throated Hummingbird,10,1,Oct_W1,0.0060423,331.0
Ruby-throated Hummingbird,10,2,Oct_W2,0.0,478.0
Ruby-throated Hummingbird,10,3,Oct_W3,0.0,282.0
Ruby-throated Hummingbird,10,4,Oct_W4,0.0,383.0
Ruby-throated Hummingbird,11,1,Nov_W1,0.0,184.0
Ruby-throated Hummingbird,11,2,Nov_W2,0.0,136.0
Ruby-throated Hummingbird,11,3,Nov_W3,0.0,89.0
Ruby-throated Hummingbird,11,4,Nov_W4,0.0,105.0
Ruby-throated Hummingbird,12,1,Dec_W1,0.0,60.0
Ruby-throated Hummingbird,12,2,Dec_W2,0.0,36.0
Ruby-throated Hummingbird,12,3,Dec_W3,0.0,166.0
Ruby-throated Hummingbird,12,4,Dec_W4,0.0,100.0
Virginia Rail,1,1,Jan_W1,0.0,112.0
Virginia Rail,1,2,Jan_W2,0.0,94.0
Virginia Rail,1,3,Jan_W3,0.0,145.0
Virginia Rail,1,4,Jan_W4,0.0,125.0
Virginia Rail,2,1,Feb_W1,0.0,115.0
Virginia Rail,2,2,Feb_W2,0.0,192.0
Virginia Rail,2,3,Feb_W3,0.0,197.0
Virginia Rail,2,4,Feb_W4,0.0,63.0
Virginia Rail,3,1,Mar_W1,0.0,58.0
Virginia Rail,3,2,Mar_W2,0.0,55.0
Virginia Rail,3,3,Mar_W3,0.0,78.0
Virginia Rail,3,4,Mar_W4,0.0,163.0
Virginia Rail,4,1,Apr_W1,0.0,145.0
Virginia Rail,4,2,Apr_W2,0.0,154.0
Virginia Rail,4,3,Apr_W3,0.0,157.0
Virginia Rail,4,4,Apr_W4,0.0015,330.0
Virginia Rail,5,1,May_W1,0.0015,272.0
Virginia Rail,5,2,May_W2,0.007874,381.0
Virginia Rail,5,3,May_W3,0.0053476,561.0
Virginia Rail,5,4,May_W4,0.0091278,986.0
Virginia Rail,6,1,Jun_W1,0.0134731,668.0
Virginia Rail,6,2,Jun_W2,0.0196464,509.0
Virginia Rail,6,3,Jun_W3,0.005277,379.0
Virginia Rail,6,4,Jun_W4,0.0117057,598.0
Virginia Rail,7,1,Jul_W1,0.0110803,361.0
Virginia Rail,7,2,Jul_W2,0.00978,409.0
Virginia Rail,7,3,Jul_W3,0.0027933,358.0
Virginia Rail,7,4,Jul_W4,0.0023866,419.0
Virginia Rail,8,1,Aug_W1,0.0038462,260.0
Virginia Rail,8,2,Aug_W2,0.0,303.0
Virginia Rail,8,3,Aug_W3,0.0,290.0
Virginia Rail,8,4,Aug_W4,0.0015,555.0
Virginia Rail,9,1,Sep_W1,0.0,305.0
Virginia Rail,9,2,Sep_W2,0.0029499,339.0
Virginia Rail,9,3,Sep_W3,0.0015,290.0
Virginia Rail,9,4,Sep_W4,0.0,426.0
Virginia Rail,10,1,Oct_W1,0.0,331.0
Virginia Rail,10,2,Oct_W2,0.0,478.0
Virginia Rail,10,3,Oct_W3,0.0,282.0
Virginia Rail,10,4,Oct_W4,0.0,383.0
Virginia Rail,11,1,Nov_W1,0.0,184.0
Virginia Rail,11,2,Nov_W2,0.0,136.0
Virginia Rail,11,3,Nov_W3,0.0,89.0
Virginia Rail,11,4,Nov_W4,0.0,105.0
Virginia Rail,12,1,Dec_W1,0.0,60.0
Virginia Rail,12,2,Dec_W2,0.0,36.0
Virginia Rail,12,3,Dec_W3,0.0,166.0
Virginia Rail,12,4,Dec_W4,0.0,100.0
Sora,1,1,Jan_W1,0.0,112.0
Sora,1,2,Jan_W2,0.0,94.0
Sora,1,3,Jan_W3,0.0,145.0
Sora,1,4,Jan_W4,0.0,125.0
Sora,2,1,Feb_W1,0.0,115.0
Sora,2,2,Feb_W2,0.0,192.0
Sora,2,3,Feb_W3,0.0,197.0
Sora,2,4,Feb_W4,0.0,63.0
Sora,3,1,Mar_W1,0.0,58.0
Sora,3,2,Mar_W2,0.0,55.0
Sora,3,3,Mar_W3,0.0,78.0
Sora,3,4,Mar_W4,0.0,163.0
Sora,4,1,Apr_W1,0.0,145.0
Sora,4,2,Apr_W2,0.0,154.0
Sora,4,3,Apr_W3,0.0,157.0
Sora,4,4,Apr_W4,0.0,330.0
Sora,5,1,May_W1,0.0073529,272.0
Sora,5,2,May_W2,0.0104987,381.0
Sora,5,3,May_W3,0.0249554,561.0
Sora,5,4,May_W4,0.0212982,986.0
Sora,6,1,Jun_W1,0.0134731,668.0
Sora,6,2,Jun_W2,0.0157171,509.0
Sora,6,3,Jun_W3,0.0079156,379.0
Sora,6,4,Jun_W4,0.006689,598.0
Sora,7,1,Jul_W1,0.0,361.0
Sora,7,2,Jul_W2,0.00978,409.0
Sora,7,3,Jul_W3,0.0055866,358.0
Sora,7,4,Jul_W4,0.0023866,419.0
Sora,8,1,Aug_W1,0.0,260.0
Sora,8,2,Aug_W2,0.0,303.0
Sora,8,3,Aug_W3,0.0,290.0
Sora,8,4,Aug_W4,0.0,555.0
Sora,9,1,Sep_W1,0.0,305.0
Sora,9,2,Sep_W2,0.0,339.0
Sora,9,3,Sep_W3,0.0068966,290.0
Sora,9,4,Sep_W4,0.0046948,426.0
Sora,10,1,Oct_W1,0.0,331.0
Sora,10,2,Oct_W2,0.0,478.0
Sora,10,3,Oct_W3,0.0,282.0
Sora,10,4,Oct_W4,0.0,383.0
Sora,11,1,Nov_W1,0.0,184.0
Sora,11,2,Nov_W2,0.0,136.0
Sora,11,3,Nov_W3,0.0,89.0
Sora,11,4,Nov_W4,0.0,105.0
Sora,12,1,Dec_W1,0.0,60.0
Sora,12,2,Dec_W2,0.0,36.0
Sora,12,3,Dec_W3,0.0,166.0
Sora,12,4,Dec_W4,0.0,100.0
American Coot,1,1,Jan_W1,0.0,112.0
American Coot,1,2,Jan_W2,0.0,94.0
American Coot,1,3,Jan_W3,0.0,145.0
American Coot,1,4,Jan_W4,0.0,125.0
American Coot,2,1,Feb_W1,0.0,115.0
American Coot,2,2,Feb_W2,0.0,192.0
American Coot,2,3,Feb_W3,0.0,197.0
American Coot,2,4,Feb_W4,0.0,63.0
American Coot,3,1,Mar_W1,0.0,58.0
American Coot,3,2,Mar_W2,0.0,55.0
American Coot,3,3,Mar_W3,0.0,78.0
American Coot,3,4,Mar_W4,0.006135,163.0
American Coot,4,1,Apr_W1,0.0,145.0
American Coot,4,2,Apr_W2,0.0,154.0
American Coot,4,3,Apr_W3,0.0,157.0
American Coot,4,4,Apr_W4,0.0060606,330.0
American Coot,5,1,May_W1,0.0036765,272.0
American Coot,5,2,May_W2,0.0,381.0
American Coot,5,3,May_W3,0.0015,561.0
American Coot,5,4,May_W4,0.0,986.0
American Coot,6,1,Jun_W1,0.001497,668.0
American Coot,6,2,Jun_W2,0.0019646,509.0
American Coot,6,3,Jun_W3,0.0,379.0
American Coot,6,4,Jun_W4,0.0016722,598.0
American Coot,7,1,Jul_W1,0.0,361.0
American Coot,7,2,Jul_W2,0.0,409.0
American Coot,7,3,Jul_W3,0.0027933,358.0
American Coot,7,4,Jul_W4,0.0023866,419.0
American Coot,8,1,Aug_W1,0.0,260.0
American Coot,8,2,Aug_W2,0.0015,303.0
American Coot,8,3,Aug_W3,0.0,290.0
American Coot,8,4,Aug_W4,0.0018018,555.0
American Coot,9,1,Sep_W1,0.0,305.0
American Coot,9,2,Sep_W2,0.0,339.0
American Coot,9,3,Sep_W3,0.0068966,290.0
American Coot,9,4,Sep_W4,0.0070423,426.0
American Coot,10,1,Oct_W1,0.0030211,331.0
American Coot,10,2,Oct_W2,0.0104603,478.0
American Coot,10,3,Oct_W3,0.0319149,282.0
American Coot,10,4,Oct_W4,0.0391645,383.0
American Coot,11,1,Nov_W1,0.0271739,184.0
American Coot,11,2,Nov_W2,0.0220588,136.0
American Coot,11,3,Nov_W3,0.011236,89.0
American Coot,11,4,Nov_W4,0.0095238,105.0
American Coot,12,1,Dec_W1,0.0166667,60.0
American Coot,12,2,Dec_W2,0.0,36.0
American Coot,12,3,Dec_W3,0.0,166.0
American Coot,12,4,Dec_W4,0.0,100.0
Sandhill Crane,1,1,Jan_W1,0.0,112.0
Sandhill Crane,1,2,Jan_W2,0.0,94.0
Sandhill Crane,1,3,Jan_W3,0.0,145.0
Sandhill Crane,1,4,Jan_W4,0.0,125.0
Sandhill Crane,2,1,Feb_W1,0.0,115.0
Sandhill Crane,2,2,Feb_W2,0.0,192.0
Sandhill Crane,2,3,Feb_W3,0.0,197.0
Sandhill Crane,2,4,Feb_W4,0.0,63.0
Sandhill Crane,3,1,Mar_W1,0.0,58.0
Sandhill Crane,3,2,Mar_W2,0.0015,55.0
Sandhill Crane,3,3,Mar_W3,0.025641,78.0
Sandhill Crane,3,4,Mar_W4,0.1472393,163.0
Sandhill Crane,4,1,Apr_W1,0.2275862,145.0
Sandhill Crane,4,2,Apr_W2,0.2922078,154.0
Sandhill Crane,4,3,Apr_W3,0.2675159,157.0
Sandhill Crane,4,4,Apr_W4,0.2454545,330.0
Sandhill Crane,5,1,May_W1,0.1470588,272.0
Sandhill Crane,5,2,May_W2,0.160105,381.0
Sandhill Crane,5,3,May_W3,0.1229947,561.0
Sandhill Crane,5,4,May_W4,0.1501014,986.0
Sandhill Crane,6,1,Jun_W1,0.1526946,668.0
Sandhill Crane,6,2,Jun_W2,0.086444,509.0
Sandhill Crane,6,3,Jun_W3,0.0949868,379.0
Sandhill Crane,6,4,Jun_W4,0.0785953,598.0
Sandhill Crane,7,1,Jul_W1,0.066482,361.0
Sandhill Crane,7,2,Jul_W2,0.0757946,409.0
Sandhill Crane,7,3,Jul_W3,0.0698324,358.0
Sandhill Crane,7,4,Jul_W4,0.0954654,419.0
Sandhill Crane,8,1,Aug_W1,0.0576923,260.0
Sandhill Crane,8,2,Aug_W2,0.049505,303.0
Sandhill Crane,8,3,Aug_W3,0.0689655,290.0
Sandhill Crane,8,4,Aug_W4,0.0972973,555.0
Sandhill Crane,9,1,Sep_W1,0.1016393,305.0
Sandhill Crane,9,2,Sep_W2,0.1061947,339.0
Sandhill Crane,9,3,Sep_W3,0.1793103,290.0
Sandhill Crane,9,4,Sep_W4,0.2441315,426.0
Sandhill Crane,10,1,Oct_W1,0.1329305,331.0
Sandhill Crane,10,2,Oct_W2,0.1820084,478.0
Sandhill Crane,10,3,Oct_W3,0.1808511,282.0
Sandhill Crane,10,4,Oct_W4,0.1253264,383.0
Sandhill Crane,11,1,Nov_W1,0.0923913,184.0
Sandhill Crane,11,2,Nov_W2,0.0147059,136.0
Sandhill Crane,11,3,Nov_W3,0.0,89.0
Sandhill Crane,11,4,Nov_W4,0.0,105.0
Sandhill Crane,12,1,Dec_W1,0.0,60.0
Sandhill Crane,12,2,Dec_W2,0.0,36.0
Sandhill Crane,12,3,Dec_W3,0.0015,166.0
Sandhill Crane,12,4,Dec_W4,0.0,100.0
Whooping Crane,1,1,Jan_W1,0.0,112.0
Whooping Crane,1,2,Jan_W2,0.0,94.0
Whooping Crane,1,3,Jan_W3,0.0,145.0
Whooping Crane,1,4,Jan_W4,0.0,125.0
Whooping Crane,2,1,Feb_W1,0.0,115.0
Whooping Crane,2,2,Feb_W2,0.0,192.0
Whooping Crane,2,3,Feb_W3,0.0,197.0
Whooping Crane,2,4,Feb_W4,0.0,63.0
Whooping Crane,3,1,Mar_W1,0.0,58.0
Whooping Crane,3,2,Mar_W2,0.0,55.0
Whooping Crane,3,3,Mar_W3,0.0,78.0
Whooping Crane,3,4,Mar_W4,0.0,163.0
Whooping Crane,4,1,Apr_W1,0.0,145.0
Whooping Crane,4,2,Apr_W2,0.0,154.0
Whooping Crane,4,3,Apr_W3,0.0,157.0
Whooping Crane,4,4,Apr_W4,0.0,330.0
Whooping Crane,5,1,May_W1,0.0147059,272.0
Whooping Crane,5,2,May_W2,0.0104987,381.0
Whooping Crane,5,3,May_W3,0.0,561.0
Whooping Crane,5,4,May_W4,0.0,986.0
Whooping Crane,6,1,Jun_W1,0.0,668.0
Whooping Crane,6,2,Jun_W2,0.0,509.0
Whooping Crane,6,3,Jun_W3,0.0,379.0
Whooping Crane,6,4,Jun_W4,0.0,598.0
Whooping Crane,7,1,Jul_W1,0.0,361.0
Whooping Crane,7,2,Jul_W2,0.0,409.0
Whooping Crane,7,3,Jul_W3,0.0,358.0
Whooping Crane,7,4,Jul_W4,0.0,419.0
Whooping Crane,8,1,Aug_W1,0.0,260.0
Whooping Crane,8,2,Aug_W2,0.0,303.0
Whooping Crane,8,3,Aug_W3,0.0,290.0
Whooping Crane,8,4,Aug_W4,0.0,555.0
Whooping Crane,9,1,Sep_W1,0.0,305.0
Whooping Crane,9,2,Sep_W2,0.0,339.0
Whooping Crane,9,3,Sep_W3,0.0,290.0
Whooping Crane,9,4,Sep_W4,0.0,426.0
Whooping Crane,10,1,Oct_W1,0.0,331.0
Whooping Crane,10,2,Oct_W2,0.0,478.0
Whooping Crane,10,3,Oct_W3,0.0,282.0
Whooping Crane,10,4,Oct_W4,0.0,383.0
Whooping Crane,11,1,Nov_W1,0.0,184.0
Whooping Crane,11,2,Nov_W2,0.0,136.0
Whooping Crane,11,3,Nov_W3,0.0,89.0
Whooping Crane,11,4,Nov_W4,0.0,105.0
Whooping Crane,12,1,Dec_W1,0.0,60.0
Whooping Crane,12,2,Dec_W2,0.0,36.0
Whooping Crane,12,3,Dec_W3,0.0,166.0
Whooping Crane,12,4,Dec_W4,0.0,100.0
American Avocet,1,1,Jan_W1,0.0,112.0
American Avocet,1,2,Jan_W2,0.0,94.0
American Avocet,1,3,Jan_W3,0.0,145.0
American Avocet,1,4,Jan_W4,0.0,125.0
American Avocet,2,1,Feb_W1,0.0,115.0
American Avocet,2,2,Feb_W2,0.0,192.0
American Avocet,2,3,Feb_W3,0.0,197.0
American Avocet,2,4,Feb_W4,0.0,63.0
American Avocet,3,1,Mar_W1,0.0,58.0
American Avocet,3,2,Mar_W2,0.0,55.0
American Avocet,3,3,Mar_W3,0.0,78.0
American Avocet,3,4,Mar_W4,0.0,163.0
American Avocet,4,1,Apr_W1,0.0,145.0
American Avocet,4,2,Apr_W2,0.0,154.0
American Avocet,4,3,Apr_W3,0.0,157.0
American Avocet,4,4,Apr_W4,0.0,330.0
American Avocet,5,1,May_W1,0.0,272.0
American Avocet,5,2,May_W2,0.0026247,381.0
American Avocet,5,3,May_W3,0.0,561.0
American Avocet,5,4,May_W4,0.0,986.0
American Avocet,6,1,Jun_W1,0.0,668.0
American Avocet,6,2,Jun_W2,0.0,509.0
American Avocet,6,3,Jun_W3,0.0,379.0
American Avocet,6,4,Jun_W4,0.0,598.0
American Avocet,7,1,Jul_W1,0.0,361.0
American Avocet,7,2,Jul_W2,0.0,409.0
American Avocet,7,3,Jul_W3,0.0,358.0
American Avocet,7,4,Jul_W4,0.0,419.0
American Avocet,8,1,Aug_W1,0.0,260.0
American Avocet,8,2,Aug_W2,0.0,303.0
American Avocet,8,3,Aug_W3,0.0,290.0
American Avocet,8,4,Aug_W4,0.0,555.0
American Avocet,9,1,Sep_W1,0.0,305.0
American Avocet,9,2,Sep_W2,0.0,339.0
American Avocet,9,3,Sep_W3,0.0,290.0
American Avocet,9,4,Sep_W4,0.0,426.0
American Avocet,10,1,Oct_W1,0.0,331.0
American Avocet,10,2,Oct_W2,0.0,478.0
American Avocet,10,3,Oct_W3,0.0,282.0
American Avocet,10,4,Oct_W4,0.002611,383.0
American Avocet,11,1,Nov_W1,0.0,184.0
American Avocet,11,2,Nov_W2,0.0,136.0
American Avocet,11,3,Nov_W3,0.0,89.0
American Avocet,11,4,Nov_W4,0.0,105.0
American Avocet,12,1,Dec_W1,0.0,60.0
American Avocet,12,2,Dec_W2,0.0,36.0
American Avocet,12,3,Dec_W3,0.0,166.0
American Avocet,12,4,Dec_W4,0.0,100.0
Black-bellied Plover,1,1,Jan_W1,0.0,112.0
Black-bellied Plover,1,2,Jan_W2,0.0,94.0
Black-bellied Plover,1,3,Jan_W3,0.0,145.0
Black-bellied Plover,1,4,Jan_W4,0.0,125.0
Black-bellied Plover,2,1,Feb_W1,0.0,115.0
Black-bellied Plover,2,2,Feb_W2,0.0,192.0
Black-bellied Plover,2,3,Feb_W3,0.0,197.0
Black-bellied Plover,2,4,Feb_W4,0.0,63.0
Black-bellied Plover,3,1,Mar_W1,0.0,58.0
Black-bellied Plover,3,2,Mar_W2,0.0,55.0
Black-bellied Plover,3,3,Mar_W3,0.0,78.0
Black-bellied Plover,3,4,Mar_W4,0.0,163.0
Black-bellied Plover,4,1,Apr_W1,0.0,145.0
Black-bellied Plover,4,2,Apr_W2,0.0,154.0
Black-bellied Plover,4,3,Apr_W3,0.0,157.0
Black-bellied Plover,4,4,Apr_W4,0.0,330.0
Black-bellied Plover,5,1,May_W1,0.0,272.0
Black-bellied Plover,5,2,May_W2,0.0026247,381.0
Black-bellied Plover,5,3,May_W3,0.0338681,561.0
Black-bellied Plover,5,4,May_W4,0.0415822,986.0
Black-bellied Plover,6,1,Jun_W1,0.004491,668.0
Black-bellied Plover,6,2,Jun_W2,0.0098232,509.0
Black-bellied Plover,6,3,Jun_W3,0.0,379.0
Black-bellied Plover,6,4,Jun_W4,0.0,598.0
Black-bellied Plover,7,1,Jul_W1,0.0,361.0
Black-bellied Plover,7,2,Jul_W2,0.0,409.0
Black-bellied Plover,7,3,Jul_W3,0.0,358.0
Black-bellied Plover,7,4,Jul_W4,0.0,419.0
Black-bellied Plover,8,1,Aug_W1,0.0038462,260.0
Black-bellied Plover,8,2,Aug_W2,0.0015,303.0
Black-bellied Plover,8,3,Aug_W3,0.0034483,290.0
Black-bellied Plover,8,4,Aug_W4,0.0036036,555.0
Black-bellied Plover,9,1,Sep_W1,0.0163934,305.0
Black-bellied Plover,9,2,Sep_W2,0.0088496,339.0
Black-bellied Plover,9,3,Sep_W3,0.0206897,290.0
Black-bellied Plover,9,4,Sep_W4,0.0164319,426.0
Black-bellied Plover,10,1,Oct_W1,0.0181269,331.0
Black-bellied Plover,10,2,Oct_W2,0.0251046,478.0
Black-bellied Plover,10,3,Oct_W3,0.0141844,282.0
Black-bellied Plover,10,4,Oct_W4,0.0130548,383.0
Black-bellied Plover,11,1,Nov_W1,0.0163043,184.0
Black-bellied Plover,11,2,Nov_W2,0.0,136.0
Black-bellied Plover,11,3,Nov_W3,0.0,89.0
Black-bellied Plover,11,4,Nov_W4,0.0,105.0
Black-bellied Plover,12,1,Dec_W1,0.0,60.0
Black-bellied Plover,12,2,Dec_W2,0.0,36.0
Black-bellied Plover,12,3,Dec_W3,0.0,166.0
Black-bellied Plover,12,4,Dec_W4,0.0,100.0
American Golden-Plover,1,1,Jan_W1,0.0,112.0
American Golden-Plover,1,2,Jan_W2,0.0,94.0
American Golden-Plover,1,3,Jan_W3,0.0,145.0
American Golden-Plover,1,4,Jan_W4,0.0,125.0
American Golden-Plover,2,1,Feb_W1,0.0,115.0
American Golden-Plover,2,2,Feb_W2,0.0,192.0
American Golden-Plover,2,3,Feb_W3,0.0,197.0
American Golden-Plover,2,4,Feb_W4,0.0,63.0
American Golden-Plover,3,1,Mar_W1,0.0,58.0
American Golden-Plover,3,2,Mar_W2,0.0,55.0
American Golden-Plover,3,3,Mar_W3,0.0,78.0
American Golden-Plover,3,4,Mar_W4,0.0,163.0
American Golden-Plover,4,1,Apr_W1,0.0,145.0
American Golden-Plover,4,2,Apr_W2,0.0,154.0
American Golden-Plover,4,3,Apr_W3,0.0,157.0
American Golden-Plover,4,4,Apr_W4,0.0,330.0
American Golden-Plover,5,1,May_W1,0.0,272.0
American Golden-Plover,5,2,May_W2,0.0,381.0
American Golden-Plover,5,3,May_W3,0.0,561.0
American Golden-Plover,5,4,May_W4,0.0020284,986.0
American Golden-Plover,6,1,Jun_W1,0.0,668.0
American Golden-Plover,6,2,Jun_W2,0.0,509.0
American Golden-Plover,6,3,Jun_W3,0.0,379.0
American Golden-Plover,6,4,Jun_W4,0.0,598.0
American Golden-Plover,7,1,Jul_W1,0.0,361.0
American Golden-Plover,7,2,Jul_W2,0.0,409.0
American Golden-Plover,7,3,Jul_W3,0.0,358.0
American Golden-Plover,7,4,Jul_W4,0.0,419.0
American Golden-Plover,8,1,Aug_W1,0.0,260.0
American Golden-Plover,8,2,Aug_W2,0.0,303.0
American Golden-Plover,8,3,Aug_W3,0.0,290.0
American Golden-Plover,8,4,Aug_W4,0.0072072,555.0
American Golden-Plover,9,1,Sep_W1,0.0295082,305.0
American Golden-Plover,9,2,Sep_W2,0.0678466,339.0
American Golden-Plover,9,3,Sep_W3,0.0862069,290.0
American Golden-Plover,9,4,Sep_W4,0.0962441,426.0
American Golden-Plover,10,1,Oct_W1,0.0785498,331.0
American Golden-Plover,10,2,Oct_W2,0.0355649,478.0
American Golden-Plover,10,3,Oct_W3,0.0460993,282.0
American Golden-Plover,10,4,Oct_W4,0.0234987,383.0
American Golden-Plover,11,1,Nov_W1,0.0217391,184.0
American Golden-Plover,11,2,Nov_W2,0.0,136.0
American Golden-Plover,11,3,Nov_W3,0.0,89.0
American Golden-Plover,11,4,Nov_W4,0.0,105.0
American Golden-Plover,12,1,Dec_W1,0.0,60.0
American Golden-Plover,12,2,Dec_W2,0.0,36.0
American Golden-Plover,12,3,Dec_W3,0.0,166.0
American Golden-Plover,12,4,Dec_W4,0.0,100.0
Killdeer,1,1,Jan_W1,0.0,112.0
Killdeer,1,2,Jan_W2,0.0,94.0
Killdeer,1,3,Jan_W3,0.0,145.0
Killdeer,1,4,Jan_W4,0.0,125.0
Killdeer,2,1,Feb_W1,0.0,115.0
Killdeer,2,2,Feb_W2,0.0,192.0
Killdeer,2,3,Feb_W3,0.0,197.0
Killdeer,2,4,Feb_W4,0.0,63.0
Killdeer,3,1,Mar_W1,0.0,58.0
Killdeer,3,2,Mar_W2,0.0,55.0
Killdeer,3,3,Mar_W3,0.0128205,78.0
Killdeer,3,4,Mar_W4,0.0613497,163.0
Killdeer,4,1,Apr_W1,0.0551724,145.0
Killdeer,4,2,Apr_W2,0.1688312,154.0
Killdeer,4,3,Apr_W3,0.2292994,157.0
Killdeer,4,4,Apr_W4,0.2242424,330.0
Killdeer,5,1,May_W1,0.1801471,272.0
Killdeer,5,2,May_W2,0.2047244,381.0
Killdeer,5,3,May_W3,0.2121212,561.0
Killdeer,5,4,May_W4,0.2352941,986.0
Killdeer,6,1,Jun_W1,0.1302395,668.0
Killdeer,6,2,Jun_W2,0.1257367,509.0
Killdeer,6,3,Jun_W3,0.1635884,379.0
Killdeer,6,4,Jun_W4,0.1053512,598.0
Killdeer,7,1,Jul_W1,0.0775623,361.0
Killdeer,7,2,Jul_W2,0.0684597,409.0
Killdeer,7,3,Jul_W3,0.1005587,358.0
Killdeer,7,4,Jul_W4,0.0906921,419.0
Killdeer,8,1,Aug_W1,0.0538462,260.0
Killdeer,8,2,Aug_W2,0.0462046,303.0
Killdeer,8,3,Aug_W3,0.0758621,290.0
Killdeer,8,4,Aug_W4,0.0810811,555.0
Killdeer,9,1,Sep_W1,0.0852459,305.0
Killdeer,9,2,Sep_W2,0.0530973,339.0
Killdeer,9,3,Sep_W3,0.0551724,290.0
Killdeer,9,4,Sep_W4,0.0422535,426.0
Killdeer,10,1,Oct_W1,0.0151057,331.0
Killdeer,10,2,Oct_W2,0.0188285,478.0
Killdeer,10,3,Oct_W3,0.0035461,282.0
Killdeer,10,4,Oct_W4,0.0156658,383.0
Killdeer,11,1,Nov_W1,0.0217391,184.0
Killdeer,11,2,Nov_W2,0.0,136.0
Killdeer,11,3,Nov_W3,0.0337079,89.0
Killdeer,11,4,Nov_W4,0.0190476,105.0
Killdeer,12,1,Dec_W1,0.0,60.0
Killdeer,12,2,Dec_W2,0.0277778,36.0
Killdeer,12,3,Dec_W3,0.0,166.0
Killdeer,12,4,Dec_W4,0.0,100.0
Semipalmated Plover,1,1,Jan_W1,0.0,112.0
Semipalmated Plover,1,2,Jan_W2,0.0,94.0
Semipalmated Plover,1,3,Jan_W3,0.0,145.0
Semipalmated Plover,1,4,Jan_W4,0.0,125.0
Semipalmated Plover,2,1,Feb_W1,0.0,115.0
Semipalmated Plover,2,2,Feb_W2,0.0,192.0
Semipalmated Plover,2,3,Feb_W3,0.0,197.0
Semipalmated Plover,2,4,Feb_W4,0.0,63.0
Semipalmated Plover,3,1,Mar_W1,0.0,58.0
Semipalmated Plover,3,2,Mar_W2,0.0,55.0
Semipalmated Plover,3,3,Mar_W3,0.0,78.0
Semipalmated Plover,3,4,Mar_W4,0.0,163.0
Semipalmated Plover,4,1,Apr_W1,0.0,145.0
Semipalmated Plover,4,2,Apr_W2,0.0,154.0
Semipalmated Plover,4,3,Apr_W3,0.0,157.0
Semipalmated Plover,4,4,Apr_W4,0.0,330.0
Semipalmated Plover,5,1,May_W1,0.0,272.0
Semipalmated Plover,5,2,May_W2,0.0026247,381.0
Semipalmated Plover,5,3,May_W3,0.0231729,561.0
Semipalmated Plover,5,4,May_W4,0.0334686,986.0
Semipalmated Plover,6,1,Jun_W1,0.0149701,668.0
Semipalmated Plover,6,2,Jun_W2,0.0019646,509.0
Semipalmated Plover,6,3,Jun_W3,0.0,379.0
Semipalmated Plover,6,4,Jun_W4,0.0,598.0
Semipalmated Plover,7,1,Jul_W1,0.0027701,361.0
Semipalmated Plover,7,2,Jul_W2,0.0,409.0
Semipalmated Plover,7,3,Jul_W3,0.0015,358.0
Semipalmated Plover,7,4,Jul_W4,0.0023866,419.0
Semipalmated Plover,8,1,Aug_W1,0.0076923,260.0
Semipalmated Plover,8,2,Aug_W2,0.0015,303.0
Semipalmated Plover,8,3,Aug_W3,0.0482759,290.0
Semipalmated Plover,8,4,Aug_W4,0.1117117,555.0
Semipalmated Plover,9,1,Sep_W1,0.0885246,305.0
Semipalmated Plover,9,2,Sep_W2,0.0737463,339.0
Semipalmated Plover,9,3,Sep_W3,0.0586207,290.0
Semipalmated Plover,9,4,Sep_W4,0.0211268,426.0
Semipalmated Plover,10,1,Oct_W1,0.0090634,331.0
Semipalmated Plover,10,2,Oct_W2,0.0041841,478.0
Semipalmated Plover,10,3,Oct_W3,0.0,282.0
Semipalmated Plover,10,4,Oct_W4,0.0,383.0
Semipalmated Plover,11,1,Nov_W1,0.0,184.0
Semipalmated Plover,11,2,Nov_W2,0.0,136.0
Semipalmated Plover,11,3,Nov_W3,0.0,89.0
Semipalmated Plover,11,4,Nov_W4,0.0,105.0
Semipalmated Plover,12,1,Dec_W1,0.0,60.0
Semipalmated Plover,12,2,Dec_W2,0.0,36.0
Semipalmated Plover,12,3,Dec_W3,0.0,166.0
Semipalmated Plover,12,4,Dec_W4,0.0,100.0
Piping Plover,1,1,Jan_W1,0.0,112.0
Piping Plover,1,2,Jan_W2,0.0,94.0
Piping Plover,1,3,Jan_W3,0.0,145.0
Piping Plover,1,4,Jan_W4,0.0,125.0
Piping Plover,2,1,Feb_W1,0.0,115.0
Piping Plover,2,2,Feb_W2,0.0,192.0
Piping Plover,2,3,Feb_W3,0.0,197.0
Piping Plover,2,4,Feb_W4,0.0,63.0
Piping Plover,3,1,Mar_W1,0.0,58.0
Piping Plover,3,2,Mar_W2,0.0,55.0
Piping Plover,3,3,Mar_W3,0.0,78.0
Piping Plover,3,4,Mar_W4,0.0,163.0
Piping Plover,4,1,Apr_W1,0.0,145.0
Piping Plover,4,2,Apr_W2,0.0,154.0
Piping Plover,4,3,Apr_W3,0.0,157.0
Piping Plover,4,4,Apr_W4,0.0015,330.0
Piping Plover,5,1,May_W1,0.0036765,272.0
Piping Plover,5,2,May_W2,0.0104987,381.0
Piping Plover,5,3,May_W3,0.0035651,561.0
Piping Plover,5,4,May_W4,0.0020284,986.0
Piping Plover,6,1,Jun_W1,0.001497,668.0
Piping Plover,6,2,Jun_W2,0.0019646,509.0
Piping Plover,6,3,Jun_W3,0.005277,379.0
Piping Plover,6,4,Jun_W4,0.0183946,598.0
Piping Plover,7,1,Jul_W1,0.0138504,361.0
Piping Plover,7,2,Jul_W2,0.0440098,409.0
Piping Plover,7,3,Jul_W3,0.0027933,358.0
Piping Plover,7,4,Jul_W4,0.0047733,419.0
Piping Plover,8,1,Aug_W1,0.0038462,260.0
Piping Plover,8,2,Aug_W2,0.0066007,303.0
Piping Plover,8,3,Aug_W3,0.0015,290.0
Piping Plover,8,4,Aug_W4,0.0018018,555.0
Piping Plover,9,1,Sep_W1,0.0,305.0
Piping Plover,9,2,Sep_W2,0.0,339.0
Piping Plover,9,3,Sep_W3,0.0,290.0
Piping Plover,9,4,Sep_W4,0.0,426.0
Piping Plover,10,1,Oct_W1,0.0,331.0
Piping Plover,10,2,Oct_W2,0.0,478.0
Piping Plover,10,3,Oct_W3,0.0,282.0
Piping Plover,10,4,Oct_W4,0.0,383.0
Piping Plover,11,1,Nov_W1,0.0,184.0
Piping Plover,11,2,Nov_W2,0.0,136.0
Piping Plover,11,3,Nov_W3,0.0,89.0
Piping Plover,11,4,Nov_W4,0.0,105.0
Piping Plover,12,1,Dec_W1,0.0,60.0
Piping Plover,12,2,Dec_W2,0.0,36.0
Piping Plover,12,3,Dec_W3,0.0,166.0
Piping Plover,12,4,Dec_W4,0.0,100.0
Upland Sandpiper,1,1,Jan_W1,0.0,112.0
Upland Sandpiper,1,2,Jan_W2,0.0,94.0
Upland Sandpiper,1,3,Jan_W3,0.0,145.0
Upland Sandpiper,1,4,Jan_W4,0.0,125.0
Upland Sandpiper,2,1,Feb_W1,0.0,115.0
Upland Sandpiper,2,2,Feb_W2,0.0,192.0
Upland Sandpiper,2,3,Feb_W3,0.0,197.0
Upland Sandpiper,2,4,Feb_W4,0.0,63.0
Upland Sandpiper,3,1,Mar_W1,0.0,58.0
Upland Sandpiper,3,2,Mar_W2,0.0,55.0
Upland Sandpiper,3,3,Mar_W3,0.0,78.0
Upland Sandpiper,3,4,Mar_W4,0.0,163.0
Upland Sandpiper,4,1,Apr_W1,0.0,145.0
Upland Sandpiper,4,2,Apr_W2,0.0,154.0
Upland Sandpiper,4,3,Apr_W3,0.0,157.0
Upland Sandpiper,4,4,Apr_W4,0.0015,330.0
Upland Sandpiper,5,1,May_W1,0.0036765,272.0
Upland Sandpiper,5,2,May_W2,0.0015,381.0
Upland Sandpiper,5,3,May_W3,0.0,561.0
Upland Sandpiper,5,4,May_W4,0.0010142,986.0
Upland Sandpiper,6,1,Jun_W1,0.001497,668.0
Upland Sandpiper,6,2,Jun_W2,0.0,509.0
Upland Sandpiper,6,3,Jun_W3,0.0,379.0
Upland Sandpiper,6,4,Jun_W4,0.0033445,598.0
Upland Sandpiper,7,1,Jul_W1,0.0,361.0
Upland Sandpiper,7,2,Jul_W2,0.0,409.0
Upland Sandpiper,7,3,Jul_W3,0.0,358.0
Upland Sandpiper,7,4,Jul_W4,0.0,419.0
Upland Sandpiper,8,1,Aug_W1,0.0,260.0
Upland Sandpiper,8,2,Aug_W2,0.0,303.0
Upland Sandpiper,8,3,Aug_W3,0.0,290.0
Upland Sandpiper,8,4,Aug_W4,0.0,555.0
Upland Sandpiper,9,1,Sep_W1,0.0,305.0
Upland Sandpiper,9,2,Sep_W2,0.0,339.0
Upland Sandpiper,9,3,Sep_W3,0.0,290.0
Upland Sandpiper,9,4,Sep_W4,0.0,426.0
Upland Sandpiper,10,1,Oct_W1,0.0,331.0
Upland Sandpiper,10,2,Oct_W2,0.0,478.0
Upland Sandpiper,10,3,Oct_W3,0.0,282.0
Upland Sandpiper,10,4,Oct_W4,0.0,383.0
Upland Sandpiper,11,1,Nov_W1,0.0,184.0
Upland Sandpiper,11,2,Nov_W2,0.0,136.0
Upland Sandpiper,11,3,Nov_W3,0.0,89.0
Upland Sandpiper,11,4,Nov_W4,0.0,105.0
Upland Sandpiper,12,1,Dec_W1,0.0,60.0
Upland Sandpiper,12,2,Dec_W2,0.0,36.0
Upland Sandpiper,12,3,Dec_W3,0.0,166.0
Upland Sandpiper,12,4,Dec_W4,0.0,100.0
Hudsonian Whimbrel,1,1,Jan_W1,0.0,112.0
Hudsonian Whimbrel,1,2,Jan_W2,0.0,94.0
Hudsonian Whimbrel,1,3,Jan_W3,0.0,145.0
Hudsonian Whimbrel,1,4,Jan_W4,0.0,125.0
Hudsonian Whimbrel,2,1,Feb_W1,0.0,115.0
Hudsonian Whimbrel,2,2,Feb_W2,0.0,192.0
Hudsonian Whimbrel,2,3,Feb_W3,0.0,197.0
Hudsonian Whimbrel,2,4,Feb_W4,0.0,63.0
Hudsonian Whimbrel,3,1,Mar_W1,0.0,58.0
Hudsonian Whimbrel,3,2,Mar_W2,0.0,55.0
Hudsonian Whimbrel,3,3,Mar_W3,0.0,78.0
Hudsonian Whimbrel,3,4,Mar_W4,0.0,163.0
Hudsonian Whimbrel,4,1,Apr_W1,0.0,145.0
Hudsonian Whimbrel,4,2,Apr_W2,0.0,154.0
Hudsonian Whimbrel,4,3,Apr_W3,0.0,157.0
Hudsonian Whimbrel,4,4,Apr_W4,0.0,330.0
Hudsonian Whimbrel,5,1,May_W1,0.0,272.0
Hudsonian Whimbrel,5,2,May_W2,0.0,381.0
Hudsonian Whimbrel,5,3,May_W3,0.0142602,561.0
Hudsonian Whimbrel,5,4,May_W4,0.0273834,986.0
Hudsonian Whimbrel,6,1,Jun_W1,0.004491,668.0
Hudsonian Whimbrel,6,2,Jun_W2,0.0019646,509.0
Hudsonian Whimbrel,6,3,Jun_W3,0.0,379.0
Hudsonian Whimbrel,6,4,Jun_W4,0.0,598.0
Hudsonian Whimbrel,7,1,Jul_W1,0.0,361.0
Hudsonian Whimbrel,7,2,Jul_W2,0.0,409.0
Hudsonian Whimbrel,7,3,Jul_W3,0.0,358.0
Hudsonian Whimbrel,7,4,Jul_W4,0.0,419.0
Hudsonian Whimbrel,8,1,Aug_W1,0.0,260.0
Hudsonian Whimbrel,8,2,Aug_W2,0.0,303.0
Hudsonian Whimbrel,8,3,Aug_W3,0.0034483,290.0
Hudsonian Whimbrel,8,4,Aug_W4,0.0162162,555.0
Hudsonian Whimbrel,9,1,Sep_W1,0.0163934,305.0
Hudsonian Whimbrel,9,2,Sep_W2,0.0029499,339.0
Hudsonian Whimbrel,9,3,Sep_W3,0.0034483,290.0
Hudsonian Whimbrel,9,4,Sep_W4,0.0,426.0
Hudsonian Whimbrel,10,1,Oct_W1,0.0030211,331.0
Hudsonian Whimbrel,10,2,Oct_W2,0.0,478.0
Hudsonian Whimbrel,10,3,Oct_W3,0.0,282.0
Hudsonian Whimbrel,10,4,Oct_W4,0.0,383.0
Hudsonian Whimbrel,11,1,Nov_W1,0.0,184.0
Hudsonian Whimbrel,11,2,Nov_W2,0.0,136.0
Hudsonian Whimbrel,11,3,Nov_W3,0.0,89.0
Hudsonian Whimbrel,11,4,Nov_W4,0.0,105.0
Hudsonian Whimbrel,12,1,Dec_W1,0.0,60.0
Hudsonian Whimbrel,12,2,Dec_W2,0.0,36.0
Hudsonian Whimbrel,12,3,Dec_W3,0.0,166.0
Hudsonian Whimbrel,12,4,Dec_W4,0.0,100.0
Hudsonian Godwit,1,1,Jan_W1,0.0,112.0
Hudsonian Godwit,1,2,Jan_W2,0.0,94.0
Hudsonian Godwit,1,3,Jan_W3,0.0,145.0
Hudsonian Godwit,1,4,Jan_W4,0.0,125.0
Hudsonian Godwit,2,1,Feb_W1,0.0,115.0
Hudsonian Godwit,2,2,Feb_W2,0.0,192.0
Hudsonian Godwit,2,3,Feb_W3,0.0,197.0
Hudsonian Godwit,2,4,Feb_W4,0.0,63.0
Hudsonian Godwit,3,1,Mar_W1,0.0,58.0
Hudsonian Godwit,3,2,Mar_W2,0.0,55.0
Hudsonian Godwit,3,3,Mar_W3,0.0,78.0
Hudsonian Godwit,3,4,Mar_W4,0.0,163.0
Hudsonian Godwit,4,1,Apr_W1,0.0,145.0
Hudsonian Godwit,4,2,Apr_W2,0.0,154.0
Hudsonian Godwit,4,3,Apr_W3,0.0,157.0
Hudsonian Godwit,4,4,Apr_W4,0.0,330.0
Hudsonian Godwit,5,1,May_W1,0.0,272.0
Hudsonian Godwit,5,2,May_W2,0.0,381.0
Hudsonian Godwit,5,3,May_W3,0.0089127,561.0
Hudsonian Godwit,5,4,May_W4,0.0,986.0
Hudsonian Godwit,6,1,Jun_W1,0.001497,668.0
Hudsonian Godwit,6,2,Jun_W2,0.0,509.0
Hudsonian Godwit,6,3,Jun_W3,0.0026385,379.0
Hudsonian Godwit,6,4,Jun_W4,0.0,598.0
Hudsonian Godwit,7,1,Jul_W1,0.0,361.0
Hudsonian Godwit,7,2,Jul_W2,0.0,409.0
Hudsonian Godwit,7,3,Jul_W3,0.0,358.0
Hudsonian Godwit,7,4,Jul_W4,0.0,419.0
Hudsonian Godwit,8,1,Aug_W1,0.0,260.0
Hudsonian Godwit,8,2,Aug_W2,0.0,303.0
Hudsonian Godwit,8,3,Aug_W3,0.0,290.0
Hudsonian Godwit,8,4,Aug_W4,0.0018018,555.0
Hudsonian Godwit,9,1,Sep_W1,0.0,305.0
Hudsonian Godwit,9,2,Sep_W2,0.0,339.0
Hudsonian Godwit,9,3,Sep_W3,0.0,290.0
Hudsonian Godwit,9,4,Sep_W4,0.0,426.0
Hudsonian Godwit,10,1,Oct_W1,0.0,331.0
Hudsonian Godwit,10,2,Oct_W2,0.0,478.0
Hudsonian Godwit,10,3,Oct_W3,0.0,282.0
Hudsonian Godwit,10,4,Oct_W4,0.0,383.0
Hudsonian Godwit,11,1,Nov_W1,0.0,184.0
Hudsonian Godwit,11,2,Nov_W2,0.0,136.0
Hudsonian Godwit,11,3,Nov_W3,0.0,89.0
Hudsonian Godwit,11,4,Nov_W4,0.0,105.0
Hudsonian Godwit,12,1,Dec_W1,0.0,60.0
Hudsonian Godwit,12,2,Dec_W2,0.0,36.0
Hudsonian Godwit,12,3,Dec_W3,0.0,166.0
Hudsonian Godwit,12,4,Dec_W4,0.0,100.0
Marbled Godwit,1,1,Jan_W1,0.0,112.0
Marbled Godwit,1,2,Jan_W2,0.0,94.0
Marbled Godwit,1,3,Jan_W3,0.0,145.0
Marbled Godwit,1,4,Jan_W4,0.0,125.0
Marbled Godwit,2,1,Feb_W1,0.0,115.0
Marbled Godwit,2,2,Feb_W2,0.0,192.0
Marbled Godwit,2,3,Feb_W3,0.0,197.0
Marbled Godwit,2,4,Feb_W4,0.0,63.0
Marbled Godwit,3,1,Mar_W1,0.0,58.0
Marbled Godwit,3,2,Mar_W2,0.0,55.0
Marbled Godwit,3,3,Mar_W3,0.0,78.0
Marbled Godwit,3,4,Mar_W4,0.0,163.0
Marbled Godwit,4,1,Apr_W1,0.0,145.0
Marbled Godwit,4,2,Apr_W2,0.0,154.0
Marbled Godwit,4,3,Apr_W3,0.0,157.0
Marbled Godwit,4,4,Apr_W4,0.0,330.0
Marbled Godwit,5,1,May_W1,0.0,272.0
Marbled Godwit,5,2,May_W2,0.0,381.0
Marbled Godwit,5,3,May_W3,0.0089127,561.0
Marbled Godwit,5,4,May_W4,0.0015,986.0
Marbled Godwit,6,1,Jun_W1,0.0,668.0
Marbled Godwit,6,2,Jun_W2,0.0,509.0
Marbled Godwit,6,3,Jun_W3,0.0,379.0
Marbled Godwit,6,4,Jun_W4,0.0,598.0
Marbled Godwit,7,1,Jul_W1,0.0,361.0
Marbled Godwit,7,2,Jul_W2,0.0,409.0
Marbled Godwit,7,3,Jul_W3,0.0,358.0
Marbled Godwit,7,4,Jul_W4,0.0,419.0
Marbled Godwit,8,1,Aug_W1,0.0,260.0
Marbled Godwit,8,2,Aug_W2,0.0,303.0
Marbled Godwit,8,3,Aug_W3,0.0,290.0
Marbled Godwit,8,4,Aug_W4,0.0,555.0
Marbled Godwit,9,1,Sep_W1,0.0,305.0
Marbled Godwit,9,2,Sep_W2,0.0,339.0
Marbled Godwit,9,3,Sep_W3,0.0,290.0
Marbled Godwit,9,4,Sep_W4,0.0,426.0
Marbled Godwit,10,1,Oct_W1,0.0,331.0
Marbled Godwit,10,2,Oct_W2,0.0,478.0
Marbled Godwit,10,3,Oct_W3,0.0,282.0
Marbled Godwit,10,4,Oct_W4,0.0,383.0
Marbled Godwit,11,1,Nov_W1,0.0,184.0
Marbled Godwit,11,2,Nov_W2,0.0,136.0
Marbled Godwit,11,3,Nov_W3,0.0,89.0
Marbled Godwit,11,4,Nov_W4,0.0,105.0
Marbled Godwit,12,1,Dec_W1,0.0,60.0
Marbled Godwit,12,2,Dec_W2,0.0,36.0
Marbled Godwit,12,3,Dec_W3,0.0,166.0
Marbled Godwit,12,4,Dec_W4,0.0,100.0
Short-billed Dowitcher,1,1,Jan_W1,0.0,112.0
Short-billed Dowitcher,1,2,Jan_W2,0.0,94.0
Short-billed Dowitcher,1,3,Jan_W3,0.0,145.0
Short-billed Dowitcher,1,4,Jan_W4,0.0,125.0
Short-billed Dowitcher,2,1,Feb_W1,0.0,115.0
Short-billed Dowitcher,2,2,Feb_W2,0.0,192.0
Short-billed Dowitcher,2,3,Feb_W3,0.0,197.0
Short-billed Dowitcher,2,4,Feb_W4,0.0,63.0
Short-billed Dowitcher,3,1,Mar_W1,0.0,58.0
Short-billed Dowitcher,3,2,Mar_W2,0.0,55.0
Short-billed Dowitcher,3,3,Mar_W3,0.0,78.0
Short-billed Dowitcher,3,4,Mar_W4,0.0,163.0
Short-billed Dowitcher,4,1,Apr_W1,0.0,145.0
Short-billed Dowitcher,4,2,Apr_W2,0.0,154.0
Short-billed Dowitcher,4,3,Apr_W3,0.0,157.0
Short-billed Dowitcher,4,4,Apr_W4,0.0,330.0
Short-billed Dowitcher,5,1,May_W1,0.0,272.0
Short-billed Dowitcher,5,2,May_W2,0.0104987,381.0
Short-billed Dowitcher,5,3,May_W3,0.0338681,561.0
Short-billed Dowitcher,5,4,May_W4,0.0121704,986.0
Short-billed Dowitcher,6,1,Jun_W1,0.0,668.0
Short-billed Dowitcher,6,2,Jun_W2,0.0,509.0
Short-billed Dowitcher,6,3,Jun_W3,0.0,379.0
Short-billed Dowitcher,6,4,Jun_W4,0.0,598.0
Short-billed Dowitcher,7,1,Jul_W1,0.0027701,361.0
Short-billed Dowitcher,7,2,Jul_W2,0.0015,409.0
Short-billed Dowitcher,7,3,Jul_W3,0.0,358.0
Short-billed Dowitcher,7,4,Jul_W4,0.0023866,419.0
Short-billed Dowitcher,8,1,Aug_W1,0.0,260.0
Short-billed Dowitcher,8,2,Aug_W2,0.0015,303.0
Short-billed Dowitcher,8,3,Aug_W3,0.0034483,290.0
Short-billed Dowitcher,8,4,Aug_W4,0.009009,555.0
Short-billed Dowitcher,9,1,Sep_W1,0.0015,305.0
Short-billed Dowitcher,9,2,Sep_W2,0.0029499,339.0
Short-billed Dowitcher,9,3,Sep_W3,0.0,290.0
Short-billed Dowitcher,9,4,Sep_W4,0.0,426.0
Short-billed Dowitcher,10,1,Oct_W1,0.0,331.0
Short-billed Dowitcher,10,2,Oct_W2,0.0,478.0
Short-billed Dowitcher,10,3,Oct_W3,0.0,282.0
Short-billed Dowitcher,10,4,Oct_W4,0.0,383.0
Short-billed Dowitcher,11,1,Nov_W1,0.0,184.0
Short-billed Dowitcher,11,2,Nov_W2,0.0,136.0
Short-billed Dowitcher,11,3,Nov_W3,0.0,89.0
Short-billed Dowitcher,11,4,Nov_W4,0.0,105.0
Short-billed Dowitcher,12,1,Dec_W1,0.0,60.0
Short-billed Dowitcher,12,2,Dec_W2,0.0,36.0
Short-billed Dowitcher,12,3,Dec_W3,0.0,166.0
Short-billed Dowitcher,12,4,Dec_W4,0.0,100.0
Long-billed Dowitcher,1,1,Jan_W1,0.0,112.0
Long-billed Dowitcher,1,2,Jan_W2,0.0,94.0
Long-billed Dowitcher,1,3,Jan_W3,0.0,145.0
Long-billed Dowitcher,1,4,Jan_W4,0.0,125.0
Long-billed Dowitcher,2,1,Feb_W1,0.0,115.0
Long-billed Dowitcher,2,2,Feb_W2,0.0,192.0
Long-billed Dowitcher,2,3,Feb_W3,0.0,197.0
Long-billed Dowitcher,2,4,Feb_W4,0.0,63.0
Long-billed Dowitcher,3,1,Mar_W1,0.0,58.0
Long-billed Dowitcher,3,2,Mar_W2,0.0,55.0
Long-billed Dowitcher,3,3,Mar_W3,0.0,78.0
Long-billed Dowitcher,3,4,Mar_W4,0.0,163.0
Long-billed Dowitcher,4,1,Apr_W1,0.0,145.0
Long-billed Dowitcher,4,2,Apr_W2,0.0,154.0
Long-billed Dowitcher,4,3,Apr_W3,0.0,157.0
Long-billed Dowitcher,4,4,Apr_W4,0.0,330.0
Long-billed Dowitcher,5,1,May_W1,0.0073529,272.0
Long-billed Dowitcher,5,2,May_W2,0.0,381.0
Long-billed Dowitcher,5,3,May_W3,0.0,561.0
Long-billed Dowitcher,5,4,May_W4,0.0,986.0
Long-billed Dowitcher,6,1,Jun_W1,0.0,668.0
Long-billed Dowitcher,6,2,Jun_W2,0.0,509.0
Long-billed Dowitcher,6,3,Jun_W3,0.0,379.0
Long-billed Dowitcher,6,4,Jun_W4,0.0,598.0
Long-billed Dowitcher,7,1,Jul_W1,0.0,361.0
Long-billed Dowitcher,7,2,Jul_W2,0.0,409.0
Long-billed Dowitcher,7,3,Jul_W3,0.0,358.0
Long-billed Dowitcher,7,4,Jul_W4,0.0,419.0
Long-billed Dowitcher,8,1,Aug_W1,0.0,260.0
Long-billed Dowitcher,8,2,Aug_W2,0.0,303.0
Long-billed Dowitcher,8,3,Aug_W3,0.0,290.0
Long-billed Dowitcher,8,4,Aug_W4,0.0,555.0
Long-billed Dowitcher,9,1,Sep_W1,0.0,305.0
Long-billed Dowitcher,9,2,Sep_W2,0.0,339.0
Long-billed Dowitcher,9,3,Sep_W3,0.0,290.0
Long-billed Dowitcher,9,4,Sep_W4,0.0,426.0
Long-billed Dowitcher,10,1,Oct_W1,0.0,331.0
Long-billed Dowitcher,10,2,Oct_W2,0.0,478.0
Long-billed Dowitcher,10,3,Oct_W3,0.0,282.0
Long-billed Dowitcher,10,4,Oct_W4,0.0,383.0
Long-billed Dowitcher,11,1,Nov_W1,0.0054348,184.0
Long-billed Dowitcher,11,2,Nov_W2,0.0,136.0
Long-billed Dowitcher,11,3,Nov_W3,0.0,89.0
Long-billed Dowitcher,11,4,Nov_W4,0.0,105.0
Long-billed Dowitcher,12,1,Dec_W1,0.0,60.0
Long-billed Dowitcher,12,2,Dec_W2,0.0,36.0
Long-billed Dowitcher,12,3,Dec_W3,0.0,166.0
Long-billed Dowitcher,12,4,Dec_W4,0.0,100.0
American Woodcock,1,1,Jan_W1,0.0,112.0
American Woodcock,1,2,Jan_W2,0.0,94.0
American Woodcock,1,3,Jan_W3,0.0,145.0
American Woodcock,1,4,Jan_W4,0.0,125.0
American Woodcock,2,1,Feb_W1,0.0,115.0
American Woodcock,2,2,Feb_W2,0.0,192.0
American Woodcock,2,3,Feb_W3,0.0,197.0
American Woodcock,2,4,Feb_W4,0.0,63.0
American Woodcock,3,1,Mar_W1,0.0,58.0
American Woodcock,3,2,Mar_W2,0.0015,55.0
American Woodcock,3,3,Mar_W3,0.0,78.0
American Woodcock,3,4,Mar_W4,0.0122699,163.0
American Woodcock,4,1,Apr_W1,0.0275862,145.0
American Woodcock,4,2,Apr_W2,0.0064935,154.0
American Woodcock,4,3,Apr_W3,0.0063694,157.0
American Woodcock,4,4,Apr_W4,0.0030303,330.0
American Woodcock,5,1,May_W1,0.0073529,272.0
American Woodcock,5,2,May_W2,0.015748,381.0
American Woodcock,5,3,May_W3,0.0089127,561.0
American Woodcock,5,4,May_W4,0.0060852,986.0
American Woodcock,6,1,Jun_W1,0.001497,668.0
American Woodcock,6,2,Jun_W2,0.0019646,509.0
American Woodcock,6,3,Jun_W3,0.005277,379.0
American Woodcock,6,4,Jun_W4,0.0033445,598.0
American Woodcock,7,1,Jul_W1,0.0,361.0
American Woodcock,7,2,Jul_W2,0.0146699,409.0
American Woodcock,7,3,Jul_W3,0.0027933,358.0
American Woodcock,7,4,Jul_W4,0.0023866,419.0
American Woodcock,8,1,Aug_W1,0.0,260.0
American Woodcock,8,2,Aug_W2,0.0033003,303.0
American Woodcock,8,3,Aug_W3,0.0015,290.0
American Woodcock,8,4,Aug_W4,0.0,555.0
American Woodcock,9,1,Sep_W1,0.0032787,305.0
American Woodcock,9,2,Sep_W2,0.0015,339.0
American Woodcock,9,3,Sep_W3,0.0,290.0
American Woodcock,9,4,Sep_W4,0.0046948,426.0
American Woodcock,10,1,Oct_W1,0.0151057,331.0
American Woodcock,10,2,Oct_W2,0.0041841,478.0
American Woodcock,10,3,Oct_W3,0.0035461,282.0
American Woodcock,10,4,Oct_W4,0.002611,383.0
American Woodcock,11,1,Nov_W1,0.0,184.0
American Woodcock,11,2,Nov_W2,0.0,136.0
American Woodcock,11,3,Nov_W3,0.0,89.0
American Woodcock,11,4,Nov_W4,0.0,105.0
American Woodcock,12,1,Dec_W1,0.0,60.0
American Woodcock,12,2,Dec_W2,0.0,36.0
American Woodcock,12,3,Dec_W3,0.0,166.0
American Woodcock,12,4,Dec_W4,0.0,100.0
Wilson's Snipe,1,1,Jan_W1,0.0,112.0
Wilson's Snipe,1,2,Jan_W2,0.0,94.0
Wilson's Snipe,1,3,Jan_W3,0.0,145.0
Wilson's Snipe,1,4,Jan_W4,0.0,125.0
Wilson's Snipe,2,1,Feb_W1,0.0,115.0
Wilson's Snipe,2,2,Feb_W2,0.0,192.0
Wilson's Snipe,2,3,Feb_W3,0.0,197.0
Wilson's Snipe,2,4,Feb_W4,0.0,63.0
Wilson's Snipe,3,1,Mar_W1,0.0,58.0
Wilson's Snipe,3,2,Mar_W2,0.0,55.0
Wilson's Snipe,3,3,Mar_W3,0.0,78.0
Wilson's Snipe,3,4,Mar_W4,0.0,163.0
Wilson's Snipe,4,1,Apr_W1,0.0,145.0
Wilson's Snipe,4,2,Apr_W2,0.0,154.0
Wilson's Snipe,4,3,Apr_W3,0.0127389,157.0
Wilson's Snipe,4,4,Apr_W4,0.0242424,330.0
Wilson's Snipe,5,1,May_W1,0.0073529,272.0
Wilson's Snipe,5,2,May_W2,0.0026247,381.0
Wilson's Snipe,5,3,May_W3,0.0106952,561.0
Wilson's Snipe,5,4,May_W4,0.005071,986.0
Wilson's Snipe,6,1,Jun_W1,0.0209581,668.0
Wilson's Snipe,6,2,Jun_W2,0.0137525,509.0
Wilson's Snipe,6,3,Jun_W3,0.0131926,379.0
Wilson's Snipe,6,4,Jun_W4,0.0150502,598.0
Wilson's Snipe,7,1,Jul_W1,0.0015,361.0
Wilson's Snipe,7,2,Jul_W2,0.007335,409.0
Wilson's Snipe,7,3,Jul_W3,0.0027933,358.0
Wilson's Snipe,7,4,Jul_W4,0.0,419.0
Wilson's Snipe,8,1,Aug_W1,0.0015,260.0
Wilson's Snipe,8,2,Aug_W2,0.0033003,303.0
Wilson's Snipe,8,3,Aug_W3,0.0103448,290.0
Wilson's Snipe,8,4,Aug_W4,0.0036036,555.0
Wilson's Snipe,9,1,Sep_W1,0.0065574,305.0
Wilson's Snipe,9,2,Sep_W2,0.0117994,339.0
Wilson's Snipe,9,3,Sep_W3,0.0137931,290.0
Wilson's Snipe,9,4,Sep_W4,0.0117371,426.0
Wilson's Snipe,10,1,Oct_W1,0.021148,331.0
Wilson's Snipe,10,2,Oct_W2,0.0083682,478.0
Wilson's Snipe,10,3,Oct_W3,0.0070922,282.0
Wilson's Snipe,10,4,Oct_W4,0.0052219,383.0
Wilson's Snipe,11,1,Nov_W1,0.0108696,184.0
Wilson's Snipe,11,2,Nov_W2,0.0,136.0
Wilson's Snipe,11,3,Nov_W3,0.011236,89.0
Wilson's Snipe,11,4,Nov_W4,0.0,105.0
Wilson's Snipe,12,1,Dec_W1,0.0,60.0
Wilson's Snipe,12,2,Dec_W2,0.0,36.0
Wilson's Snipe,12,3,Dec_W3,0.0,166.0
Wilson's Snipe,12,4,Dec_W4,0.0,100.0
Wilson's Phalarope,1,1,Jan_W1,0.0,112.0
Wilson's Phalarope,1,2,Jan_W2,0.0,94.0
Wilson's Phalarope,1,3,Jan_W3,0.0,145.0
Wilson's Phalarope,1,4,Jan_W4,0.0,125.0
Wilson's Phalarope,2,1,Feb_W1,0.0,115.0
Wilson's Phalarope,2,2,Feb_W2,0.0,192.0
Wilson's Phalarope,2,3,Feb_W3,0.0,197.0
Wilson's Phalarope,2,4,Feb_W4,0.0,63.0
Wilson's Phalarope,3,1,Mar_W1,0.0,58.0
Wilson's Phalarope,3,2,Mar_W2,0.0,55.0
Wilson's Phalarope,3,3,Mar_W3,0.0,78.0
Wilson's Phalarope,3,4,Mar_W4,0.0,163.0
Wilson's Phalarope,4,1,Apr_W1,0.0,145.0
Wilson's Phalarope,4,2,Apr_W2,0.0,154.0
Wilson's Phalarope,4,3,Apr_W3,0.0,157.0
Wilson's Phalarope,4,4,Apr_W4,0.0,330.0
Wilson's Phalarope,5,1,May_W1,0.0,272.0
Wilson's Phalarope,5,2,May_W2,0.0052493,381.0
Wilson's Phalarope,5,3,May_W3,0.0142602,561.0
Wilson's Phalarope,5,4,May_W4,0.0040568,986.0
Wilson's Phalarope,6,1,Jun_W1,0.0,668.0
Wilson's Phalarope,6,2,Jun_W2,0.0,509.0
Wilson's Phalarope,6,3,Jun_W3,0.0,379.0
Wilson's Phalarope,6,4,Jun_W4,0.0,598.0
Wilson's Phalarope,7,1,Jul_W1,0.0,361.0
Wilson's Phalarope,7,2,Jul_W2,0.0,409.0
Wilson's Phalarope,7,3,Jul_W3,0.0,358.0
Wilson's Phalarope,7,4,Jul_W4,0.0,419.0
Wilson's Phalarope,8,1,Aug_W1,0.0,260.0
Wilson's Phalarope,8,2,Aug_W2,0.0,303.0
Wilson's Phalarope,8,3,Aug_W3,0.0,290.0
Wilson's Phalarope,8,4,Aug_W4,0.0,555.0
Wilson's Phalarope,9,1,Sep_W1,0.0,305.0
Wilson's Phalarope,9,2,Sep_W2,0.0,339.0
Wilson's Phalarope,9,3,Sep_W3,0.0,290.0
Wilson's Phalarope,9,4,Sep_W4,0.0,426.0
Wilson's Phalarope,10,1,Oct_W1,0.0,331.0
Wilson's Phalarope,10,2,Oct_W2,0.0,478.0
Wilson's Phalarope,10,3,Oct_W3,0.0,282.0
Wilson's Phalarope,10,4,Oct_W4,0.0,383.0
Wilson's Phalarope,11,1,Nov_W1,0.0,184.0
Wilson's Phalarope,11,2,Nov_W2,0.0,136.0
Wilson's Phalarope,11,3,Nov_W3,0.0,89.0
Wilson's Phalarope,11,4,Nov_W4,0.0,105.0
Wilson's Phalarope,12,1,Dec_W1,0.0,60.0
Wilson's Phalarope,12,2,Dec_W2,0.0,36.0
Wilson's Phalarope,12,3,Dec_W3,0.0,166.0
Wilson's Phalarope,12,4,Dec_W4,0.0,100.0
Red-necked Phalarope,1,1,Jan_W1,0.0,112.0
Red-necked Phalarope,1,2,Jan_W2,0.0,94.0
Red-necked Phalarope,1,3,Jan_W3,0.0,145.0
Red-necked Phalarope,1,4,Jan_W4,0.0,125.0
Red-necked Phalarope,2,1,Feb_W1,0.0,115.0
Red-necked Phalarope,2,2,Feb_W2,0.0,192.0
Red-necked Phalarope,2,3,Feb_W3,0.0,197.0
Red-necked Phalarope,2,4,Feb_W4,0.0,63.0
Red-necked Phalarope,3,1,Mar_W1,0.0,58.0
Red-necked Phalarope,3,2,Mar_W2,0.0,55.0
Red-necked Phalarope,3,3,Mar_W3,0.0,78.0
Red-necked Phalarope,3,4,Mar_W4,0.0,163.0
Red-necked Phalarope,4,1,Apr_W1,0.0,145.0
Red-necked Phalarope,4,2,Apr_W2,0.0,154.0
Red-necked Phalarope,4,3,Apr_W3,0.0,157.0
Red-necked Phalarope,4,4,Apr_W4,0.0,330.0
Red-necked Phalarope,5,1,May_W1,0.0,272.0
Red-necked Phalarope,5,2,May_W2,0.0,381.0
Red-necked Phalarope,5,3,May_W3,0.0,561.0
Red-necked Phalarope,5,4,May_W4,0.0,986.0
Red-necked Phalarope,6,1,Jun_W1,0.0,668.0
Red-necked Phalarope,6,2,Jun_W2,0.0,509.0
Red-necked Phalarope,6,3,Jun_W3,0.0,379.0
Red-necked Phalarope,6,4,Jun_W4,0.0,598.0
Red-necked Phalarope,7,1,Jul_W1,0.0,361.0
Red-necked Phalarope,7,2,Jul_W2,0.0,409.0
Red-necked Phalarope,7,3,Jul_W3,0.0,358.0
Red-necked Phalarope,7,4,Jul_W4,0.0,419.0
Red-necked Phalarope,8,1,Aug_W1,0.0,260.0
Red-necked Phalarope,8,2,Aug_W2,0.0,303.0
Red-necked Phalarope,8,3,Aug_W3,0.0015,290.0
Red-necked Phalarope,8,4,Aug_W4,0.0,555.0
Red-necked Phalarope,9,1,Sep_W1,0.0,305.0
Red-necked Phalarope,9,2,Sep_W2,0.0,339.0
Red-necked Phalarope,9,3,Sep_W3,0.0,290.0
Red-necked Phalarope,9,4,Sep_W4,0.0,426.0
Red-necked Phalarope,10,1,Oct_W1,0.0,331.0
Red-necked Phalarope,10,2,Oct_W2,0.0,478.0
Red-necked Phalarope,10,3,Oct_W3,0.0,282.0
Red-necked Phalarope,10,4,Oct_W4,0.0,383.0
Red-necked Phalarope,11,1,Nov_W1,0.0,184.0
Red-necked Phalarope,11,2,Nov_W2,0.0,136.0
Red-necked Phalarope,11,3,Nov_W3,0.0,89.0
Red-necked Phalarope,11,4,Nov_W4,0.0,105.0
Red-necked Phalarope,12,1,Dec_W1,0.0,60.0
Red-necked Phalarope,12,2,Dec_W2,0.0,36.0
Red-necked Phalarope,12,3,Dec_W3,0.0,166.0
Red-necked Phalarope,12,4,Dec_W4,0.0,100.0
Spotted Sandpiper,1,1,Jan_W1,0.0,112.0
Spotted Sandpiper,1,2,Jan_W2,0.0,94.0
Spotted Sandpiper,1,3,Jan_W3,0.0,145.0
Spotted Sandpiper,1,4,Jan_W4,0.0,125.0
Spotted Sandpiper,2,1,Feb_W1,0.0,115.0
Spotted Sandpiper,2,2,Feb_W2,0.0,192.0
Spotted Sandpiper,2,3,Feb_W3,0.0,197.0
Spotted Sandpiper,2,4,Feb_W4,0.0,63.0
Spotted Sandpiper,3,1,Mar_W1,0.0,58.0
Spotted Sandpiper,3,2,Mar_W2,0.0,55.0
Spotted Sandpiper,3,3,Mar_W3,0.0,78.0
Spotted Sandpiper,3,4,Mar_W4,0.0,163.0
Spotted Sandpiper,4,1,Apr_W1,0.0,145.0
Spotted Sandpiper,4,2,Apr_W2,0.0,154.0
Spotted Sandpiper,4,3,Apr_W3,0.0,157.0
Spotted Sandpiper,4,4,Apr_W4,0.0060606,330.0
Spotted Sandpiper,5,1,May_W1,0.0367647,272.0
Spotted Sandpiper,5,2,May_W2,0.0761155,381.0
Spotted Sandpiper,5,3,May_W3,0.0909091,561.0
Spotted Sandpiper,5,4,May_W4,0.1125761,986.0
Spotted Sandpiper,6,1,Jun_W1,0.1062874,668.0
Spotted Sandpiper,6,2,Jun_W2,0.0746562,509.0
Spotted Sandpiper,6,3,Jun_W3,0.0712401,379.0
Spotted Sandpiper,6,4,Jun_W4,0.0535117,598.0
Spotted Sandpiper,7,1,Jul_W1,0.0387812,361.0
Spotted Sandpiper,7,2,Jul_W2,0.0782396,409.0
Spotted Sandpiper,7,3,Jul_W3,0.0558659,358.0
Spotted Sandpiper,7,4,Jul_W4,0.0668258,419.0
Spotted Sandpiper,8,1,Aug_W1,0.0615385,260.0
Spotted Sandpiper,8,2,Aug_W2,0.0363036,303.0
Spotted Sandpiper,8,3,Aug_W3,0.0344828,290.0
Spotted Sandpiper,8,4,Aug_W4,0.0594595,555.0
Spotted Sandpiper,9,1,Sep_W1,0.0360656,305.0
Spotted Sandpiper,9,2,Sep_W2,0.0235988,339.0
Spotted Sandpiper,9,3,Sep_W3,0.0206897,290.0
Spotted Sandpiper,9,4,Sep_W4,0.0117371,426.0
Spotted Sandpiper,10,1,Oct_W1,0.0090634,331.0
Spotted Sandpiper,10,2,Oct_W2,0.0,478.0
Spotted Sandpiper,10,3,Oct_W3,0.0,282.0
Spotted Sandpiper,10,4,Oct_W4,0.0,383.0
Spotted Sandpiper,11,1,Nov_W1,0.0,184.0
Spotted Sandpiper,11,2,Nov_W2,0.0,136.0
Spotted Sandpiper,11,3,Nov_W3,0.0,89.0
Spotted Sandpiper,11,4,Nov_W4,0.0,105.0
Spotted Sandpiper,12,1,Dec_W1,0.0,60.0
Spotted Sandpiper,12,2,Dec_W2,0.0,36.0
Spotted Sandpiper,12,3,Dec_W3,0.0,166.0
Spotted Sandpiper,12,4,Dec_W4,0.0,100.0
Solitary Sandpiper,1,1,Jan_W1,0.0,112.0
Solitary Sandpiper,1,2,Jan_W2,0.0,94.0
Solitary Sandpiper,1,3,Jan_W3,0.0,145.0
Solitary Sandpiper,1,4,Jan_W4,0.0,125.0
Solitary Sandpiper,2,1,Feb_W1,0.0,115.0
Solitary Sandpiper,2,2,Feb_W2,0.0,192.0
Solitary Sandpiper,2,3,Feb_W3,0.0,197.0
Solitary Sandpiper,2,4,Feb_W4,0.0,63.0
Solitary Sandpiper,3,1,Mar_W1,0.0,58.0
Solitary Sandpiper,3,2,Mar_W2,0.0,55.0
Solitary Sandpiper,3,3,Mar_W3,0.0,78.0
Solitary Sandpiper,3,4,Mar_W4,0.0,163.0
Solitary Sandpiper,4,1,Apr_W1,0.0,145.0
Solitary Sandpiper,4,2,Apr_W2,0.0,154.0
Solitary Sandpiper,4,3,Apr_W3,0.0,157.0
Solitary Sandpiper,4,4,Apr_W4,0.0030303,330.0
Solitary Sandpiper,5,1,May_W1,0.0015,272.0
Solitary Sandpiper,5,2,May_W2,0.0131234,381.0
Solitary Sandpiper,5,3,May_W3,0.0124777,561.0
Solitary Sandpiper,5,4,May_W4,0.0040568,986.0
Solitary Sandpiper,6,1,Jun_W1,0.0,668.0
Solitary Sandpiper,6,2,Jun_W2,0.0,509.0
Solitary Sandpiper,6,3,Jun_W3,0.0,379.0
Solitary Sandpiper,6,4,Jun_W4,0.0016722,598.0
Solitary Sandpiper,7,1,Jul_W1,0.0027701,361.0
Solitary Sandpiper,7,2,Jul_W2,0.007335,409.0
Solitary Sandpiper,7,3,Jul_W3,0.0111732,358.0
Solitary Sandpiper,7,4,Jul_W4,0.0167064,419.0
Solitary Sandpiper,8,1,Aug_W1,0.0115385,260.0
Solitary Sandpiper,8,2,Aug_W2,0.019802,303.0
Solitary Sandpiper,8,3,Aug_W3,0.0241379,290.0
Solitary Sandpiper,8,4,Aug_W4,0.0288288,555.0
Solitary Sandpiper,9,1,Sep_W1,0.0163934,305.0
Solitary Sandpiper,9,2,Sep_W2,0.0088496,339.0
Solitary Sandpiper,9,3,Sep_W3,0.0068966,290.0
Solitary Sandpiper,9,4,Sep_W4,0.0070423,426.0
Solitary Sandpiper,10,1,Oct_W1,0.0,331.0
Solitary Sandpiper,10,2,Oct_W2,0.0,478.0
Solitary Sandpiper,10,3,Oct_W3,0.0,282.0
Solitary Sandpiper,10,4,Oct_W4,0.0,383.0
Solitary Sandpiper,11,1,Nov_W1,0.0,184.0
Solitary Sandpiper,11,2,Nov_W2,0.0,136.0
Solitary Sandpiper,11,3,Nov_W3,0.0,89.0
Solitary Sandpiper,11,4,Nov_W4,0.0,105.0
Solitary Sandpiper,12,1,Dec_W1,0.0,60.0
Solitary Sandpiper,12,2,Dec_W2,0.0,36.0
Solitary Sandpiper,12,3,Dec_W3,0.0,166.0
Solitary Sandpiper,12,4,Dec_W4,0.0,100.0
Lesser Yellowlegs,1,1,Jan_W1,0.0,112.0
Lesser Yellowlegs,1,2,Jan_W2,0.0,94.0
Lesser Yellowlegs,1,3,Jan_W3,0.0,145.0
Lesser Yellowlegs,1,4,Jan_W4,0.0,125.0
Lesser Yellowlegs,2,1,Feb_W1,0.0,115.0
Lesser Yellowlegs,2,2,Feb_W2,0.0,192.0
Lesser Yellowlegs,2,3,Feb_W3,0.0,197.0
Lesser Yellowlegs,2,4,Feb_W4,0.0,63.0
Lesser Yellowlegs,3,1,Mar_W1,0.0,58.0
Lesser Yellowlegs,3,2,Mar_W2,0.0,55.0
Lesser Yellowlegs,3,3,Mar_W3,0.0,78.0
Lesser Yellowlegs,3,4,Mar_W4,0.0,163.0
Lesser Yellowlegs,4,1,Apr_W1,0.0,145.0
Lesser Yellowlegs,4,2,Apr_W2,0.0,154.0
Lesser Yellowlegs,4,3,Apr_W3,0.0,157.0
Lesser Yellowlegs,4,4,Apr_W4,0.0272727,330.0
Lesser Yellowlegs,5,1,May_W1,0.0772059,272.0
Lesser Yellowlegs,5,2,May_W2,0.0472441,381.0
Lesser Yellowlegs,5,3,May_W3,0.0516934,561.0
Lesser Yellowlegs,5,4,May_W4,0.0233266,986.0
Lesser Yellowlegs,6,1,Jun_W1,0.001497,668.0
Lesser Yellowlegs,6,2,Jun_W2,0.0,509.0
Lesser Yellowlegs,6,3,Jun_W3,0.0,379.0
Lesser Yellowlegs,6,4,Jun_W4,0.0016722,598.0
Lesser Yellowlegs,7,1,Jul_W1,0.0083102,361.0
Lesser Yellowlegs,7,2,Jul_W2,0.007335,409.0
Lesser Yellowlegs,7,3,Jul_W3,0.0,358.0
Lesser Yellowlegs,7,4,Jul_W4,0.0071599,419.0
Lesser Yellowlegs,8,1,Aug_W1,0.0115385,260.0
Lesser Yellowlegs,8,2,Aug_W2,0.0165017,303.0
Lesser Yellowlegs,8,3,Aug_W3,0.0413793,290.0
Lesser Yellowlegs,8,4,Aug_W4,0.0396396,555.0
Lesser Yellowlegs,9,1,Sep_W1,0.0327869,305.0
Lesser Yellowlegs,9,2,Sep_W2,0.0235988,339.0
Lesser Yellowlegs,9,3,Sep_W3,0.0103448,290.0
Lesser Yellowlegs,9,4,Sep_W4,0.0070423,426.0
Lesser Yellowlegs,10,1,Oct_W1,0.0060423,331.0
Lesser Yellowlegs,10,2,Oct_W2,0.0,478.0
Lesser Yellowlegs,10,3,Oct_W3,0.0015,282.0
Lesser Yellowlegs,10,4,Oct_W4,0.0,383.0
Lesser Yellowlegs,11,1,Nov_W1,0.0,184.0
Lesser Yellowlegs,11,2,Nov_W2,0.0,136.0
Lesser Yellowlegs,11,3,Nov_W3,0.0,89.0
Lesser Yellowlegs,11,4,Nov_W4,0.0,105.0
Lesser Yellowlegs,12,1,Dec_W1,0.0,60.0
Lesser Yellowlegs,12,2,Dec_W2,0.0,36.0
Lesser Yellowlegs,12,3,Dec_W3,0.0,166.0
Lesser Yellowlegs,12,4,Dec_W4,0.0,100.0
Willet,1,1,Jan_W1,0.0,112.0
Willet,1,2,Jan_W2,0.0,94.0
Willet,1,3,Jan_W3,0.0,145.0
Willet,1,4,Jan_W4,0.0,125.0
Willet,2,1,Feb_W1,0.0,115.0
Willet,2,2,Feb_W2,0.0,192.0
Willet,2,3,Feb_W3,0.0,197.0
Willet,2,4,Feb_W4,0.0,63.0
Willet,3,1,Mar_W1,0.0,58.0
Willet,3,2,Mar_W2,0.0,55.0
Willet,3,3,Mar_W3,0.0,78.0
Willet,3,4,Mar_W4,0.0,163.0
Willet,4,1,Apr_W1,0.0,145.0
Willet,4,2,Apr_W2,0.0,154.0
Willet,4,3,Apr_W3,0.0,157.0
Willet,4,4,Apr_W4,0.0,330.0
Willet,5,1,May_W1,0.0073529,272.0
Willet,5,2,May_W2,0.0052493,381.0
Willet,5,3,May_W3,0.0017825,561.0
Willet,5,4,May_W4,0.005071,986.0
Willet,6,1,Jun_W1,0.0,668.0
Willet,6,2,Jun_W2,0.0015,509.0
Willet,6,3,Jun_W3,0.0,379.0
Willet,6,4,Jun_W4,0.0,598.0
Willet,7,1,Jul_W1,0.0,361.0
Willet,7,2,Jul_W2,0.0,409.0
Willet,7,3,Jul_W3,0.0,358.0
Willet,7,4,Jul_W4,0.0,419.0
Willet,8,1,Aug_W1,0.0,260.0
Willet,8,2,Aug_W2,0.0,303.0
Willet,8,3,Aug_W3,0.0,290.0
Willet,8,4,Aug_W4,0.0,555.0
Willet,9,1,Sep_W1,0.0,305.0
Willet,9,2,Sep_W2,0.0,339.0
Willet,9,3,Sep_W3,0.0,290.0
Willet,9,4,Sep_W4,0.0,426.0
Willet,10,1,Oct_W1,0.0,331.0
Willet,10,2,Oct_W2,0.0,478.0
Willet,10,3,Oct_W3,0.0,282.0
Willet,10,4,Oct_W4,0.0,383.0
Willet,11,1,Nov_W1,0.0,184.0
Willet,11,2,Nov_W2,0.0,136.0
Willet,11,3,Nov_W3,0.0,89.0
Willet,11,4,Nov_W4,0.0,105.0
Willet,12,1,Dec_W1,0.0,60.0
Willet,12,2,Dec_W2,0.0,36.0
Willet,12,3,Dec_W3,0.0,166.0
Willet,12,4,Dec_W4,0.0,100.0
Greater Yellowlegs,1,1,Jan_W1,0.0,112.0
Greater Yellowlegs,1,2,Jan_W2,0.0,94.0
Greater Yellowlegs,1,3,Jan_W3,0.0,145.0
Greater Yellowlegs,1,4,Jan_W4,0.0,125.0
Greater Yellowlegs,2,1,Feb_W1,0.0,115.0
Greater Yellowlegs,2,2,Feb_W2,0.0,192.0
Greater Yellowlegs,2,3,Feb_W3,0.0,197.0
Greater Yellowlegs,2,4,Feb_W4,0.0,63.0
Greater Yellowlegs,3,1,Mar_W1,0.0,58.0
Greater Yellowlegs,3,2,Mar_W2,0.0,55.0
Greater Yellowlegs,3,3,Mar_W3,0.0,78.0
Greater Yellowlegs,3,4,Mar_W4,0.0,163.0
Greater Yellowlegs,4,1,Apr_W1,0.0,145.0
Greater Yellowlegs,4,2,Apr_W2,0.025974,154.0
Greater Yellowlegs,4,3,Apr_W3,0.0382166,157.0
Greater Yellowlegs,4,4,Apr_W4,0.1151515,330.0
Greater Yellowlegs,5,1,May_W1,0.125,272.0
Greater Yellowlegs,5,2,May_W2,0.0472441,381.0
Greater Yellowlegs,5,3,May_W3,0.0374332,561.0
Greater Yellowlegs,5,4,May_W4,0.0131846,986.0
Greater Yellowlegs,6,1,Jun_W1,0.001497,668.0
Greater Yellowlegs,6,2,Jun_W2,0.0,509.0
Greater Yellowlegs,6,3,Jun_W3,0.0,379.0
Greater Yellowlegs,6,4,Jun_W4,0.0016722,598.0
Greater Yellowlegs,7,1,Jul_W1,0.0,361.0
Greater Yellowlegs,7,2,Jul_W2,0.00489,409.0
Greater Yellowlegs,7,3,Jul_W3,0.0027933,358.0
Greater Yellowlegs,7,4,Jul_W4,0.0023866,419.0
Greater Yellowlegs,8,1,Aug_W1,0.0076923,260.0
Greater Yellowlegs,8,2,Aug_W2,0.0132013,303.0
Greater Yellowlegs,8,3,Aug_W3,0.037931,290.0
Greater Yellowlegs,8,4,Aug_W4,0.0216216,555.0
Greater Yellowlegs,9,1,Sep_W1,0.0327869,305.0
Greater Yellowlegs,9,2,Sep_W2,0.0501475,339.0
Greater Yellowlegs,9,3,Sep_W3,0.0241379,290.0
Greater Yellowlegs,9,4,Sep_W4,0.028169,426.0
Greater Yellowlegs,10,1,Oct_W1,0.0271903,331.0
Greater Yellowlegs,10,2,Oct_W2,0.0104603,478.0
Greater Yellowlegs,10,3,Oct_W3,0.035461,282.0
Greater Yellowlegs,10,4,Oct_W4,0.0287206,383.0
Greater Yellowlegs,11,1,Nov_W1,0.0271739,184.0
Greater Yellowlegs,11,2,Nov_W2,0.0,136.0
Greater Yellowlegs,11,3,Nov_W3,0.0,89.0
Greater Yellowlegs,11,4,Nov_W4,0.0,105.0
Greater Yellowlegs,12,1,Dec_W1,0.0,60.0
Greater Yellowlegs,12,2,Dec_W2,0.0,36.0
Greater Yellowlegs,12,3,Dec_W3,0.0,166.0
Greater Yellowlegs,12,4,Dec_W4,0.0,100.0
Ruddy Turnstone,1,1,Jan_W1,0.0,112.0
Ruddy Turnstone,1,2,Jan_W2,0.0,94.0
Ruddy Turnstone,1,3,Jan_W3,0.0,145.0
Ruddy Turnstone,1,4,Jan_W4,0.0,125.0
Ruddy Turnstone,2,1,Feb_W1,0.0,115.0
Ruddy Turnstone,2,2,Feb_W2,0.0,192.0
Ruddy Turnstone,2,3,Feb_W3,0.0,197.0
Ruddy Turnstone,2,4,Feb_W4,0.0,63.0
Ruddy Turnstone,3,1,Mar_W1,0.0,58.0
Ruddy Turnstone,3,2,Mar_W2,0.0,55.0
Ruddy Turnstone,3,3,Mar_W3,0.0,78.0
Ruddy Turnstone,3,4,Mar_W4,0.0,163.0
Ruddy Turnstone,4,1,Apr_W1,0.0,145.0
Ruddy Turnstone,4,2,Apr_W2,0.0,154.0
Ruddy Turnstone,4,3,Apr_W3,0.0,157.0
Ruddy Turnstone,4,4,Apr_W4,0.0,330.0
Ruddy Turnstone,5,1,May_W1,0.0,272.0
Ruddy Turnstone,5,2,May_W2,0.0,381.0
Ruddy Turnstone,5,3,May_W3,0.0106952,561.0
Ruddy Turnstone,5,4,May_W4,0.0172414,986.0
Ruddy Turnstone,6,1,Jun_W1,0.005988,668.0
Ruddy Turnstone,6,2,Jun_W2,0.0019646,509.0
Ruddy Turnstone,6,3,Jun_W3,0.0,379.0
Ruddy Turnstone,6,4,Jun_W4,0.0015,598.0
Ruddy Turnstone,7,1,Jul_W1,0.0,361.0
Ruddy Turnstone,7,2,Jul_W2,0.0,409.0
Ruddy Turnstone,7,3,Jul_W3,0.0,358.0
Ruddy Turnstone,7,4,Jul_W4,0.0,419.0
Ruddy Turnstone,8,1,Aug_W1,0.0,260.0
Ruddy Turnstone,8,2,Aug_W2,0.0,303.0
Ruddy Turnstone,8,3,Aug_W3,0.0,290.0
Ruddy Turnstone,8,4,Aug_W4,0.0036036,555.0
Ruddy Turnstone,9,1,Sep_W1,0.0015,305.0
Ruddy Turnstone,9,2,Sep_W2,0.0029499,339.0
Ruddy Turnstone,9,3,Sep_W3,0.0,290.0
Ruddy Turnstone,9,4,Sep_W4,0.0023474,426.0
Ruddy Turnstone,10,1,Oct_W1,0.0,331.0
Ruddy Turnstone,10,2,Oct_W2,0.0,478.0
Ruddy Turnstone,10,3,Oct_W3,0.0,282.0
Ruddy Turnstone,10,4,Oct_W4,0.0,383.0
Ruddy Turnstone,11,1,Nov_W1,0.0,184.0
Ruddy Turnstone,11,2,Nov_W2,0.0,136.0
Ruddy Turnstone,11,3,Nov_W3,0.0,89.0
Ruddy Turnstone,11,4,Nov_W4,0.0,105.0
Ruddy Turnstone,12,1,Dec_W1,0.0,60.0
Ruddy Turnstone,12,2,Dec_W2,0.0,36.0
Ruddy Turnstone,12,3,Dec_W3,0.0,166.0
Ruddy Turnstone,12,4,Dec_W4,0.0,100.0
Red Knot,1,1,Jan_W1,0.0,112.0
Red Knot,1,2,Jan_W2,0.0,94.0
Red Knot,1,3,Jan_W3,0.0,145.0
Red Knot,1,4,Jan_W4,0.0,125.0
Red Knot,2,1,Feb_W1,0.0,115.0
Red Knot,2,2,Feb_W2,0.0,192.0
Red Knot,2,3,Feb_W3,0.0,197.0
Red Knot,2,4,Feb_W4,0.0,63.0
Red Knot,3,1,Mar_W1,0.0,58.0
Red Knot,3,2,Mar_W2,0.0,55.0
Red Knot,3,3,Mar_W3,0.0,78.0
Red Knot,3,4,Mar_W4,0.0,163.0
Red Knot,4,1,Apr_W1,0.0,145.0
Red Knot,4,2,Apr_W2,0.0,154.0
Red Knot,4,3,Apr_W3,0.0,157.0
Red Knot,4,4,Apr_W4,0.0,330.0
Red Knot,5,1,May_W1,0.0,272.0
Red Knot,5,2,May_W2,0.0,381.0
Red Knot,5,3,May_W3,0.0,561.0
Red Knot,5,4,May_W4,0.0,986.0
Red Knot,6,1,Jun_W1,0.0,668.0
Red Knot,6,2,Jun_W2,0.0,509.0
Red Knot,6,3,Jun_W3,0.0,379.0
Red Knot,6,4,Jun_W4,0.0,598.0
Red Knot,7,1,Jul_W1,0.0,361.0
Red Knot,7,2,Jul_W2,0.0,409.0
Red Knot,7,3,Jul_W3,0.0,358.0
Red Knot,7,4,Jul_W4,0.0,419.0
Red Knot,8,1,Aug_W1,0.0,260.0
Red Knot,8,2,Aug_W2,0.0,303.0
Red Knot,8,3,Aug_W3,0.0,290.0
Red Knot,8,4,Aug_W4,0.0198198,555.0
Red Knot,9,1,Sep_W1,0.0032787,305.0
Red Knot,9,2,Sep_W2,0.0,339.0
Red Knot,9,3,Sep_W3,0.0,290.0
Red Knot,9,4,Sep_W4,0.0,426.0
Red Knot,10,1,Oct_W1,0.0,331.0
Red Knot,10,2,Oct_W2,0.0,478.0
Red Knot,10,3,Oct_W3,0.0,282.0
Red Knot,10,4,Oct_W4,0.0,383.0
Red Knot,11,1,Nov_W1,0.0,184.0
Red Knot,11,2,Nov_W2,0.0,136.0
Red Knot,11,3,Nov_W3,0.0,89.0
Red Knot,11,4,Nov_W4,0.0,105.0
Red Knot,12,1,Dec_W1,0.0,60.0
Red Knot,12,2,Dec_W2,0.0,36.0
Red Knot,12,3,Dec_W3,0.0,166.0
Red Knot,12,4,Dec_W4,0.0,100.0
Stilt Sandpiper,1,1,Jan_W1,0.0,112.0
Stilt Sandpiper,1,2,Jan_W2,0.0,94.0
Stilt Sandpiper,1,3,Jan_W3,0.0,145.0
Stilt Sandpiper,1,4,Jan_W4,0.0,125.0
Stilt Sandpiper,2,1,Feb_W1,0.0,115.0
Stilt Sandpiper,2,2,Feb_W2,0.0,192.0
Stilt Sandpiper,2,3,Feb_W3,0.0,197.0
Stilt Sandpiper,2,4,Feb_W4,0.0,63.0
Stilt Sandpiper,3,1,Mar_W1,0.0,58.0
Stilt Sandpiper,3,2,Mar_W2,0.0,55.0
Stilt Sandpiper,3,3,Mar_W3,0.0,78.0
Stilt Sandpiper,3,4,Mar_W4,0.0,163.0
Stilt Sandpiper,4,1,Apr_W1,0.0,145.0
Stilt Sandpiper,4,2,Apr_W2,0.0,154.0
Stilt Sandpiper,4,3,Apr_W3,0.0,157.0
Stilt Sandpiper,4,4,Apr_W4,0.0,330.0
Stilt Sandpiper,5,1,May_W1,0.0,272.0
Stilt Sandpiper,5,2,May_W2,0.0,381.0
Stilt Sandpiper,5,3,May_W3,0.0017825,561.0
Stilt Sandpiper,5,4,May_W4,0.0,986.0
Stilt Sandpiper,6,1,Jun_W1,0.0,668.0
Stilt Sandpiper,6,2,Jun_W2,0.0,509.0
Stilt Sandpiper,6,3,Jun_W3,0.0,379.0
Stilt Sandpiper,6,4,Jun_W4,0.0,598.0
Stilt Sandpiper,7,1,Jul_W1,0.0,361.0
Stilt Sandpiper,7,2,Jul_W2,0.0,409.0
Stilt Sandpiper,7,3,Jul_W3,0.0,358.0
Stilt Sandpiper,7,4,Jul_W4,0.0,419.0
Stilt Sandpiper,8,1,Aug_W1,0.0,260.0
Stilt Sandpiper,8,2,Aug_W2,0.0,303.0
Stilt Sandpiper,8,3,Aug_W3,0.0068966,290.0
Stilt Sandpiper,8,4,Aug_W4,0.0072072,555.0
Stilt Sandpiper,9,1,Sep_W1,0.0163934,305.0
Stilt Sandpiper,9,2,Sep_W2,0.0,339.0
Stilt Sandpiper,9,3,Sep_W3,0.0,290.0
Stilt Sandpiper,9,4,Sep_W4,0.0,426.0
Stilt Sandpiper,10,1,Oct_W1,0.0,331.0
Stilt Sandpiper,10,2,Oct_W2,0.0,478.0
Stilt Sandpiper,10,3,Oct_W3,0.0,282.0
Stilt Sandpiper,10,4,Oct_W4,0.0,383.0
Stilt Sandpiper,11,1,Nov_W1,0.0,184.0
Stilt Sandpiper,11,2,Nov_W2,0.0,136.0
Stilt Sandpiper,11,3,Nov_W3,0.0,89.0
Stilt Sandpiper,11,4,Nov_W4,0.0,105.0
Stilt Sandpiper,12,1,Dec_W1,0.0,60.0
Stilt Sandpiper,12,2,Dec_W2,0.0,36.0
Stilt Sandpiper,12,3,Dec_W3,0.0,166.0
Stilt Sandpiper,12,4,Dec_W4,0.0,100.0
Buff-breasted Sandpiper,1,1,Jan_W1,0.0,112.0
Buff-breasted Sandpiper,1,2,Jan_W2,0.0,94.0
Buff-breasted Sandpiper,1,3,Jan_W3,0.0,145.0
Buff-breasted Sandpiper,1,4,Jan_W4,0.0,125.0
Buff-breasted Sandpiper,2,1,Feb_W1,0.0,115.0
Buff-breasted Sandpiper,2,2,Feb_W2,0.0,192.0
Buff-breasted Sandpiper,2,3,Feb_W3,0.0,197.0
Buff-breasted Sandpiper,2,4,Feb_W4,0.0,63.0
Buff-breasted Sandpiper,3,1,Mar_W1,0.0,58.0
Buff-breasted Sandpiper,3,2,Mar_W2,0.0,55.0
Buff-breasted Sandpiper,3,3,Mar_W3,0.0,78.0
Buff-breasted Sandpiper,3,4,Mar_W4,0.0,163.0
Buff-breasted Sandpiper,4,1,Apr_W1,0.0,145.0
Buff-breasted Sandpiper,4,2,Apr_W2,0.0,154.0
Buff-breasted Sandpiper,4,3,Apr_W3,0.0,157.0
Buff-breasted Sandpiper,4,4,Apr_W4,0.0,330.0
Buff-breasted Sandpiper,5,1,May_W1,0.0,272.0
Buff-breasted Sandpiper,5,2,May_W2,0.0,381.0
Buff-breasted Sandpiper,5,3,May_W3,0.0,561.0
Buff-breasted Sandpiper,5,4,May_W4,0.0,986.0
Buff-breasted Sandpiper,6,1,Jun_W1,0.0,668.0
Buff-breasted Sandpiper,6,2,Jun_W2,0.0,509.0
Buff-breasted Sandpiper,6,3,Jun_W3,0.0,379.0
Buff-breasted Sandpiper,6,4,Jun_W4,0.0,598.0
Buff-breasted Sandpiper,7,1,Jul_W1,0.0,361.0
Buff-breasted Sandpiper,7,2,Jul_W2,0.0,409.0
Buff-breasted Sandpiper,7,3,Jul_W3,0.0,358.0
Buff-breasted Sandpiper,7,4,Jul_W4,0.0,419.0
Buff-breasted Sandpiper,8,1,Aug_W1,0.0,260.0
Buff-breasted Sandpiper,8,2,Aug_W2,0.0,303.0
Buff-breasted Sandpiper,8,3,Aug_W3,0.0,290.0
Buff-breasted Sandpiper,8,4,Aug_W4,0.0036036,555.0
Buff-breasted Sandpiper,9,1,Sep_W1,0.0032787,305.0
Buff-breasted Sandpiper,9,2,Sep_W2,0.0029499,339.0
Buff-breasted Sandpiper,9,3,Sep_W3,0.0,290.0
Buff-breasted Sandpiper,9,4,Sep_W4,0.0,426.0
Buff-breasted Sandpiper,10,1,Oct_W1,0.0,331.0
Buff-breasted Sandpiper,10,2,Oct_W2,0.0,478.0
Buff-breasted Sandpiper,10,3,Oct_W3,0.0,282.0
Buff-breasted Sandpiper,10,4,Oct_W4,0.0,383.0
Buff-breasted Sandpiper,11,1,Nov_W1,0.0,184.0
Buff-breasted Sandpiper,11,2,Nov_W2,0.0,136.0
Buff-breasted Sandpiper,11,3,Nov_W3,0.0,89.0
Buff-breasted Sandpiper,11,4,Nov_W4,0.0,105.0
Buff-breasted Sandpiper,12,1,Dec_W1,0.0,60.0
Buff-breasted Sandpiper,12,2,Dec_W2,0.0,36.0
Buff-breasted Sandpiper,12,3,Dec_W3,0.0,166.0
Buff-breasted Sandpiper,12,4,Dec_W4,0.0,100.0
Sanderling,1,1,Jan_W1,0.0,112.0
Sanderling,1,2,Jan_W2,0.0,94.0
Sanderling,1,3,Jan_W3,0.0,145.0
Sanderling,1,4,Jan_W4,0.0,125.0
Sanderling,2,1,Feb_W1,0.0,115.0
Sanderling,2,2,Feb_W2,0.0,192.0
Sanderling,2,3,Feb_W3,0.0,197.0
Sanderling,2,4,Feb_W4,0.0,63.0
Sanderling,3,1,Mar_W1,0.0,58.0
Sanderling,3,2,Mar_W2,0.0,55.0
Sanderling,3,3,Mar_W3,0.0,78.0
Sanderling,3,4,Mar_W4,0.0,163.0
Sanderling,4,1,Apr_W1,0.0,145.0
Sanderling,4,2,Apr_W2,0.0,154.0
Sanderling,4,3,Apr_W3,0.0,157.0
Sanderling,4,4,Apr_W4,0.0,330.0
Sanderling,5,1,May_W1,0.0,272.0
Sanderling,5,2,May_W2,0.0026247,381.0
Sanderling,5,3,May_W3,0.0017825,561.0
Sanderling,5,4,May_W4,0.0081136,986.0
Sanderling,6,1,Jun_W1,0.0015,668.0
Sanderling,6,2,Jun_W2,0.0019646,509.0
Sanderling,6,3,Jun_W3,0.0,379.0
Sanderling,6,4,Jun_W4,0.0,598.0
Sanderling,7,1,Jul_W1,0.0,361.0
Sanderling,7,2,Jul_W2,0.0,409.0
Sanderling,7,3,Jul_W3,0.0027933,358.0
Sanderling,7,4,Jul_W4,0.0,419.0
Sanderling,8,1,Aug_W1,0.0,260.0
Sanderling,8,2,Aug_W2,0.0033003,303.0
Sanderling,8,3,Aug_W3,0.0034483,290.0
Sanderling,8,4,Aug_W4,0.0288288,555.0
Sanderling,9,1,Sep_W1,0.0163934,305.0
Sanderling,9,2,Sep_W2,0.0117994,339.0
Sanderling,9,3,Sep_W3,0.037931,290.0
Sanderling,9,4,Sep_W4,0.0117371,426.0
Sanderling,10,1,Oct_W1,0.0030211,331.0
Sanderling,10,2,Oct_W2,0.0,478.0
Sanderling,10,3,Oct_W3,0.0035461,282.0
Sanderling,10,4,Oct_W4,0.0,383.0
Sanderling,11,1,Nov_W1,0.0,184.0
Sanderling,11,2,Nov_W2,0.0,136.0
Sanderling,11,3,Nov_W3,0.0,89.0
Sanderling,11,4,Nov_W4,0.0,105.0
Sanderling,12,1,Dec_W1,0.0,60.0
Sanderling,12,2,Dec_W2,0.0,36.0
Sanderling,12,3,Dec_W3,0.0,166.0
Sanderling,12,4,Dec_W4,0.0,100.0
Dunlin,1,1,Jan_W1,0.0,112.0
Dunlin,1,2,Jan_W2,0.0,94.0
Dunlin,1,3,Jan_W3,0.0,145.0
Dunlin,1,4,Jan_W4,0.0,125.0
Dunlin,2,1,Feb_W1,0.0,115.0
Dunlin,2,2,Feb_W2,0.0,192.0
Dunlin,2,3,Feb_W3,0.0,197.0
Dunlin,2,4,Feb_W4,0.0,63.0
Dunlin,3,1,Mar_W1,0.0,58.0
Dunlin,3,2,Mar_W2,0.0,55.0
Dunlin,3,3,Mar_W3,0.0,78.0
Dunlin,3,4,Mar_W4,0.0,163.0
Dunlin,4,1,Apr_W1,0.0,145.0
Dunlin,4,2,Apr_W2,0.0,154.0
Dunlin,4,3,Apr_W3,0.0,157.0
Dunlin,4,4,Apr_W4,0.0,330.0
Dunlin,5,1,May_W1,0.0,272.0
Dunlin,5,2,May_W2,0.0052493,381.0
Dunlin,5,3,May_W3,0.0213904,561.0
Dunlin,5,4,May_W4,0.0456389,986.0
Dunlin,6,1,Jun_W1,0.008982,668.0
Dunlin,6,2,Jun_W2,0.0039293,509.0
Dunlin,6,3,Jun_W3,0.0026385,379.0
Dunlin,6,4,Jun_W4,0.0015,598.0
Dunlin,7,1,Jul_W1,0.0,361.0
Dunlin,7,2,Jul_W2,0.0,409.0
Dunlin,7,3,Jul_W3,0.0,358.0
Dunlin,7,4,Jul_W4,0.0,419.0
Dunlin,8,1,Aug_W1,0.0,260.0
Dunlin,8,2,Aug_W2,0.0,303.0
Dunlin,8,3,Aug_W3,0.0,290.0
Dunlin,8,4,Aug_W4,0.0018018,555.0
Dunlin,9,1,Sep_W1,0.0,305.0
Dunlin,9,2,Sep_W2,0.0,339.0
Dunlin,9,3,Sep_W3,0.0,290.0
Dunlin,9,4,Sep_W4,0.0,426.0
Dunlin,10,1,Oct_W1,0.0,331.0
Dunlin,10,2,Oct_W2,0.0146444,478.0
Dunlin,10,3,Oct_W3,0.0141844,282.0
Dunlin,10,4,Oct_W4,0.0339426,383.0
Dunlin,11,1,Nov_W1,0.0543478,184.0
Dunlin,11,2,Nov_W2,0.0147059,136.0
Dunlin,11,3,Nov_W3,0.0,89.0
Dunlin,11,4,Nov_W4,0.0,105.0
Dunlin,12,1,Dec_W1,0.0,60.0
Dunlin,12,2,Dec_W2,0.0,36.0
Dunlin,12,3,Dec_W3,0.0,166.0
Dunlin,12,4,Dec_W4,0.0,100.0
Purple Sandpiper,1,1,Jan_W1,0.0,112.0
Purple Sandpiper,1,2,Jan_W2,0.0,94.0
Purple Sandpiper,1,3,Jan_W3,0.0,145.0
Purple Sandpiper,1,4,Jan_W4,0.0,125.0
Purple Sandpiper,2,1,Feb_W1,0.0,115.0
Purple Sandpiper,2,2,Feb_W2,0.0,192.0
Purple Sandpiper,2,3,Feb_W3,0.0,197.0
Purple Sandpiper,2,4,Feb_W4,0.0,63.0
Purple Sandpiper,3,1,Mar_W1,0.0,58.0
Purple Sandpiper,3,2,Mar_W2,0.0,55.0
Purple Sandpiper,3,3,Mar_W3,0.0,78.0
Purple Sandpiper,3,4,Mar_W4,0.0,163.0
Purple Sandpiper,4,1,Apr_W1,0.0,145.0
Purple Sandpiper,4,2,Apr_W2,0.0,154.0
Purple Sandpiper,4,3,Apr_W3,0.0,157.0
Purple Sandpiper,4,4,Apr_W4,0.0,330.0
Purple Sandpiper,5,1,May_W1,0.0,272.0
Purple Sandpiper,5,2,May_W2,0.0,381.0
Purple Sandpiper,5,3,May_W3,0.0,561.0
Purple Sandpiper,5,4,May_W4,0.0,986.0
Purple Sandpiper,6,1,Jun_W1,0.0,668.0
Purple Sandpiper,6,2,Jun_W2,0.0,509.0
Purple Sandpiper,6,3,Jun_W3,0.0,379.0
Purple Sandpiper,6,4,Jun_W4,0.0,598.0
Purple Sandpiper,7,1,Jul_W1,0.0,361.0
Purple Sandpiper,7,2,Jul_W2,0.0,409.0
Purple Sandpiper,7,3,Jul_W3,0.0,358.0
Purple Sandpiper,7,4,Jul_W4,0.0,419.0
Purple Sandpiper,8,1,Aug_W1,0.0,260.0
Purple Sandpiper,8,2,Aug_W2,0.0,303.0
Purple Sandpiper,8,3,Aug_W3,0.0,290.0
Purple Sandpiper,8,4,Aug_W4,0.0,555.0
Purple Sandpiper,9,1,Sep_W1,0.0,305.0
Purple Sandpiper,9,2,Sep_W2,0.0,339.0
Purple Sandpiper,9,3,Sep_W3,0.0,290.0
Purple Sandpiper,9,4,Sep_W4,0.0,426.0
Purple Sandpiper,10,1,Oct_W1,0.0,331.0
Purple Sandpiper,10,2,Oct_W2,0.0,478.0
Purple Sandpiper,10,3,Oct_W3,0.0,282.0
Purple Sandpiper,10,4,Oct_W4,0.002611,383.0
Purple Sandpiper,11,1,Nov_W1,0.0,184.0
Purple Sandpiper,11,2,Nov_W2,0.0,136.0
Purple Sandpiper,11,3,Nov_W3,0.0,89.0
Purple Sandpiper,11,4,Nov_W4,0.0,105.0
Purple Sandpiper,12,1,Dec_W1,0.0,60.0
Purple Sandpiper,12,2,Dec_W2,0.0,36.0
Purple Sandpiper,12,3,Dec_W3,0.0,166.0
Purple Sandpiper,12,4,Dec_W4,0.0,100.0
Baird's Sandpiper,1,1,Jan_W1,0.0,112.0
Baird's Sandpiper,1,2,Jan_W2,0.0,94.0
Baird's Sandpiper,1,3,Jan_W3,0.0,145.0
Baird's Sandpiper,1,4,Jan_W4,0.0,125.0
Baird's Sandpiper,2,1,Feb_W1,0.0,115.0
Baird's Sandpiper,2,2,Feb_W2,0.0,192.0
Baird's Sandpiper,2,3,Feb_W3,0.0,197.0
Baird's Sandpiper,2,4,Feb_W4,0.0,63.0
Baird's Sandpiper,3,1,Mar_W1,0.0,58.0
Baird's Sandpiper,3,2,Mar_W2,0.0,55.0
Baird's Sandpiper,3,3,Mar_W3,0.0,78.0
Baird's Sandpiper,3,4,Mar_W4,0.0,163.0
Baird's Sandpiper,4,1,Apr_W1,0.0,145.0
Baird's Sandpiper,4,2,Apr_W2,0.0,154.0
Baird's Sandpiper,4,3,Apr_W3,0.0,157.0
Baird's Sandpiper,4,4,Apr_W4,0.0,330.0
Baird's Sandpiper,5,1,May_W1,0.0,272.0
Baird's Sandpiper,5,2,May_W2,0.0,381.0
Baird's Sandpiper,5,3,May_W3,0.0,561.0
Baird's Sandpiper,5,4,May_W4,0.0,986.0
Baird's Sandpiper,6,1,Jun_W1,0.0,668.0
Baird's Sandpiper,6,2,Jun_W2,0.0,509.0
Baird's Sandpiper,6,3,Jun_W3,0.0,379.0
Baird's Sandpiper,6,4,Jun_W4,0.0,598.0
Baird's Sandpiper,7,1,Jul_W1,0.0,361.0
Baird's Sandpiper,7,2,Jul_W2,0.0,409.0
Baird's Sandpiper,7,3,Jul_W3,0.0027933,358.0
Baird's Sandpiper,7,4,Jul_W4,0.0,419.0
Baird's Sandpiper,8,1,Aug_W1,0.0076923,260.0
Baird's Sandpiper,8,2,Aug_W2,0.0,303.0
Baird's Sandpiper,8,3,Aug_W3,0.0275862,290.0
Baird's Sandpiper,8,4,Aug_W4,0.0648649,555.0
Baird's Sandpiper,9,1,Sep_W1,0.0327869,305.0
Baird's Sandpiper,9,2,Sep_W2,0.0235988,339.0
Baird's Sandpiper,9,3,Sep_W3,0.0034483,290.0
Baird's Sandpiper,9,4,Sep_W4,0.0,426.0
Baird's Sandpiper,10,1,Oct_W1,0.0,331.0
Baird's Sandpiper,10,2,Oct_W2,0.0,478.0
Baird's Sandpiper,10,3,Oct_W3,0.0,282.0
Baird's Sandpiper,10,4,Oct_W4,0.0,383.0
Baird's Sandpiper,11,1,Nov_W1,0.0,184.0
Baird's Sandpiper,11,2,Nov_W2,0.0,136.0
Baird's Sandpiper,11,3,Nov_W3,0.0,89.0
Baird's Sandpiper,11,4,Nov_W4,0.0,105.0
Baird's Sandpiper,12,1,Dec_W1,0.0,60.0
Baird's Sandpiper,12,2,Dec_W2,0.0,36.0
Baird's Sandpiper,12,3,Dec_W3,0.0,166.0
Baird's Sandpiper,12,4,Dec_W4,0.0,100.0
White-rumped Sandpiper,1,1,Jan_W1,0.0,112.0
White-rumped Sandpiper,1,2,Jan_W2,0.0,94.0
White-rumped Sandpiper,1,3,Jan_W3,0.0,145.0
White-rumped Sandpiper,1,4,Jan_W4,0.0,125.0
White-rumped Sandpiper,2,1,Feb_W1,0.0,115.0
White-rumped Sandpiper,2,2,Feb_W2,0.0,192.0
White-rumped Sandpiper,2,3,Feb_W3,0.0,197.0
White-rumped Sandpiper,2,4,Feb_W4,0.0,63.0
White-rumped Sandpiper,3,1,Mar_W1,0.0,58.0
White-rumped Sandpiper,3,2,Mar_W2,0.0,55.0
White-rumped Sandpiper,3,3,Mar_W3,0.0,78.0
White-rumped Sandpiper,3,4,Mar_W4,0.0,163.0
White-rumped Sandpiper,4,1,Apr_W1,0.0,145.0
White-rumped Sandpiper,4,2,Apr_W2,0.0,154.0
White-rumped Sandpiper,4,3,Apr_W3,0.0,157.0
White-rumped Sandpiper,4,4,Apr_W4,0.0,330.0
White-rumped Sandpiper,5,1,May_W1,0.0,272.0
White-rumped Sandpiper,5,2,May_W2,0.0,381.0
White-rumped Sandpiper,5,3,May_W3,0.0017825,561.0
White-rumped Sandpiper,5,4,May_W4,0.0070994,986.0
White-rumped Sandpiper,6,1,Jun_W1,0.001497,668.0
White-rumped Sandpiper,6,2,Jun_W2,0.0058939,509.0
White-rumped Sandpiper,6,3,Jun_W3,0.0026385,379.0
White-rumped Sandpiper,6,4,Jun_W4,0.0,598.0
White-rumped Sandpiper,7,1,Jul_W1,0.0,361.0
White-rumped Sandpiper,7,2,Jul_W2,0.0,409.0
White-rumped Sandpiper,7,3,Jul_W3,0.0,358.0
White-rumped Sandpiper,7,4,Jul_W4,0.0,419.0
White-rumped Sandpiper,8,1,Aug_W1,0.0,260.0
White-rumped Sandpiper,8,2,Aug_W2,0.0,303.0
White-rumped Sandpiper,8,3,Aug_W3,0.0,290.0
White-rumped Sandpiper,8,4,Aug_W4,0.0,555.0
White-rumped Sandpiper,9,1,Sep_W1,0.0065574,305.0
White-rumped Sandpiper,9,2,Sep_W2,0.0,339.0
White-rumped Sandpiper,9,3,Sep_W3,0.0,290.0
White-rumped Sandpiper,9,4,Sep_W4,0.0,426.0
White-rumped Sandpiper,10,1,Oct_W1,0.0,331.0
White-rumped Sandpiper,10,2,Oct_W2,0.0,478.0
White-rumped Sandpiper,10,3,Oct_W3,0.0070922,282.0
White-rumped Sandpiper,10,4,Oct_W4,0.0,383.0
White-rumped Sandpiper,11,1,Nov_W1,0.0,184.0
White-rumped Sandpiper,11,2,Nov_W2,0.0,136.0
White-rumped Sandpiper,11,3,Nov_W3,0.0,89.0
White-rumped Sandpiper,11,4,Nov_W4,0.0,105.0
White-rumped Sandpiper,12,1,Dec_W1,0.0,60.0
White-rumped Sandpiper,12,2,Dec_W2,0.0,36.0
White-rumped Sandpiper,12,3,Dec_W3,0.0,166.0
White-rumped Sandpiper,12,4,Dec_W4,0.0,100.0
Least Sandpiper,1,1,Jan_W1,0.0,112.0
Least Sandpiper,1,2,Jan_W2,0.0,94.0
Least Sandpiper,1,3,Jan_W3,0.0,145.0
Least Sandpiper,1,4,Jan_W4,0.0,125.0
Least Sandpiper,2,1,Feb_W1,0.0,115.0
Least Sandpiper,2,2,Feb_W2,0.0,192.0
Least Sandpiper,2,3,Feb_W3,0.0,197.0
Least Sandpiper,2,4,Feb_W4,0.0,63.0
Least Sandpiper,3,1,Mar_W1,0.0,58.0
Least Sandpiper,3,2,Mar_W2,0.0,55.0
Least Sandpiper,3,3,Mar_W3,0.0,78.0
Least Sandpiper,3,4,Mar_W4,0.0,163.0
Least Sandpiper,4,1,Apr_W1,0.0,145.0
Least Sandpiper,4,2,Apr_W2,0.0,154.0
Least Sandpiper,4,3,Apr_W3,0.0,157.0
Least Sandpiper,4,4,Apr_W4,0.0,330.0
Least Sandpiper,5,1,May_W1,0.0036765,272.0
Least Sandpiper,5,2,May_W2,0.0183727,381.0
Least Sandpiper,5,3,May_W3,0.0320856,561.0
Least Sandpiper,5,4,May_W4,0.0243408,986.0
Least Sandpiper,6,1,Jun_W1,0.0,668.0
Least Sandpiper,6,2,Jun_W2,0.0,509.0
Least Sandpiper,6,3,Jun_W3,0.0,379.0
Least Sandpiper,6,4,Jun_W4,0.0016722,598.0
Least Sandpiper,7,1,Jul_W1,0.0027701,361.0
Least Sandpiper,7,2,Jul_W2,0.0220049,409.0
Least Sandpiper,7,3,Jul_W3,0.0,358.0
Least Sandpiper,7,4,Jul_W4,0.0047733,419.0
Least Sandpiper,8,1,Aug_W1,0.0115385,260.0
Least Sandpiper,8,2,Aug_W2,0.0015,303.0
Least Sandpiper,8,3,Aug_W3,0.0482759,290.0
Least Sandpiper,8,4,Aug_W4,0.0846847,555.0
Least Sandpiper,9,1,Sep_W1,0.0393443,305.0
Least Sandpiper,9,2,Sep_W2,0.0088496,339.0
Least Sandpiper,9,3,Sep_W3,0.0068966,290.0
Least Sandpiper,9,4,Sep_W4,0.0023474,426.0
Least Sandpiper,10,1,Oct_W1,0.0,331.0
Least Sandpiper,10,2,Oct_W2,0.0,478.0
Least Sandpiper,10,3,Oct_W3,0.0,282.0
Least Sandpiper,10,4,Oct_W4,0.0,383.0
Least Sandpiper,11,1,Nov_W1,0.0,184.0
Least Sandpiper,11,2,Nov_W2,0.0,136.0
Least Sandpiper,11,3,Nov_W3,0.0,89.0
Least Sandpiper,11,4,Nov_W4,0.0,105.0
Least Sandpiper,12,1,Dec_W1,0.0,60.0
Least Sandpiper,12,2,Dec_W2,0.0,36.0
Least Sandpiper,12,3,Dec_W3,0.0,166.0
Least Sandpiper,12,4,Dec_W4,0.0,100.0
Pectoral Sandpiper,1,1,Jan_W1,0.0,112.0
Pectoral Sandpiper,1,2,Jan_W2,0.0,94.0
Pectoral Sandpiper,1,3,Jan_W3,0.0,145.0
Pectoral Sandpiper,1,4,Jan_W4,0.0,125.0
Pectoral Sandpiper,2,1,Feb_W1,0.0,115.0
Pectoral Sandpiper,2,2,Feb_W2,0.0,192.0
Pectoral Sandpiper,2,3,Feb_W3,0.0,197.0
Pectoral Sandpiper,2,4,Feb_W4,0.0,63.0
Pectoral Sandpiper,3,1,Mar_W1,0.0,58.0
Pectoral Sandpiper,3,2,Mar_W2,0.0,55.0
Pectoral Sandpiper,3,3,Mar_W3,0.0,78.0
Pectoral Sandpiper,3,4,Mar_W4,0.0,163.0
Pectoral Sandpiper,4,1,Apr_W1,0.0,145.0
Pectoral Sandpiper,4,2,Apr_W2,0.0,154.0
Pectoral Sandpiper,4,3,Apr_W3,0.0,157.0
Pectoral Sandpiper,4,4,Apr_W4,0.0060606,330.0
Pectoral Sandpiper,5,1,May_W1,0.0073529,272.0
Pectoral Sandpiper,5,2,May_W2,0.0026247,381.0
Pectoral Sandpiper,5,3,May_W3,0.0035651,561.0
Pectoral Sandpiper,5,4,May_W4,0.0030426,986.0
Pectoral Sandpiper,6,1,Jun_W1,0.0,668.0
Pectoral Sandpiper,6,2,Jun_W2,0.0,509.0
Pectoral Sandpiper,6,3,Jun_W3,0.0,379.0
Pectoral Sandpiper,6,4,Jun_W4,0.0,598.0
Pectoral Sandpiper,7,1,Jul_W1,0.0,361.0
Pectoral Sandpiper,7,2,Jul_W2,0.0,409.0
Pectoral Sandpiper,7,3,Jul_W3,0.0015,358.0
Pectoral Sandpiper,7,4,Jul_W4,0.0,419.0
Pectoral Sandpiper,8,1,Aug_W1,0.0038462,260.0
Pectoral Sandpiper,8,2,Aug_W2,0.0,303.0
Pectoral Sandpiper,8,3,Aug_W3,0.0068966,290.0
Pectoral Sandpiper,8,4,Aug_W4,0.0198198,555.0
Pectoral Sandpiper,9,1,Sep_W1,0.0131148,305.0
Pectoral Sandpiper,9,2,Sep_W2,0.0235988,339.0
Pectoral Sandpiper,9,3,Sep_W3,0.0137931,290.0
Pectoral Sandpiper,9,4,Sep_W4,0.0422535,426.0
Pectoral Sandpiper,10,1,Oct_W1,0.0392749,331.0
Pectoral Sandpiper,10,2,Oct_W2,0.0146444,478.0
Pectoral Sandpiper,10,3,Oct_W3,0.0106383,282.0
Pectoral Sandpiper,10,4,Oct_W4,0.0156658,383.0
Pectoral Sandpiper,11,1,Nov_W1,0.0,184.0
Pectoral Sandpiper,11,2,Nov_W2,0.0,136.0
Pectoral Sandpiper,11,3,Nov_W3,0.0,89.0
Pectoral Sandpiper,11,4,Nov_W4,0.0,105.0
Pectoral Sandpiper,12,1,Dec_W1,0.0,60.0
Pectoral Sandpiper,12,2,Dec_W2,0.0,36.0
Pectoral Sandpiper,12,3,Dec_W3,0.0,166.0
Pectoral Sandpiper,12,4,Dec_W4,0.0,100.0
Semipalmated Sandpiper,1,1,Jan_W1,0.0,112.0
Semipalmated Sandpiper,1,2,Jan_W2,0.0,94.0
Semipalmated Sandpiper,1,3,Jan_W3,0.0,145.0
Semipalmated Sandpiper,1,4,Jan_W4,0.0,125.0
Semipalmated Sandpiper,2,1,Feb_W1,0.0,115.0
Semipalmated Sandpiper,2,2,Feb_W2,0.0,192.0
Semipalmated Sandpiper,2,3,Feb_W3,0.0,197.0
Semipalmated Sandpiper,2,4,Feb_W4,0.0,63.0
Semipalmated Sandpiper,3,1,Mar_W1,0.0,58.0
Semipalmated Sandpiper,3,2,Mar_W2,0.0,55.0
Semipalmated Sandpiper,3,3,Mar_W3,0.0,78.0
Semipalmated Sandpiper,3,4,Mar_W4,0.0,163.0
Semipalmated Sandpiper,4,1,Apr_W1,0.0,145.0
Semipalmated Sandpiper,4,2,Apr_W2,0.0,154.0
Semipalmated Sandpiper,4,3,Apr_W3,0.0,157.0
Semipalmated Sandpiper,4,4,Apr_W4,0.0,330.0
Semipalmated Sandpiper,5,1,May_W1,0.0,272.0
Semipalmated Sandpiper,5,2,May_W2,0.0026247,381.0
Semipalmated Sandpiper,5,3,May_W3,0.0053476,561.0
Semipalmated Sandpiper,5,4,May_W4,0.0283976,986.0
Semipalmated Sandpiper,6,1,Jun_W1,0.0179641,668.0
Semipalmated Sandpiper,6,2,Jun_W2,0.0137525,509.0
Semipalmated Sandpiper,6,3,Jun_W3,0.0,379.0
Semipalmated Sandpiper,6,4,Jun_W4,0.0,598.0
Semipalmated Sandpiper,7,1,Jul_W1,0.0,361.0
Semipalmated Sandpiper,7,2,Jul_W2,0.0,409.0
Semipalmated Sandpiper,7,3,Jul_W3,0.0,358.0
Semipalmated Sandpiper,7,4,Jul_W4,0.0047733,419.0
Semipalmated Sandpiper,8,1,Aug_W1,0.0076923,260.0
Semipalmated Sandpiper,8,2,Aug_W2,0.009901,303.0
Semipalmated Sandpiper,8,3,Aug_W3,0.0241379,290.0
Semipalmated Sandpiper,8,4,Aug_W4,0.0648649,555.0
Semipalmated Sandpiper,9,1,Sep_W1,0.0327869,305.0
Semipalmated Sandpiper,9,2,Sep_W2,0.0147493,339.0
Semipalmated Sandpiper,9,3,Sep_W3,0.0,290.0
Semipalmated Sandpiper,9,4,Sep_W4,0.0,426.0
Semipalmated Sandpiper,10,1,Oct_W1,0.0,331.0
Semipalmated Sandpiper,10,2,Oct_W2,0.0,478.0
Semipalmated Sandpiper,10,3,Oct_W3,0.0,282.0
Semipalmated Sandpiper,10,4,Oct_W4,0.0,383.0
Semipalmated Sandpiper,11,1,Nov_W1,0.0,184.0
Semipalmated Sandpiper,11,2,Nov_W2,0.0,136.0
Semipalmated Sandpiper,11,3,Nov_W3,0.0,89.0
Semipalmated Sandpiper,11,4,Nov_W4,0.0,105.0
Semipalmated Sandpiper,12,1,Dec_W1,0.0,60.0
Semipalmated Sandpiper,12,2,Dec_W2,0.0,36.0
Semipalmated Sandpiper,12,3,Dec_W3,0.0,166.0
Semipalmated Sandpiper,12,4,Dec_W4,0.0,100.0
Long-tailed Jaeger,1,1,Jan_W1,0.0,112.0
Long-tailed Jaeger,1,2,Jan_W2,0.0,94.0
Long-tailed Jaeger,1,3,Jan_W3,0.0,145.0
Long-tailed Jaeger,1,4,Jan_W4,0.0,125.0
Long-tailed Jaeger,2,1,Feb_W1,0.0,115.0
Long-tailed Jaeger,2,2,Feb_W2,0.0,192.0
Long-tailed Jaeger,2,3,Feb_W3,0.0,197.0
Long-tailed Jaeger,2,4,Feb_W4,0.0,63.0
Long-tailed Jaeger,3,1,Mar_W1,0.0,58.0
Long-tailed Jaeger,3,2,Mar_W2,0.0,55.0
Long-tailed Jaeger,3,3,Mar_W3,0.0,78.0
Long-tailed Jaeger,3,4,Mar_W4,0.0,163.0
Long-tailed Jaeger,4,1,Apr_W1,0.0,145.0
Long-tailed Jaeger,4,2,Apr_W2,0.0,154.0
Long-tailed Jaeger,4,3,Apr_W3,0.0,157.0
Long-tailed Jaeger,4,4,Apr_W4,0.0,330.0
Long-tailed Jaeger,5,1,May_W1,0.0,272.0
Long-tailed Jaeger,5,2,May_W2,0.0,381.0
Long-tailed Jaeger,5,3,May_W3,0.0,561.0
Long-tailed Jaeger,5,4,May_W4,0.0,986.0
Long-tailed Jaeger,6,1,Jun_W1,0.0,668.0
Long-tailed Jaeger,6,2,Jun_W2,0.0,509.0
Long-tailed Jaeger,6,3,Jun_W3,0.0,379.0
Long-tailed Jaeger,6,4,Jun_W4,0.0,598.0
Long-tailed Jaeger,7,1,Jul_W1,0.0,361.0
Long-tailed Jaeger,7,2,Jul_W2,0.0,409.0
Long-tailed Jaeger,7,3,Jul_W3,0.0,358.0
Long-tailed Jaeger,7,4,Jul_W4,0.0,419.0
Long-tailed Jaeger,8,1,Aug_W1,0.0,260.0
Long-tailed Jaeger,8,2,Aug_W2,0.0,303.0
Long-tailed Jaeger,8,3,Aug_W3,0.0,290.0
Long-tailed Jaeger,8,4,Aug_W4,0.0018018,555.0
Long-tailed Jaeger,9,1,Sep_W1,0.0,305.0
Long-tailed Jaeger,9,2,Sep_W2,0.0,339.0
Long-tailed Jaeger,9,3,Sep_W3,0.0,290.0
Long-tailed Jaeger,9,4,Sep_W4,0.0,426.0
Long-tailed Jaeger,10,1,Oct_W1,0.0,331.0
Long-tailed Jaeger,10,2,Oct_W2,0.0,478.0
Long-tailed Jaeger,10,3,Oct_W3,0.0,282.0
Long-tailed Jaeger,10,4,Oct_W4,0.0,383.0
Long-tailed Jaeger,11,1,Nov_W1,0.0,184.0
Long-tailed Jaeger,11,2,Nov_W2,0.0,136.0
Long-tailed Jaeger,11,3,Nov_W3,0.0,89.0
Long-tailed Jaeger,11,4,Nov_W4,0.0,105.0
Long-tailed Jaeger,12,1,Dec_W1,0.0,60.0
Long-tailed Jaeger,12,2,Dec_W2,0.0,36.0
Long-tailed Jaeger,12,3,Dec_W3,0.0,166.0
Long-tailed Jaeger,12,4,Dec_W4,0.0,100.0
Parasitic Jaeger,1,1,Jan_W1,0.0,112.0
Parasitic Jaeger,1,2,Jan_W2,0.0,94.0
Parasitic Jaeger,1,3,Jan_W3,0.0,145.0
Parasitic Jaeger,1,4,Jan_W4,0.0,125.0
Parasitic Jaeger,2,1,Feb_W1,0.0,115.0
Parasitic Jaeger,2,2,Feb_W2,0.0,192.0
Parasitic Jaeger,2,3,Feb_W3,0.0,197.0
Parasitic Jaeger,2,4,Feb_W4,0.0,63.0
Parasitic Jaeger,3,1,Mar_W1,0.0,58.0
Parasitic Jaeger,3,2,Mar_W2,0.0,55.0
Parasitic Jaeger,3,3,Mar_W3,0.0,78.0
Parasitic Jaeger,3,4,Mar_W4,0.0,163.0
Parasitic Jaeger,4,1,Apr_W1,0.0,145.0
Parasitic Jaeger,4,2,Apr_W2,0.0,154.0
Parasitic Jaeger,4,3,Apr_W3,0.0,157.0
Parasitic Jaeger,4,4,Apr_W4,0.0,330.0
Parasitic Jaeger,5,1,May_W1,0.0,272.0
Parasitic Jaeger,5,2,May_W2,0.0,381.0
Parasitic Jaeger,5,3,May_W3,0.0,561.0
Parasitic Jaeger,5,4,May_W4,0.0,986.0
Parasitic Jaeger,6,1,Jun_W1,0.0,668.0
Parasitic Jaeger,6,2,Jun_W2,0.0,509.0
Parasitic Jaeger,6,3,Jun_W3,0.0,379.0
Parasitic Jaeger,6,4,Jun_W4,0.0,598.0
Parasitic Jaeger,7,1,Jul_W1,0.0,361.0
Parasitic Jaeger,7,2,Jul_W2,0.0,409.0
Parasitic Jaeger,7,3,Jul_W3,0.0,358.0
Parasitic Jaeger,7,4,Jul_W4,0.0,419.0
Parasitic Jaeger,8,1,Aug_W1,0.0,260.0
Parasitic Jaeger,8,2,Aug_W2,0.0,303.0
Parasitic Jaeger,8,3,Aug_W3,0.0,290.0
Parasitic Jaeger,8,4,Aug_W4,0.0018018,555.0
Parasitic Jaeger,9,1,Sep_W1,0.0,305.0
Parasitic Jaeger,9,2,Sep_W2,0.0,339.0
Parasitic Jaeger,9,3,Sep_W3,0.0034483,290.0
Parasitic Jaeger,9,4,Sep_W4,0.0023474,426.0
Parasitic Jaeger,10,1,Oct_W1,0.0,331.0
Parasitic Jaeger,10,2,Oct_W2,0.0,478.0
Parasitic Jaeger,10,3,Oct_W3,0.0035461,282.0
Parasitic Jaeger,10,4,Oct_W4,0.0,383.0
Parasitic Jaeger,11,1,Nov_W1,0.0,184.0
Parasitic Jaeger,11,2,Nov_W2,0.0,136.0
Parasitic Jaeger,11,3,Nov_W3,0.0,89.0
Parasitic Jaeger,11,4,Nov_W4,0.0,105.0
Parasitic Jaeger,12,1,Dec_W1,0.0,60.0
Parasitic Jaeger,12,2,Dec_W2,0.0,36.0
Parasitic Jaeger,12,3,Dec_W3,0.0,166.0
Parasitic Jaeger,12,4,Dec_W4,0.0,100.0
Little Gull,1,1,Jan_W1,0.0,112.0
Little Gull,1,2,Jan_W2,0.0,94.0
Little Gull,1,3,Jan_W3,0.0,145.0
Little Gull,1,4,Jan_W4,0.0,125.0
Little Gull,2,1,Feb_W1,0.0,115.0
Little Gull,2,2,Feb_W2,0.0,192.0
Little Gull,2,3,Feb_W3,0.0,197.0
Little Gull,2,4,Feb_W4,0.0,63.0
Little Gull,3,1,Mar_W1,0.0,58.0
Little Gull,3,2,Mar_W2,0.0,55.0
Little Gull,3,3,Mar_W3,0.0,78.0
Little Gull,3,4,Mar_W4,0.0,163.0
Little Gull,4,1,Apr_W1,0.0,145.0
Little Gull,4,2,Apr_W2,0.0,154.0
Little Gull,4,3,Apr_W3,0.0,157.0
Little Gull,4,4,Apr_W4,0.0030303,330.0
Little Gull,5,1,May_W1,0.0,272.0
Little Gull,5,2,May_W2,0.0,381.0
Little Gull,5,3,May_W3,0.0017825,561.0
Little Gull,5,4,May_W4,0.0,986.0
Little Gull,6,1,Jun_W1,0.0,668.0
Little Gull,6,2,Jun_W2,0.0,509.0
Little Gull,6,3,Jun_W3,0.0,379.0
Little Gull,6,4,Jun_W4,0.0,598.0
Little Gull,7,1,Jul_W1,0.0,361.0
Little Gull,7,2,Jul_W2,0.002445,409.0
Little Gull,7,3,Jul_W3,0.0,358.0
Little Gull,7,4,Jul_W4,0.0,419.0
Little Gull,8,1,Aug_W1,0.0,260.0
Little Gull,8,2,Aug_W2,0.0,303.0
Little Gull,8,3,Aug_W3,0.0,290.0
Little Gull,8,4,Aug_W4,0.0,555.0
Little Gull,9,1,Sep_W1,0.0,305.0
Little Gull,9,2,Sep_W2,0.0,339.0
Little Gull,9,3,Sep_W3,0.0,290.0
Little Gull,9,4,Sep_W4,0.0,426.0
Little Gull,10,1,Oct_W1,0.0,331.0
Little Gull,10,2,Oct_W2,0.0,478.0
Little Gull,10,3,Oct_W3,0.0,282.0
Little Gull,10,4,Oct_W4,0.0,383.0
Little Gull,11,1,Nov_W1,0.0,184.0
Little Gull,11,2,Nov_W2,0.0,136.0
Little Gull,11,3,Nov_W3,0.0,89.0
Little Gull,11,4,Nov_W4,0.0,105.0
Little Gull,12,1,Dec_W1,0.0,60.0
Little Gull,12,2,Dec_W2,0.0,36.0
Little Gull,12,3,Dec_W3,0.0,166.0
Little Gull,12,4,Dec_W4,0.0,100.0
Black-legged Kittiwake,1,1,Jan_W1,0.0,112.0
Black-legged Kittiwake,1,2,Jan_W2,0.0,94.0
Black-legged Kittiwake,1,3,Jan_W3,0.0,145.0
Black-legged Kittiwake,1,4,Jan_W4,0.0,125.0
Black-legged Kittiwake,2,1,Feb_W1,0.0,115.0
Black-legged Kittiwake,2,2,Feb_W2,0.0,192.0
Black-legged Kittiwake,2,3,Feb_W3,0.0,197.0
Black-legged Kittiwake,2,4,Feb_W4,0.0,63.0
Black-legged Kittiwake,3,1,Mar_W1,0.0,58.0
Black-legged Kittiwake,3,2,Mar_W2,0.0,55.0
Black-legged Kittiwake,3,3,Mar_W3,0.0,78.0
Black-legged Kittiwake,3,4,Mar_W4,0.0,163.0
Black-legged Kittiwake,4,1,Apr_W1,0.0,145.0
Black-legged Kittiwake,4,2,Apr_W2,0.0,154.0
Black-legged Kittiwake,4,3,Apr_W3,0.0,157.0
Black-legged Kittiwake,4,4,Apr_W4,0.0,330.0
Black-legged Kittiwake,5,1,May_W1,0.0,272.0
Black-legged Kittiwake,5,2,May_W2,0.0,381.0
Black-legged Kittiwake,5,3,May_W3,0.0,561.0
Black-legged Kittiwake,5,4,May_W4,0.0,986.0
Black-legged Kittiwake,6,1,Jun_W1,0.0,668.0
Black-legged Kittiwake,6,2,Jun_W2,0.0,509.0
Black-legged Kittiwake,6,3,Jun_W3,0.0,379.0
Black-legged Kittiwake,6,4,Jun_W4,0.0,598.0
Black-legged Kittiwake,7,1,Jul_W1,0.0,361.0
Black-legged Kittiwake,7,2,Jul_W2,0.0,409.0
Black-legged Kittiwake,7,3,Jul_W3,0.0,358.0
Black-legged Kittiwake,7,4,Jul_W4,0.0,419.0
Black-legged Kittiwake,8,1,Aug_W1,0.0,260.0
Black-legged Kittiwake,8,2,Aug_W2,0.0,303.0
Black-legged Kittiwake,8,3,Aug_W3,0.0,290.0
Black-legged Kittiwake,8,4,Aug_W4,0.0,555.0
Black-legged Kittiwake,9,1,Sep_W1,0.0,305.0
Black-legged Kittiwake,9,2,Sep_W2,0.0,339.0
Black-legged Kittiwake,9,3,Sep_W3,0.0,290.0
Black-legged Kittiwake,9,4,Sep_W4,0.0,426.0
Black-legged Kittiwake,10,1,Oct_W1,0.0,331.0
Black-legged Kittiwake,10,2,Oct_W2,0.0,478.0
Black-legged Kittiwake,10,3,Oct_W3,0.0,282.0
Black-legged Kittiwake,10,4,Oct_W4,0.0,383.0
Black-legged Kittiwake,11,1,Nov_W1,0.0108696,184.0
Black-legged Kittiwake,11,2,Nov_W2,0.0073529,136.0
Black-legged Kittiwake,11,3,Nov_W3,0.0,89.0
Black-legged Kittiwake,11,4,Nov_W4,0.0,105.0
Black-legged Kittiwake,12,1,Dec_W1,0.0,60.0
Black-legged Kittiwake,12,2,Dec_W2,0.0,36.0
Black-legged Kittiwake,12,3,Dec_W3,0.0,166.0
Black-legged Kittiwake,12,4,Dec_W4,0.01,100.0
Sabine's Gull,1,1,Jan_W1,0.0,112.0
Sabine's Gull,1,2,Jan_W2,0.0,94.0
Sabine's Gull,1,3,Jan_W3,0.0,145.0
Sabine's Gull,1,4,Jan_W4,0.0,125.0
Sabine's Gull,2,1,Feb_W1,0.0,115.0
Sabine's Gull,2,2,Feb_W2,0.0,192.0
Sabine's Gull,2,3,Feb_W3,0.0,197.0
Sabine's Gull,2,4,Feb_W4,0.0,63.0
Sabine's Gull,3,1,Mar_W1,0.0,58.0
Sabine's Gull,3,2,Mar_W2,0.0,55.0
Sabine's Gull,3,3,Mar_W3,0.0,78.0
Sabine's Gull,3,4,Mar_W4,0.0,163.0
Sabine's Gull,4,1,Apr_W1,0.0,145.0
Sabine's Gull,4,2,Apr_W2,0.0,154.0
Sabine's Gull,4,3,Apr_W3,0.0,157.0
Sabine's Gull,4,4,Apr_W4,0.0,330.0
Sabine's Gull,5,1,May_W1,0.0,272.0
Sabine's Gull,5,2,May_W2,0.0,381.0
Sabine's Gull,5,3,May_W3,0.0,561.0
Sabine's Gull,5,4,May_W4,0.0,986.0
Sabine's Gull,6,1,Jun_W1,0.0,668.0
Sabine's Gull,6,2,Jun_W2,0.0,509.0
Sabine's Gull,6,3,Jun_W3,0.0,379.0
Sabine's Gull,6,4,Jun_W4,0.0,598.0
Sabine's Gull,7,1,Jul_W1,0.0,361.0
Sabine's Gull,7,2,Jul_W2,0.0,409.0
Sabine's Gull,7,3,Jul_W3,0.0,358.0
Sabine's Gull,7,4,Jul_W4,0.0,419.0
Sabine's Gull,8,1,Aug_W1,0.0,260.0
Sabine's Gull,8,2,Aug_W2,0.0,303.0
Sabine's Gull,8,3,Aug_W3,0.0,290.0
Sabine's Gull,8,4,Aug_W4,0.0,555.0
Sabine's Gull,9,1,Sep_W1,0.0,305.0
Sabine's Gull,9,2,Sep_W2,0.0,339.0
Sabine's Gull,9,3,Sep_W3,0.0,290.0
Sabine's Gull,9,4,Sep_W4,0.0023474,426.0
Sabine's Gull,10,1,Oct_W1,0.0060423,331.0
Sabine's Gull,10,2,Oct_W2,0.0,478.0
Sabine's Gull,10,3,Oct_W3,0.0,282.0
Sabine's Gull,10,4,Oct_W4,0.0,383.0
Sabine's Gull,11,1,Nov_W1,0.0,184.0
Sabine's Gull,11,2,Nov_W2,0.0,136.0
Sabine's Gull,11,3,Nov_W3,0.0,89.0
Sabine's Gull,11,4,Nov_W4,0.0,105.0
Sabine's Gull,12,1,Dec_W1,0.0,60.0
Sabine's Gull,12,2,Dec_W2,0.0,36.0
Sabine's Gull,12,3,Dec_W3,0.0,166.0
Sabine's Gull,12,4,Dec_W4,0.0,100.0
Bonaparte's Gull,1,1,Jan_W1,0.0,112.0
Bonaparte's Gull,1,2,Jan_W2,0.0,94.0
Bonaparte's Gull,1,3,Jan_W3,0.0,145.0
Bonaparte's Gull,1,4,Jan_W4,0.0,125.0
Bonaparte's Gull,2,1,Feb_W1,0.0,115.0
Bonaparte's Gull,2,2,Feb_W2,0.0,192.0
Bonaparte's Gull,2,3,Feb_W3,0.0,197.0
Bonaparte's Gull,2,4,Feb_W4,0.0,63.0
Bonaparte's Gull,3,1,Mar_W1,0.0,58.0
Bonaparte's Gull,3,2,Mar_W2,0.0,55.0
Bonaparte's Gull,3,3,Mar_W3,0.0,78.0
Bonaparte's Gull,3,4,Mar_W4,0.0,163.0
Bonaparte's Gull,4,1,Apr_W1,0.0,145.0
Bonaparte's Gull,4,2,Apr_W2,0.0015,154.0
Bonaparte's Gull,4,3,Apr_W3,0.0382166,157.0
Bonaparte's Gull,4,4,Apr_W4,0.069697,330.0
Bonaparte's Gull,5,1,May_W1,0.0845588,272.0
Bonaparte's Gull,5,2,May_W2,0.0603675,381.0
Bonaparte's Gull,5,3,May_W3,0.030303,561.0
Bonaparte's Gull,5,4,May_W4,0.0192698,986.0
Bonaparte's Gull,6,1,Jun_W1,0.007485,668.0
Bonaparte's Gull,6,2,Jun_W2,0.0078585,509.0
Bonaparte's Gull,6,3,Jun_W3,0.0131926,379.0
Bonaparte's Gull,6,4,Jun_W4,0.006689,598.0
Bonaparte's Gull,7,1,Jul_W1,0.0055402,361.0
Bonaparte's Gull,7,2,Jul_W2,0.007335,409.0
Bonaparte's Gull,7,3,Jul_W3,0.0,358.0
Bonaparte's Gull,7,4,Jul_W4,0.0071599,419.0
Bonaparte's Gull,8,1,Aug_W1,0.0015,260.0
Bonaparte's Gull,8,2,Aug_W2,0.0066007,303.0
Bonaparte's Gull,8,3,Aug_W3,0.0068966,290.0
Bonaparte's Gull,8,4,Aug_W4,0.0234234,555.0
Bonaparte's Gull,9,1,Sep_W1,0.0229508,305.0
Bonaparte's Gull,9,2,Sep_W2,0.0294985,339.0
Bonaparte's Gull,9,3,Sep_W3,0.0241379,290.0
Bonaparte's Gull,9,4,Sep_W4,0.0352113,426.0
Bonaparte's Gull,10,1,Oct_W1,0.0422961,331.0
Bonaparte's Gull,10,2,Oct_W2,0.0230126,478.0
Bonaparte's Gull,10,3,Oct_W3,0.0425532,282.0
Bonaparte's Gull,10,4,Oct_W4,0.0391645,383.0
Bonaparte's Gull,11,1,Nov_W1,0.0434783,184.0
Bonaparte's Gull,11,2,Nov_W2,0.0220588,136.0
Bonaparte's Gull,11,3,Nov_W3,0.0,89.0
Bonaparte's Gull,11,4,Nov_W4,0.0,105.0
Bonaparte's Gull,12,1,Dec_W1,0.0,60.0
Bonaparte's Gull,12,2,Dec_W2,0.0277778,36.0
Bonaparte's Gull,12,3,Dec_W3,0.0,166.0
Bonaparte's Gull,12,4,Dec_W4,0.0,100.0
Laughing Gull,1,1,Jan_W1,0.0,112.0
Laughing Gull,1,2,Jan_W2,0.0,94.0
Laughing Gull,1,3,Jan_W3,0.0,145.0
Laughing Gull,1,4,Jan_W4,0.0,125.0
Laughing Gull,2,1,Feb_W1,0.0,115.0
Laughing Gull,2,2,Feb_W2,0.0,192.0
Laughing Gull,2,3,Feb_W3,0.0,197.0
Laughing Gull,2,4,Feb_W4,0.0,63.0
Laughing Gull,3,1,Mar_W1,0.0,58.0
Laughing Gull,3,2,Mar_W2,0.0,55.0
Laughing Gull,3,3,Mar_W3,0.0,78.0
Laughing Gull,3,4,Mar_W4,0.0,163.0
Laughing Gull,4,1,Apr_W1,0.0,145.0
Laughing Gull,4,2,Apr_W2,0.0,154.0
Laughing Gull,4,3,Apr_W3,0.0,157.0
Laughing Gull,4,4,Apr_W4,0.0,330.0
Laughing Gull,5,1,May_W1,0.0,272.0
Laughing Gull,5,2,May_W2,0.0026247,381.0
Laughing Gull,5,3,May_W3,0.0,561.0
Laughing Gull,5,4,May_W4,0.0,986.0
Laughing Gull,6,1,Jun_W1,0.0,668.0
Laughing Gull,6,2,Jun_W2,0.0,509.0
Laughing Gull,6,3,Jun_W3,0.0,379.0
Laughing Gull,6,4,Jun_W4,0.0,598.0
Laughing Gull,7,1,Jul_W1,0.0,361.0
Laughing Gull,7,2,Jul_W2,0.0,409.0
Laughing Gull,7,3,Jul_W3,0.0,358.0
Laughing Gull,7,4,Jul_W4,0.0,419.0
Laughing Gull,8,1,Aug_W1,0.0,260.0
Laughing Gull,8,2,Aug_W2,0.0,303.0
Laughing Gull,8,3,Aug_W3,0.0,290.0
Laughing Gull,8,4,Aug_W4,0.0,555.0
Laughing Gull,9,1,Sep_W1,0.0,305.0
Laughing Gull,9,2,Sep_W2,0.0,339.0
Laughing Gull,9,3,Sep_W3,0.0,290.0
Laughing Gull,9,4,Sep_W4,0.0,426.0
Laughing Gull,10,1,Oct_W1,0.0,331.0
Laughing Gull,10,2,Oct_W2,0.0,478.0
Laughing Gull,10,3,Oct_W3,0.0,282.0
Laughing Gull,10,4,Oct_W4,0.0,383.0
Laughing Gull,11,1,Nov_W1,0.0,184.0
Laughing Gull,11,2,Nov_W2,0.0,136.0
Laughing Gull,11,3,Nov_W3,0.0,89.0
Laughing Gull,11,4,Nov_W4,0.0,105.0
Laughing Gull,12,1,Dec_W1,0.0,60.0
Laughing Gull,12,2,Dec_W2,0.0,36.0
Laughing Gull,12,3,Dec_W3,0.0,166.0
Laughing Gull,12,4,Dec_W4,0.0,100.0
Franklin's Gull,1,1,Jan_W1,0.0,112.0
Franklin's Gull,1,2,Jan_W2,0.0,94.0
Franklin's Gull,1,3,Jan_W3,0.0,145.0
Franklin's Gull,1,4,Jan_W4,0.0,125.0
Franklin's Gull,2,1,Feb_W1,0.0,115.0
Franklin's Gull,2,2,Feb_W2,0.0,192.0
Franklin's Gull,2,3,Feb_W3,0.0,197.0
Franklin's Gull,2,4,Feb_W4,0.0,63.0
Franklin's Gull,3,1,Mar_W1,0.0,58.0
Franklin's Gull,3,2,Mar_W2,0.0,55.0
Franklin's Gull,3,3,Mar_W3,0.0,78.0
Franklin's Gull,3,4,Mar_W4,0.0,163.0
Franklin's Gull,4,1,Apr_W1,0.0,145.0
Franklin's Gull,4,2,Apr_W2,0.0,154.0
Franklin's Gull,4,3,Apr_W3,0.0,157.0
Franklin's Gull,4,4,Apr_W4,0.0,330.0
Franklin's Gull,5,1,May_W1,0.0,272.0
Franklin's Gull,5,2,May_W2,0.0,381.0
Franklin's Gull,5,3,May_W3,0.0,561.0
Franklin's Gull,5,4,May_W4,0.0,986.0
Franklin's Gull,6,1,Jun_W1,0.001497,668.0
Franklin's Gull,6,2,Jun_W2,0.0,509.0
Franklin's Gull,6,3,Jun_W3,0.0,379.0
Franklin's Gull,6,4,Jun_W4,0.0015,598.0
Franklin's Gull,7,1,Jul_W1,0.0083102,361.0
Franklin's Gull,7,2,Jul_W2,0.0146699,409.0
Franklin's Gull,7,3,Jul_W3,0.0,358.0
Franklin's Gull,7,4,Jul_W4,0.0,419.0
Franklin's Gull,8,1,Aug_W1,0.0,260.0
Franklin's Gull,8,2,Aug_W2,0.0,303.0
Franklin's Gull,8,3,Aug_W3,0.0,290.0
Franklin's Gull,8,4,Aug_W4,0.0,555.0
Franklin's Gull,9,1,Sep_W1,0.0,305.0
Franklin's Gull,9,2,Sep_W2,0.0,339.0
Franklin's Gull,9,3,Sep_W3,0.0,290.0
Franklin's Gull,9,4,Sep_W4,0.0,426.0
Franklin's Gull,10,1,Oct_W1,0.0,331.0
Franklin's Gull,10,2,Oct_W2,0.0,478.0
Franklin's Gull,10,3,Oct_W3,0.0,282.0
Franklin's Gull,10,4,Oct_W4,0.0,383.0
Franklin's Gull,11,1,Nov_W1,0.0054348,184.0
Franklin's Gull,11,2,Nov_W2,0.0,136.0
Franklin's Gull,11,3,Nov_W3,0.0,89.0
Franklin's Gull,11,4,Nov_W4,0.0,105.0
Franklin's Gull,12,1,Dec_W1,0.0,60.0
Franklin's Gull,12,2,Dec_W2,0.0,36.0
Franklin's Gull,12,3,Dec_W3,0.0,166.0
Franklin's Gull,12,4,Dec_W4,0.0,100.0
Black-tailed Gull,1,1,Jan_W1,0.0,112.0
Black-tailed Gull,1,2,Jan_W2,0.0,94.0
Black-tailed Gull,1,3,Jan_W3,0.0,145.0
Black-tailed Gull,1,4,Jan_W4,0.0,125.0
Black-tailed Gull,2,1,Feb_W1,0.0,115.0
Black-tailed Gull,2,2,Feb_W2,0.0,192.0
Black-tailed Gull,2,3,Feb_W3,0.0,197.0
Black-tailed Gull,2,4,Feb_W4,0.0,63.0
Black-tailed Gull,3,1,Mar_W1,0.0,58.0
Black-tailed Gull,3,2,Mar_W2,0.0,55.0
Black-tailed Gull,3,3,Mar_W3,0.0,78.0
Black-tailed Gull,3,4,Mar_W4,0.0,163.0
Black-tailed Gull,4,1,Apr_W1,0.0,145.0
Black-tailed Gull,4,2,Apr_W2,0.0,154.0
Black-tailed Gull,4,3,Apr_W3,0.0,157.0
Black-tailed Gull,4,4,Apr_W4,0.0,330.0
Black-tailed Gull,5,1,May_W1,0.0,272.0
Black-tailed Gull,5,2,May_W2,0.0,381.0
Black-tailed Gull,5,3,May_W3,0.0,561.0
Black-tailed Gull,5,4,May_W4,0.0,986.0
Black-tailed Gull,6,1,Jun_W1,0.0,668.0
Black-tailed Gull,6,2,Jun_W2,0.0,509.0
Black-tailed Gull,6,3,Jun_W3,0.0,379.0
Black-tailed Gull,6,4,Jun_W4,0.0,598.0
Black-tailed Gull,7,1,Jul_W1,0.0,361.0
Black-tailed Gull,7,2,Jul_W2,0.007335,409.0
Black-tailed Gull,7,3,Jul_W3,0.0,358.0
Black-tailed Gull,7,4,Jul_W4,0.0,419.0
Black-tailed Gull,8,1,Aug_W1,0.0,260.0
Black-tailed Gull,8,2,Aug_W2,0.0,303.0
Black-tailed Gull,8,3,Aug_W3,0.0,290.0
Black-tailed Gull,8,4,Aug_W4,0.0,555.0
Black-tailed Gull,9,1,Sep_W1,0.0,305.0
Black-tailed Gull,9,2,Sep_W2,0.0,339.0
Black-tailed Gull,9,3,Sep_W3,0.0,290.0
Black-tailed Gull,9,4,Sep_W4,0.0,426.0
Black-tailed Gull,10,1,Oct_W1,0.0,331.0
Black-tailed Gull,10,2,Oct_W2,0.0,478.0
Black-tailed Gull,10,3,Oct_W3,0.0,282.0
Black-tailed Gull,10,4,Oct_W4,0.0,383.0
Black-tailed Gull,11,1,Nov_W1,0.0,184.0
Black-tailed Gull,11,2,Nov_W2,0.0,136.0
Black-tailed Gull,11,3,Nov_W3,0.0,89.0
Black-tailed Gull,11,4,Nov_W4,0.0,105.0
Black-tailed Gull,12,1,Dec_W1,0.0,60.0
Black-tailed Gull,12,2,Dec_W2,0.0,36.0
Black-tailed Gull,12,3,Dec_W3,0.0,166.0
Black-tailed Gull,12,4,Dec_W4,0.0,100.0
Ring-billed Gull,1,1,Jan_W1,0.0089286,112.0
Ring-billed Gull,1,2,Jan_W2,0.0,94.0
Ring-billed Gull,1,3,Jan_W3,0.0137931,145.0
Ring-billed Gull,1,4,Jan_W4,0.0,125.0
Ring-billed Gull,2,1,Feb_W1,0.0,115.0
Ring-billed Gull,2,2,Feb_W2,0.0,192.0
Ring-billed Gull,2,3,Feb_W3,0.0101523,197.0
Ring-billed Gull,2,4,Feb_W4,0.0,63.0
Ring-billed Gull,3,1,Mar_W1,0.0344828,58.0
Ring-billed Gull,3,2,Mar_W2,0.1090909,55.0
Ring-billed Gull,3,3,Mar_W3,0.2051282,78.0
Ring-billed Gull,3,4,Mar_W4,0.4417178,163.0
Ring-billed Gull,4,1,Apr_W1,0.4344828,145.0
Ring-billed Gull,4,2,Apr_W2,0.3571429,154.0
Ring-billed Gull,4,3,Apr_W3,0.4713376,157.0
Ring-billed Gull,4,4,Apr_W4,0.5909091,330.0
Ring-billed Gull,5,1,May_W1,0.5845588,272.0
Ring-billed Gull,5,2,May_W2,0.5800525,381.0
Ring-billed Gull,5,3,May_W3,0.5525847,561.0
Ring-billed Gull,5,4,May_W4,0.5588235,986.0
Ring-billed Gull,6,1,Jun_W1,0.5479042,668.0
Ring-billed Gull,6,2,Jun_W2,0.6424361,509.0
Ring-billed Gull,6,3,Jun_W3,0.6886544,379.0
Ring-billed Gull,6,4,Jun_W4,0.541806,598.0
Ring-billed Gull,7,1,Jul_W1,0.531856,361.0
Ring-billed Gull,7,2,Jul_W2,0.6283619,409.0
Ring-billed Gull,7,3,Jul_W3,0.6340782,358.0
Ring-billed Gull,7,4,Jul_W4,0.6181384,419.0
Ring-billed Gull,8,1,Aug_W1,0.6923077,260.0
Ring-billed Gull,8,2,Aug_W2,0.6270627,303.0
Ring-billed Gull,8,3,Aug_W3,0.6068966,290.0
Ring-billed Gull,8,4,Aug_W4,0.6342342,555.0
Ring-billed Gull,9,1,Sep_W1,0.6852459,305.0
Ring-billed Gull,9,2,Sep_W2,0.7020649,339.0
Ring-billed Gull,9,3,Sep_W3,0.6965517,290.0
Ring-billed Gull,9,4,Sep_W4,0.5962441,426.0
Ring-billed Gull,10,1,Oct_W1,0.652568,331.0
Ring-billed Gull,10,2,Oct_W2,0.5753138,478.0
Ring-billed Gull,10,3,Oct_W3,0.6241135,282.0
Ring-billed Gull,10,4,Oct_W4,0.5483029,383.0
Ring-billed Gull,11,1,Nov_W1,0.5054348,184.0
Ring-billed Gull,11,2,Nov_W2,0.3897059,136.0
Ring-billed Gull,11,3,Nov_W3,0.258427,89.0
Ring-billed Gull,11,4,Nov_W4,0.152381,105.0
Ring-billed Gull,12,1,Dec_W1,0.0333333,60.0
Ring-billed Gull,12,2,Dec_W2,0.0277778,36.0
Ring-billed Gull,12,3,Dec_W3,0.0120482,166.0
Ring-billed Gull,12,4,Dec_W4,0.0,100.0
American Herring Gull,1,1,Jan_W1,0.1428571,112.0
American Herring Gull,1,2,Jan_W2,0.2021277,94.0
American Herring Gull,1,3,Jan_W3,0.1655172,145.0
American Herring Gull,1,4,Jan_W4,0.128,125.0
American Herring Gull,2,1,Feb_W1,0.0956522,115.0
American Herring Gull,2,2,Feb_W2,0.1145833,192.0
American Herring Gull,2,3,Feb_W3,0.0558376,197.0
American Herring Gull,2,4,Feb_W4,0.0952381,63.0
American Herring Gull,3,1,Mar_W1,0.137931,58.0
American Herring Gull,3,2,Mar_W2,0.2545455,55.0
American Herring Gull,3,3,Mar_W3,0.3846154,78.0
American Herring Gull,3,4,Mar_W4,0.4355828,163.0
American Herring Gull,4,1,Apr_W1,0.4413793,145.0
American Herring Gull,4,2,Apr_W2,0.3311688,154.0
American Herring Gull,4,3,Apr_W3,0.3375796,157.0
American Herring Gull,4,4,Apr_W4,0.4151515,330.0
American Herring Gull,5,1,May_W1,0.3933824,272.0
American Herring Gull,5,2,May_W2,0.3097113,381.0
American Herring Gull,5,3,May_W3,0.3172906,561.0
American Herring Gull,5,4,May_W4,0.2951318,986.0
American Herring Gull,6,1,Jun_W1,0.2904192,668.0
American Herring Gull,6,2,Jun_W2,0.302554,509.0
American Herring Gull,6,3,Jun_W3,0.3746702,379.0
American Herring Gull,6,4,Jun_W4,0.2792642,598.0
American Herring Gull,7,1,Jul_W1,0.2077562,361.0
American Herring Gull,7,2,Jul_W2,0.3740831,409.0
American Herring Gull,7,3,Jul_W3,0.3156425,358.0
American Herring Gull,7,4,Jul_W4,0.3436754,419.0
American Herring Gull,8,1,Aug_W1,0.3576923,260.0
American Herring Gull,8,2,Aug_W2,0.339934,303.0
American Herring Gull,8,3,Aug_W3,0.3655172,290.0
American Herring Gull,8,4,Aug_W4,0.4126126,555.0
American Herring Gull,9,1,Sep_W1,0.4229508,305.0
American Herring Gull,9,2,Sep_W2,0.4218289,339.0
American Herring Gull,9,3,Sep_W3,0.4758621,290.0
American Herring Gull,9,4,Sep_W4,0.4107981,426.0
American Herring Gull,10,1,Oct_W1,0.407855,331.0
American Herring Gull,10,2,Oct_W2,0.3410042,478.0
American Herring Gull,10,3,Oct_W3,0.4219858,282.0
American Herring Gull,10,4,Oct_W4,0.4516971,383.0
American Herring Gull,11,1,Nov_W1,0.5434783,184.0
American Herring Gull,11,2,Nov_W2,0.5073529,136.0
American Herring Gull,11,3,Nov_W3,0.4044944,89.0
American Herring Gull,11,4,Nov_W4,0.4190476,105.0
American Herring Gull,12,1,Dec_W1,0.4666667,60.0
American Herring Gull,12,2,Dec_W2,0.3055556,36.0
American Herring Gull,12,3,Dec_W3,0.3674699,166.0
American Herring Gull,12,4,Dec_W4,0.22,100.0
Great Black-backed Gull,1,1,Jan_W1,0.0,112.0
Great Black-backed Gull,1,2,Jan_W2,0.0,94.0
Great Black-backed Gull,1,3,Jan_W3,0.0,145.0
Great Black-backed Gull,1,4,Jan_W4,0.0,125.0
Great Black-backed Gull,2,1,Feb_W1,0.0,115.0
Great Black-backed Gull,2,2,Feb_W2,0.0,192.0
Great Black-backed Gull,2,3,Feb_W3,0.0,197.0
Great Black-backed Gull,2,4,Feb_W4,0.0,63.0
Great Black-backed Gull,3,1,Mar_W1,0.0,58.0
Great Black-backed Gull,3,2,Mar_W2,0.0,55.0
Great Black-backed Gull,3,3,Mar_W3,0.0128205,78.0
Great Black-backed Gull,3,4,Mar_W4,0.006135,163.0
Great Black-backed Gull,4,1,Apr_W1,0.0137931,145.0
Great Black-backed Gull,4,2,Apr_W2,0.0015,154.0
Great Black-backed Gull,4,3,Apr_W3,0.0191083,157.0
Great Black-backed Gull,4,4,Apr_W4,0.0060606,330.0
Great Black-backed Gull,5,1,May_W1,0.0,272.0
Great Black-backed Gull,5,2,May_W2,0.0,381.0
Great Black-backed Gull,5,3,May_W3,0.0,561.0
Great Black-backed Gull,5,4,May_W4,0.0020284,986.0
Great Black-backed Gull,6,1,Jun_W1,0.0,668.0
Great Black-backed Gull,6,2,Jun_W2,0.0015,509.0
Great Black-backed Gull,6,3,Jun_W3,0.0,379.0
Great Black-backed Gull,6,4,Jun_W4,0.0,598.0
Great Black-backed Gull,7,1,Jul_W1,0.0015,361.0
Great Black-backed Gull,7,2,Jul_W2,0.0,409.0
Great Black-backed Gull,7,3,Jul_W3,0.0,358.0
Great Black-backed Gull,7,4,Jul_W4,0.0015,419.0
Great Black-backed Gull,8,1,Aug_W1,0.0038462,260.0
Great Black-backed Gull,8,2,Aug_W2,0.0,303.0
Great Black-backed Gull,8,3,Aug_W3,0.0,290.0
Great Black-backed Gull,8,4,Aug_W4,0.0,555.0
Great Black-backed Gull,9,1,Sep_W1,0.0,305.0
Great Black-backed Gull,9,2,Sep_W2,0.0,339.0
Great Black-backed Gull,9,3,Sep_W3,0.0034483,290.0
Great Black-backed Gull,9,4,Sep_W4,0.0,426.0
Great Black-backed Gull,10,1,Oct_W1,0.0015,331.0
Great Black-backed Gull,10,2,Oct_W2,0.0083682,478.0
Great Black-backed Gull,10,3,Oct_W3,0.0106383,282.0
Great Black-backed Gull,10,4,Oct_W4,0.0078329,383.0
Great Black-backed Gull,11,1,Nov_W1,0.0271739,184.0
Great Black-backed Gull,11,2,Nov_W2,0.0147059,136.0
Great Black-backed Gull,11,3,Nov_W3,0.011236,89.0
Great Black-backed Gull,11,4,Nov_W4,0.0380952,105.0
Great Black-backed Gull,12,1,Dec_W1,0.0166667,60.0
Great Black-backed Gull,12,2,Dec_W2,0.0,36.0
Great Black-backed Gull,12,3,Dec_W3,0.0060241,166.0
Great Black-backed Gull,12,4,Dec_W4,0.0,100.0
Glaucous Gull,1,1,Jan_W1,0.0267857,112.0
Glaucous Gull,1,2,Jan_W2,0.0,94.0
Glaucous Gull,1,3,Jan_W3,0.0137931,145.0
Glaucous Gull,1,4,Jan_W4,0.016,125.0
Glaucous Gull,2,1,Feb_W1,0.0086957,115.0
Glaucous Gull,2,2,Feb_W2,0.0052083,192.0
Glaucous Gull,2,3,Feb_W3,0.0,197.0
Glaucous Gull,2,4,Feb_W4,0.0,63.0
Glaucous Gull,3,1,Mar_W1,0.0,58.0
Glaucous Gull,3,2,Mar_W2,0.0,55.0
Glaucous Gull,3,3,Mar_W3,0.0,78.0
Glaucous Gull,3,4,Mar_W4,0.0,163.0
Glaucous Gull,4,1,Apr_W1,0.0,145.0
Glaucous Gull,4,2,Apr_W2,0.0064935,154.0
Glaucous Gull,4,3,Apr_W3,0.0127389,157.0
Glaucous Gull,4,4,Apr_W4,0.0060606,330.0
Glaucous Gull,5,1,May_W1,0.0,272.0
Glaucous Gull,5,2,May_W2,0.0,381.0
Glaucous Gull,5,3,May_W3,0.0,561.0
Glaucous Gull,5,4,May_W4,0.0,986.0
Glaucous Gull,6,1,Jun_W1,0.0,668.0
Glaucous Gull,6,2,Jun_W2,0.0,509.0
Glaucous Gull,6,3,Jun_W3,0.0,379.0
Glaucous Gull,6,4,Jun_W4,0.0,598.0
Glaucous Gull,7,1,Jul_W1,0.0,361.0
Glaucous Gull,7,2,Jul_W2,0.0,409.0
Glaucous Gull,7,3,Jul_W3,0.0,358.0
Glaucous Gull,7,4,Jul_W4,0.0,419.0
Glaucous Gull,8,1,Aug_W1,0.0,260.0
Glaucous Gull,8,2,Aug_W2,0.0,303.0
Glaucous Gull,8,3,Aug_W3,0.0,290.0
Glaucous Gull,8,4,Aug_W4,0.0,555.0
Glaucous Gull,9,1,Sep_W1,0.0,305.0
Glaucous Gull,9,2,Sep_W2,0.0,339.0
Glaucous Gull,9,3,Sep_W3,0.0,290.0
Glaucous Gull,9,4,Sep_W4,0.0,426.0
Glaucous Gull,10,1,Oct_W1,0.0,331.0
Glaucous Gull,10,2,Oct_W2,0.0,478.0
Glaucous Gull,10,3,Oct_W3,0.0,282.0
Glaucous Gull,10,4,Oct_W4,0.0,383.0
Glaucous Gull,11,1,Nov_W1,0.0054348,184.0
Glaucous Gull,11,2,Nov_W2,0.0073529,136.0
Glaucous Gull,11,3,Nov_W3,0.011236,89.0
Glaucous Gull,11,4,Nov_W4,0.0095238,105.0
Glaucous Gull,12,1,Dec_W1,0.0166667,60.0
Glaucous Gull,12,2,Dec_W2,0.0277778,36.0
Glaucous Gull,12,3,Dec_W3,0.0301205,166.0
Glaucous Gull,12,4,Dec_W4,0.01,100.0
Lesser Black-backed Gull,1,1,Jan_W1,0.0,112.0
Lesser Black-backed Gull,1,2,Jan_W2,0.0,94.0
Lesser Black-backed Gull,1,3,Jan_W3,0.0,145.0
Lesser Black-backed Gull,1,4,Jan_W4,0.0,125.0
Lesser Black-backed Gull,2,1,Feb_W1,0.0,115.0
Lesser Black-backed Gull,2,2,Feb_W2,0.0,192.0
Lesser Black-backed Gull,2,3,Feb_W3,0.0,197.0
Lesser Black-backed Gull,2,4,Feb_W4,0.015873,63.0
Lesser Black-backed Gull,3,1,Mar_W1,0.0,58.0
Lesser Black-backed Gull,3,2,Mar_W2,0.0,55.0
Lesser Black-backed Gull,3,3,Mar_W3,0.0,78.0
Lesser Black-backed Gull,3,4,Mar_W4,0.0,163.0
Lesser Black-backed Gull,4,1,Apr_W1,0.0,145.0
Lesser Black-backed Gull,4,2,Apr_W2,0.0,154.0
Lesser Black-backed Gull,4,3,Apr_W3,0.0063694,157.0
Lesser Black-backed Gull,4,4,Apr_W4,0.0090909,330.0
Lesser Black-backed Gull,5,1,May_W1,0.0,272.0
Lesser Black-backed Gull,5,2,May_W2,0.0026247,381.0
Lesser Black-backed Gull,5,3,May_W3,0.0017825,561.0
Lesser Black-backed Gull,5,4,May_W4,0.0010142,986.0
Lesser Black-backed Gull,6,1,Jun_W1,0.0,668.0
Lesser Black-backed Gull,6,2,Jun_W2,0.0,509.0
Lesser Black-backed Gull,6,3,Jun_W3,0.0,379.0
Lesser Black-backed Gull,6,4,Jun_W4,0.0,598.0
Lesser Black-backed Gull,7,1,Jul_W1,0.0,361.0
Lesser Black-backed Gull,7,2,Jul_W2,0.0,409.0
Lesser Black-backed Gull,7,3,Jul_W3,0.0,358.0
Lesser Black-backed Gull,7,4,Jul_W4,0.0,419.0
Lesser Black-backed Gull,8,1,Aug_W1,0.0,260.0
Lesser Black-backed Gull,8,2,Aug_W2,0.0,303.0
Lesser Black-backed Gull,8,3,Aug_W3,0.0,290.0
Lesser Black-backed Gull,8,4,Aug_W4,0.0,555.0
Lesser Black-backed Gull,9,1,Sep_W1,0.0,305.0
Lesser Black-backed Gull,9,2,Sep_W2,0.0088496,339.0
Lesser Black-backed Gull,9,3,Sep_W3,0.0,290.0
Lesser Black-backed Gull,9,4,Sep_W4,0.0,426.0
Lesser Black-backed Gull,10,1,Oct_W1,0.0,331.0
Lesser Black-backed Gull,10,2,Oct_W2,0.0,478.0
Lesser Black-backed Gull,10,3,Oct_W3,0.0,282.0
Lesser Black-backed Gull,10,4,Oct_W4,0.002611,383.0
Lesser Black-backed Gull,11,1,Nov_W1,0.0054348,184.0
Lesser Black-backed Gull,11,2,Nov_W2,0.0,136.0
Lesser Black-backed Gull,11,3,Nov_W3,0.0,89.0
Lesser Black-backed Gull,11,4,Nov_W4,0.0,105.0
Lesser Black-backed Gull,12,1,Dec_W1,0.0,60.0
Lesser Black-backed Gull,12,2,Dec_W2,0.0,36.0
Lesser Black-backed Gull,12,3,Dec_W3,0.0,166.0
Lesser Black-backed Gull,12,4,Dec_W4,0.0,100.0
California Gull,1,1,Jan_W1,0.0,112.0
California Gull,1,2,Jan_W2,0.0,94.0
California Gull,1,3,Jan_W3,0.0,145.0
California Gull,1,4,Jan_W4,0.0,125.0
California Gull,2,1,Feb_W1,0.0,115.0
California Gull,2,2,Feb_W2,0.0,192.0
California Gull,2,3,Feb_W3,0.0,197.0
California Gull,2,4,Feb_W4,0.0,63.0
California Gull,3,1,Mar_W1,0.0,58.0
California Gull,3,2,Mar_W2,0.0,55.0
California Gull,3,3,Mar_W3,0.0,78.0
California Gull,3,4,Mar_W4,0.0,163.0
California Gull,4,1,Apr_W1,0.0,145.0
California Gull,4,2,Apr_W2,0.0,154.0
California Gull,4,3,Apr_W3,0.0,157.0
California Gull,4,4,Apr_W4,0.0,330.0
California Gull,5,1,May_W1,0.0,272.0
California Gull,5,2,May_W2,0.0,381.0
California Gull,5,3,May_W3,0.0015,561.0
California Gull,5,4,May_W4,0.0,986.0
California Gull,6,1,Jun_W1,0.0,668.0
California Gull,6,2,Jun_W2,0.0,509.0
California Gull,6,3,Jun_W3,0.0,379.0
California Gull,6,4,Jun_W4,0.0,598.0
California Gull,7,1,Jul_W1,0.0,361.0
California Gull,7,2,Jul_W2,0.0,409.0
California Gull,7,3,Jul_W3,0.0,358.0
California Gull,7,4,Jul_W4,0.0,419.0
California Gull,8,1,Aug_W1,0.0,260.0
California Gull,8,2,Aug_W2,0.0,303.0
California Gull,8,3,Aug_W3,0.0,290.0
California Gull,8,4,Aug_W4,0.0,555.0
California Gull,9,1,Sep_W1,0.0,305.0
California Gull,9,2,Sep_W2,0.0,339.0
California Gull,9,3,Sep_W3,0.0,290.0
California Gull,9,4,Sep_W4,0.0,426.0
California Gull,10,1,Oct_W1,0.0,331.0
California Gull,10,2,Oct_W2,0.0,478.0
California Gull,10,3,Oct_W3,0.0,282.0
California Gull,10,4,Oct_W4,0.0,383.0
California Gull,11,1,Nov_W1,0.0,184.0
California Gull,11,2,Nov_W2,0.0,136.0
California Gull,11,3,Nov_W3,0.0,89.0
California Gull,11,4,Nov_W4,0.0,105.0
California Gull,12,1,Dec_W1,0.0,60.0
California Gull,12,2,Dec_W2,0.0,36.0
California Gull,12,3,Dec_W3,0.0,166.0
California Gull,12,4,Dec_W4,0.0,100.0
Iceland Gull,1,1,Jan_W1,0.0,112.0
Iceland Gull,1,2,Jan_W2,0.0,94.0
Iceland Gull,1,3,Jan_W3,0.0,145.0
Iceland Gull,1,4,Jan_W4,0.0,125.0
Iceland Gull,2,1,Feb_W1,0.0,115.0
Iceland Gull,2,2,Feb_W2,0.0,192.0
Iceland Gull,2,3,Feb_W3,0.0,197.0
Iceland Gull,2,4,Feb_W4,0.0,63.0
Iceland Gull,3,1,Mar_W1,0.0,58.0
Iceland Gull,3,2,Mar_W2,0.0,55.0
Iceland Gull,3,3,Mar_W3,0.0,78.0
Iceland Gull,3,4,Mar_W4,0.0,163.0
Iceland Gull,4,1,Apr_W1,0.0,145.0
Iceland Gull,4,2,Apr_W2,0.0064935,154.0
Iceland Gull,4,3,Apr_W3,0.0,157.0
Iceland Gull,4,4,Apr_W4,0.0,330.0
Iceland Gull,5,1,May_W1,0.0,272.0
Iceland Gull,5,2,May_W2,0.0,381.0
Iceland Gull,5,3,May_W3,0.0,561.0
Iceland Gull,5,4,May_W4,0.0010142,986.0
Iceland Gull,6,1,Jun_W1,0.0,668.0
Iceland Gull,6,2,Jun_W2,0.0,509.0
Iceland Gull,6,3,Jun_W3,0.0,379.0
Iceland Gull,6,4,Jun_W4,0.0,598.0
Iceland Gull,7,1,Jul_W1,0.0,361.0
Iceland Gull,7,2,Jul_W2,0.0,409.0
Iceland Gull,7,3,Jul_W3,0.0,358.0
Iceland Gull,7,4,Jul_W4,0.0,419.0
Iceland Gull,8,1,Aug_W1,0.0,260.0
Iceland Gull,8,2,Aug_W2,0.0,303.0
Iceland Gull,8,3,Aug_W3,0.0,290.0
Iceland Gull,8,4,Aug_W4,0.0,555.0
Iceland Gull,9,1,Sep_W1,0.0,305.0
Iceland Gull,9,2,Sep_W2,0.0,339.0
Iceland Gull,9,3,Sep_W3,0.0,290.0
Iceland Gull,9,4,Sep_W4,0.0046948,426.0
Iceland Gull,10,1,Oct_W1,0.0,331.0
Iceland Gull,10,2,Oct_W2,0.0,478.0
Iceland Gull,10,3,Oct_W3,0.0015,282.0
Iceland Gull,10,4,Oct_W4,0.0,383.0
Iceland Gull,11,1,Nov_W1,0.0,184.0
Iceland Gull,11,2,Nov_W2,0.0147059,136.0
Iceland Gull,11,3,Nov_W3,0.0,89.0
Iceland Gull,11,4,Nov_W4,0.0,105.0
Iceland Gull,12,1,Dec_W1,0.0,60.0
Iceland Gull,12,2,Dec_W2,0.0,36.0
Iceland Gull,12,3,Dec_W3,0.0,166.0
Iceland Gull,12,4,Dec_W4,0.0,100.0
Caspian Tern,1,1,Jan_W1,0.0,112.0
Caspian Tern,1,2,Jan_W2,0.0,94.0
Caspian Tern,1,3,Jan_W3,0.0,145.0
Caspian Tern,1,4,Jan_W4,0.0,125.0
Caspian Tern,2,1,Feb_W1,0.0,115.0
Caspian Tern,2,2,Feb_W2,0.0,192.0
Caspian Tern,2,3,Feb_W3,0.0,197.0
Caspian Tern,2,4,Feb_W4,0.0,63.0
Caspian Tern,3,1,Mar_W1,0.0,58.0
Caspian Tern,3,2,Mar_W2,0.0,55.0
Caspian Tern,3,3,Mar_W3,0.0,78.0
Caspian Tern,3,4,Mar_W4,0.0,163.0
Caspian Tern,4,1,Apr_W1,0.0,145.0
Caspian Tern,4,2,Apr_W2,0.0,154.0
Caspian Tern,4,3,Apr_W3,0.0127389,157.0
Caspian Tern,4,4,Apr_W4,0.0333333,330.0
Caspian Tern,5,1,May_W1,0.0625,272.0
Caspian Tern,5,2,May_W2,0.0288714,381.0
Caspian Tern,5,3,May_W3,0.0516934,561.0
Caspian Tern,5,4,May_W4,0.0517241,986.0
Caspian Tern,6,1,Jun_W1,0.0508982,668.0
Caspian Tern,6,2,Jun_W2,0.0609037,509.0
Caspian Tern,6,3,Jun_W3,0.0659631,379.0
Caspian Tern,6,4,Jun_W4,0.0518395,598.0
Caspian Tern,7,1,Jul_W1,0.0775623,361.0
Caspian Tern,7,2,Jul_W2,0.1173594,409.0
Caspian Tern,7,3,Jul_W3,0.0530726,358.0
Caspian Tern,7,4,Jul_W4,0.0787589,419.0
Caspian Tern,8,1,Aug_W1,0.0961538,260.0
Caspian Tern,8,2,Aug_W2,0.0726073,303.0
Caspian Tern,8,3,Aug_W3,0.0896552,290.0
Caspian Tern,8,4,Aug_W4,0.0396396,555.0
Caspian Tern,9,1,Sep_W1,0.0491803,305.0
Caspian Tern,9,2,Sep_W2,0.0147493,339.0
Caspian Tern,9,3,Sep_W3,0.0034483,290.0
Caspian Tern,9,4,Sep_W4,0.0,426.0
Caspian Tern,10,1,Oct_W1,0.0,331.0
Caspian Tern,10,2,Oct_W2,0.0,478.0
Caspian Tern,10,3,Oct_W3,0.0,282.0
Caspian Tern,10,4,Oct_W4,0.0,383.0
Caspian Tern,11,1,Nov_W1,0.0,184.0
Caspian Tern,11,2,Nov_W2,0.0,136.0
Caspian Tern,11,3,Nov_W3,0.0,89.0
Caspian Tern,11,4,Nov_W4,0.0,105.0
Caspian Tern,12,1,Dec_W1,0.0,60.0
Caspian Tern,12,2,Dec_W2,0.0,36.0
Caspian Tern,12,3,Dec_W3,0.0,166.0
Caspian Tern,12,4,Dec_W4,0.0,100.0
Black Tern,1,1,Jan_W1,0.0,112.0
Black Tern,1,2,Jan_W2,0.0,94.0
Black Tern,1,3,Jan_W3,0.0,145.0
Black Tern,1,4,Jan_W4,0.0,125.0
Black Tern,2,1,Feb_W1,0.0,115.0
Black Tern,2,2,Feb_W2,0.0,192.0
Black Tern,2,3,Feb_W3,0.0,197.0
Black Tern,2,4,Feb_W4,0.0,63.0
Black Tern,3,1,Mar_W1,0.0,58.0
Black Tern,3,2,Mar_W2,0.0,55.0
Black Tern,3,3,Mar_W3,0.0,78.0
Black Tern,3,4,Mar_W4,0.0,163.0
Black Tern,4,1,Apr_W1,0.0,145.0
Black Tern,4,2,Apr_W2,0.0,154.0
Black Tern,4,3,Apr_W3,0.0,157.0
Black Tern,4,4,Apr_W4,0.0,330.0
Black Tern,5,1,May_W1,0.0,272.0
Black Tern,5,2,May_W2,0.0,381.0
Black Tern,5,3,May_W3,0.0106952,561.0
Black Tern,5,4,May_W4,0.0141988,986.0
Black Tern,6,1,Jun_W1,0.0149701,668.0
Black Tern,6,2,Jun_W2,0.0176817,509.0
Black Tern,6,3,Jun_W3,0.005277,379.0
Black Tern,6,4,Jun_W4,0.0117057,598.0
Black Tern,7,1,Jul_W1,0.0055402,361.0
Black Tern,7,2,Jul_W2,0.00978,409.0
Black Tern,7,3,Jul_W3,0.0083799,358.0
Black Tern,7,4,Jul_W4,0.0047733,419.0
Black Tern,8,1,Aug_W1,0.0076923,260.0
Black Tern,8,2,Aug_W2,0.0,303.0
Black Tern,8,3,Aug_W3,0.0,290.0
Black Tern,8,4,Aug_W4,0.0,555.0
Black Tern,9,1,Sep_W1,0.0,305.0
Black Tern,9,2,Sep_W2,0.0,339.0
Black Tern,9,3,Sep_W3,0.0,290.0
Black Tern,9,4,Sep_W4,0.0,426.0
Black Tern,10,1,Oct_W1,0.0,331.0
Black Tern,10,2,Oct_W2,0.0,478.0
Black Tern,10,3,Oct_W3,0.0,282.0
Black Tern,10,4,Oct_W4,0.0,383.0
Black Tern,11,1,Nov_W1,0.0,184.0
Black Tern,11,2,Nov_W2,0.0,136.0
Black Tern,11,3,Nov_W3,0.0,89.0
Black Tern,11,4,Nov_W4,0.0,105.0
Black Tern,12,1,Dec_W1,0.0,60.0
Black Tern,12,2,Dec_W2,0.0,36.0
Black Tern,12,3,Dec_W3,0.0,166.0
Black Tern,12,4,Dec_W4,0.0,100.0
Forster's Tern,1,1,Jan_W1,0.0,112.0
Forster's Tern,1,2,Jan_W2,0.0,94.0
Forster's Tern,1,3,Jan_W3,0.0,145.0
Forster's Tern,1,4,Jan_W4,0.0,125.0
Forster's Tern,2,1,Feb_W1,0.0,115.0
Forster's Tern,2,2,Feb_W2,0.0,192.0
Forster's Tern,2,3,Feb_W3,0.0,197.0
Forster's Tern,2,4,Feb_W4,0.0,63.0
Forster's Tern,3,1,Mar_W1,0.0,58.0
Forster's Tern,3,2,Mar_W2,0.0,55.0
Forster's Tern,3,3,Mar_W3,0.0,78.0
Forster's Tern,3,4,Mar_W4,0.0,163.0
Forster's Tern,4,1,Apr_W1,0.0,145.0
Forster's Tern,4,2,Apr_W2,0.0,154.0
Forster's Tern,4,3,Apr_W3,0.0,157.0
Forster's Tern,4,4,Apr_W4,0.0,330.0
Forster's Tern,5,1,May_W1,0.0036765,272.0
Forster's Tern,5,2,May_W2,0.0015,381.0
Forster's Tern,5,3,May_W3,0.0017825,561.0
Forster's Tern,5,4,May_W4,0.0030426,986.0
Forster's Tern,6,1,Jun_W1,0.005988,668.0
Forster's Tern,6,2,Jun_W2,0.0039293,509.0
Forster's Tern,6,3,Jun_W3,0.0026385,379.0
Forster's Tern,6,4,Jun_W4,0.0050167,598.0
Forster's Tern,7,1,Jul_W1,0.0027701,361.0
Forster's Tern,7,2,Jul_W2,0.00489,409.0
Forster's Tern,7,3,Jul_W3,0.0167598,358.0
Forster's Tern,7,4,Jul_W4,0.0047733,419.0
Forster's Tern,8,1,Aug_W1,0.0,260.0
Forster's Tern,8,2,Aug_W2,0.0,303.0
Forster's Tern,8,3,Aug_W3,0.0,290.0
Forster's Tern,8,4,Aug_W4,0.0015,555.0
Forster's Tern,9,1,Sep_W1,0.0,305.0
Forster's Tern,9,2,Sep_W2,0.0,339.0
Forster's Tern,9,3,Sep_W3,0.0,290.0
Forster's Tern,9,4,Sep_W4,0.0,426.0
Forster's Tern,10,1,Oct_W1,0.0,331.0
Forster's Tern,10,2,Oct_W2,0.0,478.0
Forster's Tern,10,3,Oct_W3,0.0,282.0
Forster's Tern,10,4,Oct_W4,0.0,383.0
Forster's Tern,11,1,Nov_W1,0.0,184.0
Forster's Tern,11,2,Nov_W2,0.0,136.0
Forster's Tern,11,3,Nov_W3,0.0,89.0
Forster's Tern,11,4,Nov_W4,0.0,105.0
Forster's Tern,12,1,Dec_W1,0.0,60.0
Forster's Tern,12,2,Dec_W2,0.0,36.0
Forster's Tern,12,3,Dec_W3,0.0,166.0
Forster's Tern,12,4,Dec_W4,0.0,100.0
Common Tern,1,1,Jan_W1,0.0,112.0
Common Tern,1,2,Jan_W2,0.0,94.0
Common Tern,1,3,Jan_W3,0.0,145.0
Common Tern,1,4,Jan_W4,0.0,125.0
Common Tern,2,1,Feb_W1,0.0,115.0
Common Tern,2,2,Feb_W2,0.0,192.0
Common Tern,2,3,Feb_W3,0.0,197.0
Common Tern,2,4,Feb_W4,0.0,63.0
Common Tern,3,1,Mar_W1,0.0,58.0
Common Tern,3,2,Mar_W2,0.0,55.0
Common Tern,3,3,Mar_W3,0.0,78.0
Common Tern,3,4,Mar_W4,0.0,163.0
Common Tern,4,1,Apr_W1,0.0,145.0
Common Tern,4,2,Apr_W2,0.0,154.0
Common Tern,4,3,Apr_W3,0.0,157.0
Common Tern,4,4,Apr_W4,0.0090909,330.0
Common Tern,5,1,May_W1,0.0919118,272.0
Common Tern,5,2,May_W2,0.1732283,381.0
Common Tern,5,3,May_W3,0.2691622,561.0
Common Tern,5,4,May_W4,0.2241379,986.0
Common Tern,6,1,Jun_W1,0.1541916,668.0
Common Tern,6,2,Jun_W2,0.237721,509.0
Common Tern,6,3,Jun_W3,0.2691293,379.0
Common Tern,6,4,Jun_W4,0.1956522,598.0
Common Tern,7,1,Jul_W1,0.1578947,361.0
Common Tern,7,2,Jul_W2,0.2444988,409.0
Common Tern,7,3,Jul_W3,0.1703911,358.0
Common Tern,7,4,Jul_W4,0.1789976,419.0
Common Tern,8,1,Aug_W1,0.1230769,260.0
Common Tern,8,2,Aug_W2,0.0660066,303.0
Common Tern,8,3,Aug_W3,0.0724138,290.0
Common Tern,8,4,Aug_W4,0.045045,555.0
Common Tern,9,1,Sep_W1,0.0327869,305.0
Common Tern,9,2,Sep_W2,0.0147493,339.0
Common Tern,9,3,Sep_W3,0.0034483,290.0
Common Tern,9,4,Sep_W4,0.0070423,426.0
Common Tern,10,1,Oct_W1,0.0060423,331.0
Common Tern,10,2,Oct_W2,0.0,478.0
Common Tern,10,3,Oct_W3,0.0035461,282.0
Common Tern,10,4,Oct_W4,0.0,383.0
Common Tern,11,1,Nov_W1,0.0,184.0
Common Tern,11,2,Nov_W2,0.0,136.0
Common Tern,11,3,Nov_W3,0.0,89.0
Common Tern,11,4,Nov_W4,0.0,105.0
Common Tern,12,1,Dec_W1,0.0,60.0
Common Tern,12,2,Dec_W2,0.0,36.0
Common Tern,12,3,Dec_W3,0.0,166.0
Common Tern,12,4,Dec_W4,0.0,100.0
Pied-billed Grebe,1,1,Jan_W1,0.0,112.0
Pied-billed Grebe,1,2,Jan_W2,0.0,94.0
Pied-billed Grebe,1,3,Jan_W3,0.0,145.0
Pied-billed Grebe,1,4,Jan_W4,0.0,125.0
Pied-billed Grebe,2,1,Feb_W1,0.0,115.0
Pied-billed Grebe,2,2,Feb_W2,0.0,192.0
Pied-billed Grebe,2,3,Feb_W3,0.0,197.0
Pied-billed Grebe,2,4,Feb_W4,0.0,63.0
Pied-billed Grebe,3,1,Mar_W1,0.0,58.0
Pied-billed Grebe,3,2,Mar_W2,0.0,55.0
Pied-billed Grebe,3,3,Mar_W3,0.0,78.0
Pied-billed Grebe,3,4,Mar_W4,0.0122699,163.0
Pied-billed Grebe,4,1,Apr_W1,0.0068966,145.0
Pied-billed Grebe,4,2,Apr_W2,0.0324675,154.0
Pied-billed Grebe,4,3,Apr_W3,0.044586,157.0
Pied-billed Grebe,4,4,Apr_W4,0.0272727,330.0
Pied-billed Grebe,5,1,May_W1,0.0330882,272.0
Pied-billed Grebe,5,2,May_W2,0.023622,381.0
Pied-billed Grebe,5,3,May_W3,0.0374332,561.0
Pied-billed Grebe,5,4,May_W4,0.0375254,986.0
Pied-billed Grebe,6,1,Jun_W1,0.0434132,668.0
Pied-billed Grebe,6,2,Jun_W2,0.043222,509.0
Pied-billed Grebe,6,3,Jun_W3,0.0448549,379.0
Pied-billed Grebe,6,4,Jun_W4,0.041806,598.0
Pied-billed Grebe,7,1,Jul_W1,0.0304709,361.0
Pied-billed Grebe,7,2,Jul_W2,0.0513447,409.0
Pied-billed Grebe,7,3,Jul_W3,0.0418994,358.0
Pied-billed Grebe,7,4,Jul_W4,0.0548926,419.0
Pied-billed Grebe,8,1,Aug_W1,0.0269231,260.0
Pied-billed Grebe,8,2,Aug_W2,0.0660066,303.0
Pied-billed Grebe,8,3,Aug_W3,0.0448276,290.0
Pied-billed Grebe,8,4,Aug_W4,0.0684685,555.0
Pied-billed Grebe,9,1,Sep_W1,0.052459,305.0
Pied-billed Grebe,9,2,Sep_W2,0.0766962,339.0
Pied-billed Grebe,9,3,Sep_W3,0.0965517,290.0
Pied-billed Grebe,9,4,Sep_W4,0.0539906,426.0
Pied-billed Grebe,10,1,Oct_W1,0.0422961,331.0
Pied-billed Grebe,10,2,Oct_W2,0.0125523,478.0
Pied-billed Grebe,10,3,Oct_W3,0.035461,282.0
Pied-billed Grebe,10,4,Oct_W4,0.0261097,383.0
Pied-billed Grebe,11,1,Nov_W1,0.0163043,184.0
Pied-billed Grebe,11,2,Nov_W2,0.0,136.0
Pied-billed Grebe,11,3,Nov_W3,0.0,89.0
Pied-billed Grebe,11,4,Nov_W4,0.0,105.0
Pied-billed Grebe,12,1,Dec_W1,0.0,60.0
Pied-billed Grebe,12,2,Dec_W2,0.0,36.0
Pied-billed Grebe,12,3,Dec_W3,0.0060241,166.0
Pied-billed Grebe,12,4,Dec_W4,0.0,100.0
Horned Grebe,1,1,Jan_W1,0.0,112.0
Horned Grebe,1,2,Jan_W2,0.0106383,94.0
Horned Grebe,1,3,Jan_W3,0.0,145.0
Horned Grebe,1,4,Jan_W4,0.0,125.0
Horned Grebe,2,1,Feb_W1,0.0,115.0
Horned Grebe,2,2,Feb_W2,0.0,192.0
Horned Grebe,2,3,Feb_W3,0.0,197.0
Horned Grebe,2,4,Feb_W4,0.0,63.0
Horned Grebe,3,1,Mar_W1,0.0,58.0
Horned Grebe,3,2,Mar_W2,0.0,55.0
Horned Grebe,3,3,Mar_W3,0.0,78.0
Horned Grebe,3,4,Mar_W4,0.0,163.0
Horned Grebe,4,1,Apr_W1,0.0206897,145.0
Horned Grebe,4,2,Apr_W2,0.0844156,154.0
Horned Grebe,4,3,Apr_W3,0.1464968,157.0
Horned Grebe,4,4,Apr_W4,0.169697,330.0
Horned Grebe,5,1,May_W1,0.1066176,272.0
Horned Grebe,5,2,May_W2,0.0288714,381.0
Horned Grebe,5,3,May_W3,0.0053476,561.0
Horned Grebe,5,4,May_W4,0.0,986.0
Horned Grebe,6,1,Jun_W1,0.0,668.0
Horned Grebe,6,2,Jun_W2,0.0019646,509.0
Horned Grebe,6,3,Jun_W3,0.0,379.0
Horned Grebe,6,4,Jun_W4,0.0,598.0
Horned Grebe,7,1,Jul_W1,0.0,361.0
Horned Grebe,7,2,Jul_W2,0.0,409.0
Horned Grebe,7,3,Jul_W3,0.0,358.0
Horned Grebe,7,4,Jul_W4,0.0023866,419.0
Horned Grebe,8,1,Aug_W1,0.0,260.0
Horned Grebe,8,2,Aug_W2,0.0,303.0
Horned Grebe,8,3,Aug_W3,0.0034483,290.0
Horned Grebe,8,4,Aug_W4,0.0144144,555.0
Horned Grebe,9,1,Sep_W1,0.0295082,305.0
Horned Grebe,9,2,Sep_W2,0.0294985,339.0
Horned Grebe,9,3,Sep_W3,0.0586207,290.0
Horned Grebe,9,4,Sep_W4,0.0586854,426.0
Horned Grebe,10,1,Oct_W1,0.1359517,331.0
Horned Grebe,10,2,Oct_W2,0.1841004,478.0
Horned Grebe,10,3,Oct_W3,0.2446809,282.0
Horned Grebe,10,4,Oct_W4,0.2402089,383.0
Horned Grebe,11,1,Nov_W1,0.2608696,184.0
Horned Grebe,11,2,Nov_W2,0.2205882,136.0
Horned Grebe,11,3,Nov_W3,0.1235955,89.0
Horned Grebe,11,4,Nov_W4,0.0571429,105.0
Horned Grebe,12,1,Dec_W1,0.0333333,60.0
Horned Grebe,12,2,Dec_W2,0.0277778,36.0
Horned Grebe,12,3,Dec_W3,0.0301205,166.0
Horned Grebe,12,4,Dec_W4,0.0,100.0
Red-necked Grebe,1,1,Jan_W1,0.0,112.0
Red-necked Grebe,1,2,Jan_W2,0.0,94.0
Red-necked Grebe,1,3,Jan_W3,0.0015,145.0
Red-necked Grebe,1,4,Jan_W4,0.0,125.0
Red-necked Grebe,2,1,Feb_W1,0.0,115.0
Red-necked Grebe,2,2,Feb_W2,0.0,192.0
Red-necked Grebe,2,3,Feb_W3,0.0,197.0
Red-necked Grebe,2,4,Feb_W4,0.0,63.0
Red-necked Grebe,3,1,Mar_W1,0.0172414,58.0
Red-necked Grebe,3,2,Mar_W2,0.0,55.0
Red-necked Grebe,3,3,Mar_W3,0.0,78.0
Red-necked Grebe,3,4,Mar_W4,0.006135,163.0
Red-necked Grebe,4,1,Apr_W1,0.0137931,145.0
Red-necked Grebe,4,2,Apr_W2,0.1038961,154.0
Red-necked Grebe,4,3,Apr_W3,0.1082803,157.0
Red-necked Grebe,4,4,Apr_W4,0.1333333,330.0
Red-necked Grebe,5,1,May_W1,0.0919118,272.0
Red-necked Grebe,5,2,May_W2,0.0419948,381.0
Red-necked Grebe,5,3,May_W3,0.0035651,561.0
Red-necked Grebe,5,4,May_W4,0.0010142,986.0
Red-necked Grebe,6,1,Jun_W1,0.001497,668.0
Red-necked Grebe,6,2,Jun_W2,0.0,509.0
Red-necked Grebe,6,3,Jun_W3,0.0105541,379.0
Red-necked Grebe,6,4,Jun_W4,0.0,598.0
Red-necked Grebe,7,1,Jul_W1,0.0,361.0
Red-necked Grebe,7,2,Jul_W2,0.00978,409.0
Red-necked Grebe,7,3,Jul_W3,0.0027933,358.0
Red-necked Grebe,7,4,Jul_W4,0.0015,419.0
Red-necked Grebe,8,1,Aug_W1,0.0153846,260.0
Red-necked Grebe,8,2,Aug_W2,0.0066007,303.0
Red-necked Grebe,8,3,Aug_W3,0.037931,290.0
Red-necked Grebe,8,4,Aug_W4,0.1117117,555.0
Red-necked Grebe,9,1,Sep_W1,0.1180328,305.0
Red-necked Grebe,9,2,Sep_W2,0.1150442,339.0
Red-necked Grebe,9,3,Sep_W3,0.1206897,290.0
Red-necked Grebe,9,4,Sep_W4,0.1220657,426.0
Red-necked Grebe,10,1,Oct_W1,0.0785498,331.0
Red-necked Grebe,10,2,Oct_W2,0.0543933,478.0
Red-necked Grebe,10,3,Oct_W3,0.0957447,282.0
Red-necked Grebe,10,4,Oct_W4,0.1018277,383.0
Red-necked Grebe,11,1,Nov_W1,0.0869565,184.0
Red-necked Grebe,11,2,Nov_W2,0.0735294,136.0
Red-necked Grebe,11,3,Nov_W3,0.0224719,89.0
Red-necked Grebe,11,4,Nov_W4,0.0095238,105.0
Red-necked Grebe,12,1,Dec_W1,0.0666667,60.0
Red-necked Grebe,12,2,Dec_W2,0.0277778,36.0
Red-necked Grebe,12,3,Dec_W3,0.0361446,166.0
Red-necked Grebe,12,4,Dec_W4,0.0,100.0
Western Grebe,1,1,Jan_W1,0.0,112.0
Western Grebe,1,2,Jan_W2,0.0106383,94.0
Western Grebe,1,3,Jan_W3,0.0,145.0
Western Grebe,1,4,Jan_W4,0.0,125.0
Western Grebe,2,1,Feb_W1,0.0,115.0
Western Grebe,2,2,Feb_W2,0.0,192.0
Western Grebe,2,3,Feb_W3,0.0,197.0
Western Grebe,2,4,Feb_W4,0.0,63.0
Western Grebe,3,1,Mar_W1,0.0,58.0
Western Grebe,3,2,Mar_W2,0.0,55.0
Western Grebe,3,3,Mar_W3,0.0,78.0
Western Grebe,3,4,Mar_W4,0.0,163.0
Western Grebe,4,1,Apr_W1,0.0,145.0
Western Grebe,4,2,Apr_W2,0.0,154.0
Western Grebe,4,3,Apr_W3,0.0,157.0
Western Grebe,4,4,Apr_W4,0.0,330.0
Western Grebe,5,1,May_W1,0.0,272.0
Western Grebe,5,2,May_W2,0.0,381.0
Western Grebe,5,3,May_W3,0.0,561.0
Western Grebe,5,4,May_W4,0.0,986.0
Western Grebe,6,1,Jun_W1,0.0,668.0
Western Grebe,6,2,Jun_W2,0.0,509.0
Western Grebe,6,3,Jun_W3,0.0,379.0
Western Grebe,6,4,Jun_W4,0.0,598.0
Western Grebe,7,1,Jul_W1,0.0,361.0
Western Grebe,7,2,Jul_W2,0.0,409.0
Western Grebe,7,3,Jul_W3,0.0,358.0
Western Grebe,7,4,Jul_W4,0.0,419.0
Western Grebe,8,1,Aug_W1,0.0,260.0
Western Grebe,8,2,Aug_W2,0.0,303.0
Western Grebe,8,3,Aug_W3,0.0,290.0
Western Grebe,8,4,Aug_W4,0.0,555.0
Western Grebe,9,1,Sep_W1,0.0,305.0
Western Grebe,9,2,Sep_W2,0.0,339.0
Western Grebe,9,3,Sep_W3,0.0,290.0
Western Grebe,9,4,Sep_W4,0.0,426.0
Western Grebe,10,1,Oct_W1,0.0,331.0
Western Grebe,10,2,Oct_W2,0.0,478.0
Western Grebe,10,3,Oct_W3,0.0,282.0
Western Grebe,10,4,Oct_W4,0.0,383.0
Western Grebe,11,1,Nov_W1,0.0,184.0
Western Grebe,11,2,Nov_W2,0.0,136.0
Western Grebe,11,3,Nov_W3,0.0,89.0
Western Grebe,11,4,Nov_W4,0.0,105.0
Western Grebe,12,1,Dec_W1,0.0,60.0
Western Grebe,12,2,Dec_W2,0.0,36.0
Western Grebe,12,3,Dec_W3,0.0,166.0
Western Grebe,12,4,Dec_W4,0.0,100.0
Red-throated Loon,1,1,Jan_W1,0.0,112.0
Red-throated Loon,1,2,Jan_W2,0.0,94.0
Red-throated Loon,1,3,Jan_W3,0.0,145.0
Red-throated Loon,1,4,Jan_W4,0.0,125.0
Red-throated Loon,2,1,Feb_W1,0.0,115.0
Red-throated Loon,2,2,Feb_W2,0.0,192.0
Red-throated Loon,2,3,Feb_W3,0.0,197.0
Red-throated Loon,2,4,Feb_W4,0.0,63.0
Red-throated Loon,3,1,Mar_W1,0.0,58.0
Red-throated Loon,3,2,Mar_W2,0.0,55.0
Red-throated Loon,3,3,Mar_W3,0.0,78.0
Red-throated Loon,3,4,Mar_W4,0.006135,163.0
Red-throated Loon,4,1,Apr_W1,0.0,145.0
Red-throated Loon,4,2,Apr_W2,0.0064935,154.0
Red-throated Loon,4,3,Apr_W3,0.0,157.0
Red-throated Loon,4,4,Apr_W4,0.0121212,330.0
Red-throated Loon,5,1,May_W1,0.0220588,272.0
Red-throated Loon,5,2,May_W2,0.0104987,381.0
Red-throated Loon,5,3,May_W3,0.0089127,561.0
Red-throated Loon,5,4,May_W4,0.0,986.0
Red-throated Loon,6,1,Jun_W1,0.0,668.0
Red-throated Loon,6,2,Jun_W2,0.0,509.0
Red-throated Loon,6,3,Jun_W3,0.0,379.0
Red-throated Loon,6,4,Jun_W4,0.0,598.0
Red-throated Loon,7,1,Jul_W1,0.0,361.0
Red-throated Loon,7,2,Jul_W2,0.0,409.0
Red-throated Loon,7,3,Jul_W3,0.0015,358.0
Red-throated Loon,7,4,Jul_W4,0.0015,419.0
Red-throated Loon,8,1,Aug_W1,0.0,260.0
Red-throated Loon,8,2,Aug_W2,0.0,303.0
Red-throated Loon,8,3,Aug_W3,0.0,290.0
Red-throated Loon,8,4,Aug_W4,0.0054054,555.0
Red-throated Loon,9,1,Sep_W1,0.0065574,305.0
Red-throated Loon,9,2,Sep_W2,0.0058997,339.0
Red-throated Loon,9,3,Sep_W3,0.0448276,290.0
Red-throated Loon,9,4,Sep_W4,0.0539906,426.0
Red-throated Loon,10,1,Oct_W1,0.0694864,331.0
Red-throated Loon,10,2,Oct_W2,0.0230126,478.0
Red-throated Loon,10,3,Oct_W3,0.0496454,282.0
Red-throated Loon,10,4,Oct_W4,0.0156658,383.0
Red-throated Loon,11,1,Nov_W1,0.0163043,184.0
Red-throated Loon,11,2,Nov_W2,0.0,136.0
Red-throated Loon,11,3,Nov_W3,0.0,89.0
Red-throated Loon,11,4,Nov_W4,0.0,105.0
Red-throated Loon,12,1,Dec_W1,0.0,60.0
Red-throated Loon,12,2,Dec_W2,0.0,36.0
Red-throated Loon,12,3,Dec_W3,0.0,166.0
Red-throated Loon,12,4,Dec_W4,0.0,100.0
Pacific Loon,1,1,Jan_W1,0.0,112.0
Pacific Loon,1,2,Jan_W2,0.0,94.0
Pacific Loon,1,3,Jan_W3,0.0,145.0
Pacific Loon,1,4,Jan_W4,0.0,125.0
Pacific Loon,2,1,Feb_W1,0.0,115.0
Pacific Loon,2,2,Feb_W2,0.0,192.0
Pacific Loon,2,3,Feb_W3,0.0,197.0
Pacific Loon,2,4,Feb_W4,0.0,63.0
Pacific Loon,3,1,Mar_W1,0.0,58.0
Pacific Loon,3,2,Mar_W2,0.0,55.0
Pacific Loon,3,3,Mar_W3,0.0,78.0
Pacific Loon,3,4,Mar_W4,0.0,163.0
Pacific Loon,4,1,Apr_W1,0.0,145.0
Pacific Loon,4,2,Apr_W2,0.0,154.0
Pacific Loon,4,3,Apr_W3,0.0,157.0
Pacific Loon,4,4,Apr_W4,0.0,330.0
Pacific Loon,5,1,May_W1,0.0,272.0
Pacific Loon,5,2,May_W2,0.0,381.0
Pacific Loon,5,3,May_W3,0.0,561.0
Pacific Loon,5,4,May_W4,0.0,986.0
Pacific Loon,6,1,Jun_W1,0.0,668.0
Pacific Loon,6,2,Jun_W2,0.0,509.0
Pacific Loon,6,3,Jun_W3,0.0,379.0
Pacific Loon,6,4,Jun_W4,0.0,598.0
Pacific Loon,7,1,Jul_W1,0.0,361.0
Pacific Loon,7,2,Jul_W2,0.0,409.0
Pacific Loon,7,3,Jul_W3,0.0,358.0
Pacific Loon,7,4,Jul_W4,0.0,419.0
Pacific Loon,8,1,Aug_W1,0.0,260.0
Pacific Loon,8,2,Aug_W2,0.0,303.0
Pacific Loon,8,3,Aug_W3,0.0,290.0
Pacific Loon,8,4,Aug_W4,0.0,555.0
Pacific Loon,9,1,Sep_W1,0.0,305.0
Pacific Loon,9,2,Sep_W2,0.0,339.0
Pacific Loon,9,3,Sep_W3,0.0,290.0
Pacific Loon,9,4,Sep_W4,0.0,426.0
Pacific Loon,10,1,Oct_W1,0.0,331.0
Pacific Loon,10,2,Oct_W2,0.0,478.0
Pacific Loon,10,3,Oct_W3,0.0,282.0
Pacific Loon,10,4,Oct_W4,0.0,383.0
Pacific Loon,11,1,Nov_W1,0.0,184.0
Pacific Loon,11,2,Nov_W2,0.0,136.0
Pacific Loon,11,3,Nov_W3,0.0,89.0
Pacific Loon,11,4,Nov_W4,0.0,105.0
Pacific Loon,12,1,Dec_W1,0.0333333,60.0
Pacific Loon,12,2,Dec_W2,0.0,36.0
Pacific Loon,12,3,Dec_W3,0.0,166.0
Pacific Loon,12,4,Dec_W4,0.0,100.0
Common Loon,1,1,Jan_W1,0.0,112.0
Common Loon,1,2,Jan_W2,0.0,94.0
Common Loon,1,3,Jan_W3,0.0,145.0
Common Loon,1,4,Jan_W4,0.0,125.0
Common Loon,2,1,Feb_W1,0.0,115.0
Common Loon,2,2,Feb_W2,0.0,192.0
Common Loon,2,3,Feb_W3,0.0,197.0
Common Loon,2,4,Feb_W4,0.0,63.0
Common Loon,3,1,Mar_W1,0.0,58.0
Common Loon,3,2,Mar_W2,0.0,55.0
Common Loon,3,3,Mar_W3,0.0,78.0
Common Loon,3,4,Mar_W4,0.006135,163.0
Common Loon,4,1,Apr_W1,0.062069,145.0
Common Loon,4,2,Apr_W2,0.1298701,154.0
Common Loon,4,3,Apr_W3,0.1528662,157.0
Common Loon,4,4,Apr_W4,0.169697,330.0
Common Loon,5,1,May_W1,0.1875,272.0
Common Loon,5,2,May_W2,0.152231,381.0
Common Loon,5,3,May_W3,0.087344,561.0
Common Loon,5,4,May_W4,0.0750507,986.0
Common Loon,6,1,Jun_W1,0.0808383,668.0
Common Loon,6,2,Jun_W2,0.1001965,509.0
Common Loon,6,3,Jun_W3,0.0844327,379.0
Common Loon,6,4,Jun_W4,0.090301,598.0
Common Loon,7,1,Jul_W1,0.0470914,361.0
Common Loon,7,2,Jul_W2,0.0904645,409.0
Common Loon,7,3,Jul_W3,0.0865922,358.0
Common Loon,7,4,Jul_W4,0.0548926,419.0
Common Loon,8,1,Aug_W1,0.0692308,260.0
Common Loon,8,2,Aug_W2,0.0660066,303.0
Common Loon,8,3,Aug_W3,0.137931,290.0
Common Loon,8,4,Aug_W4,0.1927928,555.0
Common Loon,9,1,Sep_W1,0.2590164,305.0
Common Loon,9,2,Sep_W2,0.2064897,339.0
Common Loon,9,3,Sep_W3,0.2586207,290.0
Common Loon,9,4,Sep_W4,0.2488263,426.0
Common Loon,10,1,Oct_W1,0.2326284,331.0
Common Loon,10,2,Oct_W2,0.1924686,478.0
Common Loon,10,3,Oct_W3,0.3014184,282.0
Common Loon,10,4,Oct_W4,0.2428198,383.0
Common Loon,11,1,Nov_W1,0.2282609,184.0
Common Loon,11,2,Nov_W2,0.1691176,136.0
Common Loon,11,3,Nov_W3,0.1011236,89.0
Common Loon,11,4,Nov_W4,0.0285714,105.0
Common Loon,12,1,Dec_W1,0.0,60.0
Common Loon,12,2,Dec_W2,0.0,36.0
Common Loon,12,3,Dec_W3,0.0,166.0
Common Loon,12,4,Dec_W4,0.0,100.0
Magnificent Frigatebird,1,1,Jan_W1,0.0,112.0
Magnificent Frigatebird,1,2,Jan_W2,0.0,94.0
Magnificent Frigatebird,1,3,Jan_W3,0.0,145.0
Magnificent Frigatebird,1,4,Jan_W4,0.0,125.0
Magnificent Frigatebird,2,1,Feb_W1,0.0,115.0
Magnificent Frigatebird,2,2,Feb_W2,0.0,192.0
Magnificent Frigatebird,2,3,Feb_W3,0.0,197.0
Magnificent Frigatebird,2,4,Feb_W4,0.0,63.0
Magnificent Frigatebird,3,1,Mar_W1,0.0,58.0
Magnificent Frigatebird,3,2,Mar_W2,0.0,55.0
Magnificent Frigatebird,3,3,Mar_W3,0.0,78.0
Magnificent Frigatebird,3,4,Mar_W4,0.0,163.0
Magnificent Frigatebird,4,1,Apr_W1,0.0,145.0
Magnificent Frigatebird,4,2,Apr_W2,0.0,154.0
Magnificent Frigatebird,4,3,Apr_W3,0.0,157.0
Magnificent Frigatebird,4,4,Apr_W4,0.0,330.0
Magnificent Frigatebird,5,1,May_W1,0.0,272.0
Magnificent Frigatebird,5,2,May_W2,0.0,381.0
Magnificent Frigatebird,5,3,May_W3,0.0,561.0
Magnificent Frigatebird,5,4,May_W4,0.0,986.0
Magnificent Frigatebird,6,1,Jun_W1,0.0,668.0
Magnificent Frigatebird,6,2,Jun_W2,0.0,509.0
Magnificent Frigatebird,6,3,Jun_W3,0.0,379.0
Magnificent Frigatebird,6,4,Jun_W4,0.0,598.0
Magnificent Frigatebird,7,1,Jul_W1,0.0,361.0
Magnificent Frigatebird,7,2,Jul_W2,0.0,409.0
Magnificent Frigatebird,7,3,Jul_W3,0.0,358.0
Magnificent Frigatebird,7,4,Jul_W4,0.0,419.0
Magnificent Frigatebird,8,1,Aug_W1,0.0,260.0
Magnificent Frigatebird,8,2,Aug_W2,0.0,303.0
Magnificent Frigatebird,8,3,Aug_W3,0.0,290.0
Magnificent Frigatebird,8,4,Aug_W4,0.0,555.0
Magnificent Frigatebird,9,1,Sep_W1,0.0,305.0
Magnificent Frigatebird,9,2,Sep_W2,0.0,339.0
Magnificent Frigatebird,9,3,Sep_W3,0.0,290.0
Magnificent Frigatebird,9,4,Sep_W4,0.0023474,426.0
Magnificent Frigatebird,10,1,Oct_W1,0.0,331.0
Magnificent Frigatebird,10,2,Oct_W2,0.0,478.0
Magnificent Frigatebird,10,3,Oct_W3,0.0,282.0
Magnificent Frigatebird,10,4,Oct_W4,0.0,383.0
Magnificent Frigatebird,11,1,Nov_W1,0.0,184.0
Magnificent Frigatebird,11,2,Nov_W2,0.0,136.0
Magnificent Frigatebird,11,3,Nov_W3,0.0,89.0
Magnificent Frigatebird,11,4,Nov_W4,0.0,105.0
Magnificent Frigatebird,12,1,Dec_W1,0.0,60.0
Magnificent Frigatebird,12,2,Dec_W2,0.0,36.0
Magnificent Frigatebird,12,3,Dec_W3,0.0,166.0
Magnificent Frigatebird,12,4,Dec_W4,0.0,100.0
Double-crested Cormorant,1,1,Jan_W1,0.0,112.0
Double-crested Cormorant,1,2,Jan_W2,0.0,94.0
Double-crested Cormorant,1,3,Jan_W3,0.0,145.0
Double-crested Cormorant,1,4,Jan_W4,0.0,125.0
Double-crested Cormorant,2,1,Feb_W1,0.0,115.0
Double-crested Cormorant,2,2,Feb_W2,0.0,192.0
Double-crested Cormorant,2,3,Feb_W3,0.0,197.0
Double-crested Cormorant,2,4,Feb_W4,0.0,63.0
Double-crested Cormorant,3,1,Mar_W1,0.0,58.0
Double-crested Cormorant,3,2,Mar_W2,0.0,55.0
Double-crested Cormorant,3,3,Mar_W3,0.0,78.0
Double-crested Cormorant,3,4,Mar_W4,0.0184049,163.0
Double-crested Cormorant,4,1,Apr_W1,0.1310345,145.0
Double-crested Cormorant,4,2,Apr_W2,0.2532468,154.0
Double-crested Cormorant,4,3,Apr_W3,0.3057325,157.0
Double-crested Cormorant,4,4,Apr_W4,0.4151515,330.0
Double-crested Cormorant,5,1,May_W1,0.4191176,272.0
Double-crested Cormorant,5,2,May_W2,0.3595801,381.0
Double-crested Cormorant,5,3,May_W3,0.3707665,561.0
Double-crested Cormorant,5,4,May_W4,0.3093306,986.0
Double-crested Cormorant,6,1,Jun_W1,0.3023952,668.0
Double-crested Cormorant,6,2,Jun_W2,0.345776,509.0
Double-crested Cormorant,6,3,Jun_W3,0.3509235,379.0
Double-crested Cormorant,6,4,Jun_W4,0.2625418,598.0
Double-crested Cormorant,7,1,Jul_W1,0.2797784,361.0
Double-crested Cormorant,7,2,Jul_W2,0.3300733,409.0
Double-crested Cormorant,7,3,Jul_W3,0.3910615,358.0
Double-crested Cormorant,7,4,Jul_W4,0.3747017,419.0
Double-crested Cormorant,8,1,Aug_W1,0.4730769,260.0
Double-crested Cormorant,8,2,Aug_W2,0.4092409,303.0
Double-crested Cormorant,8,3,Aug_W3,0.4241379,290.0
Double-crested Cormorant,8,4,Aug_W4,0.5621622,555.0
Double-crested Cormorant,9,1,Sep_W1,0.5344262,305.0
Double-crested Cormorant,9,2,Sep_W2,0.5988201,339.0
Double-crested Cormorant,9,3,Sep_W3,0.6068966,290.0
Double-crested Cormorant,9,4,Sep_W4,0.4882629,426.0
Double-crested Cormorant,10,1,Oct_W1,0.4380665,331.0
Double-crested Cormorant,10,2,Oct_W2,0.3786611,478.0
Double-crested Cormorant,10,3,Oct_W3,0.2801418,282.0
Double-crested Cormorant,10,4,Oct_W4,0.1984334,383.0
Double-crested Cormorant,11,1,Nov_W1,0.0652174,184.0
Double-crested Cormorant,11,2,Nov_W2,0.0147059,136.0
Double-crested Cormorant,11,3,Nov_W3,0.0224719,89.0
Double-crested Cormorant,11,4,Nov_W4,0.0,105.0
Double-crested Cormorant,12,1,Dec_W1,0.0166667,60.0
Double-crested Cormorant,12,2,Dec_W2,0.0,36.0
Double-crested Cormorant,12,3,Dec_W3,0.0,166.0
Double-crested Cormorant,12,4,Dec_W4,0.0,100.0
American Bittern,1,1,Jan_W1,0.0,112.0
American Bittern,1,2,Jan_W2,0.0,94.0
American Bittern,1,3,Jan_W3,0.0,145.0
American Bittern,1,4,Jan_W4,0.0,125.0
American Bittern,2,1,Feb_W1,0.0,115.0
American Bittern,2,2,Feb_W2,0.0,192.0
American Bittern,2,3,Feb_W3,0.0,197.0
American Bittern,2,4,Feb_W4,0.0,63.0
American Bittern,3,1,Mar_W1,0.0,58.0
American Bittern,3,2,Mar_W2,0.0,55.0
American Bittern,3,3,Mar_W3,0.0,78.0
American Bittern,3,4,Mar_W4,0.0,163.0
American Bittern,4,1,Apr_W1,0.0,145.0
American Bittern,4,2,Apr_W2,0.0,154.0
American Bittern,4,3,Apr_W3,0.0063694,157.0
American Bittern,4,4,Apr_W4,0.0060606,330.0
American Bittern,5,1,May_W1,0.0183824,272.0
American Bittern,5,2,May_W2,0.0183727,381.0
American Bittern,5,3,May_W3,0.026738,561.0
American Bittern,5,4,May_W4,0.0182556,986.0
American Bittern,6,1,Jun_W1,0.0344311,668.0
American Bittern,6,2,Jun_W2,0.0235756,509.0
American Bittern,6,3,Jun_W3,0.0184697,379.0
American Bittern,6,4,Jun_W4,0.0133779,598.0
American Bittern,7,1,Jul_W1,0.0015,361.0
American Bittern,7,2,Jul_W2,0.00978,409.0
American Bittern,7,3,Jul_W3,0.0027933,358.0
American Bittern,7,4,Jul_W4,0.0119332,419.0
American Bittern,8,1,Aug_W1,0.0153846,260.0
American Bittern,8,2,Aug_W2,0.009901,303.0
American Bittern,8,3,Aug_W3,0.0103448,290.0
American Bittern,8,4,Aug_W4,0.0072072,555.0
American Bittern,9,1,Sep_W1,0.0,305.0
American Bittern,9,2,Sep_W2,0.0029499,339.0
American Bittern,9,3,Sep_W3,0.0206897,290.0
American Bittern,9,4,Sep_W4,0.0,426.0
American Bittern,10,1,Oct_W1,0.0,331.0
American Bittern,10,2,Oct_W2,0.0,478.0
American Bittern,10,3,Oct_W3,0.0,282.0
American Bittern,10,4,Oct_W4,0.0,383.0
American Bittern,11,1,Nov_W1,0.0,184.0
American Bittern,11,2,Nov_W2,0.0,136.0
American Bittern,11,3,Nov_W3,0.0,89.0
American Bittern,11,4,Nov_W4,0.0,105.0
American Bittern,12,1,Dec_W1,0.0,60.0
American Bittern,12,2,Dec_W2,0.0,36.0
American Bittern,12,3,Dec_W3,0.0,166.0
American Bittern,12,4,Dec_W4,0.0,100.0
Least Bittern,1,1,Jan_W1,0.0,112.0
Least Bittern,1,2,Jan_W2,0.0,94.0
Least Bittern,1,3,Jan_W3,0.0,145.0
Least Bittern,1,4,Jan_W4,0.0,125.0
Least Bittern,2,1,Feb_W1,0.0,115.0
Least Bittern,2,2,Feb_W2,0.0,192.0
Least Bittern,2,3,Feb_W3,0.0,197.0
Least Bittern,2,4,Feb_W4,0.0,63.0
Least Bittern,3,1,Mar_W1,0.0,58.0
Least Bittern,3,2,Mar_W2,0.0,55.0
Least Bittern,3,3,Mar_W3,0.0,78.0
Least Bittern,3,4,Mar_W4,0.0,163.0
Least Bittern,4,1,Apr_W1,0.0,145.0
Least Bittern,4,2,Apr_W2,0.0,154.0
Least Bittern,4,3,Apr_W3,0.0,157.0
Least Bittern,4,4,Apr_W4,0.0,330.0
Least Bittern,5,1,May_W1,0.0,272.0
Least Bittern,5,2,May_W2,0.0,381.0
Least Bittern,5,3,May_W3,0.0017825,561.0
Least Bittern,5,4,May_W4,0.0010142,986.0
Least Bittern,6,1,Jun_W1,0.004491,668.0
Least Bittern,6,2,Jun_W2,0.0,509.0
Least Bittern,6,3,Jun_W3,0.0026385,379.0
Least Bittern,6,4,Jun_W4,0.0,598.0
Least Bittern,7,1,Jul_W1,0.0027701,361.0
Least Bittern,7,2,Jul_W2,0.002445,409.0
Least Bittern,7,3,Jul_W3,0.0,358.0
Least Bittern,7,4,Jul_W4,0.0,419.0
Least Bittern,8,1,Aug_W1,0.0,260.0
Least Bittern,8,2,Aug_W2,0.0,303.0
Least Bittern,8,3,Aug_W3,0.0015,290.0
Least Bittern,8,4,Aug_W4,0.0018018,555.0
Least Bittern,9,1,Sep_W1,0.0032787,305.0
Least Bittern,9,2,Sep_W2,0.0058997,339.0
Least Bittern,9,3,Sep_W3,0.0172414,290.0
Least Bittern,9,4,Sep_W4,0.0,426.0
Least Bittern,10,1,Oct_W1,0.0,331.0
Least Bittern,10,2,Oct_W2,0.0,478.0
Least Bittern,10,3,Oct_W3,0.0,282.0
Least Bittern,10,4,Oct_W4,0.0,383.0
Least Bittern,11,1,Nov_W1,0.0,184.0
Least Bittern,11,2,Nov_W2,0.0,136.0
Least Bittern,11,3,Nov_W3,0.0,89.0
Least Bittern,11,4,Nov_W4,0.0,105.0
Least Bittern,12,1,Dec_W1,0.0,60.0
Least Bittern,12,2,Dec_W2,0.0,36.0
Least Bittern,12,3,Dec_W3,0.0,166.0
Least Bittern,12,4,Dec_W4,0.0,100.0
Black-crowned Night Heron,1,1,Jan_W1,0.0,112.0
Black-crowned Night Heron,1,2,Jan_W2,0.0,94.0
Black-crowned Night Heron,1,3,Jan_W3,0.0,145.0
Black-crowned Night Heron,1,4,Jan_W4,0.0,125.0
Black-crowned Night Heron,2,1,Feb_W1,0.0,115.0
Black-crowned Night Heron,2,2,Feb_W2,0.0,192.0
Black-crowned Night Heron,2,3,Feb_W3,0.0,197.0
Black-crowned Night Heron,2,4,Feb_W4,0.0,63.0
Black-crowned Night Heron,3,1,Mar_W1,0.0,58.0
Black-crowned Night Heron,3,2,Mar_W2,0.0,55.0
Black-crowned Night Heron,3,3,Mar_W3,0.0,78.0
Black-crowned Night Heron,3,4,Mar_W4,0.0,163.0
Black-crowned Night Heron,4,1,Apr_W1,0.0,145.0
Black-crowned Night Heron,4,2,Apr_W2,0.0,154.0
Black-crowned Night Heron,4,3,Apr_W3,0.0,157.0
Black-crowned Night Heron,4,4,Apr_W4,0.0121212,330.0
Black-crowned Night Heron,5,1,May_W1,0.0,272.0
Black-crowned Night Heron,5,2,May_W2,0.007874,381.0
Black-crowned Night Heron,5,3,May_W3,0.0213904,561.0
Black-crowned Night Heron,5,4,May_W4,0.0121704,986.0
Black-crowned Night Heron,6,1,Jun_W1,0.0149701,668.0
Black-crowned Night Heron,6,2,Jun_W2,0.0314342,509.0
Black-crowned Night Heron,6,3,Jun_W3,0.0211082,379.0
Black-crowned Night Heron,6,4,Jun_W4,0.0100334,598.0
Black-crowned Night Heron,7,1,Jul_W1,0.0110803,361.0
Black-crowned Night Heron,7,2,Jul_W2,0.007335,409.0
Black-crowned Night Heron,7,3,Jul_W3,0.0055866,358.0
Black-crowned Night Heron,7,4,Jul_W4,0.0095465,419.0
Black-crowned Night Heron,8,1,Aug_W1,0.0015,260.0
Black-crowned Night Heron,8,2,Aug_W2,0.0033003,303.0
Black-crowned Night Heron,8,3,Aug_W3,0.0034483,290.0
Black-crowned Night Heron,8,4,Aug_W4,0.0072072,555.0
Black-crowned Night Heron,9,1,Sep_W1,0.0098361,305.0
Black-crowned Night Heron,9,2,Sep_W2,0.0,339.0
Black-crowned Night Heron,9,3,Sep_W3,0.0034483,290.0
Black-crowned Night Heron,9,4,Sep_W4,0.0,426.0
Black-crowned Night Heron,10,1,Oct_W1,0.0,331.0
Black-crowned Night Heron,10,2,Oct_W2,0.0,478.0
Black-crowned Night Heron,10,3,Oct_W3,0.0,282.0
Black-crowned Night Heron,10,4,Oct_W4,0.0,383.0
Black-crowned Night Heron,11,1,Nov_W1,0.0,184.0
Black-crowned Night Heron,11,2,Nov_W2,0.0,136.0
Black-crowned Night Heron,11,3,Nov_W3,0.0,89.0
Black-crowned Night Heron,11,4,Nov_W4,0.0,105.0
Black-crowned Night Heron,12,1,Dec_W1,0.0,60.0
Black-crowned Night Heron,12,2,Dec_W2,0.0,36.0
Black-crowned Night Heron,12,3,Dec_W3,0.0,166.0
Black-crowned Night Heron,12,4,Dec_W4,0.0,100.0
Snowy Egret,1,1,Jan_W1,0.0,112.0
Snowy Egret,1,2,Jan_W2,0.0,94.0
Snowy Egret,1,3,Jan_W3,0.0,145.0
Snowy Egret,1,4,Jan_W4,0.0,125.0
Snowy Egret,2,1,Feb_W1,0.0,115.0
Snowy Egret,2,2,Feb_W2,0.0,192.0
Snowy Egret,2,3,Feb_W3,0.0,197.0
Snowy Egret,2,4,Feb_W4,0.0,63.0
Snowy Egret,3,1,Mar_W1,0.0,58.0
Snowy Egret,3,2,Mar_W2,0.0,55.0
Snowy Egret,3,3,Mar_W3,0.0,78.0
Snowy Egret,3,4,Mar_W4,0.0,163.0
Snowy Egret,4,1,Apr_W1,0.0,145.0
Snowy Egret,4,2,Apr_W2,0.0,154.0
Snowy Egret,4,3,Apr_W3,0.0,157.0
Snowy Egret,4,4,Apr_W4,0.0015,330.0
Snowy Egret,5,1,May_W1,0.0,272.0
Snowy Egret,5,2,May_W2,0.0,381.0
Snowy Egret,5,3,May_W3,0.0,561.0
Snowy Egret,5,4,May_W4,0.0060852,986.0
Snowy Egret,6,1,Jun_W1,0.0,668.0
Snowy Egret,6,2,Jun_W2,0.0,509.0
Snowy Egret,6,3,Jun_W3,0.0,379.0
Snowy Egret,6,4,Jun_W4,0.0,598.0
Snowy Egret,7,1,Jul_W1,0.0,361.0
Snowy Egret,7,2,Jul_W2,0.0,409.0
Snowy Egret,7,3,Jul_W3,0.0,358.0
Snowy Egret,7,4,Jul_W4,0.0,419.0
Snowy Egret,8,1,Aug_W1,0.0,260.0
Snowy Egret,8,2,Aug_W2,0.0,303.0
Snowy Egret,8,3,Aug_W3,0.0,290.0
Snowy Egret,8,4,Aug_W4,0.0,555.0
Snowy Egret,9,1,Sep_W1,0.0,305.0
Snowy Egret,9,2,Sep_W2,0.0,339.0
Snowy Egret,9,3,Sep_W3,0.0,290.0
Snowy Egret,9,4,Sep_W4,0.0,426.0
Snowy Egret,10,1,Oct_W1,0.0,331.0
Snowy Egret,10,2,Oct_W2,0.0,478.0
Snowy Egret,10,3,Oct_W3,0.0,282.0
Snowy Egret,10,4,Oct_W4,0.0,383.0
Snowy Egret,11,1,Nov_W1,0.0,184.0
Snowy Egret,11,2,Nov_W2,0.0,136.0
Snowy Egret,11,3,Nov_W3,0.0,89.0
Snowy Egret,11,4,Nov_W4,0.0,105.0
Snowy Egret,12,1,Dec_W1,0.0,60.0
Snowy Egret,12,2,Dec_W2,0.0,36.0
Snowy Egret,12,3,Dec_W3,0.0,166.0
Snowy Egret,12,4,Dec_W4,0.0,100.0
Green Heron,1,1,Jan_W1,0.0,112.0
Green Heron,1,2,Jan_W2,0.0,94.0
Green Heron,1,3,Jan_W3,0.0,145.0
Green Heron,1,4,Jan_W4,0.0,125.0
Green Heron,2,1,Feb_W1,0.0,115.0
Green Heron,2,2,Feb_W2,0.0,192.0
Green Heron,2,3,Feb_W3,0.0,197.0
Green Heron,2,4,Feb_W4,0.0,63.0
Green Heron,3,1,Mar_W1,0.0,58.0
Green Heron,3,2,Mar_W2,0.0,55.0
Green Heron,3,3,Mar_W3,0.0,78.0
Green Heron,3,4,Mar_W4,0.0,163.0
Green Heron,4,1,Apr_W1,0.0,145.0
Green Heron,4,2,Apr_W2,0.0,154.0
Green Heron,4,3,Apr_W3,0.0,157.0
Green Heron,4,4,Apr_W4,0.0015,330.0
Green Heron,5,1,May_W1,0.0,272.0
Green Heron,5,2,May_W2,0.0026247,381.0
Green Heron,5,3,May_W3,0.0142602,561.0
Green Heron,5,4,May_W4,0.0131846,986.0
Green Heron,6,1,Jun_W1,0.002994,668.0
Green Heron,6,2,Jun_W2,0.0098232,509.0
Green Heron,6,3,Jun_W3,0.0131926,379.0
Green Heron,6,4,Jun_W4,0.006689,598.0
Green Heron,7,1,Jul_W1,0.0083102,361.0
Green Heron,7,2,Jul_W2,0.0146699,409.0
Green Heron,7,3,Jul_W3,0.0083799,358.0
Green Heron,7,4,Jul_W4,0.0095465,419.0
Green Heron,8,1,Aug_W1,0.0076923,260.0
Green Heron,8,2,Aug_W2,0.0264026,303.0
Green Heron,8,3,Aug_W3,0.0241379,290.0
Green Heron,8,4,Aug_W4,0.0252252,555.0
Green Heron,9,1,Sep_W1,0.0196721,305.0
Green Heron,9,2,Sep_W2,0.0,339.0
Green Heron,9,3,Sep_W3,0.0172414,290.0
Green Heron,9,4,Sep_W4,0.0023474,426.0
Green Heron,10,1,Oct_W1,0.0,331.0
Green Heron,10,2,Oct_W2,0.0,478.0
Green Heron,10,3,Oct_W3,0.0,282.0
Green Heron,10,4,Oct_W4,0.0,383.0
Green Heron,11,1,Nov_W1,0.0,184.0
Green Heron,11,2,Nov_W2,0.0,136.0
Green Heron,11,3,Nov_W3,0.0,89.0
Green Heron,11,4,Nov_W4,0.0,105.0
Green Heron,12,1,Dec_W1,0.0,60.0
Green Heron,12,2,Dec_W2,0.0,36.0
Green Heron,12,3,Dec_W3,0.0,166.0
Green Heron,12,4,Dec_W4,0.0,100.0
Great Egret,1,1,Jan_W1,0.0,112.0
Great Egret,1,2,Jan_W2,0.0,94.0
Great Egret,1,3,Jan_W3,0.0,145.0
Great Egret,1,4,Jan_W4,0.0,125.0
Great Egret,2,1,Feb_W1,0.0,115.0
Great Egret,2,2,Feb_W2,0.0,192.0
Great Egret,2,3,Feb_W3,0.0,197.0
Great Egret,2,4,Feb_W4,0.0,63.0
Great Egret,3,1,Mar_W1,0.0,58.0
Great Egret,3,2,Mar_W2,0.0,55.0
Great Egret,3,3,Mar_W3,0.0,78.0
Great Egret,3,4,Mar_W4,0.0,163.0
Great Egret,4,1,Apr_W1,0.0,145.0
Great Egret,4,2,Apr_W2,0.0194805,154.0
Great Egret,4,3,Apr_W3,0.0318471,157.0
Great Egret,4,4,Apr_W4,0.0666667,330.0
Great Egret,5,1,May_W1,0.0625,272.0
Great Egret,5,2,May_W2,0.0524934,381.0
Great Egret,5,3,May_W3,0.0713012,561.0
Great Egret,5,4,May_W4,0.0841785,986.0
Great Egret,6,1,Jun_W1,0.0553892,668.0
Great Egret,6,2,Jun_W2,0.0373281,509.0
Great Egret,6,3,Jun_W3,0.0659631,379.0
Great Egret,6,4,Jun_W4,0.0367893,598.0
Great Egret,7,1,Jul_W1,0.0498615,361.0
Great Egret,7,2,Jul_W2,0.0488998,409.0
Great Egret,7,3,Jul_W3,0.0335196,358.0
Great Egret,7,4,Jul_W4,0.052506,419.0
Great Egret,8,1,Aug_W1,0.0423077,260.0
Great Egret,8,2,Aug_W2,0.0363036,303.0
Great Egret,8,3,Aug_W3,0.0931034,290.0
Great Egret,8,4,Aug_W4,0.0558559,555.0
Great Egret,9,1,Sep_W1,0.0295082,305.0
Great Egret,9,2,Sep_W2,0.020649,339.0
Great Egret,9,3,Sep_W3,0.0206897,290.0
Great Egret,9,4,Sep_W4,0.0046948,426.0
Great Egret,10,1,Oct_W1,0.0060423,331.0
Great Egret,10,2,Oct_W2,0.0015,478.0
Great Egret,10,3,Oct_W3,0.0015,282.0
Great Egret,10,4,Oct_W4,0.0,383.0
Great Egret,11,1,Nov_W1,0.0,184.0
Great Egret,11,2,Nov_W2,0.0,136.0
Great Egret,11,3,Nov_W3,0.0,89.0
Great Egret,11,4,Nov_W4,0.0190476,105.0
Great Egret,12,1,Dec_W1,0.0,60.0
Great Egret,12,2,Dec_W2,0.0,36.0
Great Egret,12,3,Dec_W3,0.0,166.0
Great Egret,12,4,Dec_W4,0.0,100.0
Great Blue Heron,1,1,Jan_W1,0.0,112.0
Great Blue Heron,1,2,Jan_W2,0.0,94.0
Great Blue Heron,1,3,Jan_W3,0.0,145.0
Great Blue Heron,1,4,Jan_W4,0.0,125.0
Great Blue Heron,2,1,Feb_W1,0.0,115.0
Great Blue Heron,2,2,Feb_W2,0.0,192.0
Great Blue Heron,2,3,Feb_W3,0.0,197.0
Great Blue Heron,2,4,Feb_W4,0.0,63.0
Great Blue Heron,3,1,Mar_W1,0.0,58.0
Great Blue Heron,3,2,Mar_W2,0.0,55.0
Great Blue Heron,3,3,Mar_W3,0.0,78.0
Great Blue Heron,3,4,Mar_W4,0.006135,163.0
Great Blue Heron,4,1,Apr_W1,0.0344828,145.0
Great Blue Heron,4,2,Apr_W2,0.0974026,154.0
Great Blue Heron,4,3,Apr_W3,0.1082803,157.0
Great Blue Heron,4,4,Apr_W4,0.1121212,330.0
Great Blue Heron,5,1,May_W1,0.0698529,272.0
Great Blue Heron,5,2,May_W2,0.1049869,381.0
Great Blue Heron,5,3,May_W3,0.0695187,561.0
Great Blue Heron,5,4,May_W4,0.1156187,986.0
Great Blue Heron,6,1,Jun_W1,0.1182635,668.0
Great Blue Heron,6,2,Jun_W2,0.086444,509.0
Great Blue Heron,6,3,Jun_W3,0.0923483,379.0
Great Blue Heron,6,4,Jun_W4,0.0802676,598.0
Great Blue Heron,7,1,Jul_W1,0.0692521,361.0
Great Blue Heron,7,2,Jul_W2,0.0977995,409.0
Great Blue Heron,7,3,Jul_W3,0.1256983,358.0
Great Blue Heron,7,4,Jul_W4,0.1145585,419.0
Great Blue Heron,8,1,Aug_W1,0.1038462,260.0
Great Blue Heron,8,2,Aug_W2,0.1122112,303.0
Great Blue Heron,8,3,Aug_W3,0.1172414,290.0
Great Blue Heron,8,4,Aug_W4,0.1495495,555.0
Great Blue Heron,9,1,Sep_W1,0.1147541,305.0
Great Blue Heron,9,2,Sep_W2,0.0973451,339.0
Great Blue Heron,9,3,Sep_W3,0.1,290.0
Great Blue Heron,9,4,Sep_W4,0.0680751,426.0
Great Blue Heron,10,1,Oct_W1,0.060423,331.0
Great Blue Heron,10,2,Oct_W2,0.0209205,478.0
Great Blue Heron,10,3,Oct_W3,0.0319149,282.0
Great Blue Heron,10,4,Oct_W4,0.0339426,383.0
Great Blue Heron,11,1,Nov_W1,0.0163043,184.0
Great Blue Heron,11,2,Nov_W2,0.0073529,136.0
Great Blue Heron,11,3,Nov_W3,0.011236,89.0
Great Blue Heron,11,4,Nov_W4,0.0015,105.0
Great Blue Heron,12,1,Dec_W1,0.0015,60.0
Great Blue Heron,12,2,Dec_W2,0.0277778,36.0
Great Blue Heron,12,3,Dec_W3,0.0,166.0
Great Blue Heron,12,4,Dec_W4,0.0,100.0
American White Pelican,1,1,Jan_W1,0.0,112.0
American White Pelican,1,2,Jan_W2,0.0,94.0
American White Pelican,1,3,Jan_W3,0.0,145.0
American White Pelican,1,4,Jan_W4,0.0,125.0
American White Pelican,2,1,Feb_W1,0.0,115.0
American White Pelican,2,2,Feb_W2,0.0,192.0
American White Pelican,2,3,Feb_W3,0.0,197.0
American White Pelican,2,4,Feb_W4,0.0,63.0
American White Pelican,3,1,Mar_W1,0.0,58.0
American White Pelican,3,2,Mar_W2,0.0,55.0
American White Pelican,3,3,Mar_W3,0.0,78.0
American White Pelican,3,4,Mar_W4,0.0,163.0
American White Pelican,4,1,Apr_W1,0.0,145.0
American White Pelican,4,2,Apr_W2,0.0,154.0
American White Pelican,4,3,Apr_W3,0.0,157.0
American White Pelican,4,4,Apr_W4,0.0090909,330.0
American White Pelican,5,1,May_W1,0.0073529,272.0
American White Pelican,5,2,May_W2,0.0104987,381.0
American White Pelican,5,3,May_W3,0.0196078,561.0
American White Pelican,5,4,May_W4,0.0243408,986.0
American White Pelican,6,1,Jun_W1,0.008982,668.0
American White Pelican,6,2,Jun_W2,0.0078585,509.0
American White Pelican,6,3,Jun_W3,0.0105541,379.0
American White Pelican,6,4,Jun_W4,0.0050167,598.0
American White Pelican,7,1,Jul_W1,0.0027701,361.0
American White Pelican,7,2,Jul_W2,0.00489,409.0
American White Pelican,7,3,Jul_W3,0.0055866,358.0
American White Pelican,7,4,Jul_W4,0.0047733,419.0
American White Pelican,8,1,Aug_W1,0.0,260.0
American White Pelican,8,2,Aug_W2,0.0,303.0
American White Pelican,8,3,Aug_W3,0.0172414,290.0
American White Pelican,8,4,Aug_W4,0.0072072,555.0
American White Pelican,9,1,Sep_W1,0.0032787,305.0
American White Pelican,9,2,Sep_W2,0.0,339.0
American White Pelican,9,3,Sep_W3,0.0,290.0
American White Pelican,9,4,Sep_W4,0.0015,426.0
American White Pelican,10,1,Oct_W1,0.0,331.0
American White Pelican,10,2,Oct_W2,0.0,478.0
American White Pelican,10,3,Oct_W3,0.0,282.0
American White Pelican,10,4,Oct_W4,0.002611,383.0
American White Pelican,11,1,Nov_W1,0.0,184.0
American White Pelican,11,2,Nov_W2,0.0,136.0
American White Pelican,11,3,Nov_W3,0.0,89.0
American White Pelican,11,4,Nov_W4,0.0,105.0
American White Pelican,12,1,Dec_W1,0.0,60.0
American White Pelican,12,2,Dec_W2,0.0,36.0
American White Pelican,12,3,Dec_W3,0.0,166.0
American White Pelican,12,4,Dec_W4,0.0,100.0
Black Vulture,1,1,Jan_W1,0.0,112.0
Black Vulture,1,2,Jan_W2,0.0,94.0
Black Vulture,1,3,Jan_W3,0.0,145.0
Black Vulture,1,4,Jan_W4,0.0,125.0
Black Vulture,2,1,Feb_W1,0.0,115.0
Black Vulture,2,2,Feb_W2,0.0,192.0
Black Vulture,2,3,Feb_W3,0.0,197.0
Black Vulture,2,4,Feb_W4,0.0,63.0
Black Vulture,3,1,Mar_W1,0.0,58.0
Black Vulture,3,2,Mar_W2,0.0,55.0
Black Vulture,3,3,Mar_W3,0.0,78.0
Black Vulture,3,4,Mar_W4,0.0,163.0
Black Vulture,4,1,Apr_W1,0.0068966,145.0
Black Vulture,4,2,Apr_W2,0.0,154.0
Black Vulture,4,3,Apr_W3,0.0,157.0
Black Vulture,4,4,Apr_W4,0.0,330.0
Black Vulture,5,1,May_W1,0.0,272.0
Black Vulture,5,2,May_W2,0.0,381.0
Black Vulture,5,3,May_W3,0.0,561.0
Black Vulture,5,4,May_W4,0.0,986.0
Black Vulture,6,1,Jun_W1,0.0,668.0
Black Vulture,6,2,Jun_W2,0.0,509.0
Black Vulture,6,3,Jun_W3,0.0,379.0
Black Vulture,6,4,Jun_W4,0.0,598.0
Black Vulture,7,1,Jul_W1,0.0,361.0
Black Vulture,7,2,Jul_W2,0.0,409.0
Black Vulture,7,3,Jul_W3,0.0,358.0
Black Vulture,7,4,Jul_W4,0.0,419.0
Black Vulture,8,1,Aug_W1,0.0,260.0
Black Vulture,8,2,Aug_W2,0.0,303.0
Black Vulture,8,3,Aug_W3,0.0,290.0
Black Vulture,8,4,Aug_W4,0.0,555.0
Black Vulture,9,1,Sep_W1,0.0,305.0
Black Vulture,9,2,Sep_W2,0.0,339.0
Black Vulture,9,3,Sep_W3,0.0068966,290.0
Black Vulture,9,4,Sep_W4,0.0,426.0
Black Vulture,10,1,Oct_W1,0.0,331.0
Black Vulture,10,2,Oct_W2,0.0,478.0
Black Vulture,10,3,Oct_W3,0.0,282.0
Black Vulture,10,4,Oct_W4,0.0,383.0
Black Vulture,11,1,Nov_W1,0.0,184.0
Black Vulture,11,2,Nov_W2,0.0,136.0
Black Vulture,11,3,Nov_W3,0.0,89.0
Black Vulture,11,4,Nov_W4,0.0,105.0
Black Vulture,12,1,Dec_W1,0.0,60.0
Black Vulture,12,2,Dec_W2,0.0,36.0
Black Vulture,12,3,Dec_W3,0.0,166.0
Black Vulture,12,4,Dec_W4,0.0,100.0
Turkey Vulture,1,1,Jan_W1,0.0,112.0
Turkey Vulture,1,2,Jan_W2,0.0,94.0
Turkey Vulture,1,3,Jan_W3,0.0,145.0
Turkey Vulture,1,4,Jan_W4,0.0,125.0
Turkey Vulture,2,1,Feb_W1,0.0,115.0
Turkey Vulture,2,2,Feb_W2,0.0,192.0
Turkey Vulture,2,3,Feb_W3,0.0,197.0
Turkey Vulture,2,4,Feb_W4,0.015873,63.0
Turkey Vulture,3,1,Mar_W1,0.0,58.0
Turkey Vulture,3,2,Mar_W2,0.0181818,55.0
Turkey Vulture,3,3,Mar_W3,0.0128205,78.0
Turkey Vulture,3,4,Mar_W4,0.1533742,163.0
Turkey Vulture,4,1,Apr_W1,0.3172414,145.0
Turkey Vulture,4,2,Apr_W2,0.3246753,154.0
Turkey Vulture,4,3,Apr_W3,0.3312102,157.0
Turkey Vulture,4,4,Apr_W4,0.3333333,330.0
Turkey Vulture,5,1,May_W1,0.3014706,272.0
Turkey Vulture,5,2,May_W2,0.2677165,381.0
Turkey Vulture,5,3,May_W3,0.2709447,561.0
Turkey Vulture,5,4,May_W4,0.1947262,986.0
Turkey Vulture,6,1,Jun_W1,0.1706587,668.0
Turkey Vulture,6,2,Jun_W2,0.1552063,509.0
Turkey Vulture,6,3,Jun_W3,0.1292876,379.0
Turkey Vulture,6,4,Jun_W4,0.1270903,598.0
Turkey Vulture,7,1,Jul_W1,0.1163435,361.0
Turkey Vulture,7,2,Jul_W2,0.1173594,409.0
Turkey Vulture,7,3,Jul_W3,0.1117318,358.0
Turkey Vulture,7,4,Jul_W4,0.1312649,419.0
Turkey Vulture,8,1,Aug_W1,0.1615385,260.0
Turkey Vulture,8,2,Aug_W2,0.1023102,303.0
Turkey Vulture,8,3,Aug_W3,0.1551724,290.0
Turkey Vulture,8,4,Aug_W4,0.2756757,555.0
Turkey Vulture,9,1,Sep_W1,0.3213115,305.0
Turkey Vulture,9,2,Sep_W2,0.3097345,339.0
Turkey Vulture,9,3,Sep_W3,0.3862069,290.0
Turkey Vulture,9,4,Sep_W4,0.4178404,426.0
Turkey Vulture,10,1,Oct_W1,0.3595166,331.0
Turkey Vulture,10,2,Oct_W2,0.290795,478.0
Turkey Vulture,10,3,Oct_W3,0.3794326,282.0
Turkey Vulture,10,4,Oct_W4,0.2767624,383.0
Turkey Vulture,11,1,Nov_W1,0.2119565,184.0
Turkey Vulture,11,2,Nov_W2,0.0882353,136.0
Turkey Vulture,11,3,Nov_W3,0.0224719,89.0
Turkey Vulture,11,4,Nov_W4,0.0285714,105.0
Turkey Vulture,12,1,Dec_W1,0.0,60.0
Turkey Vulture,12,2,Dec_W2,0.0,36.0
Turkey Vulture,12,3,Dec_W3,0.0,166.0
Turkey Vulture,12,4,Dec_W4,0.0,100.0
Osprey,1,1,Jan_W1,0.0,112.0
Osprey,1,2,Jan_W2,0.0,94.0
Osprey,1,3,Jan_W3,0.0,145.0
Osprey,1,4,Jan_W4,0.0,125.0
Osprey,2,1,Feb_W1,0.0,115.0
Osprey,2,2,Feb_W2,0.0,192.0
Osprey,2,3,Feb_W3,0.0,197.0
Osprey,2,4,Feb_W4,0.0,63.0
Osprey,3,1,Mar_W1,0.0,58.0
Osprey,3,2,Mar_W2,0.0,55.0
Osprey,3,3,Mar_W3,0.0,78.0
Osprey,3,4,Mar_W4,0.0,163.0
Osprey,4,1,Apr_W1,0.0,145.0
Osprey,4,2,Apr_W2,0.025974,154.0
Osprey,4,3,Apr_W3,0.0764331,157.0
Osprey,4,4,Apr_W4,0.0818182,330.0
Osprey,5,1,May_W1,0.0955882,272.0
Osprey,5,2,May_W2,0.0656168,381.0
Osprey,5,3,May_W3,0.0374332,561.0
Osprey,5,4,May_W4,0.0466531,986.0
Osprey,6,1,Jun_W1,0.0344311,668.0
Osprey,6,2,Jun_W2,0.0491159,509.0
Osprey,6,3,Jun_W3,0.0316623,379.0
Osprey,6,4,Jun_W4,0.0434783,598.0
Osprey,7,1,Jul_W1,0.0526316,361.0
Osprey,7,2,Jul_W2,0.0831296,409.0
Osprey,7,3,Jul_W3,0.0558659,358.0
Osprey,7,4,Jul_W4,0.0644391,419.0
Osprey,8,1,Aug_W1,0.0846154,260.0
Osprey,8,2,Aug_W2,0.0726073,303.0
Osprey,8,3,Aug_W3,0.0965517,290.0
Osprey,8,4,Aug_W4,0.0972973,555.0
Osprey,9,1,Sep_W1,0.0754098,305.0
Osprey,9,2,Sep_W2,0.1061947,339.0
Osprey,9,3,Sep_W3,0.1206897,290.0
Osprey,9,4,Sep_W4,0.0985915,426.0
Osprey,10,1,Oct_W1,0.0271903,331.0
Osprey,10,2,Oct_W2,0.0041841,478.0
Osprey,10,3,Oct_W3,0.0035461,282.0
Osprey,10,4,Oct_W4,0.0,383.0
Osprey,11,1,Nov_W1,0.0,184.0
Osprey,11,2,Nov_W2,0.0,136.0
Osprey,11,3,Nov_W3,0.0,89.0
Osprey,11,4,Nov_W4,0.0,105.0
Osprey,12,1,Dec_W1,0.0,60.0
Osprey,12,2,Dec_W2,0.0,36.0
Osprey,12,3,Dec_W3,0.0,166.0
Osprey,12,4,Dec_W4,0.0,100.0
Swallow-tailed Kite,1,1,Jan_W1,0.0,112.0
Swallow-tailed Kite,1,2,Jan_W2,0.0,94.0
Swallow-tailed Kite,1,3,Jan_W3,0.0,145.0
Swallow-tailed Kite,1,4,Jan_W4,0.0,125.0
Swallow-tailed Kite,2,1,Feb_W1,0.0,115.0
Swallow-tailed Kite,2,2,Feb_W2,0.0,192.0
Swallow-tailed Kite,2,3,Feb_W3,0.0,197.0
Swallow-tailed Kite,2,4,Feb_W4,0.0,63.0
Swallow-tailed Kite,3,1,Mar_W1,0.0,58.0
Swallow-tailed Kite,3,2,Mar_W2,0.0,55.0
Swallow-tailed Kite,3,3,Mar_W3,0.0,78.0
Swallow-tailed Kite,3,4,Mar_W4,0.0,163.0
Swallow-tailed Kite,4,1,Apr_W1,0.0,145.0
Swallow-tailed Kite,4,2,Apr_W2,0.0,154.0
Swallow-tailed Kite,4,3,Apr_W3,0.0,157.0
Swallow-tailed Kite,4,4,Apr_W4,0.0,330.0
Swallow-tailed Kite,5,1,May_W1,0.0,272.0
Swallow-tailed Kite,5,2,May_W2,0.0,381.0
Swallow-tailed Kite,5,3,May_W3,0.0,561.0
Swallow-tailed Kite,5,4,May_W4,0.0,986.0
Swallow-tailed Kite,6,1,Jun_W1,0.0,668.0
Swallow-tailed Kite,6,2,Jun_W2,0.0,509.0
Swallow-tailed Kite,6,3,Jun_W3,0.0,379.0
Swallow-tailed Kite,6,4,Jun_W4,0.0,598.0
Swallow-tailed Kite,7,1,Jul_W1,0.0,361.0
Swallow-tailed Kite,7,2,Jul_W2,0.0,409.0
Swallow-tailed Kite,7,3,Jul_W3,0.0,358.0
Swallow-tailed Kite,7,4,Jul_W4,0.0,419.0
Swallow-tailed Kite,8,1,Aug_W1,0.0,260.0
Swallow-tailed Kite,8,2,Aug_W2,0.0,303.0
Swallow-tailed Kite,8,3,Aug_W3,0.0,290.0
Swallow-tailed Kite,8,4,Aug_W4,0.0,555.0
Swallow-tailed Kite,9,1,Sep_W1,0.0,305.0
Swallow-tailed Kite,9,2,Sep_W2,0.0,339.0
Swallow-tailed Kite,9,3,Sep_W3,0.0015,290.0
Swallow-tailed Kite,9,4,Sep_W4,0.0,426.0
Swallow-tailed Kite,10,1,Oct_W1,0.0,331.0
Swallow-tailed Kite,10,2,Oct_W2,0.0,478.0
Swallow-tailed Kite,10,3,Oct_W3,0.0,282.0
Swallow-tailed Kite,10,4,Oct_W4,0.0,383.0
Swallow-tailed Kite,11,1,Nov_W1,0.0,184.0
Swallow-tailed Kite,11,2,Nov_W2,0.0,136.0
Swallow-tailed Kite,11,3,Nov_W3,0.0,89.0
Swallow-tailed Kite,11,4,Nov_W4,0.0,105.0
Swallow-tailed Kite,12,1,Dec_W1,0.0,60.0
Swallow-tailed Kite,12,2,Dec_W2,0.0,36.0
Swallow-tailed Kite,12,3,Dec_W3,0.0,166.0
Swallow-tailed Kite,12,4,Dec_W4,0.0,100.0
Golden Eagle,1,1,Jan_W1,0.0,112.0
Golden Eagle,1,2,Jan_W2,0.0,94.0
Golden Eagle,1,3,Jan_W3,0.0,145.0
Golden Eagle,1,4,Jan_W4,0.0,125.0
Golden Eagle,2,1,Feb_W1,0.0086957,115.0
Golden Eagle,2,2,Feb_W2,0.0052083,192.0
Golden Eagle,2,3,Feb_W3,0.0,197.0
Golden Eagle,2,4,Feb_W4,0.0,63.0
Golden Eagle,3,1,Mar_W1,0.0172414,58.0
Golden Eagle,3,2,Mar_W2,0.0015,55.0
Golden Eagle,3,3,Mar_W3,0.0641026,78.0
Golden Eagle,3,4,Mar_W4,0.1042945,163.0
Golden Eagle,4,1,Apr_W1,0.0275862,145.0
Golden Eagle,4,2,Apr_W2,0.0194805,154.0
Golden Eagle,4,3,Apr_W3,0.0254777,157.0
Golden Eagle,4,4,Apr_W4,0.0212121,330.0
Golden Eagle,5,1,May_W1,0.0330882,272.0
Golden Eagle,5,2,May_W2,0.0104987,381.0
Golden Eagle,5,3,May_W3,0.0053476,561.0
Golden Eagle,5,4,May_W4,0.0020284,986.0
Golden Eagle,6,1,Jun_W1,0.0,668.0
Golden Eagle,6,2,Jun_W2,0.0,509.0
Golden Eagle,6,3,Jun_W3,0.0,379.0
Golden Eagle,6,4,Jun_W4,0.0,598.0
Golden Eagle,7,1,Jul_W1,0.0,361.0
Golden Eagle,7,2,Jul_W2,0.0,409.0
Golden Eagle,7,3,Jul_W3,0.0,358.0
Golden Eagle,7,4,Jul_W4,0.0,419.0
Golden Eagle,8,1,Aug_W1,0.0,260.0
Golden Eagle,8,2,Aug_W2,0.0,303.0
Golden Eagle,8,3,Aug_W3,0.0,290.0
Golden Eagle,8,4,Aug_W4,0.0,555.0
Golden Eagle,9,1,Sep_W1,0.0,305.0
Golden Eagle,9,2,Sep_W2,0.0,339.0
Golden Eagle,9,3,Sep_W3,0.0,290.0
Golden Eagle,9,4,Sep_W4,0.0117371,426.0
Golden Eagle,10,1,Oct_W1,0.0241692,331.0
Golden Eagle,10,2,Oct_W2,0.0292887,478.0
Golden Eagle,10,3,Oct_W3,0.0638298,282.0
Golden Eagle,10,4,Oct_W4,0.1305483,383.0
Golden Eagle,11,1,Nov_W1,0.2065217,184.0
Golden Eagle,11,2,Nov_W2,0.2794118,136.0
Golden Eagle,11,3,Nov_W3,0.1123596,89.0
Golden Eagle,11,4,Nov_W4,0.0666667,105.0
Golden Eagle,12,1,Dec_W1,0.0015,60.0
Golden Eagle,12,2,Dec_W2,0.0,36.0
Golden Eagle,12,3,Dec_W3,0.0120482,166.0
Golden Eagle,12,4,Dec_W4,0.0015,100.0
Sharp-shinned Hawk,1,1,Jan_W1,0.0,112.0
Sharp-shinned Hawk,1,2,Jan_W2,0.0,94.0
Sharp-shinned Hawk,1,3,Jan_W3,0.0,145.0
Sharp-shinned Hawk,1,4,Jan_W4,0.0,125.0
Sharp-shinned Hawk,2,1,Feb_W1,0.0015,115.0
Sharp-shinned Hawk,2,2,Feb_W2,0.0,192.0
Sharp-shinned Hawk,2,3,Feb_W3,0.0050761,197.0
Sharp-shinned Hawk,2,4,Feb_W4,0.0,63.0
Sharp-shinned Hawk,3,1,Mar_W1,0.0,58.0
Sharp-shinned Hawk,3,2,Mar_W2,0.0,55.0
Sharp-shinned Hawk,3,3,Mar_W3,0.0015,78.0
Sharp-shinned Hawk,3,4,Mar_W4,0.0490798,163.0
Sharp-shinned Hawk,4,1,Apr_W1,0.0896552,145.0
Sharp-shinned Hawk,4,2,Apr_W2,0.1363636,154.0
Sharp-shinned Hawk,4,3,Apr_W3,0.1656051,157.0
Sharp-shinned Hawk,4,4,Apr_W4,0.1545455,330.0
Sharp-shinned Hawk,5,1,May_W1,0.1948529,272.0
Sharp-shinned Hawk,5,2,May_W2,0.1023622,381.0
Sharp-shinned Hawk,5,3,May_W3,0.0588235,561.0
Sharp-shinned Hawk,5,4,May_W4,0.0162272,986.0
Sharp-shinned Hawk,6,1,Jun_W1,0.005988,668.0
Sharp-shinned Hawk,6,2,Jun_W2,0.0078585,509.0
Sharp-shinned Hawk,6,3,Jun_W3,0.0026385,379.0
Sharp-shinned Hawk,6,4,Jun_W4,0.0083612,598.0
Sharp-shinned Hawk,7,1,Jul_W1,0.0027701,361.0
Sharp-shinned Hawk,7,2,Jul_W2,0.0015,409.0
Sharp-shinned Hawk,7,3,Jul_W3,0.0111732,358.0
Sharp-shinned Hawk,7,4,Jul_W4,0.0095465,419.0
Sharp-shinned Hawk,8,1,Aug_W1,0.0076923,260.0
Sharp-shinned Hawk,8,2,Aug_W2,0.0033003,303.0
Sharp-shinned Hawk,8,3,Aug_W3,0.1,290.0
Sharp-shinned Hawk,8,4,Aug_W4,0.1693694,555.0
Sharp-shinned Hawk,9,1,Sep_W1,0.2393443,305.0
Sharp-shinned Hawk,9,2,Sep_W2,0.3333333,339.0
Sharp-shinned Hawk,9,3,Sep_W3,0.3862069,290.0
Sharp-shinned Hawk,9,4,Sep_W4,0.3661972,426.0
Sharp-shinned Hawk,10,1,Oct_W1,0.3021148,331.0
Sharp-shinned Hawk,10,2,Oct_W2,0.2259414,478.0
Sharp-shinned Hawk,10,3,Oct_W3,0.2446809,282.0
Sharp-shinned Hawk,10,4,Oct_W4,0.232376,383.0
Sharp-shinned Hawk,11,1,Nov_W1,0.201087,184.0
Sharp-shinned Hawk,11,2,Nov_W2,0.1176471,136.0
Sharp-shinned Hawk,11,3,Nov_W3,0.0224719,89.0
Sharp-shinned Hawk,11,4,Nov_W4,0.0015,105.0
Sharp-shinned Hawk,12,1,Dec_W1,0.0015,60.0
Sharp-shinned Hawk,12,2,Dec_W2,0.0,36.0
Sharp-shinned Hawk,12,3,Dec_W3,0.0060241,166.0
Sharp-shinned Hawk,12,4,Dec_W4,0.0,100.0
Cooper's Hawk,1,1,Jan_W1,0.0,112.0
Cooper's Hawk,1,2,Jan_W2,0.0106383,94.0
Cooper's Hawk,1,3,Jan_W3,0.0,145.0
Cooper's Hawk,1,4,Jan_W4,0.016,125.0
Cooper's Hawk,2,1,Feb_W1,0.0,115.0
Cooper's Hawk,2,2,Feb_W2,0.015625,192.0
Cooper's Hawk,2,3,Feb_W3,0.0050761,197.0
Cooper's Hawk,2,4,Feb_W4,0.0,63.0
Cooper's Hawk,3,1,Mar_W1,0.0172414,58.0
Cooper's Hawk,3,2,Mar_W2,0.0181818,55.0
Cooper's Hawk,3,3,Mar_W3,0.0,78.0
Cooper's Hawk,3,4,Mar_W4,0.0184049,163.0
Cooper's Hawk,4,1,Apr_W1,0.0068966,145.0
Cooper's Hawk,4,2,Apr_W2,0.025974,154.0
Cooper's Hawk,4,3,Apr_W3,0.0382166,157.0
Cooper's Hawk,4,4,Apr_W4,0.0212121,330.0
Cooper's Hawk,5,1,May_W1,0.0257353,272.0
Cooper's Hawk,5,2,May_W2,0.015748,381.0
Cooper's Hawk,5,3,May_W3,0.0178253,561.0
Cooper's Hawk,5,4,May_W4,0.0081136,986.0
Cooper's Hawk,6,1,Jun_W1,0.002994,668.0
Cooper's Hawk,6,2,Jun_W2,0.0117878,509.0
Cooper's Hawk,6,3,Jun_W3,0.005277,379.0
Cooper's Hawk,6,4,Jun_W4,0.0050167,598.0
Cooper's Hawk,7,1,Jul_W1,0.0015,361.0
Cooper's Hawk,7,2,Jul_W2,0.0015,409.0
Cooper's Hawk,7,3,Jul_W3,0.0055866,358.0
Cooper's Hawk,7,4,Jul_W4,0.0023866,419.0
Cooper's Hawk,8,1,Aug_W1,0.0153846,260.0
Cooper's Hawk,8,2,Aug_W2,0.0033003,303.0
Cooper's Hawk,8,3,Aug_W3,0.0103448,290.0
Cooper's Hawk,8,4,Aug_W4,0.0234234,555.0
Cooper's Hawk,9,1,Sep_W1,0.0360656,305.0
Cooper's Hawk,9,2,Sep_W2,0.0619469,339.0
Cooper's Hawk,9,3,Sep_W3,0.062069,290.0
Cooper's Hawk,9,4,Sep_W4,0.0868545,426.0
Cooper's Hawk,10,1,Oct_W1,0.0634441,331.0
Cooper's Hawk,10,2,Oct_W2,0.0502092,478.0
Cooper's Hawk,10,3,Oct_W3,0.0602837,282.0
Cooper's Hawk,10,4,Oct_W4,0.0600522,383.0
Cooper's Hawk,11,1,Nov_W1,0.0326087,184.0
Cooper's Hawk,11,2,Nov_W2,0.0147059,136.0
Cooper's Hawk,11,3,Nov_W3,0.0,89.0
Cooper's Hawk,11,4,Nov_W4,0.0,105.0
Cooper's Hawk,12,1,Dec_W1,0.0015,60.0
Cooper's Hawk,12,2,Dec_W2,0.0,36.0
Cooper's Hawk,12,3,Dec_W3,0.0,166.0
Cooper's Hawk,12,4,Dec_W4,0.01,100.0
American Goshawk,1,1,Jan_W1,0.0,112.0
American Goshawk,1,2,Jan_W2,0.0,94.0
American Goshawk,1,3,Jan_W3,0.0,145.0
American Goshawk,1,4,Jan_W4,0.0,125.0
American Goshawk,2,1,Feb_W1,0.0,115.0
American Goshawk,2,2,Feb_W2,0.0015,192.0
American Goshawk,2,3,Feb_W3,0.0,197.0
American Goshawk,2,4,Feb_W4,0.0,63.0
American Goshawk,3,1,Mar_W1,0.0,58.0
American Goshawk,3,2,Mar_W2,0.0,55.0
American Goshawk,3,3,Mar_W3,0.0,78.0
American Goshawk,3,4,Mar_W4,0.0,163.0
American Goshawk,4,1,Apr_W1,0.0,145.0
American Goshawk,4,2,Apr_W2,0.0064935,154.0
American Goshawk,4,3,Apr_W3,0.0191083,157.0
American Goshawk,4,4,Apr_W4,0.0015,330.0
American Goshawk,5,1,May_W1,0.0015,272.0
American Goshawk,5,2,May_W2,0.0,381.0
American Goshawk,5,3,May_W3,0.0,561.0
American Goshawk,5,4,May_W4,0.0020284,986.0
American Goshawk,6,1,Jun_W1,0.0,668.0
American Goshawk,6,2,Jun_W2,0.0,509.0
American Goshawk,6,3,Jun_W3,0.0,379.0
American Goshawk,6,4,Jun_W4,0.0016722,598.0
American Goshawk,7,1,Jul_W1,0.0027701,361.0
American Goshawk,7,2,Jul_W2,0.002445,409.0
American Goshawk,7,3,Jul_W3,0.0015,358.0
American Goshawk,7,4,Jul_W4,0.0023866,419.0
American Goshawk,8,1,Aug_W1,0.0,260.0
American Goshawk,8,2,Aug_W2,0.0015,303.0
American Goshawk,8,3,Aug_W3,0.0,290.0
American Goshawk,8,4,Aug_W4,0.0018018,555.0
American Goshawk,9,1,Sep_W1,0.0065574,305.0
American Goshawk,9,2,Sep_W2,0.0029499,339.0
American Goshawk,9,3,Sep_W3,0.0,290.0
American Goshawk,9,4,Sep_W4,0.0117371,426.0
American Goshawk,10,1,Oct_W1,0.0120846,331.0
American Goshawk,10,2,Oct_W2,0.0104603,478.0
American Goshawk,10,3,Oct_W3,0.0248227,282.0
American Goshawk,10,4,Oct_W4,0.0391645,383.0
American Goshawk,11,1,Nov_W1,0.0326087,184.0
American Goshawk,11,2,Nov_W2,0.0220588,136.0
American Goshawk,11,3,Nov_W3,0.0674157,89.0
American Goshawk,11,4,Nov_W4,0.0,105.0
American Goshawk,12,1,Dec_W1,0.0166667,60.0
American Goshawk,12,2,Dec_W2,0.0,36.0
American Goshawk,12,3,Dec_W3,0.0060241,166.0
American Goshawk,12,4,Dec_W4,0.0,100.0
Northern Harrier,1,1,Jan_W1,0.0,112.0
Northern Harrier,1,2,Jan_W2,0.0,94.0
Northern Harrier,1,3,Jan_W3,0.0,145.0
Northern Harrier,1,4,Jan_W4,0.0,125.0
Northern Harrier,2,1,Feb_W1,0.0,115.0
Northern Harrier,2,2,Feb_W2,0.0,192.0
Northern Harrier,2,3,Feb_W3,0.0,197.0
Northern Harrier,2,4,Feb_W4,0.0,63.0
Northern Harrier,3,1,Mar_W1,0.0,58.0
Northern Harrier,3,2,Mar_W2,0.0181818,55.0
Northern Harrier,3,3,Mar_W3,0.0897436,78.0
Northern Harrier,3,4,Mar_W4,0.0674847,163.0
Northern Harrier,4,1,Apr_W1,0.0689655,145.0
Northern Harrier,4,2,Apr_W2,0.1948052,154.0
Northern Harrier,4,3,Apr_W3,0.1847134,157.0
Northern Harrier,4,4,Apr_W4,0.1878788,330.0
Northern Harrier,5,1,May_W1,0.1286765,272.0
Northern Harrier,5,2,May_W2,0.0761155,381.0
Northern Harrier,5,3,May_W3,0.0534759,561.0
Northern Harrier,5,4,May_W4,0.0365112,986.0
Northern Harrier,6,1,Jun_W1,0.0149701,668.0
Northern Harrier,6,2,Jun_W2,0.0157171,509.0
Northern Harrier,6,3,Jun_W3,0.0026385,379.0
Northern Harrier,6,4,Jun_W4,0.006689,598.0
Northern Harrier,7,1,Jul_W1,0.0193906,361.0
Northern Harrier,7,2,Jul_W2,0.007335,409.0
Northern Harrier,7,3,Jul_W3,0.0083799,358.0
Northern Harrier,7,4,Jul_W4,0.0167064,419.0
Northern Harrier,8,1,Aug_W1,0.0153846,260.0
Northern Harrier,8,2,Aug_W2,0.0033003,303.0
Northern Harrier,8,3,Aug_W3,0.0448276,290.0
Northern Harrier,8,4,Aug_W4,0.1135135,555.0
Northern Harrier,9,1,Sep_W1,0.1278689,305.0
Northern Harrier,9,2,Sep_W2,0.1504425,339.0
Northern Harrier,9,3,Sep_W3,0.1931034,290.0
Northern Harrier,9,4,Sep_W4,0.1971831,426.0
Northern Harrier,10,1,Oct_W1,0.1359517,331.0
Northern Harrier,10,2,Oct_W2,0.1046025,478.0
Northern Harrier,10,3,Oct_W3,0.1276596,282.0
Northern Harrier,10,4,Oct_W4,0.1174935,383.0
Northern Harrier,11,1,Nov_W1,0.1304348,184.0
Northern Harrier,11,2,Nov_W2,0.0808824,136.0
Northern Harrier,11,3,Nov_W3,0.0337079,89.0
Northern Harrier,11,4,Nov_W4,0.0285714,105.0
Northern Harrier,12,1,Dec_W1,0.0166667,60.0
Northern Harrier,12,2,Dec_W2,0.0,36.0
Northern Harrier,12,3,Dec_W3,0.0,166.0
Northern Harrier,12,4,Dec_W4,0.0,100.0
Bald Eagle,1,1,Jan_W1,0.1696429,112.0
Bald Eagle,1,2,Jan_W2,0.1276596,94.0
Bald Eagle,1,3,Jan_W3,0.1448276,145.0
Bald Eagle,1,4,Jan_W4,0.152,125.0
Bald Eagle,2,1,Feb_W1,0.2173913,115.0
Bald Eagle,2,2,Feb_W2,0.125,192.0
Bald Eagle,2,3,Feb_W3,0.1015228,197.0
Bald Eagle,2,4,Feb_W4,0.1904762,63.0
Bald Eagle,3,1,Mar_W1,0.2413793,58.0
Bald Eagle,3,2,Mar_W2,0.3272727,55.0
Bald Eagle,3,3,Mar_W3,0.2820513,78.0
Bald Eagle,3,4,Mar_W4,0.4601227,163.0
Bald Eagle,4,1,Apr_W1,0.3172414,145.0
Bald Eagle,4,2,Apr_W2,0.3311688,154.0
Bald Eagle,4,3,Apr_W3,0.2738854,157.0
Bald Eagle,4,4,Apr_W4,0.2393939,330.0
Bald Eagle,5,1,May_W1,0.2205882,272.0
Bald Eagle,5,2,May_W2,0.1889764,381.0
Bald Eagle,5,3,May_W3,0.1907308,561.0
Bald Eagle,5,4,May_W4,0.173428,986.0
Bald Eagle,6,1,Jun_W1,0.1601796,668.0
Bald Eagle,6,2,Jun_W2,0.1355599,509.0
Bald Eagle,6,3,Jun_W3,0.1134565,379.0
Bald Eagle,6,4,Jun_W4,0.1086957,598.0
Bald Eagle,7,1,Jul_W1,0.0609418,361.0
Bald Eagle,7,2,Jul_W2,0.1246944,409.0
Bald Eagle,7,3,Jul_W3,0.1089385,358.0
Bald Eagle,7,4,Jul_W4,0.1479714,419.0
Bald Eagle,8,1,Aug_W1,0.1269231,260.0
Bald Eagle,8,2,Aug_W2,0.1221122,303.0
Bald Eagle,8,3,Aug_W3,0.1931034,290.0
Bald Eagle,8,4,Aug_W4,0.3387387,555.0
Bald Eagle,9,1,Sep_W1,0.3639344,305.0
Bald Eagle,9,2,Sep_W2,0.4070796,339.0
Bald Eagle,9,3,Sep_W3,0.4413793,290.0
Bald Eagle,9,4,Sep_W4,0.3802817,426.0
Bald Eagle,10,1,Oct_W1,0.3776435,331.0
Bald Eagle,10,2,Oct_W2,0.3075314,478.0
Bald Eagle,10,3,Oct_W3,0.393617,282.0
Bald Eagle,10,4,Oct_W4,0.4255875,383.0
Bald Eagle,11,1,Nov_W1,0.5380435,184.0
Bald Eagle,11,2,Nov_W2,0.5147059,136.0
Bald Eagle,11,3,Nov_W3,0.4719101,89.0
Bald Eagle,11,4,Nov_W4,0.3904762,105.0
Bald Eagle,12,1,Dec_W1,0.3,60.0
Bald Eagle,12,2,Dec_W2,0.0833333,36.0
Bald Eagle,12,3,Dec_W3,0.2891566,166.0
Bald Eagle,12,4,Dec_W4,0.26,100.0
Broad-winged Hawk,1,1,Jan_W1,0.0,112.0
Broad-winged Hawk,1,2,Jan_W2,0.0,94.0
Broad-winged Hawk,1,3,Jan_W3,0.0,145.0
Broad-winged Hawk,1,4,Jan_W4,0.0,125.0
Broad-winged Hawk,2,1,Feb_W1,0.0,115.0
Broad-winged Hawk,2,2,Feb_W2,0.0,192.0
Broad-winged Hawk,2,3,Feb_W3,0.0,197.0
Broad-winged Hawk,2,4,Feb_W4,0.0,63.0
Broad-winged Hawk,3,1,Mar_W1,0.0,58.0
Broad-winged Hawk,3,2,Mar_W2,0.0,55.0
Broad-winged Hawk,3,3,Mar_W3,0.0,78.0
Broad-winged Hawk,3,4,Mar_W4,0.0,163.0
Broad-winged Hawk,4,1,Apr_W1,0.0,145.0
Broad-winged Hawk,4,2,Apr_W2,0.012987,154.0
Broad-winged Hawk,4,3,Apr_W3,0.0636943,157.0
Broad-winged Hawk,4,4,Apr_W4,0.1181818,330.0
Broad-winged Hawk,5,1,May_W1,0.1213235,272.0
Broad-winged Hawk,5,2,May_W2,0.152231,381.0
Broad-winged Hawk,5,3,May_W3,0.0962567,561.0
Broad-winged Hawk,5,4,May_W4,0.0588235,986.0
Broad-winged Hawk,6,1,Jun_W1,0.0613772,668.0
Broad-winged Hawk,6,2,Jun_W2,0.0451866,509.0
Broad-winged Hawk,6,3,Jun_W3,0.0316623,379.0
Broad-winged Hawk,6,4,Jun_W4,0.0267559,598.0
Broad-winged Hawk,7,1,Jul_W1,0.0387812,361.0
Broad-winged Hawk,7,2,Jul_W2,0.0342298,409.0
Broad-winged Hawk,7,3,Jul_W3,0.0363128,358.0
Broad-winged Hawk,7,4,Jul_W4,0.0190931,419.0
Broad-winged Hawk,8,1,Aug_W1,0.0153846,260.0
Broad-winged Hawk,8,2,Aug_W2,0.0264026,303.0
Broad-winged Hawk,8,3,Aug_W3,0.0689655,290.0
Broad-winged Hawk,8,4,Aug_W4,0.1045045,555.0
Broad-winged Hawk,9,1,Sep_W1,0.1672131,305.0
Broad-winged Hawk,9,2,Sep_W2,0.1917404,339.0
Broad-winged Hawk,9,3,Sep_W3,0.2241379,290.0
Broad-winged Hawk,9,4,Sep_W4,0.2206573,426.0
Broad-winged Hawk,10,1,Oct_W1,0.1268882,331.0
Broad-winged Hawk,10,2,Oct_W2,0.0439331,478.0
Broad-winged Hawk,10,3,Oct_W3,0.0283688,282.0
Broad-winged Hawk,10,4,Oct_W4,0.0104439,383.0
Broad-winged Hawk,11,1,Nov_W1,0.0,184.0
Broad-winged Hawk,11,2,Nov_W2,0.0,136.0
Broad-winged Hawk,11,3,Nov_W3,0.0,89.0
Broad-winged Hawk,11,4,Nov_W4,0.0,105.0
Broad-winged Hawk,12,1,Dec_W1,0.0,60.0
Broad-winged Hawk,12,2,Dec_W2,0.0,36.0
Broad-winged Hawk,12,3,Dec_W3,0.0,166.0
Broad-winged Hawk,12,4,Dec_W4,0.0,100.0
Red-shouldered Hawk,1,1,Jan_W1,0.0,112.0
Red-shouldered Hawk,1,2,Jan_W2,0.0,94.0
Red-shouldered Hawk,1,3,Jan_W3,0.0,145.0
Red-shouldered Hawk,1,4,Jan_W4,0.0,125.0
Red-shouldered Hawk,2,1,Feb_W1,0.0,115.0
Red-shouldered Hawk,2,2,Feb_W2,0.0,192.0
Red-shouldered Hawk,2,3,Feb_W3,0.0,197.0
Red-shouldered Hawk,2,4,Feb_W4,0.0,63.0
Red-shouldered Hawk,3,1,Mar_W1,0.0,58.0
Red-shouldered Hawk,3,2,Mar_W2,0.0,55.0
Red-shouldered Hawk,3,3,Mar_W3,0.0384615,78.0
Red-shouldered Hawk,3,4,Mar_W4,0.0674847,163.0
Red-shouldered Hawk,4,1,Apr_W1,0.0551724,145.0
Red-shouldered Hawk,4,2,Apr_W2,0.038961,154.0
Red-shouldered Hawk,4,3,Apr_W3,0.0191083,157.0
Red-shouldered Hawk,4,4,Apr_W4,0.0121212,330.0
Red-shouldered Hawk,5,1,May_W1,0.0220588,272.0
Red-shouldered Hawk,5,2,May_W2,0.015748,381.0
Red-shouldered Hawk,5,3,May_W3,0.0017825,561.0
Red-shouldered Hawk,5,4,May_W4,0.005071,986.0
Red-shouldered Hawk,6,1,Jun_W1,0.011976,668.0
Red-shouldered Hawk,6,2,Jun_W2,0.0117878,509.0
Red-shouldered Hawk,6,3,Jun_W3,0.0079156,379.0
Red-shouldered Hawk,6,4,Jun_W4,0.0183946,598.0
Red-shouldered Hawk,7,1,Jul_W1,0.0055402,361.0
Red-shouldered Hawk,7,2,Jul_W2,0.0015,409.0
Red-shouldered Hawk,7,3,Jul_W3,0.0055866,358.0
Red-shouldered Hawk,7,4,Jul_W4,0.0071599,419.0
Red-shouldered Hawk,8,1,Aug_W1,0.0038462,260.0
Red-shouldered Hawk,8,2,Aug_W2,0.0066007,303.0
Red-shouldered Hawk,8,3,Aug_W3,0.0206897,290.0
Red-shouldered Hawk,8,4,Aug_W4,0.009009,555.0
Red-shouldered Hawk,9,1,Sep_W1,0.0557377,305.0
Red-shouldered Hawk,9,2,Sep_W2,0.0471976,339.0
Red-shouldered Hawk,9,3,Sep_W3,0.0551724,290.0
Red-shouldered Hawk,9,4,Sep_W4,0.07277,426.0
Red-shouldered Hawk,10,1,Oct_W1,0.1087613,331.0
Red-shouldered Hawk,10,2,Oct_W2,0.0857741,478.0
Red-shouldered Hawk,10,3,Oct_W3,0.141844,282.0
Red-shouldered Hawk,10,4,Oct_W4,0.1932115,383.0
Red-shouldered Hawk,11,1,Nov_W1,0.2336957,184.0
Red-shouldered Hawk,11,2,Nov_W2,0.25,136.0
Red-shouldered Hawk,11,3,Nov_W3,0.1573034,89.0
Red-shouldered Hawk,11,4,Nov_W4,0.0761905,105.0
Red-shouldered Hawk,12,1,Dec_W1,0.0015,60.0
Red-shouldered Hawk,12,2,Dec_W2,0.0,36.0
Red-shouldered Hawk,12,3,Dec_W3,0.0060241,166.0
Red-shouldered Hawk,12,4,Dec_W4,0.0,100.0
Swainson's Hawk,1,1,Jan_W1,0.0,112.0
Swainson's Hawk,1,2,Jan_W2,0.0,94.0
Swainson's Hawk,1,3,Jan_W3,0.0,145.0
Swainson's Hawk,1,4,Jan_W4,0.0,125.0
Swainson's Hawk,2,1,Feb_W1,0.0,115.0
Swainson's Hawk,2,2,Feb_W2,0.0,192.0
Swainson's Hawk,2,3,Feb_W3,0.0,197.0
Swainson's Hawk,2,4,Feb_W4,0.0,63.0
Swainson's Hawk,3,1,Mar_W1,0.0,58.0
Swainson's Hawk,3,2,Mar_W2,0.0,55.0
Swainson's Hawk,3,3,Mar_W3,0.0,78.0
Swainson's Hawk,3,4,Mar_W4,0.0,163.0
Swainson's Hawk,4,1,Apr_W1,0.0,145.0
Swainson's Hawk,4,2,Apr_W2,0.0,154.0
Swainson's Hawk,4,3,Apr_W3,0.0,157.0
Swainson's Hawk,4,4,Apr_W4,0.0,330.0
Swainson's Hawk,5,1,May_W1,0.0,272.0
Swainson's Hawk,5,2,May_W2,0.0,381.0
Swainson's Hawk,5,3,May_W3,0.0,561.0
Swainson's Hawk,5,4,May_W4,0.0,986.0
Swainson's Hawk,6,1,Jun_W1,0.0,668.0
Swainson's Hawk,6,2,Jun_W2,0.0,509.0
Swainson's Hawk,6,3,Jun_W3,0.0,379.0
Swainson's Hawk,6,4,Jun_W4,0.0,598.0
Swainson's Hawk,7,1,Jul_W1,0.0,361.0
Swainson's Hawk,7,2,Jul_W2,0.0,409.0
Swainson's Hawk,7,3,Jul_W3,0.0,358.0
Swainson's Hawk,7,4,Jul_W4,0.0,419.0
Swainson's Hawk,8,1,Aug_W1,0.0,260.0
Swainson's Hawk,8,2,Aug_W2,0.0,303.0
Swainson's Hawk,8,3,Aug_W3,0.0,290.0
Swainson's Hawk,8,4,Aug_W4,0.0,555.0
Swainson's Hawk,9,1,Sep_W1,0.0,305.0
Swainson's Hawk,9,2,Sep_W2,0.0,339.0
Swainson's Hawk,9,3,Sep_W3,0.0172414,290.0
Swainson's Hawk,9,4,Sep_W4,0.0,426.0
Swainson's Hawk,10,1,Oct_W1,0.0030211,331.0
Swainson's Hawk,10,2,Oct_W2,0.0015,478.0
Swainson's Hawk,10,3,Oct_W3,0.0035461,282.0
Swainson's Hawk,10,4,Oct_W4,0.0,383.0
Swainson's Hawk,11,1,Nov_W1,0.0,184.0
Swainson's Hawk,11,2,Nov_W2,0.0,136.0
Swainson's Hawk,11,3,Nov_W3,0.0,89.0
Swainson's Hawk,11,4,Nov_W4,0.0,105.0
Swainson's Hawk,12,1,Dec_W1,0.0,60.0
Swainson's Hawk,12,2,Dec_W2,0.0,36.0
Swainson's Hawk,12,3,Dec_W3,0.0,166.0
Swainson's Hawk,12,4,Dec_W4,0.0,100.0
Red-tailed Hawk,1,1,Jan_W1,0.0267857,112.0
Red-tailed Hawk,1,2,Jan_W2,0.0212766,94.0
Red-tailed Hawk,1,3,Jan_W3,0.0137931,145.0
Red-tailed Hawk,1,4,Jan_W4,0.024,125.0
Red-tailed Hawk,2,1,Feb_W1,0.0173913,115.0
Red-tailed Hawk,2,2,Feb_W2,0.0052083,192.0
Red-tailed Hawk,2,3,Feb_W3,0.0101523,197.0
Red-tailed Hawk,2,4,Feb_W4,0.0015,63.0
Red-tailed Hawk,3,1,Mar_W1,0.0689655,58.0
Red-tailed Hawk,3,2,Mar_W2,0.0181818,55.0
Red-tailed Hawk,3,3,Mar_W3,0.0512821,78.0
Red-tailed Hawk,3,4,Mar_W4,0.1288344,163.0
Red-tailed Hawk,4,1,Apr_W1,0.1241379,145.0
Red-tailed Hawk,4,2,Apr_W2,0.2077922,154.0
Red-tailed Hawk,4,3,Apr_W3,0.1273885,157.0
Red-tailed Hawk,4,4,Apr_W4,0.0939394,330.0
Red-tailed Hawk,5,1,May_W1,0.0735294,272.0
Red-tailed Hawk,5,2,May_W2,0.0603675,381.0
Red-tailed Hawk,5,3,May_W3,0.0516934,561.0
Red-tailed Hawk,5,4,May_W4,0.0375254,986.0
Red-tailed Hawk,6,1,Jun_W1,0.0179641,668.0
Red-tailed Hawk,6,2,Jun_W2,0.0157171,509.0
Red-tailed Hawk,6,3,Jun_W3,0.0015,379.0
Red-tailed Hawk,6,4,Jun_W4,0.0100334,598.0
Red-tailed Hawk,7,1,Jul_W1,0.0015,361.0
Red-tailed Hawk,7,2,Jul_W2,0.00978,409.0
Red-tailed Hawk,7,3,Jul_W3,0.0027933,358.0
Red-tailed Hawk,7,4,Jul_W4,0.0190931,419.0
Red-tailed Hawk,8,1,Aug_W1,0.0307692,260.0
Red-tailed Hawk,8,2,Aug_W2,0.0132013,303.0
Red-tailed Hawk,8,3,Aug_W3,0.0586207,290.0
Red-tailed Hawk,8,4,Aug_W4,0.0918919,555.0
Red-tailed Hawk,9,1,Sep_W1,0.1606557,305.0
Red-tailed Hawk,9,2,Sep_W2,0.1356932,339.0
Red-tailed Hawk,9,3,Sep_W3,0.1551724,290.0
Red-tailed Hawk,9,4,Sep_W4,0.2206573,426.0
Red-tailed Hawk,10,1,Oct_W1,0.2145015,331.0
Red-tailed Hawk,10,2,Oct_W2,0.1945607,478.0
Red-tailed Hawk,10,3,Oct_W3,0.2801418,282.0
Red-tailed Hawk,10,4,Oct_W4,0.3603133,383.0
Red-tailed Hawk,11,1,Nov_W1,0.4076087,184.0
Red-tailed Hawk,11,2,Nov_W2,0.3897059,136.0
Red-tailed Hawk,11,3,Nov_W3,0.2022472,89.0
Red-tailed Hawk,11,4,Nov_W4,0.1333333,105.0
Red-tailed Hawk,12,1,Dec_W1,0.0333333,60.0
Red-tailed Hawk,12,2,Dec_W2,0.0277778,36.0
Red-tailed Hawk,12,3,Dec_W3,0.0481928,166.0
Red-tailed Hawk,12,4,Dec_W4,0.0015,100.0
Rough-legged Hawk,1,1,Jan_W1,0.0267857,112.0
Rough-legged Hawk,1,2,Jan_W2,0.0106383,94.0
Rough-legged Hawk,1,3,Jan_W3,0.0689655,145.0
Rough-legged Hawk,1,4,Jan_W4,0.072,125.0
Rough-legged Hawk,2,1,Feb_W1,0.0434783,115.0
Rough-legged Hawk,2,2,Feb_W2,0.046875,192.0
Rough-legged Hawk,2,3,Feb_W3,0.0203046,197.0
Rough-legged Hawk,2,4,Feb_W4,0.031746,63.0
Rough-legged Hawk,3,1,Mar_W1,0.0862069,58.0
Rough-legged Hawk,3,2,Mar_W2,0.0727273,55.0
Rough-legged Hawk,3,3,Mar_W3,0.1025641,78.0
Rough-legged Hawk,3,4,Mar_W4,0.1533742,163.0
Rough-legged Hawk,4,1,Apr_W1,0.1103448,145.0
Rough-legged Hawk,4,2,Apr_W2,0.1753247,154.0
Rough-legged Hawk,4,3,Apr_W3,0.1019108,157.0
Rough-legged Hawk,4,4,Apr_W4,0.0666667,330.0
Rough-legged Hawk,5,1,May_W1,0.0404412,272.0
Rough-legged Hawk,5,2,May_W2,0.0288714,381.0
Rough-legged Hawk,5,3,May_W3,0.0106952,561.0
Rough-legged Hawk,5,4,May_W4,0.0020284,986.0
Rough-legged Hawk,6,1,Jun_W1,0.0,668.0
Rough-legged Hawk,6,2,Jun_W2,0.0,509.0
Rough-legged Hawk,6,3,Jun_W3,0.0,379.0
Rough-legged Hawk,6,4,Jun_W4,0.0,598.0
Rough-legged Hawk,7,1,Jul_W1,0.0,361.0
Rough-legged Hawk,7,2,Jul_W2,0.0,409.0
Rough-legged Hawk,7,3,Jul_W3,0.0,358.0
Rough-legged Hawk,7,4,Jul_W4,0.0,419.0
Rough-legged Hawk,8,1,Aug_W1,0.0,260.0
Rough-legged Hawk,8,2,Aug_W2,0.0,303.0
Rough-legged Hawk,8,3,Aug_W3,0.0,290.0
Rough-legged Hawk,8,4,Aug_W4,0.0,555.0
Rough-legged Hawk,9,1,Sep_W1,0.0,305.0
Rough-legged Hawk,9,2,Sep_W2,0.0,339.0
Rough-legged Hawk,9,3,Sep_W3,0.0,290.0
Rough-legged Hawk,9,4,Sep_W4,0.0,426.0
Rough-legged Hawk,10,1,Oct_W1,0.0060423,331.0
Rough-legged Hawk,10,2,Oct_W2,0.0439331,478.0
Rough-legged Hawk,10,3,Oct_W3,0.1914894,282.0
Rough-legged Hawk,10,4,Oct_W4,0.2506527,383.0
Rough-legged Hawk,11,1,Nov_W1,0.3152174,184.0
Rough-legged Hawk,11,2,Nov_W2,0.375,136.0
Rough-legged Hawk,11,3,Nov_W3,0.2022472,89.0
Rough-legged Hawk,11,4,Nov_W4,0.0952381,105.0
Rough-legged Hawk,12,1,Dec_W1,0.0666667,60.0
Rough-legged Hawk,12,2,Dec_W2,0.0833333,36.0
Rough-legged Hawk,12,3,Dec_W3,0.0301205,166.0
Rough-legged Hawk,12,4,Dec_W4,0.07,100.0
Snowy Owl,1,1,Jan_W1,0.0803571,112.0
Snowy Owl,1,2,Jan_W2,0.106383,94.0
Snowy Owl,1,3,Jan_W3,0.0482759,145.0
Snowy Owl,1,4,Jan_W4,0.104,125.0
Snowy Owl,2,1,Feb_W1,0.0956522,115.0
Snowy Owl,2,2,Feb_W2,0.0729167,192.0
Snowy Owl,2,3,Feb_W3,0.0406091,197.0
Snowy Owl,2,4,Feb_W4,0.0015,63.0
Snowy Owl,3,1,Mar_W1,0.0689655,58.0
Snowy Owl,3,2,Mar_W2,0.0181818,55.0
Snowy Owl,3,3,Mar_W3,0.0384615,78.0
Snowy Owl,3,4,Mar_W4,0.0368098,163.0
Snowy Owl,4,1,Apr_W1,0.0206897,145.0
Snowy Owl,4,2,Apr_W2,0.0,154.0
Snowy Owl,4,3,Apr_W3,0.0063694,157.0
Snowy Owl,4,4,Apr_W4,0.0015,330.0
Snowy Owl,5,1,May_W1,0.0073529,272.0
Snowy Owl,5,2,May_W2,0.0015,381.0
Snowy Owl,5,3,May_W3,0.0,561.0
Snowy Owl,5,4,May_W4,0.0015,986.0
Snowy Owl,6,1,Jun_W1,0.001497,668.0
Snowy Owl,6,2,Jun_W2,0.0,509.0
Snowy Owl,6,3,Jun_W3,0.0,379.0
Snowy Owl,6,4,Jun_W4,0.0,598.0
Snowy Owl,7,1,Jul_W1,0.0,361.0
Snowy Owl,7,2,Jul_W2,0.0,409.0
Snowy Owl,7,3,Jul_W3,0.0,358.0
Snowy Owl,7,4,Jul_W4,0.0,419.0
Snowy Owl,8,1,Aug_W1,0.0,260.0
Snowy Owl,8,2,Aug_W2,0.0,303.0
Snowy Owl,8,3,Aug_W3,0.0,290.0
Snowy Owl,8,4,Aug_W4,0.0,555.0
Snowy Owl,9,1,Sep_W1,0.0,305.0
Snowy Owl,9,2,Sep_W2,0.0,339.0
Snowy Owl,9,3,Sep_W3,0.0,290.0
Snowy Owl,9,4,Sep_W4,0.0,426.0
Snowy Owl,10,1,Oct_W1,0.0,331.0
Snowy Owl,10,2,Oct_W2,0.0,478.0
Snowy Owl,10,3,Oct_W3,0.0,282.0
Snowy Owl,10,4,Oct_W4,0.002611,383.0
Snowy Owl,11,1,Nov_W1,0.0015,184.0
Snowy Owl,11,2,Nov_W2,0.0073529,136.0
Snowy Owl,11,3,Nov_W3,0.0224719,89.0
Snowy Owl,11,4,Nov_W4,0.0190476,105.0
Snowy Owl,12,1,Dec_W1,0.0833333,60.0
Snowy Owl,12,2,Dec_W2,0.0833333,36.0
Snowy Owl,12,3,Dec_W3,0.0180723,166.0
Snowy Owl,12,4,Dec_W4,0.03,100.0
Great Horned Owl,1,1,Jan_W1,0.0,112.0
Great Horned Owl,1,2,Jan_W2,0.0,94.0
Great Horned Owl,1,3,Jan_W3,0.0,145.0
Great Horned Owl,1,4,Jan_W4,0.0,125.0
Great Horned Owl,2,1,Feb_W1,0.0086957,115.0
Great Horned Owl,2,2,Feb_W2,0.0,192.0
Great Horned Owl,2,3,Feb_W3,0.0,197.0
Great Horned Owl,2,4,Feb_W4,0.0,63.0
Great Horned Owl,3,1,Mar_W1,0.0,58.0
Great Horned Owl,3,2,Mar_W2,0.0,55.0
Great Horned Owl,3,3,Mar_W3,0.0,78.0
Great Horned Owl,3,4,Mar_W4,0.0,163.0
Great Horned Owl,4,1,Apr_W1,0.0,145.0
Great Horned Owl,4,2,Apr_W2,0.0,154.0
Great Horned Owl,4,3,Apr_W3,0.0,157.0
Great Horned Owl,4,4,Apr_W4,0.0,330.0
Great Horned Owl,5,1,May_W1,0.0,272.0
Great Horned Owl,5,2,May_W2,0.0015,381.0
Great Horned Owl,5,3,May_W3,0.0017825,561.0
Great Horned Owl,5,4,May_W4,0.0010142,986.0
Great Horned Owl,6,1,Jun_W1,0.001497,668.0
Great Horned Owl,6,2,Jun_W2,0.0019646,509.0
Great Horned Owl,6,3,Jun_W3,0.0015,379.0
Great Horned Owl,6,4,Jun_W4,0.0033445,598.0
Great Horned Owl,7,1,Jul_W1,0.0,361.0
Great Horned Owl,7,2,Jul_W2,0.0,409.0
Great Horned Owl,7,3,Jul_W3,0.0,358.0
Great Horned Owl,7,4,Jul_W4,0.0015,419.0
Great Horned Owl,8,1,Aug_W1,0.0,260.0
Great Horned Owl,8,2,Aug_W2,0.0015,303.0
Great Horned Owl,8,3,Aug_W3,0.0015,290.0
Great Horned Owl,8,4,Aug_W4,0.0015,555.0
Great Horned Owl,9,1,Sep_W1,0.0065574,305.0
Great Horned Owl,9,2,Sep_W2,0.0029499,339.0
Great Horned Owl,9,3,Sep_W3,0.0,290.0
Great Horned Owl,9,4,Sep_W4,0.0023474,426.0
Great Horned Owl,10,1,Oct_W1,0.0,331.0
Great Horned Owl,10,2,Oct_W2,0.0,478.0
Great Horned Owl,10,3,Oct_W3,0.0,282.0
Great Horned Owl,10,4,Oct_W4,0.002611,383.0
Great Horned Owl,11,1,Nov_W1,0.0,184.0
Great Horned Owl,11,2,Nov_W2,0.0073529,136.0
Great Horned Owl,11,3,Nov_W3,0.0224719,89.0
Great Horned Owl,11,4,Nov_W4,0.0,105.0
Great Horned Owl,12,1,Dec_W1,0.0,60.0
Great Horned Owl,12,2,Dec_W2,0.0,36.0
Great Horned Owl,12,3,Dec_W3,0.0,166.0
Great Horned Owl,12,4,Dec_W4,0.0,100.0
Northern Hawk Owl,1,1,Jan_W1,0.0,112.0
Northern Hawk Owl,1,2,Jan_W2,0.0,94.0
Northern Hawk Owl,1,3,Jan_W3,0.0068966,145.0
Northern Hawk Owl,1,4,Jan_W4,0.0,125.0
Northern Hawk Owl,2,1,Feb_W1,0.0015,115.0
Northern Hawk Owl,2,2,Feb_W2,0.0015,192.0
Northern Hawk Owl,2,3,Feb_W3,0.0,197.0
Northern Hawk Owl,2,4,Feb_W4,0.0,63.0
Northern Hawk Owl,3,1,Mar_W1,0.0,58.0
Northern Hawk Owl,3,2,Mar_W2,0.0,55.0
Northern Hawk Owl,3,3,Mar_W3,0.0,78.0
Northern Hawk Owl,3,4,Mar_W4,0.0,163.0
Northern Hawk Owl,4,1,Apr_W1,0.0,145.0
Northern Hawk Owl,4,2,Apr_W2,0.0,154.0
Northern Hawk Owl,4,3,Apr_W3,0.0,157.0
Northern Hawk Owl,4,4,Apr_W4,0.0,330.0
Northern Hawk Owl,5,1,May_W1,0.0,272.0
Northern Hawk Owl,5,2,May_W2,0.0,381.0
Northern Hawk Owl,5,3,May_W3,0.0,561.0
Northern Hawk Owl,5,4,May_W4,0.0,986.0
Northern Hawk Owl,6,1,Jun_W1,0.0,668.0
Northern Hawk Owl,6,2,Jun_W2,0.0,509.0
Northern Hawk Owl,6,3,Jun_W3,0.0,379.0
Northern Hawk Owl,6,4,Jun_W4,0.0,598.0
Northern Hawk Owl,7,1,Jul_W1,0.0,361.0
Northern Hawk Owl,7,2,Jul_W2,0.0,409.0
Northern Hawk Owl,7,3,Jul_W3,0.0,358.0
Northern Hawk Owl,7,4,Jul_W4,0.0,419.0
Northern Hawk Owl,8,1,Aug_W1,0.0,260.0
Northern Hawk Owl,8,2,Aug_W2,0.0,303.0
Northern Hawk Owl,8,3,Aug_W3,0.0,290.0
Northern Hawk Owl,8,4,Aug_W4,0.0,555.0
Northern Hawk Owl,9,1,Sep_W1,0.0,305.0
Northern Hawk Owl,9,2,Sep_W2,0.0,339.0
Northern Hawk Owl,9,3,Sep_W3,0.0,290.0
Northern Hawk Owl,9,4,Sep_W4,0.0,426.0
Northern Hawk Owl,10,1,Oct_W1,0.0,331.0
Northern Hawk Owl,10,2,Oct_W2,0.0,478.0
Northern Hawk Owl,10,3,Oct_W3,0.0,282.0
Northern Hawk Owl,10,4,Oct_W4,0.0,383.0
Northern Hawk Owl,11,1,Nov_W1,0.0,184.0
Northern Hawk Owl,11,2,Nov_W2,0.0,136.0
Northern Hawk Owl,11,3,Nov_W3,0.0015,89.0
Northern Hawk Owl,11,4,Nov_W4,0.0,105.0
Northern Hawk Owl,12,1,Dec_W1,0.0,60.0
Northern Hawk Owl,12,2,Dec_W2,0.0,36.0
Northern Hawk Owl,12,3,Dec_W3,0.0,166.0
Northern Hawk Owl,12,4,Dec_W4,0.0015,100.0
Barred Owl,1,1,Jan_W1,0.0089286,112.0
Barred Owl,1,2,Jan_W2,0.0015,94.0
Barred Owl,1,3,Jan_W3,0.0,145.0
Barred Owl,1,4,Jan_W4,0.0015,125.0
Barred Owl,2,1,Feb_W1,0.0086957,115.0
Barred Owl,2,2,Feb_W2,0.0104167,192.0
Barred Owl,2,3,Feb_W3,0.0050761,197.0
Barred Owl,2,4,Feb_W4,0.0,63.0
Barred Owl,3,1,Mar_W1,0.0015,58.0
Barred Owl,3,2,Mar_W2,0.0181818,55.0
Barred Owl,3,3,Mar_W3,0.0128205,78.0
Barred Owl,3,4,Mar_W4,0.0015,163.0
Barred Owl,4,1,Apr_W1,0.0068966,145.0
Barred Owl,4,2,Apr_W2,0.0,154.0
Barred Owl,4,3,Apr_W3,0.0015,157.0
Barred Owl,4,4,Apr_W4,0.0030303,330.0
Barred Owl,5,1,May_W1,0.0,272.0
Barred Owl,5,2,May_W2,0.0131234,381.0
Barred Owl,5,3,May_W3,0.0124777,561.0
Barred Owl,5,4,May_W4,0.0030426,986.0
Barred Owl,6,1,Jun_W1,0.0015,668.0
Barred Owl,6,2,Jun_W2,0.0019646,509.0
Barred Owl,6,3,Jun_W3,0.0015,379.0
Barred Owl,6,4,Jun_W4,0.006689,598.0
Barred Owl,7,1,Jul_W1,0.0055402,361.0
Barred Owl,7,2,Jul_W2,0.00489,409.0
Barred Owl,7,3,Jul_W3,0.0015,358.0
Barred Owl,7,4,Jul_W4,0.0015,419.0
Barred Owl,8,1,Aug_W1,0.0076923,260.0
Barred Owl,8,2,Aug_W2,0.0033003,303.0
Barred Owl,8,3,Aug_W3,0.0068966,290.0
Barred Owl,8,4,Aug_W4,0.0018018,555.0
Barred Owl,9,1,Sep_W1,0.0032787,305.0
Barred Owl,9,2,Sep_W2,0.0058997,339.0
Barred Owl,9,3,Sep_W3,0.0068966,290.0
Barred Owl,9,4,Sep_W4,0.0070423,426.0
Barred Owl,10,1,Oct_W1,0.0151057,331.0
Barred Owl,10,2,Oct_W2,0.0167364,478.0
Barred Owl,10,3,Oct_W3,0.0212766,282.0
Barred Owl,10,4,Oct_W4,0.0104439,383.0
Barred Owl,11,1,Nov_W1,0.0108696,184.0
Barred Owl,11,2,Nov_W2,0.0073529,136.0
Barred Owl,11,3,Nov_W3,0.0224719,89.0
Barred Owl,11,4,Nov_W4,0.0095238,105.0
Barred Owl,12,1,Dec_W1,0.0,60.0
Barred Owl,12,2,Dec_W2,0.0,36.0
Barred Owl,12,3,Dec_W3,0.0060241,166.0
Barred Owl,12,4,Dec_W4,0.01,100.0
Great Gray Owl,1,1,Jan_W1,0.0089286,112.0
Great Gray Owl,1,2,Jan_W2,0.0,94.0
Great Gray Owl,1,3,Jan_W3,0.0015,145.0
Great Gray Owl,1,4,Jan_W4,0.0,125.0
Great Gray Owl,2,1,Feb_W1,0.026087,115.0
Great Gray Owl,2,2,Feb_W2,0.0,192.0
Great Gray Owl,2,3,Feb_W3,0.0,197.0
Great Gray Owl,2,4,Feb_W4,0.0,63.0
Great Gray Owl,3,1,Mar_W1,0.0,58.0
Great Gray Owl,3,2,Mar_W2,0.0,55.0
Great Gray Owl,3,3,Mar_W3,0.0,78.0
Great Gray Owl,3,4,Mar_W4,0.0122699,163.0
Great Gray Owl,4,1,Apr_W1,0.0,145.0
Great Gray Owl,4,2,Apr_W2,0.0,154.0
Great Gray Owl,4,3,Apr_W3,0.0,157.0
Great Gray Owl,4,4,Apr_W4,0.0,330.0
Great Gray Owl,5,1,May_W1,0.0,272.0
Great Gray Owl,5,2,May_W2,0.0,381.0
Great Gray Owl,5,3,May_W3,0.0,561.0
Great Gray Owl,5,4,May_W4,0.0,986.0
Great Gray Owl,6,1,Jun_W1,0.0,668.0
Great Gray Owl,6,2,Jun_W2,0.0,509.0
Great Gray Owl,6,3,Jun_W3,0.0,379.0
Great Gray Owl,6,4,Jun_W4,0.0,598.0
Great Gray Owl,7,1,Jul_W1,0.0,361.0
Great Gray Owl,7,2,Jul_W2,0.0,409.0
Great Gray Owl,7,3,Jul_W3,0.0,358.0
Great Gray Owl,7,4,Jul_W4,0.0,419.0
Great Gray Owl,8,1,Aug_W1,0.0,260.0
Great Gray Owl,8,2,Aug_W2,0.0,303.0
Great Gray Owl,8,3,Aug_W3,0.0,290.0
Great Gray Owl,8,4,Aug_W4,0.0,555.0
Great Gray Owl,9,1,Sep_W1,0.0,305.0
Great Gray Owl,9,2,Sep_W2,0.0,339.0
Great Gray Owl,9,3,Sep_W3,0.0,290.0
Great Gray Owl,9,4,Sep_W4,0.0,426.0
Great Gray Owl,10,1,Oct_W1,0.0,331.0
Great Gray Owl,10,2,Oct_W2,0.0,478.0
Great Gray Owl,10,3,Oct_W3,0.0,282.0
Great Gray Owl,10,4,Oct_W4,0.0,383.0
Great Gray Owl,11,1,Nov_W1,0.0,184.0
Great Gray Owl,11,2,Nov_W2,0.0,136.0
Great Gray Owl,11,3,Nov_W3,0.0,89.0
Great Gray Owl,11,4,Nov_W4,0.0,105.0
Great Gray Owl,12,1,Dec_W1,0.0,60.0
Great Gray Owl,12,2,Dec_W2,0.0,36.0
Great Gray Owl,12,3,Dec_W3,0.0,166.0
Great Gray Owl,12,4,Dec_W4,0.0015,100.0
Long-eared Owl,1,1,Jan_W1,0.0,112.0
Long-eared Owl,1,2,Jan_W2,0.0,94.0
Long-eared Owl,1,3,Jan_W3,0.0,145.0
Long-eared Owl,1,4,Jan_W4,0.0,125.0
Long-eared Owl,2,1,Feb_W1,0.0,115.0
Long-eared Owl,2,2,Feb_W2,0.0,192.0
Long-eared Owl,2,3,Feb_W3,0.0,197.0
Long-eared Owl,2,4,Feb_W4,0.0,63.0
Long-eared Owl,3,1,Mar_W1,0.0,58.0
Long-eared Owl,3,2,Mar_W2,0.0,55.0
Long-eared Owl,3,3,Mar_W3,0.0,78.0
Long-eared Owl,3,4,Mar_W4,0.0,163.0
Long-eared Owl,4,1,Apr_W1,0.0,145.0
Long-eared Owl,4,2,Apr_W2,0.0,154.0
Long-eared Owl,4,3,Apr_W3,0.0,157.0
Long-eared Owl,4,4,Apr_W4,0.0,330.0
Long-eared Owl,5,1,May_W1,0.0015,272.0
Long-eared Owl,5,2,May_W2,0.0,381.0
Long-eared Owl,5,3,May_W3,0.0,561.0
Long-eared Owl,5,4,May_W4,0.0,986.0
Long-eared Owl,6,1,Jun_W1,0.0,668.0
Long-eared Owl,6,2,Jun_W2,0.0,509.0
Long-eared Owl,6,3,Jun_W3,0.0,379.0
Long-eared Owl,6,4,Jun_W4,0.0,598.0
Long-eared Owl,7,1,Jul_W1,0.0,361.0
Long-eared Owl,7,2,Jul_W2,0.0,409.0
Long-eared Owl,7,3,Jul_W3,0.0,358.0
Long-eared Owl,7,4,Jul_W4,0.0015,419.0
Long-eared Owl,8,1,Aug_W1,0.0,260.0
Long-eared Owl,8,2,Aug_W2,0.0,303.0
Long-eared Owl,8,3,Aug_W3,0.0,290.0
Long-eared Owl,8,4,Aug_W4,0.0,555.0
Long-eared Owl,9,1,Sep_W1,0.0,305.0
Long-eared Owl,9,2,Sep_W2,0.0,339.0
Long-eared Owl,9,3,Sep_W3,0.0,290.0
Long-eared Owl,9,4,Sep_W4,0.0046948,426.0
Long-eared Owl,10,1,Oct_W1,0.0030211,331.0
Long-eared Owl,10,2,Oct_W2,0.0020921,478.0
Long-eared Owl,10,3,Oct_W3,0.0070922,282.0
Long-eared Owl,10,4,Oct_W4,0.0104439,383.0
Long-eared Owl,11,1,Nov_W1,0.0163043,184.0
Long-eared Owl,11,2,Nov_W2,0.0,136.0
Long-eared Owl,11,3,Nov_W3,0.0,89.0
Long-eared Owl,11,4,Nov_W4,0.0,105.0
Long-eared Owl,12,1,Dec_W1,0.0,60.0
Long-eared Owl,12,2,Dec_W2,0.0,36.0
Long-eared Owl,12,3,Dec_W3,0.0060241,166.0
Long-eared Owl,12,4,Dec_W4,0.0,100.0
Short-eared Owl,1,1,Jan_W1,0.0,112.0
Short-eared Owl,1,2,Jan_W2,0.0,94.0
Short-eared Owl,1,3,Jan_W3,0.0,145.0
Short-eared Owl,1,4,Jan_W4,0.0,125.0
Short-eared Owl,2,1,Feb_W1,0.0,115.0
Short-eared Owl,2,2,Feb_W2,0.0,192.0
Short-eared Owl,2,3,Feb_W3,0.0,197.0
Short-eared Owl,2,4,Feb_W4,0.0,63.0
Short-eared Owl,3,1,Mar_W1,0.0,58.0
Short-eared Owl,3,2,Mar_W2,0.0,55.0
Short-eared Owl,3,3,Mar_W3,0.0,78.0
Short-eared Owl,3,4,Mar_W4,0.0,163.0
Short-eared Owl,4,1,Apr_W1,0.0,145.0
Short-eared Owl,4,2,Apr_W2,0.0,154.0
Short-eared Owl,4,3,Apr_W3,0.0015,157.0
Short-eared Owl,4,4,Apr_W4,0.0030303,330.0
Short-eared Owl,5,1,May_W1,0.0,272.0
Short-eared Owl,5,2,May_W2,0.0026247,381.0
Short-eared Owl,5,3,May_W3,0.0,561.0
Short-eared Owl,5,4,May_W4,0.0,986.0
Short-eared Owl,6,1,Jun_W1,0.0,668.0
Short-eared Owl,6,2,Jun_W2,0.0,509.0
Short-eared Owl,6,3,Jun_W3,0.0,379.0
Short-eared Owl,6,4,Jun_W4,0.0,598.0
Short-eared Owl,7,1,Jul_W1,0.0,361.0
Short-eared Owl,7,2,Jul_W2,0.0,409.0
Short-eared Owl,7,3,Jul_W3,0.0,358.0
Short-eared Owl,7,4,Jul_W4,0.0,419.0
Short-eared Owl,8,1,Aug_W1,0.0,260.0
Short-eared Owl,8,2,Aug_W2,0.0,303.0
Short-eared Owl,8,3,Aug_W3,0.0,290.0
Short-eared Owl,8,4,Aug_W4,0.0,555.0
Short-eared Owl,9,1,Sep_W1,0.0,305.0
Short-eared Owl,9,2,Sep_W2,0.0,339.0
Short-eared Owl,9,3,Sep_W3,0.0,290.0
Short-eared Owl,9,4,Sep_W4,0.0023474,426.0
Short-eared Owl,10,1,Oct_W1,0.0,331.0
Short-eared Owl,10,2,Oct_W2,0.0020921,478.0
Short-eared Owl,10,3,Oct_W3,0.0106383,282.0
Short-eared Owl,10,4,Oct_W4,0.002611,383.0
Short-eared Owl,11,1,Nov_W1,0.0054348,184.0
Short-eared Owl,11,2,Nov_W2,0.0,136.0
Short-eared Owl,11,3,Nov_W3,0.0,89.0
Short-eared Owl,11,4,Nov_W4,0.0,105.0
Short-eared Owl,12,1,Dec_W1,0.0,60.0
Short-eared Owl,12,2,Dec_W2,0.0,36.0
Short-eared Owl,12,3,Dec_W3,0.0,166.0
Short-eared Owl,12,4,Dec_W4,0.0,100.0
Boreal Owl,1,1,Jan_W1,0.0,112.0
Boreal Owl,1,2,Jan_W2,0.0,94.0
Boreal Owl,1,3,Jan_W3,0.0,145.0
Boreal Owl,1,4,Jan_W4,0.0,125.0
Boreal Owl,2,1,Feb_W1,0.0,115.0
Boreal Owl,2,2,Feb_W2,0.0,192.0
Boreal Owl,2,3,Feb_W3,0.0,197.0
Boreal Owl,2,4,Feb_W4,0.0,63.0
Boreal Owl,3,1,Mar_W1,0.0,58.0
Boreal Owl,3,2,Mar_W2,0.0,55.0
Boreal Owl,3,3,Mar_W3,0.0,78.0
Boreal Owl,3,4,Mar_W4,0.0,163.0
Boreal Owl,4,1,Apr_W1,0.0,145.0
Boreal Owl,4,2,Apr_W2,0.0,154.0
Boreal Owl,4,3,Apr_W3,0.0,157.0
Boreal Owl,4,4,Apr_W4,0.0,330.0
Boreal Owl,5,1,May_W1,0.0,272.0
Boreal Owl,5,2,May_W2,0.0,381.0
Boreal Owl,5,3,May_W3,0.0,561.0
Boreal Owl,5,4,May_W4,0.0,986.0
Boreal Owl,6,1,Jun_W1,0.0,668.0
Boreal Owl,6,2,Jun_W2,0.0,509.0
Boreal Owl,6,3,Jun_W3,0.0,379.0
Boreal Owl,6,4,Jun_W4,0.0,598.0
Boreal Owl,7,1,Jul_W1,0.0,361.0
Boreal Owl,7,2,Jul_W2,0.0,409.0
Boreal Owl,7,3,Jul_W3,0.0,358.0
Boreal Owl,7,4,Jul_W4,0.0,419.0
Boreal Owl,8,1,Aug_W1,0.0,260.0
Boreal Owl,8,2,Aug_W2,0.0,303.0
Boreal Owl,8,3,Aug_W3,0.0,290.0
Boreal Owl,8,4,Aug_W4,0.0,555.0
Boreal Owl,9,1,Sep_W1,0.0,305.0
Boreal Owl,9,2,Sep_W2,0.0,339.0
Boreal Owl,9,3,Sep_W3,0.0,290.0
Boreal Owl,9,4,Sep_W4,0.0,426.0
Boreal Owl,10,1,Oct_W1,0.0,331.0
Boreal Owl,10,2,Oct_W2,0.0,478.0
Boreal Owl,10,3,Oct_W3,0.0,282.0
Boreal Owl,10,4,Oct_W4,0.0,383.0
Boreal Owl,11,1,Nov_W1,0.0054348,184.0
Boreal Owl,11,2,Nov_W2,0.0,136.0
Boreal Owl,11,3,Nov_W3,0.0,89.0
Boreal Owl,11,4,Nov_W4,0.0095238,105.0
Boreal Owl,12,1,Dec_W1,0.0,60.0
Boreal Owl,12,2,Dec_W2,0.0,36.0
Boreal Owl,12,3,Dec_W3,0.0,166.0
Boreal Owl,12,4,Dec_W4,0.0,100.0
Northern Saw-whet Owl,1,1,Jan_W1,0.0,112.0
Northern Saw-whet Owl,1,2,Jan_W2,0.0,94.0
Northern Saw-whet Owl,1,3,Jan_W3,0.0015,145.0
Northern Saw-whet Owl,1,4,Jan_W4,0.0,125.0
Northern Saw-whet Owl,2,1,Feb_W1,0.0086957,115.0
Northern Saw-whet Owl,2,2,Feb_W2,0.0,192.0
Northern Saw-whet Owl,2,3,Feb_W3,0.0050761,197.0
Northern Saw-whet Owl,2,4,Feb_W4,0.0,63.0
Northern Saw-whet Owl,3,1,Mar_W1,0.0015,58.0
Northern Saw-whet Owl,3,2,Mar_W2,0.0,55.0
Northern Saw-whet Owl,3,3,Mar_W3,0.0,78.0
Northern Saw-whet Owl,3,4,Mar_W4,0.0,163.0
Northern Saw-whet Owl,4,1,Apr_W1,0.0015,145.0
Northern Saw-whet Owl,4,2,Apr_W2,0.0,154.0
Northern Saw-whet Owl,4,3,Apr_W3,0.0,157.0
Northern Saw-whet Owl,4,4,Apr_W4,0.0,330.0
Northern Saw-whet Owl,5,1,May_W1,0.0036765,272.0
Northern Saw-whet Owl,5,2,May_W2,0.0026247,381.0
Northern Saw-whet Owl,5,3,May_W3,0.0,561.0
Northern Saw-whet Owl,5,4,May_W4,0.0,986.0
Northern Saw-whet Owl,6,1,Jun_W1,0.0,668.0
Northern Saw-whet Owl,6,2,Jun_W2,0.0019646,509.0
Northern Saw-whet Owl,6,3,Jun_W3,0.0026385,379.0
Northern Saw-whet Owl,6,4,Jun_W4,0.0016722,598.0
Northern Saw-whet Owl,7,1,Jul_W1,0.0015,361.0
Northern Saw-whet Owl,7,2,Jul_W2,0.002445,409.0
Northern Saw-whet Owl,7,3,Jul_W3,0.0,358.0
Northern Saw-whet Owl,7,4,Jul_W4,0.0,419.0
Northern Saw-whet Owl,8,1,Aug_W1,0.0,260.0
Northern Saw-whet Owl,8,2,Aug_W2,0.0,303.0
Northern Saw-whet Owl,8,3,Aug_W3,0.0,290.0
Northern Saw-whet Owl,8,4,Aug_W4,0.0,555.0
Northern Saw-whet Owl,9,1,Sep_W1,0.0,305.0
Northern Saw-whet Owl,9,2,Sep_W2,0.0,339.0
Northern Saw-whet Owl,9,3,Sep_W3,0.0068966,290.0
Northern Saw-whet Owl,9,4,Sep_W4,0.0258216,426.0
Northern Saw-whet Owl,10,1,Oct_W1,0.0392749,331.0
Northern Saw-whet Owl,10,2,Oct_W2,0.0209205,478.0
Northern Saw-whet Owl,10,3,Oct_W3,0.035461,282.0
Northern Saw-whet Owl,10,4,Oct_W4,0.0313316,383.0
Northern Saw-whet Owl,11,1,Nov_W1,0.0597826,184.0
Northern Saw-whet Owl,11,2,Nov_W2,0.0147059,136.0
Northern Saw-whet Owl,11,3,Nov_W3,0.011236,89.0
Northern Saw-whet Owl,11,4,Nov_W4,0.0,105.0
Northern Saw-whet Owl,12,1,Dec_W1,0.0,60.0
Northern Saw-whet Owl,12,2,Dec_W2,0.0,36.0
Northern Saw-whet Owl,12,3,Dec_W3,0.0060241,166.0
Northern Saw-whet Owl,12,4,Dec_W4,0.0,100.0
Belted Kingfisher,1,1,Jan_W1,0.0,112.0
Belted Kingfisher,1,2,Jan_W2,0.0,94.0
Belted Kingfisher,1,3,Jan_W3,0.0068966,145.0
Belted Kingfisher,1,4,Jan_W4,0.0,125.0
Belted Kingfisher,2,1,Feb_W1,0.0086957,115.0
Belted Kingfisher,2,2,Feb_W2,0.0,192.0
Belted Kingfisher,2,3,Feb_W3,0.0,197.0
Belted Kingfisher,2,4,Feb_W4,0.0,63.0
Belted Kingfisher,3,1,Mar_W1,0.0,58.0
Belted Kingfisher,3,2,Mar_W2,0.0,55.0
Belted Kingfisher,3,3,Mar_W3,0.0,78.0
Belted Kingfisher,3,4,Mar_W4,0.0245399,163.0
Belted Kingfisher,4,1,Apr_W1,0.0137931,145.0
Belted Kingfisher,4,2,Apr_W2,0.0714286,154.0
Belted Kingfisher,4,3,Apr_W3,0.0636943,157.0
Belted Kingfisher,4,4,Apr_W4,0.1181818,330.0
Belted Kingfisher,5,1,May_W1,0.0808824,272.0
Belted Kingfisher,5,2,May_W2,0.0682415,381.0
Belted Kingfisher,5,3,May_W3,0.0623886,561.0
Belted Kingfisher,5,4,May_W4,0.0578093,986.0
Belted Kingfisher,6,1,Jun_W1,0.0793413,668.0
Belted Kingfisher,6,2,Jun_W2,0.0609037,509.0
Belted Kingfisher,6,3,Jun_W3,0.0844327,379.0
Belted Kingfisher,6,4,Jun_W4,0.0685619,598.0
Belted Kingfisher,7,1,Jul_W1,0.0775623,361.0
Belted Kingfisher,7,2,Jul_W2,0.1051345,409.0
Belted Kingfisher,7,3,Jul_W3,0.0865922,358.0
Belted Kingfisher,7,4,Jul_W4,0.1169451,419.0
Belted Kingfisher,8,1,Aug_W1,0.1115385,260.0
Belted Kingfisher,8,2,Aug_W2,0.1023102,303.0
Belted Kingfisher,8,3,Aug_W3,0.1517241,290.0
Belted Kingfisher,8,4,Aug_W4,0.163964,555.0
Belted Kingfisher,9,1,Sep_W1,0.2131148,305.0
Belted Kingfisher,9,2,Sep_W2,0.2241888,339.0
Belted Kingfisher,9,3,Sep_W3,0.2551724,290.0
Belted Kingfisher,9,4,Sep_W4,0.1525822,426.0
Belted Kingfisher,10,1,Oct_W1,0.0845921,331.0
Belted Kingfisher,10,2,Oct_W2,0.041841,478.0
Belted Kingfisher,10,3,Oct_W3,0.0035461,282.0
Belted Kingfisher,10,4,Oct_W4,0.0052219,383.0
Belted Kingfisher,11,1,Nov_W1,0.0108696,184.0
Belted Kingfisher,11,2,Nov_W2,0.0,136.0
Belted Kingfisher,11,3,Nov_W3,0.011236,89.0
Belted Kingfisher,11,4,Nov_W4,0.0,105.0
Belted Kingfisher,12,1,Dec_W1,0.0,60.0
Belted Kingfisher,12,2,Dec_W2,0.0,36.0
Belted Kingfisher,12,3,Dec_W3,0.0,166.0
Belted Kingfisher,12,4,Dec_W4,0.0,100.0
Yellow-bellied Sapsucker,1,1,Jan_W1,0.0,112.0
Yellow-bellied Sapsucker,1,2,Jan_W2,0.0,94.0
Yellow-bellied Sapsucker,1,3,Jan_W3,0.0,145.0
Yellow-bellied Sapsucker,1,4,Jan_W4,0.0,125.0
Yellow-bellied Sapsucker,2,1,Feb_W1,0.0,115.0
Yellow-bellied Sapsucker,2,2,Feb_W2,0.0,192.0
Yellow-bellied Sapsucker,2,3,Feb_W3,0.0,197.0
Yellow-bellied Sapsucker,2,4,Feb_W4,0.0,63.0
Yellow-bellied Sapsucker,3,1,Mar_W1,0.0,58.0
Yellow-bellied Sapsucker,3,2,Mar_W2,0.0,55.0
Yellow-bellied Sapsucker,3,3,Mar_W3,0.0,78.0
Yellow-bellied Sapsucker,3,4,Mar_W4,0.0,163.0
Yellow-bellied Sapsucker,4,1,Apr_W1,0.0068966,145.0
Yellow-bellied Sapsucker,4,2,Apr_W2,0.0779221,154.0
Yellow-bellied Sapsucker,4,3,Apr_W3,0.1082803,157.0
Yellow-bellied Sapsucker,4,4,Apr_W4,0.0666667,330.0
Yellow-bellied Sapsucker,5,1,May_W1,0.0367647,272.0
Yellow-bellied Sapsucker,5,2,May_W2,0.0708661,381.0
Yellow-bellied Sapsucker,5,3,May_W3,0.0552585,561.0
Yellow-bellied Sapsucker,5,4,May_W4,0.0557809,986.0
Yellow-bellied Sapsucker,6,1,Jun_W1,0.0853293,668.0
Yellow-bellied Sapsucker,6,2,Jun_W2,0.0609037,509.0
Yellow-bellied Sapsucker,6,3,Jun_W3,0.0369393,379.0
Yellow-bellied Sapsucker,6,4,Jun_W4,0.0668896,598.0
Yellow-bellied Sapsucker,7,1,Jul_W1,0.0277008,361.0
Yellow-bellied Sapsucker,7,2,Jul_W2,0.0366748,409.0
Yellow-bellied Sapsucker,7,3,Jul_W3,0.0363128,358.0
Yellow-bellied Sapsucker,7,4,Jul_W4,0.0119332,419.0
Yellow-bellied Sapsucker,8,1,Aug_W1,0.0307692,260.0
Yellow-bellied Sapsucker,8,2,Aug_W2,0.029703,303.0
Yellow-bellied Sapsucker,8,3,Aug_W3,0.0206897,290.0
Yellow-bellied Sapsucker,8,4,Aug_W4,0.018018,555.0
Yellow-bellied Sapsucker,9,1,Sep_W1,0.0295082,305.0
Yellow-bellied Sapsucker,9,2,Sep_W2,0.0088496,339.0
Yellow-bellied Sapsucker,9,3,Sep_W3,0.0172414,290.0
Yellow-bellied Sapsucker,9,4,Sep_W4,0.0375587,426.0
Yellow-bellied Sapsucker,10,1,Oct_W1,0.0453172,331.0
Yellow-bellied Sapsucker,10,2,Oct_W2,0.0062762,478.0
Yellow-bellied Sapsucker,10,3,Oct_W3,0.0,282.0
Yellow-bellied Sapsucker,10,4,Oct_W4,0.0,383.0
Yellow-bellied Sapsucker,11,1,Nov_W1,0.0,184.0
Yellow-bellied Sapsucker,11,2,Nov_W2,0.0,136.0
Yellow-bellied Sapsucker,11,3,Nov_W3,0.0,89.0
Yellow-bellied Sapsucker,11,4,Nov_W4,0.0,105.0
Yellow-bellied Sapsucker,12,1,Dec_W1,0.0,60.0
Yellow-bellied Sapsucker,12,2,Dec_W2,0.0,36.0
Yellow-bellied Sapsucker,12,3,Dec_W3,0.0,166.0
Yellow-bellied Sapsucker,12,4,Dec_W4,0.0,100.0
Red-headed Woodpecker,1,1,Jan_W1,0.0,112.0
Red-headed Woodpecker,1,2,Jan_W2,0.0,94.0
Red-headed Woodpecker,1,3,Jan_W3,0.0,145.0
Red-headed Woodpecker,1,4,Jan_W4,0.0,125.0
Red-headed Woodpecker,2,1,Feb_W1,0.0,115.0
Red-headed Woodpecker,2,2,Feb_W2,0.0,192.0
Red-headed Woodpecker,2,3,Feb_W3,0.0,197.0
Red-headed Woodpecker,2,4,Feb_W4,0.0,63.0
Red-headed Woodpecker,3,1,Mar_W1,0.0,58.0
Red-headed Woodpecker,3,2,Mar_W2,0.0,55.0
Red-headed Woodpecker,3,3,Mar_W3,0.0,78.0
Red-headed Woodpecker,3,4,Mar_W4,0.0,163.0
Red-headed Woodpecker,4,1,Apr_W1,0.0,145.0
Red-headed Woodpecker,4,2,Apr_W2,0.0,154.0
Red-headed Woodpecker,4,3,Apr_W3,0.0,157.0
Red-headed Woodpecker,4,4,Apr_W4,0.0,330.0
Red-headed Woodpecker,5,1,May_W1,0.0220588,272.0
Red-headed Woodpecker,5,2,May_W2,0.0341207,381.0
Red-headed Woodpecker,5,3,May_W3,0.0748663,561.0
Red-headed Woodpecker,5,4,May_W4,0.0141988,986.0
Red-headed Woodpecker,6,1,Jun_W1,0.005988,668.0
Red-headed Woodpecker,6,2,Jun_W2,0.0039293,509.0
Red-headed Woodpecker,6,3,Jun_W3,0.0026385,379.0
Red-headed Woodpecker,6,4,Jun_W4,0.0050167,598.0
Red-headed Woodpecker,7,1,Jul_W1,0.0138504,361.0
Red-headed Woodpecker,7,2,Jul_W2,0.0015,409.0
Red-headed Woodpecker,7,3,Jul_W3,0.0027933,358.0
Red-headed Woodpecker,7,4,Jul_W4,0.0015,419.0
Red-headed Woodpecker,8,1,Aug_W1,0.0038462,260.0
Red-headed Woodpecker,8,2,Aug_W2,0.0066007,303.0
Red-headed Woodpecker,8,3,Aug_W3,0.0034483,290.0
Red-headed Woodpecker,8,4,Aug_W4,0.0036036,555.0
Red-headed Woodpecker,9,1,Sep_W1,0.0131148,305.0
Red-headed Woodpecker,9,2,Sep_W2,0.0235988,339.0
Red-headed Woodpecker,9,3,Sep_W3,0.0275862,290.0
Red-headed Woodpecker,9,4,Sep_W4,0.0187793,426.0
Red-headed Woodpecker,10,1,Oct_W1,0.0422961,331.0
Red-headed Woodpecker,10,2,Oct_W2,0.0146444,478.0
Red-headed Woodpecker,10,3,Oct_W3,0.0035461,282.0
Red-headed Woodpecker,10,4,Oct_W4,0.0078329,383.0
Red-headed Woodpecker,11,1,Nov_W1,0.0054348,184.0
Red-headed Woodpecker,11,2,Nov_W2,0.0,136.0
Red-headed Woodpecker,11,3,Nov_W3,0.0,89.0
Red-headed Woodpecker,11,4,Nov_W4,0.0,105.0
Red-headed Woodpecker,12,1,Dec_W1,0.0,60.0
Red-headed Woodpecker,12,2,Dec_W2,0.0,36.0
Red-headed Woodpecker,12,3,Dec_W3,0.0,166.0
Red-headed Woodpecker,12,4,Dec_W4,0.0,100.0
Red-bellied Woodpecker,1,1,Jan_W1,0.1071429,112.0
Red-bellied Woodpecker,1,2,Jan_W2,0.0425532,94.0
Red-bellied Woodpecker,1,3,Jan_W3,0.0344828,145.0
Red-bellied Woodpecker,1,4,Jan_W4,0.088,125.0
Red-bellied Woodpecker,2,1,Feb_W1,0.0173913,115.0
Red-bellied Woodpecker,2,2,Feb_W2,0.0572917,192.0
Red-bellied Woodpecker,2,3,Feb_W3,0.1675127,197.0
Red-bellied Woodpecker,2,4,Feb_W4,0.1269841,63.0
Red-bellied Woodpecker,3,1,Mar_W1,0.0,58.0
Red-bellied Woodpecker,3,2,Mar_W2,0.0909091,55.0
Red-bellied Woodpecker,3,3,Mar_W3,0.0512821,78.0
Red-bellied Woodpecker,3,4,Mar_W4,0.0920245,163.0
Red-bellied Woodpecker,4,1,Apr_W1,0.062069,145.0
Red-bellied Woodpecker,4,2,Apr_W2,0.1103896,154.0
Red-bellied Woodpecker,4,3,Apr_W3,0.089172,157.0
Red-bellied Woodpecker,4,4,Apr_W4,0.0515152,330.0
Red-bellied Woodpecker,5,1,May_W1,0.0625,272.0
Red-bellied Woodpecker,5,2,May_W2,0.0813648,381.0
Red-bellied Woodpecker,5,3,May_W3,0.1069519,561.0
Red-bellied Woodpecker,5,4,May_W4,0.0365112,986.0
Red-bellied Woodpecker,6,1,Jun_W1,0.008982,668.0
Red-bellied Woodpecker,6,2,Jun_W2,0.0157171,509.0
Red-bellied Woodpecker,6,3,Jun_W3,0.0026385,379.0
Red-bellied Woodpecker,6,4,Jun_W4,0.0083612,598.0
Red-bellied Woodpecker,7,1,Jul_W1,0.0083102,361.0
Red-bellied Woodpecker,7,2,Jul_W2,0.0122249,409.0
Red-bellied Woodpecker,7,3,Jul_W3,0.0083799,358.0
Red-bellied Woodpecker,7,4,Jul_W4,0.0071599,419.0
Red-bellied Woodpecker,8,1,Aug_W1,0.0038462,260.0
Red-bellied Woodpecker,8,2,Aug_W2,0.0132013,303.0
Red-bellied Woodpecker,8,3,Aug_W3,0.0206897,290.0
Red-bellied Woodpecker,8,4,Aug_W4,0.0144144,555.0
Red-bellied Woodpecker,9,1,Sep_W1,0.0131148,305.0
Red-bellied Woodpecker,9,2,Sep_W2,0.0265487,339.0
Red-bellied Woodpecker,9,3,Sep_W3,0.037931,290.0
Red-bellied Woodpecker,9,4,Sep_W4,0.0375587,426.0
Red-bellied Woodpecker,10,1,Oct_W1,0.0543807,331.0
Red-bellied Woodpecker,10,2,Oct_W2,0.1046025,478.0
Red-bellied Woodpecker,10,3,Oct_W3,0.070922,282.0
Red-bellied Woodpecker,10,4,Oct_W4,0.078329,383.0
Red-bellied Woodpecker,11,1,Nov_W1,0.0597826,184.0
Red-bellied Woodpecker,11,2,Nov_W2,0.0588235,136.0
Red-bellied Woodpecker,11,3,Nov_W3,0.0786517,89.0
Red-bellied Woodpecker,11,4,Nov_W4,0.0952381,105.0
Red-bellied Woodpecker,12,1,Dec_W1,0.0666667,60.0
Red-bellied Woodpecker,12,2,Dec_W2,0.0277778,36.0
Red-bellied Woodpecker,12,3,Dec_W3,0.0783133,166.0
Red-bellied Woodpecker,12,4,Dec_W4,0.07,100.0
Black-backed Woodpecker,1,1,Jan_W1,0.0,112.0
Black-backed Woodpecker,1,2,Jan_W2,0.0,94.0
Black-backed Woodpecker,1,3,Jan_W3,0.0068966,145.0
Black-backed Woodpecker,1,4,Jan_W4,0.0,125.0
Black-backed Woodpecker,2,1,Feb_W1,0.0086957,115.0
Black-backed Woodpecker,2,2,Feb_W2,0.0,192.0
Black-backed Woodpecker,2,3,Feb_W3,0.0015,197.0
Black-backed Woodpecker,2,4,Feb_W4,0.0,63.0
Black-backed Woodpecker,3,1,Mar_W1,0.0,58.0
Black-backed Woodpecker,3,2,Mar_W2,0.0,55.0
Black-backed Woodpecker,3,3,Mar_W3,0.0,78.0
Black-backed Woodpecker,3,4,Mar_W4,0.0,163.0
Black-backed Woodpecker,4,1,Apr_W1,0.0,145.0
Black-backed Woodpecker,4,2,Apr_W2,0.0,154.0
Black-backed Woodpecker,4,3,Apr_W3,0.0,157.0
Black-backed Woodpecker,4,4,Apr_W4,0.0,330.0
Black-backed Woodpecker,5,1,May_W1,0.0,272.0
Black-backed Woodpecker,5,2,May_W2,0.0,381.0
Black-backed Woodpecker,5,3,May_W3,0.0,561.0
Black-backed Woodpecker,5,4,May_W4,0.0,986.0
Black-backed Woodpecker,6,1,Jun_W1,0.0,668.0
Black-backed Woodpecker,6,2,Jun_W2,0.0,509.0
Black-backed Woodpecker,6,3,Jun_W3,0.0,379.0
Black-backed Woodpecker,6,4,Jun_W4,0.0,598.0
Black-backed Woodpecker,7,1,Jul_W1,0.0,361.0
Black-backed Woodpecker,7,2,Jul_W2,0.0015,409.0
Black-backed Woodpecker,7,3,Jul_W3,0.0,358.0
Black-backed Woodpecker,7,4,Jul_W4,0.0015,419.0
Black-backed Woodpecker,8,1,Aug_W1,0.0,260.0
Black-backed Woodpecker,8,2,Aug_W2,0.0,303.0
Black-backed Woodpecker,8,3,Aug_W3,0.0,290.0
Black-backed Woodpecker,8,4,Aug_W4,0.0,555.0
Black-backed Woodpecker,9,1,Sep_W1,0.0032787,305.0
Black-backed Woodpecker,9,2,Sep_W2,0.0,339.0
Black-backed Woodpecker,9,3,Sep_W3,0.0,290.0
Black-backed Woodpecker,9,4,Sep_W4,0.0,426.0
Black-backed Woodpecker,10,1,Oct_W1,0.0,331.0
Black-backed Woodpecker,10,2,Oct_W2,0.0125523,478.0
Black-backed Woodpecker,10,3,Oct_W3,0.0,282.0
Black-backed Woodpecker,10,4,Oct_W4,0.0,383.0
Black-backed Woodpecker,11,1,Nov_W1,0.0,184.0
Black-backed Woodpecker,11,2,Nov_W2,0.0220588,136.0
Black-backed Woodpecker,11,3,Nov_W3,0.0,89.0
Black-backed Woodpecker,11,4,Nov_W4,0.0,105.0
Black-backed Woodpecker,12,1,Dec_W1,0.0,60.0
Black-backed Woodpecker,12,2,Dec_W2,0.0,36.0
Black-backed Woodpecker,12,3,Dec_W3,0.0,166.0
Black-backed Woodpecker,12,4,Dec_W4,0.0,100.0
Downy Woodpecker,1,1,Jan_W1,0.1696429,112.0
Downy Woodpecker,1,2,Jan_W2,0.1276596,94.0
Downy Woodpecker,1,3,Jan_W3,0.1241379,145.0
Downy Woodpecker,1,4,Jan_W4,0.128,125.0
Downy Woodpecker,2,1,Feb_W1,0.1304348,115.0
Downy Woodpecker,2,2,Feb_W2,0.1614583,192.0
Downy Woodpecker,2,3,Feb_W3,0.3350254,197.0
Downy Woodpecker,2,4,Feb_W4,0.2222222,63.0
Downy Woodpecker,3,1,Mar_W1,0.137931,58.0
Downy Woodpecker,3,2,Mar_W2,0.3090909,55.0
Downy Woodpecker,3,3,Mar_W3,0.1923077,78.0
Downy Woodpecker,3,4,Mar_W4,0.1717791,163.0
Downy Woodpecker,4,1,Apr_W1,0.137931,145.0
Downy Woodpecker,4,2,Apr_W2,0.1623377,154.0
Downy Woodpecker,4,3,Apr_W3,0.1464968,157.0
Downy Woodpecker,4,4,Apr_W4,0.1272727,330.0
Downy Woodpecker,5,1,May_W1,0.0919118,272.0
Downy Woodpecker,5,2,May_W2,0.1154856,381.0
Downy Woodpecker,5,3,May_W3,0.1051693,561.0
Downy Woodpecker,5,4,May_W4,0.0567951,986.0
Downy Woodpecker,6,1,Jun_W1,0.0523952,668.0
Downy Woodpecker,6,2,Jun_W2,0.0373281,509.0
Downy Woodpecker,6,3,Jun_W3,0.0395778,379.0
Downy Woodpecker,6,4,Jun_W4,0.0585284,598.0
Downy Woodpecker,7,1,Jul_W1,0.0443213,361.0
Downy Woodpecker,7,2,Jul_W2,0.0709046,409.0
Downy Woodpecker,7,3,Jul_W3,0.1061453,358.0
Downy Woodpecker,7,4,Jul_W4,0.1002387,419.0
Downy Woodpecker,8,1,Aug_W1,0.1038462,260.0
Downy Woodpecker,8,2,Aug_W2,0.0825083,303.0
Downy Woodpecker,8,3,Aug_W3,0.137931,290.0
Downy Woodpecker,8,4,Aug_W4,0.1279279,555.0
Downy Woodpecker,9,1,Sep_W1,0.1442623,305.0
Downy Woodpecker,9,2,Sep_W2,0.2094395,339.0
Downy Woodpecker,9,3,Sep_W3,0.2034483,290.0
Downy Woodpecker,9,4,Sep_W4,0.1690141,426.0
Downy Woodpecker,10,1,Oct_W1,0.1510574,331.0
Downy Woodpecker,10,2,Oct_W2,0.1757322,478.0
Downy Woodpecker,10,3,Oct_W3,0.1666667,282.0
Downy Woodpecker,10,4,Oct_W4,0.1827676,383.0
Downy Woodpecker,11,1,Nov_W1,0.2336957,184.0
Downy Woodpecker,11,2,Nov_W2,0.1764706,136.0
Downy Woodpecker,11,3,Nov_W3,0.2247191,89.0
Downy Woodpecker,11,4,Nov_W4,0.1047619,105.0
Downy Woodpecker,12,1,Dec_W1,0.1333333,60.0
Downy Woodpecker,12,2,Dec_W2,0.0555556,36.0
Downy Woodpecker,12,3,Dec_W3,0.2349398,166.0
Downy Woodpecker,12,4,Dec_W4,0.12,100.0
Hairy Woodpecker,1,1,Jan_W1,0.2142857,112.0
Hairy Woodpecker,1,2,Jan_W2,0.1702128,94.0
Hairy Woodpecker,1,3,Jan_W3,0.1034483,145.0
Hairy Woodpecker,1,4,Jan_W4,0.088,125.0
Hairy Woodpecker,2,1,Feb_W1,0.0869565,115.0
Hairy Woodpecker,2,2,Feb_W2,0.1666667,192.0
Hairy Woodpecker,2,3,Feb_W3,0.2588832,197.0
Hairy Woodpecker,2,4,Feb_W4,0.2380952,63.0
Hairy Woodpecker,3,1,Mar_W1,0.1724138,58.0
Hairy Woodpecker,3,2,Mar_W2,0.2,55.0
Hairy Woodpecker,3,3,Mar_W3,0.1282051,78.0
Hairy Woodpecker,3,4,Mar_W4,0.1472393,163.0
Hairy Woodpecker,4,1,Apr_W1,0.0482759,145.0
Hairy Woodpecker,4,2,Apr_W2,0.0974026,154.0
Hairy Woodpecker,4,3,Apr_W3,0.1082803,157.0
Hairy Woodpecker,4,4,Apr_W4,0.0909091,330.0
Hairy Woodpecker,5,1,May_W1,0.0477941,272.0
Hairy Woodpecker,5,2,May_W2,0.0734908,381.0
Hairy Woodpecker,5,3,May_W3,0.0891266,561.0
Hairy Woodpecker,5,4,May_W4,0.0578093,986.0
Hairy Woodpecker,6,1,Jun_W1,0.0538922,668.0
Hairy Woodpecker,6,2,Jun_W2,0.0609037,509.0
Hairy Woodpecker,6,3,Jun_W3,0.0474934,379.0
Hairy Woodpecker,6,4,Jun_W4,0.0568562,598.0
Hairy Woodpecker,7,1,Jul_W1,0.0304709,361.0
Hairy Woodpecker,7,2,Jul_W2,0.0488998,409.0
Hairy Woodpecker,7,3,Jul_W3,0.0446927,358.0
Hairy Woodpecker,7,4,Jul_W4,0.0548926,419.0
Hairy Woodpecker,8,1,Aug_W1,0.05,260.0
Hairy Woodpecker,8,2,Aug_W2,0.0792079,303.0
Hairy Woodpecker,8,3,Aug_W3,0.0931034,290.0
Hairy Woodpecker,8,4,Aug_W4,0.1153153,555.0
Hairy Woodpecker,9,1,Sep_W1,0.1213115,305.0
Hairy Woodpecker,9,2,Sep_W2,0.120944,339.0
Hairy Woodpecker,9,3,Sep_W3,0.0931034,290.0
Hairy Woodpecker,9,4,Sep_W4,0.1150235,426.0
Hairy Woodpecker,10,1,Oct_W1,0.1268882,331.0
Hairy Woodpecker,10,2,Oct_W2,0.1799163,478.0
Hairy Woodpecker,10,3,Oct_W3,0.1985816,282.0
Hairy Woodpecker,10,4,Oct_W4,0.2506527,383.0
Hairy Woodpecker,11,1,Nov_W1,0.2554348,184.0
Hairy Woodpecker,11,2,Nov_W2,0.1911765,136.0
Hairy Woodpecker,11,3,Nov_W3,0.2022472,89.0
Hairy Woodpecker,11,4,Nov_W4,0.1047619,105.0
Hairy Woodpecker,12,1,Dec_W1,0.0833333,60.0
Hairy Woodpecker,12,2,Dec_W2,0.0555556,36.0
Hairy Woodpecker,12,3,Dec_W3,0.1686747,166.0
Hairy Woodpecker,12,4,Dec_W4,0.12,100.0
Pileated Woodpecker,1,1,Jan_W1,0.1071429,112.0
Pileated Woodpecker,1,2,Jan_W2,0.1595745,94.0
Pileated Woodpecker,1,3,Jan_W3,0.0689655,145.0
Pileated Woodpecker,1,4,Jan_W4,0.064,125.0
Pileated Woodpecker,2,1,Feb_W1,0.1130435,115.0
Pileated Woodpecker,2,2,Feb_W2,0.109375,192.0
Pileated Woodpecker,2,3,Feb_W3,0.1675127,197.0
Pileated Woodpecker,2,4,Feb_W4,0.1587302,63.0
Pileated Woodpecker,3,1,Mar_W1,0.0862069,58.0
Pileated Woodpecker,3,2,Mar_W2,0.1272727,55.0
Pileated Woodpecker,3,3,Mar_W3,0.1282051,78.0
Pileated Woodpecker,3,4,Mar_W4,0.1533742,163.0
Pileated Woodpecker,4,1,Apr_W1,0.062069,145.0
Pileated Woodpecker,4,2,Apr_W2,0.1168831,154.0
Pileated Woodpecker,4,3,Apr_W3,0.1464968,157.0
Pileated Woodpecker,4,4,Apr_W4,0.0818182,330.0
Pileated Woodpecker,5,1,May_W1,0.0698529,272.0
Pileated Woodpecker,5,2,May_W2,0.0813648,381.0
Pileated Woodpecker,5,3,May_W3,0.0944742,561.0
Pileated Woodpecker,5,4,May_W4,0.0740365,986.0
Pileated Woodpecker,6,1,Jun_W1,0.0763473,668.0
Pileated Woodpecker,6,2,Jun_W2,0.0687623,509.0
Pileated Woodpecker,6,3,Jun_W3,0.0659631,379.0
Pileated Woodpecker,6,4,Jun_W4,0.0652174,598.0
Pileated Woodpecker,7,1,Jul_W1,0.0637119,361.0
Pileated Woodpecker,7,2,Jul_W2,0.0611247,409.0
Pileated Woodpecker,7,3,Jul_W3,0.0614525,358.0
Pileated Woodpecker,7,4,Jul_W4,0.0501193,419.0
Pileated Woodpecker,8,1,Aug_W1,0.0653846,260.0
Pileated Woodpecker,8,2,Aug_W2,0.0528053,303.0
Pileated Woodpecker,8,3,Aug_W3,0.1,290.0
Pileated Woodpecker,8,4,Aug_W4,0.0990991,555.0
Pileated Woodpecker,9,1,Sep_W1,0.2098361,305.0
Pileated Woodpecker,9,2,Sep_W2,0.1917404,339.0
Pileated Woodpecker,9,3,Sep_W3,0.1793103,290.0
Pileated Woodpecker,9,4,Sep_W4,0.1455399,426.0
Pileated Woodpecker,10,1,Oct_W1,0.1329305,331.0
Pileated Woodpecker,10,2,Oct_W2,0.1317992,478.0
Pileated Woodpecker,10,3,Oct_W3,0.1276596,282.0
Pileated Woodpecker,10,4,Oct_W4,0.1723238,383.0
Pileated Woodpecker,11,1,Nov_W1,0.1141304,184.0
Pileated Woodpecker,11,2,Nov_W2,0.1029412,136.0
Pileated Woodpecker,11,3,Nov_W3,0.1797753,89.0
Pileated Woodpecker,11,4,Nov_W4,0.1047619,105.0
Pileated Woodpecker,12,1,Dec_W1,0.1166667,60.0
Pileated Woodpecker,12,2,Dec_W2,0.0555556,36.0
Pileated Woodpecker,12,3,Dec_W3,0.1987952,166.0
Pileated Woodpecker,12,4,Dec_W4,0.13,100.0
Northern Flicker,1,1,Jan_W1,0.0,112.0
Northern Flicker,1,2,Jan_W2,0.0,94.0
Northern Flicker,1,3,Jan_W3,0.0,145.0
Northern Flicker,1,4,Jan_W4,0.0,125.0
Northern Flicker,2,1,Feb_W1,0.0,115.0
Northern Flicker,2,2,Feb_W2,0.0,192.0
Northern Flicker,2,3,Feb_W3,0.0,197.0
Northern Flicker,2,4,Feb_W4,0.0,63.0
Northern Flicker,3,1,Mar_W1,0.0,58.0
Northern Flicker,3,2,Mar_W2,0.0,55.0
Northern Flicker,3,3,Mar_W3,0.0128205,78.0
Northern Flicker,3,4,Mar_W4,0.0306748,163.0
Northern Flicker,4,1,Apr_W1,0.0413793,145.0
Northern Flicker,4,2,Apr_W2,0.2532468,154.0
Northern Flicker,4,3,Apr_W3,0.343949,157.0
Northern Flicker,4,4,Apr_W4,0.3666667,330.0
Northern Flicker,5,1,May_W1,0.3639706,272.0
Northern Flicker,5,2,May_W2,0.2545932,381.0
Northern Flicker,5,3,May_W3,0.2442068,561.0
Northern Flicker,5,4,May_W4,0.1795132,986.0
Northern Flicker,6,1,Jun_W1,0.1497006,668.0
Northern Flicker,6,2,Jun_W2,0.1532417,509.0
Northern Flicker,6,3,Jun_W3,0.1398417,379.0
Northern Flicker,6,4,Jun_W4,0.1939799,598.0
Northern Flicker,7,1,Jul_W1,0.1301939,361.0
Northern Flicker,7,2,Jul_W2,0.1515892,409.0
Northern Flicker,7,3,Jul_W3,0.1424581,358.0
Northern Flicker,7,4,Jul_W4,0.1551313,419.0
Northern Flicker,8,1,Aug_W1,0.1153846,260.0
Northern Flicker,8,2,Aug_W2,0.1254125,303.0
Northern Flicker,8,3,Aug_W3,0.1965517,290.0
Northern Flicker,8,4,Aug_W4,0.245045,555.0
Northern Flicker,9,1,Sep_W1,0.3442623,305.0
Northern Flicker,9,2,Sep_W2,0.3628319,339.0
Northern Flicker,9,3,Sep_W3,0.3724138,290.0
Northern Flicker,9,4,Sep_W4,0.2605634,426.0
Northern Flicker,10,1,Oct_W1,0.1389728,331.0
Northern Flicker,10,2,Oct_W2,0.0313808,478.0
Northern Flicker,10,3,Oct_W3,0.0390071,282.0
Northern Flicker,10,4,Oct_W4,0.0130548,383.0
Northern Flicker,11,1,Nov_W1,0.0163043,184.0
Northern Flicker,11,2,Nov_W2,0.0,136.0
Northern Flicker,11,3,Nov_W3,0.011236,89.0
Northern Flicker,11,4,Nov_W4,0.0,105.0
Northern Flicker,12,1,Dec_W1,0.0,60.0
Northern Flicker,12,2,Dec_W2,0.0,36.0
Northern Flicker,12,3,Dec_W3,0.0,166.0
Northern Flicker,12,4,Dec_W4,0.0,100.0
Crested Caracara,1,1,Jan_W1,0.0,112.0
Crested Caracara,1,2,Jan_W2,0.0,94.0
Crested Caracara,1,3,Jan_W3,0.0,145.0
Crested Caracara,1,4,Jan_W4,0.0,125.0
Crested Caracara,2,1,Feb_W1,0.0,115.0
Crested Caracara,2,2,Feb_W2,0.0,192.0
Crested Caracara,2,3,Feb_W3,0.0,197.0
Crested Caracara,2,4,Feb_W4,0.0,63.0
Crested Caracara,3,1,Mar_W1,0.0,58.0
Crested Caracara,3,2,Mar_W2,0.0,55.0
Crested Caracara,3,3,Mar_W3,0.0,78.0
Crested Caracara,3,4,Mar_W4,0.0,163.0
Crested Caracara,4,1,Apr_W1,0.0,145.0
Crested Caracara,4,2,Apr_W2,0.0,154.0
Crested Caracara,4,3,Apr_W3,0.0,157.0
Crested Caracara,4,4,Apr_W4,0.0,330.0
Crested Caracara,5,1,May_W1,0.0036765,272.0
Crested Caracara,5,2,May_W2,0.0,381.0
Crested Caracara,5,3,May_W3,0.0,561.0
Crested Caracara,5,4,May_W4,0.0060852,986.0
Crested Caracara,6,1,Jun_W1,0.0,668.0
Crested Caracara,6,2,Jun_W2,0.0,509.0
Crested Caracara,6,3,Jun_W3,0.0,379.0
Crested Caracara,6,4,Jun_W4,0.0,598.0
Crested Caracara,7,1,Jul_W1,0.0,361.0
Crested Caracara,7,2,Jul_W2,0.0,409.0
Crested Caracara,7,3,Jul_W3,0.0,358.0
Crested Caracara,7,4,Jul_W4,0.0,419.0
Crested Caracara,8,1,Aug_W1,0.0,260.0
Crested Caracara,8,2,Aug_W2,0.0,303.0
Crested Caracara,8,3,Aug_W3,0.0,290.0
Crested Caracara,8,4,Aug_W4,0.0,555.0
Crested Caracara,9,1,Sep_W1,0.0,305.0
Crested Caracara,9,2,Sep_W2,0.0,339.0
Crested Caracara,9,3,Sep_W3,0.0,290.0
Crested Caracara,9,4,Sep_W4,0.0,426.0
Crested Caracara,10,1,Oct_W1,0.0,331.0
Crested Caracara,10,2,Oct_W2,0.0,478.0
Crested Caracara,10,3,Oct_W3,0.0,282.0
Crested Caracara,10,4,Oct_W4,0.0,383.0
Crested Caracara,11,1,Nov_W1,0.0,184.0
Crested Caracara,11,2,Nov_W2,0.0,136.0
Crested Caracara,11,3,Nov_W3,0.0,89.0
Crested Caracara,11,4,Nov_W4,0.0,105.0
Crested Caracara,12,1,Dec_W1,0.0,60.0
Crested Caracara,12,2,Dec_W2,0.0,36.0
Crested Caracara,12,3,Dec_W3,0.0,166.0
Crested Caracara,12,4,Dec_W4,0.0,100.0
American Kestrel,1,1,Jan_W1,0.0,112.0
American Kestrel,1,2,Jan_W2,0.0,94.0
American Kestrel,1,3,Jan_W3,0.0,145.0
American Kestrel,1,4,Jan_W4,0.0,125.0
American Kestrel,2,1,Feb_W1,0.0,115.0
American Kestrel,2,2,Feb_W2,0.0052083,192.0
American Kestrel,2,3,Feb_W3,0.0,197.0
American Kestrel,2,4,Feb_W4,0.0,63.0
American Kestrel,3,1,Mar_W1,0.0,58.0
American Kestrel,3,2,Mar_W2,0.0,55.0
American Kestrel,3,3,Mar_W3,0.025641,78.0
American Kestrel,3,4,Mar_W4,0.0490798,163.0
American Kestrel,4,1,Apr_W1,0.0551724,145.0
American Kestrel,4,2,Apr_W2,0.1168831,154.0
American Kestrel,4,3,Apr_W3,0.1464968,157.0
American Kestrel,4,4,Apr_W4,0.1666667,330.0
American Kestrel,5,1,May_W1,0.1360294,272.0
American Kestrel,5,2,May_W2,0.0866142,381.0
American Kestrel,5,3,May_W3,0.0338681,561.0
American Kestrel,5,4,May_W4,0.030426,986.0
American Kestrel,6,1,Jun_W1,0.0134731,668.0
American Kestrel,6,2,Jun_W2,0.0157171,509.0
American Kestrel,6,3,Jun_W3,0.0158311,379.0
American Kestrel,6,4,Jun_W4,0.0183946,598.0
American Kestrel,7,1,Jul_W1,0.0138504,361.0
American Kestrel,7,2,Jul_W2,0.0171149,409.0
American Kestrel,7,3,Jul_W3,0.0167598,358.0
American Kestrel,7,4,Jul_W4,0.0214797,419.0
American Kestrel,8,1,Aug_W1,0.0153846,260.0
American Kestrel,8,2,Aug_W2,0.0033003,303.0
American Kestrel,8,3,Aug_W3,0.0551724,290.0
American Kestrel,8,4,Aug_W4,0.0990991,555.0
American Kestrel,9,1,Sep_W1,0.1606557,305.0
American Kestrel,9,2,Sep_W2,0.2477876,339.0
American Kestrel,9,3,Sep_W3,0.3137931,290.0
American Kestrel,9,4,Sep_W4,0.2910798,426.0
American Kestrel,10,1,Oct_W1,0.1993958,331.0
American Kestrel,10,2,Oct_W2,0.0920502,478.0
American Kestrel,10,3,Oct_W3,0.0531915,282.0
American Kestrel,10,4,Oct_W4,0.0339426,383.0
American Kestrel,11,1,Nov_W1,0.0326087,184.0
American Kestrel,11,2,Nov_W2,0.0,136.0
American Kestrel,11,3,Nov_W3,0.0,89.0
American Kestrel,11,4,Nov_W4,0.0,105.0
American Kestrel,12,1,Dec_W1,0.0166667,60.0
American Kestrel,12,2,Dec_W2,0.0,36.0
American Kestrel,12,3,Dec_W3,0.0,166.0
American Kestrel,12,4,Dec_W4,0.0,100.0
Merlin,1,1,Jan_W1,0.0,112.0
Merlin,1,2,Jan_W2,0.0,94.0
Merlin,1,3,Jan_W3,0.0,145.0
Merlin,1,4,Jan_W4,0.008,125.0
Merlin,2,1,Feb_W1,0.0,115.0
Merlin,2,2,Feb_W2,0.0104167,192.0
Merlin,2,3,Feb_W3,0.0101523,197.0
Merlin,2,4,Feb_W4,0.015873,63.0
Merlin,3,1,Mar_W1,0.0,58.0
Merlin,3,2,Mar_W2,0.0363636,55.0
Merlin,3,3,Mar_W3,0.0128205,78.0
Merlin,3,4,Mar_W4,0.1288344,163.0
Merlin,4,1,Apr_W1,0.1172414,145.0
Merlin,4,2,Apr_W2,0.1363636,154.0
Merlin,4,3,Apr_W3,0.1146497,157.0
Merlin,4,4,Apr_W4,0.1121212,330.0
Merlin,5,1,May_W1,0.1360294,272.0
Merlin,5,2,May_W2,0.0629921,381.0
Merlin,5,3,May_W3,0.0926916,561.0
Merlin,5,4,May_W4,0.0365112,986.0
Merlin,6,1,Jun_W1,0.0299401,668.0
Merlin,6,2,Jun_W2,0.0235756,509.0
Merlin,6,3,Jun_W3,0.0395778,379.0
Merlin,6,4,Jun_W4,0.0334448,598.0
Merlin,7,1,Jul_W1,0.0249307,361.0
Merlin,7,2,Jul_W2,0.0391198,409.0
Merlin,7,3,Jul_W3,0.0614525,358.0
Merlin,7,4,Jul_W4,0.0644391,419.0
Merlin,8,1,Aug_W1,0.0769231,260.0
Merlin,8,2,Aug_W2,0.0660066,303.0
Merlin,8,3,Aug_W3,0.1137931,290.0
Merlin,8,4,Aug_W4,0.1927928,555.0
Merlin,9,1,Sep_W1,0.2327869,305.0
Merlin,9,2,Sep_W2,0.3067847,339.0
Merlin,9,3,Sep_W3,0.2724138,290.0
Merlin,9,4,Sep_W4,0.2535211,426.0
Merlin,10,1,Oct_W1,0.1903323,331.0
Merlin,10,2,Oct_W2,0.2426778,478.0
Merlin,10,3,Oct_W3,0.1808511,282.0
Merlin,10,4,Oct_W4,0.1436031,383.0
Merlin,11,1,Nov_W1,0.1413043,184.0
Merlin,11,2,Nov_W2,0.0955882,136.0
Merlin,11,3,Nov_W3,0.0449438,89.0
Merlin,11,4,Nov_W4,0.0095238,105.0
Merlin,12,1,Dec_W1,0.0,60.0
Merlin,12,2,Dec_W2,0.0,36.0
Merlin,12,3,Dec_W3,0.0120482,166.0
Merlin,12,4,Dec_W4,0.0,100.0
Peregrine Falcon,1,1,Jan_W1,0.0,112.0
Peregrine Falcon,1,2,Jan_W2,0.0,94.0
Peregrine Falcon,1,3,Jan_W3,0.0,145.0
Peregrine Falcon,1,4,Jan_W4,0.0,125.0
Peregrine Falcon,2,1,Feb_W1,0.0,115.0
Peregrine Falcon,2,2,Feb_W2,0.0,192.0
Peregrine Falcon,2,3,Feb_W3,0.0,197.0
Peregrine Falcon,2,4,Feb_W4,0.0,63.0
Peregrine Falcon,3,1,Mar_W1,0.0,58.0
Peregrine Falcon,3,2,Mar_W2,0.0,55.0
Peregrine Falcon,3,3,Mar_W3,0.0128205,78.0
Peregrine Falcon,3,4,Mar_W4,0.0184049,163.0
Peregrine Falcon,4,1,Apr_W1,0.0275862,145.0
Peregrine Falcon,4,2,Apr_W2,0.0324675,154.0
Peregrine Falcon,4,3,Apr_W3,0.0254777,157.0
Peregrine Falcon,4,4,Apr_W4,0.0393939,330.0
Peregrine Falcon,5,1,May_W1,0.0330882,272.0
Peregrine Falcon,5,2,May_W2,0.023622,381.0
Peregrine Falcon,5,3,May_W3,0.0196078,561.0
Peregrine Falcon,5,4,May_W4,0.0040568,986.0
Peregrine Falcon,6,1,Jun_W1,0.002994,668.0
Peregrine Falcon,6,2,Jun_W2,0.0019646,509.0
Peregrine Falcon,6,3,Jun_W3,0.0015,379.0
Peregrine Falcon,6,4,Jun_W4,0.0015,598.0
Peregrine Falcon,7,1,Jul_W1,0.0015,361.0
Peregrine Falcon,7,2,Jul_W2,0.0015,409.0
Peregrine Falcon,7,3,Jul_W3,0.0015,358.0
Peregrine Falcon,7,4,Jul_W4,0.0023866,419.0
Peregrine Falcon,8,1,Aug_W1,0.0038462,260.0
Peregrine Falcon,8,2,Aug_W2,0.0033003,303.0
Peregrine Falcon,8,3,Aug_W3,0.0275862,290.0
Peregrine Falcon,8,4,Aug_W4,0.0414414,555.0
Peregrine Falcon,9,1,Sep_W1,0.1180328,305.0
Peregrine Falcon,9,2,Sep_W2,0.0914454,339.0
Peregrine Falcon,9,3,Sep_W3,0.1103448,290.0
Peregrine Falcon,9,4,Sep_W4,0.1596244,426.0
Peregrine Falcon,10,1,Oct_W1,0.1661631,331.0
Peregrine Falcon,10,2,Oct_W2,0.0878661,478.0
Peregrine Falcon,10,3,Oct_W3,0.0425532,282.0
Peregrine Falcon,10,4,Oct_W4,0.0234987,383.0
Peregrine Falcon,11,1,Nov_W1,0.0543478,184.0
Peregrine Falcon,11,2,Nov_W2,0.0367647,136.0
Peregrine Falcon,11,3,Nov_W3,0.0449438,89.0
Peregrine Falcon,11,4,Nov_W4,0.0190476,105.0
Peregrine Falcon,12,1,Dec_W1,0.0,60.0
Peregrine Falcon,12,2,Dec_W2,0.0,36.0
Peregrine Falcon,12,3,Dec_W3,0.0060241,166.0
Peregrine Falcon,12,4,Dec_W4,0.0,100.0
Olive-sided Flycatcher,1,1,Jan_W1,0.0,112.0
Olive-sided Flycatcher,1,2,Jan_W2,0.0,94.0
Olive-sided Flycatcher,1,3,Jan_W3,0.0,145.0
Olive-sided Flycatcher,1,4,Jan_W4,0.0,125.0
Olive-sided Flycatcher,2,1,Feb_W1,0.0,115.0
Olive-sided Flycatcher,2,2,Feb_W2,0.0,192.0
Olive-sided Flycatcher,2,3,Feb_W3,0.0,197.0
Olive-sided Flycatcher,2,4,Feb_W4,0.0,63.0
Olive-sided Flycatcher,3,1,Mar_W1,0.0,58.0
Olive-sided Flycatcher,3,2,Mar_W2,0.0,55.0
Olive-sided Flycatcher,3,3,Mar_W3,0.0,78.0
Olive-sided Flycatcher,3,4,Mar_W4,0.0,163.0
Olive-sided Flycatcher,4,1,Apr_W1,0.0,145.0
Olive-sided Flycatcher,4,2,Apr_W2,0.0,154.0
Olive-sided Flycatcher,4,3,Apr_W3,0.0,157.0
Olive-sided Flycatcher,4,4,Apr_W4,0.0,330.0
Olive-sided Flycatcher,5,1,May_W1,0.0,272.0
Olive-sided Flycatcher,5,2,May_W2,0.0,381.0
Olive-sided Flycatcher,5,3,May_W3,0.0017825,561.0
Olive-sided Flycatcher,5,4,May_W4,0.0141988,986.0
Olive-sided Flycatcher,6,1,Jun_W1,0.008982,668.0
Olive-sided Flycatcher,6,2,Jun_W2,0.0039293,509.0
Olive-sided Flycatcher,6,3,Jun_W3,0.0026385,379.0
Olive-sided Flycatcher,6,4,Jun_W4,0.0033445,598.0
Olive-sided Flycatcher,7,1,Jul_W1,0.0,361.0
Olive-sided Flycatcher,7,2,Jul_W2,0.0015,409.0
Olive-sided Flycatcher,7,3,Jul_W3,0.0,358.0
Olive-sided Flycatcher,7,4,Jul_W4,0.0047733,419.0
Olive-sided Flycatcher,8,1,Aug_W1,0.0076923,260.0
Olive-sided Flycatcher,8,2,Aug_W2,0.0,303.0
Olive-sided Flycatcher,8,3,Aug_W3,0.0103448,290.0
Olive-sided Flycatcher,8,4,Aug_W4,0.0162162,555.0
Olive-sided Flycatcher,9,1,Sep_W1,0.0032787,305.0
Olive-sided Flycatcher,9,2,Sep_W2,0.0,339.0
Olive-sided Flycatcher,9,3,Sep_W3,0.0,290.0
Olive-sided Flycatcher,9,4,Sep_W4,0.0,426.0
Olive-sided Flycatcher,10,1,Oct_W1,0.0,331.0
Olive-sided Flycatcher,10,2,Oct_W2,0.0,478.0
Olive-sided Flycatcher,10,3,Oct_W3,0.0,282.0
Olive-sided Flycatcher,10,4,Oct_W4,0.0,383.0
Olive-sided Flycatcher,11,1,Nov_W1,0.0,184.0
Olive-sided Flycatcher,11,2,Nov_W2,0.0,136.0
Olive-sided Flycatcher,11,3,Nov_W3,0.0,89.0
Olive-sided Flycatcher,11,4,Nov_W4,0.0,105.0
Olive-sided Flycatcher,12,1,Dec_W1,0.0,60.0
Olive-sided Flycatcher,12,2,Dec_W2,0.0,36.0
Olive-sided Flycatcher,12,3,Dec_W3,0.0,166.0
Olive-sided Flycatcher,12,4,Dec_W4,0.0,100.0
Eastern Wood-Pewee,1,1,Jan_W1,0.0,112.0
Eastern Wood-Pewee,1,2,Jan_W2,0.0,94.0
Eastern Wood-Pewee,1,3,Jan_W3,0.0,145.0
Eastern Wood-Pewee,1,4,Jan_W4,0.0,125.0
Eastern Wood-Pewee,2,1,Feb_W1,0.0,115.0
Eastern Wood-Pewee,2,2,Feb_W2,0.0,192.0
Eastern Wood-Pewee,2,3,Feb_W3,0.0,197.0
Eastern Wood-Pewee,2,4,Feb_W4,0.0,63.0
Eastern Wood-Pewee,3,1,Mar_W1,0.0,58.0
Eastern Wood-Pewee,3,2,Mar_W2,0.0,55.0
Eastern Wood-Pewee,3,3,Mar_W3,0.0,78.0
Eastern Wood-Pewee,3,4,Mar_W4,0.0,163.0
Eastern Wood-Pewee,4,1,Apr_W1,0.0,145.0
Eastern Wood-Pewee,4,2,Apr_W2,0.0,154.0
Eastern Wood-Pewee,4,3,Apr_W3,0.0,157.0
Eastern Wood-Pewee,4,4,Apr_W4,0.0,330.0
Eastern Wood-Pewee,5,1,May_W1,0.0,272.0
Eastern Wood-Pewee,5,2,May_W2,0.0052493,381.0
Eastern Wood-Pewee,5,3,May_W3,0.0463458,561.0
Eastern Wood-Pewee,5,4,May_W4,0.0699797,986.0
Eastern Wood-Pewee,6,1,Jun_W1,0.0943114,668.0
Eastern Wood-Pewee,6,2,Jun_W2,0.0884086,509.0
Eastern Wood-Pewee,6,3,Jun_W3,0.060686,379.0
Eastern Wood-Pewee,6,4,Jun_W4,0.0936455,598.0
Eastern Wood-Pewee,7,1,Jul_W1,0.0554017,361.0
Eastern Wood-Pewee,7,2,Jul_W2,0.0635697,409.0
Eastern Wood-Pewee,7,3,Jul_W3,0.0698324,358.0
Eastern Wood-Pewee,7,4,Jul_W4,0.0883055,419.0
Eastern Wood-Pewee,8,1,Aug_W1,0.0923077,260.0
Eastern Wood-Pewee,8,2,Aug_W2,0.0759076,303.0
Eastern Wood-Pewee,8,3,Aug_W3,0.0965517,290.0
Eastern Wood-Pewee,8,4,Aug_W4,0.0648649,555.0
Eastern Wood-Pewee,9,1,Sep_W1,0.0262295,305.0
Eastern Wood-Pewee,9,2,Sep_W2,0.0176991,339.0
Eastern Wood-Pewee,9,3,Sep_W3,0.0,290.0
Eastern Wood-Pewee,9,4,Sep_W4,0.0023474,426.0
Eastern Wood-Pewee,10,1,Oct_W1,0.0,331.0
Eastern Wood-Pewee,10,2,Oct_W2,0.0,478.0
Eastern Wood-Pewee,10,3,Oct_W3,0.0,282.0
Eastern Wood-Pewee,10,4,Oct_W4,0.0,383.0
Eastern Wood-Pewee,11,1,Nov_W1,0.0,184.0
Eastern Wood-Pewee,11,2,Nov_W2,0.0,136.0
Eastern Wood-Pewee,11,3,Nov_W3,0.0,89.0
Eastern Wood-Pewee,11,4,Nov_W4,0.0,105.0
Eastern Wood-Pewee,12,1,Dec_W1,0.0,60.0
Eastern Wood-Pewee,12,2,Dec_W2,0.0,36.0
Eastern Wood-Pewee,12,3,Dec_W3,0.0,166.0
Eastern Wood-Pewee,12,4,Dec_W4,0.0,100.0
Yellow-bellied Flycatcher,1,1,Jan_W1,0.0,112.0
Yellow-bellied Flycatcher,1,2,Jan_W2,0.0,94.0
Yellow-bellied Flycatcher,1,3,Jan_W3,0.0,145.0
Yellow-bellied Flycatcher,1,4,Jan_W4,0.0,125.0
Yellow-bellied Flycatcher,2,1,Feb_W1,0.0,115.0
Yellow-bellied Flycatcher,2,2,Feb_W2,0.0,192.0
Yellow-bellied Flycatcher,2,3,Feb_W3,0.0,197.0
Yellow-bellied Flycatcher,2,4,Feb_W4,0.0,63.0
Yellow-bellied Flycatcher,3,1,Mar_W1,0.0,58.0
Yellow-bellied Flycatcher,3,2,Mar_W2,0.0,55.0
Yellow-bellied Flycatcher,3,3,Mar_W3,0.0,78.0
Yellow-bellied Flycatcher,3,4,Mar_W4,0.0,163.0
Yellow-bellied Flycatcher,4,1,Apr_W1,0.0,145.0
Yellow-bellied Flycatcher,4,2,Apr_W2,0.0,154.0
Yellow-bellied Flycatcher,4,3,Apr_W3,0.0,157.0
Yellow-bellied Flycatcher,4,4,Apr_W4,0.0,330.0
Yellow-bellied Flycatcher,5,1,May_W1,0.0,272.0
Yellow-bellied Flycatcher,5,2,May_W2,0.0,381.0
Yellow-bellied Flycatcher,5,3,May_W3,0.0053476,561.0
Yellow-bellied Flycatcher,5,4,May_W4,0.0111562,986.0
Yellow-bellied Flycatcher,6,1,Jun_W1,0.0134731,668.0
Yellow-bellied Flycatcher,6,2,Jun_W2,0.0078585,509.0
Yellow-bellied Flycatcher,6,3,Jun_W3,0.0026385,379.0
Yellow-bellied Flycatcher,6,4,Jun_W4,0.0016722,598.0
Yellow-bellied Flycatcher,7,1,Jul_W1,0.0027701,361.0
Yellow-bellied Flycatcher,7,2,Jul_W2,0.0015,409.0
Yellow-bellied Flycatcher,7,3,Jul_W3,0.0,358.0
Yellow-bellied Flycatcher,7,4,Jul_W4,0.0015,419.0
Yellow-bellied Flycatcher,8,1,Aug_W1,0.0076923,260.0
Yellow-bellied Flycatcher,8,2,Aug_W2,0.0132013,303.0
Yellow-bellied Flycatcher,8,3,Aug_W3,0.0103448,290.0
Yellow-bellied Flycatcher,8,4,Aug_W4,0.0144144,555.0
Yellow-bellied Flycatcher,9,1,Sep_W1,0.0065574,305.0
Yellow-bellied Flycatcher,9,2,Sep_W2,0.0,339.0
Yellow-bellied Flycatcher,9,3,Sep_W3,0.0,290.0
Yellow-bellied Flycatcher,9,4,Sep_W4,0.0,426.0
Yellow-bellied Flycatcher,10,1,Oct_W1,0.0,331.0
Yellow-bellied Flycatcher,10,2,Oct_W2,0.0,478.0
Yellow-bellied Flycatcher,10,3,Oct_W3,0.0,282.0
Yellow-bellied Flycatcher,10,4,Oct_W4,0.0,383.0
Yellow-bellied Flycatcher,11,1,Nov_W1,0.0,184.0
Yellow-bellied Flycatcher,11,2,Nov_W2,0.0,136.0
Yellow-bellied Flycatcher,11,3,Nov_W3,0.0,89.0
Yellow-bellied Flycatcher,11,4,Nov_W4,0.0,105.0
Yellow-bellied Flycatcher,12,1,Dec_W1,0.0,60.0
Yellow-bellied Flycatcher,12,2,Dec_W2,0.0,36.0
Yellow-bellied Flycatcher,12,3,Dec_W3,0.0,166.0
Yellow-bellied Flycatcher,12,4,Dec_W4,0.0,100.0
Alder Flycatcher,1,1,Jan_W1,0.0,112.0
Alder Flycatcher,1,2,Jan_W2,0.0,94.0
Alder Flycatcher,1,3,Jan_W3,0.0,145.0
Alder Flycatcher,1,4,Jan_W4,0.0,125.0
Alder Flycatcher,2,1,Feb_W1,0.0,115.0
Alder Flycatcher,2,2,Feb_W2,0.0,192.0
Alder Flycatcher,2,3,Feb_W3,0.0,197.0
Alder Flycatcher,2,4,Feb_W4,0.0,63.0
Alder Flycatcher,3,1,Mar_W1,0.0,58.0
Alder Flycatcher,3,2,Mar_W2,0.0,55.0
Alder Flycatcher,3,3,Mar_W3,0.0,78.0
Alder Flycatcher,3,4,Mar_W4,0.0,163.0
Alder Flycatcher,4,1,Apr_W1,0.0,145.0
Alder Flycatcher,4,2,Apr_W2,0.0,154.0
Alder Flycatcher,4,3,Apr_W3,0.0,157.0
Alder Flycatcher,4,4,Apr_W4,0.0,330.0
Alder Flycatcher,5,1,May_W1,0.0,272.0
Alder Flycatcher,5,2,May_W2,0.0026247,381.0
Alder Flycatcher,5,3,May_W3,0.0196078,561.0
Alder Flycatcher,5,4,May_W4,0.1298174,986.0
Alder Flycatcher,6,1,Jun_W1,0.1811377,668.0
Alder Flycatcher,6,2,Jun_W2,0.1119843,509.0
Alder Flycatcher,6,3,Jun_W3,0.0949868,379.0
Alder Flycatcher,6,4,Jun_W4,0.0535117,598.0
Alder Flycatcher,7,1,Jul_W1,0.0110803,361.0
Alder Flycatcher,7,2,Jul_W2,0.0220049,409.0
Alder Flycatcher,7,3,Jul_W3,0.0558659,358.0
Alder Flycatcher,7,4,Jul_W4,0.052506,419.0
Alder Flycatcher,8,1,Aug_W1,0.0384615,260.0
Alder Flycatcher,8,2,Aug_W2,0.009901,303.0
Alder Flycatcher,8,3,Aug_W3,0.0068966,290.0
Alder Flycatcher,8,4,Aug_W4,0.0108108,555.0
Alder Flycatcher,9,1,Sep_W1,0.0,305.0
Alder Flycatcher,9,2,Sep_W2,0.0,339.0
Alder Flycatcher,9,3,Sep_W3,0.0,290.0
Alder Flycatcher,9,4,Sep_W4,0.0,426.0
Alder Flycatcher,10,1,Oct_W1,0.0,331.0
Alder Flycatcher,10,2,Oct_W2,0.0,478.0
Alder Flycatcher,10,3,Oct_W3,0.0,282.0
Alder Flycatcher,10,4,Oct_W4,0.0,383.0
Alder Flycatcher,11,1,Nov_W1,0.0,184.0
Alder Flycatcher,11,2,Nov_W2,0.0,136.0
Alder Flycatcher,11,3,Nov_W3,0.0,89.0
Alder Flycatcher,11,4,Nov_W4,0.0,105.0
Alder Flycatcher,12,1,Dec_W1,0.0,60.0
Alder Flycatcher,12,2,Dec_W2,0.0,36.0
Alder Flycatcher,12,3,Dec_W3,0.0,166.0
Alder Flycatcher,12,4,Dec_W4,0.0,100.0
Willow Flycatcher,1,1,Jan_W1,0.0,112.0
Willow Flycatcher,1,2,Jan_W2,0.0,94.0
Willow Flycatcher,1,3,Jan_W3,0.0,145.0
Willow Flycatcher,1,4,Jan_W4,0.0,125.0
Willow Flycatcher,2,1,Feb_W1,0.0,115.0
Willow Flycatcher,2,2,Feb_W2,0.0,192.0
Willow Flycatcher,2,3,Feb_W3,0.0,197.0
Willow Flycatcher,2,4,Feb_W4,0.0,63.0
Willow Flycatcher,3,1,Mar_W1,0.0,58.0
Willow Flycatcher,3,2,Mar_W2,0.0,55.0
Willow Flycatcher,3,3,Mar_W3,0.0,78.0
Willow Flycatcher,3,4,Mar_W4,0.0,163.0
Willow Flycatcher,4,1,Apr_W1,0.0,145.0
Willow Flycatcher,4,2,Apr_W2,0.0,154.0
Willow Flycatcher,4,3,Apr_W3,0.0,157.0
Willow Flycatcher,4,4,Apr_W4,0.0,330.0
Willow Flycatcher,5,1,May_W1,0.0,272.0
Willow Flycatcher,5,2,May_W2,0.0,381.0
Willow Flycatcher,5,3,May_W3,0.0,561.0
Willow Flycatcher,5,4,May_W4,0.0010142,986.0
Willow Flycatcher,6,1,Jun_W1,0.0,668.0
Willow Flycatcher,6,2,Jun_W2,0.0039293,509.0
Willow Flycatcher,6,3,Jun_W3,0.0015,379.0
Willow Flycatcher,6,4,Jun_W4,0.0,598.0
Willow Flycatcher,7,1,Jul_W1,0.0,361.0
Willow Flycatcher,7,2,Jul_W2,0.0,409.0
Willow Flycatcher,7,3,Jul_W3,0.0027933,358.0
Willow Flycatcher,7,4,Jul_W4,0.0,419.0
Willow Flycatcher,8,1,Aug_W1,0.0,260.0
Willow Flycatcher,8,2,Aug_W2,0.0,303.0
Willow Flycatcher,8,3,Aug_W3,0.0,290.0
Willow Flycatcher,8,4,Aug_W4,0.0,555.0
Willow Flycatcher,9,1,Sep_W1,0.0,305.0
Willow Flycatcher,9,2,Sep_W2,0.0,339.0
Willow Flycatcher,9,3,Sep_W3,0.0,290.0
Willow Flycatcher,9,4,Sep_W4,0.0,426.0
Willow Flycatcher,10,1,Oct_W1,0.0,331.0
Willow Flycatcher,10,2,Oct_W2,0.0,478.0
Willow Flycatcher,10,3,Oct_W3,0.0,282.0
Willow Flycatcher,10,4,Oct_W4,0.0,383.0
Willow Flycatcher,11,1,Nov_W1,0.0,184.0
Willow Flycatcher,11,2,Nov_W2,0.0,136.0
Willow Flycatcher,11,3,Nov_W3,0.0,89.0
Willow Flycatcher,11,4,Nov_W4,0.0,105.0
Willow Flycatcher,12,1,Dec_W1,0.0,60.0
Willow Flycatcher,12,2,Dec_W2,0.0,36.0
Willow Flycatcher,12,3,Dec_W3,0.0,166.0
Willow Flycatcher,12,4,Dec_W4,0.0,100.0
Least Flycatcher,1,1,Jan_W1,0.0,112.0
Least Flycatcher,1,2,Jan_W2,0.0,94.0
Least Flycatcher,1,3,Jan_W3,0.0,145.0
Least Flycatcher,1,4,Jan_W4,0.0,125.0
Least Flycatcher,2,1,Feb_W1,0.0,115.0
Least Flycatcher,2,2,Feb_W2,0.0,192.0
Least Flycatcher,2,3,Feb_W3,0.0,197.0
Least Flycatcher,2,4,Feb_W4,0.0,63.0
Least Flycatcher,3,1,Mar_W1,0.0,58.0
Least Flycatcher,3,2,Mar_W2,0.0,55.0
Least Flycatcher,3,3,Mar_W3,0.0,78.0
Least Flycatcher,3,4,Mar_W4,0.0,163.0
Least Flycatcher,4,1,Apr_W1,0.0,145.0
Least Flycatcher,4,2,Apr_W2,0.0,154.0
Least Flycatcher,4,3,Apr_W3,0.0,157.0
Least Flycatcher,4,4,Apr_W4,0.0,330.0
Least Flycatcher,5,1,May_W1,0.0147059,272.0
Least Flycatcher,5,2,May_W2,0.0524934,381.0
Least Flycatcher,5,3,May_W3,0.1319073,561.0
Least Flycatcher,5,4,May_W4,0.0649087,986.0
Least Flycatcher,6,1,Jun_W1,0.0344311,668.0
Least Flycatcher,6,2,Jun_W2,0.0353635,509.0
Least Flycatcher,6,3,Jun_W3,0.0237467,379.0
Least Flycatcher,6,4,Jun_W4,0.0401338,598.0
Least Flycatcher,7,1,Jul_W1,0.0277008,361.0
Least Flycatcher,7,2,Jul_W2,0.0244499,409.0
Least Flycatcher,7,3,Jul_W3,0.0195531,358.0
Least Flycatcher,7,4,Jul_W4,0.0,419.0
Least Flycatcher,8,1,Aug_W1,0.0115385,260.0
Least Flycatcher,8,2,Aug_W2,0.0264026,303.0
Least Flycatcher,8,3,Aug_W3,0.0655172,290.0
Least Flycatcher,8,4,Aug_W4,0.027027,555.0
Least Flycatcher,9,1,Sep_W1,0.0262295,305.0
Least Flycatcher,9,2,Sep_W2,0.0294985,339.0
Least Flycatcher,9,3,Sep_W3,0.0,290.0
Least Flycatcher,9,4,Sep_W4,0.0023474,426.0
Least Flycatcher,10,1,Oct_W1,0.0,331.0
Least Flycatcher,10,2,Oct_W2,0.0,478.0
Least Flycatcher,10,3,Oct_W3,0.0,282.0
Least Flycatcher,10,4,Oct_W4,0.0,383.0
Least Flycatcher,11,1,Nov_W1,0.0,184.0
Least Flycatcher,11,2,Nov_W2,0.0,136.0
Least Flycatcher,11,3,Nov_W3,0.0,89.0
Least Flycatcher,11,4,Nov_W4,0.0,105.0
Least Flycatcher,12,1,Dec_W1,0.0,60.0
Least Flycatcher,12,2,Dec_W2,0.0,36.0
Least Flycatcher,12,3,Dec_W3,0.0,166.0
Least Flycatcher,12,4,Dec_W4,0.0,100.0
Eastern Phoebe,1,1,Jan_W1,0.0,112.0
Eastern Phoebe,1,2,Jan_W2,0.0,94.0
Eastern Phoebe,1,3,Jan_W3,0.0,145.0
Eastern Phoebe,1,4,Jan_W4,0.0,125.0
Eastern Phoebe,2,1,Feb_W1,0.0,115.0
Eastern Phoebe,2,2,Feb_W2,0.0,192.0
Eastern Phoebe,2,3,Feb_W3,0.0,197.0
Eastern Phoebe,2,4,Feb_W4,0.0,63.0
Eastern Phoebe,3,1,Mar_W1,0.0,58.0
Eastern Phoebe,3,2,Mar_W2,0.0,55.0
Eastern Phoebe,3,3,Mar_W3,0.0,78.0
Eastern Phoebe,3,4,Mar_W4,0.0,163.0
Eastern Phoebe,4,1,Apr_W1,0.0137931,145.0
Eastern Phoebe,4,2,Apr_W2,0.1168831,154.0
Eastern Phoebe,4,3,Apr_W3,0.1401274,157.0
Eastern Phoebe,4,4,Apr_W4,0.0969697,330.0
Eastern Phoebe,5,1,May_W1,0.0367647,272.0
Eastern Phoebe,5,2,May_W2,0.0314961,381.0
Eastern Phoebe,5,3,May_W3,0.0374332,561.0
Eastern Phoebe,5,4,May_W4,0.0486815,986.0
Eastern Phoebe,6,1,Jun_W1,0.0538922,668.0
Eastern Phoebe,6,2,Jun_W2,0.0373281,509.0
Eastern Phoebe,6,3,Jun_W3,0.0343008,379.0
Eastern Phoebe,6,4,Jun_W4,0.0301003,598.0
Eastern Phoebe,7,1,Jul_W1,0.0415512,361.0
Eastern Phoebe,7,2,Jul_W2,0.0317848,409.0
Eastern Phoebe,7,3,Jul_W3,0.0223464,358.0
Eastern Phoebe,7,4,Jul_W4,0.0357995,419.0
Eastern Phoebe,8,1,Aug_W1,0.0230769,260.0
Eastern Phoebe,8,2,Aug_W2,0.0363036,303.0
Eastern Phoebe,8,3,Aug_W3,0.0448276,290.0
Eastern Phoebe,8,4,Aug_W4,0.0504505,555.0
Eastern Phoebe,9,1,Sep_W1,0.0491803,305.0
Eastern Phoebe,9,2,Sep_W2,0.0442478,339.0
Eastern Phoebe,9,3,Sep_W3,0.0275862,290.0
Eastern Phoebe,9,4,Sep_W4,0.028169,426.0
Eastern Phoebe,10,1,Oct_W1,0.0120846,331.0
Eastern Phoebe,10,2,Oct_W2,0.0,478.0
Eastern Phoebe,10,3,Oct_W3,0.0015,282.0
Eastern Phoebe,10,4,Oct_W4,0.002611,383.0
Eastern Phoebe,11,1,Nov_W1,0.0,184.0
Eastern Phoebe,11,2,Nov_W2,0.0,136.0
Eastern Phoebe,11,3,Nov_W3,0.0,89.0
Eastern Phoebe,11,4,Nov_W4,0.0,105.0
Eastern Phoebe,12,1,Dec_W1,0.0,60.0
Eastern Phoebe,12,2,Dec_W2,0.0,36.0
Eastern Phoebe,12,3,Dec_W3,0.0,166.0
Eastern Phoebe,12,4,Dec_W4,0.0,100.0
Say's Phoebe,1,1,Jan_W1,0.0,112.0
Say's Phoebe,1,2,Jan_W2,0.0,94.0
Say's Phoebe,1,3,Jan_W3,0.0,145.0
Say's Phoebe,1,4,Jan_W4,0.0,125.0
Say's Phoebe,2,1,Feb_W1,0.0,115.0
Say's Phoebe,2,2,Feb_W2,0.0,192.0
Say's Phoebe,2,3,Feb_W3,0.0,197.0
Say's Phoebe,2,4,Feb_W4,0.0,63.0
Say's Phoebe,3,1,Mar_W1,0.0,58.0
Say's Phoebe,3,2,Mar_W2,0.0,55.0
Say's Phoebe,3,3,Mar_W3,0.0,78.0
Say's Phoebe,3,4,Mar_W4,0.0,163.0
Say's Phoebe,4,1,Apr_W1,0.0,145.0
Say's Phoebe,4,2,Apr_W2,0.0,154.0
Say's Phoebe,4,3,Apr_W3,0.0,157.0
Say's Phoebe,4,4,Apr_W4,0.0,330.0
Say's Phoebe,5,1,May_W1,0.0,272.0
Say's Phoebe,5,2,May_W2,0.0,381.0
Say's Phoebe,5,3,May_W3,0.0,561.0
Say's Phoebe,5,4,May_W4,0.0,986.0
Say's Phoebe,6,1,Jun_W1,0.0,668.0
Say's Phoebe,6,2,Jun_W2,0.0,509.0
Say's Phoebe,6,3,Jun_W3,0.0,379.0
Say's Phoebe,6,4,Jun_W4,0.0,598.0
Say's Phoebe,7,1,Jul_W1,0.0,361.0
Say's Phoebe,7,2,Jul_W2,0.0,409.0
Say's Phoebe,7,3,Jul_W3,0.0,358.0
Say's Phoebe,7,4,Jul_W4,0.0,419.0
Say's Phoebe,8,1,Aug_W1,0.0,260.0
Say's Phoebe,8,2,Aug_W2,0.0,303.0
Say's Phoebe,8,3,Aug_W3,0.0,290.0
Say's Phoebe,8,4,Aug_W4,0.0,555.0
Say's Phoebe,9,1,Sep_W1,0.0,305.0
Say's Phoebe,9,2,Sep_W2,0.0015,339.0
Say's Phoebe,9,3,Sep_W3,0.0,290.0
Say's Phoebe,9,4,Sep_W4,0.0,426.0
Say's Phoebe,10,1,Oct_W1,0.0,331.0
Say's Phoebe,10,2,Oct_W2,0.0,478.0
Say's Phoebe,10,3,Oct_W3,0.0,282.0
Say's Phoebe,10,4,Oct_W4,0.0,383.0
Say's Phoebe,11,1,Nov_W1,0.0,184.0
Say's Phoebe,11,2,Nov_W2,0.0,136.0
Say's Phoebe,11,3,Nov_W3,0.0,89.0
Say's Phoebe,11,4,Nov_W4,0.0,105.0
Say's Phoebe,12,1,Dec_W1,0.0,60.0
Say's Phoebe,12,2,Dec_W2,0.0,36.0
Say's Phoebe,12,3,Dec_W3,0.0,166.0
Say's Phoebe,12,4,Dec_W4,0.0,100.0
Ash-throated Flycatcher,1,1,Jan_W1,0.0,112.0
Ash-throated Flycatcher,1,2,Jan_W2,0.0,94.0
Ash-throated Flycatcher,1,3,Jan_W3,0.0,145.0
Ash-throated Flycatcher,1,4,Jan_W4,0.0,125.0
Ash-throated Flycatcher,2,1,Feb_W1,0.0,115.0
Ash-throated Flycatcher,2,2,Feb_W2,0.0,192.0
Ash-throated Flycatcher,2,3,Feb_W3,0.0,197.0
Ash-throated Flycatcher,2,4,Feb_W4,0.0,63.0
Ash-throated Flycatcher,3,1,Mar_W1,0.0,58.0
Ash-throated Flycatcher,3,2,Mar_W2,0.0,55.0
Ash-throated Flycatcher,3,3,Mar_W3,0.0,78.0
Ash-throated Flycatcher,3,4,Mar_W4,0.0,163.0
Ash-throated Flycatcher,4,1,Apr_W1,0.0,145.0
Ash-throated Flycatcher,4,2,Apr_W2,0.0,154.0
Ash-throated Flycatcher,4,3,Apr_W3,0.0,157.0
Ash-throated Flycatcher,4,4,Apr_W4,0.0,330.0
Ash-throated Flycatcher,5,1,May_W1,0.0,272.0
Ash-throated Flycatcher,5,2,May_W2,0.0,381.0
Ash-throated Flycatcher,5,3,May_W3,0.0,561.0
Ash-throated Flycatcher,5,4,May_W4,0.0,986.0
Ash-throated Flycatcher,6,1,Jun_W1,0.0,668.0
Ash-throated Flycatcher,6,2,Jun_W2,0.0,509.0
Ash-throated Flycatcher,6,3,Jun_W3,0.0,379.0
Ash-throated Flycatcher,6,4,Jun_W4,0.0,598.0
Ash-throated Flycatcher,7,1,Jul_W1,0.0,361.0
Ash-throated Flycatcher,7,2,Jul_W2,0.0,409.0
Ash-throated Flycatcher,7,3,Jul_W3,0.0,358.0
Ash-throated Flycatcher,7,4,Jul_W4,0.0,419.0
Ash-throated Flycatcher,8,1,Aug_W1,0.0,260.0
Ash-throated Flycatcher,8,2,Aug_W2,0.0,303.0
Ash-throated Flycatcher,8,3,Aug_W3,0.0,290.0
Ash-throated Flycatcher,8,4,Aug_W4,0.0,555.0
Ash-throated Flycatcher,9,1,Sep_W1,0.0,305.0
Ash-throated Flycatcher,9,2,Sep_W2,0.0,339.0
Ash-throated Flycatcher,9,3,Sep_W3,0.0,290.0
Ash-throated Flycatcher,9,4,Sep_W4,0.0,426.0
Ash-throated Flycatcher,10,1,Oct_W1,0.0,331.0
Ash-throated Flycatcher,10,2,Oct_W2,0.0,478.0
Ash-throated Flycatcher,10,3,Oct_W3,0.0,282.0
Ash-throated Flycatcher,10,4,Oct_W4,0.0015,383.0
Ash-throated Flycatcher,11,1,Nov_W1,0.0,184.0
Ash-throated Flycatcher,11,2,Nov_W2,0.0,136.0
Ash-throated Flycatcher,11,3,Nov_W3,0.0,89.0
Ash-throated Flycatcher,11,4,Nov_W4,0.0,105.0
Ash-throated Flycatcher,12,1,Dec_W1,0.0,60.0
Ash-throated Flycatcher,12,2,Dec_W2,0.0,36.0
Ash-throated Flycatcher,12,3,Dec_W3,0.0,166.0
Ash-throated Flycatcher,12,4,Dec_W4,0.0,100.0
Great Crested Flycatcher,1,1,Jan_W1,0.0,112.0
Great Crested Flycatcher,1,2,Jan_W2,0.0,94.0
Great Crested Flycatcher,1,3,Jan_W3,0.0,145.0
Great Crested Flycatcher,1,4,Jan_W4,0.0,125.0
Great Crested Flycatcher,2,1,Feb_W1,0.0,115.0
Great Crested Flycatcher,2,2,Feb_W2,0.0,192.0
Great Crested Flycatcher,2,3,Feb_W3,0.0,197.0
Great Crested Flycatcher,2,4,Feb_W4,0.0,63.0
Great Crested Flycatcher,3,1,Mar_W1,0.0,58.0
Great Crested Flycatcher,3,2,Mar_W2,0.0,55.0
Great Crested Flycatcher,3,3,Mar_W3,0.0,78.0
Great Crested Flycatcher,3,4,Mar_W4,0.0,163.0
Great Crested Flycatcher,4,1,Apr_W1,0.0,145.0
Great Crested Flycatcher,4,2,Apr_W2,0.0,154.0
Great Crested Flycatcher,4,3,Apr_W3,0.0,157.0
Great Crested Flycatcher,4,4,Apr_W4,0.0,330.0
Great Crested Flycatcher,5,1,May_W1,0.0036765,272.0
Great Crested Flycatcher,5,2,May_W2,0.0341207,381.0
Great Crested Flycatcher,5,3,May_W3,0.0926916,561.0
Great Crested Flycatcher,5,4,May_W4,0.1004057,986.0
Great Crested Flycatcher,6,1,Jun_W1,0.1511976,668.0
Great Crested Flycatcher,6,2,Jun_W2,0.1394892,509.0
Great Crested Flycatcher,6,3,Jun_W3,0.1029024,379.0
Great Crested Flycatcher,6,4,Jun_W4,0.1003344,598.0
Great Crested Flycatcher,7,1,Jul_W1,0.0609418,361.0
Great Crested Flycatcher,7,2,Jul_W2,0.0317848,409.0
Great Crested Flycatcher,7,3,Jul_W3,0.0502793,358.0
Great Crested Flycatcher,7,4,Jul_W4,0.0572792,419.0
Great Crested Flycatcher,8,1,Aug_W1,0.0423077,260.0
Great Crested Flycatcher,8,2,Aug_W2,0.0231023,303.0
Great Crested Flycatcher,8,3,Aug_W3,0.0344828,290.0
Great Crested Flycatcher,8,4,Aug_W4,0.018018,555.0
Great Crested Flycatcher,9,1,Sep_W1,0.0131148,305.0
Great Crested Flycatcher,9,2,Sep_W2,0.0058997,339.0
Great Crested Flycatcher,9,3,Sep_W3,0.0,290.0
Great Crested Flycatcher,9,4,Sep_W4,0.0,426.0
Great Crested Flycatcher,10,1,Oct_W1,0.0,331.0
Great Crested Flycatcher,10,2,Oct_W2,0.0,478.0
Great Crested Flycatcher,10,3,Oct_W3,0.0,282.0
Great Crested Flycatcher,10,4,Oct_W4,0.0,383.0
Great Crested Flycatcher,11,1,Nov_W1,0.0,184.0
Great Crested Flycatcher,11,2,Nov_W2,0.0,136.0
Great Crested Flycatcher,11,3,Nov_W3,0.0,89.0
Great Crested Flycatcher,11,4,Nov_W4,0.0,105.0
Great Crested Flycatcher,12,1,Dec_W1,0.0,60.0
Great Crested Flycatcher,12,2,Dec_W2,0.0,36.0
Great Crested Flycatcher,12,3,Dec_W3,0.0,166.0
Great Crested Flycatcher,12,4,Dec_W4,0.0,100.0
Western Kingbird,1,1,Jan_W1,0.0,112.0
Western Kingbird,1,2,Jan_W2,0.0,94.0
Western Kingbird,1,3,Jan_W3,0.0,145.0
Western Kingbird,1,4,Jan_W4,0.0,125.0
Western Kingbird,2,1,Feb_W1,0.0,115.0
Western Kingbird,2,2,Feb_W2,0.0,192.0
Western Kingbird,2,3,Feb_W3,0.0,197.0
Western Kingbird,2,4,Feb_W4,0.0,63.0
Western Kingbird,3,1,Mar_W1,0.0,58.0
Western Kingbird,3,2,Mar_W2,0.0,55.0
Western Kingbird,3,3,Mar_W3,0.0,78.0
Western Kingbird,3,4,Mar_W4,0.0,163.0
Western Kingbird,4,1,Apr_W1,0.0,145.0
Western Kingbird,4,2,Apr_W2,0.0,154.0
Western Kingbird,4,3,Apr_W3,0.0,157.0
Western Kingbird,4,4,Apr_W4,0.0,330.0
Western Kingbird,5,1,May_W1,0.0,272.0
Western Kingbird,5,2,May_W2,0.0,381.0
Western Kingbird,5,3,May_W3,0.0015,561.0
Western Kingbird,5,4,May_W4,0.0,986.0
Western Kingbird,6,1,Jun_W1,0.0,668.0
Western Kingbird,6,2,Jun_W2,0.0,509.0
Western Kingbird,6,3,Jun_W3,0.0,379.0
Western Kingbird,6,4,Jun_W4,0.0,598.0
Western Kingbird,7,1,Jul_W1,0.0,361.0
Western Kingbird,7,2,Jul_W2,0.0,409.0
Western Kingbird,7,3,Jul_W3,0.0,358.0
Western Kingbird,7,4,Jul_W4,0.0,419.0
Western Kingbird,8,1,Aug_W1,0.0,260.0
Western Kingbird,8,2,Aug_W2,0.0,303.0
Western Kingbird,8,3,Aug_W3,0.0,290.0
Western Kingbird,8,4,Aug_W4,0.0,555.0
Western Kingbird,9,1,Sep_W1,0.0,305.0
Western Kingbird,9,2,Sep_W2,0.0,339.0
Western Kingbird,9,3,Sep_W3,0.0,290.0
Western Kingbird,9,4,Sep_W4,0.0023474,426.0
Western Kingbird,10,1,Oct_W1,0.0030211,331.0
Western Kingbird,10,2,Oct_W2,0.0,478.0
Western Kingbird,10,3,Oct_W3,0.0,282.0
Western Kingbird,10,4,Oct_W4,0.0052219,383.0
Western Kingbird,11,1,Nov_W1,0.0,184.0
Western Kingbird,11,2,Nov_W2,0.0,136.0
Western Kingbird,11,3,Nov_W3,0.0,89.0
Western Kingbird,11,4,Nov_W4,0.0,105.0
Western Kingbird,12,1,Dec_W1,0.0,60.0
Western Kingbird,12,2,Dec_W2,0.0,36.0
Western Kingbird,12,3,Dec_W3,0.0,166.0
Western Kingbird,12,4,Dec_W4,0.0,100.0
Eastern Kingbird,1,1,Jan_W1,0.0,112.0
Eastern Kingbird,1,2,Jan_W2,0.0,94.0
Eastern Kingbird,1,3,Jan_W3,0.0,145.0
Eastern Kingbird,1,4,Jan_W4,0.0,125.0
Eastern Kingbird,2,1,Feb_W1,0.0,115.0
Eastern Kingbird,2,2,Feb_W2,0.0,192.0
Eastern Kingbird,2,3,Feb_W3,0.0,197.0
Eastern Kingbird,2,4,Feb_W4,0.0,63.0
Eastern Kingbird,3,1,Mar_W1,0.0,58.0
Eastern Kingbird,3,2,Mar_W2,0.0,55.0
Eastern Kingbird,3,3,Mar_W3,0.0,78.0
Eastern Kingbird,3,4,Mar_W4,0.0,163.0
Eastern Kingbird,4,1,Apr_W1,0.0,145.0
Eastern Kingbird,4,2,Apr_W2,0.0,154.0
Eastern Kingbird,4,3,Apr_W3,0.0,157.0
Eastern Kingbird,4,4,Apr_W4,0.0,330.0
Eastern Kingbird,5,1,May_W1,0.0183824,272.0
Eastern Kingbird,5,2,May_W2,0.0551181,381.0
Eastern Kingbird,5,3,May_W3,0.1354724,561.0
Eastern Kingbird,5,4,May_W4,0.1409736,986.0
Eastern Kingbird,6,1,Jun_W1,0.1032934,668.0
Eastern Kingbird,6,2,Jun_W2,0.0451866,509.0
Eastern Kingbird,6,3,Jun_W3,0.0580475,379.0
Eastern Kingbird,6,4,Jun_W4,0.0602007,598.0
Eastern Kingbird,7,1,Jul_W1,0.033241,361.0
Eastern Kingbird,7,2,Jul_W2,0.0611247,409.0
Eastern Kingbird,7,3,Jul_W3,0.0502793,358.0
Eastern Kingbird,7,4,Jul_W4,0.0811456,419.0
Eastern Kingbird,8,1,Aug_W1,0.0461538,260.0
Eastern Kingbird,8,2,Aug_W2,0.0528053,303.0
Eastern Kingbird,8,3,Aug_W3,0.0931034,290.0
Eastern Kingbird,8,4,Aug_W4,0.1153153,555.0
Eastern Kingbird,9,1,Sep_W1,0.042623,305.0
Eastern Kingbird,9,2,Sep_W2,0.0176991,339.0
Eastern Kingbird,9,3,Sep_W3,0.0,290.0
Eastern Kingbird,9,4,Sep_W4,0.0,426.0
Eastern Kingbird,10,1,Oct_W1,0.0,331.0
Eastern Kingbird,10,2,Oct_W2,0.0,478.0
Eastern Kingbird,10,3,Oct_W3,0.0,282.0
Eastern Kingbird,10,4,Oct_W4,0.0,383.0
Eastern Kingbird,11,1,Nov_W1,0.0,184.0
Eastern Kingbird,11,2,Nov_W2,0.0,136.0
Eastern Kingbird,11,3,Nov_W3,0.0,89.0
Eastern Kingbird,11,4,Nov_W4,0.0,105.0
Eastern Kingbird,12,1,Dec_W1,0.0,60.0
Eastern Kingbird,12,2,Dec_W2,0.0,36.0
Eastern Kingbird,12,3,Dec_W3,0.0,166.0
Eastern Kingbird,12,4,Dec_W4,0.0,100.0
Scissor-tailed Flycatcher,1,1,Jan_W1,0.0,112.0
Scissor-tailed Flycatcher,1,2,Jan_W2,0.0,94.0
Scissor-tailed Flycatcher,1,3,Jan_W3,0.0,145.0
Scissor-tailed Flycatcher,1,4,Jan_W4,0.0,125.0
Scissor-tailed Flycatcher,2,1,Feb_W1,0.0,115.0
Scissor-tailed Flycatcher,2,2,Feb_W2,0.0,192.0
Scissor-tailed Flycatcher,2,3,Feb_W3,0.0,197.0
Scissor-tailed Flycatcher,2,4,Feb_W4,0.0,63.0
Scissor-tailed Flycatcher,3,1,Mar_W1,0.0,58.0
Scissor-tailed Flycatcher,3,2,Mar_W2,0.0,55.0
Scissor-tailed Flycatcher,3,3,Mar_W3,0.0,78.0
Scissor-tailed Flycatcher,3,4,Mar_W4,0.0,163.0
Scissor-tailed Flycatcher,4,1,Apr_W1,0.0,145.0
Scissor-tailed Flycatcher,4,2,Apr_W2,0.0,154.0
Scissor-tailed Flycatcher,4,3,Apr_W3,0.0,157.0
Scissor-tailed Flycatcher,4,4,Apr_W4,0.0,330.0
Scissor-tailed Flycatcher,5,1,May_W1,0.0,272.0
Scissor-tailed Flycatcher,5,2,May_W2,0.0,381.0
Scissor-tailed Flycatcher,5,3,May_W3,0.0035651,561.0
Scissor-tailed Flycatcher,5,4,May_W4,0.0,986.0
Scissor-tailed Flycatcher,6,1,Jun_W1,0.0,668.0
Scissor-tailed Flycatcher,6,2,Jun_W2,0.0,509.0
Scissor-tailed Flycatcher,6,3,Jun_W3,0.0,379.0
Scissor-tailed Flycatcher,6,4,Jun_W4,0.0,598.0
Scissor-tailed Flycatcher,7,1,Jul_W1,0.0,361.0
Scissor-tailed Flycatcher,7,2,Jul_W2,0.0,409.0
Scissor-tailed Flycatcher,7,3,Jul_W3,0.0,358.0
Scissor-tailed Flycatcher,7,4,Jul_W4,0.0,419.0
Scissor-tailed Flycatcher,8,1,Aug_W1,0.0038462,260.0
Scissor-tailed Flycatcher,8,2,Aug_W2,0.0,303.0
Scissor-tailed Flycatcher,8,3,Aug_W3,0.0,290.0
Scissor-tailed Flycatcher,8,4,Aug_W4,0.0,555.0
Scissor-tailed Flycatcher,9,1,Sep_W1,0.0,305.0
Scissor-tailed Flycatcher,9,2,Sep_W2,0.0,339.0
Scissor-tailed Flycatcher,9,3,Sep_W3,0.0,290.0
Scissor-tailed Flycatcher,9,4,Sep_W4,0.0,426.0
Scissor-tailed Flycatcher,10,1,Oct_W1,0.0,331.0
Scissor-tailed Flycatcher,10,2,Oct_W2,0.0041841,478.0
Scissor-tailed Flycatcher,10,3,Oct_W3,0.0,282.0
Scissor-tailed Flycatcher,10,4,Oct_W4,0.0,383.0
Scissor-tailed Flycatcher,11,1,Nov_W1,0.0,184.0
Scissor-tailed Flycatcher,11,2,Nov_W2,0.0,136.0
Scissor-tailed Flycatcher,11,3,Nov_W3,0.0,89.0
Scissor-tailed Flycatcher,11,4,Nov_W4,0.0,105.0
Scissor-tailed Flycatcher,12,1,Dec_W1,0.0,60.0
Scissor-tailed Flycatcher,12,2,Dec_W2,0.0,36.0
Scissor-tailed Flycatcher,12,3,Dec_W3,0.0,166.0
Scissor-tailed Flycatcher,12,4,Dec_W4,0.0,100.0
White-eyed Vireo,1,1,Jan_W1,0.0,112.0
White-eyed Vireo,1,2,Jan_W2,0.0,94.0
White-eyed Vireo,1,3,Jan_W3,0.0,145.0
White-eyed Vireo,1,4,Jan_W4,0.0,125.0
White-eyed Vireo,2,1,Feb_W1,0.0,115.0
White-eyed Vireo,2,2,Feb_W2,0.0,192.0
White-eyed Vireo,2,3,Feb_W3,0.0,197.0
White-eyed Vireo,2,4,Feb_W4,0.0,63.0
White-eyed Vireo,3,1,Mar_W1,0.0,58.0
White-eyed Vireo,3,2,Mar_W2,0.0,55.0
White-eyed Vireo,3,3,Mar_W3,0.0,78.0
White-eyed Vireo,3,4,Mar_W4,0.0,163.0
White-eyed Vireo,4,1,Apr_W1,0.0,145.0
White-eyed Vireo,4,2,Apr_W2,0.0,154.0
White-eyed Vireo,4,3,Apr_W3,0.0,157.0
White-eyed Vireo,4,4,Apr_W4,0.0,330.0
White-eyed Vireo,5,1,May_W1,0.0,272.0
White-eyed Vireo,5,2,May_W2,0.0,381.0
White-eyed Vireo,5,3,May_W3,0.0015,561.0
White-eyed Vireo,5,4,May_W4,0.0,986.0
White-eyed Vireo,6,1,Jun_W1,0.0,668.0
White-eyed Vireo,6,2,Jun_W2,0.0,509.0
White-eyed Vireo,6,3,Jun_W3,0.0,379.0
White-eyed Vireo,6,4,Jun_W4,0.0,598.0
White-eyed Vireo,7,1,Jul_W1,0.0,361.0
White-eyed Vireo,7,2,Jul_W2,0.0,409.0
White-eyed Vireo,7,3,Jul_W3,0.0,358.0
White-eyed Vireo,7,4,Jul_W4,0.0,419.0
White-eyed Vireo,8,1,Aug_W1,0.0,260.0
White-eyed Vireo,8,2,Aug_W2,0.0,303.0
White-eyed Vireo,8,3,Aug_W3,0.0,290.0
White-eyed Vireo,8,4,Aug_W4,0.0,555.0
White-eyed Vireo,9,1,Sep_W1,0.0,305.0
White-eyed Vireo,9,2,Sep_W2,0.0,339.0
White-eyed Vireo,9,3,Sep_W3,0.0,290.0
White-eyed Vireo,9,4,Sep_W4,0.0,426.0
White-eyed Vireo,10,1,Oct_W1,0.0,331.0
White-eyed Vireo,10,2,Oct_W2,0.0,478.0
White-eyed Vireo,10,3,Oct_W3,0.0,282.0
White-eyed Vireo,10,4,Oct_W4,0.0,383.0
White-eyed Vireo,11,1,Nov_W1,0.0,184.0
White-eyed Vireo,11,2,Nov_W2,0.0,136.0
White-eyed Vireo,11,3,Nov_W3,0.0,89.0
White-eyed Vireo,11,4,Nov_W4,0.0,105.0
White-eyed Vireo,12,1,Dec_W1,0.0,60.0
White-eyed Vireo,12,2,Dec_W2,0.0,36.0
White-eyed Vireo,12,3,Dec_W3,0.0,166.0
White-eyed Vireo,12,4,Dec_W4,0.0,100.0
Yellow-throated Vireo,1,1,Jan_W1,0.0,112.0
Yellow-throated Vireo,1,2,Jan_W2,0.0,94.0
Yellow-throated Vireo,1,3,Jan_W3,0.0,145.0
Yellow-throated Vireo,1,4,Jan_W4,0.0,125.0
Yellow-throated Vireo,2,1,Feb_W1,0.0,115.0
Yellow-throated Vireo,2,2,Feb_W2,0.0,192.0
Yellow-throated Vireo,2,3,Feb_W3,0.0,197.0
Yellow-throated Vireo,2,4,Feb_W4,0.0,63.0
Yellow-throated Vireo,3,1,Mar_W1,0.0,58.0
Yellow-throated Vireo,3,2,Mar_W2,0.0,55.0
Yellow-throated Vireo,3,3,Mar_W3,0.0,78.0
Yellow-throated Vireo,3,4,Mar_W4,0.0,163.0
Yellow-throated Vireo,4,1,Apr_W1,0.0,145.0
Yellow-throated Vireo,4,2,Apr_W2,0.0,154.0
Yellow-throated Vireo,4,3,Apr_W3,0.0,157.0
Yellow-throated Vireo,4,4,Apr_W4,0.0,330.0
Yellow-throated Vireo,5,1,May_W1,0.0,272.0
Yellow-throated Vireo,5,2,May_W2,0.0,381.0
Yellow-throated Vireo,5,3,May_W3,0.0071301,561.0
Yellow-throated Vireo,5,4,May_W4,0.0,986.0
Yellow-throated Vireo,6,1,Jun_W1,0.0,668.0
Yellow-throated Vireo,6,2,Jun_W2,0.0,509.0
Yellow-throated Vireo,6,3,Jun_W3,0.0,379.0
Yellow-throated Vireo,6,4,Jun_W4,0.0,598.0
Yellow-throated Vireo,7,1,Jul_W1,0.0,361.0
Yellow-throated Vireo,7,2,Jul_W2,0.002445,409.0
Yellow-throated Vireo,7,3,Jul_W3,0.0,358.0
Yellow-throated Vireo,7,4,Jul_W4,0.0,419.0
Yellow-throated Vireo,8,1,Aug_W1,0.0,260.0
Yellow-throated Vireo,8,2,Aug_W2,0.0,303.0
Yellow-throated Vireo,8,3,Aug_W3,0.0,290.0
Yellow-throated Vireo,8,4,Aug_W4,0.0018018,555.0
Yellow-throated Vireo,9,1,Sep_W1,0.0,305.0
Yellow-throated Vireo,9,2,Sep_W2,0.0,339.0
Yellow-throated Vireo,9,3,Sep_W3,0.0015,290.0
Yellow-throated Vireo,9,4,Sep_W4,0.0,426.0
Yellow-throated Vireo,10,1,Oct_W1,0.0,331.0
Yellow-throated Vireo,10,2,Oct_W2,0.0,478.0
Yellow-throated Vireo,10,3,Oct_W3,0.0,282.0
Yellow-throated Vireo,10,4,Oct_W4,0.0,383.0
Yellow-throated Vireo,11,1,Nov_W1,0.0,184.0
Yellow-throated Vireo,11,2,Nov_W2,0.0,136.0
Yellow-throated Vireo,11,3,Nov_W3,0.0,89.0
Yellow-throated Vireo,11,4,Nov_W4,0.0,105.0
Yellow-throated Vireo,12,1,Dec_W1,0.0,60.0
Yellow-throated Vireo,12,2,Dec_W2,0.0,36.0
Yellow-throated Vireo,12,3,Dec_W3,0.0,166.0
Yellow-throated Vireo,12,4,Dec_W4,0.0,100.0
Blue-headed Vireo,1,1,Jan_W1,0.0,112.0
Blue-headed Vireo,1,2,Jan_W2,0.0,94.0
Blue-headed Vireo,1,3,Jan_W3,0.0,145.0
Blue-headed Vireo,1,4,Jan_W4,0.0,125.0
Blue-headed Vireo,2,1,Feb_W1,0.0,115.0
Blue-headed Vireo,2,2,Feb_W2,0.0,192.0
Blue-headed Vireo,2,3,Feb_W3,0.0,197.0
Blue-headed Vireo,2,4,Feb_W4,0.0,63.0
Blue-headed Vireo,3,1,Mar_W1,0.0,58.0
Blue-headed Vireo,3,2,Mar_W2,0.0,55.0
Blue-headed Vireo,3,3,Mar_W3,0.0,78.0
Blue-headed Vireo,3,4,Mar_W4,0.0,163.0
Blue-headed Vireo,4,1,Apr_W1,0.0,145.0
Blue-headed Vireo,4,2,Apr_W2,0.0,154.0
Blue-headed Vireo,4,3,Apr_W3,0.0,157.0
Blue-headed Vireo,4,4,Apr_W4,0.0060606,330.0
Blue-headed Vireo,5,1,May_W1,0.0110294,272.0
Blue-headed Vireo,5,2,May_W2,0.0446194,381.0
Blue-headed Vireo,5,3,May_W3,0.0552585,561.0
Blue-headed Vireo,5,4,May_W4,0.0344828,986.0
Blue-headed Vireo,6,1,Jun_W1,0.0359281,668.0
Blue-headed Vireo,6,2,Jun_W2,0.0353635,509.0
Blue-headed Vireo,6,3,Jun_W3,0.0211082,379.0
Blue-headed Vireo,6,4,Jun_W4,0.0250836,598.0
Blue-headed Vireo,7,1,Jul_W1,0.0138504,361.0
Blue-headed Vireo,7,2,Jul_W2,0.0317848,409.0
Blue-headed Vireo,7,3,Jul_W3,0.0111732,358.0
Blue-headed Vireo,7,4,Jul_W4,0.0095465,419.0
Blue-headed Vireo,8,1,Aug_W1,0.0307692,260.0
Blue-headed Vireo,8,2,Aug_W2,0.0033003,303.0
Blue-headed Vireo,8,3,Aug_W3,0.0172414,290.0
Blue-headed Vireo,8,4,Aug_W4,0.0108108,555.0
Blue-headed Vireo,9,1,Sep_W1,0.0327869,305.0
Blue-headed Vireo,9,2,Sep_W2,0.0412979,339.0
Blue-headed Vireo,9,3,Sep_W3,0.0310345,290.0
Blue-headed Vireo,9,4,Sep_W4,0.0234742,426.0
Blue-headed Vireo,10,1,Oct_W1,0.0181269,331.0
Blue-headed Vireo,10,2,Oct_W2,0.0146444,478.0
Blue-headed Vireo,10,3,Oct_W3,0.0070922,282.0
Blue-headed Vireo,10,4,Oct_W4,0.0,383.0
Blue-headed Vireo,11,1,Nov_W1,0.0,184.0
Blue-headed Vireo,11,2,Nov_W2,0.0,136.0
Blue-headed Vireo,11,3,Nov_W3,0.0,89.0
Blue-headed Vireo,11,4,Nov_W4,0.0,105.0
Blue-headed Vireo,12,1,Dec_W1,0.0,60.0
Blue-headed Vireo,12,2,Dec_W2,0.0,36.0
Blue-headed Vireo,12,3,Dec_W3,0.0,166.0
Blue-headed Vireo,12,4,Dec_W4,0.0,100.0
Philadelphia Vireo,1,1,Jan_W1,0.0,112.0
Philadelphia Vireo,1,2,Jan_W2,0.0,94.0
Philadelphia Vireo,1,3,Jan_W3,0.0,145.0
Philadelphia Vireo,1,4,Jan_W4,0.0,125.0
Philadelphia Vireo,2,1,Feb_W1,0.0,115.0
Philadelphia Vireo,2,2,Feb_W2,0.0,192.0
Philadelphia Vireo,2,3,Feb_W3,0.0,197.0
Philadelphia Vireo,2,4,Feb_W4,0.0,63.0
Philadelphia Vireo,3,1,Mar_W1,0.0,58.0
Philadelphia Vireo,3,2,Mar_W2,0.0,55.0
Philadelphia Vireo,3,3,Mar_W3,0.0,78.0
Philadelphia Vireo,3,4,Mar_W4,0.0,163.0
Philadelphia Vireo,4,1,Apr_W1,0.0,145.0
Philadelphia Vireo,4,2,Apr_W2,0.0,154.0
Philadelphia Vireo,4,3,Apr_W3,0.0,157.0
Philadelphia Vireo,4,4,Apr_W4,0.0,330.0
Philadelphia Vireo,5,1,May_W1,0.0,272.0
Philadelphia Vireo,5,2,May_W2,0.0,381.0
Philadelphia Vireo,5,3,May_W3,0.0231729,561.0
Philadelphia Vireo,5,4,May_W4,0.020284,986.0
Philadelphia Vireo,6,1,Jun_W1,0.010479,668.0
Philadelphia Vireo,6,2,Jun_W2,0.0,509.0
Philadelphia Vireo,6,3,Jun_W3,0.0,379.0
Philadelphia Vireo,6,4,Jun_W4,0.0,598.0
Philadelphia Vireo,7,1,Jul_W1,0.0055402,361.0
Philadelphia Vireo,7,2,Jul_W2,0.0,409.0
Philadelphia Vireo,7,3,Jul_W3,0.0,358.0
Philadelphia Vireo,7,4,Jul_W4,0.0,419.0
Philadelphia Vireo,8,1,Aug_W1,0.0,260.0
Philadelphia Vireo,8,2,Aug_W2,0.0033003,303.0
Philadelphia Vireo,8,3,Aug_W3,0.0172414,290.0
Philadelphia Vireo,8,4,Aug_W4,0.009009,555.0
Philadelphia Vireo,9,1,Sep_W1,0.042623,305.0
Philadelphia Vireo,9,2,Sep_W2,0.0147493,339.0
Philadelphia Vireo,9,3,Sep_W3,0.0034483,290.0
Philadelphia Vireo,9,4,Sep_W4,0.0023474,426.0
Philadelphia Vireo,10,1,Oct_W1,0.0015,331.0
Philadelphia Vireo,10,2,Oct_W2,0.0,478.0
Philadelphia Vireo,10,3,Oct_W3,0.0,282.0
Philadelphia Vireo,10,4,Oct_W4,0.002611,383.0
Philadelphia Vireo,11,1,Nov_W1,0.0,184.0
Philadelphia Vireo,11,2,Nov_W2,0.0,136.0
Philadelphia Vireo,11,3,Nov_W3,0.0,89.0
Philadelphia Vireo,11,4,Nov_W4,0.0,105.0
Philadelphia Vireo,12,1,Dec_W1,0.0,60.0
Philadelphia Vireo,12,2,Dec_W2,0.0,36.0
Philadelphia Vireo,12,3,Dec_W3,0.0,166.0
Philadelphia Vireo,12,4,Dec_W4,0.0,100.0
Eastern Warbling Vireo,1,1,Jan_W1,0.0,112.0
Eastern Warbling Vireo,1,2,Jan_W2,0.0,94.0
Eastern Warbling Vireo,1,3,Jan_W3,0.0,145.0
Eastern Warbling Vireo,1,4,Jan_W4,0.0,125.0
Eastern Warbling Vireo,2,1,Feb_W1,0.0,115.0
Eastern Warbling Vireo,2,2,Feb_W2,0.0,192.0
Eastern Warbling Vireo,2,3,Feb_W3,0.0,197.0
Eastern Warbling Vireo,2,4,Feb_W4,0.0,63.0
Eastern Warbling Vireo,3,1,Mar_W1,0.0,58.0
Eastern Warbling Vireo,3,2,Mar_W2,0.0,55.0
Eastern Warbling Vireo,3,3,Mar_W3,0.0,78.0
Eastern Warbling Vireo,3,4,Mar_W4,0.0,163.0
Eastern Warbling Vireo,4,1,Apr_W1,0.0,145.0
Eastern Warbling Vireo,4,2,Apr_W2,0.0,154.0
Eastern Warbling Vireo,4,3,Apr_W3,0.0,157.0
Eastern Warbling Vireo,4,4,Apr_W4,0.0,330.0
Eastern Warbling Vireo,5,1,May_W1,0.0,272.0
Eastern Warbling Vireo,5,2,May_W2,0.0104987,381.0
Eastern Warbling Vireo,5,3,May_W3,0.0338681,561.0
Eastern Warbling Vireo,5,4,May_W4,0.0223124,986.0
Eastern Warbling Vireo,6,1,Jun_W1,0.0209581,668.0
Eastern Warbling Vireo,6,2,Jun_W2,0.0058939,509.0
Eastern Warbling Vireo,6,3,Jun_W3,0.0026385,379.0
Eastern Warbling Vireo,6,4,Jun_W4,0.0117057,598.0
Eastern Warbling Vireo,7,1,Jul_W1,0.0027701,361.0
Eastern Warbling Vireo,7,2,Jul_W2,0.0195599,409.0
Eastern Warbling Vireo,7,3,Jul_W3,0.0055866,358.0
Eastern Warbling Vireo,7,4,Jul_W4,0.0119332,419.0
Eastern Warbling Vireo,8,1,Aug_W1,0.0038462,260.0
Eastern Warbling Vireo,8,2,Aug_W2,0.0132013,303.0
Eastern Warbling Vireo,8,3,Aug_W3,0.0068966,290.0
Eastern Warbling Vireo,8,4,Aug_W4,0.0054054,555.0
Eastern Warbling Vireo,9,1,Sep_W1,0.0032787,305.0
Eastern Warbling Vireo,9,2,Sep_W2,0.0029499,339.0
Eastern Warbling Vireo,9,3,Sep_W3,0.0,290.0
Eastern Warbling Vireo,9,4,Sep_W4,0.0,426.0
Eastern Warbling Vireo,10,1,Oct_W1,0.0,331.0
Eastern Warbling Vireo,10,2,Oct_W2,0.0,478.0
Eastern Warbling Vireo,10,3,Oct_W3,0.0,282.0
Eastern Warbling Vireo,10,4,Oct_W4,0.0,383.0
Eastern Warbling Vireo,11,1,Nov_W1,0.0,184.0
Eastern Warbling Vireo,11,2,Nov_W2,0.0,136.0
Eastern Warbling Vireo,11,3,Nov_W3,0.0,89.0
Eastern Warbling Vireo,11,4,Nov_W4,0.0,105.0
Eastern Warbling Vireo,12,1,Dec_W1,0.0,60.0
Eastern Warbling Vireo,12,2,Dec_W2,0.0,36.0
Eastern Warbling Vireo,12,3,Dec_W3,0.0,166.0
Eastern Warbling Vireo,12,4,Dec_W4,0.0,100.0
Red-eyed Vireo,1,1,Jan_W1,0.0,112.0
Red-eyed Vireo,1,2,Jan_W2,0.0,94.0
Red-eyed Vireo,1,3,Jan_W3,0.0,145.0
Red-eyed Vireo,1,4,Jan_W4,0.0,125.0
Red-eyed Vireo,2,1,Feb_W1,0.0,115.0
Red-eyed Vireo,2,2,Feb_W2,0.0,192.0
Red-eyed Vireo,2,3,Feb_W3,0.0,197.0
Red-eyed Vireo,2,4,Feb_W4,0.0,63.0
Red-eyed Vireo,3,1,Mar_W1,0.0,58.0
Red-eyed Vireo,3,2,Mar_W2,0.0,55.0
Red-eyed Vireo,3,3,Mar_W3,0.0,78.0
Red-eyed Vireo,3,4,Mar_W4,0.0,163.0
Red-eyed Vireo,4,1,Apr_W1,0.0,145.0
Red-eyed Vireo,4,2,Apr_W2,0.0,154.0
Red-eyed Vireo,4,3,Apr_W3,0.0,157.0
Red-eyed Vireo,4,4,Apr_W4,0.0,330.0
Red-eyed Vireo,5,1,May_W1,0.0,272.0
Red-eyed Vireo,5,2,May_W2,0.0288714,381.0
Red-eyed Vireo,5,3,May_W3,0.228164,561.0
Red-eyed Vireo,5,4,May_W4,0.362069,986.0
Red-eyed Vireo,6,1,Jun_W1,0.5179641,668.0
Red-eyed Vireo,6,2,Jun_W2,0.497053,509.0
Red-eyed Vireo,6,3,Jun_W3,0.5435356,379.0
Red-eyed Vireo,6,4,Jun_W4,0.4949833,598.0
Red-eyed Vireo,7,1,Jul_W1,0.4265928,361.0
Red-eyed Vireo,7,2,Jul_W2,0.4938875,409.0
Red-eyed Vireo,7,3,Jul_W3,0.4078212,358.0
Red-eyed Vireo,7,4,Jul_W4,0.3221957,419.0
Red-eyed Vireo,8,1,Aug_W1,0.2730769,260.0
Red-eyed Vireo,8,2,Aug_W2,0.2607261,303.0
Red-eyed Vireo,8,3,Aug_W3,0.3172414,290.0
Red-eyed Vireo,8,4,Aug_W4,0.2918919,555.0
Red-eyed Vireo,9,1,Sep_W1,0.2491803,305.0
Red-eyed Vireo,9,2,Sep_W2,0.1356932,339.0
Red-eyed Vireo,9,3,Sep_W3,0.0448276,290.0
Red-eyed Vireo,9,4,Sep_W4,0.0211268,426.0
Red-eyed Vireo,10,1,Oct_W1,0.0030211,331.0
Red-eyed Vireo,10,2,Oct_W2,0.0,478.0
Red-eyed Vireo,10,3,Oct_W3,0.0,282.0
Red-eyed Vireo,10,4,Oct_W4,0.0,383.0
Red-eyed Vireo,11,1,Nov_W1,0.0054348,184.0
Red-eyed Vireo,11,2,Nov_W2,0.0,136.0
Red-eyed Vireo,11,3,Nov_W3,0.0,89.0
Red-eyed Vireo,11,4,Nov_W4,0.0,105.0
Red-eyed Vireo,12,1,Dec_W1,0.0,60.0
Red-eyed Vireo,12,2,Dec_W2,0.0,36.0
Red-eyed Vireo,12,3,Dec_W3,0.0,166.0
Red-eyed Vireo,12,4,Dec_W4,0.0,100.0
Loggerhead Shrike,1,1,Jan_W1,0.0,112.0
Loggerhead Shrike,1,2,Jan_W2,0.0,94.0
Loggerhead Shrike,1,3,Jan_W3,0.0,145.0
Loggerhead Shrike,1,4,Jan_W4,0.0,125.0
Loggerhead Shrike,2,1,Feb_W1,0.0,115.0
Loggerhead Shrike,2,2,Feb_W2,0.0,192.0
Loggerhead Shrike,2,3,Feb_W3,0.0,197.0
Loggerhead Shrike,2,4,Feb_W4,0.0,63.0
Loggerhead Shrike,3,1,Mar_W1,0.0,58.0
Loggerhead Shrike,3,2,Mar_W2,0.0,55.0
Loggerhead Shrike,3,3,Mar_W3,0.0,78.0
Loggerhead Shrike,3,4,Mar_W4,0.0,163.0
Loggerhead Shrike,4,1,Apr_W1,0.0,145.0
Loggerhead Shrike,4,2,Apr_W2,0.0,154.0
Loggerhead Shrike,4,3,Apr_W3,0.0,157.0
Loggerhead Shrike,4,4,Apr_W4,0.0,330.0
Loggerhead Shrike,5,1,May_W1,0.0,272.0
Loggerhead Shrike,5,2,May_W2,0.0,381.0
Loggerhead Shrike,5,3,May_W3,0.0017825,561.0
Loggerhead Shrike,5,4,May_W4,0.0,986.0
Loggerhead Shrike,6,1,Jun_W1,0.0,668.0
Loggerhead Shrike,6,2,Jun_W2,0.0,509.0
Loggerhead Shrike,6,3,Jun_W3,0.0,379.0
Loggerhead Shrike,6,4,Jun_W4,0.0,598.0
Loggerhead Shrike,7,1,Jul_W1,0.0,361.0
Loggerhead Shrike,7,2,Jul_W2,0.0,409.0
Loggerhead Shrike,7,3,Jul_W3,0.0,358.0
Loggerhead Shrike,7,4,Jul_W4,0.0,419.0
Loggerhead Shrike,8,1,Aug_W1,0.0,260.0
Loggerhead Shrike,8,2,Aug_W2,0.0,303.0
Loggerhead Shrike,8,3,Aug_W3,0.0,290.0
Loggerhead Shrike,8,4,Aug_W4,0.0,555.0
Loggerhead Shrike,9,1,Sep_W1,0.0,305.0
Loggerhead Shrike,9,2,Sep_W2,0.0,339.0
Loggerhead Shrike,9,3,Sep_W3,0.0,290.0
Loggerhead Shrike,9,4,Sep_W4,0.0,426.0
Loggerhead Shrike,10,1,Oct_W1,0.0,331.0
Loggerhead Shrike,10,2,Oct_W2,0.0,478.0
Loggerhead Shrike,10,3,Oct_W3,0.0,282.0
Loggerhead Shrike,10,4,Oct_W4,0.0,383.0
Loggerhead Shrike,11,1,Nov_W1,0.0,184.0
Loggerhead Shrike,11,2,Nov_W2,0.0,136.0
Loggerhead Shrike,11,3,Nov_W3,0.0,89.0
Loggerhead Shrike,11,4,Nov_W4,0.0,105.0
Loggerhead Shrike,12,1,Dec_W1,0.0,60.0
Loggerhead Shrike,12,2,Dec_W2,0.0,36.0
Loggerhead Shrike,12,3,Dec_W3,0.0,166.0
Loggerhead Shrike,12,4,Dec_W4,0.0,100.0
Northern Shrike,1,1,Jan_W1,0.0089286,112.0
Northern Shrike,1,2,Jan_W2,0.0319149,94.0
Northern Shrike,1,3,Jan_W3,0.0482759,145.0
Northern Shrike,1,4,Jan_W4,0.08,125.0
Northern Shrike,2,1,Feb_W1,0.1391304,115.0
Northern Shrike,2,2,Feb_W2,0.0260417,192.0
Northern Shrike,2,3,Feb_W3,0.0304569,197.0
Northern Shrike,2,4,Feb_W4,0.0015,63.0
Northern Shrike,3,1,Mar_W1,0.0862069,58.0
Northern Shrike,3,2,Mar_W2,0.0015,55.0
Northern Shrike,3,3,Mar_W3,0.0128205,78.0
Northern Shrike,3,4,Mar_W4,0.0245399,163.0
Northern Shrike,4,1,Apr_W1,0.0344828,145.0
Northern Shrike,4,2,Apr_W2,0.0194805,154.0
Northern Shrike,4,3,Apr_W3,0.0063694,157.0
Northern Shrike,4,4,Apr_W4,0.0121212,330.0
Northern Shrike,5,1,May_W1,0.0,272.0
Northern Shrike,5,2,May_W2,0.0026247,381.0
Northern Shrike,5,3,May_W3,0.0,561.0
Northern Shrike,5,4,May_W4,0.0,986.0
Northern Shrike,6,1,Jun_W1,0.0,668.0
Northern Shrike,6,2,Jun_W2,0.0,509.0
Northern Shrike,6,3,Jun_W3,0.0,379.0
Northern Shrike,6,4,Jun_W4,0.0,598.0
Northern Shrike,7,1,Jul_W1,0.0,361.0
Northern Shrike,7,2,Jul_W2,0.0,409.0
Northern Shrike,7,3,Jul_W3,0.0,358.0
Northern Shrike,7,4,Jul_W4,0.0,419.0
Northern Shrike,8,1,Aug_W1,0.0,260.0
Northern Shrike,8,2,Aug_W2,0.0,303.0
Northern Shrike,8,3,Aug_W3,0.0,290.0
Northern Shrike,8,4,Aug_W4,0.0,555.0
Northern Shrike,9,1,Sep_W1,0.0,305.0
Northern Shrike,9,2,Sep_W2,0.0,339.0
Northern Shrike,9,3,Sep_W3,0.0,290.0
Northern Shrike,9,4,Sep_W4,0.0,426.0
Northern Shrike,10,1,Oct_W1,0.0,331.0
Northern Shrike,10,2,Oct_W2,0.0041841,478.0
Northern Shrike,10,3,Oct_W3,0.0177305,282.0
Northern Shrike,10,4,Oct_W4,0.1122715,383.0
Northern Shrike,11,1,Nov_W1,0.1576087,184.0
Northern Shrike,11,2,Nov_W2,0.1764706,136.0
Northern Shrike,11,3,Nov_W3,0.1235955,89.0
Northern Shrike,11,4,Nov_W4,0.0857143,105.0
Northern Shrike,12,1,Dec_W1,0.0833333,60.0
Northern Shrike,12,2,Dec_W2,0.0277778,36.0
Northern Shrike,12,3,Dec_W3,0.060241,166.0
Northern Shrike,12,4,Dec_W4,0.05,100.0
Canada Jay,1,1,Jan_W1,0.0,112.0
Canada Jay,1,2,Jan_W2,0.0,94.0
Canada Jay,1,3,Jan_W3,0.0,145.0
Canada Jay,1,4,Jan_W4,0.0,125.0
Canada Jay,2,1,Feb_W1,0.0,115.0
Canada Jay,2,2,Feb_W2,0.0015,192.0
Canada Jay,2,3,Feb_W3,0.0,197.0
Canada Jay,2,4,Feb_W4,0.0,63.0
Canada Jay,3,1,Mar_W1,0.0,58.0
Canada Jay,3,2,Mar_W2,0.0,55.0
Canada Jay,3,3,Mar_W3,0.0,78.0
Canada Jay,3,4,Mar_W4,0.0,163.0
Canada Jay,4,1,Apr_W1,0.0,145.0
Canada Jay,4,2,Apr_W2,0.0,154.0
Canada Jay,4,3,Apr_W3,0.0,157.0
Canada Jay,4,4,Apr_W4,0.0,330.0
Canada Jay,5,1,May_W1,0.0,272.0
Canada Jay,5,2,May_W2,0.0,381.0
Canada Jay,5,3,May_W3,0.0,561.0
Canada Jay,5,4,May_W4,0.0020284,986.0
Canada Jay,6,1,Jun_W1,0.001497,668.0
Canada Jay,6,2,Jun_W2,0.0019646,509.0
Canada Jay,6,3,Jun_W3,0.0,379.0
Canada Jay,6,4,Jun_W4,0.0016722,598.0
Canada Jay,7,1,Jul_W1,0.0027701,361.0
Canada Jay,7,2,Jul_W2,0.0,409.0
Canada Jay,7,3,Jul_W3,0.0055866,358.0
Canada Jay,7,4,Jul_W4,0.0023866,419.0
Canada Jay,8,1,Aug_W1,0.0038462,260.0
Canada Jay,8,2,Aug_W2,0.0066007,303.0
Canada Jay,8,3,Aug_W3,0.0015,290.0
Canada Jay,8,4,Aug_W4,0.0,555.0
Canada Jay,9,1,Sep_W1,0.0015,305.0
Canada Jay,9,2,Sep_W2,0.0,339.0
Canada Jay,9,3,Sep_W3,0.0,290.0
Canada Jay,9,4,Sep_W4,0.0023474,426.0
Canada Jay,10,1,Oct_W1,0.0,331.0
Canada Jay,10,2,Oct_W2,0.0,478.0
Canada Jay,10,3,Oct_W3,0.0,282.0
Canada Jay,10,4,Oct_W4,0.0,383.0
Canada Jay,11,1,Nov_W1,0.0,184.0
Canada Jay,11,2,Nov_W2,0.0,136.0
Canada Jay,11,3,Nov_W3,0.0,89.0
Canada Jay,11,4,Nov_W4,0.0,105.0
Canada Jay,12,1,Dec_W1,0.0,60.0
Canada Jay,12,2,Dec_W2,0.0,36.0
Canada Jay,12,3,Dec_W3,0.0,166.0
Canada Jay,12,4,Dec_W4,0.0,100.0
Blue Jay,1,1,Jan_W1,0.2946429,112.0
Blue Jay,1,2,Jan_W2,0.2021277,94.0
Blue Jay,1,3,Jan_W3,0.137931,145.0
Blue Jay,1,4,Jan_W4,0.208,125.0
Blue Jay,2,1,Feb_W1,0.1652174,115.0
Blue Jay,2,2,Feb_W2,0.2395833,192.0
Blue Jay,2,3,Feb_W3,0.2436548,197.0
Blue Jay,2,4,Feb_W4,0.3015873,63.0
Blue Jay,3,1,Mar_W1,0.2068966,58.0
Blue Jay,3,2,Mar_W2,0.2363636,55.0
Blue Jay,3,3,Mar_W3,0.1666667,78.0
Blue Jay,3,4,Mar_W4,0.0981595,163.0
Blue Jay,4,1,Apr_W1,0.1448276,145.0
Blue Jay,4,2,Apr_W2,0.1103896,154.0
Blue Jay,4,3,Apr_W3,0.1528662,157.0
Blue Jay,4,4,Apr_W4,0.0939394,330.0
Blue Jay,5,1,May_W1,0.2132353,272.0
Blue Jay,5,2,May_W2,0.3727034,381.0
Blue Jay,5,3,May_W3,0.4099822,561.0
Blue Jay,5,4,May_W4,0.351927,986.0
Blue Jay,6,1,Jun_W1,0.3083832,668.0
Blue Jay,6,2,Jun_W2,0.2671906,509.0
Blue Jay,6,3,Jun_W3,0.237467,379.0
Blue Jay,6,4,Jun_W4,0.2809365,598.0
Blue Jay,7,1,Jul_W1,0.1578947,361.0
Blue Jay,7,2,Jul_W2,0.1760391,409.0
Blue Jay,7,3,Jul_W3,0.2653631,358.0
Blue Jay,7,4,Jul_W4,0.2386635,419.0
Blue Jay,8,1,Aug_W1,0.2769231,260.0
Blue Jay,8,2,Aug_W2,0.2871287,303.0
Blue Jay,8,3,Aug_W3,0.2758621,290.0
Blue Jay,8,4,Aug_W4,0.3279279,555.0
Blue Jay,9,1,Sep_W1,0.4459016,305.0
Blue Jay,9,2,Sep_W2,0.5368732,339.0
Blue Jay,9,3,Sep_W3,0.5517241,290.0
Blue Jay,9,4,Sep_W4,0.5399061,426.0
Blue Jay,10,1,Oct_W1,0.4199396,331.0
Blue Jay,10,2,Oct_W2,0.4267782,478.0
Blue Jay,10,3,Oct_W3,0.4184397,282.0
Blue Jay,10,4,Oct_W4,0.4020888,383.0
Blue Jay,11,1,Nov_W1,0.3913043,184.0
Blue Jay,11,2,Nov_W2,0.3823529,136.0
Blue Jay,11,3,Nov_W3,0.3033708,89.0
Blue Jay,11,4,Nov_W4,0.1714286,105.0
Blue Jay,12,1,Dec_W1,0.2166667,60.0
Blue Jay,12,2,Dec_W2,0.1666667,36.0
Blue Jay,12,3,Dec_W3,0.2831325,166.0
Blue Jay,12,4,Dec_W4,0.18,100.0
American Crow,1,1,Jan_W1,0.3303571,112.0
American Crow,1,2,Jan_W2,0.2659574,94.0
American Crow,1,3,Jan_W3,0.3172414,145.0
American Crow,1,4,Jan_W4,0.4,125.0
American Crow,2,1,Feb_W1,0.2782609,115.0
American Crow,2,2,Feb_W2,0.328125,192.0
American Crow,2,3,Feb_W3,0.3604061,197.0
American Crow,2,4,Feb_W4,0.4761905,63.0
American Crow,3,1,Mar_W1,0.5,58.0
American Crow,3,2,Mar_W2,0.7090909,55.0
American Crow,3,3,Mar_W3,0.7307692,78.0
American Crow,3,4,Mar_W4,0.6196319,163.0
American Crow,4,1,Apr_W1,0.6068966,145.0
American Crow,4,2,Apr_W2,0.6103896,154.0
American Crow,4,3,Apr_W3,0.522293,157.0
American Crow,4,4,Apr_W4,0.5272727,330.0
American Crow,5,1,May_W1,0.4889706,272.0
American Crow,5,2,May_W2,0.4776903,381.0
American Crow,5,3,May_W3,0.4991087,561.0
American Crow,5,4,May_W4,0.464503,986.0
American Crow,6,1,Jun_W1,0.4715569,668.0
American Crow,6,2,Jun_W2,0.4891945,509.0
American Crow,6,3,Jun_W3,0.4775726,379.0
American Crow,6,4,Jun_W4,0.4046823,598.0
American Crow,7,1,Jul_W1,0.365651,361.0
American Crow,7,2,Jul_W2,0.4278729,409.0
American Crow,7,3,Jul_W3,0.4804469,358.0
American Crow,7,4,Jul_W4,0.4630072,419.0
American Crow,8,1,Aug_W1,0.4307692,260.0
American Crow,8,2,Aug_W2,0.4323432,303.0
American Crow,8,3,Aug_W3,0.4965517,290.0
American Crow,8,4,Aug_W4,0.5891892,555.0
American Crow,9,1,Sep_W1,0.6885246,305.0
American Crow,9,2,Sep_W2,0.6843658,339.0
American Crow,9,3,Sep_W3,0.6931034,290.0
American Crow,9,4,Sep_W4,0.6431925,426.0
American Crow,10,1,Oct_W1,0.6223565,331.0
American Crow,10,2,Oct_W2,0.6297071,478.0
American Crow,10,3,Oct_W3,0.6489362,282.0
American Crow,10,4,Oct_W4,0.6109661,383.0
American Crow,11,1,Nov_W1,0.5978261,184.0
American Crow,11,2,Nov_W2,0.5073529,136.0
American Crow,11,3,Nov_W3,0.3707865,89.0
American Crow,11,4,Nov_W4,0.4095238,105.0
American Crow,12,1,Dec_W1,0.5,60.0
American Crow,12,2,Dec_W2,0.3055556,36.0
American Crow,12,3,Dec_W3,0.560241,166.0
American Crow,12,4,Dec_W4,0.37,100.0
Common Raven,1,1,Jan_W1,0.4107143,112.0
Common Raven,1,2,Jan_W2,0.2234043,94.0
Common Raven,1,3,Jan_W3,0.3724138,145.0
Common Raven,1,4,Jan_W4,0.368,125.0
Common Raven,2,1,Feb_W1,0.3826087,115.0
Common Raven,2,2,Feb_W2,0.390625,192.0
Common Raven,2,3,Feb_W3,0.3096447,197.0
Common Raven,2,4,Feb_W4,0.3968254,63.0
Common Raven,3,1,Mar_W1,0.2068966,58.0
Common Raven,3,2,Mar_W2,0.3636364,55.0
Common Raven,3,3,Mar_W3,0.3333333,78.0
Common Raven,3,4,Mar_W4,0.3680982,163.0
Common Raven,4,1,Apr_W1,0.3448276,145.0
Common Raven,4,2,Apr_W2,0.1948052,154.0
Common Raven,4,3,Apr_W3,0.2165605,157.0
Common Raven,4,4,Apr_W4,0.2424242,330.0
Common Raven,5,1,May_W1,0.1875,272.0
Common Raven,5,2,May_W2,0.191601,381.0
Common Raven,5,3,May_W3,0.2156863,561.0
Common Raven,5,4,May_W4,0.1967546,986.0
Common Raven,6,1,Jun_W1,0.1796407,668.0
Common Raven,6,2,Jun_W2,0.1532417,509.0
Common Raven,6,3,Jun_W3,0.1583113,379.0
Common Raven,6,4,Jun_W4,0.132107,598.0
Common Raven,7,1,Jul_W1,0.099723,361.0
Common Raven,7,2,Jul_W2,0.0977995,409.0
Common Raven,7,3,Jul_W3,0.1284916,358.0
Common Raven,7,4,Jul_W4,0.124105,419.0
Common Raven,8,1,Aug_W1,0.1423077,260.0
Common Raven,8,2,Aug_W2,0.1386139,303.0
Common Raven,8,3,Aug_W3,0.162069,290.0
Common Raven,8,4,Aug_W4,0.2936937,555.0
Common Raven,9,1,Sep_W1,0.3114754,305.0
Common Raven,9,2,Sep_W2,0.3421829,339.0
Common Raven,9,3,Sep_W3,0.4103448,290.0
Common Raven,9,4,Sep_W4,0.3450704,426.0
Common Raven,10,1,Oct_W1,0.3111782,331.0
Common Raven,10,2,Oct_W2,0.3263598,478.0
Common Raven,10,3,Oct_W3,0.3262411,282.0
Common Raven,10,4,Oct_W4,0.386423,383.0
Common Raven,11,1,Nov_W1,0.4945652,184.0
Common Raven,11,2,Nov_W2,0.4411765,136.0
Common Raven,11,3,Nov_W3,0.4157303,89.0
Common Raven,11,4,Nov_W4,0.2666667,105.0
Common Raven,12,1,Dec_W1,0.3,60.0
Common Raven,12,2,Dec_W2,0.2222222,36.0
Common Raven,12,3,Dec_W3,0.373494,166.0
Common Raven,12,4,Dec_W4,0.25,100.0
Black-capped Chickadee,1,1,Jan_W1,0.4642857,112.0
Black-capped Chickadee,1,2,Jan_W2,0.3723404,94.0
Black-capped Chickadee,1,3,Jan_W3,0.3448276,145.0
Black-capped Chickadee,1,4,Jan_W4,0.368,125.0
Black-capped Chickadee,2,1,Feb_W1,0.4173913,115.0
Black-capped Chickadee,2,2,Feb_W2,0.5260417,192.0
Black-capped Chickadee,2,3,Feb_W3,0.5532995,197.0
Black-capped Chickadee,2,4,Feb_W4,0.5079365,63.0
Black-capped Chickadee,3,1,Mar_W1,0.3965517,58.0
Black-capped Chickadee,3,2,Mar_W2,0.5272727,55.0
Black-capped Chickadee,3,3,Mar_W3,0.474359,78.0
Black-capped Chickadee,3,4,Mar_W4,0.4233129,163.0
Black-capped Chickadee,4,1,Apr_W1,0.3793103,145.0
Black-capped Chickadee,4,2,Apr_W2,0.4155844,154.0
Black-capped Chickadee,4,3,Apr_W3,0.388535,157.0
Black-capped Chickadee,4,4,Apr_W4,0.3090909,330.0
Black-capped Chickadee,5,1,May_W1,0.3602941,272.0
Black-capped Chickadee,5,2,May_W2,0.3779528,381.0
Black-capped Chickadee,5,3,May_W3,0.3600713,561.0
Black-capped Chickadee,5,4,May_W4,0.2799189,986.0
Black-capped Chickadee,6,1,Jun_W1,0.251497,668.0
Black-capped Chickadee,6,2,Jun_W2,0.21611,509.0
Black-capped Chickadee,6,3,Jun_W3,0.2295515,379.0
Black-capped Chickadee,6,4,Jun_W4,0.2491639,598.0
Black-capped Chickadee,7,1,Jul_W1,0.1717452,361.0
Black-capped Chickadee,7,2,Jul_W2,0.3080685,409.0
Black-capped Chickadee,7,3,Jul_W3,0.3826816,358.0
Black-capped Chickadee,7,4,Jul_W4,0.372315,419.0
Black-capped Chickadee,8,1,Aug_W1,0.3923077,260.0
Black-capped Chickadee,8,2,Aug_W2,0.4158416,303.0
Black-capped Chickadee,8,3,Aug_W3,0.4103448,290.0
Black-capped Chickadee,8,4,Aug_W4,0.5009009,555.0
Black-capped Chickadee,9,1,Sep_W1,0.5639344,305.0
Black-capped Chickadee,9,2,Sep_W2,0.5634218,339.0
Black-capped Chickadee,9,3,Sep_W3,0.4793103,290.0
Black-capped Chickadee,9,4,Sep_W4,0.5140845,426.0
Black-capped Chickadee,10,1,Oct_W1,0.4954683,331.0
Black-capped Chickadee,10,2,Oct_W2,0.58159,478.0
Black-capped Chickadee,10,3,Oct_W3,0.5780142,282.0
Black-capped Chickadee,10,4,Oct_W4,0.5561358,383.0
Black-capped Chickadee,11,1,Nov_W1,0.6467391,184.0
Black-capped Chickadee,11,2,Nov_W2,0.5367647,136.0
Black-capped Chickadee,11,3,Nov_W3,0.6292135,89.0
Black-capped Chickadee,11,4,Nov_W4,0.4095238,105.0
Black-capped Chickadee,12,1,Dec_W1,0.4,60.0
Black-capped Chickadee,12,2,Dec_W2,0.25,36.0
Black-capped Chickadee,12,3,Dec_W3,0.6686747,166.0
Black-capped Chickadee,12,4,Dec_W4,0.32,100.0
Boreal Chickadee,1,1,Jan_W1,0.0,112.0
Boreal Chickadee,1,2,Jan_W2,0.0,94.0
Boreal Chickadee,1,3,Jan_W3,0.0,145.0
Boreal Chickadee,1,4,Jan_W4,0.0,125.0
Boreal Chickadee,2,1,Feb_W1,0.0,115.0
Boreal Chickadee,2,2,Feb_W2,0.0,192.0
Boreal Chickadee,2,3,Feb_W3,0.0,197.0
Boreal Chickadee,2,4,Feb_W4,0.015873,63.0
Boreal Chickadee,3,1,Mar_W1,0.0,58.0
Boreal Chickadee,3,2,Mar_W2,0.0,55.0
Boreal Chickadee,3,3,Mar_W3,0.0,78.0
Boreal Chickadee,3,4,Mar_W4,0.0015,163.0
Boreal Chickadee,4,1,Apr_W1,0.0,145.0
Boreal Chickadee,4,2,Apr_W2,0.0064935,154.0
Boreal Chickadee,4,3,Apr_W3,0.0,157.0
Boreal Chickadee,4,4,Apr_W4,0.0,330.0
Boreal Chickadee,5,1,May_W1,0.0015,272.0
Boreal Chickadee,5,2,May_W2,0.0,381.0
Boreal Chickadee,5,3,May_W3,0.0017825,561.0
Boreal Chickadee,5,4,May_W4,0.0010142,986.0
Boreal Chickadee,6,1,Jun_W1,0.0,668.0
Boreal Chickadee,6,2,Jun_W2,0.0,509.0
Boreal Chickadee,6,3,Jun_W3,0.0026385,379.0
Boreal Chickadee,6,4,Jun_W4,0.0,598.0
Boreal Chickadee,7,1,Jul_W1,0.0027701,361.0
Boreal Chickadee,7,2,Jul_W2,0.0,409.0
Boreal Chickadee,7,3,Jul_W3,0.0,358.0
Boreal Chickadee,7,4,Jul_W4,0.0,419.0
Boreal Chickadee,8,1,Aug_W1,0.0,260.0
Boreal Chickadee,8,2,Aug_W2,0.0,303.0
Boreal Chickadee,8,3,Aug_W3,0.0,290.0
Boreal Chickadee,8,4,Aug_W4,0.0,555.0
Boreal Chickadee,9,1,Sep_W1,0.0015,305.0
Boreal Chickadee,9,2,Sep_W2,0.0,339.0
Boreal Chickadee,9,3,Sep_W3,0.0,290.0
Boreal Chickadee,9,4,Sep_W4,0.0023474,426.0
Boreal Chickadee,10,1,Oct_W1,0.0,331.0
Boreal Chickadee,10,2,Oct_W2,0.0,478.0
Boreal Chickadee,10,3,Oct_W3,0.0106383,282.0
Boreal Chickadee,10,4,Oct_W4,0.0208877,383.0
Boreal Chickadee,11,1,Nov_W1,0.0108696,184.0
Boreal Chickadee,11,2,Nov_W2,0.0,136.0
Boreal Chickadee,11,3,Nov_W3,0.0,89.0
Boreal Chickadee,11,4,Nov_W4,0.0190476,105.0
Boreal Chickadee,12,1,Dec_W1,0.0666667,60.0
Boreal Chickadee,12,2,Dec_W2,0.0,36.0
Boreal Chickadee,12,3,Dec_W3,0.0,166.0
Boreal Chickadee,12,4,Dec_W4,0.0,100.0
Tufted Titmouse,1,1,Jan_W1,0.0,112.0
Tufted Titmouse,1,2,Jan_W2,0.0,94.0
Tufted Titmouse,1,3,Jan_W3,0.0,145.0
Tufted Titmouse,1,4,Jan_W4,0.0,125.0
Tufted Titmouse,2,1,Feb_W1,0.0,115.0
Tufted Titmouse,2,2,Feb_W2,0.0,192.0
Tufted Titmouse,2,3,Feb_W3,0.0,197.0
Tufted Titmouse,2,4,Feb_W4,0.0,63.0
Tufted Titmouse,3,1,Mar_W1,0.0,58.0
Tufted Titmouse,3,2,Mar_W2,0.0,55.0
Tufted Titmouse,3,3,Mar_W3,0.0,78.0
Tufted Titmouse,3,4,Mar_W4,0.0,163.0
Tufted Titmouse,4,1,Apr_W1,0.0,145.0
Tufted Titmouse,4,2,Apr_W2,0.0,154.0
Tufted Titmouse,4,3,Apr_W3,0.0,157.0
Tufted Titmouse,4,4,Apr_W4,0.0,330.0
Tufted Titmouse,5,1,May_W1,0.0,272.0
Tufted Titmouse,5,2,May_W2,0.0,381.0
Tufted Titmouse,5,3,May_W3,0.0,561.0
Tufted Titmouse,5,4,May_W4,0.0,986.0
Tufted Titmouse,6,1,Jun_W1,0.0,668.0
Tufted Titmouse,6,2,Jun_W2,0.0,509.0
Tufted Titmouse,6,3,Jun_W3,0.0,379.0
Tufted Titmouse,6,4,Jun_W4,0.0,598.0
Tufted Titmouse,7,1,Jul_W1,0.0,361.0
Tufted Titmouse,7,2,Jul_W2,0.0,409.0
Tufted Titmouse,7,3,Jul_W3,0.0,358.0
Tufted Titmouse,7,4,Jul_W4,0.0,419.0
Tufted Titmouse,8,1,Aug_W1,0.0,260.0
Tufted Titmouse,8,2,Aug_W2,0.0,303.0
Tufted Titmouse,8,3,Aug_W3,0.0,290.0
Tufted Titmouse,8,4,Aug_W4,0.0,555.0
Tufted Titmouse,9,1,Sep_W1,0.0,305.0
Tufted Titmouse,9,2,Sep_W2,0.0,339.0
Tufted Titmouse,9,3,Sep_W3,0.0,290.0
Tufted Titmouse,9,4,Sep_W4,0.0,426.0
Tufted Titmouse,10,1,Oct_W1,0.0,331.0
Tufted Titmouse,10,2,Oct_W2,0.0,478.0
Tufted Titmouse,10,3,Oct_W3,0.0,282.0
Tufted Titmouse,10,4,Oct_W4,0.0,383.0
Tufted Titmouse,11,1,Nov_W1,0.0,184.0
Tufted Titmouse,11,2,Nov_W2,0.0,136.0
Tufted Titmouse,11,3,Nov_W3,0.0,89.0
Tufted Titmouse,11,4,Nov_W4,0.0,105.0
Tufted Titmouse,12,1,Dec_W1,0.0,60.0
Tufted Titmouse,12,2,Dec_W2,0.0277778,36.0
Tufted Titmouse,12,3,Dec_W3,0.0,166.0
Tufted Titmouse,12,4,Dec_W4,0.0,100.0
Horned Lark,1,1,Jan_W1,0.0267857,112.0
Horned Lark,1,2,Jan_W2,0.0106383,94.0
Horned Lark,1,3,Jan_W3,0.0206897,145.0
Horned Lark,1,4,Jan_W4,0.008,125.0
Horned Lark,2,1,Feb_W1,0.026087,115.0
Horned Lark,2,2,Feb_W2,0.0416667,192.0
Horned Lark,2,3,Feb_W3,0.0507614,197.0
Horned Lark,2,4,Feb_W4,0.015873,63.0
Horned Lark,3,1,Mar_W1,0.0344828,58.0
Horned Lark,3,2,Mar_W2,0.0,55.0
Horned Lark,3,3,Mar_W3,0.0,78.0
Horned Lark,3,4,Mar_W4,0.006135,163.0
Horned Lark,4,1,Apr_W1,0.0,145.0
Horned Lark,4,2,Apr_W2,0.012987,154.0
Horned Lark,4,3,Apr_W3,0.0063694,157.0
Horned Lark,4,4,Apr_W4,0.0090909,330.0
Horned Lark,5,1,May_W1,0.0183824,272.0
Horned Lark,5,2,May_W2,0.0131234,381.0
Horned Lark,5,3,May_W3,0.0071301,561.0
Horned Lark,5,4,May_W4,0.0030426,986.0
Horned Lark,6,1,Jun_W1,0.0,668.0
Horned Lark,6,2,Jun_W2,0.0,509.0
Horned Lark,6,3,Jun_W3,0.0,379.0
Horned Lark,6,4,Jun_W4,0.0,598.0
Horned Lark,7,1,Jul_W1,0.0,361.0
Horned Lark,7,2,Jul_W2,0.0,409.0
Horned Lark,7,3,Jul_W3,0.0,358.0
Horned Lark,7,4,Jul_W4,0.0,419.0
Horned Lark,8,1,Aug_W1,0.0,260.0
Horned Lark,8,2,Aug_W2,0.0,303.0
Horned Lark,8,3,Aug_W3,0.0,290.0
Horned Lark,8,4,Aug_W4,0.0,555.0
Horned Lark,9,1,Sep_W1,0.0032787,305.0
Horned Lark,9,2,Sep_W2,0.0560472,339.0
Horned Lark,9,3,Sep_W3,0.1551724,290.0
Horned Lark,9,4,Sep_W4,0.2183099,426.0
Horned Lark,10,1,Oct_W1,0.2024169,331.0
Horned Lark,10,2,Oct_W2,0.2217573,478.0
Horned Lark,10,3,Oct_W3,0.177305,282.0
Horned Lark,10,4,Oct_W4,0.2193211,383.0
Horned Lark,11,1,Nov_W1,0.2173913,184.0
Horned Lark,11,2,Nov_W2,0.1029412,136.0
Horned Lark,11,3,Nov_W3,0.011236,89.0
Horned Lark,11,4,Nov_W4,0.0,105.0
Horned Lark,12,1,Dec_W1,0.0166667,60.0
Horned Lark,12,2,Dec_W2,0.0277778,36.0
Horned Lark,12,3,Dec_W3,0.0,166.0
Horned Lark,12,4,Dec_W4,0.01,100.0
Bank Swallow,1,1,Jan_W1,0.0,112.0
Bank Swallow,1,2,Jan_W2,0.0,94.0
Bank Swallow,1,3,Jan_W3,0.0,145.0
Bank Swallow,1,4,Jan_W4,0.0,125.0
Bank Swallow,2,1,Feb_W1,0.0,115.0
Bank Swallow,2,2,Feb_W2,0.0,192.0
Bank Swallow,2,3,Feb_W3,0.0,197.0
Bank Swallow,2,4,Feb_W4,0.0,63.0
Bank Swallow,3,1,Mar_W1,0.0,58.0
Bank Swallow,3,2,Mar_W2,0.0,55.0
Bank Swallow,3,3,Mar_W3,0.0,78.0
Bank Swallow,3,4,Mar_W4,0.0,163.0
Bank Swallow,4,1,Apr_W1,0.0,145.0
Bank Swallow,4,2,Apr_W2,0.0,154.0
Bank Swallow,4,3,Apr_W3,0.0,157.0
Bank Swallow,4,4,Apr_W4,0.0,330.0
Bank Swallow,5,1,May_W1,0.0073529,272.0
Bank Swallow,5,2,May_W2,0.0131234,381.0
Bank Swallow,5,3,May_W3,0.0142602,561.0
Bank Swallow,5,4,May_W4,0.015213,986.0
Bank Swallow,6,1,Jun_W1,0.011976,668.0
Bank Swallow,6,2,Jun_W2,0.0098232,509.0
Bank Swallow,6,3,Jun_W3,0.005277,379.0
Bank Swallow,6,4,Jun_W4,0.006689,598.0
Bank Swallow,7,1,Jul_W1,0.0193906,361.0
Bank Swallow,7,2,Jul_W2,0.00978,409.0
Bank Swallow,7,3,Jul_W3,0.0111732,358.0
Bank Swallow,7,4,Jul_W4,0.0143198,419.0
Bank Swallow,8,1,Aug_W1,0.0038462,260.0
Bank Swallow,8,2,Aug_W2,0.0033003,303.0
Bank Swallow,8,3,Aug_W3,0.0103448,290.0
Bank Swallow,8,4,Aug_W4,0.0144144,555.0
Bank Swallow,9,1,Sep_W1,0.0065574,305.0
Bank Swallow,9,2,Sep_W2,0.0029499,339.0
Bank Swallow,9,3,Sep_W3,0.0,290.0
Bank Swallow,9,4,Sep_W4,0.0,426.0
Bank Swallow,10,1,Oct_W1,0.0,331.0
Bank Swallow,10,2,Oct_W2,0.0,478.0
Bank Swallow,10,3,Oct_W3,0.0,282.0
Bank Swallow,10,4,Oct_W4,0.0,383.0
Bank Swallow,11,1,Nov_W1,0.0,184.0
Bank Swallow,11,2,Nov_W2,0.0,136.0
Bank Swallow,11,3,Nov_W3,0.0,89.0
Bank Swallow,11,4,Nov_W4,0.0,105.0
Bank Swallow,12,1,Dec_W1,0.0,60.0
Bank Swallow,12,2,Dec_W2,0.0,36.0
Bank Swallow,12,3,Dec_W3,0.0,166.0
Bank Swallow,12,4,Dec_W4,0.0,100.0
Tree Swallow,1,1,Jan_W1,0.0,112.0
Tree Swallow,1,2,Jan_W2,0.0,94.0
Tree Swallow,1,3,Jan_W3,0.0,145.0
Tree Swallow,1,4,Jan_W4,0.0,125.0
Tree Swallow,2,1,Feb_W1,0.0,115.0
Tree Swallow,2,2,Feb_W2,0.0,192.0
Tree Swallow,2,3,Feb_W3,0.0,197.0
Tree Swallow,2,4,Feb_W4,0.0,63.0
Tree Swallow,3,1,Mar_W1,0.0,58.0
Tree Swallow,3,2,Mar_W2,0.0,55.0
Tree Swallow,3,3,Mar_W3,0.0,78.0
Tree Swallow,3,4,Mar_W4,0.0,163.0
Tree Swallow,4,1,Apr_W1,0.0068966,145.0
Tree Swallow,4,2,Apr_W2,0.1103896,154.0
Tree Swallow,4,3,Apr_W3,0.0764331,157.0
Tree Swallow,4,4,Apr_W4,0.1818182,330.0
Tree Swallow,5,1,May_W1,0.1875,272.0
Tree Swallow,5,2,May_W2,0.1732283,381.0
Tree Swallow,5,3,May_W3,0.14082,561.0
Tree Swallow,5,4,May_W4,0.1724138,986.0
Tree Swallow,6,1,Jun_W1,0.1856287,668.0
Tree Swallow,6,2,Jun_W2,0.1335953,509.0
Tree Swallow,6,3,Jun_W3,0.1345646,379.0
Tree Swallow,6,4,Jun_W4,0.1337793,598.0
Tree Swallow,7,1,Jul_W1,0.0803324,361.0
Tree Swallow,7,2,Jul_W2,0.0611247,409.0
Tree Swallow,7,3,Jul_W3,0.0502793,358.0
Tree Swallow,7,4,Jul_W4,0.0548926,419.0
Tree Swallow,8,1,Aug_W1,0.0307692,260.0
Tree Swallow,8,2,Aug_W2,0.0165017,303.0
Tree Swallow,8,3,Aug_W3,0.0482759,290.0
Tree Swallow,8,4,Aug_W4,0.036036,555.0
Tree Swallow,9,1,Sep_W1,0.0557377,305.0
Tree Swallow,9,2,Sep_W2,0.0088496,339.0
Tree Swallow,9,3,Sep_W3,0.0068966,290.0
Tree Swallow,9,4,Sep_W4,0.0,426.0
Tree Swallow,10,1,Oct_W1,0.0,331.0
Tree Swallow,10,2,Oct_W2,0.0,478.0
Tree Swallow,10,3,Oct_W3,0.0,282.0
Tree Swallow,10,4,Oct_W4,0.0,383.0
Tree Swallow,11,1,Nov_W1,0.0,184.0
Tree Swallow,11,2,Nov_W2,0.0,136.0
Tree Swallow,11,3,Nov_W3,0.0,89.0
Tree Swallow,11,4,Nov_W4,0.0,105.0
Tree Swallow,12,1,Dec_W1,0.0,60.0
Tree Swallow,12,2,Dec_W2,0.0,36.0
Tree Swallow,12,3,Dec_W3,0.0,166.0
Tree Swallow,12,4,Dec_W4,0.0,100.0
Purple Martin,1,1,Jan_W1,0.0,112.0
Purple Martin,1,2,Jan_W2,0.0,94.0
Purple Martin,1,3,Jan_W3,0.0,145.0
Purple Martin,1,4,Jan_W4,0.0,125.0
Purple Martin,2,1,Feb_W1,0.0,115.0
Purple Martin,2,2,Feb_W2,0.0,192.0
Purple Martin,2,3,Feb_W3,0.0,197.0
Purple Martin,2,4,Feb_W4,0.0,63.0
Purple Martin,3,1,Mar_W1,0.0,58.0
Purple Martin,3,2,Mar_W2,0.0,55.0
Purple Martin,3,3,Mar_W3,0.0,78.0
Purple Martin,3,4,Mar_W4,0.0,163.0
Purple Martin,4,1,Apr_W1,0.0,145.0
Purple Martin,4,2,Apr_W2,0.0,154.0
Purple Martin,4,3,Apr_W3,0.0,157.0
Purple Martin,4,4,Apr_W4,0.0015,330.0
Purple Martin,5,1,May_W1,0.0015,272.0
Purple Martin,5,2,May_W2,0.0,381.0
Purple Martin,5,3,May_W3,0.0017825,561.0
Purple Martin,5,4,May_W4,0.0020284,986.0
Purple Martin,6,1,Jun_W1,0.001497,668.0
Purple Martin,6,2,Jun_W2,0.0019646,509.0
Purple Martin,6,3,Jun_W3,0.0026385,379.0
Purple Martin,6,4,Jun_W4,0.0015,598.0
Purple Martin,7,1,Jul_W1,0.0,361.0
Purple Martin,7,2,Jul_W2,0.002445,409.0
Purple Martin,7,3,Jul_W3,0.0,358.0
Purple Martin,7,4,Jul_W4,0.0023866,419.0
Purple Martin,8,1,Aug_W1,0.0,260.0
Purple Martin,8,2,Aug_W2,0.0033003,303.0
Purple Martin,8,3,Aug_W3,0.0068966,290.0
Purple Martin,8,4,Aug_W4,0.0018018,555.0
Purple Martin,9,1,Sep_W1,0.0,305.0
Purple Martin,9,2,Sep_W2,0.0,339.0
Purple Martin,9,3,Sep_W3,0.0,290.0
Purple Martin,9,4,Sep_W4,0.0,426.0
Purple Martin,10,1,Oct_W1,0.0,331.0
Purple Martin,10,2,Oct_W2,0.0,478.0
Purple Martin,10,3,Oct_W3,0.0,282.0
Purple Martin,10,4,Oct_W4,0.0,383.0
Purple Martin,11,1,Nov_W1,0.0,184.0
Purple Martin,11,2,Nov_W2,0.0,136.0
Purple Martin,11,3,Nov_W3,0.0,89.0
Purple Martin,11,4,Nov_W4,0.0,105.0
Purple Martin,12,1,Dec_W1,0.0,60.0
Purple Martin,12,2,Dec_W2,0.0,36.0
Purple Martin,12,3,Dec_W3,0.0,166.0
Purple Martin,12,4,Dec_W4,0.0,100.0
Northern Rough-winged Swallow,1,1,Jan_W1,0.0,112.0
Northern Rough-winged Swallow,1,2,Jan_W2,0.0,94.0
Northern Rough-winged Swallow,1,3,Jan_W3,0.0,145.0
Northern Rough-winged Swallow,1,4,Jan_W4,0.0,125.0
Northern Rough-winged Swallow,2,1,Feb_W1,0.0,115.0
Northern Rough-winged Swallow,2,2,Feb_W2,0.0,192.0
Northern Rough-winged Swallow,2,3,Feb_W3,0.0,197.0
Northern Rough-winged Swallow,2,4,Feb_W4,0.0,63.0
Northern Rough-winged Swallow,3,1,Mar_W1,0.0,58.0
Northern Rough-winged Swallow,3,2,Mar_W2,0.0,55.0
Northern Rough-winged Swallow,3,3,Mar_W3,0.0,78.0
Northern Rough-winged Swallow,3,4,Mar_W4,0.0,163.0
Northern Rough-winged Swallow,4,1,Apr_W1,0.0,145.0
Northern Rough-winged Swallow,4,2,Apr_W2,0.0,154.0
Northern Rough-winged Swallow,4,3,Apr_W3,0.0,157.0
Northern Rough-winged Swallow,4,4,Apr_W4,0.0030303,330.0
Northern Rough-winged Swallow,5,1,May_W1,0.0110294,272.0
Northern Rough-winged Swallow,5,2,May_W2,0.015748,381.0
Northern Rough-winged Swallow,5,3,May_W3,0.0124777,561.0
Northern Rough-winged Swallow,5,4,May_W4,0.0192698,986.0
Northern Rough-winged Swallow,6,1,Jun_W1,0.0374251,668.0
Northern Rough-winged Swallow,6,2,Jun_W2,0.0157171,509.0
Northern Rough-winged Swallow,6,3,Jun_W3,0.0131926,379.0
Northern Rough-winged Swallow,6,4,Jun_W4,0.0133779,598.0
Northern Rough-winged Swallow,7,1,Jul_W1,0.0138504,361.0
Northern Rough-winged Swallow,7,2,Jul_W2,0.007335,409.0
Northern Rough-winged Swallow,7,3,Jul_W3,0.0111732,358.0
Northern Rough-winged Swallow,7,4,Jul_W4,0.026253,419.0
Northern Rough-winged Swallow,8,1,Aug_W1,0.0115385,260.0
Northern Rough-winged Swallow,8,2,Aug_W2,0.0015,303.0
Northern Rough-winged Swallow,8,3,Aug_W3,0.0103448,290.0
Northern Rough-winged Swallow,8,4,Aug_W4,0.0018018,555.0
Northern Rough-winged Swallow,9,1,Sep_W1,0.0,305.0
Northern Rough-winged Swallow,9,2,Sep_W2,0.0,339.0
Northern Rough-winged Swallow,9,3,Sep_W3,0.0,290.0
Northern Rough-winged Swallow,9,4,Sep_W4,0.0,426.0
Northern Rough-winged Swallow,10,1,Oct_W1,0.0,331.0
Northern Rough-winged Swallow,10,2,Oct_W2,0.0,478.0
Northern Rough-winged Swallow,10,3,Oct_W3,0.0,282.0
Northern Rough-winged Swallow,10,4,Oct_W4,0.0,383.0
Northern Rough-winged Swallow,11,1,Nov_W1,0.0,184.0
Northern Rough-winged Swallow,11,2,Nov_W2,0.0,136.0
Northern Rough-winged Swallow,11,3,Nov_W3,0.0,89.0
Northern Rough-winged Swallow,11,4,Nov_W4,0.0,105.0
Northern Rough-winged Swallow,12,1,Dec_W1,0.0,60.0
Northern Rough-winged Swallow,12,2,Dec_W2,0.0,36.0
Northern Rough-winged Swallow,12,3,Dec_W3,0.0,166.0
Northern Rough-winged Swallow,12,4,Dec_W4,0.0,100.0
Barn Swallow,1,1,Jan_W1,0.0,112.0
Barn Swallow,1,2,Jan_W2,0.0,94.0
Barn Swallow,1,3,Jan_W3,0.0,145.0
Barn Swallow,1,4,Jan_W4,0.0,125.0
Barn Swallow,2,1,Feb_W1,0.0,115.0
Barn Swallow,2,2,Feb_W2,0.0,192.0
Barn Swallow,2,3,Feb_W3,0.0,197.0
Barn Swallow,2,4,Feb_W4,0.0,63.0
Barn Swallow,3,1,Mar_W1,0.0,58.0
Barn Swallow,3,2,Mar_W2,0.0,55.0
Barn Swallow,3,3,Mar_W3,0.0,78.0
Barn Swallow,3,4,Mar_W4,0.0,163.0
Barn Swallow,4,1,Apr_W1,0.0,145.0
Barn Swallow,4,2,Apr_W2,0.0,154.0
Barn Swallow,4,3,Apr_W3,0.0063694,157.0
Barn Swallow,4,4,Apr_W4,0.0878788,330.0
Barn Swallow,5,1,May_W1,0.1360294,272.0
Barn Swallow,5,2,May_W2,0.1364829,381.0
Barn Swallow,5,3,May_W3,0.1479501,561.0
Barn Swallow,5,4,May_W4,0.1399594,986.0
Barn Swallow,6,1,Jun_W1,0.1601796,668.0
Barn Swallow,6,2,Jun_W2,0.1787819,509.0
Barn Swallow,6,3,Jun_W3,0.1741425,379.0
Barn Swallow,6,4,Jun_W4,0.1605351,598.0
Barn Swallow,7,1,Jul_W1,0.1357341,361.0
Barn Swallow,7,2,Jul_W2,0.1687042,409.0
Barn Swallow,7,3,Jul_W3,0.1843575,358.0
Barn Swallow,7,4,Jul_W4,0.1909308,419.0
Barn Swallow,8,1,Aug_W1,0.1846154,260.0
Barn Swallow,8,2,Aug_W2,0.2013201,303.0
Barn Swallow,8,3,Aug_W3,0.2172414,290.0
Barn Swallow,8,4,Aug_W4,0.1459459,555.0
Barn Swallow,9,1,Sep_W1,0.095082,305.0
Barn Swallow,9,2,Sep_W2,0.0560472,339.0
Barn Swallow,9,3,Sep_W3,0.0068966,290.0
Barn Swallow,9,4,Sep_W4,0.0,426.0
Barn Swallow,10,1,Oct_W1,0.0,331.0
Barn Swallow,10,2,Oct_W2,0.0,478.0
Barn Swallow,10,3,Oct_W3,0.0,282.0
Barn Swallow,10,4,Oct_W4,0.0015,383.0
Barn Swallow,11,1,Nov_W1,0.0,184.0
Barn Swallow,11,2,Nov_W2,0.0,136.0
Barn Swallow,11,3,Nov_W3,0.0,89.0
Barn Swallow,11,4,Nov_W4,0.0,105.0
Barn Swallow,12,1,Dec_W1,0.0,60.0
Barn Swallow,12,2,Dec_W2,0.0,36.0
Barn Swallow,12,3,Dec_W3,0.0,166.0
Barn Swallow,12,4,Dec_W4,0.0,100.0
Cliff Swallow,1,1,Jan_W1,0.0,112.0
Cliff Swallow,1,2,Jan_W2,0.0,94.0
Cliff Swallow,1,3,Jan_W3,0.0,145.0
Cliff Swallow,1,4,Jan_W4,0.0,125.0
Cliff Swallow,2,1,Feb_W1,0.0,115.0
Cliff Swallow,2,2,Feb_W2,0.0,192.0
Cliff Swallow,2,3,Feb_W3,0.0,197.0
Cliff Swallow,2,4,Feb_W4,0.0,63.0
Cliff Swallow,3,1,Mar_W1,0.0,58.0
Cliff Swallow,3,2,Mar_W2,0.0,55.0
Cliff Swallow,3,3,Mar_W3,0.0,78.0
Cliff Swallow,3,4,Mar_W4,0.0,163.0
Cliff Swallow,4,1,Apr_W1,0.0,145.0
Cliff Swallow,4,2,Apr_W2,0.0,154.0
Cliff Swallow,4,3,Apr_W3,0.0,157.0
Cliff Swallow,4,4,Apr_W4,0.0030303,330.0
Cliff Swallow,5,1,May_W1,0.0220588,272.0
Cliff Swallow,5,2,May_W2,0.0341207,381.0
Cliff Swallow,5,3,May_W3,0.0427807,561.0
Cliff Swallow,5,4,May_W4,0.0243408,986.0
Cliff Swallow,6,1,Jun_W1,0.0374251,668.0
Cliff Swallow,6,2,Jun_W2,0.0530452,509.0
Cliff Swallow,6,3,Jun_W3,0.055409,379.0
Cliff Swallow,6,4,Jun_W4,0.0468227,598.0
Cliff Swallow,7,1,Jul_W1,0.0193906,361.0
Cliff Swallow,7,2,Jul_W2,0.0415648,409.0
Cliff Swallow,7,3,Jul_W3,0.0530726,358.0
Cliff Swallow,7,4,Jul_W4,0.0477327,419.0
Cliff Swallow,8,1,Aug_W1,0.0153846,260.0
Cliff Swallow,8,2,Aug_W2,0.0264026,303.0
Cliff Swallow,8,3,Aug_W3,0.0068966,290.0
Cliff Swallow,8,4,Aug_W4,0.027027,555.0
Cliff Swallow,9,1,Sep_W1,0.0360656,305.0
Cliff Swallow,9,2,Sep_W2,0.0088496,339.0
Cliff Swallow,9,3,Sep_W3,0.0,290.0
Cliff Swallow,9,4,Sep_W4,0.0,426.0
Cliff Swallow,10,1,Oct_W1,0.0,331.0
Cliff Swallow,10,2,Oct_W2,0.0,478.0
Cliff Swallow,10,3,Oct_W3,0.0,282.0
Cliff Swallow,10,4,Oct_W4,0.0,383.0
Cliff Swallow,11,1,Nov_W1,0.0,184.0
Cliff Swallow,11,2,Nov_W2,0.0,136.0
Cliff Swallow,11,3,Nov_W3,0.0,89.0
Cliff Swallow,11,4,Nov_W4,0.0,105.0
Cliff Swallow,12,1,Dec_W1,0.0,60.0
Cliff Swallow,12,2,Dec_W2,0.0,36.0
Cliff Swallow,12,3,Dec_W3,0.0,166.0
Cliff Swallow,12,4,Dec_W4,0.0,100.0
Ruby-crowned Kinglet,1,1,Jan_W1,0.0,112.0
Ruby-crowned Kinglet,1,2,Jan_W2,0.0,94.0
Ruby-crowned Kinglet,1,3,Jan_W3,0.0,145.0
Ruby-crowned Kinglet,1,4,Jan_W4,0.0,125.0
Ruby-crowned Kinglet,2,1,Feb_W1,0.0,115.0
Ruby-crowned Kinglet,2,2,Feb_W2,0.0,192.0
Ruby-crowned Kinglet,2,3,Feb_W3,0.0,197.0
Ruby-crowned Kinglet,2,4,Feb_W4,0.0,63.0
Ruby-crowned Kinglet,3,1,Mar_W1,0.0,58.0
Ruby-crowned Kinglet,3,2,Mar_W2,0.0,55.0
Ruby-crowned Kinglet,3,3,Mar_W3,0.0,78.0
Ruby-crowned Kinglet,3,4,Mar_W4,0.0,163.0
Ruby-crowned Kinglet,4,1,Apr_W1,0.0,145.0
Ruby-crowned Kinglet,4,2,Apr_W2,0.0194805,154.0
Ruby-crowned Kinglet,4,3,Apr_W3,0.0764331,157.0
Ruby-crowned Kinglet,4,4,Apr_W4,0.1606061,330.0
Ruby-crowned Kinglet,5,1,May_W1,0.1470588,272.0
Ruby-crowned Kinglet,5,2,May_W2,0.0813648,381.0
Ruby-crowned Kinglet,5,3,May_W3,0.0481283,561.0
Ruby-crowned Kinglet,5,4,May_W4,0.015213,986.0
Ruby-crowned Kinglet,6,1,Jun_W1,0.004491,668.0
Ruby-crowned Kinglet,6,2,Jun_W2,0.0058939,509.0
Ruby-crowned Kinglet,6,3,Jun_W3,0.0026385,379.0
Ruby-crowned Kinglet,6,4,Jun_W4,0.0015,598.0
Ruby-crowned Kinglet,7,1,Jul_W1,0.0,361.0
Ruby-crowned Kinglet,7,2,Jul_W2,0.002445,409.0
Ruby-crowned Kinglet,7,3,Jul_W3,0.0,358.0
Ruby-crowned Kinglet,7,4,Jul_W4,0.0,419.0
Ruby-crowned Kinglet,8,1,Aug_W1,0.0038462,260.0
Ruby-crowned Kinglet,8,2,Aug_W2,0.009901,303.0
Ruby-crowned Kinglet,8,3,Aug_W3,0.0,290.0
Ruby-crowned Kinglet,8,4,Aug_W4,0.0018018,555.0
Ruby-crowned Kinglet,9,1,Sep_W1,0.0065574,305.0
Ruby-crowned Kinglet,9,2,Sep_W2,0.020649,339.0
Ruby-crowned Kinglet,9,3,Sep_W3,0.037931,290.0
Ruby-crowned Kinglet,9,4,Sep_W4,0.129108,426.0
Ruby-crowned Kinglet,10,1,Oct_W1,0.102719,331.0
Ruby-crowned Kinglet,10,2,Oct_W2,0.0711297,478.0
Ruby-crowned Kinglet,10,3,Oct_W3,0.0496454,282.0
Ruby-crowned Kinglet,10,4,Oct_W4,0.0443864,383.0
Ruby-crowned Kinglet,11,1,Nov_W1,0.0054348,184.0
Ruby-crowned Kinglet,11,2,Nov_W2,0.0,136.0
Ruby-crowned Kinglet,11,3,Nov_W3,0.0,89.0
Ruby-crowned Kinglet,11,4,Nov_W4,0.0,105.0
Ruby-crowned Kinglet,12,1,Dec_W1,0.0,60.0
Ruby-crowned Kinglet,12,2,Dec_W2,0.0,36.0
Ruby-crowned Kinglet,12,3,Dec_W3,0.0,166.0
Ruby-crowned Kinglet,12,4,Dec_W4,0.0,100.0
Golden-crowned Kinglet,1,1,Jan_W1,0.0714286,112.0
Golden-crowned Kinglet,1,2,Jan_W2,0.0106383,94.0
Golden-crowned Kinglet,1,3,Jan_W3,0.0275862,145.0
Golden-crowned Kinglet,1,4,Jan_W4,0.024,125.0
Golden-crowned Kinglet,2,1,Feb_W1,0.0086957,115.0
Golden-crowned Kinglet,2,2,Feb_W2,0.03125,192.0
Golden-crowned Kinglet,2,3,Feb_W3,0.0050761,197.0
Golden-crowned Kinglet,2,4,Feb_W4,0.015873,63.0
Golden-crowned Kinglet,3,1,Mar_W1,0.0172414,58.0
Golden-crowned Kinglet,3,2,Mar_W2,0.0363636,55.0
Golden-crowned Kinglet,3,3,Mar_W3,0.0,78.0
Golden-crowned Kinglet,3,4,Mar_W4,0.0674847,163.0
Golden-crowned Kinglet,4,1,Apr_W1,0.1103448,145.0
Golden-crowned Kinglet,4,2,Apr_W2,0.2012987,154.0
Golden-crowned Kinglet,4,3,Apr_W3,0.1656051,157.0
Golden-crowned Kinglet,4,4,Apr_W4,0.1181818,330.0
Golden-crowned Kinglet,5,1,May_W1,0.1029412,272.0
Golden-crowned Kinglet,5,2,May_W2,0.0262467,381.0
Golden-crowned Kinglet,5,3,May_W3,0.0178253,561.0
Golden-crowned Kinglet,5,4,May_W4,0.0243408,986.0
Golden-crowned Kinglet,6,1,Jun_W1,0.0329341,668.0
Golden-crowned Kinglet,6,2,Jun_W2,0.0275049,509.0
Golden-crowned Kinglet,6,3,Jun_W3,0.0395778,379.0
Golden-crowned Kinglet,6,4,Jun_W4,0.041806,598.0
Golden-crowned Kinglet,7,1,Jul_W1,0.0304709,361.0
Golden-crowned Kinglet,7,2,Jul_W2,0.0146699,409.0
Golden-crowned Kinglet,7,3,Jul_W3,0.0167598,358.0
Golden-crowned Kinglet,7,4,Jul_W4,0.0310263,419.0
Golden-crowned Kinglet,8,1,Aug_W1,0.0153846,260.0
Golden-crowned Kinglet,8,2,Aug_W2,0.0231023,303.0
Golden-crowned Kinglet,8,3,Aug_W3,0.0241379,290.0
Golden-crowned Kinglet,8,4,Aug_W4,0.0234234,555.0
Golden-crowned Kinglet,9,1,Sep_W1,0.0131148,305.0
Golden-crowned Kinglet,9,2,Sep_W2,0.0353982,339.0
Golden-crowned Kinglet,9,3,Sep_W3,0.0448276,290.0
Golden-crowned Kinglet,9,4,Sep_W4,0.1384977,426.0
Golden-crowned Kinglet,10,1,Oct_W1,0.1480363,331.0
Golden-crowned Kinglet,10,2,Oct_W2,0.1485356,478.0
Golden-crowned Kinglet,10,3,Oct_W3,0.1843972,282.0
Golden-crowned Kinglet,10,4,Oct_W4,0.1853786,383.0
Golden-crowned Kinglet,11,1,Nov_W1,0.1847826,184.0
Golden-crowned Kinglet,11,2,Nov_W2,0.1176471,136.0
Golden-crowned Kinglet,11,3,Nov_W3,0.1685393,89.0
Golden-crowned Kinglet,11,4,Nov_W4,0.0285714,105.0
Golden-crowned Kinglet,12,1,Dec_W1,0.0833333,60.0
Golden-crowned Kinglet,12,2,Dec_W2,0.0277778,36.0
Golden-crowned Kinglet,12,3,Dec_W3,0.1746988,166.0
Golden-crowned Kinglet,12,4,Dec_W4,0.09,100.0
White-breasted Nuthatch,1,1,Jan_W1,0.1428571,112.0
White-breasted Nuthatch,1,2,Jan_W2,0.0851064,94.0
White-breasted Nuthatch,1,3,Jan_W3,0.062069,145.0
White-breasted Nuthatch,1,4,Jan_W4,0.088,125.0
White-breasted Nuthatch,2,1,Feb_W1,0.0782609,115.0
White-breasted Nuthatch,2,2,Feb_W2,0.1666667,192.0
White-breasted Nuthatch,2,3,Feb_W3,0.1878173,197.0
White-breasted Nuthatch,2,4,Feb_W4,0.0793651,63.0
White-breasted Nuthatch,3,1,Mar_W1,0.137931,58.0
White-breasted Nuthatch,3,2,Mar_W2,0.1454545,55.0
White-breasted Nuthatch,3,3,Mar_W3,0.0769231,78.0
White-breasted Nuthatch,3,4,Mar_W4,0.0981595,163.0
White-breasted Nuthatch,4,1,Apr_W1,0.1172414,145.0
White-breasted Nuthatch,4,2,Apr_W2,0.1168831,154.0
White-breasted Nuthatch,4,3,Apr_W3,0.089172,157.0
White-breasted Nuthatch,4,4,Apr_W4,0.0606061,330.0
White-breasted Nuthatch,5,1,May_W1,0.0441176,272.0
White-breasted Nuthatch,5,2,May_W2,0.0393701,381.0
White-breasted Nuthatch,5,3,May_W3,0.0231729,561.0
White-breasted Nuthatch,5,4,May_W4,0.020284,986.0
White-breasted Nuthatch,6,1,Jun_W1,0.010479,668.0
White-breasted Nuthatch,6,2,Jun_W2,0.0137525,509.0
White-breasted Nuthatch,6,3,Jun_W3,0.0158311,379.0
White-breasted Nuthatch,6,4,Jun_W4,0.0183946,598.0
White-breasted Nuthatch,7,1,Jul_W1,0.0277008,361.0
White-breasted Nuthatch,7,2,Jul_W2,0.0366748,409.0
White-breasted Nuthatch,7,3,Jul_W3,0.0558659,358.0
White-breasted Nuthatch,7,4,Jul_W4,0.0453461,419.0
White-breasted Nuthatch,8,1,Aug_W1,0.0423077,260.0
White-breasted Nuthatch,8,2,Aug_W2,0.0462046,303.0
White-breasted Nuthatch,8,3,Aug_W3,0.0586207,290.0
White-breasted Nuthatch,8,4,Aug_W4,0.0576577,555.0
White-breasted Nuthatch,9,1,Sep_W1,0.042623,305.0
White-breasted Nuthatch,9,2,Sep_W2,0.0294985,339.0
White-breasted Nuthatch,9,3,Sep_W3,0.0413793,290.0
White-breasted Nuthatch,9,4,Sep_W4,0.0868545,426.0
White-breasted Nuthatch,10,1,Oct_W1,0.0936556,331.0
White-breasted Nuthatch,10,2,Oct_W2,0.1966527,478.0
White-breasted Nuthatch,10,3,Oct_W3,0.1382979,282.0
White-breasted Nuthatch,10,4,Oct_W4,0.1305483,383.0
White-breasted Nuthatch,11,1,Nov_W1,0.0923913,184.0
White-breasted Nuthatch,11,2,Nov_W2,0.0955882,136.0
White-breasted Nuthatch,11,3,Nov_W3,0.1460674,89.0
White-breasted Nuthatch,11,4,Nov_W4,0.1238095,105.0
White-breasted Nuthatch,12,1,Dec_W1,0.1,60.0
White-breasted Nuthatch,12,2,Dec_W2,0.0833333,36.0
White-breasted Nuthatch,12,3,Dec_W3,0.1746988,166.0
White-breasted Nuthatch,12,4,Dec_W4,0.15,100.0
Red-breasted Nuthatch,1,1,Jan_W1,0.1339286,112.0
Red-breasted Nuthatch,1,2,Jan_W2,0.0957447,94.0
Red-breasted Nuthatch,1,3,Jan_W3,0.0896552,145.0
Red-breasted Nuthatch,1,4,Jan_W4,0.088,125.0
Red-breasted Nuthatch,2,1,Feb_W1,0.0695652,115.0
Red-breasted Nuthatch,2,2,Feb_W2,0.0885417,192.0
Red-breasted Nuthatch,2,3,Feb_W3,0.1928934,197.0
Red-breasted Nuthatch,2,4,Feb_W4,0.1587302,63.0
Red-breasted Nuthatch,3,1,Mar_W1,0.0689655,58.0
Red-breasted Nuthatch,3,2,Mar_W2,0.1636364,55.0
Red-breasted Nuthatch,3,3,Mar_W3,0.0897436,78.0
Red-breasted Nuthatch,3,4,Mar_W4,0.1226994,163.0
Red-breasted Nuthatch,4,1,Apr_W1,0.1034483,145.0
Red-breasted Nuthatch,4,2,Apr_W2,0.1233766,154.0
Red-breasted Nuthatch,4,3,Apr_W3,0.1082803,157.0
Red-breasted Nuthatch,4,4,Apr_W4,0.1121212,330.0
Red-breasted Nuthatch,5,1,May_W1,0.2058824,272.0
Red-breasted Nuthatch,5,2,May_W2,0.2073491,381.0
Red-breasted Nuthatch,5,3,May_W3,0.2103387,561.0
Red-breasted Nuthatch,5,4,May_W4,0.1409736,986.0
Red-breasted Nuthatch,6,1,Jun_W1,0.1616766,668.0
Red-breasted Nuthatch,6,2,Jun_W2,0.1198428,509.0
Red-breasted Nuthatch,6,3,Jun_W3,0.1055409,379.0
Red-breasted Nuthatch,6,4,Jun_W4,0.1421405,598.0
Red-breasted Nuthatch,7,1,Jul_W1,0.0914127,361.0
Red-breasted Nuthatch,7,2,Jul_W2,0.1026895,409.0
Red-breasted Nuthatch,7,3,Jul_W3,0.1284916,358.0
Red-breasted Nuthatch,7,4,Jul_W4,0.1431981,419.0
Red-breasted Nuthatch,8,1,Aug_W1,0.1576923,260.0
Red-breasted Nuthatch,8,2,Aug_W2,0.1980198,303.0
Red-breasted Nuthatch,8,3,Aug_W3,0.2344828,290.0
Red-breasted Nuthatch,8,4,Aug_W4,0.2162162,555.0
Red-breasted Nuthatch,9,1,Sep_W1,0.2918033,305.0
Red-breasted Nuthatch,9,2,Sep_W2,0.2566372,339.0
Red-breasted Nuthatch,9,3,Sep_W3,0.2413793,290.0
Red-breasted Nuthatch,9,4,Sep_W4,0.185446,426.0
Red-breasted Nuthatch,10,1,Oct_W1,0.2024169,331.0
Red-breasted Nuthatch,10,2,Oct_W2,0.1359833,478.0
Red-breasted Nuthatch,10,3,Oct_W3,0.141844,282.0
Red-breasted Nuthatch,10,4,Oct_W4,0.1357702,383.0
Red-breasted Nuthatch,11,1,Nov_W1,0.0978261,184.0
Red-breasted Nuthatch,11,2,Nov_W2,0.125,136.0
Red-breasted Nuthatch,11,3,Nov_W3,0.1797753,89.0
Red-breasted Nuthatch,11,4,Nov_W4,0.0952381,105.0
Red-breasted Nuthatch,12,1,Dec_W1,0.1333333,60.0
Red-breasted Nuthatch,12,2,Dec_W2,0.0277778,36.0
Red-breasted Nuthatch,12,3,Dec_W3,0.2289157,166.0
Red-breasted Nuthatch,12,4,Dec_W4,0.12,100.0
Brown Creeper,1,1,Jan_W1,0.0625,112.0
Brown Creeper,1,2,Jan_W2,0.0212766,94.0
Brown Creeper,1,3,Jan_W3,0.0137931,145.0
Brown Creeper,1,4,Jan_W4,0.008,125.0
Brown Creeper,2,1,Feb_W1,0.0173913,115.0
Brown Creeper,2,2,Feb_W2,0.0104167,192.0
Brown Creeper,2,3,Feb_W3,0.0406091,197.0
Brown Creeper,2,4,Feb_W4,0.0,63.0
Brown Creeper,3,1,Mar_W1,0.0172414,58.0
Brown Creeper,3,2,Mar_W2,0.0015,55.0
Brown Creeper,3,3,Mar_W3,0.0,78.0
Brown Creeper,3,4,Mar_W4,0.0245399,163.0
Brown Creeper,4,1,Apr_W1,0.062069,145.0
Brown Creeper,4,2,Apr_W2,0.0649351,154.0
Brown Creeper,4,3,Apr_W3,0.0828025,157.0
Brown Creeper,4,4,Apr_W4,0.0848485,330.0
Brown Creeper,5,1,May_W1,0.0808824,272.0
Brown Creeper,5,2,May_W2,0.0341207,381.0
Brown Creeper,5,3,May_W3,0.0320856,561.0
Brown Creeper,5,4,May_W4,0.0223124,986.0
Brown Creeper,6,1,Jun_W1,0.0374251,668.0
Brown Creeper,6,2,Jun_W2,0.0314342,509.0
Brown Creeper,6,3,Jun_W3,0.0343008,379.0
Brown Creeper,6,4,Jun_W4,0.0334448,598.0
Brown Creeper,7,1,Jul_W1,0.0193906,361.0
Brown Creeper,7,2,Jul_W2,0.0268949,409.0
Brown Creeper,7,3,Jul_W3,0.0223464,358.0
Brown Creeper,7,4,Jul_W4,0.0286396,419.0
Brown Creeper,8,1,Aug_W1,0.0307692,260.0
Brown Creeper,8,2,Aug_W2,0.039604,303.0
Brown Creeper,8,3,Aug_W3,0.0413793,290.0
Brown Creeper,8,4,Aug_W4,0.0288288,555.0
Brown Creeper,9,1,Sep_W1,0.0491803,305.0
Brown Creeper,9,2,Sep_W2,0.0353982,339.0
Brown Creeper,9,3,Sep_W3,0.0482759,290.0
Brown Creeper,9,4,Sep_W4,0.0892019,426.0
Brown Creeper,10,1,Oct_W1,0.0574018,331.0
Brown Creeper,10,2,Oct_W2,0.0313808,478.0
Brown Creeper,10,3,Oct_W3,0.0319149,282.0
Brown Creeper,10,4,Oct_W4,0.0391645,383.0
Brown Creeper,11,1,Nov_W1,0.0217391,184.0
Brown Creeper,11,2,Nov_W2,0.0147059,136.0
Brown Creeper,11,3,Nov_W3,0.011236,89.0
Brown Creeper,11,4,Nov_W4,0.0285714,105.0
Brown Creeper,12,1,Dec_W1,0.0015,60.0
Brown Creeper,12,2,Dec_W2,0.0277778,36.0
Brown Creeper,12,3,Dec_W3,0.060241,166.0
Brown Creeper,12,4,Dec_W4,0.02,100.0
Blue-gray Gnatcatcher,1,1,Jan_W1,0.0,112.0
Blue-gray Gnatcatcher,1,2,Jan_W2,0.0,94.0
Blue-gray Gnatcatcher,1,3,Jan_W3,0.0,145.0
Blue-gray Gnatcatcher,1,4,Jan_W4,0.0,125.0
Blue-gray Gnatcatcher,2,1,Feb_W1,0.0,115.0
Blue-gray Gnatcatcher,2,2,Feb_W2,0.0,192.0
Blue-gray Gnatcatcher,2,3,Feb_W3,0.0,197.0
Blue-gray Gnatcatcher,2,4,Feb_W4,0.0,63.0
Blue-gray Gnatcatcher,3,1,Mar_W1,0.0,58.0
Blue-gray Gnatcatcher,3,2,Mar_W2,0.0,55.0
Blue-gray Gnatcatcher,3,3,Mar_W3,0.0,78.0
Blue-gray Gnatcatcher,3,4,Mar_W4,0.0,163.0
Blue-gray Gnatcatcher,4,1,Apr_W1,0.0,145.0
Blue-gray Gnatcatcher,4,2,Apr_W2,0.0,154.0
Blue-gray Gnatcatcher,4,3,Apr_W3,0.0,157.0
Blue-gray Gnatcatcher,4,4,Apr_W4,0.0,330.0
Blue-gray Gnatcatcher,5,1,May_W1,0.0073529,272.0
Blue-gray Gnatcatcher,5,2,May_W2,0.0131234,381.0
Blue-gray Gnatcatcher,5,3,May_W3,0.0356506,561.0
Blue-gray Gnatcatcher,5,4,May_W4,0.0091278,986.0
Blue-gray Gnatcatcher,6,1,Jun_W1,0.0,668.0
Blue-gray Gnatcatcher,6,2,Jun_W2,0.0,509.0
Blue-gray Gnatcatcher,6,3,Jun_W3,0.0026385,379.0
Blue-gray Gnatcatcher,6,4,Jun_W4,0.0,598.0
Blue-gray Gnatcatcher,7,1,Jul_W1,0.0,361.0
Blue-gray Gnatcatcher,7,2,Jul_W2,0.002445,409.0
Blue-gray Gnatcatcher,7,3,Jul_W3,0.0,358.0
Blue-gray Gnatcatcher,7,4,Jul_W4,0.0023866,419.0
Blue-gray Gnatcatcher,8,1,Aug_W1,0.0,260.0
Blue-gray Gnatcatcher,8,2,Aug_W2,0.0,303.0
Blue-gray Gnatcatcher,8,3,Aug_W3,0.0,290.0
Blue-gray Gnatcatcher,8,4,Aug_W4,0.0018018,555.0
Blue-gray Gnatcatcher,9,1,Sep_W1,0.0065574,305.0
Blue-gray Gnatcatcher,9,2,Sep_W2,0.0,339.0
Blue-gray Gnatcatcher,9,3,Sep_W3,0.0,290.0
Blue-gray Gnatcatcher,9,4,Sep_W4,0.0023474,426.0
Blue-gray Gnatcatcher,10,1,Oct_W1,0.0030211,331.0
Blue-gray Gnatcatcher,10,2,Oct_W2,0.0,478.0
Blue-gray Gnatcatcher,10,3,Oct_W3,0.0070922,282.0
Blue-gray Gnatcatcher,10,4,Oct_W4,0.002611,383.0
Blue-gray Gnatcatcher,11,1,Nov_W1,0.0054348,184.0
Blue-gray Gnatcatcher,11,2,Nov_W2,0.0,136.0
Blue-gray Gnatcatcher,11,3,Nov_W3,0.0,89.0
Blue-gray Gnatcatcher,11,4,Nov_W4,0.0,105.0
Blue-gray Gnatcatcher,12,1,Dec_W1,0.0,60.0
Blue-gray Gnatcatcher,12,2,Dec_W2,0.0,36.0
Blue-gray Gnatcatcher,12,3,Dec_W3,0.0,166.0
Blue-gray Gnatcatcher,12,4,Dec_W4,0.0,100.0
Northern House Wren,1,1,Jan_W1,0.0,112.0
Northern House Wren,1,2,Jan_W2,0.0,94.0
Northern House Wren,1,3,Jan_W3,0.0,145.0
Northern House Wren,1,4,Jan_W4,0.0,125.0
Northern House Wren,2,1,Feb_W1,0.0,115.0
Northern House Wren,2,2,Feb_W2,0.0,192.0
Northern House Wren,2,3,Feb_W3,0.0,197.0
Northern House Wren,2,4,Feb_W4,0.0,63.0
Northern House Wren,3,1,Mar_W1,0.0,58.0
Northern House Wren,3,2,Mar_W2,0.0,55.0
Northern House Wren,3,3,Mar_W3,0.0,78.0
Northern House Wren,3,4,Mar_W4,0.0,163.0
Northern House Wren,4,1,Apr_W1,0.0,145.0
Northern House Wren,4,2,Apr_W2,0.0,154.0
Northern House Wren,4,3,Apr_W3,0.0,157.0
Northern House Wren,4,4,Apr_W4,0.0,330.0
Northern House Wren,5,1,May_W1,0.0110294,272.0
Northern House Wren,5,2,May_W2,0.0262467,381.0
Northern House Wren,5,3,May_W3,0.0445633,561.0
Northern House Wren,5,4,May_W4,0.0567951,986.0
Northern House Wren,6,1,Jun_W1,0.0479042,668.0
Northern House Wren,6,2,Jun_W2,0.0491159,509.0
Northern House Wren,6,3,Jun_W3,0.0448549,379.0
Northern House Wren,6,4,Jun_W4,0.0551839,598.0
Northern House Wren,7,1,Jul_W1,0.0415512,361.0
Northern House Wren,7,2,Jul_W2,0.0293399,409.0
Northern House Wren,7,3,Jul_W3,0.0363128,358.0
Northern House Wren,7,4,Jul_W4,0.026253,419.0
Northern House Wren,8,1,Aug_W1,0.0115385,260.0
Northern House Wren,8,2,Aug_W2,0.019802,303.0
Northern House Wren,8,3,Aug_W3,0.0137931,290.0
Northern House Wren,8,4,Aug_W4,0.0414414,555.0
Northern House Wren,9,1,Sep_W1,0.0262295,305.0
Northern House Wren,9,2,Sep_W2,0.0294985,339.0
Northern House Wren,9,3,Sep_W3,0.0137931,290.0
Northern House Wren,9,4,Sep_W4,0.0140845,426.0
Northern House Wren,10,1,Oct_W1,0.0030211,331.0
Northern House Wren,10,2,Oct_W2,0.0,478.0
Northern House Wren,10,3,Oct_W3,0.0,282.0
Northern House Wren,10,4,Oct_W4,0.0,383.0
Northern House Wren,11,1,Nov_W1,0.0,184.0
Northern House Wren,11,2,Nov_W2,0.0,136.0
Northern House Wren,11,3,Nov_W3,0.0,89.0
Northern House Wren,11,4,Nov_W4,0.0,105.0
Northern House Wren,12,1,Dec_W1,0.0,60.0
Northern House Wren,12,2,Dec_W2,0.0,36.0
Northern House Wren,12,3,Dec_W3,0.0,166.0
Northern House Wren,12,4,Dec_W4,0.0,100.0
Winter Wren,1,1,Jan_W1,0.0,112.0
Winter Wren,1,2,Jan_W2,0.0,94.0
Winter Wren,1,3,Jan_W3,0.0,145.0
Winter Wren,1,4,Jan_W4,0.0,125.0
Winter Wren,2,1,Feb_W1,0.0,115.0
Winter Wren,2,2,Feb_W2,0.0,192.0
Winter Wren,2,3,Feb_W3,0.0,197.0
Winter Wren,2,4,Feb_W4,0.0,63.0
Winter Wren,3,1,Mar_W1,0.0,58.0
Winter Wren,3,2,Mar_W2,0.0,55.0
Winter Wren,3,3,Mar_W3,0.0,78.0
Winter Wren,3,4,Mar_W4,0.0,163.0
Winter Wren,4,1,Apr_W1,0.0137931,145.0
Winter Wren,4,2,Apr_W2,0.0,154.0
Winter Wren,4,3,Apr_W3,0.0191083,157.0
Winter Wren,4,4,Apr_W4,0.0393939,330.0
Winter Wren,5,1,May_W1,0.0330882,272.0
Winter Wren,5,2,May_W2,0.023622,381.0
Winter Wren,5,3,May_W3,0.0409982,561.0
Winter Wren,5,4,May_W4,0.040568,986.0
Winter Wren,6,1,Jun_W1,0.0449102,668.0
Winter Wren,6,2,Jun_W2,0.0530452,509.0
Winter Wren,6,3,Jun_W3,0.0686016,379.0
Winter Wren,6,4,Jun_W4,0.09699,598.0
Winter Wren,7,1,Jul_W1,0.0470914,361.0
Winter Wren,7,2,Jul_W2,0.0440098,409.0
Winter Wren,7,3,Jul_W3,0.0530726,358.0
Winter Wren,7,4,Jul_W4,0.0477327,419.0
Winter Wren,8,1,Aug_W1,0.0192308,260.0
Winter Wren,8,2,Aug_W2,0.0066007,303.0
Winter Wren,8,3,Aug_W3,0.0068966,290.0
Winter Wren,8,4,Aug_W4,0.009009,555.0
Winter Wren,9,1,Sep_W1,0.0,305.0
Winter Wren,9,2,Sep_W2,0.020649,339.0
Winter Wren,9,3,Sep_W3,0.0034483,290.0
Winter Wren,9,4,Sep_W4,0.0234742,426.0
Winter Wren,10,1,Oct_W1,0.0241692,331.0
Winter Wren,10,2,Oct_W2,0.0083682,478.0
Winter Wren,10,3,Oct_W3,0.0,282.0
Winter Wren,10,4,Oct_W4,0.002611,383.0
Winter Wren,11,1,Nov_W1,0.0015,184.0
Winter Wren,11,2,Nov_W2,0.0,136.0
Winter Wren,11,3,Nov_W3,0.0,89.0
Winter Wren,11,4,Nov_W4,0.0,105.0
Winter Wren,12,1,Dec_W1,0.0,60.0
Winter Wren,12,2,Dec_W2,0.0,36.0
Winter Wren,12,3,Dec_W3,0.0,166.0
Winter Wren,12,4,Dec_W4,0.0,100.0
Sedge Wren,1,1,Jan_W1,0.0,112.0
Sedge Wren,1,2,Jan_W2,0.0,94.0
Sedge Wren,1,3,Jan_W3,0.0,145.0
Sedge Wren,1,4,Jan_W4,0.0,125.0
Sedge Wren,2,1,Feb_W1,0.0,115.0
Sedge Wren,2,2,Feb_W2,0.0,192.0
Sedge Wren,2,3,Feb_W3,0.0,197.0
Sedge Wren,2,4,Feb_W4,0.0,63.0
Sedge Wren,3,1,Mar_W1,0.0,58.0
Sedge Wren,3,2,Mar_W2,0.0,55.0
Sedge Wren,3,3,Mar_W3,0.0,78.0
Sedge Wren,3,4,Mar_W4,0.0,163.0
Sedge Wren,4,1,Apr_W1,0.0,145.0
Sedge Wren,4,2,Apr_W2,0.0,154.0
Sedge Wren,4,3,Apr_W3,0.0,157.0
Sedge Wren,4,4,Apr_W4,0.0,330.0
Sedge Wren,5,1,May_W1,0.0015,272.0
Sedge Wren,5,2,May_W2,0.0104987,381.0
Sedge Wren,5,3,May_W3,0.0124777,561.0
Sedge Wren,5,4,May_W4,0.0294118,986.0
Sedge Wren,6,1,Jun_W1,0.0359281,668.0
Sedge Wren,6,2,Jun_W2,0.021611,509.0
Sedge Wren,6,3,Jun_W3,0.0211082,379.0
Sedge Wren,6,4,Jun_W4,0.0167224,598.0
Sedge Wren,7,1,Jul_W1,0.0110803,361.0
Sedge Wren,7,2,Jul_W2,0.002445,409.0
Sedge Wren,7,3,Jul_W3,0.0083799,358.0
Sedge Wren,7,4,Jul_W4,0.0047733,419.0
Sedge Wren,8,1,Aug_W1,0.0038462,260.0
Sedge Wren,8,2,Aug_W2,0.0,303.0
Sedge Wren,8,3,Aug_W3,0.0,290.0
Sedge Wren,8,4,Aug_W4,0.0018018,555.0
Sedge Wren,9,1,Sep_W1,0.0,305.0
Sedge Wren,9,2,Sep_W2,0.0058997,339.0
Sedge Wren,9,3,Sep_W3,0.0034483,290.0
Sedge Wren,9,4,Sep_W4,0.0046948,426.0
Sedge Wren,10,1,Oct_W1,0.0,331.0
Sedge Wren,10,2,Oct_W2,0.0,478.0
Sedge Wren,10,3,Oct_W3,0.0,282.0
Sedge Wren,10,4,Oct_W4,0.0,383.0
Sedge Wren,11,1,Nov_W1,0.0,184.0
Sedge Wren,11,2,Nov_W2,0.0,136.0
Sedge Wren,11,3,Nov_W3,0.0,89.0
Sedge Wren,11,4,Nov_W4,0.0,105.0
Sedge Wren,12,1,Dec_W1,0.0,60.0
Sedge Wren,12,2,Dec_W2,0.0,36.0
Sedge Wren,12,3,Dec_W3,0.0,166.0
Sedge Wren,12,4,Dec_W4,0.0,100.0
Marsh Wren,1,1,Jan_W1,0.0,112.0
Marsh Wren,1,2,Jan_W2,0.0,94.0
Marsh Wren,1,3,Jan_W3,0.0,145.0
Marsh Wren,1,4,Jan_W4,0.0,125.0
Marsh Wren,2,1,Feb_W1,0.0,115.0
Marsh Wren,2,2,Feb_W2,0.0,192.0
Marsh Wren,2,3,Feb_W3,0.0,197.0
Marsh Wren,2,4,Feb_W4,0.0,63.0
Marsh Wren,3,1,Mar_W1,0.0,58.0
Marsh Wren,3,2,Mar_W2,0.0,55.0
Marsh Wren,3,3,Mar_W3,0.0,78.0
Marsh Wren,3,4,Mar_W4,0.0,163.0
Marsh Wren,4,1,Apr_W1,0.0,145.0
Marsh Wren,4,2,Apr_W2,0.0,154.0
Marsh Wren,4,3,Apr_W3,0.0,157.0
Marsh Wren,4,4,Apr_W4,0.0,330.0
Marsh Wren,5,1,May_W1,0.0,272.0
Marsh Wren,5,2,May_W2,0.007874,381.0
Marsh Wren,5,3,May_W3,0.0196078,561.0
Marsh Wren,5,4,May_W4,0.0162272,986.0
Marsh Wren,6,1,Jun_W1,0.0224551,668.0
Marsh Wren,6,2,Jun_W2,0.0255403,509.0
Marsh Wren,6,3,Jun_W3,0.0237467,379.0
Marsh Wren,6,4,Jun_W4,0.0100334,598.0
Marsh Wren,7,1,Jul_W1,0.0110803,361.0
Marsh Wren,7,2,Jul_W2,0.0293399,409.0
Marsh Wren,7,3,Jul_W3,0.0446927,358.0
Marsh Wren,7,4,Jul_W4,0.0238663,419.0
Marsh Wren,8,1,Aug_W1,0.0038462,260.0
Marsh Wren,8,2,Aug_W2,0.019802,303.0
Marsh Wren,8,3,Aug_W3,0.0,290.0
Marsh Wren,8,4,Aug_W4,0.0072072,555.0
Marsh Wren,9,1,Sep_W1,0.0163934,305.0
Marsh Wren,9,2,Sep_W2,0.0088496,339.0
Marsh Wren,9,3,Sep_W3,0.0103448,290.0
Marsh Wren,9,4,Sep_W4,0.0046948,426.0
Marsh Wren,10,1,Oct_W1,0.0090634,331.0
Marsh Wren,10,2,Oct_W2,0.0,478.0
Marsh Wren,10,3,Oct_W3,0.0,282.0
Marsh Wren,10,4,Oct_W4,0.0,383.0
Marsh Wren,11,1,Nov_W1,0.0,184.0
Marsh Wren,11,2,Nov_W2,0.0,136.0
Marsh Wren,11,3,Nov_W3,0.0,89.0
Marsh Wren,11,4,Nov_W4,0.0,105.0
Marsh Wren,12,1,Dec_W1,0.0,60.0
Marsh Wren,12,2,Dec_W2,0.0,36.0
Marsh Wren,12,3,Dec_W3,0.0,166.0
Marsh Wren,12,4,Dec_W4,0.0,100.0
Carolina Wren,1,1,Jan_W1,0.0,112.0
Carolina Wren,1,2,Jan_W2,0.0,94.0
Carolina Wren,1,3,Jan_W3,0.0,145.0
Carolina Wren,1,4,Jan_W4,0.0,125.0
Carolina Wren,2,1,Feb_W1,0.0,115.0
Carolina Wren,2,2,Feb_W2,0.0,192.0
Carolina Wren,2,3,Feb_W3,0.0,197.0
Carolina Wren,2,4,Feb_W4,0.0,63.0
Carolina Wren,3,1,Mar_W1,0.0,58.0
Carolina Wren,3,2,Mar_W2,0.0,55.0
Carolina Wren,3,3,Mar_W3,0.0,78.0
Carolina Wren,3,4,Mar_W4,0.0,163.0
Carolina Wren,4,1,Apr_W1,0.0,145.0
Carolina Wren,4,2,Apr_W2,0.0,154.0
Carolina Wren,4,3,Apr_W3,0.0,157.0
Carolina Wren,4,4,Apr_W4,0.0,330.0
Carolina Wren,5,1,May_W1,0.0,272.0
Carolina Wren,5,2,May_W2,0.0,381.0
Carolina Wren,5,3,May_W3,0.0,561.0
Carolina Wren,5,4,May_W4,0.0,986.0
Carolina Wren,6,1,Jun_W1,0.0,668.0
Carolina Wren,6,2,Jun_W2,0.0,509.0
Carolina Wren,6,3,Jun_W3,0.0,379.0
Carolina Wren,6,4,Jun_W4,0.0,598.0
Carolina Wren,7,1,Jul_W1,0.0,361.0
Carolina Wren,7,2,Jul_W2,0.0,409.0
Carolina Wren,7,3,Jul_W3,0.0,358.0
Carolina Wren,7,4,Jul_W4,0.0,419.0
Carolina Wren,8,1,Aug_W1,0.0,260.0
Carolina Wren,8,2,Aug_W2,0.0,303.0
Carolina Wren,8,3,Aug_W3,0.0,290.0
Carolina Wren,8,4,Aug_W4,0.0015,555.0
Carolina Wren,9,1,Sep_W1,0.0,305.0
Carolina Wren,9,2,Sep_W2,0.0029499,339.0
Carolina Wren,9,3,Sep_W3,0.0,290.0
Carolina Wren,9,4,Sep_W4,0.0,426.0
Carolina Wren,10,1,Oct_W1,0.0015,331.0
Carolina Wren,10,2,Oct_W2,0.0,478.0
Carolina Wren,10,3,Oct_W3,0.0,282.0
Carolina Wren,10,4,Oct_W4,0.002611,383.0
Carolina Wren,11,1,Nov_W1,0.0,184.0
Carolina Wren,11,2,Nov_W2,0.0,136.0
Carolina Wren,11,3,Nov_W3,0.0,89.0
Carolina Wren,11,4,Nov_W4,0.0,105.0
Carolina Wren,12,1,Dec_W1,0.0,60.0
Carolina Wren,12,2,Dec_W2,0.0,36.0
Carolina Wren,12,3,Dec_W3,0.0,166.0
Carolina Wren,12,4,Dec_W4,0.0,100.0
European Starling,1,1,Jan_W1,0.2142857,112.0
European Starling,1,2,Jan_W2,0.1808511,94.0
European Starling,1,3,Jan_W3,0.2344828,145.0
European Starling,1,4,Jan_W4,0.224,125.0
European Starling,2,1,Feb_W1,0.1826087,115.0
European Starling,2,2,Feb_W2,0.2916667,192.0
European Starling,2,3,Feb_W3,0.2081218,197.0
European Starling,2,4,Feb_W4,0.2380952,63.0
European Starling,3,1,Mar_W1,0.2758621,58.0
European Starling,3,2,Mar_W2,0.3272727,55.0
European Starling,3,3,Mar_W3,0.2564103,78.0
European Starling,3,4,Mar_W4,0.2822086,163.0
European Starling,4,1,Apr_W1,0.2,145.0
European Starling,4,2,Apr_W2,0.2272727,154.0
European Starling,4,3,Apr_W3,0.1910828,157.0
European Starling,4,4,Apr_W4,0.2121212,330.0
European Starling,5,1,May_W1,0.2279412,272.0
European Starling,5,2,May_W2,0.1994751,381.0
European Starling,5,3,May_W3,0.2049911,561.0
European Starling,5,4,May_W4,0.1703854,986.0
European Starling,6,1,Jun_W1,0.1452096,668.0
European Starling,6,2,Jun_W2,0.1571709,509.0
European Starling,6,3,Jun_W3,0.2453826,379.0
European Starling,6,4,Jun_W4,0.1471572,598.0
European Starling,7,1,Jul_W1,0.0914127,361.0
European Starling,7,2,Jul_W2,0.0757946,409.0
European Starling,7,3,Jul_W3,0.0726257,358.0
European Starling,7,4,Jul_W4,0.0787589,419.0
European Starling,8,1,Aug_W1,0.0692308,260.0
European Starling,8,2,Aug_W2,0.0561056,303.0
European Starling,8,3,Aug_W3,0.0586207,290.0
European Starling,8,4,Aug_W4,0.0918919,555.0
European Starling,9,1,Sep_W1,0.1278689,305.0
European Starling,9,2,Sep_W2,0.159292,339.0
European Starling,9,3,Sep_W3,0.2172414,290.0
European Starling,9,4,Sep_W4,0.2206573,426.0
European Starling,10,1,Oct_W1,0.223565,331.0
European Starling,10,2,Oct_W2,0.1861925,478.0
European Starling,10,3,Oct_W3,0.2801418,282.0
European Starling,10,4,Oct_W4,0.2715405,383.0
European Starling,11,1,Nov_W1,0.3586957,184.0
European Starling,11,2,Nov_W2,0.2794118,136.0
European Starling,11,3,Nov_W3,0.1573034,89.0
European Starling,11,4,Nov_W4,0.1047619,105.0
European Starling,12,1,Dec_W1,0.2166667,60.0
European Starling,12,2,Dec_W2,0.3055556,36.0
European Starling,12,3,Dec_W3,0.2108434,166.0
European Starling,12,4,Dec_W4,0.13,100.0
Gray Catbird,1,1,Jan_W1,0.0,112.0
Gray Catbird,1,2,Jan_W2,0.0,94.0
Gray Catbird,1,3,Jan_W3,0.0,145.0
Gray Catbird,1,4,Jan_W4,0.0,125.0
Gray Catbird,2,1,Feb_W1,0.0,115.0
Gray Catbird,2,2,Feb_W2,0.0,192.0
Gray Catbird,2,3,Feb_W3,0.0,197.0
Gray Catbird,2,4,Feb_W4,0.0,63.0
Gray Catbird,3,1,Mar_W1,0.0,58.0
Gray Catbird,3,2,Mar_W2,0.0,55.0
Gray Catbird,3,3,Mar_W3,0.0,78.0
Gray Catbird,3,4,Mar_W4,0.0,163.0
Gray Catbird,4,1,Apr_W1,0.0,145.0
Gray Catbird,4,2,Apr_W2,0.0,154.0
Gray Catbird,4,3,Apr_W3,0.0,157.0
Gray Catbird,4,4,Apr_W4,0.0,330.0
Gray Catbird,5,1,May_W1,0.0220588,272.0
Gray Catbird,5,2,May_W2,0.0419948,381.0
Gray Catbird,5,3,May_W3,0.1622103,561.0
Gray Catbird,5,4,May_W4,0.0993915,986.0
Gray Catbird,6,1,Jun_W1,0.0733533,668.0
Gray Catbird,6,2,Jun_W2,0.0707269,509.0
Gray Catbird,6,3,Jun_W3,0.0897098,379.0
Gray Catbird,6,4,Jun_W4,0.0719064,598.0
Gray Catbird,7,1,Jul_W1,0.066482,361.0
Gray Catbird,7,2,Jul_W2,0.0855746,409.0
Gray Catbird,7,3,Jul_W3,0.0530726,358.0
Gray Catbird,7,4,Jul_W4,0.0548926,419.0
Gray Catbird,8,1,Aug_W1,0.0769231,260.0
Gray Catbird,8,2,Aug_W2,0.0693069,303.0
Gray Catbird,8,3,Aug_W3,0.1275862,290.0
Gray Catbird,8,4,Aug_W4,0.1225225,555.0
Gray Catbird,9,1,Sep_W1,0.1114754,305.0
Gray Catbird,9,2,Sep_W2,0.1268437,339.0
Gray Catbird,9,3,Sep_W3,0.0931034,290.0
Gray Catbird,9,4,Sep_W4,0.0422535,426.0
Gray Catbird,10,1,Oct_W1,0.021148,331.0
Gray Catbird,10,2,Oct_W2,0.0,478.0
Gray Catbird,10,3,Oct_W3,0.0070922,282.0
Gray Catbird,10,4,Oct_W4,0.0015,383.0
Gray Catbird,11,1,Nov_W1,0.0015,184.0
Gray Catbird,11,2,Nov_W2,0.0,136.0
Gray Catbird,11,3,Nov_W3,0.0,89.0
Gray Catbird,11,4,Nov_W4,0.0,105.0
Gray Catbird,12,1,Dec_W1,0.0,60.0
Gray Catbird,12,2,Dec_W2,0.0,36.0
Gray Catbird,12,3,Dec_W3,0.0120482,166.0
Gray Catbird,12,4,Dec_W4,0.0,100.0
Brown Thrasher,1,1,Jan_W1,0.0,112.0
Brown Thrasher,1,2,Jan_W2,0.0,94.0
Brown Thrasher,1,3,Jan_W3,0.0,145.0
Brown Thrasher,1,4,Jan_W4,0.0,125.0
Brown Thrasher,2,1,Feb_W1,0.0,115.0
Brown Thrasher,2,2,Feb_W2,0.0,192.0
Brown Thrasher,2,3,Feb_W3,0.0,197.0
Brown Thrasher,2,4,Feb_W4,0.0,63.0
Brown Thrasher,3,1,Mar_W1,0.0,58.0
Brown Thrasher,3,2,Mar_W2,0.0,55.0
Brown Thrasher,3,3,Mar_W3,0.0,78.0
Brown Thrasher,3,4,Mar_W4,0.0,163.0
Brown Thrasher,4,1,Apr_W1,0.0,145.0
Brown Thrasher,4,2,Apr_W2,0.0,154.0
Brown Thrasher,4,3,Apr_W3,0.0063694,157.0
Brown Thrasher,4,4,Apr_W4,0.0212121,330.0
Brown Thrasher,5,1,May_W1,0.0330882,272.0
Brown Thrasher,5,2,May_W2,0.0629921,381.0
Brown Thrasher,5,3,May_W3,0.0944742,561.0
Brown Thrasher,5,4,May_W4,0.0557809,986.0
Brown Thrasher,6,1,Jun_W1,0.0374251,668.0
Brown Thrasher,6,2,Jun_W2,0.0314342,509.0
Brown Thrasher,6,3,Jun_W3,0.0422164,379.0
Brown Thrasher,6,4,Jun_W4,0.0384615,598.0
Brown Thrasher,7,1,Jul_W1,0.0193906,361.0
Brown Thrasher,7,2,Jul_W2,0.0171149,409.0
Brown Thrasher,7,3,Jul_W3,0.0111732,358.0
Brown Thrasher,7,4,Jul_W4,0.0071599,419.0
Brown Thrasher,8,1,Aug_W1,0.0038462,260.0
Brown Thrasher,8,2,Aug_W2,0.0033003,303.0
Brown Thrasher,8,3,Aug_W3,0.0,290.0
Brown Thrasher,8,4,Aug_W4,0.0036036,555.0
Brown Thrasher,9,1,Sep_W1,0.0032787,305.0
Brown Thrasher,9,2,Sep_W2,0.0088496,339.0
Brown Thrasher,9,3,Sep_W3,0.0034483,290.0
Brown Thrasher,9,4,Sep_W4,0.0046948,426.0
Brown Thrasher,10,1,Oct_W1,0.0,331.0
Brown Thrasher,10,2,Oct_W2,0.0,478.0
Brown Thrasher,10,3,Oct_W3,0.0,282.0
Brown Thrasher,10,4,Oct_W4,0.0,383.0
Brown Thrasher,11,1,Nov_W1,0.0,184.0
Brown Thrasher,11,2,Nov_W2,0.0,136.0
Brown Thrasher,11,3,Nov_W3,0.0,89.0
Brown Thrasher,11,4,Nov_W4,0.0,105.0
Brown Thrasher,12,1,Dec_W1,0.0,60.0
Brown Thrasher,12,2,Dec_W2,0.0,36.0
Brown Thrasher,12,3,Dec_W3,0.0,166.0
Brown Thrasher,12,4,Dec_W4,0.0,100.0
Northern Mockingbird,1,1,Jan_W1,0.0015,112.0
Northern Mockingbird,1,2,Jan_W2,0.0,94.0
Northern Mockingbird,1,3,Jan_W3,0.0,145.0
Northern Mockingbird,1,4,Jan_W4,0.0,125.0
Northern Mockingbird,2,1,Feb_W1,0.0,115.0
Northern Mockingbird,2,2,Feb_W2,0.0,192.0
Northern Mockingbird,2,3,Feb_W3,0.0,197.0
Northern Mockingbird,2,4,Feb_W4,0.0,63.0
Northern Mockingbird,3,1,Mar_W1,0.0,58.0
Northern Mockingbird,3,2,Mar_W2,0.0,55.0
Northern Mockingbird,3,3,Mar_W3,0.0,78.0
Northern Mockingbird,3,4,Mar_W4,0.0,163.0
Northern Mockingbird,4,1,Apr_W1,0.0,145.0
Northern Mockingbird,4,2,Apr_W2,0.0,154.0
Northern Mockingbird,4,3,Apr_W3,0.0,157.0
Northern Mockingbird,4,4,Apr_W4,0.0,330.0
Northern Mockingbird,5,1,May_W1,0.0036765,272.0
Northern Mockingbird,5,2,May_W2,0.0052493,381.0
Northern Mockingbird,5,3,May_W3,0.0106952,561.0
Northern Mockingbird,5,4,May_W4,0.0010142,986.0
Northern Mockingbird,6,1,Jun_W1,0.0,668.0
Northern Mockingbird,6,2,Jun_W2,0.0,509.0
Northern Mockingbird,6,3,Jun_W3,0.0,379.0
Northern Mockingbird,6,4,Jun_W4,0.0,598.0
Northern Mockingbird,7,1,Jul_W1,0.0,361.0
Northern Mockingbird,7,2,Jul_W2,0.0,409.0
Northern Mockingbird,7,3,Jul_W3,0.0,358.0
Northern Mockingbird,7,4,Jul_W4,0.0,419.0
Northern Mockingbird,8,1,Aug_W1,0.0,260.0
Northern Mockingbird,8,2,Aug_W2,0.0,303.0
Northern Mockingbird,8,3,Aug_W3,0.0,290.0
Northern Mockingbird,8,4,Aug_W4,0.0,555.0
Northern Mockingbird,9,1,Sep_W1,0.0,305.0
Northern Mockingbird,9,2,Sep_W2,0.0015,339.0
Northern Mockingbird,9,3,Sep_W3,0.0034483,290.0
Northern Mockingbird,9,4,Sep_W4,0.0,426.0
Northern Mockingbird,10,1,Oct_W1,0.0,331.0
Northern Mockingbird,10,2,Oct_W2,0.0,478.0
Northern Mockingbird,10,3,Oct_W3,0.0,282.0
Northern Mockingbird,10,4,Oct_W4,0.0,383.0
Northern Mockingbird,11,1,Nov_W1,0.0,184.0
Northern Mockingbird,11,2,Nov_W2,0.0,136.0
Northern Mockingbird,11,3,Nov_W3,0.0,89.0
Northern Mockingbird,11,4,Nov_W4,0.0,105.0
Northern Mockingbird,12,1,Dec_W1,0.0,60.0
Northern Mockingbird,12,2,Dec_W2,0.0,36.0
Northern Mockingbird,12,3,Dec_W3,0.0,166.0
Northern Mockingbird,12,4,Dec_W4,0.0,100.0
Eastern Bluebird,1,1,Jan_W1,0.0,112.0
Eastern Bluebird,1,2,Jan_W2,0.0,94.0
Eastern Bluebird,1,3,Jan_W3,0.0,145.0
Eastern Bluebird,1,4,Jan_W4,0.0,125.0
Eastern Bluebird,2,1,Feb_W1,0.0,115.0
Eastern Bluebird,2,2,Feb_W2,0.0,192.0
Eastern Bluebird,2,3,Feb_W3,0.0,197.0
Eastern Bluebird,2,4,Feb_W4,0.0,63.0
Eastern Bluebird,3,1,Mar_W1,0.0,58.0
Eastern Bluebird,3,2,Mar_W2,0.0,55.0
Eastern Bluebird,3,3,Mar_W3,0.0128205,78.0
Eastern Bluebird,3,4,Mar_W4,0.0122699,163.0
Eastern Bluebird,4,1,Apr_W1,0.0137931,145.0
Eastern Bluebird,4,2,Apr_W2,0.038961,154.0
Eastern Bluebird,4,3,Apr_W3,0.0382166,157.0
Eastern Bluebird,4,4,Apr_W4,0.0333333,330.0
Eastern Bluebird,5,1,May_W1,0.0367647,272.0
Eastern Bluebird,5,2,May_W2,0.0367454,381.0
Eastern Bluebird,5,3,May_W3,0.0499109,561.0
Eastern Bluebird,5,4,May_W4,0.0324544,986.0
Eastern Bluebird,6,1,Jun_W1,0.0299401,668.0
Eastern Bluebird,6,2,Jun_W2,0.0157171,509.0
Eastern Bluebird,6,3,Jun_W3,0.0263852,379.0
Eastern Bluebird,6,4,Jun_W4,0.0217391,598.0
Eastern Bluebird,7,1,Jul_W1,0.0138504,361.0
Eastern Bluebird,7,2,Jul_W2,0.00978,409.0
Eastern Bluebird,7,3,Jul_W3,0.0055866,358.0
Eastern Bluebird,7,4,Jul_W4,0.0143198,419.0
Eastern Bluebird,8,1,Aug_W1,0.0192308,260.0
Eastern Bluebird,8,2,Aug_W2,0.009901,303.0
Eastern Bluebird,8,3,Aug_W3,0.0206897,290.0
Eastern Bluebird,8,4,Aug_W4,0.0162162,555.0
Eastern Bluebird,9,1,Sep_W1,0.0196721,305.0
Eastern Bluebird,9,2,Sep_W2,0.0353982,339.0
Eastern Bluebird,9,3,Sep_W3,0.0241379,290.0
Eastern Bluebird,9,4,Sep_W4,0.0915493,426.0
Eastern Bluebird,10,1,Oct_W1,0.1299094,331.0
Eastern Bluebird,10,2,Oct_W2,0.0899582,478.0
Eastern Bluebird,10,3,Oct_W3,0.212766,282.0
Eastern Bluebird,10,4,Oct_W4,0.1331593,383.0
Eastern Bluebird,11,1,Nov_W1,0.0815217,184.0
Eastern Bluebird,11,2,Nov_W2,0.0514706,136.0
Eastern Bluebird,11,3,Nov_W3,0.011236,89.0
Eastern Bluebird,11,4,Nov_W4,0.0,105.0
Eastern Bluebird,12,1,Dec_W1,0.0,60.0
Eastern Bluebird,12,2,Dec_W2,0.0,36.0
Eastern Bluebird,12,3,Dec_W3,0.0,166.0
Eastern Bluebird,12,4,Dec_W4,0.0,100.0
Mountain Bluebird,1,1,Jan_W1,0.0,112.0
Mountain Bluebird,1,2,Jan_W2,0.0,94.0
Mountain Bluebird,1,3,Jan_W3,0.0,145.0
Mountain Bluebird,1,4,Jan_W4,0.0,125.0
Mountain Bluebird,2,1,Feb_W1,0.0,115.0
Mountain Bluebird,2,2,Feb_W2,0.0,192.0
Mountain Bluebird,2,3,Feb_W3,0.0,197.0
Mountain Bluebird,2,4,Feb_W4,0.0,63.0
Mountain Bluebird,3,1,Mar_W1,0.0,58.0
Mountain Bluebird,3,2,Mar_W2,0.0,55.0
Mountain Bluebird,3,3,Mar_W3,0.0,78.0
Mountain Bluebird,3,4,Mar_W4,0.0,163.0
Mountain Bluebird,4,1,Apr_W1,0.0,145.0
Mountain Bluebird,4,2,Apr_W2,0.0,154.0
Mountain Bluebird,4,3,Apr_W3,0.0,157.0
Mountain Bluebird,4,4,Apr_W4,0.0,330.0
Mountain Bluebird,5,1,May_W1,0.0,272.0
Mountain Bluebird,5,2,May_W2,0.0,381.0
Mountain Bluebird,5,3,May_W3,0.0,561.0
Mountain Bluebird,5,4,May_W4,0.0,986.0
Mountain Bluebird,6,1,Jun_W1,0.0,668.0
Mountain Bluebird,6,2,Jun_W2,0.0,509.0
Mountain Bluebird,6,3,Jun_W3,0.0,379.0
Mountain Bluebird,6,4,Jun_W4,0.0,598.0
Mountain Bluebird,7,1,Jul_W1,0.0,361.0
Mountain Bluebird,7,2,Jul_W2,0.0,409.0
Mountain Bluebird,7,3,Jul_W3,0.0,358.0
Mountain Bluebird,7,4,Jul_W4,0.0,419.0
Mountain Bluebird,8,1,Aug_W1,0.0,260.0
Mountain Bluebird,8,2,Aug_W2,0.0,303.0
Mountain Bluebird,8,3,Aug_W3,0.0,290.0
Mountain Bluebird,8,4,Aug_W4,0.0,555.0
Mountain Bluebird,9,1,Sep_W1,0.0,305.0
Mountain Bluebird,9,2,Sep_W2,0.0,339.0
Mountain Bluebird,9,3,Sep_W3,0.0,290.0
Mountain Bluebird,9,4,Sep_W4,0.0,426.0
Mountain Bluebird,10,1,Oct_W1,0.0,331.0
Mountain Bluebird,10,2,Oct_W2,0.0,478.0
Mountain Bluebird,10,3,Oct_W3,0.0,282.0
Mountain Bluebird,10,4,Oct_W4,0.0,383.0
Mountain Bluebird,11,1,Nov_W1,0.0,184.0
Mountain Bluebird,11,2,Nov_W2,0.0,136.0
Mountain Bluebird,11,3,Nov_W3,0.0015,89.0
Mountain Bluebird,11,4,Nov_W4,0.0,105.0
Mountain Bluebird,12,1,Dec_W1,0.0,60.0
Mountain Bluebird,12,2,Dec_W2,0.0,36.0
Mountain Bluebird,12,3,Dec_W3,0.0,166.0
Mountain Bluebird,12,4,Dec_W4,0.0,100.0
Varied Thrush,1,1,Jan_W1,0.0015,112.0
Varied Thrush,1,2,Jan_W2,0.0,94.0
Varied Thrush,1,3,Jan_W3,0.0,145.0
Varied Thrush,1,4,Jan_W4,0.0,125.0
Varied Thrush,2,1,Feb_W1,0.0,115.0
Varied Thrush,2,2,Feb_W2,0.0015,192.0
Varied Thrush,2,3,Feb_W3,0.0,197.0
Varied Thrush,2,4,Feb_W4,0.015873,63.0
Varied Thrush,3,1,Mar_W1,0.0,58.0
Varied Thrush,3,2,Mar_W2,0.0015,55.0
Varied Thrush,3,3,Mar_W3,0.0,78.0
Varied Thrush,3,4,Mar_W4,0.0,163.0
Varied Thrush,4,1,Apr_W1,0.0,145.0
Varied Thrush,4,2,Apr_W2,0.0,154.0
Varied Thrush,4,3,Apr_W3,0.0,157.0
Varied Thrush,4,4,Apr_W4,0.0,330.0
Varied Thrush,5,1,May_W1,0.0,272.0
Varied Thrush,5,2,May_W2,0.0,381.0
Varied Thrush,5,3,May_W3,0.0,561.0
Varied Thrush,5,4,May_W4,0.0,986.0
Varied Thrush,6,1,Jun_W1,0.0,668.0
Varied Thrush,6,2,Jun_W2,0.0,509.0
Varied Thrush,6,3,Jun_W3,0.0,379.0
Varied Thrush,6,4,Jun_W4,0.0,598.0
Varied Thrush,7,1,Jul_W1,0.0,361.0
Varied Thrush,7,2,Jul_W2,0.0,409.0
Varied Thrush,7,3,Jul_W3,0.0,358.0
Varied Thrush,7,4,Jul_W4,0.0,419.0
Varied Thrush,8,1,Aug_W1,0.0,260.0
Varied Thrush,8,2,Aug_W2,0.0,303.0
Varied Thrush,8,3,Aug_W3,0.0,290.0
Varied Thrush,8,4,Aug_W4,0.0,555.0
Varied Thrush,9,1,Sep_W1,0.0,305.0
Varied Thrush,9,2,Sep_W2,0.0,339.0
Varied Thrush,9,3,Sep_W3,0.0,290.0
Varied Thrush,9,4,Sep_W4,0.0,426.0
Varied Thrush,10,1,Oct_W1,0.0,331.0
Varied Thrush,10,2,Oct_W2,0.0,478.0
Varied Thrush,10,3,Oct_W3,0.0,282.0
Varied Thrush,10,4,Oct_W4,0.0,383.0
Varied Thrush,11,1,Nov_W1,0.0,184.0
Varied Thrush,11,2,Nov_W2,0.0,136.0
Varied Thrush,11,3,Nov_W3,0.0,89.0
Varied Thrush,11,4,Nov_W4,0.0,105.0
Varied Thrush,12,1,Dec_W1,0.0,60.0
Varied Thrush,12,2,Dec_W2,0.0,36.0
Varied Thrush,12,3,Dec_W3,0.0,166.0
Varied Thrush,12,4,Dec_W4,0.0015,100.0
Veery,1,1,Jan_W1,0.0,112.0
Veery,1,2,Jan_W2,0.0,94.0
Veery,1,3,Jan_W3,0.0,145.0
Veery,1,4,Jan_W4,0.0,125.0
Veery,2,1,Feb_W1,0.0,115.0
Veery,2,2,Feb_W2,0.0,192.0
Veery,2,3,Feb_W3,0.0,197.0
Veery,2,4,Feb_W4,0.0,63.0
Veery,3,1,Mar_W1,0.0,58.0
Veery,3,2,Mar_W2,0.0,55.0
Veery,3,3,Mar_W3,0.0,78.0
Veery,3,4,Mar_W4,0.0,163.0
Veery,4,1,Apr_W1,0.0,145.0
Veery,4,2,Apr_W2,0.0,154.0
Veery,4,3,Apr_W3,0.0,157.0
Veery,4,4,Apr_W4,0.0,330.0
Veery,5,1,May_W1,0.0,272.0
Veery,5,2,May_W2,0.0183727,381.0
Veery,5,3,May_W3,0.0802139,561.0
Veery,5,4,May_W4,0.0943205,986.0
Veery,6,1,Jun_W1,0.1137725,668.0
Veery,6,2,Jun_W2,0.1375246,509.0
Veery,6,3,Jun_W3,0.116095,379.0
Veery,6,4,Jun_W4,0.187291,598.0
Veery,7,1,Jul_W1,0.1357341,361.0
Veery,7,2,Jul_W2,0.1198044,409.0
Veery,7,3,Jul_W3,0.047486,358.0
Veery,7,4,Jul_W4,0.0310263,419.0
Veery,8,1,Aug_W1,0.0038462,260.0
Veery,8,2,Aug_W2,0.0066007,303.0
Veery,8,3,Aug_W3,0.0206897,290.0
Veery,8,4,Aug_W4,0.0216216,555.0
Veery,9,1,Sep_W1,0.0032787,305.0
Veery,9,2,Sep_W2,0.0,339.0
Veery,9,3,Sep_W3,0.0,290.0
Veery,9,4,Sep_W4,0.0,426.0
Veery,10,1,Oct_W1,0.0,331.0
Veery,10,2,Oct_W2,0.0,478.0
Veery,10,3,Oct_W3,0.0,282.0
Veery,10,4,Oct_W4,0.0,383.0
Veery,11,1,Nov_W1,0.0,184.0
Veery,11,2,Nov_W2,0.0,136.0
Veery,11,3,Nov_W3,0.0,89.0
Veery,11,4,Nov_W4,0.0,105.0
Veery,12,1,Dec_W1,0.0,60.0
Veery,12,2,Dec_W2,0.0,36.0
Veery,12,3,Dec_W3,0.0,166.0
Veery,12,4,Dec_W4,0.0,100.0
Gray-cheeked Thrush,1,1,Jan_W1,0.0,112.0
Gray-cheeked Thrush,1,2,Jan_W2,0.0,94.0
Gray-cheeked Thrush,1,3,Jan_W3,0.0,145.0
Gray-cheeked Thrush,1,4,Jan_W4,0.0,125.0
Gray-cheeked Thrush,2,1,Feb_W1,0.0,115.0
Gray-cheeked Thrush,2,2,Feb_W2,0.0,192.0
Gray-cheeked Thrush,2,3,Feb_W3,0.0,197.0
Gray-cheeked Thrush,2,4,Feb_W4,0.0,63.0
Gray-cheeked Thrush,3,1,Mar_W1,0.0,58.0
Gray-cheeked Thrush,3,2,Mar_W2,0.0,55.0
Gray-cheeked Thrush,3,3,Mar_W3,0.0,78.0
Gray-cheeked Thrush,3,4,Mar_W4,0.0,163.0
Gray-cheeked Thrush,4,1,Apr_W1,0.0,145.0
Gray-cheeked Thrush,4,2,Apr_W2,0.0,154.0
Gray-cheeked Thrush,4,3,Apr_W3,0.0,157.0
Gray-cheeked Thrush,4,4,Apr_W4,0.0,330.0
Gray-cheeked Thrush,5,1,May_W1,0.0,272.0
Gray-cheeked Thrush,5,2,May_W2,0.0,381.0
Gray-cheeked Thrush,5,3,May_W3,0.0035651,561.0
Gray-cheeked Thrush,5,4,May_W4,0.0020284,986.0
Gray-cheeked Thrush,6,1,Jun_W1,0.0,668.0
Gray-cheeked Thrush,6,2,Jun_W2,0.0,509.0
Gray-cheeked Thrush,6,3,Jun_W3,0.0,379.0
Gray-cheeked Thrush,6,4,Jun_W4,0.0,598.0
Gray-cheeked Thrush,7,1,Jul_W1,0.0,361.0
Gray-cheeked Thrush,7,2,Jul_W2,0.0,409.0
Gray-cheeked Thrush,7,3,Jul_W3,0.0,358.0
Gray-cheeked Thrush,7,4,Jul_W4,0.0,419.0
Gray-cheeked Thrush,8,1,Aug_W1,0.0,260.0
Gray-cheeked Thrush,8,2,Aug_W2,0.0,303.0
Gray-cheeked Thrush,8,3,Aug_W3,0.0,290.0
Gray-cheeked Thrush,8,4,Aug_W4,0.0,555.0
Gray-cheeked Thrush,9,1,Sep_W1,0.0032787,305.0
Gray-cheeked Thrush,9,2,Sep_W2,0.0058997,339.0
Gray-cheeked Thrush,9,3,Sep_W3,0.0103448,290.0
Gray-cheeked Thrush,9,4,Sep_W4,0.0023474,426.0
Gray-cheeked Thrush,10,1,Oct_W1,0.0,331.0
Gray-cheeked Thrush,10,2,Oct_W2,0.0,478.0
Gray-cheeked Thrush,10,3,Oct_W3,0.0,282.0
Gray-cheeked Thrush,10,4,Oct_W4,0.0,383.0
Gray-cheeked Thrush,11,1,Nov_W1,0.0,184.0
Gray-cheeked Thrush,11,2,Nov_W2,0.0,136.0
Gray-cheeked Thrush,11,3,Nov_W3,0.0,89.0
Gray-cheeked Thrush,11,4,Nov_W4,0.0,105.0
Gray-cheeked Thrush,12,1,Dec_W1,0.0,60.0
Gray-cheeked Thrush,12,2,Dec_W2,0.0,36.0
Gray-cheeked Thrush,12,3,Dec_W3,0.0,166.0
Gray-cheeked Thrush,12,4,Dec_W4,0.0,100.0
Swainson's Thrush,1,1,Jan_W1,0.0,112.0
Swainson's Thrush,1,2,Jan_W2,0.0,94.0
Swainson's Thrush,1,3,Jan_W3,0.0,145.0
Swainson's Thrush,1,4,Jan_W4,0.0,125.0
Swainson's Thrush,2,1,Feb_W1,0.0,115.0
Swainson's Thrush,2,2,Feb_W2,0.0,192.0
Swainson's Thrush,2,3,Feb_W3,0.0,197.0
Swainson's Thrush,2,4,Feb_W4,0.0,63.0
Swainson's Thrush,3,1,Mar_W1,0.0,58.0
Swainson's Thrush,3,2,Mar_W2,0.0,55.0
Swainson's Thrush,3,3,Mar_W3,0.0,78.0
Swainson's Thrush,3,4,Mar_W4,0.0,163.0
Swainson's Thrush,4,1,Apr_W1,0.0,145.0
Swainson's Thrush,4,2,Apr_W2,0.0,154.0
Swainson's Thrush,4,3,Apr_W3,0.0,157.0
Swainson's Thrush,4,4,Apr_W4,0.0,330.0
Swainson's Thrush,5,1,May_W1,0.0,272.0
Swainson's Thrush,5,2,May_W2,0.007874,381.0
Swainson's Thrush,5,3,May_W3,0.0427807,561.0
Swainson's Thrush,5,4,May_W4,0.0212982,986.0
Swainson's Thrush,6,1,Jun_W1,0.0359281,668.0
Swainson's Thrush,6,2,Jun_W2,0.0353635,509.0
Swainson's Thrush,6,3,Jun_W3,0.0316623,379.0
Swainson's Thrush,6,4,Jun_W4,0.0351171,598.0
Swainson's Thrush,7,1,Jul_W1,0.033241,361.0
Swainson's Thrush,7,2,Jul_W2,0.0244499,409.0
Swainson's Thrush,7,3,Jul_W3,0.0167598,358.0
Swainson's Thrush,7,4,Jul_W4,0.0095465,419.0
Swainson's Thrush,8,1,Aug_W1,0.0076923,260.0
Swainson's Thrush,8,2,Aug_W2,0.0066007,303.0
Swainson's Thrush,8,3,Aug_W3,0.0,290.0
Swainson's Thrush,8,4,Aug_W4,0.0126126,555.0
Swainson's Thrush,9,1,Sep_W1,0.0295082,305.0
Swainson's Thrush,9,2,Sep_W2,0.0265487,339.0
Swainson's Thrush,9,3,Sep_W3,0.0275862,290.0
Swainson's Thrush,9,4,Sep_W4,0.0070423,426.0
Swainson's Thrush,10,1,Oct_W1,0.0030211,331.0
Swainson's Thrush,10,2,Oct_W2,0.0020921,478.0
Swainson's Thrush,10,3,Oct_W3,0.0,282.0
Swainson's Thrush,10,4,Oct_W4,0.0,383.0
Swainson's Thrush,11,1,Nov_W1,0.0,184.0
Swainson's Thrush,11,2,Nov_W2,0.0,136.0
Swainson's Thrush,11,3,Nov_W3,0.0,89.0
Swainson's Thrush,11,4,Nov_W4,0.0,105.0
Swainson's Thrush,12,1,Dec_W1,0.0,60.0
Swainson's Thrush,12,2,Dec_W2,0.0,36.0
Swainson's Thrush,12,3,Dec_W3,0.0,166.0
Swainson's Thrush,12,4,Dec_W4,0.0,100.0
Hermit Thrush,1,1,Jan_W1,0.0089286,112.0
Hermit Thrush,1,2,Jan_W2,0.0,94.0
Hermit Thrush,1,3,Jan_W3,0.0,145.0
Hermit Thrush,1,4,Jan_W4,0.0,125.0
Hermit Thrush,2,1,Feb_W1,0.0,115.0
Hermit Thrush,2,2,Feb_W2,0.0,192.0
Hermit Thrush,2,3,Feb_W3,0.0,197.0
Hermit Thrush,2,4,Feb_W4,0.0,63.0
Hermit Thrush,3,1,Mar_W1,0.0,58.0
Hermit Thrush,3,2,Mar_W2,0.0,55.0
Hermit Thrush,3,3,Mar_W3,0.0,78.0
Hermit Thrush,3,4,Mar_W4,0.0,163.0
Hermit Thrush,4,1,Apr_W1,0.0,145.0
Hermit Thrush,4,2,Apr_W2,0.012987,154.0
Hermit Thrush,4,3,Apr_W3,0.0127389,157.0
Hermit Thrush,4,4,Apr_W4,0.0484848,330.0
Hermit Thrush,5,1,May_W1,0.0514706,272.0
Hermit Thrush,5,2,May_W2,0.0446194,381.0
Hermit Thrush,5,3,May_W3,0.0516934,561.0
Hermit Thrush,5,4,May_W4,0.0588235,986.0
Hermit Thrush,6,1,Jun_W1,0.0568862,668.0
Hermit Thrush,6,2,Jun_W2,0.0687623,509.0
Hermit Thrush,6,3,Jun_W3,0.0686016,379.0
Hermit Thrush,6,4,Jun_W4,0.1371237,598.0
Hermit Thrush,7,1,Jul_W1,0.0720222,361.0
Hermit Thrush,7,2,Jul_W2,0.0880196,409.0
Hermit Thrush,7,3,Jul_W3,0.0418994,358.0
Hermit Thrush,7,4,Jul_W4,0.0405728,419.0
Hermit Thrush,8,1,Aug_W1,0.0153846,260.0
Hermit Thrush,8,2,Aug_W2,0.019802,303.0
Hermit Thrush,8,3,Aug_W3,0.0103448,290.0
Hermit Thrush,8,4,Aug_W4,0.0126126,555.0
Hermit Thrush,9,1,Sep_W1,0.0131148,305.0
Hermit Thrush,9,2,Sep_W2,0.0058997,339.0
Hermit Thrush,9,3,Sep_W3,0.0137931,290.0
Hermit Thrush,9,4,Sep_W4,0.0187793,426.0
Hermit Thrush,10,1,Oct_W1,0.021148,331.0
Hermit Thrush,10,2,Oct_W2,0.0146444,478.0
Hermit Thrush,10,3,Oct_W3,0.0177305,282.0
Hermit Thrush,10,4,Oct_W4,0.0,383.0
Hermit Thrush,11,1,Nov_W1,0.0,184.0
Hermit Thrush,11,2,Nov_W2,0.0,136.0
Hermit Thrush,11,3,Nov_W3,0.0,89.0
Hermit Thrush,11,4,Nov_W4,0.0095238,105.0
Hermit Thrush,12,1,Dec_W1,0.0,60.0
Hermit Thrush,12,2,Dec_W2,0.0,36.0
Hermit Thrush,12,3,Dec_W3,0.0,166.0
Hermit Thrush,12,4,Dec_W4,0.0,100.0
Wood Thrush,1,1,Jan_W1,0.0,112.0
Wood Thrush,1,2,Jan_W2,0.0,94.0
Wood Thrush,1,3,Jan_W3,0.0,145.0
Wood Thrush,1,4,Jan_W4,0.0,125.0
Wood Thrush,2,1,Feb_W1,0.0,115.0
Wood Thrush,2,2,Feb_W2,0.0,192.0
Wood Thrush,2,3,Feb_W3,0.0,197.0
Wood Thrush,2,4,Feb_W4,0.0,63.0
Wood Thrush,3,1,Mar_W1,0.0,58.0
Wood Thrush,3,2,Mar_W2,0.0,55.0
Wood Thrush,3,3,Mar_W3,0.0,78.0
Wood Thrush,3,4,Mar_W4,0.0,163.0
Wood Thrush,4,1,Apr_W1,0.0,145.0
Wood Thrush,4,2,Apr_W2,0.0,154.0
Wood Thrush,4,3,Apr_W3,0.0,157.0
Wood Thrush,4,4,Apr_W4,0.0030303,330.0
Wood Thrush,5,1,May_W1,0.0,272.0
Wood Thrush,5,2,May_W2,0.0052493,381.0
Wood Thrush,5,3,May_W3,0.0160428,561.0
Wood Thrush,5,4,May_W4,0.0070994,986.0
Wood Thrush,6,1,Jun_W1,0.002994,668.0
Wood Thrush,6,2,Jun_W2,0.0019646,509.0
Wood Thrush,6,3,Jun_W3,0.0131926,379.0
Wood Thrush,6,4,Jun_W4,0.006689,598.0
Wood Thrush,7,1,Jul_W1,0.0027701,361.0
Wood Thrush,7,2,Jul_W2,0.0015,409.0
Wood Thrush,7,3,Jul_W3,0.0111732,358.0
Wood Thrush,7,4,Jul_W4,0.0071599,419.0
Wood Thrush,8,1,Aug_W1,0.0038462,260.0
Wood Thrush,8,2,Aug_W2,0.0033003,303.0
Wood Thrush,8,3,Aug_W3,0.0034483,290.0
Wood Thrush,8,4,Aug_W4,0.0,555.0
Wood Thrush,9,1,Sep_W1,0.0,305.0
Wood Thrush,9,2,Sep_W2,0.0,339.0
Wood Thrush,9,3,Sep_W3,0.0,290.0
Wood Thrush,9,4,Sep_W4,0.0,426.0
Wood Thrush,10,1,Oct_W1,0.0,331.0
Wood Thrush,10,2,Oct_W2,0.0,478.0
Wood Thrush,10,3,Oct_W3,0.0,282.0
Wood Thrush,10,4,Oct_W4,0.0,383.0
Wood Thrush,11,1,Nov_W1,0.0,184.0
Wood Thrush,11,2,Nov_W2,0.0,136.0
Wood Thrush,11,3,Nov_W3,0.0,89.0
Wood Thrush,11,4,Nov_W4,0.0,105.0
Wood Thrush,12,1,Dec_W1,0.0,60.0
Wood Thrush,12,2,Dec_W2,0.0,36.0
Wood Thrush,12,3,Dec_W3,0.0,166.0
Wood Thrush,12,4,Dec_W4,0.0,100.0
American Robin,1,1,Jan_W1,0.0089286,112.0
American Robin,1,2,Jan_W2,0.0106383,94.0
American Robin,1,3,Jan_W3,0.0206897,145.0
American Robin,1,4,Jan_W4,0.056,125.0
American Robin,2,1,Feb_W1,0.0695652,115.0
American Robin,2,2,Feb_W2,0.0677083,192.0
American Robin,2,3,Feb_W3,0.0456853,197.0
American Robin,2,4,Feb_W4,0.047619,63.0
American Robin,3,1,Mar_W1,0.1034483,58.0
American Robin,3,2,Mar_W2,0.1090909,55.0
American Robin,3,3,Mar_W3,0.2051282,78.0
American Robin,3,4,Mar_W4,0.3865031,163.0
American Robin,4,1,Apr_W1,0.3586207,145.0
American Robin,4,2,Apr_W2,0.3506494,154.0
American Robin,4,3,Apr_W3,0.4076433,157.0
American Robin,4,4,Apr_W4,0.3545455,330.0
American Robin,5,1,May_W1,0.3933824,272.0
American Robin,5,2,May_W2,0.3779528,381.0
American Robin,5,3,May_W3,0.4171123,561.0
American Robin,5,4,May_W4,0.3782961,986.0
American Robin,6,1,Jun_W1,0.3742515,668.0
American Robin,6,2,Jun_W2,0.3929273,509.0
American Robin,6,3,Jun_W3,0.4010554,379.0
American Robin,6,4,Jun_W4,0.3979933,598.0
American Robin,7,1,Jul_W1,0.3351801,361.0
American Robin,7,2,Jul_W2,0.3618582,409.0
American Robin,7,3,Jul_W3,0.3351955,358.0
American Robin,7,4,Jul_W4,0.2935561,419.0
American Robin,8,1,Aug_W1,0.25,260.0
American Robin,8,2,Aug_W2,0.1782178,303.0
American Robin,8,3,Aug_W3,0.1931034,290.0
American Robin,8,4,Aug_W4,0.1261261,555.0
American Robin,9,1,Sep_W1,0.1245902,305.0
American Robin,9,2,Sep_W2,0.1563422,339.0
American Robin,9,3,Sep_W3,0.1206897,290.0
American Robin,9,4,Sep_W4,0.1666667,426.0
American Robin,10,1,Oct_W1,0.18429,331.0
American Robin,10,2,Oct_W2,0.1422594,478.0
American Robin,10,3,Oct_W3,0.1950355,282.0
American Robin,10,4,Oct_W4,0.1383812,383.0
American Robin,11,1,Nov_W1,0.0978261,184.0
American Robin,11,2,Nov_W2,0.0588235,136.0
American Robin,11,3,Nov_W3,0.0674157,89.0
American Robin,11,4,Nov_W4,0.0015,105.0
American Robin,12,1,Dec_W1,0.0166667,60.0
American Robin,12,2,Dec_W2,0.0277778,36.0
American Robin,12,3,Dec_W3,0.0,166.0
American Robin,12,4,Dec_W4,0.01,100.0
Bohemian Waxwing,1,1,Jan_W1,0.0535714,112.0
Bohemian Waxwing,1,2,Jan_W2,0.0425532,94.0
Bohemian Waxwing,1,3,Jan_W3,0.0413793,145.0
Bohemian Waxwing,1,4,Jan_W4,0.104,125.0
Bohemian Waxwing,2,1,Feb_W1,0.0869565,115.0
Bohemian Waxwing,2,2,Feb_W2,0.1041667,192.0
Bohemian Waxwing,2,3,Feb_W3,0.0456853,197.0
Bohemian Waxwing,2,4,Feb_W4,0.047619,63.0
Bohemian Waxwing,3,1,Mar_W1,0.0172414,58.0
Bohemian Waxwing,3,2,Mar_W2,0.0545455,55.0
Bohemian Waxwing,3,3,Mar_W3,0.0769231,78.0
Bohemian Waxwing,3,4,Mar_W4,0.0429448,163.0
Bohemian Waxwing,4,1,Apr_W1,0.0068966,145.0
Bohemian Waxwing,4,2,Apr_W2,0.0064935,154.0
Bohemian Waxwing,4,3,Apr_W3,0.0191083,157.0
Bohemian Waxwing,4,4,Apr_W4,0.0030303,330.0
Bohemian Waxwing,5,1,May_W1,0.0,272.0
Bohemian Waxwing,5,2,May_W2,0.0,381.0
Bohemian Waxwing,5,3,May_W3,0.0,561.0
Bohemian Waxwing,5,4,May_W4,0.0010142,986.0
Bohemian Waxwing,6,1,Jun_W1,0.0,668.0
Bohemian Waxwing,6,2,Jun_W2,0.0,509.0
Bohemian Waxwing,6,3,Jun_W3,0.0,379.0
Bohemian Waxwing,6,4,Jun_W4,0.0,598.0
Bohemian Waxwing,7,1,Jul_W1,0.0,361.0
Bohemian Waxwing,7,2,Jul_W2,0.0,409.0
Bohemian Waxwing,7,3,Jul_W3,0.0,358.0
Bohemian Waxwing,7,4,Jul_W4,0.0,419.0
Bohemian Waxwing,8,1,Aug_W1,0.0,260.0
Bohemian Waxwing,8,2,Aug_W2,0.0,303.0
Bohemian Waxwing,8,3,Aug_W3,0.0,290.0
Bohemian Waxwing,8,4,Aug_W4,0.0,555.0
Bohemian Waxwing,9,1,Sep_W1,0.0,305.0
Bohemian Waxwing,9,2,Sep_W2,0.0,339.0
Bohemian Waxwing,9,3,Sep_W3,0.0,290.0
Bohemian Waxwing,9,4,Sep_W4,0.0,426.0
Bohemian Waxwing,10,1,Oct_W1,0.0,331.0
Bohemian Waxwing,10,2,Oct_W2,0.0,478.0
Bohemian Waxwing,10,3,Oct_W3,0.0,282.0
Bohemian Waxwing,10,4,Oct_W4,0.0078329,383.0
Bohemian Waxwing,11,1,Nov_W1,0.0054348,184.0
Bohemian Waxwing,11,2,Nov_W2,0.0367647,136.0
Bohemian Waxwing,11,3,Nov_W3,0.0337079,89.0
Bohemian Waxwing,11,4,Nov_W4,0.0285714,105.0
Bohemian Waxwing,12,1,Dec_W1,0.0333333,60.0
Bohemian Waxwing,12,2,Dec_W2,0.0833333,36.0
Bohemian Waxwing,12,3,Dec_W3,0.0481928,166.0
Bohemian Waxwing,12,4,Dec_W4,0.03,100.0
Cedar Waxwing,1,1,Jan_W1,0.0178571,112.0
Cedar Waxwing,1,2,Jan_W2,0.0015,94.0
Cedar Waxwing,1,3,Jan_W3,0.0068966,145.0
Cedar Waxwing,1,4,Jan_W4,0.048,125.0
Cedar Waxwing,2,1,Feb_W1,0.0173913,115.0
Cedar Waxwing,2,2,Feb_W2,0.015625,192.0
Cedar Waxwing,2,3,Feb_W3,0.0,197.0
Cedar Waxwing,2,4,Feb_W4,0.015873,63.0
Cedar Waxwing,3,1,Mar_W1,0.0172414,58.0
Cedar Waxwing,3,2,Mar_W2,0.0181818,55.0
Cedar Waxwing,3,3,Mar_W3,0.0512821,78.0
Cedar Waxwing,3,4,Mar_W4,0.0184049,163.0
Cedar Waxwing,4,1,Apr_W1,0.0068966,145.0
Cedar Waxwing,4,2,Apr_W2,0.0064935,154.0
Cedar Waxwing,4,3,Apr_W3,0.0127389,157.0
Cedar Waxwing,4,4,Apr_W4,0.0090909,330.0
Cedar Waxwing,5,1,May_W1,0.0183824,272.0
Cedar Waxwing,5,2,May_W2,0.0183727,381.0
Cedar Waxwing,5,3,May_W3,0.0802139,561.0
Cedar Waxwing,5,4,May_W4,0.1369168,986.0
Cedar Waxwing,6,1,Jun_W1,0.2095808,668.0
Cedar Waxwing,6,2,Jun_W2,0.237721,509.0
Cedar Waxwing,6,3,Jun_W3,0.2902375,379.0
Cedar Waxwing,6,4,Jun_W4,0.2842809,598.0
Cedar Waxwing,7,1,Jul_W1,0.2742382,361.0
Cedar Waxwing,7,2,Jul_W2,0.396088,409.0
Cedar Waxwing,7,3,Jul_W3,0.3659218,358.0
Cedar Waxwing,7,4,Jul_W4,0.3460621,419.0
Cedar Waxwing,8,1,Aug_W1,0.3846154,260.0
Cedar Waxwing,8,2,Aug_W2,0.3465347,303.0
Cedar Waxwing,8,3,Aug_W3,0.3793103,290.0
Cedar Waxwing,8,4,Aug_W4,0.3783784,555.0
Cedar Waxwing,9,1,Sep_W1,0.2852459,305.0
Cedar Waxwing,9,2,Sep_W2,0.2448378,339.0
Cedar Waxwing,9,3,Sep_W3,0.1896552,290.0
Cedar Waxwing,9,4,Sep_W4,0.1338028,426.0
Cedar Waxwing,10,1,Oct_W1,0.0785498,331.0
Cedar Waxwing,10,2,Oct_W2,0.0481172,478.0
Cedar Waxwing,10,3,Oct_W3,0.0283688,282.0
Cedar Waxwing,10,4,Oct_W4,0.0313316,383.0
Cedar Waxwing,11,1,Nov_W1,0.0869565,184.0
Cedar Waxwing,11,2,Nov_W2,0.0808824,136.0
Cedar Waxwing,11,3,Nov_W3,0.0224719,89.0
Cedar Waxwing,11,4,Nov_W4,0.0190476,105.0
Cedar Waxwing,12,1,Dec_W1,0.0166667,60.0
Cedar Waxwing,12,2,Dec_W2,0.0277778,36.0
Cedar Waxwing,12,3,Dec_W3,0.060241,166.0
Cedar Waxwing,12,4,Dec_W4,0.01,100.0
House Sparrow,1,1,Jan_W1,0.0892857,112.0
House Sparrow,1,2,Jan_W2,0.0212766,94.0
House Sparrow,1,3,Jan_W3,0.0482759,145.0
House Sparrow,1,4,Jan_W4,0.08,125.0
House Sparrow,2,1,Feb_W1,0.0347826,115.0
House Sparrow,2,2,Feb_W2,0.09375,192.0
House Sparrow,2,3,Feb_W3,0.0304569,197.0
House Sparrow,2,4,Feb_W4,0.0793651,63.0
House Sparrow,3,1,Mar_W1,0.0689655,58.0
House Sparrow,3,2,Mar_W2,0.0909091,55.0
House Sparrow,3,3,Mar_W3,0.0641026,78.0
House Sparrow,3,4,Mar_W4,0.0797546,163.0
House Sparrow,4,1,Apr_W1,0.0551724,145.0
House Sparrow,4,2,Apr_W2,0.0324675,154.0
House Sparrow,4,3,Apr_W3,0.0382166,157.0
House Sparrow,4,4,Apr_W4,0.0666667,330.0
House Sparrow,5,1,May_W1,0.0551471,272.0
House Sparrow,5,2,May_W2,0.0446194,381.0
House Sparrow,5,3,May_W3,0.0641711,561.0
House Sparrow,5,4,May_W4,0.0456389,986.0
House Sparrow,6,1,Jun_W1,0.0538922,668.0
House Sparrow,6,2,Jun_W2,0.0943026,509.0
House Sparrow,6,3,Jun_W3,0.0949868,379.0
House Sparrow,6,4,Jun_W4,0.0852843,598.0
House Sparrow,7,1,Jul_W1,0.0720222,361.0
House Sparrow,7,2,Jul_W2,0.0977995,409.0
House Sparrow,7,3,Jul_W3,0.1117318,358.0
House Sparrow,7,4,Jul_W4,0.1217184,419.0
House Sparrow,8,1,Aug_W1,0.0923077,260.0
House Sparrow,8,2,Aug_W2,0.0990099,303.0
House Sparrow,8,3,Aug_W3,0.0586207,290.0
House Sparrow,8,4,Aug_W4,0.0630631,555.0
House Sparrow,9,1,Sep_W1,0.0327869,305.0
House Sparrow,9,2,Sep_W2,0.0442478,339.0
House Sparrow,9,3,Sep_W3,0.0241379,290.0
House Sparrow,9,4,Sep_W4,0.028169,426.0
House Sparrow,10,1,Oct_W1,0.0513595,331.0
House Sparrow,10,2,Oct_W2,0.0271967,478.0
House Sparrow,10,3,Oct_W3,0.0673759,282.0
House Sparrow,10,4,Oct_W4,0.0339426,383.0
House Sparrow,11,1,Nov_W1,0.0217391,184.0
House Sparrow,11,2,Nov_W2,0.0073529,136.0
House Sparrow,11,3,Nov_W3,0.011236,89.0
House Sparrow,11,4,Nov_W4,0.0015,105.0
House Sparrow,12,1,Dec_W1,0.05,60.0
House Sparrow,12,2,Dec_W2,0.0833333,36.0
House Sparrow,12,3,Dec_W3,0.0903614,166.0
House Sparrow,12,4,Dec_W4,0.03,100.0
Eurasian Tree Sparrow,1,1,Jan_W1,0.0,112.0
Eurasian Tree Sparrow,1,2,Jan_W2,0.0,94.0
Eurasian Tree Sparrow,1,3,Jan_W3,0.0,145.0
Eurasian Tree Sparrow,1,4,Jan_W4,0.0,125.0
Eurasian Tree Sparrow,2,1,Feb_W1,0.0,115.0
Eurasian Tree Sparrow,2,2,Feb_W2,0.0,192.0
Eurasian Tree Sparrow,2,3,Feb_W3,0.0,197.0
Eurasian Tree Sparrow,2,4,Feb_W4,0.0,63.0
Eurasian Tree Sparrow,3,1,Mar_W1,0.0,58.0
Eurasian Tree Sparrow,3,2,Mar_W2,0.0,55.0
Eurasian Tree Sparrow,3,3,Mar_W3,0.0,78.0
Eurasian Tree Sparrow,3,4,Mar_W4,0.0,163.0
Eurasian Tree Sparrow,4,1,Apr_W1,0.0,145.0
Eurasian Tree Sparrow,4,2,Apr_W2,0.0,154.0
Eurasian Tree Sparrow,4,3,Apr_W3,0.0127389,157.0
Eurasian Tree Sparrow,4,4,Apr_W4,0.0,330.0
Eurasian Tree Sparrow,5,1,May_W1,0.0,272.0
Eurasian Tree Sparrow,5,2,May_W2,0.0,381.0
Eurasian Tree Sparrow,5,3,May_W3,0.0124777,561.0
Eurasian Tree Sparrow,5,4,May_W4,0.0020284,986.0
Eurasian Tree Sparrow,6,1,Jun_W1,0.0,668.0
Eurasian Tree Sparrow,6,2,Jun_W2,0.0,509.0
Eurasian Tree Sparrow,6,3,Jun_W3,0.0,379.0
Eurasian Tree Sparrow,6,4,Jun_W4,0.0,598.0
Eurasian Tree Sparrow,7,1,Jul_W1,0.0,361.0
Eurasian Tree Sparrow,7,2,Jul_W2,0.0,409.0
Eurasian Tree Sparrow,7,3,Jul_W3,0.0,358.0
Eurasian Tree Sparrow,7,4,Jul_W4,0.0,419.0
Eurasian Tree Sparrow,8,1,Aug_W1,0.0,260.0
Eurasian Tree Sparrow,8,2,Aug_W2,0.0,303.0
Eurasian Tree Sparrow,8,3,Aug_W3,0.0,290.0
Eurasian Tree Sparrow,8,4,Aug_W4,0.0,555.0
Eurasian Tree Sparrow,9,1,Sep_W1,0.0,305.0
Eurasian Tree Sparrow,9,2,Sep_W2,0.0,339.0
Eurasian Tree Sparrow,9,3,Sep_W3,0.0,290.0
Eurasian Tree Sparrow,9,4,Sep_W4,0.0,426.0
Eurasian Tree Sparrow,10,1,Oct_W1,0.0,331.0
Eurasian Tree Sparrow,10,2,Oct_W2,0.0,478.0
Eurasian Tree Sparrow,10,3,Oct_W3,0.0,282.0
Eurasian Tree Sparrow,10,4,Oct_W4,0.0,383.0
Eurasian Tree Sparrow,11,1,Nov_W1,0.0,184.0
Eurasian Tree Sparrow,11,2,Nov_W2,0.0,136.0
Eurasian Tree Sparrow,11,3,Nov_W3,0.0,89.0
Eurasian Tree Sparrow,11,4,Nov_W4,0.0,105.0
Eurasian Tree Sparrow,12,1,Dec_W1,0.0,60.0
Eurasian Tree Sparrow,12,2,Dec_W2,0.0,36.0
Eurasian Tree Sparrow,12,3,Dec_W3,0.0,166.0
Eurasian Tree Sparrow,12,4,Dec_W4,0.0,100.0
American Pipit,1,1,Jan_W1,0.0,112.0
American Pipit,1,2,Jan_W2,0.0,94.0
American Pipit,1,3,Jan_W3,0.0,145.0
American Pipit,1,4,Jan_W4,0.0,125.0
American Pipit,2,1,Feb_W1,0.0,115.0
American Pipit,2,2,Feb_W2,0.0,192.0
American Pipit,2,3,Feb_W3,0.0,197.0
American Pipit,2,4,Feb_W4,0.0,63.0
American Pipit,3,1,Mar_W1,0.0,58.0
American Pipit,3,2,Mar_W2,0.0,55.0
American Pipit,3,3,Mar_W3,0.0,78.0
American Pipit,3,4,Mar_W4,0.0,163.0
American Pipit,4,1,Apr_W1,0.0,145.0
American Pipit,4,2,Apr_W2,0.0,154.0
American Pipit,4,3,Apr_W3,0.0063694,157.0
American Pipit,4,4,Apr_W4,0.0060606,330.0
American Pipit,5,1,May_W1,0.0441176,272.0
American Pipit,5,2,May_W2,0.0367454,381.0
American Pipit,5,3,May_W3,0.0320856,561.0
American Pipit,5,4,May_W4,0.0081136,986.0
American Pipit,6,1,Jun_W1,0.0,668.0
American Pipit,6,2,Jun_W2,0.0,509.0
American Pipit,6,3,Jun_W3,0.0,379.0
American Pipit,6,4,Jun_W4,0.0,598.0
American Pipit,7,1,Jul_W1,0.0,361.0
American Pipit,7,2,Jul_W2,0.0,409.0
American Pipit,7,3,Jul_W3,0.0,358.0
American Pipit,7,4,Jul_W4,0.0,419.0
American Pipit,8,1,Aug_W1,0.0,260.0
American Pipit,8,2,Aug_W2,0.0,303.0
American Pipit,8,3,Aug_W3,0.0,290.0
American Pipit,8,4,Aug_W4,0.0054054,555.0
American Pipit,9,1,Sep_W1,0.0491803,305.0
American Pipit,9,2,Sep_W2,0.2094395,339.0
American Pipit,9,3,Sep_W3,0.3413793,290.0
American Pipit,9,4,Sep_W4,0.4084507,426.0
American Pipit,10,1,Oct_W1,0.3111782,331.0
American Pipit,10,2,Oct_W2,0.2050209,478.0
American Pipit,10,3,Oct_W3,0.2624113,282.0
American Pipit,10,4,Oct_W4,0.156658,383.0
American Pipit,11,1,Nov_W1,0.1195652,184.0
American Pipit,11,2,Nov_W2,0.0735294,136.0
American Pipit,11,3,Nov_W3,0.011236,89.0
American Pipit,11,4,Nov_W4,0.0,105.0
American Pipit,12,1,Dec_W1,0.0,60.0
American Pipit,12,2,Dec_W2,0.0,36.0
American Pipit,12,3,Dec_W3,0.0,166.0
American Pipit,12,4,Dec_W4,0.0,100.0
Brambling,1,1,Jan_W1,0.0,112.0
Brambling,1,2,Jan_W2,0.0,94.0
Brambling,1,3,Jan_W3,0.0,145.0
Brambling,1,4,Jan_W4,0.0,125.0
Brambling,2,1,Feb_W1,0.0,115.0
Brambling,2,2,Feb_W2,0.0,192.0
Brambling,2,3,Feb_W3,0.0,197.0
Brambling,2,4,Feb_W4,0.0,63.0
Brambling,3,1,Mar_W1,0.0,58.0
Brambling,3,2,Mar_W2,0.0,55.0
Brambling,3,3,Mar_W3,0.0,78.0
Brambling,3,4,Mar_W4,0.0,163.0
Brambling,4,1,Apr_W1,0.0,145.0
Brambling,4,2,Apr_W2,0.0,154.0
Brambling,4,3,Apr_W3,0.0,157.0
Brambling,4,4,Apr_W4,0.0,330.0
Brambling,5,1,May_W1,0.0,272.0
Brambling,5,2,May_W2,0.0,381.0
Brambling,5,3,May_W3,0.0,561.0
Brambling,5,4,May_W4,0.0,986.0
Brambling,6,1,Jun_W1,0.0,668.0
Brambling,6,2,Jun_W2,0.0,509.0
Brambling,6,3,Jun_W3,0.0,379.0
Brambling,6,4,Jun_W4,0.0,598.0
Brambling,7,1,Jul_W1,0.0,361.0
Brambling,7,2,Jul_W2,0.0,409.0
Brambling,7,3,Jul_W3,0.0,358.0
Brambling,7,4,Jul_W4,0.0,419.0
Brambling,8,1,Aug_W1,0.0,260.0
Brambling,8,2,Aug_W2,0.0,303.0
Brambling,8,3,Aug_W3,0.0,290.0
Brambling,8,4,Aug_W4,0.0,555.0
Brambling,9,1,Sep_W1,0.0,305.0
Brambling,9,2,Sep_W2,0.0,339.0
Brambling,9,3,Sep_W3,0.0,290.0
Brambling,9,4,Sep_W4,0.0,426.0
Brambling,10,1,Oct_W1,0.0,331.0
Brambling,10,2,Oct_W2,0.1569038,478.0
Brambling,10,3,Oct_W3,0.0106383,282.0
Brambling,10,4,Oct_W4,0.0,383.0
Brambling,11,1,Nov_W1,0.0,184.0
Brambling,11,2,Nov_W2,0.0,136.0
Brambling,11,3,Nov_W3,0.0,89.0
Brambling,11,4,Nov_W4,0.0,105.0
Brambling,12,1,Dec_W1,0.0,60.0
Brambling,12,2,Dec_W2,0.0,36.0
Brambling,12,3,Dec_W3,0.0,166.0
Brambling,12,4,Dec_W4,0.0,100.0
Evening Grosbeak,1,1,Jan_W1,0.0446429,112.0
Evening Grosbeak,1,2,Jan_W2,0.0851064,94.0
Evening Grosbeak,1,3,Jan_W3,0.1103448,145.0
Evening Grosbeak,1,4,Jan_W4,0.104,125.0
Evening Grosbeak,2,1,Feb_W1,0.1217391,115.0
Evening Grosbeak,2,2,Feb_W2,0.1666667,192.0
Evening Grosbeak,2,3,Feb_W3,0.1675127,197.0
Evening Grosbeak,2,4,Feb_W4,0.0952381,63.0
Evening Grosbeak,3,1,Mar_W1,0.1034483,58.0
Evening Grosbeak,3,2,Mar_W2,0.0909091,55.0
Evening Grosbeak,3,3,Mar_W3,0.0512821,78.0
Evening Grosbeak,3,4,Mar_W4,0.0306748,163.0
Evening Grosbeak,4,1,Apr_W1,0.0137931,145.0
Evening Grosbeak,4,2,Apr_W2,0.012987,154.0
Evening Grosbeak,4,3,Apr_W3,0.0,157.0
Evening Grosbeak,4,4,Apr_W4,0.0030303,330.0
Evening Grosbeak,5,1,May_W1,0.0073529,272.0
Evening Grosbeak,5,2,May_W2,0.0104987,381.0
Evening Grosbeak,5,3,May_W3,0.0124777,561.0
Evening Grosbeak,5,4,May_W4,0.015213,986.0
Evening Grosbeak,6,1,Jun_W1,0.001497,668.0
Evening Grosbeak,6,2,Jun_W2,0.0019646,509.0
Evening Grosbeak,6,3,Jun_W3,0.0,379.0
Evening Grosbeak,6,4,Jun_W4,0.0,598.0
Evening Grosbeak,7,1,Jul_W1,0.0,361.0
Evening Grosbeak,7,2,Jul_W2,0.007335,409.0
Evening Grosbeak,7,3,Jul_W3,0.0027933,358.0
Evening Grosbeak,7,4,Jul_W4,0.0023866,419.0
Evening Grosbeak,8,1,Aug_W1,0.0,260.0
Evening Grosbeak,8,2,Aug_W2,0.0,303.0
Evening Grosbeak,8,3,Aug_W3,0.0068966,290.0
Evening Grosbeak,8,4,Aug_W4,0.0018018,555.0
Evening Grosbeak,9,1,Sep_W1,0.0015,305.0
Evening Grosbeak,9,2,Sep_W2,0.0029499,339.0
Evening Grosbeak,9,3,Sep_W3,0.0,290.0
Evening Grosbeak,9,4,Sep_W4,0.0015,426.0
Evening Grosbeak,10,1,Oct_W1,0.0030211,331.0
Evening Grosbeak,10,2,Oct_W2,0.0020921,478.0
Evening Grosbeak,10,3,Oct_W3,0.0141844,282.0
Evening Grosbeak,10,4,Oct_W4,0.0548303,383.0
Evening Grosbeak,11,1,Nov_W1,0.0978261,184.0
Evening Grosbeak,11,2,Nov_W2,0.0588235,136.0
Evening Grosbeak,11,3,Nov_W3,0.0224719,89.0
Evening Grosbeak,11,4,Nov_W4,0.0190476,105.0
Evening Grosbeak,12,1,Dec_W1,0.05,60.0
Evening Grosbeak,12,2,Dec_W2,0.1111111,36.0
Evening Grosbeak,12,3,Dec_W3,0.0361446,166.0
Evening Grosbeak,12,4,Dec_W4,0.06,100.0
Pine Grosbeak,1,1,Jan_W1,0.0714286,112.0
Pine Grosbeak,1,2,Jan_W2,0.0957447,94.0
Pine Grosbeak,1,3,Jan_W3,0.1310345,145.0
Pine Grosbeak,1,4,Jan_W4,0.136,125.0
Pine Grosbeak,2,1,Feb_W1,0.1565217,115.0
Pine Grosbeak,2,2,Feb_W2,0.109375,192.0
Pine Grosbeak,2,3,Feb_W3,0.1167513,197.0
Pine Grosbeak,2,4,Feb_W4,0.1746032,63.0
Pine Grosbeak,3,1,Mar_W1,0.1724138,58.0
Pine Grosbeak,3,2,Mar_W2,0.1090909,55.0
Pine Grosbeak,3,3,Mar_W3,0.0384615,78.0
Pine Grosbeak,3,4,Mar_W4,0.0122699,163.0
Pine Grosbeak,4,1,Apr_W1,0.0,145.0
Pine Grosbeak,4,2,Apr_W2,0.0,154.0
Pine Grosbeak,4,3,Apr_W3,0.0,157.0
Pine Grosbeak,4,4,Apr_W4,0.0,330.0
Pine Grosbeak,5,1,May_W1,0.0,272.0
Pine Grosbeak,5,2,May_W2,0.0,381.0
Pine Grosbeak,5,3,May_W3,0.0,561.0
Pine Grosbeak,5,4,May_W4,0.0,986.0
Pine Grosbeak,6,1,Jun_W1,0.0,668.0
Pine Grosbeak,6,2,Jun_W2,0.0,509.0
Pine Grosbeak,6,3,Jun_W3,0.0,379.0
Pine Grosbeak,6,4,Jun_W4,0.0,598.0
Pine Grosbeak,7,1,Jul_W1,0.0,361.0
Pine Grosbeak,7,2,Jul_W2,0.0,409.0
Pine Grosbeak,7,3,Jul_W3,0.0,358.0
Pine Grosbeak,7,4,Jul_W4,0.0,419.0
Pine Grosbeak,8,1,Aug_W1,0.0,260.0
Pine Grosbeak,8,2,Aug_W2,0.0,303.0
Pine Grosbeak,8,3,Aug_W3,0.0,290.0
Pine Grosbeak,8,4,Aug_W4,0.0,555.0
Pine Grosbeak,9,1,Sep_W1,0.0,305.0
Pine Grosbeak,9,2,Sep_W2,0.0,339.0
Pine Grosbeak,9,3,Sep_W3,0.0,290.0
Pine Grosbeak,9,4,Sep_W4,0.0,426.0
Pine Grosbeak,10,1,Oct_W1,0.0,331.0
Pine Grosbeak,10,2,Oct_W2,0.0,478.0
Pine Grosbeak,10,3,Oct_W3,0.0,282.0
Pine Grosbeak,10,4,Oct_W4,0.0417755,383.0
Pine Grosbeak,11,1,Nov_W1,0.076087,184.0
Pine Grosbeak,11,2,Nov_W2,0.0955882,136.0
Pine Grosbeak,11,3,Nov_W3,0.0337079,89.0
Pine Grosbeak,11,4,Nov_W4,0.0761905,105.0
Pine Grosbeak,12,1,Dec_W1,0.1,60.0
Pine Grosbeak,12,2,Dec_W2,0.0833333,36.0
Pine Grosbeak,12,3,Dec_W3,0.1144578,166.0
Pine Grosbeak,12,4,Dec_W4,0.03,100.0
House Finch,1,1,Jan_W1,0.0,112.0
House Finch,1,2,Jan_W2,0.0106383,94.0
House Finch,1,3,Jan_W3,0.0068966,145.0
House Finch,1,4,Jan_W4,0.016,125.0
House Finch,2,1,Feb_W1,0.026087,115.0
House Finch,2,2,Feb_W2,0.0052083,192.0
House Finch,2,3,Feb_W3,0.0,197.0
House Finch,2,4,Feb_W4,0.0015,63.0
House Finch,3,1,Mar_W1,0.0517241,58.0
House Finch,3,2,Mar_W2,0.0363636,55.0
House Finch,3,3,Mar_W3,0.0512821,78.0
House Finch,3,4,Mar_W4,0.006135,163.0
House Finch,4,1,Apr_W1,0.0275862,145.0
House Finch,4,2,Apr_W2,0.025974,154.0
House Finch,4,3,Apr_W3,0.0,157.0
House Finch,4,4,Apr_W4,0.0060606,330.0
House Finch,5,1,May_W1,0.0294118,272.0
House Finch,5,2,May_W2,0.023622,381.0
House Finch,5,3,May_W3,0.0142602,561.0
House Finch,5,4,May_W4,0.010142,986.0
House Finch,6,1,Jun_W1,0.008982,668.0
House Finch,6,2,Jun_W2,0.0176817,509.0
House Finch,6,3,Jun_W3,0.0184697,379.0
House Finch,6,4,Jun_W4,0.0117057,598.0
House Finch,7,1,Jul_W1,0.0110803,361.0
House Finch,7,2,Jul_W2,0.00489,409.0
House Finch,7,3,Jul_W3,0.0055866,358.0
House Finch,7,4,Jul_W4,0.0167064,419.0
House Finch,8,1,Aug_W1,0.0038462,260.0
House Finch,8,2,Aug_W2,0.0033003,303.0
House Finch,8,3,Aug_W3,0.0034483,290.0
House Finch,8,4,Aug_W4,0.0108108,555.0
House Finch,9,1,Sep_W1,0.0131148,305.0
House Finch,9,2,Sep_W2,0.0,339.0
House Finch,9,3,Sep_W3,0.0034483,290.0
House Finch,9,4,Sep_W4,0.0023474,426.0
House Finch,10,1,Oct_W1,0.0090634,331.0
House Finch,10,2,Oct_W2,0.0125523,478.0
House Finch,10,3,Oct_W3,0.0106383,282.0
House Finch,10,4,Oct_W4,0.002611,383.0
House Finch,11,1,Nov_W1,0.0015,184.0
House Finch,11,2,Nov_W2,0.0,136.0
House Finch,11,3,Nov_W3,0.0,89.0
House Finch,11,4,Nov_W4,0.0,105.0
House Finch,12,1,Dec_W1,0.05,60.0
House Finch,12,2,Dec_W2,0.0,36.0
House Finch,12,3,Dec_W3,0.0060241,166.0
House Finch,12,4,Dec_W4,0.0,100.0
Purple Finch,1,1,Jan_W1,0.0625,112.0
Purple Finch,1,2,Jan_W2,0.0212766,94.0
Purple Finch,1,3,Jan_W3,0.0482759,145.0
Purple Finch,1,4,Jan_W4,0.048,125.0
Purple Finch,2,1,Feb_W1,0.0347826,115.0
Purple Finch,2,2,Feb_W2,0.1197917,192.0
Purple Finch,2,3,Feb_W3,0.1116751,197.0
Purple Finch,2,4,Feb_W4,0.1111111,63.0
Purple Finch,3,1,Mar_W1,0.0517241,58.0
Purple Finch,3,2,Mar_W2,0.0545455,55.0
Purple Finch,3,3,Mar_W3,0.0015,78.0
Purple Finch,3,4,Mar_W4,0.0245399,163.0
Purple Finch,4,1,Apr_W1,0.0068966,145.0
Purple Finch,4,2,Apr_W2,0.0194805,154.0
Purple Finch,4,3,Apr_W3,0.0382166,157.0
Purple Finch,4,4,Apr_W4,0.1,330.0
Purple Finch,5,1,May_W1,0.125,272.0
Purple Finch,5,2,May_W2,0.0892388,381.0
Purple Finch,5,3,May_W3,0.0659537,561.0
Purple Finch,5,4,May_W4,0.0385396,986.0
Purple Finch,6,1,Jun_W1,0.0374251,668.0
Purple Finch,6,2,Jun_W2,0.0196464,509.0
Purple Finch,6,3,Jun_W3,0.0263852,379.0
Purple Finch,6,4,Jun_W4,0.0317726,598.0
Purple Finch,7,1,Jul_W1,0.0193906,361.0
Purple Finch,7,2,Jul_W2,0.0366748,409.0
Purple Finch,7,3,Jul_W3,0.0111732,358.0
Purple Finch,7,4,Jul_W4,0.0095465,419.0
Purple Finch,8,1,Aug_W1,0.0192308,260.0
Purple Finch,8,2,Aug_W2,0.039604,303.0
Purple Finch,8,3,Aug_W3,0.0689655,290.0
Purple Finch,8,4,Aug_W4,0.0864865,555.0
Purple Finch,9,1,Sep_W1,0.0754098,305.0
Purple Finch,9,2,Sep_W2,0.1474926,339.0
Purple Finch,9,3,Sep_W3,0.1137931,290.0
Purple Finch,9,4,Sep_W4,0.1173709,426.0
Purple Finch,10,1,Oct_W1,0.1238671,331.0
Purple Finch,10,2,Oct_W2,0.2573222,478.0
Purple Finch,10,3,Oct_W3,0.1595745,282.0
Purple Finch,10,4,Oct_W4,0.151436,383.0
Purple Finch,11,1,Nov_W1,0.1521739,184.0
Purple Finch,11,2,Nov_W2,0.1176471,136.0
Purple Finch,11,3,Nov_W3,0.0674157,89.0
Purple Finch,11,4,Nov_W4,0.0,105.0
Purple Finch,12,1,Dec_W1,0.0015,60.0
Purple Finch,12,2,Dec_W2,0.0,36.0
Purple Finch,12,3,Dec_W3,0.0301205,166.0
Purple Finch,12,4,Dec_W4,0.02,100.0
Redpoll,1,1,Jan_W1,0.0357143,112.0
Redpoll,1,2,Jan_W2,0.0744681,94.0
Redpoll,1,3,Jan_W3,0.0551724,145.0
Redpoll,1,4,Jan_W4,0.088,125.0
Redpoll,2,1,Feb_W1,0.173913,115.0
Redpoll,2,2,Feb_W2,0.2395833,192.0
Redpoll,2,3,Feb_W3,0.1725888,197.0
Redpoll,2,4,Feb_W4,0.2222222,63.0
Redpoll,3,1,Mar_W1,0.1896552,58.0
Redpoll,3,2,Mar_W2,0.1272727,55.0
Redpoll,3,3,Mar_W3,0.1025641,78.0
Redpoll,3,4,Mar_W4,0.2331288,163.0
Redpoll,4,1,Apr_W1,0.1586207,145.0
Redpoll,4,2,Apr_W2,0.1233766,154.0
Redpoll,4,3,Apr_W3,0.0828025,157.0
Redpoll,4,4,Apr_W4,0.0424242,330.0
Redpoll,5,1,May_W1,0.0036765,272.0
Redpoll,5,2,May_W2,0.0,381.0
Redpoll,5,3,May_W3,0.0,561.0
Redpoll,5,4,May_W4,0.0,986.0
Redpoll,6,1,Jun_W1,0.0,668.0
Redpoll,6,2,Jun_W2,0.0,509.0
Redpoll,6,3,Jun_W3,0.0,379.0
Redpoll,6,4,Jun_W4,0.0,598.0
Redpoll,7,1,Jul_W1,0.0,361.0
Redpoll,7,2,Jul_W2,0.0,409.0
Redpoll,7,3,Jul_W3,0.0,358.0
Redpoll,7,4,Jul_W4,0.0,419.0
Redpoll,8,1,Aug_W1,0.0,260.0
Redpoll,8,2,Aug_W2,0.0,303.0
Redpoll,8,3,Aug_W3,0.0,290.0
Redpoll,8,4,Aug_W4,0.0,555.0
Redpoll,9,1,Sep_W1,0.0,305.0
Redpoll,9,2,Sep_W2,0.0,339.0
Redpoll,9,3,Sep_W3,0.0,290.0
Redpoll,9,4,Sep_W4,0.0,426.0
Redpoll,10,1,Oct_W1,0.0,331.0
Redpoll,10,2,Oct_W2,0.0,478.0
Redpoll,10,3,Oct_W3,0.0106383,282.0
Redpoll,10,4,Oct_W4,0.0861619,383.0
Redpoll,11,1,Nov_W1,0.1902174,184.0
Redpoll,11,2,Nov_W2,0.1029412,136.0
Redpoll,11,3,Nov_W3,0.1235955,89.0
Redpoll,11,4,Nov_W4,0.047619,105.0
Redpoll,12,1,Dec_W1,0.1166667,60.0
Redpoll,12,2,Dec_W2,0.0277778,36.0
Redpoll,12,3,Dec_W3,0.1144578,166.0
Redpoll,12,4,Dec_W4,0.0015,100.0
Red Crossbill,1,1,Jan_W1,0.0015,112.0
Red Crossbill,1,2,Jan_W2,0.0,94.0
Red Crossbill,1,3,Jan_W3,0.0,145.0
Red Crossbill,1,4,Jan_W4,0.0,125.0
Red Crossbill,2,1,Feb_W1,0.0086957,115.0
Red Crossbill,2,2,Feb_W2,0.0,192.0
Red Crossbill,2,3,Feb_W3,0.0,197.0
Red Crossbill,2,4,Feb_W4,0.0,63.0
Red Crossbill,3,1,Mar_W1,0.0172414,58.0
Red Crossbill,3,2,Mar_W2,0.0,55.0
Red Crossbill,3,3,Mar_W3,0.025641,78.0
Red Crossbill,3,4,Mar_W4,0.0184049,163.0
Red Crossbill,4,1,Apr_W1,0.0,145.0
Red Crossbill,4,2,Apr_W2,0.0015,154.0
Red Crossbill,4,3,Apr_W3,0.0,157.0
Red Crossbill,4,4,Apr_W4,0.0,330.0
Red Crossbill,5,1,May_W1,0.0,272.0
Red Crossbill,5,2,May_W2,0.0052493,381.0
Red Crossbill,5,3,May_W3,0.0,561.0
Red Crossbill,5,4,May_W4,0.0040568,986.0
Red Crossbill,6,1,Jun_W1,0.0,668.0
Red Crossbill,6,2,Jun_W2,0.0019646,509.0
Red Crossbill,6,3,Jun_W3,0.0015,379.0
Red Crossbill,6,4,Jun_W4,0.0016722,598.0
Red Crossbill,7,1,Jul_W1,0.0,361.0
Red Crossbill,7,2,Jul_W2,0.0,409.0
Red Crossbill,7,3,Jul_W3,0.0,358.0
Red Crossbill,7,4,Jul_W4,0.0015,419.0
Red Crossbill,8,1,Aug_W1,0.0038462,260.0
Red Crossbill,8,2,Aug_W2,0.0015,303.0
Red Crossbill,8,3,Aug_W3,0.0034483,290.0
Red Crossbill,8,4,Aug_W4,0.0018018,555.0
Red Crossbill,9,1,Sep_W1,0.0,305.0
Red Crossbill,9,2,Sep_W2,0.0,339.0
Red Crossbill,9,3,Sep_W3,0.0034483,290.0
Red Crossbill,9,4,Sep_W4,0.0023474,426.0
Red Crossbill,10,1,Oct_W1,0.0030211,331.0
Red Crossbill,10,2,Oct_W2,0.0,478.0
Red Crossbill,10,3,Oct_W3,0.0141844,282.0
Red Crossbill,10,4,Oct_W4,0.0078329,383.0
Red Crossbill,11,1,Nov_W1,0.0108696,184.0
Red Crossbill,11,2,Nov_W2,0.0147059,136.0
Red Crossbill,11,3,Nov_W3,0.0224719,89.0
Red Crossbill,11,4,Nov_W4,0.0095238,105.0
Red Crossbill,12,1,Dec_W1,0.0,60.0
Red Crossbill,12,2,Dec_W2,0.0,36.0
Red Crossbill,12,3,Dec_W3,0.0120482,166.0
Red Crossbill,12,4,Dec_W4,0.0,100.0
White-winged Crossbill,1,1,Jan_W1,0.0089286,112.0
White-winged Crossbill,1,2,Jan_W2,0.0,94.0
White-winged Crossbill,1,3,Jan_W3,0.0275862,145.0
White-winged Crossbill,1,4,Jan_W4,0.056,125.0
White-winged Crossbill,2,1,Feb_W1,0.0173913,115.0
White-winged Crossbill,2,2,Feb_W2,0.0104167,192.0
White-winged Crossbill,2,3,Feb_W3,0.0203046,197.0
White-winged Crossbill,2,4,Feb_W4,0.015873,63.0
White-winged Crossbill,3,1,Mar_W1,0.0,58.0
White-winged Crossbill,3,2,Mar_W2,0.0,55.0
White-winged Crossbill,3,3,Mar_W3,0.0512821,78.0
White-winged Crossbill,3,4,Mar_W4,0.0184049,163.0
White-winged Crossbill,4,1,Apr_W1,0.0137931,145.0
White-winged Crossbill,4,2,Apr_W2,0.0,154.0
White-winged Crossbill,4,3,Apr_W3,0.0063694,157.0
White-winged Crossbill,4,4,Apr_W4,0.0,330.0
White-winged Crossbill,5,1,May_W1,0.0036765,272.0
White-winged Crossbill,5,2,May_W2,0.0026247,381.0
White-winged Crossbill,5,3,May_W3,0.0,561.0
White-winged Crossbill,5,4,May_W4,0.0010142,986.0
White-winged Crossbill,6,1,Jun_W1,0.001497,668.0
White-winged Crossbill,6,2,Jun_W2,0.0,509.0
White-winged Crossbill,6,3,Jun_W3,0.0026385,379.0
White-winged Crossbill,6,4,Jun_W4,0.0016722,598.0
White-winged Crossbill,7,1,Jul_W1,0.0027701,361.0
White-winged Crossbill,7,2,Jul_W2,0.0,409.0
White-winged Crossbill,7,3,Jul_W3,0.0,358.0
White-winged Crossbill,7,4,Jul_W4,0.0,419.0
White-winged Crossbill,8,1,Aug_W1,0.0,260.0
White-winged Crossbill,8,2,Aug_W2,0.0033003,303.0
White-winged Crossbill,8,3,Aug_W3,0.0015,290.0
White-winged Crossbill,8,4,Aug_W4,0.0018018,555.0
White-winged Crossbill,9,1,Sep_W1,0.0,305.0
White-winged Crossbill,9,2,Sep_W2,0.0,339.0
White-winged Crossbill,9,3,Sep_W3,0.0,290.0
White-winged Crossbill,9,4,Sep_W4,0.0,426.0
White-winged Crossbill,10,1,Oct_W1,0.0,331.0
White-winged Crossbill,10,2,Oct_W2,0.0041841,478.0
White-winged Crossbill,10,3,Oct_W3,0.0248227,282.0
White-winged Crossbill,10,4,Oct_W4,0.0417755,383.0
White-winged Crossbill,11,1,Nov_W1,0.1141304,184.0
White-winged Crossbill,11,2,Nov_W2,0.0808824,136.0
White-winged Crossbill,11,3,Nov_W3,0.0224719,89.0
White-winged Crossbill,11,4,Nov_W4,0.0095238,105.0
White-winged Crossbill,12,1,Dec_W1,0.0333333,60.0
White-winged Crossbill,12,2,Dec_W2,0.0,36.0
White-winged Crossbill,12,3,Dec_W3,0.0421687,166.0
White-winged Crossbill,12,4,Dec_W4,0.02,100.0
Pine Siskin,1,1,Jan_W1,0.0535714,112.0
Pine Siskin,1,2,Jan_W2,0.0212766,94.0
Pine Siskin,1,3,Jan_W3,0.0482759,145.0
Pine Siskin,1,4,Jan_W4,0.112,125.0
Pine Siskin,2,1,Feb_W1,0.0956522,115.0
Pine Siskin,2,2,Feb_W2,0.2083333,192.0
Pine Siskin,2,3,Feb_W3,0.177665,197.0
Pine Siskin,2,4,Feb_W4,0.1746032,63.0
Pine Siskin,3,1,Mar_W1,0.1206897,58.0
Pine Siskin,3,2,Mar_W2,0.1636364,55.0
Pine Siskin,3,3,Mar_W3,0.2435897,78.0
Pine Siskin,3,4,Mar_W4,0.190184,163.0
Pine Siskin,4,1,Apr_W1,0.0758621,145.0
Pine Siskin,4,2,Apr_W2,0.0584416,154.0
Pine Siskin,4,3,Apr_W3,0.0573248,157.0
Pine Siskin,4,4,Apr_W4,0.0484848,330.0
Pine Siskin,5,1,May_W1,0.0882353,272.0
Pine Siskin,5,2,May_W2,0.0761155,381.0
Pine Siskin,5,3,May_W3,0.0909091,561.0
Pine Siskin,5,4,May_W4,0.0324544,986.0
Pine Siskin,6,1,Jun_W1,0.0224551,668.0
Pine Siskin,6,2,Jun_W2,0.0078585,509.0
Pine Siskin,6,3,Jun_W3,0.0026385,379.0
Pine Siskin,6,4,Jun_W4,0.0016722,598.0
Pine Siskin,7,1,Jul_W1,0.0083102,361.0
Pine Siskin,7,2,Jul_W2,0.00489,409.0
Pine Siskin,7,3,Jul_W3,0.0111732,358.0
Pine Siskin,7,4,Jul_W4,0.0071599,419.0
Pine Siskin,8,1,Aug_W1,0.0,260.0
Pine Siskin,8,2,Aug_W2,0.0033003,303.0
Pine Siskin,8,3,Aug_W3,0.0103448,290.0
Pine Siskin,8,4,Aug_W4,0.0144144,555.0
Pine Siskin,9,1,Sep_W1,0.0163934,305.0
Pine Siskin,9,2,Sep_W2,0.0383481,339.0
Pine Siskin,9,3,Sep_W3,0.0758621,290.0
Pine Siskin,9,4,Sep_W4,0.0751174,426.0
Pine Siskin,10,1,Oct_W1,0.1057402,331.0
Pine Siskin,10,2,Oct_W2,0.0962343,478.0
Pine Siskin,10,3,Oct_W3,0.1276596,282.0
Pine Siskin,10,4,Oct_W4,0.1618799,383.0
Pine Siskin,11,1,Nov_W1,0.1684783,184.0
Pine Siskin,11,2,Nov_W2,0.1691176,136.0
Pine Siskin,11,3,Nov_W3,0.0786517,89.0
Pine Siskin,11,4,Nov_W4,0.0190476,105.0
Pine Siskin,12,1,Dec_W1,0.0333333,60.0
Pine Siskin,12,2,Dec_W2,0.0,36.0
Pine Siskin,12,3,Dec_W3,0.0421687,166.0
Pine Siskin,12,4,Dec_W4,0.0015,100.0
American Goldfinch,1,1,Jan_W1,0.2142857,112.0
American Goldfinch,1,2,Jan_W2,0.1808511,94.0
American Goldfinch,1,3,Jan_W3,0.1655172,145.0
American Goldfinch,1,4,Jan_W4,0.16,125.0
American Goldfinch,2,1,Feb_W1,0.1391304,115.0
American Goldfinch,2,2,Feb_W2,0.1614583,192.0
American Goldfinch,2,3,Feb_W3,0.2690355,197.0
American Goldfinch,2,4,Feb_W4,0.2222222,63.0
American Goldfinch,3,1,Mar_W1,0.1551724,58.0
American Goldfinch,3,2,Mar_W2,0.1272727,55.0
American Goldfinch,3,3,Mar_W3,0.2051282,78.0
American Goldfinch,3,4,Mar_W4,0.196319,163.0
American Goldfinch,4,1,Apr_W1,0.137931,145.0
American Goldfinch,4,2,Apr_W2,0.0974026,154.0
American Goldfinch,4,3,Apr_W3,0.1146497,157.0
American Goldfinch,4,4,Apr_W4,0.0878788,330.0
American Goldfinch,5,1,May_W1,0.1360294,272.0
American Goldfinch,5,2,May_W2,0.1627297,381.0
American Goldfinch,5,3,May_W3,0.2085561,561.0
American Goldfinch,5,4,May_W4,0.1561866,986.0
American Goldfinch,6,1,Jun_W1,0.1032934,668.0
American Goldfinch,6,2,Jun_W2,0.0903733,509.0
American Goldfinch,6,3,Jun_W3,0.1187335,379.0
American Goldfinch,6,4,Jun_W4,0.0852843,598.0
American Goldfinch,7,1,Jul_W1,0.0858726,361.0
American Goldfinch,7,2,Jul_W2,0.1198044,409.0
American Goldfinch,7,3,Jul_W3,0.1061453,358.0
American Goldfinch,7,4,Jul_W4,0.124105,419.0
American Goldfinch,8,1,Aug_W1,0.1653846,260.0
American Goldfinch,8,2,Aug_W2,0.1815182,303.0
American Goldfinch,8,3,Aug_W3,0.2034483,290.0
American Goldfinch,8,4,Aug_W4,0.2756757,555.0
American Goldfinch,9,1,Sep_W1,0.3147541,305.0
American Goldfinch,9,2,Sep_W2,0.3333333,339.0
American Goldfinch,9,3,Sep_W3,0.3241379,290.0
American Goldfinch,9,4,Sep_W4,0.2652582,426.0
American Goldfinch,10,1,Oct_W1,0.2205438,331.0
American Goldfinch,10,2,Oct_W2,0.167364,478.0
American Goldfinch,10,3,Oct_W3,0.141844,282.0
American Goldfinch,10,4,Oct_W4,0.2428198,383.0
American Goldfinch,11,1,Nov_W1,0.3641304,184.0
American Goldfinch,11,2,Nov_W2,0.3161765,136.0
American Goldfinch,11,3,Nov_W3,0.2921348,89.0
American Goldfinch,11,4,Nov_W4,0.152381,105.0
American Goldfinch,12,1,Dec_W1,0.1333333,60.0
American Goldfinch,12,2,Dec_W2,0.1388889,36.0
American Goldfinch,12,3,Dec_W3,0.2349398,166.0
American Goldfinch,12,4,Dec_W4,0.11,100.0
Lapland Longspur,1,1,Jan_W1,0.0178571,112.0
Lapland Longspur,1,2,Jan_W2,0.0106383,94.0
Lapland Longspur,1,3,Jan_W3,0.0068966,145.0
Lapland Longspur,1,4,Jan_W4,0.0,125.0
Lapland Longspur,2,1,Feb_W1,0.0173913,115.0
Lapland Longspur,2,2,Feb_W2,0.0260417,192.0
Lapland Longspur,2,3,Feb_W3,0.0253807,197.0
Lapland Longspur,2,4,Feb_W4,0.015873,63.0
Lapland Longspur,3,1,Mar_W1,0.0,58.0
Lapland Longspur,3,2,Mar_W2,0.0,55.0
Lapland Longspur,3,3,Mar_W3,0.0,78.0
Lapland Longspur,3,4,Mar_W4,0.0,163.0
Lapland Longspur,4,1,Apr_W1,0.0068966,145.0
Lapland Longspur,4,2,Apr_W2,0.0,154.0
Lapland Longspur,4,3,Apr_W3,0.0,157.0
Lapland Longspur,4,4,Apr_W4,0.0090909,330.0
Lapland Longspur,5,1,May_W1,0.0147059,272.0
Lapland Longspur,5,2,May_W2,0.0052493,381.0
Lapland Longspur,5,3,May_W3,0.0071301,561.0
Lapland Longspur,5,4,May_W4,0.0,986.0
Lapland Longspur,6,1,Jun_W1,0.0,668.0
Lapland Longspur,6,2,Jun_W2,0.0,509.0
Lapland Longspur,6,3,Jun_W3,0.0,379.0
Lapland Longspur,6,4,Jun_W4,0.0,598.0
Lapland Longspur,7,1,Jul_W1,0.0,361.0
Lapland Longspur,7,2,Jul_W2,0.0,409.0
Lapland Longspur,7,3,Jul_W3,0.0,358.0
Lapland Longspur,7,4,Jul_W4,0.0,419.0
Lapland Longspur,8,1,Aug_W1,0.0,260.0
Lapland Longspur,8,2,Aug_W2,0.0,303.0
Lapland Longspur,8,3,Aug_W3,0.0,290.0
Lapland Longspur,8,4,Aug_W4,0.0,555.0
Lapland Longspur,9,1,Sep_W1,0.0,305.0
Lapland Longspur,9,2,Sep_W2,0.0147493,339.0
Lapland Longspur,9,3,Sep_W3,0.0586207,290.0
Lapland Longspur,9,4,Sep_W4,0.1079812,426.0
Lapland Longspur,10,1,Oct_W1,0.0876133,331.0
Lapland Longspur,10,2,Oct_W2,0.1171548,478.0
Lapland Longspur,10,3,Oct_W3,0.0921986,282.0
Lapland Longspur,10,4,Oct_W4,0.1122715,383.0
Lapland Longspur,11,1,Nov_W1,0.0434783,184.0
Lapland Longspur,11,2,Nov_W2,0.0220588,136.0
Lapland Longspur,11,3,Nov_W3,0.0,89.0
Lapland Longspur,11,4,Nov_W4,0.0,105.0
Lapland Longspur,12,1,Dec_W1,0.0,60.0
Lapland Longspur,12,2,Dec_W2,0.0015,36.0
Lapland Longspur,12,3,Dec_W3,0.0060241,166.0
Lapland Longspur,12,4,Dec_W4,0.01,100.0
Snow Bunting,1,1,Jan_W1,0.0625,112.0
Snow Bunting,1,2,Jan_W2,0.0744681,94.0
Snow Bunting,1,3,Jan_W3,0.0551724,145.0
Snow Bunting,1,4,Jan_W4,0.088,125.0
Snow Bunting,2,1,Feb_W1,0.0434783,115.0
Snow Bunting,2,2,Feb_W2,0.0989583,192.0
Snow Bunting,2,3,Feb_W3,0.0406091,197.0
Snow Bunting,2,4,Feb_W4,0.0634921,63.0
Snow Bunting,3,1,Mar_W1,0.0344828,58.0
Snow Bunting,3,2,Mar_W2,0.0181818,55.0
Snow Bunting,3,3,Mar_W3,0.0384615,78.0
Snow Bunting,3,4,Mar_W4,0.190184,163.0
Snow Bunting,4,1,Apr_W1,0.0896552,145.0
Snow Bunting,4,2,Apr_W2,0.038961,154.0
Snow Bunting,4,3,Apr_W3,0.044586,157.0
Snow Bunting,4,4,Apr_W4,0.0212121,330.0
Snow Bunting,5,1,May_W1,0.0147059,272.0
Snow Bunting,5,2,May_W2,0.0015,381.0
Snow Bunting,5,3,May_W3,0.0015,561.0
Snow Bunting,5,4,May_W4,0.0,986.0
Snow Bunting,6,1,Jun_W1,0.0,668.0
Snow Bunting,6,2,Jun_W2,0.0,509.0
Snow Bunting,6,3,Jun_W3,0.0,379.0
Snow Bunting,6,4,Jun_W4,0.0,598.0
Snow Bunting,7,1,Jul_W1,0.0,361.0
Snow Bunting,7,2,Jul_W2,0.0,409.0
Snow Bunting,7,3,Jul_W3,0.0,358.0
Snow Bunting,7,4,Jul_W4,0.0,419.0
Snow Bunting,8,1,Aug_W1,0.0,260.0
Snow Bunting,8,2,Aug_W2,0.0,303.0
Snow Bunting,8,3,Aug_W3,0.0,290.0
Snow Bunting,8,4,Aug_W4,0.0,555.0
Snow Bunting,9,1,Sep_W1,0.0,305.0
Snow Bunting,9,2,Sep_W2,0.0,339.0
Snow Bunting,9,3,Sep_W3,0.0,290.0
Snow Bunting,9,4,Sep_W4,0.0,426.0
Snow Bunting,10,1,Oct_W1,0.0030211,331.0
Snow Bunting,10,2,Oct_W2,0.0104603,478.0
Snow Bunting,10,3,Oct_W3,0.0886525,282.0
Snow Bunting,10,4,Oct_W4,0.3002611,383.0
Snow Bunting,11,1,Nov_W1,0.4836957,184.0
Snow Bunting,11,2,Nov_W2,0.3823529,136.0
Snow Bunting,11,3,Nov_W3,0.2134831,89.0
Snow Bunting,11,4,Nov_W4,0.1142857,105.0
Snow Bunting,12,1,Dec_W1,0.0166667,60.0
Snow Bunting,12,2,Dec_W2,0.0555556,36.0
Snow Bunting,12,3,Dec_W3,0.0903614,166.0
Snow Bunting,12,4,Dec_W4,0.01,100.0
Grasshopper Sparrow,1,1,Jan_W1,0.0,112.0
Grasshopper Sparrow,1,2,Jan_W2,0.0,94.0
Grasshopper Sparrow,1,3,Jan_W3,0.0,145.0
Grasshopper Sparrow,1,4,Jan_W4,0.0,125.0
Grasshopper Sparrow,2,1,Feb_W1,0.0,115.0
Grasshopper Sparrow,2,2,Feb_W2,0.0,192.0
Grasshopper Sparrow,2,3,Feb_W3,0.0,197.0
Grasshopper Sparrow,2,4,Feb_W4,0.0,63.0
Grasshopper Sparrow,3,1,Mar_W1,0.0,58.0
Grasshopper Sparrow,3,2,Mar_W2,0.0,55.0
Grasshopper Sparrow,3,3,Mar_W3,0.0,78.0
Grasshopper Sparrow,3,4,Mar_W4,0.0,163.0
Grasshopper Sparrow,4,1,Apr_W1,0.0,145.0
Grasshopper Sparrow,4,2,Apr_W2,0.0,154.0
Grasshopper Sparrow,4,3,Apr_W3,0.0,157.0
Grasshopper Sparrow,4,4,Apr_W4,0.0,330.0
Grasshopper Sparrow,5,1,May_W1,0.0,272.0
Grasshopper Sparrow,5,2,May_W2,0.0052493,381.0
Grasshopper Sparrow,5,3,May_W3,0.0,561.0
Grasshopper Sparrow,5,4,May_W4,0.0,986.0
Grasshopper Sparrow,6,1,Jun_W1,0.0,668.0
Grasshopper Sparrow,6,2,Jun_W2,0.0019646,509.0
Grasshopper Sparrow,6,3,Jun_W3,0.0,379.0
Grasshopper Sparrow,6,4,Jun_W4,0.0033445,598.0
Grasshopper Sparrow,7,1,Jul_W1,0.0027701,361.0
Grasshopper Sparrow,7,2,Jul_W2,0.0,409.0
Grasshopper Sparrow,7,3,Jul_W3,0.0015,358.0
Grasshopper Sparrow,7,4,Jul_W4,0.0023866,419.0
Grasshopper Sparrow,8,1,Aug_W1,0.0,260.0
Grasshopper Sparrow,8,2,Aug_W2,0.0,303.0
Grasshopper Sparrow,8,3,Aug_W3,0.0,290.0
Grasshopper Sparrow,8,4,Aug_W4,0.0,555.0
Grasshopper Sparrow,9,1,Sep_W1,0.0,305.0
Grasshopper Sparrow,9,2,Sep_W2,0.0,339.0
Grasshopper Sparrow,9,3,Sep_W3,0.0,290.0
Grasshopper Sparrow,9,4,Sep_W4,0.0,426.0
Grasshopper Sparrow,10,1,Oct_W1,0.0,331.0
Grasshopper Sparrow,10,2,Oct_W2,0.0,478.0
Grasshopper Sparrow,10,3,Oct_W3,0.0,282.0
Grasshopper Sparrow,10,4,Oct_W4,0.0,383.0
Grasshopper Sparrow,11,1,Nov_W1,0.0,184.0
Grasshopper Sparrow,11,2,Nov_W2,0.0,136.0
Grasshopper Sparrow,11,3,Nov_W3,0.0,89.0
Grasshopper Sparrow,11,4,Nov_W4,0.0,105.0
Grasshopper Sparrow,12,1,Dec_W1,0.0,60.0
Grasshopper Sparrow,12,2,Dec_W2,0.0,36.0
Grasshopper Sparrow,12,3,Dec_W3,0.0,166.0
Grasshopper Sparrow,12,4,Dec_W4,0.0,100.0
Chipping Sparrow,1,1,Jan_W1,0.0,112.0
Chipping Sparrow,1,2,Jan_W2,0.0,94.0
Chipping Sparrow,1,3,Jan_W3,0.0,145.0
Chipping Sparrow,1,4,Jan_W4,0.0,125.0
Chipping Sparrow,2,1,Feb_W1,0.0,115.0
Chipping Sparrow,2,2,Feb_W2,0.0,192.0
Chipping Sparrow,2,3,Feb_W3,0.0,197.0
Chipping Sparrow,2,4,Feb_W4,0.0,63.0
Chipping Sparrow,3,1,Mar_W1,0.0,58.0
Chipping Sparrow,3,2,Mar_W2,0.0,55.0
Chipping Sparrow,3,3,Mar_W3,0.0,78.0
Chipping Sparrow,3,4,Mar_W4,0.0,163.0
Chipping Sparrow,4,1,Apr_W1,0.0,145.0
Chipping Sparrow,4,2,Apr_W2,0.0324675,154.0
Chipping Sparrow,4,3,Apr_W3,0.0382166,157.0
Chipping Sparrow,4,4,Apr_W4,0.1030303,330.0
Chipping Sparrow,5,1,May_W1,0.2352941,272.0
Chipping Sparrow,5,2,May_W2,0.2572178,381.0
Chipping Sparrow,5,3,May_W3,0.2869875,561.0
Chipping Sparrow,5,4,May_W4,0.2251521,986.0
Chipping Sparrow,6,1,Jun_W1,0.2290419,668.0
Chipping Sparrow,6,2,Jun_W2,0.1886051,509.0
Chipping Sparrow,6,3,Jun_W3,0.2242744,379.0
Chipping Sparrow,6,4,Jun_W4,0.2324415,598.0
Chipping Sparrow,7,1,Jul_W1,0.1634349,361.0
Chipping Sparrow,7,2,Jul_W2,0.195599,409.0
Chipping Sparrow,7,3,Jul_W3,0.1955307,358.0
Chipping Sparrow,7,4,Jul_W4,0.1288783,419.0
Chipping Sparrow,8,1,Aug_W1,0.1384615,260.0
Chipping Sparrow,8,2,Aug_W2,0.1056106,303.0
Chipping Sparrow,8,3,Aug_W3,0.1103448,290.0
Chipping Sparrow,8,4,Aug_W4,0.0630631,555.0
Chipping Sparrow,9,1,Sep_W1,0.0819672,305.0
Chipping Sparrow,9,2,Sep_W2,0.0530973,339.0
Chipping Sparrow,9,3,Sep_W3,0.0344828,290.0
Chipping Sparrow,9,4,Sep_W4,0.0446009,426.0
Chipping Sparrow,10,1,Oct_W1,0.021148,331.0
Chipping Sparrow,10,2,Oct_W2,0.0251046,478.0
Chipping Sparrow,10,3,Oct_W3,0.0248227,282.0
Chipping Sparrow,10,4,Oct_W4,0.0015,383.0
Chipping Sparrow,11,1,Nov_W1,0.0,184.0
Chipping Sparrow,11,2,Nov_W2,0.0,136.0
Chipping Sparrow,11,3,Nov_W3,0.0,89.0
Chipping Sparrow,11,4,Nov_W4,0.0,105.0
Chipping Sparrow,12,1,Dec_W1,0.0,60.0
Chipping Sparrow,12,2,Dec_W2,0.0,36.0
Chipping Sparrow,12,3,Dec_W3,0.0,166.0
Chipping Sparrow,12,4,Dec_W4,0.0,100.0
Clay-colored Sparrow,1,1,Jan_W1,0.0,112.0
Clay-colored Sparrow,1,2,Jan_W2,0.0,94.0
Clay-colored Sparrow,1,3,Jan_W3,0.0,145.0
Clay-colored Sparrow,1,4,Jan_W4,0.0,125.0
Clay-colored Sparrow,2,1,Feb_W1,0.0,115.0
Clay-colored Sparrow,2,2,Feb_W2,0.0,192.0
Clay-colored Sparrow,2,3,Feb_W3,0.0,197.0
Clay-colored Sparrow,2,4,Feb_W4,0.0,63.0
Clay-colored Sparrow,3,1,Mar_W1,0.0,58.0
Clay-colored Sparrow,3,2,Mar_W2,0.0,55.0
Clay-colored Sparrow,3,3,Mar_W3,0.0,78.0
Clay-colored Sparrow,3,4,Mar_W4,0.0,163.0
Clay-colored Sparrow,4,1,Apr_W1,0.0,145.0
Clay-colored Sparrow,4,2,Apr_W2,0.0,154.0
Clay-colored Sparrow,4,3,Apr_W3,0.0,157.0
Clay-colored Sparrow,4,4,Apr_W4,0.0,330.0
Clay-colored Sparrow,5,1,May_W1,0.0073529,272.0
Clay-colored Sparrow,5,2,May_W2,0.0446194,381.0
Clay-colored Sparrow,5,3,May_W3,0.0374332,561.0
Clay-colored Sparrow,5,4,May_W4,0.0344828,986.0
Clay-colored Sparrow,6,1,Jun_W1,0.0239521,668.0
Clay-colored Sparrow,6,2,Jun_W2,0.0117878,509.0
Clay-colored Sparrow,6,3,Jun_W3,0.0158311,379.0
Clay-colored Sparrow,6,4,Jun_W4,0.0133779,598.0
Clay-colored Sparrow,7,1,Jul_W1,0.0166205,361.0
Clay-colored Sparrow,7,2,Jul_W2,0.0122249,409.0
Clay-colored Sparrow,7,3,Jul_W3,0.0055866,358.0
Clay-colored Sparrow,7,4,Jul_W4,0.0047733,419.0
Clay-colored Sparrow,8,1,Aug_W1,0.0,260.0
Clay-colored Sparrow,8,2,Aug_W2,0.0,303.0
Clay-colored Sparrow,8,3,Aug_W3,0.0068966,290.0
Clay-colored Sparrow,8,4,Aug_W4,0.0,555.0
Clay-colored Sparrow,9,1,Sep_W1,0.0032787,305.0
Clay-colored Sparrow,9,2,Sep_W2,0.0176991,339.0
Clay-colored Sparrow,9,3,Sep_W3,0.0,290.0
Clay-colored Sparrow,9,4,Sep_W4,0.0023474,426.0
Clay-colored Sparrow,10,1,Oct_W1,0.0090634,331.0
Clay-colored Sparrow,10,2,Oct_W2,0.0,478.0
Clay-colored Sparrow,10,3,Oct_W3,0.0035461,282.0
Clay-colored Sparrow,10,4,Oct_W4,0.0,383.0
Clay-colored Sparrow,11,1,Nov_W1,0.0,184.0
Clay-colored Sparrow,11,2,Nov_W2,0.0073529,136.0
Clay-colored Sparrow,11,3,Nov_W3,0.0,89.0
Clay-colored Sparrow,11,4,Nov_W4,0.0,105.0
Clay-colored Sparrow,12,1,Dec_W1,0.0,60.0
Clay-colored Sparrow,12,2,Dec_W2,0.0,36.0
Clay-colored Sparrow,12,3,Dec_W3,0.0,166.0
Clay-colored Sparrow,12,4,Dec_W4,0.0,100.0
Field Sparrow,1,1,Jan_W1,0.0,112.0
Field Sparrow,1,2,Jan_W2,0.0,94.0
Field Sparrow,1,3,Jan_W3,0.0,145.0
Field Sparrow,1,4,Jan_W4,0.0,125.0
Field Sparrow,2,1,Feb_W1,0.0,115.0
Field Sparrow,2,2,Feb_W2,0.0,192.0
Field Sparrow,2,3,Feb_W3,0.0,197.0
Field Sparrow,2,4,Feb_W4,0.0,63.0
Field Sparrow,3,1,Mar_W1,0.0,58.0
Field Sparrow,3,2,Mar_W2,0.0,55.0
Field Sparrow,3,3,Mar_W3,0.0,78.0
Field Sparrow,3,4,Mar_W4,0.0,163.0
Field Sparrow,4,1,Apr_W1,0.0,145.0
Field Sparrow,4,2,Apr_W2,0.0,154.0
Field Sparrow,4,3,Apr_W3,0.0,157.0
Field Sparrow,4,4,Apr_W4,0.0060606,330.0
Field Sparrow,5,1,May_W1,0.0036765,272.0
Field Sparrow,5,2,May_W2,0.0052493,381.0
Field Sparrow,5,3,May_W3,0.0017825,561.0
Field Sparrow,5,4,May_W4,0.005071,986.0
Field Sparrow,6,1,Jun_W1,0.005988,668.0
Field Sparrow,6,2,Jun_W2,0.0078585,509.0
Field Sparrow,6,3,Jun_W3,0.0015,379.0
Field Sparrow,6,4,Jun_W4,0.0015,598.0
Field Sparrow,7,1,Jul_W1,0.0,361.0
Field Sparrow,7,2,Jul_W2,0.0,409.0
Field Sparrow,7,3,Jul_W3,0.0083799,358.0
Field Sparrow,7,4,Jul_W4,0.0,419.0
Field Sparrow,8,1,Aug_W1,0.0,260.0
Field Sparrow,8,2,Aug_W2,0.0,303.0
Field Sparrow,8,3,Aug_W3,0.0015,290.0
Field Sparrow,8,4,Aug_W4,0.0018018,555.0
Field Sparrow,9,1,Sep_W1,0.0032787,305.0
Field Sparrow,9,2,Sep_W2,0.0,339.0
Field Sparrow,9,3,Sep_W3,0.0068966,290.0
Field Sparrow,9,4,Sep_W4,0.0,426.0
Field Sparrow,10,1,Oct_W1,0.0,331.0
Field Sparrow,10,2,Oct_W2,0.0,478.0
Field Sparrow,10,3,Oct_W3,0.0,282.0
Field Sparrow,10,4,Oct_W4,0.0078329,383.0
Field Sparrow,11,1,Nov_W1,0.0,184.0
Field Sparrow,11,2,Nov_W2,0.0,136.0
Field Sparrow,11,3,Nov_W3,0.0,89.0
Field Sparrow,11,4,Nov_W4,0.0,105.0
Field Sparrow,12,1,Dec_W1,0.0,60.0
Field Sparrow,12,2,Dec_W2,0.0,36.0
Field Sparrow,12,3,Dec_W3,0.0,166.0
Field Sparrow,12,4,Dec_W4,0.0,100.0
Lark Sparrow,1,1,Jan_W1,0.0,112.0
Lark Sparrow,1,2,Jan_W2,0.0,94.0
Lark Sparrow,1,3,Jan_W3,0.0,145.0
Lark Sparrow,1,4,Jan_W4,0.0,125.0
Lark Sparrow,2,1,Feb_W1,0.0,115.0
Lark Sparrow,2,2,Feb_W2,0.0,192.0
Lark Sparrow,2,3,Feb_W3,0.0,197.0
Lark Sparrow,2,4,Feb_W4,0.0,63.0
Lark Sparrow,3,1,Mar_W1,0.0,58.0
Lark Sparrow,3,2,Mar_W2,0.0,55.0
Lark Sparrow,3,3,Mar_W3,0.0,78.0
Lark Sparrow,3,4,Mar_W4,0.0,163.0
Lark Sparrow,4,1,Apr_W1,0.0,145.0
Lark Sparrow,4,2,Apr_W2,0.0,154.0
Lark Sparrow,4,3,Apr_W3,0.0,157.0
Lark Sparrow,4,4,Apr_W4,0.0,330.0
Lark Sparrow,5,1,May_W1,0.0,272.0
Lark Sparrow,5,2,May_W2,0.0,381.0
Lark Sparrow,5,3,May_W3,0.0015,561.0
Lark Sparrow,5,4,May_W4,0.0010142,986.0
Lark Sparrow,6,1,Jun_W1,0.0,668.0
Lark Sparrow,6,2,Jun_W2,0.0,509.0
Lark Sparrow,6,3,Jun_W3,0.0,379.0
Lark Sparrow,6,4,Jun_W4,0.0,598.0
Lark Sparrow,7,1,Jul_W1,0.0,361.0
Lark Sparrow,7,2,Jul_W2,0.0,409.0
Lark Sparrow,7,3,Jul_W3,0.0,358.0
Lark Sparrow,7,4,Jul_W4,0.0,419.0
Lark Sparrow,8,1,Aug_W1,0.0,260.0
Lark Sparrow,8,2,Aug_W2,0.0,303.0
Lark Sparrow,8,3,Aug_W3,0.0,290.0
Lark Sparrow,8,4,Aug_W4,0.0,555.0
Lark Sparrow,9,1,Sep_W1,0.0,305.0
Lark Sparrow,9,2,Sep_W2,0.0,339.0
Lark Sparrow,9,3,Sep_W3,0.0,290.0
Lark Sparrow,9,4,Sep_W4,0.0,426.0
Lark Sparrow,10,1,Oct_W1,0.0,331.0
Lark Sparrow,10,2,Oct_W2,0.0,478.0
Lark Sparrow,10,3,Oct_W3,0.0,282.0
Lark Sparrow,10,4,Oct_W4,0.0,383.0
Lark Sparrow,11,1,Nov_W1,0.0,184.0
Lark Sparrow,11,2,Nov_W2,0.0,136.0
Lark Sparrow,11,3,Nov_W3,0.0,89.0
Lark Sparrow,11,4,Nov_W4,0.0,105.0
Lark Sparrow,12,1,Dec_W1,0.0,60.0
Lark Sparrow,12,2,Dec_W2,0.0,36.0
Lark Sparrow,12,3,Dec_W3,0.0,166.0
Lark Sparrow,12,4,Dec_W4,0.0,100.0
American Tree Sparrow,1,1,Jan_W1,0.1071429,112.0
American Tree Sparrow,1,2,Jan_W2,0.0531915,94.0
American Tree Sparrow,1,3,Jan_W3,0.0551724,145.0
American Tree Sparrow,1,4,Jan_W4,0.04,125.0
American Tree Sparrow,2,1,Feb_W1,0.0173913,115.0
American Tree Sparrow,2,2,Feb_W2,0.0885417,192.0
American Tree Sparrow,2,3,Feb_W3,0.0862944,197.0
American Tree Sparrow,2,4,Feb_W4,0.0634921,63.0
American Tree Sparrow,3,1,Mar_W1,0.0344828,58.0
American Tree Sparrow,3,2,Mar_W2,0.0363636,55.0
American Tree Sparrow,3,3,Mar_W3,0.0641026,78.0
American Tree Sparrow,3,4,Mar_W4,0.0920245,163.0
American Tree Sparrow,4,1,Apr_W1,0.0551724,145.0
American Tree Sparrow,4,2,Apr_W2,0.1493506,154.0
American Tree Sparrow,4,3,Apr_W3,0.1719745,157.0
American Tree Sparrow,4,4,Apr_W4,0.1636364,330.0
American Tree Sparrow,5,1,May_W1,0.1102941,272.0
American Tree Sparrow,5,2,May_W2,0.0262467,381.0
American Tree Sparrow,5,3,May_W3,0.0106952,561.0
American Tree Sparrow,5,4,May_W4,0.0,986.0
American Tree Sparrow,6,1,Jun_W1,0.0,668.0
American Tree Sparrow,6,2,Jun_W2,0.0,509.0
American Tree Sparrow,6,3,Jun_W3,0.0,379.0
American Tree Sparrow,6,4,Jun_W4,0.0,598.0
American Tree Sparrow,7,1,Jul_W1,0.0,361.0
American Tree Sparrow,7,2,Jul_W2,0.0,409.0
American Tree Sparrow,7,3,Jul_W3,0.0,358.0
American Tree Sparrow,7,4,Jul_W4,0.0,419.0
American Tree Sparrow,8,1,Aug_W1,0.0,260.0
American Tree Sparrow,8,2,Aug_W2,0.0,303.0
American Tree Sparrow,8,3,Aug_W3,0.0,290.0
American Tree Sparrow,8,4,Aug_W4,0.0,555.0
American Tree Sparrow,9,1,Sep_W1,0.0,305.0
American Tree Sparrow,9,2,Sep_W2,0.0,339.0
American Tree Sparrow,9,3,Sep_W3,0.0,290.0
American Tree Sparrow,9,4,Sep_W4,0.0,426.0
American Tree Sparrow,10,1,Oct_W1,0.0120846,331.0
American Tree Sparrow,10,2,Oct_W2,0.0941423,478.0
American Tree Sparrow,10,3,Oct_W3,0.2340426,282.0
American Tree Sparrow,10,4,Oct_W4,0.2793734,383.0
American Tree Sparrow,11,1,Nov_W1,0.2880435,184.0
American Tree Sparrow,11,2,Nov_W2,0.0735294,136.0
American Tree Sparrow,11,3,Nov_W3,0.0337079,89.0
American Tree Sparrow,11,4,Nov_W4,0.0190476,105.0
American Tree Sparrow,12,1,Dec_W1,0.0,60.0
American Tree Sparrow,12,2,Dec_W2,0.0277778,36.0
American Tree Sparrow,12,3,Dec_W3,0.0421687,166.0
American Tree Sparrow,12,4,Dec_W4,0.04,100.0
Fox Sparrow,1,1,Jan_W1,0.0,112.0
Fox Sparrow,1,2,Jan_W2,0.0,94.0
Fox Sparrow,1,3,Jan_W3,0.0,145.0
Fox Sparrow,1,4,Jan_W4,0.0,125.0
Fox Sparrow,2,1,Feb_W1,0.0,115.0
Fox Sparrow,2,2,Feb_W2,0.0,192.0
Fox Sparrow,2,3,Feb_W3,0.0,197.0
Fox Sparrow,2,4,Feb_W4,0.0,63.0
Fox Sparrow,3,1,Mar_W1,0.0,58.0
Fox Sparrow,3,2,Mar_W2,0.0,55.0
Fox Sparrow,3,3,Mar_W3,0.0,78.0
Fox Sparrow,3,4,Mar_W4,0.0,163.0
Fox Sparrow,4,1,Apr_W1,0.0068966,145.0
Fox Sparrow,4,2,Apr_W2,0.0519481,154.0
Fox Sparrow,4,3,Apr_W3,0.0700637,157.0
Fox Sparrow,4,4,Apr_W4,0.0181818,330.0
Fox Sparrow,5,1,May_W1,0.0073529,272.0
Fox Sparrow,5,2,May_W2,0.0,381.0
Fox Sparrow,5,3,May_W3,0.0,561.0
Fox Sparrow,5,4,May_W4,0.0,986.0
Fox Sparrow,6,1,Jun_W1,0.0,668.0
Fox Sparrow,6,2,Jun_W2,0.0,509.0
Fox Sparrow,6,3,Jun_W3,0.0,379.0
Fox Sparrow,6,4,Jun_W4,0.0,598.0
Fox Sparrow,7,1,Jul_W1,0.0,361.0
Fox Sparrow,7,2,Jul_W2,0.0,409.0
Fox Sparrow,7,3,Jul_W3,0.0,358.0
Fox Sparrow,7,4,Jul_W4,0.0,419.0
Fox Sparrow,8,1,Aug_W1,0.0,260.0
Fox Sparrow,8,2,Aug_W2,0.0,303.0
Fox Sparrow,8,3,Aug_W3,0.0,290.0
Fox Sparrow,8,4,Aug_W4,0.0,555.0
Fox Sparrow,9,1,Sep_W1,0.0,305.0
Fox Sparrow,9,2,Sep_W2,0.0029499,339.0
Fox Sparrow,9,3,Sep_W3,0.0,290.0
Fox Sparrow,9,4,Sep_W4,0.0,426.0
Fox Sparrow,10,1,Oct_W1,0.0,331.0
Fox Sparrow,10,2,Oct_W2,0.0062762,478.0
Fox Sparrow,10,3,Oct_W3,0.0070922,282.0
Fox Sparrow,10,4,Oct_W4,0.0156658,383.0
Fox Sparrow,11,1,Nov_W1,0.0,184.0
Fox Sparrow,11,2,Nov_W2,0.0015,136.0
Fox Sparrow,11,3,Nov_W3,0.0,89.0
Fox Sparrow,11,4,Nov_W4,0.0,105.0
Fox Sparrow,12,1,Dec_W1,0.0,60.0
Fox Sparrow,12,2,Dec_W2,0.0,36.0
Fox Sparrow,12,3,Dec_W3,0.0,166.0
Fox Sparrow,12,4,Dec_W4,0.0,100.0
Dark-eyed Junco,1,1,Jan_W1,0.0178571,112.0
Dark-eyed Junco,1,2,Jan_W2,0.0425532,94.0
Dark-eyed Junco,1,3,Jan_W3,0.0275862,145.0
Dark-eyed Junco,1,4,Jan_W4,0.016,125.0
Dark-eyed Junco,2,1,Feb_W1,0.026087,115.0
Dark-eyed Junco,2,2,Feb_W2,0.0572917,192.0
Dark-eyed Junco,2,3,Feb_W3,0.0558376,197.0
Dark-eyed Junco,2,4,Feb_W4,0.031746,63.0
Dark-eyed Junco,3,1,Mar_W1,0.0344828,58.0
Dark-eyed Junco,3,2,Mar_W2,0.0363636,55.0
Dark-eyed Junco,3,3,Mar_W3,0.0384615,78.0
Dark-eyed Junco,3,4,Mar_W4,0.1349693,163.0
Dark-eyed Junco,4,1,Apr_W1,0.1172414,145.0
Dark-eyed Junco,4,2,Apr_W2,0.2792208,154.0
Dark-eyed Junco,4,3,Apr_W3,0.3184713,157.0
Dark-eyed Junco,4,4,Apr_W4,0.2333333,330.0
Dark-eyed Junco,5,1,May_W1,0.1617647,272.0
Dark-eyed Junco,5,2,May_W2,0.0629921,381.0
Dark-eyed Junco,5,3,May_W3,0.0249554,561.0
Dark-eyed Junco,5,4,May_W4,0.0111562,986.0
Dark-eyed Junco,6,1,Jun_W1,0.007485,668.0
Dark-eyed Junco,6,2,Jun_W2,0.0078585,509.0
Dark-eyed Junco,6,3,Jun_W3,0.0158311,379.0
Dark-eyed Junco,6,4,Jun_W4,0.0117057,598.0
Dark-eyed Junco,7,1,Jul_W1,0.0027701,361.0
Dark-eyed Junco,7,2,Jul_W2,0.00489,409.0
Dark-eyed Junco,7,3,Jul_W3,0.0111732,358.0
Dark-eyed Junco,7,4,Jul_W4,0.0095465,419.0
Dark-eyed Junco,8,1,Aug_W1,0.0038462,260.0
Dark-eyed Junco,8,2,Aug_W2,0.0165017,303.0
Dark-eyed Junco,8,3,Aug_W3,0.0,290.0
Dark-eyed Junco,8,4,Aug_W4,0.0054054,555.0
Dark-eyed Junco,9,1,Sep_W1,0.0065574,305.0
Dark-eyed Junco,9,2,Sep_W2,0.0058997,339.0
Dark-eyed Junco,9,3,Sep_W3,0.0172414,290.0
Dark-eyed Junco,9,4,Sep_W4,0.0375587,426.0
Dark-eyed Junco,10,1,Oct_W1,0.0906344,331.0
Dark-eyed Junco,10,2,Oct_W2,0.3179916,478.0
Dark-eyed Junco,10,3,Oct_W3,0.1560284,282.0
Dark-eyed Junco,10,4,Oct_W4,0.1462141,383.0
Dark-eyed Junco,11,1,Nov_W1,0.1141304,184.0
Dark-eyed Junco,11,2,Nov_W2,0.0661765,136.0
Dark-eyed Junco,11,3,Nov_W3,0.0449438,89.0
Dark-eyed Junco,11,4,Nov_W4,0.0095238,105.0
Dark-eyed Junco,12,1,Dec_W1,0.05,60.0
Dark-eyed Junco,12,2,Dec_W2,0.0277778,36.0
Dark-eyed Junco,12,3,Dec_W3,0.0361446,166.0
Dark-eyed Junco,12,4,Dec_W4,0.0,100.0
White-crowned Sparrow,1,1,Jan_W1,0.0,112.0
White-crowned Sparrow,1,2,Jan_W2,0.0,94.0
White-crowned Sparrow,1,3,Jan_W3,0.0,145.0
White-crowned Sparrow,1,4,Jan_W4,0.0,125.0
White-crowned Sparrow,2,1,Feb_W1,0.0,115.0
White-crowned Sparrow,2,2,Feb_W2,0.0052083,192.0
White-crowned Sparrow,2,3,Feb_W3,0.0050761,197.0
White-crowned Sparrow,2,4,Feb_W4,0.0,63.0
White-crowned Sparrow,3,1,Mar_W1,0.0,58.0
White-crowned Sparrow,3,2,Mar_W2,0.0,55.0
White-crowned Sparrow,3,3,Mar_W3,0.0,78.0
White-crowned Sparrow,3,4,Mar_W4,0.0184049,163.0
White-crowned Sparrow,4,1,Apr_W1,0.0,145.0
White-crowned Sparrow,4,2,Apr_W2,0.0,154.0
White-crowned Sparrow,4,3,Apr_W3,0.0,157.0
White-crowned Sparrow,4,4,Apr_W4,0.0272727,330.0
White-crowned Sparrow,5,1,May_W1,0.125,272.0
White-crowned Sparrow,5,2,May_W2,0.1968504,381.0
White-crowned Sparrow,5,3,May_W3,0.1925134,561.0
White-crowned Sparrow,5,4,May_W4,0.035497,986.0
White-crowned Sparrow,6,1,Jun_W1,0.0,668.0
White-crowned Sparrow,6,2,Jun_W2,0.0015,509.0
White-crowned Sparrow,6,3,Jun_W3,0.0,379.0
White-crowned Sparrow,6,4,Jun_W4,0.0,598.0
White-crowned Sparrow,7,1,Jul_W1,0.0,361.0
White-crowned Sparrow,7,2,Jul_W2,0.0,409.0
White-crowned Sparrow,7,3,Jul_W3,0.0,358.0
White-crowned Sparrow,7,4,Jul_W4,0.0,419.0
White-crowned Sparrow,8,1,Aug_W1,0.0,260.0
White-crowned Sparrow,8,2,Aug_W2,0.0,303.0
White-crowned Sparrow,8,3,Aug_W3,0.0,290.0
White-crowned Sparrow,8,4,Aug_W4,0.0,555.0
White-crowned Sparrow,9,1,Sep_W1,0.0,305.0
White-crowned Sparrow,9,2,Sep_W2,0.0147493,339.0
White-crowned Sparrow,9,3,Sep_W3,0.037931,290.0
White-crowned Sparrow,9,4,Sep_W4,0.2652582,426.0
White-crowned Sparrow,10,1,Oct_W1,0.326284,331.0
White-crowned Sparrow,10,2,Oct_W2,0.4058577,478.0
White-crowned Sparrow,10,3,Oct_W3,0.2411348,282.0
White-crowned Sparrow,10,4,Oct_W4,0.1436031,383.0
White-crowned Sparrow,11,1,Nov_W1,0.0217391,184.0
White-crowned Sparrow,11,2,Nov_W2,0.0073529,136.0
White-crowned Sparrow,11,3,Nov_W3,0.0,89.0
White-crowned Sparrow,11,4,Nov_W4,0.0,105.0
White-crowned Sparrow,12,1,Dec_W1,0.0,60.0
White-crowned Sparrow,12,2,Dec_W2,0.0,36.0
White-crowned Sparrow,12,3,Dec_W3,0.0,166.0
White-crowned Sparrow,12,4,Dec_W4,0.0,100.0
Harris's Sparrow,1,1,Jan_W1,0.0,112.0
Harris's Sparrow,1,2,Jan_W2,0.0,94.0
Harris's Sparrow,1,3,Jan_W3,0.0,145.0
Harris's Sparrow,1,4,Jan_W4,0.0,125.0
Harris's Sparrow,2,1,Feb_W1,0.0,115.0
Harris's Sparrow,2,2,Feb_W2,0.0,192.0
Harris's Sparrow,2,3,Feb_W3,0.0,197.0
Harris's Sparrow,2,4,Feb_W4,0.0,63.0
Harris's Sparrow,3,1,Mar_W1,0.0,58.0
Harris's Sparrow,3,2,Mar_W2,0.0,55.0
Harris's Sparrow,3,3,Mar_W3,0.0,78.0
Harris's Sparrow,3,4,Mar_W4,0.0,163.0
Harris's Sparrow,4,1,Apr_W1,0.0,145.0
Harris's Sparrow,4,2,Apr_W2,0.0,154.0
Harris's Sparrow,4,3,Apr_W3,0.0,157.0
Harris's Sparrow,4,4,Apr_W4,0.0,330.0
Harris's Sparrow,5,1,May_W1,0.0,272.0
Harris's Sparrow,5,2,May_W2,0.0,381.0
Harris's Sparrow,5,3,May_W3,0.0017825,561.0
Harris's Sparrow,5,4,May_W4,0.0,986.0
Harris's Sparrow,6,1,Jun_W1,0.0,668.0
Harris's Sparrow,6,2,Jun_W2,0.0,509.0
Harris's Sparrow,6,3,Jun_W3,0.0,379.0
Harris's Sparrow,6,4,Jun_W4,0.0,598.0
Harris's Sparrow,7,1,Jul_W1,0.0,361.0
Harris's Sparrow,7,2,Jul_W2,0.0,409.0
Harris's Sparrow,7,3,Jul_W3,0.0,358.0
Harris's Sparrow,7,4,Jul_W4,0.0,419.0
Harris's Sparrow,8,1,Aug_W1,0.0,260.0
Harris's Sparrow,8,2,Aug_W2,0.0,303.0
Harris's Sparrow,8,3,Aug_W3,0.0,290.0
Harris's Sparrow,8,4,Aug_W4,0.0,555.0
Harris's Sparrow,9,1,Sep_W1,0.0,305.0
Harris's Sparrow,9,2,Sep_W2,0.0,339.0
Harris's Sparrow,9,3,Sep_W3,0.0,290.0
Harris's Sparrow,9,4,Sep_W4,0.0,426.0
Harris's Sparrow,10,1,Oct_W1,0.0,331.0
Harris's Sparrow,10,2,Oct_W2,0.0,478.0
Harris's Sparrow,10,3,Oct_W3,0.0035461,282.0
Harris's Sparrow,10,4,Oct_W4,0.0182768,383.0
Harris's Sparrow,11,1,Nov_W1,0.0,184.0
Harris's Sparrow,11,2,Nov_W2,0.0,136.0
Harris's Sparrow,11,3,Nov_W3,0.0,89.0
Harris's Sparrow,11,4,Nov_W4,0.0,105.0
Harris's Sparrow,12,1,Dec_W1,0.0,60.0
Harris's Sparrow,12,2,Dec_W2,0.0,36.0
Harris's Sparrow,12,3,Dec_W3,0.0,166.0
Harris's Sparrow,12,4,Dec_W4,0.0,100.0
White-throated Sparrow,1,1,Jan_W1,0.0,112.0
White-throated Sparrow,1,2,Jan_W2,0.0106383,94.0
White-throated Sparrow,1,3,Jan_W3,0.0,145.0
White-throated Sparrow,1,4,Jan_W4,0.0,125.0
White-throated Sparrow,2,1,Feb_W1,0.0,115.0
White-throated Sparrow,2,2,Feb_W2,0.0260417,192.0
White-throated Sparrow,2,3,Feb_W3,0.0152284,197.0
White-throated Sparrow,2,4,Feb_W4,0.015873,63.0
White-throated Sparrow,3,1,Mar_W1,0.0,58.0
White-throated Sparrow,3,2,Mar_W2,0.0,55.0
White-throated Sparrow,3,3,Mar_W3,0.0,78.0
White-throated Sparrow,3,4,Mar_W4,0.0,163.0
White-throated Sparrow,4,1,Apr_W1,0.0,145.0
White-throated Sparrow,4,2,Apr_W2,0.025974,154.0
White-throated Sparrow,4,3,Apr_W3,0.0636943,157.0
White-throated Sparrow,4,4,Apr_W4,0.1515152,330.0
White-throated Sparrow,5,1,May_W1,0.1985294,272.0
White-throated Sparrow,5,2,May_W2,0.1496063,381.0
White-throated Sparrow,5,3,May_W3,0.1319073,561.0
White-throated Sparrow,5,4,May_W4,0.1217039,986.0
White-throated Sparrow,6,1,Jun_W1,0.1392216,668.0
White-throated Sparrow,6,2,Jun_W2,0.1001965,509.0
White-throated Sparrow,6,3,Jun_W3,0.1108179,379.0
White-throated Sparrow,6,4,Jun_W4,0.132107,598.0
White-throated Sparrow,7,1,Jul_W1,0.0609418,361.0
White-throated Sparrow,7,2,Jul_W2,0.1124694,409.0
White-throated Sparrow,7,3,Jul_W3,0.047486,358.0
White-throated Sparrow,7,4,Jul_W4,0.052506,419.0
White-throated Sparrow,8,1,Aug_W1,0.05,260.0
White-throated Sparrow,8,2,Aug_W2,0.0429043,303.0
White-throated Sparrow,8,3,Aug_W3,0.0482759,290.0
White-throated Sparrow,8,4,Aug_W4,0.0198198,555.0
White-throated Sparrow,9,1,Sep_W1,0.0557377,305.0
White-throated Sparrow,9,2,Sep_W2,0.0825959,339.0
White-throated Sparrow,9,3,Sep_W3,0.1206897,290.0
White-throated Sparrow,9,4,Sep_W4,0.1784038,426.0
White-throated Sparrow,10,1,Oct_W1,0.1329305,331.0
White-throated Sparrow,10,2,Oct_W2,0.1861925,478.0
White-throated Sparrow,10,3,Oct_W3,0.0531915,282.0
White-throated Sparrow,10,4,Oct_W4,0.0365535,383.0
White-throated Sparrow,11,1,Nov_W1,0.0108696,184.0
White-throated Sparrow,11,2,Nov_W2,0.0,136.0
White-throated Sparrow,11,3,Nov_W3,0.0,89.0
White-throated Sparrow,11,4,Nov_W4,0.0095238,105.0
White-throated Sparrow,12,1,Dec_W1,0.0,60.0
White-throated Sparrow,12,2,Dec_W2,0.0,36.0
White-throated Sparrow,12,3,Dec_W3,0.0060241,166.0
White-throated Sparrow,12,4,Dec_W4,0.0015,100.0
Vesper Sparrow,1,1,Jan_W1,0.0,112.0
Vesper Sparrow,1,2,Jan_W2,0.0,94.0
Vesper Sparrow,1,3,Jan_W3,0.0,145.0
Vesper Sparrow,1,4,Jan_W4,0.0,125.0
Vesper Sparrow,2,1,Feb_W1,0.0,115.0
Vesper Sparrow,2,2,Feb_W2,0.0,192.0
Vesper Sparrow,2,3,Feb_W3,0.0,197.0
Vesper Sparrow,2,4,Feb_W4,0.0,63.0
Vesper Sparrow,3,1,Mar_W1,0.0,58.0
Vesper Sparrow,3,2,Mar_W2,0.0,55.0
Vesper Sparrow,3,3,Mar_W3,0.0,78.0
Vesper Sparrow,3,4,Mar_W4,0.0,163.0
Vesper Sparrow,4,1,Apr_W1,0.0,145.0
Vesper Sparrow,4,2,Apr_W2,0.0,154.0
Vesper Sparrow,4,3,Apr_W3,0.0063694,157.0
Vesper Sparrow,4,4,Apr_W4,0.0090909,330.0
Vesper Sparrow,5,1,May_W1,0.0110294,272.0
Vesper Sparrow,5,2,May_W2,0.0104987,381.0
Vesper Sparrow,5,3,May_W3,0.0089127,561.0
Vesper Sparrow,5,4,May_W4,0.0030426,986.0
Vesper Sparrow,6,1,Jun_W1,0.002994,668.0
Vesper Sparrow,6,2,Jun_W2,0.0019646,509.0
Vesper Sparrow,6,3,Jun_W3,0.005277,379.0
Vesper Sparrow,6,4,Jun_W4,0.0,598.0
Vesper Sparrow,7,1,Jul_W1,0.0,361.0
Vesper Sparrow,7,2,Jul_W2,0.002445,409.0
Vesper Sparrow,7,3,Jul_W3,0.0,358.0
Vesper Sparrow,7,4,Jul_W4,0.0047733,419.0
Vesper Sparrow,8,1,Aug_W1,0.0038462,260.0
Vesper Sparrow,8,2,Aug_W2,0.0033003,303.0
Vesper Sparrow,8,3,Aug_W3,0.0,290.0
Vesper Sparrow,8,4,Aug_W4,0.0036036,555.0
Vesper Sparrow,9,1,Sep_W1,0.0032787,305.0
Vesper Sparrow,9,2,Sep_W2,0.0383481,339.0
Vesper Sparrow,9,3,Sep_W3,0.0103448,290.0
Vesper Sparrow,9,4,Sep_W4,0.0070423,426.0
Vesper Sparrow,10,1,Oct_W1,0.0030211,331.0
Vesper Sparrow,10,2,Oct_W2,0.0,478.0
Vesper Sparrow,10,3,Oct_W3,0.0070922,282.0
Vesper Sparrow,10,4,Oct_W4,0.0,383.0
Vesper Sparrow,11,1,Nov_W1,0.0,184.0
Vesper Sparrow,11,2,Nov_W2,0.0,136.0
Vesper Sparrow,11,3,Nov_W3,0.0,89.0
Vesper Sparrow,11,4,Nov_W4,0.0,105.0
Vesper Sparrow,12,1,Dec_W1,0.0,60.0
Vesper Sparrow,12,2,Dec_W2,0.0,36.0
Vesper Sparrow,12,3,Dec_W3,0.0,166.0
Vesper Sparrow,12,4,Dec_W4,0.0,100.0
LeConte's Sparrow,1,1,Jan_W1,0.0,112.0
LeConte's Sparrow,1,2,Jan_W2,0.0,94.0
LeConte's Sparrow,1,3,Jan_W3,0.0,145.0
LeConte's Sparrow,1,4,Jan_W4,0.0,125.0
LeConte's Sparrow,2,1,Feb_W1,0.0,115.0
LeConte's Sparrow,2,2,Feb_W2,0.0,192.0
LeConte's Sparrow,2,3,Feb_W3,0.0,197.0
LeConte's Sparrow,2,4,Feb_W4,0.0,63.0
LeConte's Sparrow,3,1,Mar_W1,0.0,58.0
LeConte's Sparrow,3,2,Mar_W2,0.0,55.0
LeConte's Sparrow,3,3,Mar_W3,0.0,78.0
LeConte's Sparrow,3,4,Mar_W4,0.0,163.0
LeConte's Sparrow,4,1,Apr_W1,0.0,145.0
LeConte's Sparrow,4,2,Apr_W2,0.0,154.0
LeConte's Sparrow,4,3,Apr_W3,0.0,157.0
LeConte's Sparrow,4,4,Apr_W4,0.0,330.0
LeConte's Sparrow,5,1,May_W1,0.0015,272.0
LeConte's Sparrow,5,2,May_W2,0.0026247,381.0
LeConte's Sparrow,5,3,May_W3,0.0017825,561.0
LeConte's Sparrow,5,4,May_W4,0.0,986.0
LeConte's Sparrow,6,1,Jun_W1,0.001497,668.0
LeConte's Sparrow,6,2,Jun_W2,0.0019646,509.0
LeConte's Sparrow,6,3,Jun_W3,0.0,379.0
LeConte's Sparrow,6,4,Jun_W4,0.0,598.0
LeConte's Sparrow,7,1,Jul_W1,0.0,361.0
LeConte's Sparrow,7,2,Jul_W2,0.0015,409.0
LeConte's Sparrow,7,3,Jul_W3,0.0027933,358.0
LeConte's Sparrow,7,4,Jul_W4,0.0,419.0
LeConte's Sparrow,8,1,Aug_W1,0.0015,260.0
LeConte's Sparrow,8,2,Aug_W2,0.0,303.0
LeConte's Sparrow,8,3,Aug_W3,0.0,290.0
LeConte's Sparrow,8,4,Aug_W4,0.0018018,555.0
LeConte's Sparrow,9,1,Sep_W1,0.0,305.0
LeConte's Sparrow,9,2,Sep_W2,0.0015,339.0
LeConte's Sparrow,9,3,Sep_W3,0.0034483,290.0
LeConte's Sparrow,9,4,Sep_W4,0.0046948,426.0
LeConte's Sparrow,10,1,Oct_W1,0.0,331.0
LeConte's Sparrow,10,2,Oct_W2,0.0,478.0
LeConte's Sparrow,10,3,Oct_W3,0.0,282.0
LeConte's Sparrow,10,4,Oct_W4,0.0,383.0
LeConte's Sparrow,11,1,Nov_W1,0.0,184.0
LeConte's Sparrow,11,2,Nov_W2,0.0,136.0
LeConte's Sparrow,11,3,Nov_W3,0.0,89.0
LeConte's Sparrow,11,4,Nov_W4,0.0,105.0
LeConte's Sparrow,12,1,Dec_W1,0.0,60.0
LeConte's Sparrow,12,2,Dec_W2,0.0,36.0
LeConte's Sparrow,12,3,Dec_W3,0.0,166.0
LeConte's Sparrow,12,4,Dec_W4,0.0,100.0
Savannah Sparrow,1,1,Jan_W1,0.0,112.0
Savannah Sparrow,1,2,Jan_W2,0.0,94.0
Savannah Sparrow,1,3,Jan_W3,0.0,145.0
Savannah Sparrow,1,4,Jan_W4,0.0,125.0
Savannah Sparrow,2,1,Feb_W1,0.0,115.0
Savannah Sparrow,2,2,Feb_W2,0.0,192.0
Savannah Sparrow,2,3,Feb_W3,0.0,197.0
Savannah Sparrow,2,4,Feb_W4,0.0,63.0
Savannah Sparrow,3,1,Mar_W1,0.0,58.0
Savannah Sparrow,3,2,Mar_W2,0.0,55.0
Savannah Sparrow,3,3,Mar_W3,0.0,78.0
Savannah Sparrow,3,4,Mar_W4,0.0,163.0
Savannah Sparrow,4,1,Apr_W1,0.0,145.0
Savannah Sparrow,4,2,Apr_W2,0.0,154.0
Savannah Sparrow,4,3,Apr_W3,0.0191083,157.0
Savannah Sparrow,4,4,Apr_W4,0.0666667,330.0
Savannah Sparrow,5,1,May_W1,0.1102941,272.0
Savannah Sparrow,5,2,May_W2,0.0866142,381.0
Savannah Sparrow,5,3,May_W3,0.1390374,561.0
Savannah Sparrow,5,4,May_W4,0.1054767,986.0
Savannah Sparrow,6,1,Jun_W1,0.0823353,668.0
Savannah Sparrow,6,2,Jun_W2,0.0628684,509.0
Savannah Sparrow,6,3,Jun_W3,0.0791557,379.0
Savannah Sparrow,6,4,Jun_W4,0.0401338,598.0
Savannah Sparrow,7,1,Jul_W1,0.0443213,361.0
Savannah Sparrow,7,2,Jul_W2,0.0415648,409.0
Savannah Sparrow,7,3,Jul_W3,0.0307263,358.0
Savannah Sparrow,7,4,Jul_W4,0.0286396,419.0
Savannah Sparrow,8,1,Aug_W1,0.0153846,260.0
Savannah Sparrow,8,2,Aug_W2,0.009901,303.0
Savannah Sparrow,8,3,Aug_W3,0.0137931,290.0
Savannah Sparrow,8,4,Aug_W4,0.0576577,555.0
Savannah Sparrow,9,1,Sep_W1,0.1213115,305.0
Savannah Sparrow,9,2,Sep_W2,0.2418879,339.0
Savannah Sparrow,9,3,Sep_W3,0.2655172,290.0
Savannah Sparrow,9,4,Sep_W4,0.2441315,426.0
Savannah Sparrow,10,1,Oct_W1,0.1510574,331.0
Savannah Sparrow,10,2,Oct_W2,0.0523013,478.0
Savannah Sparrow,10,3,Oct_W3,0.0283688,282.0
Savannah Sparrow,10,4,Oct_W4,0.0130548,383.0
Savannah Sparrow,11,1,Nov_W1,0.0,184.0
Savannah Sparrow,11,2,Nov_W2,0.0073529,136.0
Savannah Sparrow,11,3,Nov_W3,0.0,89.0
Savannah Sparrow,11,4,Nov_W4,0.0,105.0
Savannah Sparrow,12,1,Dec_W1,0.0,60.0
Savannah Sparrow,12,2,Dec_W2,0.0,36.0
Savannah Sparrow,12,3,Dec_W3,0.0,166.0
Savannah Sparrow,12,4,Dec_W4,0.0,100.0
Henslow's Sparrow,1,1,Jan_W1,0.0,112.0
Henslow's Sparrow,1,2,Jan_W2,0.0,94.0
Henslow's Sparrow,1,3,Jan_W3,0.0,145.0
Henslow's Sparrow,1,4,Jan_W4,0.0,125.0
Henslow's Sparrow,2,1,Feb_W1,0.0,115.0
Henslow's Sparrow,2,2,Feb_W2,0.0,192.0
Henslow's Sparrow,2,3,Feb_W3,0.0,197.0
Henslow's Sparrow,2,4,Feb_W4,0.0,63.0
Henslow's Sparrow,3,1,Mar_W1,0.0,58.0
Henslow's Sparrow,3,2,Mar_W2,0.0,55.0
Henslow's Sparrow,3,3,Mar_W3,0.0,78.0
Henslow's Sparrow,3,4,Mar_W4,0.0,163.0
Henslow's Sparrow,4,1,Apr_W1,0.0,145.0
Henslow's Sparrow,4,2,Apr_W2,0.0,154.0
Henslow's Sparrow,4,3,Apr_W3,0.0,157.0
Henslow's Sparrow,4,4,Apr_W4,0.0,330.0
Henslow's Sparrow,5,1,May_W1,0.0,272.0
Henslow's Sparrow,5,2,May_W2,0.0,381.0
Henslow's Sparrow,5,3,May_W3,0.0,561.0
Henslow's Sparrow,5,4,May_W4,0.0,986.0
Henslow's Sparrow,6,1,Jun_W1,0.0,668.0
Henslow's Sparrow,6,2,Jun_W2,0.0,509.0
Henslow's Sparrow,6,3,Jun_W3,0.0,379.0
Henslow's Sparrow,6,4,Jun_W4,0.0,598.0
Henslow's Sparrow,7,1,Jul_W1,0.0027701,361.0
Henslow's Sparrow,7,2,Jul_W2,0.0,409.0
Henslow's Sparrow,7,3,Jul_W3,0.0,358.0
Henslow's Sparrow,7,4,Jul_W4,0.0,419.0
Henslow's Sparrow,8,1,Aug_W1,0.0,260.0
Henslow's Sparrow,8,2,Aug_W2,0.0,303.0
Henslow's Sparrow,8,3,Aug_W3,0.0,290.0
Henslow's Sparrow,8,4,Aug_W4,0.0,555.0
Henslow's Sparrow,9,1,Sep_W1,0.0,305.0
Henslow's Sparrow,9,2,Sep_W2,0.0,339.0
Henslow's Sparrow,9,3,Sep_W3,0.0,290.0
Henslow's Sparrow,9,4,Sep_W4,0.0,426.0
Henslow's Sparrow,10,1,Oct_W1,0.0,331.0
Henslow's Sparrow,10,2,Oct_W2,0.0,478.0
Henslow's Sparrow,10,3,Oct_W3,0.0,282.0
Henslow's Sparrow,10,4,Oct_W4,0.0,383.0
Henslow's Sparrow,11,1,Nov_W1,0.0,184.0
Henslow's Sparrow,11,2,Nov_W2,0.0,136.0
Henslow's Sparrow,11,3,Nov_W3,0.0,89.0
Henslow's Sparrow,11,4,Nov_W4,0.0,105.0
Henslow's Sparrow,12,1,Dec_W1,0.0,60.0
Henslow's Sparrow,12,2,Dec_W2,0.0,36.0
Henslow's Sparrow,12,3,Dec_W3,0.0,166.0
Henslow's Sparrow,12,4,Dec_W4,0.0,100.0
Song Sparrow,1,1,Jan_W1,0.0,112.0
Song Sparrow,1,2,Jan_W2,0.0,94.0
Song Sparrow,1,3,Jan_W3,0.0068966,145.0
Song Sparrow,1,4,Jan_W4,0.0,125.0
Song Sparrow,2,1,Feb_W1,0.0,115.0
Song Sparrow,2,2,Feb_W2,0.0,192.0
Song Sparrow,2,3,Feb_W3,0.0,197.0
Song Sparrow,2,4,Feb_W4,0.0,63.0
Song Sparrow,3,1,Mar_W1,0.0172414,58.0
Song Sparrow,3,2,Mar_W2,0.0,55.0
Song Sparrow,3,3,Mar_W3,0.0512821,78.0
Song Sparrow,3,4,Mar_W4,0.190184,163.0
Song Sparrow,4,1,Apr_W1,0.2482759,145.0
Song Sparrow,4,2,Apr_W2,0.3246753,154.0
Song Sparrow,4,3,Apr_W3,0.4076433,157.0
Song Sparrow,4,4,Apr_W4,0.3818182,330.0
Song Sparrow,5,1,May_W1,0.3860294,272.0
Song Sparrow,5,2,May_W2,0.3149606,381.0
Song Sparrow,5,3,May_W3,0.4349376,561.0
Song Sparrow,5,4,May_W4,0.4097363,986.0
Song Sparrow,6,1,Jun_W1,0.4476048,668.0
Song Sparrow,6,2,Jun_W2,0.4715128,509.0
Song Sparrow,6,3,Jun_W3,0.5699208,379.0
Song Sparrow,6,4,Jun_W4,0.4565217,598.0
Song Sparrow,7,1,Jul_W1,0.4376731,361.0
Song Sparrow,7,2,Jul_W2,0.5452323,409.0
Song Sparrow,7,3,Jul_W3,0.4608939,358.0
Song Sparrow,7,4,Jul_W4,0.4463007,419.0
Song Sparrow,8,1,Aug_W1,0.4346154,260.0
Song Sparrow,8,2,Aug_W2,0.3630363,303.0
Song Sparrow,8,3,Aug_W3,0.3172414,290.0
Song Sparrow,8,4,Aug_W4,0.3405405,555.0
Song Sparrow,9,1,Sep_W1,0.2918033,305.0
Song Sparrow,9,2,Sep_W2,0.3539823,339.0
Song Sparrow,9,3,Sep_W3,0.3103448,290.0
Song Sparrow,9,4,Sep_W4,0.3098592,426.0
Song Sparrow,10,1,Oct_W1,0.2870091,331.0
Song Sparrow,10,2,Oct_W2,0.3284519,478.0
Song Sparrow,10,3,Oct_W3,0.2198582,282.0
Song Sparrow,10,4,Oct_W4,0.1357702,383.0
Song Sparrow,11,1,Nov_W1,0.0271739,184.0
Song Sparrow,11,2,Nov_W2,0.0147059,136.0
Song Sparrow,11,3,Nov_W3,0.011236,89.0
Song Sparrow,11,4,Nov_W4,0.0,105.0
Song Sparrow,12,1,Dec_W1,0.0,60.0
Song Sparrow,12,2,Dec_W2,0.0,36.0
Song Sparrow,12,3,Dec_W3,0.0,166.0
Song Sparrow,12,4,Dec_W4,0.0,100.0
Lincoln's Sparrow,1,1,Jan_W1,0.0267857,112.0
Lincoln's Sparrow,1,2,Jan_W2,0.0106383,94.0
Lincoln's Sparrow,1,3,Jan_W3,0.0068966,145.0
Lincoln's Sparrow,1,4,Jan_W4,0.0,125.0
Lincoln's Sparrow,2,1,Feb_W1,0.0086957,115.0
Lincoln's Sparrow,2,2,Feb_W2,0.0208333,192.0
Lincoln's Sparrow,2,3,Feb_W3,0.0152284,197.0
Lincoln's Sparrow,2,4,Feb_W4,0.0,63.0
Lincoln's Sparrow,3,1,Mar_W1,0.0172414,58.0
Lincoln's Sparrow,3,2,Mar_W2,0.0363636,55.0
Lincoln's Sparrow,3,3,Mar_W3,0.0,78.0
Lincoln's Sparrow,3,4,Mar_W4,0.0,163.0
Lincoln's Sparrow,4,1,Apr_W1,0.0068966,145.0
Lincoln's Sparrow,4,2,Apr_W2,0.0,154.0
Lincoln's Sparrow,4,3,Apr_W3,0.0,157.0
Lincoln's Sparrow,4,4,Apr_W4,0.0,330.0
Lincoln's Sparrow,5,1,May_W1,0.0015,272.0
Lincoln's Sparrow,5,2,May_W2,0.015748,381.0
Lincoln's Sparrow,5,3,May_W3,0.0320856,561.0
Lincoln's Sparrow,5,4,May_W4,0.0060852,986.0
Lincoln's Sparrow,6,1,Jun_W1,0.005988,668.0
Lincoln's Sparrow,6,2,Jun_W2,0.0019646,509.0
Lincoln's Sparrow,6,3,Jun_W3,0.0026385,379.0
Lincoln's Sparrow,6,4,Jun_W4,0.0033445,598.0
Lincoln's Sparrow,7,1,Jul_W1,0.0,361.0
Lincoln's Sparrow,7,2,Jul_W2,0.0,409.0
Lincoln's Sparrow,7,3,Jul_W3,0.0083799,358.0
Lincoln's Sparrow,7,4,Jul_W4,0.0047733,419.0
Lincoln's Sparrow,8,1,Aug_W1,0.0076923,260.0
Lincoln's Sparrow,8,2,Aug_W2,0.0132013,303.0
Lincoln's Sparrow,8,3,Aug_W3,0.0103448,290.0
Lincoln's Sparrow,8,4,Aug_W4,0.0144144,555.0
Lincoln's Sparrow,9,1,Sep_W1,0.0098361,305.0
Lincoln's Sparrow,9,2,Sep_W2,0.0383481,339.0
Lincoln's Sparrow,9,3,Sep_W3,0.0241379,290.0
Lincoln's Sparrow,9,4,Sep_W4,0.0258216,426.0
Lincoln's Sparrow,10,1,Oct_W1,0.0181269,331.0
Lincoln's Sparrow,10,2,Oct_W2,0.0083682,478.0
Lincoln's Sparrow,10,3,Oct_W3,0.0141844,282.0
Lincoln's Sparrow,10,4,Oct_W4,0.0052219,383.0
Lincoln's Sparrow,11,1,Nov_W1,0.0,184.0
Lincoln's Sparrow,11,2,Nov_W2,0.0,136.0
Lincoln's Sparrow,11,3,Nov_W3,0.0,89.0
Lincoln's Sparrow,11,4,Nov_W4,0.0,105.0
Lincoln's Sparrow,12,1,Dec_W1,0.0,60.0
Lincoln's Sparrow,12,2,Dec_W2,0.0,36.0
Lincoln's Sparrow,12,3,Dec_W3,0.0,166.0
Lincoln's Sparrow,12,4,Dec_W4,0.01,100.0
Swamp Sparrow,1,1,Jan_W1,0.0,112.0
Swamp Sparrow,1,2,Jan_W2,0.0,94.0
Swamp Sparrow,1,3,Jan_W3,0.0,145.0
Swamp Sparrow,1,4,Jan_W4,0.0,125.0
Swamp Sparrow,2,1,Feb_W1,0.0,115.0
Swamp Sparrow,2,2,Feb_W2,0.0,192.0
Swamp Sparrow,2,3,Feb_W3,0.0,197.0
Swamp Sparrow,2,4,Feb_W4,0.0,63.0
Swamp Sparrow,3,1,Mar_W1,0.0,58.0
Swamp Sparrow,3,2,Mar_W2,0.0,55.0
Swamp Sparrow,3,3,Mar_W3,0.0,78.0
Swamp Sparrow,3,4,Mar_W4,0.0,163.0
Swamp Sparrow,4,1,Apr_W1,0.0,145.0
Swamp Sparrow,4,2,Apr_W2,0.0,154.0
Swamp Sparrow,4,3,Apr_W3,0.0254777,157.0
Swamp Sparrow,4,4,Apr_W4,0.0242424,330.0
Swamp Sparrow,5,1,May_W1,0.0845588,272.0
Swamp Sparrow,5,2,May_W2,0.0761155,381.0
Swamp Sparrow,5,3,May_W3,0.1176471,561.0
Swamp Sparrow,5,4,May_W4,0.0953347,986.0
Swamp Sparrow,6,1,Jun_W1,0.0973054,668.0
Swamp Sparrow,6,2,Jun_W2,0.0687623,509.0
Swamp Sparrow,6,3,Jun_W3,0.1055409,379.0
Swamp Sparrow,6,4,Jun_W4,0.1003344,598.0
Swamp Sparrow,7,1,Jul_W1,0.0720222,361.0
Swamp Sparrow,7,2,Jul_W2,0.0953545,409.0
Swamp Sparrow,7,3,Jul_W3,0.0893855,358.0
Swamp Sparrow,7,4,Jul_W4,0.0501193,419.0
Swamp Sparrow,8,1,Aug_W1,0.0230769,260.0
Swamp Sparrow,8,2,Aug_W2,0.029703,303.0
Swamp Sparrow,8,3,Aug_W3,0.037931,290.0
Swamp Sparrow,8,4,Aug_W4,0.0306306,555.0
Swamp Sparrow,9,1,Sep_W1,0.0295082,305.0
Swamp Sparrow,9,2,Sep_W2,0.0560472,339.0
Swamp Sparrow,9,3,Sep_W3,0.0551724,290.0
Swamp Sparrow,9,4,Sep_W4,0.084507,426.0
Swamp Sparrow,10,1,Oct_W1,0.0392749,331.0
Swamp Sparrow,10,2,Oct_W2,0.0230126,478.0
Swamp Sparrow,10,3,Oct_W3,0.0212766,282.0
Swamp Sparrow,10,4,Oct_W4,0.0104439,383.0
Swamp Sparrow,11,1,Nov_W1,0.0,184.0
Swamp Sparrow,11,2,Nov_W2,0.0,136.0
Swamp Sparrow,11,3,Nov_W3,0.0,89.0
Swamp Sparrow,11,4,Nov_W4,0.0,105.0
Swamp Sparrow,12,1,Dec_W1,0.0,60.0
Swamp Sparrow,12,2,Dec_W2,0.0,36.0
Swamp Sparrow,12,3,Dec_W3,0.0,166.0
Swamp Sparrow,12,4,Dec_W4,0.0,100.0
Eastern Towhee,1,1,Jan_W1,0.0,112.0
Eastern Towhee,1,2,Jan_W2,0.0,94.0
Eastern Towhee,1,3,Jan_W3,0.0,145.0
Eastern Towhee,1,4,Jan_W4,0.0,125.0
Eastern Towhee,2,1,Feb_W1,0.0,115.0
Eastern Towhee,2,2,Feb_W2,0.0,192.0
Eastern Towhee,2,3,Feb_W3,0.0,197.0
Eastern Towhee,2,4,Feb_W4,0.0,63.0
Eastern Towhee,3,1,Mar_W1,0.0,58.0
Eastern Towhee,3,2,Mar_W2,0.0,55.0
Eastern Towhee,3,3,Mar_W3,0.0,78.0
Eastern Towhee,3,4,Mar_W4,0.0,163.0
Eastern Towhee,4,1,Apr_W1,0.0,145.0
Eastern Towhee,4,2,Apr_W2,0.0,154.0
Eastern Towhee,4,3,Apr_W3,0.0063694,157.0
Eastern Towhee,4,4,Apr_W4,0.0,330.0
Eastern Towhee,5,1,May_W1,0.0147059,272.0
Eastern Towhee,5,2,May_W2,0.015748,381.0
Eastern Towhee,5,3,May_W3,0.0213904,561.0
Eastern Towhee,5,4,May_W4,0.0020284,986.0
Eastern Towhee,6,1,Jun_W1,0.007485,668.0
Eastern Towhee,6,2,Jun_W2,0.0039293,509.0
Eastern Towhee,6,3,Jun_W3,0.0079156,379.0
Eastern Towhee,6,4,Jun_W4,0.0016722,598.0
Eastern Towhee,7,1,Jul_W1,0.0027701,361.0
Eastern Towhee,7,2,Jul_W2,0.002445,409.0
Eastern Towhee,7,3,Jul_W3,0.0055866,358.0
Eastern Towhee,7,4,Jul_W4,0.0015,419.0
Eastern Towhee,8,1,Aug_W1,0.0,260.0
Eastern Towhee,8,2,Aug_W2,0.0,303.0
Eastern Towhee,8,3,Aug_W3,0.0,290.0
Eastern Towhee,8,4,Aug_W4,0.0036036,555.0
Eastern Towhee,9,1,Sep_W1,0.0,305.0
Eastern Towhee,9,2,Sep_W2,0.0029499,339.0
Eastern Towhee,9,3,Sep_W3,0.0,290.0
Eastern Towhee,9,4,Sep_W4,0.0023474,426.0
Eastern Towhee,10,1,Oct_W1,0.0,331.0
Eastern Towhee,10,2,Oct_W2,0.0,478.0
Eastern Towhee,10,3,Oct_W3,0.0,282.0
Eastern Towhee,10,4,Oct_W4,0.0,383.0
Eastern Towhee,11,1,Nov_W1,0.0,184.0
Eastern Towhee,11,2,Nov_W2,0.0,136.0
Eastern Towhee,11,3,Nov_W3,0.0,89.0
Eastern Towhee,11,4,Nov_W4,0.0,105.0
Eastern Towhee,12,1,Dec_W1,0.0,60.0
Eastern Towhee,12,2,Dec_W2,0.0,36.0
Eastern Towhee,12,3,Dec_W3,0.0,166.0
Eastern Towhee,12,4,Dec_W4,0.0,100.0
Yellow-breasted Chat,1,1,Jan_W1,0.0,112.0
Yellow-breasted Chat,1,2,Jan_W2,0.0,94.0
Yellow-breasted Chat,1,3,Jan_W3,0.0,145.0
Yellow-breasted Chat,1,4,Jan_W4,0.0,125.0
Yellow-breasted Chat,2,1,Feb_W1,0.0,115.0
Yellow-breasted Chat,2,2,Feb_W2,0.0,192.0
Yellow-breasted Chat,2,3,Feb_W3,0.0,197.0
Yellow-breasted Chat,2,4,Feb_W4,0.0,63.0
Yellow-breasted Chat,3,1,Mar_W1,0.0,58.0
Yellow-breasted Chat,3,2,Mar_W2,0.0,55.0
Yellow-breasted Chat,3,3,Mar_W3,0.0,78.0
Yellow-breasted Chat,3,4,Mar_W4,0.0,163.0
Yellow-breasted Chat,4,1,Apr_W1,0.0,145.0
Yellow-breasted Chat,4,2,Apr_W2,0.0,154.0
Yellow-breasted Chat,4,3,Apr_W3,0.0,157.0
Yellow-breasted Chat,4,4,Apr_W4,0.0,330.0
Yellow-breasted Chat,5,1,May_W1,0.0,272.0
Yellow-breasted Chat,5,2,May_W2,0.0,381.0
Yellow-breasted Chat,5,3,May_W3,0.0,561.0
Yellow-breasted Chat,5,4,May_W4,0.0,986.0
Yellow-breasted Chat,6,1,Jun_W1,0.0,668.0
Yellow-breasted Chat,6,2,Jun_W2,0.0015,509.0
Yellow-breasted Chat,6,3,Jun_W3,0.0,379.0
Yellow-breasted Chat,6,4,Jun_W4,0.0,598.0
Yellow-breasted Chat,7,1,Jul_W1,0.0,361.0
Yellow-breasted Chat,7,2,Jul_W2,0.0,409.0
Yellow-breasted Chat,7,3,Jul_W3,0.0,358.0
Yellow-breasted Chat,7,4,Jul_W4,0.0,419.0
Yellow-breasted Chat,8,1,Aug_W1,0.0,260.0
Yellow-breasted Chat,8,2,Aug_W2,0.0,303.0
Yellow-breasted Chat,8,3,Aug_W3,0.0,290.0
Yellow-breasted Chat,8,4,Aug_W4,0.0,555.0
Yellow-breasted Chat,9,1,Sep_W1,0.0,305.0
Yellow-breasted Chat,9,2,Sep_W2,0.0,339.0
Yellow-breasted Chat,9,3,Sep_W3,0.0,290.0
Yellow-breasted Chat,9,4,Sep_W4,0.0,426.0
Yellow-breasted Chat,10,1,Oct_W1,0.0,331.0
Yellow-breasted Chat,10,2,Oct_W2,0.0,478.0
Yellow-breasted Chat,10,3,Oct_W3,0.0,282.0
Yellow-breasted Chat,10,4,Oct_W4,0.0,383.0
Yellow-breasted Chat,11,1,Nov_W1,0.0,184.0
Yellow-breasted Chat,11,2,Nov_W2,0.0,136.0
Yellow-breasted Chat,11,3,Nov_W3,0.0,89.0
Yellow-breasted Chat,11,4,Nov_W4,0.0,105.0
Yellow-breasted Chat,12,1,Dec_W1,0.0,60.0
Yellow-breasted Chat,12,2,Dec_W2,0.0,36.0
Yellow-breasted Chat,12,3,Dec_W3,0.0,166.0
Yellow-breasted Chat,12,4,Dec_W4,0.0,100.0
Yellow-headed Blackbird,1,1,Jan_W1,0.0,112.0
Yellow-headed Blackbird,1,2,Jan_W2,0.0,94.0
Yellow-headed Blackbird,1,3,Jan_W3,0.0,145.0
Yellow-headed Blackbird,1,4,Jan_W4,0.0,125.0
Yellow-headed Blackbird,2,1,Feb_W1,0.0,115.0
Yellow-headed Blackbird,2,2,Feb_W2,0.0,192.0
Yellow-headed Blackbird,2,3,Feb_W3,0.0,197.0
Yellow-headed Blackbird,2,4,Feb_W4,0.0,63.0
Yellow-headed Blackbird,3,1,Mar_W1,0.0,58.0
Yellow-headed Blackbird,3,2,Mar_W2,0.0,55.0
Yellow-headed Blackbird,3,3,Mar_W3,0.0,78.0
Yellow-headed Blackbird,3,4,Mar_W4,0.0,163.0
Yellow-headed Blackbird,4,1,Apr_W1,0.0,145.0
Yellow-headed Blackbird,4,2,Apr_W2,0.0,154.0
Yellow-headed Blackbird,4,3,Apr_W3,0.0,157.0
Yellow-headed Blackbird,4,4,Apr_W4,0.0,330.0
Yellow-headed Blackbird,5,1,May_W1,0.0036765,272.0
Yellow-headed Blackbird,5,2,May_W2,0.0,381.0
Yellow-headed Blackbird,5,3,May_W3,0.0,561.0
Yellow-headed Blackbird,5,4,May_W4,0.0,986.0
Yellow-headed Blackbird,6,1,Jun_W1,0.0,668.0
Yellow-headed Blackbird,6,2,Jun_W2,0.0,509.0
Yellow-headed Blackbird,6,3,Jun_W3,0.0,379.0
Yellow-headed Blackbird,6,4,Jun_W4,0.0,598.0
Yellow-headed Blackbird,7,1,Jul_W1,0.0,361.0
Yellow-headed Blackbird,7,2,Jul_W2,0.0,409.0
Yellow-headed Blackbird,7,3,Jul_W3,0.0,358.0
Yellow-headed Blackbird,7,4,Jul_W4,0.0,419.0
Yellow-headed Blackbird,8,1,Aug_W1,0.0,260.0
Yellow-headed Blackbird,8,2,Aug_W2,0.0,303.0
Yellow-headed Blackbird,8,3,Aug_W3,0.0,290.0
Yellow-headed Blackbird,8,4,Aug_W4,0.0,555.0
Yellow-headed Blackbird,9,1,Sep_W1,0.0,305.0
Yellow-headed Blackbird,9,2,Sep_W2,0.0,339.0
Yellow-headed Blackbird,9,3,Sep_W3,0.0,290.0
Yellow-headed Blackbird,9,4,Sep_W4,0.0,426.0
Yellow-headed Blackbird,10,1,Oct_W1,0.0,331.0
Yellow-headed Blackbird,10,2,Oct_W2,0.0020921,478.0
Yellow-headed Blackbird,10,3,Oct_W3,0.0,282.0
Yellow-headed Blackbird,10,4,Oct_W4,0.0,383.0
Yellow-headed Blackbird,11,1,Nov_W1,0.0054348,184.0
Yellow-headed Blackbird,11,2,Nov_W2,0.0,136.0
Yellow-headed Blackbird,11,3,Nov_W3,0.0,89.0
Yellow-headed Blackbird,11,4,Nov_W4,0.0,105.0
Yellow-headed Blackbird,12,1,Dec_W1,0.0,60.0
Yellow-headed Blackbird,12,2,Dec_W2,0.0,36.0
Yellow-headed Blackbird,12,3,Dec_W3,0.0,166.0
Yellow-headed Blackbird,12,4,Dec_W4,0.0,100.0
Bobolink,1,1,Jan_W1,0.0,112.0
Bobolink,1,2,Jan_W2,0.0,94.0
Bobolink,1,3,Jan_W3,0.0,145.0
Bobolink,1,4,Jan_W4,0.0,125.0
Bobolink,2,1,Feb_W1,0.0,115.0
Bobolink,2,2,Feb_W2,0.0,192.0
Bobolink,2,3,Feb_W3,0.0,197.0
Bobolink,2,4,Feb_W4,0.0,63.0
Bobolink,3,1,Mar_W1,0.0,58.0
Bobolink,3,2,Mar_W2,0.0,55.0
Bobolink,3,3,Mar_W3,0.0,78.0
Bobolink,3,4,Mar_W4,0.0,163.0
Bobolink,4,1,Apr_W1,0.0,145.0
Bobolink,4,2,Apr_W2,0.0,154.0
Bobolink,4,3,Apr_W3,0.0,157.0
Bobolink,4,4,Apr_W4,0.0,330.0
Bobolink,5,1,May_W1,0.0,272.0
Bobolink,5,2,May_W2,0.0209974,381.0
Bobolink,5,3,May_W3,0.0534759,561.0
Bobolink,5,4,May_W4,0.0496957,986.0
Bobolink,6,1,Jun_W1,0.0419162,668.0
Bobolink,6,2,Jun_W2,0.0235756,509.0
Bobolink,6,3,Jun_W3,0.0290237,379.0
Bobolink,6,4,Jun_W4,0.0250836,598.0
Bobolink,7,1,Jul_W1,0.0138504,361.0
Bobolink,7,2,Jul_W2,0.0015,409.0
Bobolink,7,3,Jul_W3,0.0027933,358.0
Bobolink,7,4,Jul_W4,0.0095465,419.0
Bobolink,8,1,Aug_W1,0.0038462,260.0
Bobolink,8,2,Aug_W2,0.0,303.0
Bobolink,8,3,Aug_W3,0.0103448,290.0
Bobolink,8,4,Aug_W4,0.018018,555.0
Bobolink,9,1,Sep_W1,0.0262295,305.0
Bobolink,9,2,Sep_W2,0.0235988,339.0
Bobolink,9,3,Sep_W3,0.0310345,290.0
Bobolink,9,4,Sep_W4,0.0093897,426.0
Bobolink,10,1,Oct_W1,0.0030211,331.0
Bobolink,10,2,Oct_W2,0.0020921,478.0
Bobolink,10,3,Oct_W3,0.0,282.0
Bobolink,10,4,Oct_W4,0.0,383.0
Bobolink,11,1,Nov_W1,0.0,184.0
Bobolink,11,2,Nov_W2,0.0,136.0
Bobolink,11,3,Nov_W3,0.0,89.0
Bobolink,11,4,Nov_W4,0.0,105.0
Bobolink,12,1,Dec_W1,0.0,60.0
Bobolink,12,2,Dec_W2,0.0,36.0
Bobolink,12,3,Dec_W3,0.0,166.0
Bobolink,12,4,Dec_W4,0.0,100.0
Western Meadowlark,1,1,Jan_W1,0.0,112.0
Western Meadowlark,1,2,Jan_W2,0.0,94.0
Western Meadowlark,1,3,Jan_W3,0.0,145.0
Western Meadowlark,1,4,Jan_W4,0.0,125.0
Western Meadowlark,2,1,Feb_W1,0.0086957,115.0
Western Meadowlark,2,2,Feb_W2,0.0,192.0
Western Meadowlark,2,3,Feb_W3,0.0,197.0
Western Meadowlark,2,4,Feb_W4,0.0,63.0
Western Meadowlark,3,1,Mar_W1,0.0,58.0
Western Meadowlark,3,2,Mar_W2,0.0,55.0
Western Meadowlark,3,3,Mar_W3,0.0,78.0
Western Meadowlark,3,4,Mar_W4,0.0,163.0
Western Meadowlark,4,1,Apr_W1,0.0,145.0
Western Meadowlark,4,2,Apr_W2,0.0,154.0
Western Meadowlark,4,3,Apr_W3,0.0,157.0
Western Meadowlark,4,4,Apr_W4,0.0,330.0
Western Meadowlark,5,1,May_W1,0.0,272.0
Western Meadowlark,5,2,May_W2,0.0,381.0
Western Meadowlark,5,3,May_W3,0.0,561.0
Western Meadowlark,5,4,May_W4,0.0010142,986.0
Western Meadowlark,6,1,Jun_W1,0.0,668.0
Western Meadowlark,6,2,Jun_W2,0.0,509.0
Western Meadowlark,6,3,Jun_W3,0.0,379.0
Western Meadowlark,6,4,Jun_W4,0.0,598.0
Western Meadowlark,7,1,Jul_W1,0.0,361.0
Western Meadowlark,7,2,Jul_W2,0.0,409.0
Western Meadowlark,7,3,Jul_W3,0.0,358.0
Western Meadowlark,7,4,Jul_W4,0.0,419.0
Western Meadowlark,8,1,Aug_W1,0.0,260.0
Western Meadowlark,8,2,Aug_W2,0.0,303.0
Western Meadowlark,8,3,Aug_W3,0.0,290.0
Western Meadowlark,8,4,Aug_W4,0.0,555.0
Western Meadowlark,9,1,Sep_W1,0.0,305.0
Western Meadowlark,9,2,Sep_W2,0.0,339.0
Western Meadowlark,9,3,Sep_W3,0.0,290.0
Western Meadowlark,9,4,Sep_W4,0.0,426.0
Western Meadowlark,10,1,Oct_W1,0.0,331.0
Western Meadowlark,10,2,Oct_W2,0.0,478.0
Western Meadowlark,10,3,Oct_W3,0.0,282.0
Western Meadowlark,10,4,Oct_W4,0.0,383.0
Western Meadowlark,11,1,Nov_W1,0.0,184.0
Western Meadowlark,11,2,Nov_W2,0.0,136.0
Western Meadowlark,11,3,Nov_W3,0.0,89.0
Western Meadowlark,11,4,Nov_W4,0.0,105.0
Western Meadowlark,12,1,Dec_W1,0.0,60.0
Western Meadowlark,12,2,Dec_W2,0.0,36.0
Western Meadowlark,12,3,Dec_W3,0.0,166.0
Western Meadowlark,12,4,Dec_W4,0.0,100.0
Eastern Meadowlark,1,1,Jan_W1,0.0,112.0
Eastern Meadowlark,1,2,Jan_W2,0.0,94.0
Eastern Meadowlark,1,3,Jan_W3,0.0,145.0
Eastern Meadowlark,1,4,Jan_W4,0.0,125.0
Eastern Meadowlark,2,1,Feb_W1,0.0,115.0
Eastern Meadowlark,2,2,Feb_W2,0.0,192.0
Eastern Meadowlark,2,3,Feb_W3,0.0,197.0
Eastern Meadowlark,2,4,Feb_W4,0.0,63.0
Eastern Meadowlark,3,1,Mar_W1,0.0,58.0
Eastern Meadowlark,3,2,Mar_W2,0.0,55.0
Eastern Meadowlark,3,3,Mar_W3,0.0128205,78.0
Eastern Meadowlark,3,4,Mar_W4,0.0184049,163.0
Eastern Meadowlark,4,1,Apr_W1,0.0275862,145.0
Eastern Meadowlark,4,2,Apr_W2,0.025974,154.0
Eastern Meadowlark,4,3,Apr_W3,0.0509554,157.0
Eastern Meadowlark,4,4,Apr_W4,0.0393939,330.0
Eastern Meadowlark,5,1,May_W1,0.0330882,272.0
Eastern Meadowlark,5,2,May_W2,0.0341207,381.0
Eastern Meadowlark,5,3,May_W3,0.0231729,561.0
Eastern Meadowlark,5,4,May_W4,0.030426,986.0
Eastern Meadowlark,6,1,Jun_W1,0.0224551,668.0
Eastern Meadowlark,6,2,Jun_W2,0.0098232,509.0
Eastern Meadowlark,6,3,Jun_W3,0.0184697,379.0
Eastern Meadowlark,6,4,Jun_W4,0.0150502,598.0
Eastern Meadowlark,7,1,Jul_W1,0.0193906,361.0
Eastern Meadowlark,7,2,Jul_W2,0.007335,409.0
Eastern Meadowlark,7,3,Jul_W3,0.0167598,358.0
Eastern Meadowlark,7,4,Jul_W4,0.0143198,419.0
Eastern Meadowlark,8,1,Aug_W1,0.0,260.0
Eastern Meadowlark,8,2,Aug_W2,0.0,303.0
Eastern Meadowlark,8,3,Aug_W3,0.0,290.0
Eastern Meadowlark,8,4,Aug_W4,0.0018018,555.0
Eastern Meadowlark,9,1,Sep_W1,0.0,305.0
Eastern Meadowlark,9,2,Sep_W2,0.0058997,339.0
Eastern Meadowlark,9,3,Sep_W3,0.0,290.0
Eastern Meadowlark,9,4,Sep_W4,0.0015,426.0
Eastern Meadowlark,10,1,Oct_W1,0.0030211,331.0
Eastern Meadowlark,10,2,Oct_W2,0.0020921,478.0
Eastern Meadowlark,10,3,Oct_W3,0.0,282.0
Eastern Meadowlark,10,4,Oct_W4,0.0,383.0
Eastern Meadowlark,11,1,Nov_W1,0.0,184.0
Eastern Meadowlark,11,2,Nov_W2,0.0,136.0
Eastern Meadowlark,11,3,Nov_W3,0.0,89.0
Eastern Meadowlark,11,4,Nov_W4,0.0,105.0
Eastern Meadowlark,12,1,Dec_W1,0.0,60.0
Eastern Meadowlark,12,2,Dec_W2,0.0,36.0
Eastern Meadowlark,12,3,Dec_W3,0.0,166.0
Eastern Meadowlark,12,4,Dec_W4,0.0,100.0
Orchard Oriole,1,1,Jan_W1,0.0,112.0
Orchard Oriole,1,2,Jan_W2,0.0,94.0
Orchard Oriole,1,3,Jan_W3,0.0,145.0
Orchard Oriole,1,4,Jan_W4,0.0,125.0
Orchard Oriole,2,1,Feb_W1,0.0,115.0
Orchard Oriole,2,2,Feb_W2,0.0,192.0
Orchard Oriole,2,3,Feb_W3,0.0,197.0
Orchard Oriole,2,4,Feb_W4,0.0,63.0
Orchard Oriole,3,1,Mar_W1,0.0,58.0
Orchard Oriole,3,2,Mar_W2,0.0,55.0
Orchard Oriole,3,3,Mar_W3,0.0,78.0
Orchard Oriole,3,4,Mar_W4,0.0,163.0
Orchard Oriole,4,1,Apr_W1,0.0,145.0
Orchard Oriole,4,2,Apr_W2,0.0,154.0
Orchard Oriole,4,3,Apr_W3,0.0,157.0
Orchard Oriole,4,4,Apr_W4,0.0,330.0
Orchard Oriole,5,1,May_W1,0.0036765,272.0
Orchard Oriole,5,2,May_W2,0.0,381.0
Orchard Oriole,5,3,May_W3,0.0106952,561.0
Orchard Oriole,5,4,May_W4,0.0020284,986.0
Orchard Oriole,6,1,Jun_W1,0.0,668.0
Orchard Oriole,6,2,Jun_W2,0.0,509.0
Orchard Oriole,6,3,Jun_W3,0.0,379.0
Orchard Oriole,6,4,Jun_W4,0.0016722,598.0
Orchard Oriole,7,1,Jul_W1,0.0,361.0
Orchard Oriole,7,2,Jul_W2,0.0,409.0
Orchard Oriole,7,3,Jul_W3,0.0,358.0
Orchard Oriole,7,4,Jul_W4,0.0,419.0
Orchard Oriole,8,1,Aug_W1,0.0,260.0
Orchard Oriole,8,2,Aug_W2,0.0,303.0
Orchard Oriole,8,3,Aug_W3,0.0,290.0
Orchard Oriole,8,4,Aug_W4,0.0,555.0
Orchard Oriole,9,1,Sep_W1,0.0,305.0
Orchard Oriole,9,2,Sep_W2,0.0,339.0
Orchard Oriole,9,3,Sep_W3,0.0,290.0
Orchard Oriole,9,4,Sep_W4,0.0,426.0
Orchard Oriole,10,1,Oct_W1,0.0,331.0
Orchard Oriole,10,2,Oct_W2,0.0,478.0
Orchard Oriole,10,3,Oct_W3,0.0,282.0
Orchard Oriole,10,4,Oct_W4,0.0,383.0
Orchard Oriole,11,1,Nov_W1,0.0,184.0
Orchard Oriole,11,2,Nov_W2,0.0,136.0
Orchard Oriole,11,3,Nov_W3,0.0,89.0
Orchard Oriole,11,4,Nov_W4,0.0,105.0
Orchard Oriole,12,1,Dec_W1,0.0,60.0
Orchard Oriole,12,2,Dec_W2,0.0,36.0
Orchard Oriole,12,3,Dec_W3,0.0,166.0
Orchard Oriole,12,4,Dec_W4,0.0,100.0
Baltimore Oriole,1,1,Jan_W1,0.0089286,112.0
Baltimore Oriole,1,2,Jan_W2,0.0,94.0
Baltimore Oriole,1,3,Jan_W3,0.0,145.0
Baltimore Oriole,1,4,Jan_W4,0.0,125.0
Baltimore Oriole,2,1,Feb_W1,0.0015,115.0
Baltimore Oriole,2,2,Feb_W2,0.0,192.0
Baltimore Oriole,2,3,Feb_W3,0.0,197.0
Baltimore Oriole,2,4,Feb_W4,0.0,63.0
Baltimore Oriole,3,1,Mar_W1,0.0,58.0
Baltimore Oriole,3,2,Mar_W2,0.0,55.0
Baltimore Oriole,3,3,Mar_W3,0.0,78.0
Baltimore Oriole,3,4,Mar_W4,0.0,163.0
Baltimore Oriole,4,1,Apr_W1,0.0,145.0
Baltimore Oriole,4,2,Apr_W2,0.0,154.0
Baltimore Oriole,4,3,Apr_W3,0.0,157.0
Baltimore Oriole,4,4,Apr_W4,0.0,330.0
Baltimore Oriole,5,1,May_W1,0.0110294,272.0
Baltimore Oriole,5,2,May_W2,0.0787402,381.0
Baltimore Oriole,5,3,May_W3,0.1693405,561.0
Baltimore Oriole,5,4,May_W4,0.0669371,986.0
Baltimore Oriole,6,1,Jun_W1,0.0224551,668.0
Baltimore Oriole,6,2,Jun_W2,0.0275049,509.0
Baltimore Oriole,6,3,Jun_W3,0.0131926,379.0
Baltimore Oriole,6,4,Jun_W4,0.0100334,598.0
Baltimore Oriole,7,1,Jul_W1,0.0027701,361.0
Baltimore Oriole,7,2,Jul_W2,0.00978,409.0
Baltimore Oriole,7,3,Jul_W3,0.0055866,358.0
Baltimore Oriole,7,4,Jul_W4,0.0071599,419.0
Baltimore Oriole,8,1,Aug_W1,0.0038462,260.0
Baltimore Oriole,8,2,Aug_W2,0.0066007,303.0
Baltimore Oriole,8,3,Aug_W3,0.0206897,290.0
Baltimore Oriole,8,4,Aug_W4,0.0036036,555.0
Baltimore Oriole,9,1,Sep_W1,0.0032787,305.0
Baltimore Oriole,9,2,Sep_W2,0.0,339.0
Baltimore Oriole,9,3,Sep_W3,0.0,290.0
Baltimore Oriole,9,4,Sep_W4,0.0,426.0
Baltimore Oriole,10,1,Oct_W1,0.0,331.0
Baltimore Oriole,10,2,Oct_W2,0.0,478.0
Baltimore Oriole,10,3,Oct_W3,0.0,282.0
Baltimore Oriole,10,4,Oct_W4,0.0,383.0
Baltimore Oriole,11,1,Nov_W1,0.0,184.0
Baltimore Oriole,11,2,Nov_W2,0.0,136.0
Baltimore Oriole,11,3,Nov_W3,0.0,89.0
Baltimore Oriole,11,4,Nov_W4,0.0,105.0
Baltimore Oriole,12,1,Dec_W1,0.0,60.0
Baltimore Oriole,12,2,Dec_W2,0.0,36.0
Baltimore Oriole,12,3,Dec_W3,0.0,166.0
Baltimore Oriole,12,4,Dec_W4,0.0,100.0
Red-winged Blackbird,1,1,Jan_W1,0.0,112.0
Red-winged Blackbird,1,2,Jan_W2,0.0,94.0
Red-winged Blackbird,1,3,Jan_W3,0.0,145.0
Red-winged Blackbird,1,4,Jan_W4,0.0,125.0
Red-winged Blackbird,2,1,Feb_W1,0.0,115.0
Red-winged Blackbird,2,2,Feb_W2,0.015625,192.0
Red-winged Blackbird,2,3,Feb_W3,0.0050761,197.0
Red-winged Blackbird,2,4,Feb_W4,0.0,63.0
Red-winged Blackbird,3,1,Mar_W1,0.0517241,58.0
Red-winged Blackbird,3,2,Mar_W2,0.1454545,55.0
Red-winged Blackbird,3,3,Mar_W3,0.1794872,78.0
Red-winged Blackbird,3,4,Mar_W4,0.2515337,163.0
Red-winged Blackbird,4,1,Apr_W1,0.2965517,145.0
Red-winged Blackbird,4,2,Apr_W2,0.3116883,154.0
Red-winged Blackbird,4,3,Apr_W3,0.3757962,157.0
Red-winged Blackbird,4,4,Apr_W4,0.3212121,330.0
Red-winged Blackbird,5,1,May_W1,0.3382353,272.0
Red-winged Blackbird,5,2,May_W2,0.3490814,381.0
Red-winged Blackbird,5,3,May_W3,0.3903743,561.0
Red-winged Blackbird,5,4,May_W4,0.341785,986.0
Red-winged Blackbird,6,1,Jun_W1,0.3353293,668.0
Red-winged Blackbird,6,2,Jun_W2,0.3045187,509.0
Red-winged Blackbird,6,3,Jun_W3,0.3456464,379.0
Red-winged Blackbird,6,4,Jun_W4,0.2692308,598.0
Red-winged Blackbird,7,1,Jul_W1,0.1883657,361.0
Red-winged Blackbird,7,2,Jul_W2,0.2713936,409.0
Red-winged Blackbird,7,3,Jul_W3,0.2625698,358.0
Red-winged Blackbird,7,4,Jul_W4,0.2171838,419.0
Red-winged Blackbird,8,1,Aug_W1,0.15,260.0
Red-winged Blackbird,8,2,Aug_W2,0.1419142,303.0
Red-winged Blackbird,8,3,Aug_W3,0.1413793,290.0
Red-winged Blackbird,8,4,Aug_W4,0.163964,555.0
Red-winged Blackbird,9,1,Sep_W1,0.1442623,305.0
Red-winged Blackbird,9,2,Sep_W2,0.1504425,339.0
Red-winged Blackbird,9,3,Sep_W3,0.1241379,290.0
Red-winged Blackbird,9,4,Sep_W4,0.1150235,426.0
Red-winged Blackbird,10,1,Oct_W1,0.1148036,331.0
Red-winged Blackbird,10,2,Oct_W2,0.1171548,478.0
Red-winged Blackbird,10,3,Oct_W3,0.1595745,282.0
Red-winged Blackbird,10,4,Oct_W4,0.1801567,383.0
Red-winged Blackbird,11,1,Nov_W1,0.1413043,184.0
Red-winged Blackbird,11,2,Nov_W2,0.0882353,136.0
Red-winged Blackbird,11,3,Nov_W3,0.0224719,89.0
Red-winged Blackbird,11,4,Nov_W4,0.0190476,105.0
Red-winged Blackbird,12,1,Dec_W1,0.0,60.0
Red-winged Blackbird,12,2,Dec_W2,0.0,36.0
Red-winged Blackbird,12,3,Dec_W3,0.0060241,166.0
Red-winged Blackbird,12,4,Dec_W4,0.0,100.0
Brown-headed Cowbird,1,1,Jan_W1,0.0,112.0
Brown-headed Cowbird,1,2,Jan_W2,0.0,94.0
Brown-headed Cowbird,1,3,Jan_W3,0.0,145.0
Brown-headed Cowbird,1,4,Jan_W4,0.0,125.0
Brown-headed Cowbird,2,1,Feb_W1,0.0,115.0
Brown-headed Cowbird,2,2,Feb_W2,0.0,192.0
Brown-headed Cowbird,2,3,Feb_W3,0.0,197.0
Brown-headed Cowbird,2,4,Feb_W4,0.0,63.0
Brown-headed Cowbird,3,1,Mar_W1,0.0015,58.0
Brown-headed Cowbird,3,2,Mar_W2,0.0,55.0
Brown-headed Cowbird,3,3,Mar_W3,0.0,78.0
Brown-headed Cowbird,3,4,Mar_W4,0.0122699,163.0
Brown-headed Cowbird,4,1,Apr_W1,0.0275862,145.0
Brown-headed Cowbird,4,2,Apr_W2,0.1233766,154.0
Brown-headed Cowbird,4,3,Apr_W3,0.1273885,157.0
Brown-headed Cowbird,4,4,Apr_W4,0.0939394,330.0
Brown-headed Cowbird,5,1,May_W1,0.0992647,272.0
Brown-headed Cowbird,5,2,May_W2,0.0656168,381.0
Brown-headed Cowbird,5,3,May_W3,0.0677362,561.0
Brown-headed Cowbird,5,4,May_W4,0.0385396,986.0
Brown-headed Cowbird,6,1,Jun_W1,0.0224551,668.0
Brown-headed Cowbird,6,2,Jun_W2,0.0117878,509.0
Brown-headed Cowbird,6,3,Jun_W3,0.0158311,379.0
Brown-headed Cowbird,6,4,Jun_W4,0.0133779,598.0
Brown-headed Cowbird,7,1,Jul_W1,0.0110803,361.0
Brown-headed Cowbird,7,2,Jul_W2,0.00978,409.0
Brown-headed Cowbird,7,3,Jul_W3,0.0083799,358.0
Brown-headed Cowbird,7,4,Jul_W4,0.0286396,419.0
Brown-headed Cowbird,8,1,Aug_W1,0.0038462,260.0
Brown-headed Cowbird,8,2,Aug_W2,0.0033003,303.0
Brown-headed Cowbird,8,3,Aug_W3,0.0206897,290.0
Brown-headed Cowbird,8,4,Aug_W4,0.0108108,555.0
Brown-headed Cowbird,9,1,Sep_W1,0.0131148,305.0
Brown-headed Cowbird,9,2,Sep_W2,0.0029499,339.0
Brown-headed Cowbird,9,3,Sep_W3,0.0034483,290.0
Brown-headed Cowbird,9,4,Sep_W4,0.0046948,426.0
Brown-headed Cowbird,10,1,Oct_W1,0.0,331.0
Brown-headed Cowbird,10,2,Oct_W2,0.0041841,478.0
Brown-headed Cowbird,10,3,Oct_W3,0.0070922,282.0
Brown-headed Cowbird,10,4,Oct_W4,0.002611,383.0
Brown-headed Cowbird,11,1,Nov_W1,0.0,184.0
Brown-headed Cowbird,11,2,Nov_W2,0.0,136.0
Brown-headed Cowbird,11,3,Nov_W3,0.0,89.0
Brown-headed Cowbird,11,4,Nov_W4,0.0,105.0
Brown-headed Cowbird,12,1,Dec_W1,0.0,60.0
Brown-headed Cowbird,12,2,Dec_W2,0.0,36.0
Brown-headed Cowbird,12,3,Dec_W3,0.0,166.0
Brown-headed Cowbird,12,4,Dec_W4,0.0,100.0
Rusty Blackbird,1,1,Jan_W1,0.0,112.0
Rusty Blackbird,1,2,Jan_W2,0.0,94.0
Rusty Blackbird,1,3,Jan_W3,0.0,145.0
Rusty Blackbird,1,4,Jan_W4,0.0,125.0
Rusty Blackbird,2,1,Feb_W1,0.0,115.0
Rusty Blackbird,2,2,Feb_W2,0.0,192.0
Rusty Blackbird,2,3,Feb_W3,0.0,197.0
Rusty Blackbird,2,4,Feb_W4,0.0,63.0
Rusty Blackbird,3,1,Mar_W1,0.0,58.0
Rusty Blackbird,3,2,Mar_W2,0.0,55.0
Rusty Blackbird,3,3,Mar_W3,0.0128205,78.0
Rusty Blackbird,3,4,Mar_W4,0.0,163.0
Rusty Blackbird,4,1,Apr_W1,0.0,145.0
Rusty Blackbird,4,2,Apr_W2,0.025974,154.0
Rusty Blackbird,4,3,Apr_W3,0.044586,157.0
Rusty Blackbird,4,4,Apr_W4,0.0393939,330.0
Rusty Blackbird,5,1,May_W1,0.0110294,272.0
Rusty Blackbird,5,2,May_W2,0.0026247,381.0
Rusty Blackbird,5,3,May_W3,0.0053476,561.0
Rusty Blackbird,5,4,May_W4,0.0,986.0
Rusty Blackbird,6,1,Jun_W1,0.0,668.0
Rusty Blackbird,6,2,Jun_W2,0.0,509.0
Rusty Blackbird,6,3,Jun_W3,0.0,379.0
Rusty Blackbird,6,4,Jun_W4,0.0,598.0
Rusty Blackbird,7,1,Jul_W1,0.0,361.0
Rusty Blackbird,7,2,Jul_W2,0.0,409.0
Rusty Blackbird,7,3,Jul_W3,0.0,358.0
Rusty Blackbird,7,4,Jul_W4,0.0,419.0
Rusty Blackbird,8,1,Aug_W1,0.0,260.0
Rusty Blackbird,8,2,Aug_W2,0.0,303.0
Rusty Blackbird,8,3,Aug_W3,0.0,290.0
Rusty Blackbird,8,4,Aug_W4,0.0,555.0
Rusty Blackbird,9,1,Sep_W1,0.0,305.0
Rusty Blackbird,9,2,Sep_W2,0.0294985,339.0
Rusty Blackbird,9,3,Sep_W3,0.0689655,290.0
Rusty Blackbird,9,4,Sep_W4,0.2112676,426.0
Rusty Blackbird,10,1,Oct_W1,0.1963746,331.0
Rusty Blackbird,10,2,Oct_W2,0.3138075,478.0
Rusty Blackbird,10,3,Oct_W3,0.2375887,282.0
Rusty Blackbird,10,4,Oct_W4,0.156658,383.0
Rusty Blackbird,11,1,Nov_W1,0.076087,184.0
Rusty Blackbird,11,2,Nov_W2,0.0147059,136.0
Rusty Blackbird,11,3,Nov_W3,0.0561798,89.0
Rusty Blackbird,11,4,Nov_W4,0.0285714,105.0
Rusty Blackbird,12,1,Dec_W1,0.0166667,60.0
Rusty Blackbird,12,2,Dec_W2,0.0,36.0
Rusty Blackbird,12,3,Dec_W3,0.0,166.0
Rusty Blackbird,12,4,Dec_W4,0.0,100.0
Brewer's Blackbird,1,1,Jan_W1,0.0,112.0
Brewer's Blackbird,1,2,Jan_W2,0.0,94.0
Brewer's Blackbird,1,3,Jan_W3,0.0,145.0
Brewer's Blackbird,1,4,Jan_W4,0.0,125.0
Brewer's Blackbird,2,1,Feb_W1,0.0,115.0
Brewer's Blackbird,2,2,Feb_W2,0.0,192.0
Brewer's Blackbird,2,3,Feb_W3,0.0,197.0
Brewer's Blackbird,2,4,Feb_W4,0.0,63.0
Brewer's Blackbird,3,1,Mar_W1,0.0,58.0
Brewer's Blackbird,3,2,Mar_W2,0.0,55.0
Brewer's Blackbird,3,3,Mar_W3,0.0,78.0
Brewer's Blackbird,3,4,Mar_W4,0.0,163.0
Brewer's Blackbird,4,1,Apr_W1,0.0,145.0
Brewer's Blackbird,4,2,Apr_W2,0.0,154.0
Brewer's Blackbird,4,3,Apr_W3,0.0,157.0
Brewer's Blackbird,4,4,Apr_W4,0.0015,330.0
Brewer's Blackbird,5,1,May_W1,0.0073529,272.0
Brewer's Blackbird,5,2,May_W2,0.0026247,381.0
Brewer's Blackbird,5,3,May_W3,0.0,561.0
Brewer's Blackbird,5,4,May_W4,0.0010142,986.0
Brewer's Blackbird,6,1,Jun_W1,0.001497,668.0
Brewer's Blackbird,6,2,Jun_W2,0.0,509.0
Brewer's Blackbird,6,3,Jun_W3,0.0026385,379.0
Brewer's Blackbird,6,4,Jun_W4,0.0,598.0
Brewer's Blackbird,7,1,Jul_W1,0.0027701,361.0
Brewer's Blackbird,7,2,Jul_W2,0.0,409.0
Brewer's Blackbird,7,3,Jul_W3,0.0,358.0
Brewer's Blackbird,7,4,Jul_W4,0.0023866,419.0
Brewer's Blackbird,8,1,Aug_W1,0.0,260.0
Brewer's Blackbird,8,2,Aug_W2,0.0,303.0
Brewer's Blackbird,8,3,Aug_W3,0.0,290.0
Brewer's Blackbird,8,4,Aug_W4,0.0,555.0
Brewer's Blackbird,9,1,Sep_W1,0.0,305.0
Brewer's Blackbird,9,2,Sep_W2,0.0,339.0
Brewer's Blackbird,9,3,Sep_W3,0.0,290.0
Brewer's Blackbird,9,4,Sep_W4,0.0,426.0
Brewer's Blackbird,10,1,Oct_W1,0.0,331.0
Brewer's Blackbird,10,2,Oct_W2,0.0,478.0
Brewer's Blackbird,10,3,Oct_W3,0.0,282.0
Brewer's Blackbird,10,4,Oct_W4,0.0,383.0
Brewer's Blackbird,11,1,Nov_W1,0.0054348,184.0
Brewer's Blackbird,11,2,Nov_W2,0.0,136.0
Brewer's Blackbird,11,3,Nov_W3,0.0,89.0
Brewer's Blackbird,11,4,Nov_W4,0.0,105.0
Brewer's Blackbird,12,1,Dec_W1,0.0,60.0
Brewer's Blackbird,12,2,Dec_W2,0.0,36.0
Brewer's Blackbird,12,3,Dec_W3,0.0,166.0
Brewer's Blackbird,12,4,Dec_W4,0.0,100.0
Common Grackle,1,1,Jan_W1,0.0089286,112.0
Common Grackle,1,2,Jan_W2,0.0106383,94.0
Common Grackle,1,3,Jan_W3,0.0,145.0
Common Grackle,1,4,Jan_W4,0.024,125.0
Common Grackle,2,1,Feb_W1,0.0015,115.0
Common Grackle,2,2,Feb_W2,0.0104167,192.0
Common Grackle,2,3,Feb_W3,0.0203046,197.0
Common Grackle,2,4,Feb_W4,0.015873,63.0
Common Grackle,3,1,Mar_W1,0.0,58.0
Common Grackle,3,2,Mar_W2,0.0909091,55.0
Common Grackle,3,3,Mar_W3,0.1282051,78.0
Common Grackle,3,4,Mar_W4,0.2576687,163.0
Common Grackle,4,1,Apr_W1,0.2758621,145.0
Common Grackle,4,2,Apr_W2,0.3441558,154.0
Common Grackle,4,3,Apr_W3,0.2802548,157.0
Common Grackle,4,4,Apr_W4,0.2969697,330.0
Common Grackle,5,1,May_W1,0.2977941,272.0
Common Grackle,5,2,May_W2,0.2703412,381.0
Common Grackle,5,3,May_W3,0.3279857,561.0
Common Grackle,5,4,May_W4,0.2839757,986.0
Common Grackle,6,1,Jun_W1,0.3233533,668.0
Common Grackle,6,2,Jun_W2,0.3516699,509.0
Common Grackle,6,3,Jun_W3,0.4168865,379.0
Common Grackle,6,4,Jun_W4,0.3177258,598.0
Common Grackle,7,1,Jul_W1,0.1911357,361.0
Common Grackle,7,2,Jul_W2,0.2396088,409.0
Common Grackle,7,3,Jul_W3,0.2178771,358.0
Common Grackle,7,4,Jul_W4,0.1718377,419.0
Common Grackle,8,1,Aug_W1,0.1538462,260.0
Common Grackle,8,2,Aug_W2,0.1155116,303.0
Common Grackle,8,3,Aug_W3,0.1034483,290.0
Common Grackle,8,4,Aug_W4,0.1207207,555.0
Common Grackle,9,1,Sep_W1,0.1180328,305.0
Common Grackle,9,2,Sep_W2,0.1622419,339.0
Common Grackle,9,3,Sep_W3,0.1862069,290.0
Common Grackle,9,4,Sep_W4,0.2112676,426.0
Common Grackle,10,1,Oct_W1,0.1993958,331.0
Common Grackle,10,2,Oct_W2,0.2384937,478.0
Common Grackle,10,3,Oct_W3,0.2234043,282.0
Common Grackle,10,4,Oct_W4,0.1932115,383.0
Common Grackle,11,1,Nov_W1,0.1195652,184.0
Common Grackle,11,2,Nov_W2,0.0882353,136.0
Common Grackle,11,3,Nov_W3,0.0337079,89.0
Common Grackle,11,4,Nov_W4,0.0095238,105.0
Common Grackle,12,1,Dec_W1,0.0166667,60.0
Common Grackle,12,2,Dec_W2,0.0,36.0
Common Grackle,12,3,Dec_W3,0.0180723,166.0
Common Grackle,12,4,Dec_W4,0.0,100.0
Ovenbird,1,1,Jan_W1,0.0,112.0
Ovenbird,1,2,Jan_W2,0.0,94.0
Ovenbird,1,3,Jan_W3,0.0,145.0
Ovenbird,1,4,Jan_W4,0.0,125.0
Ovenbird,2,1,Feb_W1,0.0,115.0
Ovenbird,2,2,Feb_W2,0.0,192.0
Ovenbird,2,3,Feb_W3,0.0,197.0
Ovenbird,2,4,Feb_W4,0.0,63.0
Ovenbird,3,1,Mar_W1,0.0,58.0
Ovenbird,3,2,Mar_W2,0.0,55.0
Ovenbird,3,3,Mar_W3,0.0,78.0
Ovenbird,3,4,Mar_W4,0.0,163.0
Ovenbird,4,1,Apr_W1,0.0,145.0
Ovenbird,4,2,Apr_W2,0.0,154.0
Ovenbird,4,3,Apr_W3,0.0,157.0
Ovenbird,4,4,Apr_W4,0.0030303,330.0
Ovenbird,5,1,May_W1,0.0147059,272.0
Ovenbird,5,2,May_W2,0.1181102,381.0
Ovenbird,5,3,May_W3,0.2085561,561.0
Ovenbird,5,4,May_W4,0.2494929,986.0
Ovenbird,6,1,Jun_W1,0.257485,668.0
Ovenbird,6,2,Jun_W2,0.2278978,509.0
Ovenbird,6,3,Jun_W3,0.23219,379.0
Ovenbird,6,4,Jun_W4,0.2943144,598.0
Ovenbird,7,1,Jul_W1,0.1578947,361.0
Ovenbird,7,2,Jul_W2,0.1442543,409.0
Ovenbird,7,3,Jul_W3,0.0865922,358.0
Ovenbird,7,4,Jul_W4,0.0501193,419.0
Ovenbird,8,1,Aug_W1,0.0307692,260.0
Ovenbird,8,2,Aug_W2,0.0363036,303.0
Ovenbird,8,3,Aug_W3,0.0241379,290.0
Ovenbird,8,4,Aug_W4,0.0108108,555.0
Ovenbird,9,1,Sep_W1,0.0229508,305.0
Ovenbird,9,2,Sep_W2,0.0058997,339.0
Ovenbird,9,3,Sep_W3,0.0034483,290.0
Ovenbird,9,4,Sep_W4,0.0015,426.0
Ovenbird,10,1,Oct_W1,0.0,331.0
Ovenbird,10,2,Oct_W2,0.0,478.0
Ovenbird,10,3,Oct_W3,0.0,282.0
Ovenbird,10,4,Oct_W4,0.0,383.0
Ovenbird,11,1,Nov_W1,0.0,184.0
Ovenbird,11,2,Nov_W2,0.0,136.0
Ovenbird,11,3,Nov_W3,0.0,89.0
Ovenbird,11,4,Nov_W4,0.0,105.0
Ovenbird,12,1,Dec_W1,0.0,60.0
Ovenbird,12,2,Dec_W2,0.0,36.0
Ovenbird,12,3,Dec_W3,0.0,166.0
Ovenbird,12,4,Dec_W4,0.0,100.0
Worm-eating Warbler,1,1,Jan_W1,0.0,112.0
Worm-eating Warbler,1,2,Jan_W2,0.0,94.0
Worm-eating Warbler,1,3,Jan_W3,0.0,145.0
Worm-eating Warbler,1,4,Jan_W4,0.0,125.0
Worm-eating Warbler,2,1,Feb_W1,0.0,115.0
Worm-eating Warbler,2,2,Feb_W2,0.0,192.0
Worm-eating Warbler,2,3,Feb_W3,0.0,197.0
Worm-eating Warbler,2,4,Feb_W4,0.0,63.0
Worm-eating Warbler,3,1,Mar_W1,0.0,58.0
Worm-eating Warbler,3,2,Mar_W2,0.0,55.0
Worm-eating Warbler,3,3,Mar_W3,0.0,78.0
Worm-eating Warbler,3,4,Mar_W4,0.0,163.0
Worm-eating Warbler,4,1,Apr_W1,0.0,145.0
Worm-eating Warbler,4,2,Apr_W2,0.0,154.0
Worm-eating Warbler,4,3,Apr_W3,0.0,157.0
Worm-eating Warbler,4,4,Apr_W4,0.0,330.0
Worm-eating Warbler,5,1,May_W1,0.0,272.0
Worm-eating Warbler,5,2,May_W2,0.0026247,381.0
Worm-eating Warbler,5,3,May_W3,0.0,561.0
Worm-eating Warbler,5,4,May_W4,0.0,986.0
Worm-eating Warbler,6,1,Jun_W1,0.0,668.0
Worm-eating Warbler,6,2,Jun_W2,0.0,509.0
Worm-eating Warbler,6,3,Jun_W3,0.0,379.0
Worm-eating Warbler,6,4,Jun_W4,0.0,598.0
Worm-eating Warbler,7,1,Jul_W1,0.0,361.0
Worm-eating Warbler,7,2,Jul_W2,0.0,409.0
Worm-eating Warbler,7,3,Jul_W3,0.0,358.0
Worm-eating Warbler,7,4,Jul_W4,0.0,419.0
Worm-eating Warbler,8,1,Aug_W1,0.0,260.0
Worm-eating Warbler,8,2,Aug_W2,0.0,303.0
Worm-eating Warbler,8,3,Aug_W3,0.0,290.0
Worm-eating Warbler,8,4,Aug_W4,0.0,555.0
Worm-eating Warbler,9,1,Sep_W1,0.0,305.0
Worm-eating Warbler,9,2,Sep_W2,0.0,339.0
Worm-eating Warbler,9,3,Sep_W3,0.0,290.0
Worm-eating Warbler,9,4,Sep_W4,0.0,426.0
Worm-eating Warbler,10,1,Oct_W1,0.0,331.0
Worm-eating Warbler,10,2,Oct_W2,0.0,478.0
Worm-eating Warbler,10,3,Oct_W3,0.0,282.0
Worm-eating Warbler,10,4,Oct_W4,0.0,383.0
Worm-eating Warbler,11,1,Nov_W1,0.0,184.0
Worm-eating Warbler,11,2,Nov_W2,0.0,136.0
Worm-eating Warbler,11,3,Nov_W3,0.0,89.0
Worm-eating Warbler,11,4,Nov_W4,0.0,105.0
Worm-eating Warbler,12,1,Dec_W1,0.0,60.0
Worm-eating Warbler,12,2,Dec_W2,0.0,36.0
Worm-eating Warbler,12,3,Dec_W3,0.0,166.0
Worm-eating Warbler,12,4,Dec_W4,0.0,100.0
Northern Waterthrush,1,1,Jan_W1,0.0,112.0
Northern Waterthrush,1,2,Jan_W2,0.0,94.0
Northern Waterthrush,1,3,Jan_W3,0.0,145.0
Northern Waterthrush,1,4,Jan_W4,0.0,125.0
Northern Waterthrush,2,1,Feb_W1,0.0,115.0
Northern Waterthrush,2,2,Feb_W2,0.0,192.0
Northern Waterthrush,2,3,Feb_W3,0.0,197.0
Northern Waterthrush,2,4,Feb_W4,0.0,63.0
Northern Waterthrush,3,1,Mar_W1,0.0,58.0
Northern Waterthrush,3,2,Mar_W2,0.0,55.0
Northern Waterthrush,3,3,Mar_W3,0.0,78.0
Northern Waterthrush,3,4,Mar_W4,0.0,163.0
Northern Waterthrush,4,1,Apr_W1,0.0,145.0
Northern Waterthrush,4,2,Apr_W2,0.0,154.0
Northern Waterthrush,4,3,Apr_W3,0.0,157.0
Northern Waterthrush,4,4,Apr_W4,0.0,330.0
Northern Waterthrush,5,1,May_W1,0.0147059,272.0
Northern Waterthrush,5,2,May_W2,0.0524934,381.0
Northern Waterthrush,5,3,May_W3,0.0713012,561.0
Northern Waterthrush,5,4,May_W4,0.0628803,986.0
Northern Waterthrush,6,1,Jun_W1,0.010479,668.0
Northern Waterthrush,6,2,Jun_W2,0.0196464,509.0
Northern Waterthrush,6,3,Jun_W3,0.0211082,379.0
Northern Waterthrush,6,4,Jun_W4,0.0384615,598.0
Northern Waterthrush,7,1,Jul_W1,0.0304709,361.0
Northern Waterthrush,7,2,Jul_W2,0.00489,409.0
Northern Waterthrush,7,3,Jul_W3,0.0111732,358.0
Northern Waterthrush,7,4,Jul_W4,0.0071599,419.0
Northern Waterthrush,8,1,Aug_W1,0.0076923,260.0
Northern Waterthrush,8,2,Aug_W2,0.0132013,303.0
Northern Waterthrush,8,3,Aug_W3,0.0137931,290.0
Northern Waterthrush,8,4,Aug_W4,0.0108108,555.0
Northern Waterthrush,9,1,Sep_W1,0.0032787,305.0
Northern Waterthrush,9,2,Sep_W2,0.0029499,339.0
Northern Waterthrush,9,3,Sep_W3,0.0034483,290.0
Northern Waterthrush,9,4,Sep_W4,0.0,426.0
Northern Waterthrush,10,1,Oct_W1,0.0030211,331.0
Northern Waterthrush,10,2,Oct_W2,0.0,478.0
Northern Waterthrush,10,3,Oct_W3,0.0,282.0
Northern Waterthrush,10,4,Oct_W4,0.0,383.0
Northern Waterthrush,11,1,Nov_W1,0.0,184.0
Northern Waterthrush,11,2,Nov_W2,0.0,136.0
Northern Waterthrush,11,3,Nov_W3,0.0,89.0
Northern Waterthrush,11,4,Nov_W4,0.0,105.0
Northern Waterthrush,12,1,Dec_W1,0.0,60.0
Northern Waterthrush,12,2,Dec_W2,0.0,36.0
Northern Waterthrush,12,3,Dec_W3,0.0,166.0
Northern Waterthrush,12,4,Dec_W4,0.0,100.0
Golden-winged Warbler,1,1,Jan_W1,0.0,112.0
Golden-winged Warbler,1,2,Jan_W2,0.0,94.0
Golden-winged Warbler,1,3,Jan_W3,0.0,145.0
Golden-winged Warbler,1,4,Jan_W4,0.0,125.0
Golden-winged Warbler,2,1,Feb_W1,0.0,115.0
Golden-winged Warbler,2,2,Feb_W2,0.0,192.0
Golden-winged Warbler,2,3,Feb_W3,0.0,197.0
Golden-winged Warbler,2,4,Feb_W4,0.0,63.0
Golden-winged Warbler,3,1,Mar_W1,0.0,58.0
Golden-winged Warbler,3,2,Mar_W2,0.0,55.0
Golden-winged Warbler,3,3,Mar_W3,0.0,78.0
Golden-winged Warbler,3,4,Mar_W4,0.0,163.0
Golden-winged Warbler,4,1,Apr_W1,0.0,145.0
Golden-winged Warbler,4,2,Apr_W2,0.0,154.0
Golden-winged Warbler,4,3,Apr_W3,0.0,157.0
Golden-winged Warbler,4,4,Apr_W4,0.0,330.0
Golden-winged Warbler,5,1,May_W1,0.0,272.0
Golden-winged Warbler,5,2,May_W2,0.0052493,381.0
Golden-winged Warbler,5,3,May_W3,0.0196078,561.0
Golden-winged Warbler,5,4,May_W4,0.0091278,986.0
Golden-winged Warbler,6,1,Jun_W1,0.002994,668.0
Golden-winged Warbler,6,2,Jun_W2,0.0,509.0
Golden-winged Warbler,6,3,Jun_W3,0.0,379.0
Golden-winged Warbler,6,4,Jun_W4,0.0050167,598.0
Golden-winged Warbler,7,1,Jul_W1,0.0,361.0
Golden-winged Warbler,7,2,Jul_W2,0.002445,409.0
Golden-winged Warbler,7,3,Jul_W3,0.0,358.0
Golden-winged Warbler,7,4,Jul_W4,0.0,419.0
Golden-winged Warbler,8,1,Aug_W1,0.0,260.0
Golden-winged Warbler,8,2,Aug_W2,0.0033003,303.0
Golden-winged Warbler,8,3,Aug_W3,0.0,290.0
Golden-winged Warbler,8,4,Aug_W4,0.0,555.0
Golden-winged Warbler,9,1,Sep_W1,0.0015,305.0
Golden-winged Warbler,9,2,Sep_W2,0.0,339.0
Golden-winged Warbler,9,3,Sep_W3,0.0,290.0
Golden-winged Warbler,9,4,Sep_W4,0.0,426.0
Golden-winged Warbler,10,1,Oct_W1,0.0,331.0
Golden-winged Warbler,10,2,Oct_W2,0.0,478.0
Golden-winged Warbler,10,3,Oct_W3,0.0,282.0
Golden-winged Warbler,10,4,Oct_W4,0.0,383.0
Golden-winged Warbler,11,1,Nov_W1,0.0,184.0
Golden-winged Warbler,11,2,Nov_W2,0.0,136.0
Golden-winged Warbler,11,3,Nov_W3,0.0,89.0
Golden-winged Warbler,11,4,Nov_W4,0.0,105.0
Golden-winged Warbler,12,1,Dec_W1,0.0,60.0
Golden-winged Warbler,12,2,Dec_W2,0.0,36.0
Golden-winged Warbler,12,3,Dec_W3,0.0,166.0
Golden-winged Warbler,12,4,Dec_W4,0.0,100.0
Blue-winged Warbler,1,1,Jan_W1,0.0,112.0
Blue-winged Warbler,1,2,Jan_W2,0.0,94.0
Blue-winged Warbler,1,3,Jan_W3,0.0,145.0
Blue-winged Warbler,1,4,Jan_W4,0.0,125.0
Blue-winged Warbler,2,1,Feb_W1,0.0,115.0
Blue-winged Warbler,2,2,Feb_W2,0.0,192.0
Blue-winged Warbler,2,3,Feb_W3,0.0,197.0
Blue-winged Warbler,2,4,Feb_W4,0.0,63.0
Blue-winged Warbler,3,1,Mar_W1,0.0,58.0
Blue-winged Warbler,3,2,Mar_W2,0.0,55.0
Blue-winged Warbler,3,3,Mar_W3,0.0,78.0
Blue-winged Warbler,3,4,Mar_W4,0.0,163.0
Blue-winged Warbler,4,1,Apr_W1,0.0,145.0
Blue-winged Warbler,4,2,Apr_W2,0.0,154.0
Blue-winged Warbler,4,3,Apr_W3,0.0,157.0
Blue-winged Warbler,4,4,Apr_W4,0.0,330.0
Blue-winged Warbler,5,1,May_W1,0.0,272.0
Blue-winged Warbler,5,2,May_W2,0.0026247,381.0
Blue-winged Warbler,5,3,May_W3,0.0071301,561.0
Blue-winged Warbler,5,4,May_W4,0.0,986.0
Blue-winged Warbler,6,1,Jun_W1,0.0,668.0
Blue-winged Warbler,6,2,Jun_W2,0.0,509.0
Blue-winged Warbler,6,3,Jun_W3,0.0,379.0
Blue-winged Warbler,6,4,Jun_W4,0.0,598.0
Blue-winged Warbler,7,1,Jul_W1,0.0,361.0
Blue-winged Warbler,7,2,Jul_W2,0.0,409.0
Blue-winged Warbler,7,3,Jul_W3,0.0,358.0
Blue-winged Warbler,7,4,Jul_W4,0.0,419.0
Blue-winged Warbler,8,1,Aug_W1,0.0,260.0
Blue-winged Warbler,8,2,Aug_W2,0.0015,303.0
Blue-winged Warbler,8,3,Aug_W3,0.0,290.0
Blue-winged Warbler,8,4,Aug_W4,0.0,555.0
Blue-winged Warbler,9,1,Sep_W1,0.0,305.0
Blue-winged Warbler,9,2,Sep_W2,0.0,339.0
Blue-winged Warbler,9,3,Sep_W3,0.0,290.0
Blue-winged Warbler,9,4,Sep_W4,0.0,426.0
Blue-winged Warbler,10,1,Oct_W1,0.0,331.0
Blue-winged Warbler,10,2,Oct_W2,0.0,478.0
Blue-winged Warbler,10,3,Oct_W3,0.0,282.0
Blue-winged Warbler,10,4,Oct_W4,0.0,383.0
Blue-winged Warbler,11,1,Nov_W1,0.0,184.0
Blue-winged Warbler,11,2,Nov_W2,0.0,136.0
Blue-winged Warbler,11,3,Nov_W3,0.0,89.0
Blue-winged Warbler,11,4,Nov_W4,0.0,105.0
Blue-winged Warbler,12,1,Dec_W1,0.0,60.0
Blue-winged Warbler,12,2,Dec_W2,0.0,36.0
Blue-winged Warbler,12,3,Dec_W3,0.0,166.0
Blue-winged Warbler,12,4,Dec_W4,0.0,100.0
Black-and-white Warbler,1,1,Jan_W1,0.0,112.0
Black-and-white Warbler,1,2,Jan_W2,0.0,94.0
Black-and-white Warbler,1,3,Jan_W3,0.0,145.0
Black-and-white Warbler,1,4,Jan_W4,0.0,125.0
Black-and-white Warbler,2,1,Feb_W1,0.0,115.0
Black-and-white Warbler,2,2,Feb_W2,0.0,192.0
Black-and-white Warbler,2,3,Feb_W3,0.0,197.0
Black-and-white Warbler,2,4,Feb_W4,0.0,63.0
Black-and-white Warbler,3,1,Mar_W1,0.0,58.0
Black-and-white Warbler,3,2,Mar_W2,0.0,55.0
Black-and-white Warbler,3,3,Mar_W3,0.0,78.0
Black-and-white Warbler,3,4,Mar_W4,0.0,163.0
Black-and-white Warbler,4,1,Apr_W1,0.0,145.0
Black-and-white Warbler,4,2,Apr_W2,0.0,154.0
Black-and-white Warbler,4,3,Apr_W3,0.0,157.0
Black-and-white Warbler,4,4,Apr_W4,0.0030303,330.0
Black-and-white Warbler,5,1,May_W1,0.0882353,272.0
Black-and-white Warbler,5,2,May_W2,0.2598425,381.0
Black-and-white Warbler,5,3,May_W3,0.3475936,561.0
Black-and-white Warbler,5,4,May_W4,0.2880325,986.0
Black-and-white Warbler,6,1,Jun_W1,0.260479,668.0
Black-and-white Warbler,6,2,Jun_W2,0.2318271,509.0
Black-and-white Warbler,6,3,Jun_W3,0.2480211,379.0
Black-and-white Warbler,6,4,Jun_W4,0.2474916,598.0
Black-and-white Warbler,7,1,Jul_W1,0.1828255,361.0
Black-and-white Warbler,7,2,Jul_W2,0.190709,409.0
Black-and-white Warbler,7,3,Jul_W3,0.1564246,358.0
Black-and-white Warbler,7,4,Jul_W4,0.1742243,419.0
Black-and-white Warbler,8,1,Aug_W1,0.1807692,260.0
Black-and-white Warbler,8,2,Aug_W2,0.1914191,303.0
Black-and-white Warbler,8,3,Aug_W3,0.1724138,290.0
Black-and-white Warbler,8,4,Aug_W4,0.1459459,555.0
Black-and-white Warbler,9,1,Sep_W1,0.1803279,305.0
Black-and-white Warbler,9,2,Sep_W2,0.0766962,339.0
Black-and-white Warbler,9,3,Sep_W3,0.0448276,290.0
Black-and-white Warbler,9,4,Sep_W4,0.0187793,426.0
Black-and-white Warbler,10,1,Oct_W1,0.0,331.0
Black-and-white Warbler,10,2,Oct_W2,0.0,478.0
Black-and-white Warbler,10,3,Oct_W3,0.0,282.0
Black-and-white Warbler,10,4,Oct_W4,0.0,383.0
Black-and-white Warbler,11,1,Nov_W1,0.0,184.0
Black-and-white Warbler,11,2,Nov_W2,0.0,136.0
Black-and-white Warbler,11,3,Nov_W3,0.0,89.0
Black-and-white Warbler,11,4,Nov_W4,0.0,105.0
Black-and-white Warbler,12,1,Dec_W1,0.0,60.0
Black-and-white Warbler,12,2,Dec_W2,0.0,36.0
Black-and-white Warbler,12,3,Dec_W3,0.0,166.0
Black-and-white Warbler,12,4,Dec_W4,0.0,100.0
Tennessee Warbler,1,1,Jan_W1,0.0,112.0
Tennessee Warbler,1,2,Jan_W2,0.0,94.0
Tennessee Warbler,1,3,Jan_W3,0.0,145.0
Tennessee Warbler,1,4,Jan_W4,0.0,125.0
Tennessee Warbler,2,1,Feb_W1,0.0,115.0
Tennessee Warbler,2,2,Feb_W2,0.0,192.0
Tennessee Warbler,2,3,Feb_W3,0.0,197.0
Tennessee Warbler,2,4,Feb_W4,0.0,63.0
Tennessee Warbler,3,1,Mar_W1,0.0,58.0
Tennessee Warbler,3,2,Mar_W2,0.0,55.0
Tennessee Warbler,3,3,Mar_W3,0.0,78.0
Tennessee Warbler,3,4,Mar_W4,0.0,163.0
Tennessee Warbler,4,1,Apr_W1,0.0,145.0
Tennessee Warbler,4,2,Apr_W2,0.0,154.0
Tennessee Warbler,4,3,Apr_W3,0.0,157.0
Tennessee Warbler,4,4,Apr_W4,0.0,330.0
Tennessee Warbler,5,1,May_W1,0.0036765,272.0
Tennessee Warbler,5,2,May_W2,0.0367454,381.0
Tennessee Warbler,5,3,May_W3,0.2317291,561.0
Tennessee Warbler,5,4,May_W4,0.1409736,986.0
Tennessee Warbler,6,1,Jun_W1,0.0149701,668.0
Tennessee Warbler,6,2,Jun_W2,0.0058939,509.0
Tennessee Warbler,6,3,Jun_W3,0.0026385,379.0
Tennessee Warbler,6,4,Jun_W4,0.0050167,598.0
Tennessee Warbler,7,1,Jul_W1,0.0,361.0
Tennessee Warbler,7,2,Jul_W2,0.0,409.0
Tennessee Warbler,7,3,Jul_W3,0.0,358.0
Tennessee Warbler,7,4,Jul_W4,0.0023866,419.0
Tennessee Warbler,8,1,Aug_W1,0.0,260.0
Tennessee Warbler,8,2,Aug_W2,0.029703,303.0
Tennessee Warbler,8,3,Aug_W3,0.0517241,290.0
Tennessee Warbler,8,4,Aug_W4,0.0630631,555.0
Tennessee Warbler,9,1,Sep_W1,0.1213115,305.0
Tennessee Warbler,9,2,Sep_W2,0.0530973,339.0
Tennessee Warbler,9,3,Sep_W3,0.0206897,290.0
Tennessee Warbler,9,4,Sep_W4,0.0140845,426.0
Tennessee Warbler,10,1,Oct_W1,0.0090634,331.0
Tennessee Warbler,10,2,Oct_W2,0.0062762,478.0
Tennessee Warbler,10,3,Oct_W3,0.0035461,282.0
Tennessee Warbler,10,4,Oct_W4,0.0052219,383.0
Tennessee Warbler,11,1,Nov_W1,0.0,184.0
Tennessee Warbler,11,2,Nov_W2,0.0,136.0
Tennessee Warbler,11,3,Nov_W3,0.0,89.0
Tennessee Warbler,11,4,Nov_W4,0.0,105.0
Tennessee Warbler,12,1,Dec_W1,0.0,60.0
Tennessee Warbler,12,2,Dec_W2,0.0,36.0
Tennessee Warbler,12,3,Dec_W3,0.0,166.0
Tennessee Warbler,12,4,Dec_W4,0.0,100.0
Orange-crowned Warbler,1,1,Jan_W1,0.0,112.0
Orange-crowned Warbler,1,2,Jan_W2,0.0,94.0
Orange-crowned Warbler,1,3,Jan_W3,0.0,145.0
Orange-crowned Warbler,1,4,Jan_W4,0.0,125.0
Orange-crowned Warbler,2,1,Feb_W1,0.0,115.0
Orange-crowned Warbler,2,2,Feb_W2,0.0,192.0
Orange-crowned Warbler,2,3,Feb_W3,0.0,197.0
Orange-crowned Warbler,2,4,Feb_W4,0.0,63.0
Orange-crowned Warbler,3,1,Mar_W1,0.0,58.0
Orange-crowned Warbler,3,2,Mar_W2,0.0,55.0
Orange-crowned Warbler,3,3,Mar_W3,0.0,78.0
Orange-crowned Warbler,3,4,Mar_W4,0.0,163.0
Orange-crowned Warbler,4,1,Apr_W1,0.0,145.0
Orange-crowned Warbler,4,2,Apr_W2,0.0,154.0
Orange-crowned Warbler,4,3,Apr_W3,0.0,157.0
Orange-crowned Warbler,4,4,Apr_W4,0.0060606,330.0
Orange-crowned Warbler,5,1,May_W1,0.0036765,272.0
Orange-crowned Warbler,5,2,May_W2,0.0393701,381.0
Orange-crowned Warbler,5,3,May_W3,0.0356506,561.0
Orange-crowned Warbler,5,4,May_W4,0.0060852,986.0
Orange-crowned Warbler,6,1,Jun_W1,0.0,668.0
Orange-crowned Warbler,6,2,Jun_W2,0.0,509.0
Orange-crowned Warbler,6,3,Jun_W3,0.0,379.0
Orange-crowned Warbler,6,4,Jun_W4,0.0,598.0
Orange-crowned Warbler,7,1,Jul_W1,0.0,361.0
Orange-crowned Warbler,7,2,Jul_W2,0.0,409.0
Orange-crowned Warbler,7,3,Jul_W3,0.0,358.0
Orange-crowned Warbler,7,4,Jul_W4,0.0,419.0
Orange-crowned Warbler,8,1,Aug_W1,0.0,260.0
Orange-crowned Warbler,8,2,Aug_W2,0.0,303.0
Orange-crowned Warbler,8,3,Aug_W3,0.0,290.0
Orange-crowned Warbler,8,4,Aug_W4,0.0,555.0
Orange-crowned Warbler,9,1,Sep_W1,0.0,305.0
Orange-crowned Warbler,9,2,Sep_W2,0.0,339.0
Orange-crowned Warbler,9,3,Sep_W3,0.0172414,290.0
Orange-crowned Warbler,9,4,Sep_W4,0.0352113,426.0
Orange-crowned Warbler,10,1,Oct_W1,0.0271903,331.0
Orange-crowned Warbler,10,2,Oct_W2,0.0125523,478.0
Orange-crowned Warbler,10,3,Oct_W3,0.0212766,282.0
Orange-crowned Warbler,10,4,Oct_W4,0.0156658,383.0
Orange-crowned Warbler,11,1,Nov_W1,0.0108696,184.0
Orange-crowned Warbler,11,2,Nov_W2,0.0147059,136.0
Orange-crowned Warbler,11,3,Nov_W3,0.0,89.0
Orange-crowned Warbler,11,4,Nov_W4,0.0,105.0
Orange-crowned Warbler,12,1,Dec_W1,0.0,60.0
Orange-crowned Warbler,12,2,Dec_W2,0.0,36.0
Orange-crowned Warbler,12,3,Dec_W3,0.0,166.0
Orange-crowned Warbler,12,4,Dec_W4,0.0,100.0
Nashville Warbler,1,1,Jan_W1,0.0,112.0
Nashville Warbler,1,2,Jan_W2,0.0,94.0
Nashville Warbler,1,3,Jan_W3,0.0,145.0
Nashville Warbler,1,4,Jan_W4,0.0,125.0
Nashville Warbler,2,1,Feb_W1,0.0,115.0
Nashville Warbler,2,2,Feb_W2,0.0,192.0
Nashville Warbler,2,3,Feb_W3,0.0,197.0
Nashville Warbler,2,4,Feb_W4,0.0,63.0
Nashville Warbler,3,1,Mar_W1,0.0,58.0
Nashville Warbler,3,2,Mar_W2,0.0,55.0
Nashville Warbler,3,3,Mar_W3,0.0,78.0
Nashville Warbler,3,4,Mar_W4,0.0,163.0
Nashville Warbler,4,1,Apr_W1,0.0,145.0
Nashville Warbler,4,2,Apr_W2,0.0,154.0
Nashville Warbler,4,3,Apr_W3,0.0,157.0
Nashville Warbler,4,4,Apr_W4,0.0030303,330.0
Nashville Warbler,5,1,May_W1,0.0661765,272.0
Nashville Warbler,5,2,May_W2,0.2335958,381.0
Nashville Warbler,5,3,May_W3,0.3012478,561.0
Nashville Warbler,5,4,May_W4,0.2210953,986.0
Nashville Warbler,6,1,Jun_W1,0.2170659,668.0
Nashville Warbler,6,2,Jun_W2,0.2003929,509.0
Nashville Warbler,6,3,Jun_W3,0.2005277,379.0
Nashville Warbler,6,4,Jun_W4,0.229097,598.0
Nashville Warbler,7,1,Jul_W1,0.1163435,361.0
Nashville Warbler,7,2,Jul_W2,0.0880196,409.0
Nashville Warbler,7,3,Jul_W3,0.0418994,358.0
Nashville Warbler,7,4,Jul_W4,0.0548926,419.0
Nashville Warbler,8,1,Aug_W1,0.0269231,260.0
Nashville Warbler,8,2,Aug_W2,0.0693069,303.0
Nashville Warbler,8,3,Aug_W3,0.1034483,290.0
Nashville Warbler,8,4,Aug_W4,0.1423423,555.0
Nashville Warbler,9,1,Sep_W1,0.242623,305.0
Nashville Warbler,9,2,Sep_W2,0.1887906,339.0
Nashville Warbler,9,3,Sep_W3,0.1103448,290.0
Nashville Warbler,9,4,Sep_W4,0.0962441,426.0
Nashville Warbler,10,1,Oct_W1,0.0453172,331.0
Nashville Warbler,10,2,Oct_W2,0.0104603,478.0
Nashville Warbler,10,3,Oct_W3,0.0,282.0
Nashville Warbler,10,4,Oct_W4,0.0078329,383.0
Nashville Warbler,11,1,Nov_W1,0.0,184.0
Nashville Warbler,11,2,Nov_W2,0.0147059,136.0
Nashville Warbler,11,3,Nov_W3,0.0,89.0
Nashville Warbler,11,4,Nov_W4,0.0,105.0
Nashville Warbler,12,1,Dec_W1,0.0,60.0
Nashville Warbler,12,2,Dec_W2,0.0,36.0
Nashville Warbler,12,3,Dec_W3,0.0,166.0
Nashville Warbler,12,4,Dec_W4,0.0,100.0
Connecticut Warbler,1,1,Jan_W1,0.0,112.0
Connecticut Warbler,1,2,Jan_W2,0.0,94.0
Connecticut Warbler,1,3,Jan_W3,0.0,145.0
Connecticut Warbler,1,4,Jan_W4,0.0,125.0
Connecticut Warbler,2,1,Feb_W1,0.0,115.0
Connecticut Warbler,2,2,Feb_W2,0.0,192.0
Connecticut Warbler,2,3,Feb_W3,0.0,197.0
Connecticut Warbler,2,4,Feb_W4,0.0,63.0
Connecticut Warbler,3,1,Mar_W1,0.0,58.0
Connecticut Warbler,3,2,Mar_W2,0.0,55.0
Connecticut Warbler,3,3,Mar_W3,0.0,78.0
Connecticut Warbler,3,4,Mar_W4,0.0,163.0
Connecticut Warbler,4,1,Apr_W1,0.0,145.0
Connecticut Warbler,4,2,Apr_W2,0.0,154.0
Connecticut Warbler,4,3,Apr_W3,0.0,157.0
Connecticut Warbler,4,4,Apr_W4,0.0,330.0
Connecticut Warbler,5,1,May_W1,0.0,272.0
Connecticut Warbler,5,2,May_W2,0.0,381.0
Connecticut Warbler,5,3,May_W3,0.0,561.0
Connecticut Warbler,5,4,May_W4,0.0040568,986.0
Connecticut Warbler,6,1,Jun_W1,0.001497,668.0
Connecticut Warbler,6,2,Jun_W2,0.0,509.0
Connecticut Warbler,6,3,Jun_W3,0.0026385,379.0
Connecticut Warbler,6,4,Jun_W4,0.0,598.0
Connecticut Warbler,7,1,Jul_W1,0.0,361.0
Connecticut Warbler,7,2,Jul_W2,0.0,409.0
Connecticut Warbler,7,3,Jul_W3,0.0,358.0
Connecticut Warbler,7,4,Jul_W4,0.0,419.0
Connecticut Warbler,8,1,Aug_W1,0.0,260.0
Connecticut Warbler,8,2,Aug_W2,0.0,303.0
Connecticut Warbler,8,3,Aug_W3,0.0,290.0
Connecticut Warbler,8,4,Aug_W4,0.0018018,555.0
Connecticut Warbler,9,1,Sep_W1,0.0,305.0
Connecticut Warbler,9,2,Sep_W2,0.0,339.0
Connecticut Warbler,9,3,Sep_W3,0.0,290.0
Connecticut Warbler,9,4,Sep_W4,0.0,426.0
Connecticut Warbler,10,1,Oct_W1,0.0,331.0
Connecticut Warbler,10,2,Oct_W2,0.0,478.0
Connecticut Warbler,10,3,Oct_W3,0.0,282.0
Connecticut Warbler,10,4,Oct_W4,0.0,383.0
Connecticut Warbler,11,1,Nov_W1,0.0,184.0
Connecticut Warbler,11,2,Nov_W2,0.0,136.0
Connecticut Warbler,11,3,Nov_W3,0.0,89.0
Connecticut Warbler,11,4,Nov_W4,0.0,105.0
Connecticut Warbler,12,1,Dec_W1,0.0,60.0
Connecticut Warbler,12,2,Dec_W2,0.0,36.0
Connecticut Warbler,12,3,Dec_W3,0.0,166.0
Connecticut Warbler,12,4,Dec_W4,0.0,100.0
Mourning Warbler,1,1,Jan_W1,0.0,112.0
Mourning Warbler,1,2,Jan_W2,0.0,94.0
Mourning Warbler,1,3,Jan_W3,0.0,145.0
Mourning Warbler,1,4,Jan_W4,0.0,125.0
Mourning Warbler,2,1,Feb_W1,0.0,115.0
Mourning Warbler,2,2,Feb_W2,0.0,192.0
Mourning Warbler,2,3,Feb_W3,0.0,197.0
Mourning Warbler,2,4,Feb_W4,0.0,63.0
Mourning Warbler,3,1,Mar_W1,0.0,58.0
Mourning Warbler,3,2,Mar_W2,0.0,55.0
Mourning Warbler,3,3,Mar_W3,0.0,78.0
Mourning Warbler,3,4,Mar_W4,0.0,163.0
Mourning Warbler,4,1,Apr_W1,0.0,145.0
Mourning Warbler,4,2,Apr_W2,0.0,154.0
Mourning Warbler,4,3,Apr_W3,0.0,157.0
Mourning Warbler,4,4,Apr_W4,0.0,330.0
Mourning Warbler,5,1,May_W1,0.0,272.0
Mourning Warbler,5,2,May_W2,0.0,381.0
Mourning Warbler,5,3,May_W3,0.0178253,561.0
Mourning Warbler,5,4,May_W4,0.035497,986.0
Mourning Warbler,6,1,Jun_W1,0.0643713,668.0
Mourning Warbler,6,2,Jun_W2,0.0392927,509.0
Mourning Warbler,6,3,Jun_W3,0.0316623,379.0
Mourning Warbler,6,4,Jun_W4,0.0167224,598.0
Mourning Warbler,7,1,Jul_W1,0.0193906,361.0
Mourning Warbler,7,2,Jul_W2,0.0122249,409.0
Mourning Warbler,7,3,Jul_W3,0.0083799,358.0
Mourning Warbler,7,4,Jul_W4,0.0119332,419.0
Mourning Warbler,8,1,Aug_W1,0.0038462,260.0
Mourning Warbler,8,2,Aug_W2,0.0165017,303.0
Mourning Warbler,8,3,Aug_W3,0.0310345,290.0
Mourning Warbler,8,4,Aug_W4,0.0036036,555.0
Mourning Warbler,9,1,Sep_W1,0.0032787,305.0
Mourning Warbler,9,2,Sep_W2,0.0,339.0
Mourning Warbler,9,3,Sep_W3,0.0,290.0
Mourning Warbler,9,4,Sep_W4,0.0,426.0
Mourning Warbler,10,1,Oct_W1,0.0,331.0
Mourning Warbler,10,2,Oct_W2,0.0,478.0
Mourning Warbler,10,3,Oct_W3,0.0,282.0
Mourning Warbler,10,4,Oct_W4,0.0,383.0
Mourning Warbler,11,1,Nov_W1,0.0,184.0
Mourning Warbler,11,2,Nov_W2,0.0,136.0
Mourning Warbler,11,3,Nov_W3,0.0,89.0
Mourning Warbler,11,4,Nov_W4,0.0,105.0
Mourning Warbler,12,1,Dec_W1,0.0,60.0
Mourning Warbler,12,2,Dec_W2,0.0,36.0
Mourning Warbler,12,3,Dec_W3,0.0,166.0
Mourning Warbler,12,4,Dec_W4,0.0,100.0
Common Yellowthroat,1,1,Jan_W1,0.0,112.0
Common Yellowthroat,1,2,Jan_W2,0.0,94.0
Common Yellowthroat,1,3,Jan_W3,0.0,145.0
Common Yellowthroat,1,4,Jan_W4,0.0,125.0
Common Yellowthroat,2,1,Feb_W1,0.0,115.0
Common Yellowthroat,2,2,Feb_W2,0.0,192.0
Common Yellowthroat,2,3,Feb_W3,0.0,197.0
Common Yellowthroat,2,4,Feb_W4,0.0,63.0
Common Yellowthroat,3,1,Mar_W1,0.0,58.0
Common Yellowthroat,3,2,Mar_W2,0.0,55.0
Common Yellowthroat,3,3,Mar_W3,0.0,78.0
Common Yellowthroat,3,4,Mar_W4,0.0,163.0
Common Yellowthroat,4,1,Apr_W1,0.0,145.0
Common Yellowthroat,4,2,Apr_W2,0.0,154.0
Common Yellowthroat,4,3,Apr_W3,0.0,157.0
Common Yellowthroat,4,4,Apr_W4,0.0,330.0
Common Yellowthroat,5,1,May_W1,0.0036765,272.0
Common Yellowthroat,5,2,May_W2,0.0498688,381.0
Common Yellowthroat,5,3,May_W3,0.2513369,561.0
Common Yellowthroat,5,4,May_W4,0.2941176,986.0
Common Yellowthroat,6,1,Jun_W1,0.2844311,668.0
Common Yellowthroat,6,2,Jun_W2,0.2200393,509.0
Common Yellowthroat,6,3,Jun_W3,0.2532982,379.0
Common Yellowthroat,6,4,Jun_W4,0.2257525,598.0
Common Yellowthroat,7,1,Jul_W1,0.2022161,361.0
Common Yellowthroat,7,2,Jul_W2,0.2298289,409.0
Common Yellowthroat,7,3,Jul_W3,0.1731844,358.0
Common Yellowthroat,7,4,Jul_W4,0.1431981,419.0
Common Yellowthroat,8,1,Aug_W1,0.05,260.0
Common Yellowthroat,8,2,Aug_W2,0.1089109,303.0
Common Yellowthroat,8,3,Aug_W3,0.1413793,290.0
Common Yellowthroat,8,4,Aug_W4,0.1747748,555.0
Common Yellowthroat,9,1,Sep_W1,0.1704918,305.0
Common Yellowthroat,9,2,Sep_W2,0.2300885,339.0
Common Yellowthroat,9,3,Sep_W3,0.1241379,290.0
Common Yellowthroat,9,4,Sep_W4,0.0892019,426.0
Common Yellowthroat,10,1,Oct_W1,0.021148,331.0
Common Yellowthroat,10,2,Oct_W2,0.0083682,478.0
Common Yellowthroat,10,3,Oct_W3,0.0,282.0
Common Yellowthroat,10,4,Oct_W4,0.0015,383.0
Common Yellowthroat,11,1,Nov_W1,0.0,184.0
Common Yellowthroat,11,2,Nov_W2,0.0,136.0
Common Yellowthroat,11,3,Nov_W3,0.0,89.0
Common Yellowthroat,11,4,Nov_W4,0.0,105.0
Common Yellowthroat,12,1,Dec_W1,0.0,60.0
Common Yellowthroat,12,2,Dec_W2,0.0,36.0
Common Yellowthroat,12,3,Dec_W3,0.0,166.0
Common Yellowthroat,12,4,Dec_W4,0.0,100.0
American Redstart,1,1,Jan_W1,0.0,112.0
American Redstart,1,2,Jan_W2,0.0,94.0
American Redstart,1,3,Jan_W3,0.0,145.0
American Redstart,1,4,Jan_W4,0.0,125.0
American Redstart,2,1,Feb_W1,0.0,115.0
American Redstart,2,2,Feb_W2,0.0,192.0
American Redstart,2,3,Feb_W3,0.0,197.0
American Redstart,2,4,Feb_W4,0.0,63.0
American Redstart,3,1,Mar_W1,0.0,58.0
American Redstart,3,2,Mar_W2,0.0,55.0
American Redstart,3,3,Mar_W3,0.0,78.0
American Redstart,3,4,Mar_W4,0.0,163.0
American Redstart,4,1,Apr_W1,0.0,145.0
American Redstart,4,2,Apr_W2,0.0,154.0
American Redstart,4,3,Apr_W3,0.0,157.0
American Redstart,4,4,Apr_W4,0.0,330.0
American Redstart,5,1,May_W1,0.0183824,272.0
American Redstart,5,2,May_W2,0.2440945,381.0
American Redstart,5,3,May_W3,0.5080214,561.0
American Redstart,5,4,May_W4,0.5791075,986.0
American Redstart,6,1,Jun_W1,0.5658683,668.0
American Redstart,6,2,Jun_W2,0.5834971,509.0
American Redstart,6,3,Jun_W3,0.5408971,379.0
American Redstart,6,4,Jun_W4,0.5401338,598.0
American Redstart,7,1,Jul_W1,0.5290859,361.0
American Redstart,7,2,Jul_W2,0.5501222,409.0
American Redstart,7,3,Jul_W3,0.4385475,358.0
American Redstart,7,4,Jul_W4,0.3436754,419.0
American Redstart,8,1,Aug_W1,0.3346154,260.0
American Redstart,8,2,Aug_W2,0.330033,303.0
American Redstart,8,3,Aug_W3,0.362069,290.0
American Redstart,8,4,Aug_W4,0.354955,555.0
American Redstart,9,1,Sep_W1,0.3672131,305.0
American Redstart,9,2,Sep_W2,0.2418879,339.0
American Redstart,9,3,Sep_W3,0.0827586,290.0
American Redstart,9,4,Sep_W4,0.0492958,426.0
American Redstart,10,1,Oct_W1,0.0090634,331.0
American Redstart,10,2,Oct_W2,0.0,478.0
American Redstart,10,3,Oct_W3,0.0035461,282.0
American Redstart,10,4,Oct_W4,0.0,383.0
American Redstart,11,1,Nov_W1,0.0,184.0
American Redstart,11,2,Nov_W2,0.0,136.0
American Redstart,11,3,Nov_W3,0.0,89.0
American Redstart,11,4,Nov_W4,0.0,105.0
American Redstart,12,1,Dec_W1,0.0,60.0
American Redstart,12,2,Dec_W2,0.0,36.0
American Redstart,12,3,Dec_W3,0.0,166.0
American Redstart,12,4,Dec_W4,0.0,100.0
Kirtland's Warbler,1,1,Jan_W1,0.0,112.0
Kirtland's Warbler,1,2,Jan_W2,0.0,94.0
Kirtland's Warbler,1,3,Jan_W3,0.0,145.0
Kirtland's Warbler,1,4,Jan_W4,0.0,125.0
Kirtland's Warbler,2,1,Feb_W1,0.0,115.0
Kirtland's Warbler,2,2,Feb_W2,0.0,192.0
Kirtland's Warbler,2,3,Feb_W3,0.0,197.0
Kirtland's Warbler,2,4,Feb_W4,0.0,63.0
Kirtland's Warbler,3,1,Mar_W1,0.0,58.0
Kirtland's Warbler,3,2,Mar_W2,0.0,55.0
Kirtland's Warbler,3,3,Mar_W3,0.0,78.0
Kirtland's Warbler,3,4,Mar_W4,0.0,163.0
Kirtland's Warbler,4,1,Apr_W1,0.0,145.0
Kirtland's Warbler,4,2,Apr_W2,0.0,154.0
Kirtland's Warbler,4,3,Apr_W3,0.0,157.0
Kirtland's Warbler,4,4,Apr_W4,0.0,330.0
Kirtland's Warbler,5,1,May_W1,0.0,272.0
Kirtland's Warbler,5,2,May_W2,0.0,381.0
Kirtland's Warbler,5,3,May_W3,0.0017825,561.0
Kirtland's Warbler,5,4,May_W4,0.0,986.0
Kirtland's Warbler,6,1,Jun_W1,0.0,668.0
Kirtland's Warbler,6,2,Jun_W2,0.0,509.0
Kirtland's Warbler,6,3,Jun_W3,0.0,379.0
Kirtland's Warbler,6,4,Jun_W4,0.0,598.0
Kirtland's Warbler,7,1,Jul_W1,0.0,361.0
Kirtland's Warbler,7,2,Jul_W2,0.0,409.0
Kirtland's Warbler,7,3,Jul_W3,0.0,358.0
Kirtland's Warbler,7,4,Jul_W4,0.0,419.0
Kirtland's Warbler,8,1,Aug_W1,0.0,260.0
Kirtland's Warbler,8,2,Aug_W2,0.0,303.0
Kirtland's Warbler,8,3,Aug_W3,0.0,290.0
Kirtland's Warbler,8,4,Aug_W4,0.0,555.0
Kirtland's Warbler,9,1,Sep_W1,0.0,305.0
Kirtland's Warbler,9,2,Sep_W2,0.0,339.0
Kirtland's Warbler,9,3,Sep_W3,0.0,290.0
Kirtland's Warbler,9,4,Sep_W4,0.0,426.0
Kirtland's Warbler,10,1,Oct_W1,0.0,331.0
Kirtland's Warbler,10,2,Oct_W2,0.0,478.0
Kirtland's Warbler,10,3,Oct_W3,0.0,282.0
Kirtland's Warbler,10,4,Oct_W4,0.0,383.0
Kirtland's Warbler,11,1,Nov_W1,0.0,184.0
Kirtland's Warbler,11,2,Nov_W2,0.0,136.0
Kirtland's Warbler,11,3,Nov_W3,0.0,89.0
Kirtland's Warbler,11,4,Nov_W4,0.0,105.0
Kirtland's Warbler,12,1,Dec_W1,0.0,60.0
Kirtland's Warbler,12,2,Dec_W2,0.0,36.0
Kirtland's Warbler,12,3,Dec_W3,0.0,166.0
Kirtland's Warbler,12,4,Dec_W4,0.0,100.0
Cape May Warbler,1,1,Jan_W1,0.0,112.0
Cape May Warbler,1,2,Jan_W2,0.0,94.0
Cape May Warbler,1,3,Jan_W3,0.0,145.0
Cape May Warbler,1,4,Jan_W4,0.0,125.0
Cape May Warbler,2,1,Feb_W1,0.0,115.0
Cape May Warbler,2,2,Feb_W2,0.0,192.0
Cape May Warbler,2,3,Feb_W3,0.0,197.0
Cape May Warbler,2,4,Feb_W4,0.0,63.0
Cape May Warbler,3,1,Mar_W1,0.0,58.0
Cape May Warbler,3,2,Mar_W2,0.0,55.0
Cape May Warbler,3,3,Mar_W3,0.0,78.0
Cape May Warbler,3,4,Mar_W4,0.0,163.0
Cape May Warbler,4,1,Apr_W1,0.0,145.0
Cape May Warbler,4,2,Apr_W2,0.0,154.0
Cape May Warbler,4,3,Apr_W3,0.0,157.0
Cape May Warbler,4,4,Apr_W4,0.0,330.0
Cape May Warbler,5,1,May_W1,0.0110294,272.0
Cape May Warbler,5,2,May_W2,0.0944882,381.0
Cape May Warbler,5,3,May_W3,0.1907308,561.0
Cape May Warbler,5,4,May_W4,0.0750507,986.0
Cape May Warbler,6,1,Jun_W1,0.0239521,668.0
Cape May Warbler,6,2,Jun_W2,0.0137525,509.0
Cape May Warbler,6,3,Jun_W3,0.0158311,379.0
Cape May Warbler,6,4,Jun_W4,0.0100334,598.0
Cape May Warbler,7,1,Jul_W1,0.0110803,361.0
Cape May Warbler,7,2,Jul_W2,0.00489,409.0
Cape May Warbler,7,3,Jul_W3,0.0027933,358.0
Cape May Warbler,7,4,Jul_W4,0.0119332,419.0
Cape May Warbler,8,1,Aug_W1,0.0230769,260.0
Cape May Warbler,8,2,Aug_W2,0.039604,303.0
Cape May Warbler,8,3,Aug_W3,0.0965517,290.0
Cape May Warbler,8,4,Aug_W4,0.0846847,555.0
Cape May Warbler,9,1,Sep_W1,0.0819672,305.0
Cape May Warbler,9,2,Sep_W2,0.0560472,339.0
Cape May Warbler,9,3,Sep_W3,0.0034483,290.0
Cape May Warbler,9,4,Sep_W4,0.0046948,426.0
Cape May Warbler,10,1,Oct_W1,0.0,331.0
Cape May Warbler,10,2,Oct_W2,0.0,478.0
Cape May Warbler,10,3,Oct_W3,0.0,282.0
Cape May Warbler,10,4,Oct_W4,0.0,383.0
Cape May Warbler,11,1,Nov_W1,0.0,184.0
Cape May Warbler,11,2,Nov_W2,0.0,136.0
Cape May Warbler,11,3,Nov_W3,0.0,89.0
Cape May Warbler,11,4,Nov_W4,0.0,105.0
Cape May Warbler,12,1,Dec_W1,0.0,60.0
Cape May Warbler,12,2,Dec_W2,0.0,36.0
Cape May Warbler,12,3,Dec_W3,0.0,166.0
Cape May Warbler,12,4,Dec_W4,0.0,100.0
Northern Parula,1,1,Jan_W1,0.0,112.0
Northern Parula,1,2,Jan_W2,0.0,94.0
Northern Parula,1,3,Jan_W3,0.0,145.0
Northern Parula,1,4,Jan_W4,0.0,125.0
Northern Parula,2,1,Feb_W1,0.0,115.0
Northern Parula,2,2,Feb_W2,0.0,192.0
Northern Parula,2,3,Feb_W3,0.0,197.0
Northern Parula,2,4,Feb_W4,0.0,63.0
Northern Parula,3,1,Mar_W1,0.0,58.0
Northern Parula,3,2,Mar_W2,0.0,55.0
Northern Parula,3,3,Mar_W3,0.0,78.0
Northern Parula,3,4,Mar_W4,0.0,163.0
Northern Parula,4,1,Apr_W1,0.0,145.0
Northern Parula,4,2,Apr_W2,0.0,154.0
Northern Parula,4,3,Apr_W3,0.0,157.0
Northern Parula,4,4,Apr_W4,0.0,330.0
Northern Parula,5,1,May_W1,0.0220588,272.0
Northern Parula,5,2,May_W2,0.1653543,381.0
Northern Parula,5,3,May_W3,0.2994652,561.0
Northern Parula,5,4,May_W4,0.2160243,986.0
Northern Parula,6,1,Jun_W1,0.2065868,668.0
Northern Parula,6,2,Jun_W2,0.1984283,509.0
Northern Parula,6,3,Jun_W3,0.1741425,379.0
Northern Parula,6,4,Jun_W4,0.1856187,598.0
Northern Parula,7,1,Jul_W1,0.1578947,361.0
Northern Parula,7,2,Jul_W2,0.1100244,409.0
Northern Parula,7,3,Jul_W3,0.0391061,358.0
Northern Parula,7,4,Jul_W4,0.0357995,419.0
Northern Parula,8,1,Aug_W1,0.0384615,260.0
Northern Parula,8,2,Aug_W2,0.0330033,303.0
Northern Parula,8,3,Aug_W3,0.0689655,290.0
Northern Parula,8,4,Aug_W4,0.0504505,555.0
Northern Parula,9,1,Sep_W1,0.1180328,305.0
Northern Parula,9,2,Sep_W2,0.0855457,339.0
Northern Parula,9,3,Sep_W3,0.0206897,290.0
Northern Parula,9,4,Sep_W4,0.0164319,426.0
Northern Parula,10,1,Oct_W1,0.0030211,331.0
Northern Parula,10,2,Oct_W2,0.0041841,478.0
Northern Parula,10,3,Oct_W3,0.0035461,282.0
Northern Parula,10,4,Oct_W4,0.002611,383.0
Northern Parula,11,1,Nov_W1,0.0,184.0
Northern Parula,11,2,Nov_W2,0.0,136.0
Northern Parula,11,3,Nov_W3,0.0,89.0
Northern Parula,11,4,Nov_W4,0.0,105.0
Northern Parula,12,1,Dec_W1,0.0,60.0
Northern Parula,12,2,Dec_W2,0.0,36.0
Northern Parula,12,3,Dec_W3,0.0,166.0
Northern Parula,12,4,Dec_W4,0.0,100.0
Magnolia Warbler,1,1,Jan_W1,0.0,112.0
Magnolia Warbler,1,2,Jan_W2,0.0,94.0
Magnolia Warbler,1,3,Jan_W3,0.0,145.0
Magnolia Warbler,1,4,Jan_W4,0.0,125.0
Magnolia Warbler,2,1,Feb_W1,0.0,115.0
Magnolia Warbler,2,2,Feb_W2,0.0,192.0
Magnolia Warbler,2,3,Feb_W3,0.0,197.0
Magnolia Warbler,2,4,Feb_W4,0.0,63.0
Magnolia Warbler,3,1,Mar_W1,0.0,58.0
Magnolia Warbler,3,2,Mar_W2,0.0,55.0
Magnolia Warbler,3,3,Mar_W3,0.0,78.0
Magnolia Warbler,3,4,Mar_W4,0.0,163.0
Magnolia Warbler,4,1,Apr_W1,0.0,145.0
Magnolia Warbler,4,2,Apr_W2,0.0,154.0
Magnolia Warbler,4,3,Apr_W3,0.0,157.0
Magnolia Warbler,4,4,Apr_W4,0.0,330.0
Magnolia Warbler,5,1,May_W1,0.0073529,272.0
Magnolia Warbler,5,2,May_W2,0.0393701,381.0
Magnolia Warbler,5,3,May_W3,0.1515152,561.0
Magnolia Warbler,5,4,May_W4,0.1054767,986.0
Magnolia Warbler,6,1,Jun_W1,0.1002994,668.0
Magnolia Warbler,6,2,Jun_W2,0.0491159,509.0
Magnolia Warbler,6,3,Jun_W3,0.0633245,379.0
Magnolia Warbler,6,4,Jun_W4,0.0551839,598.0
Magnolia Warbler,7,1,Jul_W1,0.0304709,361.0
Magnolia Warbler,7,2,Jul_W2,0.0268949,409.0
Magnolia Warbler,7,3,Jul_W3,0.0335196,358.0
Magnolia Warbler,7,4,Jul_W4,0.0023866,419.0
Magnolia Warbler,8,1,Aug_W1,0.0230769,260.0
Magnolia Warbler,8,2,Aug_W2,0.019802,303.0
Magnolia Warbler,8,3,Aug_W3,0.037931,290.0
Magnolia Warbler,8,4,Aug_W4,0.0486486,555.0
Magnolia Warbler,9,1,Sep_W1,0.0819672,305.0
Magnolia Warbler,9,2,Sep_W2,0.0442478,339.0
Magnolia Warbler,9,3,Sep_W3,0.0241379,290.0
Magnolia Warbler,9,4,Sep_W4,0.0093897,426.0
Magnolia Warbler,10,1,Oct_W1,0.0,331.0
Magnolia Warbler,10,2,Oct_W2,0.0,478.0
Magnolia Warbler,10,3,Oct_W3,0.0,282.0
Magnolia Warbler,10,4,Oct_W4,0.0,383.0
Magnolia Warbler,11,1,Nov_W1,0.0,184.0
Magnolia Warbler,11,2,Nov_W2,0.0,136.0
Magnolia Warbler,11,3,Nov_W3,0.0,89.0
Magnolia Warbler,11,4,Nov_W4,0.0,105.0
Magnolia Warbler,12,1,Dec_W1,0.0,60.0
Magnolia Warbler,12,2,Dec_W2,0.0,36.0
Magnolia Warbler,12,3,Dec_W3,0.0,166.0
Magnolia Warbler,12,4,Dec_W4,0.0,100.0
Bay-breasted Warbler,1,1,Jan_W1,0.0,112.0
Bay-breasted Warbler,1,2,Jan_W2,0.0,94.0
Bay-breasted Warbler,1,3,Jan_W3,0.0,145.0
Bay-breasted Warbler,1,4,Jan_W4,0.0,125.0
Bay-breasted Warbler,2,1,Feb_W1,0.0,115.0
Bay-breasted Warbler,2,2,Feb_W2,0.0,192.0
Bay-breasted Warbler,2,3,Feb_W3,0.0,197.0
Bay-breasted Warbler,2,4,Feb_W4,0.0,63.0
Bay-breasted Warbler,3,1,Mar_W1,0.0,58.0
Bay-breasted Warbler,3,2,Mar_W2,0.0,55.0
Bay-breasted Warbler,3,3,Mar_W3,0.0,78.0
Bay-breasted Warbler,3,4,Mar_W4,0.0,163.0
Bay-breasted Warbler,4,1,Apr_W1,0.0,145.0
Bay-breasted Warbler,4,2,Apr_W2,0.0,154.0
Bay-breasted Warbler,4,3,Apr_W3,0.0,157.0
Bay-breasted Warbler,4,4,Apr_W4,0.0,330.0
Bay-breasted Warbler,5,1,May_W1,0.0036765,272.0
Bay-breasted Warbler,5,2,May_W2,0.0183727,381.0
Bay-breasted Warbler,5,3,May_W3,0.14082,561.0
Bay-breasted Warbler,5,4,May_W4,0.0557809,986.0
Bay-breasted Warbler,6,1,Jun_W1,0.002994,668.0
Bay-breasted Warbler,6,2,Jun_W2,0.0,509.0
Bay-breasted Warbler,6,3,Jun_W3,0.0,379.0
Bay-breasted Warbler,6,4,Jun_W4,0.0,598.0
Bay-breasted Warbler,7,1,Jul_W1,0.0015,361.0
Bay-breasted Warbler,7,2,Jul_W2,0.0,409.0
Bay-breasted Warbler,7,3,Jul_W3,0.0,358.0
Bay-breasted Warbler,7,4,Jul_W4,0.0,419.0
Bay-breasted Warbler,8,1,Aug_W1,0.0,260.0
Bay-breasted Warbler,8,2,Aug_W2,0.0066007,303.0
Bay-breasted Warbler,8,3,Aug_W3,0.0137931,290.0
Bay-breasted Warbler,8,4,Aug_W4,0.0342342,555.0
Bay-breasted Warbler,9,1,Sep_W1,0.0491803,305.0
Bay-breasted Warbler,9,2,Sep_W2,0.0176991,339.0
Bay-breasted Warbler,9,3,Sep_W3,0.0103448,290.0
Bay-breasted Warbler,9,4,Sep_W4,0.0070423,426.0
Bay-breasted Warbler,10,1,Oct_W1,0.0,331.0
Bay-breasted Warbler,10,2,Oct_W2,0.0,478.0
Bay-breasted Warbler,10,3,Oct_W3,0.0,282.0
Bay-breasted Warbler,10,4,Oct_W4,0.0,383.0
Bay-breasted Warbler,11,1,Nov_W1,0.0,184.0
Bay-breasted Warbler,11,2,Nov_W2,0.0,136.0
Bay-breasted Warbler,11,3,Nov_W3,0.0,89.0
Bay-breasted Warbler,11,4,Nov_W4,0.0,105.0
Bay-breasted Warbler,12,1,Dec_W1,0.0,60.0
Bay-breasted Warbler,12,2,Dec_W2,0.0,36.0
Bay-breasted Warbler,12,3,Dec_W3,0.0,166.0
Bay-breasted Warbler,12,4,Dec_W4,0.0,100.0
Blackburnian Warbler,1,1,Jan_W1,0.0,112.0
Blackburnian Warbler,1,2,Jan_W2,0.0,94.0
Blackburnian Warbler,1,3,Jan_W3,0.0,145.0
Blackburnian Warbler,1,4,Jan_W4,0.0,125.0
Blackburnian Warbler,2,1,Feb_W1,0.0,115.0
Blackburnian Warbler,2,2,Feb_W2,0.0,192.0
Blackburnian Warbler,2,3,Feb_W3,0.0,197.0
Blackburnian Warbler,2,4,Feb_W4,0.0,63.0
Blackburnian Warbler,3,1,Mar_W1,0.0,58.0
Blackburnian Warbler,3,2,Mar_W2,0.0,55.0
Blackburnian Warbler,3,3,Mar_W3,0.0,78.0
Blackburnian Warbler,3,4,Mar_W4,0.0,163.0
Blackburnian Warbler,4,1,Apr_W1,0.0,145.0
Blackburnian Warbler,4,2,Apr_W2,0.0,154.0
Blackburnian Warbler,4,3,Apr_W3,0.0,157.0
Blackburnian Warbler,4,4,Apr_W4,0.0,330.0
Blackburnian Warbler,5,1,May_W1,0.0220588,272.0
Blackburnian Warbler,5,2,May_W2,0.0787402,381.0
Blackburnian Warbler,5,3,May_W3,0.2085561,561.0
Blackburnian Warbler,5,4,May_W4,0.1744422,986.0
Blackburnian Warbler,6,1,Jun_W1,0.1751497,668.0
Blackburnian Warbler,6,2,Jun_W2,0.1277014,509.0
Blackburnian Warbler,6,3,Jun_W3,0.1398417,379.0
Blackburnian Warbler,6,4,Jun_W4,0.1003344,598.0
Blackburnian Warbler,7,1,Jul_W1,0.0526316,361.0
Blackburnian Warbler,7,2,Jul_W2,0.0635697,409.0
Blackburnian Warbler,7,3,Jul_W3,0.0391061,358.0
Blackburnian Warbler,7,4,Jul_W4,0.0453461,419.0
Blackburnian Warbler,8,1,Aug_W1,0.0461538,260.0
Blackburnian Warbler,8,2,Aug_W2,0.0660066,303.0
Blackburnian Warbler,8,3,Aug_W3,0.0586207,290.0
Blackburnian Warbler,8,4,Aug_W4,0.0558559,555.0
Blackburnian Warbler,9,1,Sep_W1,0.0655738,305.0
Blackburnian Warbler,9,2,Sep_W2,0.0442478,339.0
Blackburnian Warbler,9,3,Sep_W3,0.0137931,290.0
Blackburnian Warbler,9,4,Sep_W4,0.0023474,426.0
Blackburnian Warbler,10,1,Oct_W1,0.0,331.0
Blackburnian Warbler,10,2,Oct_W2,0.0,478.0
Blackburnian Warbler,10,3,Oct_W3,0.0,282.0
Blackburnian Warbler,10,4,Oct_W4,0.0,383.0
Blackburnian Warbler,11,1,Nov_W1,0.0,184.0
Blackburnian Warbler,11,2,Nov_W2,0.0,136.0
Blackburnian Warbler,11,3,Nov_W3,0.0,89.0
Blackburnian Warbler,11,4,Nov_W4,0.0,105.0
Blackburnian Warbler,12,1,Dec_W1,0.0,60.0
Blackburnian Warbler,12,2,Dec_W2,0.0,36.0
Blackburnian Warbler,12,3,Dec_W3,0.0,166.0
Blackburnian Warbler,12,4,Dec_W4,0.0,100.0
Northern Yellow Warbler,1,1,Jan_W1,0.0,112.0
Northern Yellow Warbler,1,2,Jan_W2,0.0,94.0
Northern Yellow Warbler,1,3,Jan_W3,0.0,145.0
Northern Yellow Warbler,1,4,Jan_W4,0.0,125.0
Northern Yellow Warbler,2,1,Feb_W1,0.0,115.0
Northern Yellow Warbler,2,2,Feb_W2,0.0,192.0
Northern Yellow Warbler,2,3,Feb_W3,0.0,197.0
Northern Yellow Warbler,2,4,Feb_W4,0.0,63.0
Northern Yellow Warbler,3,1,Mar_W1,0.0,58.0
Northern Yellow Warbler,3,2,Mar_W2,0.0,55.0
Northern Yellow Warbler,3,3,Mar_W3,0.0,78.0
Northern Yellow Warbler,3,4,Mar_W4,0.0,163.0
Northern Yellow Warbler,4,1,Apr_W1,0.0,145.0
Northern Yellow Warbler,4,2,Apr_W2,0.0,154.0
Northern Yellow Warbler,4,3,Apr_W3,0.0,157.0
Northern Yellow Warbler,4,4,Apr_W4,0.0,330.0
Northern Yellow Warbler,5,1,May_W1,0.0183824,272.0
Northern Yellow Warbler,5,2,May_W2,0.1811024,381.0
Northern Yellow Warbler,5,3,May_W3,0.3636364,561.0
Northern Yellow Warbler,5,4,May_W4,0.3853955,986.0
Northern Yellow Warbler,6,1,Jun_W1,0.3922156,668.0
Northern Yellow Warbler,6,2,Jun_W2,0.3497053,509.0
Northern Yellow Warbler,6,3,Jun_W3,0.3957784,379.0
Northern Yellow Warbler,6,4,Jun_W4,0.2625418,598.0
Northern Yellow Warbler,7,1,Jul_W1,0.2077562,361.0
Northern Yellow Warbler,7,2,Jul_W2,0.198044,409.0
Northern Yellow Warbler,7,3,Jul_W3,0.1340782,358.0
Northern Yellow Warbler,7,4,Jul_W4,0.1384248,419.0
Northern Yellow Warbler,8,1,Aug_W1,0.1230769,260.0
Northern Yellow Warbler,8,2,Aug_W2,0.1419142,303.0
Northern Yellow Warbler,8,3,Aug_W3,0.1137931,290.0
Northern Yellow Warbler,8,4,Aug_W4,0.1099099,555.0
Northern Yellow Warbler,9,1,Sep_W1,0.0918033,305.0
Northern Yellow Warbler,9,2,Sep_W2,0.0442478,339.0
Northern Yellow Warbler,9,3,Sep_W3,0.0275862,290.0
Northern Yellow Warbler,9,4,Sep_W4,0.0046948,426.0
Northern Yellow Warbler,10,1,Oct_W1,0.0,331.0
Northern Yellow Warbler,10,2,Oct_W2,0.0,478.0
Northern Yellow Warbler,10,3,Oct_W3,0.0,282.0
Northern Yellow Warbler,10,4,Oct_W4,0.0,383.0
Northern Yellow Warbler,11,1,Nov_W1,0.0,184.0
Northern Yellow Warbler,11,2,Nov_W2,0.0,136.0
Northern Yellow Warbler,11,3,Nov_W3,0.0,89.0
Northern Yellow Warbler,11,4,Nov_W4,0.0,105.0
Northern Yellow Warbler,12,1,Dec_W1,0.0,60.0
Northern Yellow Warbler,12,2,Dec_W2,0.0,36.0
Northern Yellow Warbler,12,3,Dec_W3,0.0,166.0
Northern Yellow Warbler,12,4,Dec_W4,0.0,100.0
Chestnut-sided Warbler,1,1,Jan_W1,0.0,112.0
Chestnut-sided Warbler,1,2,Jan_W2,0.0,94.0
Chestnut-sided Warbler,1,3,Jan_W3,0.0,145.0
Chestnut-sided Warbler,1,4,Jan_W4,0.0,125.0
Chestnut-sided Warbler,2,1,Feb_W1,0.0,115.0
Chestnut-sided Warbler,2,2,Feb_W2,0.0,192.0
Chestnut-sided Warbler,2,3,Feb_W3,0.0,197.0
Chestnut-sided Warbler,2,4,Feb_W4,0.0,63.0
Chestnut-sided Warbler,3,1,Mar_W1,0.0,58.0
Chestnut-sided Warbler,3,2,Mar_W2,0.0,55.0
Chestnut-sided Warbler,3,3,Mar_W3,0.0,78.0
Chestnut-sided Warbler,3,4,Mar_W4,0.0,163.0
Chestnut-sided Warbler,4,1,Apr_W1,0.0,145.0
Chestnut-sided Warbler,4,2,Apr_W2,0.0,154.0
Chestnut-sided Warbler,4,3,Apr_W3,0.0,157.0
Chestnut-sided Warbler,4,4,Apr_W4,0.0,330.0
Chestnut-sided Warbler,5,1,May_W1,0.0,272.0
Chestnut-sided Warbler,5,2,May_W2,0.0393701,381.0
Chestnut-sided Warbler,5,3,May_W3,0.171123,561.0
Chestnut-sided Warbler,5,4,May_W4,0.1257606,986.0
Chestnut-sided Warbler,6,1,Jun_W1,0.0808383,668.0
Chestnut-sided Warbler,6,2,Jun_W2,0.0609037,509.0
Chestnut-sided Warbler,6,3,Jun_W3,0.0659631,379.0
Chestnut-sided Warbler,6,4,Jun_W4,0.0702341,598.0
Chestnut-sided Warbler,7,1,Jul_W1,0.0526316,361.0
Chestnut-sided Warbler,7,2,Jul_W2,0.0440098,409.0
Chestnut-sided Warbler,7,3,Jul_W3,0.0167598,358.0
Chestnut-sided Warbler,7,4,Jul_W4,0.0023866,419.0
Chestnut-sided Warbler,8,1,Aug_W1,0.0076923,260.0
Chestnut-sided Warbler,8,2,Aug_W2,0.009901,303.0
Chestnut-sided Warbler,8,3,Aug_W3,0.0241379,290.0
Chestnut-sided Warbler,8,4,Aug_W4,0.0126126,555.0
Chestnut-sided Warbler,9,1,Sep_W1,0.052459,305.0
Chestnut-sided Warbler,9,2,Sep_W2,0.0324484,339.0
Chestnut-sided Warbler,9,3,Sep_W3,0.0172414,290.0
Chestnut-sided Warbler,9,4,Sep_W4,0.0,426.0
Chestnut-sided Warbler,10,1,Oct_W1,0.0,331.0
Chestnut-sided Warbler,10,2,Oct_W2,0.0,478.0
Chestnut-sided Warbler,10,3,Oct_W3,0.0,282.0
Chestnut-sided Warbler,10,4,Oct_W4,0.0,383.0
Chestnut-sided Warbler,11,1,Nov_W1,0.0,184.0
Chestnut-sided Warbler,11,2,Nov_W2,0.0,136.0
Chestnut-sided Warbler,11,3,Nov_W3,0.0,89.0
Chestnut-sided Warbler,11,4,Nov_W4,0.0,105.0
Chestnut-sided Warbler,12,1,Dec_W1,0.0,60.0
Chestnut-sided Warbler,12,2,Dec_W2,0.0,36.0
Chestnut-sided Warbler,12,3,Dec_W3,0.0,166.0
Chestnut-sided Warbler,12,4,Dec_W4,0.0,100.0
Blackpoll Warbler,1,1,Jan_W1,0.0,112.0
Blackpoll Warbler,1,2,Jan_W2,0.0,94.0
Blackpoll Warbler,1,3,Jan_W3,0.0,145.0
Blackpoll Warbler,1,4,Jan_W4,0.0,125.0
Blackpoll Warbler,2,1,Feb_W1,0.0,115.0
Blackpoll Warbler,2,2,Feb_W2,0.0,192.0
Blackpoll Warbler,2,3,Feb_W3,0.0,197.0
Blackpoll Warbler,2,4,Feb_W4,0.0,63.0
Blackpoll Warbler,3,1,Mar_W1,0.0,58.0
Blackpoll Warbler,3,2,Mar_W2,0.0,55.0
Blackpoll Warbler,3,3,Mar_W3,0.0,78.0
Blackpoll Warbler,3,4,Mar_W4,0.0,163.0
Blackpoll Warbler,4,1,Apr_W1,0.0,145.0
Blackpoll Warbler,4,2,Apr_W2,0.0,154.0
Blackpoll Warbler,4,3,Apr_W3,0.0,157.0
Blackpoll Warbler,4,4,Apr_W4,0.0,330.0
Blackpoll Warbler,5,1,May_W1,0.0,272.0
Blackpoll Warbler,5,2,May_W2,0.007874,381.0
Blackpoll Warbler,5,3,May_W3,0.0713012,561.0
Blackpoll Warbler,5,4,May_W4,0.0547667,986.0
Blackpoll Warbler,6,1,Jun_W1,0.005988,668.0
Blackpoll Warbler,6,2,Jun_W2,0.0019646,509.0
Blackpoll Warbler,6,3,Jun_W3,0.0,379.0
Blackpoll Warbler,6,4,Jun_W4,0.0,598.0
Blackpoll Warbler,7,1,Jul_W1,0.0,361.0
Blackpoll Warbler,7,2,Jul_W2,0.0,409.0
Blackpoll Warbler,7,3,Jul_W3,0.0,358.0
Blackpoll Warbler,7,4,Jul_W4,0.0,419.0
Blackpoll Warbler,8,1,Aug_W1,0.0,260.0
Blackpoll Warbler,8,2,Aug_W2,0.0,303.0
Blackpoll Warbler,8,3,Aug_W3,0.0068966,290.0
Blackpoll Warbler,8,4,Aug_W4,0.018018,555.0
Blackpoll Warbler,9,1,Sep_W1,0.0688525,305.0
Blackpoll Warbler,9,2,Sep_W2,0.0973451,339.0
Blackpoll Warbler,9,3,Sep_W3,0.1241379,290.0
Blackpoll Warbler,9,4,Sep_W4,0.0821596,426.0
Blackpoll Warbler,10,1,Oct_W1,0.0483384,331.0
Blackpoll Warbler,10,2,Oct_W2,0.0020921,478.0
Blackpoll Warbler,10,3,Oct_W3,0.0,282.0
Blackpoll Warbler,10,4,Oct_W4,0.0,383.0
Blackpoll Warbler,11,1,Nov_W1,0.0,184.0
Blackpoll Warbler,11,2,Nov_W2,0.0,136.0
Blackpoll Warbler,11,3,Nov_W3,0.0,89.0
Blackpoll Warbler,11,4,Nov_W4,0.0,105.0
Blackpoll Warbler,12,1,Dec_W1,0.0,60.0
Blackpoll Warbler,12,2,Dec_W2,0.0,36.0
Blackpoll Warbler,12,3,Dec_W3,0.0,166.0
Blackpoll Warbler,12,4,Dec_W4,0.0,100.0
Black-throated Blue Warbler,1,1,Jan_W1,0.0,112.0
Black-throated Blue Warbler,1,2,Jan_W2,0.0,94.0
Black-throated Blue Warbler,1,3,Jan_W3,0.0,145.0
Black-throated Blue Warbler,1,4,Jan_W4,0.0,125.0
Black-throated Blue Warbler,2,1,Feb_W1,0.0,115.0
Black-throated Blue Warbler,2,2,Feb_W2,0.0,192.0
Black-throated Blue Warbler,2,3,Feb_W3,0.0,197.0
Black-throated Blue Warbler,2,4,Feb_W4,0.0,63.0
Black-throated Blue Warbler,3,1,Mar_W1,0.0,58.0
Black-throated Blue Warbler,3,2,Mar_W2,0.0,55.0
Black-throated Blue Warbler,3,3,Mar_W3,0.0,78.0
Black-throated Blue Warbler,3,4,Mar_W4,0.0,163.0
Black-throated Blue Warbler,4,1,Apr_W1,0.0,145.0
Black-throated Blue Warbler,4,2,Apr_W2,0.0,154.0
Black-throated Blue Warbler,4,3,Apr_W3,0.0,157.0
Black-throated Blue Warbler,4,4,Apr_W4,0.0,330.0
Black-throated Blue Warbler,5,1,May_W1,0.0036765,272.0
Black-throated Blue Warbler,5,2,May_W2,0.0367454,381.0
Black-throated Blue Warbler,5,3,May_W3,0.0926916,561.0
Black-throated Blue Warbler,5,4,May_W4,0.0456389,986.0
Black-throated Blue Warbler,6,1,Jun_W1,0.0239521,668.0
Black-throated Blue Warbler,6,2,Jun_W2,0.0353635,509.0
Black-throated Blue Warbler,6,3,Jun_W3,0.0343008,379.0
Black-throated Blue Warbler,6,4,Jun_W4,0.0250836,598.0
Black-throated Blue Warbler,7,1,Jul_W1,0.0083102,361.0
Black-throated Blue Warbler,7,2,Jul_W2,0.0171149,409.0
Black-throated Blue Warbler,7,3,Jul_W3,0.0139665,358.0
Black-throated Blue Warbler,7,4,Jul_W4,0.0047733,419.0
Black-throated Blue Warbler,8,1,Aug_W1,0.0115385,260.0
Black-throated Blue Warbler,8,2,Aug_W2,0.0132013,303.0
Black-throated Blue Warbler,8,3,Aug_W3,0.0103448,290.0
Black-throated Blue Warbler,8,4,Aug_W4,0.0054054,555.0
Black-throated Blue Warbler,9,1,Sep_W1,0.0229508,305.0
Black-throated Blue Warbler,9,2,Sep_W2,0.0265487,339.0
Black-throated Blue Warbler,9,3,Sep_W3,0.0206897,290.0
Black-throated Blue Warbler,9,4,Sep_W4,0.0187793,426.0
Black-throated Blue Warbler,10,1,Oct_W1,0.0060423,331.0
Black-throated Blue Warbler,10,2,Oct_W2,0.0,478.0
Black-throated Blue Warbler,10,3,Oct_W3,0.0,282.0
Black-throated Blue Warbler,10,4,Oct_W4,0.0,383.0
Black-throated Blue Warbler,11,1,Nov_W1,0.0,184.0
Black-throated Blue Warbler,11,2,Nov_W2,0.0,136.0
Black-throated Blue Warbler,11,3,Nov_W3,0.0,89.0
Black-throated Blue Warbler,11,4,Nov_W4,0.0,105.0
Black-throated Blue Warbler,12,1,Dec_W1,0.0,60.0
Black-throated Blue Warbler,12,2,Dec_W2,0.0,36.0
Black-throated Blue Warbler,12,3,Dec_W3,0.0,166.0
Black-throated Blue Warbler,12,4,Dec_W4,0.0,100.0
Palm Warbler,1,1,Jan_W1,0.0,112.0
Palm Warbler,1,2,Jan_W2,0.0,94.0
Palm Warbler,1,3,Jan_W3,0.0,145.0
Palm Warbler,1,4,Jan_W4,0.0,125.0
Palm Warbler,2,1,Feb_W1,0.0,115.0
Palm Warbler,2,2,Feb_W2,0.0,192.0
Palm Warbler,2,3,Feb_W3,0.0,197.0
Palm Warbler,2,4,Feb_W4,0.0,63.0
Palm Warbler,3,1,Mar_W1,0.0,58.0
Palm Warbler,3,2,Mar_W2,0.0,55.0
Palm Warbler,3,3,Mar_W3,0.0,78.0
Palm Warbler,3,4,Mar_W4,0.0,163.0
Palm Warbler,4,1,Apr_W1,0.0,145.0
Palm Warbler,4,2,Apr_W2,0.0,154.0
Palm Warbler,4,3,Apr_W3,0.0063694,157.0
Palm Warbler,4,4,Apr_W4,0.0575758,330.0
Palm Warbler,5,1,May_W1,0.1176471,272.0
Palm Warbler,5,2,May_W2,0.1417323,381.0
Palm Warbler,5,3,May_W3,0.1764706,561.0
Palm Warbler,5,4,May_W4,0.0223124,986.0
Palm Warbler,6,1,Jun_W1,0.001497,668.0
Palm Warbler,6,2,Jun_W2,0.0058939,509.0
Palm Warbler,6,3,Jun_W3,0.005277,379.0
Palm Warbler,6,4,Jun_W4,0.0050167,598.0
Palm Warbler,7,1,Jul_W1,0.0027701,361.0
Palm Warbler,7,2,Jul_W2,0.00489,409.0
Palm Warbler,7,3,Jul_W3,0.0027933,358.0
Palm Warbler,7,4,Jul_W4,0.0015,419.0
Palm Warbler,8,1,Aug_W1,0.0,260.0
Palm Warbler,8,2,Aug_W2,0.0066007,303.0
Palm Warbler,8,3,Aug_W3,0.0172414,290.0
Palm Warbler,8,4,Aug_W4,0.0522523,555.0
Palm Warbler,9,1,Sep_W1,0.1868852,305.0
Palm Warbler,9,2,Sep_W2,0.2890855,339.0
Palm Warbler,9,3,Sep_W3,0.2551724,290.0
Palm Warbler,9,4,Sep_W4,0.2676056,426.0
Palm Warbler,10,1,Oct_W1,0.1903323,331.0
Palm Warbler,10,2,Oct_W2,0.1276151,478.0
Palm Warbler,10,3,Oct_W3,0.0460993,282.0
Palm Warbler,10,4,Oct_W4,0.0182768,383.0
Palm Warbler,11,1,Nov_W1,0.0054348,184.0
Palm Warbler,11,2,Nov_W2,0.0,136.0
Palm Warbler,11,3,Nov_W3,0.0,89.0
Palm Warbler,11,4,Nov_W4,0.0,105.0
Palm Warbler,12,1,Dec_W1,0.0,60.0
Palm Warbler,12,2,Dec_W2,0.0,36.0
Palm Warbler,12,3,Dec_W3,0.0,166.0
Palm Warbler,12,4,Dec_W4,0.0,100.0
Pine Warbler,1,1,Jan_W1,0.0,112.0
Pine Warbler,1,2,Jan_W2,0.0,94.0
Pine Warbler,1,3,Jan_W3,0.0,145.0
Pine Warbler,1,4,Jan_W4,0.0,125.0
Pine Warbler,2,1,Feb_W1,0.0,115.0
Pine Warbler,2,2,Feb_W2,0.0,192.0
Pine Warbler,2,3,Feb_W3,0.0,197.0
Pine Warbler,2,4,Feb_W4,0.0,63.0
Pine Warbler,3,1,Mar_W1,0.0,58.0
Pine Warbler,3,2,Mar_W2,0.0,55.0
Pine Warbler,3,3,Mar_W3,0.0,78.0
Pine Warbler,3,4,Mar_W4,0.0,163.0
Pine Warbler,4,1,Apr_W1,0.0,145.0
Pine Warbler,4,2,Apr_W2,0.0,154.0
Pine Warbler,4,3,Apr_W3,0.0127389,157.0
Pine Warbler,4,4,Apr_W4,0.0606061,330.0
Pine Warbler,5,1,May_W1,0.1176471,272.0
Pine Warbler,5,2,May_W2,0.0892388,381.0
Pine Warbler,5,3,May_W3,0.1051693,561.0
Pine Warbler,5,4,May_W4,0.0699797,986.0
Pine Warbler,6,1,Jun_W1,0.0823353,668.0
Pine Warbler,6,2,Jun_W2,0.0628684,509.0
Pine Warbler,6,3,Jun_W3,0.0659631,379.0
Pine Warbler,6,4,Jun_W4,0.0652174,598.0
Pine Warbler,7,1,Jul_W1,0.0277008,361.0
Pine Warbler,7,2,Jul_W2,0.0464548,409.0
Pine Warbler,7,3,Jul_W3,0.0446927,358.0
Pine Warbler,7,4,Jul_W4,0.0190931,419.0
Pine Warbler,8,1,Aug_W1,0.0230769,260.0
Pine Warbler,8,2,Aug_W2,0.0231023,303.0
Pine Warbler,8,3,Aug_W3,0.0172414,290.0
Pine Warbler,8,4,Aug_W4,0.0288288,555.0
Pine Warbler,9,1,Sep_W1,0.0393443,305.0
Pine Warbler,9,2,Sep_W2,0.0235988,339.0
Pine Warbler,9,3,Sep_W3,0.0241379,290.0
Pine Warbler,9,4,Sep_W4,0.0070423,426.0
Pine Warbler,10,1,Oct_W1,0.0030211,331.0
Pine Warbler,10,2,Oct_W2,0.0,478.0
Pine Warbler,10,3,Oct_W3,0.0035461,282.0
Pine Warbler,10,4,Oct_W4,0.0,383.0
Pine Warbler,11,1,Nov_W1,0.0,184.0
Pine Warbler,11,2,Nov_W2,0.0,136.0
Pine Warbler,11,3,Nov_W3,0.0,89.0
Pine Warbler,11,4,Nov_W4,0.0,105.0
Pine Warbler,12,1,Dec_W1,0.0,60.0
Pine Warbler,12,2,Dec_W2,0.0,36.0
Pine Warbler,12,3,Dec_W3,0.0,166.0
Pine Warbler,12,4,Dec_W4,0.0,100.0
Yellow-rumped Warbler,1,1,Jan_W1,0.0,112.0
Yellow-rumped Warbler,1,2,Jan_W2,0.0,94.0
Yellow-rumped Warbler,1,3,Jan_W3,0.0,145.0
Yellow-rumped Warbler,1,4,Jan_W4,0.0,125.0
Yellow-rumped Warbler,2,1,Feb_W1,0.0,115.0
Yellow-rumped Warbler,2,2,Feb_W2,0.0,192.0
Yellow-rumped Warbler,2,3,Feb_W3,0.0,197.0
Yellow-rumped Warbler,2,4,Feb_W4,0.0,63.0
Yellow-rumped Warbler,3,1,Mar_W1,0.0,58.0
Yellow-rumped Warbler,3,2,Mar_W2,0.0,55.0
Yellow-rumped Warbler,3,3,Mar_W3,0.0,78.0
Yellow-rumped Warbler,3,4,Mar_W4,0.006135,163.0
Yellow-rumped Warbler,4,1,Apr_W1,0.0068966,145.0
Yellow-rumped Warbler,4,2,Apr_W2,0.0714286,154.0
Yellow-rumped Warbler,4,3,Apr_W3,0.1464968,157.0
Yellow-rumped Warbler,4,4,Apr_W4,0.2515152,330.0
Yellow-rumped Warbler,5,1,May_W1,0.4044118,272.0
Yellow-rumped Warbler,5,2,May_W2,0.4015748,381.0
Yellow-rumped Warbler,5,3,May_W3,0.399287,561.0
Yellow-rumped Warbler,5,4,May_W4,0.2687627,986.0
Yellow-rumped Warbler,6,1,Jun_W1,0.2065868,668.0
Yellow-rumped Warbler,6,2,Jun_W2,0.1669941,509.0
Yellow-rumped Warbler,6,3,Jun_W3,0.1794195,379.0
Yellow-rumped Warbler,6,4,Jun_W4,0.1789298,598.0
Yellow-rumped Warbler,7,1,Jul_W1,0.1218837,361.0
Yellow-rumped Warbler,7,2,Jul_W2,0.1784841,409.0
Yellow-rumped Warbler,7,3,Jul_W3,0.1927374,358.0
Yellow-rumped Warbler,7,4,Jul_W4,0.124105,419.0
Yellow-rumped Warbler,8,1,Aug_W1,0.1384615,260.0
Yellow-rumped Warbler,8,2,Aug_W2,0.1848185,303.0
Yellow-rumped Warbler,8,3,Aug_W3,0.2586207,290.0
Yellow-rumped Warbler,8,4,Aug_W4,0.3369369,555.0
Yellow-rumped Warbler,9,1,Sep_W1,0.3770492,305.0
Yellow-rumped Warbler,9,2,Sep_W2,0.4041298,339.0
Yellow-rumped Warbler,9,3,Sep_W3,0.3896552,290.0
Yellow-rumped Warbler,9,4,Sep_W4,0.3685446,426.0
Yellow-rumped Warbler,10,1,Oct_W1,0.3232628,331.0
Yellow-rumped Warbler,10,2,Oct_W2,0.3242678,478.0
Yellow-rumped Warbler,10,3,Oct_W3,0.2269504,282.0
Yellow-rumped Warbler,10,4,Oct_W4,0.1201044,383.0
Yellow-rumped Warbler,11,1,Nov_W1,0.0543478,184.0
Yellow-rumped Warbler,11,2,Nov_W2,0.0073529,136.0
Yellow-rumped Warbler,11,3,Nov_W3,0.0,89.0
Yellow-rumped Warbler,11,4,Nov_W4,0.0,105.0
Yellow-rumped Warbler,12,1,Dec_W1,0.0,60.0
Yellow-rumped Warbler,12,2,Dec_W2,0.0,36.0
Yellow-rumped Warbler,12,3,Dec_W3,0.0,166.0
Yellow-rumped Warbler,12,4,Dec_W4,0.0,100.0
Yellow-throated Warbler,1,1,Jan_W1,0.0,112.0
Yellow-throated Warbler,1,2,Jan_W2,0.0,94.0
Yellow-throated Warbler,1,3,Jan_W3,0.0,145.0
Yellow-throated Warbler,1,4,Jan_W4,0.0,125.0
Yellow-throated Warbler,2,1,Feb_W1,0.0,115.0
Yellow-throated Warbler,2,2,Feb_W2,0.0,192.0
Yellow-throated Warbler,2,3,Feb_W3,0.0,197.0
Yellow-throated Warbler,2,4,Feb_W4,0.0,63.0
Yellow-throated Warbler,3,1,Mar_W1,0.0,58.0
Yellow-throated Warbler,3,2,Mar_W2,0.0,55.0
Yellow-throated Warbler,3,3,Mar_W3,0.0,78.0
Yellow-throated Warbler,3,4,Mar_W4,0.0,163.0
Yellow-throated Warbler,4,1,Apr_W1,0.0,145.0
Yellow-throated Warbler,4,2,Apr_W2,0.0,154.0
Yellow-throated Warbler,4,3,Apr_W3,0.0,157.0
Yellow-throated Warbler,4,4,Apr_W4,0.0,330.0
Yellow-throated Warbler,5,1,May_W1,0.0,272.0
Yellow-throated Warbler,5,2,May_W2,0.0,381.0
Yellow-throated Warbler,5,3,May_W3,0.0,561.0
Yellow-throated Warbler,5,4,May_W4,0.0015,986.0
Yellow-throated Warbler,6,1,Jun_W1,0.0,668.0
Yellow-throated Warbler,6,2,Jun_W2,0.0,509.0
Yellow-throated Warbler,6,3,Jun_W3,0.0,379.0
Yellow-throated Warbler,6,4,Jun_W4,0.0,598.0
Yellow-throated Warbler,7,1,Jul_W1,0.0,361.0
Yellow-throated Warbler,7,2,Jul_W2,0.0,409.0
Yellow-throated Warbler,7,3,Jul_W3,0.0,358.0
Yellow-throated Warbler,7,4,Jul_W4,0.0,419.0
Yellow-throated Warbler,8,1,Aug_W1,0.0,260.0
Yellow-throated Warbler,8,2,Aug_W2,0.0,303.0
Yellow-throated Warbler,8,3,Aug_W3,0.0,290.0
Yellow-throated Warbler,8,4,Aug_W4,0.0,555.0
Yellow-throated Warbler,9,1,Sep_W1,0.0,305.0
Yellow-throated Warbler,9,2,Sep_W2,0.0,339.0
Yellow-throated Warbler,9,3,Sep_W3,0.0,290.0
Yellow-throated Warbler,9,4,Sep_W4,0.0,426.0
Yellow-throated Warbler,10,1,Oct_W1,0.0,331.0
Yellow-throated Warbler,10,2,Oct_W2,0.0,478.0
Yellow-throated Warbler,10,3,Oct_W3,0.0,282.0
Yellow-throated Warbler,10,4,Oct_W4,0.0,383.0
Yellow-throated Warbler,11,1,Nov_W1,0.0,184.0
Yellow-throated Warbler,11,2,Nov_W2,0.0,136.0
Yellow-throated Warbler,11,3,Nov_W3,0.0,89.0
Yellow-throated Warbler,11,4,Nov_W4,0.0,105.0
Yellow-throated Warbler,12,1,Dec_W1,0.0,60.0
Yellow-throated Warbler,12,2,Dec_W2,0.0,36.0
Yellow-throated Warbler,12,3,Dec_W3,0.0,166.0
Yellow-throated Warbler,12,4,Dec_W4,0.0,100.0
Prairie Warbler,1,1,Jan_W1,0.0,112.0
Prairie Warbler,1,2,Jan_W2,0.0,94.0
Prairie Warbler,1,3,Jan_W3,0.0,145.0
Prairie Warbler,1,4,Jan_W4,0.0,125.0
Prairie Warbler,2,1,Feb_W1,0.0,115.0
Prairie Warbler,2,2,Feb_W2,0.0,192.0
Prairie Warbler,2,3,Feb_W3,0.0,197.0
Prairie Warbler,2,4,Feb_W4,0.0,63.0
Prairie Warbler,3,1,Mar_W1,0.0,58.0
Prairie Warbler,3,2,Mar_W2,0.0,55.0
Prairie Warbler,3,3,Mar_W3,0.0,78.0
Prairie Warbler,3,4,Mar_W4,0.0,163.0
Prairie Warbler,4,1,Apr_W1,0.0,145.0
Prairie Warbler,4,2,Apr_W2,0.0,154.0
Prairie Warbler,4,3,Apr_W3,0.0,157.0
Prairie Warbler,4,4,Apr_W4,0.0,330.0
Prairie Warbler,5,1,May_W1,0.0,272.0
Prairie Warbler,5,2,May_W2,0.0,381.0
Prairie Warbler,5,3,May_W3,0.0071301,561.0
Prairie Warbler,5,4,May_W4,0.0,986.0
Prairie Warbler,6,1,Jun_W1,0.0,668.0
Prairie Warbler,6,2,Jun_W2,0.0,509.0
Prairie Warbler,6,3,Jun_W3,0.0,379.0
Prairie Warbler,6,4,Jun_W4,0.0,598.0
Prairie Warbler,7,1,Jul_W1,0.0,361.0
Prairie Warbler,7,2,Jul_W2,0.0,409.0
Prairie Warbler,7,3,Jul_W3,0.0,358.0
Prairie Warbler,7,4,Jul_W4,0.0,419.0
Prairie Warbler,8,1,Aug_W1,0.0,260.0
Prairie Warbler,8,2,Aug_W2,0.0,303.0
Prairie Warbler,8,3,Aug_W3,0.0,290.0
Prairie Warbler,8,4,Aug_W4,0.0,555.0
Prairie Warbler,9,1,Sep_W1,0.0,305.0
Prairie Warbler,9,2,Sep_W2,0.0,339.0
Prairie Warbler,9,3,Sep_W3,0.0,290.0
Prairie Warbler,9,4,Sep_W4,0.0,426.0
Prairie Warbler,10,1,Oct_W1,0.0,331.0
Prairie Warbler,10,2,Oct_W2,0.0020921,478.0
Prairie Warbler,10,3,Oct_W3,0.0,282.0
Prairie Warbler,10,4,Oct_W4,0.0,383.0
Prairie Warbler,11,1,Nov_W1,0.0,184.0
Prairie Warbler,11,2,Nov_W2,0.0,136.0
Prairie Warbler,11,3,Nov_W3,0.0,89.0
Prairie Warbler,11,4,Nov_W4,0.0,105.0
Prairie Warbler,12,1,Dec_W1,0.0,60.0
Prairie Warbler,12,2,Dec_W2,0.0,36.0
Prairie Warbler,12,3,Dec_W3,0.0,166.0
Prairie Warbler,12,4,Dec_W4,0.0,100.0
Black-throated Green Warbler,1,1,Jan_W1,0.0,112.0
Black-throated Green Warbler,1,2,Jan_W2,0.0,94.0
Black-throated Green Warbler,1,3,Jan_W3,0.0,145.0
Black-throated Green Warbler,1,4,Jan_W4,0.0,125.0
Black-throated Green Warbler,2,1,Feb_W1,0.0,115.0
Black-throated Green Warbler,2,2,Feb_W2,0.0,192.0
Black-throated Green Warbler,2,3,Feb_W3,0.0,197.0
Black-throated Green Warbler,2,4,Feb_W4,0.0,63.0
Black-throated Green Warbler,3,1,Mar_W1,0.0,58.0
Black-throated Green Warbler,3,2,Mar_W2,0.0,55.0
Black-throated Green Warbler,3,3,Mar_W3,0.0,78.0
Black-throated Green Warbler,3,4,Mar_W4,0.0,163.0
Black-throated Green Warbler,4,1,Apr_W1,0.0,145.0
Black-throated Green Warbler,4,2,Apr_W2,0.0,154.0
Black-throated Green Warbler,4,3,Apr_W3,0.0,157.0
Black-throated Green Warbler,4,4,Apr_W4,0.0121212,330.0
Black-throated Green Warbler,5,1,May_W1,0.1580882,272.0
Black-throated Green Warbler,5,2,May_W2,0.3412073,381.0
Black-throated Green Warbler,5,3,May_W3,0.4385027,561.0
Black-throated Green Warbler,5,4,May_W4,0.3833671,986.0
Black-throated Green Warbler,6,1,Jun_W1,0.3188623,668.0
Black-throated Green Warbler,6,2,Jun_W2,0.3438114,509.0
Black-throated Green Warbler,6,3,Jun_W3,0.3166227,379.0
Black-throated Green Warbler,6,4,Jun_W4,0.3494983,598.0
Black-throated Green Warbler,7,1,Jul_W1,0.2686981,361.0
Black-throated Green Warbler,7,2,Jul_W2,0.2860636,409.0
Black-throated Green Warbler,7,3,Jul_W3,0.2569832,358.0
Black-throated Green Warbler,7,4,Jul_W4,0.1551313,419.0
Black-throated Green Warbler,8,1,Aug_W1,0.1307692,260.0
Black-throated Green Warbler,8,2,Aug_W2,0.1683168,303.0
Black-throated Green Warbler,8,3,Aug_W3,0.1827586,290.0
Black-throated Green Warbler,8,4,Aug_W4,0.1441441,555.0
Black-throated Green Warbler,9,1,Sep_W1,0.2196721,305.0
Black-throated Green Warbler,9,2,Sep_W2,0.1769912,339.0
Black-throated Green Warbler,9,3,Sep_W3,0.0793103,290.0
Black-throated Green Warbler,9,4,Sep_W4,0.0539906,426.0
Black-throated Green Warbler,10,1,Oct_W1,0.0120846,331.0
Black-throated Green Warbler,10,2,Oct_W2,0.0,478.0
Black-throated Green Warbler,10,3,Oct_W3,0.0,282.0
Black-throated Green Warbler,10,4,Oct_W4,0.0015,383.0
Black-throated Green Warbler,11,1,Nov_W1,0.0,184.0
Black-throated Green Warbler,11,2,Nov_W2,0.0,136.0
Black-throated Green Warbler,11,3,Nov_W3,0.0,89.0
Black-throated Green Warbler,11,4,Nov_W4,0.0,105.0
Black-throated Green Warbler,12,1,Dec_W1,0.0,60.0
Black-throated Green Warbler,12,2,Dec_W2,0.0,36.0
Black-throated Green Warbler,12,3,Dec_W3,0.0,166.0
Black-throated Green Warbler,12,4,Dec_W4,0.0,100.0
Canada Warbler,1,1,Jan_W1,0.0,112.0
Canada Warbler,1,2,Jan_W2,0.0,94.0
Canada Warbler,1,3,Jan_W3,0.0,145.0
Canada Warbler,1,4,Jan_W4,0.0,125.0
Canada Warbler,2,1,Feb_W1,0.0,115.0
Canada Warbler,2,2,Feb_W2,0.0,192.0
Canada Warbler,2,3,Feb_W3,0.0,197.0
Canada Warbler,2,4,Feb_W4,0.0,63.0
Canada Warbler,3,1,Mar_W1,0.0,58.0
Canada Warbler,3,2,Mar_W2,0.0,55.0
Canada Warbler,3,3,Mar_W3,0.0,78.0
Canada Warbler,3,4,Mar_W4,0.0,163.0
Canada Warbler,4,1,Apr_W1,0.0,145.0
Canada Warbler,4,2,Apr_W2,0.0,154.0
Canada Warbler,4,3,Apr_W3,0.0,157.0
Canada Warbler,4,4,Apr_W4,0.0,330.0
Canada Warbler,5,1,May_W1,0.0,272.0
Canada Warbler,5,2,May_W2,0.0052493,381.0
Canada Warbler,5,3,May_W3,0.0427807,561.0
Canada Warbler,5,4,May_W4,0.0628803,986.0
Canada Warbler,6,1,Jun_W1,0.0209581,668.0
Canada Warbler,6,2,Jun_W2,0.0157171,509.0
Canada Warbler,6,3,Jun_W3,0.0131926,379.0
Canada Warbler,6,4,Jun_W4,0.0117057,598.0
Canada Warbler,7,1,Jul_W1,0.0,361.0
Canada Warbler,7,2,Jul_W2,0.00489,409.0
Canada Warbler,7,3,Jul_W3,0.0083799,358.0
Canada Warbler,7,4,Jul_W4,0.0047733,419.0
Canada Warbler,8,1,Aug_W1,0.0076923,260.0
Canada Warbler,8,2,Aug_W2,0.009901,303.0
Canada Warbler,8,3,Aug_W3,0.0206897,290.0
Canada Warbler,8,4,Aug_W4,0.0198198,555.0
Canada Warbler,9,1,Sep_W1,0.0196721,305.0
Canada Warbler,9,2,Sep_W2,0.0058997,339.0
Canada Warbler,9,3,Sep_W3,0.0,290.0
Canada Warbler,9,4,Sep_W4,0.0,426.0
Canada Warbler,10,1,Oct_W1,0.0,331.0
Canada Warbler,10,2,Oct_W2,0.0,478.0
Canada Warbler,10,3,Oct_W3,0.0,282.0
Canada Warbler,10,4,Oct_W4,0.0,383.0
Canada Warbler,11,1,Nov_W1,0.0,184.0
Canada Warbler,11,2,Nov_W2,0.0,136.0
Canada Warbler,11,3,Nov_W3,0.0,89.0
Canada Warbler,11,4,Nov_W4,0.0,105.0
Canada Warbler,12,1,Dec_W1,0.0,60.0
Canada Warbler,12,2,Dec_W2,0.0,36.0
Canada Warbler,12,3,Dec_W3,0.0,166.0
Canada Warbler,12,4,Dec_W4,0.0,100.0
Wilson's Warbler,1,1,Jan_W1,0.0,112.0
Wilson's Warbler,1,2,Jan_W2,0.0,94.0
Wilson's Warbler,1,3,Jan_W3,0.0,145.0
Wilson's Warbler,1,4,Jan_W4,0.0,125.0
Wilson's Warbler,2,1,Feb_W1,0.0,115.0
Wilson's Warbler,2,2,Feb_W2,0.0,192.0
Wilson's Warbler,2,3,Feb_W3,0.0,197.0
Wilson's Warbler,2,4,Feb_W4,0.0,63.0
Wilson's Warbler,3,1,Mar_W1,0.0,58.0
Wilson's Warbler,3,2,Mar_W2,0.0,55.0
Wilson's Warbler,3,3,Mar_W3,0.0,78.0
Wilson's Warbler,3,4,Mar_W4,0.0,163.0
Wilson's Warbler,4,1,Apr_W1,0.0,145.0
Wilson's Warbler,4,2,Apr_W2,0.0,154.0
Wilson's Warbler,4,3,Apr_W3,0.0,157.0
Wilson's Warbler,4,4,Apr_W4,0.0,330.0
Wilson's Warbler,5,1,May_W1,0.0,272.0
Wilson's Warbler,5,2,May_W2,0.0052493,381.0
Wilson's Warbler,5,3,May_W3,0.0499109,561.0
Wilson's Warbler,5,4,May_W4,0.0425963,986.0
Wilson's Warbler,6,1,Jun_W1,0.004491,668.0
Wilson's Warbler,6,2,Jun_W2,0.0,509.0
Wilson's Warbler,6,3,Jun_W3,0.0,379.0
Wilson's Warbler,6,4,Jun_W4,0.0,598.0
Wilson's Warbler,7,1,Jul_W1,0.0027701,361.0
Wilson's Warbler,7,2,Jul_W2,0.0,409.0
Wilson's Warbler,7,3,Jul_W3,0.0,358.0
Wilson's Warbler,7,4,Jul_W4,0.0,419.0
Wilson's Warbler,8,1,Aug_W1,0.0,260.0
Wilson's Warbler,8,2,Aug_W2,0.0033003,303.0
Wilson's Warbler,8,3,Aug_W3,0.0137931,290.0
Wilson's Warbler,8,4,Aug_W4,0.018018,555.0
Wilson's Warbler,9,1,Sep_W1,0.0229508,305.0
Wilson's Warbler,9,2,Sep_W2,0.0324484,339.0
Wilson's Warbler,9,3,Sep_W3,0.0137931,290.0
Wilson's Warbler,9,4,Sep_W4,0.0,426.0
Wilson's Warbler,10,1,Oct_W1,0.0,331.0
Wilson's Warbler,10,2,Oct_W2,0.0020921,478.0
Wilson's Warbler,10,3,Oct_W3,0.0035461,282.0
Wilson's Warbler,10,4,Oct_W4,0.002611,383.0
Wilson's Warbler,11,1,Nov_W1,0.0,184.0
Wilson's Warbler,11,2,Nov_W2,0.0,136.0
Wilson's Warbler,11,3,Nov_W3,0.0,89.0
Wilson's Warbler,11,4,Nov_W4,0.0,105.0
Wilson's Warbler,12,1,Dec_W1,0.0,60.0
Wilson's Warbler,12,2,Dec_W2,0.0,36.0
Wilson's Warbler,12,3,Dec_W3,0.0,166.0
Wilson's Warbler,12,4,Dec_W4,0.0,100.0
Summer Tanager,1,1,Jan_W1,0.0,112.0
Summer Tanager,1,2,Jan_W2,0.0,94.0
Summer Tanager,1,3,Jan_W3,0.0,145.0
Summer Tanager,1,4,Jan_W4,0.0,125.0
Summer Tanager,2,1,Feb_W1,0.0,115.0
Summer Tanager,2,2,Feb_W2,0.0,192.0
Summer Tanager,2,3,Feb_W3,0.0,197.0
Summer Tanager,2,4,Feb_W4,0.0,63.0
Summer Tanager,3,1,Mar_W1,0.0,58.0
Summer Tanager,3,2,Mar_W2,0.0,55.0
Summer Tanager,3,3,Mar_W3,0.0,78.0
Summer Tanager,3,4,Mar_W4,0.0,163.0
Summer Tanager,4,1,Apr_W1,0.0,145.0
Summer Tanager,4,2,Apr_W2,0.0,154.0
Summer Tanager,4,3,Apr_W3,0.0,157.0
Summer Tanager,4,4,Apr_W4,0.0,330.0
Summer Tanager,5,1,May_W1,0.0073529,272.0
Summer Tanager,5,2,May_W2,0.0,381.0
Summer Tanager,5,3,May_W3,0.0,561.0
Summer Tanager,5,4,May_W4,0.0081136,986.0
Summer Tanager,6,1,Jun_W1,0.0,668.0
Summer Tanager,6,2,Jun_W2,0.0,509.0
Summer Tanager,6,3,Jun_W3,0.0,379.0
Summer Tanager,6,4,Jun_W4,0.0,598.0
Summer Tanager,7,1,Jul_W1,0.0,361.0
Summer Tanager,7,2,Jul_W2,0.0,409.0
Summer Tanager,7,3,Jul_W3,0.0,358.0
Summer Tanager,7,4,Jul_W4,0.0,419.0
Summer Tanager,8,1,Aug_W1,0.0,260.0
Summer Tanager,8,2,Aug_W2,0.0,303.0
Summer Tanager,8,3,Aug_W3,0.0,290.0
Summer Tanager,8,4,Aug_W4,0.0,555.0
Summer Tanager,9,1,Sep_W1,0.0,305.0
Summer Tanager,9,2,Sep_W2,0.0,339.0
Summer Tanager,9,3,Sep_W3,0.0,290.0
Summer Tanager,9,4,Sep_W4,0.0,426.0
Summer Tanager,10,1,Oct_W1,0.0,331.0
Summer Tanager,10,2,Oct_W2,0.0,478.0
Summer Tanager,10,3,Oct_W3,0.0,282.0
Summer Tanager,10,4,Oct_W4,0.0,383.0
Summer Tanager,11,1,Nov_W1,0.0,184.0
Summer Tanager,11,2,Nov_W2,0.0,136.0
Summer Tanager,11,3,Nov_W3,0.0,89.0
Summer Tanager,11,4,Nov_W4,0.0,105.0
Summer Tanager,12,1,Dec_W1,0.0,60.0
Summer Tanager,12,2,Dec_W2,0.0,36.0
Summer Tanager,12,3,Dec_W3,0.0,166.0
Summer Tanager,12,4,Dec_W4,0.0,100.0
Scarlet Tanager,1,1,Jan_W1,0.0,112.0
Scarlet Tanager,1,2,Jan_W2,0.0,94.0
Scarlet Tanager,1,3,Jan_W3,0.0,145.0
Scarlet Tanager,1,4,Jan_W4,0.0,125.0
Scarlet Tanager,2,1,Feb_W1,0.0,115.0
Scarlet Tanager,2,2,Feb_W2,0.0,192.0
Scarlet Tanager,2,3,Feb_W3,0.0,197.0
Scarlet Tanager,2,4,Feb_W4,0.0,63.0
Scarlet Tanager,3,1,Mar_W1,0.0,58.0
Scarlet Tanager,3,2,Mar_W2,0.0,55.0
Scarlet Tanager,3,3,Mar_W3,0.0,78.0
Scarlet Tanager,3,4,Mar_W4,0.0,163.0
Scarlet Tanager,4,1,Apr_W1,0.0,145.0
Scarlet Tanager,4,2,Apr_W2,0.0,154.0
Scarlet Tanager,4,3,Apr_W3,0.0,157.0
Scarlet Tanager,4,4,Apr_W4,0.0,330.0
Scarlet Tanager,5,1,May_W1,0.0036765,272.0
Scarlet Tanager,5,2,May_W2,0.015748,381.0
Scarlet Tanager,5,3,May_W3,0.1247772,561.0
Scarlet Tanager,5,4,May_W4,0.0547667,986.0
Scarlet Tanager,6,1,Jun_W1,0.0179641,668.0
Scarlet Tanager,6,2,Jun_W2,0.0176817,509.0
Scarlet Tanager,6,3,Jun_W3,0.0026385,379.0
Scarlet Tanager,6,4,Jun_W4,0.0133779,598.0
Scarlet Tanager,7,1,Jul_W1,0.0027701,361.0
Scarlet Tanager,7,2,Jul_W2,0.007335,409.0
Scarlet Tanager,7,3,Jul_W3,0.0111732,358.0
Scarlet Tanager,7,4,Jul_W4,0.0023866,419.0
Scarlet Tanager,8,1,Aug_W1,0.0,260.0
Scarlet Tanager,8,2,Aug_W2,0.0066007,303.0
Scarlet Tanager,8,3,Aug_W3,0.0137931,290.0
Scarlet Tanager,8,4,Aug_W4,0.0108108,555.0
Scarlet Tanager,9,1,Sep_W1,0.0,305.0
Scarlet Tanager,9,2,Sep_W2,0.0029499,339.0
Scarlet Tanager,9,3,Sep_W3,0.0,290.0
Scarlet Tanager,9,4,Sep_W4,0.0,426.0
Scarlet Tanager,10,1,Oct_W1,0.0,331.0
Scarlet Tanager,10,2,Oct_W2,0.0,478.0
Scarlet Tanager,10,3,Oct_W3,0.0,282.0
Scarlet Tanager,10,4,Oct_W4,0.0,383.0
Scarlet Tanager,11,1,Nov_W1,0.0,184.0
Scarlet Tanager,11,2,Nov_W2,0.0,136.0
Scarlet Tanager,11,3,Nov_W3,0.0,89.0
Scarlet Tanager,11,4,Nov_W4,0.0,105.0
Scarlet Tanager,12,1,Dec_W1,0.0,60.0
Scarlet Tanager,12,2,Dec_W2,0.0,36.0
Scarlet Tanager,12,3,Dec_W3,0.0,166.0
Scarlet Tanager,12,4,Dec_W4,0.0,100.0
Western Tanager,1,1,Jan_W1,0.0,112.0
Western Tanager,1,2,Jan_W2,0.0,94.0
Western Tanager,1,3,Jan_W3,0.0,145.0
Western Tanager,1,4,Jan_W4,0.0,125.0
Western Tanager,2,1,Feb_W1,0.0,115.0
Western Tanager,2,2,Feb_W2,0.0,192.0
Western Tanager,2,3,Feb_W3,0.0,197.0
Western Tanager,2,4,Feb_W4,0.0,63.0
Western Tanager,3,1,Mar_W1,0.0,58.0
Western Tanager,3,2,Mar_W2,0.0,55.0
Western Tanager,3,3,Mar_W3,0.0,78.0
Western Tanager,3,4,Mar_W4,0.0,163.0
Western Tanager,4,1,Apr_W1,0.0,145.0
Western Tanager,4,2,Apr_W2,0.0,154.0
Western Tanager,4,3,Apr_W3,0.0,157.0
Western Tanager,4,4,Apr_W4,0.0,330.0
Western Tanager,5,1,May_W1,0.0,272.0
Western Tanager,5,2,May_W2,0.0,381.0
Western Tanager,5,3,May_W3,0.0285205,561.0
Western Tanager,5,4,May_W4,0.0,986.0
Western Tanager,6,1,Jun_W1,0.0,668.0
Western Tanager,6,2,Jun_W2,0.0,509.0
Western Tanager,6,3,Jun_W3,0.0,379.0
Western Tanager,6,4,Jun_W4,0.0,598.0
Western Tanager,7,1,Jul_W1,0.0,361.0
Western Tanager,7,2,Jul_W2,0.0,409.0
Western Tanager,7,3,Jul_W3,0.0,358.0
Western Tanager,7,4,Jul_W4,0.0,419.0
Western Tanager,8,1,Aug_W1,0.0,260.0
Western Tanager,8,2,Aug_W2,0.0,303.0
Western Tanager,8,3,Aug_W3,0.0,290.0
Western Tanager,8,4,Aug_W4,0.0,555.0
Western Tanager,9,1,Sep_W1,0.0,305.0
Western Tanager,9,2,Sep_W2,0.0,339.0
Western Tanager,9,3,Sep_W3,0.0,290.0
Western Tanager,9,4,Sep_W4,0.0,426.0
Western Tanager,10,1,Oct_W1,0.0,331.0
Western Tanager,10,2,Oct_W2,0.0,478.0
Western Tanager,10,3,Oct_W3,0.0,282.0
Western Tanager,10,4,Oct_W4,0.0,383.0
Western Tanager,11,1,Nov_W1,0.0,184.0
Western Tanager,11,2,Nov_W2,0.0,136.0
Western Tanager,11,3,Nov_W3,0.0,89.0
Western Tanager,11,4,Nov_W4,0.0,105.0
Western Tanager,12,1,Dec_W1,0.0,60.0
Western Tanager,12,2,Dec_W2,0.0,36.0
Western Tanager,12,3,Dec_W3,0.0,166.0
Western Tanager,12,4,Dec_W4,0.0,100.0
Northern Cardinal,1,1,Jan_W1,0.0535714,112.0
Northern Cardinal,1,2,Jan_W2,0.0319149,94.0
Northern Cardinal,1,3,Jan_W3,0.0275862,145.0
Northern Cardinal,1,4,Jan_W4,0.048,125.0
Northern Cardinal,2,1,Feb_W1,0.0521739,115.0
Northern Cardinal,2,2,Feb_W2,0.0572917,192.0
Northern Cardinal,2,3,Feb_W3,0.0913706,197.0
Northern Cardinal,2,4,Feb_W4,0.0793651,63.0
Northern Cardinal,3,1,Mar_W1,0.0344828,58.0
Northern Cardinal,3,2,Mar_W2,0.1090909,55.0
Northern Cardinal,3,3,Mar_W3,0.1410256,78.0
Northern Cardinal,3,4,Mar_W4,0.2208589,163.0
Northern Cardinal,4,1,Apr_W1,0.1103448,145.0
Northern Cardinal,4,2,Apr_W2,0.1493506,154.0
Northern Cardinal,4,3,Apr_W3,0.1273885,157.0
Northern Cardinal,4,4,Apr_W4,0.1363636,330.0
Northern Cardinal,5,1,May_W1,0.1433824,272.0
Northern Cardinal,5,2,May_W2,0.1312336,381.0
Northern Cardinal,5,3,May_W3,0.1568627,561.0
Northern Cardinal,5,4,May_W4,0.0791075,986.0
Northern Cardinal,6,1,Jun_W1,0.0434132,668.0
Northern Cardinal,6,2,Jun_W2,0.0687623,509.0
Northern Cardinal,6,3,Jun_W3,0.0738786,379.0
Northern Cardinal,6,4,Jun_W4,0.0785953,598.0
Northern Cardinal,7,1,Jul_W1,0.0415512,361.0
Northern Cardinal,7,2,Jul_W2,0.0684597,409.0
Northern Cardinal,7,3,Jul_W3,0.0726257,358.0
Northern Cardinal,7,4,Jul_W4,0.1145585,419.0
Northern Cardinal,8,1,Aug_W1,0.0884615,260.0
Northern Cardinal,8,2,Aug_W2,0.0990099,303.0
Northern Cardinal,8,3,Aug_W3,0.1068966,290.0
Northern Cardinal,8,4,Aug_W4,0.0774775,555.0
Northern Cardinal,9,1,Sep_W1,0.0754098,305.0
Northern Cardinal,9,2,Sep_W2,0.0737463,339.0
Northern Cardinal,9,3,Sep_W3,0.0551724,290.0
Northern Cardinal,9,4,Sep_W4,0.0610329,426.0
Northern Cardinal,10,1,Oct_W1,0.0483384,331.0
Northern Cardinal,10,2,Oct_W2,0.1589958,478.0
Northern Cardinal,10,3,Oct_W3,0.1241135,282.0
Northern Cardinal,10,4,Oct_W4,0.1174935,383.0
Northern Cardinal,11,1,Nov_W1,0.1467391,184.0
Northern Cardinal,11,2,Nov_W2,0.125,136.0
Northern Cardinal,11,3,Nov_W3,0.0898876,89.0
Northern Cardinal,11,4,Nov_W4,0.0380952,105.0
Northern Cardinal,12,1,Dec_W1,0.0833333,60.0
Northern Cardinal,12,2,Dec_W2,0.1111111,36.0
Northern Cardinal,12,3,Dec_W3,0.1144578,166.0
Northern Cardinal,12,4,Dec_W4,0.02,100.0
Rose-breasted Grosbeak,1,1,Jan_W1,0.0,112.0
Rose-breasted Grosbeak,1,2,Jan_W2,0.0,94.0
Rose-breasted Grosbeak,1,3,Jan_W3,0.0,145.0
Rose-breasted Grosbeak,1,4,Jan_W4,0.0,125.0
Rose-breasted Grosbeak,2,1,Feb_W1,0.0,115.0
Rose-breasted Grosbeak,2,2,Feb_W2,0.0,192.0
Rose-breasted Grosbeak,2,3,Feb_W3,0.0,197.0
Rose-breasted Grosbeak,2,4,Feb_W4,0.0,63.0
Rose-breasted Grosbeak,3,1,Mar_W1,0.0,58.0
Rose-breasted Grosbeak,3,2,Mar_W2,0.0,55.0
Rose-breasted Grosbeak,3,3,Mar_W3,0.0,78.0
Rose-breasted Grosbeak,3,4,Mar_W4,0.0,163.0
Rose-breasted Grosbeak,4,1,Apr_W1,0.0,145.0
Rose-breasted Grosbeak,4,2,Apr_W2,0.0,154.0
Rose-breasted Grosbeak,4,3,Apr_W3,0.0,157.0
Rose-breasted Grosbeak,4,4,Apr_W4,0.0,330.0
Rose-breasted Grosbeak,5,1,May_W1,0.0110294,272.0
Rose-breasted Grosbeak,5,2,May_W2,0.0813648,381.0
Rose-breasted Grosbeak,5,3,May_W3,0.1853832,561.0
Rose-breasted Grosbeak,5,4,May_W4,0.0669371,986.0
Rose-breasted Grosbeak,6,1,Jun_W1,0.0209581,668.0
Rose-breasted Grosbeak,6,2,Jun_W2,0.021611,509.0
Rose-breasted Grosbeak,6,3,Jun_W3,0.0131926,379.0
Rose-breasted Grosbeak,6,4,Jun_W4,0.0317726,598.0
Rose-breasted Grosbeak,7,1,Jul_W1,0.0083102,361.0
Rose-breasted Grosbeak,7,2,Jul_W2,0.0122249,409.0
Rose-breasted Grosbeak,7,3,Jul_W3,0.0167598,358.0
Rose-breasted Grosbeak,7,4,Jul_W4,0.0214797,419.0
Rose-breasted Grosbeak,8,1,Aug_W1,0.0230769,260.0
Rose-breasted Grosbeak,8,2,Aug_W2,0.019802,303.0
Rose-breasted Grosbeak,8,3,Aug_W3,0.0448276,290.0
Rose-breasted Grosbeak,8,4,Aug_W4,0.027027,555.0
Rose-breasted Grosbeak,9,1,Sep_W1,0.0163934,305.0
Rose-breasted Grosbeak,9,2,Sep_W2,0.0235988,339.0
Rose-breasted Grosbeak,9,3,Sep_W3,0.0068966,290.0
Rose-breasted Grosbeak,9,4,Sep_W4,0.0023474,426.0
Rose-breasted Grosbeak,10,1,Oct_W1,0.0,331.0
Rose-breasted Grosbeak,10,2,Oct_W2,0.0,478.0
Rose-breasted Grosbeak,10,3,Oct_W3,0.0,282.0
Rose-breasted Grosbeak,10,4,Oct_W4,0.0,383.0
Rose-breasted Grosbeak,11,1,Nov_W1,0.0,184.0
Rose-breasted Grosbeak,11,2,Nov_W2,0.0,136.0
Rose-breasted Grosbeak,11,3,Nov_W3,0.0,89.0
Rose-breasted Grosbeak,11,4,Nov_W4,0.0,105.0
Rose-breasted Grosbeak,12,1,Dec_W1,0.0,60.0
Rose-breasted Grosbeak,12,2,Dec_W2,0.0,36.0
Rose-breasted Grosbeak,12,3,Dec_W3,0.0,166.0
Rose-breasted Grosbeak,12,4,Dec_W4,0.0,100.0
Indigo Bunting,1,1,Jan_W1,0.0,112.0
Indigo Bunting,1,2,Jan_W2,0.0,94.0
Indigo Bunting,1,3,Jan_W3,0.0,145.0
Indigo Bunting,1,4,Jan_W4,0.0,125.0
Indigo Bunting,2,1,Feb_W1,0.0,115.0
Indigo Bunting,2,2,Feb_W2,0.0,192.0
Indigo Bunting,2,3,Feb_W3,0.0,197.0
Indigo Bunting,2,4,Feb_W4,0.0,63.0
Indigo Bunting,3,1,Mar_W1,0.0,58.0
Indigo Bunting,3,2,Mar_W2,0.0,55.0
Indigo Bunting,3,3,Mar_W3,0.0,78.0
Indigo Bunting,3,4,Mar_W4,0.0,163.0
Indigo Bunting,4,1,Apr_W1,0.0,145.0
Indigo Bunting,4,2,Apr_W2,0.0,154.0
Indigo Bunting,4,3,Apr_W3,0.0,157.0
Indigo Bunting,4,4,Apr_W4,0.0,330.0
Indigo Bunting,5,1,May_W1,0.0073529,272.0
Indigo Bunting,5,2,May_W2,0.0472441,381.0
Indigo Bunting,5,3,May_W3,0.1657754,561.0
Indigo Bunting,5,4,May_W4,0.153144,986.0
Indigo Bunting,6,1,Jun_W1,0.1302395,668.0
Indigo Bunting,6,2,Jun_W2,0.1335953,509.0
Indigo Bunting,6,3,Jun_W3,0.1424802,379.0
Indigo Bunting,6,4,Jun_W4,0.132107,598.0
Indigo Bunting,7,1,Jul_W1,0.1218837,361.0
Indigo Bunting,7,2,Jul_W2,0.1075795,409.0
Indigo Bunting,7,3,Jul_W3,0.0670391,358.0
Indigo Bunting,7,4,Jul_W4,0.0739857,419.0
Indigo Bunting,8,1,Aug_W1,0.05,260.0
Indigo Bunting,8,2,Aug_W2,0.0363036,303.0
Indigo Bunting,8,3,Aug_W3,0.0655172,290.0
Indigo Bunting,8,4,Aug_W4,0.0594595,555.0
Indigo Bunting,9,1,Sep_W1,0.0557377,305.0
Indigo Bunting,9,2,Sep_W2,0.0442478,339.0
Indigo Bunting,9,3,Sep_W3,0.0172414,290.0
Indigo Bunting,9,4,Sep_W4,0.028169,426.0
Indigo Bunting,10,1,Oct_W1,0.0090634,331.0
Indigo Bunting,10,2,Oct_W2,0.0020921,478.0
Indigo Bunting,10,3,Oct_W3,0.0,282.0
Indigo Bunting,10,4,Oct_W4,0.0,383.0
Indigo Bunting,11,1,Nov_W1,0.0,184.0
Indigo Bunting,11,2,Nov_W2,0.0,136.0
Indigo Bunting,11,3,Nov_W3,0.0,89.0
Indigo Bunting,11,4,Nov_W4,0.0,105.0
Indigo Bunting,12,1,Dec_W1,0.0,60.0
Indigo Bunting,12,2,Dec_W2,0.0,36.0
Indigo Bunting,12,3,Dec_W3,0.0,166.0
Indigo Bunting,12,4,Dec_W4,0.0,100.0
Dickcissel,1,1,Jan_W1,0.0,112.0
Dickcissel,1,2,Jan_W2,0.0,94.0
Dickcissel,1,3,Jan_W3,0.0,145.0
Dickcissel,1,4,Jan_W4,0.0,125.0
Dickcissel,2,1,Feb_W1,0.0,115.0
Dickcissel,2,2,Feb_W2,0.0,192.0
Dickcissel,2,3,Feb_W3,0.0,197.0
Dickcissel,2,4,Feb_W4,0.0,63.0
Dickcissel,3,1,Mar_W1,0.0,58.0
Dickcissel,3,2,Mar_W2,0.0,55.0
Dickcissel,3,3,Mar_W3,0.0,78.0
Dickcissel,3,4,Mar_W4,0.0,163.0
Dickcissel,4,1,Apr_W1,0.0,145.0
Dickcissel,4,2,Apr_W2,0.0,154.0
Dickcissel,4,3,Apr_W3,0.0,157.0
Dickcissel,4,4,Apr_W4,0.0,330.0
Dickcissel,5,1,May_W1,0.0036765,272.0
Dickcissel,5,2,May_W2,0.0,381.0
Dickcissel,5,3,May_W3,0.0,561.0
Dickcissel,5,4,May_W4,0.0,986.0
Dickcissel,6,1,Jun_W1,0.0,668.0
Dickcissel,6,2,Jun_W2,0.0019646,509.0
Dickcissel,6,3,Jun_W3,0.0,379.0
Dickcissel,6,4,Jun_W4,0.0033445,598.0
Dickcissel,7,1,Jul_W1,0.0055402,361.0
Dickcissel,7,2,Jul_W2,0.002445,409.0
Dickcissel,7,3,Jul_W3,0.0015,358.0
Dickcissel,7,4,Jul_W4,0.0015,419.0
Dickcissel,8,1,Aug_W1,0.0,260.0
Dickcissel,8,2,Aug_W2,0.0,303.0
Dickcissel,8,3,Aug_W3,0.0,290.0
Dickcissel,8,4,Aug_W4,0.0,555.0
Dickcissel,9,1,Sep_W1,0.0032787,305.0
Dickcissel,9,2,Sep_W2,0.0029499,339.0
Dickcissel,9,3,Sep_W3,0.0068966,290.0
Dickcissel,9,4,Sep_W4,0.0046948,426.0
Dickcissel,10,1,Oct_W1,0.0030211,331.0
Dickcissel,10,2,Oct_W2,0.0,478.0
Dickcissel,10,3,Oct_W3,0.0,282.0
Dickcissel,10,4,Oct_W4,0.0,383.0
Dickcissel,11,1,Nov_W1,0.0,184.0
Dickcissel,11,2,Nov_W2,0.0,136.0
Dickcissel,11,3,Nov_W3,0.0,89.0
Dickcissel,11,4,Nov_W4,0.0,105.0
Dickcissel,12,1,Dec_W1,0.0,60.0
Dickcissel,12,2,Dec_W2,0.0,36.0
Dickcissel,12,3,Dec_W3,0.0,166.0
Dickcissel,12,4,Dec_W4,0.0,100.0
