









Frequency of observations in the selected location(s).:
Number of taxa: 	386

	Jan				Feb				Mar				Apr				May				Jun				Jul				Aug				Sep				Oct				Nov				Dec				
Sample Size:	112.0	94.0	145.0	125.0	115.0	192.0	197.0	63.0	58.0	55.0	78.0	163.0	145.0	154.0	157.0	330.0	272.0	381.0	561.0	986.0	668.0	509.0	379.0	598.0	361.0	409.0	358.0	419.0	260.0	303.0	290.0	555.0	305.0	339.0	290.0	426.0	331.0	478.0	282.0	383.0	184.0	136.0	89.0	105.0	60.0	36.0	166.0	100.0	

Snow Goose	0.0	0.0	0.0	0.0	0.0	0.0	0.0	0.0	0.0	0.0	0.0	0.0184049	0.0068966	0.0064935	0.0063694	0.0151515	0.0073529	0.0	0.0	0.0	0.0	0.0	0.0	0.0	0.0	0.0	0.0	0.0	0.0	0.0	0.0	0.0	0.0	0.0	0.0	0.0023474	0.0151057	0.0104603	0.0319149	0.0	0.0	0.0	0.0	0.0	0.0	0.0	0.0	0.0	
Ross's Goose	0.0	0.0	0.0	0.0	0.0	0.0	0.0	0.0	0.0	0.0	0.0	0.0	0.0	0.0	0.0	0.0030303	0.0	0.0	0.0	0.0	0.0	0.0	0.0	0.0	0.0	0.0	0.0	0.0	0.0	0.0	0.0	0.0	0.0	0.0	0.0	0.0	0.0030211	0.0	0.0	0.0	0.0	0.0	0.0	0.0	0.0	0.0	0.0	0.0	
Snow/Ross's Goose	0.0	0.0	0.0	0.0	0.0	0.0	0.0	0.0	0.0	0.0	0.0	0.0	0.0	0.0	0.0	0.0	0.0	0.0	0.0	0.0	0.0	0.0	0.0	0.0	0.0	0.0	0.0	0.0	0.0	0.0033003	0.0	0.0	0.0	0.0	0.0	0.0	0.0	0.0	0.0	0.0	0.0	0.0	0.0	0.0	0.0	0.0	0.0	0.0	
Greater White-fronted Goose	0.0	0.0	0.0	0.0	0.0	0.0052083	0.0	0.0	0.0	0.0	0.0	0.0	0.0	0.012987	0.0	0.0030303	0.0	0.0	0.0	0.0	0.0	0.0	0.0	0.0	0.0	0.0	0.0	0.0	0.0	0.0	0.0	0.0	0.0	0.0	0.0	0.0	0.0	0.0	0.0	0.0	0.0	0.0	0.0	0.0	0.0	0.0	0.0	0.0	
Brant	0.0	0.0	0.0	0.0	0.0	0.0	0.0	0.0	0.0	0.0	0.0	0.0	0.0	0.0	0.0	0.0	0.0	0.0	0.0015	0.0	0.0	0.0	0.0	0.0	0.0	0.0	0.0	0.0	0.0	0.0	0.0	0.0	0.0	0.0	0.0	0.0	0.0	0.0	0.0	0.0	0.0	0.0	0.0	0.0	0.0	0.0	0.0	0.0	
Cackling Goose	0.0	0.0	0.0	0.0	0.0	0.0	0.0	0.0	0.0	0.0	0.0	0.0122699	0.0	0.0064935	0.0063694	0.0060606	0.0	0.0	0.0	0.0	0.0	0.0	0.0	0.0	0.0	0.0	0.0	0.0	0.0	0.0	0.0	0.0	0.0065574	0.0058997	0.0034483	0.0046948	0.0030211	0.0	0.0	0.002611	0.0	0.0	0.0	0.0	0.0	0.0	0.0	0.0	
Canada Goose	0.0178571	0.0015	0.0068966	0.0	0.0086957	0.0052083	0.0101523	0.047619	0.0517241	0.2	0.3717949	0.6134969	0.5793103	0.5584416	0.5541401	0.5545455	0.5147059	0.4173228	0.4491979	0.4705882	0.4146707	0.3968566	0.3693931	0.264214	0.2825485	0.3471883	0.4022346	0.4677804	0.4038462	0.3366337	0.3034483	0.3891892	0.4131148	0.480826	0.5551724	0.4577465	0.3836858	0.3096234	0.4078014	0.2819843	0.201087	0.1764706	0.1235955	0.0952381	0.1	0.0555556	0.0722892	0.02	
Cackling/Canada Goose	0.0	0.0	0.0	0.0	0.0	0.0	0.0	0.0	0.0	0.0	0.0	0.0	0.0	0.0064935	0.0	0.0030303	0.0	0.0	0.0	0.0	0.0	0.0019646	0.0	0.0	0.0	0.0	0.0	0.0	0.0	0.0	0.0	0.0	0.0032787	0.0	0.0	0.0070423	0.0060423	0.0	0.0	0.0	0.0	0.0	0.0	0.0	0.0	0.0	0.0	0.0	
Mute Swan	0.0446429	0.0851064	0.0689655	0.032	0.0695652	0.0208333	0.0203046	0.0634921	0.0344828	0.1272727	0.1410256	0.2147239	0.1655172	0.1818182	0.1146497	0.1666667	0.125	0.1496063	0.1586453	0.1572008	0.1377246	0.1060904	0.1055409	0.0769231	0.0387812	0.0562347	0.0698324	0.0644391	0.05	0.0330033	0.0689655	0.0558559	0.0721311	0.079646	0.0827586	0.1056338	0.1178248	0.0753138	0.1631206	0.2088773	0.2282609	0.2279412	0.1348315	0.2	0.3	0.1111111	0.1024096	0.15	
Trumpeter Swan	0.0535714	0.0106383	0.0206897	0.008	0.0086957	0.0015	0.0050761	0.015873	0.0172414	0.0015	0.0128205	0.006135	0.0137931	0.038961	0.0318471	0.030303	0.0294118	0.0209974	0.0160428	0.0182556	0.0149701	0.0275049	0.0290237	0.006689	0.0110803	0.00489	0.0111732	0.0047733	0.0038462	0.0015	0.0103448	0.0144144	0.0098361	0.0117994	0.0034483	0.0140845	0.0271903	0.0167364	0.0602837	0.0156658	0.0380435	0.0294118	0.0786517	0.0761905	0.05	0.0277778	0.0120482	0.02	
Tundra Swan	0.0178571	0.0	0.0206897	0.008	0.0086957	0.0052083	0.0050761	0.0	0.0	0.0	0.0	0.0122699	0.0068966	0.012987	0.0127389	0.0242424	0.0073529	0.0026247	0.0015	0.0040568	0.004491	0.0058939	0.0	0.0	0.0	0.0	0.0	0.0	0.0	0.0	0.0	0.0	0.0	0.0	0.0	0.0	0.0	0.0015	0.0035461	0.0365535	0.0978261	0.1691176	0.1235955	0.1333333	0.0333333	0.0	0.0421687	0.03	
Trumpeter/Tundra Swan	0.0	0.0	0.0	0.008	0.0	0.0	0.0	0.0	0.0015	0.0	0.0	0.006135	0.0	0.012987	0.0063694	0.0060606	0.0073529	0.0026247	0.0	0.0	0.001497	0.0	0.0	0.0	0.0	0.0	0.0	0.0015	0.0	0.0	0.0	0.0	0.0	0.0	0.0	0.0	0.0	0.0020921	0.0	0.0	0.0054348	0.0073529	0.0	0.0095238	0.0166667	0.0	0.0015	0.05	
swan sp.	0.0089286	0.0	0.0	0.0	0.0015	0.0	0.0101523	0.015873	0.0	0.0	0.025641	0.0490798	0.0206897	0.0324675	0.0382166	0.0181818	0.0073529	0.0052493	0.0053476	0.0060852	0.004491	0.0	0.005277	0.0015	0.0	0.0	0.0	0.0	0.0076923	0.0015	0.0	0.0018018	0.0032787	0.0015	0.0068966	0.0	0.0	0.0020921	0.0070922	0.002611	0.0	0.0	0.0	0.0	0.0333333	0.0	0.0120482	0.0	
Wood Duck	0.0	0.0	0.0	0.0	0.0	0.0	0.0	0.0	0.0	0.0	0.0128205	0.0245399	0.0689655	0.0649351	0.0764331	0.0484848	0.0257353	0.023622	0.0196078	0.0233266	0.0374251	0.0294695	0.0158311	0.0267559	0.0166205	0.0171149	0.0195531	0.0381862	0.0153846	0.0363036	0.0275862	0.0486486	0.0655738	0.0294985	0.0448276	0.0375587	0.0090634	0.0104603	0.0177305	0.002611	0.0054348	0.0073529	0.0	0.0	0.0	0.0	0.0	0.0	
Blue-winged Teal	0.0	0.0	0.0	0.0	0.0	0.0	0.0	0.0	0.0	0.0	0.0	0.0	0.0275862	0.0194805	0.089172	0.0939394	0.0992647	0.0446194	0.030303	0.0314402	0.0209581	0.0117878	0.005277	0.0016722	0.0055402	0.002445	0.0	0.0047733	0.0038462	0.0066007	0.0275862	0.0468468	0.0885246	0.0589971	0.0448276	0.0352113	0.0090634	0.0062762	0.0106383	0.0052219	0.0015	0.0	0.0	0.0	0.0	0.0	0.0	0.0	
Northern Shoveler	0.0	0.0	0.0	0.0	0.0	0.0	0.0	0.0	0.0	0.0	0.0	0.0122699	0.0137931	0.0454545	0.0509554	0.0666667	0.0625	0.0183727	0.0178253	0.0070994	0.004491	0.0078585	0.0	0.0016722	0.0015	0.0	0.0027933	0.0	0.0	0.0033003	0.0	0.0054054	0.0065574	0.0058997	0.0275862	0.0234742	0.0060423	0.0041841	0.0106383	0.0	0.0	0.0	0.011236	0.0	0.0	0.0	0.0	0.0	
Gadwall	0.0015	0.0212766	0.0	0.0	0.0	0.0	0.0	0.0	0.0172414	0.0	0.0	0.0122699	0.0	0.0454545	0.0955414	0.0909091	0.0698529	0.0472441	0.0320856	0.0334686	0.0329341	0.0196464	0.0184697	0.0050167	0.0055402	0.007335	0.0	0.0023866	0.0076923	0.0033003	0.0034483	0.0198198	0.0262295	0.0088496	0.0344828	0.0586854	0.0513595	0.0313808	0.0496454	0.075718	0.0271739	0.0147059	0.0337079	0.0095238	0.05	0.0	0.0060241	0.0015	
Eurasian Wigeon	0.0	0.0	0.0	0.0	0.0	0.0	0.0	0.0	0.0	0.0	0.0	0.0	0.0	0.0	0.0	0.0015	0.0110294	0.0026247	0.0	0.0	0.0	0.0	0.0	0.0	0.0	0.0	0.0	0.0	0.0	0.0	0.0	0.0	0.0	0.0	0.0	0.0	0.0	0.0	0.0	0.0	0.0	0.0	0.0	0.0	0.0	0.0	0.0	0.0	
American Wigeon	0.0	0.0	0.0	0.0	0.0	0.0	0.0	0.0	0.0172414	0.0	0.0	0.0306748	0.0551724	0.1168831	0.1210191	0.1666667	0.1176471	0.0446194	0.0516934	0.0476673	0.0299401	0.0235756	0.0158311	0.0016722	0.0	0.002445	0.0027933	0.0071599	0.0015	0.0	0.0	0.027027	0.0163934	0.0176991	0.0482759	0.0586854	0.060423	0.0334728	0.0602837	0.0548303	0.048913	0.0073529	0.0	0.0	0.0	0.0	0.0	0.0	
Mallard	0.1339286	0.1382979	0.1310345	0.04	0.0521739	0.015625	0.0812183	0.0793651	0.0344828	0.1454545	0.1923077	0.4355828	0.3724138	0.4350649	0.5477707	0.530303	0.4779412	0.3490814	0.3404635	0.3975659	0.3907186	0.3320236	0.3034301	0.2073579	0.1828255	0.2591687	0.2430168	0.3054893	0.2461538	0.2673267	0.2724138	0.4	0.3540984	0.3834808	0.4827586	0.3755869	0.3172205	0.3284519	0.3971631	0.3603133	0.423913	0.375	0.2696629	0.3333333	0.3166667	0.3333333	0.2349398	0.13	
American Black Duck	0.0015	0.0319149	0.0344828	0.008	0.0173913	0.0015	0.0101523	0.0	0.0172414	0.0	0.025641	0.0981595	0.1034483	0.1298701	0.0636943	0.0666667	0.0147059	0.015748	0.0106952	0.020284	0.008982	0.0157171	0.0079156	0.0083612	0.0055402	0.00978	0.027933	0.0214797	0.0269231	0.0264026	0.0310345	0.0252252	0.0295082	0.0294985	0.037931	0.0469484	0.060423	0.0627615	0.0425532	0.0835509	0.0869565	0.0735294	0.1011236	0.0666667	0.0833333	0.0833333	0.0843373	0.0	
Mallard x American Black Duck (hybrid)	0.0	0.0	0.0	0.0	0.0	0.0	0.0	0.0	0.0	0.0	0.0	0.0	0.0	0.0064935	0.0	0.0060606	0.0	0.0026247	0.0035651	0.0	0.0	0.0	0.0	0.0	0.0027701	0.0	0.0	0.0	0.0038462	0.0	0.0	0.0018018	0.0065574	0.0	0.0	0.0046948	0.0	0.0	0.0	0.0	0.0	0.0	0.0	0.0	0.0	0.0	0.0	0.0	
Mallard/American Black Duck	0.0	0.0	0.0	0.0	0.0	0.0	0.0	0.0	0.0	0.0	0.0	0.0	0.0	0.0	0.0	0.0	0.0	0.0	0.0	0.0	0.001497	0.0	0.0	0.0	0.0027701	0.0	0.0	0.0	0.0	0.0033003	0.0	0.0018018	0.0	0.0	0.0034483	0.0046948	0.0	0.0	0.0	0.0	0.0	0.0	0.0	0.0	0.0	0.0	0.0	0.0	
Northern Pintail	0.0	0.0106383	0.0	0.0	0.0	0.0	0.0	0.0	0.0	0.0	0.0128205	0.0368098	0.0551724	0.0909091	0.1210191	0.0787879	0.0661765	0.0131234	0.0017825	0.0020284	0.0	0.0	0.0	0.0016722	0.0	0.0	0.0	0.0	0.0	0.0	0.0068966	0.0036036	0.0098361	0.0088496	0.062069	0.0469484	0.0302115	0.0209205	0.0177305	0.002611	0.0	0.0073529	0.0	0.0	0.0	0.0	0.0	0.0	
Green-winged Teal	0.0	0.0	0.0	0.0	0.0	0.0	0.0	0.0	0.0	0.0	0.0	0.0	0.0137931	0.0714286	0.1528662	0.1151515	0.1102941	0.0367454	0.0213904	0.005071	0.0134731	0.0078585	0.0026385	0.0	0.0	0.002445	0.0055866	0.0023866	0.0076923	0.0015	0.0310345	0.045045	0.0262295	0.0383481	0.062069	0.0610329	0.0332326	0.0230126	0.0957447	0.0496084	0.0326087	0.0073529	0.011236	0.0	0.0	0.0	0.0	0.0	
teal sp.	0.0	0.0	0.0	0.0	0.0	0.0	0.0	0.0	0.0	0.0	0.0	0.0	0.0	0.0064935	0.0127389	0.0	0.0	0.0	0.0	0.0	0.0	0.0	0.0	0.0	0.0027701	0.0	0.0027933	0.0	0.0	0.0	0.0	0.0	0.0	0.0	0.0	0.0070423	0.0030211	0.0020921	0.0	0.002611	0.0	0.0	0.0	0.0	0.0	0.0	0.0	0.0	
dabbling duck sp.	0.0	0.0	0.0	0.0	0.0	0.0	0.0	0.0	0.0	0.0	0.0	0.0	0.0	0.012987	0.0063694	0.0060606	0.0073529	0.0026247	0.0	0.0	0.0	0.0019646	0.0	0.0	0.0	0.0	0.0	0.0023866	0.0038462	0.0033003	0.0034483	0.0	0.0	0.0058997	0.0068966	0.0046948	0.0060423	0.0062762	0.0070922	0.0052219	0.0054348	0.0	0.0	0.0	0.0	0.0	0.0	0.0	
Canvasback	0.0089286	0.0106383	0.0	0.0015	0.0	0.0	0.0	0.0	0.0	0.0	0.0	0.0122699	0.0413793	0.0584416	0.044586	0.0818182	0.0514706	0.0367454	0.0285205	0.0223124	0.005988	0.0039293	0.0079156	0.0015	0.0	0.0	0.0	0.0	0.0076923	0.0066007	0.0	0.0144144	0.0163934	0.0117994	0.0172414	0.0023474	0.0060423	0.0104603	0.0070922	0.0313316	0.0163043	0.0294118	0.0224719	0.0	0.0333333	0.0	0.0015	0.0	
Redhead	0.125	0.1276596	0.1172414	0.072	0.026087	0.0208333	0.0101523	0.0	0.0172414	0.0545455	0.2051282	0.3312883	0.2275862	0.2077922	0.1974522	0.2212121	0.1360294	0.0944882	0.0427807	0.015213	0.0149701	0.0058939	0.005277	0.0	0.0027701	0.002445	0.0055866	0.0071599	0.0115385	0.009901	0.0310345	0.0342342	0.0622951	0.0530973	0.1586207	0.2112676	0.244713	0.2615063	0.3687943	0.4412533	0.4782609	0.4191176	0.2808989	0.2666667	0.25	0.1388889	0.1927711	0.14	
Ring-necked Duck	0.0	0.0	0.0	0.0	0.0	0.0	0.0	0.0	0.0	0.0015	0.0128205	0.1042945	0.0344828	0.1168831	0.1210191	0.1606061	0.0919118	0.0577428	0.0285205	0.0243408	0.0329341	0.0137525	0.0184697	0.0083612	0.0055402	0.00489	0.0055866	0.0119332	0.0076923	0.0033003	0.0034483	0.018018	0.0032787	0.0	0.0068966	0.0258216	0.0151057	0.0292887	0.0177305	0.0234987	0.0326087	0.0147059	0.0	0.0095238	0.0	0.0	0.0060241	0.01	
Greater Scaup	0.0	0.0106383	0.0015	0.008	0.0086957	0.0015	0.0	0.0	0.0	0.0	0.0384615	0.1226994	0.0896552	0.1428571	0.1719745	0.1393939	0.125	0.0498688	0.0249554	0.010142	0.0015	0.0	0.0	0.0	0.0015	0.0	0.0	0.0	0.0038462	0.0	0.0	0.0	0.0	0.0147493	0.0448276	0.0680751	0.081571	0.0878661	0.1028369	0.0861619	0.1141304	0.0367647	0.0224719	0.0285714	0.0166667	0.0	0.0361446	0.0	
Lesser Scaup	0.0089286	0.0	0.0	0.0	0.0086957	0.0	0.0	0.0	0.0	0.0	0.025641	0.0736196	0.0551724	0.1233766	0.1592357	0.2030303	0.1507353	0.0682415	0.0552585	0.0212982	0.001497	0.0019646	0.0	0.0016722	0.0	0.00489	0.0	0.0047733	0.0	0.0	0.0	0.009009	0.0032787	0.0147493	0.0655172	0.084507	0.1238671	0.08159	0.1312057	0.0939948	0.1304348	0.0735294	0.0337079	0.0095238	0.0166667	0.0	0.0060241	0.0	
Greater/Lesser Scaup	0.0	0.0	0.0	0.0	0.0	0.0	0.0	0.0	0.0	0.0	0.0128205	0.0245399	0.0206897	0.0779221	0.0764331	0.0909091	0.0772059	0.0419948	0.0106952	0.0020284	0.001497	0.0	0.0015	0.0	0.0	0.0	0.0	0.0	0.0	0.0033003	0.0	0.0018018	0.0	0.0029499	0.0	0.0187793	0.0332326	0.041841	0.0425532	0.0443864	0.0380435	0.0220588	0.0224719	0.0095238	0.0	0.0	0.0060241	0.01	
Aythya sp.	0.0	0.0212766	0.0	0.0	0.0	0.0	0.0	0.0	0.0	0.0015	0.025641	0.0490798	0.0551724	0.0779221	0.0509554	0.0181818	0.0183824	0.0052493	0.0017825	0.0015	0.0	0.0	0.0	0.0	0.0	0.0	0.0	0.0	0.0	0.0	0.0	0.0036036	0.0032787	0.0	0.0172414	0.0446009	0.0543807	0.041841	0.0567376	0.0574413	0.0326087	0.0073529	0.0	0.0	0.0	0.0	0.0180723	0.0015	
Harlequin Duck	0.0	0.0	0.0	0.0	0.0	0.0	0.0	0.0	0.0	0.0	0.0	0.0	0.0068966	0.0	0.0063694	0.0	0.0	0.0026247	0.0	0.0	0.0	0.0	0.0	0.0	0.0	0.0	0.0	0.0	0.0	0.0	0.0	0.0	0.0	0.0	0.0	0.0	0.0	0.0	0.0	0.0130548	0.0108696	0.0	0.0	0.0	0.0166667	0.0277778	0.0	0.0	
Surf Scoter	0.0	0.0	0.0	0.0	0.0	0.0	0.0	0.0	0.0	0.0	0.0	0.006135	0.0	0.0064935	0.0	0.0090909	0.0147059	0.0	0.0035651	0.0	0.0	0.0	0.0	0.0	0.0	0.0	0.0	0.0	0.0	0.0	0.0	0.0018018	0.0	0.0029499	0.0	0.0164319	0.0392749	0.0585774	0.070922	0.0678851	0.0108696	0.0294118	0.0	0.0	0.0	0.0	0.0	0.0	
White-winged Scoter	0.0089286	0.0	0.0137931	0.008	0.0	0.0	0.0	0.0	0.0	0.0	0.0128205	0.0552147	0.0344828	0.0909091	0.0700637	0.0848485	0.0588235	0.0629921	0.0231729	0.0040568	0.0	0.0	0.0	0.0	0.0	0.00489	0.0	0.0	0.0	0.0	0.0	0.0054054	0.0065574	0.0117994	0.0448276	0.0633803	0.081571	0.1464435	0.248227	0.2402089	0.2554348	0.1838235	0.0786517	0.0380952	0.0333333	0.0277778	0.0481928	0.01	
Black Scoter	0.0	0.0	0.0	0.0	0.0	0.0	0.0050761	0.0	0.0	0.0	0.0	0.0	0.0	0.0	0.0063694	0.0121212	0.0073529	0.0026247	0.0035651	0.0060852	0.001497	0.0	0.0	0.0	0.0	0.0	0.0	0.0	0.0	0.0	0.0	0.0	0.0	0.0	0.0	0.0	0.0030211	0.0209205	0.0283688	0.0652742	0.0326087	0.0220588	0.0224719	0.0285714	0.0015	0.0	0.0060241	0.0	
Surf/Black Scoter	0.0	0.0	0.0	0.0	0.0	0.0	0.0	0.0	0.0	0.0	0.0	0.0	0.0	0.0	0.0	0.0030303	0.0	0.0	0.0	0.0	0.0	0.0	0.0	0.0	0.0	0.0	0.0	0.0	0.0	0.0	0.0	0.0	0.0	0.0	0.0068966	0.0046948	0.0060423	0.0209205	0.0106383	0.0104439	0.0054348	0.0073529	0.0	0.0	0.0	0.0	0.0	0.0	
scoter sp.	0.0	0.0	0.0	0.0	0.0	0.0	0.0	0.0	0.0	0.0	0.0	0.0	0.0	0.0	0.0	0.0	0.0036765	0.0	0.0	0.0	0.0	0.0	0.0	0.0	0.0	0.0	0.0	0.0	0.0	0.0	0.0	0.0	0.0	0.0	0.0034483	0.0	0.0030211	0.0146444	0.0141844	0.0208877	0.0	0.0073529	0.011236	0.0	0.0	0.0	0.0	0.0	
Long-tailed Duck	0.0535714	0.0957447	0.0551724	0.016	0.026087	0.0104167	0.0	0.0	0.0172414	0.0	0.0897436	0.1717791	0.1655172	0.1948052	0.1401274	0.2090909	0.1801471	0.1154856	0.0891266	0.0212982	0.0	0.0	0.0	0.0	0.0	0.0	0.0	0.0	0.0	0.0015	0.0103448	0.0144144	0.0131148	0.0294985	0.0137931	0.0140845	0.0332326	0.0920502	0.2021277	0.2793734	0.375	0.2573529	0.1123596	0.1238095	0.2	0.1388889	0.2409639	0.05	
Bufflehead	0.0267857	0.0212766	0.0068966	0.008	0.0173913	0.0	0.0	0.0	0.0	0.0	0.0512821	0.2392638	0.2689655	0.4025974	0.4203822	0.430303	0.3602941	0.1968504	0.0695187	0.0121704	0.008982	0.0039293	0.0	0.0	0.0	0.0	0.0027933	0.0	0.0	0.0033003	0.0034483	0.0	0.0015	0.0	0.0103448	0.0093897	0.0060423	0.0209205	0.0921986	0.2088773	0.2934783	0.2794118	0.2134831	0.1714286	0.15	0.0015	0.0361446	0.05	
Common Goldeneye	0.2142857	0.2021277	0.1655172	0.144	0.1304348	0.0833333	0.0304569	0.047619	0.0862069	0.1818182	0.2564103	0.4662577	0.4758621	0.3961039	0.3312102	0.3393939	0.2536765	0.1653543	0.1229947	0.0882353	0.0613772	0.0746562	0.0580475	0.0334448	0.0249307	0.0391198	0.027933	0.0167064	0.0230769	0.009901	0.0310345	0.0378378	0.1016393	0.100295	0.1103448	0.0985915	0.102719	0.1150628	0.1595745	0.2480418	0.4402174	0.3897059	0.3370787	0.4190476	0.45	0.2777778	0.373494	0.32	
Hooded Merganser	0.0089286	0.0106383	0.0137931	0.008	0.0086957	0.0052083	0.0	0.0	0.0172414	0.0	0.0384615	0.1779141	0.1931034	0.1753247	0.1146497	0.1484848	0.0772059	0.0524934	0.0516934	0.025355	0.0389222	0.0353635	0.0422164	0.0351171	0.0249307	0.0440098	0.0391061	0.0286396	0.0538462	0.049505	0.0655172	0.1063063	0.1540984	0.1681416	0.2586207	0.2089202	0.1812689	0.1548117	0.1843972	0.2950392	0.3043478	0.2720588	0.1910112	0.1333333	0.0833333	0.0	0.0542169	0.02	
Common Merganser	0.0625	0.106383	0.0758621	0.064	0.0521739	0.0677083	0.035533	0.015873	0.0344828	0.1272727	0.2820513	0.398773	0.3517241	0.3636364	0.3375796	0.4393939	0.4485294	0.343832	0.3368984	0.296146	0.2769461	0.2612967	0.2242744	0.2240803	0.2216066	0.2151589	0.2039106	0.1957041	0.1423077	0.1452145	0.162069	0.2054054	0.3016393	0.3185841	0.3965517	0.3732394	0.3897281	0.290795	0.3546099	0.3368146	0.3641304	0.3161765	0.2359551	0.2285714	0.2333333	0.1388889	0.1686747	0.1	
Red-breasted Merganser	0.0982143	0.0638298	0.0896552	0.104	0.0521739	0.0729167	0.0050761	0.015873	0.0344828	0.0545455	0.2179487	0.3312883	0.4068966	0.3506494	0.3566879	0.4363636	0.3897059	0.3228346	0.2941176	0.2119675	0.1287425	0.1453831	0.1688654	0.0886288	0.0609418	0.0929095	0.0977654	0.0763723	0.0961538	0.0429043	0.0551724	0.0972973	0.104918	0.1681416	0.2413793	0.258216	0.2416918	0.2175732	0.3191489	0.3655352	0.4076087	0.3382353	0.2359551	0.2	0.2333333	0.2222222	0.2409639	0.12	
Common/Red-breasted Merganser	0.0	0.0	0.0	0.008	0.0	0.0	0.0015	0.0	0.0172414	0.0	0.025641	0.0552147	0.0275862	0.0324675	0.0127389	0.0181818	0.0	0.0026247	0.0089127	0.0040568	0.004491	0.0039293	0.0026385	0.0015	0.0055402	0.00489	0.0167598	0.0095465	0.0153846	0.0066007	0.0172414	0.0144144	0.0015	0.0117994	0.0137931	0.0305164	0.0181269	0.0125523	0.0177305	0.0261097	0.0271739	0.0	0.0224719	0.0	0.0	0.0277778	0.0361446	0.0	
merganser sp.	0.0	0.0	0.0	0.0	0.0	0.0	0.0	0.0	0.0	0.0	0.0	0.0	0.0	0.0	0.0	0.0	0.0	0.0	0.0017825	0.0	0.0015	0.0	0.0	0.0	0.0	0.0	0.0	0.0	0.0	0.0	0.0	0.0	0.0	0.0	0.0	0.0	0.0	0.0	0.0	0.0	0.0	0.0	0.0	0.0	0.0	0.0	0.0	0.0	
Ruddy Duck	0.0	0.0	0.0	0.0	0.0	0.0	0.0	0.0	0.0	0.0	0.0	0.0	0.0	0.0	0.0063694	0.0090909	0.0073529	0.0052493	0.0035651	0.0030426	0.0	0.0	0.0	0.0	0.0	0.0	0.0	0.0	0.0	0.0	0.0	0.0	0.0	0.0	0.0	0.0	0.0030211	0.0	0.0	0.0	0.0	0.0	0.0	0.0	0.0	0.0	0.0	0.0	
duck sp.	0.0267857	0.0106383	0.0	0.024	0.0	0.0052083	0.0	0.0	0.0	0.0181818	0.0769231	0.1226994	0.0689655	0.0779221	0.0573248	0.0242424	0.0220588	0.0104987	0.0035651	0.0040568	0.004491	0.0098232	0.005277	0.0050167	0.0055402	0.007335	0.0015	0.0071599	0.0153846	0.0033003	0.0068966	0.0126126	0.0163934	0.0176991	0.0517241	0.0399061	0.0422961	0.0481172	0.0496454	0.0652742	0.0434783	0.0073529	0.0449438	0.047619	0.0666667	0.0277778	0.0060241	0.0	
Northern Bobwhite	0.0	0.0	0.0	0.0	0.0	0.0	0.0	0.0	0.0	0.0	0.0	0.0	0.0	0.0	0.0	0.0	0.0	0.0	0.0	0.0	0.0	0.0	0.0	0.0	0.0	0.0	0.0	0.0047733	0.0	0.0	0.0	0.0	0.0	0.0	0.0	0.0	0.0	0.0	0.0	0.0	0.0	0.0	0.0	0.0	0.0	0.0	0.0	0.0	
Wild Turkey	0.0357143	0.0531915	0.0551724	0.104	0.0521739	0.0520833	0.0304569	0.0952381	0.0517241	0.0545455	0.0128205	0.0122699	0.0275862	0.0194805	0.0382166	0.0090909	0.0110294	0.015748	0.0071301	0.0091278	0.004491	0.0078585	0.005277	0.0100334	0.0015	0.0122249	0.0027933	0.0095465	0.0038462	0.0015	0.0034483	0.0054054	0.0065574	0.0058997	0.0015	0.0093897	0.0015	0.0041841	0.0035461	0.0	0.0	0.0220588	0.0	0.0	0.0166667	0.0	0.0662651	0.01	
Ruffed Grouse	0.0446429	0.0212766	0.0275862	0.008	0.0521739	0.0520833	0.0253807	0.0	0.0517241	0.0181818	0.0384615	0.006135	0.0206897	0.012987	0.0191083	0.0272727	0.0294118	0.0314961	0.0392157	0.0344828	0.0583832	0.0235756	0.0158311	0.0167224	0.0083102	0.00489	0.0139665	0.0047733	0.0115385	0.019802	0.0015	0.0108108	0.0196721	0.0058997	0.0172414	0.0305164	0.0151057	0.0083682	0.0212766	0.0234987	0.0108696	0.0073529	0.1123596	0.0380952	0.05	0.0277778	0.0481928	0.04	
Sharp-tailed Grouse	0.0267857	0.0425532	0.0206897	0.056	0.0782609	0.046875	0.035533	0.1111111	0.0689655	0.0363636	0.025641	0.0245399	0.0344828	0.025974	0.0127389	0.0030303	0.0036765	0.007874	0.0035651	0.0030426	0.004491	0.0019646	0.0	0.0016722	0.0027701	0.002445	0.0027933	0.0	0.0015	0.0	0.0	0.0	0.0	0.0029499	0.0015	0.0	0.0030211	0.0083682	0.0070922	0.0234987	0.0217391	0.0514706	0.011236	0.0380952	0.0166667	0.0277778	0.0301205	0.01	
Spruce Grouse	0.0	0.0	0.0068966	0.0	0.0	0.0	0.0	0.0	0.0	0.0	0.0	0.0	0.0	0.0	0.0	0.0	0.0	0.0015	0.0	0.0	0.001497	0.0019646	0.0	0.0015	0.0027701	0.002445	0.0	0.0	0.0	0.0033003	0.0	0.0	0.0065574	0.0029499	0.0015	0.0	0.0	0.0	0.0015	0.0	0.0	0.0	0.0	0.0	0.0015	0.0	0.0	0.0	
grouse sp.	0.0	0.0	0.0	0.0	0.0	0.0	0.0	0.0	0.0	0.0	0.0	0.0	0.0	0.0	0.0	0.0	0.0	0.0	0.0	0.0	0.001497	0.0	0.0	0.0	0.0	0.0	0.0	0.0	0.0038462	0.0	0.0	0.0	0.0	0.0	0.0	0.0023474	0.0	0.0	0.0	0.0	0.0	0.0	0.0	0.0	0.0	0.0	0.0	0.0	
Ring-necked Pheasant	0.0	0.0	0.0	0.0	0.0	0.0	0.0	0.0	0.0	0.0	0.0	0.0	0.0	0.0015	0.0	0.0	0.0	0.0	0.0	0.0	0.0	0.0	0.0	0.0	0.0	0.0	0.0	0.0	0.0	0.0	0.0	0.0	0.0	0.0	0.0	0.0	0.0	0.0	0.0	0.0	0.0	0.0	0.0	0.0	0.0	0.0	0.0	0.0	
Indian Peafowl	0.0	0.0	0.0	0.0	0.0	0.0	0.0	0.0	0.0	0.0	0.0	0.0	0.0	0.0	0.0	0.0	0.0	0.0	0.0	0.0	0.0	0.0015	0.0	0.0016722	0.0	0.0	0.0	0.0	0.0	0.0	0.0	0.0	0.0	0.0	0.0	0.0	0.0	0.0	0.0	0.0	0.0	0.0	0.0	0.0	0.0	0.0	0.0	0.0	
Red Junglefowl	0.0	0.0	0.0	0.0	0.0	0.0	0.0	0.0	0.0	0.0	0.0	0.0	0.0	0.0	0.0	0.0	0.0	0.0	0.0	0.0	0.0	0.0015	0.0	0.0	0.0	0.0	0.0	0.0	0.0	0.0	0.0	0.0	0.0	0.0	0.0	0.0	0.0	0.0	0.0	0.0	0.0	0.0	0.0	0.0	0.0	0.0	0.0	0.0	
Chukar	0.0	0.0	0.0	0.0	0.0	0.0	0.0	0.0	0.0	0.0	0.0	0.0	0.0	0.0	0.0	0.0	0.0	0.0	0.0	0.0	0.0	0.0	0.0	0.0	0.0	0.0	0.0	0.0	0.0	0.0	0.0	0.0	0.0	0.0	0.0	0.0	0.0	0.0	0.0	0.0	0.0	0.0073529	0.0	0.0	0.0	0.0	0.0	0.0	
Rock Pigeon	0.1071429	0.106383	0.137931	0.128	0.0869565	0.1666667	0.106599	0.1428571	0.1034483	0.0727273	0.0769231	0.1104294	0.062069	0.0519481	0.0636943	0.069697	0.0661765	0.0524934	0.0766488	0.0466531	0.0269461	0.0314342	0.0395778	0.0334448	0.0360111	0.0220049	0.0251397	0.0453461	0.0423077	0.049505	0.037931	0.0216216	0.0459016	0.0353982	0.0448276	0.0258216	0.060423	0.0502092	0.070922	0.0626632	0.0869565	0.0955882	0.1123596	0.0857143	0.15	0.1111111	0.1385542	0.08	
Mourning Dove	0.1517857	0.2340426	0.2275862	0.184	0.2173913	0.2083333	0.2639594	0.2539683	0.2241379	0.2	0.1923077	0.1533742	0.1517241	0.2402597	0.2038217	0.1666667	0.1985294	0.167979	0.1889483	0.1359026	0.1392216	0.1807466	0.1794195	0.1454849	0.1024931	0.1613692	0.1620112	0.1789976	0.1692308	0.1254125	0.1241379	0.1351351	0.1409836	0.1415929	0.1172414	0.0774648	0.0664653	0.0543933	0.0319149	0.0496084	0.0434783	0.0367647	0.0449438	0.0095238	0.0833333	0.1111111	0.1325301	0.12	
Yellow-billed Cuckoo	0.0	0.0	0.0	0.0	0.0	0.0	0.0	0.0	0.0	0.0	0.0	0.0	0.0	0.0	0.0	0.0	0.0	0.0	0.0	0.0010142	0.0	0.0019646	0.0026385	0.0	0.0027701	0.0	0.0	0.0	0.0	0.0	0.0	0.0018018	0.0	0.0	0.0015	0.0	0.0030211	0.0	0.0	0.0	0.0	0.0	0.0	0.0	0.0	0.0	0.0	0.0	
Black-billed Cuckoo	0.0	0.0	0.0	0.0	0.0	0.0	0.0	0.0	0.0	0.0	0.0	0.0	0.0	0.0	0.0	0.0	0.0	0.0	0.0053476	0.0020284	0.0164671	0.0314342	0.0079156	0.0250836	0.0110803	0.00489	0.0027933	0.0023866	0.0	0.0	0.0	0.0036036	0.0032787	0.0029499	0.0	0.0	0.0	0.0	0.0	0.0	0.0	0.0	0.0	0.0	0.0	0.0	0.0	0.0	
Common Nighthawk	0.0	0.0	0.0	0.0	0.0	0.0	0.0	0.0	0.0	0.0	0.0	0.0	0.0	0.0	0.0	0.0	0.0	0.0	0.0015	0.0121704	0.008982	0.0015	0.0026385	0.0050167	0.0027701	0.0015	0.0	0.0015	0.0015	0.0015	0.0137931	0.0468468	0.0327869	0.0265487	0.0103448	0.0023474	0.0	0.0	0.0	0.0	0.0	0.0	0.0	0.0	0.0	0.0	0.0	0.0	
nighthawk sp.	0.0	0.0	0.0	0.0	0.0	0.0	0.0	0.0	0.0	0.0	0.0	0.0	0.0	0.0	0.0	0.0	0.0	0.0	0.0	0.0	0.0	0.0	0.0	0.0	0.0	0.0	0.0	0.0	0.0	0.0	0.0	0.0	0.0	0.0	0.0	0.0023474	0.0	0.0	0.0	0.0	0.0	0.0	0.0	0.0	0.0	0.0	0.0	0.0	
Eastern Whip-poor-will	0.0	0.0	0.0	0.0	0.0	0.0	0.0	0.0	0.0	0.0	0.0	0.0	0.0	0.0	0.0	0.0030303	0.0	0.0026247	0.0017825	0.0030426	0.0015	0.0039293	0.0015	0.006689	0.0027701	0.002445	0.0	0.0023866	0.0038462	0.0	0.0034483	0.0015	0.0	0.0	0.0015	0.0046948	0.0	0.0	0.0	0.0	0.0	0.0	0.0	0.0	0.0	0.0	0.0	0.0	
Chimney Swift	0.0	0.0	0.0	0.0	0.0	0.0	0.0	0.0	0.0	0.0	0.0	0.0	0.0	0.0	0.0	0.0030303	0.0073529	0.0419948	0.0606061	0.0638945	0.0868263	0.1434185	0.1319261	0.1036789	0.0692521	0.0733496	0.1061453	0.124105	0.1384615	0.1155116	0.0896552	0.0720721	0.0360656	0.0117994	0.0068966	0.0023474	0.0	0.0020921	0.0	0.002611	0.0	0.0	0.0	0.0	0.0	0.0	0.0	0.0	
Ruby-throated Hummingbird	0.0	0.0	0.0	0.0	0.0	0.0	0.0	0.0	0.0	0.0	0.0	0.0	0.0	0.0	0.0	0.0	0.0073529	0.0524934	0.1390374	0.1196755	0.0853293	0.0530452	0.0422164	0.0468227	0.0720222	0.0611247	0.0698324	0.0859189	0.1269231	0.1023102	0.2137931	0.2558559	0.3016393	0.2241888	0.0827586	0.0117371	0.0060423	0.0	0.0	0.0	0.0	0.0	0.0	0.0	0.0	0.0	0.0	0.0	
hummingbird sp.	0.0	0.0	0.0	0.0	0.0	0.0	0.0	0.0	0.0	0.0	0.0	0.0	0.0	0.0	0.0	0.0	0.0	0.0	0.0	0.0	0.0	0.0	0.0	0.0	0.0027701	0.0	0.0	0.0023866	0.0	0.0033003	0.0	0.0	0.0	0.0	0.0	0.0	0.0	0.0	0.0	0.0	0.0	0.0	0.0	0.0	0.0	0.0	0.0	0.0	
Virginia Rail	0.0	0.0	0.0	0.0	0.0	0.0	0.0	0.0	0.0	0.0	0.0	0.0	0.0	0.0	0.0	0.0015	0.0015	0.007874	0.0053476	0.0091278	0.0134731	0.0196464	0.005277	0.0117057	0.0110803	0.00978	0.0027933	0.0023866	0.0038462	0.0	0.0	0.0015	0.0	0.0029499	0.0015	0.0	0.0	0.0	0.0	0.0	0.0	0.0	0.0	0.0	0.0	0.0	0.0	0.0	
Sora	0.0	0.0	0.0	0.0	0.0	0.0	0.0	0.0	0.0	0.0	0.0	0.0	0.0	0.0	0.0	0.0	0.0073529	0.0104987	0.0249554	0.0212982	0.0134731	0.0157171	0.0079156	0.006689	0.0	0.00978	0.0055866	0.0023866	0.0	0.0	0.0	0.0	0.0	0.0	0.0068966	0.0046948	0.0	0.0	0.0	0.0	0.0	0.0	0.0	0.0	0.0	0.0	0.0	0.0	
American Coot	0.0	0.0	0.0	0.0	0.0	0.0	0.0	0.0	0.0	0.0	0.0	0.006135	0.0	0.0	0.0	0.0060606	0.0036765	0.0	0.0015	0.0	0.001497	0.0019646	0.0	0.0016722	0.0	0.0	0.0027933	0.0023866	0.0	0.0015	0.0	0.0018018	0.0	0.0	0.0068966	0.0070423	0.0030211	0.0104603	0.0319149	0.0391645	0.0271739	0.0220588	0.011236	0.0095238	0.0166667	0.0	0.0	0.0	
Sandhill Crane	0.0	0.0	0.0	0.0	0.0	0.0	0.0	0.0	0.0	0.0015	0.025641	0.1472393	0.2275862	0.2922078	0.2675159	0.2454545	0.1470588	0.160105	0.1229947	0.1501014	0.1526946	0.086444	0.0949868	0.0785953	0.066482	0.0757946	0.0698324	0.0954654	0.0576923	0.049505	0.0689655	0.0972973	0.1016393	0.1061947	0.1793103	0.2441315	0.1329305	0.1820084	0.1808511	0.1253264	0.0923913	0.0147059	0.0	0.0	0.0	0.0	0.0015	0.0	
Whooping Crane	0.0	0.0	0.0	0.0	0.0	0.0	0.0	0.0	0.0	0.0	0.0	0.0	0.0	0.0	0.0	0.0	0.0147059	0.0104987	0.0	0.0	0.0	0.0	0.0	0.0	0.0	0.0	0.0	0.0	0.0	0.0	0.0	0.0	0.0	0.0	0.0	0.0	0.0	0.0	0.0	0.0	0.0	0.0	0.0	0.0	0.0	0.0	0.0	0.0	
American Avocet	0.0	0.0	0.0	0.0	0.0	0.0	0.0	0.0	0.0	0.0	0.0	0.0	0.0	0.0	0.0	0.0	0.0	0.0026247	0.0	0.0	0.0	0.0	0.0	0.0	0.0	0.0	0.0	0.0	0.0	0.0	0.0	0.0	0.0	0.0	0.0	0.0	0.0	0.0	0.0	0.002611	0.0	0.0	0.0	0.0	0.0	0.0	0.0	0.0	
Black-bellied Plover	0.0	0.0	0.0	0.0	0.0	0.0	0.0	0.0	0.0	0.0	0.0	0.0	0.0	0.0	0.0	0.0	0.0	0.0026247	0.0338681	0.0415822	0.004491	0.0098232	0.0	0.0	0.0	0.0	0.0	0.0	0.0038462	0.0015	0.0034483	0.0036036	0.0163934	0.0088496	0.0206897	0.0164319	0.0181269	0.0251046	0.0141844	0.0130548	0.0163043	0.0	0.0	0.0	0.0	0.0	0.0	0.0	
American Golden-Plover	0.0	0.0	0.0	0.0	0.0	0.0	0.0	0.0	0.0	0.0	0.0	0.0	0.0	0.0	0.0	0.0	0.0	0.0	0.0	0.0020284	0.0	0.0	0.0	0.0	0.0	0.0	0.0	0.0	0.0	0.0	0.0	0.0072072	0.0295082	0.0678466	0.0862069	0.0962441	0.0785498	0.0355649	0.0460993	0.0234987	0.0217391	0.0	0.0	0.0	0.0	0.0	0.0	0.0	
Black-bellied Plover/golden-plover sp.	0.0	0.0	0.0	0.0	0.0	0.0	0.0	0.0	0.0	0.0	0.0	0.0	0.0	0.0	0.0	0.0	0.0	0.0	0.0	0.0	0.0	0.0	0.0	0.0	0.0	0.0	0.0	0.0	0.0	0.0	0.0	0.0	0.0	0.0029499	0.0015	0.0023474	0.0030211	0.0020921	0.0	0.0	0.0	0.0	0.0	0.0	0.0	0.0	0.0	0.0	
Killdeer	0.0	0.0	0.0	0.0	0.0	0.0	0.0	0.0	0.0	0.0	0.0128205	0.0613497	0.0551724	0.1688312	0.2292994	0.2242424	0.1801471	0.2047244	0.2121212	0.2352941	0.1302395	0.1257367	0.1635884	0.1053512	0.0775623	0.0684597	0.1005587	0.0906921	0.0538462	0.0462046	0.0758621	0.0810811	0.0852459	0.0530973	0.0551724	0.0422535	0.0151057	0.0188285	0.0035461	0.0156658	0.0217391	0.0	0.0337079	0.0190476	0.0	0.0277778	0.0	0.0	
Semipalmated Plover	0.0	0.0	0.0	0.0	0.0	0.0	0.0	0.0	0.0	0.0	0.0	0.0	0.0	0.0	0.0	0.0	0.0	0.0026247	0.0231729	0.0334686	0.0149701	0.0019646	0.0	0.0	0.0027701	0.0	0.0015	0.0023866	0.0076923	0.0015	0.0482759	0.1117117	0.0885246	0.0737463	0.0586207	0.0211268	0.0090634	0.0041841	0.0	0.0	0.0	0.0	0.0	0.0	0.0	0.0	0.0	0.0	
Piping Plover	0.0	0.0	0.0	0.0	0.0	0.0	0.0	0.0	0.0	0.0	0.0	0.0	0.0	0.0	0.0	0.0015	0.0036765	0.0104987	0.0035651	0.0020284	0.001497	0.0019646	0.005277	0.0183946	0.0138504	0.0440098	0.0027933	0.0047733	0.0038462	0.0066007	0.0015	0.0018018	0.0	0.0	0.0	0.0	0.0	0.0	0.0	0.0	0.0	0.0	0.0	0.0	0.0	0.0	0.0	0.0	
Upland Sandpiper	0.0	0.0	0.0	0.0	0.0	0.0	0.0	0.0	0.0	0.0	0.0	0.0	0.0	0.0	0.0	0.0015	0.0036765	0.0015	0.0	0.0010142	0.001497	0.0	0.0	0.0033445	0.0	0.0	0.0	0.0	0.0	0.0	0.0	0.0	0.0	0.0	0.0	0.0	0.0	0.0	0.0	0.0	0.0	0.0	0.0	0.0	0.0	0.0	0.0	0.0	
Hudsonian Whimbrel	0.0	0.0	0.0	0.0	0.0	0.0	0.0	0.0	0.0	0.0	0.0	0.0	0.0	0.0	0.0	0.0	0.0	0.0	0.0142602	0.0273834	0.004491	0.0019646	0.0	0.0	0.0	0.0	0.0	0.0	0.0	0.0	0.0034483	0.0162162	0.0163934	0.0029499	0.0034483	0.0	0.0030211	0.0	0.0	0.0	0.0	0.0	0.0	0.0	0.0	0.0	0.0	0.0	
Hudsonian Godwit	0.0	0.0	0.0	0.0	0.0	0.0	0.0	0.0	0.0	0.0	0.0	0.0	0.0	0.0	0.0	0.0	0.0	0.0	0.0089127	0.0	0.001497	0.0	0.0026385	0.0	0.0	0.0	0.0	0.0	0.0	0.0	0.0	0.0018018	0.0	0.0	0.0	0.0	0.0	0.0	0.0	0.0	0.0	0.0	0.0	0.0	0.0	0.0	0.0	0.0	
Marbled Godwit	0.0	0.0	0.0	0.0	0.0	0.0	0.0	0.0	0.0	0.0	0.0	0.0	0.0	0.0	0.0	0.0	0.0	0.0	0.0089127	0.0015	0.0	0.0	0.0	0.0	0.0	0.0	0.0	0.0	0.0	0.0	0.0	0.0	0.0	0.0	0.0	0.0	0.0	0.0	0.0	0.0	0.0	0.0	0.0	0.0	0.0	0.0	0.0	0.0	
Short-billed Dowitcher	0.0	0.0	0.0	0.0	0.0	0.0	0.0	0.0	0.0	0.0	0.0	0.0	0.0	0.0	0.0	0.0	0.0	0.0104987	0.0338681	0.0121704	0.0	0.0	0.0	0.0	0.0027701	0.0015	0.0	0.0023866	0.0	0.0015	0.0034483	0.009009	0.0015	0.0029499	0.0	0.0	0.0	0.0	0.0	0.0	0.0	0.0	0.0	0.0	0.0	0.0	0.0	0.0	
Long-billed Dowitcher	0.0	0.0	0.0	0.0	0.0	0.0	0.0	0.0	0.0	0.0	0.0	0.0	0.0	0.0	0.0	0.0	0.0073529	0.0	0.0	0.0	0.0	0.0	0.0	0.0	0.0	0.0	0.0	0.0	0.0	0.0	0.0	0.0	0.0	0.0	0.0	0.0	0.0	0.0	0.0	0.0	0.0054348	0.0	0.0	0.0	0.0	0.0	0.0	0.0	
Short-billed/Long-billed Dowitcher	0.0	0.0	0.0	0.0	0.0	0.0	0.0	0.0	0.0	0.0	0.0	0.0	0.0	0.0	0.0	0.0	0.0	0.0	0.0	0.0	0.0	0.0	0.0	0.0	0.0	0.0	0.0	0.0	0.0	0.0	0.0	0.0018018	0.0	0.0	0.0	0.0023474	0.0	0.0	0.0	0.0	0.0	0.0	0.0	0.0	0.0	0.0	0.0	0.0	
American Woodcock	0.0	0.0	0.0	0.0	0.0	0.0	0.0	0.0	0.0	0.0015	0.0	0.0122699	0.0275862	0.0064935	0.0063694	0.0030303	0.0073529	0.015748	0.0089127	0.0060852	0.001497	0.0019646	0.005277	0.0033445	0.0	0.0146699	0.0027933	0.0023866	0.0	0.0033003	0.0015	0.0	0.0032787	0.0015	0.0	0.0046948	0.0151057	0.0041841	0.0035461	0.002611	0.0	0.0	0.0	0.0	0.0	0.0	0.0	0.0	
Wilson's Snipe	0.0	0.0	0.0	0.0	0.0	0.0	0.0	0.0	0.0	0.0	0.0	0.0	0.0	0.0	0.0127389	0.0242424	0.0073529	0.0026247	0.0106952	0.005071	0.0209581	0.0137525	0.0131926	0.0150502	0.0015	0.007335	0.0027933	0.0	0.0015	0.0033003	0.0103448	0.0036036	0.0065574	0.0117994	0.0137931	0.0117371	0.021148	0.0083682	0.0070922	0.0052219	0.0108696	0.0	0.011236	0.0	0.0	0.0	0.0	0.0	
Wilson's Phalarope	0.0	0.0	0.0	0.0	0.0	0.0	0.0	0.0	0.0	0.0	0.0	0.0	0.0	0.0	0.0	0.0	0.0	0.0052493	0.0142602	0.0040568	0.0	0.0	0.0	0.0	0.0	0.0	0.0	0.0	0.0	0.0	0.0	0.0	0.0	0.0	0.0	0.0	0.0	0.0	0.0	0.0	0.0	0.0	0.0	0.0	0.0	0.0	0.0	0.0	
Red-necked Phalarope	0.0	0.0	0.0	0.0	0.0	0.0	0.0	0.0	0.0	0.0	0.0	0.0	0.0	0.0	0.0	0.0	0.0	0.0	0.0	0.0	0.0	0.0	0.0	0.0	0.0	0.0	0.0	0.0	0.0	0.0	0.0015	0.0	0.0	0.0	0.0	0.0	0.0	0.0	0.0	0.0	0.0	0.0	0.0	0.0	0.0	0.0	0.0	0.0	
Spotted Sandpiper	0.0	0.0	0.0	0.0	0.0	0.0	0.0	0.0	0.0	0.0	0.0	0.0	0.0	0.0	0.0	0.0060606	0.0367647	0.0761155	0.0909091	0.1125761	0.1062874	0.0746562	0.0712401	0.0535117	0.0387812	0.0782396	0.0558659	0.0668258	0.0615385	0.0363036	0.0344828	0.0594595	0.0360656	0.0235988	0.0206897	0.0117371	0.0090634	0.0	0.0	0.0	0.0	0.0	0.0	0.0	0.0	0.0	0.0	0.0	
Solitary Sandpiper	0.0	0.0	0.0	0.0	0.0	0.0	0.0	0.0	0.0	0.0	0.0	0.0	0.0	0.0	0.0	0.0030303	0.0015	0.0131234	0.0124777	0.0040568	0.0	0.0	0.0	0.0016722	0.0027701	0.007335	0.0111732	0.0167064	0.0115385	0.019802	0.0241379	0.0288288	0.0163934	0.0088496	0.0068966	0.0070423	0.0	0.0	0.0	0.0	0.0	0.0	0.0	0.0	0.0	0.0	0.0	0.0	
Lesser Yellowlegs	0.0	0.0	0.0	0.0	0.0	0.0	0.0	0.0	0.0	0.0	0.0	0.0	0.0	0.0	0.0	0.0272727	0.0772059	0.0472441	0.0516934	0.0233266	0.001497	0.0	0.0	0.0016722	0.0083102	0.007335	0.0	0.0071599	0.0115385	0.0165017	0.0413793	0.0396396	0.0327869	0.0235988	0.0103448	0.0070423	0.0060423	0.0	0.0015	0.0	0.0	0.0	0.0	0.0	0.0	0.0	0.0	0.0	
Willet	0.0	0.0	0.0	0.0	0.0	0.0	0.0	0.0	0.0	0.0	0.0	0.0	0.0	0.0	0.0	0.0	0.0073529	0.0052493	0.0017825	0.005071	0.0	0.0015	0.0	0.0	0.0	0.0	0.0	0.0	0.0	0.0	0.0	0.0	0.0	0.0	0.0	0.0	0.0	0.0	0.0	0.0	0.0	0.0	0.0	0.0	0.0	0.0	0.0	0.0	
Greater Yellowlegs	0.0	0.0	0.0	0.0	0.0	0.0	0.0	0.0	0.0	0.0	0.0	0.0	0.0	0.025974	0.0382166	0.1151515	0.125	0.0472441	0.0374332	0.0131846	0.001497	0.0	0.0	0.0016722	0.0	0.00489	0.0027933	0.0023866	0.0076923	0.0132013	0.037931	0.0216216	0.0327869	0.0501475	0.0241379	0.028169	0.0271903	0.0104603	0.035461	0.0287206	0.0271739	0.0	0.0	0.0	0.0	0.0	0.0	0.0	
Lesser/Greater Yellowlegs	0.0	0.0	0.0	0.0	0.0	0.0	0.0	0.0	0.0	0.0	0.0	0.0	0.0	0.0	0.0	0.0030303	0.0015	0.0026247	0.0017825	0.0	0.001497	0.0	0.0026385	0.0	0.0	0.0	0.0	0.0	0.0038462	0.0033003	0.0034483	0.0018018	0.0	0.0	0.0	0.0023474	0.0	0.0	0.0	0.002611	0.0	0.0	0.0	0.0	0.0	0.0	0.0	0.0	
Ruddy Turnstone	0.0	0.0	0.0	0.0	0.0	0.0	0.0	0.0	0.0	0.0	0.0	0.0	0.0	0.0	0.0	0.0	0.0	0.0	0.0106952	0.0172414	0.005988	0.0019646	0.0	0.0015	0.0	0.0	0.0	0.0	0.0	0.0	0.0	0.0036036	0.0015	0.0029499	0.0	0.0023474	0.0	0.0	0.0	0.0	0.0	0.0	0.0	0.0	0.0	0.0	0.0	0.0	
Red Knot	0.0	0.0	0.0	0.0	0.0	0.0	0.0	0.0	0.0	0.0	0.0	0.0	0.0	0.0	0.0	0.0	0.0	0.0	0.0	0.0	0.0	0.0	0.0	0.0	0.0	0.0	0.0	0.0	0.0	0.0	0.0	0.0198198	0.0032787	0.0	0.0	0.0	0.0	0.0	0.0	0.0	0.0	0.0	0.0	0.0	0.0	0.0	0.0	0.0	
Stilt Sandpiper	0.0	0.0	0.0	0.0	0.0	0.0	0.0	0.0	0.0	0.0	0.0	0.0	0.0	0.0	0.0	0.0	0.0	0.0	0.0017825	0.0	0.0	0.0	0.0	0.0	0.0	0.0	0.0	0.0	0.0	0.0	0.0068966	0.0072072	0.0163934	0.0	0.0	0.0	0.0	0.0	0.0	0.0	0.0	0.0	0.0	0.0	0.0	0.0	0.0	0.0	
Buff-breasted Sandpiper	0.0	0.0	0.0	0.0	0.0	0.0	0.0	0.0	0.0	0.0	0.0	0.0	0.0	0.0	0.0	0.0	0.0	0.0	0.0	0.0	0.0	0.0	0.0	0.0	0.0	0.0	0.0	0.0	0.0	0.0	0.0	0.0036036	0.0032787	0.0029499	0.0	0.0	0.0	0.0	0.0	0.0	0.0	0.0	0.0	0.0	0.0	0.0	0.0	0.0	
Sanderling	0.0	0.0	0.0	0.0	0.0	0.0	0.0	0.0	0.0	0.0	0.0	0.0	0.0	0.0	0.0	0.0	0.0	0.0026247	0.0017825	0.0081136	0.0015	0.0019646	0.0	0.0	0.0	0.0	0.0027933	0.0	0.0	0.0033003	0.0034483	0.0288288	0.0163934	0.0117994	0.037931	0.0117371	0.0030211	0.0	0.0035461	0.0	0.0	0.0	0.0	0.0	0.0	0.0	0.0	0.0	
Dunlin	0.0	0.0	0.0	0.0	0.0	0.0	0.0	0.0	0.0	0.0	0.0	0.0	0.0	0.0	0.0	0.0	0.0	0.0052493	0.0213904	0.0456389	0.008982	0.0039293	0.0026385	0.0015	0.0	0.0	0.0	0.0	0.0	0.0	0.0	0.0018018	0.0	0.0	0.0	0.0	0.0	0.0146444	0.0141844	0.0339426	0.0543478	0.0147059	0.0	0.0	0.0	0.0	0.0	0.0	
Purple Sandpiper	0.0	0.0	0.0	0.0	0.0	0.0	0.0	0.0	0.0	0.0	0.0	0.0	0.0	0.0	0.0	0.0	0.0	0.0	0.0	0.0	0.0	0.0	0.0	0.0	0.0	0.0	0.0	0.0	0.0	0.0	0.0	0.0	0.0	0.0	0.0	0.0	0.0	0.0	0.0	0.002611	0.0	0.0	0.0	0.0	0.0	0.0	0.0	0.0	
Baird's Sandpiper	0.0	0.0	0.0	0.0	0.0	0.0	0.0	0.0	0.0	0.0	0.0	0.0	0.0	0.0	0.0	0.0	0.0	0.0	0.0	0.0	0.0	0.0	0.0	0.0	0.0	0.0	0.0027933	0.0	0.0076923	0.0	0.0275862	0.0648649	0.0327869	0.0235988	0.0034483	0.0	0.0	0.0	0.0	0.0	0.0	0.0	0.0	0.0	0.0	0.0	0.0	0.0	
White-rumped Sandpiper	0.0	0.0	0.0	0.0	0.0	0.0	0.0	0.0	0.0	0.0	0.0	0.0	0.0	0.0	0.0	0.0	0.0	0.0	0.0017825	0.0070994	0.001497	0.0058939	0.0026385	0.0	0.0	0.0	0.0	0.0	0.0	0.0	0.0	0.0	0.0065574	0.0	0.0	0.0	0.0	0.0	0.0070922	0.0	0.0	0.0	0.0	0.0	0.0	0.0	0.0	0.0	
Least Sandpiper	0.0	0.0	0.0	0.0	0.0	0.0	0.0	0.0	0.0	0.0	0.0	0.0	0.0	0.0	0.0	0.0	0.0036765	0.0183727	0.0320856	0.0243408	0.0	0.0	0.0	0.0016722	0.0027701	0.0220049	0.0	0.0047733	0.0115385	0.0015	0.0482759	0.0846847	0.0393443	0.0088496	0.0068966	0.0023474	0.0	0.0	0.0	0.0	0.0	0.0	0.0	0.0	0.0	0.0	0.0	0.0	
Pectoral Sandpiper	0.0	0.0	0.0	0.0	0.0	0.0	0.0	0.0	0.0	0.0	0.0	0.0	0.0	0.0	0.0	0.0060606	0.0073529	0.0026247	0.0035651	0.0030426	0.0	0.0	0.0	0.0	0.0	0.0	0.0015	0.0	0.0038462	0.0	0.0068966	0.0198198	0.0131148	0.0235988	0.0137931	0.0422535	0.0392749	0.0146444	0.0106383	0.0156658	0.0	0.0	0.0	0.0	0.0	0.0	0.0	0.0	
Semipalmated Sandpiper	0.0	0.0	0.0	0.0	0.0	0.0	0.0	0.0	0.0	0.0	0.0	0.0	0.0	0.0	0.0	0.0	0.0	0.0026247	0.0053476	0.0283976	0.0179641	0.0137525	0.0	0.0	0.0	0.0	0.0	0.0047733	0.0076923	0.009901	0.0241379	0.0648649	0.0327869	0.0147493	0.0	0.0	0.0	0.0	0.0	0.0	0.0	0.0	0.0	0.0	0.0	0.0	0.0	0.0	
Western/Semipalmated Sandpiper	0.0	0.0	0.0	0.0	0.0	0.0	0.0	0.0	0.0	0.0	0.0	0.0	0.0	0.0	0.0	0.0	0.0	0.0	0.0	0.0	0.0	0.0	0.0	0.0	0.0	0.0	0.0	0.0	0.0038462	0.0	0.0	0.0	0.0	0.0	0.0	0.0	0.0	0.0	0.0	0.0	0.0	0.0	0.0	0.0	0.0	0.0	0.0	0.0	
peep sp.	0.0	0.0	0.0	0.0	0.0	0.0	0.0	0.0	0.0	0.0	0.0	0.0	0.0	0.0	0.0	0.0	0.0036765	0.0026247	0.0053476	0.0030426	0.001497	0.0019646	0.0	0.0	0.0027701	0.0	0.0	0.0	0.0038462	0.0066007	0.0172414	0.018018	0.0229508	0.0058997	0.0	0.0023474	0.0030211	0.0	0.0	0.0	0.0	0.0	0.0	0.0	0.0	0.0	0.0	0.0	
Calidris sp.	0.0	0.0	0.0	0.0	0.0	0.0	0.0	0.0	0.0	0.0	0.0	0.0	0.0	0.0	0.0	0.0	0.0036765	0.0	0.0017825	0.0010142	0.0	0.0	0.0	0.0	0.0	0.0	0.0	0.0	0.0038462	0.0	0.0034483	0.0018018	0.0	0.0029499	0.0103448	0.0	0.0	0.0	0.0	0.0	0.0	0.0	0.0	0.0	0.0	0.0	0.0	0.0	
shorebird sp.	0.0	0.0	0.0	0.0	0.0	0.0	0.0	0.0	0.0	0.0	0.0	0.0	0.0	0.0	0.0	0.0	0.0	0.0	0.0	0.0	0.0	0.0	0.0	0.0	0.0	0.0	0.0	0.0	0.0	0.0	0.0	0.0	0.0098361	0.0058997	0.0068966	0.0015	0.0030211	0.0041841	0.0035461	0.0	0.0	0.0	0.0	0.0	0.0	0.0	0.0	0.0	
Long-tailed Jaeger	0.0	0.0	0.0	0.0	0.0	0.0	0.0	0.0	0.0	0.0	0.0	0.0	0.0	0.0	0.0	0.0	0.0	0.0	0.0	0.0	0.0	0.0	0.0	0.0	0.0	0.0	0.0	0.0	0.0	0.0	0.0	0.0018018	0.0	0.0	0.0	0.0	0.0	0.0	0.0	0.0	0.0	0.0	0.0	0.0	0.0	0.0	0.0	0.0	
Parasitic Jaeger	0.0	0.0	0.0	0.0	0.0	0.0	0.0	0.0	0.0	0.0	0.0	0.0	0.0	0.0	0.0	0.0	0.0	0.0	0.0	0.0	0.0	0.0	0.0	0.0	0.0	0.0	0.0	0.0	0.0	0.0	0.0	0.0018018	0.0	0.0	0.0034483	0.0023474	0.0	0.0	0.0035461	0.0	0.0	0.0	0.0	0.0	0.0	0.0	0.0	0.0	
Parasitic/Pomarine Jaeger	0.0	0.0	0.0	0.0	0.0	0.0	0.0	0.0	0.0	0.0	0.0	0.0	0.0	0.0	0.0	0.0	0.0	0.0	0.0	0.0	0.0	0.0	0.0	0.0	0.0	0.0	0.0	0.0	0.0	0.0	0.0	0.0	0.0	0.0	0.0	0.0	0.0	0.0020921	0.0	0.0015	0.0	0.0	0.0	0.0	0.0	0.0	0.0	0.0	
jaeger sp.	0.0	0.0	0.0	0.0	0.0	0.0	0.0	0.0	0.0	0.0	0.0	0.0	0.0	0.0	0.0	0.0	0.0	0.0	0.0	0.0	0.0	0.0	0.0	0.0	0.0	0.0	0.0	0.0	0.0	0.0	0.0	0.0	0.0032787	0.0029499	0.0034483	0.0	0.0030211	0.0020921	0.0	0.0	0.0054348	0.0	0.0	0.0	0.0	0.0	0.0	0.0	
Little Gull	0.0	0.0	0.0	0.0	0.0	0.0	0.0	0.0	0.0	0.0	0.0	0.0	0.0	0.0	0.0	0.0030303	0.0	0.0	0.0017825	0.0	0.0	0.0	0.0	0.0	0.0	0.002445	0.0	0.0	0.0	0.0	0.0	0.0	0.0	0.0	0.0	0.0	0.0	0.0	0.0	0.0	0.0	0.0	0.0	0.0	0.0	0.0	0.0	0.0	
Black-legged Kittiwake	0.0	0.0	0.0	0.0	0.0	0.0	0.0	0.0	0.0	0.0	0.0	0.0	0.0	0.0	0.0	0.0	0.0	0.0	0.0	0.0	0.0	0.0	0.0	0.0	0.0	0.0	0.0	0.0	0.0	0.0	0.0	0.0	0.0	0.0	0.0	0.0	0.0	0.0	0.0	0.0	0.0108696	0.0073529	0.0	0.0	0.0	0.0	0.0	0.01	
Sabine's Gull	0.0	0.0	0.0	0.0	0.0	0.0	0.0	0.0	0.0	0.0	0.0	0.0	0.0	0.0	0.0	0.0	0.0	0.0	0.0	0.0	0.0	0.0	0.0	0.0	0.0	0.0	0.0	0.0	0.0	0.0	0.0	0.0	0.0	0.0	0.0	0.0023474	0.0060423	0.0	0.0	0.0	0.0	0.0	0.0	0.0	0.0	0.0	0.0	0.0	
Bonaparte's Gull	0.0	0.0	0.0	0.0	0.0	0.0	0.0	0.0	0.0	0.0	0.0	0.0	0.0	0.0015	0.0382166	0.069697	0.0845588	0.0603675	0.030303	0.0192698	0.007485	0.0078585	0.0131926	0.006689	0.0055402	0.007335	0.0	0.0071599	0.0015	0.0066007	0.0068966	0.0234234	0.0229508	0.0294985	0.0241379	0.0352113	0.0422961	0.0230126	0.0425532	0.0391645	0.0434783	0.0220588	0.0	0.0	0.0	0.0277778	0.0	0.0	
Laughing Gull	0.0	0.0	0.0	0.0	0.0	0.0	0.0	0.0	0.0	0.0	0.0	0.0	0.0	0.0	0.0	0.0	0.0	0.0026247	0.0	0.0	0.0	0.0	0.0	0.0	0.0	0.0	0.0	0.0	0.0	0.0	0.0	0.0	0.0	0.0	0.0	0.0	0.0	0.0	0.0	0.0	0.0	0.0	0.0	0.0	0.0	0.0	0.0	0.0	
Franklin's Gull	0.0	0.0	0.0	0.0	0.0	0.0	0.0	0.0	0.0	0.0	0.0	0.0	0.0	0.0	0.0	0.0	0.0	0.0	0.0	0.0	0.001497	0.0	0.0	0.0015	0.0083102	0.0146699	0.0	0.0	0.0	0.0	0.0	0.0	0.0	0.0	0.0	0.0	0.0	0.0	0.0	0.0	0.0054348	0.0	0.0	0.0	0.0	0.0	0.0	0.0	
Black-tailed Gull	0.0	0.0	0.0	0.0	0.0	0.0	0.0	0.0	0.0	0.0	0.0	0.0	0.0	0.0	0.0	0.0	0.0	0.0	0.0	0.0	0.0	0.0	0.0	0.0	0.0	0.007335	0.0	0.0	0.0	0.0	0.0	0.0	0.0	0.0	0.0	0.0	0.0	0.0	0.0	0.0	0.0	0.0	0.0	0.0	0.0	0.0	0.0	0.0	
Ring-billed Gull	0.0089286	0.0	0.0137931	0.0	0.0	0.0	0.0101523	0.0	0.0344828	0.1090909	0.2051282	0.4417178	0.4344828	0.3571429	0.4713376	0.5909091	0.5845588	0.5800525	0.5525847	0.5588235	0.5479042	0.6424361	0.6886544	0.541806	0.531856	0.6283619	0.6340782	0.6181384	0.6923077	0.6270627	0.6068966	0.6342342	0.6852459	0.7020649	0.6965517	0.5962441	0.652568	0.5753138	0.6241135	0.5483029	0.5054348	0.3897059	0.258427	0.152381	0.0333333	0.0277778	0.0120482	0.0	
American Herring Gull	0.1428571	0.2021277	0.1655172	0.128	0.0956522	0.1145833	0.0558376	0.0952381	0.137931	0.2545455	0.3846154	0.4355828	0.4413793	0.3311688	0.3375796	0.4151515	0.3933824	0.3097113	0.3172906	0.2951318	0.2904192	0.302554	0.3746702	0.2792642	0.2077562	0.3740831	0.3156425	0.3436754	0.3576923	0.339934	0.3655172	0.4126126	0.4229508	0.4218289	0.4758621	0.4107981	0.407855	0.3410042	0.4219858	0.4516971	0.5434783	0.5073529	0.4044944	0.4190476	0.4666667	0.3055556	0.3674699	0.22	
Great Black-backed Gull	0.0	0.0	0.0	0.0	0.0	0.0	0.0	0.0	0.0	0.0	0.0128205	0.006135	0.0137931	0.0015	0.0191083	0.0060606	0.0	0.0	0.0	0.0020284	0.0	0.0015	0.0	0.0	0.0015	0.0	0.0	0.0015	0.0038462	0.0	0.0	0.0	0.0	0.0	0.0034483	0.0	0.0015	0.0083682	0.0106383	0.0078329	0.0271739	0.0147059	0.011236	0.0380952	0.0166667	0.0	0.0060241	0.0	
Glaucous Gull	0.0267857	0.0	0.0137931	0.016	0.0086957	0.0052083	0.0	0.0	0.0	0.0	0.0	0.0	0.0	0.0064935	0.0127389	0.0060606	0.0	0.0	0.0	0.0	0.0	0.0	0.0	0.0	0.0	0.0	0.0	0.0	0.0	0.0	0.0	0.0	0.0	0.0	0.0	0.0	0.0	0.0	0.0	0.0	0.0054348	0.0073529	0.011236	0.0095238	0.0166667	0.0277778	0.0301205	0.01	
Lesser Black-backed Gull	0.0	0.0	0.0	0.0	0.0	0.0	0.0	0.015873	0.0	0.0	0.0	0.0	0.0	0.0	0.0063694	0.0090909	0.0	0.0026247	0.0017825	0.0010142	0.0	0.0	0.0	0.0	0.0	0.0	0.0	0.0	0.0	0.0	0.0	0.0	0.0	0.0088496	0.0	0.0	0.0	0.0	0.0	0.002611	0.0054348	0.0	0.0	0.0	0.0	0.0	0.0	0.0	
California Gull	0.0	0.0	0.0	0.0	0.0	0.0	0.0	0.0	0.0	0.0	0.0	0.0	0.0	0.0	0.0	0.0	0.0	0.0	0.0015	0.0	0.0	0.0	0.0	0.0	0.0	0.0	0.0	0.0	0.0	0.0	0.0	0.0	0.0	0.0	0.0	0.0	0.0	0.0	0.0	0.0	0.0	0.0	0.0	0.0	0.0	0.0	0.0	0.0	
Iceland Gull	0.0	0.0	0.0	0.0	0.0	0.0	0.0	0.0	0.0	0.0	0.0	0.0	0.0	0.0064935	0.0	0.0	0.0	0.0	0.0	0.0010142	0.0	0.0	0.0	0.0	0.0	0.0	0.0	0.0	0.0	0.0	0.0	0.0	0.0	0.0	0.0	0.0046948	0.0	0.0	0.0015	0.0	0.0	0.0147059	0.0	0.0	0.0	0.0	0.0	0.0	
white-winged gull sp.	0.0	0.0	0.0	0.0	0.0015	0.0	0.0	0.0	0.0	0.0	0.0	0.0	0.0	0.0	0.0	0.0	0.0	0.0	0.0	0.0	0.0	0.0	0.0	0.0	0.0	0.0	0.0	0.0	0.0	0.0	0.0	0.0	0.0	0.0	0.0	0.0	0.0	0.0	0.0	0.0	0.0	0.0	0.0	0.0	0.0	0.0	0.0	0.0	
Larus sp.	0.0089286	0.0	0.0068966	0.008	0.0	0.0052083	0.0	0.0	0.0	0.0	0.025641	0.0245399	0.062069	0.0454545	0.0127389	0.0212121	0.0036765	0.015748	0.0053476	0.0111562	0.004491	0.0098232	0.0079156	0.0167224	0.0083102	0.007335	0.0223464	0.0023866	0.0076923	0.0165017	0.0	0.0072072	0.0065574	0.0117994	0.0034483	0.0093897	0.0060423	0.0083682	0.0070922	0.0130548	0.0054348	0.0	0.0	0.0	0.0166667	0.0	0.0	0.0	
gull sp.	0.0089286	0.0212766	0.0068966	0.008	0.0	0.0052083	0.0050761	0.015873	0.0172414	0.0181818	0.0384615	0.0797546	0.0413793	0.0649351	0.0254777	0.0666667	0.0514706	0.0498688	0.0249554	0.025355	0.0254491	0.0491159	0.0448549	0.0317726	0.0387812	0.0244499	0.027933	0.0477327	0.0346154	0.019802	0.0137931	0.0108108	0.0163934	0.0147493	0.0344828	0.0211268	0.0151057	0.0167364	0.0035461	0.0339426	0.0163043	0.0220588	0.0	0.0285714	0.0	0.0	0.0240964	0.02	
Caspian Tern	0.0	0.0	0.0	0.0	0.0	0.0	0.0	0.0	0.0	0.0	0.0	0.0	0.0	0.0	0.0127389	0.0333333	0.0625	0.0288714	0.0516934	0.0517241	0.0508982	0.0609037	0.0659631	0.0518395	0.0775623	0.1173594	0.0530726	0.0787589	0.0961538	0.0726073	0.0896552	0.0396396	0.0491803	0.0147493	0.0034483	0.0	0.0	0.0	0.0	0.0	0.0	0.0	0.0	0.0	0.0	0.0	0.0	0.0	
Black Tern	0.0	0.0	0.0	0.0	0.0	0.0	0.0	0.0	0.0	0.0	0.0	0.0	0.0	0.0	0.0	0.0	0.0	0.0	0.0106952	0.0141988	0.0149701	0.0176817	0.005277	0.0117057	0.0055402	0.00978	0.0083799	0.0047733	0.0076923	0.0	0.0	0.0	0.0	0.0	0.0	0.0	0.0	0.0	0.0	0.0	0.0	0.0	0.0	0.0	0.0	0.0	0.0	0.0	
Forster's Tern	0.0	0.0	0.0	0.0	0.0	0.0	0.0	0.0	0.0	0.0	0.0	0.0	0.0	0.0	0.0	0.0	0.0036765	0.0015	0.0017825	0.0030426	0.005988	0.0039293	0.0026385	0.0050167	0.0027701	0.00489	0.0167598	0.0047733	0.0	0.0	0.0	0.0015	0.0	0.0	0.0	0.0	0.0	0.0	0.0	0.0	0.0	0.0	0.0	0.0	0.0	0.0	0.0	0.0	
Common Tern	0.0	0.0	0.0	0.0	0.0	0.0	0.0	0.0	0.0	0.0	0.0	0.0	0.0	0.0	0.0	0.0090909	0.0919118	0.1732283	0.2691622	0.2241379	0.1541916	0.237721	0.2691293	0.1956522	0.1578947	0.2444988	0.1703911	0.1789976	0.1230769	0.0660066	0.0724138	0.045045	0.0327869	0.0147493	0.0034483	0.0070423	0.0060423	0.0	0.0035461	0.0	0.0	0.0	0.0	0.0	0.0	0.0	0.0	0.0	
Forster's/Common Tern	0.0	0.0	0.0	0.0	0.0	0.0	0.0050761	0.0	0.0	0.0	0.0	0.0	0.0	0.0	0.0	0.0	0.0073529	0.0026247	0.0089127	0.0040568	0.005988	0.0078585	0.0026385	0.0050167	0.0055402	0.00978	0.0055866	0.0071599	0.0038462	0.0033003	0.0034483	0.0018018	0.0	0.0	0.0	0.0023474	0.0030211	0.0	0.0	0.0	0.0	0.0	0.0	0.0	0.0	0.0	0.0	0.0	
Common/Arctic Tern	0.0	0.0	0.0	0.0	0.0	0.0	0.0	0.0	0.0	0.0	0.0	0.0	0.0	0.0	0.0	0.0	0.0	0.0	0.0	0.0	0.0	0.0	0.0	0.0	0.0	0.0	0.0	0.0	0.0	0.0	0.0	0.0	0.0	0.0	0.0	0.0	0.0	0.0020921	0.0	0.0	0.0	0.0	0.0	0.0	0.0	0.0	0.0	0.0	
Sterna sp.	0.0	0.0	0.0	0.0	0.0	0.0	0.0	0.0	0.0	0.0	0.0	0.0	0.0	0.0	0.0	0.0	0.0	0.0026247	0.0017825	0.0	0.002994	0.0058939	0.0	0.0016722	0.0	0.0	0.0	0.0	0.0038462	0.0	0.0	0.0018018	0.0	0.0	0.0	0.0	0.0	0.0020921	0.0	0.0	0.0	0.0	0.0	0.0	0.0	0.0	0.0	0.0	
tern sp.	0.0	0.0	0.0	0.0	0.0	0.0	0.0	0.0	0.0	0.0	0.0	0.0	0.0	0.0	0.0	0.0	0.0036765	0.0026247	0.0017825	0.0030426	0.001497	0.0078585	0.005277	0.0	0.0	0.002445	0.0027933	0.0047733	0.0115385	0.0	0.0	0.0	0.0032787	0.0	0.0	0.0	0.0	0.0020921	0.0	0.0	0.0	0.0	0.0	0.0	0.0	0.0	0.0	0.0	
Pied-billed Grebe	0.0	0.0	0.0	0.0	0.0	0.0	0.0	0.0	0.0	0.0	0.0	0.0122699	0.0068966	0.0324675	0.044586	0.0272727	0.0330882	0.023622	0.0374332	0.0375254	0.0434132	0.043222	0.0448549	0.041806	0.0304709	0.0513447	0.0418994	0.0548926	0.0269231	0.0660066	0.0448276	0.0684685	0.052459	0.0766962	0.0965517	0.0539906	0.0422961	0.0125523	0.035461	0.0261097	0.0163043	0.0	0.0	0.0	0.0	0.0	0.0060241	0.0	
Horned Grebe	0.0	0.0106383	0.0	0.0	0.0	0.0	0.0	0.0	0.0	0.0	0.0	0.0	0.0206897	0.0844156	0.1464968	0.169697	0.1066176	0.0288714	0.0053476	0.0	0.0	0.0019646	0.0	0.0	0.0	0.0	0.0	0.0023866	0.0	0.0	0.0034483	0.0144144	0.0295082	0.0294985	0.0586207	0.0586854	0.1359517	0.1841004	0.2446809	0.2402089	0.2608696	0.2205882	0.1235955	0.0571429	0.0333333	0.0277778	0.0301205	0.0	
Red-necked Grebe	0.0	0.0	0.0015	0.0	0.0	0.0	0.0	0.0	0.0172414	0.0	0.0	0.006135	0.0137931	0.1038961	0.1082803	0.1333333	0.0919118	0.0419948	0.0035651	0.0010142	0.001497	0.0	0.0105541	0.0	0.0	0.00978	0.0027933	0.0015	0.0153846	0.0066007	0.037931	0.1117117	0.1180328	0.1150442	0.1206897	0.1220657	0.0785498	0.0543933	0.0957447	0.1018277	0.0869565	0.0735294	0.0224719	0.0095238	0.0666667	0.0277778	0.0361446	0.0	
Horned/Eared Grebe	0.0	0.0	0.0	0.0	0.0	0.0	0.0	0.0	0.0	0.0	0.0	0.0	0.0	0.0	0.0	0.0	0.0	0.0	0.0	0.0	0.0	0.0	0.0	0.0	0.0	0.0	0.0	0.0	0.0	0.0	0.0	0.0	0.0	0.0	0.0	0.0	0.0	0.0	0.0	0.002611	0.0	0.0	0.011236	0.0	0.0	0.0	0.0	0.0	
Western Grebe	0.0	0.0106383	0.0	0.0	0.0	0.0	0.0	0.0	0.0	0.0	0.0	0.0	0.0	0.0	0.0	0.0	0.0	0.0	0.0	0.0	0.0	0.0	0.0	0.0	0.0	0.0	0.0	0.0	0.0	0.0	0.0	0.0	0.0	0.0	0.0	0.0	0.0	0.0	0.0	0.0	0.0	0.0	0.0	0.0	0.0	0.0	0.0	0.0	
Western/Clark's Grebe	0.0	0.0	0.0068966	0.0	0.0	0.0	0.0	0.0	0.0	0.0	0.0	0.0	0.0	0.0	0.0	0.0	0.0	0.0	0.0	0.0	0.0	0.0	0.0	0.0	0.0	0.0	0.0	0.0	0.0	0.0	0.0	0.0	0.0	0.0	0.0	0.0	0.0	0.0	0.0	0.0	0.0	0.0	0.0	0.0	0.0	0.0	0.0	0.0	
grebe sp.	0.0	0.0	0.0	0.0	0.0	0.0	0.0	0.0	0.0	0.0	0.0	0.0	0.0	0.0	0.0	0.0	0.0	0.0	0.0	0.0	0.0	0.0	0.0	0.0	0.0	0.0	0.0	0.0	0.0	0.0	0.0	0.0	0.0	0.0058997	0.0	0.0	0.0	0.0020921	0.0035461	0.002611	0.0	0.0	0.0	0.0	0.0	0.0	0.0	0.0	
Red-throated Loon	0.0	0.0	0.0	0.0	0.0	0.0	0.0	0.0	0.0	0.0	0.0	0.006135	0.0	0.0064935	0.0	0.0121212	0.0220588	0.0104987	0.0089127	0.0	0.0	0.0	0.0	0.0	0.0	0.0	0.0015	0.0015	0.0	0.0	0.0	0.0054054	0.0065574	0.0058997	0.0448276	0.0539906	0.0694864	0.0230126	0.0496454	0.0156658	0.0163043	0.0	0.0	0.0	0.0	0.0	0.0	0.0	
Pacific Loon	0.0	0.0	0.0	0.0	0.0	0.0	0.0	0.0	0.0	0.0	0.0	0.0	0.0	0.0	0.0	0.0	0.0	0.0	0.0	0.0	0.0	0.0	0.0	0.0	0.0	0.0	0.0	0.0	0.0	0.0	0.0	0.0	0.0	0.0	0.0	0.0	0.0	0.0	0.0	0.0	0.0	0.0	0.0	0.0	0.0333333	0.0	0.0	0.0	
Common Loon	0.0	0.0	0.0	0.0	0.0	0.0	0.0	0.0	0.0	0.0	0.0	0.006135	0.062069	0.1298701	0.1528662	0.169697	0.1875	0.152231	0.087344	0.0750507	0.0808383	0.1001965	0.0844327	0.090301	0.0470914	0.0904645	0.0865922	0.0548926	0.0692308	0.0660066	0.137931	0.1927928	0.2590164	0.2064897	0.2586207	0.2488263	0.2326284	0.1924686	0.3014184	0.2428198	0.2282609	0.1691176	0.1011236	0.0285714	0.0	0.0	0.0	0.0	
loon sp.	0.0	0.0	0.0	0.0	0.0	0.0	0.0	0.0	0.0	0.0	0.0	0.0	0.0	0.0	0.0	0.0	0.0	0.0	0.0017825	0.0	0.0	0.0	0.0	0.0	0.0027701	0.0	0.0	0.0	0.0	0.0	0.0	0.0018018	0.0032787	0.0029499	0.0	0.0023474	0.0030211	0.0041841	0.0035461	0.0	0.0054348	0.0	0.0	0.0	0.0	0.0	0.0	0.0	
Magnificent Frigatebird	0.0	0.0	0.0	0.0	0.0	0.0	0.0	0.0	0.0	0.0	0.0	0.0	0.0	0.0	0.0	0.0	0.0	0.0	0.0	0.0	0.0	0.0	0.0	0.0	0.0	0.0	0.0	0.0	0.0	0.0	0.0	0.0	0.0	0.0	0.0	0.0023474	0.0	0.0	0.0	0.0	0.0	0.0	0.0	0.0	0.0	0.0	0.0	0.0	
frigatebird sp.	0.0	0.0	0.0	0.0	0.0	0.0	0.0	0.0	0.0	0.0	0.0	0.0	0.0	0.0	0.0	0.0	0.0	0.0	0.0	0.0	0.0	0.0	0.0	0.0	0.0	0.0	0.0	0.0	0.0	0.0	0.0	0.0	0.0	0.0	0.0	0.0015	0.0	0.0	0.0	0.0	0.0	0.0	0.0	0.0	0.0	0.0	0.0	0.0	
Double-crested Cormorant	0.0	0.0	0.0	0.0	0.0	0.0	0.0	0.0	0.0	0.0	0.0	0.0184049	0.1310345	0.2532468	0.3057325	0.4151515	0.4191176	0.3595801	0.3707665	0.3093306	0.3023952	0.345776	0.3509235	0.2625418	0.2797784	0.3300733	0.3910615	0.3747017	0.4730769	0.4092409	0.4241379	0.5621622	0.5344262	0.5988201	0.6068966	0.4882629	0.4380665	0.3786611	0.2801418	0.1984334	0.0652174	0.0147059	0.0224719	0.0	0.0166667	0.0	0.0	0.0	
Glossy/White-faced Ibis	0.0	0.0	0.0	0.0	0.0	0.0	0.0	0.0	0.0	0.0	0.0	0.0	0.0	0.0	0.0	0.0	0.0	0.0	0.0	0.0	0.0	0.0	0.0	0.0	0.0027701	0.0	0.0	0.0	0.0	0.0	0.0	0.0	0.0	0.0	0.0	0.0	0.0	0.0	0.0	0.0	0.0	0.0	0.0	0.0	0.0	0.0	0.0	0.0	
American Bittern	0.0	0.0	0.0	0.0	0.0	0.0	0.0	0.0	0.0	0.0	0.0	0.0	0.0	0.0	0.0063694	0.0060606	0.0183824	0.0183727	0.026738	0.0182556	0.0344311	0.0235756	0.0184697	0.0133779	0.0015	0.00978	0.0027933	0.0119332	0.0153846	0.009901	0.0103448	0.0072072	0.0	0.0029499	0.0206897	0.0	0.0	0.0	0.0	0.0	0.0	0.0	0.0	0.0	0.0	0.0	0.0	0.0	
Least Bittern	0.0	0.0	0.0	0.0	0.0	0.0	0.0	0.0	0.0	0.0	0.0	0.0	0.0	0.0	0.0	0.0	0.0	0.0	0.0017825	0.0010142	0.004491	0.0	0.0026385	0.0	0.0027701	0.002445	0.0	0.0	0.0	0.0	0.0015	0.0018018	0.0032787	0.0058997	0.0172414	0.0	0.0	0.0	0.0	0.0	0.0	0.0	0.0	0.0	0.0	0.0	0.0	0.0	
Black-crowned Night Heron	0.0	0.0	0.0	0.0	0.0	0.0	0.0	0.0	0.0	0.0	0.0	0.0	0.0	0.0	0.0	0.0121212	0.0	0.007874	0.0213904	0.0121704	0.0149701	0.0314342	0.0211082	0.0100334	0.0110803	0.007335	0.0055866	0.0095465	0.0015	0.0033003	0.0034483	0.0072072	0.0098361	0.0	0.0034483	0.0	0.0	0.0	0.0	0.0	0.0	0.0	0.0	0.0	0.0	0.0	0.0	0.0	
Snowy Egret	0.0	0.0	0.0	0.0	0.0	0.0	0.0	0.0	0.0	0.0	0.0	0.0	0.0	0.0	0.0	0.0015	0.0	0.0	0.0	0.0060852	0.0	0.0	0.0	0.0	0.0	0.0	0.0	0.0	0.0	0.0	0.0	0.0	0.0	0.0	0.0	0.0	0.0	0.0	0.0	0.0	0.0	0.0	0.0	0.0	0.0	0.0	0.0	0.0	
Green Heron	0.0	0.0	0.0	0.0	0.0	0.0	0.0	0.0	0.0	0.0	0.0	0.0	0.0	0.0	0.0	0.0015	0.0	0.0026247	0.0142602	0.0131846	0.002994	0.0098232	0.0131926	0.006689	0.0083102	0.0146699	0.0083799	0.0095465	0.0076923	0.0264026	0.0241379	0.0252252	0.0196721	0.0	0.0172414	0.0023474	0.0	0.0	0.0	0.0	0.0	0.0	0.0	0.0	0.0	0.0	0.0	0.0	
Great Egret	0.0	0.0	0.0	0.0	0.0	0.0	0.0	0.0	0.0	0.0	0.0	0.0	0.0	0.0194805	0.0318471	0.0666667	0.0625	0.0524934	0.0713012	0.0841785	0.0553892	0.0373281	0.0659631	0.0367893	0.0498615	0.0488998	0.0335196	0.052506	0.0423077	0.0363036	0.0931034	0.0558559	0.0295082	0.020649	0.0206897	0.0046948	0.0060423	0.0015	0.0015	0.0	0.0	0.0	0.0	0.0190476	0.0	0.0	0.0	0.0	
Great Blue Heron	0.0	0.0	0.0	0.0	0.0	0.0	0.0	0.0	0.0	0.0	0.0	0.006135	0.0344828	0.0974026	0.1082803	0.1121212	0.0698529	0.1049869	0.0695187	0.1156187	0.1182635	0.086444	0.0923483	0.0802676	0.0692521	0.0977995	0.1256983	0.1145585	0.1038462	0.1122112	0.1172414	0.1495495	0.1147541	0.0973451	0.1	0.0680751	0.060423	0.0209205	0.0319149	0.0339426	0.0163043	0.0073529	0.011236	0.0015	0.0015	0.0277778	0.0	0.0	
American White Pelican	0.0	0.0	0.0	0.0	0.0	0.0	0.0	0.0	0.0	0.0	0.0	0.0	0.0	0.0	0.0	0.0090909	0.0073529	0.0104987	0.0196078	0.0243408	0.008982	0.0078585	0.0105541	0.0050167	0.0027701	0.00489	0.0055866	0.0047733	0.0	0.0	0.0172414	0.0072072	0.0032787	0.0	0.0	0.0015	0.0	0.0	0.0	0.002611	0.0	0.0	0.0	0.0	0.0	0.0	0.0	0.0	
Black Vulture	0.0	0.0	0.0	0.0	0.0	0.0	0.0	0.0	0.0	0.0	0.0	0.0	0.0068966	0.0	0.0	0.0	0.0	0.0	0.0	0.0	0.0	0.0	0.0	0.0	0.0	0.0	0.0	0.0	0.0	0.0	0.0	0.0	0.0	0.0	0.0068966	0.0	0.0	0.0	0.0	0.0	0.0	0.0	0.0	0.0	0.0	0.0	0.0	0.0	
Turkey Vulture	0.0	0.0	0.0	0.0	0.0	0.0	0.0	0.015873	0.0	0.0181818	0.0128205	0.1533742	0.3172414	0.3246753	0.3312102	0.3333333	0.3014706	0.2677165	0.2709447	0.1947262	0.1706587	0.1552063	0.1292876	0.1270903	0.1163435	0.1173594	0.1117318	0.1312649	0.1615385	0.1023102	0.1551724	0.2756757	0.3213115	0.3097345	0.3862069	0.4178404	0.3595166	0.290795	0.3794326	0.2767624	0.2119565	0.0882353	0.0224719	0.0285714	0.0	0.0	0.0	0.0	
Osprey	0.0	0.0	0.0	0.0	0.0	0.0	0.0	0.0	0.0	0.0	0.0	0.0	0.0	0.025974	0.0764331	0.0818182	0.0955882	0.0656168	0.0374332	0.0466531	0.0344311	0.0491159	0.0316623	0.0434783	0.0526316	0.0831296	0.0558659	0.0644391	0.0846154	0.0726073	0.0965517	0.0972973	0.0754098	0.1061947	0.1206897	0.0985915	0.0271903	0.0041841	0.0035461	0.0	0.0	0.0	0.0	0.0	0.0	0.0	0.0	0.0	
Swallow-tailed Kite	0.0	0.0	0.0	0.0	0.0	0.0	0.0	0.0	0.0	0.0	0.0	0.0	0.0	0.0	0.0	0.0	0.0	0.0	0.0	0.0	0.0	0.0	0.0	0.0	0.0	0.0	0.0	0.0	0.0	0.0	0.0	0.0	0.0	0.0	0.0015	0.0	0.0	0.0	0.0	0.0	0.0	0.0	0.0	0.0	0.0	0.0	0.0	0.0	
Golden Eagle	0.0	0.0	0.0	0.0	0.0086957	0.0052083	0.0	0.0	0.0172414	0.0015	0.0641026	0.1042945	0.0275862	0.0194805	0.0254777	0.0212121	0.0330882	0.0104987	0.0053476	0.0020284	0.0	0.0	0.0	0.0	0.0	0.0	0.0	0.0	0.0	0.0	0.0	0.0	0.0	0.0	0.0	0.0117371	0.0241692	0.0292887	0.0638298	0.1305483	0.2065217	0.2794118	0.1123596	0.0666667	0.0015	0.0	0.0120482	0.0015	
Sharp-shinned Hawk	0.0	0.0	0.0	0.0	0.0015	0.0	0.0050761	0.0	0.0	0.0	0.0015	0.0490798	0.0896552	0.1363636	0.1656051	0.1545455	0.1948529	0.1023622	0.0588235	0.0162272	0.005988	0.0078585	0.0026385	0.0083612	0.0027701	0.0015	0.0111732	0.0095465	0.0076923	0.0033003	0.1	0.1693694	0.2393443	0.3333333	0.3862069	0.3661972	0.3021148	0.2259414	0.2446809	0.232376	0.201087	0.1176471	0.0224719	0.0015	0.0015	0.0	0.0060241	0.0	
Cooper's Hawk	0.0	0.0106383	0.0	0.016	0.0	0.015625	0.0050761	0.0	0.0172414	0.0181818	0.0	0.0184049	0.0068966	0.025974	0.0382166	0.0212121	0.0257353	0.015748	0.0178253	0.0081136	0.002994	0.0117878	0.005277	0.0050167	0.0015	0.0015	0.0055866	0.0023866	0.0153846	0.0033003	0.0103448	0.0234234	0.0360656	0.0619469	0.062069	0.0868545	0.0634441	0.0502092	0.0602837	0.0600522	0.0326087	0.0147059	0.0	0.0	0.0015	0.0	0.0	0.01	
Sharp-shinned/Cooper's Hawk	0.0	0.0	0.0	0.0	0.0	0.0015	0.0050761	0.0	0.0	0.0	0.0	0.006135	0.0206897	0.0	0.0063694	0.0090909	0.0	0.0	0.0035651	0.0010142	0.0	0.0	0.0	0.0	0.0	0.0	0.0	0.0	0.0	0.0	0.0	0.0018018	0.0	0.0058997	0.0	0.0	0.0	0.0020921	0.0	0.0	0.0	0.0	0.0	0.0	0.0	0.0277778	0.0120482	0.0	
American Goshawk	0.0	0.0	0.0	0.0	0.0	0.0015	0.0	0.0	0.0	0.0	0.0	0.0	0.0	0.0064935	0.0191083	0.0015	0.0015	0.0	0.0	0.0020284	0.0	0.0	0.0	0.0016722	0.0027701	0.002445	0.0015	0.0023866	0.0	0.0015	0.0	0.0018018	0.0065574	0.0029499	0.0	0.0117371	0.0120846	0.0104603	0.0248227	0.0391645	0.0326087	0.0220588	0.0674157	0.0	0.0166667	0.0	0.0060241	0.0	
Accipitrine hawk sp. (former Accipiter sp.)	0.0	0.0	0.0	0.0	0.0	0.0	0.0	0.0	0.0	0.0	0.0	0.0122699	0.0068966	0.012987	0.0127389	0.0030303	0.0036765	0.0	0.0	0.0	0.0	0.0	0.005277	0.0	0.0	0.0	0.0	0.0	0.0038462	0.0015	0.0015	0.0018018	0.0032787	0.0029499	0.0034483	0.0023474	0.0	0.0	0.0	0.0	0.0054348	0.0	0.0015	0.0	0.0	0.0	0.0	0.0	
Northern Harrier	0.0	0.0	0.0	0.0	0.0	0.0	0.0	0.0	0.0	0.0181818	0.0897436	0.0674847	0.0689655	0.1948052	0.1847134	0.1878788	0.1286765	0.0761155	0.0534759	0.0365112	0.0149701	0.0157171	0.0026385	0.006689	0.0193906	0.007335	0.0083799	0.0167064	0.0153846	0.0033003	0.0448276	0.1135135	0.1278689	0.1504425	0.1931034	0.1971831	0.1359517	0.1046025	0.1276596	0.1174935	0.1304348	0.0808824	0.0337079	0.0285714	0.0166667	0.0	0.0	0.0	
Bald Eagle	0.1696429	0.1276596	0.1448276	0.152	0.2173913	0.125	0.1015228	0.1904762	0.2413793	0.3272727	0.2820513	0.4601227	0.3172414	0.3311688	0.2738854	0.2393939	0.2205882	0.1889764	0.1907308	0.173428	0.1601796	0.1355599	0.1134565	0.1086957	0.0609418	0.1246944	0.1089385	0.1479714	0.1269231	0.1221122	0.1931034	0.3387387	0.3639344	0.4070796	0.4413793	0.3802817	0.3776435	0.3075314	0.393617	0.4255875	0.5380435	0.5147059	0.4719101	0.3904762	0.3	0.0833333	0.2891566	0.26	
Golden/Bald Eagle	0.0	0.0	0.0	0.0	0.0	0.0	0.0	0.0	0.0	0.0	0.0	0.0	0.0	0.0	0.0	0.0	0.0	0.0	0.0	0.0	0.0	0.0	0.0	0.0	0.0	0.0	0.0	0.0	0.0	0.0	0.0	0.0018018	0.0	0.0	0.0	0.0	0.0	0.0	0.0	0.0	0.0	0.0	0.0	0.0	0.0	0.0	0.0	0.0	
Broad-winged Hawk	0.0	0.0	0.0	0.0	0.0	0.0	0.0	0.0	0.0	0.0	0.0	0.0	0.0	0.012987	0.0636943	0.1181818	0.1213235	0.152231	0.0962567	0.0588235	0.0613772	0.0451866	0.0316623	0.0267559	0.0387812	0.0342298	0.0363128	0.0190931	0.0153846	0.0264026	0.0689655	0.1045045	0.1672131	0.1917404	0.2241379	0.2206573	0.1268882	0.0439331	0.0283688	0.0104439	0.0	0.0	0.0	0.0	0.0	0.0	0.0	0.0	
Red-shouldered Hawk	0.0	0.0	0.0	0.0	0.0	0.0	0.0	0.0	0.0	0.0	0.0384615	0.0674847	0.0551724	0.038961	0.0191083	0.0121212	0.0220588	0.015748	0.0017825	0.005071	0.011976	0.0117878	0.0079156	0.0183946	0.0055402	0.0015	0.0055866	0.0071599	0.0038462	0.0066007	0.0206897	0.009009	0.0557377	0.0471976	0.0551724	0.07277	0.1087613	0.0857741	0.141844	0.1932115	0.2336957	0.25	0.1573034	0.0761905	0.0015	0.0	0.0060241	0.0	
Broad-winged/Red-shouldered Hawk	0.0	0.0	0.0	0.0	0.0	0.0	0.0	0.0	0.0	0.0	0.0	0.0	0.0	0.0	0.0	0.0030303	0.0	0.0	0.0	0.0	0.0	0.0019646	0.0	0.0	0.0	0.0	0.0	0.0	0.0	0.0	0.0	0.0	0.0032787	0.0	0.0	0.0	0.0	0.0020921	0.0035461	0.0	0.0	0.0	0.0	0.0	0.0	0.0	0.0	0.0	
Swainson's Hawk	0.0	0.0	0.0	0.0	0.0	0.0	0.0	0.0	0.0	0.0	0.0	0.0	0.0	0.0	0.0	0.0	0.0	0.0	0.0	0.0	0.0	0.0	0.0	0.0	0.0	0.0	0.0	0.0	0.0	0.0	0.0	0.0	0.0	0.0	0.0172414	0.0	0.0030211	0.0015	0.0035461	0.0	0.0	0.0	0.0	0.0	0.0	0.0	0.0	0.0	
Red-tailed Hawk	0.0267857	0.0212766	0.0137931	0.024	0.0173913	0.0052083	0.0101523	0.0015	0.0689655	0.0181818	0.0512821	0.1288344	0.1241379	0.2077922	0.1273885	0.0939394	0.0735294	0.0603675	0.0516934	0.0375254	0.0179641	0.0157171	0.0015	0.0100334	0.0015	0.00978	0.0027933	0.0190931	0.0307692	0.0132013	0.0586207	0.0918919	0.1606557	0.1356932	0.1551724	0.2206573	0.2145015	0.1945607	0.2801418	0.3603133	0.4076087	0.3897059	0.2022472	0.1333333	0.0333333	0.0277778	0.0481928	0.0015	
Rough-legged Hawk	0.0267857	0.0106383	0.0689655	0.072	0.0434783	0.046875	0.0203046	0.031746	0.0862069	0.0727273	0.1025641	0.1533742	0.1103448	0.1753247	0.1019108	0.0666667	0.0404412	0.0288714	0.0106952	0.0020284	0.0	0.0	0.0	0.0	0.0	0.0	0.0	0.0	0.0	0.0	0.0	0.0	0.0	0.0	0.0	0.0	0.0060423	0.0439331	0.1914894	0.2506527	0.3152174	0.375	0.2022472	0.0952381	0.0666667	0.0833333	0.0301205	0.07	
Buteo sp.	0.0	0.0	0.0	0.0	0.0	0.0	0.0	0.0015	0.0	0.0	0.0128205	0.0122699	0.0206897	0.0015	0.0254777	0.0030303	0.0036765	0.0026247	0.0017825	0.005071	0.0	0.0019646	0.0	0.0	0.0	0.0	0.0	0.0	0.0038462	0.0	0.0	0.0	0.0	0.0058997	0.0034483	0.0070423	0.0030211	0.0	0.0035461	0.0	0.0054348	0.0	0.0015	0.0	0.0166667	0.0	0.0	0.0	
hawk sp.	0.0	0.0	0.0	0.0	0.0	0.0	0.0	0.0	0.0	0.0	0.0	0.0	0.0	0.012987	0.0	0.0015	0.0015	0.0	0.0017825	0.0030426	0.002994	0.0019646	0.0	0.0033445	0.0	0.002445	0.0	0.0047733	0.0115385	0.0015	0.0	0.0018018	0.0	0.0029499	0.0068966	0.0	0.0060423	0.0020921	0.0070922	0.0052219	0.0	0.0073529	0.0	0.0	0.0	0.0	0.0	0.02	
eagle sp.	0.0	0.0	0.0	0.0	0.0	0.0	0.0	0.0	0.0	0.0	0.0384615	0.0245399	0.0	0.0	0.0	0.0	0.0	0.0	0.0	0.0015	0.0	0.0	0.0	0.0	0.0	0.0	0.0	0.0	0.0	0.0	0.0	0.0	0.0	0.0	0.0	0.0	0.0	0.0	0.0035461	0.0	0.0	0.0	0.011236	0.0015	0.0	0.0	0.0	0.0	
Snowy Owl	0.0803571	0.106383	0.0482759	0.104	0.0956522	0.0729167	0.0406091	0.0015	0.0689655	0.0181818	0.0384615	0.0368098	0.0206897	0.0	0.0063694	0.0015	0.0073529	0.0015	0.0	0.0015	0.001497	0.0	0.0	0.0	0.0	0.0	0.0	0.0	0.0	0.0	0.0	0.0	0.0	0.0	0.0	0.0	0.0	0.0	0.0	0.002611	0.0015	0.0073529	0.0224719	0.0190476	0.0833333	0.0833333	0.0180723	0.03	
Great Horned Owl	0.0	0.0	0.0	0.0	0.0086957	0.0	0.0	0.0	0.0	0.0	0.0	0.0	0.0	0.0	0.0	0.0	0.0	0.0015	0.0017825	0.0010142	0.001497	0.0019646	0.0015	0.0033445	0.0	0.0	0.0	0.0015	0.0	0.0015	0.0015	0.0015	0.0065574	0.0029499	0.0	0.0023474	0.0	0.0	0.0	0.002611	0.0	0.0073529	0.0224719	0.0	0.0	0.0	0.0	0.0	
Northern Hawk Owl	0.0	0.0	0.0068966	0.0	0.0015	0.0015	0.0	0.0	0.0	0.0	0.0	0.0	0.0	0.0	0.0	0.0	0.0	0.0	0.0	0.0	0.0	0.0	0.0	0.0	0.0	0.0	0.0	0.0	0.0	0.0	0.0	0.0	0.0	0.0	0.0	0.0	0.0	0.0	0.0	0.0	0.0	0.0	0.0015	0.0	0.0	0.0	0.0	0.0015	
Barred Owl	0.0089286	0.0015	0.0	0.0015	0.0086957	0.0104167	0.0050761	0.0	0.0015	0.0181818	0.0128205	0.0015	0.0068966	0.0	0.0015	0.0030303	0.0	0.0131234	0.0124777	0.0030426	0.0015	0.0019646	0.0015	0.006689	0.0055402	0.00489	0.0015	0.0015	0.0076923	0.0033003	0.0068966	0.0018018	0.0032787	0.0058997	0.0068966	0.0070423	0.0151057	0.0167364	0.0212766	0.0104439	0.0108696	0.0073529	0.0224719	0.0095238	0.0	0.0	0.0060241	0.01	
Great Gray Owl	0.0089286	0.0	0.0015	0.0	0.026087	0.0	0.0	0.0	0.0	0.0	0.0	0.0122699	0.0	0.0	0.0	0.0	0.0	0.0	0.0	0.0	0.0	0.0	0.0	0.0	0.0	0.0	0.0	0.0	0.0	0.0	0.0	0.0	0.0	0.0	0.0	0.0	0.0	0.0	0.0	0.0	0.0	0.0	0.0	0.0	0.0	0.0	0.0	0.0015	
Long-eared Owl	0.0	0.0	0.0	0.0	0.0	0.0	0.0	0.0	0.0	0.0	0.0	0.0	0.0	0.0	0.0	0.0	0.0015	0.0	0.0	0.0	0.0	0.0	0.0	0.0	0.0	0.0	0.0	0.0015	0.0	0.0	0.0	0.0	0.0	0.0	0.0	0.0046948	0.0030211	0.0020921	0.0070922	0.0104439	0.0163043	0.0	0.0	0.0	0.0	0.0	0.0060241	0.0	
Short-eared Owl	0.0	0.0	0.0	0.0	0.0	0.0	0.0	0.0	0.0	0.0	0.0	0.0	0.0	0.0	0.0015	0.0030303	0.0	0.0026247	0.0	0.0	0.0	0.0	0.0	0.0	0.0	0.0	0.0	0.0	0.0	0.0	0.0	0.0	0.0	0.0	0.0	0.0023474	0.0	0.0020921	0.0106383	0.002611	0.0054348	0.0	0.0	0.0	0.0	0.0	0.0	0.0	
Boreal Owl	0.0	0.0	0.0	0.0	0.0	0.0	0.0	0.0	0.0	0.0	0.0	0.0	0.0	0.0	0.0	0.0	0.0	0.0	0.0	0.0	0.0	0.0	0.0	0.0	0.0	0.0	0.0	0.0	0.0	0.0	0.0	0.0	0.0	0.0	0.0	0.0	0.0	0.0	0.0	0.0	0.0054348	0.0	0.0	0.0095238	0.0	0.0	0.0	0.0	
Northern Saw-whet Owl	0.0	0.0	0.0015	0.0	0.0086957	0.0	0.0050761	0.0	0.0015	0.0	0.0	0.0	0.0015	0.0	0.0	0.0	0.0036765	0.0026247	0.0	0.0	0.0	0.0019646	0.0026385	0.0016722	0.0015	0.002445	0.0	0.0	0.0	0.0	0.0	0.0	0.0	0.0	0.0068966	0.0258216	0.0392749	0.0209205	0.035461	0.0313316	0.0597826	0.0147059	0.011236	0.0	0.0	0.0	0.0060241	0.0	
owl sp.	0.0	0.0	0.0	0.0	0.0	0.0	0.0	0.0	0.0	0.0	0.0	0.0	0.0	0.0	0.0	0.0	0.0	0.0	0.0	0.0	0.0	0.0	0.0	0.0	0.0	0.0	0.0	0.0	0.0	0.0	0.0	0.0	0.0	0.0	0.0	0.0	0.0	0.0	0.0	0.0	0.0	0.0	0.011236	0.0	0.0	0.0	0.0	0.0	
Belted Kingfisher	0.0	0.0	0.0068966	0.0	0.0086957	0.0	0.0	0.0	0.0	0.0	0.0	0.0245399	0.0137931	0.0714286	0.0636943	0.1181818	0.0808824	0.0682415	0.0623886	0.0578093	0.0793413	0.0609037	0.0844327	0.0685619	0.0775623	0.1051345	0.0865922	0.1169451	0.1115385	0.1023102	0.1517241	0.163964	0.2131148	0.2241888	0.2551724	0.1525822	0.0845921	0.041841	0.0035461	0.0052219	0.0108696	0.0	0.011236	0.0	0.0	0.0	0.0	0.0	
Yellow-bellied Sapsucker	0.0	0.0	0.0	0.0	0.0	0.0	0.0	0.0	0.0	0.0	0.0	0.0	0.0068966	0.0779221	0.1082803	0.0666667	0.0367647	0.0708661	0.0552585	0.0557809	0.0853293	0.0609037	0.0369393	0.0668896	0.0277008	0.0366748	0.0363128	0.0119332	0.0307692	0.029703	0.0206897	0.018018	0.0295082	0.0088496	0.0172414	0.0375587	0.0453172	0.0062762	0.0	0.0	0.0	0.0	0.0	0.0	0.0	0.0	0.0	0.0	
Red-headed Woodpecker	0.0	0.0	0.0	0.0	0.0	0.0	0.0	0.0	0.0	0.0	0.0	0.0	0.0	0.0	0.0	0.0	0.0220588	0.0341207	0.0748663	0.0141988	0.005988	0.0039293	0.0026385	0.0050167	0.0138504	0.0015	0.0027933	0.0015	0.0038462	0.0066007	0.0034483	0.0036036	0.0131148	0.0235988	0.0275862	0.0187793	0.0422961	0.0146444	0.0035461	0.0078329	0.0054348	0.0	0.0	0.0	0.0	0.0	0.0	0.0	
Red-bellied Woodpecker	0.1071429	0.0425532	0.0344828	0.088	0.0173913	0.0572917	0.1675127	0.1269841	0.0	0.0909091	0.0512821	0.0920245	0.062069	0.1103896	0.089172	0.0515152	0.0625	0.0813648	0.1069519	0.0365112	0.008982	0.0157171	0.0026385	0.0083612	0.0083102	0.0122249	0.0083799	0.0071599	0.0038462	0.0132013	0.0206897	0.0144144	0.0131148	0.0265487	0.037931	0.0375587	0.0543807	0.1046025	0.070922	0.078329	0.0597826	0.0588235	0.0786517	0.0952381	0.0666667	0.0277778	0.0783133	0.07	
Black-backed Woodpecker	0.0	0.0	0.0068966	0.0	0.0086957	0.0	0.0015	0.0	0.0	0.0	0.0	0.0	0.0	0.0	0.0	0.0	0.0	0.0	0.0	0.0	0.0	0.0	0.0	0.0	0.0	0.0015	0.0	0.0015	0.0	0.0	0.0	0.0	0.0032787	0.0	0.0	0.0	0.0	0.0125523	0.0	0.0	0.0	0.0220588	0.0	0.0	0.0	0.0	0.0	0.0	
Downy Woodpecker	0.1696429	0.1276596	0.1241379	0.128	0.1304348	0.1614583	0.3350254	0.2222222	0.137931	0.3090909	0.1923077	0.1717791	0.137931	0.1623377	0.1464968	0.1272727	0.0919118	0.1154856	0.1051693	0.0567951	0.0523952	0.0373281	0.0395778	0.0585284	0.0443213	0.0709046	0.1061453	0.1002387	0.1038462	0.0825083	0.137931	0.1279279	0.1442623	0.2094395	0.2034483	0.1690141	0.1510574	0.1757322	0.1666667	0.1827676	0.2336957	0.1764706	0.2247191	0.1047619	0.1333333	0.0555556	0.2349398	0.12	
Hairy Woodpecker	0.2142857	0.1702128	0.1034483	0.088	0.0869565	0.1666667	0.2588832	0.2380952	0.1724138	0.2	0.1282051	0.1472393	0.0482759	0.0974026	0.1082803	0.0909091	0.0477941	0.0734908	0.0891266	0.0578093	0.0538922	0.0609037	0.0474934	0.0568562	0.0304709	0.0488998	0.0446927	0.0548926	0.05	0.0792079	0.0931034	0.1153153	0.1213115	0.120944	0.0931034	0.1150235	0.1268882	0.1799163	0.1985816	0.2506527	0.2554348	0.1911765	0.2022472	0.1047619	0.0833333	0.0555556	0.1686747	0.12	
Downy/Hairy Woodpecker	0.0	0.0106383	0.0068966	0.008	0.0086957	0.0052083	0.0152284	0.015873	0.0	0.0181818	0.0	0.0	0.0068966	0.0064935	0.0191083	0.0	0.0	0.0052493	0.0035651	0.0	0.0	0.0015	0.0	0.0	0.0027701	0.0	0.0	0.0047733	0.0038462	0.0	0.0	0.0	0.0	0.0	0.0	0.0023474	0.0	0.0020921	0.0	0.0052219	0.0	0.0	0.0	0.0	0.0	0.0277778	0.0060241	0.01	
Pileated Woodpecker	0.1071429	0.1595745	0.0689655	0.064	0.1130435	0.109375	0.1675127	0.1587302	0.0862069	0.1272727	0.1282051	0.1533742	0.062069	0.1168831	0.1464968	0.0818182	0.0698529	0.0813648	0.0944742	0.0740365	0.0763473	0.0687623	0.0659631	0.0652174	0.0637119	0.0611247	0.0614525	0.0501193	0.0653846	0.0528053	0.1	0.0990991	0.2098361	0.1917404	0.1793103	0.1455399	0.1329305	0.1317992	0.1276596	0.1723238	0.1141304	0.1029412	0.1797753	0.1047619	0.1166667	0.0555556	0.1987952	0.13	
Northern Flicker	0.0	0.0	0.0	0.0	0.0	0.0	0.0	0.0	0.0	0.0	0.0128205	0.0306748	0.0413793	0.2532468	0.343949	0.3666667	0.3639706	0.2545932	0.2442068	0.1795132	0.1497006	0.1532417	0.1398417	0.1939799	0.1301939	0.1515892	0.1424581	0.1551313	0.1153846	0.1254125	0.1965517	0.245045	0.3442623	0.3628319	0.3724138	0.2605634	0.1389728	0.0313808	0.0390071	0.0130548	0.0163043	0.0	0.011236	0.0	0.0	0.0	0.0	0.0	
woodpecker sp.	0.0	0.0	0.0068966	0.0	0.0	0.0	0.0	0.0	0.0	0.0181818	0.0	0.0	0.0	0.0	0.0	0.0	0.0	0.0026247	0.0071301	0.0	0.002994	0.0019646	0.0	0.0033445	0.0027701	0.00489	0.0027933	0.0023866	0.0038462	0.0033003	0.0	0.0	0.0032787	0.0	0.0	0.0	0.0	0.0	0.0	0.0052219	0.0	0.0	0.0015	0.0	0.0	0.0	0.0	0.0	
Crested Caracara	0.0	0.0	0.0	0.0	0.0	0.0	0.0	0.0	0.0	0.0	0.0	0.0	0.0	0.0	0.0	0.0	0.0036765	0.0	0.0	0.0060852	0.0	0.0	0.0	0.0	0.0	0.0	0.0	0.0	0.0	0.0	0.0	0.0	0.0	0.0	0.0	0.0	0.0	0.0	0.0	0.0	0.0	0.0	0.0	0.0	0.0	0.0	0.0	0.0	
American Kestrel	0.0	0.0	0.0	0.0	0.0	0.0052083	0.0	0.0	0.0	0.0	0.025641	0.0490798	0.0551724	0.1168831	0.1464968	0.1666667	0.1360294	0.0866142	0.0338681	0.030426	0.0134731	0.0157171	0.0158311	0.0183946	0.0138504	0.0171149	0.0167598	0.0214797	0.0153846	0.0033003	0.0551724	0.0990991	0.1606557	0.2477876	0.3137931	0.2910798	0.1993958	0.0920502	0.0531915	0.0339426	0.0326087	0.0	0.0	0.0	0.0166667	0.0	0.0	0.0	
Merlin	0.0	0.0	0.0	0.008	0.0	0.0104167	0.0101523	0.015873	0.0	0.0363636	0.0128205	0.1288344	0.1172414	0.1363636	0.1146497	0.1121212	0.1360294	0.0629921	0.0926916	0.0365112	0.0299401	0.0235756	0.0395778	0.0334448	0.0249307	0.0391198	0.0614525	0.0644391	0.0769231	0.0660066	0.1137931	0.1927928	0.2327869	0.3067847	0.2724138	0.2535211	0.1903323	0.2426778	0.1808511	0.1436031	0.1413043	0.0955882	0.0449438	0.0095238	0.0	0.0	0.0120482	0.0	
Peregrine Falcon	0.0	0.0	0.0	0.0	0.0	0.0	0.0	0.0	0.0	0.0	0.0128205	0.0184049	0.0275862	0.0324675	0.0254777	0.0393939	0.0330882	0.023622	0.0196078	0.0040568	0.002994	0.0019646	0.0015	0.0015	0.0015	0.0015	0.0015	0.0023866	0.0038462	0.0033003	0.0275862	0.0414414	0.1180328	0.0914454	0.1103448	0.1596244	0.1661631	0.0878661	0.0425532	0.0234987	0.0543478	0.0367647	0.0449438	0.0190476	0.0	0.0	0.0060241	0.0	
falcon sp.	0.0	0.0	0.0	0.0	0.0	0.0	0.0	0.0	0.0	0.0	0.0	0.0	0.0137931	0.0064935	0.0	0.0	0.0	0.007874	0.0	0.0020284	0.002994	0.0015	0.0	0.0016722	0.0	0.002445	0.0	0.0	0.0	0.0	0.0	0.0018018	0.0032787	0.0029499	0.0	0.0	0.0015	0.0	0.0	0.002611	0.0	0.0	0.0	0.0	0.0	0.0	0.0	0.0	
diurnal raptor sp.	0.0	0.0	0.0	0.0	0.0	0.0	0.0	0.0	0.0	0.0	0.0	0.0	0.0	0.0	0.0	0.0	0.0	0.0	0.0017825	0.0	0.0	0.0	0.0	0.0	0.0	0.0	0.0	0.0	0.0	0.0	0.0	0.0	0.0	0.0	0.0	0.0	0.0	0.0	0.0	0.0	0.0	0.0	0.0	0.0	0.0	0.0	0.0	0.0	
Olive-sided Flycatcher	0.0	0.0	0.0	0.0	0.0	0.0	0.0	0.0	0.0	0.0	0.0	0.0	0.0	0.0	0.0	0.0	0.0	0.0	0.0017825	0.0141988	0.008982	0.0039293	0.0026385	0.0033445	0.0	0.0015	0.0	0.0047733	0.0076923	0.0	0.0103448	0.0162162	0.0032787	0.0	0.0	0.0	0.0	0.0	0.0	0.0	0.0	0.0	0.0	0.0	0.0	0.0	0.0	0.0	
Eastern Wood-Pewee	0.0	0.0	0.0	0.0	0.0	0.0	0.0	0.0	0.0	0.0	0.0	0.0	0.0	0.0	0.0	0.0	0.0	0.0052493	0.0463458	0.0699797	0.0943114	0.0884086	0.060686	0.0936455	0.0554017	0.0635697	0.0698324	0.0883055	0.0923077	0.0759076	0.0965517	0.0648649	0.0262295	0.0176991	0.0	0.0023474	0.0	0.0	0.0	0.0	0.0	0.0	0.0	0.0	0.0	0.0	0.0	0.0	
Yellow-bellied Flycatcher	0.0	0.0	0.0	0.0	0.0	0.0	0.0	0.0	0.0	0.0	0.0	0.0	0.0	0.0	0.0	0.0	0.0	0.0	0.0053476	0.0111562	0.0134731	0.0078585	0.0026385	0.0016722	0.0027701	0.0015	0.0	0.0015	0.0076923	0.0132013	0.0103448	0.0144144	0.0065574	0.0	0.0	0.0	0.0	0.0	0.0	0.0	0.0	0.0	0.0	0.0	0.0	0.0	0.0	0.0	
Alder Flycatcher	0.0	0.0	0.0	0.0	0.0	0.0	0.0	0.0	0.0	0.0	0.0	0.0	0.0	0.0	0.0	0.0	0.0	0.0026247	0.0196078	0.1298174	0.1811377	0.1119843	0.0949868	0.0535117	0.0110803	0.0220049	0.0558659	0.052506	0.0384615	0.009901	0.0068966	0.0108108	0.0	0.0	0.0	0.0	0.0	0.0	0.0	0.0	0.0	0.0	0.0	0.0	0.0	0.0	0.0	0.0	
Willow Flycatcher	0.0	0.0	0.0	0.0	0.0	0.0	0.0	0.0	0.0	0.0	0.0	0.0	0.0	0.0	0.0	0.0	0.0	0.0	0.0	0.0010142	0.0	0.0039293	0.0015	0.0	0.0	0.0	0.0027933	0.0	0.0	0.0	0.0	0.0	0.0	0.0	0.0	0.0	0.0	0.0	0.0	0.0	0.0	0.0	0.0	0.0	0.0	0.0	0.0	0.0	
Alder/Willow Flycatcher (Traill's Flycatcher)	0.0	0.0	0.0	0.0	0.0	0.0	0.0	0.0	0.0	0.0	0.0	0.0	0.0	0.0	0.0	0.0	0.0	0.0	0.0017825	0.0070994	0.004491	0.0039293	0.0	0.0	0.0	0.002445	0.0	0.0	0.0	0.0132013	0.0034483	0.0018018	0.0032787	0.0029499	0.0	0.0	0.0	0.0	0.0	0.0	0.0	0.0	0.0	0.0	0.0	0.0	0.0	0.0	
Least Flycatcher	0.0	0.0	0.0	0.0	0.0	0.0	0.0	0.0	0.0	0.0	0.0	0.0	0.0	0.0	0.0	0.0	0.0147059	0.0524934	0.1319073	0.0649087	0.0344311	0.0353635	0.0237467	0.0401338	0.0277008	0.0244499	0.0195531	0.0	0.0115385	0.0264026	0.0655172	0.027027	0.0262295	0.0294985	0.0	0.0023474	0.0	0.0	0.0	0.0	0.0	0.0	0.0	0.0	0.0	0.0	0.0	0.0	
Empidonax sp.	0.0	0.0	0.0	0.0	0.0	0.0	0.0	0.0	0.0	0.0	0.0	0.0	0.0	0.0	0.0	0.0	0.0	0.0052493	0.0053476	0.010142	0.002994	0.0	0.0026385	0.0016722	0.0027701	0.002445	0.0111732	0.0023866	0.0015	0.0066007	0.0137931	0.0054054	0.0065574	0.0029499	0.0034483	0.0	0.0	0.0	0.0	0.0	0.0	0.0	0.0	0.0	0.0	0.0	0.0	0.0	
Eastern Phoebe	0.0	0.0	0.0	0.0	0.0	0.0	0.0	0.0	0.0	0.0	0.0	0.0	0.0137931	0.1168831	0.1401274	0.0969697	0.0367647	0.0314961	0.0374332	0.0486815	0.0538922	0.0373281	0.0343008	0.0301003	0.0415512	0.0317848	0.0223464	0.0357995	0.0230769	0.0363036	0.0448276	0.0504505	0.0491803	0.0442478	0.0275862	0.028169	0.0120846	0.0	0.0015	0.002611	0.0	0.0	0.0	0.0	0.0	0.0	0.0	0.0	
Say's Phoebe	0.0	0.0	0.0	0.0	0.0	0.0	0.0	0.0	0.0	0.0	0.0	0.0	0.0	0.0	0.0	0.0	0.0	0.0	0.0	0.0	0.0	0.0	0.0	0.0	0.0	0.0	0.0	0.0	0.0	0.0	0.0	0.0	0.0	0.0015	0.0	0.0	0.0	0.0	0.0	0.0	0.0	0.0	0.0	0.0	0.0	0.0	0.0	0.0	
Ash-throated Flycatcher	0.0	0.0	0.0	0.0	0.0	0.0	0.0	0.0	0.0	0.0	0.0	0.0	0.0	0.0	0.0	0.0	0.0	0.0	0.0	0.0	0.0	0.0	0.0	0.0	0.0	0.0	0.0	0.0	0.0	0.0	0.0	0.0	0.0	0.0	0.0	0.0	0.0	0.0	0.0	0.0015	0.0	0.0	0.0	0.0	0.0	0.0	0.0	0.0	
Great Crested Flycatcher	0.0	0.0	0.0	0.0	0.0	0.0	0.0	0.0	0.0	0.0	0.0	0.0	0.0	0.0	0.0	0.0	0.0036765	0.0341207	0.0926916	0.1004057	0.1511976	0.1394892	0.1029024	0.1003344	0.0609418	0.0317848	0.0502793	0.0572792	0.0423077	0.0231023	0.0344828	0.018018	0.0131148	0.0058997	0.0	0.0	0.0	0.0	0.0	0.0	0.0	0.0	0.0	0.0	0.0	0.0	0.0	0.0	
Western Kingbird	0.0	0.0	0.0	0.0	0.0	0.0	0.0	0.0	0.0	0.0	0.0	0.0	0.0	0.0	0.0	0.0	0.0	0.0	0.0015	0.0	0.0	0.0	0.0	0.0	0.0	0.0	0.0	0.0	0.0	0.0	0.0	0.0	0.0	0.0	0.0	0.0023474	0.0030211	0.0	0.0	0.0052219	0.0	0.0	0.0	0.0	0.0	0.0	0.0	0.0	
Eastern Kingbird	0.0	0.0	0.0	0.0	0.0	0.0	0.0	0.0	0.0	0.0	0.0	0.0	0.0	0.0	0.0	0.0	0.0183824	0.0551181	0.1354724	0.1409736	0.1032934	0.0451866	0.0580475	0.0602007	0.033241	0.0611247	0.0502793	0.0811456	0.0461538	0.0528053	0.0931034	0.1153153	0.042623	0.0176991	0.0	0.0	0.0	0.0	0.0	0.0	0.0	0.0	0.0	0.0	0.0	0.0	0.0	0.0	
Scissor-tailed Flycatcher	0.0	0.0	0.0	0.0	0.0	0.0	0.0	0.0	0.0	0.0	0.0	0.0	0.0	0.0	0.0	0.0	0.0	0.0	0.0035651	0.0	0.0	0.0	0.0	0.0	0.0	0.0	0.0	0.0	0.0038462	0.0	0.0	0.0	0.0	0.0	0.0	0.0	0.0	0.0041841	0.0	0.0	0.0	0.0	0.0	0.0	0.0	0.0	0.0	0.0	
new world flycatcher sp.	0.0	0.0	0.0	0.0	0.0	0.0	0.0	0.0	0.0	0.0	0.0	0.0	0.0	0.0	0.0	0.0	0.0	0.0	0.0	0.0015	0.0	0.0	0.0	0.0	0.0	0.0	0.0	0.0	0.0	0.0	0.0	0.0	0.0	0.0	0.0	0.0	0.0	0.0	0.0	0.0	0.0	0.0	0.0	0.0	0.0	0.0	0.0	0.0	
White-eyed Vireo	0.0	0.0	0.0	0.0	0.0	0.0	0.0	0.0	0.0	0.0	0.0	0.0	0.0	0.0	0.0	0.0	0.0	0.0	0.0015	0.0	0.0	0.0	0.0	0.0	0.0	0.0	0.0	0.0	0.0	0.0	0.0	0.0	0.0	0.0	0.0	0.0	0.0	0.0	0.0	0.0	0.0	0.0	0.0	0.0	0.0	0.0	0.0	0.0	
Yellow-throated Vireo	0.0	0.0	0.0	0.0	0.0	0.0	0.0	0.0	0.0	0.0	0.0	0.0	0.0	0.0	0.0	0.0	0.0	0.0	0.0071301	0.0	0.0	0.0	0.0	0.0	0.0	0.002445	0.0	0.0	0.0	0.0	0.0	0.0018018	0.0	0.0	0.0015	0.0	0.0	0.0	0.0	0.0	0.0	0.0	0.0	0.0	0.0	0.0	0.0	0.0	
Blue-headed Vireo	0.0	0.0	0.0	0.0	0.0	0.0	0.0	0.0	0.0	0.0	0.0	0.0	0.0	0.0	0.0	0.0060606	0.0110294	0.0446194	0.0552585	0.0344828	0.0359281	0.0353635	0.0211082	0.0250836	0.0138504	0.0317848	0.0111732	0.0095465	0.0307692	0.0033003	0.0172414	0.0108108	0.0327869	0.0412979	0.0310345	0.0234742	0.0181269	0.0146444	0.0070922	0.0	0.0	0.0	0.0	0.0	0.0	0.0	0.0	0.0	
Philadelphia Vireo	0.0	0.0	0.0	0.0	0.0	0.0	0.0	0.0	0.0	0.0	0.0	0.0	0.0	0.0	0.0	0.0	0.0	0.0	0.0231729	0.020284	0.010479	0.0	0.0	0.0	0.0055402	0.0	0.0	0.0	0.0	0.0033003	0.0172414	0.009009	0.042623	0.0147493	0.0034483	0.0023474	0.0015	0.0	0.0	0.002611	0.0	0.0	0.0	0.0	0.0	0.0	0.0	0.0	
Eastern Warbling Vireo	0.0	0.0	0.0	0.0	0.0	0.0	0.0	0.0	0.0	0.0	0.0	0.0	0.0	0.0	0.0	0.0	0.0	0.0104987	0.0338681	0.0223124	0.0209581	0.0058939	0.0026385	0.0117057	0.0027701	0.0195599	0.0055866	0.0119332	0.0038462	0.0132013	0.0068966	0.0054054	0.0032787	0.0029499	0.0	0.0	0.0	0.0	0.0	0.0	0.0	0.0	0.0	0.0	0.0	0.0	0.0	0.0	
Red-eyed Vireo	0.0	0.0	0.0	0.0	0.0	0.0	0.0	0.0	0.0	0.0	0.0	0.0	0.0	0.0	0.0	0.0	0.0	0.0288714	0.228164	0.362069	0.5179641	0.497053	0.5435356	0.4949833	0.4265928	0.4938875	0.4078212	0.3221957	0.2730769	0.2607261	0.3172414	0.2918919	0.2491803	0.1356932	0.0448276	0.0211268	0.0030211	0.0	0.0	0.0	0.0054348	0.0	0.0	0.0	0.0	0.0	0.0	0.0	
vireo sp.	0.0	0.0	0.0	0.0	0.0	0.0	0.0	0.0	0.0	0.0	0.0	0.0	0.0	0.0	0.0	0.0	0.0	0.0	0.0	0.0	0.001497	0.0	0.0	0.0	0.0	0.0	0.0	0.0	0.0	0.0	0.0	0.0	0.0	0.0029499	0.0	0.0	0.0	0.0	0.0	0.0	0.0	0.0	0.0	0.0	0.0	0.0	0.0	0.0	
Loggerhead Shrike	0.0	0.0	0.0	0.0	0.0	0.0	0.0	0.0	0.0	0.0	0.0	0.0	0.0	0.0	0.0	0.0	0.0	0.0	0.0017825	0.0	0.0	0.0	0.0	0.0	0.0	0.0	0.0	0.0	0.0	0.0	0.0	0.0	0.0	0.0	0.0	0.0	0.0	0.0	0.0	0.0	0.0	0.0	0.0	0.0	0.0	0.0	0.0	0.0	
Northern Shrike	0.0089286	0.0319149	0.0482759	0.08	0.1391304	0.0260417	0.0304569	0.0015	0.0862069	0.0015	0.0128205	0.0245399	0.0344828	0.0194805	0.0063694	0.0121212	0.0	0.0026247	0.0	0.0	0.0	0.0	0.0	0.0	0.0	0.0	0.0	0.0	0.0	0.0	0.0	0.0	0.0	0.0	0.0	0.0	0.0	0.0041841	0.0177305	0.1122715	0.1576087	0.1764706	0.1235955	0.0857143	0.0833333	0.0277778	0.060241	0.05	
Canada Jay	0.0	0.0	0.0	0.0	0.0	0.0015	0.0	0.0	0.0	0.0	0.0	0.0	0.0	0.0	0.0	0.0	0.0	0.0	0.0	0.0020284	0.001497	0.0019646	0.0	0.0016722	0.0027701	0.0	0.0055866	0.0023866	0.0038462	0.0066007	0.0015	0.0	0.0015	0.0	0.0	0.0023474	0.0	0.0	0.0	0.0	0.0	0.0	0.0	0.0	0.0	0.0	0.0	0.0	
Blue Jay	0.2946429	0.2021277	0.137931	0.208	0.1652174	0.2395833	0.2436548	0.3015873	0.2068966	0.2363636	0.1666667	0.0981595	0.1448276	0.1103896	0.1528662	0.0939394	0.2132353	0.3727034	0.4099822	0.351927	0.3083832	0.2671906	0.237467	0.2809365	0.1578947	0.1760391	0.2653631	0.2386635	0.2769231	0.2871287	0.2758621	0.3279279	0.4459016	0.5368732	0.5517241	0.5399061	0.4199396	0.4267782	0.4184397	0.4020888	0.3913043	0.3823529	0.3033708	0.1714286	0.2166667	0.1666667	0.2831325	0.18	
American Crow	0.3303571	0.2659574	0.3172414	0.4	0.2782609	0.328125	0.3604061	0.4761905	0.5	0.7090909	0.7307692	0.6196319	0.6068966	0.6103896	0.522293	0.5272727	0.4889706	0.4776903	0.4991087	0.464503	0.4715569	0.4891945	0.4775726	0.4046823	0.365651	0.4278729	0.4804469	0.4630072	0.4307692	0.4323432	0.4965517	0.5891892	0.6885246	0.6843658	0.6931034	0.6431925	0.6223565	0.6297071	0.6489362	0.6109661	0.5978261	0.5073529	0.3707865	0.4095238	0.5	0.3055556	0.560241	0.37	
Common Raven	0.4107143	0.2234043	0.3724138	0.368	0.3826087	0.390625	0.3096447	0.3968254	0.2068966	0.3636364	0.3333333	0.3680982	0.3448276	0.1948052	0.2165605	0.2424242	0.1875	0.191601	0.2156863	0.1967546	0.1796407	0.1532417	0.1583113	0.132107	0.099723	0.0977995	0.1284916	0.124105	0.1423077	0.1386139	0.162069	0.2936937	0.3114754	0.3421829	0.4103448	0.3450704	0.3111782	0.3263598	0.3262411	0.386423	0.4945652	0.4411765	0.4157303	0.2666667	0.3	0.2222222	0.373494	0.25	
crow/raven sp.	0.0	0.0	0.0	0.0	0.0	0.0	0.0	0.0	0.0172414	0.0181818	0.0	0.0	0.0068966	0.0	0.0	0.0030303	0.0	0.0052493	0.0	0.0010142	0.0	0.0019646	0.0015	0.0016722	0.0	0.0	0.0	0.0095465	0.0	0.0	0.0	0.0018018	0.0	0.0	0.0	0.0	0.0	0.0	0.0	0.0	0.0	0.0	0.0	0.0	0.0	0.0	0.0	0.0	
Black-capped Chickadee	0.4642857	0.3723404	0.3448276	0.368	0.4173913	0.5260417	0.5532995	0.5079365	0.3965517	0.5272727	0.474359	0.4233129	0.3793103	0.4155844	0.388535	0.3090909	0.3602941	0.3779528	0.3600713	0.2799189	0.251497	0.21611	0.2295515	0.2491639	0.1717452	0.3080685	0.3826816	0.372315	0.3923077	0.4158416	0.4103448	0.5009009	0.5639344	0.5634218	0.4793103	0.5140845	0.4954683	0.58159	0.5780142	0.5561358	0.6467391	0.5367647	0.6292135	0.4095238	0.4	0.25	0.6686747	0.32	
Boreal Chickadee	0.0	0.0	0.0	0.0	0.0	0.0	0.0	0.015873	0.0	0.0	0.0	0.0015	0.0	0.0064935	0.0	0.0	0.0015	0.0	0.0017825	0.0010142	0.0	0.0	0.0026385	0.0	0.0027701	0.0	0.0	0.0	0.0	0.0	0.0	0.0	0.0015	0.0	0.0	0.0023474	0.0	0.0	0.0106383	0.0208877	0.0108696	0.0	0.0	0.0190476	0.0666667	0.0	0.0	0.0	
Tufted Titmouse	0.0	0.0	0.0	0.0	0.0	0.0	0.0	0.0	0.0	0.0	0.0	0.0	0.0	0.0	0.0	0.0	0.0	0.0	0.0	0.0	0.0	0.0	0.0	0.0	0.0	0.0	0.0	0.0	0.0	0.0	0.0	0.0	0.0	0.0	0.0	0.0	0.0	0.0	0.0	0.0	0.0	0.0	0.0	0.0	0.0	0.0277778	0.0	0.0	
Horned Lark	0.0267857	0.0106383	0.0206897	0.008	0.026087	0.0416667	0.0507614	0.015873	0.0344828	0.0	0.0	0.006135	0.0	0.012987	0.0063694	0.0090909	0.0183824	0.0131234	0.0071301	0.0030426	0.0	0.0	0.0	0.0	0.0	0.0	0.0	0.0	0.0	0.0	0.0	0.0	0.0032787	0.0560472	0.1551724	0.2183099	0.2024169	0.2217573	0.177305	0.2193211	0.2173913	0.1029412	0.011236	0.0	0.0166667	0.0277778	0.0	0.01	
Bank Swallow	0.0	0.0	0.0	0.0	0.0	0.0	0.0	0.0	0.0	0.0	0.0	0.0	0.0	0.0	0.0	0.0	0.0073529	0.0131234	0.0142602	0.015213	0.011976	0.0098232	0.005277	0.006689	0.0193906	0.00978	0.0111732	0.0143198	0.0038462	0.0033003	0.0103448	0.0144144	0.0065574	0.0029499	0.0	0.0	0.0	0.0	0.0	0.0	0.0	0.0	0.0	0.0	0.0	0.0	0.0	0.0	
Tree Swallow	0.0	0.0	0.0	0.0	0.0	0.0	0.0	0.0	0.0	0.0	0.0	0.0	0.0068966	0.1103896	0.0764331	0.1818182	0.1875	0.1732283	0.14082	0.1724138	0.1856287	0.1335953	0.1345646	0.1337793	0.0803324	0.0611247	0.0502793	0.0548926	0.0307692	0.0165017	0.0482759	0.036036	0.0557377	0.0088496	0.0068966	0.0	0.0	0.0	0.0	0.0	0.0	0.0	0.0	0.0	0.0	0.0	0.0	0.0	
Purple Martin	0.0	0.0	0.0	0.0	0.0	0.0	0.0	0.0	0.0	0.0	0.0	0.0	0.0	0.0	0.0	0.0015	0.0015	0.0	0.0017825	0.0020284	0.001497	0.0019646	0.0026385	0.0015	0.0	0.002445	0.0	0.0023866	0.0	0.0033003	0.0068966	0.0018018	0.0	0.0	0.0	0.0	0.0	0.0	0.0	0.0	0.0	0.0	0.0	0.0	0.0	0.0	0.0	0.0	
Northern Rough-winged Swallow	0.0	0.0	0.0	0.0	0.0	0.0	0.0	0.0	0.0	0.0	0.0	0.0	0.0	0.0	0.0	0.0030303	0.0110294	0.015748	0.0124777	0.0192698	0.0374251	0.0157171	0.0131926	0.0133779	0.0138504	0.007335	0.0111732	0.026253	0.0115385	0.0015	0.0103448	0.0018018	0.0	0.0	0.0	0.0	0.0	0.0	0.0	0.0	0.0	0.0	0.0	0.0	0.0	0.0	0.0	0.0	
Barn Swallow	0.0	0.0	0.0	0.0	0.0	0.0	0.0	0.0	0.0	0.0	0.0	0.0	0.0	0.0	0.0063694	0.0878788	0.1360294	0.1364829	0.1479501	0.1399594	0.1601796	0.1787819	0.1741425	0.1605351	0.1357341	0.1687042	0.1843575	0.1909308	0.1846154	0.2013201	0.2172414	0.1459459	0.095082	0.0560472	0.0068966	0.0	0.0	0.0	0.0	0.0015	0.0	0.0	0.0	0.0	0.0	0.0	0.0	0.0	
Cliff Swallow	0.0	0.0	0.0	0.0	0.0	0.0	0.0	0.0	0.0	0.0	0.0	0.0	0.0	0.0	0.0	0.0030303	0.0220588	0.0341207	0.0427807	0.0243408	0.0374251	0.0530452	0.055409	0.0468227	0.0193906	0.0415648	0.0530726	0.0477327	0.0153846	0.0264026	0.0068966	0.027027	0.0360656	0.0088496	0.0	0.0	0.0	0.0	0.0	0.0	0.0	0.0	0.0	0.0	0.0	0.0	0.0	0.0	
swallow sp.	0.0	0.0	0.0	0.0	0.0	0.0	0.0	0.0	0.0	0.0	0.0	0.0	0.0	0.012987	0.0	0.0212121	0.0441176	0.007874	0.0213904	0.0131846	0.002994	0.0058939	0.0105541	0.0050167	0.0027701	0.00978	0.0055866	0.0071599	0.0076923	0.0015	0.0068966	0.0054054	0.0131148	0.0015	0.0	0.0	0.0	0.0	0.0	0.0	0.0	0.0	0.0	0.0	0.0	0.0	0.0	0.0	
Ruby-crowned Kinglet	0.0	0.0	0.0	0.0	0.0	0.0	0.0	0.0	0.0	0.0	0.0	0.0	0.0	0.0194805	0.0764331	0.1606061	0.1470588	0.0813648	0.0481283	0.015213	0.004491	0.0058939	0.0026385	0.0015	0.0	0.002445	0.0	0.0	0.0038462	0.009901	0.0	0.0018018	0.0065574	0.020649	0.037931	0.129108	0.102719	0.0711297	0.0496454	0.0443864	0.0054348	0.0	0.0	0.0	0.0	0.0	0.0	0.0	
Golden-crowned Kinglet	0.0714286	0.0106383	0.0275862	0.024	0.0086957	0.03125	0.0050761	0.015873	0.0172414	0.0363636	0.0	0.0674847	0.1103448	0.2012987	0.1656051	0.1181818	0.1029412	0.0262467	0.0178253	0.0243408	0.0329341	0.0275049	0.0395778	0.041806	0.0304709	0.0146699	0.0167598	0.0310263	0.0153846	0.0231023	0.0241379	0.0234234	0.0131148	0.0353982	0.0448276	0.1384977	0.1480363	0.1485356	0.1843972	0.1853786	0.1847826	0.1176471	0.1685393	0.0285714	0.0833333	0.0277778	0.1746988	0.09	
White-breasted Nuthatch	0.1428571	0.0851064	0.062069	0.088	0.0782609	0.1666667	0.1878173	0.0793651	0.137931	0.1454545	0.0769231	0.0981595	0.1172414	0.1168831	0.089172	0.0606061	0.0441176	0.0393701	0.0231729	0.020284	0.010479	0.0137525	0.0158311	0.0183946	0.0277008	0.0366748	0.0558659	0.0453461	0.0423077	0.0462046	0.0586207	0.0576577	0.042623	0.0294985	0.0413793	0.0868545	0.0936556	0.1966527	0.1382979	0.1305483	0.0923913	0.0955882	0.1460674	0.1238095	0.1	0.0833333	0.1746988	0.15	
Red-breasted Nuthatch	0.1339286	0.0957447	0.0896552	0.088	0.0695652	0.0885417	0.1928934	0.1587302	0.0689655	0.1636364	0.0897436	0.1226994	0.1034483	0.1233766	0.1082803	0.1121212	0.2058824	0.2073491	0.2103387	0.1409736	0.1616766	0.1198428	0.1055409	0.1421405	0.0914127	0.1026895	0.1284916	0.1431981	0.1576923	0.1980198	0.2344828	0.2162162	0.2918033	0.2566372	0.2413793	0.185446	0.2024169	0.1359833	0.141844	0.1357702	0.0978261	0.125	0.1797753	0.0952381	0.1333333	0.0277778	0.2289157	0.12	
nuthatch sp.	0.0	0.0	0.0	0.0	0.0	0.0	0.0	0.0	0.0	0.0	0.0	0.0	0.0	0.0	0.0	0.0	0.0	0.0	0.0	0.0010142	0.0	0.0	0.0	0.0	0.0	0.0	0.0	0.0	0.0	0.0	0.0	0.0	0.0	0.0	0.0	0.0	0.0	0.0	0.0	0.0	0.0	0.0	0.0	0.0	0.0	0.0	0.0	0.0	
Brown Creeper	0.0625	0.0212766	0.0137931	0.008	0.0173913	0.0104167	0.0406091	0.0	0.0172414	0.0015	0.0	0.0245399	0.062069	0.0649351	0.0828025	0.0848485	0.0808824	0.0341207	0.0320856	0.0223124	0.0374251	0.0314342	0.0343008	0.0334448	0.0193906	0.0268949	0.0223464	0.0286396	0.0307692	0.039604	0.0413793	0.0288288	0.0491803	0.0353982	0.0482759	0.0892019	0.0574018	0.0313808	0.0319149	0.0391645	0.0217391	0.0147059	0.011236	0.0285714	0.0015	0.0277778	0.060241	0.02	
Blue-gray Gnatcatcher	0.0	0.0	0.0	0.0	0.0	0.0	0.0	0.0	0.0	0.0	0.0	0.0	0.0	0.0	0.0	0.0	0.0073529	0.0131234	0.0356506	0.0091278	0.0	0.0	0.0026385	0.0	0.0	0.002445	0.0	0.0023866	0.0	0.0	0.0	0.0018018	0.0065574	0.0	0.0	0.0023474	0.0030211	0.0	0.0070922	0.002611	0.0054348	0.0	0.0	0.0	0.0	0.0	0.0	0.0	
Northern House Wren	0.0	0.0	0.0	0.0	0.0	0.0	0.0	0.0	0.0	0.0	0.0	0.0	0.0	0.0	0.0	0.0	0.0110294	0.0262467	0.0445633	0.0567951	0.0479042	0.0491159	0.0448549	0.0551839	0.0415512	0.0293399	0.0363128	0.026253	0.0115385	0.019802	0.0137931	0.0414414	0.0262295	0.0294985	0.0137931	0.0140845	0.0030211	0.0	0.0	0.0	0.0	0.0	0.0	0.0	0.0	0.0	0.0	0.0	
Winter Wren	0.0	0.0	0.0	0.0	0.0	0.0	0.0	0.0	0.0	0.0	0.0	0.0	0.0137931	0.0	0.0191083	0.0393939	0.0330882	0.023622	0.0409982	0.040568	0.0449102	0.0530452	0.0686016	0.09699	0.0470914	0.0440098	0.0530726	0.0477327	0.0192308	0.0066007	0.0068966	0.009009	0.0	0.020649	0.0034483	0.0234742	0.0241692	0.0083682	0.0	0.002611	0.0015	0.0	0.0	0.0	0.0	0.0	0.0	0.0	
Sedge Wren	0.0	0.0	0.0	0.0	0.0	0.0	0.0	0.0	0.0	0.0	0.0	0.0	0.0	0.0	0.0	0.0	0.0015	0.0104987	0.0124777	0.0294118	0.0359281	0.021611	0.0211082	0.0167224	0.0110803	0.002445	0.0083799	0.0047733	0.0038462	0.0	0.0	0.0018018	0.0	0.0058997	0.0034483	0.0046948	0.0	0.0	0.0	0.0	0.0	0.0	0.0	0.0	0.0	0.0	0.0	0.0	
Marsh Wren	0.0	0.0	0.0	0.0	0.0	0.0	0.0	0.0	0.0	0.0	0.0	0.0	0.0	0.0	0.0	0.0	0.0	0.007874	0.0196078	0.0162272	0.0224551	0.0255403	0.0237467	0.0100334	0.0110803	0.0293399	0.0446927	0.0238663	0.0038462	0.019802	0.0	0.0072072	0.0163934	0.0088496	0.0103448	0.0046948	0.0090634	0.0	0.0	0.0	0.0	0.0	0.0	0.0	0.0	0.0	0.0	0.0	
Carolina Wren	0.0	0.0	0.0	0.0	0.0	0.0	0.0	0.0	0.0	0.0	0.0	0.0	0.0	0.0	0.0	0.0	0.0	0.0	0.0	0.0	0.0	0.0	0.0	0.0	0.0	0.0	0.0	0.0	0.0	0.0	0.0	0.0015	0.0	0.0029499	0.0	0.0	0.0015	0.0	0.0	0.002611	0.0	0.0	0.0	0.0	0.0	0.0	0.0	0.0	
wren sp.	0.0	0.0	0.0	0.0	0.0	0.0	0.0	0.0	0.0	0.0	0.0	0.0	0.0	0.0	0.0	0.0	0.0	0.0	0.0	0.0	0.0	0.0	0.0	0.0	0.0	0.0	0.0	0.0023866	0.0	0.0	0.0	0.0	0.0	0.0	0.0	0.0	0.0	0.0	0.0	0.0	0.0	0.0	0.0	0.0	0.0	0.0	0.0	0.0	
European Starling	0.2142857	0.1808511	0.2344828	0.224	0.1826087	0.2916667	0.2081218	0.2380952	0.2758621	0.3272727	0.2564103	0.2822086	0.2	0.2272727	0.1910828	0.2121212	0.2279412	0.1994751	0.2049911	0.1703854	0.1452096	0.1571709	0.2453826	0.1471572	0.0914127	0.0757946	0.0726257	0.0787589	0.0692308	0.0561056	0.0586207	0.0918919	0.1278689	0.159292	0.2172414	0.2206573	0.223565	0.1861925	0.2801418	0.2715405	0.3586957	0.2794118	0.1573034	0.1047619	0.2166667	0.3055556	0.2108434	0.13	
Gray Catbird	0.0	0.0	0.0	0.0	0.0	0.0	0.0	0.0	0.0	0.0	0.0	0.0	0.0	0.0	0.0	0.0	0.0220588	0.0419948	0.1622103	0.0993915	0.0733533	0.0707269	0.0897098	0.0719064	0.066482	0.0855746	0.0530726	0.0548926	0.0769231	0.0693069	0.1275862	0.1225225	0.1114754	0.1268437	0.0931034	0.0422535	0.021148	0.0	0.0070922	0.0015	0.0015	0.0	0.0	0.0	0.0	0.0	0.0120482	0.0	
Brown Thrasher	0.0	0.0	0.0	0.0	0.0	0.0	0.0	0.0	0.0	0.0	0.0	0.0	0.0	0.0	0.0063694	0.0212121	0.0330882	0.0629921	0.0944742	0.0557809	0.0374251	0.0314342	0.0422164	0.0384615	0.0193906	0.0171149	0.0111732	0.0071599	0.0038462	0.0033003	0.0	0.0036036	0.0032787	0.0088496	0.0034483	0.0046948	0.0	0.0	0.0	0.0	0.0	0.0	0.0	0.0	0.0	0.0	0.0	0.0	
Northern Mockingbird	0.0015	0.0	0.0	0.0	0.0	0.0	0.0	0.0	0.0	0.0	0.0	0.0	0.0	0.0	0.0	0.0	0.0036765	0.0052493	0.0106952	0.0010142	0.0	0.0	0.0	0.0	0.0	0.0	0.0	0.0	0.0	0.0	0.0	0.0	0.0	0.0015	0.0034483	0.0	0.0	0.0	0.0	0.0	0.0	0.0	0.0	0.0	0.0	0.0	0.0	0.0	
Eastern Bluebird	0.0	0.0	0.0	0.0	0.0	0.0	0.0	0.0	0.0	0.0	0.0128205	0.0122699	0.0137931	0.038961	0.0382166	0.0333333	0.0367647	0.0367454	0.0499109	0.0324544	0.0299401	0.0157171	0.0263852	0.0217391	0.0138504	0.00978	0.0055866	0.0143198	0.0192308	0.009901	0.0206897	0.0162162	0.0196721	0.0353982	0.0241379	0.0915493	0.1299094	0.0899582	0.212766	0.1331593	0.0815217	0.0514706	0.011236	0.0	0.0	0.0	0.0	0.0	
Mountain Bluebird	0.0	0.0	0.0	0.0	0.0	0.0	0.0	0.0	0.0	0.0	0.0	0.0	0.0	0.0	0.0	0.0	0.0	0.0	0.0	0.0	0.0	0.0	0.0	0.0	0.0	0.0	0.0	0.0	0.0	0.0	0.0	0.0	0.0	0.0	0.0	0.0	0.0	0.0	0.0	0.0	0.0	0.0	0.0015	0.0	0.0	0.0	0.0	0.0	
Varied Thrush	0.0015	0.0	0.0	0.0	0.0	0.0015	0.0	0.015873	0.0	0.0015	0.0	0.0	0.0	0.0	0.0	0.0	0.0	0.0	0.0	0.0	0.0	0.0	0.0	0.0	0.0	0.0	0.0	0.0	0.0	0.0	0.0	0.0	0.0	0.0	0.0	0.0	0.0	0.0	0.0	0.0	0.0	0.0	0.0	0.0	0.0	0.0	0.0	0.0015	
Veery	0.0	0.0	0.0	0.0	0.0	0.0	0.0	0.0	0.0	0.0	0.0	0.0	0.0	0.0	0.0	0.0	0.0	0.0183727	0.0802139	0.0943205	0.1137725	0.1375246	0.116095	0.187291	0.1357341	0.1198044	0.047486	0.0310263	0.0038462	0.0066007	0.0206897	0.0216216	0.0032787	0.0	0.0	0.0	0.0	0.0	0.0	0.0	0.0	0.0	0.0	0.0	0.0	0.0	0.0	0.0	
Gray-cheeked Thrush	0.0	0.0	0.0	0.0	0.0	0.0	0.0	0.0	0.0	0.0	0.0	0.0	0.0	0.0	0.0	0.0	0.0	0.0	0.0035651	0.0020284	0.0	0.0	0.0	0.0	0.0	0.0	0.0	0.0	0.0	0.0	0.0	0.0	0.0032787	0.0058997	0.0103448	0.0023474	0.0	0.0	0.0	0.0	0.0	0.0	0.0	0.0	0.0	0.0	0.0	0.0	
Swainson's Thrush	0.0	0.0	0.0	0.0	0.0	0.0	0.0	0.0	0.0	0.0	0.0	0.0	0.0	0.0	0.0	0.0	0.0	0.007874	0.0427807	0.0212982	0.0359281	0.0353635	0.0316623	0.0351171	0.033241	0.0244499	0.0167598	0.0095465	0.0076923	0.0066007	0.0	0.0126126	0.0295082	0.0265487	0.0275862	0.0070423	0.0030211	0.0020921	0.0	0.0	0.0	0.0	0.0	0.0	0.0	0.0	0.0	0.0	
Hermit Thrush	0.0089286	0.0	0.0	0.0	0.0	0.0	0.0	0.0	0.0	0.0	0.0	0.0	0.0	0.012987	0.0127389	0.0484848	0.0514706	0.0446194	0.0516934	0.0588235	0.0568862	0.0687623	0.0686016	0.1371237	0.0720222	0.0880196	0.0418994	0.0405728	0.0153846	0.019802	0.0103448	0.0126126	0.0131148	0.0058997	0.0137931	0.0187793	0.021148	0.0146444	0.0177305	0.0	0.0	0.0	0.0	0.0095238	0.0	0.0	0.0	0.0	
Catharus sp.	0.0	0.0	0.0	0.0	0.0	0.0	0.0	0.0	0.0	0.0	0.0	0.0	0.0	0.0	0.0	0.0	0.0	0.0	0.0035651	0.0030426	0.0	0.0019646	0.0026385	0.0016722	0.0	0.0	0.0	0.0	0.0	0.0	0.0	0.0036036	0.0065574	0.0029499	0.0	0.0023474	0.0	0.0	0.0	0.0	0.0	0.0	0.0	0.0	0.0	0.0	0.0	0.0	
Wood Thrush	0.0	0.0	0.0	0.0	0.0	0.0	0.0	0.0	0.0	0.0	0.0	0.0	0.0	0.0	0.0	0.0030303	0.0	0.0052493	0.0160428	0.0070994	0.002994	0.0019646	0.0131926	0.006689	0.0027701	0.0015	0.0111732	0.0071599	0.0038462	0.0033003	0.0034483	0.0	0.0	0.0	0.0	0.0	0.0	0.0	0.0	0.0	0.0	0.0	0.0	0.0	0.0	0.0	0.0	0.0	
American Robin	0.0089286	0.0106383	0.0206897	0.056	0.0695652	0.0677083	0.0456853	0.047619	0.1034483	0.1090909	0.2051282	0.3865031	0.3586207	0.3506494	0.4076433	0.3545455	0.3933824	0.3779528	0.4171123	0.3782961	0.3742515	0.3929273	0.4010554	0.3979933	0.3351801	0.3618582	0.3351955	0.2935561	0.25	0.1782178	0.1931034	0.1261261	0.1245902	0.1563422	0.1206897	0.1666667	0.18429	0.1422594	0.1950355	0.1383812	0.0978261	0.0588235	0.0674157	0.0015	0.0166667	0.0277778	0.0	0.01	
Bohemian Waxwing	0.0535714	0.0425532	0.0413793	0.104	0.0869565	0.1041667	0.0456853	0.047619	0.0172414	0.0545455	0.0769231	0.0429448	0.0068966	0.0064935	0.0191083	0.0030303	0.0	0.0	0.0	0.0010142	0.0	0.0	0.0	0.0	0.0	0.0	0.0	0.0	0.0	0.0	0.0	0.0	0.0	0.0	0.0	0.0	0.0	0.0	0.0	0.0078329	0.0054348	0.0367647	0.0337079	0.0285714	0.0333333	0.0833333	0.0481928	0.03	
Cedar Waxwing	0.0178571	0.0015	0.0068966	0.048	0.0173913	0.015625	0.0	0.015873	0.0172414	0.0181818	0.0512821	0.0184049	0.0068966	0.0064935	0.0127389	0.0090909	0.0183824	0.0183727	0.0802139	0.1369168	0.2095808	0.237721	0.2902375	0.2842809	0.2742382	0.396088	0.3659218	0.3460621	0.3846154	0.3465347	0.3793103	0.3783784	0.2852459	0.2448378	0.1896552	0.1338028	0.0785498	0.0481172	0.0283688	0.0313316	0.0869565	0.0808824	0.0224719	0.0190476	0.0166667	0.0277778	0.060241	0.01	
House Sparrow	0.0892857	0.0212766	0.0482759	0.08	0.0347826	0.09375	0.0304569	0.0793651	0.0689655	0.0909091	0.0641026	0.0797546	0.0551724	0.0324675	0.0382166	0.0666667	0.0551471	0.0446194	0.0641711	0.0456389	0.0538922	0.0943026	0.0949868	0.0852843	0.0720222	0.0977995	0.1117318	0.1217184	0.0923077	0.0990099	0.0586207	0.0630631	0.0327869	0.0442478	0.0241379	0.028169	0.0513595	0.0271967	0.0673759	0.0339426	0.0217391	0.0073529	0.011236	0.0015	0.05	0.0833333	0.0903614	0.03	
Eurasian Tree Sparrow	0.0	0.0	0.0	0.0	0.0	0.0	0.0	0.0	0.0	0.0	0.0	0.0	0.0	0.0	0.0127389	0.0	0.0	0.0	0.0124777	0.0020284	0.0	0.0	0.0	0.0	0.0	0.0	0.0	0.0	0.0	0.0	0.0	0.0	0.0	0.0	0.0	0.0	0.0	0.0	0.0	0.0	0.0	0.0	0.0	0.0	0.0	0.0	0.0	0.0	
American Pipit	0.0	0.0	0.0	0.0	0.0	0.0	0.0	0.0	0.0	0.0	0.0	0.0	0.0	0.0	0.0063694	0.0060606	0.0441176	0.0367454	0.0320856	0.0081136	0.0	0.0	0.0	0.0	0.0	0.0	0.0	0.0	0.0	0.0	0.0	0.0054054	0.0491803	0.2094395	0.3413793	0.4084507	0.3111782	0.2050209	0.2624113	0.156658	0.1195652	0.0735294	0.011236	0.0	0.0	0.0	0.0	0.0	
Brambling	0.0	0.0	0.0	0.0	0.0	0.0	0.0	0.0	0.0	0.0	0.0	0.0	0.0	0.0	0.0	0.0	0.0	0.0	0.0	0.0	0.0	0.0	0.0	0.0	0.0	0.0	0.0	0.0	0.0	0.0	0.0	0.0	0.0	0.0	0.0	0.0	0.0	0.1569038	0.0106383	0.0	0.0	0.0	0.0	0.0	0.0	0.0	0.0	0.0	
Evening Grosbeak	0.0446429	0.0851064	0.1103448	0.104	0.1217391	0.1666667	0.1675127	0.0952381	0.1034483	0.0909091	0.0512821	0.0306748	0.0137931	0.012987	0.0	0.0030303	0.0073529	0.0104987	0.0124777	0.015213	0.001497	0.0019646	0.0	0.0	0.0	0.007335	0.0027933	0.0023866	0.0	0.0	0.0068966	0.0018018	0.0015	0.0029499	0.0	0.0015	0.0030211	0.0020921	0.0141844	0.0548303	0.0978261	0.0588235	0.0224719	0.0190476	0.05	0.1111111	0.0361446	0.06	
Pine Grosbeak	0.0714286	0.0957447	0.1310345	0.136	0.1565217	0.109375	0.1167513	0.1746032	0.1724138	0.1090909	0.0384615	0.0122699	0.0	0.0	0.0	0.0	0.0	0.0	0.0	0.0	0.0	0.0	0.0	0.0	0.0	0.0	0.0	0.0	0.0	0.0	0.0	0.0	0.0	0.0	0.0	0.0	0.0	0.0	0.0	0.0417755	0.076087	0.0955882	0.0337079	0.0761905	0.1	0.0833333	0.1144578	0.03	
House Finch	0.0	0.0106383	0.0068966	0.016	0.026087	0.0052083	0.0	0.0015	0.0517241	0.0363636	0.0512821	0.006135	0.0275862	0.025974	0.0	0.0060606	0.0294118	0.023622	0.0142602	0.010142	0.008982	0.0176817	0.0184697	0.0117057	0.0110803	0.00489	0.0055866	0.0167064	0.0038462	0.0033003	0.0034483	0.0108108	0.0131148	0.0	0.0034483	0.0023474	0.0090634	0.0125523	0.0106383	0.002611	0.0015	0.0	0.0	0.0	0.05	0.0	0.0060241	0.0	
Purple Finch	0.0625	0.0212766	0.0482759	0.048	0.0347826	0.1197917	0.1116751	0.1111111	0.0517241	0.0545455	0.0015	0.0245399	0.0068966	0.0194805	0.0382166	0.1	0.125	0.0892388	0.0659537	0.0385396	0.0374251	0.0196464	0.0263852	0.0317726	0.0193906	0.0366748	0.0111732	0.0095465	0.0192308	0.039604	0.0689655	0.0864865	0.0754098	0.1474926	0.1137931	0.1173709	0.1238671	0.2573222	0.1595745	0.151436	0.1521739	0.1176471	0.0674157	0.0	0.0015	0.0	0.0301205	0.02	
House/Purple Finch	0.0	0.0	0.0	0.0	0.0	0.015625	0.0050761	0.0	0.0	0.0	0.0	0.0	0.0	0.0	0.0063694	0.0030303	0.0147059	0.0	0.0017825	0.0010142	0.0	0.0	0.0	0.0	0.0	0.002445	0.0	0.0	0.0	0.0	0.0	0.0	0.0032787	0.0	0.0	0.0	0.0	0.0	0.0	0.002611	0.0	0.0	0.0	0.0	0.0	0.0	0.0	0.0	
Redpoll	0.0357143	0.0744681	0.0551724	0.088	0.173913	0.2395833	0.1725888	0.2222222	0.1896552	0.1272727	0.1025641	0.2331288	0.1586207	0.1233766	0.0828025	0.0424242	0.0036765	0.0	0.0	0.0	0.0	0.0	0.0	0.0	0.0	0.0	0.0	0.0	0.0	0.0	0.0	0.0	0.0	0.0	0.0	0.0	0.0	0.0	0.0106383	0.0861619	0.1902174	0.1029412	0.1235955	0.047619	0.1166667	0.0277778	0.1144578	0.0015	
Red Crossbill	0.0015	0.0	0.0	0.0	0.0086957	0.0	0.0	0.0	0.0172414	0.0	0.025641	0.0184049	0.0	0.0015	0.0	0.0	0.0	0.0052493	0.0	0.0040568	0.0	0.0019646	0.0015	0.0016722	0.0	0.0	0.0	0.0015	0.0038462	0.0015	0.0034483	0.0018018	0.0	0.0	0.0034483	0.0023474	0.0030211	0.0	0.0141844	0.0078329	0.0108696	0.0147059	0.0224719	0.0095238	0.0	0.0	0.0120482	0.0	
White-winged Crossbill	0.0089286	0.0	0.0275862	0.056	0.0173913	0.0104167	0.0203046	0.015873	0.0	0.0	0.0512821	0.0184049	0.0137931	0.0	0.0063694	0.0	0.0036765	0.0026247	0.0	0.0010142	0.001497	0.0	0.0026385	0.0016722	0.0027701	0.0	0.0	0.0	0.0	0.0033003	0.0015	0.0018018	0.0	0.0	0.0	0.0	0.0	0.0041841	0.0248227	0.0417755	0.1141304	0.0808824	0.0224719	0.0095238	0.0333333	0.0	0.0421687	0.02	
crossbill sp.	0.0	0.0	0.0	0.0	0.0	0.0	0.0	0.0	0.0	0.0	0.0	0.0	0.0	0.0	0.0	0.0	0.0	0.007874	0.0	0.0	0.0	0.0	0.0	0.0	0.0	0.0	0.0	0.0	0.0	0.0	0.0	0.0	0.0	0.0	0.0	0.0	0.0	0.0	0.0	0.0	0.0	0.0	0.0	0.0	0.0	0.0	0.0	0.0	
Pine Siskin	0.0535714	0.0212766	0.0482759	0.112	0.0956522	0.2083333	0.177665	0.1746032	0.1206897	0.1636364	0.2435897	0.190184	0.0758621	0.0584416	0.0573248	0.0484848	0.0882353	0.0761155	0.0909091	0.0324544	0.0224551	0.0078585	0.0026385	0.0016722	0.0083102	0.00489	0.0111732	0.0071599	0.0	0.0033003	0.0103448	0.0144144	0.0163934	0.0383481	0.0758621	0.0751174	0.1057402	0.0962343	0.1276596	0.1618799	0.1684783	0.1691176	0.0786517	0.0190476	0.0333333	0.0	0.0421687	0.0015	
American Goldfinch	0.2142857	0.1808511	0.1655172	0.16	0.1391304	0.1614583	0.2690355	0.2222222	0.1551724	0.1272727	0.2051282	0.196319	0.137931	0.0974026	0.1146497	0.0878788	0.1360294	0.1627297	0.2085561	0.1561866	0.1032934	0.0903733	0.1187335	0.0852843	0.0858726	0.1198044	0.1061453	0.124105	0.1653846	0.1815182	0.2034483	0.2756757	0.3147541	0.3333333	0.3241379	0.2652582	0.2205438	0.167364	0.141844	0.2428198	0.3641304	0.3161765	0.2921348	0.152381	0.1333333	0.1388889	0.2349398	0.11	
finch sp.	0.0	0.0	0.0	0.0	0.0	0.0052083	0.0152284	0.0	0.0	0.0	0.0015	0.006135	0.0068966	0.0	0.0	0.0	0.0	0.0	0.0	0.0	0.0	0.0019646	0.0	0.0	0.0	0.0	0.0	0.0	0.0038462	0.0	0.0	0.0	0.0065574	0.0	0.0034483	0.0023474	0.0060423	0.0062762	0.0035461	0.0104439	0.0054348	0.0147059	0.011236	0.0380952	0.0333333	0.0	0.0120482	0.01	
Lapland Longspur	0.0178571	0.0106383	0.0068966	0.0	0.0173913	0.0260417	0.0253807	0.015873	0.0	0.0	0.0	0.0	0.0068966	0.0	0.0	0.0090909	0.0147059	0.0052493	0.0071301	0.0	0.0	0.0	0.0	0.0	0.0	0.0	0.0	0.0	0.0	0.0	0.0	0.0	0.0	0.0147493	0.0586207	0.1079812	0.0876133	0.1171548	0.0921986	0.1122715	0.0434783	0.0220588	0.0	0.0	0.0	0.0015	0.0060241	0.01	
longspur sp.	0.0	0.0	0.0	0.0	0.0	0.0	0.0	0.0	0.0	0.0	0.0	0.0	0.0	0.0	0.0	0.0	0.0	0.0	0.0	0.0	0.0	0.0	0.0	0.0	0.0	0.0	0.0	0.0	0.0	0.0	0.0	0.0	0.0	0.0029499	0.0	0.0	0.0	0.0	0.0	0.0	0.0	0.0	0.0	0.0	0.0	0.0	0.0	0.0	
Snow Bunting	0.0625	0.0744681	0.0551724	0.088	0.0434783	0.0989583	0.0406091	0.0634921	0.0344828	0.0181818	0.0384615	0.190184	0.0896552	0.038961	0.044586	0.0212121	0.0147059	0.0015	0.0015	0.0	0.0	0.0	0.0	0.0	0.0	0.0	0.0	0.0	0.0	0.0	0.0	0.0	0.0	0.0	0.0	0.0	0.0030211	0.0104603	0.0886525	0.3002611	0.4836957	0.3823529	0.2134831	0.1142857	0.0166667	0.0555556	0.0903614	0.01	
Grasshopper Sparrow	0.0	0.0	0.0	0.0	0.0	0.0	0.0	0.0	0.0	0.0	0.0	0.0	0.0	0.0	0.0	0.0	0.0	0.0052493	0.0	0.0	0.0	0.0019646	0.0	0.0033445	0.0027701	0.0	0.0015	0.0023866	0.0	0.0	0.0	0.0	0.0	0.0	0.0	0.0	0.0	0.0	0.0	0.0	0.0	0.0	0.0	0.0	0.0	0.0	0.0	0.0	
Chipping Sparrow	0.0	0.0	0.0	0.0	0.0	0.0	0.0	0.0	0.0	0.0	0.0	0.0	0.0	0.0324675	0.0382166	0.1030303	0.2352941	0.2572178	0.2869875	0.2251521	0.2290419	0.1886051	0.2242744	0.2324415	0.1634349	0.195599	0.1955307	0.1288783	0.1384615	0.1056106	0.1103448	0.0630631	0.0819672	0.0530973	0.0344828	0.0446009	0.021148	0.0251046	0.0248227	0.0015	0.0	0.0	0.0	0.0	0.0	0.0	0.0	0.0	
Clay-colored Sparrow	0.0	0.0	0.0	0.0	0.0	0.0	0.0	0.0	0.0	0.0	0.0	0.0	0.0	0.0	0.0	0.0	0.0073529	0.0446194	0.0374332	0.0344828	0.0239521	0.0117878	0.0158311	0.0133779	0.0166205	0.0122249	0.0055866	0.0047733	0.0	0.0	0.0068966	0.0	0.0032787	0.0176991	0.0	0.0023474	0.0090634	0.0	0.0035461	0.0	0.0	0.0073529	0.0	0.0	0.0	0.0	0.0	0.0	
Field Sparrow	0.0	0.0	0.0	0.0	0.0	0.0	0.0	0.0	0.0	0.0	0.0	0.0	0.0	0.0	0.0	0.0060606	0.0036765	0.0052493	0.0017825	0.005071	0.005988	0.0078585	0.0015	0.0015	0.0	0.0	0.0083799	0.0	0.0	0.0	0.0015	0.0018018	0.0032787	0.0	0.0068966	0.0	0.0	0.0	0.0	0.0078329	0.0	0.0	0.0	0.0	0.0	0.0	0.0	0.0	
Spizella sp.	0.0	0.0	0.0	0.0	0.0	0.0	0.0	0.0	0.0	0.0	0.0	0.0	0.0	0.0	0.0	0.0	0.0	0.0	0.0	0.0	0.0	0.0	0.0	0.0	0.0	0.0	0.0	0.0	0.0	0.0	0.0	0.0	0.0	0.0	0.0	0.0	0.0030211	0.0	0.0	0.0	0.0	0.0	0.0	0.0	0.0	0.0	0.0	0.0	
Lark Sparrow	0.0	0.0	0.0	0.0	0.0	0.0	0.0	0.0	0.0	0.0	0.0	0.0	0.0	0.0	0.0	0.0	0.0	0.0	0.0015	0.0010142	0.0	0.0	0.0	0.0	0.0	0.0	0.0	0.0	0.0	0.0	0.0	0.0	0.0	0.0	0.0	0.0	0.0	0.0	0.0	0.0	0.0	0.0	0.0	0.0	0.0	0.0	0.0	0.0	
American Tree Sparrow	0.1071429	0.0531915	0.0551724	0.04	0.0173913	0.0885417	0.0862944	0.0634921	0.0344828	0.0363636	0.0641026	0.0920245	0.0551724	0.1493506	0.1719745	0.1636364	0.1102941	0.0262467	0.0106952	0.0	0.0	0.0	0.0	0.0	0.0	0.0	0.0	0.0	0.0	0.0	0.0	0.0	0.0	0.0	0.0	0.0	0.0120846	0.0941423	0.2340426	0.2793734	0.2880435	0.0735294	0.0337079	0.0190476	0.0	0.0277778	0.0421687	0.04	
Fox Sparrow	0.0	0.0	0.0	0.0	0.0	0.0	0.0	0.0	0.0	0.0	0.0	0.0	0.0068966	0.0519481	0.0700637	0.0181818	0.0073529	0.0	0.0	0.0	0.0	0.0	0.0	0.0	0.0	0.0	0.0	0.0	0.0	0.0	0.0	0.0	0.0	0.0029499	0.0	0.0	0.0	0.0062762	0.0070922	0.0156658	0.0	0.0015	0.0	0.0	0.0	0.0	0.0	0.0	
Dark-eyed Junco	0.0178571	0.0425532	0.0275862	0.016	0.026087	0.0572917	0.0558376	0.031746	0.0344828	0.0363636	0.0384615	0.1349693	0.1172414	0.2792208	0.3184713	0.2333333	0.1617647	0.0629921	0.0249554	0.0111562	0.007485	0.0078585	0.0158311	0.0117057	0.0027701	0.00489	0.0111732	0.0095465	0.0038462	0.0165017	0.0	0.0054054	0.0065574	0.0058997	0.0172414	0.0375587	0.0906344	0.3179916	0.1560284	0.1462141	0.1141304	0.0661765	0.0449438	0.0095238	0.05	0.0277778	0.0361446	0.0	
White-crowned Sparrow	0.0	0.0	0.0	0.0	0.0	0.0052083	0.0050761	0.0	0.0	0.0	0.0	0.0184049	0.0	0.0	0.0	0.0272727	0.125	0.1968504	0.1925134	0.035497	0.0	0.0015	0.0	0.0	0.0	0.0	0.0	0.0	0.0	0.0	0.0	0.0	0.0	0.0147493	0.037931	0.2652582	0.326284	0.4058577	0.2411348	0.1436031	0.0217391	0.0073529	0.0	0.0	0.0	0.0	0.0	0.0	
Harris's Sparrow	0.0	0.0	0.0	0.0	0.0	0.0	0.0	0.0	0.0	0.0	0.0	0.0	0.0	0.0	0.0	0.0	0.0	0.0	0.0017825	0.0	0.0	0.0	0.0	0.0	0.0	0.0	0.0	0.0	0.0	0.0	0.0	0.0	0.0	0.0	0.0	0.0	0.0	0.0	0.0035461	0.0182768	0.0	0.0	0.0	0.0	0.0	0.0	0.0	0.0	
White-throated Sparrow	0.0	0.0106383	0.0	0.0	0.0	0.0260417	0.0152284	0.015873	0.0	0.0	0.0	0.0	0.0	0.025974	0.0636943	0.1515152	0.1985294	0.1496063	0.1319073	0.1217039	0.1392216	0.1001965	0.1108179	0.132107	0.0609418	0.1124694	0.047486	0.052506	0.05	0.0429043	0.0482759	0.0198198	0.0557377	0.0825959	0.1206897	0.1784038	0.1329305	0.1861925	0.0531915	0.0365535	0.0108696	0.0	0.0	0.0095238	0.0	0.0	0.0060241	0.0015	
Vesper Sparrow	0.0	0.0	0.0	0.0	0.0	0.0	0.0	0.0	0.0	0.0	0.0	0.0	0.0	0.0	0.0063694	0.0090909	0.0110294	0.0104987	0.0089127	0.0030426	0.002994	0.0019646	0.005277	0.0	0.0	0.002445	0.0	0.0047733	0.0038462	0.0033003	0.0	0.0036036	0.0032787	0.0383481	0.0103448	0.0070423	0.0030211	0.0	0.0070922	0.0	0.0	0.0	0.0	0.0	0.0	0.0	0.0	0.0	
LeConte's Sparrow	0.0	0.0	0.0	0.0	0.0	0.0	0.0	0.0	0.0	0.0	0.0	0.0	0.0	0.0	0.0	0.0	0.0015	0.0026247	0.0017825	0.0	0.001497	0.0019646	0.0	0.0	0.0	0.0015	0.0027933	0.0	0.0015	0.0	0.0	0.0018018	0.0	0.0015	0.0034483	0.0046948	0.0	0.0	0.0	0.0	0.0	0.0	0.0	0.0	0.0	0.0	0.0	0.0	
Savannah Sparrow	0.0	0.0	0.0	0.0	0.0	0.0	0.0	0.0	0.0	0.0	0.0	0.0	0.0	0.0	0.0191083	0.0666667	0.1102941	0.0866142	0.1390374	0.1054767	0.0823353	0.0628684	0.0791557	0.0401338	0.0443213	0.0415648	0.0307263	0.0286396	0.0153846	0.009901	0.0137931	0.0576577	0.1213115	0.2418879	0.2655172	0.2441315	0.1510574	0.0523013	0.0283688	0.0130548	0.0	0.0073529	0.0	0.0	0.0	0.0	0.0	0.0	
Henslow's Sparrow	0.0	0.0	0.0	0.0	0.0	0.0	0.0	0.0	0.0	0.0	0.0	0.0	0.0	0.0	0.0	0.0	0.0	0.0	0.0	0.0	0.0	0.0	0.0	0.0	0.0027701	0.0	0.0	0.0	0.0	0.0	0.0	0.0	0.0	0.0	0.0	0.0	0.0	0.0	0.0	0.0	0.0	0.0	0.0	0.0	0.0	0.0	0.0	0.0	
Song Sparrow	0.0	0.0	0.0068966	0.0	0.0	0.0	0.0	0.0	0.0172414	0.0	0.0512821	0.190184	0.2482759	0.3246753	0.4076433	0.3818182	0.3860294	0.3149606	0.4349376	0.4097363	0.4476048	0.4715128	0.5699208	0.4565217	0.4376731	0.5452323	0.4608939	0.4463007	0.4346154	0.3630363	0.3172414	0.3405405	0.2918033	0.3539823	0.3103448	0.3098592	0.2870091	0.3284519	0.2198582	0.1357702	0.0271739	0.0147059	0.011236	0.0	0.0	0.0	0.0	0.0	
Lincoln's Sparrow	0.0267857	0.0106383	0.0068966	0.0	0.0086957	0.0208333	0.0152284	0.0	0.0172414	0.0363636	0.0	0.0	0.0068966	0.0	0.0	0.0	0.0015	0.015748	0.0320856	0.0060852	0.005988	0.0019646	0.0026385	0.0033445	0.0	0.0	0.0083799	0.0047733	0.0076923	0.0132013	0.0103448	0.0144144	0.0098361	0.0383481	0.0241379	0.0258216	0.0181269	0.0083682	0.0141844	0.0052219	0.0	0.0	0.0	0.0	0.0	0.0	0.0	0.01	
Swamp Sparrow	0.0	0.0	0.0	0.0	0.0	0.0	0.0	0.0	0.0	0.0	0.0	0.0	0.0	0.0	0.0254777	0.0242424	0.0845588	0.0761155	0.1176471	0.0953347	0.0973054	0.0687623	0.1055409	0.1003344	0.0720222	0.0953545	0.0893855	0.0501193	0.0230769	0.029703	0.037931	0.0306306	0.0295082	0.0560472	0.0551724	0.084507	0.0392749	0.0230126	0.0212766	0.0104439	0.0	0.0	0.0	0.0	0.0	0.0	0.0	0.0	
Eastern Towhee	0.0	0.0	0.0	0.0	0.0	0.0	0.0	0.0	0.0	0.0	0.0	0.0	0.0	0.0	0.0063694	0.0	0.0147059	0.015748	0.0213904	0.0020284	0.007485	0.0039293	0.0079156	0.0016722	0.0027701	0.002445	0.0055866	0.0015	0.0	0.0	0.0	0.0036036	0.0	0.0029499	0.0	0.0023474	0.0	0.0	0.0	0.0	0.0	0.0	0.0	0.0	0.0	0.0	0.0	0.0	
new world sparrow sp.	0.0	0.0	0.0	0.0	0.0	0.015625	0.0050761	0.0	0.0	0.0	0.0128205	0.0	0.0	0.0	0.0127389	0.0030303	0.0036765	0.0	0.0035651	0.0010142	0.001497	0.0	0.0	0.0	0.0	0.00489	0.0027933	0.0071599	0.0076923	0.0066007	0.0103448	0.0126126	0.0196721	0.0147493	0.0137931	0.0140845	0.0060423	0.0062762	0.0035461	0.0052219	0.0	0.0	0.0224719	0.0	0.0	0.0	0.0	0.0	
Yellow-breasted Chat	0.0	0.0	0.0	0.0	0.0	0.0	0.0	0.0	0.0	0.0	0.0	0.0	0.0	0.0	0.0	0.0	0.0	0.0	0.0	0.0	0.0	0.0015	0.0	0.0	0.0	0.0	0.0	0.0	0.0	0.0	0.0	0.0	0.0	0.0	0.0	0.0	0.0	0.0	0.0	0.0	0.0	0.0	0.0	0.0	0.0	0.0	0.0	0.0	
Yellow-headed Blackbird	0.0	0.0	0.0	0.0	0.0	0.0	0.0	0.0	0.0	0.0	0.0	0.0	0.0	0.0	0.0	0.0	0.0036765	0.0	0.0	0.0	0.0	0.0	0.0	0.0	0.0	0.0	0.0	0.0	0.0	0.0	0.0	0.0	0.0	0.0	0.0	0.0	0.0	0.0020921	0.0	0.0	0.0054348	0.0	0.0	0.0	0.0	0.0	0.0	0.0	
Bobolink	0.0	0.0	0.0	0.0	0.0	0.0	0.0	0.0	0.0	0.0	0.0	0.0	0.0	0.0	0.0	0.0	0.0	0.0209974	0.0534759	0.0496957	0.0419162	0.0235756	0.0290237	0.0250836	0.0138504	0.0015	0.0027933	0.0095465	0.0038462	0.0	0.0103448	0.018018	0.0262295	0.0235988	0.0310345	0.0093897	0.0030211	0.0020921	0.0	0.0	0.0	0.0	0.0	0.0	0.0	0.0	0.0	0.0	
Western Meadowlark	0.0	0.0	0.0	0.0	0.0086957	0.0	0.0	0.0	0.0	0.0	0.0	0.0	0.0	0.0	0.0	0.0	0.0	0.0	0.0	0.0010142	0.0	0.0	0.0	0.0	0.0	0.0	0.0	0.0	0.0	0.0	0.0	0.0	0.0	0.0	0.0	0.0	0.0	0.0	0.0	0.0	0.0	0.0	0.0	0.0	0.0	0.0	0.0	0.0	
Eastern Meadowlark	0.0	0.0	0.0	0.0	0.0	0.0	0.0	0.0	0.0	0.0	0.0128205	0.0184049	0.0275862	0.025974	0.0509554	0.0393939	0.0330882	0.0341207	0.0231729	0.030426	0.0224551	0.0098232	0.0184697	0.0150502	0.0193906	0.007335	0.0167598	0.0143198	0.0	0.0	0.0	0.0018018	0.0	0.0058997	0.0	0.0015	0.0030211	0.0020921	0.0	0.0	0.0	0.0	0.0	0.0	0.0	0.0	0.0	0.0	
Western/Eastern Meadowlark	0.0	0.0	0.0	0.0	0.0	0.0	0.0	0.0	0.0	0.0	0.0	0.0	0.0	0.0	0.0	0.0	0.0	0.0	0.0	0.0010142	0.0	0.0019646	0.0	0.0	0.0	0.0	0.0	0.0	0.0	0.0	0.0	0.0	0.0	0.0015	0.0	0.0	0.0	0.0	0.0	0.0	0.0	0.0	0.0	0.0	0.0	0.0	0.0	0.0	
Orchard Oriole	0.0	0.0	0.0	0.0	0.0	0.0	0.0	0.0	0.0	0.0	0.0	0.0	0.0	0.0	0.0	0.0	0.0036765	0.0	0.0106952	0.0020284	0.0	0.0	0.0	0.0016722	0.0	0.0	0.0	0.0	0.0	0.0	0.0	0.0	0.0	0.0	0.0	0.0	0.0	0.0	0.0	0.0	0.0	0.0	0.0	0.0	0.0	0.0	0.0	0.0	
Baltimore Oriole	0.0089286	0.0	0.0	0.0	0.0015	0.0	0.0	0.0	0.0	0.0	0.0	0.0	0.0	0.0	0.0	0.0	0.0110294	0.0787402	0.1693405	0.0669371	0.0224551	0.0275049	0.0131926	0.0100334	0.0027701	0.00978	0.0055866	0.0071599	0.0038462	0.0066007	0.0206897	0.0036036	0.0032787	0.0	0.0	0.0	0.0	0.0	0.0	0.0	0.0	0.0	0.0	0.0	0.0	0.0	0.0	0.0	
Red-winged Blackbird	0.0	0.0	0.0	0.0	0.0	0.015625	0.0050761	0.0	0.0517241	0.1454545	0.1794872	0.2515337	0.2965517	0.3116883	0.3757962	0.3212121	0.3382353	0.3490814	0.3903743	0.341785	0.3353293	0.3045187	0.3456464	0.2692308	0.1883657	0.2713936	0.2625698	0.2171838	0.15	0.1419142	0.1413793	0.163964	0.1442623	0.1504425	0.1241379	0.1150235	0.1148036	0.1171548	0.1595745	0.1801567	0.1413043	0.0882353	0.0224719	0.0190476	0.0	0.0	0.0060241	0.0	
Brown-headed Cowbird	0.0	0.0	0.0	0.0	0.0	0.0	0.0	0.0	0.0015	0.0	0.0	0.0122699	0.0275862	0.1233766	0.1273885	0.0939394	0.0992647	0.0656168	0.0677362	0.0385396	0.0224551	0.0117878	0.0158311	0.0133779	0.0110803	0.00978	0.0083799	0.0286396	0.0038462	0.0033003	0.0206897	0.0108108	0.0131148	0.0029499	0.0034483	0.0046948	0.0	0.0041841	0.0070922	0.002611	0.0	0.0	0.0	0.0	0.0	0.0	0.0	0.0	
Rusty Blackbird	0.0	0.0	0.0	0.0	0.0	0.0	0.0	0.0	0.0	0.0	0.0128205	0.0	0.0	0.025974	0.044586	0.0393939	0.0110294	0.0026247	0.0053476	0.0	0.0	0.0	0.0	0.0	0.0	0.0	0.0	0.0	0.0	0.0	0.0	0.0	0.0	0.0294985	0.0689655	0.2112676	0.1963746	0.3138075	0.2375887	0.156658	0.076087	0.0147059	0.0561798	0.0285714	0.0166667	0.0	0.0	0.0	
Brewer's Blackbird	0.0	0.0	0.0	0.0	0.0	0.0	0.0	0.0	0.0	0.0	0.0	0.0	0.0	0.0	0.0	0.0015	0.0073529	0.0026247	0.0	0.0010142	0.001497	0.0	0.0026385	0.0	0.0027701	0.0	0.0	0.0023866	0.0	0.0	0.0	0.0	0.0	0.0	0.0	0.0	0.0	0.0	0.0	0.0	0.0054348	0.0	0.0	0.0	0.0	0.0	0.0	0.0	
Rusty/Brewer's Blackbird	0.0	0.0	0.0	0.0	0.0	0.0	0.0	0.0	0.0	0.0	0.0	0.0	0.0	0.0	0.0	0.0	0.0	0.0026247	0.0	0.0	0.002994	0.0	0.0	0.0015	0.0	0.0	0.0	0.0	0.0	0.0	0.0	0.0	0.0	0.0	0.0	0.0023474	0.0030211	0.0	0.0	0.0	0.0	0.0	0.0	0.0	0.0	0.0	0.0	0.0	
Common Grackle	0.0089286	0.0106383	0.0	0.024	0.0015	0.0104167	0.0203046	0.015873	0.0	0.0909091	0.1282051	0.2576687	0.2758621	0.3441558	0.2802548	0.2969697	0.2977941	0.2703412	0.3279857	0.2839757	0.3233533	0.3516699	0.4168865	0.3177258	0.1911357	0.2396088	0.2178771	0.1718377	0.1538462	0.1155116	0.1034483	0.1207207	0.1180328	0.1622419	0.1862069	0.2112676	0.1993958	0.2384937	0.2234043	0.1932115	0.1195652	0.0882353	0.0337079	0.0095238	0.0166667	0.0	0.0180723	0.0	
blackbird sp.	0.0	0.0	0.0	0.0	0.0	0.0	0.0050761	0.0	0.0	0.0	0.0	0.0122699	0.0206897	0.038961	0.0318471	0.0090909	0.0147059	0.0026247	0.0015	0.0010142	0.001497	0.0	0.0015	0.0016722	0.0027701	0.00489	0.0055866	0.0095465	0.0	0.0015	0.0034483	0.009009	0.0098361	0.0088496	0.0275862	0.0234742	0.021148	0.0188285	0.0177305	0.0208877	0.0054348	0.0	0.0	0.0	0.0015	0.0	0.0	0.0	
Ovenbird	0.0	0.0	0.0	0.0	0.0	0.0	0.0	0.0	0.0	0.0	0.0	0.0	0.0	0.0	0.0	0.0030303	0.0147059	0.1181102	0.2085561	0.2494929	0.257485	0.2278978	0.23219	0.2943144	0.1578947	0.1442543	0.0865922	0.0501193	0.0307692	0.0363036	0.0241379	0.0108108	0.0229508	0.0058997	0.0034483	0.0015	0.0	0.0	0.0	0.0	0.0	0.0	0.0	0.0	0.0	0.0	0.0	0.0	
Worm-eating Warbler	0.0	0.0	0.0	0.0	0.0	0.0	0.0	0.0	0.0	0.0	0.0	0.0	0.0	0.0	0.0	0.0	0.0	0.0026247	0.0	0.0	0.0	0.0	0.0	0.0	0.0	0.0	0.0	0.0	0.0	0.0	0.0	0.0	0.0	0.0	0.0	0.0	0.0	0.0	0.0	0.0	0.0	0.0	0.0	0.0	0.0	0.0	0.0	0.0	
Northern Waterthrush	0.0	0.0	0.0	0.0	0.0	0.0	0.0	0.0	0.0	0.0	0.0	0.0	0.0	0.0	0.0	0.0	0.0147059	0.0524934	0.0713012	0.0628803	0.010479	0.0196464	0.0211082	0.0384615	0.0304709	0.00489	0.0111732	0.0071599	0.0076923	0.0132013	0.0137931	0.0108108	0.0032787	0.0029499	0.0034483	0.0	0.0030211	0.0	0.0	0.0	0.0	0.0	0.0	0.0	0.0	0.0	0.0	0.0	
Golden-winged Warbler	0.0	0.0	0.0	0.0	0.0	0.0	0.0	0.0	0.0	0.0	0.0	0.0	0.0	0.0	0.0	0.0	0.0	0.0052493	0.0196078	0.0091278	0.002994	0.0	0.0	0.0050167	0.0	0.002445	0.0	0.0	0.0	0.0033003	0.0	0.0	0.0015	0.0	0.0	0.0	0.0	0.0	0.0	0.0	0.0	0.0	0.0	0.0	0.0	0.0	0.0	0.0	
Blue-winged Warbler	0.0	0.0	0.0	0.0	0.0	0.0	0.0	0.0	0.0	0.0	0.0	0.0	0.0	0.0	0.0	0.0	0.0	0.0026247	0.0071301	0.0	0.0	0.0	0.0	0.0	0.0	0.0	0.0	0.0	0.0	0.0015	0.0	0.0	0.0	0.0	0.0	0.0	0.0	0.0	0.0	0.0	0.0	0.0	0.0	0.0	0.0	0.0	0.0	0.0	
Golden-winged/Blue-winged Warbler	0.0	0.0	0.0	0.0	0.0	0.0	0.0	0.0	0.0	0.0	0.0	0.0	0.0	0.0	0.0	0.0	0.0	0.0	0.0	0.0010142	0.0	0.0	0.0	0.0	0.0	0.0	0.0	0.0	0.0	0.0	0.0	0.0	0.0	0.0	0.0	0.0	0.0	0.0	0.0	0.0	0.0	0.0	0.0	0.0	0.0	0.0	0.0	0.0	
Black-and-white Warbler	0.0	0.0	0.0	0.0	0.0	0.0	0.0	0.0	0.0	0.0	0.0	0.0	0.0	0.0	0.0	0.0030303	0.0882353	0.2598425	0.3475936	0.2880325	0.260479	0.2318271	0.2480211	0.2474916	0.1828255	0.190709	0.1564246	0.1742243	0.1807692	0.1914191	0.1724138	0.1459459	0.1803279	0.0766962	0.0448276	0.0187793	0.0	0.0	0.0	0.0	0.0	0.0	0.0	0.0	0.0	0.0	0.0	0.0	
Tennessee Warbler	0.0	0.0	0.0	0.0	0.0	0.0	0.0	0.0	0.0	0.0	0.0	0.0	0.0	0.0	0.0	0.0	0.0036765	0.0367454	0.2317291	0.1409736	0.0149701	0.0058939	0.0026385	0.0050167	0.0	0.0	0.0	0.0023866	0.0	0.029703	0.0517241	0.0630631	0.1213115	0.0530973	0.0206897	0.0140845	0.0090634	0.0062762	0.0035461	0.0052219	0.0	0.0	0.0	0.0	0.0	0.0	0.0	0.0	
Orange-crowned Warbler	0.0	0.0	0.0	0.0	0.0	0.0	0.0	0.0	0.0	0.0	0.0	0.0	0.0	0.0	0.0	0.0060606	0.0036765	0.0393701	0.0356506	0.0060852	0.0	0.0	0.0	0.0	0.0	0.0	0.0	0.0	0.0	0.0	0.0	0.0	0.0	0.0	0.0172414	0.0352113	0.0271903	0.0125523	0.0212766	0.0156658	0.0108696	0.0147059	0.0	0.0	0.0	0.0	0.0	0.0	
Nashville Warbler	0.0	0.0	0.0	0.0	0.0	0.0	0.0	0.0	0.0	0.0	0.0	0.0	0.0	0.0	0.0	0.0030303	0.0661765	0.2335958	0.3012478	0.2210953	0.2170659	0.2003929	0.2005277	0.229097	0.1163435	0.0880196	0.0418994	0.0548926	0.0269231	0.0693069	0.1034483	0.1423423	0.242623	0.1887906	0.1103448	0.0962441	0.0453172	0.0104603	0.0	0.0078329	0.0	0.0147059	0.0	0.0	0.0	0.0	0.0	0.0	
Connecticut Warbler	0.0	0.0	0.0	0.0	0.0	0.0	0.0	0.0	0.0	0.0	0.0	0.0	0.0	0.0	0.0	0.0	0.0	0.0	0.0	0.0040568	0.001497	0.0	0.0026385	0.0	0.0	0.0	0.0	0.0	0.0	0.0	0.0	0.0018018	0.0	0.0	0.0	0.0	0.0	0.0	0.0	0.0	0.0	0.0	0.0	0.0	0.0	0.0	0.0	0.0	
Mourning Warbler	0.0	0.0	0.0	0.0	0.0	0.0	0.0	0.0	0.0	0.0	0.0	0.0	0.0	0.0	0.0	0.0	0.0	0.0	0.0178253	0.035497	0.0643713	0.0392927	0.0316623	0.0167224	0.0193906	0.0122249	0.0083799	0.0119332	0.0038462	0.0165017	0.0310345	0.0036036	0.0032787	0.0	0.0	0.0	0.0	0.0	0.0	0.0	0.0	0.0	0.0	0.0	0.0	0.0	0.0	0.0	
Common Yellowthroat	0.0	0.0	0.0	0.0	0.0	0.0	0.0	0.0	0.0	0.0	0.0	0.0	0.0	0.0	0.0	0.0	0.0036765	0.0498688	0.2513369	0.2941176	0.2844311	0.2200393	0.2532982	0.2257525	0.2022161	0.2298289	0.1731844	0.1431981	0.05	0.1089109	0.1413793	0.1747748	0.1704918	0.2300885	0.1241379	0.0892019	0.021148	0.0083682	0.0	0.0015	0.0	0.0	0.0	0.0	0.0	0.0	0.0	0.0	
American Redstart	0.0	0.0	0.0	0.0	0.0	0.0	0.0	0.0	0.0	0.0	0.0	0.0	0.0	0.0	0.0	0.0	0.0183824	0.2440945	0.5080214	0.5791075	0.5658683	0.5834971	0.5408971	0.5401338	0.5290859	0.5501222	0.4385475	0.3436754	0.3346154	0.330033	0.362069	0.354955	0.3672131	0.2418879	0.0827586	0.0492958	0.0090634	0.0	0.0035461	0.0	0.0	0.0	0.0	0.0	0.0	0.0	0.0	0.0	
Kirtland's Warbler	0.0	0.0	0.0	0.0	0.0	0.0	0.0	0.0	0.0	0.0	0.0	0.0	0.0	0.0	0.0	0.0	0.0	0.0	0.0017825	0.0	0.0	0.0	0.0	0.0	0.0	0.0	0.0	0.0	0.0	0.0	0.0	0.0	0.0	0.0	0.0	0.0	0.0	0.0	0.0	0.0	0.0	0.0	0.0	0.0	0.0	0.0	0.0	0.0	
Cape May Warbler	0.0	0.0	0.0	0.0	0.0	0.0	0.0	0.0	0.0	0.0	0.0	0.0	0.0	0.0	0.0	0.0	0.0110294	0.0944882	0.1907308	0.0750507	0.0239521	0.0137525	0.0158311	0.0100334	0.0110803	0.00489	0.0027933	0.0119332	0.0230769	0.039604	0.0965517	0.0846847	0.0819672	0.0560472	0.0034483	0.0046948	0.0	0.0	0.0	0.0	0.0	0.0	0.0	0.0	0.0	0.0	0.0	0.0	
Northern Parula	0.0	0.0	0.0	0.0	0.0	0.0	0.0	0.0	0.0	0.0	0.0	0.0	0.0	0.0	0.0	0.0	0.0220588	0.1653543	0.2994652	0.2160243	0.2065868	0.1984283	0.1741425	0.1856187	0.1578947	0.1100244	0.0391061	0.0357995	0.0384615	0.0330033	0.0689655	0.0504505	0.1180328	0.0855457	0.0206897	0.0164319	0.0030211	0.0041841	0.0035461	0.002611	0.0	0.0	0.0	0.0	0.0	0.0	0.0	0.0	
Magnolia Warbler	0.0	0.0	0.0	0.0	0.0	0.0	0.0	0.0	0.0	0.0	0.0	0.0	0.0	0.0	0.0	0.0	0.0073529	0.0393701	0.1515152	0.1054767	0.1002994	0.0491159	0.0633245	0.0551839	0.0304709	0.0268949	0.0335196	0.0023866	0.0230769	0.019802	0.037931	0.0486486	0.0819672	0.0442478	0.0241379	0.0093897	0.0	0.0	0.0	0.0	0.0	0.0	0.0	0.0	0.0	0.0	0.0	0.0	
Bay-breasted Warbler	0.0	0.0	0.0	0.0	0.0	0.0	0.0	0.0	0.0	0.0	0.0	0.0	0.0	0.0	0.0	0.0	0.0036765	0.0183727	0.14082	0.0557809	0.002994	0.0	0.0	0.0	0.0015	0.0	0.0	0.0	0.0	0.0066007	0.0137931	0.0342342	0.0491803	0.0176991	0.0103448	0.0070423	0.0	0.0	0.0	0.0	0.0	0.0	0.0	0.0	0.0	0.0	0.0	0.0	
Blackburnian Warbler	0.0	0.0	0.0	0.0	0.0	0.0	0.0	0.0	0.0	0.0	0.0	0.0	0.0	0.0	0.0	0.0	0.0220588	0.0787402	0.2085561	0.1744422	0.1751497	0.1277014	0.1398417	0.1003344	0.0526316	0.0635697	0.0391061	0.0453461	0.0461538	0.0660066	0.0586207	0.0558559	0.0655738	0.0442478	0.0137931	0.0023474	0.0	0.0	0.0	0.0	0.0	0.0	0.0	0.0	0.0	0.0	0.0	0.0	
Northern Yellow Warbler	0.0	0.0	0.0	0.0	0.0	0.0	0.0	0.0	0.0	0.0	0.0	0.0	0.0	0.0	0.0	0.0	0.0183824	0.1811024	0.3636364	0.3853955	0.3922156	0.3497053	0.3957784	0.2625418	0.2077562	0.198044	0.1340782	0.1384248	0.1230769	0.1419142	0.1137931	0.1099099	0.0918033	0.0442478	0.0275862	0.0046948	0.0	0.0	0.0	0.0	0.0	0.0	0.0	0.0	0.0	0.0	0.0	0.0	
Chestnut-sided Warbler	0.0	0.0	0.0	0.0	0.0	0.0	0.0	0.0	0.0	0.0	0.0	0.0	0.0	0.0	0.0	0.0	0.0	0.0393701	0.171123	0.1257606	0.0808383	0.0609037	0.0659631	0.0702341	0.0526316	0.0440098	0.0167598	0.0023866	0.0076923	0.009901	0.0241379	0.0126126	0.052459	0.0324484	0.0172414	0.0	0.0	0.0	0.0	0.0	0.0	0.0	0.0	0.0	0.0	0.0	0.0	0.0	
Blackpoll Warbler	0.0	0.0	0.0	0.0	0.0	0.0	0.0	0.0	0.0	0.0	0.0	0.0	0.0	0.0	0.0	0.0	0.0	0.007874	0.0713012	0.0547667	0.005988	0.0019646	0.0	0.0	0.0	0.0	0.0	0.0	0.0	0.0	0.0068966	0.018018	0.0688525	0.0973451	0.1241379	0.0821596	0.0483384	0.0020921	0.0	0.0	0.0	0.0	0.0	0.0	0.0	0.0	0.0	0.0	
Bay-breasted/Blackpoll Warbler	0.0	0.0	0.0	0.0	0.0	0.0	0.0	0.0	0.0	0.0	0.0	0.0	0.0	0.0	0.0	0.0	0.0	0.0	0.0	0.0	0.0	0.0	0.0	0.0	0.0	0.0	0.0	0.0	0.0	0.0	0.0068966	0.0018018	0.0032787	0.0058997	0.0034483	0.0	0.0	0.0	0.0	0.0	0.0	0.0	0.0	0.0	0.0	0.0	0.0	0.0	
Black-throated Blue Warbler	0.0	0.0	0.0	0.0	0.0	0.0	0.0	0.0	0.0	0.0	0.0	0.0	0.0	0.0	0.0	0.0	0.0036765	0.0367454	0.0926916	0.0456389	0.0239521	0.0353635	0.0343008	0.0250836	0.0083102	0.0171149	0.0139665	0.0047733	0.0115385	0.0132013	0.0103448	0.0054054	0.0229508	0.0265487	0.0206897	0.0187793	0.0060423	0.0	0.0	0.0	0.0	0.0	0.0	0.0	0.0	0.0	0.0	0.0	
Palm Warbler	0.0	0.0	0.0	0.0	0.0	0.0	0.0	0.0	0.0	0.0	0.0	0.0	0.0	0.0	0.0063694	0.0575758	0.1176471	0.1417323	0.1764706	0.0223124	0.001497	0.0058939	0.005277	0.0050167	0.0027701	0.00489	0.0027933	0.0015	0.0	0.0066007	0.0172414	0.0522523	0.1868852	0.2890855	0.2551724	0.2676056	0.1903323	0.1276151	0.0460993	0.0182768	0.0054348	0.0	0.0	0.0	0.0	0.0	0.0	0.0	
Pine Warbler	0.0	0.0	0.0	0.0	0.0	0.0	0.0	0.0	0.0	0.0	0.0	0.0	0.0	0.0	0.0127389	0.0606061	0.1176471	0.0892388	0.1051693	0.0699797	0.0823353	0.0628684	0.0659631	0.0652174	0.0277008	0.0464548	0.0446927	0.0190931	0.0230769	0.0231023	0.0172414	0.0288288	0.0393443	0.0235988	0.0241379	0.0070423	0.0030211	0.0	0.0035461	0.0	0.0	0.0	0.0	0.0	0.0	0.0	0.0	0.0	
Yellow-rumped Warbler	0.0	0.0	0.0	0.0	0.0	0.0	0.0	0.0	0.0	0.0	0.0	0.006135	0.0068966	0.0714286	0.1464968	0.2515152	0.4044118	0.4015748	0.399287	0.2687627	0.2065868	0.1669941	0.1794195	0.1789298	0.1218837	0.1784841	0.1927374	0.124105	0.1384615	0.1848185	0.2586207	0.3369369	0.3770492	0.4041298	0.3896552	0.3685446	0.3232628	0.3242678	0.2269504	0.1201044	0.0543478	0.0073529	0.0	0.0	0.0	0.0	0.0	0.0	
Yellow-throated Warbler	0.0	0.0	0.0	0.0	0.0	0.0	0.0	0.0	0.0	0.0	0.0	0.0	0.0	0.0	0.0	0.0	0.0	0.0	0.0	0.0015	0.0	0.0	0.0	0.0	0.0	0.0	0.0	0.0	0.0	0.0	0.0	0.0	0.0	0.0	0.0	0.0	0.0	0.0	0.0	0.0	0.0	0.0	0.0	0.0	0.0	0.0	0.0	0.0	
Prairie Warbler	0.0	0.0	0.0	0.0	0.0	0.0	0.0	0.0	0.0	0.0	0.0	0.0	0.0	0.0	0.0	0.0	0.0	0.0	0.0071301	0.0	0.0	0.0	0.0	0.0	0.0	0.0	0.0	0.0	0.0	0.0	0.0	0.0	0.0	0.0	0.0	0.0	0.0	0.0020921	0.0	0.0	0.0	0.0	0.0	0.0	0.0	0.0	0.0	0.0	
Black-throated Green Warbler	0.0	0.0	0.0	0.0	0.0	0.0	0.0	0.0	0.0	0.0	0.0	0.0	0.0	0.0	0.0	0.0121212	0.1580882	0.3412073	0.4385027	0.3833671	0.3188623	0.3438114	0.3166227	0.3494983	0.2686981	0.2860636	0.2569832	0.1551313	0.1307692	0.1683168	0.1827586	0.1441441	0.2196721	0.1769912	0.0793103	0.0539906	0.0120846	0.0	0.0	0.0015	0.0	0.0	0.0	0.0	0.0	0.0	0.0	0.0	
Canada Warbler	0.0	0.0	0.0	0.0	0.0	0.0	0.0	0.0	0.0	0.0	0.0	0.0	0.0	0.0	0.0	0.0	0.0	0.0052493	0.0427807	0.0628803	0.0209581	0.0157171	0.0131926	0.0117057	0.0	0.00489	0.0083799	0.0047733	0.0076923	0.009901	0.0206897	0.0198198	0.0196721	0.0058997	0.0	0.0	0.0	0.0	0.0	0.0	0.0	0.0	0.0	0.0	0.0	0.0	0.0	0.0	
Wilson's Warbler	0.0	0.0	0.0	0.0	0.0	0.0	0.0	0.0	0.0	0.0	0.0	0.0	0.0	0.0	0.0	0.0	0.0	0.0052493	0.0499109	0.0425963	0.004491	0.0	0.0	0.0	0.0027701	0.0	0.0	0.0	0.0	0.0033003	0.0137931	0.018018	0.0229508	0.0324484	0.0137931	0.0	0.0	0.0020921	0.0035461	0.002611	0.0	0.0	0.0	0.0	0.0	0.0	0.0	0.0	
new world warbler sp.	0.0	0.0	0.0	0.0	0.0	0.0	0.0	0.0	0.0	0.0	0.0	0.0	0.0	0.0	0.0	0.0060606	0.0036765	0.015748	0.0071301	0.0020284	0.0015	0.0019646	0.005277	0.0015	0.0027701	0.00489	0.0055866	0.0095465	0.0153846	0.0231023	0.0172414	0.0288288	0.0327869	0.0294985	0.0448276	0.0258216	0.0060423	0.0062762	0.0	0.0	0.0	0.0	0.0	0.0	0.0	0.0	0.0	0.0	
Summer Tanager	0.0	0.0	0.0	0.0	0.0	0.0	0.0	0.0	0.0	0.0	0.0	0.0	0.0	0.0	0.0	0.0	0.0073529	0.0	0.0	0.0081136	0.0	0.0	0.0	0.0	0.0	0.0	0.0	0.0	0.0	0.0	0.0	0.0	0.0	0.0	0.0	0.0	0.0	0.0	0.0	0.0	0.0	0.0	0.0	0.0	0.0	0.0	0.0	0.0	
Scarlet Tanager	0.0	0.0	0.0	0.0	0.0	0.0	0.0	0.0	0.0	0.0	0.0	0.0	0.0	0.0	0.0	0.0	0.0036765	0.015748	0.1247772	0.0547667	0.0179641	0.0176817	0.0026385	0.0133779	0.0027701	0.007335	0.0111732	0.0023866	0.0	0.0066007	0.0137931	0.0108108	0.0	0.0029499	0.0	0.0	0.0	0.0	0.0	0.0	0.0	0.0	0.0	0.0	0.0	0.0	0.0	0.0	
Western Tanager	0.0	0.0	0.0	0.0	0.0	0.0	0.0	0.0	0.0	0.0	0.0	0.0	0.0	0.0	0.0	0.0	0.0	0.0	0.0285205	0.0	0.0	0.0	0.0	0.0	0.0	0.0	0.0	0.0	0.0	0.0	0.0	0.0	0.0	0.0	0.0	0.0	0.0	0.0	0.0	0.0	0.0	0.0	0.0	0.0	0.0	0.0	0.0	0.0	
tanager sp. (Piranga sp.)	0.0	0.0	0.0	0.0	0.0	0.0	0.0	0.0	0.0	0.0	0.0	0.0	0.0	0.0	0.0	0.0	0.0	0.0	0.0	0.0	0.0	0.0	0.0	0.0	0.0	0.0	0.0	0.0	0.0	0.0	0.0	0.0	0.0	0.0	0.0	0.0	0.0	0.0020921	0.0	0.0	0.0	0.0	0.0	0.0	0.0	0.0	0.0	0.0	
Northern Cardinal	0.0535714	0.0319149	0.0275862	0.048	0.0521739	0.0572917	0.0913706	0.0793651	0.0344828	0.1090909	0.1410256	0.2208589	0.1103448	0.1493506	0.1273885	0.1363636	0.1433824	0.1312336	0.1568627	0.0791075	0.0434132	0.0687623	0.0738786	0.0785953	0.0415512	0.0684597	0.0726257	0.1145585	0.0884615	0.0990099	0.1068966	0.0774775	0.0754098	0.0737463	0.0551724	0.0610329	0.0483384	0.1589958	0.1241135	0.1174935	0.1467391	0.125	0.0898876	0.0380952	0.0833333	0.1111111	0.1144578	0.02	
Rose-breasted Grosbeak	0.0	0.0	0.0	0.0	0.0	0.0	0.0	0.0	0.0	0.0	0.0	0.0	0.0	0.0	0.0	0.0	0.0110294	0.0813648	0.1853832	0.0669371	0.0209581	0.021611	0.0131926	0.0317726	0.0083102	0.0122249	0.0167598	0.0214797	0.0230769	0.019802	0.0448276	0.027027	0.0163934	0.0235988	0.0068966	0.0023474	0.0	0.0	0.0	0.0	0.0	0.0	0.0	0.0	0.0	0.0	0.0	0.0	
Indigo Bunting	0.0	0.0	0.0	0.0	0.0	0.0	0.0	0.0	0.0	0.0	0.0	0.0	0.0	0.0	0.0	0.0	0.0073529	0.0472441	0.1657754	0.153144	0.1302395	0.1335953	0.1424802	0.132107	0.1218837	0.1075795	0.0670391	0.0739857	0.05	0.0363036	0.0655172	0.0594595	0.0557377	0.0442478	0.0172414	0.028169	0.0090634	0.0020921	0.0	0.0	0.0	0.0	0.0	0.0	0.0	0.0	0.0	0.0	
Passerina sp.	0.0	0.0	0.0	0.0	0.0	0.0	0.0	0.0	0.0	0.0	0.0	0.0	0.0	0.0	0.0	0.0	0.0	0.0	0.0	0.0	0.0	0.0	0.0	0.0	0.0	0.0	0.0	0.0	0.0	0.0	0.0	0.0	0.0	0.0	0.0	0.0	0.0	0.0	0.0035461	0.0	0.0	0.0	0.0	0.0	0.0	0.0	0.0	0.0	
Dickcissel	0.0	0.0	0.0	0.0	0.0	0.0	0.0	0.0	0.0	0.0	0.0	0.0	0.0	0.0	0.0	0.0	0.0036765	0.0	0.0	0.0	0.0	0.0019646	0.0	0.0033445	0.0055402	0.002445	0.0015	0.0015	0.0	0.0	0.0	0.0	0.0032787	0.0029499	0.0068966	0.0046948	0.0030211	0.0	0.0	0.0	0.0	0.0	0.0	0.0	0.0	0.0	0.0	0.0	
passerine sp.	0.0089286	0.0212766	0.0	0.008	0.0	0.0	0.0101523	0.0	0.0	0.0	0.0128205	0.006135	0.0	0.0	0.0	0.0030303	0.0	0.0015	0.0017825	0.0010142	0.0	0.0	0.0	0.0016722	0.0	0.00489	0.0	0.0095465	0.0	0.0033003	0.0	0.0018018	0.0131148	0.0058997	0.0034483	0.0023474	0.0060423	0.0020921	0.0035461	0.0052219	0.0	0.0	0.0224719	0.0095238	0.0	0.0	0.0060241	0.0	
bird sp.	0.0	0.0	0.0	0.0	0.0	0.0	0.0	0.0	0.0	0.0	0.0	0.0	0.0	0.0	0.0	0.0	0.0	0.0026247	0.0	0.0	0.0	0.0	0.0	0.0	0.0055402	0.0	0.0	0.0023866	0.0	0.0	0.0	0.0	0.0	0.0	0.0	0.0023474	0.0	0.0	0.0	0.0	0.0	0.0	0.0	0.0	0.0	0.0	0.0	0.0	

