Species,Month,Week,Week_Label,Frequency,Sample_Size
Black-bellied Whistling-Duck,1,1,Jan_W1,0.0,823.0
Black-bellied Whistling-Duck,1,2,Jan_W2,0.0,605.0
Black-bellied Whistling-Duck,1,3,Jan_W3,0.0,523.0
Black-bellied Whistling-Duck,1,4,Jan_W4,0.0,730.0
Black-bellied Whistling-Duck,2,1,Feb_W1,0.0,496.0
Black-bellied Whistling-Duck,2,2,Feb_W2,0.0,822.0
Black-bellied Whistling-Duck,2,3,Feb_W3,0.0,1575.0
Black-bellied Whistling-Duck,2,4,Feb_W4,0.0,612.0
Black-bellied Whistling-Duck,3,1,Mar_W1,0.0,608.0
Black-bellied Whistling-Duck,3,2,Mar_W2,0.0,740.0
Black-bellied Whistling-Duck,3,3,Mar_W3,0.0,665.0
Black-bellied Whistling-Duck,3,4,Mar_W4,0.0,843.0
Black-bellied Whistling-Duck,4,1,Apr_W1,0.0,743.0
Black-bellied Whistling-Duck,4,2,Apr_W2,0.0,762.0
Black-bellied Whistling-Duck,4,3,Apr_W3,0.0,775.0
Black-bellied Whistling-Duck,4,4,Apr_W4,0.0,1200.0
Black-bellied Whistling-Duck,5,1,May_W1,0.0,1394.0
Black-bellied Whistling-Duck,5,2,May_W2,0.0,4130.0
Black-bellied Whistling-Duck,5,3,May_W3,0.0,8788.0
Black-bellied Whistling-Duck,5,4,May_W4,0.0,3337.0
Black-bellied Whistling-Duck,6,1,Jun_W1,0.0072539,965.0
Black-bellied Whistling-Duck,6,2,Jun_W2,0.0,714.0
Black-bellied Whistling-Duck,6,3,Jun_W3,0.0,624.0
Black-bellied Whistling-Duck,6,4,Jun_W4,0.0,704.0
Black-bellied Whistling-Duck,7,1,Jul_W1,0.0,922.0
Black-bellied Whistling-Duck,7,2,Jul_W2,0.0,649.0
Black-bellied Whistling-Duck,7,3,Jul_W3,0.0,539.0
Black-bellied Whistling-Duck,7,4,Jul_W4,0.0,716.0
Black-bellied Whistling-Duck,8,1,Aug_W1,0.0,541.0
Black-bellied Whistling-Duck,8,2,Aug_W2,0.0,464.0
Black-bellied Whistling-Duck,8,3,Aug_W3,0.0,543.0
Black-bellied Whistling-Duck,8,4,Aug_W4,0.0,766.0
Black-bellied Whistling-Duck,9,1,Sep_W1,0.0,638.0
Black-bellied Whistling-Duck,9,2,Sep_W2,0.0,530.0
Black-bellied Whistling-Duck,9,3,Sep_W3,0.0,500.0
Black-bellied Whistling-Duck,9,4,Sep_W4,0.0,602.0
Black-bellied Whistling-Duck,10,1,Oct_W1,0.0,378.0
Black-bellied Whistling-Duck,10,2,Oct_W2,0.0,435.0
Black-bellied Whistling-Duck,10,3,Oct_W3,0.0,385.0
Black-bellied Whistling-Duck,10,4,Oct_W4,0.0,645.0
Black-bellied Whistling-Duck,11,1,Nov_W1,0.0,434.0
Black-bellied Whistling-Duck,11,2,Nov_W2,0.0,468.0
Black-bellied Whistling-Duck,11,3,Nov_W3,0.0,441.0
Black-bellied Whistling-Duck,11,4,Nov_W4,0.0,600.0
Black-bellied Whistling-Duck,12,1,Dec_W1,0.0,446.0
Black-bellied Whistling-Duck,12,2,Dec_W2,0.0,529.0
Black-bellied Whistling-Duck,12,3,Dec_W3,0.0,552.0
Black-bellied Whistling-Duck,12,4,Dec_W4,0.0,695.0
Snow Goose,1,1,Jan_W1,0.0012151,823.0
Snow Goose,1,2,Jan_W2,0.0,605.0
Snow Goose,1,3,Jan_W3,0.0,523.0
Snow Goose,1,4,Jan_W4,0.0,730.0
Snow Goose,2,1,Feb_W1,0.0,496.0
Snow Goose,2,2,Feb_W2,0.0012165,822.0
Snow Goose,2,3,Feb_W3,0.0038095,1575.0
Snow Goose,2,4,Feb_W4,0.0098039,612.0
Snow Goose,3,1,Mar_W1,0.0032895,608.0
Snow Goose,3,2,Mar_W2,0.0067568,740.0
Snow Goose,3,3,Mar_W3,0.006015,665.0
Snow Goose,3,4,Mar_W4,0.0,843.0
Snow Goose,4,1,Apr_W1,0.0013459,743.0
Snow Goose,4,2,Apr_W2,0.0,762.0
Snow Goose,4,3,Apr_W3,0.0,775.0
Snow Goose,4,4,Apr_W4,0.0008333,1200.0
Snow Goose,5,1,May_W1,0.0,1394.0
Snow Goose,5,2,May_W2,0.0007264,4130.0
Snow Goose,5,3,May_W3,0.0,8788.0
Snow Goose,5,4,May_W4,0.0015,3337.0
Snow Goose,6,1,Jun_W1,0.0,965.0
Snow Goose,6,2,Jun_W2,0.0,714.0
Snow Goose,6,3,Jun_W3,0.0,624.0
Snow Goose,6,4,Jun_W4,0.0,704.0
Snow Goose,7,1,Jul_W1,0.0,922.0
Snow Goose,7,2,Jul_W2,0.0,649.0
Snow Goose,7,3,Jul_W3,0.0,539.0
Snow Goose,7,4,Jul_W4,0.0,716.0
Snow Goose,8,1,Aug_W1,0.0,541.0
Snow Goose,8,2,Aug_W2,0.0,464.0
Snow Goose,8,3,Aug_W3,0.0,543.0
Snow Goose,8,4,Aug_W4,0.0,766.0
Snow Goose,9,1,Sep_W1,0.0,638.0
Snow Goose,9,2,Sep_W2,0.0037736,530.0
Snow Goose,9,3,Sep_W3,0.0,500.0
Snow Goose,9,4,Sep_W4,0.0083056,602.0
Snow Goose,10,1,Oct_W1,0.0,378.0
Snow Goose,10,2,Oct_W2,0.0022989,435.0
Snow Goose,10,3,Oct_W3,0.0051948,385.0
Snow Goose,10,4,Oct_W4,0.0015504,645.0
Snow Goose,11,1,Nov_W1,0.0,434.0
Snow Goose,11,2,Nov_W2,0.0015,468.0
Snow Goose,11,3,Nov_W3,0.0022676,441.0
Snow Goose,11,4,Nov_W4,0.0015,600.0
Snow Goose,12,1,Dec_W1,0.0022422,446.0
Snow Goose,12,2,Dec_W2,0.0,529.0
Snow Goose,12,3,Dec_W3,0.0,552.0
Snow Goose,12,4,Dec_W4,0.0,695.0
Ross's Goose,1,1,Jan_W1,0.0,823.0
Ross's Goose,1,2,Jan_W2,0.0,605.0
Ross's Goose,1,3,Jan_W3,0.0,523.0
Ross's Goose,1,4,Jan_W4,0.0,730.0
Ross's Goose,2,1,Feb_W1,0.0,496.0
Ross's Goose,2,2,Feb_W2,0.0,822.0
Ross's Goose,2,3,Feb_W3,0.0,1575.0
Ross's Goose,2,4,Feb_W4,0.003268,612.0
Ross's Goose,3,1,Mar_W1,0.0180921,608.0
Ross's Goose,3,2,Mar_W2,0.0,740.0
Ross's Goose,3,3,Mar_W3,0.0,665.0
Ross's Goose,3,4,Mar_W4,0.0023725,843.0
Ross's Goose,4,1,Apr_W1,0.0,743.0
Ross's Goose,4,2,Apr_W2,0.0,762.0
Ross's Goose,4,3,Apr_W3,0.0,775.0
Ross's Goose,4,4,Apr_W4,0.0,1200.0
Ross's Goose,5,1,May_W1,0.0,1394.0
Ross's Goose,5,2,May_W2,0.0,4130.0
Ross's Goose,5,3,May_W3,0.0,8788.0
Ross's Goose,5,4,May_W4,0.0,3337.0
Ross's Goose,6,1,Jun_W1,0.0,965.0
Ross's Goose,6,2,Jun_W2,0.0,714.0
Ross's Goose,6,3,Jun_W3,0.0,624.0
Ross's Goose,6,4,Jun_W4,0.0,704.0
Ross's Goose,7,1,Jul_W1,0.0,922.0
Ross's Goose,7,2,Jul_W2,0.0,649.0
Ross's Goose,7,3,Jul_W3,0.0,539.0
Ross's Goose,7,4,Jul_W4,0.0,716.0
Ross's Goose,8,1,Aug_W1,0.0,541.0
Ross's Goose,8,2,Aug_W2,0.0,464.0
Ross's Goose,8,3,Aug_W3,0.0,543.0
Ross's Goose,8,4,Aug_W4,0.0,766.0
Ross's Goose,9,1,Sep_W1,0.0,638.0
Ross's Goose,9,2,Sep_W2,0.0,530.0
Ross's Goose,9,3,Sep_W3,0.0,500.0
Ross's Goose,9,4,Sep_W4,0.0,602.0
Ross's Goose,10,1,Oct_W1,0.0,378.0
Ross's Goose,10,2,Oct_W2,0.0,435.0
Ross's Goose,10,3,Oct_W3,0.0,385.0
Ross's Goose,10,4,Oct_W4,0.0,645.0
Ross's Goose,11,1,Nov_W1,0.0,434.0
Ross's Goose,11,2,Nov_W2,0.0,468.0
Ross's Goose,11,3,Nov_W3,0.0,441.0
Ross's Goose,11,4,Nov_W4,0.0,600.0
Ross's Goose,12,1,Dec_W1,0.0,446.0
Ross's Goose,12,2,Dec_W2,0.0,529.0
Ross's Goose,12,3,Dec_W3,0.0,552.0
Ross's Goose,12,4,Dec_W4,0.0,695.0
Graylag Goose,1,1,Jan_W1,0.0,823.0
Graylag Goose,1,2,Jan_W2,0.0,605.0
Graylag Goose,1,3,Jan_W3,0.0,523.0
Graylag Goose,1,4,Jan_W4,0.0,730.0
Graylag Goose,2,1,Feb_W1,0.0,496.0
Graylag Goose,2,2,Feb_W2,0.0,822.0
Graylag Goose,2,3,Feb_W3,0.0,1575.0
Graylag Goose,2,4,Feb_W4,0.0,612.0
Graylag Goose,3,1,Mar_W1,0.0,608.0
Graylag Goose,3,2,Mar_W2,0.0,740.0
Graylag Goose,3,3,Mar_W3,0.0,665.0
Graylag Goose,3,4,Mar_W4,0.0,843.0
Graylag Goose,4,1,Apr_W1,0.0,743.0
Graylag Goose,4,2,Apr_W2,0.0,762.0
Graylag Goose,4,3,Apr_W3,0.0,775.0
Graylag Goose,4,4,Apr_W4,0.0,1200.0
Graylag Goose,5,1,May_W1,0.0,1394.0
Graylag Goose,5,2,May_W2,0.0,4130.0
Graylag Goose,5,3,May_W3,0.0,8788.0
Graylag Goose,5,4,May_W4,0.0002997,3337.0
Graylag Goose,6,1,Jun_W1,0.0,965.0
Graylag Goose,6,2,Jun_W2,0.0,714.0
Graylag Goose,6,3,Jun_W3,0.0,624.0
Graylag Goose,6,4,Jun_W4,0.0,704.0
Graylag Goose,7,1,Jul_W1,0.0,922.0
Graylag Goose,7,2,Jul_W2,0.0,649.0
Graylag Goose,7,3,Jul_W3,0.0,539.0
Graylag Goose,7,4,Jul_W4,0.0,716.0
Graylag Goose,8,1,Aug_W1,0.0,541.0
Graylag Goose,8,2,Aug_W2,0.0,464.0
Graylag Goose,8,3,Aug_W3,0.0,543.0
Graylag Goose,8,4,Aug_W4,0.0,766.0
Graylag Goose,9,1,Sep_W1,0.0,638.0
Graylag Goose,9,2,Sep_W2,0.0,530.0
Graylag Goose,9,3,Sep_W3,0.0,500.0
Graylag Goose,9,4,Sep_W4,0.0,602.0
Graylag Goose,10,1,Oct_W1,0.0,378.0
Graylag Goose,10,2,Oct_W2,0.0,435.0
Graylag Goose,10,3,Oct_W3,0.0,385.0
Graylag Goose,10,4,Oct_W4,0.0,645.0
Graylag Goose,11,1,Nov_W1,0.0,434.0
Graylag Goose,11,2,Nov_W2,0.0,468.0
Graylag Goose,11,3,Nov_W3,0.0,441.0
Graylag Goose,11,4,Nov_W4,0.0,600.0
Graylag Goose,12,1,Dec_W1,0.0,446.0
Graylag Goose,12,2,Dec_W2,0.0,529.0
Graylag Goose,12,3,Dec_W3,0.0,552.0
Graylag Goose,12,4,Dec_W4,0.0,695.0
Swan Goose,1,1,Jan_W1,0.0015,823.0
Swan Goose,1,2,Jan_W2,0.0,605.0
Swan Goose,1,3,Jan_W3,0.0,523.0
Swan Goose,1,4,Jan_W4,0.0,730.0
Swan Goose,2,1,Feb_W1,0.0,496.0
Swan Goose,2,2,Feb_W2,0.0,822.0
Swan Goose,2,3,Feb_W3,0.0,1575.0
Swan Goose,2,4,Feb_W4,0.0,612.0
Swan Goose,3,1,Mar_W1,0.0,608.0
Swan Goose,3,2,Mar_W2,0.0,740.0
Swan Goose,3,3,Mar_W3,0.0,665.0
Swan Goose,3,4,Mar_W4,0.0,843.0
Swan Goose,4,1,Apr_W1,0.0,743.0
Swan Goose,4,2,Apr_W2,0.0,762.0
Swan Goose,4,3,Apr_W3,0.0,775.0
Swan Goose,4,4,Apr_W4,0.0,1200.0
Swan Goose,5,1,May_W1,0.0,1394.0
Swan Goose,5,2,May_W2,0.0,4130.0
Swan Goose,5,3,May_W3,0.0,8788.0
Swan Goose,5,4,May_W4,0.0,3337.0
Swan Goose,6,1,Jun_W1,0.0,965.0
Swan Goose,6,2,Jun_W2,0.0,714.0
Swan Goose,6,3,Jun_W3,0.0,624.0
Swan Goose,6,4,Jun_W4,0.0,704.0
Swan Goose,7,1,Jul_W1,0.0,922.0
Swan Goose,7,2,Jul_W2,0.0,649.0
Swan Goose,7,3,Jul_W3,0.0,539.0
Swan Goose,7,4,Jul_W4,0.0,716.0
Swan Goose,8,1,Aug_W1,0.0,541.0
Swan Goose,8,2,Aug_W2,0.0,464.0
Swan Goose,8,3,Aug_W3,0.0,543.0
Swan Goose,8,4,Aug_W4,0.0,766.0
Swan Goose,9,1,Sep_W1,0.0,638.0
Swan Goose,9,2,Sep_W2,0.0,530.0
Swan Goose,9,3,Sep_W3,0.0,500.0
Swan Goose,9,4,Sep_W4,0.0,602.0
Swan Goose,10,1,Oct_W1,0.0,378.0
Swan Goose,10,2,Oct_W2,0.0,435.0
Swan Goose,10,3,Oct_W3,0.0,385.0
Swan Goose,10,4,Oct_W4,0.0,645.0
Swan Goose,11,1,Nov_W1,0.0,434.0
Swan Goose,11,2,Nov_W2,0.0,468.0
Swan Goose,11,3,Nov_W3,0.0,441.0
Swan Goose,11,4,Nov_W4,0.0,600.0
Swan Goose,12,1,Dec_W1,0.0,446.0
Swan Goose,12,2,Dec_W2,0.0,529.0
Swan Goose,12,3,Dec_W3,0.0,552.0
Swan Goose,12,4,Dec_W4,0.0,695.0
Greater White-fronted Goose,1,1,Jan_W1,0.0,823.0
Greater White-fronted Goose,1,2,Jan_W2,0.0,605.0
Greater White-fronted Goose,1,3,Jan_W3,0.0,523.0
Greater White-fronted Goose,1,4,Jan_W4,0.0,730.0
Greater White-fronted Goose,2,1,Feb_W1,0.0,496.0
Greater White-fronted Goose,2,2,Feb_W2,0.0,822.0
Greater White-fronted Goose,2,3,Feb_W3,0.0,1575.0
Greater White-fronted Goose,2,4,Feb_W4,0.0,612.0
Greater White-fronted Goose,3,1,Mar_W1,0.0,608.0
Greater White-fronted Goose,3,2,Mar_W2,0.0,740.0
Greater White-fronted Goose,3,3,Mar_W3,0.0,665.0
Greater White-fronted Goose,3,4,Mar_W4,0.0,843.0
Greater White-fronted Goose,4,1,Apr_W1,0.0,743.0
Greater White-fronted Goose,4,2,Apr_W2,0.0013123,762.0
Greater White-fronted Goose,4,3,Apr_W3,0.0,775.0
Greater White-fronted Goose,4,4,Apr_W4,0.0008333,1200.0
Greater White-fronted Goose,5,1,May_W1,0.0,1394.0
Greater White-fronted Goose,5,2,May_W2,0.0,4130.0
Greater White-fronted Goose,5,3,May_W3,0.0,8788.0
Greater White-fronted Goose,5,4,May_W4,0.0,3337.0
Greater White-fronted Goose,6,1,Jun_W1,0.0,965.0
Greater White-fronted Goose,6,2,Jun_W2,0.0,714.0
Greater White-fronted Goose,6,3,Jun_W3,0.0,624.0
Greater White-fronted Goose,6,4,Jun_W4,0.0,704.0
Greater White-fronted Goose,7,1,Jul_W1,0.0,922.0
Greater White-fronted Goose,7,2,Jul_W2,0.0,649.0
Greater White-fronted Goose,7,3,Jul_W3,0.0,539.0
Greater White-fronted Goose,7,4,Jul_W4,0.0,716.0
Greater White-fronted Goose,8,1,Aug_W1,0.0,541.0
Greater White-fronted Goose,8,2,Aug_W2,0.0,464.0
Greater White-fronted Goose,8,3,Aug_W3,0.0,543.0
Greater White-fronted Goose,8,4,Aug_W4,0.0,766.0
Greater White-fronted Goose,9,1,Sep_W1,0.0,638.0
Greater White-fronted Goose,9,2,Sep_W2,0.0,530.0
Greater White-fronted Goose,9,3,Sep_W3,0.0,500.0
Greater White-fronted Goose,9,4,Sep_W4,0.0,602.0
Greater White-fronted Goose,10,1,Oct_W1,0.0026455,378.0
Greater White-fronted Goose,10,2,Oct_W2,0.0022989,435.0
Greater White-fronted Goose,10,3,Oct_W3,0.0,385.0
Greater White-fronted Goose,10,4,Oct_W4,0.0,645.0
Greater White-fronted Goose,11,1,Nov_W1,0.0,434.0
Greater White-fronted Goose,11,2,Nov_W2,0.0,468.0
Greater White-fronted Goose,11,3,Nov_W3,0.0,441.0
Greater White-fronted Goose,11,4,Nov_W4,0.0,600.0
Greater White-fronted Goose,12,1,Dec_W1,0.0,446.0
Greater White-fronted Goose,12,2,Dec_W2,0.0,529.0
Greater White-fronted Goose,12,3,Dec_W3,0.009058,552.0
Greater White-fronted Goose,12,4,Dec_W4,0.0057554,695.0
Brant,1,1,Jan_W1,0.0,823.0
Brant,1,2,Jan_W2,0.0,605.0
Brant,1,3,Jan_W3,0.0,523.0
Brant,1,4,Jan_W4,0.0,730.0
Brant,2,1,Feb_W1,0.0,496.0
Brant,2,2,Feb_W2,0.0,822.0
Brant,2,3,Feb_W3,0.0,1575.0
Brant,2,4,Feb_W4,0.0,612.0
Brant,3,1,Mar_W1,0.0,608.0
Brant,3,2,Mar_W2,0.0,740.0
Brant,3,3,Mar_W3,0.0,665.0
Brant,3,4,Mar_W4,0.0,843.0
Brant,4,1,Apr_W1,0.0,743.0
Brant,4,2,Apr_W2,0.0,762.0
Brant,4,3,Apr_W3,0.0,775.0
Brant,4,4,Apr_W4,0.0,1200.0
Brant,5,1,May_W1,0.0,1394.0
Brant,5,2,May_W2,0.0,4130.0
Brant,5,3,May_W3,0.0,8788.0
Brant,5,4,May_W4,0.0,3337.0
Brant,6,1,Jun_W1,0.0,965.0
Brant,6,2,Jun_W2,0.0,714.0
Brant,6,3,Jun_W3,0.0,624.0
Brant,6,4,Jun_W4,0.0,704.0
Brant,7,1,Jul_W1,0.0,922.0
Brant,7,2,Jul_W2,0.0,649.0
Brant,7,3,Jul_W3,0.0,539.0
Brant,7,4,Jul_W4,0.0,716.0
Brant,8,1,Aug_W1,0.0,541.0
Brant,8,2,Aug_W2,0.0,464.0
Brant,8,3,Aug_W3,0.0,543.0
Brant,8,4,Aug_W4,0.0,766.0
Brant,9,1,Sep_W1,0.0,638.0
Brant,9,2,Sep_W2,0.0,530.0
Brant,9,3,Sep_W3,0.0,500.0
Brant,9,4,Sep_W4,0.0,602.0
Brant,10,1,Oct_W1,0.0,378.0
Brant,10,2,Oct_W2,0.0,435.0
Brant,10,3,Oct_W3,0.0,385.0
Brant,10,4,Oct_W4,0.0,645.0
Brant,11,1,Nov_W1,0.0023041,434.0
Brant,11,2,Nov_W2,0.0,468.0
Brant,11,3,Nov_W3,0.0,441.0
Brant,11,4,Nov_W4,0.0,600.0
Brant,12,1,Dec_W1,0.0,446.0
Brant,12,2,Dec_W2,0.0,529.0
Brant,12,3,Dec_W3,0.0,552.0
Brant,12,4,Dec_W4,0.0,695.0
Cackling Goose,1,1,Jan_W1,0.0,823.0
Cackling Goose,1,2,Jan_W2,0.0,605.0
Cackling Goose,1,3,Jan_W3,0.0,523.0
Cackling Goose,1,4,Jan_W4,0.0,730.0
Cackling Goose,2,1,Feb_W1,0.0,496.0
Cackling Goose,2,2,Feb_W2,0.0,822.0
Cackling Goose,2,3,Feb_W3,0.0,1575.0
Cackling Goose,2,4,Feb_W4,0.003268,612.0
Cackling Goose,3,1,Mar_W1,0.0065789,608.0
Cackling Goose,3,2,Mar_W2,0.0027027,740.0
Cackling Goose,3,3,Mar_W3,0.0,665.0
Cackling Goose,3,4,Mar_W4,0.0011862,843.0
Cackling Goose,4,1,Apr_W1,0.0,743.0
Cackling Goose,4,2,Apr_W2,0.0,762.0
Cackling Goose,4,3,Apr_W3,0.0025806,775.0
Cackling Goose,4,4,Apr_W4,0.0,1200.0
Cackling Goose,5,1,May_W1,0.0,1394.0
Cackling Goose,5,2,May_W2,0.0,4130.0
Cackling Goose,5,3,May_W3,0.0,8788.0
Cackling Goose,5,4,May_W4,0.0005993,3337.0
Cackling Goose,6,1,Jun_W1,0.0,965.0
Cackling Goose,6,2,Jun_W2,0.0,714.0
Cackling Goose,6,3,Jun_W3,0.0,624.0
Cackling Goose,6,4,Jun_W4,0.0,704.0
Cackling Goose,7,1,Jul_W1,0.0,922.0
Cackling Goose,7,2,Jul_W2,0.0,649.0
Cackling Goose,7,3,Jul_W3,0.0,539.0
Cackling Goose,7,4,Jul_W4,0.0,716.0
Cackling Goose,8,1,Aug_W1,0.0,541.0
Cackling Goose,8,2,Aug_W2,0.0,464.0
Cackling Goose,8,3,Aug_W3,0.0,543.0
Cackling Goose,8,4,Aug_W4,0.0,766.0
Cackling Goose,9,1,Sep_W1,0.0,638.0
Cackling Goose,9,2,Sep_W2,0.0,530.0
Cackling Goose,9,3,Sep_W3,0.0,500.0
Cackling Goose,9,4,Sep_W4,0.0,602.0
Cackling Goose,10,1,Oct_W1,0.005291,378.0
Cackling Goose,10,2,Oct_W2,0.0045977,435.0
Cackling Goose,10,3,Oct_W3,0.0,385.0
Cackling Goose,10,4,Oct_W4,0.0,645.0
Cackling Goose,11,1,Nov_W1,0.0,434.0
Cackling Goose,11,2,Nov_W2,0.0,468.0
Cackling Goose,11,3,Nov_W3,0.0,441.0
Cackling Goose,11,4,Nov_W4,0.0,600.0
Cackling Goose,12,1,Dec_W1,0.0,446.0
Cackling Goose,12,2,Dec_W2,0.0,529.0
Cackling Goose,12,3,Dec_W3,0.0,552.0
Cackling Goose,12,4,Dec_W4,0.0,695.0
Canada Goose,1,1,Jan_W1,0.1312272,823.0
Canada Goose,1,2,Jan_W2,0.061157,605.0
Canada Goose,1,3,Jan_W3,0.0229446,523.0
Canada Goose,1,4,Jan_W4,0.0465753,730.0
Canada Goose,2,1,Feb_W1,0.0342742,496.0
Canada Goose,2,2,Feb_W2,0.0316302,822.0
Canada Goose,2,3,Feb_W3,0.0660317,1575.0
Canada Goose,2,4,Feb_W4,0.2238562,612.0
Canada Goose,3,1,Mar_W1,0.3634868,608.0
Canada Goose,3,2,Mar_W2,0.5391892,740.0
Canada Goose,3,3,Mar_W3,0.5518797,665.0
Canada Goose,3,4,Mar_W4,0.5800712,843.0
Canada Goose,4,1,Apr_W1,0.5477793,743.0
Canada Goose,4,2,Apr_W2,0.5209974,762.0
Canada Goose,4,3,Apr_W3,0.5625806,775.0
Canada Goose,4,4,Apr_W4,0.5425,1200.0
Canada Goose,5,1,May_W1,0.579627,1394.0
Canada Goose,5,2,May_W2,0.5152542,4130.0
Canada Goose,5,3,May_W3,0.5571234,8788.0
Canada Goose,5,4,May_W4,0.5534912,3337.0
Canada Goose,6,1,Jun_W1,0.4528497,965.0
Canada Goose,6,2,Jun_W2,0.3151261,714.0
Canada Goose,6,3,Jun_W3,0.2852564,624.0
Canada Goose,6,4,Jun_W4,0.2542614,704.0
Canada Goose,7,1,Jul_W1,0.1735358,922.0
Canada Goose,7,2,Jul_W2,0.2326656,649.0
Canada Goose,7,3,Jul_W3,0.2337662,539.0
Canada Goose,7,4,Jul_W4,0.3212291,716.0
Canada Goose,8,1,Aug_W1,0.3696858,541.0
Canada Goose,8,2,Aug_W2,0.2909483,464.0
Canada Goose,8,3,Aug_W3,0.2946593,543.0
Canada Goose,8,4,Aug_W4,0.2950392,766.0
Canada Goose,9,1,Sep_W1,0.3652038,638.0
Canada Goose,9,2,Sep_W2,0.4188679,530.0
Canada Goose,9,3,Sep_W3,0.472,500.0
Canada Goose,9,4,Sep_W4,0.4568106,602.0
Canada Goose,10,1,Oct_W1,0.3968254,378.0
Canada Goose,10,2,Oct_W2,0.3517241,435.0
Canada Goose,10,3,Oct_W3,0.3142857,385.0
Canada Goose,10,4,Oct_W4,0.3178295,645.0
Canada Goose,11,1,Nov_W1,0.2857143,434.0
Canada Goose,11,2,Nov_W2,0.2991453,468.0
Canada Goose,11,3,Nov_W3,0.2811791,441.0
Canada Goose,11,4,Nov_W4,0.2533333,600.0
Canada Goose,12,1,Dec_W1,0.2085202,446.0
Canada Goose,12,2,Dec_W2,0.1890359,529.0
Canada Goose,12,3,Dec_W3,0.1503623,552.0
Canada Goose,12,4,Dec_W4,0.1510791,695.0
Mute Swan,1,1,Jan_W1,0.0097205,823.0
Mute Swan,1,2,Jan_W2,0.0099174,605.0
Mute Swan,1,3,Jan_W3,0.0038241,523.0
Mute Swan,1,4,Jan_W4,0.0068493,730.0
Mute Swan,2,1,Feb_W1,0.0040323,496.0
Mute Swan,2,2,Feb_W2,0.0060827,822.0
Mute Swan,2,3,Feb_W3,0.0107937,1575.0
Mute Swan,2,4,Feb_W4,0.0310458,612.0
Mute Swan,3,1,Mar_W1,0.0180921,608.0
Mute Swan,3,2,Mar_W2,0.0243243,740.0
Mute Swan,3,3,Mar_W3,0.0451128,665.0
Mute Swan,3,4,Mar_W4,0.0355872,843.0
Mute Swan,4,1,Apr_W1,0.0188425,743.0
Mute Swan,4,2,Apr_W2,0.0262467,762.0
Mute Swan,4,3,Apr_W3,0.0167742,775.0
Mute Swan,4,4,Apr_W4,0.0125,1200.0
Mute Swan,5,1,May_W1,0.0150646,1394.0
Mute Swan,5,2,May_W2,0.0159806,4130.0
Mute Swan,5,3,May_W3,0.0310651,8788.0
Mute Swan,5,4,May_W4,0.0203776,3337.0
Mute Swan,6,1,Jun_W1,0.0145078,965.0
Mute Swan,6,2,Jun_W2,0.0210084,714.0
Mute Swan,6,3,Jun_W3,0.0144231,624.0
Mute Swan,6,4,Jun_W4,0.0085227,704.0
Mute Swan,7,1,Jul_W1,0.0184382,922.0
Mute Swan,7,2,Jul_W2,0.0030817,649.0
Mute Swan,7,3,Jul_W3,0.0037106,539.0
Mute Swan,7,4,Jul_W4,0.0097765,716.0
Mute Swan,8,1,Aug_W1,0.0018484,541.0
Mute Swan,8,2,Aug_W2,0.0064655,464.0
Mute Swan,8,3,Aug_W3,0.0018416,543.0
Mute Swan,8,4,Aug_W4,0.0052219,766.0
Mute Swan,9,1,Sep_W1,0.0109718,638.0
Mute Swan,9,2,Sep_W2,0.009434,530.0
Mute Swan,9,3,Sep_W3,0.01,500.0
Mute Swan,9,4,Sep_W4,0.0083056,602.0
Mute Swan,10,1,Oct_W1,0.0238095,378.0
Mute Swan,10,2,Oct_W2,0.0229885,435.0
Mute Swan,10,3,Oct_W3,0.0233766,385.0
Mute Swan,10,4,Oct_W4,0.0248062,645.0
Mute Swan,11,1,Nov_W1,0.0345622,434.0
Mute Swan,11,2,Nov_W2,0.0299145,468.0
Mute Swan,11,3,Nov_W3,0.0226757,441.0
Mute Swan,11,4,Nov_W4,0.005,600.0
Mute Swan,12,1,Dec_W1,0.0022422,446.0
Mute Swan,12,2,Dec_W2,0.0037807,529.0
Mute Swan,12,3,Dec_W3,0.0108696,552.0
Mute Swan,12,4,Dec_W4,0.0143885,695.0
Trumpeter Swan,1,1,Jan_W1,0.0996355,823.0
Trumpeter Swan,1,2,Jan_W2,0.0710744,605.0
Trumpeter Swan,1,3,Jan_W3,0.0688337,523.0
Trumpeter Swan,1,4,Jan_W4,0.1109589,730.0
Trumpeter Swan,2,1,Feb_W1,0.0967742,496.0
Trumpeter Swan,2,2,Feb_W2,0.0754258,822.0
Trumpeter Swan,2,3,Feb_W3,0.0666667,1575.0
Trumpeter Swan,2,4,Feb_W4,0.1486928,612.0
Trumpeter Swan,3,1,Mar_W1,0.1595395,608.0
Trumpeter Swan,3,2,Mar_W2,0.1743243,740.0
Trumpeter Swan,3,3,Mar_W3,0.1759398,665.0
Trumpeter Swan,3,4,Mar_W4,0.1281139,843.0
Trumpeter Swan,4,1,Apr_W1,0.1305518,743.0
Trumpeter Swan,4,2,Apr_W2,0.1286089,762.0
Trumpeter Swan,4,3,Apr_W3,0.1058065,775.0
Trumpeter Swan,4,4,Apr_W4,0.1416667,1200.0
Trumpeter Swan,5,1,May_W1,0.1305595,1394.0
Trumpeter Swan,5,2,May_W2,0.103632,4130.0
Trumpeter Swan,5,3,May_W3,0.1244879,8788.0
Trumpeter Swan,5,4,May_W4,0.1234642,3337.0
Trumpeter Swan,6,1,Jun_W1,0.1606218,965.0
Trumpeter Swan,6,2,Jun_W2,0.1638655,714.0
Trumpeter Swan,6,3,Jun_W3,0.1714744,624.0
Trumpeter Swan,6,4,Jun_W4,0.1846591,704.0
Trumpeter Swan,7,1,Jul_W1,0.1236443,922.0
Trumpeter Swan,7,2,Jul_W2,0.1371341,649.0
Trumpeter Swan,7,3,Jul_W3,0.1632653,539.0
Trumpeter Swan,7,4,Jul_W4,0.1689944,716.0
Trumpeter Swan,8,1,Aug_W1,0.194085,541.0
Trumpeter Swan,8,2,Aug_W2,0.2090517,464.0
Trumpeter Swan,8,3,Aug_W3,0.1804788,543.0
Trumpeter Swan,8,4,Aug_W4,0.2062663,766.0
Trumpeter Swan,9,1,Sep_W1,0.19279,638.0
Trumpeter Swan,9,2,Sep_W2,0.1849057,530.0
Trumpeter Swan,9,3,Sep_W3,0.192,500.0
Trumpeter Swan,9,4,Sep_W4,0.2093023,602.0
Trumpeter Swan,10,1,Oct_W1,0.1005291,378.0
Trumpeter Swan,10,2,Oct_W2,0.137931,435.0
Trumpeter Swan,10,3,Oct_W3,0.1142857,385.0
Trumpeter Swan,10,4,Oct_W4,0.1224806,645.0
Trumpeter Swan,11,1,Nov_W1,0.0967742,434.0
Trumpeter Swan,11,2,Nov_W2,0.0833333,468.0
Trumpeter Swan,11,3,Nov_W3,0.0702948,441.0
Trumpeter Swan,11,4,Nov_W4,0.0716667,600.0
Trumpeter Swan,12,1,Dec_W1,0.0672646,446.0
Trumpeter Swan,12,2,Dec_W2,0.0680529,529.0
Trumpeter Swan,12,3,Dec_W3,0.0978261,552.0
Trumpeter Swan,12,4,Dec_W4,0.094964,695.0
Tundra Swan,1,1,Jan_W1,0.0036452,823.0
Tundra Swan,1,2,Jan_W2,0.0033058,605.0
Tundra Swan,1,3,Jan_W3,0.0076482,523.0
Tundra Swan,1,4,Jan_W4,0.0041096,730.0
Tundra Swan,2,1,Feb_W1,0.0020161,496.0
Tundra Swan,2,2,Feb_W2,0.0,822.0
Tundra Swan,2,3,Feb_W3,0.0012698,1575.0
Tundra Swan,2,4,Feb_W4,0.0261438,612.0
Tundra Swan,3,1,Mar_W1,0.0148026,608.0
Tundra Swan,3,2,Mar_W2,0.027027,740.0
Tundra Swan,3,3,Mar_W3,0.0105263,665.0
Tundra Swan,3,4,Mar_W4,0.0403321,843.0
Tundra Swan,4,1,Apr_W1,0.0309556,743.0
Tundra Swan,4,2,Apr_W2,0.0170604,762.0
Tundra Swan,4,3,Apr_W3,0.0129032,775.0
Tundra Swan,4,4,Apr_W4,0.0083333,1200.0
Tundra Swan,5,1,May_W1,0.0035868,1394.0
Tundra Swan,5,2,May_W2,0.0007264,4130.0
Tundra Swan,5,3,May_W3,0.0042103,8788.0
Tundra Swan,5,4,May_W4,0.003596,3337.0
Tundra Swan,6,1,Jun_W1,0.0010363,965.0
Tundra Swan,6,2,Jun_W2,0.0,714.0
Tundra Swan,6,3,Jun_W3,0.0,624.0
Tundra Swan,6,4,Jun_W4,0.0,704.0
Tundra Swan,7,1,Jul_W1,0.0,922.0
Tundra Swan,7,2,Jul_W2,0.0,649.0
Tundra Swan,7,3,Jul_W3,0.0,539.0
Tundra Swan,7,4,Jul_W4,0.0,716.0
Tundra Swan,8,1,Aug_W1,0.0,541.0
Tundra Swan,8,2,Aug_W2,0.0,464.0
Tundra Swan,8,3,Aug_W3,0.0,543.0
Tundra Swan,8,4,Aug_W4,0.0,766.0
Tundra Swan,9,1,Sep_W1,0.0,638.0
Tundra Swan,9,2,Sep_W2,0.0,530.0
Tundra Swan,9,3,Sep_W3,0.0,500.0
Tundra Swan,9,4,Sep_W4,0.0,602.0
Tundra Swan,10,1,Oct_W1,0.0026455,378.0
Tundra Swan,10,2,Oct_W2,0.0,435.0
Tundra Swan,10,3,Oct_W3,0.0077922,385.0
Tundra Swan,10,4,Oct_W4,0.0139535,645.0
Tundra Swan,11,1,Nov_W1,0.0184332,434.0
Tundra Swan,11,2,Nov_W2,0.0277778,468.0
Tundra Swan,11,3,Nov_W3,0.0249433,441.0
Tundra Swan,11,4,Nov_W4,0.0066667,600.0
Tundra Swan,12,1,Dec_W1,0.0201794,446.0
Tundra Swan,12,2,Dec_W2,0.0302457,529.0
Tundra Swan,12,3,Dec_W3,0.0235507,552.0
Tundra Swan,12,4,Dec_W4,0.0115108,695.0
Muscovy Duck,1,1,Jan_W1,0.0,823.0
Muscovy Duck,1,2,Jan_W2,0.0,605.0
Muscovy Duck,1,3,Jan_W3,0.0,523.0
Muscovy Duck,1,4,Jan_W4,0.0,730.0
Muscovy Duck,2,1,Feb_W1,0.0,496.0
Muscovy Duck,2,2,Feb_W2,0.0,822.0
Muscovy Duck,2,3,Feb_W3,0.0,1575.0
Muscovy Duck,2,4,Feb_W4,0.0,612.0
Muscovy Duck,3,1,Mar_W1,0.0,608.0
Muscovy Duck,3,2,Mar_W2,0.0,740.0
Muscovy Duck,3,3,Mar_W3,0.0,665.0
Muscovy Duck,3,4,Mar_W4,0.0,843.0
Muscovy Duck,4,1,Apr_W1,0.0,743.0
Muscovy Duck,4,2,Apr_W2,0.0,762.0
Muscovy Duck,4,3,Apr_W3,0.0,775.0
Muscovy Duck,4,4,Apr_W4,0.0,1200.0
Muscovy Duck,5,1,May_W1,0.0,1394.0
Muscovy Duck,5,2,May_W2,0.0,4130.0
Muscovy Duck,5,3,May_W3,0.0001138,8788.0
Muscovy Duck,5,4,May_W4,0.0,3337.0
Muscovy Duck,6,1,Jun_W1,0.0,965.0
Muscovy Duck,6,2,Jun_W2,0.0,714.0
Muscovy Duck,6,3,Jun_W3,0.0,624.0
Muscovy Duck,6,4,Jun_W4,0.0,704.0
Muscovy Duck,7,1,Jul_W1,0.0,922.0
Muscovy Duck,7,2,Jul_W2,0.0,649.0
Muscovy Duck,7,3,Jul_W3,0.0,539.0
Muscovy Duck,7,4,Jul_W4,0.0,716.0
Muscovy Duck,8,1,Aug_W1,0.0,541.0
Muscovy Duck,8,2,Aug_W2,0.0,464.0
Muscovy Duck,8,3,Aug_W3,0.0,543.0
Muscovy Duck,8,4,Aug_W4,0.0,766.0
Muscovy Duck,9,1,Sep_W1,0.0,638.0
Muscovy Duck,9,2,Sep_W2,0.0,530.0
Muscovy Duck,9,3,Sep_W3,0.0,500.0
Muscovy Duck,9,4,Sep_W4,0.0,602.0
Muscovy Duck,10,1,Oct_W1,0.0,378.0
Muscovy Duck,10,2,Oct_W2,0.0,435.0
Muscovy Duck,10,3,Oct_W3,0.0,385.0
Muscovy Duck,10,4,Oct_W4,0.0,645.0
Muscovy Duck,11,1,Nov_W1,0.0,434.0
Muscovy Duck,11,2,Nov_W2,0.0,468.0
Muscovy Duck,11,3,Nov_W3,0.0,441.0
Muscovy Duck,11,4,Nov_W4,0.0,600.0
Muscovy Duck,12,1,Dec_W1,0.0,446.0
Muscovy Duck,12,2,Dec_W2,0.0,529.0
Muscovy Duck,12,3,Dec_W3,0.0,552.0
Muscovy Duck,12,4,Dec_W4,0.0,695.0
Wood Duck,1,1,Jan_W1,0.0,823.0
Wood Duck,1,2,Jan_W2,0.0016529,605.0
Wood Duck,1,3,Jan_W3,0.0,523.0
Wood Duck,1,4,Jan_W4,0.0013699,730.0
Wood Duck,2,1,Feb_W1,0.0,496.0
Wood Duck,2,2,Feb_W2,0.0,822.0
Wood Duck,2,3,Feb_W3,0.0,1575.0
Wood Duck,2,4,Feb_W4,0.004902,612.0
Wood Duck,3,1,Mar_W1,0.0213816,608.0
Wood Duck,3,2,Mar_W2,0.0405405,740.0
Wood Duck,3,3,Mar_W3,0.0796992,665.0
Wood Duck,3,4,Mar_W4,0.118624,843.0
Wood Duck,4,1,Apr_W1,0.1332436,743.0
Wood Duck,4,2,Apr_W2,0.171916,762.0
Wood Duck,4,3,Apr_W3,0.1406452,775.0
Wood Duck,4,4,Apr_W4,0.1425,1200.0
Wood Duck,5,1,May_W1,0.1212339,1394.0
Wood Duck,5,2,May_W2,0.0748184,4130.0
Wood Duck,5,3,May_W3,0.0943332,8788.0
Wood Duck,5,4,May_W4,0.0949955,3337.0
Wood Duck,6,1,Jun_W1,0.1284974,965.0
Wood Duck,6,2,Jun_W2,0.1260504,714.0
Wood Duck,6,3,Jun_W3,0.1378205,624.0
Wood Duck,6,4,Jun_W4,0.1178977,704.0
Wood Duck,7,1,Jul_W1,0.0780911,922.0
Wood Duck,7,2,Jul_W2,0.1093991,649.0
Wood Duck,7,3,Jul_W3,0.1205937,539.0
Wood Duck,7,4,Jul_W4,0.150838,716.0
Wood Duck,8,1,Aug_W1,0.168207,541.0
Wood Duck,8,2,Aug_W2,0.1551724,464.0
Wood Duck,8,3,Aug_W3,0.1878453,543.0
Wood Duck,8,4,Aug_W4,0.2154047,766.0
Wood Duck,9,1,Sep_W1,0.2053292,638.0
Wood Duck,9,2,Sep_W2,0.2056604,530.0
Wood Duck,9,3,Sep_W3,0.226,500.0
Wood Duck,9,4,Sep_W4,0.2392027,602.0
Wood Duck,10,1,Oct_W1,0.2460317,378.0
Wood Duck,10,2,Oct_W2,0.1356322,435.0
Wood Duck,10,3,Oct_W3,0.0545455,385.0
Wood Duck,10,4,Oct_W4,0.027907,645.0
Wood Duck,11,1,Nov_W1,0.0138249,434.0
Wood Duck,11,2,Nov_W2,0.0106838,468.0
Wood Duck,11,3,Nov_W3,0.0045351,441.0
Wood Duck,11,4,Nov_W4,0.005,600.0
Wood Duck,12,1,Dec_W1,0.0,446.0
Wood Duck,12,2,Dec_W2,0.0018904,529.0
Wood Duck,12,3,Dec_W3,0.0,552.0
Wood Duck,12,4,Dec_W4,0.0014388,695.0
Blue-winged Teal,1,1,Jan_W1,0.0,823.0
Blue-winged Teal,1,2,Jan_W2,0.0,605.0
Blue-winged Teal,1,3,Jan_W3,0.0,523.0
Blue-winged Teal,1,4,Jan_W4,0.0,730.0
Blue-winged Teal,2,1,Feb_W1,0.0,496.0
Blue-winged Teal,2,2,Feb_W2,0.0,822.0
Blue-winged Teal,2,3,Feb_W3,0.0,1575.0
Blue-winged Teal,2,4,Feb_W4,0.0,612.0
Blue-winged Teal,3,1,Mar_W1,0.0,608.0
Blue-winged Teal,3,2,Mar_W2,0.0,740.0
Blue-winged Teal,3,3,Mar_W3,0.0015038,665.0
Blue-winged Teal,3,4,Mar_W4,0.0284698,843.0
Blue-winged Teal,4,1,Apr_W1,0.064603,743.0
Blue-winged Teal,4,2,Apr_W2,0.0905512,762.0
Blue-winged Teal,4,3,Apr_W3,0.1032258,775.0
Blue-winged Teal,4,4,Apr_W4,0.1625,1200.0
Blue-winged Teal,5,1,May_W1,0.1370158,1394.0
Blue-winged Teal,5,2,May_W2,0.0767554,4130.0
Blue-winged Teal,5,3,May_W3,0.0854574,8788.0
Blue-winged Teal,5,4,May_W4,0.0848067,3337.0
Blue-winged Teal,6,1,Jun_W1,0.065285,965.0
Blue-winged Teal,6,2,Jun_W2,0.0686275,714.0
Blue-winged Teal,6,3,Jun_W3,0.0528846,624.0
Blue-winged Teal,6,4,Jun_W4,0.0582386,704.0
Blue-winged Teal,7,1,Jul_W1,0.0249458,922.0
Blue-winged Teal,7,2,Jul_W2,0.0323575,649.0
Blue-winged Teal,7,3,Jul_W3,0.0482375,539.0
Blue-winged Teal,7,4,Jul_W4,0.0740223,716.0
Blue-winged Teal,8,1,Aug_W1,0.1330869,541.0
Blue-winged Teal,8,2,Aug_W2,0.1077586,464.0
Blue-winged Teal,8,3,Aug_W3,0.1804788,543.0
Blue-winged Teal,8,4,Aug_W4,0.191906,766.0
Blue-winged Teal,9,1,Sep_W1,0.1802508,638.0
Blue-winged Teal,9,2,Sep_W2,0.1622642,530.0
Blue-winged Teal,9,3,Sep_W3,0.174,500.0
Blue-winged Teal,9,4,Sep_W4,0.1262458,602.0
Blue-winged Teal,10,1,Oct_W1,0.0793651,378.0
Blue-winged Teal,10,2,Oct_W2,0.0436782,435.0
Blue-winged Teal,10,3,Oct_W3,0.012987,385.0
Blue-winged Teal,10,4,Oct_W4,0.0077519,645.0
Blue-winged Teal,11,1,Nov_W1,0.0,434.0
Blue-winged Teal,11,2,Nov_W2,0.0,468.0
Blue-winged Teal,11,3,Nov_W3,0.0,441.0
Blue-winged Teal,11,4,Nov_W4,0.0,600.0
Blue-winged Teal,12,1,Dec_W1,0.0,446.0
Blue-winged Teal,12,2,Dec_W2,0.0,529.0
Blue-winged Teal,12,3,Dec_W3,0.0,552.0
Blue-winged Teal,12,4,Dec_W4,0.0,695.0
Northern Shoveler,1,1,Jan_W1,0.0,823.0
Northern Shoveler,1,2,Jan_W2,0.0,605.0
Northern Shoveler,1,3,Jan_W3,0.0,523.0
Northern Shoveler,1,4,Jan_W4,0.0,730.0
Northern Shoveler,2,1,Feb_W1,0.0,496.0
Northern Shoveler,2,2,Feb_W2,0.0,822.0
Northern Shoveler,2,3,Feb_W3,0.0,1575.0
Northern Shoveler,2,4,Feb_W4,0.0,612.0
Northern Shoveler,3,1,Mar_W1,0.0,608.0
Northern Shoveler,3,2,Mar_W2,0.0067568,740.0
Northern Shoveler,3,3,Mar_W3,0.0120301,665.0
Northern Shoveler,3,4,Mar_W4,0.0154211,843.0
Northern Shoveler,4,1,Apr_W1,0.0282638,743.0
Northern Shoveler,4,2,Apr_W2,0.0367454,762.0
Northern Shoveler,4,3,Apr_W3,0.04,775.0
Northern Shoveler,4,4,Apr_W4,0.0416667,1200.0
Northern Shoveler,5,1,May_W1,0.0215208,1394.0
Northern Shoveler,5,2,May_W2,0.0125908,4130.0
Northern Shoveler,5,3,May_W3,0.0093309,8788.0
Northern Shoveler,5,4,May_W4,0.0131855,3337.0
Northern Shoveler,6,1,Jun_W1,0.0051813,965.0
Northern Shoveler,6,2,Jun_W2,0.0,714.0
Northern Shoveler,6,3,Jun_W3,0.0016026,624.0
Northern Shoveler,6,4,Jun_W4,0.0,704.0
Northern Shoveler,7,1,Jul_W1,0.0010846,922.0
Northern Shoveler,7,2,Jul_W2,0.0,649.0
Northern Shoveler,7,3,Jul_W3,0.0,539.0
Northern Shoveler,7,4,Jul_W4,0.0,716.0
Northern Shoveler,8,1,Aug_W1,0.0,541.0
Northern Shoveler,8,2,Aug_W2,0.012931,464.0
Northern Shoveler,8,3,Aug_W3,0.0128913,543.0
Northern Shoveler,8,4,Aug_W4,0.0091384,766.0
Northern Shoveler,9,1,Sep_W1,0.0094044,638.0
Northern Shoveler,9,2,Sep_W2,0.0245283,530.0
Northern Shoveler,9,3,Sep_W3,0.02,500.0
Northern Shoveler,9,4,Sep_W4,0.0149502,602.0
Northern Shoveler,10,1,Oct_W1,0.0026455,378.0
Northern Shoveler,10,2,Oct_W2,0.0045977,435.0
Northern Shoveler,10,3,Oct_W3,0.0025974,385.0
Northern Shoveler,10,4,Oct_W4,0.0046512,645.0
Northern Shoveler,11,1,Nov_W1,0.0,434.0
Northern Shoveler,11,2,Nov_W2,0.0015,468.0
Northern Shoveler,11,3,Nov_W3,0.0,441.0
Northern Shoveler,11,4,Nov_W4,0.0,600.0
Northern Shoveler,12,1,Dec_W1,0.0,446.0
Northern Shoveler,12,2,Dec_W2,0.0,529.0
Northern Shoveler,12,3,Dec_W3,0.0018116,552.0
Northern Shoveler,12,4,Dec_W4,0.0,695.0
Gadwall,1,1,Jan_W1,0.0012151,823.0
Gadwall,1,2,Jan_W2,0.0016529,605.0
Gadwall,1,3,Jan_W3,0.0,523.0
Gadwall,1,4,Jan_W4,0.0013699,730.0
Gadwall,2,1,Feb_W1,0.0,496.0
Gadwall,2,2,Feb_W2,0.0024331,822.0
Gadwall,2,3,Feb_W3,0.0012698,1575.0
Gadwall,2,4,Feb_W4,0.0065359,612.0
Gadwall,3,1,Mar_W1,0.0032895,608.0
Gadwall,3,2,Mar_W2,0.0081081,740.0
Gadwall,3,3,Mar_W3,0.0195489,665.0
Gadwall,3,4,Mar_W4,0.0450771,843.0
Gadwall,4,1,Apr_W1,0.025572,743.0
Gadwall,4,2,Apr_W2,0.0433071,762.0
Gadwall,4,3,Apr_W3,0.0490323,775.0
Gadwall,4,4,Apr_W4,0.0533333,1200.0
Gadwall,5,1,May_W1,0.0251076,1394.0
Gadwall,5,2,May_W2,0.0130751,4130.0
Gadwall,5,3,May_W3,0.0088757,8788.0
Gadwall,5,4,May_W4,0.0056937,3337.0
Gadwall,6,1,Jun_W1,0.0020725,965.0
Gadwall,6,2,Jun_W2,0.0014006,714.0
Gadwall,6,3,Jun_W3,0.0,624.0
Gadwall,6,4,Jun_W4,0.0015,704.0
Gadwall,7,1,Jul_W1,0.0015,922.0
Gadwall,7,2,Jul_W2,0.0,649.0
Gadwall,7,3,Jul_W3,0.0037106,539.0
Gadwall,7,4,Jul_W4,0.0013966,716.0
Gadwall,8,1,Aug_W1,0.0018484,541.0
Gadwall,8,2,Aug_W2,0.0,464.0
Gadwall,8,3,Aug_W3,0.0015,543.0
Gadwall,8,4,Aug_W4,0.0052219,766.0
Gadwall,9,1,Sep_W1,0.0047022,638.0
Gadwall,9,2,Sep_W2,0.0037736,530.0
Gadwall,9,3,Sep_W3,0.01,500.0
Gadwall,9,4,Sep_W4,0.0116279,602.0
Gadwall,10,1,Oct_W1,0.010582,378.0
Gadwall,10,2,Oct_W2,0.0091954,435.0
Gadwall,10,3,Oct_W3,0.0207792,385.0
Gadwall,10,4,Oct_W4,0.0248062,645.0
Gadwall,11,1,Nov_W1,0.0069124,434.0
Gadwall,11,2,Nov_W2,0.0106838,468.0
Gadwall,11,3,Nov_W3,0.0045351,441.0
Gadwall,11,4,Nov_W4,0.0016667,600.0
Gadwall,12,1,Dec_W1,0.0,446.0
Gadwall,12,2,Dec_W2,0.0018904,529.0
Gadwall,12,3,Dec_W3,0.0126812,552.0
Gadwall,12,4,Dec_W4,0.0014388,695.0
Eurasian Wigeon,1,1,Jan_W1,0.0,823.0
Eurasian Wigeon,1,2,Jan_W2,0.0,605.0
Eurasian Wigeon,1,3,Jan_W3,0.0,523.0
Eurasian Wigeon,1,4,Jan_W4,0.0,730.0
Eurasian Wigeon,2,1,Feb_W1,0.0,496.0
Eurasian Wigeon,2,2,Feb_W2,0.0,822.0
Eurasian Wigeon,2,3,Feb_W3,0.0,1575.0
Eurasian Wigeon,2,4,Feb_W4,0.0,612.0
Eurasian Wigeon,3,1,Mar_W1,0.0,608.0
Eurasian Wigeon,3,2,Mar_W2,0.0,740.0
Eurasian Wigeon,3,3,Mar_W3,0.0090226,665.0
Eurasian Wigeon,3,4,Mar_W4,0.0035587,843.0
Eurasian Wigeon,4,1,Apr_W1,0.0,743.0
Eurasian Wigeon,4,2,Apr_W2,0.0,762.0
Eurasian Wigeon,4,3,Apr_W3,0.0,775.0
Eurasian Wigeon,4,4,Apr_W4,0.0,1200.0
Eurasian Wigeon,5,1,May_W1,0.0,1394.0
Eurasian Wigeon,5,2,May_W2,0.0,4130.0
Eurasian Wigeon,5,3,May_W3,0.0,8788.0
Eurasian Wigeon,5,4,May_W4,0.0,3337.0
Eurasian Wigeon,6,1,Jun_W1,0.0,965.0
Eurasian Wigeon,6,2,Jun_W2,0.0,714.0
Eurasian Wigeon,6,3,Jun_W3,0.0,624.0
Eurasian Wigeon,6,4,Jun_W4,0.0,704.0
Eurasian Wigeon,7,1,Jul_W1,0.0,922.0
Eurasian Wigeon,7,2,Jul_W2,0.0,649.0
Eurasian Wigeon,7,3,Jul_W3,0.0,539.0
Eurasian Wigeon,7,4,Jul_W4,0.0,716.0
Eurasian Wigeon,8,1,Aug_W1,0.0,541.0
Eurasian Wigeon,8,2,Aug_W2,0.0,464.0
Eurasian Wigeon,8,3,Aug_W3,0.0,543.0
Eurasian Wigeon,8,4,Aug_W4,0.0,766.0
Eurasian Wigeon,9,1,Sep_W1,0.0,638.0
Eurasian Wigeon,9,2,Sep_W2,0.0,530.0
Eurasian Wigeon,9,3,Sep_W3,0.0,500.0
Eurasian Wigeon,9,4,Sep_W4,0.0,602.0
Eurasian Wigeon,10,1,Oct_W1,0.0,378.0
Eurasian Wigeon,10,2,Oct_W2,0.0,435.0
Eurasian Wigeon,10,3,Oct_W3,0.0,385.0
Eurasian Wigeon,10,4,Oct_W4,0.0,645.0
Eurasian Wigeon,11,1,Nov_W1,0.0,434.0
Eurasian Wigeon,11,2,Nov_W2,0.0,468.0
Eurasian Wigeon,11,3,Nov_W3,0.0,441.0
Eurasian Wigeon,11,4,Nov_W4,0.0,600.0
Eurasian Wigeon,12,1,Dec_W1,0.0,446.0
Eurasian Wigeon,12,2,Dec_W2,0.0,529.0
Eurasian Wigeon,12,3,Dec_W3,0.0,552.0
Eurasian Wigeon,12,4,Dec_W4,0.0,695.0
American Wigeon,1,1,Jan_W1,0.0012151,823.0
American Wigeon,1,2,Jan_W2,0.0,605.0
American Wigeon,1,3,Jan_W3,0.0,523.0
American Wigeon,1,4,Jan_W4,0.0,730.0
American Wigeon,2,1,Feb_W1,0.0,496.0
American Wigeon,2,2,Feb_W2,0.0,822.0
American Wigeon,2,3,Feb_W3,0.0006349,1575.0
American Wigeon,2,4,Feb_W4,0.003268,612.0
American Wigeon,3,1,Mar_W1,0.0065789,608.0
American Wigeon,3,2,Mar_W2,0.0283784,740.0
American Wigeon,3,3,Mar_W3,0.0345865,665.0
American Wigeon,3,4,Mar_W4,0.0771056,843.0
American Wigeon,4,1,Apr_W1,0.0753701,743.0
American Wigeon,4,2,Apr_W2,0.0853018,762.0
American Wigeon,4,3,Apr_W3,0.0748387,775.0
American Wigeon,4,4,Apr_W4,0.0766667,1200.0
American Wigeon,5,1,May_W1,0.0301291,1394.0
American Wigeon,5,2,May_W2,0.0123487,4130.0
American Wigeon,5,3,May_W3,0.0030724,8788.0
American Wigeon,5,4,May_W4,0.002697,3337.0
American Wigeon,6,1,Jun_W1,0.0010363,965.0
American Wigeon,6,2,Jun_W2,0.0028011,714.0
American Wigeon,6,3,Jun_W3,0.0,624.0
American Wigeon,6,4,Jun_W4,0.0,704.0
American Wigeon,7,1,Jul_W1,0.0010846,922.0
American Wigeon,7,2,Jul_W2,0.0030817,649.0
American Wigeon,7,3,Jul_W3,0.0,539.0
American Wigeon,7,4,Jul_W4,0.0,716.0
American Wigeon,8,1,Aug_W1,0.0055453,541.0
American Wigeon,8,2,Aug_W2,0.0021552,464.0
American Wigeon,8,3,Aug_W3,0.0073665,543.0
American Wigeon,8,4,Aug_W4,0.0169713,766.0
American Wigeon,9,1,Sep_W1,0.0297806,638.0
American Wigeon,9,2,Sep_W2,0.0132075,530.0
American Wigeon,9,3,Sep_W3,0.028,500.0
American Wigeon,9,4,Sep_W4,0.0348837,602.0
American Wigeon,10,1,Oct_W1,0.042328,378.0
American Wigeon,10,2,Oct_W2,0.016092,435.0
American Wigeon,10,3,Oct_W3,0.0233766,385.0
American Wigeon,10,4,Oct_W4,0.0124031,645.0
American Wigeon,11,1,Nov_W1,0.0092166,434.0
American Wigeon,11,2,Nov_W2,0.0021368,468.0
American Wigeon,11,3,Nov_W3,0.0022676,441.0
American Wigeon,11,4,Nov_W4,0.0083333,600.0
American Wigeon,12,1,Dec_W1,0.0022422,446.0
American Wigeon,12,2,Dec_W2,0.0,529.0
American Wigeon,12,3,Dec_W3,0.0054348,552.0
American Wigeon,12,4,Dec_W4,0.0,695.0
Mallard,1,1,Jan_W1,0.2648846,823.0
Mallard,1,2,Jan_W2,0.1983471,605.0
Mallard,1,3,Jan_W3,0.1338432,523.0
Mallard,1,4,Jan_W4,0.1561644,730.0
Mallard,2,1,Feb_W1,0.1451613,496.0
Mallard,2,2,Feb_W2,0.1082725,822.0
Mallard,2,3,Feb_W3,0.1079365,1575.0
Mallard,2,4,Feb_W4,0.2794118,612.0
Mallard,3,1,Mar_W1,0.2467105,608.0
Mallard,3,2,Mar_W2,0.3689189,740.0
Mallard,3,3,Mar_W3,0.3774436,665.0
Mallard,3,4,Mar_W4,0.4673784,843.0
Mallard,4,1,Apr_W1,0.4253028,743.0
Mallard,4,2,Apr_W2,0.4343832,762.0
Mallard,4,3,Apr_W3,0.4490323,775.0
Mallard,4,4,Apr_W4,0.4508333,1200.0
Mallard,5,1,May_W1,0.5193687,1394.0
Mallard,5,2,May_W2,0.4895884,4130.0
Mallard,5,3,May_W3,0.5055758,8788.0
Mallard,5,4,May_W4,0.4905604,3337.0
Mallard,6,1,Jun_W1,0.4031088,965.0
Mallard,6,2,Jun_W2,0.2983193,714.0
Mallard,6,3,Jun_W3,0.3285256,624.0
Mallard,6,4,Jun_W4,0.2954545,704.0
Mallard,7,1,Jul_W1,0.2093275,922.0
Mallard,7,2,Jul_W2,0.2819723,649.0
Mallard,7,3,Jul_W3,0.2615955,539.0
Mallard,7,4,Jul_W4,0.3589385,716.0
Mallard,8,1,Aug_W1,0.3992606,541.0
Mallard,8,2,Aug_W2,0.3706897,464.0
Mallard,8,3,Aug_W3,0.3756906,543.0
Mallard,8,4,Aug_W4,0.4686684,766.0
Mallard,9,1,Sep_W1,0.4984326,638.0
Mallard,9,2,Sep_W2,0.4603774,530.0
Mallard,9,3,Sep_W3,0.444,500.0
Mallard,9,4,Sep_W4,0.3820598,602.0
Mallard,10,1,Oct_W1,0.3571429,378.0
Mallard,10,2,Oct_W2,0.3425287,435.0
Mallard,10,3,Oct_W3,0.425974,385.0
Mallard,10,4,Oct_W4,0.4356589,645.0
Mallard,11,1,Nov_W1,0.4078341,434.0
Mallard,11,2,Nov_W2,0.4487179,468.0
Mallard,11,3,Nov_W3,0.4172336,441.0
Mallard,11,4,Nov_W4,0.42,600.0
Mallard,12,1,Dec_W1,0.3363229,446.0
Mallard,12,2,Dec_W2,0.3327032,529.0
Mallard,12,3,Dec_W3,0.2753623,552.0
Mallard,12,4,Dec_W4,0.3007194,695.0
American Black Duck,1,1,Jan_W1,0.0704739,823.0
American Black Duck,1,2,Jan_W2,0.0694215,605.0
American Black Duck,1,3,Jan_W3,0.0382409,523.0
American Black Duck,1,4,Jan_W4,0.0479452,730.0
American Black Duck,2,1,Feb_W1,0.0524194,496.0
American Black Duck,2,2,Feb_W2,0.0413625,822.0
American Black Duck,2,3,Feb_W3,0.0234921,1575.0
American Black Duck,2,4,Feb_W4,0.127451,612.0
American Black Duck,3,1,Mar_W1,0.0986842,608.0
American Black Duck,3,2,Mar_W2,0.1067568,740.0
American Black Duck,3,3,Mar_W3,0.0962406,665.0
American Black Duck,3,4,Mar_W4,0.0818505,843.0
American Black Duck,4,1,Apr_W1,0.0605653,743.0
American Black Duck,4,2,Apr_W2,0.0472441,762.0
American Black Duck,4,3,Apr_W3,0.0219355,775.0
American Black Duck,4,4,Apr_W4,0.0158333,1200.0
American Black Duck,5,1,May_W1,0.0121951,1394.0
American Black Duck,5,2,May_W2,0.0043584,4130.0
American Black Duck,5,3,May_W3,0.0036413,8788.0
American Black Duck,5,4,May_W4,0.0053941,3337.0
American Black Duck,6,1,Jun_W1,0.0062176,965.0
American Black Duck,6,2,Jun_W2,0.0014006,714.0
American Black Duck,6,3,Jun_W3,0.0112179,624.0
American Black Duck,6,4,Jun_W4,0.0113636,704.0
American Black Duck,7,1,Jul_W1,0.0043384,922.0
American Black Duck,7,2,Jul_W2,0.0061633,649.0
American Black Duck,7,3,Jul_W3,0.0018553,539.0
American Black Duck,7,4,Jul_W4,0.0195531,716.0
American Black Duck,8,1,Aug_W1,0.012939,541.0
American Black Duck,8,2,Aug_W2,0.0280172,464.0
American Black Duck,8,3,Aug_W3,0.0570902,543.0
American Black Duck,8,4,Aug_W4,0.0639687,766.0
American Black Duck,9,1,Sep_W1,0.0344828,638.0
American Black Duck,9,2,Sep_W2,0.0283019,530.0
American Black Duck,9,3,Sep_W3,0.048,500.0
American Black Duck,9,4,Sep_W4,0.0398671,602.0
American Black Duck,10,1,Oct_W1,0.042328,378.0
American Black Duck,10,2,Oct_W2,0.0574713,435.0
American Black Duck,10,3,Oct_W3,0.0467532,385.0
American Black Duck,10,4,Oct_W4,0.0449612,645.0
American Black Duck,11,1,Nov_W1,0.0299539,434.0
American Black Duck,11,2,Nov_W2,0.0405983,468.0
American Black Duck,11,3,Nov_W3,0.0793651,441.0
American Black Duck,11,4,Nov_W4,0.06,600.0
American Black Duck,12,1,Dec_W1,0.0403587,446.0
American Black Duck,12,2,Dec_W2,0.0623819,529.0
American Black Duck,12,3,Dec_W3,0.0797101,552.0
American Black Duck,12,4,Dec_W4,0.0848921,695.0
Northern Pintail,1,1,Jan_W1,0.0012151,823.0
Northern Pintail,1,2,Jan_W2,0.0,605.0
Northern Pintail,1,3,Jan_W3,0.0015,523.0
Northern Pintail,1,4,Jan_W4,0.0,730.0
Northern Pintail,2,1,Feb_W1,0.0020161,496.0
Northern Pintail,2,2,Feb_W2,0.0,822.0
Northern Pintail,2,3,Feb_W3,0.0006349,1575.0
Northern Pintail,2,4,Feb_W4,0.0065359,612.0
Northern Pintail,3,1,Mar_W1,0.0148026,608.0
Northern Pintail,3,2,Mar_W2,0.0283784,740.0
Northern Pintail,3,3,Mar_W3,0.0210526,665.0
Northern Pintail,3,4,Mar_W4,0.0308422,843.0
Northern Pintail,4,1,Apr_W1,0.0148048,743.0
Northern Pintail,4,2,Apr_W2,0.0183727,762.0
Northern Pintail,4,3,Apr_W3,0.0245161,775.0
Northern Pintail,4,4,Apr_W4,0.0175,1200.0
Northern Pintail,5,1,May_W1,0.0043042,1394.0
Northern Pintail,5,2,May_W2,0.0050847,4130.0
Northern Pintail,5,3,May_W3,0.0001138,8788.0
Northern Pintail,5,4,May_W4,0.0002997,3337.0
Northern Pintail,6,1,Jun_W1,0.0015,965.0
Northern Pintail,6,2,Jun_W2,0.0,714.0
Northern Pintail,6,3,Jun_W3,0.0,624.0
Northern Pintail,6,4,Jun_W4,0.0,704.0
Northern Pintail,7,1,Jul_W1,0.0,922.0
Northern Pintail,7,2,Jul_W2,0.0,649.0
Northern Pintail,7,3,Jul_W3,0.0,539.0
Northern Pintail,7,4,Jul_W4,0.0,716.0
Northern Pintail,8,1,Aug_W1,0.0,541.0
Northern Pintail,8,2,Aug_W2,0.0021552,464.0
Northern Pintail,8,3,Aug_W3,0.0073665,543.0
Northern Pintail,8,4,Aug_W4,0.0052219,766.0
Northern Pintail,9,1,Sep_W1,0.007837,638.0
Northern Pintail,9,2,Sep_W2,0.0132075,530.0
Northern Pintail,9,3,Sep_W3,0.014,500.0
Northern Pintail,9,4,Sep_W4,0.0116279,602.0
Northern Pintail,10,1,Oct_W1,0.026455,378.0
Northern Pintail,10,2,Oct_W2,0.0183908,435.0
Northern Pintail,10,3,Oct_W3,0.0285714,385.0
Northern Pintail,10,4,Oct_W4,0.0108527,645.0
Northern Pintail,11,1,Nov_W1,0.0069124,434.0
Northern Pintail,11,2,Nov_W2,0.0149573,468.0
Northern Pintail,11,3,Nov_W3,0.0022676,441.0
Northern Pintail,11,4,Nov_W4,0.0016667,600.0
Northern Pintail,12,1,Dec_W1,0.0022422,446.0
Northern Pintail,12,2,Dec_W2,0.0056711,529.0
Northern Pintail,12,3,Dec_W3,0.0199275,552.0
Northern Pintail,12,4,Dec_W4,0.0100719,695.0
Green-winged Teal,1,1,Jan_W1,0.0012151,823.0
Green-winged Teal,1,2,Jan_W2,0.0,605.0
Green-winged Teal,1,3,Jan_W3,0.0,523.0
Green-winged Teal,1,4,Jan_W4,0.0,730.0
Green-winged Teal,2,1,Feb_W1,0.0,496.0
Green-winged Teal,2,2,Feb_W2,0.0,822.0
Green-winged Teal,2,3,Feb_W3,0.0,1575.0
Green-winged Teal,2,4,Feb_W4,0.0,612.0
Green-winged Teal,3,1,Mar_W1,0.0016447,608.0
Green-winged Teal,3,2,Mar_W2,0.0081081,740.0
Green-winged Teal,3,3,Mar_W3,0.0180451,665.0
Green-winged Teal,3,4,Mar_W4,0.0367734,843.0
Green-winged Teal,4,1,Apr_W1,0.0471063,743.0
Green-winged Teal,4,2,Apr_W2,0.0944882,762.0
Green-winged Teal,4,3,Apr_W3,0.0632258,775.0
Green-winged Teal,4,4,Apr_W4,0.0825,1200.0
Green-winged Teal,5,1,May_W1,0.045911,1394.0
Green-winged Teal,5,2,May_W2,0.0179177,4130.0
Green-winged Teal,5,3,May_W3,0.0122895,8788.0
Green-winged Teal,5,4,May_W4,0.0128858,3337.0
Green-winged Teal,6,1,Jun_W1,0.0227979,965.0
Green-winged Teal,6,2,Jun_W2,0.0154062,714.0
Green-winged Teal,6,3,Jun_W3,0.0128205,624.0
Green-winged Teal,6,4,Jun_W4,0.0127841,704.0
Green-winged Teal,7,1,Jul_W1,0.005423,922.0
Green-winged Teal,7,2,Jul_W2,0.0061633,649.0
Green-winged Teal,7,3,Jul_W3,0.0037106,539.0
Green-winged Teal,7,4,Jul_W4,0.0265363,716.0
Green-winged Teal,8,1,Aug_W1,0.0609982,541.0
Green-winged Teal,8,2,Aug_W2,0.0560345,464.0
Green-winged Teal,8,3,Aug_W3,0.0662983,543.0
Green-winged Teal,8,4,Aug_W4,0.1096606,766.0
Green-winged Teal,9,1,Sep_W1,0.1191223,638.0
Green-winged Teal,9,2,Sep_W2,0.109434,530.0
Green-winged Teal,9,3,Sep_W3,0.112,500.0
Green-winged Teal,9,4,Sep_W4,0.0847176,602.0
Green-winged Teal,10,1,Oct_W1,0.0952381,378.0
Green-winged Teal,10,2,Oct_W2,0.1011494,435.0
Green-winged Teal,10,3,Oct_W3,0.0467532,385.0
Green-winged Teal,10,4,Oct_W4,0.0449612,645.0
Green-winged Teal,11,1,Nov_W1,0.0276498,434.0
Green-winged Teal,11,2,Nov_W2,0.0106838,468.0
Green-winged Teal,11,3,Nov_W3,0.0022676,441.0
Green-winged Teal,11,4,Nov_W4,0.0083333,600.0
Green-winged Teal,12,1,Dec_W1,0.0022422,446.0
Green-winged Teal,12,2,Dec_W2,0.0,529.0
Green-winged Teal,12,3,Dec_W3,0.0,552.0
Green-winged Teal,12,4,Dec_W4,0.0014388,695.0
Canvasback,1,1,Jan_W1,0.0036452,823.0
Canvasback,1,2,Jan_W2,0.0033058,605.0
Canvasback,1,3,Jan_W3,0.0,523.0
Canvasback,1,4,Jan_W4,0.0,730.0
Canvasback,2,1,Feb_W1,0.0,496.0
Canvasback,2,2,Feb_W2,0.0,822.0
Canvasback,2,3,Feb_W3,0.0006349,1575.0
Canvasback,2,4,Feb_W4,0.004902,612.0
Canvasback,3,1,Mar_W1,0.0082237,608.0
Canvasback,3,2,Mar_W2,0.0364865,740.0
Canvasback,3,3,Mar_W3,0.0270677,665.0
Canvasback,3,4,Mar_W4,0.0450771,843.0
Canvasback,4,1,Apr_W1,0.0269179,743.0
Canvasback,4,2,Apr_W2,0.0209974,762.0
Canvasback,4,3,Apr_W3,0.0141935,775.0
Canvasback,4,4,Apr_W4,0.0033333,1200.0
Canvasback,5,1,May_W1,0.0028694,1394.0
Canvasback,5,2,May_W2,0.0009685,4130.0
Canvasback,5,3,May_W3,0.000569,8788.0
Canvasback,5,4,May_W4,0.000899,3337.0
Canvasback,6,1,Jun_W1,0.0010363,965.0
Canvasback,6,2,Jun_W2,0.0,714.0
Canvasback,6,3,Jun_W3,0.0,624.0
Canvasback,6,4,Jun_W4,0.0,704.0
Canvasback,7,1,Jul_W1,0.0,922.0
Canvasback,7,2,Jul_W2,0.0,649.0
Canvasback,7,3,Jul_W3,0.0,539.0
Canvasback,7,4,Jul_W4,0.0,716.0
Canvasback,8,1,Aug_W1,0.0,541.0
Canvasback,8,2,Aug_W2,0.0,464.0
Canvasback,8,3,Aug_W3,0.0018416,543.0
Canvasback,8,4,Aug_W4,0.0,766.0
Canvasback,9,1,Sep_W1,0.0,638.0
Canvasback,9,2,Sep_W2,0.0015,530.0
Canvasback,9,3,Sep_W3,0.0,500.0
Canvasback,9,4,Sep_W4,0.0,602.0
Canvasback,10,1,Oct_W1,0.0,378.0
Canvasback,10,2,Oct_W2,0.0068966,435.0
Canvasback,10,3,Oct_W3,0.0103896,385.0
Canvasback,10,4,Oct_W4,0.0232558,645.0
Canvasback,11,1,Nov_W1,0.0276498,434.0
Canvasback,11,2,Nov_W2,0.017094,468.0
Canvasback,11,3,Nov_W3,0.0204082,441.0
Canvasback,11,4,Nov_W4,0.0183333,600.0
Canvasback,12,1,Dec_W1,0.0089686,446.0
Canvasback,12,2,Dec_W2,0.0189036,529.0
Canvasback,12,3,Dec_W3,0.0054348,552.0
Canvasback,12,4,Dec_W4,0.0129496,695.0
Redhead,1,1,Jan_W1,0.0935601,823.0
Redhead,1,2,Jan_W2,0.061157,605.0
Redhead,1,3,Jan_W3,0.0305927,523.0
Redhead,1,4,Jan_W4,0.0273973,730.0
Redhead,2,1,Feb_W1,0.0201613,496.0
Redhead,2,2,Feb_W2,0.0170316,822.0
Redhead,2,3,Feb_W3,0.0152381,1575.0
Redhead,2,4,Feb_W4,0.0637255,612.0
Redhead,3,1,Mar_W1,0.0625,608.0
Redhead,3,2,Mar_W2,0.1162162,740.0
Redhead,3,3,Mar_W3,0.118797,665.0
Redhead,3,4,Mar_W4,0.1672598,843.0
Redhead,4,1,Apr_W1,0.1305518,743.0
Redhead,4,2,Apr_W2,0.144357,762.0
Redhead,4,3,Apr_W3,0.1393548,775.0
Redhead,4,4,Apr_W4,0.0691667,1200.0
Redhead,5,1,May_W1,0.0337159,1394.0
Redhead,5,2,May_W2,0.0208232,4130.0
Redhead,5,3,May_W3,0.0122895,8788.0
Redhead,5,4,May_W4,0.0056937,3337.0
Redhead,6,1,Jun_W1,0.0051813,965.0
Redhead,6,2,Jun_W2,0.0112045,714.0
Redhead,6,3,Jun_W3,0.0064103,624.0
Redhead,6,4,Jun_W4,0.0028409,704.0
Redhead,7,1,Jul_W1,0.0021692,922.0
Redhead,7,2,Jul_W2,0.0015408,649.0
Redhead,7,3,Jul_W3,0.0037106,539.0
Redhead,7,4,Jul_W4,0.0013966,716.0
Redhead,8,1,Aug_W1,0.0147874,541.0
Redhead,8,2,Aug_W2,0.0086207,464.0
Redhead,8,3,Aug_W3,0.0036832,543.0
Redhead,8,4,Aug_W4,0.002611,766.0
Redhead,9,1,Sep_W1,0.0015674,638.0
Redhead,9,2,Sep_W2,0.0075472,530.0
Redhead,9,3,Sep_W3,0.014,500.0
Redhead,9,4,Sep_W4,0.0581395,602.0
Redhead,10,1,Oct_W1,0.0714286,378.0
Redhead,10,2,Oct_W2,0.1034483,435.0
Redhead,10,3,Oct_W3,0.1792208,385.0
Redhead,10,4,Oct_W4,0.2232558,645.0
Redhead,11,1,Nov_W1,0.2096774,434.0
Redhead,11,2,Nov_W2,0.2200855,468.0
Redhead,11,3,Nov_W3,0.1972789,441.0
Redhead,11,4,Nov_W4,0.185,600.0
Redhead,12,1,Dec_W1,0.1008969,446.0
Redhead,12,2,Dec_W2,0.1304348,529.0
Redhead,12,3,Dec_W3,0.0833333,552.0
Redhead,12,4,Dec_W4,0.1208633,695.0
Ring-necked Duck,1,1,Jan_W1,0.0097205,823.0
Ring-necked Duck,1,2,Jan_W2,0.0033058,605.0
Ring-necked Duck,1,3,Jan_W3,0.0057361,523.0
Ring-necked Duck,1,4,Jan_W4,0.0136986,730.0
Ring-necked Duck,2,1,Feb_W1,0.0060484,496.0
Ring-necked Duck,2,2,Feb_W2,0.0012165,822.0
Ring-necked Duck,2,3,Feb_W3,0.0006349,1575.0
Ring-necked Duck,2,4,Feb_W4,0.0081699,612.0
Ring-necked Duck,3,1,Mar_W1,0.0098684,608.0
Ring-necked Duck,3,2,Mar_W2,0.0824324,740.0
Ring-necked Duck,3,3,Mar_W3,0.1233083,665.0
Ring-necked Duck,3,4,Mar_W4,0.1886121,843.0
Ring-necked Duck,4,1,Apr_W1,0.2139973,743.0
Ring-necked Duck,4,2,Apr_W2,0.2217848,762.0
Ring-necked Duck,4,3,Apr_W3,0.1832258,775.0
Ring-necked Duck,4,4,Apr_W4,0.1766667,1200.0
Ring-necked Duck,5,1,May_W1,0.1162123,1394.0
Ring-necked Duck,5,2,May_W2,0.0273608,4130.0
Ring-necked Duck,5,3,May_W3,0.0116067,8788.0
Ring-necked Duck,5,4,May_W4,0.0059934,3337.0
Ring-necked Duck,6,1,Jun_W1,0.0062176,965.0
Ring-necked Duck,6,2,Jun_W2,0.0042017,714.0
Ring-necked Duck,6,3,Jun_W3,0.0016026,624.0
Ring-necked Duck,6,4,Jun_W4,0.0028409,704.0
Ring-necked Duck,7,1,Jul_W1,0.0010846,922.0
Ring-necked Duck,7,2,Jul_W2,0.0061633,649.0
Ring-necked Duck,7,3,Jul_W3,0.0018553,539.0
Ring-necked Duck,7,4,Jul_W4,0.0069832,716.0
Ring-necked Duck,8,1,Aug_W1,0.0147874,541.0
Ring-necked Duck,8,2,Aug_W2,0.0193966,464.0
Ring-necked Duck,8,3,Aug_W3,0.0165746,543.0
Ring-necked Duck,8,4,Aug_W4,0.0300261,766.0
Ring-necked Duck,9,1,Sep_W1,0.0125392,638.0
Ring-necked Duck,9,2,Sep_W2,0.0150943,530.0
Ring-necked Duck,9,3,Sep_W3,0.008,500.0
Ring-necked Duck,9,4,Sep_W4,0.0182724,602.0
Ring-necked Duck,10,1,Oct_W1,0.047619,378.0
Ring-necked Duck,10,2,Oct_W2,0.0505747,435.0
Ring-necked Duck,10,3,Oct_W3,0.0285714,385.0
Ring-necked Duck,10,4,Oct_W4,0.0232558,645.0
Ring-necked Duck,11,1,Nov_W1,0.0230415,434.0
Ring-necked Duck,11,2,Nov_W2,0.017094,468.0
Ring-necked Duck,11,3,Nov_W3,0.0249433,441.0
Ring-necked Duck,11,4,Nov_W4,0.01,600.0
Ring-necked Duck,12,1,Dec_W1,0.0179372,446.0
Ring-necked Duck,12,2,Dec_W2,0.0113422,529.0
Ring-necked Duck,12,3,Dec_W3,0.0253623,552.0
Ring-necked Duck,12,4,Dec_W4,0.0115108,695.0
Greater Scaup,1,1,Jan_W1,0.0145808,823.0
Greater Scaup,1,2,Jan_W2,0.0099174,605.0
Greater Scaup,1,3,Jan_W3,0.0210325,523.0
Greater Scaup,1,4,Jan_W4,0.0205479,730.0
Greater Scaup,2,1,Feb_W1,0.0120968,496.0
Greater Scaup,2,2,Feb_W2,0.0145985,822.0
Greater Scaup,2,3,Feb_W3,0.0152381,1575.0
Greater Scaup,2,4,Feb_W4,0.0522876,612.0
Greater Scaup,3,1,Mar_W1,0.0476974,608.0
Greater Scaup,3,2,Mar_W2,0.0567568,740.0
Greater Scaup,3,3,Mar_W3,0.0360902,665.0
Greater Scaup,3,4,Mar_W4,0.0901542,843.0
Greater Scaup,4,1,Apr_W1,0.076716,743.0
Greater Scaup,4,2,Apr_W2,0.0774278,762.0
Greater Scaup,4,3,Apr_W3,0.1135484,775.0
Greater Scaup,4,4,Apr_W4,0.0666667,1200.0
Greater Scaup,5,1,May_W1,0.0301291,1394.0
Greater Scaup,5,2,May_W2,0.009201,4130.0
Greater Scaup,5,3,May_W3,0.004893,8788.0
Greater Scaup,5,4,May_W4,0.0044951,3337.0
Greater Scaup,6,1,Jun_W1,0.0031088,965.0
Greater Scaup,6,2,Jun_W2,0.0028011,714.0
Greater Scaup,6,3,Jun_W3,0.0016026,624.0
Greater Scaup,6,4,Jun_W4,0.0028409,704.0
Greater Scaup,7,1,Jul_W1,0.0,922.0
Greater Scaup,7,2,Jul_W2,0.0015,649.0
Greater Scaup,7,3,Jul_W3,0.0,539.0
Greater Scaup,7,4,Jul_W4,0.0041899,716.0
Greater Scaup,8,1,Aug_W1,0.0018484,541.0
Greater Scaup,8,2,Aug_W2,0.0,464.0
Greater Scaup,8,3,Aug_W3,0.0,543.0
Greater Scaup,8,4,Aug_W4,0.0,766.0
Greater Scaup,9,1,Sep_W1,0.0,638.0
Greater Scaup,9,2,Sep_W2,0.0037736,530.0
Greater Scaup,9,3,Sep_W3,0.008,500.0
Greater Scaup,9,4,Sep_W4,0.0232558,602.0
Greater Scaup,10,1,Oct_W1,0.0555556,378.0
Greater Scaup,10,2,Oct_W2,0.0528736,435.0
Greater Scaup,10,3,Oct_W3,0.1064935,385.0
Greater Scaup,10,4,Oct_W4,0.1085271,645.0
Greater Scaup,11,1,Nov_W1,0.0967742,434.0
Greater Scaup,11,2,Nov_W2,0.1111111,468.0
Greater Scaup,11,3,Nov_W3,0.0884354,441.0
Greater Scaup,11,4,Nov_W4,0.03,600.0
Greater Scaup,12,1,Dec_W1,0.0224215,446.0
Greater Scaup,12,2,Dec_W2,0.0132325,529.0
Greater Scaup,12,3,Dec_W3,0.0181159,552.0
Greater Scaup,12,4,Dec_W4,0.0115108,695.0
Lesser Scaup,1,1,Jan_W1,0.0060753,823.0
Lesser Scaup,1,2,Jan_W2,0.0049587,605.0
Lesser Scaup,1,3,Jan_W3,0.0,523.0
Lesser Scaup,1,4,Jan_W4,0.0013699,730.0
Lesser Scaup,2,1,Feb_W1,0.0,496.0
Lesser Scaup,2,2,Feb_W2,0.0,822.0
Lesser Scaup,2,3,Feb_W3,0.0012698,1575.0
Lesser Scaup,2,4,Feb_W4,0.0130719,612.0
Lesser Scaup,3,1,Mar_W1,0.0115132,608.0
Lesser Scaup,3,2,Mar_W2,0.0337838,740.0
Lesser Scaup,3,3,Mar_W3,0.0496241,665.0
Lesser Scaup,3,4,Mar_W4,0.0877817,843.0
Lesser Scaup,4,1,Apr_W1,0.0578735,743.0
Lesser Scaup,4,2,Apr_W2,0.0669291,762.0
Lesser Scaup,4,3,Apr_W3,0.083871,775.0
Lesser Scaup,4,4,Apr_W4,0.0825,1200.0
Lesser Scaup,5,1,May_W1,0.0681492,1394.0
Lesser Scaup,5,2,May_W2,0.0266344,4130.0
Lesser Scaup,5,3,May_W3,0.0150205,8788.0
Lesser Scaup,5,4,May_W4,0.0038957,3337.0
Lesser Scaup,6,1,Jun_W1,0.0031088,965.0
Lesser Scaup,6,2,Jun_W2,0.0,714.0
Lesser Scaup,6,3,Jun_W3,0.0016026,624.0
Lesser Scaup,6,4,Jun_W4,0.0,704.0
Lesser Scaup,7,1,Jul_W1,0.0,922.0
Lesser Scaup,7,2,Jul_W2,0.0,649.0
Lesser Scaup,7,3,Jul_W3,0.0,539.0
Lesser Scaup,7,4,Jul_W4,0.0,716.0
Lesser Scaup,8,1,Aug_W1,0.0,541.0
Lesser Scaup,8,2,Aug_W2,0.0,464.0
Lesser Scaup,8,3,Aug_W3,0.0036832,543.0
Lesser Scaup,8,4,Aug_W4,0.0,766.0
Lesser Scaup,9,1,Sep_W1,0.0,638.0
Lesser Scaup,9,2,Sep_W2,0.0037736,530.0
Lesser Scaup,9,3,Sep_W3,0.0015,500.0
Lesser Scaup,9,4,Sep_W4,0.013289,602.0
Lesser Scaup,10,1,Oct_W1,0.021164,378.0
Lesser Scaup,10,2,Oct_W2,0.0229885,435.0
Lesser Scaup,10,3,Oct_W3,0.0363636,385.0
Lesser Scaup,10,4,Oct_W4,0.0449612,645.0
Lesser Scaup,11,1,Nov_W1,0.0230415,434.0
Lesser Scaup,11,2,Nov_W2,0.0213675,468.0
Lesser Scaup,11,3,Nov_W3,0.0204082,441.0
Lesser Scaup,11,4,Nov_W4,0.01,600.0
Lesser Scaup,12,1,Dec_W1,0.0112108,446.0
Lesser Scaup,12,2,Dec_W2,0.0113422,529.0
Lesser Scaup,12,3,Dec_W3,0.009058,552.0
Lesser Scaup,12,4,Dec_W4,0.0172662,695.0
King Eider,1,1,Jan_W1,0.0,823.0
King Eider,1,2,Jan_W2,0.0,605.0
King Eider,1,3,Jan_W3,0.0,523.0
King Eider,1,4,Jan_W4,0.0,730.0
King Eider,2,1,Feb_W1,0.0,496.0
King Eider,2,2,Feb_W2,0.0,822.0
King Eider,2,3,Feb_W3,0.0,1575.0
King Eider,2,4,Feb_W4,0.0,612.0
King Eider,3,1,Mar_W1,0.0,608.0
King Eider,3,2,Mar_W2,0.0,740.0
King Eider,3,3,Mar_W3,0.0,665.0
King Eider,3,4,Mar_W4,0.0,843.0
King Eider,4,1,Apr_W1,0.0,743.0
King Eider,4,2,Apr_W2,0.0,762.0
King Eider,4,3,Apr_W3,0.0,775.0
King Eider,4,4,Apr_W4,0.0,1200.0
King Eider,5,1,May_W1,0.0,1394.0
King Eider,5,2,May_W2,0.0,4130.0
King Eider,5,3,May_W3,0.0,8788.0
King Eider,5,4,May_W4,0.0,3337.0
King Eider,6,1,Jun_W1,0.0,965.0
King Eider,6,2,Jun_W2,0.0,714.0
King Eider,6,3,Jun_W3,0.0,624.0
King Eider,6,4,Jun_W4,0.0,704.0
King Eider,7,1,Jul_W1,0.0,922.0
King Eider,7,2,Jul_W2,0.0,649.0
King Eider,7,3,Jul_W3,0.0,539.0
King Eider,7,4,Jul_W4,0.0,716.0
King Eider,8,1,Aug_W1,0.0,541.0
King Eider,8,2,Aug_W2,0.0,464.0
King Eider,8,3,Aug_W3,0.0,543.0
King Eider,8,4,Aug_W4,0.0,766.0
King Eider,9,1,Sep_W1,0.0,638.0
King Eider,9,2,Sep_W2,0.0,530.0
King Eider,9,3,Sep_W3,0.0,500.0
King Eider,9,4,Sep_W4,0.0,602.0
King Eider,10,1,Oct_W1,0.0,378.0
King Eider,10,2,Oct_W2,0.0,435.0
King Eider,10,3,Oct_W3,0.0,385.0
King Eider,10,4,Oct_W4,0.0,645.0
King Eider,11,1,Nov_W1,0.0,434.0
King Eider,11,2,Nov_W2,0.0,468.0
King Eider,11,3,Nov_W3,0.0,441.0
King Eider,11,4,Nov_W4,0.045,600.0
King Eider,12,1,Dec_W1,0.0067265,446.0
King Eider,12,2,Dec_W2,0.0,529.0
King Eider,12,3,Dec_W3,0.0,552.0
King Eider,12,4,Dec_W4,0.0,695.0
Harlequin Duck,1,1,Jan_W1,0.0060753,823.0
Harlequin Duck,1,2,Jan_W2,0.0,605.0
Harlequin Duck,1,3,Jan_W3,0.001912,523.0
Harlequin Duck,1,4,Jan_W4,0.0,730.0
Harlequin Duck,2,1,Feb_W1,0.0,496.0
Harlequin Duck,2,2,Feb_W2,0.0,822.0
Harlequin Duck,2,3,Feb_W3,0.0,1575.0
Harlequin Duck,2,4,Feb_W4,0.0,612.0
Harlequin Duck,3,1,Mar_W1,0.0049342,608.0
Harlequin Duck,3,2,Mar_W2,0.0094595,740.0
Harlequin Duck,3,3,Mar_W3,0.006015,665.0
Harlequin Duck,3,4,Mar_W4,0.0,843.0
Harlequin Duck,4,1,Apr_W1,0.0,743.0
Harlequin Duck,4,2,Apr_W2,0.0,762.0
Harlequin Duck,4,3,Apr_W3,0.0,775.0
Harlequin Duck,4,4,Apr_W4,0.0,1200.0
Harlequin Duck,5,1,May_W1,0.0,1394.0
Harlequin Duck,5,2,May_W2,0.0,4130.0
Harlequin Duck,5,3,May_W3,0.0,8788.0
Harlequin Duck,5,4,May_W4,0.0,3337.0
Harlequin Duck,6,1,Jun_W1,0.0,965.0
Harlequin Duck,6,2,Jun_W2,0.0,714.0
Harlequin Duck,6,3,Jun_W3,0.0,624.0
Harlequin Duck,6,4,Jun_W4,0.0,704.0
Harlequin Duck,7,1,Jul_W1,0.0,922.0
Harlequin Duck,7,2,Jul_W2,0.0,649.0
Harlequin Duck,7,3,Jul_W3,0.0,539.0
Harlequin Duck,7,4,Jul_W4,0.0,716.0
Harlequin Duck,8,1,Aug_W1,0.0,541.0
Harlequin Duck,8,2,Aug_W2,0.0,464.0
Harlequin Duck,8,3,Aug_W3,0.0,543.0
Harlequin Duck,8,4,Aug_W4,0.0,766.0
Harlequin Duck,9,1,Sep_W1,0.0,638.0
Harlequin Duck,9,2,Sep_W2,0.0,530.0
Harlequin Duck,9,3,Sep_W3,0.0,500.0
Harlequin Duck,9,4,Sep_W4,0.0,602.0
Harlequin Duck,10,1,Oct_W1,0.0,378.0
Harlequin Duck,10,2,Oct_W2,0.0,435.0
Harlequin Duck,10,3,Oct_W3,0.0,385.0
Harlequin Duck,10,4,Oct_W4,0.0031008,645.0
Harlequin Duck,11,1,Nov_W1,0.0,434.0
Harlequin Duck,11,2,Nov_W2,0.0,468.0
Harlequin Duck,11,3,Nov_W3,0.0,441.0
Harlequin Duck,11,4,Nov_W4,0.0233333,600.0
Harlequin Duck,12,1,Dec_W1,0.0067265,446.0
Harlequin Duck,12,2,Dec_W2,0.0302457,529.0
Harlequin Duck,12,3,Dec_W3,0.0072464,552.0
Harlequin Duck,12,4,Dec_W4,0.018705,695.0
Surf Scoter,1,1,Jan_W1,0.0012151,823.0
Surf Scoter,1,2,Jan_W2,0.0016529,605.0
Surf Scoter,1,3,Jan_W3,0.0,523.0
Surf Scoter,1,4,Jan_W4,0.0,730.0
Surf Scoter,2,1,Feb_W1,0.0,496.0
Surf Scoter,2,2,Feb_W2,0.0,822.0
Surf Scoter,2,3,Feb_W3,0.0,1575.0
Surf Scoter,2,4,Feb_W4,0.0,612.0
Surf Scoter,3,1,Mar_W1,0.0015,608.0
Surf Scoter,3,2,Mar_W2,0.0013514,740.0
Surf Scoter,3,3,Mar_W3,0.0015038,665.0
Surf Scoter,3,4,Mar_W4,0.0,843.0
Surf Scoter,4,1,Apr_W1,0.0,743.0
Surf Scoter,4,2,Apr_W2,0.0,762.0
Surf Scoter,4,3,Apr_W3,0.0,775.0
Surf Scoter,4,4,Apr_W4,0.0041667,1200.0
Surf Scoter,5,1,May_W1,0.0,1394.0
Surf Scoter,5,2,May_W2,0.0016949,4130.0
Surf Scoter,5,3,May_W3,0.0029586,8788.0
Surf Scoter,5,4,May_W4,0.0,3337.0
Surf Scoter,6,1,Jun_W1,0.0010363,965.0
Surf Scoter,6,2,Jun_W2,0.0,714.0
Surf Scoter,6,3,Jun_W3,0.0,624.0
Surf Scoter,6,4,Jun_W4,0.0,704.0
Surf Scoter,7,1,Jul_W1,0.0,922.0
Surf Scoter,7,2,Jul_W2,0.0,649.0
Surf Scoter,7,3,Jul_W3,0.0,539.0
Surf Scoter,7,4,Jul_W4,0.0,716.0
Surf Scoter,8,1,Aug_W1,0.0,541.0
Surf Scoter,8,2,Aug_W2,0.0,464.0
Surf Scoter,8,3,Aug_W3,0.0,543.0
Surf Scoter,8,4,Aug_W4,0.0,766.0
Surf Scoter,9,1,Sep_W1,0.0,638.0
Surf Scoter,9,2,Sep_W2,0.0,530.0
Surf Scoter,9,3,Sep_W3,0.0,500.0
Surf Scoter,9,4,Sep_W4,0.0016611,602.0
Surf Scoter,10,1,Oct_W1,0.021164,378.0
Surf Scoter,10,2,Oct_W2,0.0344828,435.0
Surf Scoter,10,3,Oct_W3,0.0883117,385.0
Surf Scoter,10,4,Oct_W4,0.1100775,645.0
Surf Scoter,11,1,Nov_W1,0.0576037,434.0
Surf Scoter,11,2,Nov_W2,0.0491453,468.0
Surf Scoter,11,3,Nov_W3,0.0453515,441.0
Surf Scoter,11,4,Nov_W4,0.0316667,600.0
Surf Scoter,12,1,Dec_W1,0.0112108,446.0
Surf Scoter,12,2,Dec_W2,0.0037807,529.0
Surf Scoter,12,3,Dec_W3,0.0054348,552.0
Surf Scoter,12,4,Dec_W4,0.0,695.0
White-winged Scoter,1,1,Jan_W1,0.0060753,823.0
White-winged Scoter,1,2,Jan_W2,0.0231405,605.0
White-winged Scoter,1,3,Jan_W3,0.0172084,523.0
White-winged Scoter,1,4,Jan_W4,0.0027397,730.0
White-winged Scoter,2,1,Feb_W1,0.0060484,496.0
White-winged Scoter,2,2,Feb_W2,0.0036496,822.0
White-winged Scoter,2,3,Feb_W3,0.0063492,1575.0
White-winged Scoter,2,4,Feb_W4,0.0114379,612.0
White-winged Scoter,3,1,Mar_W1,0.0213816,608.0
White-winged Scoter,3,2,Mar_W2,0.0121622,740.0
White-winged Scoter,3,3,Mar_W3,0.0045113,665.0
White-winged Scoter,3,4,Mar_W4,0.0189798,843.0
White-winged Scoter,4,1,Apr_W1,0.0080754,743.0
White-winged Scoter,4,2,Apr_W2,0.0209974,762.0
White-winged Scoter,4,3,Apr_W3,0.0129032,775.0
White-winged Scoter,4,4,Apr_W4,0.0183333,1200.0
White-winged Scoter,5,1,May_W1,0.0050215,1394.0
White-winged Scoter,5,2,May_W2,0.0099274,4130.0
White-winged Scoter,5,3,May_W3,0.0133136,8788.0
White-winged Scoter,5,4,May_W4,0.0029967,3337.0
White-winged Scoter,6,1,Jun_W1,0.0020725,965.0
White-winged Scoter,6,2,Jun_W2,0.0,714.0
White-winged Scoter,6,3,Jun_W3,0.0,624.0
White-winged Scoter,6,4,Jun_W4,0.0,704.0
White-winged Scoter,7,1,Jul_W1,0.0,922.0
White-winged Scoter,7,2,Jul_W2,0.0,649.0
White-winged Scoter,7,3,Jul_W3,0.0,539.0
White-winged Scoter,7,4,Jul_W4,0.0,716.0
White-winged Scoter,8,1,Aug_W1,0.0015,541.0
White-winged Scoter,8,2,Aug_W2,0.0,464.0
White-winged Scoter,8,3,Aug_W3,0.0,543.0
White-winged Scoter,8,4,Aug_W4,0.0013055,766.0
White-winged Scoter,9,1,Sep_W1,0.0,638.0
White-winged Scoter,9,2,Sep_W2,0.0015,530.0
White-winged Scoter,9,3,Sep_W3,0.004,500.0
White-winged Scoter,9,4,Sep_W4,0.0083056,602.0
White-winged Scoter,10,1,Oct_W1,0.0132275,378.0
White-winged Scoter,10,2,Oct_W2,0.0275862,435.0
White-winged Scoter,10,3,Oct_W3,0.0883117,385.0
White-winged Scoter,10,4,Oct_W4,0.1209302,645.0
White-winged Scoter,11,1,Nov_W1,0.1013825,434.0
White-winged Scoter,11,2,Nov_W2,0.0982906,468.0
White-winged Scoter,11,3,Nov_W3,0.0884354,441.0
White-winged Scoter,11,4,Nov_W4,0.0583333,600.0
White-winged Scoter,12,1,Dec_W1,0.0381166,446.0
White-winged Scoter,12,2,Dec_W2,0.0415879,529.0
White-winged Scoter,12,3,Dec_W3,0.0163043,552.0
White-winged Scoter,12,4,Dec_W4,0.0143885,695.0
Black Scoter,1,1,Jan_W1,0.0012151,823.0
Black Scoter,1,2,Jan_W2,0.0,605.0
Black Scoter,1,3,Jan_W3,0.0,523.0
Black Scoter,1,4,Jan_W4,0.0,730.0
Black Scoter,2,1,Feb_W1,0.0,496.0
Black Scoter,2,2,Feb_W2,0.0,822.0
Black Scoter,2,3,Feb_W3,0.0,1575.0
Black Scoter,2,4,Feb_W4,0.0,612.0
Black Scoter,3,1,Mar_W1,0.0,608.0
Black Scoter,3,2,Mar_W2,0.0,740.0
Black Scoter,3,3,Mar_W3,0.0015038,665.0
Black Scoter,3,4,Mar_W4,0.0,843.0
Black Scoter,4,1,Apr_W1,0.0013459,743.0
Black Scoter,4,2,Apr_W2,0.0,762.0
Black Scoter,4,3,Apr_W3,0.0,775.0
Black Scoter,4,4,Apr_W4,0.0,1200.0
Black Scoter,5,1,May_W1,0.0,1394.0
Black Scoter,5,2,May_W2,0.0,4130.0
Black Scoter,5,3,May_W3,0.0003414,8788.0
Black Scoter,5,4,May_W4,0.0,3337.0
Black Scoter,6,1,Jun_W1,0.0,965.0
Black Scoter,6,2,Jun_W2,0.0,714.0
Black Scoter,6,3,Jun_W3,0.0,624.0
Black Scoter,6,4,Jun_W4,0.0,704.0
Black Scoter,7,1,Jul_W1,0.0,922.0
Black Scoter,7,2,Jul_W2,0.0,649.0
Black Scoter,7,3,Jul_W3,0.0,539.0
Black Scoter,7,4,Jul_W4,0.0,716.0
Black Scoter,8,1,Aug_W1,0.0,541.0
Black Scoter,8,2,Aug_W2,0.0,464.0
Black Scoter,8,3,Aug_W3,0.0,543.0
Black Scoter,8,4,Aug_W4,0.0,766.0
Black Scoter,9,1,Sep_W1,0.0,638.0
Black Scoter,9,2,Sep_W2,0.0,530.0
Black Scoter,9,3,Sep_W3,0.0,500.0
Black Scoter,9,4,Sep_W4,0.0016611,602.0
Black Scoter,10,1,Oct_W1,0.0026455,378.0
Black Scoter,10,2,Oct_W2,0.0045977,435.0
Black Scoter,10,3,Oct_W3,0.038961,385.0
Black Scoter,10,4,Oct_W4,0.0573643,645.0
Black Scoter,11,1,Nov_W1,0.0552995,434.0
Black Scoter,11,2,Nov_W2,0.0384615,468.0
Black Scoter,11,3,Nov_W3,0.0362812,441.0
Black Scoter,11,4,Nov_W4,0.01,600.0
Black Scoter,12,1,Dec_W1,0.0067265,446.0
Black Scoter,12,2,Dec_W2,0.0,529.0
Black Scoter,12,3,Dec_W3,0.0036232,552.0
Black Scoter,12,4,Dec_W4,0.0,695.0
Long-tailed Duck,1,1,Jan_W1,0.1652491,823.0
Long-tailed Duck,1,2,Jan_W2,0.185124,605.0
Long-tailed Duck,1,3,Jan_W3,0.1376673,523.0
Long-tailed Duck,1,4,Jan_W4,0.1465753,730.0
Long-tailed Duck,2,1,Feb_W1,0.1330645,496.0
Long-tailed Duck,2,2,Feb_W2,0.080292,822.0
Long-tailed Duck,2,3,Feb_W3,0.0520635,1575.0
Long-tailed Duck,2,4,Feb_W4,0.129085,612.0
Long-tailed Duck,3,1,Mar_W1,0.1595395,608.0
Long-tailed Duck,3,2,Mar_W2,0.1486486,740.0
Long-tailed Duck,3,3,Mar_W3,0.112782,665.0
Long-tailed Duck,3,4,Mar_W4,0.1530249,843.0
Long-tailed Duck,4,1,Apr_W1,0.076716,743.0
Long-tailed Duck,4,2,Apr_W2,0.1023622,762.0
Long-tailed Duck,4,3,Apr_W3,0.0941935,775.0
Long-tailed Duck,4,4,Apr_W4,0.0758333,1200.0
Long-tailed Duck,5,1,May_W1,0.0523673,1394.0
Long-tailed Duck,5,2,May_W2,0.0256659,4130.0
Long-tailed Duck,5,3,May_W3,0.0252617,8788.0
Long-tailed Duck,5,4,May_W4,0.003596,3337.0
Long-tailed Duck,6,1,Jun_W1,0.0020725,965.0
Long-tailed Duck,6,2,Jun_W2,0.0,714.0
Long-tailed Duck,6,3,Jun_W3,0.0016026,624.0
Long-tailed Duck,6,4,Jun_W4,0.0,704.0
Long-tailed Duck,7,1,Jul_W1,0.0,922.0
Long-tailed Duck,7,2,Jul_W2,0.0,649.0
Long-tailed Duck,7,3,Jul_W3,0.0,539.0
Long-tailed Duck,7,4,Jul_W4,0.0041899,716.0
Long-tailed Duck,8,1,Aug_W1,0.0055453,541.0
Long-tailed Duck,8,2,Aug_W2,0.0043103,464.0
Long-tailed Duck,8,3,Aug_W3,0.0128913,543.0
Long-tailed Duck,8,4,Aug_W4,0.0052219,766.0
Long-tailed Duck,9,1,Sep_W1,0.0015674,638.0
Long-tailed Duck,9,2,Sep_W2,0.0056604,530.0
Long-tailed Duck,9,3,Sep_W3,0.01,500.0
Long-tailed Duck,9,4,Sep_W4,0.0099668,602.0
Long-tailed Duck,10,1,Oct_W1,0.0026455,378.0
Long-tailed Duck,10,2,Oct_W2,0.0183908,435.0
Long-tailed Duck,10,3,Oct_W3,0.0441558,385.0
Long-tailed Duck,10,4,Oct_W4,0.1581395,645.0
Long-tailed Duck,11,1,Nov_W1,0.2903226,434.0
Long-tailed Duck,11,2,Nov_W2,0.3012821,468.0
Long-tailed Duck,11,3,Nov_W3,0.3378685,441.0
Long-tailed Duck,11,4,Nov_W4,0.3616667,600.0
Long-tailed Duck,12,1,Dec_W1,0.3520179,446.0
Long-tailed Duck,12,2,Dec_W2,0.2816635,529.0
Long-tailed Duck,12,3,Dec_W3,0.2282609,552.0
Long-tailed Duck,12,4,Dec_W4,0.2705036,695.0
Bufflehead,1,1,Jan_W1,0.1591738,823.0
Bufflehead,1,2,Jan_W2,0.1322314,605.0
Bufflehead,1,3,Jan_W3,0.0994264,523.0
Bufflehead,1,4,Jan_W4,0.0958904,730.0
Bufflehead,2,1,Feb_W1,0.0705645,496.0
Bufflehead,2,2,Feb_W2,0.0474453,822.0
Bufflehead,2,3,Feb_W3,0.0514286,1575.0
Bufflehead,2,4,Feb_W4,0.0947712,612.0
Bufflehead,3,1,Mar_W1,0.1167763,608.0
Bufflehead,3,2,Mar_W2,0.2162162,740.0
Bufflehead,3,3,Mar_W3,0.2616541,665.0
Bufflehead,3,4,Mar_W4,0.4116251,843.0
Bufflehead,4,1,Apr_W1,0.4414536,743.0
Bufflehead,4,2,Apr_W2,0.4698163,762.0
Bufflehead,4,3,Apr_W3,0.4683871,775.0
Bufflehead,4,4,Apr_W4,0.4125,1200.0
Bufflehead,5,1,May_W1,0.3436155,1394.0
Bufflehead,5,2,May_W2,0.1312349,4130.0
Bufflehead,5,3,May_W3,0.0217342,8788.0
Bufflehead,5,4,May_W4,0.0029967,3337.0
Bufflehead,6,1,Jun_W1,0.0041451,965.0
Bufflehead,6,2,Jun_W2,0.0084034,714.0
Bufflehead,6,3,Jun_W3,0.0080128,624.0
Bufflehead,6,4,Jun_W4,0.0,704.0
Bufflehead,7,1,Jul_W1,0.0,922.0
Bufflehead,7,2,Jul_W2,0.0,649.0
Bufflehead,7,3,Jul_W3,0.0,539.0
Bufflehead,7,4,Jul_W4,0.0013966,716.0
Bufflehead,8,1,Aug_W1,0.0,541.0
Bufflehead,8,2,Aug_W2,0.0,464.0
Bufflehead,8,3,Aug_W3,0.0,543.0
Bufflehead,8,4,Aug_W4,0.0,766.0
Bufflehead,9,1,Sep_W1,0.0015674,638.0
Bufflehead,9,2,Sep_W2,0.0,530.0
Bufflehead,9,3,Sep_W3,0.0,500.0
Bufflehead,9,4,Sep_W4,0.0033223,602.0
Bufflehead,10,1,Oct_W1,0.0026455,378.0
Bufflehead,10,2,Oct_W2,0.016092,435.0
Bufflehead,10,3,Oct_W3,0.0961039,385.0
Bufflehead,10,4,Oct_W4,0.2651163,645.0
Bufflehead,11,1,Nov_W1,0.3917051,434.0
Bufflehead,11,2,Nov_W2,0.491453,468.0
Bufflehead,11,3,Nov_W3,0.4512472,441.0
Bufflehead,11,4,Nov_W4,0.4333333,600.0
Bufflehead,12,1,Dec_W1,0.3632287,446.0
Bufflehead,12,2,Dec_W2,0.289225,529.0
Bufflehead,12,3,Dec_W3,0.2300725,552.0
Bufflehead,12,4,Dec_W4,0.2258993,695.0
Common Goldeneye,1,1,Jan_W1,0.2758202,823.0
Common Goldeneye,1,2,Jan_W2,0.2380165,605.0
Common Goldeneye,1,3,Jan_W3,0.2294455,523.0
Common Goldeneye,1,4,Jan_W4,0.2342466,730.0
Common Goldeneye,2,1,Feb_W1,0.2096774,496.0
Common Goldeneye,2,2,Feb_W2,0.1447689,822.0
Common Goldeneye,2,3,Feb_W3,0.1168254,1575.0
Common Goldeneye,2,4,Feb_W4,0.2826797,612.0
Common Goldeneye,3,1,Mar_W1,0.2763158,608.0
Common Goldeneye,3,2,Mar_W2,0.2918919,740.0
Common Goldeneye,3,3,Mar_W3,0.2631579,665.0
Common Goldeneye,3,4,Mar_W4,0.3048636,843.0
Common Goldeneye,4,1,Apr_W1,0.2207268,743.0
Common Goldeneye,4,2,Apr_W2,0.1784777,762.0
Common Goldeneye,4,3,Apr_W3,0.1058065,775.0
Common Goldeneye,4,4,Apr_W4,0.055,1200.0
Common Goldeneye,5,1,May_W1,0.0215208,1394.0
Common Goldeneye,5,2,May_W2,0.0079903,4130.0
Common Goldeneye,5,3,May_W3,0.0031862,8788.0
Common Goldeneye,5,4,May_W4,0.000899,3337.0
Common Goldeneye,6,1,Jun_W1,0.0010363,965.0
Common Goldeneye,6,2,Jun_W2,0.0042017,714.0
Common Goldeneye,6,3,Jun_W3,0.0015,624.0
Common Goldeneye,6,4,Jun_W4,0.0014205,704.0
Common Goldeneye,7,1,Jul_W1,0.0021692,922.0
Common Goldeneye,7,2,Jul_W2,0.0015408,649.0
Common Goldeneye,7,3,Jul_W3,0.0037106,539.0
Common Goldeneye,7,4,Jul_W4,0.0041899,716.0
Common Goldeneye,8,1,Aug_W1,0.0055453,541.0
Common Goldeneye,8,2,Aug_W2,0.0,464.0
Common Goldeneye,8,3,Aug_W3,0.0055249,543.0
Common Goldeneye,8,4,Aug_W4,0.002611,766.0
Common Goldeneye,9,1,Sep_W1,0.0031348,638.0
Common Goldeneye,9,2,Sep_W2,0.0018868,530.0
Common Goldeneye,9,3,Sep_W3,0.002,500.0
Common Goldeneye,9,4,Sep_W4,0.0,602.0
Common Goldeneye,10,1,Oct_W1,0.0026455,378.0
Common Goldeneye,10,2,Oct_W2,0.0183908,435.0
Common Goldeneye,10,3,Oct_W3,0.0649351,385.0
Common Goldeneye,10,4,Oct_W4,0.0899225,645.0
Common Goldeneye,11,1,Nov_W1,0.1751152,434.0
Common Goldeneye,11,2,Nov_W2,0.25,468.0
Common Goldeneye,11,3,Nov_W3,0.2993197,441.0
Common Goldeneye,11,4,Nov_W4,0.26,600.0
Common Goldeneye,12,1,Dec_W1,0.2533632,446.0
Common Goldeneye,12,2,Dec_W2,0.2722117,529.0
Common Goldeneye,12,3,Dec_W3,0.2789855,552.0
Common Goldeneye,12,4,Dec_W4,0.2906475,695.0
Hooded Merganser,1,1,Jan_W1,0.0328068,823.0
Hooded Merganser,1,2,Jan_W2,0.014876,605.0
Hooded Merganser,1,3,Jan_W3,0.0095602,523.0
Hooded Merganser,1,4,Jan_W4,0.0178082,730.0
Hooded Merganser,2,1,Feb_W1,0.0080645,496.0
Hooded Merganser,2,2,Feb_W2,0.0060827,822.0
Hooded Merganser,2,3,Feb_W3,0.0063492,1575.0
Hooded Merganser,2,4,Feb_W4,0.0424837,612.0
Hooded Merganser,3,1,Mar_W1,0.0493421,608.0
Hooded Merganser,3,2,Mar_W2,0.1621622,740.0
Hooded Merganser,3,3,Mar_W3,0.1834586,665.0
Hooded Merganser,3,4,Mar_W4,0.2194543,843.0
Hooded Merganser,4,1,Apr_W1,0.2032301,743.0
Hooded Merganser,4,2,Apr_W2,0.1784777,762.0
Hooded Merganser,4,3,Apr_W3,0.1045161,775.0
Hooded Merganser,4,4,Apr_W4,0.0858333,1200.0
Hooded Merganser,5,1,May_W1,0.0746055,1394.0
Hooded Merganser,5,2,May_W2,0.0280872,4130.0
Hooded Merganser,5,3,May_W3,0.0241238,8788.0
Hooded Merganser,5,4,May_W4,0.0206773,3337.0
Hooded Merganser,6,1,Jun_W1,0.0259067,965.0
Hooded Merganser,6,2,Jun_W2,0.0238095,714.0
Hooded Merganser,6,3,Jun_W3,0.0192308,624.0
Hooded Merganser,6,4,Jun_W4,0.0298295,704.0
Hooded Merganser,7,1,Jul_W1,0.0206074,922.0
Hooded Merganser,7,2,Jul_W2,0.0338983,649.0
Hooded Merganser,7,3,Jul_W3,0.0408163,539.0
Hooded Merganser,7,4,Jul_W4,0.051676,716.0
Hooded Merganser,8,1,Aug_W1,0.0739372,541.0
Hooded Merganser,8,2,Aug_W2,0.0948276,464.0
Hooded Merganser,8,3,Aug_W3,0.1031308,543.0
Hooded Merganser,8,4,Aug_W4,0.1436031,766.0
Hooded Merganser,9,1,Sep_W1,0.1347962,638.0
Hooded Merganser,9,2,Sep_W2,0.1433962,530.0
Hooded Merganser,9,3,Sep_W3,0.148,500.0
Hooded Merganser,9,4,Sep_W4,0.1295681,602.0
Hooded Merganser,10,1,Oct_W1,0.1137566,378.0
Hooded Merganser,10,2,Oct_W2,0.1264368,435.0
Hooded Merganser,10,3,Oct_W3,0.1168831,385.0
Hooded Merganser,10,4,Oct_W4,0.1147287,645.0
Hooded Merganser,11,1,Nov_W1,0.140553,434.0
Hooded Merganser,11,2,Nov_W2,0.1581197,468.0
Hooded Merganser,11,3,Nov_W3,0.1723356,441.0
Hooded Merganser,11,4,Nov_W4,0.1,600.0
Hooded Merganser,12,1,Dec_W1,0.0493274,446.0
Hooded Merganser,12,2,Dec_W2,0.0793951,529.0
Hooded Merganser,12,3,Dec_W3,0.0434783,552.0
Hooded Merganser,12,4,Dec_W4,0.0330935,695.0
Common Merganser,1,1,Jan_W1,0.2332928,823.0
Common Merganser,1,2,Jan_W2,0.214876,605.0
Common Merganser,1,3,Jan_W3,0.1720841,523.0
Common Merganser,1,4,Jan_W4,0.1684932,730.0
Common Merganser,2,1,Feb_W1,0.1552419,496.0
Common Merganser,2,2,Feb_W2,0.1107056,822.0
Common Merganser,2,3,Feb_W3,0.0952381,1575.0
Common Merganser,2,4,Feb_W4,0.2663399,612.0
Common Merganser,3,1,Mar_W1,0.2779605,608.0
Common Merganser,3,2,Mar_W2,0.3310811,740.0
Common Merganser,3,3,Mar_W3,0.3172932,665.0
Common Merganser,3,4,Mar_W4,0.3855279,843.0
Common Merganser,4,1,Apr_W1,0.3391655,743.0
Common Merganser,4,2,Apr_W2,0.3097113,762.0
Common Merganser,4,3,Apr_W3,0.3096774,775.0
Common Merganser,4,4,Apr_W4,0.2483333,1200.0
Common Merganser,5,1,May_W1,0.223099,1394.0
Common Merganser,5,2,May_W2,0.2307506,4130.0
Common Merganser,5,3,May_W3,0.2311106,8788.0
Common Merganser,5,4,May_W4,0.1983818,3337.0
Common Merganser,6,1,Jun_W1,0.1502591,965.0
Common Merganser,6,2,Jun_W2,0.0896359,714.0
Common Merganser,6,3,Jun_W3,0.0657051,624.0
Common Merganser,6,4,Jun_W4,0.0710227,704.0
Common Merganser,7,1,Jul_W1,0.0488069,922.0
Common Merganser,7,2,Jul_W2,0.0647149,649.0
Common Merganser,7,3,Jul_W3,0.0538033,539.0
Common Merganser,7,4,Jul_W4,0.0824022,716.0
Common Merganser,8,1,Aug_W1,0.0961183,541.0
Common Merganser,8,2,Aug_W2,0.0905172,464.0
Common Merganser,8,3,Aug_W3,0.1104972,543.0
Common Merganser,8,4,Aug_W4,0.1031332,766.0
Common Merganser,9,1,Sep_W1,0.1112853,638.0
Common Merganser,9,2,Sep_W2,0.1339623,530.0
Common Merganser,9,3,Sep_W3,0.136,500.0
Common Merganser,9,4,Sep_W4,0.1594684,602.0
Common Merganser,10,1,Oct_W1,0.1825397,378.0
Common Merganser,10,2,Oct_W2,0.1770115,435.0
Common Merganser,10,3,Oct_W3,0.1818182,385.0
Common Merganser,10,4,Oct_W4,0.2899225,645.0
Common Merganser,11,1,Nov_W1,0.3248848,434.0
Common Merganser,11,2,Nov_W2,0.3055556,468.0
Common Merganser,11,3,Nov_W3,0.3492063,441.0
Common Merganser,11,4,Nov_W4,0.3066667,600.0
Common Merganser,12,1,Dec_W1,0.3004484,446.0
Common Merganser,12,2,Dec_W2,0.362949,529.0
Common Merganser,12,3,Dec_W3,0.2789855,552.0
Common Merganser,12,4,Dec_W4,0.305036,695.0
Red-breasted Merganser,1,1,Jan_W1,0.1713244,823.0
Red-breasted Merganser,1,2,Jan_W2,0.1157025,605.0
Red-breasted Merganser,1,3,Jan_W3,0.0975143,523.0
Red-breasted Merganser,1,4,Jan_W4,0.1,730.0
Red-breasted Merganser,2,1,Feb_W1,0.0564516,496.0
Red-breasted Merganser,2,2,Feb_W2,0.040146,822.0
Red-breasted Merganser,2,3,Feb_W3,0.032381,1575.0
Red-breasted Merganser,2,4,Feb_W4,0.1143791,612.0
Red-breasted Merganser,3,1,Mar_W1,0.1151316,608.0
Red-breasted Merganser,3,2,Mar_W2,0.1202703,740.0
Red-breasted Merganser,3,3,Mar_W3,0.0917293,665.0
Red-breasted Merganser,3,4,Mar_W4,0.1945433,843.0
Red-breasted Merganser,4,1,Apr_W1,0.1641992,743.0
Red-breasted Merganser,4,2,Apr_W2,0.2073491,762.0
Red-breasted Merganser,4,3,Apr_W3,0.2812903,775.0
Red-breasted Merganser,4,4,Apr_W4,0.2216667,1200.0
Red-breasted Merganser,5,1,May_W1,0.2223816,1394.0
Red-breasted Merganser,5,2,May_W2,0.1651332,4130.0
Red-breasted Merganser,5,3,May_W3,0.176832,8788.0
Red-breasted Merganser,5,4,May_W4,0.109979,3337.0
Red-breasted Merganser,6,1,Jun_W1,0.0911917,965.0
Red-breasted Merganser,6,2,Jun_W2,0.0392157,714.0
Red-breasted Merganser,6,3,Jun_W3,0.0432692,624.0
Red-breasted Merganser,6,4,Jun_W4,0.0269886,704.0
Red-breasted Merganser,7,1,Jul_W1,0.0151844,922.0
Red-breasted Merganser,7,2,Jul_W2,0.0215716,649.0
Red-breasted Merganser,7,3,Jul_W3,0.025974,539.0
Red-breasted Merganser,7,4,Jul_W4,0.0139665,716.0
Red-breasted Merganser,8,1,Aug_W1,0.025878,541.0
Red-breasted Merganser,8,2,Aug_W2,0.0193966,464.0
Red-breasted Merganser,8,3,Aug_W3,0.0405157,543.0
Red-breasted Merganser,8,4,Aug_W4,0.0274151,766.0
Red-breasted Merganser,9,1,Sep_W1,0.0360502,638.0
Red-breasted Merganser,9,2,Sep_W2,0.0132075,530.0
Red-breasted Merganser,9,3,Sep_W3,0.022,500.0
Red-breasted Merganser,9,4,Sep_W4,0.0265781,602.0
Red-breasted Merganser,10,1,Oct_W1,0.0449735,378.0
Red-breasted Merganser,10,2,Oct_W2,0.0735632,435.0
Red-breasted Merganser,10,3,Oct_W3,0.0883117,385.0
Red-breasted Merganser,10,4,Oct_W4,0.2,645.0
Red-breasted Merganser,11,1,Nov_W1,0.3225806,434.0
Red-breasted Merganser,11,2,Nov_W2,0.3632479,468.0
Red-breasted Merganser,11,3,Nov_W3,0.3741497,441.0
Red-breasted Merganser,11,4,Nov_W4,0.3883333,600.0
Red-breasted Merganser,12,1,Dec_W1,0.3026906,446.0
Red-breasted Merganser,12,2,Dec_W2,0.268431,529.0
Red-breasted Merganser,12,3,Dec_W3,0.1956522,552.0
Red-breasted Merganser,12,4,Dec_W4,0.2489209,695.0
Ruddy Duck,1,1,Jan_W1,0.0,823.0
Ruddy Duck,1,2,Jan_W2,0.0,605.0
Ruddy Duck,1,3,Jan_W3,0.0,523.0
Ruddy Duck,1,4,Jan_W4,0.0123288,730.0
Ruddy Duck,2,1,Feb_W1,0.0,496.0
Ruddy Duck,2,2,Feb_W2,0.0,822.0
Ruddy Duck,2,3,Feb_W3,0.0,1575.0
Ruddy Duck,2,4,Feb_W4,0.0,612.0
Ruddy Duck,3,1,Mar_W1,0.0,608.0
Ruddy Duck,3,2,Mar_W2,0.0,740.0
Ruddy Duck,3,3,Mar_W3,0.0015038,665.0
Ruddy Duck,3,4,Mar_W4,0.0,843.0
Ruddy Duck,4,1,Apr_W1,0.0053836,743.0
Ruddy Duck,4,2,Apr_W2,0.0026247,762.0
Ruddy Duck,4,3,Apr_W3,0.0103226,775.0
Ruddy Duck,4,4,Apr_W4,0.0033333,1200.0
Ruddy Duck,5,1,May_W1,0.0021521,1394.0
Ruddy Duck,5,2,May_W2,0.0007264,4130.0
Ruddy Duck,5,3,May_W3,0.0006827,8788.0
Ruddy Duck,5,4,May_W4,0.0002997,3337.0
Ruddy Duck,6,1,Jun_W1,0.0,965.0
Ruddy Duck,6,2,Jun_W2,0.0,714.0
Ruddy Duck,6,3,Jun_W3,0.0,624.0
Ruddy Duck,6,4,Jun_W4,0.0,704.0
Ruddy Duck,7,1,Jul_W1,0.0,922.0
Ruddy Duck,7,2,Jul_W2,0.0,649.0
Ruddy Duck,7,3,Jul_W3,0.0,539.0
Ruddy Duck,7,4,Jul_W4,0.0,716.0
Ruddy Duck,8,1,Aug_W1,0.0,541.0
Ruddy Duck,8,2,Aug_W2,0.0,464.0
Ruddy Duck,8,3,Aug_W3,0.0,543.0
Ruddy Duck,8,4,Aug_W4,0.0013055,766.0
Ruddy Duck,9,1,Sep_W1,0.0015674,638.0
Ruddy Duck,9,2,Sep_W2,0.0037736,530.0
Ruddy Duck,9,3,Sep_W3,0.0,500.0
Ruddy Duck,9,4,Sep_W4,0.0016611,602.0
Ruddy Duck,10,1,Oct_W1,0.0,378.0
Ruddy Duck,10,2,Oct_W2,0.0022989,435.0
Ruddy Duck,10,3,Oct_W3,0.0,385.0
Ruddy Duck,10,4,Oct_W4,0.0031008,645.0
Ruddy Duck,11,1,Nov_W1,0.0023041,434.0
Ruddy Duck,11,2,Nov_W2,0.0042735,468.0
Ruddy Duck,11,3,Nov_W3,0.0,441.0
Ruddy Duck,11,4,Nov_W4,0.0,600.0
Ruddy Duck,12,1,Dec_W1,0.0,446.0
Ruddy Duck,12,2,Dec_W2,0.0,529.0
Ruddy Duck,12,3,Dec_W3,0.0,552.0
Ruddy Duck,12,4,Dec_W4,0.0,695.0
Helmeted Guineafowl,1,1,Jan_W1,0.0,823.0
Helmeted Guineafowl,1,2,Jan_W2,0.0,605.0
Helmeted Guineafowl,1,3,Jan_W3,0.0,523.0
Helmeted Guineafowl,1,4,Jan_W4,0.0,730.0
Helmeted Guineafowl,2,1,Feb_W1,0.0,496.0
Helmeted Guineafowl,2,2,Feb_W2,0.0,822.0
Helmeted Guineafowl,2,3,Feb_W3,0.0,1575.0
Helmeted Guineafowl,2,4,Feb_W4,0.0,612.0
Helmeted Guineafowl,3,1,Mar_W1,0.0,608.0
Helmeted Guineafowl,3,2,Mar_W2,0.0,740.0
Helmeted Guineafowl,3,3,Mar_W3,0.0,665.0
Helmeted Guineafowl,3,4,Mar_W4,0.0,843.0
Helmeted Guineafowl,4,1,Apr_W1,0.0,743.0
Helmeted Guineafowl,4,2,Apr_W2,0.0,762.0
Helmeted Guineafowl,4,3,Apr_W3,0.0,775.0
Helmeted Guineafowl,4,4,Apr_W4,0.0,1200.0
Helmeted Guineafowl,5,1,May_W1,0.0,1394.0
Helmeted Guineafowl,5,2,May_W2,0.0015,4130.0
Helmeted Guineafowl,5,3,May_W3,0.0,8788.0
Helmeted Guineafowl,5,4,May_W4,0.0,3337.0
Helmeted Guineafowl,6,1,Jun_W1,0.0,965.0
Helmeted Guineafowl,6,2,Jun_W2,0.0,714.0
Helmeted Guineafowl,6,3,Jun_W3,0.0,624.0
Helmeted Guineafowl,6,4,Jun_W4,0.0,704.0
Helmeted Guineafowl,7,1,Jul_W1,0.0,922.0
Helmeted Guineafowl,7,2,Jul_W2,0.0,649.0
Helmeted Guineafowl,7,3,Jul_W3,0.0,539.0
Helmeted Guineafowl,7,4,Jul_W4,0.0,716.0
Helmeted Guineafowl,8,1,Aug_W1,0.0,541.0
Helmeted Guineafowl,8,2,Aug_W2,0.0,464.0
Helmeted Guineafowl,8,3,Aug_W3,0.0,543.0
Helmeted Guineafowl,8,4,Aug_W4,0.0,766.0
Helmeted Guineafowl,9,1,Sep_W1,0.0,638.0
Helmeted Guineafowl,9,2,Sep_W2,0.0,530.0
Helmeted Guineafowl,9,3,Sep_W3,0.0,500.0
Helmeted Guineafowl,9,4,Sep_W4,0.0,602.0
Helmeted Guineafowl,10,1,Oct_W1,0.0,378.0
Helmeted Guineafowl,10,2,Oct_W2,0.0,435.0
Helmeted Guineafowl,10,3,Oct_W3,0.0,385.0
Helmeted Guineafowl,10,4,Oct_W4,0.0,645.0
Helmeted Guineafowl,11,1,Nov_W1,0.0,434.0
Helmeted Guineafowl,11,2,Nov_W2,0.0,468.0
Helmeted Guineafowl,11,3,Nov_W3,0.0,441.0
Helmeted Guineafowl,11,4,Nov_W4,0.0,600.0
Helmeted Guineafowl,12,1,Dec_W1,0.0,446.0
Helmeted Guineafowl,12,2,Dec_W2,0.0,529.0
Helmeted Guineafowl,12,3,Dec_W3,0.0,552.0
Helmeted Guineafowl,12,4,Dec_W4,0.0,695.0
Northern Bobwhite,1,1,Jan_W1,0.0,823.0
Northern Bobwhite,1,2,Jan_W2,0.0,605.0
Northern Bobwhite,1,3,Jan_W3,0.0,523.0
Northern Bobwhite,1,4,Jan_W4,0.0,730.0
Northern Bobwhite,2,1,Feb_W1,0.0,496.0
Northern Bobwhite,2,2,Feb_W2,0.0,822.0
Northern Bobwhite,2,3,Feb_W3,0.0,1575.0
Northern Bobwhite,2,4,Feb_W4,0.0,612.0
Northern Bobwhite,3,1,Mar_W1,0.0,608.0
Northern Bobwhite,3,2,Mar_W2,0.0,740.0
Northern Bobwhite,3,3,Mar_W3,0.0,665.0
Northern Bobwhite,3,4,Mar_W4,0.0,843.0
Northern Bobwhite,4,1,Apr_W1,0.0,743.0
Northern Bobwhite,4,2,Apr_W2,0.0,762.0
Northern Bobwhite,4,3,Apr_W3,0.0,775.0
Northern Bobwhite,4,4,Apr_W4,0.0,1200.0
Northern Bobwhite,5,1,May_W1,0.0,1394.0
Northern Bobwhite,5,2,May_W2,0.0002421,4130.0
Northern Bobwhite,5,3,May_W3,0.000569,8788.0
Northern Bobwhite,5,4,May_W4,0.0014984,3337.0
Northern Bobwhite,6,1,Jun_W1,0.0082902,965.0
Northern Bobwhite,6,2,Jun_W2,0.0028011,714.0
Northern Bobwhite,6,3,Jun_W3,0.0064103,624.0
Northern Bobwhite,6,4,Jun_W4,0.0,704.0
Northern Bobwhite,7,1,Jul_W1,0.0,922.0
Northern Bobwhite,7,2,Jul_W2,0.0,649.0
Northern Bobwhite,7,3,Jul_W3,0.0,539.0
Northern Bobwhite,7,4,Jul_W4,0.0,716.0
Northern Bobwhite,8,1,Aug_W1,0.0,541.0
Northern Bobwhite,8,2,Aug_W2,0.0,464.0
Northern Bobwhite,8,3,Aug_W3,0.0,543.0
Northern Bobwhite,8,4,Aug_W4,0.0,766.0
Northern Bobwhite,9,1,Sep_W1,0.0,638.0
Northern Bobwhite,9,2,Sep_W2,0.0,530.0
Northern Bobwhite,9,3,Sep_W3,0.0,500.0
Northern Bobwhite,9,4,Sep_W4,0.0,602.0
Northern Bobwhite,10,1,Oct_W1,0.0,378.0
Northern Bobwhite,10,2,Oct_W2,0.0,435.0
Northern Bobwhite,10,3,Oct_W3,0.0,385.0
Northern Bobwhite,10,4,Oct_W4,0.0,645.0
Northern Bobwhite,11,1,Nov_W1,0.0,434.0
Northern Bobwhite,11,2,Nov_W2,0.0,468.0
Northern Bobwhite,11,3,Nov_W3,0.0,441.0
Northern Bobwhite,11,4,Nov_W4,0.0,600.0
Northern Bobwhite,12,1,Dec_W1,0.0,446.0
Northern Bobwhite,12,2,Dec_W2,0.0,529.0
Northern Bobwhite,12,3,Dec_W3,0.0,552.0
Northern Bobwhite,12,4,Dec_W4,0.0,695.0
Wild Turkey,1,1,Jan_W1,0.0498177,823.0
Wild Turkey,1,2,Jan_W2,0.0694215,605.0
Wild Turkey,1,3,Jan_W3,0.082218,523.0
Wild Turkey,1,4,Jan_W4,0.0465753,730.0
Wild Turkey,2,1,Feb_W1,0.0524194,496.0
Wild Turkey,2,2,Feb_W2,0.06691,822.0
Wild Turkey,2,3,Feb_W3,0.0501587,1575.0
Wild Turkey,2,4,Feb_W4,0.0506536,612.0
Wild Turkey,3,1,Mar_W1,0.0723684,608.0
Wild Turkey,3,2,Mar_W2,0.0459459,740.0
Wild Turkey,3,3,Mar_W3,0.0451128,665.0
Wild Turkey,3,4,Mar_W4,0.0415184,843.0
Wild Turkey,4,1,Apr_W1,0.0349933,743.0
Wild Turkey,4,2,Apr_W2,0.0511811,762.0
Wild Turkey,4,3,Apr_W3,0.0503226,775.0
Wild Turkey,4,4,Apr_W4,0.0675,1200.0
Wild Turkey,5,1,May_W1,0.0566714,1394.0
Wild Turkey,5,2,May_W2,0.0348668,4130.0
Wild Turkey,5,3,May_W3,0.0340237,8788.0
Wild Turkey,5,4,May_W4,0.0506443,3337.0
Wild Turkey,6,1,Jun_W1,0.0601036,965.0
Wild Turkey,6,2,Jun_W2,0.0728291,714.0
Wild Turkey,6,3,Jun_W3,0.0721154,624.0
Wild Turkey,6,4,Jun_W4,0.078125,704.0
Wild Turkey,7,1,Jul_W1,0.0770065,922.0
Wild Turkey,7,2,Jul_W2,0.0832049,649.0
Wild Turkey,7,3,Jul_W3,0.0797774,539.0
Wild Turkey,7,4,Jul_W4,0.0824022,716.0
Wild Turkey,8,1,Aug_W1,0.0683919,541.0
Wild Turkey,8,2,Aug_W2,0.1142241,464.0
Wild Turkey,8,3,Aug_W3,0.0828729,543.0
Wild Turkey,8,4,Aug_W4,0.0704961,766.0
Wild Turkey,9,1,Sep_W1,0.0815047,638.0
Wild Turkey,9,2,Sep_W2,0.0641509,530.0
Wild Turkey,9,3,Sep_W3,0.066,500.0
Wild Turkey,9,4,Sep_W4,0.076412,602.0
Wild Turkey,10,1,Oct_W1,0.0634921,378.0
Wild Turkey,10,2,Oct_W2,0.0344828,435.0
Wild Turkey,10,3,Oct_W3,0.0233766,385.0
Wild Turkey,10,4,Oct_W4,0.0139535,645.0
Wild Turkey,11,1,Nov_W1,0.0230415,434.0
Wild Turkey,11,2,Nov_W2,0.0320513,468.0
Wild Turkey,11,3,Nov_W3,0.015873,441.0
Wild Turkey,11,4,Nov_W4,0.0316667,600.0
Wild Turkey,12,1,Dec_W1,0.058296,446.0
Wild Turkey,12,2,Dec_W2,0.0434783,529.0
Wild Turkey,12,3,Dec_W3,0.076087,552.0
Wild Turkey,12,4,Dec_W4,0.0489209,695.0
Ruffed Grouse,1,1,Jan_W1,0.0328068,823.0
Ruffed Grouse,1,2,Jan_W2,0.0247934,605.0
Ruffed Grouse,1,3,Jan_W3,0.0286807,523.0
Ruffed Grouse,1,4,Jan_W4,0.0342466,730.0
Ruffed Grouse,2,1,Feb_W1,0.0221774,496.0
Ruffed Grouse,2,2,Feb_W2,0.0182482,822.0
Ruffed Grouse,2,3,Feb_W3,0.0222222,1575.0
Ruffed Grouse,2,4,Feb_W4,0.0310458,612.0
Ruffed Grouse,3,1,Mar_W1,0.0197368,608.0
Ruffed Grouse,3,2,Mar_W2,0.0216216,740.0
Ruffed Grouse,3,3,Mar_W3,0.0255639,665.0
Ruffed Grouse,3,4,Mar_W4,0.0308422,843.0
Ruffed Grouse,4,1,Apr_W1,0.0363392,743.0
Ruffed Grouse,4,2,Apr_W2,0.0393701,762.0
Ruffed Grouse,4,3,Apr_W3,0.0503226,775.0
Ruffed Grouse,4,4,Apr_W4,0.0525,1200.0
Ruffed Grouse,5,1,May_W1,0.0566714,1394.0
Ruffed Grouse,5,2,May_W2,0.042615,4130.0
Ruffed Grouse,5,3,May_W3,0.0468821,8788.0
Ruffed Grouse,5,4,May_W4,0.0335631,3337.0
Ruffed Grouse,6,1,Jun_W1,0.0217617,965.0
Ruffed Grouse,6,2,Jun_W2,0.0308123,714.0
Ruffed Grouse,6,3,Jun_W3,0.0304487,624.0
Ruffed Grouse,6,4,Jun_W4,0.015625,704.0
Ruffed Grouse,7,1,Jul_W1,0.0130152,922.0
Ruffed Grouse,7,2,Jul_W2,0.0154083,649.0
Ruffed Grouse,7,3,Jul_W3,0.0111317,539.0
Ruffed Grouse,7,4,Jul_W4,0.0055866,716.0
Ruffed Grouse,8,1,Aug_W1,0.0073937,541.0
Ruffed Grouse,8,2,Aug_W2,0.0086207,464.0
Ruffed Grouse,8,3,Aug_W3,0.0202578,543.0
Ruffed Grouse,8,4,Aug_W4,0.0065274,766.0
Ruffed Grouse,9,1,Sep_W1,0.0172414,638.0
Ruffed Grouse,9,2,Sep_W2,0.0188679,530.0
Ruffed Grouse,9,3,Sep_W3,0.014,500.0
Ruffed Grouse,9,4,Sep_W4,0.0299003,602.0
Ruffed Grouse,10,1,Oct_W1,0.026455,378.0
Ruffed Grouse,10,2,Oct_W2,0.0298851,435.0
Ruffed Grouse,10,3,Oct_W3,0.025974,385.0
Ruffed Grouse,10,4,Oct_W4,0.0294574,645.0
Ruffed Grouse,11,1,Nov_W1,0.0115207,434.0
Ruffed Grouse,11,2,Nov_W2,0.0192308,468.0
Ruffed Grouse,11,3,Nov_W3,0.0181406,441.0
Ruffed Grouse,11,4,Nov_W4,0.0283333,600.0
Ruffed Grouse,12,1,Dec_W1,0.0089686,446.0
Ruffed Grouse,12,2,Dec_W2,0.0113422,529.0
Ruffed Grouse,12,3,Dec_W3,0.0235507,552.0
Ruffed Grouse,12,4,Dec_W4,0.0230216,695.0
Ring-necked Pheasant,1,1,Jan_W1,0.0012151,823.0
Ring-necked Pheasant,1,2,Jan_W2,0.0066116,605.0
Ring-necked Pheasant,1,3,Jan_W3,0.0057361,523.0
Ring-necked Pheasant,1,4,Jan_W4,0.0013699,730.0
Ring-necked Pheasant,2,1,Feb_W1,0.0020161,496.0
Ring-necked Pheasant,2,2,Feb_W2,0.0048662,822.0
Ring-necked Pheasant,2,3,Feb_W3,0.0019048,1575.0
Ring-necked Pheasant,2,4,Feb_W4,0.001634,612.0
Ring-necked Pheasant,3,1,Mar_W1,0.0032895,608.0
Ring-necked Pheasant,3,2,Mar_W2,0.0027027,740.0
Ring-necked Pheasant,3,3,Mar_W3,0.0,665.0
Ring-necked Pheasant,3,4,Mar_W4,0.0035587,843.0
Ring-necked Pheasant,4,1,Apr_W1,0.0040377,743.0
Ring-necked Pheasant,4,2,Apr_W2,0.0013123,762.0
Ring-necked Pheasant,4,3,Apr_W3,0.0,775.0
Ring-necked Pheasant,4,4,Apr_W4,0.0041667,1200.0
Ring-necked Pheasant,5,1,May_W1,0.0007174,1394.0
Ring-necked Pheasant,5,2,May_W2,0.0065375,4130.0
Ring-necked Pheasant,5,3,May_W3,0.0043241,8788.0
Ring-necked Pheasant,5,4,May_W4,0.0056937,3337.0
Ring-necked Pheasant,6,1,Jun_W1,0.0041451,965.0
Ring-necked Pheasant,6,2,Jun_W2,0.0015,714.0
Ring-necked Pheasant,6,3,Jun_W3,0.0015,624.0
Ring-necked Pheasant,6,4,Jun_W4,0.0028409,704.0
Ring-necked Pheasant,7,1,Jul_W1,0.0,922.0
Ring-necked Pheasant,7,2,Jul_W2,0.0015408,649.0
Ring-necked Pheasant,7,3,Jul_W3,0.0,539.0
Ring-necked Pheasant,7,4,Jul_W4,0.0013966,716.0
Ring-necked Pheasant,8,1,Aug_W1,0.0018484,541.0
Ring-necked Pheasant,8,2,Aug_W2,0.0,464.0
Ring-necked Pheasant,8,3,Aug_W3,0.0,543.0
Ring-necked Pheasant,8,4,Aug_W4,0.0013055,766.0
Ring-necked Pheasant,9,1,Sep_W1,0.0015674,638.0
Ring-necked Pheasant,9,2,Sep_W2,0.0,530.0
Ring-necked Pheasant,9,3,Sep_W3,0.0,500.0
Ring-necked Pheasant,9,4,Sep_W4,0.0016611,602.0
Ring-necked Pheasant,10,1,Oct_W1,0.0,378.0
Ring-necked Pheasant,10,2,Oct_W2,0.0,435.0
Ring-necked Pheasant,10,3,Oct_W3,0.0,385.0
Ring-necked Pheasant,10,4,Oct_W4,0.0015,645.0
Ring-necked Pheasant,11,1,Nov_W1,0.0015,434.0
Ring-necked Pheasant,11,2,Nov_W2,0.0,468.0
Ring-necked Pheasant,11,3,Nov_W3,0.0,441.0
Ring-necked Pheasant,11,4,Nov_W4,0.0,600.0
Ring-necked Pheasant,12,1,Dec_W1,0.0022422,446.0
Ring-necked Pheasant,12,2,Dec_W2,0.0,529.0
Ring-necked Pheasant,12,3,Dec_W3,0.0036232,552.0
Ring-necked Pheasant,12,4,Dec_W4,0.0,695.0
Chukar,1,1,Jan_W1,0.0,823.0
Chukar,1,2,Jan_W2,0.0,605.0
Chukar,1,3,Jan_W3,0.0,523.0
Chukar,1,4,Jan_W4,0.0,730.0
Chukar,2,1,Feb_W1,0.0,496.0
Chukar,2,2,Feb_W2,0.0,822.0
Chukar,2,3,Feb_W3,0.0,1575.0
Chukar,2,4,Feb_W4,0.0,612.0
Chukar,3,1,Mar_W1,0.0,608.0
Chukar,3,2,Mar_W2,0.0,740.0
Chukar,3,3,Mar_W3,0.0,665.0
Chukar,3,4,Mar_W4,0.0,843.0
Chukar,4,1,Apr_W1,0.0,743.0
Chukar,4,2,Apr_W2,0.0,762.0
Chukar,4,3,Apr_W3,0.0,775.0
Chukar,4,4,Apr_W4,0.0,1200.0
Chukar,5,1,May_W1,0.0,1394.0
Chukar,5,2,May_W2,0.0,4130.0
Chukar,5,3,May_W3,0.0015,8788.0
Chukar,5,4,May_W4,0.0,3337.0
Chukar,6,1,Jun_W1,0.0,965.0
Chukar,6,2,Jun_W2,0.0,714.0
Chukar,6,3,Jun_W3,0.0,624.0
Chukar,6,4,Jun_W4,0.0,704.0
Chukar,7,1,Jul_W1,0.0,922.0
Chukar,7,2,Jul_W2,0.0,649.0
Chukar,7,3,Jul_W3,0.0,539.0
Chukar,7,4,Jul_W4,0.0,716.0
Chukar,8,1,Aug_W1,0.0,541.0
Chukar,8,2,Aug_W2,0.0,464.0
Chukar,8,3,Aug_W3,0.0,543.0
Chukar,8,4,Aug_W4,0.0,766.0
Chukar,9,1,Sep_W1,0.0,638.0
Chukar,9,2,Sep_W2,0.0,530.0
Chukar,9,3,Sep_W3,0.0,500.0
Chukar,9,4,Sep_W4,0.0,602.0
Chukar,10,1,Oct_W1,0.0,378.0
Chukar,10,2,Oct_W2,0.0,435.0
Chukar,10,3,Oct_W3,0.0,385.0
Chukar,10,4,Oct_W4,0.0,645.0
Chukar,11,1,Nov_W1,0.0,434.0
Chukar,11,2,Nov_W2,0.0,468.0
Chukar,11,3,Nov_W3,0.0,441.0
Chukar,11,4,Nov_W4,0.0,600.0
Chukar,12,1,Dec_W1,0.0,446.0
Chukar,12,2,Dec_W2,0.0,529.0
Chukar,12,3,Dec_W3,0.0,552.0
Chukar,12,4,Dec_W4,0.0,695.0
Rock Pigeon,1,1,Jan_W1,0.1044957,823.0
Rock Pigeon,1,2,Jan_W2,0.1355372,605.0
Rock Pigeon,1,3,Jan_W3,0.1108987,523.0
Rock Pigeon,1,4,Jan_W4,0.130137,730.0
Rock Pigeon,2,1,Feb_W1,0.1169355,496.0
Rock Pigeon,2,2,Feb_W2,0.1094891,822.0
Rock Pigeon,2,3,Feb_W3,0.08,1575.0
Rock Pigeon,2,4,Feb_W4,0.1470588,612.0
Rock Pigeon,3,1,Mar_W1,0.1217105,608.0
Rock Pigeon,3,2,Mar_W2,0.1094595,740.0
Rock Pigeon,3,3,Mar_W3,0.1052632,665.0
Rock Pigeon,3,4,Mar_W4,0.0877817,843.0
Rock Pigeon,4,1,Apr_W1,0.0820996,743.0
Rock Pigeon,4,2,Apr_W2,0.0538058,762.0
Rock Pigeon,4,3,Apr_W3,0.0567742,775.0
Rock Pigeon,4,4,Apr_W4,0.0425,1200.0
Rock Pigeon,5,1,May_W1,0.0329986,1394.0
Rock Pigeon,5,2,May_W2,0.0266344,4130.0
Rock Pigeon,5,3,May_W3,0.0381202,8788.0
Rock Pigeon,5,4,May_W4,0.0302667,3337.0
Rock Pigeon,6,1,Jun_W1,0.0352332,965.0
Rock Pigeon,6,2,Jun_W2,0.0490196,714.0
Rock Pigeon,6,3,Jun_W3,0.0464744,624.0
Rock Pigeon,6,4,Jun_W4,0.0596591,704.0
Rock Pigeon,7,1,Jul_W1,0.143167,922.0
Rock Pigeon,7,2,Jul_W2,0.1263482,649.0
Rock Pigeon,7,3,Jul_W3,0.0983302,539.0
Rock Pigeon,7,4,Jul_W4,0.0837989,716.0
Rock Pigeon,8,1,Aug_W1,0.0961183,541.0
Rock Pigeon,8,2,Aug_W2,0.0538793,464.0
Rock Pigeon,8,3,Aug_W3,0.0405157,543.0
Rock Pigeon,8,4,Aug_W4,0.0496084,766.0
Rock Pigeon,9,1,Sep_W1,0.0329154,638.0
Rock Pigeon,9,2,Sep_W2,0.0264151,530.0
Rock Pigeon,9,3,Sep_W3,0.04,500.0
Rock Pigeon,9,4,Sep_W4,0.0282392,602.0
Rock Pigeon,10,1,Oct_W1,0.031746,378.0
Rock Pigeon,10,2,Oct_W2,0.0344828,435.0
Rock Pigeon,10,3,Oct_W3,0.0649351,385.0
Rock Pigeon,10,4,Oct_W4,0.0682171,645.0
Rock Pigeon,11,1,Nov_W1,0.0829493,434.0
Rock Pigeon,11,2,Nov_W2,0.0876068,468.0
Rock Pigeon,11,3,Nov_W3,0.1020408,441.0
Rock Pigeon,11,4,Nov_W4,0.145,600.0
Rock Pigeon,12,1,Dec_W1,0.1681614,446.0
Rock Pigeon,12,2,Dec_W2,0.147448,529.0
Rock Pigeon,12,3,Dec_W3,0.1485507,552.0
Rock Pigeon,12,4,Dec_W4,0.1165468,695.0
Eurasian Collared-Dove,1,1,Jan_W1,0.0,823.0
Eurasian Collared-Dove,1,2,Jan_W2,0.0,605.0
Eurasian Collared-Dove,1,3,Jan_W3,0.0,523.0
Eurasian Collared-Dove,1,4,Jan_W4,0.0,730.0
Eurasian Collared-Dove,2,1,Feb_W1,0.0,496.0
Eurasian Collared-Dove,2,2,Feb_W2,0.0,822.0
Eurasian Collared-Dove,2,3,Feb_W3,0.0,1575.0
Eurasian Collared-Dove,2,4,Feb_W4,0.0,612.0
Eurasian Collared-Dove,3,1,Mar_W1,0.0,608.0
Eurasian Collared-Dove,3,2,Mar_W2,0.0,740.0
Eurasian Collared-Dove,3,3,Mar_W3,0.0,665.0
Eurasian Collared-Dove,3,4,Mar_W4,0.0,843.0
Eurasian Collared-Dove,4,1,Apr_W1,0.0,743.0
Eurasian Collared-Dove,4,2,Apr_W2,0.0013123,762.0
Eurasian Collared-Dove,4,3,Apr_W3,0.0,775.0
Eurasian Collared-Dove,4,4,Apr_W4,0.0,1200.0
Eurasian Collared-Dove,5,1,May_W1,0.0014347,1394.0
Eurasian Collared-Dove,5,2,May_W2,0.0002421,4130.0
Eurasian Collared-Dove,5,3,May_W3,0.000569,8788.0
Eurasian Collared-Dove,5,4,May_W4,0.0014984,3337.0
Eurasian Collared-Dove,6,1,Jun_W1,0.0,965.0
Eurasian Collared-Dove,6,2,Jun_W2,0.0,714.0
Eurasian Collared-Dove,6,3,Jun_W3,0.0,624.0
Eurasian Collared-Dove,6,4,Jun_W4,0.0,704.0
Eurasian Collared-Dove,7,1,Jul_W1,0.0,922.0
Eurasian Collared-Dove,7,2,Jul_W2,0.0,649.0
Eurasian Collared-Dove,7,3,Jul_W3,0.0,539.0
Eurasian Collared-Dove,7,4,Jul_W4,0.0,716.0
Eurasian Collared-Dove,8,1,Aug_W1,0.0,541.0
Eurasian Collared-Dove,8,2,Aug_W2,0.0,464.0
Eurasian Collared-Dove,8,3,Aug_W3,0.0,543.0
Eurasian Collared-Dove,8,4,Aug_W4,0.0,766.0
Eurasian Collared-Dove,9,1,Sep_W1,0.0,638.0
Eurasian Collared-Dove,9,2,Sep_W2,0.0,530.0
Eurasian Collared-Dove,9,3,Sep_W3,0.0,500.0
Eurasian Collared-Dove,9,4,Sep_W4,0.0,602.0
Eurasian Collared-Dove,10,1,Oct_W1,0.0015,378.0
Eurasian Collared-Dove,10,2,Oct_W2,0.0,435.0
Eurasian Collared-Dove,10,3,Oct_W3,0.0,385.0
Eurasian Collared-Dove,10,4,Oct_W4,0.0,645.0
Eurasian Collared-Dove,11,1,Nov_W1,0.0,434.0
Eurasian Collared-Dove,11,2,Nov_W2,0.0,468.0
Eurasian Collared-Dove,11,3,Nov_W3,0.0,441.0
Eurasian Collared-Dove,11,4,Nov_W4,0.0,600.0
Eurasian Collared-Dove,12,1,Dec_W1,0.0,446.0
Eurasian Collared-Dove,12,2,Dec_W2,0.0,529.0
Eurasian Collared-Dove,12,3,Dec_W3,0.0,552.0
Eurasian Collared-Dove,12,4,Dec_W4,0.0,695.0
Common Ground Dove,1,1,Jan_W1,0.0,823.0
Common Ground Dove,1,2,Jan_W2,0.0,605.0
Common Ground Dove,1,3,Jan_W3,0.0,523.0
Common Ground Dove,1,4,Jan_W4,0.0,730.0
Common Ground Dove,2,1,Feb_W1,0.0,496.0
Common Ground Dove,2,2,Feb_W2,0.0,822.0
Common Ground Dove,2,3,Feb_W3,0.0,1575.0
Common Ground Dove,2,4,Feb_W4,0.0,612.0
Common Ground Dove,3,1,Mar_W1,0.0,608.0
Common Ground Dove,3,2,Mar_W2,0.0,740.0
Common Ground Dove,3,3,Mar_W3,0.0,665.0
Common Ground Dove,3,4,Mar_W4,0.0,843.0
Common Ground Dove,4,1,Apr_W1,0.0,743.0
Common Ground Dove,4,2,Apr_W2,0.0,762.0
Common Ground Dove,4,3,Apr_W3,0.0,775.0
Common Ground Dove,4,4,Apr_W4,0.0,1200.0
Common Ground Dove,5,1,May_W1,0.0,1394.0
Common Ground Dove,5,2,May_W2,0.0,4130.0
Common Ground Dove,5,3,May_W3,0.0,8788.0
Common Ground Dove,5,4,May_W4,0.0,3337.0
Common Ground Dove,6,1,Jun_W1,0.0,965.0
Common Ground Dove,6,2,Jun_W2,0.0,714.0
Common Ground Dove,6,3,Jun_W3,0.0,624.0
Common Ground Dove,6,4,Jun_W4,0.0,704.0
Common Ground Dove,7,1,Jul_W1,0.0,922.0
Common Ground Dove,7,2,Jul_W2,0.0,649.0
Common Ground Dove,7,3,Jul_W3,0.0,539.0
Common Ground Dove,7,4,Jul_W4,0.0,716.0
Common Ground Dove,8,1,Aug_W1,0.0,541.0
Common Ground Dove,8,2,Aug_W2,0.0,464.0
Common Ground Dove,8,3,Aug_W3,0.0,543.0
Common Ground Dove,8,4,Aug_W4,0.0,766.0
Common Ground Dove,9,1,Sep_W1,0.0,638.0
Common Ground Dove,9,2,Sep_W2,0.0,530.0
Common Ground Dove,9,3,Sep_W3,0.0,500.0
Common Ground Dove,9,4,Sep_W4,0.0,602.0
Common Ground Dove,10,1,Oct_W1,0.0,378.0
Common Ground Dove,10,2,Oct_W2,0.0,435.0
Common Ground Dove,10,3,Oct_W3,0.0,385.0
Common Ground Dove,10,4,Oct_W4,0.0,645.0
Common Ground Dove,11,1,Nov_W1,0.0023041,434.0
Common Ground Dove,11,2,Nov_W2,0.0128205,468.0
Common Ground Dove,11,3,Nov_W3,0.0022676,441.0
Common Ground Dove,11,4,Nov_W4,0.0,600.0
Common Ground Dove,12,1,Dec_W1,0.0,446.0
Common Ground Dove,12,2,Dec_W2,0.0,529.0
Common Ground Dove,12,3,Dec_W3,0.0,552.0
Common Ground Dove,12,4,Dec_W4,0.0,695.0
White-winged Dove,1,1,Jan_W1,0.0,823.0
White-winged Dove,1,2,Jan_W2,0.0,605.0
White-winged Dove,1,3,Jan_W3,0.0,523.0
White-winged Dove,1,4,Jan_W4,0.0,730.0
White-winged Dove,2,1,Feb_W1,0.0,496.0
White-winged Dove,2,2,Feb_W2,0.0,822.0
White-winged Dove,2,3,Feb_W3,0.0,1575.0
White-winged Dove,2,4,Feb_W4,0.0,612.0
White-winged Dove,3,1,Mar_W1,0.0,608.0
White-winged Dove,3,2,Mar_W2,0.0,740.0
White-winged Dove,3,3,Mar_W3,0.0,665.0
White-winged Dove,3,4,Mar_W4,0.0,843.0
White-winged Dove,4,1,Apr_W1,0.0,743.0
White-winged Dove,4,2,Apr_W2,0.0,762.0
White-winged Dove,4,3,Apr_W3,0.0,775.0
White-winged Dove,4,4,Apr_W4,0.0,1200.0
White-winged Dove,5,1,May_W1,0.0,1394.0
White-winged Dove,5,2,May_W2,0.0145278,4130.0
White-winged Dove,5,3,May_W3,0.0088757,8788.0
White-winged Dove,5,4,May_W4,0.0,3337.0
White-winged Dove,6,1,Jun_W1,0.0,965.0
White-winged Dove,6,2,Jun_W2,0.0015,714.0
White-winged Dove,6,3,Jun_W3,0.0,624.0
White-winged Dove,6,4,Jun_W4,0.0,704.0
White-winged Dove,7,1,Jul_W1,0.0,922.0
White-winged Dove,7,2,Jul_W2,0.0,649.0
White-winged Dove,7,3,Jul_W3,0.0074212,539.0
White-winged Dove,7,4,Jul_W4,0.0,716.0
White-winged Dove,8,1,Aug_W1,0.0,541.0
White-winged Dove,8,2,Aug_W2,0.0,464.0
White-winged Dove,8,3,Aug_W3,0.0,543.0
White-winged Dove,8,4,Aug_W4,0.0,766.0
White-winged Dove,9,1,Sep_W1,0.0,638.0
White-winged Dove,9,2,Sep_W2,0.0,530.0
White-winged Dove,9,3,Sep_W3,0.0,500.0
White-winged Dove,9,4,Sep_W4,0.0,602.0
White-winged Dove,10,1,Oct_W1,0.0,378.0
White-winged Dove,10,2,Oct_W2,0.0,435.0
White-winged Dove,10,3,Oct_W3,0.0,385.0
White-winged Dove,10,4,Oct_W4,0.0,645.0
White-winged Dove,11,1,Nov_W1,0.0,434.0
White-winged Dove,11,2,Nov_W2,0.0021368,468.0
White-winged Dove,11,3,Nov_W3,0.0,441.0
White-winged Dove,11,4,Nov_W4,0.0,600.0
White-winged Dove,12,1,Dec_W1,0.0,446.0
White-winged Dove,12,2,Dec_W2,0.0,529.0
White-winged Dove,12,3,Dec_W3,0.0,552.0
White-winged Dove,12,4,Dec_W4,0.0,695.0
Mourning Dove,1,1,Jan_W1,0.3292831,823.0
Mourning Dove,1,2,Jan_W2,0.4033058,605.0
Mourning Dove,1,3,Jan_W3,0.4780115,523.0
Mourning Dove,1,4,Jan_W4,0.4945205,730.0
Mourning Dove,2,1,Feb_W1,0.4596774,496.0
Mourning Dove,2,2,Feb_W2,0.4768856,822.0
Mourning Dove,2,3,Feb_W3,0.4863492,1575.0
Mourning Dove,2,4,Feb_W4,0.4379085,612.0
Mourning Dove,3,1,Mar_W1,0.4276316,608.0
Mourning Dove,3,2,Mar_W2,0.422973,740.0
Mourning Dove,3,3,Mar_W3,0.4180451,665.0
Mourning Dove,3,4,Mar_W4,0.4638197,843.0
Mourning Dove,4,1,Apr_W1,0.4602961,743.0
Mourning Dove,4,2,Apr_W2,0.4750656,762.0
Mourning Dove,4,3,Apr_W3,0.4929032,775.0
Mourning Dove,4,4,Apr_W4,0.52,1200.0
Mourning Dove,5,1,May_W1,0.5624103,1394.0
Mourning Dove,5,2,May_W2,0.5377724,4130.0
Mourning Dove,5,3,May_W3,0.5324306,8788.0
Mourning Dove,5,4,May_W4,0.5442014,3337.0
Mourning Dove,6,1,Jun_W1,0.5367876,965.0
Mourning Dove,6,2,Jun_W2,0.5434174,714.0
Mourning Dove,6,3,Jun_W3,0.5544872,624.0
Mourning Dove,6,4,Jun_W4,0.59375,704.0
Mourning Dove,7,1,Jul_W1,0.527115,922.0
Mourning Dove,7,2,Jul_W2,0.5546995,649.0
Mourning Dove,7,3,Jul_W3,0.528757,539.0
Mourning Dove,7,4,Jul_W4,0.5740223,716.0
Mourning Dove,8,1,Aug_W1,0.5563771,541.0
Mourning Dove,8,2,Aug_W2,0.5818966,464.0
Mourning Dove,8,3,Aug_W3,0.5506446,543.0
Mourning Dove,8,4,Aug_W4,0.5261097,766.0
Mourning Dove,9,1,Sep_W1,0.5109718,638.0
Mourning Dove,9,2,Sep_W2,0.4339623,530.0
Mourning Dove,9,3,Sep_W3,0.428,500.0
Mourning Dove,9,4,Sep_W4,0.4053156,602.0
Mourning Dove,10,1,Oct_W1,0.3730159,378.0
Mourning Dove,10,2,Oct_W2,0.2896552,435.0
Mourning Dove,10,3,Oct_W3,0.3220779,385.0
Mourning Dove,10,4,Oct_W4,0.2899225,645.0
Mourning Dove,11,1,Nov_W1,0.2672811,434.0
Mourning Dove,11,2,Nov_W2,0.3311966,468.0
Mourning Dove,11,3,Nov_W3,0.3015873,441.0
Mourning Dove,11,4,Nov_W4,0.2533333,600.0
Mourning Dove,12,1,Dec_W1,0.3721973,446.0
Mourning Dove,12,2,Dec_W2,0.3345936,529.0
Mourning Dove,12,3,Dec_W3,0.3876812,552.0
Mourning Dove,12,4,Dec_W4,0.3683453,695.0
Yellow-billed Cuckoo,1,1,Jan_W1,0.0,823.0
Yellow-billed Cuckoo,1,2,Jan_W2,0.0,605.0
Yellow-billed Cuckoo,1,3,Jan_W3,0.0,523.0
Yellow-billed Cuckoo,1,4,Jan_W4,0.0,730.0
Yellow-billed Cuckoo,2,1,Feb_W1,0.0,496.0
Yellow-billed Cuckoo,2,2,Feb_W2,0.0,822.0
Yellow-billed Cuckoo,2,3,Feb_W3,0.0,1575.0
Yellow-billed Cuckoo,2,4,Feb_W4,0.0,612.0
Yellow-billed Cuckoo,3,1,Mar_W1,0.0,608.0
Yellow-billed Cuckoo,3,2,Mar_W2,0.0,740.0
Yellow-billed Cuckoo,3,3,Mar_W3,0.0,665.0
Yellow-billed Cuckoo,3,4,Mar_W4,0.0,843.0
Yellow-billed Cuckoo,4,1,Apr_W1,0.0,743.0
Yellow-billed Cuckoo,4,2,Apr_W2,0.0,762.0
Yellow-billed Cuckoo,4,3,Apr_W3,0.0,775.0
Yellow-billed Cuckoo,4,4,Apr_W4,0.0,1200.0
Yellow-billed Cuckoo,5,1,May_W1,0.0007174,1394.0
Yellow-billed Cuckoo,5,2,May_W2,0.0024213,4130.0
Yellow-billed Cuckoo,5,3,May_W3,0.0077378,8788.0
Yellow-billed Cuckoo,5,4,May_W4,0.0209769,3337.0
Yellow-billed Cuckoo,6,1,Jun_W1,0.0227979,965.0
Yellow-billed Cuckoo,6,2,Jun_W2,0.0280112,714.0
Yellow-billed Cuckoo,6,3,Jun_W3,0.036859,624.0
Yellow-billed Cuckoo,6,4,Jun_W4,0.0298295,704.0
Yellow-billed Cuckoo,7,1,Jul_W1,0.0227766,922.0
Yellow-billed Cuckoo,7,2,Jul_W2,0.0123267,649.0
Yellow-billed Cuckoo,7,3,Jul_W3,0.012987,539.0
Yellow-billed Cuckoo,7,4,Jul_W4,0.0125698,716.0
Yellow-billed Cuckoo,8,1,Aug_W1,0.0055453,541.0
Yellow-billed Cuckoo,8,2,Aug_W2,0.012931,464.0
Yellow-billed Cuckoo,8,3,Aug_W3,0.0055249,543.0
Yellow-billed Cuckoo,8,4,Aug_W4,0.0052219,766.0
Yellow-billed Cuckoo,9,1,Sep_W1,0.0047022,638.0
Yellow-billed Cuckoo,9,2,Sep_W2,0.0075472,530.0
Yellow-billed Cuckoo,9,3,Sep_W3,0.004,500.0
Yellow-billed Cuckoo,9,4,Sep_W4,0.0182724,602.0
Yellow-billed Cuckoo,10,1,Oct_W1,0.015873,378.0
Yellow-billed Cuckoo,10,2,Oct_W2,0.0206897,435.0
Yellow-billed Cuckoo,10,3,Oct_W3,0.0025974,385.0
Yellow-billed Cuckoo,10,4,Oct_W4,0.0,645.0
Yellow-billed Cuckoo,11,1,Nov_W1,0.0,434.0
Yellow-billed Cuckoo,11,2,Nov_W2,0.0,468.0
Yellow-billed Cuckoo,11,3,Nov_W3,0.0,441.0
Yellow-billed Cuckoo,11,4,Nov_W4,0.0,600.0
Yellow-billed Cuckoo,12,1,Dec_W1,0.0,446.0
Yellow-billed Cuckoo,12,2,Dec_W2,0.0,529.0
Yellow-billed Cuckoo,12,3,Dec_W3,0.0,552.0
Yellow-billed Cuckoo,12,4,Dec_W4,0.0,695.0
Black-billed Cuckoo,1,1,Jan_W1,0.0,823.0
Black-billed Cuckoo,1,2,Jan_W2,0.0,605.0
Black-billed Cuckoo,1,3,Jan_W3,0.0,523.0
Black-billed Cuckoo,1,4,Jan_W4,0.0,730.0
Black-billed Cuckoo,2,1,Feb_W1,0.0,496.0
Black-billed Cuckoo,2,2,Feb_W2,0.0,822.0
Black-billed Cuckoo,2,3,Feb_W3,0.0,1575.0
Black-billed Cuckoo,2,4,Feb_W4,0.0,612.0
Black-billed Cuckoo,3,1,Mar_W1,0.0,608.0
Black-billed Cuckoo,3,2,Mar_W2,0.0,740.0
Black-billed Cuckoo,3,3,Mar_W3,0.0,665.0
Black-billed Cuckoo,3,4,Mar_W4,0.0,843.0
Black-billed Cuckoo,4,1,Apr_W1,0.0,743.0
Black-billed Cuckoo,4,2,Apr_W2,0.0,762.0
Black-billed Cuckoo,4,3,Apr_W3,0.0,775.0
Black-billed Cuckoo,4,4,Apr_W4,0.0,1200.0
Black-billed Cuckoo,5,1,May_W1,0.0,1394.0
Black-billed Cuckoo,5,2,May_W2,0.0094431,4130.0
Black-billed Cuckoo,5,3,May_W3,0.0243514,8788.0
Black-billed Cuckoo,5,4,May_W4,0.0404555,3337.0
Black-billed Cuckoo,6,1,Jun_W1,0.0373057,965.0
Black-billed Cuckoo,6,2,Jun_W2,0.0420168,714.0
Black-billed Cuckoo,6,3,Jun_W3,0.0400641,624.0
Black-billed Cuckoo,6,4,Jun_W4,0.0539773,704.0
Black-billed Cuckoo,7,1,Jul_W1,0.032538,922.0
Black-billed Cuckoo,7,2,Jul_W2,0.0308166,649.0
Black-billed Cuckoo,7,3,Jul_W3,0.0352505,539.0
Black-billed Cuckoo,7,4,Jul_W4,0.0251397,716.0
Black-billed Cuckoo,8,1,Aug_W1,0.0221811,541.0
Black-billed Cuckoo,8,2,Aug_W2,0.0280172,464.0
Black-billed Cuckoo,8,3,Aug_W3,0.0036832,543.0
Black-billed Cuckoo,8,4,Aug_W4,0.0091384,766.0
Black-billed Cuckoo,9,1,Sep_W1,0.0094044,638.0
Black-billed Cuckoo,9,2,Sep_W2,0.009434,530.0
Black-billed Cuckoo,9,3,Sep_W3,0.0015,500.0
Black-billed Cuckoo,9,4,Sep_W4,0.0,602.0
Black-billed Cuckoo,10,1,Oct_W1,0.0,378.0
Black-billed Cuckoo,10,2,Oct_W2,0.0022989,435.0
Black-billed Cuckoo,10,3,Oct_W3,0.0,385.0
Black-billed Cuckoo,10,4,Oct_W4,0.0,645.0
Black-billed Cuckoo,11,1,Nov_W1,0.0,434.0
Black-billed Cuckoo,11,2,Nov_W2,0.0,468.0
Black-billed Cuckoo,11,3,Nov_W3,0.0,441.0
Black-billed Cuckoo,11,4,Nov_W4,0.0,600.0
Black-billed Cuckoo,12,1,Dec_W1,0.0,446.0
Black-billed Cuckoo,12,2,Dec_W2,0.0,529.0
Black-billed Cuckoo,12,3,Dec_W3,0.0,552.0
Black-billed Cuckoo,12,4,Dec_W4,0.0,695.0
Common Nighthawk,1,1,Jan_W1,0.0,823.0
Common Nighthawk,1,2,Jan_W2,0.0,605.0
Common Nighthawk,1,3,Jan_W3,0.0,523.0
Common Nighthawk,1,4,Jan_W4,0.0,730.0
Common Nighthawk,2,1,Feb_W1,0.0,496.0
Common Nighthawk,2,2,Feb_W2,0.0,822.0
Common Nighthawk,2,3,Feb_W3,0.0,1575.0
Common Nighthawk,2,4,Feb_W4,0.0,612.0
Common Nighthawk,3,1,Mar_W1,0.0,608.0
Common Nighthawk,3,2,Mar_W2,0.0,740.0
Common Nighthawk,3,3,Mar_W3,0.0,665.0
Common Nighthawk,3,4,Mar_W4,0.0,843.0
Common Nighthawk,4,1,Apr_W1,0.0,743.0
Common Nighthawk,4,2,Apr_W2,0.0,762.0
Common Nighthawk,4,3,Apr_W3,0.0,775.0
Common Nighthawk,4,4,Apr_W4,0.0,1200.0
Common Nighthawk,5,1,May_W1,0.0,1394.0
Common Nighthawk,5,2,May_W2,0.0128329,4130.0
Common Nighthawk,5,3,May_W3,0.0579199,8788.0
Common Nighthawk,5,4,May_W4,0.0620318,3337.0
Common Nighthawk,6,1,Jun_W1,0.038342,965.0
Common Nighthawk,6,2,Jun_W2,0.0280112,714.0
Common Nighthawk,6,3,Jun_W3,0.0304487,624.0
Common Nighthawk,6,4,Jun_W4,0.0269886,704.0
Common Nighthawk,7,1,Jul_W1,0.0260304,922.0
Common Nighthawk,7,2,Jul_W2,0.03698,649.0
Common Nighthawk,7,3,Jul_W3,0.0185529,539.0
Common Nighthawk,7,4,Jul_W4,0.0293296,716.0
Common Nighthawk,8,1,Aug_W1,0.0184843,541.0
Common Nighthawk,8,2,Aug_W2,0.0215517,464.0
Common Nighthawk,8,3,Aug_W3,0.0791897,543.0
Common Nighthawk,8,4,Aug_W4,0.0561358,766.0
Common Nighthawk,9,1,Sep_W1,0.0219436,638.0
Common Nighthawk,9,2,Sep_W2,0.0056604,530.0
Common Nighthawk,9,3,Sep_W3,0.002,500.0
Common Nighthawk,9,4,Sep_W4,0.0016611,602.0
Common Nighthawk,10,1,Oct_W1,0.0,378.0
Common Nighthawk,10,2,Oct_W2,0.0,435.0
Common Nighthawk,10,3,Oct_W3,0.0,385.0
Common Nighthawk,10,4,Oct_W4,0.0,645.0
Common Nighthawk,11,1,Nov_W1,0.0,434.0
Common Nighthawk,11,2,Nov_W2,0.0,468.0
Common Nighthawk,11,3,Nov_W3,0.0,441.0
Common Nighthawk,11,4,Nov_W4,0.0,600.0
Common Nighthawk,12,1,Dec_W1,0.0,446.0
Common Nighthawk,12,2,Dec_W2,0.0,529.0
Common Nighthawk,12,3,Dec_W3,0.0,552.0
Common Nighthawk,12,4,Dec_W4,0.0,695.0
Chuck-will's-widow,1,1,Jan_W1,0.0,823.0
Chuck-will's-widow,1,2,Jan_W2,0.0,605.0
Chuck-will's-widow,1,3,Jan_W3,0.0,523.0
Chuck-will's-widow,1,4,Jan_W4,0.0,730.0
Chuck-will's-widow,2,1,Feb_W1,0.0,496.0
Chuck-will's-widow,2,2,Feb_W2,0.0,822.0
Chuck-will's-widow,2,3,Feb_W3,0.0,1575.0
Chuck-will's-widow,2,4,Feb_W4,0.0,612.0
Chuck-will's-widow,3,1,Mar_W1,0.0,608.0
Chuck-will's-widow,3,2,Mar_W2,0.0,740.0
Chuck-will's-widow,3,3,Mar_W3,0.0,665.0
Chuck-will's-widow,3,4,Mar_W4,0.0,843.0
Chuck-will's-widow,4,1,Apr_W1,0.0,743.0
Chuck-will's-widow,4,2,Apr_W2,0.0,762.0
Chuck-will's-widow,4,3,Apr_W3,0.0,775.0
Chuck-will's-widow,4,4,Apr_W4,0.0,1200.0
Chuck-will's-widow,5,1,May_W1,0.0,1394.0
Chuck-will's-widow,5,2,May_W2,0.0,4130.0
Chuck-will's-widow,5,3,May_W3,0.0,8788.0
Chuck-will's-widow,5,4,May_W4,0.0015,3337.0
Chuck-will's-widow,6,1,Jun_W1,0.0,965.0
Chuck-will's-widow,6,2,Jun_W2,0.0,714.0
Chuck-will's-widow,6,3,Jun_W3,0.0,624.0
Chuck-will's-widow,6,4,Jun_W4,0.0,704.0
Chuck-will's-widow,7,1,Jul_W1,0.0,922.0
Chuck-will's-widow,7,2,Jul_W2,0.0,649.0
Chuck-will's-widow,7,3,Jul_W3,0.0,539.0
Chuck-will's-widow,7,4,Jul_W4,0.0,716.0
Chuck-will's-widow,8,1,Aug_W1,0.0,541.0
Chuck-will's-widow,8,2,Aug_W2,0.0,464.0
Chuck-will's-widow,8,3,Aug_W3,0.0,543.0
Chuck-will's-widow,8,4,Aug_W4,0.0,766.0
Chuck-will's-widow,9,1,Sep_W1,0.0,638.0
Chuck-will's-widow,9,2,Sep_W2,0.0,530.0
Chuck-will's-widow,9,3,Sep_W3,0.0,500.0
Chuck-will's-widow,9,4,Sep_W4,0.0,602.0
Chuck-will's-widow,10,1,Oct_W1,0.0,378.0
Chuck-will's-widow,10,2,Oct_W2,0.0,435.0
Chuck-will's-widow,10,3,Oct_W3,0.0,385.0
Chuck-will's-widow,10,4,Oct_W4,0.0,645.0
Chuck-will's-widow,11,1,Nov_W1,0.0,434.0
Chuck-will's-widow,11,2,Nov_W2,0.0,468.0
Chuck-will's-widow,11,3,Nov_W3,0.0,441.0
Chuck-will's-widow,11,4,Nov_W4,0.0,600.0
Chuck-will's-widow,12,1,Dec_W1,0.0,446.0
Chuck-will's-widow,12,2,Dec_W2,0.0,529.0
Chuck-will's-widow,12,3,Dec_W3,0.0,552.0
Chuck-will's-widow,12,4,Dec_W4,0.0,695.0
Eastern Whip-poor-will,1,1,Jan_W1,0.0,823.0
Eastern Whip-poor-will,1,2,Jan_W2,0.0,605.0
Eastern Whip-poor-will,1,3,Jan_W3,0.0,523.0
Eastern Whip-poor-will,1,4,Jan_W4,0.0,730.0
Eastern Whip-poor-will,2,1,Feb_W1,0.0,496.0
Eastern Whip-poor-will,2,2,Feb_W2,0.0,822.0
Eastern Whip-poor-will,2,3,Feb_W3,0.0,1575.0
Eastern Whip-poor-will,2,4,Feb_W4,0.0,612.0
Eastern Whip-poor-will,3,1,Mar_W1,0.0,608.0
Eastern Whip-poor-will,3,2,Mar_W2,0.0,740.0
Eastern Whip-poor-will,3,3,Mar_W3,0.0,665.0
Eastern Whip-poor-will,3,4,Mar_W4,0.0,843.0
Eastern Whip-poor-will,4,1,Apr_W1,0.0,743.0
Eastern Whip-poor-will,4,2,Apr_W2,0.0,762.0
Eastern Whip-poor-will,4,3,Apr_W3,0.0012903,775.0
Eastern Whip-poor-will,4,4,Apr_W4,0.0033333,1200.0
Eastern Whip-poor-will,5,1,May_W1,0.0114778,1394.0
Eastern Whip-poor-will,5,2,May_W2,0.0251816,4130.0
Eastern Whip-poor-will,5,3,May_W3,0.0362995,8788.0
Eastern Whip-poor-will,5,4,May_W4,0.0248726,3337.0
Eastern Whip-poor-will,6,1,Jun_W1,0.0093264,965.0
Eastern Whip-poor-will,6,2,Jun_W2,0.0168067,714.0
Eastern Whip-poor-will,6,3,Jun_W3,0.0160256,624.0
Eastern Whip-poor-will,6,4,Jun_W4,0.0113636,704.0
Eastern Whip-poor-will,7,1,Jul_W1,0.0130152,922.0
Eastern Whip-poor-will,7,2,Jul_W2,0.0077042,649.0
Eastern Whip-poor-will,7,3,Jul_W3,0.0074212,539.0
Eastern Whip-poor-will,7,4,Jul_W4,0.0055866,716.0
Eastern Whip-poor-will,8,1,Aug_W1,0.0018484,541.0
Eastern Whip-poor-will,8,2,Aug_W2,0.0043103,464.0
Eastern Whip-poor-will,8,3,Aug_W3,0.0036832,543.0
Eastern Whip-poor-will,8,4,Aug_W4,0.002611,766.0
Eastern Whip-poor-will,9,1,Sep_W1,0.0062696,638.0
Eastern Whip-poor-will,9,2,Sep_W2,0.0075472,530.0
Eastern Whip-poor-will,9,3,Sep_W3,0.004,500.0
Eastern Whip-poor-will,9,4,Sep_W4,0.0033223,602.0
Eastern Whip-poor-will,10,1,Oct_W1,0.0,378.0
Eastern Whip-poor-will,10,2,Oct_W2,0.0,435.0
Eastern Whip-poor-will,10,3,Oct_W3,0.0,385.0
Eastern Whip-poor-will,10,4,Oct_W4,0.0015,645.0
Eastern Whip-poor-will,11,1,Nov_W1,0.0,434.0
Eastern Whip-poor-will,11,2,Nov_W2,0.0,468.0
Eastern Whip-poor-will,11,3,Nov_W3,0.0,441.0
Eastern Whip-poor-will,11,4,Nov_W4,0.0,600.0
Eastern Whip-poor-will,12,1,Dec_W1,0.0,446.0
Eastern Whip-poor-will,12,2,Dec_W2,0.0,529.0
Eastern Whip-poor-will,12,3,Dec_W3,0.0,552.0
Eastern Whip-poor-will,12,4,Dec_W4,0.0,695.0
White-collared Swift,1,1,Jan_W1,0.0,823.0
White-collared Swift,1,2,Jan_W2,0.0,605.0
White-collared Swift,1,3,Jan_W3,0.0,523.0
White-collared Swift,1,4,Jan_W4,0.0,730.0
White-collared Swift,2,1,Feb_W1,0.0,496.0
White-collared Swift,2,2,Feb_W2,0.0,822.0
White-collared Swift,2,3,Feb_W3,0.0,1575.0
White-collared Swift,2,4,Feb_W4,0.0,612.0
White-collared Swift,3,1,Mar_W1,0.0,608.0
White-collared Swift,3,2,Mar_W2,0.0,740.0
White-collared Swift,3,3,Mar_W3,0.0,665.0
White-collared Swift,3,4,Mar_W4,0.0,843.0
White-collared Swift,4,1,Apr_W1,0.0,743.0
White-collared Swift,4,2,Apr_W2,0.0,762.0
White-collared Swift,4,3,Apr_W3,0.0,775.0
White-collared Swift,4,4,Apr_W4,0.0,1200.0
White-collared Swift,5,1,May_W1,0.0,1394.0
White-collared Swift,5,2,May_W2,0.0,4130.0
White-collared Swift,5,3,May_W3,0.0015,8788.0
White-collared Swift,5,4,May_W4,0.0,3337.0
White-collared Swift,6,1,Jun_W1,0.0,965.0
White-collared Swift,6,2,Jun_W2,0.0,714.0
White-collared Swift,6,3,Jun_W3,0.0,624.0
White-collared Swift,6,4,Jun_W4,0.0,704.0
White-collared Swift,7,1,Jul_W1,0.0,922.0
White-collared Swift,7,2,Jul_W2,0.0,649.0
White-collared Swift,7,3,Jul_W3,0.0,539.0
White-collared Swift,7,4,Jul_W4,0.0,716.0
White-collared Swift,8,1,Aug_W1,0.0,541.0
White-collared Swift,8,2,Aug_W2,0.0,464.0
White-collared Swift,8,3,Aug_W3,0.0,543.0
White-collared Swift,8,4,Aug_W4,0.0,766.0
White-collared Swift,9,1,Sep_W1,0.0,638.0
White-collared Swift,9,2,Sep_W2,0.0,530.0
White-collared Swift,9,3,Sep_W3,0.0,500.0
White-collared Swift,9,4,Sep_W4,0.0,602.0
White-collared Swift,10,1,Oct_W1,0.0,378.0
White-collared Swift,10,2,Oct_W2,0.0,435.0
White-collared Swift,10,3,Oct_W3,0.0,385.0
White-collared Swift,10,4,Oct_W4,0.0,645.0
White-collared Swift,11,1,Nov_W1,0.0,434.0
White-collared Swift,11,2,Nov_W2,0.0,468.0
White-collared Swift,11,3,Nov_W3,0.0,441.0
White-collared Swift,11,4,Nov_W4,0.0,600.0
White-collared Swift,12,1,Dec_W1,0.0,446.0
White-collared Swift,12,2,Dec_W2,0.0,529.0
White-collared Swift,12,3,Dec_W3,0.0,552.0
White-collared Swift,12,4,Dec_W4,0.0,695.0
Chimney Swift,1,1,Jan_W1,0.0,823.0
Chimney Swift,1,2,Jan_W2,0.0,605.0
Chimney Swift,1,3,Jan_W3,0.0,523.0
Chimney Swift,1,4,Jan_W4,0.0,730.0
Chimney Swift,2,1,Feb_W1,0.0,496.0
Chimney Swift,2,2,Feb_W2,0.0,822.0
Chimney Swift,2,3,Feb_W3,0.0,1575.0
Chimney Swift,2,4,Feb_W4,0.0,612.0
Chimney Swift,3,1,Mar_W1,0.0,608.0
Chimney Swift,3,2,Mar_W2,0.0,740.0
Chimney Swift,3,3,Mar_W3,0.0,665.0
Chimney Swift,3,4,Mar_W4,0.0,843.0
Chimney Swift,4,1,Apr_W1,0.0,743.0
Chimney Swift,4,2,Apr_W2,0.0,762.0
Chimney Swift,4,3,Apr_W3,0.0012903,775.0
Chimney Swift,4,4,Apr_W4,0.015,1200.0
Chimney Swift,5,1,May_W1,0.0487805,1394.0
Chimney Swift,5,2,May_W2,0.0847458,4130.0
Chimney Swift,5,3,May_W3,0.1602185,8788.0
Chimney Swift,5,4,May_W4,0.1348517,3337.0
Chimney Swift,6,1,Jun_W1,0.0849741,965.0
Chimney Swift,6,2,Jun_W2,0.0588235,714.0
Chimney Swift,6,3,Jun_W3,0.0496795,624.0
Chimney Swift,6,4,Jun_W4,0.0426136,704.0
Chimney Swift,7,1,Jul_W1,0.0574837,922.0
Chimney Swift,7,2,Jul_W2,0.0477658,649.0
Chimney Swift,7,3,Jul_W3,0.0482375,539.0
Chimney Swift,7,4,Jul_W4,0.0460894,716.0
Chimney Swift,8,1,Aug_W1,0.0591497,541.0
Chimney Swift,8,2,Aug_W2,0.075431,464.0
Chimney Swift,8,3,Aug_W3,0.0791897,543.0
Chimney Swift,8,4,Aug_W4,0.035248,766.0
Chimney Swift,9,1,Sep_W1,0.0203762,638.0
Chimney Swift,9,2,Sep_W2,0.0018868,530.0
Chimney Swift,9,3,Sep_W3,0.012,500.0
Chimney Swift,9,4,Sep_W4,0.0049834,602.0
Chimney Swift,10,1,Oct_W1,0.0,378.0
Chimney Swift,10,2,Oct_W2,0.0,435.0
Chimney Swift,10,3,Oct_W3,0.0,385.0
Chimney Swift,10,4,Oct_W4,0.0,645.0
Chimney Swift,11,1,Nov_W1,0.0,434.0
Chimney Swift,11,2,Nov_W2,0.0,468.0
Chimney Swift,11,3,Nov_W3,0.0,441.0
Chimney Swift,11,4,Nov_W4,0.0,600.0
Chimney Swift,12,1,Dec_W1,0.0,446.0
Chimney Swift,12,2,Dec_W2,0.0,529.0
Chimney Swift,12,3,Dec_W3,0.0,552.0
Chimney Swift,12,4,Dec_W4,0.0,695.0
Ruby-throated Hummingbird,1,1,Jan_W1,0.0,823.0
Ruby-throated Hummingbird,1,2,Jan_W2,0.0,605.0
Ruby-throated Hummingbird,1,3,Jan_W3,0.0,523.0
Ruby-throated Hummingbird,1,4,Jan_W4,0.0,730.0
Ruby-throated Hummingbird,2,1,Feb_W1,0.0,496.0
Ruby-throated Hummingbird,2,2,Feb_W2,0.0,822.0
Ruby-throated Hummingbird,2,3,Feb_W3,0.0,1575.0
Ruby-throated Hummingbird,2,4,Feb_W4,0.0,612.0
Ruby-throated Hummingbird,3,1,Mar_W1,0.0,608.0
Ruby-throated Hummingbird,3,2,Mar_W2,0.0,740.0
Ruby-throated Hummingbird,3,3,Mar_W3,0.0,665.0
Ruby-throated Hummingbird,3,4,Mar_W4,0.0,843.0
Ruby-throated Hummingbird,4,1,Apr_W1,0.0,743.0
Ruby-throated Hummingbird,4,2,Apr_W2,0.0,762.0
Ruby-throated Hummingbird,4,3,Apr_W3,0.0,775.0
Ruby-throated Hummingbird,4,4,Apr_W4,0.0041667,1200.0
Ruby-throated Hummingbird,5,1,May_W1,0.08967,1394.0
Ruby-throated Hummingbird,5,2,May_W2,0.3634383,4130.0
Ruby-throated Hummingbird,5,3,May_W3,0.4022531,8788.0
Ruby-throated Hummingbird,5,4,May_W4,0.2915793,3337.0
Ruby-throated Hummingbird,6,1,Jun_W1,0.1948187,965.0
Ruby-throated Hummingbird,6,2,Jun_W2,0.1652661,714.0
Ruby-throated Hummingbird,6,3,Jun_W3,0.1778846,624.0
Ruby-throated Hummingbird,6,4,Jun_W4,0.1477273,704.0
Ruby-throated Hummingbird,7,1,Jul_W1,0.1225597,922.0
Ruby-throated Hummingbird,7,2,Jul_W2,0.1325116,649.0
Ruby-throated Hummingbird,7,3,Jul_W3,0.1818182,539.0
Ruby-throated Hummingbird,7,4,Jul_W4,0.1857542,716.0
Ruby-throated Hummingbird,8,1,Aug_W1,0.2162662,541.0
Ruby-throated Hummingbird,8,2,Aug_W2,0.2564655,464.0
Ruby-throated Hummingbird,8,3,Aug_W3,0.2559853,543.0
Ruby-throated Hummingbird,8,4,Aug_W4,0.2859008,766.0
Ruby-throated Hummingbird,9,1,Sep_W1,0.2288401,638.0
Ruby-throated Hummingbird,9,2,Sep_W2,0.1962264,530.0
Ruby-throated Hummingbird,9,3,Sep_W3,0.102,500.0
Ruby-throated Hummingbird,9,4,Sep_W4,0.0116279,602.0
Ruby-throated Hummingbird,10,1,Oct_W1,0.0026455,378.0
Ruby-throated Hummingbird,10,2,Oct_W2,0.0022989,435.0
Ruby-throated Hummingbird,10,3,Oct_W3,0.0,385.0
Ruby-throated Hummingbird,10,4,Oct_W4,0.0,645.0
Ruby-throated Hummingbird,11,1,Nov_W1,0.0,434.0
Ruby-throated Hummingbird,11,2,Nov_W2,0.0,468.0
Ruby-throated Hummingbird,11,3,Nov_W3,0.0,441.0
Ruby-throated Hummingbird,11,4,Nov_W4,0.0,600.0
Ruby-throated Hummingbird,12,1,Dec_W1,0.0,446.0
Ruby-throated Hummingbird,12,2,Dec_W2,0.0,529.0
Ruby-throated Hummingbird,12,3,Dec_W3,0.0,552.0
Ruby-throated Hummingbird,12,4,Dec_W4,0.0,695.0
King Rail,1,1,Jan_W1,0.0,823.0
King Rail,1,2,Jan_W2,0.0,605.0
King Rail,1,3,Jan_W3,0.0,523.0
King Rail,1,4,Jan_W4,0.0,730.0
King Rail,2,1,Feb_W1,0.0,496.0
King Rail,2,2,Feb_W2,0.0,822.0
King Rail,2,3,Feb_W3,0.0,1575.0
King Rail,2,4,Feb_W4,0.0,612.0
King Rail,3,1,Mar_W1,0.0,608.0
King Rail,3,2,Mar_W2,0.0,740.0
King Rail,3,3,Mar_W3,0.0,665.0
King Rail,3,4,Mar_W4,0.0,843.0
King Rail,4,1,Apr_W1,0.0,743.0
King Rail,4,2,Apr_W2,0.0,762.0
King Rail,4,3,Apr_W3,0.0,775.0
King Rail,4,4,Apr_W4,0.0,1200.0
King Rail,5,1,May_W1,0.0,1394.0
King Rail,5,2,May_W2,0.0,4130.0
King Rail,5,3,May_W3,0.0069413,8788.0
King Rail,5,4,May_W4,0.0044951,3337.0
King Rail,6,1,Jun_W1,0.0072539,965.0
King Rail,6,2,Jun_W2,0.0,714.0
King Rail,6,3,Jun_W3,0.0,624.0
King Rail,6,4,Jun_W4,0.0,704.0
King Rail,7,1,Jul_W1,0.0,922.0
King Rail,7,2,Jul_W2,0.0,649.0
King Rail,7,3,Jul_W3,0.0,539.0
King Rail,7,4,Jul_W4,0.0,716.0
King Rail,8,1,Aug_W1,0.0,541.0
King Rail,8,2,Aug_W2,0.0,464.0
King Rail,8,3,Aug_W3,0.0,543.0
King Rail,8,4,Aug_W4,0.0,766.0
King Rail,9,1,Sep_W1,0.0,638.0
King Rail,9,2,Sep_W2,0.0,530.0
King Rail,9,3,Sep_W3,0.0,500.0
King Rail,9,4,Sep_W4,0.0,602.0
King Rail,10,1,Oct_W1,0.0,378.0
King Rail,10,2,Oct_W2,0.0,435.0
King Rail,10,3,Oct_W3,0.0,385.0
King Rail,10,4,Oct_W4,0.0,645.0
King Rail,11,1,Nov_W1,0.0,434.0
King Rail,11,2,Nov_W2,0.0,468.0
King Rail,11,3,Nov_W3,0.0,441.0
King Rail,11,4,Nov_W4,0.0,600.0
King Rail,12,1,Dec_W1,0.0,446.0
King Rail,12,2,Dec_W2,0.0,529.0
King Rail,12,3,Dec_W3,0.0,552.0
King Rail,12,4,Dec_W4,0.0,695.0
Virginia Rail,1,1,Jan_W1,0.0,823.0
Virginia Rail,1,2,Jan_W2,0.0,605.0
Virginia Rail,1,3,Jan_W3,0.0,523.0
Virginia Rail,1,4,Jan_W4,0.0,730.0
Virginia Rail,2,1,Feb_W1,0.0,496.0
Virginia Rail,2,2,Feb_W2,0.0,822.0
Virginia Rail,2,3,Feb_W3,0.0,1575.0
Virginia Rail,2,4,Feb_W4,0.0,612.0
Virginia Rail,3,1,Mar_W1,0.0,608.0
Virginia Rail,3,2,Mar_W2,0.0,740.0
Virginia Rail,3,3,Mar_W3,0.0030075,665.0
Virginia Rail,3,4,Mar_W4,0.0011862,843.0
Virginia Rail,4,1,Apr_W1,0.0,743.0
Virginia Rail,4,2,Apr_W2,0.0052493,762.0
Virginia Rail,4,3,Apr_W3,0.0090323,775.0
Virginia Rail,4,4,Apr_W4,0.03,1200.0
Virginia Rail,5,1,May_W1,0.0416069,1394.0
Virginia Rail,5,2,May_W2,0.037046,4130.0
Virginia Rail,5,3,May_W3,0.0579199,8788.0
Virginia Rail,5,4,May_W4,0.0455499,3337.0
Virginia Rail,6,1,Jun_W1,0.0321244,965.0
Virginia Rail,6,2,Jun_W2,0.0462185,714.0
Virginia Rail,6,3,Jun_W3,0.0544872,624.0
Virginia Rail,6,4,Jun_W4,0.0482955,704.0
Virginia Rail,7,1,Jul_W1,0.0314534,922.0
Virginia Rail,7,2,Jul_W2,0.0323575,649.0
Virginia Rail,7,3,Jul_W3,0.0371058,539.0
Virginia Rail,7,4,Jul_W4,0.0265363,716.0
Virginia Rail,8,1,Aug_W1,0.0277264,541.0
Virginia Rail,8,2,Aug_W2,0.0215517,464.0
Virginia Rail,8,3,Aug_W3,0.0239411,543.0
Virginia Rail,8,4,Aug_W4,0.0261097,766.0
Virginia Rail,9,1,Sep_W1,0.0188088,638.0
Virginia Rail,9,2,Sep_W2,0.0075472,530.0
Virginia Rail,9,3,Sep_W3,0.018,500.0
Virginia Rail,9,4,Sep_W4,0.013289,602.0
Virginia Rail,10,1,Oct_W1,0.0,378.0
Virginia Rail,10,2,Oct_W2,0.0068966,435.0
Virginia Rail,10,3,Oct_W3,0.0,385.0
Virginia Rail,10,4,Oct_W4,0.0,645.0
Virginia Rail,11,1,Nov_W1,0.0,434.0
Virginia Rail,11,2,Nov_W2,0.0,468.0
Virginia Rail,11,3,Nov_W3,0.0,441.0
Virginia Rail,11,4,Nov_W4,0.0,600.0
Virginia Rail,12,1,Dec_W1,0.0,446.0
Virginia Rail,12,2,Dec_W2,0.0,529.0
Virginia Rail,12,3,Dec_W3,0.0,552.0
Virginia Rail,12,4,Dec_W4,0.0,695.0
Sora,1,1,Jan_W1,0.0,823.0
Sora,1,2,Jan_W2,0.0,605.0
Sora,1,3,Jan_W3,0.0,523.0
Sora,1,4,Jan_W4,0.0,730.0
Sora,2,1,Feb_W1,0.0,496.0
Sora,2,2,Feb_W2,0.0,822.0
Sora,2,3,Feb_W3,0.0,1575.0
Sora,2,4,Feb_W4,0.0,612.0
Sora,3,1,Mar_W1,0.0,608.0
Sora,3,2,Mar_W2,0.0,740.0
Sora,3,3,Mar_W3,0.0,665.0
Sora,3,4,Mar_W4,0.0,843.0
Sora,4,1,Apr_W1,0.0026918,743.0
Sora,4,2,Apr_W2,0.0013123,762.0
Sora,4,3,Apr_W3,0.0103226,775.0
Sora,4,4,Apr_W4,0.0333333,1200.0
Sora,5,1,May_W1,0.0760402,1394.0
Sora,5,2,May_W2,0.096368,4130.0
Sora,5,3,May_W3,0.1217569,8788.0
Sora,5,4,May_W4,0.0770153,3337.0
Sora,6,1,Jun_W1,0.0476684,965.0
Sora,6,2,Jun_W2,0.0490196,714.0
Sora,6,3,Jun_W3,0.0352564,624.0
Sora,6,4,Jun_W4,0.03125,704.0
Sora,7,1,Jul_W1,0.016269,922.0
Sora,7,2,Jul_W2,0.009245,649.0
Sora,7,3,Jul_W3,0.0111317,539.0
Sora,7,4,Jul_W4,0.0125698,716.0
Sora,8,1,Aug_W1,0.0092421,541.0
Sora,8,2,Aug_W2,0.0086207,464.0
Sora,8,3,Aug_W3,0.0110497,543.0
Sora,8,4,Aug_W4,0.0104439,766.0
Sora,9,1,Sep_W1,0.0172414,638.0
Sora,9,2,Sep_W2,0.0245283,530.0
Sora,9,3,Sep_W3,0.022,500.0
Sora,9,4,Sep_W4,0.0116279,602.0
Sora,10,1,Oct_W1,0.0079365,378.0
Sora,10,2,Oct_W2,0.0045977,435.0
Sora,10,3,Oct_W3,0.0,385.0
Sora,10,4,Oct_W4,0.0015,645.0
Sora,11,1,Nov_W1,0.0,434.0
Sora,11,2,Nov_W2,0.0,468.0
Sora,11,3,Nov_W3,0.0,441.0
Sora,11,4,Nov_W4,0.0,600.0
Sora,12,1,Dec_W1,0.0,446.0
Sora,12,2,Dec_W2,0.0,529.0
Sora,12,3,Dec_W3,0.0,552.0
Sora,12,4,Dec_W4,0.0,695.0
Common Gallinule,1,1,Jan_W1,0.0,823.0
Common Gallinule,1,2,Jan_W2,0.0,605.0
Common Gallinule,1,3,Jan_W3,0.0,523.0
Common Gallinule,1,4,Jan_W4,0.0,730.0
Common Gallinule,2,1,Feb_W1,0.0,496.0
Common Gallinule,2,2,Feb_W2,0.0,822.0
Common Gallinule,2,3,Feb_W3,0.0,1575.0
Common Gallinule,2,4,Feb_W4,0.0,612.0
Common Gallinule,3,1,Mar_W1,0.0,608.0
Common Gallinule,3,2,Mar_W2,0.0,740.0
Common Gallinule,3,3,Mar_W3,0.0,665.0
Common Gallinule,3,4,Mar_W4,0.0,843.0
Common Gallinule,4,1,Apr_W1,0.0,743.0
Common Gallinule,4,2,Apr_W2,0.0,762.0
Common Gallinule,4,3,Apr_W3,0.0,775.0
Common Gallinule,4,4,Apr_W4,0.005,1200.0
Common Gallinule,5,1,May_W1,0.0043042,1394.0
Common Gallinule,5,2,May_W2,0.005569,4130.0
Common Gallinule,5,3,May_W3,0.0065999,8788.0
Common Gallinule,5,4,May_W4,0.0047947,3337.0
Common Gallinule,6,1,Jun_W1,0.0093264,965.0
Common Gallinule,6,2,Jun_W2,0.0154062,714.0
Common Gallinule,6,3,Jun_W3,0.0096154,624.0
Common Gallinule,6,4,Jun_W4,0.0099432,704.0
Common Gallinule,7,1,Jul_W1,0.0173536,922.0
Common Gallinule,7,2,Jul_W2,0.0138675,649.0
Common Gallinule,7,3,Jul_W3,0.0166976,539.0
Common Gallinule,7,4,Jul_W4,0.0209497,716.0
Common Gallinule,8,1,Aug_W1,0.0240296,541.0
Common Gallinule,8,2,Aug_W2,0.0150862,464.0
Common Gallinule,8,3,Aug_W3,0.0092081,543.0
Common Gallinule,8,4,Aug_W4,0.0169713,766.0
Common Gallinule,9,1,Sep_W1,0.0188088,638.0
Common Gallinule,9,2,Sep_W2,0.0188679,530.0
Common Gallinule,9,3,Sep_W3,0.014,500.0
Common Gallinule,9,4,Sep_W4,0.0066445,602.0
Common Gallinule,10,1,Oct_W1,0.0,378.0
Common Gallinule,10,2,Oct_W2,0.0,435.0
Common Gallinule,10,3,Oct_W3,0.0,385.0
Common Gallinule,10,4,Oct_W4,0.0,645.0
Common Gallinule,11,1,Nov_W1,0.0,434.0
Common Gallinule,11,2,Nov_W2,0.0,468.0
Common Gallinule,11,3,Nov_W3,0.0,441.0
Common Gallinule,11,4,Nov_W4,0.0,600.0
Common Gallinule,12,1,Dec_W1,0.0,446.0
Common Gallinule,12,2,Dec_W2,0.0,529.0
Common Gallinule,12,3,Dec_W3,0.0,552.0
Common Gallinule,12,4,Dec_W4,0.0,695.0
American Coot,1,1,Jan_W1,0.0121507,823.0
American Coot,1,2,Jan_W2,0.0049587,605.0
American Coot,1,3,Jan_W3,0.0038241,523.0
American Coot,1,4,Jan_W4,0.0068493,730.0
American Coot,2,1,Feb_W1,0.0,496.0
American Coot,2,2,Feb_W2,0.0,822.0
American Coot,2,3,Feb_W3,0.0006349,1575.0
American Coot,2,4,Feb_W4,0.0,612.0
American Coot,3,1,Mar_W1,0.0,608.0
American Coot,3,2,Mar_W2,0.0067568,740.0
American Coot,3,3,Mar_W3,0.0015038,665.0
American Coot,3,4,Mar_W4,0.0094899,843.0
American Coot,4,1,Apr_W1,0.0094213,743.0
American Coot,4,2,Apr_W2,0.0249344,762.0
American Coot,4,3,Apr_W3,0.0154839,775.0
American Coot,4,4,Apr_W4,0.0216667,1200.0
American Coot,5,1,May_W1,0.0064562,1394.0
American Coot,5,2,May_W2,0.0087167,4130.0
American Coot,5,3,May_W3,0.0096723,8788.0
American Coot,5,4,May_W4,0.003596,3337.0
American Coot,6,1,Jun_W1,0.0041451,965.0
American Coot,6,2,Jun_W2,0.0056022,714.0
American Coot,6,3,Jun_W3,0.0032051,624.0
American Coot,6,4,Jun_W4,0.0042614,704.0
American Coot,7,1,Jul_W1,0.0032538,922.0
American Coot,7,2,Jul_W2,0.009245,649.0
American Coot,7,3,Jul_W3,0.0018553,539.0
American Coot,7,4,Jul_W4,0.0041899,716.0
American Coot,8,1,Aug_W1,0.0036969,541.0
American Coot,8,2,Aug_W2,0.0,464.0
American Coot,8,3,Aug_W3,0.0018416,543.0
American Coot,8,4,Aug_W4,0.0065274,766.0
American Coot,9,1,Sep_W1,0.0015674,638.0
American Coot,9,2,Sep_W2,0.0018868,530.0
American Coot,9,3,Sep_W3,0.004,500.0
American Coot,9,4,Sep_W4,0.0,602.0
American Coot,10,1,Oct_W1,0.0026455,378.0
American Coot,10,2,Oct_W2,0.016092,435.0
American Coot,10,3,Oct_W3,0.0103896,385.0
American Coot,10,4,Oct_W4,0.0093023,645.0
American Coot,11,1,Nov_W1,0.016129,434.0
American Coot,11,2,Nov_W2,0.017094,468.0
American Coot,11,3,Nov_W3,0.0204082,441.0
American Coot,11,4,Nov_W4,0.0333333,600.0
American Coot,12,1,Dec_W1,0.0313901,446.0
American Coot,12,2,Dec_W2,0.0302457,529.0
American Coot,12,3,Dec_W3,0.0126812,552.0
American Coot,12,4,Dec_W4,0.0316547,695.0
Purple Gallinule,1,1,Jan_W1,0.0,823.0
Purple Gallinule,1,2,Jan_W2,0.0,605.0
Purple Gallinule,1,3,Jan_W3,0.0,523.0
Purple Gallinule,1,4,Jan_W4,0.0,730.0
Purple Gallinule,2,1,Feb_W1,0.0,496.0
Purple Gallinule,2,2,Feb_W2,0.0,822.0
Purple Gallinule,2,3,Feb_W3,0.0,1575.0
Purple Gallinule,2,4,Feb_W4,0.0,612.0
Purple Gallinule,3,1,Mar_W1,0.0,608.0
Purple Gallinule,3,2,Mar_W2,0.0,740.0
Purple Gallinule,3,3,Mar_W3,0.0,665.0
Purple Gallinule,3,4,Mar_W4,0.0,843.0
Purple Gallinule,4,1,Apr_W1,0.0,743.0
Purple Gallinule,4,2,Apr_W2,0.0,762.0
Purple Gallinule,4,3,Apr_W3,0.0,775.0
Purple Gallinule,4,4,Apr_W4,0.0,1200.0
Purple Gallinule,5,1,May_W1,0.0007174,1394.0
Purple Gallinule,5,2,May_W2,0.0016949,4130.0
Purple Gallinule,5,3,May_W3,0.0003414,8788.0
Purple Gallinule,5,4,May_W4,0.000899,3337.0
Purple Gallinule,6,1,Jun_W1,0.0010363,965.0
Purple Gallinule,6,2,Jun_W2,0.0,714.0
Purple Gallinule,6,3,Jun_W3,0.0,624.0
Purple Gallinule,6,4,Jun_W4,0.0,704.0
Purple Gallinule,7,1,Jul_W1,0.0,922.0
Purple Gallinule,7,2,Jul_W2,0.0,649.0
Purple Gallinule,7,3,Jul_W3,0.0,539.0
Purple Gallinule,7,4,Jul_W4,0.0,716.0
Purple Gallinule,8,1,Aug_W1,0.0,541.0
Purple Gallinule,8,2,Aug_W2,0.0,464.0
Purple Gallinule,8,3,Aug_W3,0.0,543.0
Purple Gallinule,8,4,Aug_W4,0.0,766.0
Purple Gallinule,9,1,Sep_W1,0.0,638.0
Purple Gallinule,9,2,Sep_W2,0.0,530.0
Purple Gallinule,9,3,Sep_W3,0.0,500.0
Purple Gallinule,9,4,Sep_W4,0.0,602.0
Purple Gallinule,10,1,Oct_W1,0.0,378.0
Purple Gallinule,10,2,Oct_W2,0.0,435.0
Purple Gallinule,10,3,Oct_W3,0.0,385.0
Purple Gallinule,10,4,Oct_W4,0.0,645.0
Purple Gallinule,11,1,Nov_W1,0.0,434.0
Purple Gallinule,11,2,Nov_W2,0.0,468.0
Purple Gallinule,11,3,Nov_W3,0.0,441.0
Purple Gallinule,11,4,Nov_W4,0.0,600.0
Purple Gallinule,12,1,Dec_W1,0.0,446.0
Purple Gallinule,12,2,Dec_W2,0.0,529.0
Purple Gallinule,12,3,Dec_W3,0.0,552.0
Purple Gallinule,12,4,Dec_W4,0.0,695.0
Sandhill Crane,1,1,Jan_W1,0.0,823.0
Sandhill Crane,1,2,Jan_W2,0.0,605.0
Sandhill Crane,1,3,Jan_W3,0.0,523.0
Sandhill Crane,1,4,Jan_W4,0.0,730.0
Sandhill Crane,2,1,Feb_W1,0.0,496.0
Sandhill Crane,2,2,Feb_W2,0.0,822.0
Sandhill Crane,2,3,Feb_W3,0.0,1575.0
Sandhill Crane,2,4,Feb_W4,0.0163399,612.0
Sandhill Crane,3,1,Mar_W1,0.0246711,608.0
Sandhill Crane,3,2,Mar_W2,0.0918919,740.0
Sandhill Crane,3,3,Mar_W3,0.1593985,665.0
Sandhill Crane,3,4,Mar_W4,0.1720047,843.0
Sandhill Crane,4,1,Apr_W1,0.1641992,743.0
Sandhill Crane,4,2,Apr_W2,0.1627297,762.0
Sandhill Crane,4,3,Apr_W3,0.16,775.0
Sandhill Crane,4,4,Apr_W4,0.14,1200.0
Sandhill Crane,5,1,May_W1,0.1484935,1394.0
Sandhill Crane,5,2,May_W2,0.1138015,4130.0
Sandhill Crane,5,3,May_W3,0.1057123,8788.0
Sandhill Crane,5,4,May_W4,0.0881031,3337.0
Sandhill Crane,6,1,Jun_W1,0.0974093,965.0
Sandhill Crane,6,2,Jun_W2,0.1106443,714.0
Sandhill Crane,6,3,Jun_W3,0.088141,624.0
Sandhill Crane,6,4,Jun_W4,0.1306818,704.0
Sandhill Crane,7,1,Jul_W1,0.1334056,922.0
Sandhill Crane,7,2,Jul_W2,0.1248074,649.0
Sandhill Crane,7,3,Jul_W3,0.1187384,539.0
Sandhill Crane,7,4,Jul_W4,0.127095,716.0
Sandhill Crane,8,1,Aug_W1,0.1534196,541.0
Sandhill Crane,8,2,Aug_W2,0.1637931,464.0
Sandhill Crane,8,3,Aug_W3,0.1620626,543.0
Sandhill Crane,8,4,Aug_W4,0.1697128,766.0
Sandhill Crane,9,1,Sep_W1,0.169279,638.0
Sandhill Crane,9,2,Sep_W2,0.1773585,530.0
Sandhill Crane,9,3,Sep_W3,0.172,500.0
Sandhill Crane,9,4,Sep_W4,0.1362126,602.0
Sandhill Crane,10,1,Oct_W1,0.0978836,378.0
Sandhill Crane,10,2,Oct_W2,0.108046,435.0
Sandhill Crane,10,3,Oct_W3,0.0701299,385.0
Sandhill Crane,10,4,Oct_W4,0.0465116,645.0
Sandhill Crane,11,1,Nov_W1,0.0184332,434.0
Sandhill Crane,11,2,Nov_W2,0.0149573,468.0
Sandhill Crane,11,3,Nov_W3,0.0022676,441.0
Sandhill Crane,11,4,Nov_W4,0.0,600.0
Sandhill Crane,12,1,Dec_W1,0.0,446.0
Sandhill Crane,12,2,Dec_W2,0.0,529.0
Sandhill Crane,12,3,Dec_W3,0.0,552.0
Sandhill Crane,12,4,Dec_W4,0.0,695.0
Whooping Crane,1,1,Jan_W1,0.0,823.0
Whooping Crane,1,2,Jan_W2,0.0,605.0
Whooping Crane,1,3,Jan_W3,0.0,523.0
Whooping Crane,1,4,Jan_W4,0.0,730.0
Whooping Crane,2,1,Feb_W1,0.0,496.0
Whooping Crane,2,2,Feb_W2,0.0,822.0
Whooping Crane,2,3,Feb_W3,0.0,1575.0
Whooping Crane,2,4,Feb_W4,0.0,612.0
Whooping Crane,3,1,Mar_W1,0.0,608.0
Whooping Crane,3,2,Mar_W2,0.0,740.0
Whooping Crane,3,3,Mar_W3,0.0015038,665.0
Whooping Crane,3,4,Mar_W4,0.0,843.0
Whooping Crane,4,1,Apr_W1,0.0,743.0
Whooping Crane,4,2,Apr_W2,0.0,762.0
Whooping Crane,4,3,Apr_W3,0.0,775.0
Whooping Crane,4,4,Apr_W4,0.0,1200.0
Whooping Crane,5,1,May_W1,0.0,1394.0
Whooping Crane,5,2,May_W2,0.0,4130.0
Whooping Crane,5,3,May_W3,0.0001138,8788.0
Whooping Crane,5,4,May_W4,0.0,3337.0
Whooping Crane,6,1,Jun_W1,0.0,965.0
Whooping Crane,6,2,Jun_W2,0.0,714.0
Whooping Crane,6,3,Jun_W3,0.0,624.0
Whooping Crane,6,4,Jun_W4,0.0,704.0
Whooping Crane,7,1,Jul_W1,0.0,922.0
Whooping Crane,7,2,Jul_W2,0.0,649.0
Whooping Crane,7,3,Jul_W3,0.0,539.0
Whooping Crane,7,4,Jul_W4,0.0,716.0
Whooping Crane,8,1,Aug_W1,0.0,541.0
Whooping Crane,8,2,Aug_W2,0.0,464.0
Whooping Crane,8,3,Aug_W3,0.0,543.0
Whooping Crane,8,4,Aug_W4,0.0,766.0
Whooping Crane,9,1,Sep_W1,0.0,638.0
Whooping Crane,9,2,Sep_W2,0.0,530.0
Whooping Crane,9,3,Sep_W3,0.0,500.0
Whooping Crane,9,4,Sep_W4,0.0,602.0
Whooping Crane,10,1,Oct_W1,0.0,378.0
Whooping Crane,10,2,Oct_W2,0.0,435.0
Whooping Crane,10,3,Oct_W3,0.0,385.0
Whooping Crane,10,4,Oct_W4,0.0,645.0
Whooping Crane,11,1,Nov_W1,0.0,434.0
Whooping Crane,11,2,Nov_W2,0.0,468.0
Whooping Crane,11,3,Nov_W3,0.0,441.0
Whooping Crane,11,4,Nov_W4,0.0,600.0
Whooping Crane,12,1,Dec_W1,0.0,446.0
Whooping Crane,12,2,Dec_W2,0.0,529.0
Whooping Crane,12,3,Dec_W3,0.0,552.0
Whooping Crane,12,4,Dec_W4,0.0,695.0
American Avocet,1,1,Jan_W1,0.0,823.0
American Avocet,1,2,Jan_W2,0.0,605.0
American Avocet,1,3,Jan_W3,0.0,523.0
American Avocet,1,4,Jan_W4,0.0,730.0
American Avocet,2,1,Feb_W1,0.0,496.0
American Avocet,2,2,Feb_W2,0.0,822.0
American Avocet,2,3,Feb_W3,0.0,1575.0
American Avocet,2,4,Feb_W4,0.0,612.0
American Avocet,3,1,Mar_W1,0.0,608.0
American Avocet,3,2,Mar_W2,0.0,740.0
American Avocet,3,3,Mar_W3,0.0,665.0
American Avocet,3,4,Mar_W4,0.0,843.0
American Avocet,4,1,Apr_W1,0.0,743.0
American Avocet,4,2,Apr_W2,0.0,762.0
American Avocet,4,3,Apr_W3,0.0,775.0
American Avocet,4,4,Apr_W4,0.0,1200.0
American Avocet,5,1,May_W1,0.0,1394.0
American Avocet,5,2,May_W2,0.0,4130.0
American Avocet,5,3,May_W3,0.0001138,8788.0
American Avocet,5,4,May_W4,0.0,3337.0
American Avocet,6,1,Jun_W1,0.0,965.0
American Avocet,6,2,Jun_W2,0.0,714.0
American Avocet,6,3,Jun_W3,0.0,624.0
American Avocet,6,4,Jun_W4,0.0,704.0
American Avocet,7,1,Jul_W1,0.0,922.0
American Avocet,7,2,Jul_W2,0.0,649.0
American Avocet,7,3,Jul_W3,0.0,539.0
American Avocet,7,4,Jul_W4,0.0,716.0
American Avocet,8,1,Aug_W1,0.0,541.0
American Avocet,8,2,Aug_W2,0.0,464.0
American Avocet,8,3,Aug_W3,0.0,543.0
American Avocet,8,4,Aug_W4,0.0,766.0
American Avocet,9,1,Sep_W1,0.0,638.0
American Avocet,9,2,Sep_W2,0.0,530.0
American Avocet,9,3,Sep_W3,0.0,500.0
American Avocet,9,4,Sep_W4,0.0,602.0
American Avocet,10,1,Oct_W1,0.0,378.0
American Avocet,10,2,Oct_W2,0.0022989,435.0
American Avocet,10,3,Oct_W3,0.0,385.0
American Avocet,10,4,Oct_W4,0.0,645.0
American Avocet,11,1,Nov_W1,0.0,434.0
American Avocet,11,2,Nov_W2,0.0128205,468.0
American Avocet,11,3,Nov_W3,0.0022676,441.0
American Avocet,11,4,Nov_W4,0.0,600.0
American Avocet,12,1,Dec_W1,0.0,446.0
American Avocet,12,2,Dec_W2,0.0,529.0
American Avocet,12,3,Dec_W3,0.0,552.0
American Avocet,12,4,Dec_W4,0.0,695.0
Black-bellied Plover,1,1,Jan_W1,0.0,823.0
Black-bellied Plover,1,2,Jan_W2,0.0,605.0
Black-bellied Plover,1,3,Jan_W3,0.0,523.0
Black-bellied Plover,1,4,Jan_W4,0.0,730.0
Black-bellied Plover,2,1,Feb_W1,0.0,496.0
Black-bellied Plover,2,2,Feb_W2,0.0,822.0
Black-bellied Plover,2,3,Feb_W3,0.0,1575.0
Black-bellied Plover,2,4,Feb_W4,0.0,612.0
Black-bellied Plover,3,1,Mar_W1,0.0,608.0
Black-bellied Plover,3,2,Mar_W2,0.0,740.0
Black-bellied Plover,3,3,Mar_W3,0.0,665.0
Black-bellied Plover,3,4,Mar_W4,0.0,843.0
Black-bellied Plover,4,1,Apr_W1,0.0,743.0
Black-bellied Plover,4,2,Apr_W2,0.0,762.0
Black-bellied Plover,4,3,Apr_W3,0.003871,775.0
Black-bellied Plover,4,4,Apr_W4,0.0,1200.0
Black-bellied Plover,5,1,May_W1,0.0093257,1394.0
Black-bellied Plover,5,2,May_W2,0.0200969,4130.0
Black-bellied Plover,5,3,May_W3,0.0950159,8788.0
Black-bellied Plover,5,4,May_W4,0.0806113,3337.0
Black-bellied Plover,6,1,Jun_W1,0.0310881,965.0
Black-bellied Plover,6,2,Jun_W2,0.0070028,714.0
Black-bellied Plover,6,3,Jun_W3,0.0032051,624.0
Black-bellied Plover,6,4,Jun_W4,0.0,704.0
Black-bellied Plover,7,1,Jul_W1,0.0,922.0
Black-bellied Plover,7,2,Jul_W2,0.0,649.0
Black-bellied Plover,7,3,Jul_W3,0.0,539.0
Black-bellied Plover,7,4,Jul_W4,0.0013966,716.0
Black-bellied Plover,8,1,Aug_W1,0.0055453,541.0
Black-bellied Plover,8,2,Aug_W2,0.0043103,464.0
Black-bellied Plover,8,3,Aug_W3,0.0257827,543.0
Black-bellied Plover,8,4,Aug_W4,0.0156658,766.0
Black-bellied Plover,9,1,Sep_W1,0.0172414,638.0
Black-bellied Plover,9,2,Sep_W2,0.0584906,530.0
Black-bellied Plover,9,3,Sep_W3,0.096,500.0
Black-bellied Plover,9,4,Sep_W4,0.1063123,602.0
Black-bellied Plover,10,1,Oct_W1,0.0582011,378.0
Black-bellied Plover,10,2,Oct_W2,0.0413793,435.0
Black-bellied Plover,10,3,Oct_W3,0.0701299,385.0
Black-bellied Plover,10,4,Oct_W4,0.0620155,645.0
Black-bellied Plover,11,1,Nov_W1,0.0299539,434.0
Black-bellied Plover,11,2,Nov_W2,0.0149573,468.0
Black-bellied Plover,11,3,Nov_W3,0.0,441.0
Black-bellied Plover,11,4,Nov_W4,0.0,600.0
Black-bellied Plover,12,1,Dec_W1,0.0,446.0
Black-bellied Plover,12,2,Dec_W2,0.0,529.0
Black-bellied Plover,12,3,Dec_W3,0.0,552.0
Black-bellied Plover,12,4,Dec_W4,0.0,695.0
American Golden-Plover,1,1,Jan_W1,0.0,823.0
American Golden-Plover,1,2,Jan_W2,0.0,605.0
American Golden-Plover,1,3,Jan_W3,0.0,523.0
American Golden-Plover,1,4,Jan_W4,0.0,730.0
American Golden-Plover,2,1,Feb_W1,0.0,496.0
American Golden-Plover,2,2,Feb_W2,0.0,822.0
American Golden-Plover,2,3,Feb_W3,0.0,1575.0
American Golden-Plover,2,4,Feb_W4,0.0,612.0
American Golden-Plover,3,1,Mar_W1,0.0,608.0
American Golden-Plover,3,2,Mar_W2,0.0,740.0
American Golden-Plover,3,3,Mar_W3,0.0,665.0
American Golden-Plover,3,4,Mar_W4,0.0,843.0
American Golden-Plover,4,1,Apr_W1,0.0,743.0
American Golden-Plover,4,2,Apr_W2,0.0,762.0
American Golden-Plover,4,3,Apr_W3,0.0,775.0
American Golden-Plover,4,4,Apr_W4,0.0,1200.0
American Golden-Plover,5,1,May_W1,0.0,1394.0
American Golden-Plover,5,2,May_W2,0.0,4130.0
American Golden-Plover,5,3,May_W3,0.0061447,8788.0
American Golden-Plover,5,4,May_W4,0.002697,3337.0
American Golden-Plover,6,1,Jun_W1,0.0,965.0
American Golden-Plover,6,2,Jun_W2,0.0014006,714.0
American Golden-Plover,6,3,Jun_W3,0.0,624.0
American Golden-Plover,6,4,Jun_W4,0.0,704.0
American Golden-Plover,7,1,Jul_W1,0.0,922.0
American Golden-Plover,7,2,Jul_W2,0.0,649.0
American Golden-Plover,7,3,Jul_W3,0.0,539.0
American Golden-Plover,7,4,Jul_W4,0.0,716.0
American Golden-Plover,8,1,Aug_W1,0.0,541.0
American Golden-Plover,8,2,Aug_W2,0.0,464.0
American Golden-Plover,8,3,Aug_W3,0.0,543.0
American Golden-Plover,8,4,Aug_W4,0.0065274,766.0
American Golden-Plover,9,1,Sep_W1,0.0047022,638.0
American Golden-Plover,9,2,Sep_W2,0.0226415,530.0
American Golden-Plover,9,3,Sep_W3,0.054,500.0
American Golden-Plover,9,4,Sep_W4,0.0564784,602.0
American Golden-Plover,10,1,Oct_W1,0.015873,378.0
American Golden-Plover,10,2,Oct_W2,0.0229885,435.0
American Golden-Plover,10,3,Oct_W3,0.0103896,385.0
American Golden-Plover,10,4,Oct_W4,0.0015504,645.0
American Golden-Plover,11,1,Nov_W1,0.0,434.0
American Golden-Plover,11,2,Nov_W2,0.0,468.0
American Golden-Plover,11,3,Nov_W3,0.0,441.0
American Golden-Plover,11,4,Nov_W4,0.0,600.0
American Golden-Plover,12,1,Dec_W1,0.0,446.0
American Golden-Plover,12,2,Dec_W2,0.0,529.0
American Golden-Plover,12,3,Dec_W3,0.0,552.0
American Golden-Plover,12,4,Dec_W4,0.0,695.0
Killdeer,1,1,Jan_W1,0.0,823.0
Killdeer,1,2,Jan_W2,0.0,605.0
Killdeer,1,3,Jan_W3,0.0,523.0
Killdeer,1,4,Jan_W4,0.0,730.0
Killdeer,2,1,Feb_W1,0.0,496.0
Killdeer,2,2,Feb_W2,0.0,822.0
Killdeer,2,3,Feb_W3,0.0012698,1575.0
Killdeer,2,4,Feb_W4,0.0081699,612.0
Killdeer,3,1,Mar_W1,0.0115132,608.0
Killdeer,3,2,Mar_W2,0.0608108,740.0
Killdeer,3,3,Mar_W3,0.0842105,665.0
Killdeer,3,4,Mar_W4,0.1637011,843.0
Killdeer,4,1,Apr_W1,0.1372813,743.0
Killdeer,4,2,Apr_W2,0.183727,762.0
Killdeer,4,3,Apr_W3,0.2206452,775.0
Killdeer,4,4,Apr_W4,0.2133333,1200.0
Killdeer,5,1,May_W1,0.3077475,1394.0
Killdeer,5,2,May_W2,0.3866828,4130.0
Killdeer,5,3,May_W3,0.4004324,8788.0
Killdeer,5,4,May_W4,0.3988613,3337.0
Killdeer,6,1,Jun_W1,0.2694301,965.0
Killdeer,6,2,Jun_W2,0.2226891,714.0
Killdeer,6,3,Jun_W3,0.2147436,624.0
Killdeer,6,4,Jun_W4,0.2315341,704.0
Killdeer,7,1,Jul_W1,0.2234273,922.0
Killdeer,7,2,Jul_W2,0.1802773,649.0
Killdeer,7,3,Jul_W3,0.1410019,539.0
Killdeer,7,4,Jul_W4,0.1592179,716.0
Killdeer,8,1,Aug_W1,0.1866913,541.0
Killdeer,8,2,Aug_W2,0.1530172,464.0
Killdeer,8,3,Aug_W3,0.1620626,543.0
Killdeer,8,4,Aug_W4,0.1475196,766.0
Killdeer,9,1,Sep_W1,0.1175549,638.0
Killdeer,9,2,Sep_W2,0.0679245,530.0
Killdeer,9,3,Sep_W3,0.168,500.0
Killdeer,9,4,Sep_W4,0.127907,602.0
Killdeer,10,1,Oct_W1,0.0502646,378.0
Killdeer,10,2,Oct_W2,0.0643678,435.0
Killdeer,10,3,Oct_W3,0.0415584,385.0
Killdeer,10,4,Oct_W4,0.020155,645.0
Killdeer,11,1,Nov_W1,0.0023041,434.0
Killdeer,11,2,Nov_W2,0.0064103,468.0
Killdeer,11,3,Nov_W3,0.0113379,441.0
Killdeer,11,4,Nov_W4,0.0066667,600.0
Killdeer,12,1,Dec_W1,0.0022422,446.0
Killdeer,12,2,Dec_W2,0.0018904,529.0
Killdeer,12,3,Dec_W3,0.0,552.0
Killdeer,12,4,Dec_W4,0.0,695.0
Semipalmated Plover,1,1,Jan_W1,0.0,823.0
Semipalmated Plover,1,2,Jan_W2,0.0,605.0
Semipalmated Plover,1,3,Jan_W3,0.0,523.0
Semipalmated Plover,1,4,Jan_W4,0.0,730.0
Semipalmated Plover,2,1,Feb_W1,0.0,496.0
Semipalmated Plover,2,2,Feb_W2,0.0,822.0
Semipalmated Plover,2,3,Feb_W3,0.0,1575.0
Semipalmated Plover,2,4,Feb_W4,0.0,612.0
Semipalmated Plover,3,1,Mar_W1,0.0,608.0
Semipalmated Plover,3,2,Mar_W2,0.0,740.0
Semipalmated Plover,3,3,Mar_W3,0.0015,665.0
Semipalmated Plover,3,4,Mar_W4,0.0,843.0
Semipalmated Plover,4,1,Apr_W1,0.0,743.0
Semipalmated Plover,4,2,Apr_W2,0.0,762.0
Semipalmated Plover,4,3,Apr_W3,0.0,775.0
Semipalmated Plover,4,4,Apr_W4,0.0,1200.0
Semipalmated Plover,5,1,May_W1,0.0043042,1394.0
Semipalmated Plover,5,2,May_W2,0.0213075,4130.0
Semipalmated Plover,5,3,May_W3,0.0967228,8788.0
Semipalmated Plover,5,4,May_W4,0.1024873,3337.0
Semipalmated Plover,6,1,Jun_W1,0.065285,965.0
Semipalmated Plover,6,2,Jun_W2,0.012605,714.0
Semipalmated Plover,6,3,Jun_W3,0.0096154,624.0
Semipalmated Plover,6,4,Jun_W4,0.0028409,704.0
Semipalmated Plover,7,1,Jul_W1,0.0,922.0
Semipalmated Plover,7,2,Jul_W2,0.0046225,649.0
Semipalmated Plover,7,3,Jul_W3,0.0074212,539.0
Semipalmated Plover,7,4,Jul_W4,0.0335196,716.0
Semipalmated Plover,8,1,Aug_W1,0.0813309,541.0
Semipalmated Plover,8,2,Aug_W2,0.0625,464.0
Semipalmated Plover,8,3,Aug_W3,0.1344383,543.0
Semipalmated Plover,8,4,Aug_W4,0.1879896,766.0
Semipalmated Plover,9,1,Sep_W1,0.161442,638.0
Semipalmated Plover,9,2,Sep_W2,0.1113208,530.0
Semipalmated Plover,9,3,Sep_W3,0.092,500.0
Semipalmated Plover,9,4,Sep_W4,0.0581395,602.0
Semipalmated Plover,10,1,Oct_W1,0.047619,378.0
Semipalmated Plover,10,2,Oct_W2,0.0206897,435.0
Semipalmated Plover,10,3,Oct_W3,0.0155844,385.0
Semipalmated Plover,10,4,Oct_W4,0.0031008,645.0
Semipalmated Plover,11,1,Nov_W1,0.0,434.0
Semipalmated Plover,11,2,Nov_W2,0.0,468.0
Semipalmated Plover,11,3,Nov_W3,0.0,441.0
Semipalmated Plover,11,4,Nov_W4,0.0,600.0
Semipalmated Plover,12,1,Dec_W1,0.0,446.0
Semipalmated Plover,12,2,Dec_W2,0.0018904,529.0
Semipalmated Plover,12,3,Dec_W3,0.0,552.0
Semipalmated Plover,12,4,Dec_W4,0.0,695.0
Piping Plover,1,1,Jan_W1,0.0,823.0
Piping Plover,1,2,Jan_W2,0.0,605.0
Piping Plover,1,3,Jan_W3,0.0,523.0
Piping Plover,1,4,Jan_W4,0.0,730.0
Piping Plover,2,1,Feb_W1,0.0,496.0
Piping Plover,2,2,Feb_W2,0.0,822.0
Piping Plover,2,3,Feb_W3,0.0,1575.0
Piping Plover,2,4,Feb_W4,0.0,612.0
Piping Plover,3,1,Mar_W1,0.0,608.0
Piping Plover,3,2,Mar_W2,0.0,740.0
Piping Plover,3,3,Mar_W3,0.0,665.0
Piping Plover,3,4,Mar_W4,0.0,843.0
Piping Plover,4,1,Apr_W1,0.0,743.0
Piping Plover,4,2,Apr_W2,0.0,762.0
Piping Plover,4,3,Apr_W3,0.0012903,775.0
Piping Plover,4,4,Apr_W4,0.0133333,1200.0
Piping Plover,5,1,May_W1,0.0509326,1394.0
Piping Plover,5,2,May_W2,0.0416465,4130.0
Piping Plover,5,3,May_W3,0.0721438,8788.0
Piping Plover,5,4,May_W4,0.0797123,3337.0
Piping Plover,6,1,Jun_W1,0.0829016,965.0
Piping Plover,6,2,Jun_W2,0.0672269,714.0
Piping Plover,6,3,Jun_W3,0.0673077,624.0
Piping Plover,6,4,Jun_W4,0.0610795,704.0
Piping Plover,7,1,Jul_W1,0.0520607,922.0
Piping Plover,7,2,Jul_W2,0.0693374,649.0
Piping Plover,7,3,Jul_W3,0.0630798,539.0
Piping Plover,7,4,Jul_W4,0.0558659,716.0
Piping Plover,8,1,Aug_W1,0.0480591,541.0
Piping Plover,8,2,Aug_W2,0.0366379,464.0
Piping Plover,8,3,Aug_W3,0.0515654,543.0
Piping Plover,8,4,Aug_W4,0.0182768,766.0
Piping Plover,9,1,Sep_W1,0.0141066,638.0
Piping Plover,9,2,Sep_W2,0.0018868,530.0
Piping Plover,9,3,Sep_W3,0.0,500.0
Piping Plover,9,4,Sep_W4,0.0,602.0
Piping Plover,10,1,Oct_W1,0.0,378.0
Piping Plover,10,2,Oct_W2,0.0,435.0
Piping Plover,10,3,Oct_W3,0.0,385.0
Piping Plover,10,4,Oct_W4,0.0015,645.0
Piping Plover,11,1,Nov_W1,0.0,434.0
Piping Plover,11,2,Nov_W2,0.0,468.0
Piping Plover,11,3,Nov_W3,0.0,441.0
Piping Plover,11,4,Nov_W4,0.0,600.0
Piping Plover,12,1,Dec_W1,0.0,446.0
Piping Plover,12,2,Dec_W2,0.0,529.0
Piping Plover,12,3,Dec_W3,0.0,552.0
Piping Plover,12,4,Dec_W4,0.0,695.0
Southern Lapwing,1,1,Jan_W1,0.0,823.0
Southern Lapwing,1,2,Jan_W2,0.0,605.0
Southern Lapwing,1,3,Jan_W3,0.0,523.0
Southern Lapwing,1,4,Jan_W4,0.0,730.0
Southern Lapwing,2,1,Feb_W1,0.0,496.0
Southern Lapwing,2,2,Feb_W2,0.0,822.0
Southern Lapwing,2,3,Feb_W3,0.0,1575.0
Southern Lapwing,2,4,Feb_W4,0.0,612.0
Southern Lapwing,3,1,Mar_W1,0.0,608.0
Southern Lapwing,3,2,Mar_W2,0.0,740.0
Southern Lapwing,3,3,Mar_W3,0.0,665.0
Southern Lapwing,3,4,Mar_W4,0.0,843.0
Southern Lapwing,4,1,Apr_W1,0.0,743.0
Southern Lapwing,4,2,Apr_W2,0.0,762.0
Southern Lapwing,4,3,Apr_W3,0.0,775.0
Southern Lapwing,4,4,Apr_W4,0.0,1200.0
Southern Lapwing,5,1,May_W1,0.0,1394.0
Southern Lapwing,5,2,May_W2,0.0,4130.0
Southern Lapwing,5,3,May_W3,0.0,8788.0
Southern Lapwing,5,4,May_W4,0.0,3337.0
Southern Lapwing,6,1,Jun_W1,0.0,965.0
Southern Lapwing,6,2,Jun_W2,0.0,714.0
Southern Lapwing,6,3,Jun_W3,0.0,624.0
Southern Lapwing,6,4,Jun_W4,0.0014205,704.0
Southern Lapwing,7,1,Jul_W1,0.0976139,922.0
Southern Lapwing,7,2,Jul_W2,0.0955316,649.0
Southern Lapwing,7,3,Jul_W3,0.0482375,539.0
Southern Lapwing,7,4,Jul_W4,0.0432961,716.0
Southern Lapwing,8,1,Aug_W1,0.0110906,541.0
Southern Lapwing,8,2,Aug_W2,0.0,464.0
Southern Lapwing,8,3,Aug_W3,0.0,543.0
Southern Lapwing,8,4,Aug_W4,0.002611,766.0
Southern Lapwing,9,1,Sep_W1,0.0047022,638.0
Southern Lapwing,9,2,Sep_W2,0.0075472,530.0
Southern Lapwing,9,3,Sep_W3,0.002,500.0
Southern Lapwing,9,4,Sep_W4,0.0033223,602.0
Southern Lapwing,10,1,Oct_W1,0.0079365,378.0
Southern Lapwing,10,2,Oct_W2,0.0015,435.0
Southern Lapwing,10,3,Oct_W3,0.0015,385.0
Southern Lapwing,10,4,Oct_W4,0.0031008,645.0
Southern Lapwing,11,1,Nov_W1,0.0023041,434.0
Southern Lapwing,11,2,Nov_W2,0.0042735,468.0
Southern Lapwing,11,3,Nov_W3,0.0,441.0
Southern Lapwing,11,4,Nov_W4,0.0,600.0
Southern Lapwing,12,1,Dec_W1,0.0,446.0
Southern Lapwing,12,2,Dec_W2,0.020794,529.0
Southern Lapwing,12,3,Dec_W3,0.0163043,552.0
Southern Lapwing,12,4,Dec_W4,0.0014388,695.0
Wilson's Plover,1,1,Jan_W1,0.0,823.0
Wilson's Plover,1,2,Jan_W2,0.0,605.0
Wilson's Plover,1,3,Jan_W3,0.0,523.0
Wilson's Plover,1,4,Jan_W4,0.0,730.0
Wilson's Plover,2,1,Feb_W1,0.0,496.0
Wilson's Plover,2,2,Feb_W2,0.0,822.0
Wilson's Plover,2,3,Feb_W3,0.0,1575.0
Wilson's Plover,2,4,Feb_W4,0.0,612.0
Wilson's Plover,3,1,Mar_W1,0.0,608.0
Wilson's Plover,3,2,Mar_W2,0.0,740.0
Wilson's Plover,3,3,Mar_W3,0.0,665.0
Wilson's Plover,3,4,Mar_W4,0.0,843.0
Wilson's Plover,4,1,Apr_W1,0.0,743.0
Wilson's Plover,4,2,Apr_W2,0.0,762.0
Wilson's Plover,4,3,Apr_W3,0.0,775.0
Wilson's Plover,4,4,Apr_W4,0.0,1200.0
Wilson's Plover,5,1,May_W1,0.0028694,1394.0
Wilson's Plover,5,2,May_W2,0.0,4130.0
Wilson's Plover,5,3,May_W3,0.0,8788.0
Wilson's Plover,5,4,May_W4,0.0,3337.0
Wilson's Plover,6,1,Jun_W1,0.0,965.0
Wilson's Plover,6,2,Jun_W2,0.0,714.0
Wilson's Plover,6,3,Jun_W3,0.0,624.0
Wilson's Plover,6,4,Jun_W4,0.0,704.0
Wilson's Plover,7,1,Jul_W1,0.0,922.0
Wilson's Plover,7,2,Jul_W2,0.0,649.0
Wilson's Plover,7,3,Jul_W3,0.0,539.0
Wilson's Plover,7,4,Jul_W4,0.0,716.0
Wilson's Plover,8,1,Aug_W1,0.0,541.0
Wilson's Plover,8,2,Aug_W2,0.0,464.0
Wilson's Plover,8,3,Aug_W3,0.0,543.0
Wilson's Plover,8,4,Aug_W4,0.0,766.0
Wilson's Plover,9,1,Sep_W1,0.0,638.0
Wilson's Plover,9,2,Sep_W2,0.0,530.0
Wilson's Plover,9,3,Sep_W3,0.0,500.0
Wilson's Plover,9,4,Sep_W4,0.0,602.0
Wilson's Plover,10,1,Oct_W1,0.0,378.0
Wilson's Plover,10,2,Oct_W2,0.0,435.0
Wilson's Plover,10,3,Oct_W3,0.0,385.0
Wilson's Plover,10,4,Oct_W4,0.0,645.0
Wilson's Plover,11,1,Nov_W1,0.0,434.0
Wilson's Plover,11,2,Nov_W2,0.0,468.0
Wilson's Plover,11,3,Nov_W3,0.0,441.0
Wilson's Plover,11,4,Nov_W4,0.0,600.0
Wilson's Plover,12,1,Dec_W1,0.0,446.0
Wilson's Plover,12,2,Dec_W2,0.0,529.0
Wilson's Plover,12,3,Dec_W3,0.0,552.0
Wilson's Plover,12,4,Dec_W4,0.0,695.0
Upland Sandpiper,1,1,Jan_W1,0.0,823.0
Upland Sandpiper,1,2,Jan_W2,0.0,605.0
Upland Sandpiper,1,3,Jan_W3,0.0,523.0
Upland Sandpiper,1,4,Jan_W4,0.0,730.0
Upland Sandpiper,2,1,Feb_W1,0.0,496.0
Upland Sandpiper,2,2,Feb_W2,0.0,822.0
Upland Sandpiper,2,3,Feb_W3,0.0,1575.0
Upland Sandpiper,2,4,Feb_W4,0.0,612.0
Upland Sandpiper,3,1,Mar_W1,0.0,608.0
Upland Sandpiper,3,2,Mar_W2,0.0,740.0
Upland Sandpiper,3,3,Mar_W3,0.0,665.0
Upland Sandpiper,3,4,Mar_W4,0.0,843.0
Upland Sandpiper,4,1,Apr_W1,0.0,743.0
Upland Sandpiper,4,2,Apr_W2,0.0,762.0
Upland Sandpiper,4,3,Apr_W3,0.0,775.0
Upland Sandpiper,4,4,Apr_W4,0.0,1200.0
Upland Sandpiper,5,1,May_W1,0.0071736,1394.0
Upland Sandpiper,5,2,May_W2,0.0072639,4130.0
Upland Sandpiper,5,3,May_W3,0.013655,8788.0
Upland Sandpiper,5,4,May_W4,0.0119868,3337.0
Upland Sandpiper,6,1,Jun_W1,0.015544,965.0
Upland Sandpiper,6,2,Jun_W2,0.0168067,714.0
Upland Sandpiper,6,3,Jun_W3,0.0096154,624.0
Upland Sandpiper,6,4,Jun_W4,0.0213068,704.0
Upland Sandpiper,7,1,Jul_W1,0.0184382,922.0
Upland Sandpiper,7,2,Jul_W2,0.0061633,649.0
Upland Sandpiper,7,3,Jul_W3,0.0055659,539.0
Upland Sandpiper,7,4,Jul_W4,0.0153631,716.0
Upland Sandpiper,8,1,Aug_W1,0.0147874,541.0
Upland Sandpiper,8,2,Aug_W2,0.0015,464.0
Upland Sandpiper,8,3,Aug_W3,0.0018416,543.0
Upland Sandpiper,8,4,Aug_W4,0.0,766.0
Upland Sandpiper,9,1,Sep_W1,0.0,638.0
Upland Sandpiper,9,2,Sep_W2,0.0,530.0
Upland Sandpiper,9,3,Sep_W3,0.0,500.0
Upland Sandpiper,9,4,Sep_W4,0.0,602.0
Upland Sandpiper,10,1,Oct_W1,0.0,378.0
Upland Sandpiper,10,2,Oct_W2,0.0,435.0
Upland Sandpiper,10,3,Oct_W3,0.0,385.0
Upland Sandpiper,10,4,Oct_W4,0.0,645.0
Upland Sandpiper,11,1,Nov_W1,0.0,434.0
Upland Sandpiper,11,2,Nov_W2,0.0,468.0
Upland Sandpiper,11,3,Nov_W3,0.0,441.0
Upland Sandpiper,11,4,Nov_W4,0.0,600.0
Upland Sandpiper,12,1,Dec_W1,0.0,446.0
Upland Sandpiper,12,2,Dec_W2,0.0,529.0
Upland Sandpiper,12,3,Dec_W3,0.0,552.0
Upland Sandpiper,12,4,Dec_W4,0.0,695.0
Hudsonian Whimbrel,1,1,Jan_W1,0.0,823.0
Hudsonian Whimbrel,1,2,Jan_W2,0.0,605.0
Hudsonian Whimbrel,1,3,Jan_W3,0.0,523.0
Hudsonian Whimbrel,1,4,Jan_W4,0.0,730.0
Hudsonian Whimbrel,2,1,Feb_W1,0.0,496.0
Hudsonian Whimbrel,2,2,Feb_W2,0.0,822.0
Hudsonian Whimbrel,2,3,Feb_W3,0.0,1575.0
Hudsonian Whimbrel,2,4,Feb_W4,0.0,612.0
Hudsonian Whimbrel,3,1,Mar_W1,0.0,608.0
Hudsonian Whimbrel,3,2,Mar_W2,0.0,740.0
Hudsonian Whimbrel,3,3,Mar_W3,0.0,665.0
Hudsonian Whimbrel,3,4,Mar_W4,0.0,843.0
Hudsonian Whimbrel,4,1,Apr_W1,0.0,743.0
Hudsonian Whimbrel,4,2,Apr_W2,0.0,762.0
Hudsonian Whimbrel,4,3,Apr_W3,0.0,775.0
Hudsonian Whimbrel,4,4,Apr_W4,0.0,1200.0
Hudsonian Whimbrel,5,1,May_W1,0.0,1394.0
Hudsonian Whimbrel,5,2,May_W2,0.0070218,4130.0
Hudsonian Whimbrel,5,3,May_W3,0.0619026,8788.0
Hudsonian Whimbrel,5,4,May_W4,0.1204675,3337.0
Hudsonian Whimbrel,6,1,Jun_W1,0.0331606,965.0
Hudsonian Whimbrel,6,2,Jun_W2,0.0056022,714.0
Hudsonian Whimbrel,6,3,Jun_W3,0.0,624.0
Hudsonian Whimbrel,6,4,Jun_W4,0.0014205,704.0
Hudsonian Whimbrel,7,1,Jul_W1,0.0,922.0
Hudsonian Whimbrel,7,2,Jul_W2,0.0,649.0
Hudsonian Whimbrel,7,3,Jul_W3,0.0018553,539.0
Hudsonian Whimbrel,7,4,Jul_W4,0.0013966,716.0
Hudsonian Whimbrel,8,1,Aug_W1,0.0018484,541.0
Hudsonian Whimbrel,8,2,Aug_W2,0.0,464.0
Hudsonian Whimbrel,8,3,Aug_W3,0.0,543.0
Hudsonian Whimbrel,8,4,Aug_W4,0.0013055,766.0
Hudsonian Whimbrel,9,1,Sep_W1,0.0047022,638.0
Hudsonian Whimbrel,9,2,Sep_W2,0.0,530.0
Hudsonian Whimbrel,9,3,Sep_W3,0.0,500.0
Hudsonian Whimbrel,9,4,Sep_W4,0.0015,602.0
Hudsonian Whimbrel,10,1,Oct_W1,0.0,378.0
Hudsonian Whimbrel,10,2,Oct_W2,0.0,435.0
Hudsonian Whimbrel,10,3,Oct_W3,0.0,385.0
Hudsonian Whimbrel,10,4,Oct_W4,0.0,645.0
Hudsonian Whimbrel,11,1,Nov_W1,0.0,434.0
Hudsonian Whimbrel,11,2,Nov_W2,0.0,468.0
Hudsonian Whimbrel,11,3,Nov_W3,0.0,441.0
Hudsonian Whimbrel,11,4,Nov_W4,0.0,600.0
Hudsonian Whimbrel,12,1,Dec_W1,0.0,446.0
Hudsonian Whimbrel,12,2,Dec_W2,0.0,529.0
Hudsonian Whimbrel,12,3,Dec_W3,0.0,552.0
Hudsonian Whimbrel,12,4,Dec_W4,0.0,695.0
Eurasian Whimbrel,1,1,Jan_W1,0.0,823.0
Eurasian Whimbrel,1,2,Jan_W2,0.0,605.0
Eurasian Whimbrel,1,3,Jan_W3,0.0,523.0
Eurasian Whimbrel,1,4,Jan_W4,0.0,730.0
Eurasian Whimbrel,2,1,Feb_W1,0.0,496.0
Eurasian Whimbrel,2,2,Feb_W2,0.0,822.0
Eurasian Whimbrel,2,3,Feb_W3,0.0,1575.0
Eurasian Whimbrel,2,4,Feb_W4,0.0,612.0
Eurasian Whimbrel,3,1,Mar_W1,0.0,608.0
Eurasian Whimbrel,3,2,Mar_W2,0.0,740.0
Eurasian Whimbrel,3,3,Mar_W3,0.0,665.0
Eurasian Whimbrel,3,4,Mar_W4,0.0,843.0
Eurasian Whimbrel,4,1,Apr_W1,0.0,743.0
Eurasian Whimbrel,4,2,Apr_W2,0.0,762.0
Eurasian Whimbrel,4,3,Apr_W3,0.0,775.0
Eurasian Whimbrel,4,4,Apr_W4,0.0,1200.0
Eurasian Whimbrel,5,1,May_W1,0.0,1394.0
Eurasian Whimbrel,5,2,May_W2,0.0,4130.0
Eurasian Whimbrel,5,3,May_W3,0.0001138,8788.0
Eurasian Whimbrel,5,4,May_W4,0.0,3337.0
Eurasian Whimbrel,6,1,Jun_W1,0.0,965.0
Eurasian Whimbrel,6,2,Jun_W2,0.0,714.0
Eurasian Whimbrel,6,3,Jun_W3,0.0,624.0
Eurasian Whimbrel,6,4,Jun_W4,0.0,704.0
Eurasian Whimbrel,7,1,Jul_W1,0.0,922.0
Eurasian Whimbrel,7,2,Jul_W2,0.0,649.0
Eurasian Whimbrel,7,3,Jul_W3,0.0,539.0
Eurasian Whimbrel,7,4,Jul_W4,0.0,716.0
Eurasian Whimbrel,8,1,Aug_W1,0.0,541.0
Eurasian Whimbrel,8,2,Aug_W2,0.0,464.0
Eurasian Whimbrel,8,3,Aug_W3,0.0,543.0
Eurasian Whimbrel,8,4,Aug_W4,0.0,766.0
Eurasian Whimbrel,9,1,Sep_W1,0.0,638.0
Eurasian Whimbrel,9,2,Sep_W2,0.0,530.0
Eurasian Whimbrel,9,3,Sep_W3,0.0,500.0
Eurasian Whimbrel,9,4,Sep_W4,0.0,602.0
Eurasian Whimbrel,10,1,Oct_W1,0.0,378.0
Eurasian Whimbrel,10,2,Oct_W2,0.0,435.0
Eurasian Whimbrel,10,3,Oct_W3,0.0,385.0
Eurasian Whimbrel,10,4,Oct_W4,0.0,645.0
Eurasian Whimbrel,11,1,Nov_W1,0.0,434.0
Eurasian Whimbrel,11,2,Nov_W2,0.0,468.0
Eurasian Whimbrel,11,3,Nov_W3,0.0,441.0
Eurasian Whimbrel,11,4,Nov_W4,0.0,600.0
Eurasian Whimbrel,12,1,Dec_W1,0.0,446.0
Eurasian Whimbrel,12,2,Dec_W2,0.0,529.0
Eurasian Whimbrel,12,3,Dec_W3,0.0,552.0
Eurasian Whimbrel,12,4,Dec_W4,0.0,695.0
Bar-tailed Godwit,1,1,Jan_W1,0.0,823.0
Bar-tailed Godwit,1,2,Jan_W2,0.0,605.0
Bar-tailed Godwit,1,3,Jan_W3,0.0,523.0
Bar-tailed Godwit,1,4,Jan_W4,0.0,730.0
Bar-tailed Godwit,2,1,Feb_W1,0.0,496.0
Bar-tailed Godwit,2,2,Feb_W2,0.0,822.0
Bar-tailed Godwit,2,3,Feb_W3,0.0,1575.0
Bar-tailed Godwit,2,4,Feb_W4,0.0,612.0
Bar-tailed Godwit,3,1,Mar_W1,0.0,608.0
Bar-tailed Godwit,3,2,Mar_W2,0.0,740.0
Bar-tailed Godwit,3,3,Mar_W3,0.0,665.0
Bar-tailed Godwit,3,4,Mar_W4,0.0,843.0
Bar-tailed Godwit,4,1,Apr_W1,0.0,743.0
Bar-tailed Godwit,4,2,Apr_W2,0.0,762.0
Bar-tailed Godwit,4,3,Apr_W3,0.0,775.0
Bar-tailed Godwit,4,4,Apr_W4,0.0,1200.0
Bar-tailed Godwit,5,1,May_W1,0.0,1394.0
Bar-tailed Godwit,5,2,May_W2,0.0,4130.0
Bar-tailed Godwit,5,3,May_W3,0.0011379,8788.0
Bar-tailed Godwit,5,4,May_W4,0.0,3337.0
Bar-tailed Godwit,6,1,Jun_W1,0.0,965.0
Bar-tailed Godwit,6,2,Jun_W2,0.0,714.0
Bar-tailed Godwit,6,3,Jun_W3,0.0,624.0
Bar-tailed Godwit,6,4,Jun_W4,0.0,704.0
Bar-tailed Godwit,7,1,Jul_W1,0.0,922.0
Bar-tailed Godwit,7,2,Jul_W2,0.0,649.0
Bar-tailed Godwit,7,3,Jul_W3,0.0,539.0
Bar-tailed Godwit,7,4,Jul_W4,0.0,716.0
Bar-tailed Godwit,8,1,Aug_W1,0.0,541.0
Bar-tailed Godwit,8,2,Aug_W2,0.0,464.0
Bar-tailed Godwit,8,3,Aug_W3,0.0,543.0
Bar-tailed Godwit,8,4,Aug_W4,0.0,766.0
Bar-tailed Godwit,9,1,Sep_W1,0.0,638.0
Bar-tailed Godwit,9,2,Sep_W2,0.0,530.0
Bar-tailed Godwit,9,3,Sep_W3,0.0,500.0
Bar-tailed Godwit,9,4,Sep_W4,0.0,602.0
Bar-tailed Godwit,10,1,Oct_W1,0.0,378.0
Bar-tailed Godwit,10,2,Oct_W2,0.0,435.0
Bar-tailed Godwit,10,3,Oct_W3,0.0,385.0
Bar-tailed Godwit,10,4,Oct_W4,0.0,645.0
Bar-tailed Godwit,11,1,Nov_W1,0.0,434.0
Bar-tailed Godwit,11,2,Nov_W2,0.0,468.0
Bar-tailed Godwit,11,3,Nov_W3,0.0,441.0
Bar-tailed Godwit,11,4,Nov_W4,0.0,600.0
Bar-tailed Godwit,12,1,Dec_W1,0.0,446.0
Bar-tailed Godwit,12,2,Dec_W2,0.0,529.0
Bar-tailed Godwit,12,3,Dec_W3,0.0,552.0
Bar-tailed Godwit,12,4,Dec_W4,0.0,695.0
Hudsonian Godwit,1,1,Jan_W1,0.0,823.0
Hudsonian Godwit,1,2,Jan_W2,0.0,605.0
Hudsonian Godwit,1,3,Jan_W3,0.0,523.0
Hudsonian Godwit,1,4,Jan_W4,0.0,730.0
Hudsonian Godwit,2,1,Feb_W1,0.0,496.0
Hudsonian Godwit,2,2,Feb_W2,0.0,822.0
Hudsonian Godwit,2,3,Feb_W3,0.0,1575.0
Hudsonian Godwit,2,4,Feb_W4,0.0,612.0
Hudsonian Godwit,3,1,Mar_W1,0.0,608.0
Hudsonian Godwit,3,2,Mar_W2,0.0,740.0
Hudsonian Godwit,3,3,Mar_W3,0.0,665.0
Hudsonian Godwit,3,4,Mar_W4,0.0,843.0
Hudsonian Godwit,4,1,Apr_W1,0.0,743.0
Hudsonian Godwit,4,2,Apr_W2,0.0,762.0
Hudsonian Godwit,4,3,Apr_W3,0.0,775.0
Hudsonian Godwit,4,4,Apr_W4,0.0,1200.0
Hudsonian Godwit,5,1,May_W1,0.0,1394.0
Hudsonian Godwit,5,2,May_W2,0.0002421,4130.0
Hudsonian Godwit,5,3,May_W3,0.0,8788.0
Hudsonian Godwit,5,4,May_W4,0.000899,3337.0
Hudsonian Godwit,6,1,Jun_W1,0.0,965.0
Hudsonian Godwit,6,2,Jun_W2,0.0,714.0
Hudsonian Godwit,6,3,Jun_W3,0.0,624.0
Hudsonian Godwit,6,4,Jun_W4,0.0,704.0
Hudsonian Godwit,7,1,Jul_W1,0.0,922.0
Hudsonian Godwit,7,2,Jul_W2,0.0,649.0
Hudsonian Godwit,7,3,Jul_W3,0.0,539.0
Hudsonian Godwit,7,4,Jul_W4,0.0,716.0
Hudsonian Godwit,8,1,Aug_W1,0.0,541.0
Hudsonian Godwit,8,2,Aug_W2,0.0,464.0
Hudsonian Godwit,8,3,Aug_W3,0.0055249,543.0
Hudsonian Godwit,8,4,Aug_W4,0.0,766.0
Hudsonian Godwit,9,1,Sep_W1,0.0,638.0
Hudsonian Godwit,9,2,Sep_W2,0.0,530.0
Hudsonian Godwit,9,3,Sep_W3,0.008,500.0
Hudsonian Godwit,9,4,Sep_W4,0.0481728,602.0
Hudsonian Godwit,10,1,Oct_W1,0.0,378.0
Hudsonian Godwit,10,2,Oct_W2,0.0,435.0
Hudsonian Godwit,10,3,Oct_W3,0.0,385.0
Hudsonian Godwit,10,4,Oct_W4,0.0,645.0
Hudsonian Godwit,11,1,Nov_W1,0.0,434.0
Hudsonian Godwit,11,2,Nov_W2,0.0,468.0
Hudsonian Godwit,11,3,Nov_W3,0.0,441.0
Hudsonian Godwit,11,4,Nov_W4,0.0,600.0
Hudsonian Godwit,12,1,Dec_W1,0.0,446.0
Hudsonian Godwit,12,2,Dec_W2,0.0,529.0
Hudsonian Godwit,12,3,Dec_W3,0.0,552.0
Hudsonian Godwit,12,4,Dec_W4,0.0,695.0
Marbled Godwit,1,1,Jan_W1,0.0,823.0
Marbled Godwit,1,2,Jan_W2,0.0,605.0
Marbled Godwit,1,3,Jan_W3,0.0,523.0
Marbled Godwit,1,4,Jan_W4,0.0,730.0
Marbled Godwit,2,1,Feb_W1,0.0,496.0
Marbled Godwit,2,2,Feb_W2,0.0,822.0
Marbled Godwit,2,3,Feb_W3,0.0,1575.0
Marbled Godwit,2,4,Feb_W4,0.0,612.0
Marbled Godwit,3,1,Mar_W1,0.0,608.0
Marbled Godwit,3,2,Mar_W2,0.0,740.0
Marbled Godwit,3,3,Mar_W3,0.0,665.0
Marbled Godwit,3,4,Mar_W4,0.0,843.0
Marbled Godwit,4,1,Apr_W1,0.0,743.0
Marbled Godwit,4,2,Apr_W2,0.0,762.0
Marbled Godwit,4,3,Apr_W3,0.0,775.0
Marbled Godwit,4,4,Apr_W4,0.0,1200.0
Marbled Godwit,5,1,May_W1,0.0007174,1394.0
Marbled Godwit,5,2,May_W2,0.0,4130.0
Marbled Godwit,5,3,May_W3,0.0019345,8788.0
Marbled Godwit,5,4,May_W4,0.0002997,3337.0
Marbled Godwit,6,1,Jun_W1,0.0,965.0
Marbled Godwit,6,2,Jun_W2,0.0,714.0
Marbled Godwit,6,3,Jun_W3,0.0,624.0
Marbled Godwit,6,4,Jun_W4,0.0,704.0
Marbled Godwit,7,1,Jul_W1,0.0,922.0
Marbled Godwit,7,2,Jul_W2,0.0,649.0
Marbled Godwit,7,3,Jul_W3,0.0,539.0
Marbled Godwit,7,4,Jul_W4,0.0,716.0
Marbled Godwit,8,1,Aug_W1,0.0,541.0
Marbled Godwit,8,2,Aug_W2,0.0,464.0
Marbled Godwit,8,3,Aug_W3,0.0,543.0
Marbled Godwit,8,4,Aug_W4,0.0039164,766.0
Marbled Godwit,9,1,Sep_W1,0.0,638.0
Marbled Godwit,9,2,Sep_W2,0.0,530.0
Marbled Godwit,9,3,Sep_W3,0.0,500.0
Marbled Godwit,9,4,Sep_W4,0.0,602.0
Marbled Godwit,10,1,Oct_W1,0.0,378.0
Marbled Godwit,10,2,Oct_W2,0.0,435.0
Marbled Godwit,10,3,Oct_W3,0.0,385.0
Marbled Godwit,10,4,Oct_W4,0.0,645.0
Marbled Godwit,11,1,Nov_W1,0.0,434.0
Marbled Godwit,11,2,Nov_W2,0.0,468.0
Marbled Godwit,11,3,Nov_W3,0.0,441.0
Marbled Godwit,11,4,Nov_W4,0.0,600.0
Marbled Godwit,12,1,Dec_W1,0.0,446.0
Marbled Godwit,12,2,Dec_W2,0.0,529.0
Marbled Godwit,12,3,Dec_W3,0.0,552.0
Marbled Godwit,12,4,Dec_W4,0.0,695.0
Short-billed Dowitcher,1,1,Jan_W1,0.0,823.0
Short-billed Dowitcher,1,2,Jan_W2,0.0,605.0
Short-billed Dowitcher,1,3,Jan_W3,0.0,523.0
Short-billed Dowitcher,1,4,Jan_W4,0.0,730.0
Short-billed Dowitcher,2,1,Feb_W1,0.0,496.0
Short-billed Dowitcher,2,2,Feb_W2,0.0,822.0
Short-billed Dowitcher,2,3,Feb_W3,0.0,1575.0
Short-billed Dowitcher,2,4,Feb_W4,0.0,612.0
Short-billed Dowitcher,3,1,Mar_W1,0.0,608.0
Short-billed Dowitcher,3,2,Mar_W2,0.0,740.0
Short-billed Dowitcher,3,3,Mar_W3,0.0,665.0
Short-billed Dowitcher,3,4,Mar_W4,0.0,843.0
Short-billed Dowitcher,4,1,Apr_W1,0.0,743.0
Short-billed Dowitcher,4,2,Apr_W2,0.0,762.0
Short-billed Dowitcher,4,3,Apr_W3,0.0,775.0
Short-billed Dowitcher,4,4,Apr_W4,0.0,1200.0
Short-billed Dowitcher,5,1,May_W1,0.0,1394.0
Short-billed Dowitcher,5,2,May_W2,0.0208232,4130.0
Short-billed Dowitcher,5,3,May_W3,0.0301548,8788.0
Short-billed Dowitcher,5,4,May_W4,0.0101888,3337.0
Short-billed Dowitcher,6,1,Jun_W1,0.0,965.0
Short-billed Dowitcher,6,2,Jun_W2,0.0,714.0
Short-billed Dowitcher,6,3,Jun_W3,0.0,624.0
Short-billed Dowitcher,6,4,Jun_W4,0.0,704.0
Short-billed Dowitcher,7,1,Jul_W1,0.0,922.0
Short-billed Dowitcher,7,2,Jul_W2,0.0,649.0
Short-billed Dowitcher,7,3,Jul_W3,0.0055659,539.0
Short-billed Dowitcher,7,4,Jul_W4,0.0083799,716.0
Short-billed Dowitcher,8,1,Aug_W1,0.0184843,541.0
Short-billed Dowitcher,8,2,Aug_W2,0.0043103,464.0
Short-billed Dowitcher,8,3,Aug_W3,0.0128913,543.0
Short-billed Dowitcher,8,4,Aug_W4,0.0248042,766.0
Short-billed Dowitcher,9,1,Sep_W1,0.0250784,638.0
Short-billed Dowitcher,9,2,Sep_W2,0.0377358,530.0
Short-billed Dowitcher,9,3,Sep_W3,0.014,500.0
Short-billed Dowitcher,9,4,Sep_W4,0.0,602.0
Short-billed Dowitcher,10,1,Oct_W1,0.0,378.0
Short-billed Dowitcher,10,2,Oct_W2,0.0,435.0
Short-billed Dowitcher,10,3,Oct_W3,0.0,385.0
Short-billed Dowitcher,10,4,Oct_W4,0.0,645.0
Short-billed Dowitcher,11,1,Nov_W1,0.0,434.0
Short-billed Dowitcher,11,2,Nov_W2,0.0,468.0
Short-billed Dowitcher,11,3,Nov_W3,0.0,441.0
Short-billed Dowitcher,11,4,Nov_W4,0.0,600.0
Short-billed Dowitcher,12,1,Dec_W1,0.0,446.0
Short-billed Dowitcher,12,2,Dec_W2,0.0,529.0
Short-billed Dowitcher,12,3,Dec_W3,0.0,552.0
Short-billed Dowitcher,12,4,Dec_W4,0.0,695.0
Long-billed Dowitcher,1,1,Jan_W1,0.0,823.0
Long-billed Dowitcher,1,2,Jan_W2,0.0,605.0
Long-billed Dowitcher,1,3,Jan_W3,0.0,523.0
Long-billed Dowitcher,1,4,Jan_W4,0.0,730.0
Long-billed Dowitcher,2,1,Feb_W1,0.0,496.0
Long-billed Dowitcher,2,2,Feb_W2,0.0,822.0
Long-billed Dowitcher,2,3,Feb_W3,0.0,1575.0
Long-billed Dowitcher,2,4,Feb_W4,0.0,612.0
Long-billed Dowitcher,3,1,Mar_W1,0.0,608.0
Long-billed Dowitcher,3,2,Mar_W2,0.0,740.0
Long-billed Dowitcher,3,3,Mar_W3,0.0,665.0
Long-billed Dowitcher,3,4,Mar_W4,0.0,843.0
Long-billed Dowitcher,4,1,Apr_W1,0.0,743.0
Long-billed Dowitcher,4,2,Apr_W2,0.0,762.0
Long-billed Dowitcher,4,3,Apr_W3,0.0,775.0
Long-billed Dowitcher,4,4,Apr_W4,0.0,1200.0
Long-billed Dowitcher,5,1,May_W1,0.0,1394.0
Long-billed Dowitcher,5,2,May_W2,0.0012107,4130.0
Long-billed Dowitcher,5,3,May_W3,0.0,8788.0
Long-billed Dowitcher,5,4,May_W4,0.0,3337.0
Long-billed Dowitcher,6,1,Jun_W1,0.0,965.0
Long-billed Dowitcher,6,2,Jun_W2,0.0,714.0
Long-billed Dowitcher,6,3,Jun_W3,0.0,624.0
Long-billed Dowitcher,6,4,Jun_W4,0.0,704.0
Long-billed Dowitcher,7,1,Jul_W1,0.0,922.0
Long-billed Dowitcher,7,2,Jul_W2,0.0,649.0
Long-billed Dowitcher,7,3,Jul_W3,0.0018553,539.0
Long-billed Dowitcher,7,4,Jul_W4,0.0,716.0
Long-billed Dowitcher,8,1,Aug_W1,0.0,541.0
Long-billed Dowitcher,8,2,Aug_W2,0.0,464.0
Long-billed Dowitcher,8,3,Aug_W3,0.0,543.0
Long-billed Dowitcher,8,4,Aug_W4,0.0,766.0
Long-billed Dowitcher,9,1,Sep_W1,0.0,638.0
Long-billed Dowitcher,9,2,Sep_W2,0.0015,530.0
Long-billed Dowitcher,9,3,Sep_W3,0.0,500.0
Long-billed Dowitcher,9,4,Sep_W4,0.0,602.0
Long-billed Dowitcher,10,1,Oct_W1,0.0,378.0
Long-billed Dowitcher,10,2,Oct_W2,0.0,435.0
Long-billed Dowitcher,10,3,Oct_W3,0.0,385.0
Long-billed Dowitcher,10,4,Oct_W4,0.0,645.0
Long-billed Dowitcher,11,1,Nov_W1,0.0,434.0
Long-billed Dowitcher,11,2,Nov_W2,0.0,468.0
Long-billed Dowitcher,11,3,Nov_W3,0.0,441.0
Long-billed Dowitcher,11,4,Nov_W4,0.0,600.0
Long-billed Dowitcher,12,1,Dec_W1,0.0,446.0
Long-billed Dowitcher,12,2,Dec_W2,0.0,529.0
Long-billed Dowitcher,12,3,Dec_W3,0.0,552.0
Long-billed Dowitcher,12,4,Dec_W4,0.0,695.0
American Woodcock,1,1,Jan_W1,0.0,823.0
American Woodcock,1,2,Jan_W2,0.0,605.0
American Woodcock,1,3,Jan_W3,0.0,523.0
American Woodcock,1,4,Jan_W4,0.0,730.0
American Woodcock,2,1,Feb_W1,0.0,496.0
American Woodcock,2,2,Feb_W2,0.0,822.0
American Woodcock,2,3,Feb_W3,0.0,1575.0
American Woodcock,2,4,Feb_W4,0.003268,612.0
American Woodcock,3,1,Mar_W1,0.0032895,608.0
American Woodcock,3,2,Mar_W2,0.0027027,740.0
American Woodcock,3,3,Mar_W3,0.0120301,665.0
American Woodcock,3,4,Mar_W4,0.0367734,843.0
American Woodcock,4,1,Apr_W1,0.0336474,743.0
American Woodcock,4,2,Apr_W2,0.0367454,762.0
American Woodcock,4,3,Apr_W3,0.036129,775.0
American Woodcock,4,4,Apr_W4,0.0225,1200.0
American Woodcock,5,1,May_W1,0.0344333,1394.0
American Woodcock,5,2,May_W2,0.027845,4130.0
American Woodcock,5,3,May_W3,0.0315203,8788.0
American Woodcock,5,4,May_W4,0.0221756,3337.0
American Woodcock,6,1,Jun_W1,0.0082902,965.0
American Woodcock,6,2,Jun_W2,0.0098039,714.0
American Woodcock,6,3,Jun_W3,0.0064103,624.0
American Woodcock,6,4,Jun_W4,0.0099432,704.0
American Woodcock,7,1,Jul_W1,0.0065076,922.0
American Woodcock,7,2,Jul_W2,0.0015,649.0
American Woodcock,7,3,Jul_W3,0.0074212,539.0
American Woodcock,7,4,Jul_W4,0.0041899,716.0
American Woodcock,8,1,Aug_W1,0.0036969,541.0
American Woodcock,8,2,Aug_W2,0.0021552,464.0
American Woodcock,8,3,Aug_W3,0.0055249,543.0
American Woodcock,8,4,Aug_W4,0.0039164,766.0
American Woodcock,9,1,Sep_W1,0.0062696,638.0
American Woodcock,9,2,Sep_W2,0.0037736,530.0
American Woodcock,9,3,Sep_W3,0.006,500.0
American Woodcock,9,4,Sep_W4,0.0083056,602.0
American Woodcock,10,1,Oct_W1,0.0026455,378.0
American Woodcock,10,2,Oct_W2,0.0015,435.0
American Woodcock,10,3,Oct_W3,0.0077922,385.0
American Woodcock,10,4,Oct_W4,0.0077519,645.0
American Woodcock,11,1,Nov_W1,0.0,434.0
American Woodcock,11,2,Nov_W2,0.0021368,468.0
American Woodcock,11,3,Nov_W3,0.0,441.0
American Woodcock,11,4,Nov_W4,0.0,600.0
American Woodcock,12,1,Dec_W1,0.0,446.0
American Woodcock,12,2,Dec_W2,0.0,529.0
American Woodcock,12,3,Dec_W3,0.0,552.0
American Woodcock,12,4,Dec_W4,0.0,695.0
Wilson's Snipe,1,1,Jan_W1,0.0,823.0
Wilson's Snipe,1,2,Jan_W2,0.0,605.0
Wilson's Snipe,1,3,Jan_W3,0.0,523.0
Wilson's Snipe,1,4,Jan_W4,0.0,730.0
Wilson's Snipe,2,1,Feb_W1,0.0,496.0
Wilson's Snipe,2,2,Feb_W2,0.0,822.0
Wilson's Snipe,2,3,Feb_W3,0.0,1575.0
Wilson's Snipe,2,4,Feb_W4,0.0,612.0
Wilson's Snipe,3,1,Mar_W1,0.0015,608.0
Wilson's Snipe,3,2,Mar_W2,0.0013514,740.0
Wilson's Snipe,3,3,Mar_W3,0.0,665.0
Wilson's Snipe,3,4,Mar_W4,0.0094899,843.0
Wilson's Snipe,4,1,Apr_W1,0.0161507,743.0
Wilson's Snipe,4,2,Apr_W2,0.0288714,762.0
Wilson's Snipe,4,3,Apr_W3,0.04,775.0
Wilson's Snipe,4,4,Apr_W4,0.0258333,1200.0
Wilson's Snipe,5,1,May_W1,0.0186514,1394.0
Wilson's Snipe,5,2,May_W2,0.0138015,4130.0
Wilson's Snipe,5,3,May_W3,0.0105826,8788.0
Wilson's Snipe,5,4,May_W4,0.0083908,3337.0
Wilson's Snipe,6,1,Jun_W1,0.0051813,965.0
Wilson's Snipe,6,2,Jun_W2,0.0056022,714.0
Wilson's Snipe,6,3,Jun_W3,0.0080128,624.0
Wilson's Snipe,6,4,Jun_W4,0.0099432,704.0
Wilson's Snipe,7,1,Jul_W1,0.0043384,922.0
Wilson's Snipe,7,2,Jul_W2,0.0061633,649.0
Wilson's Snipe,7,3,Jul_W3,0.0111317,539.0
Wilson's Snipe,7,4,Jul_W4,0.0209497,716.0
Wilson's Snipe,8,1,Aug_W1,0.0277264,541.0
Wilson's Snipe,8,2,Aug_W2,0.0280172,464.0
Wilson's Snipe,8,3,Aug_W3,0.0239411,543.0
Wilson's Snipe,8,4,Aug_W4,0.037859,766.0
Wilson's Snipe,9,1,Sep_W1,0.0203762,638.0
Wilson's Snipe,9,2,Sep_W2,0.0528302,530.0
Wilson's Snipe,9,3,Sep_W3,0.036,500.0
Wilson's Snipe,9,4,Sep_W4,0.0365449,602.0
Wilson's Snipe,10,1,Oct_W1,0.0291005,378.0
Wilson's Snipe,10,2,Oct_W2,0.0275862,435.0
Wilson's Snipe,10,3,Oct_W3,0.0233766,385.0
Wilson's Snipe,10,4,Oct_W4,0.027907,645.0
Wilson's Snipe,11,1,Nov_W1,0.0207373,434.0
Wilson's Snipe,11,2,Nov_W2,0.008547,468.0
Wilson's Snipe,11,3,Nov_W3,0.015873,441.0
Wilson's Snipe,11,4,Nov_W4,0.0033333,600.0
Wilson's Snipe,12,1,Dec_W1,0.0044843,446.0
Wilson's Snipe,12,2,Dec_W2,0.0,529.0
Wilson's Snipe,12,3,Dec_W3,0.0,552.0
Wilson's Snipe,12,4,Dec_W4,0.0,695.0
Wilson's Phalarope,1,1,Jan_W1,0.0,823.0
Wilson's Phalarope,1,2,Jan_W2,0.0,605.0
Wilson's Phalarope,1,3,Jan_W3,0.0,523.0
Wilson's Phalarope,1,4,Jan_W4,0.0,730.0
Wilson's Phalarope,2,1,Feb_W1,0.0,496.0
Wilson's Phalarope,2,2,Feb_W2,0.0,822.0
Wilson's Phalarope,2,3,Feb_W3,0.0,1575.0
Wilson's Phalarope,2,4,Feb_W4,0.0,612.0
Wilson's Phalarope,3,1,Mar_W1,0.0,608.0
Wilson's Phalarope,3,2,Mar_W2,0.0,740.0
Wilson's Phalarope,3,3,Mar_W3,0.0,665.0
Wilson's Phalarope,3,4,Mar_W4,0.0,843.0
Wilson's Phalarope,4,1,Apr_W1,0.0,743.0
Wilson's Phalarope,4,2,Apr_W2,0.0,762.0
Wilson's Phalarope,4,3,Apr_W3,0.0,775.0
Wilson's Phalarope,4,4,Apr_W4,0.0,1200.0
Wilson's Phalarope,5,1,May_W1,0.0,1394.0
Wilson's Phalarope,5,2,May_W2,0.0009685,4130.0
Wilson's Phalarope,5,3,May_W3,0.000569,8788.0
Wilson's Phalarope,5,4,May_W4,0.0020977,3337.0
Wilson's Phalarope,6,1,Jun_W1,0.0020725,965.0
Wilson's Phalarope,6,2,Jun_W2,0.0,714.0
Wilson's Phalarope,6,3,Jun_W3,0.0,624.0
Wilson's Phalarope,6,4,Jun_W4,0.0,704.0
Wilson's Phalarope,7,1,Jul_W1,0.0,922.0
Wilson's Phalarope,7,2,Jul_W2,0.0,649.0
Wilson's Phalarope,7,3,Jul_W3,0.0,539.0
Wilson's Phalarope,7,4,Jul_W4,0.0,716.0
Wilson's Phalarope,8,1,Aug_W1,0.0,541.0
Wilson's Phalarope,8,2,Aug_W2,0.0,464.0
Wilson's Phalarope,8,3,Aug_W3,0.0,543.0
Wilson's Phalarope,8,4,Aug_W4,0.0065274,766.0
Wilson's Phalarope,9,1,Sep_W1,0.0,638.0
Wilson's Phalarope,9,2,Sep_W2,0.0,530.0
Wilson's Phalarope,9,3,Sep_W3,0.008,500.0
Wilson's Phalarope,9,4,Sep_W4,0.0,602.0
Wilson's Phalarope,10,1,Oct_W1,0.0,378.0
Wilson's Phalarope,10,2,Oct_W2,0.0,435.0
Wilson's Phalarope,10,3,Oct_W3,0.0,385.0
Wilson's Phalarope,10,4,Oct_W4,0.0,645.0
Wilson's Phalarope,11,1,Nov_W1,0.0,434.0
Wilson's Phalarope,11,2,Nov_W2,0.0,468.0
Wilson's Phalarope,11,3,Nov_W3,0.0,441.0
Wilson's Phalarope,11,4,Nov_W4,0.0,600.0
Wilson's Phalarope,12,1,Dec_W1,0.0,446.0
Wilson's Phalarope,12,2,Dec_W2,0.0,529.0
Wilson's Phalarope,12,3,Dec_W3,0.0,552.0
Wilson's Phalarope,12,4,Dec_W4,0.0,695.0
Red-necked Phalarope,1,1,Jan_W1,0.0,823.0
Red-necked Phalarope,1,2,Jan_W2,0.0,605.0
Red-necked Phalarope,1,3,Jan_W3,0.0,523.0
Red-necked Phalarope,1,4,Jan_W4,0.0,730.0
Red-necked Phalarope,2,1,Feb_W1,0.0,496.0
Red-necked Phalarope,2,2,Feb_W2,0.0,822.0
Red-necked Phalarope,2,3,Feb_W3,0.0,1575.0
Red-necked Phalarope,2,4,Feb_W4,0.0,612.0
Red-necked Phalarope,3,1,Mar_W1,0.0,608.0
Red-necked Phalarope,3,2,Mar_W2,0.0,740.0
Red-necked Phalarope,3,3,Mar_W3,0.0,665.0
Red-necked Phalarope,3,4,Mar_W4,0.0,843.0
Red-necked Phalarope,4,1,Apr_W1,0.0,743.0
Red-necked Phalarope,4,2,Apr_W2,0.0,762.0
Red-necked Phalarope,4,3,Apr_W3,0.0,775.0
Red-necked Phalarope,4,4,Apr_W4,0.0,1200.0
Red-necked Phalarope,5,1,May_W1,0.0,1394.0
Red-necked Phalarope,5,2,May_W2,0.0,4130.0
Red-necked Phalarope,5,3,May_W3,0.0015,8788.0
Red-necked Phalarope,5,4,May_W4,0.0,3337.0
Red-necked Phalarope,6,1,Jun_W1,0.0,965.0
Red-necked Phalarope,6,2,Jun_W2,0.0,714.0
Red-necked Phalarope,6,3,Jun_W3,0.0,624.0
Red-necked Phalarope,6,4,Jun_W4,0.0,704.0
Red-necked Phalarope,7,1,Jul_W1,0.0,922.0
Red-necked Phalarope,7,2,Jul_W2,0.0,649.0
Red-necked Phalarope,7,3,Jul_W3,0.0,539.0
Red-necked Phalarope,7,4,Jul_W4,0.0,716.0
Red-necked Phalarope,8,1,Aug_W1,0.0,541.0
Red-necked Phalarope,8,2,Aug_W2,0.0,464.0
Red-necked Phalarope,8,3,Aug_W3,0.0036832,543.0
Red-necked Phalarope,8,4,Aug_W4,0.0,766.0
Red-necked Phalarope,9,1,Sep_W1,0.0,638.0
Red-necked Phalarope,9,2,Sep_W2,0.0075472,530.0
Red-necked Phalarope,9,3,Sep_W3,0.0,500.0
Red-necked Phalarope,9,4,Sep_W4,0.0,602.0
Red-necked Phalarope,10,1,Oct_W1,0.0,378.0
Red-necked Phalarope,10,2,Oct_W2,0.0,435.0
Red-necked Phalarope,10,3,Oct_W3,0.0,385.0
Red-necked Phalarope,10,4,Oct_W4,0.0,645.0
Red-necked Phalarope,11,1,Nov_W1,0.0,434.0
Red-necked Phalarope,11,2,Nov_W2,0.0,468.0
Red-necked Phalarope,11,3,Nov_W3,0.0,441.0
Red-necked Phalarope,11,4,Nov_W4,0.0,600.0
Red-necked Phalarope,12,1,Dec_W1,0.0,446.0
Red-necked Phalarope,12,2,Dec_W2,0.0,529.0
Red-necked Phalarope,12,3,Dec_W3,0.0,552.0
Red-necked Phalarope,12,4,Dec_W4,0.0,695.0
Spotted Sandpiper,1,1,Jan_W1,0.0,823.0
Spotted Sandpiper,1,2,Jan_W2,0.0,605.0
Spotted Sandpiper,1,3,Jan_W3,0.0,523.0
Spotted Sandpiper,1,4,Jan_W4,0.0,730.0
Spotted Sandpiper,2,1,Feb_W1,0.0,496.0
Spotted Sandpiper,2,2,Feb_W2,0.0,822.0
Spotted Sandpiper,2,3,Feb_W3,0.0,1575.0
Spotted Sandpiper,2,4,Feb_W4,0.0,612.0
Spotted Sandpiper,3,1,Mar_W1,0.0,608.0
Spotted Sandpiper,3,2,Mar_W2,0.0,740.0
Spotted Sandpiper,3,3,Mar_W3,0.0,665.0
Spotted Sandpiper,3,4,Mar_W4,0.0,843.0
Spotted Sandpiper,4,1,Apr_W1,0.0,743.0
Spotted Sandpiper,4,2,Apr_W2,0.0,762.0
Spotted Sandpiper,4,3,Apr_W3,0.0025806,775.0
Spotted Sandpiper,4,4,Apr_W4,0.0141667,1200.0
Spotted Sandpiper,5,1,May_W1,0.1097561,1394.0
Spotted Sandpiper,5,2,May_W2,0.1508475,4130.0
Spotted Sandpiper,5,3,May_W3,0.2357761,8788.0
Spotted Sandpiper,5,4,May_W4,0.2319449,3337.0
Spotted Sandpiper,6,1,Jun_W1,0.1761658,965.0
Spotted Sandpiper,6,2,Jun_W2,0.1092437,714.0
Spotted Sandpiper,6,3,Jun_W3,0.1266026,624.0
Spotted Sandpiper,6,4,Jun_W4,0.109375,704.0
Spotted Sandpiper,7,1,Jul_W1,0.0672451,922.0
Spotted Sandpiper,7,2,Jul_W2,0.1309707,649.0
Spotted Sandpiper,7,3,Jul_W3,0.1020408,539.0
Spotted Sandpiper,7,4,Jul_W4,0.1424581,716.0
Spotted Sandpiper,8,1,Aug_W1,0.168207,541.0
Spotted Sandpiper,8,2,Aug_W2,0.1551724,464.0
Spotted Sandpiper,8,3,Aug_W3,0.1878453,543.0
Spotted Sandpiper,8,4,Aug_W4,0.1396867,766.0
Spotted Sandpiper,9,1,Sep_W1,0.0768025,638.0
Spotted Sandpiper,9,2,Sep_W2,0.0396226,530.0
Spotted Sandpiper,9,3,Sep_W3,0.03,500.0
Spotted Sandpiper,9,4,Sep_W4,0.0083056,602.0
Spotted Sandpiper,10,1,Oct_W1,0.005291,378.0
Spotted Sandpiper,10,2,Oct_W2,0.0068966,435.0
Spotted Sandpiper,10,3,Oct_W3,0.0,385.0
Spotted Sandpiper,10,4,Oct_W4,0.0,645.0
Spotted Sandpiper,11,1,Nov_W1,0.0,434.0
Spotted Sandpiper,11,2,Nov_W2,0.0,468.0
Spotted Sandpiper,11,3,Nov_W3,0.0,441.0
Spotted Sandpiper,11,4,Nov_W4,0.0,600.0
Spotted Sandpiper,12,1,Dec_W1,0.0,446.0
Spotted Sandpiper,12,2,Dec_W2,0.0,529.0
Spotted Sandpiper,12,3,Dec_W3,0.0,552.0
Spotted Sandpiper,12,4,Dec_W4,0.0,695.0
Solitary Sandpiper,1,1,Jan_W1,0.0,823.0
Solitary Sandpiper,1,2,Jan_W2,0.0,605.0
Solitary Sandpiper,1,3,Jan_W3,0.0,523.0
Solitary Sandpiper,1,4,Jan_W4,0.0,730.0
Solitary Sandpiper,2,1,Feb_W1,0.0,496.0
Solitary Sandpiper,2,2,Feb_W2,0.0,822.0
Solitary Sandpiper,2,3,Feb_W3,0.0,1575.0
Solitary Sandpiper,2,4,Feb_W4,0.0,612.0
Solitary Sandpiper,3,1,Mar_W1,0.0,608.0
Solitary Sandpiper,3,2,Mar_W2,0.0,740.0
Solitary Sandpiper,3,3,Mar_W3,0.0,665.0
Solitary Sandpiper,3,4,Mar_W4,0.0,843.0
Solitary Sandpiper,4,1,Apr_W1,0.0,743.0
Solitary Sandpiper,4,2,Apr_W2,0.0,762.0
Solitary Sandpiper,4,3,Apr_W3,0.0077419,775.0
Solitary Sandpiper,4,4,Apr_W4,0.0258333,1200.0
Solitary Sandpiper,5,1,May_W1,0.0566714,1394.0
Solitary Sandpiper,5,2,May_W2,0.0416465,4130.0
Solitary Sandpiper,5,3,May_W3,0.0232135,8788.0
Solitary Sandpiper,5,4,May_W4,0.0098891,3337.0
Solitary Sandpiper,6,1,Jun_W1,0.0,965.0
Solitary Sandpiper,6,2,Jun_W2,0.0,714.0
Solitary Sandpiper,6,3,Jun_W3,0.0016026,624.0
Solitary Sandpiper,6,4,Jun_W4,0.0028409,704.0
Solitary Sandpiper,7,1,Jul_W1,0.005423,922.0
Solitary Sandpiper,7,2,Jul_W2,0.03698,649.0
Solitary Sandpiper,7,3,Jul_W3,0.0445269,539.0
Solitary Sandpiper,7,4,Jul_W4,0.0949721,716.0
Solitary Sandpiper,8,1,Aug_W1,0.1515712,541.0
Solitary Sandpiper,8,2,Aug_W2,0.137931,464.0
Solitary Sandpiper,8,3,Aug_W3,0.1399632,543.0
Solitary Sandpiper,8,4,Aug_W4,0.1684073,766.0
Solitary Sandpiper,9,1,Sep_W1,0.1442006,638.0
Solitary Sandpiper,9,2,Sep_W2,0.109434,530.0
Solitary Sandpiper,9,3,Sep_W3,0.08,500.0
Solitary Sandpiper,9,4,Sep_W4,0.0797342,602.0
Solitary Sandpiper,10,1,Oct_W1,0.0291005,378.0
Solitary Sandpiper,10,2,Oct_W2,0.0091954,435.0
Solitary Sandpiper,10,3,Oct_W3,0.0,385.0
Solitary Sandpiper,10,4,Oct_W4,0.0,645.0
Solitary Sandpiper,11,1,Nov_W1,0.0,434.0
Solitary Sandpiper,11,2,Nov_W2,0.0,468.0
Solitary Sandpiper,11,3,Nov_W3,0.0,441.0
Solitary Sandpiper,11,4,Nov_W4,0.0,600.0
Solitary Sandpiper,12,1,Dec_W1,0.0,446.0
Solitary Sandpiper,12,2,Dec_W2,0.0,529.0
Solitary Sandpiper,12,3,Dec_W3,0.0,552.0
Solitary Sandpiper,12,4,Dec_W4,0.0,695.0
Lesser Yellowlegs,1,1,Jan_W1,0.0,823.0
Lesser Yellowlegs,1,2,Jan_W2,0.0,605.0
Lesser Yellowlegs,1,3,Jan_W3,0.0,523.0
Lesser Yellowlegs,1,4,Jan_W4,0.0,730.0
Lesser Yellowlegs,2,1,Feb_W1,0.0,496.0
Lesser Yellowlegs,2,2,Feb_W2,0.0,822.0
Lesser Yellowlegs,2,3,Feb_W3,0.0,1575.0
Lesser Yellowlegs,2,4,Feb_W4,0.0,612.0
Lesser Yellowlegs,3,1,Mar_W1,0.0,608.0
Lesser Yellowlegs,3,2,Mar_W2,0.0,740.0
Lesser Yellowlegs,3,3,Mar_W3,0.0,665.0
Lesser Yellowlegs,3,4,Mar_W4,0.0,843.0
Lesser Yellowlegs,4,1,Apr_W1,0.0,743.0
Lesser Yellowlegs,4,2,Apr_W2,0.0,762.0
Lesser Yellowlegs,4,3,Apr_W3,0.0193548,775.0
Lesser Yellowlegs,4,4,Apr_W4,0.0558333,1200.0
Lesser Yellowlegs,5,1,May_W1,0.0602582,1394.0
Lesser Yellowlegs,5,2,May_W2,0.0414044,4130.0
Lesser Yellowlegs,5,3,May_W3,0.0333409,8788.0
Lesser Yellowlegs,5,4,May_W4,0.0137848,3337.0
Lesser Yellowlegs,6,1,Jun_W1,0.0010363,965.0
Lesser Yellowlegs,6,2,Jun_W2,0.0,714.0
Lesser Yellowlegs,6,3,Jun_W3,0.0,624.0
Lesser Yellowlegs,6,4,Jun_W4,0.0056818,704.0
Lesser Yellowlegs,7,1,Jul_W1,0.0086768,922.0
Lesser Yellowlegs,7,2,Jul_W2,0.0138675,649.0
Lesser Yellowlegs,7,3,Jul_W3,0.012987,539.0
Lesser Yellowlegs,7,4,Jul_W4,0.0349162,716.0
Lesser Yellowlegs,8,1,Aug_W1,0.1219963,541.0
Lesser Yellowlegs,8,2,Aug_W2,0.1056034,464.0
Lesser Yellowlegs,8,3,Aug_W3,0.1399632,543.0
Lesser Yellowlegs,8,4,Aug_W4,0.1631854,766.0
Lesser Yellowlegs,9,1,Sep_W1,0.1285266,638.0
Lesser Yellowlegs,9,2,Sep_W2,0.0943396,530.0
Lesser Yellowlegs,9,3,Sep_W3,0.1,500.0
Lesser Yellowlegs,9,4,Sep_W4,0.10299,602.0
Lesser Yellowlegs,10,1,Oct_W1,0.0582011,378.0
Lesser Yellowlegs,10,2,Oct_W2,0.0482759,435.0
Lesser Yellowlegs,10,3,Oct_W3,0.0233766,385.0
Lesser Yellowlegs,10,4,Oct_W4,0.0077519,645.0
Lesser Yellowlegs,11,1,Nov_W1,0.0023041,434.0
Lesser Yellowlegs,11,2,Nov_W2,0.0021368,468.0
Lesser Yellowlegs,11,3,Nov_W3,0.0015,441.0
Lesser Yellowlegs,11,4,Nov_W4,0.0,600.0
Lesser Yellowlegs,12,1,Dec_W1,0.0,446.0
Lesser Yellowlegs,12,2,Dec_W2,0.0,529.0
Lesser Yellowlegs,12,3,Dec_W3,0.0,552.0
Lesser Yellowlegs,12,4,Dec_W4,0.0,695.0
Willet,1,1,Jan_W1,0.0,823.0
Willet,1,2,Jan_W2,0.0,605.0
Willet,1,3,Jan_W3,0.0,523.0
Willet,1,4,Jan_W4,0.0,730.0
Willet,2,1,Feb_W1,0.0,496.0
Willet,2,2,Feb_W2,0.0,822.0
Willet,2,3,Feb_W3,0.0,1575.0
Willet,2,4,Feb_W4,0.0,612.0
Willet,3,1,Mar_W1,0.0,608.0
Willet,3,2,Mar_W2,0.0,740.0
Willet,3,3,Mar_W3,0.0,665.0
Willet,3,4,Mar_W4,0.0,843.0
Willet,4,1,Apr_W1,0.0,743.0
Willet,4,2,Apr_W2,0.0,762.0
Willet,4,3,Apr_W3,0.0012903,775.0
Willet,4,4,Apr_W4,0.0033333,1200.0
Willet,5,1,May_W1,0.0143472,1394.0
Willet,5,2,May_W2,0.0048426,4130.0
Willet,5,3,May_W3,0.0025034,8788.0
Willet,5,4,May_W4,0.0023974,3337.0
Willet,6,1,Jun_W1,0.0,965.0
Willet,6,2,Jun_W2,0.0,714.0
Willet,6,3,Jun_W3,0.0,624.0
Willet,6,4,Jun_W4,0.0,704.0
Willet,7,1,Jul_W1,0.0,922.0
Willet,7,2,Jul_W2,0.0,649.0
Willet,7,3,Jul_W3,0.0,539.0
Willet,7,4,Jul_W4,0.0013966,716.0
Willet,8,1,Aug_W1,0.0018484,541.0
Willet,8,2,Aug_W2,0.0,464.0
Willet,8,3,Aug_W3,0.0,543.0
Willet,8,4,Aug_W4,0.0,766.0
Willet,9,1,Sep_W1,0.0015674,638.0
Willet,9,2,Sep_W2,0.0,530.0
Willet,9,3,Sep_W3,0.0,500.0
Willet,9,4,Sep_W4,0.0,602.0
Willet,10,1,Oct_W1,0.0,378.0
Willet,10,2,Oct_W2,0.0,435.0
Willet,10,3,Oct_W3,0.0,385.0
Willet,10,4,Oct_W4,0.0,645.0
Willet,11,1,Nov_W1,0.0,434.0
Willet,11,2,Nov_W2,0.0,468.0
Willet,11,3,Nov_W3,0.0,441.0
Willet,11,4,Nov_W4,0.0,600.0
Willet,12,1,Dec_W1,0.0,446.0
Willet,12,2,Dec_W2,0.0,529.0
Willet,12,3,Dec_W3,0.0,552.0
Willet,12,4,Dec_W4,0.0,695.0
Greater Yellowlegs,1,1,Jan_W1,0.0,823.0
Greater Yellowlegs,1,2,Jan_W2,0.0,605.0
Greater Yellowlegs,1,3,Jan_W3,0.0,523.0
Greater Yellowlegs,1,4,Jan_W4,0.0,730.0
Greater Yellowlegs,2,1,Feb_W1,0.0,496.0
Greater Yellowlegs,2,2,Feb_W2,0.0,822.0
Greater Yellowlegs,2,3,Feb_W3,0.0,1575.0
Greater Yellowlegs,2,4,Feb_W4,0.0,612.0
Greater Yellowlegs,3,1,Mar_W1,0.0,608.0
Greater Yellowlegs,3,2,Mar_W2,0.0,740.0
Greater Yellowlegs,3,3,Mar_W3,0.0,665.0
Greater Yellowlegs,3,4,Mar_W4,0.0011862,843.0
Greater Yellowlegs,4,1,Apr_W1,0.0026918,743.0
Greater Yellowlegs,4,2,Apr_W2,0.0183727,762.0
Greater Yellowlegs,4,3,Apr_W3,0.0490323,775.0
Greater Yellowlegs,4,4,Apr_W4,0.11,1200.0
Greater Yellowlegs,5,1,May_W1,0.0932568,1394.0
Greater Yellowlegs,5,2,May_W2,0.0368039,4130.0
Greater Yellowlegs,5,3,May_W3,0.0236686,8788.0
Greater Yellowlegs,5,4,May_W4,0.0140845,3337.0
Greater Yellowlegs,6,1,Jun_W1,0.0010363,965.0
Greater Yellowlegs,6,2,Jun_W2,0.0,714.0
Greater Yellowlegs,6,3,Jun_W3,0.0,624.0
Greater Yellowlegs,6,4,Jun_W4,0.0014205,704.0
Greater Yellowlegs,7,1,Jul_W1,0.0086768,922.0
Greater Yellowlegs,7,2,Jul_W2,0.01849,649.0
Greater Yellowlegs,7,3,Jul_W3,0.0166976,539.0
Greater Yellowlegs,7,4,Jul_W4,0.0405028,716.0
Greater Yellowlegs,8,1,Aug_W1,0.0720887,541.0
Greater Yellowlegs,8,2,Aug_W2,0.0732759,464.0
Greater Yellowlegs,8,3,Aug_W3,0.0957643,543.0
Greater Yellowlegs,8,4,Aug_W4,0.1553525,766.0
Greater Yellowlegs,9,1,Sep_W1,0.1410658,638.0
Greater Yellowlegs,9,2,Sep_W2,0.1264151,530.0
Greater Yellowlegs,9,3,Sep_W3,0.132,500.0
Greater Yellowlegs,9,4,Sep_W4,0.1395349,602.0
Greater Yellowlegs,10,1,Oct_W1,0.0846561,378.0
Greater Yellowlegs,10,2,Oct_W2,0.0965517,435.0
Greater Yellowlegs,10,3,Oct_W3,0.0701299,385.0
Greater Yellowlegs,10,4,Oct_W4,0.0573643,645.0
Greater Yellowlegs,11,1,Nov_W1,0.0437788,434.0
Greater Yellowlegs,11,2,Nov_W2,0.0149573,468.0
Greater Yellowlegs,11,3,Nov_W3,0.0045351,441.0
Greater Yellowlegs,11,4,Nov_W4,0.0033333,600.0
Greater Yellowlegs,12,1,Dec_W1,0.0,446.0
Greater Yellowlegs,12,2,Dec_W2,0.0,529.0
Greater Yellowlegs,12,3,Dec_W3,0.0,552.0
Greater Yellowlegs,12,4,Dec_W4,0.0,695.0
Ruddy Turnstone,1,1,Jan_W1,0.0,823.0
Ruddy Turnstone,1,2,Jan_W2,0.0,605.0
Ruddy Turnstone,1,3,Jan_W3,0.0,523.0
Ruddy Turnstone,1,4,Jan_W4,0.0,730.0
Ruddy Turnstone,2,1,Feb_W1,0.0,496.0
Ruddy Turnstone,2,2,Feb_W2,0.0,822.0
Ruddy Turnstone,2,3,Feb_W3,0.0,1575.0
Ruddy Turnstone,2,4,Feb_W4,0.0,612.0
Ruddy Turnstone,3,1,Mar_W1,0.0,608.0
Ruddy Turnstone,3,2,Mar_W2,0.0,740.0
Ruddy Turnstone,3,3,Mar_W3,0.0,665.0
Ruddy Turnstone,3,4,Mar_W4,0.0,843.0
Ruddy Turnstone,4,1,Apr_W1,0.0,743.0
Ruddy Turnstone,4,2,Apr_W2,0.0,762.0
Ruddy Turnstone,4,3,Apr_W3,0.0015,775.0
Ruddy Turnstone,4,4,Apr_W4,0.0,1200.0
Ruddy Turnstone,5,1,May_W1,0.0,1394.0
Ruddy Turnstone,5,2,May_W2,0.0108959,4130.0
Ruddy Turnstone,5,3,May_W3,0.072599,8788.0
Ruddy Turnstone,5,4,May_W4,0.1039856,3337.0
Ruddy Turnstone,6,1,Jun_W1,0.0943005,965.0
Ruddy Turnstone,6,2,Jun_W2,0.0084034,714.0
Ruddy Turnstone,6,3,Jun_W3,0.0064103,624.0
Ruddy Turnstone,6,4,Jun_W4,0.0014205,704.0
Ruddy Turnstone,7,1,Jul_W1,0.0,922.0
Ruddy Turnstone,7,2,Jul_W2,0.0030817,649.0
Ruddy Turnstone,7,3,Jul_W3,0.0,539.0
Ruddy Turnstone,7,4,Jul_W4,0.0013966,716.0
Ruddy Turnstone,8,1,Aug_W1,0.0073937,541.0
Ruddy Turnstone,8,2,Aug_W2,0.0064655,464.0
Ruddy Turnstone,8,3,Aug_W3,0.0110497,543.0
Ruddy Turnstone,8,4,Aug_W4,0.0091384,766.0
Ruddy Turnstone,9,1,Sep_W1,0.0015674,638.0
Ruddy Turnstone,9,2,Sep_W2,0.0018868,530.0
Ruddy Turnstone,9,3,Sep_W3,0.002,500.0
Ruddy Turnstone,9,4,Sep_W4,0.0016611,602.0
Ruddy Turnstone,10,1,Oct_W1,0.0026455,378.0
Ruddy Turnstone,10,2,Oct_W2,0.0022989,435.0
Ruddy Turnstone,10,3,Oct_W3,0.0025974,385.0
Ruddy Turnstone,10,4,Oct_W4,0.0,645.0
Ruddy Turnstone,11,1,Nov_W1,0.0,434.0
Ruddy Turnstone,11,2,Nov_W2,0.0,468.0
Ruddy Turnstone,11,3,Nov_W3,0.0,441.0
Ruddy Turnstone,11,4,Nov_W4,0.0,600.0
Ruddy Turnstone,12,1,Dec_W1,0.0,446.0
Ruddy Turnstone,12,2,Dec_W2,0.0,529.0
Ruddy Turnstone,12,3,Dec_W3,0.0,552.0
Ruddy Turnstone,12,4,Dec_W4,0.0,695.0
Red Knot,1,1,Jan_W1,0.0,823.0
Red Knot,1,2,Jan_W2,0.0,605.0
Red Knot,1,3,Jan_W3,0.0,523.0
Red Knot,1,4,Jan_W4,0.0,730.0
Red Knot,2,1,Feb_W1,0.0,496.0
Red Knot,2,2,Feb_W2,0.0,822.0
Red Knot,2,3,Feb_W3,0.0,1575.0
Red Knot,2,4,Feb_W4,0.0,612.0
Red Knot,3,1,Mar_W1,0.0,608.0
Red Knot,3,2,Mar_W2,0.0,740.0
Red Knot,3,3,Mar_W3,0.0,665.0
Red Knot,3,4,Mar_W4,0.0,843.0
Red Knot,4,1,Apr_W1,0.0,743.0
Red Knot,4,2,Apr_W2,0.0,762.0
Red Knot,4,3,Apr_W3,0.0,775.0
Red Knot,4,4,Apr_W4,0.0,1200.0
Red Knot,5,1,May_W1,0.0,1394.0
Red Knot,5,2,May_W2,0.0015,4130.0
Red Knot,5,3,May_W3,0.0079654,8788.0
Red Knot,5,4,May_W4,0.0179802,3337.0
Red Knot,6,1,Jun_W1,0.0062176,965.0
Red Knot,6,2,Jun_W2,0.0,714.0
Red Knot,6,3,Jun_W3,0.0,624.0
Red Knot,6,4,Jun_W4,0.0,704.0
Red Knot,7,1,Jul_W1,0.0,922.0
Red Knot,7,2,Jul_W2,0.0,649.0
Red Knot,7,3,Jul_W3,0.0,539.0
Red Knot,7,4,Jul_W4,0.0015,716.0
Red Knot,8,1,Aug_W1,0.0,541.0
Red Knot,8,2,Aug_W2,0.0,464.0
Red Knot,8,3,Aug_W3,0.0,543.0
Red Knot,8,4,Aug_W4,0.0052219,766.0
Red Knot,9,1,Sep_W1,0.0,638.0
Red Knot,9,2,Sep_W2,0.0018868,530.0
Red Knot,9,3,Sep_W3,0.0,500.0
Red Knot,9,4,Sep_W4,0.0015,602.0
Red Knot,10,1,Oct_W1,0.0,378.0
Red Knot,10,2,Oct_W2,0.0,435.0
Red Knot,10,3,Oct_W3,0.0015,385.0
Red Knot,10,4,Oct_W4,0.0,645.0
Red Knot,11,1,Nov_W1,0.0,434.0
Red Knot,11,2,Nov_W2,0.0,468.0
Red Knot,11,3,Nov_W3,0.0,441.0
Red Knot,11,4,Nov_W4,0.0,600.0
Red Knot,12,1,Dec_W1,0.0,446.0
Red Knot,12,2,Dec_W2,0.0,529.0
Red Knot,12,3,Dec_W3,0.0,552.0
Red Knot,12,4,Dec_W4,0.0,695.0
Stilt Sandpiper,1,1,Jan_W1,0.0,823.0
Stilt Sandpiper,1,2,Jan_W2,0.0,605.0
Stilt Sandpiper,1,3,Jan_W3,0.0,523.0
Stilt Sandpiper,1,4,Jan_W4,0.0,730.0
Stilt Sandpiper,2,1,Feb_W1,0.0,496.0
Stilt Sandpiper,2,2,Feb_W2,0.0,822.0
Stilt Sandpiper,2,3,Feb_W3,0.0,1575.0
Stilt Sandpiper,2,4,Feb_W4,0.0,612.0
Stilt Sandpiper,3,1,Mar_W1,0.0,608.0
Stilt Sandpiper,3,2,Mar_W2,0.0,740.0
Stilt Sandpiper,3,3,Mar_W3,0.0,665.0
Stilt Sandpiper,3,4,Mar_W4,0.0,843.0
Stilt Sandpiper,4,1,Apr_W1,0.0,743.0
Stilt Sandpiper,4,2,Apr_W2,0.0,762.0
Stilt Sandpiper,4,3,Apr_W3,0.0,775.0
Stilt Sandpiper,4,4,Apr_W4,0.0,1200.0
Stilt Sandpiper,5,1,May_W1,0.0,1394.0
Stilt Sandpiper,5,2,May_W2,0.0,4130.0
Stilt Sandpiper,5,3,May_W3,0.0,8788.0
Stilt Sandpiper,5,4,May_W4,0.0015,3337.0
Stilt Sandpiper,6,1,Jun_W1,0.0,965.0
Stilt Sandpiper,6,2,Jun_W2,0.0,714.0
Stilt Sandpiper,6,3,Jun_W3,0.0,624.0
Stilt Sandpiper,6,4,Jun_W4,0.0,704.0
Stilt Sandpiper,7,1,Jul_W1,0.0,922.0
Stilt Sandpiper,7,2,Jul_W2,0.0,649.0
Stilt Sandpiper,7,3,Jul_W3,0.0,539.0
Stilt Sandpiper,7,4,Jul_W4,0.0027933,716.0
Stilt Sandpiper,8,1,Aug_W1,0.0203327,541.0
Stilt Sandpiper,8,2,Aug_W2,0.0021552,464.0
Stilt Sandpiper,8,3,Aug_W3,0.0239411,543.0
Stilt Sandpiper,8,4,Aug_W4,0.0339426,766.0
Stilt Sandpiper,9,1,Sep_W1,0.0219436,638.0
Stilt Sandpiper,9,2,Sep_W2,0.0245283,530.0
Stilt Sandpiper,9,3,Sep_W3,0.008,500.0
Stilt Sandpiper,9,4,Sep_W4,0.0016611,602.0
Stilt Sandpiper,10,1,Oct_W1,0.0,378.0
Stilt Sandpiper,10,2,Oct_W2,0.0022989,435.0
Stilt Sandpiper,10,3,Oct_W3,0.0,385.0
Stilt Sandpiper,10,4,Oct_W4,0.0,645.0
Stilt Sandpiper,11,1,Nov_W1,0.0,434.0
Stilt Sandpiper,11,2,Nov_W2,0.0,468.0
Stilt Sandpiper,11,3,Nov_W3,0.0,441.0
Stilt Sandpiper,11,4,Nov_W4,0.0,600.0
Stilt Sandpiper,12,1,Dec_W1,0.0,446.0
Stilt Sandpiper,12,2,Dec_W2,0.0,529.0
Stilt Sandpiper,12,3,Dec_W3,0.0,552.0
Stilt Sandpiper,12,4,Dec_W4,0.0,695.0
Buff-breasted Sandpiper,1,1,Jan_W1,0.0,823.0
Buff-breasted Sandpiper,1,2,Jan_W2,0.0,605.0
Buff-breasted Sandpiper,1,3,Jan_W3,0.0,523.0
Buff-breasted Sandpiper,1,4,Jan_W4,0.0,730.0
Buff-breasted Sandpiper,2,1,Feb_W1,0.0,496.0
Buff-breasted Sandpiper,2,2,Feb_W2,0.0,822.0
Buff-breasted Sandpiper,2,3,Feb_W3,0.0,1575.0
Buff-breasted Sandpiper,2,4,Feb_W4,0.0,612.0
Buff-breasted Sandpiper,3,1,Mar_W1,0.0,608.0
Buff-breasted Sandpiper,3,2,Mar_W2,0.0,740.0
Buff-breasted Sandpiper,3,3,Mar_W3,0.0,665.0
Buff-breasted Sandpiper,3,4,Mar_W4,0.0,843.0
Buff-breasted Sandpiper,4,1,Apr_W1,0.0,743.0
Buff-breasted Sandpiper,4,2,Apr_W2,0.0,762.0
Buff-breasted Sandpiper,4,3,Apr_W3,0.0,775.0
Buff-breasted Sandpiper,4,4,Apr_W4,0.0,1200.0
Buff-breasted Sandpiper,5,1,May_W1,0.0,1394.0
Buff-breasted Sandpiper,5,2,May_W2,0.0,4130.0
Buff-breasted Sandpiper,5,3,May_W3,0.0,8788.0
Buff-breasted Sandpiper,5,4,May_W4,0.0,3337.0
Buff-breasted Sandpiper,6,1,Jun_W1,0.0,965.0
Buff-breasted Sandpiper,6,2,Jun_W2,0.0,714.0
Buff-breasted Sandpiper,6,3,Jun_W3,0.0,624.0
Buff-breasted Sandpiper,6,4,Jun_W4,0.0,704.0
Buff-breasted Sandpiper,7,1,Jul_W1,0.0,922.0
Buff-breasted Sandpiper,7,2,Jul_W2,0.0,649.0
Buff-breasted Sandpiper,7,3,Jul_W3,0.0,539.0
Buff-breasted Sandpiper,7,4,Jul_W4,0.0,716.0
Buff-breasted Sandpiper,8,1,Aug_W1,0.0,541.0
Buff-breasted Sandpiper,8,2,Aug_W2,0.0,464.0
Buff-breasted Sandpiper,8,3,Aug_W3,0.0073665,543.0
Buff-breasted Sandpiper,8,4,Aug_W4,0.0091384,766.0
Buff-breasted Sandpiper,9,1,Sep_W1,0.0141066,638.0
Buff-breasted Sandpiper,9,2,Sep_W2,0.0015,530.0
Buff-breasted Sandpiper,9,3,Sep_W3,0.0015,500.0
Buff-breasted Sandpiper,9,4,Sep_W4,0.0015,602.0
Buff-breasted Sandpiper,10,1,Oct_W1,0.0,378.0
Buff-breasted Sandpiper,10,2,Oct_W2,0.0,435.0
Buff-breasted Sandpiper,10,3,Oct_W3,0.0,385.0
Buff-breasted Sandpiper,10,4,Oct_W4,0.0,645.0
Buff-breasted Sandpiper,11,1,Nov_W1,0.0,434.0
Buff-breasted Sandpiper,11,2,Nov_W2,0.0,468.0
Buff-breasted Sandpiper,11,3,Nov_W3,0.0,441.0
Buff-breasted Sandpiper,11,4,Nov_W4,0.0,600.0
Buff-breasted Sandpiper,12,1,Dec_W1,0.0,446.0
Buff-breasted Sandpiper,12,2,Dec_W2,0.0,529.0
Buff-breasted Sandpiper,12,3,Dec_W3,0.0,552.0
Buff-breasted Sandpiper,12,4,Dec_W4,0.0,695.0
Sanderling,1,1,Jan_W1,0.0,823.0
Sanderling,1,2,Jan_W2,0.0,605.0
Sanderling,1,3,Jan_W3,0.0,523.0
Sanderling,1,4,Jan_W4,0.0,730.0
Sanderling,2,1,Feb_W1,0.0,496.0
Sanderling,2,2,Feb_W2,0.0,822.0
Sanderling,2,3,Feb_W3,0.0,1575.0
Sanderling,2,4,Feb_W4,0.0,612.0
Sanderling,3,1,Mar_W1,0.0,608.0
Sanderling,3,2,Mar_W2,0.0,740.0
Sanderling,3,3,Mar_W3,0.0,665.0
Sanderling,3,4,Mar_W4,0.0,843.0
Sanderling,4,1,Apr_W1,0.0,743.0
Sanderling,4,2,Apr_W2,0.0,762.0
Sanderling,4,3,Apr_W3,0.0,775.0
Sanderling,4,4,Apr_W4,0.0016667,1200.0
Sanderling,5,1,May_W1,0.0121951,1394.0
Sanderling,5,2,May_W2,0.0193705,4130.0
Sanderling,5,3,May_W3,0.070437,8788.0
Sanderling,5,4,May_W4,0.1036859,3337.0
Sanderling,6,1,Jun_W1,0.119171,965.0
Sanderling,6,2,Jun_W2,0.0154062,714.0
Sanderling,6,3,Jun_W3,0.0,624.0
Sanderling,6,4,Jun_W4,0.0028409,704.0
Sanderling,7,1,Jul_W1,0.0,922.0
Sanderling,7,2,Jul_W2,0.009245,649.0
Sanderling,7,3,Jul_W3,0.0426716,539.0
Sanderling,7,4,Jul_W4,0.0698324,716.0
Sanderling,8,1,Aug_W1,0.077634,541.0
Sanderling,8,2,Aug_W2,0.0431034,464.0
Sanderling,8,3,Aug_W3,0.0994475,543.0
Sanderling,8,4,Aug_W4,0.1122715,766.0
Sanderling,9,1,Sep_W1,0.1097179,638.0
Sanderling,9,2,Sep_W2,0.1433962,530.0
Sanderling,9,3,Sep_W3,0.126,500.0
Sanderling,9,4,Sep_W4,0.0614618,602.0
Sanderling,10,1,Oct_W1,0.0634921,378.0
Sanderling,10,2,Oct_W2,0.0367816,435.0
Sanderling,10,3,Oct_W3,0.0311688,385.0
Sanderling,10,4,Oct_W4,0.0093023,645.0
Sanderling,11,1,Nov_W1,0.0368664,434.0
Sanderling,11,2,Nov_W2,0.008547,468.0
Sanderling,11,3,Nov_W3,0.0,441.0
Sanderling,11,4,Nov_W4,0.0,600.0
Sanderling,12,1,Dec_W1,0.0,446.0
Sanderling,12,2,Dec_W2,0.0,529.0
Sanderling,12,3,Dec_W3,0.0,552.0
Sanderling,12,4,Dec_W4,0.0,695.0
Dunlin,1,1,Jan_W1,0.0,823.0
Dunlin,1,2,Jan_W2,0.0,605.0
Dunlin,1,3,Jan_W3,0.0,523.0
Dunlin,1,4,Jan_W4,0.0,730.0
Dunlin,2,1,Feb_W1,0.0,496.0
Dunlin,2,2,Feb_W2,0.0,822.0
Dunlin,2,3,Feb_W3,0.0,1575.0
Dunlin,2,4,Feb_W4,0.0,612.0
Dunlin,3,1,Mar_W1,0.0,608.0
Dunlin,3,2,Mar_W2,0.0,740.0
Dunlin,3,3,Mar_W3,0.0,665.0
Dunlin,3,4,Mar_W4,0.0,843.0
Dunlin,4,1,Apr_W1,0.0,743.0
Dunlin,4,2,Apr_W2,0.0,762.0
Dunlin,4,3,Apr_W3,0.0025806,775.0
Dunlin,4,4,Apr_W4,0.0025,1200.0
Dunlin,5,1,May_W1,0.0150646,1394.0
Dunlin,5,2,May_W2,0.0372881,4130.0
Dunlin,5,3,May_W3,0.1760355,8788.0
Dunlin,5,4,May_W4,0.1792029,3337.0
Dunlin,6,1,Jun_W1,0.0621762,965.0
Dunlin,6,2,Jun_W2,0.0112045,714.0
Dunlin,6,3,Jun_W3,0.0080128,624.0
Dunlin,6,4,Jun_W4,0.0,704.0
Dunlin,7,1,Jul_W1,0.0,922.0
Dunlin,7,2,Jul_W2,0.0,649.0
Dunlin,7,3,Jul_W3,0.0,539.0
Dunlin,7,4,Jul_W4,0.0,716.0
Dunlin,8,1,Aug_W1,0.0,541.0
Dunlin,8,2,Aug_W2,0.0,464.0
Dunlin,8,3,Aug_W3,0.0,543.0
Dunlin,8,4,Aug_W4,0.0,766.0
Dunlin,9,1,Sep_W1,0.0015674,638.0
Dunlin,9,2,Sep_W2,0.0018868,530.0
Dunlin,9,3,Sep_W3,0.004,500.0
Dunlin,9,4,Sep_W4,0.0066445,602.0
Dunlin,10,1,Oct_W1,0.010582,378.0
Dunlin,10,2,Oct_W2,0.062069,435.0
Dunlin,10,3,Oct_W3,0.0337662,385.0
Dunlin,10,4,Oct_W4,0.0527132,645.0
Dunlin,11,1,Nov_W1,0.0299539,434.0
Dunlin,11,2,Nov_W2,0.017094,468.0
Dunlin,11,3,Nov_W3,0.0022676,441.0
Dunlin,11,4,Nov_W4,0.0,600.0
Dunlin,12,1,Dec_W1,0.0,446.0
Dunlin,12,2,Dec_W2,0.0,529.0
Dunlin,12,3,Dec_W3,0.0,552.0
Dunlin,12,4,Dec_W4,0.0,695.0
Purple Sandpiper,1,1,Jan_W1,0.0012151,823.0
Purple Sandpiper,1,2,Jan_W2,0.0,605.0
Purple Sandpiper,1,3,Jan_W3,0.0,523.0
Purple Sandpiper,1,4,Jan_W4,0.0,730.0
Purple Sandpiper,2,1,Feb_W1,0.0,496.0
Purple Sandpiper,2,2,Feb_W2,0.0,822.0
Purple Sandpiper,2,3,Feb_W3,0.0,1575.0
Purple Sandpiper,2,4,Feb_W4,0.0,612.0
Purple Sandpiper,3,1,Mar_W1,0.0,608.0
Purple Sandpiper,3,2,Mar_W2,0.0,740.0
Purple Sandpiper,3,3,Mar_W3,0.0,665.0
Purple Sandpiper,3,4,Mar_W4,0.0,843.0
Purple Sandpiper,4,1,Apr_W1,0.0,743.0
Purple Sandpiper,4,2,Apr_W2,0.0,762.0
Purple Sandpiper,4,3,Apr_W3,0.0,775.0
Purple Sandpiper,4,4,Apr_W4,0.0,1200.0
Purple Sandpiper,5,1,May_W1,0.0,1394.0
Purple Sandpiper,5,2,May_W2,0.0,4130.0
Purple Sandpiper,5,3,May_W3,0.0,8788.0
Purple Sandpiper,5,4,May_W4,0.0015,3337.0
Purple Sandpiper,6,1,Jun_W1,0.0,965.0
Purple Sandpiper,6,2,Jun_W2,0.0,714.0
Purple Sandpiper,6,3,Jun_W3,0.0,624.0
Purple Sandpiper,6,4,Jun_W4,0.0,704.0
Purple Sandpiper,7,1,Jul_W1,0.0,922.0
Purple Sandpiper,7,2,Jul_W2,0.0,649.0
Purple Sandpiper,7,3,Jul_W3,0.0,539.0
Purple Sandpiper,7,4,Jul_W4,0.0,716.0
Purple Sandpiper,8,1,Aug_W1,0.0,541.0
Purple Sandpiper,8,2,Aug_W2,0.0,464.0
Purple Sandpiper,8,3,Aug_W3,0.0,543.0
Purple Sandpiper,8,4,Aug_W4,0.0,766.0
Purple Sandpiper,9,1,Sep_W1,0.0,638.0
Purple Sandpiper,9,2,Sep_W2,0.0,530.0
Purple Sandpiper,9,3,Sep_W3,0.0,500.0
Purple Sandpiper,9,4,Sep_W4,0.0,602.0
Purple Sandpiper,10,1,Oct_W1,0.0,378.0
Purple Sandpiper,10,2,Oct_W2,0.0,435.0
Purple Sandpiper,10,3,Oct_W3,0.0,385.0
Purple Sandpiper,10,4,Oct_W4,0.0,645.0
Purple Sandpiper,11,1,Nov_W1,0.0460829,434.0
Purple Sandpiper,11,2,Nov_W2,0.0021368,468.0
Purple Sandpiper,11,3,Nov_W3,0.0294785,441.0
Purple Sandpiper,11,4,Nov_W4,0.0216667,600.0
Purple Sandpiper,12,1,Dec_W1,0.0650224,446.0
Purple Sandpiper,12,2,Dec_W2,0.0359168,529.0
Purple Sandpiper,12,3,Dec_W3,0.009058,552.0
Purple Sandpiper,12,4,Dec_W4,0.018705,695.0
Baird's Sandpiper,1,1,Jan_W1,0.0,823.0
Baird's Sandpiper,1,2,Jan_W2,0.0,605.0
Baird's Sandpiper,1,3,Jan_W3,0.0,523.0
Baird's Sandpiper,1,4,Jan_W4,0.0,730.0
Baird's Sandpiper,2,1,Feb_W1,0.0,496.0
Baird's Sandpiper,2,2,Feb_W2,0.0,822.0
Baird's Sandpiper,2,3,Feb_W3,0.0,1575.0
Baird's Sandpiper,2,4,Feb_W4,0.0,612.0
Baird's Sandpiper,3,1,Mar_W1,0.0,608.0
Baird's Sandpiper,3,2,Mar_W2,0.0,740.0
Baird's Sandpiper,3,3,Mar_W3,0.0,665.0
Baird's Sandpiper,3,4,Mar_W4,0.0,843.0
Baird's Sandpiper,4,1,Apr_W1,0.0,743.0
Baird's Sandpiper,4,2,Apr_W2,0.0,762.0
Baird's Sandpiper,4,3,Apr_W3,0.0,775.0
Baird's Sandpiper,4,4,Apr_W4,0.0,1200.0
Baird's Sandpiper,5,1,May_W1,0.0,1394.0
Baird's Sandpiper,5,2,May_W2,0.0,4130.0
Baird's Sandpiper,5,3,May_W3,0.0,8788.0
Baird's Sandpiper,5,4,May_W4,0.0,3337.0
Baird's Sandpiper,6,1,Jun_W1,0.0015,965.0
Baird's Sandpiper,6,2,Jun_W2,0.0,714.0
Baird's Sandpiper,6,3,Jun_W3,0.0,624.0
Baird's Sandpiper,6,4,Jun_W4,0.0,704.0
Baird's Sandpiper,7,1,Jul_W1,0.0,922.0
Baird's Sandpiper,7,2,Jul_W2,0.0,649.0
Baird's Sandpiper,7,3,Jul_W3,0.0018553,539.0
Baird's Sandpiper,7,4,Jul_W4,0.0055866,716.0
Baird's Sandpiper,8,1,Aug_W1,0.0203327,541.0
Baird's Sandpiper,8,2,Aug_W2,0.0021552,464.0
Baird's Sandpiper,8,3,Aug_W3,0.0589319,543.0
Baird's Sandpiper,8,4,Aug_W4,0.0770235,766.0
Baird's Sandpiper,9,1,Sep_W1,0.0799373,638.0
Baird's Sandpiper,9,2,Sep_W2,0.0264151,530.0
Baird's Sandpiper,9,3,Sep_W3,0.006,500.0
Baird's Sandpiper,9,4,Sep_W4,0.0066445,602.0
Baird's Sandpiper,10,1,Oct_W1,0.0015,378.0
Baird's Sandpiper,10,2,Oct_W2,0.0,435.0
Baird's Sandpiper,10,3,Oct_W3,0.0077922,385.0
Baird's Sandpiper,10,4,Oct_W4,0.0015504,645.0
Baird's Sandpiper,11,1,Nov_W1,0.0023041,434.0
Baird's Sandpiper,11,2,Nov_W2,0.0,468.0
Baird's Sandpiper,11,3,Nov_W3,0.0,441.0
Baird's Sandpiper,11,4,Nov_W4,0.0,600.0
Baird's Sandpiper,12,1,Dec_W1,0.0,446.0
Baird's Sandpiper,12,2,Dec_W2,0.0,529.0
Baird's Sandpiper,12,3,Dec_W3,0.0,552.0
Baird's Sandpiper,12,4,Dec_W4,0.0,695.0
White-rumped Sandpiper,1,1,Jan_W1,0.0,823.0
White-rumped Sandpiper,1,2,Jan_W2,0.0,605.0
White-rumped Sandpiper,1,3,Jan_W3,0.0,523.0
White-rumped Sandpiper,1,4,Jan_W4,0.0,730.0
White-rumped Sandpiper,2,1,Feb_W1,0.0,496.0
White-rumped Sandpiper,2,2,Feb_W2,0.0,822.0
White-rumped Sandpiper,2,3,Feb_W3,0.0,1575.0
White-rumped Sandpiper,2,4,Feb_W4,0.0,612.0
White-rumped Sandpiper,3,1,Mar_W1,0.0,608.0
White-rumped Sandpiper,3,2,Mar_W2,0.0,740.0
White-rumped Sandpiper,3,3,Mar_W3,0.0,665.0
White-rumped Sandpiper,3,4,Mar_W4,0.0,843.0
White-rumped Sandpiper,4,1,Apr_W1,0.0,743.0
White-rumped Sandpiper,4,2,Apr_W2,0.0,762.0
White-rumped Sandpiper,4,3,Apr_W3,0.0,775.0
White-rumped Sandpiper,4,4,Apr_W4,0.0,1200.0
White-rumped Sandpiper,5,1,May_W1,0.0,1394.0
White-rumped Sandpiper,5,2,May_W2,0.0002421,4130.0
White-rumped Sandpiper,5,3,May_W3,0.0089895,8788.0
White-rumped Sandpiper,5,4,May_W4,0.0125862,3337.0
White-rumped Sandpiper,6,1,Jun_W1,0.0165803,965.0
White-rumped Sandpiper,6,2,Jun_W2,0.0070028,714.0
White-rumped Sandpiper,6,3,Jun_W3,0.0032051,624.0
White-rumped Sandpiper,6,4,Jun_W4,0.0,704.0
White-rumped Sandpiper,7,1,Jul_W1,0.0,922.0
White-rumped Sandpiper,7,2,Jul_W2,0.0,649.0
White-rumped Sandpiper,7,3,Jul_W3,0.0,539.0
White-rumped Sandpiper,7,4,Jul_W4,0.0013966,716.0
White-rumped Sandpiper,8,1,Aug_W1,0.0036969,541.0
White-rumped Sandpiper,8,2,Aug_W2,0.0,464.0
White-rumped Sandpiper,8,3,Aug_W3,0.0092081,543.0
White-rumped Sandpiper,8,4,Aug_W4,0.0013055,766.0
White-rumped Sandpiper,9,1,Sep_W1,0.0015674,638.0
White-rumped Sandpiper,9,2,Sep_W2,0.0037736,530.0
White-rumped Sandpiper,9,3,Sep_W3,0.002,500.0
White-rumped Sandpiper,9,4,Sep_W4,0.0016611,602.0
White-rumped Sandpiper,10,1,Oct_W1,0.0079365,378.0
White-rumped Sandpiper,10,2,Oct_W2,0.0,435.0
White-rumped Sandpiper,10,3,Oct_W3,0.0025974,385.0
White-rumped Sandpiper,10,4,Oct_W4,0.0046512,645.0
White-rumped Sandpiper,11,1,Nov_W1,0.0,434.0
White-rumped Sandpiper,11,2,Nov_W2,0.0,468.0
White-rumped Sandpiper,11,3,Nov_W3,0.0,441.0
White-rumped Sandpiper,11,4,Nov_W4,0.0,600.0
White-rumped Sandpiper,12,1,Dec_W1,0.0,446.0
White-rumped Sandpiper,12,2,Dec_W2,0.0,529.0
White-rumped Sandpiper,12,3,Dec_W3,0.0,552.0
White-rumped Sandpiper,12,4,Dec_W4,0.0,695.0
Least Sandpiper,1,1,Jan_W1,0.0,823.0
Least Sandpiper,1,2,Jan_W2,0.0,605.0
Least Sandpiper,1,3,Jan_W3,0.0,523.0
Least Sandpiper,1,4,Jan_W4,0.0,730.0
Least Sandpiper,2,1,Feb_W1,0.0,496.0
Least Sandpiper,2,2,Feb_W2,0.0,822.0
Least Sandpiper,2,3,Feb_W3,0.0,1575.0
Least Sandpiper,2,4,Feb_W4,0.0,612.0
Least Sandpiper,3,1,Mar_W1,0.0,608.0
Least Sandpiper,3,2,Mar_W2,0.0,740.0
Least Sandpiper,3,3,Mar_W3,0.0,665.0
Least Sandpiper,3,4,Mar_W4,0.0,843.0
Least Sandpiper,4,1,Apr_W1,0.0,743.0
Least Sandpiper,4,2,Apr_W2,0.0,762.0
Least Sandpiper,4,3,Apr_W3,0.0,775.0
Least Sandpiper,4,4,Apr_W4,0.0016667,1200.0
Least Sandpiper,5,1,May_W1,0.0129125,1394.0
Least Sandpiper,5,2,May_W2,0.0443099,4130.0
Least Sandpiper,5,3,May_W3,0.1007055,8788.0
Least Sandpiper,5,4,May_W4,0.0689242,3337.0
Least Sandpiper,6,1,Jun_W1,0.0041451,965.0
Least Sandpiper,6,2,Jun_W2,0.0,714.0
Least Sandpiper,6,3,Jun_W3,0.0048077,624.0
Least Sandpiper,6,4,Jun_W4,0.0071023,704.0
Least Sandpiper,7,1,Jul_W1,0.021692,922.0
Least Sandpiper,7,2,Jul_W2,0.0338983,649.0
Least Sandpiper,7,3,Jul_W3,0.0575139,539.0
Least Sandpiper,7,4,Jul_W4,0.0544693,716.0
Least Sandpiper,8,1,Aug_W1,0.1404806,541.0
Least Sandpiper,8,2,Aug_W2,0.0991379,464.0
Least Sandpiper,8,3,Aug_W3,0.1289134,543.0
Least Sandpiper,8,4,Aug_W4,0.1488251,766.0
Least Sandpiper,9,1,Sep_W1,0.1253918,638.0
Least Sandpiper,9,2,Sep_W2,0.0679245,530.0
Least Sandpiper,9,3,Sep_W3,0.036,500.0
Least Sandpiper,9,4,Sep_W4,0.0415282,602.0
Least Sandpiper,10,1,Oct_W1,0.005291,378.0
Least Sandpiper,10,2,Oct_W2,0.0022989,435.0
Least Sandpiper,10,3,Oct_W3,0.0,385.0
Least Sandpiper,10,4,Oct_W4,0.0,645.0
Least Sandpiper,11,1,Nov_W1,0.0,434.0
Least Sandpiper,11,2,Nov_W2,0.0,468.0
Least Sandpiper,11,3,Nov_W3,0.0,441.0
Least Sandpiper,11,4,Nov_W4,0.0,600.0
Least Sandpiper,12,1,Dec_W1,0.0,446.0
Least Sandpiper,12,2,Dec_W2,0.0,529.0
Least Sandpiper,12,3,Dec_W3,0.0,552.0
Least Sandpiper,12,4,Dec_W4,0.0,695.0
Pectoral Sandpiper,1,1,Jan_W1,0.0,823.0
Pectoral Sandpiper,1,2,Jan_W2,0.0,605.0
Pectoral Sandpiper,1,3,Jan_W3,0.0,523.0
Pectoral Sandpiper,1,4,Jan_W4,0.0,730.0
Pectoral Sandpiper,2,1,Feb_W1,0.0,496.0
Pectoral Sandpiper,2,2,Feb_W2,0.0,822.0
Pectoral Sandpiper,2,3,Feb_W3,0.0,1575.0
Pectoral Sandpiper,2,4,Feb_W4,0.0,612.0
Pectoral Sandpiper,3,1,Mar_W1,0.0,608.0
Pectoral Sandpiper,3,2,Mar_W2,0.0,740.0
Pectoral Sandpiper,3,3,Mar_W3,0.0,665.0
Pectoral Sandpiper,3,4,Mar_W4,0.0,843.0
Pectoral Sandpiper,4,1,Apr_W1,0.0015,743.0
Pectoral Sandpiper,4,2,Apr_W2,0.0,762.0
Pectoral Sandpiper,4,3,Apr_W3,0.0012903,775.0
Pectoral Sandpiper,4,4,Apr_W4,0.0,1200.0
Pectoral Sandpiper,5,1,May_W1,0.0021521,1394.0
Pectoral Sandpiper,5,2,May_W2,0.0009685,4130.0
Pectoral Sandpiper,5,3,May_W3,0.0044379,8788.0
Pectoral Sandpiper,5,4,May_W4,0.0056937,3337.0
Pectoral Sandpiper,6,1,Jun_W1,0.0,965.0
Pectoral Sandpiper,6,2,Jun_W2,0.0,714.0
Pectoral Sandpiper,6,3,Jun_W3,0.0,624.0
Pectoral Sandpiper,6,4,Jun_W4,0.0,704.0
Pectoral Sandpiper,7,1,Jul_W1,0.0,922.0
Pectoral Sandpiper,7,2,Jul_W2,0.0,649.0
Pectoral Sandpiper,7,3,Jul_W3,0.0018553,539.0
Pectoral Sandpiper,7,4,Jul_W4,0.0153631,716.0
Pectoral Sandpiper,8,1,Aug_W1,0.0351201,541.0
Pectoral Sandpiper,8,2,Aug_W2,0.0172414,464.0
Pectoral Sandpiper,8,3,Aug_W3,0.0478821,543.0
Pectoral Sandpiper,8,4,Aug_W4,0.0718016,766.0
Pectoral Sandpiper,9,1,Sep_W1,0.0783699,638.0
Pectoral Sandpiper,9,2,Sep_W2,0.0603774,530.0
Pectoral Sandpiper,9,3,Sep_W3,0.056,500.0
Pectoral Sandpiper,9,4,Sep_W4,0.0797342,602.0
Pectoral Sandpiper,10,1,Oct_W1,0.026455,378.0
Pectoral Sandpiper,10,2,Oct_W2,0.0436782,435.0
Pectoral Sandpiper,10,3,Oct_W3,0.0207792,385.0
Pectoral Sandpiper,10,4,Oct_W4,0.0155039,645.0
Pectoral Sandpiper,11,1,Nov_W1,0.0046083,434.0
Pectoral Sandpiper,11,2,Nov_W2,0.0,468.0
Pectoral Sandpiper,11,3,Nov_W3,0.0,441.0
Pectoral Sandpiper,11,4,Nov_W4,0.0,600.0
Pectoral Sandpiper,12,1,Dec_W1,0.0,446.0
Pectoral Sandpiper,12,2,Dec_W2,0.0,529.0
Pectoral Sandpiper,12,3,Dec_W3,0.0,552.0
Pectoral Sandpiper,12,4,Dec_W4,0.0,695.0
Semipalmated Sandpiper,1,1,Jan_W1,0.0,823.0
Semipalmated Sandpiper,1,2,Jan_W2,0.0,605.0
Semipalmated Sandpiper,1,3,Jan_W3,0.0,523.0
Semipalmated Sandpiper,1,4,Jan_W4,0.0,730.0
Semipalmated Sandpiper,2,1,Feb_W1,0.0,496.0
Semipalmated Sandpiper,2,2,Feb_W2,0.0,822.0
Semipalmated Sandpiper,2,3,Feb_W3,0.0,1575.0
Semipalmated Sandpiper,2,4,Feb_W4,0.0,612.0
Semipalmated Sandpiper,3,1,Mar_W1,0.0,608.0
Semipalmated Sandpiper,3,2,Mar_W2,0.0,740.0
Semipalmated Sandpiper,3,3,Mar_W3,0.0,665.0
Semipalmated Sandpiper,3,4,Mar_W4,0.0,843.0
Semipalmated Sandpiper,4,1,Apr_W1,0.0,743.0
Semipalmated Sandpiper,4,2,Apr_W2,0.0,762.0
Semipalmated Sandpiper,4,3,Apr_W3,0.0,775.0
Semipalmated Sandpiper,4,4,Apr_W4,0.0,1200.0
Semipalmated Sandpiper,5,1,May_W1,0.0015,1394.0
Semipalmated Sandpiper,5,2,May_W2,0.003632,4130.0
Semipalmated Sandpiper,5,3,May_W3,0.034934,8788.0
Semipalmated Sandpiper,5,4,May_W4,0.0890021,3337.0
Semipalmated Sandpiper,6,1,Jun_W1,0.1170984,965.0
Semipalmated Sandpiper,6,2,Jun_W2,0.0532213,714.0
Semipalmated Sandpiper,6,3,Jun_W3,0.0176282,624.0
Semipalmated Sandpiper,6,4,Jun_W4,0.0056818,704.0
Semipalmated Sandpiper,7,1,Jul_W1,0.0010846,922.0
Semipalmated Sandpiper,7,2,Jul_W2,0.0046225,649.0
Semipalmated Sandpiper,7,3,Jul_W3,0.0315399,539.0
Semipalmated Sandpiper,7,4,Jul_W4,0.0321229,716.0
Semipalmated Sandpiper,8,1,Aug_W1,0.0757856,541.0
Semipalmated Sandpiper,8,2,Aug_W2,0.0538793,464.0
Semipalmated Sandpiper,8,3,Aug_W3,0.1104972,543.0
Semipalmated Sandpiper,8,4,Aug_W4,0.1057441,766.0
Semipalmated Sandpiper,9,1,Sep_W1,0.0893417,638.0
Semipalmated Sandpiper,9,2,Sep_W2,0.0320755,530.0
Semipalmated Sandpiper,9,3,Sep_W3,0.008,500.0
Semipalmated Sandpiper,9,4,Sep_W4,0.0015,602.0
Semipalmated Sandpiper,10,1,Oct_W1,0.0026455,378.0
Semipalmated Sandpiper,10,2,Oct_W2,0.0015,435.0
Semipalmated Sandpiper,10,3,Oct_W3,0.0,385.0
Semipalmated Sandpiper,10,4,Oct_W4,0.0015504,645.0
Semipalmated Sandpiper,11,1,Nov_W1,0.0023041,434.0
Semipalmated Sandpiper,11,2,Nov_W2,0.0,468.0
Semipalmated Sandpiper,11,3,Nov_W3,0.0,441.0
Semipalmated Sandpiper,11,4,Nov_W4,0.0,600.0
Semipalmated Sandpiper,12,1,Dec_W1,0.0,446.0
Semipalmated Sandpiper,12,2,Dec_W2,0.0,529.0
Semipalmated Sandpiper,12,3,Dec_W3,0.0,552.0
Semipalmated Sandpiper,12,4,Dec_W4,0.0,695.0
Parasitic Jaeger,1,1,Jan_W1,0.0,823.0
Parasitic Jaeger,1,2,Jan_W2,0.0,605.0
Parasitic Jaeger,1,3,Jan_W3,0.0,523.0
Parasitic Jaeger,1,4,Jan_W4,0.0,730.0
Parasitic Jaeger,2,1,Feb_W1,0.0,496.0
Parasitic Jaeger,2,2,Feb_W2,0.0,822.0
Parasitic Jaeger,2,3,Feb_W3,0.0,1575.0
Parasitic Jaeger,2,4,Feb_W4,0.0,612.0
Parasitic Jaeger,3,1,Mar_W1,0.0,608.0
Parasitic Jaeger,3,2,Mar_W2,0.0,740.0
Parasitic Jaeger,3,3,Mar_W3,0.0,665.0
Parasitic Jaeger,3,4,Mar_W4,0.0,843.0
Parasitic Jaeger,4,1,Apr_W1,0.0,743.0
Parasitic Jaeger,4,2,Apr_W2,0.0,762.0
Parasitic Jaeger,4,3,Apr_W3,0.0,775.0
Parasitic Jaeger,4,4,Apr_W4,0.0,1200.0
Parasitic Jaeger,5,1,May_W1,0.0,1394.0
Parasitic Jaeger,5,2,May_W2,0.0002421,4130.0
Parasitic Jaeger,5,3,May_W3,0.0,8788.0
Parasitic Jaeger,5,4,May_W4,0.0,3337.0
Parasitic Jaeger,6,1,Jun_W1,0.0,965.0
Parasitic Jaeger,6,2,Jun_W2,0.0,714.0
Parasitic Jaeger,6,3,Jun_W3,0.0,624.0
Parasitic Jaeger,6,4,Jun_W4,0.0,704.0
Parasitic Jaeger,7,1,Jul_W1,0.0,922.0
Parasitic Jaeger,7,2,Jul_W2,0.0,649.0
Parasitic Jaeger,7,3,Jul_W3,0.0,539.0
Parasitic Jaeger,7,4,Jul_W4,0.0,716.0
Parasitic Jaeger,8,1,Aug_W1,0.0,541.0
Parasitic Jaeger,8,2,Aug_W2,0.0,464.0
Parasitic Jaeger,8,3,Aug_W3,0.0,543.0
Parasitic Jaeger,8,4,Aug_W4,0.0,766.0
Parasitic Jaeger,9,1,Sep_W1,0.0,638.0
Parasitic Jaeger,9,2,Sep_W2,0.0018868,530.0
Parasitic Jaeger,9,3,Sep_W3,0.0,500.0
Parasitic Jaeger,9,4,Sep_W4,0.0,602.0
Parasitic Jaeger,10,1,Oct_W1,0.0,378.0
Parasitic Jaeger,10,2,Oct_W2,0.0,435.0
Parasitic Jaeger,10,3,Oct_W3,0.0,385.0
Parasitic Jaeger,10,4,Oct_W4,0.0,645.0
Parasitic Jaeger,11,1,Nov_W1,0.0,434.0
Parasitic Jaeger,11,2,Nov_W2,0.0,468.0
Parasitic Jaeger,11,3,Nov_W3,0.0,441.0
Parasitic Jaeger,11,4,Nov_W4,0.0,600.0
Parasitic Jaeger,12,1,Dec_W1,0.0,446.0
Parasitic Jaeger,12,2,Dec_W2,0.0,529.0
Parasitic Jaeger,12,3,Dec_W3,0.0,552.0
Parasitic Jaeger,12,4,Dec_W4,0.0,695.0
Little Gull,1,1,Jan_W1,0.0,823.0
Little Gull,1,2,Jan_W2,0.0,605.0
Little Gull,1,3,Jan_W3,0.0,523.0
Little Gull,1,4,Jan_W4,0.0,730.0
Little Gull,2,1,Feb_W1,0.0,496.0
Little Gull,2,2,Feb_W2,0.0,822.0
Little Gull,2,3,Feb_W3,0.0,1575.0
Little Gull,2,4,Feb_W4,0.0,612.0
Little Gull,3,1,Mar_W1,0.0,608.0
Little Gull,3,2,Mar_W2,0.0,740.0
Little Gull,3,3,Mar_W3,0.0,665.0
Little Gull,3,4,Mar_W4,0.0,843.0
Little Gull,4,1,Apr_W1,0.0,743.0
Little Gull,4,2,Apr_W2,0.0,762.0
Little Gull,4,3,Apr_W3,0.0025806,775.0
Little Gull,4,4,Apr_W4,0.01,1200.0
Little Gull,5,1,May_W1,0.0,1394.0
Little Gull,5,2,May_W2,0.0048426,4130.0
Little Gull,5,3,May_W3,0.013086,8788.0
Little Gull,5,4,May_W4,0.0167815,3337.0
Little Gull,6,1,Jun_W1,0.0248705,965.0
Little Gull,6,2,Jun_W2,0.0154062,714.0
Little Gull,6,3,Jun_W3,0.0144231,624.0
Little Gull,6,4,Jun_W4,0.0184659,704.0
Little Gull,7,1,Jul_W1,0.0032538,922.0
Little Gull,7,2,Jul_W2,0.0015408,649.0
Little Gull,7,3,Jul_W3,0.0,539.0
Little Gull,7,4,Jul_W4,0.0,716.0
Little Gull,8,1,Aug_W1,0.0,541.0
Little Gull,8,2,Aug_W2,0.0,464.0
Little Gull,8,3,Aug_W3,0.0,543.0
Little Gull,8,4,Aug_W4,0.0,766.0
Little Gull,9,1,Sep_W1,0.0,638.0
Little Gull,9,2,Sep_W2,0.0,530.0
Little Gull,9,3,Sep_W3,0.0,500.0
Little Gull,9,4,Sep_W4,0.0,602.0
Little Gull,10,1,Oct_W1,0.0,378.0
Little Gull,10,2,Oct_W2,0.0,435.0
Little Gull,10,3,Oct_W3,0.0025974,385.0
Little Gull,10,4,Oct_W4,0.0,645.0
Little Gull,11,1,Nov_W1,0.0023041,434.0
Little Gull,11,2,Nov_W2,0.0,468.0
Little Gull,11,3,Nov_W3,0.0,441.0
Little Gull,11,4,Nov_W4,0.0,600.0
Little Gull,12,1,Dec_W1,0.0,446.0
Little Gull,12,2,Dec_W2,0.0,529.0
Little Gull,12,3,Dec_W3,0.0,552.0
Little Gull,12,4,Dec_W4,0.0,695.0
Black-legged Kittiwake,1,1,Jan_W1,0.0,823.0
Black-legged Kittiwake,1,2,Jan_W2,0.0,605.0
Black-legged Kittiwake,1,3,Jan_W3,0.0,523.0
Black-legged Kittiwake,1,4,Jan_W4,0.0,730.0
Black-legged Kittiwake,2,1,Feb_W1,0.0,496.0
Black-legged Kittiwake,2,2,Feb_W2,0.0,822.0
Black-legged Kittiwake,2,3,Feb_W3,0.0,1575.0
Black-legged Kittiwake,2,4,Feb_W4,0.0,612.0
Black-legged Kittiwake,3,1,Mar_W1,0.0,608.0
Black-legged Kittiwake,3,2,Mar_W2,0.0,740.0
Black-legged Kittiwake,3,3,Mar_W3,0.0,665.0
Black-legged Kittiwake,3,4,Mar_W4,0.0,843.0
Black-legged Kittiwake,4,1,Apr_W1,0.0,743.0
Black-legged Kittiwake,4,2,Apr_W2,0.0,762.0
Black-legged Kittiwake,4,3,Apr_W3,0.0,775.0
Black-legged Kittiwake,4,4,Apr_W4,0.0,1200.0
Black-legged Kittiwake,5,1,May_W1,0.0,1394.0
Black-legged Kittiwake,5,2,May_W2,0.0,4130.0
Black-legged Kittiwake,5,3,May_W3,0.0,8788.0
Black-legged Kittiwake,5,4,May_W4,0.0,3337.0
Black-legged Kittiwake,6,1,Jun_W1,0.0,965.0
Black-legged Kittiwake,6,2,Jun_W2,0.0,714.0
Black-legged Kittiwake,6,3,Jun_W3,0.0,624.0
Black-legged Kittiwake,6,4,Jun_W4,0.0,704.0
Black-legged Kittiwake,7,1,Jul_W1,0.0,922.0
Black-legged Kittiwake,7,2,Jul_W2,0.0,649.0
Black-legged Kittiwake,7,3,Jul_W3,0.0,539.0
Black-legged Kittiwake,7,4,Jul_W4,0.0,716.0
Black-legged Kittiwake,8,1,Aug_W1,0.0,541.0
Black-legged Kittiwake,8,2,Aug_W2,0.0,464.0
Black-legged Kittiwake,8,3,Aug_W3,0.0,543.0
Black-legged Kittiwake,8,4,Aug_W4,0.0,766.0
Black-legged Kittiwake,9,1,Sep_W1,0.0,638.0
Black-legged Kittiwake,9,2,Sep_W2,0.0,530.0
Black-legged Kittiwake,9,3,Sep_W3,0.0,500.0
Black-legged Kittiwake,9,4,Sep_W4,0.0,602.0
Black-legged Kittiwake,10,1,Oct_W1,0.0,378.0
Black-legged Kittiwake,10,2,Oct_W2,0.0,435.0
Black-legged Kittiwake,10,3,Oct_W3,0.0,385.0
Black-legged Kittiwake,10,4,Oct_W4,0.0,645.0
Black-legged Kittiwake,11,1,Nov_W1,0.0,434.0
Black-legged Kittiwake,11,2,Nov_W2,0.0,468.0
Black-legged Kittiwake,11,3,Nov_W3,0.0,441.0
Black-legged Kittiwake,11,4,Nov_W4,0.0,600.0
Black-legged Kittiwake,12,1,Dec_W1,0.0,446.0
Black-legged Kittiwake,12,2,Dec_W2,0.0018904,529.0
Black-legged Kittiwake,12,3,Dec_W3,0.0,552.0
Black-legged Kittiwake,12,4,Dec_W4,0.0,695.0
Bonaparte's Gull,1,1,Jan_W1,0.018226,823.0
Bonaparte's Gull,1,2,Jan_W2,0.0049587,605.0
Bonaparte's Gull,1,3,Jan_W3,0.0,523.0
Bonaparte's Gull,1,4,Jan_W4,0.0,730.0
Bonaparte's Gull,2,1,Feb_W1,0.0,496.0
Bonaparte's Gull,2,2,Feb_W2,0.0,822.0
Bonaparte's Gull,2,3,Feb_W3,0.0,1575.0
Bonaparte's Gull,2,4,Feb_W4,0.0,612.0
Bonaparte's Gull,3,1,Mar_W1,0.0,608.0
Bonaparte's Gull,3,2,Mar_W2,0.0,740.0
Bonaparte's Gull,3,3,Mar_W3,0.0030075,665.0
Bonaparte's Gull,3,4,Mar_W4,0.0332147,843.0
Bonaparte's Gull,4,1,Apr_W1,0.0578735,743.0
Bonaparte's Gull,4,2,Apr_W2,0.1089239,762.0
Bonaparte's Gull,4,3,Apr_W3,0.2154839,775.0
Bonaparte's Gull,4,4,Apr_W4,0.185,1200.0
Bonaparte's Gull,5,1,May_W1,0.1800574,1394.0
Bonaparte's Gull,5,2,May_W2,0.2043584,4130.0
Bonaparte's Gull,5,3,May_W3,0.228152,8788.0
Bonaparte's Gull,5,4,May_W4,0.1830986,3337.0
Bonaparte's Gull,6,1,Jun_W1,0.1108808,965.0
Bonaparte's Gull,6,2,Jun_W2,0.0406162,714.0
Bonaparte's Gull,6,3,Jun_W3,0.0400641,624.0
Bonaparte's Gull,6,4,Jun_W4,0.0454545,704.0
Bonaparte's Gull,7,1,Jul_W1,0.0195228,922.0
Bonaparte's Gull,7,2,Jul_W2,0.0338983,649.0
Bonaparte's Gull,7,3,Jul_W3,0.0482375,539.0
Bonaparte's Gull,7,4,Jul_W4,0.0572626,716.0
Bonaparte's Gull,8,1,Aug_W1,0.0683919,541.0
Bonaparte's Gull,8,2,Aug_W2,0.0366379,464.0
Bonaparte's Gull,8,3,Aug_W3,0.0441989,543.0
Bonaparte's Gull,8,4,Aug_W4,0.0391645,766.0
Bonaparte's Gull,9,1,Sep_W1,0.0454545,638.0
Bonaparte's Gull,9,2,Sep_W2,0.0509434,530.0
Bonaparte's Gull,9,3,Sep_W3,0.08,500.0
Bonaparte's Gull,9,4,Sep_W4,0.0415282,602.0
Bonaparte's Gull,10,1,Oct_W1,0.0793651,378.0
Bonaparte's Gull,10,2,Oct_W2,0.1172414,435.0
Bonaparte's Gull,10,3,Oct_W3,0.2571429,385.0
Bonaparte's Gull,10,4,Oct_W4,0.3627907,645.0
Bonaparte's Gull,11,1,Nov_W1,0.4078341,434.0
Bonaparte's Gull,11,2,Nov_W2,0.3995726,468.0
Bonaparte's Gull,11,3,Nov_W3,0.3560091,441.0
Bonaparte's Gull,11,4,Nov_W4,0.2666667,600.0
Bonaparte's Gull,12,1,Dec_W1,0.2174888,446.0
Bonaparte's Gull,12,2,Dec_W2,0.1833648,529.0
Bonaparte's Gull,12,3,Dec_W3,0.0688406,552.0
Bonaparte's Gull,12,4,Dec_W4,0.0359712,695.0
Black-headed Gull,1,1,Jan_W1,0.0,823.0
Black-headed Gull,1,2,Jan_W2,0.0,605.0
Black-headed Gull,1,3,Jan_W3,0.0,523.0
Black-headed Gull,1,4,Jan_W4,0.0,730.0
Black-headed Gull,2,1,Feb_W1,0.0,496.0
Black-headed Gull,2,2,Feb_W2,0.0,822.0
Black-headed Gull,2,3,Feb_W3,0.0,1575.0
Black-headed Gull,2,4,Feb_W4,0.0,612.0
Black-headed Gull,3,1,Mar_W1,0.0,608.0
Black-headed Gull,3,2,Mar_W2,0.0,740.0
Black-headed Gull,3,3,Mar_W3,0.0,665.0
Black-headed Gull,3,4,Mar_W4,0.0,843.0
Black-headed Gull,4,1,Apr_W1,0.0,743.0
Black-headed Gull,4,2,Apr_W2,0.0,762.0
Black-headed Gull,4,3,Apr_W3,0.0,775.0
Black-headed Gull,4,4,Apr_W4,0.0,1200.0
Black-headed Gull,5,1,May_W1,0.0,1394.0
Black-headed Gull,5,2,May_W2,0.0,4130.0
Black-headed Gull,5,3,May_W3,0.0,8788.0
Black-headed Gull,5,4,May_W4,0.0,3337.0
Black-headed Gull,6,1,Jun_W1,0.0362694,965.0
Black-headed Gull,6,2,Jun_W2,0.0,714.0
Black-headed Gull,6,3,Jun_W3,0.0,624.0
Black-headed Gull,6,4,Jun_W4,0.0,704.0
Black-headed Gull,7,1,Jul_W1,0.0,922.0
Black-headed Gull,7,2,Jul_W2,0.0,649.0
Black-headed Gull,7,3,Jul_W3,0.0,539.0
Black-headed Gull,7,4,Jul_W4,0.0,716.0
Black-headed Gull,8,1,Aug_W1,0.0,541.0
Black-headed Gull,8,2,Aug_W2,0.0,464.0
Black-headed Gull,8,3,Aug_W3,0.0,543.0
Black-headed Gull,8,4,Aug_W4,0.0,766.0
Black-headed Gull,9,1,Sep_W1,0.0,638.0
Black-headed Gull,9,2,Sep_W2,0.0,530.0
Black-headed Gull,9,3,Sep_W3,0.0,500.0
Black-headed Gull,9,4,Sep_W4,0.0,602.0
Black-headed Gull,10,1,Oct_W1,0.0,378.0
Black-headed Gull,10,2,Oct_W2,0.0,435.0
Black-headed Gull,10,3,Oct_W3,0.0,385.0
Black-headed Gull,10,4,Oct_W4,0.0,645.0
Black-headed Gull,11,1,Nov_W1,0.0,434.0
Black-headed Gull,11,2,Nov_W2,0.0,468.0
Black-headed Gull,11,3,Nov_W3,0.0,441.0
Black-headed Gull,11,4,Nov_W4,0.0,600.0
Black-headed Gull,12,1,Dec_W1,0.0,446.0
Black-headed Gull,12,2,Dec_W2,0.0,529.0
Black-headed Gull,12,3,Dec_W3,0.0,552.0
Black-headed Gull,12,4,Dec_W4,0.0,695.0
Laughing Gull,1,1,Jan_W1,0.0,823.0
Laughing Gull,1,2,Jan_W2,0.0,605.0
Laughing Gull,1,3,Jan_W3,0.0,523.0
Laughing Gull,1,4,Jan_W4,0.0,730.0
Laughing Gull,2,1,Feb_W1,0.0,496.0
Laughing Gull,2,2,Feb_W2,0.0,822.0
Laughing Gull,2,3,Feb_W3,0.0,1575.0
Laughing Gull,2,4,Feb_W4,0.0,612.0
Laughing Gull,3,1,Mar_W1,0.0,608.0
Laughing Gull,3,2,Mar_W2,0.0,740.0
Laughing Gull,3,3,Mar_W3,0.0,665.0
Laughing Gull,3,4,Mar_W4,0.0,843.0
Laughing Gull,4,1,Apr_W1,0.0,743.0
Laughing Gull,4,2,Apr_W2,0.0,762.0
Laughing Gull,4,3,Apr_W3,0.0,775.0
Laughing Gull,4,4,Apr_W4,0.0,1200.0
Laughing Gull,5,1,May_W1,0.0,1394.0
Laughing Gull,5,2,May_W2,0.0002421,4130.0
Laughing Gull,5,3,May_W3,0.0003414,8788.0
Laughing Gull,5,4,May_W4,0.0005993,3337.0
Laughing Gull,6,1,Jun_W1,0.0,965.0
Laughing Gull,6,2,Jun_W2,0.0,714.0
Laughing Gull,6,3,Jun_W3,0.0,624.0
Laughing Gull,6,4,Jun_W4,0.0,704.0
Laughing Gull,7,1,Jul_W1,0.0,922.0
Laughing Gull,7,2,Jul_W2,0.0,649.0
Laughing Gull,7,3,Jul_W3,0.0,539.0
Laughing Gull,7,4,Jul_W4,0.0,716.0
Laughing Gull,8,1,Aug_W1,0.0,541.0
Laughing Gull,8,2,Aug_W2,0.0,464.0
Laughing Gull,8,3,Aug_W3,0.0,543.0
Laughing Gull,8,4,Aug_W4,0.0,766.0
Laughing Gull,9,1,Sep_W1,0.0,638.0
Laughing Gull,9,2,Sep_W2,0.0,530.0
Laughing Gull,9,3,Sep_W3,0.0,500.0
Laughing Gull,9,4,Sep_W4,0.0,602.0
Laughing Gull,10,1,Oct_W1,0.0,378.0
Laughing Gull,10,2,Oct_W2,0.0,435.0
Laughing Gull,10,3,Oct_W3,0.0,385.0
Laughing Gull,10,4,Oct_W4,0.0015504,645.0
Laughing Gull,11,1,Nov_W1,0.0,434.0
Laughing Gull,11,2,Nov_W2,0.0,468.0
Laughing Gull,11,3,Nov_W3,0.0,441.0
Laughing Gull,11,4,Nov_W4,0.0,600.0
Laughing Gull,12,1,Dec_W1,0.0,446.0
Laughing Gull,12,2,Dec_W2,0.0,529.0
Laughing Gull,12,3,Dec_W3,0.0,552.0
Laughing Gull,12,4,Dec_W4,0.0,695.0
Franklin's Gull,1,1,Jan_W1,0.0,823.0
Franklin's Gull,1,2,Jan_W2,0.0,605.0
Franklin's Gull,1,3,Jan_W3,0.0,523.0
Franklin's Gull,1,4,Jan_W4,0.0,730.0
Franklin's Gull,2,1,Feb_W1,0.0,496.0
Franklin's Gull,2,2,Feb_W2,0.0,822.0
Franklin's Gull,2,3,Feb_W3,0.0,1575.0
Franklin's Gull,2,4,Feb_W4,0.0,612.0
Franklin's Gull,3,1,Mar_W1,0.0,608.0
Franklin's Gull,3,2,Mar_W2,0.0,740.0
Franklin's Gull,3,3,Mar_W3,0.0,665.0
Franklin's Gull,3,4,Mar_W4,0.0,843.0
Franklin's Gull,4,1,Apr_W1,0.0,743.0
Franklin's Gull,4,2,Apr_W2,0.0,762.0
Franklin's Gull,4,3,Apr_W3,0.0,775.0
Franklin's Gull,4,4,Apr_W4,0.0,1200.0
Franklin's Gull,5,1,May_W1,0.0014347,1394.0
Franklin's Gull,5,2,May_W2,0.0002421,4130.0
Franklin's Gull,5,3,May_W3,0.0001138,8788.0
Franklin's Gull,5,4,May_W4,0.0011987,3337.0
Franklin's Gull,6,1,Jun_W1,0.015544,965.0
Franklin's Gull,6,2,Jun_W2,0.0,714.0
Franklin's Gull,6,3,Jun_W3,0.0,624.0
Franklin's Gull,6,4,Jun_W4,0.0,704.0
Franklin's Gull,7,1,Jul_W1,0.0,922.0
Franklin's Gull,7,2,Jul_W2,0.0,649.0
Franklin's Gull,7,3,Jul_W3,0.0,539.0
Franklin's Gull,7,4,Jul_W4,0.0,716.0
Franklin's Gull,8,1,Aug_W1,0.0018484,541.0
Franklin's Gull,8,2,Aug_W2,0.0,464.0
Franklin's Gull,8,3,Aug_W3,0.0018416,543.0
Franklin's Gull,8,4,Aug_W4,0.002611,766.0
Franklin's Gull,9,1,Sep_W1,0.0,638.0
Franklin's Gull,9,2,Sep_W2,0.0,530.0
Franklin's Gull,9,3,Sep_W3,0.0,500.0
Franklin's Gull,9,4,Sep_W4,0.0,602.0
Franklin's Gull,10,1,Oct_W1,0.0,378.0
Franklin's Gull,10,2,Oct_W2,0.0,435.0
Franklin's Gull,10,3,Oct_W3,0.0,385.0
Franklin's Gull,10,4,Oct_W4,0.0,645.0
Franklin's Gull,11,1,Nov_W1,0.0,434.0
Franklin's Gull,11,2,Nov_W2,0.0021368,468.0
Franklin's Gull,11,3,Nov_W3,0.0,441.0
Franklin's Gull,11,4,Nov_W4,0.0,600.0
Franklin's Gull,12,1,Dec_W1,0.0,446.0
Franklin's Gull,12,2,Dec_W2,0.0,529.0
Franklin's Gull,12,3,Dec_W3,0.0,552.0
Franklin's Gull,12,4,Dec_W4,0.0,695.0
Ring-billed Gull,1,1,Jan_W1,0.0716889,823.0
Ring-billed Gull,1,2,Jan_W2,0.046281,605.0
Ring-billed Gull,1,3,Jan_W3,0.0325048,523.0
Ring-billed Gull,1,4,Jan_W4,0.0191781,730.0
Ring-billed Gull,2,1,Feb_W1,0.0141129,496.0
Ring-billed Gull,2,2,Feb_W2,0.0097324,822.0
Ring-billed Gull,2,3,Feb_W3,0.015873,1575.0
Ring-billed Gull,2,4,Feb_W4,0.0882353,612.0
Ring-billed Gull,3,1,Mar_W1,0.1480263,608.0
Ring-billed Gull,3,2,Mar_W2,0.2743243,740.0
Ring-billed Gull,3,3,Mar_W3,0.3789474,665.0
Ring-billed Gull,3,4,Mar_W4,0.4863582,843.0
Ring-billed Gull,4,1,Apr_W1,0.4791386,743.0
Ring-billed Gull,4,2,Apr_W2,0.4173228,762.0
Ring-billed Gull,4,3,Apr_W3,0.4116129,775.0
Ring-billed Gull,4,4,Apr_W4,0.3691667,1200.0
Ring-billed Gull,5,1,May_W1,0.3931133,1394.0
Ring-billed Gull,5,2,May_W2,0.3723971,4130.0
Ring-billed Gull,5,3,May_W3,0.4234183,8788.0
Ring-billed Gull,5,4,May_W4,0.4183398,3337.0
Ring-billed Gull,6,1,Jun_W1,0.3481865,965.0
Ring-billed Gull,6,2,Jun_W2,0.2857143,714.0
Ring-billed Gull,6,3,Jun_W3,0.3269231,624.0
Ring-billed Gull,6,4,Jun_W4,0.3039773,704.0
Ring-billed Gull,7,1,Jul_W1,0.356833,922.0
Ring-billed Gull,7,2,Jul_W2,0.3451464,649.0
Ring-billed Gull,7,3,Jul_W3,0.3729128,539.0
Ring-billed Gull,7,4,Jul_W4,0.4162011,716.0
Ring-billed Gull,8,1,Aug_W1,0.4454713,541.0
Ring-billed Gull,8,2,Aug_W2,0.387931,464.0
Ring-billed Gull,8,3,Aug_W3,0.427256,543.0
Ring-billed Gull,8,4,Aug_W4,0.462141,766.0
Ring-billed Gull,9,1,Sep_W1,0.523511,638.0
Ring-billed Gull,9,2,Sep_W2,0.4660377,530.0
Ring-billed Gull,9,3,Sep_W3,0.47,500.0
Ring-billed Gull,9,4,Sep_W4,0.486711,602.0
Ring-billed Gull,10,1,Oct_W1,0.4497354,378.0
Ring-billed Gull,10,2,Oct_W2,0.4091954,435.0
Ring-billed Gull,10,3,Oct_W3,0.4935065,385.0
Ring-billed Gull,10,4,Oct_W4,0.5224806,645.0
Ring-billed Gull,11,1,Nov_W1,0.4884793,434.0
Ring-billed Gull,11,2,Nov_W2,0.4764957,468.0
Ring-billed Gull,11,3,Nov_W3,0.4648526,441.0
Ring-billed Gull,11,4,Nov_W4,0.375,600.0
Ring-billed Gull,12,1,Dec_W1,0.2376682,446.0
Ring-billed Gull,12,2,Dec_W2,0.2797732,529.0
Ring-billed Gull,12,3,Dec_W3,0.1376812,552.0
Ring-billed Gull,12,4,Dec_W4,0.1453237,695.0
American Herring Gull,1,1,Jan_W1,0.1664642,823.0
American Herring Gull,1,2,Jan_W2,0.1702479,605.0
American Herring Gull,1,3,Jan_W3,0.1281071,523.0
American Herring Gull,1,4,Jan_W4,0.1068493,730.0
American Herring Gull,2,1,Feb_W1,0.1209677,496.0
American Herring Gull,2,2,Feb_W2,0.0608273,822.0
American Herring Gull,2,3,Feb_W3,0.064127,1575.0
American Herring Gull,2,4,Feb_W4,0.1944444,612.0
American Herring Gull,3,1,Mar_W1,0.2384868,608.0
American Herring Gull,3,2,Mar_W2,0.2837838,740.0
American Herring Gull,3,3,Mar_W3,0.2541353,665.0
American Herring Gull,3,4,Mar_W4,0.3202847,843.0
American Herring Gull,4,1,Apr_W1,0.2745626,743.0
American Herring Gull,4,2,Apr_W2,0.2585302,762.0
American Herring Gull,4,3,Apr_W3,0.2929032,775.0
American Herring Gull,4,4,Apr_W4,0.2308333,1200.0
American Herring Gull,5,1,May_W1,0.2711621,1394.0
American Herring Gull,5,2,May_W2,0.2656174,4130.0
American Herring Gull,5,3,May_W3,0.2987028,8788.0
American Herring Gull,5,4,May_W4,0.2795924,3337.0
American Herring Gull,6,1,Jun_W1,0.215544,965.0
American Herring Gull,6,2,Jun_W2,0.1428571,714.0
American Herring Gull,6,3,Jun_W3,0.1602564,624.0
American Herring Gull,6,4,Jun_W4,0.1676136,704.0
American Herring Gull,7,1,Jul_W1,0.1572668,922.0
American Herring Gull,7,2,Jul_W2,0.1617874,649.0
American Herring Gull,7,3,Jul_W3,0.1725417,539.0
American Herring Gull,7,4,Jul_W4,0.2081006,716.0
American Herring Gull,8,1,Aug_W1,0.2513863,541.0
American Herring Gull,8,2,Aug_W2,0.1875,464.0
American Herring Gull,8,3,Aug_W3,0.2154696,543.0
American Herring Gull,8,4,Aug_W4,0.2389034,766.0
American Herring Gull,9,1,Sep_W1,0.2492163,638.0
American Herring Gull,9,2,Sep_W2,0.2415094,530.0
American Herring Gull,9,3,Sep_W3,0.256,500.0
American Herring Gull,9,4,Sep_W4,0.2475083,602.0
American Herring Gull,10,1,Oct_W1,0.2698413,378.0
American Herring Gull,10,2,Oct_W2,0.2482759,435.0
American Herring Gull,10,3,Oct_W3,0.2987013,385.0
American Herring Gull,10,4,Oct_W4,0.3364341,645.0
American Herring Gull,11,1,Nov_W1,0.3640553,434.0
American Herring Gull,11,2,Nov_W2,0.3717949,468.0
American Herring Gull,11,3,Nov_W3,0.4013605,441.0
American Herring Gull,11,4,Nov_W4,0.3683333,600.0
American Herring Gull,12,1,Dec_W1,0.3946188,446.0
American Herring Gull,12,2,Dec_W2,0.3440454,529.0
American Herring Gull,12,3,Dec_W3,0.2572464,552.0
American Herring Gull,12,4,Dec_W4,0.305036,695.0
Great Black-backed Gull,1,1,Jan_W1,0.0097205,823.0
Great Black-backed Gull,1,2,Jan_W2,0.0214876,605.0
Great Black-backed Gull,1,3,Jan_W3,0.0133843,523.0
Great Black-backed Gull,1,4,Jan_W4,0.0054795,730.0
Great Black-backed Gull,2,1,Feb_W1,0.0080645,496.0
Great Black-backed Gull,2,2,Feb_W2,0.0048662,822.0
Great Black-backed Gull,2,3,Feb_W3,0.0057143,1575.0
Great Black-backed Gull,2,4,Feb_W4,0.0261438,612.0
Great Black-backed Gull,3,1,Mar_W1,0.0197368,608.0
Great Black-backed Gull,3,2,Mar_W2,0.0202703,740.0
Great Black-backed Gull,3,3,Mar_W3,0.0105263,665.0
Great Black-backed Gull,3,4,Mar_W4,0.0284698,843.0
Great Black-backed Gull,4,1,Apr_W1,0.0121131,743.0
Great Black-backed Gull,4,2,Apr_W2,0.0223097,762.0
Great Black-backed Gull,4,3,Apr_W3,0.0051613,775.0
Great Black-backed Gull,4,4,Apr_W4,0.0083333,1200.0
Great Black-backed Gull,5,1,May_W1,0.0093257,1394.0
Great Black-backed Gull,5,2,May_W2,0.0060533,4130.0
Great Black-backed Gull,5,3,May_W3,0.0033,8788.0
Great Black-backed Gull,5,4,May_W4,0.001798,3337.0
Great Black-backed Gull,6,1,Jun_W1,0.0031088,965.0
Great Black-backed Gull,6,2,Jun_W2,0.0,714.0
Great Black-backed Gull,6,3,Jun_W3,0.0,624.0
Great Black-backed Gull,6,4,Jun_W4,0.0,704.0
Great Black-backed Gull,7,1,Jul_W1,0.0021692,922.0
Great Black-backed Gull,7,2,Jul_W2,0.0,649.0
Great Black-backed Gull,7,3,Jul_W3,0.0,539.0
Great Black-backed Gull,7,4,Jul_W4,0.0,716.0
Great Black-backed Gull,8,1,Aug_W1,0.0036969,541.0
Great Black-backed Gull,8,2,Aug_W2,0.0,464.0
Great Black-backed Gull,8,3,Aug_W3,0.0,543.0
Great Black-backed Gull,8,4,Aug_W4,0.0,766.0
Great Black-backed Gull,9,1,Sep_W1,0.0031348,638.0
Great Black-backed Gull,9,2,Sep_W2,0.0015,530.0
Great Black-backed Gull,9,3,Sep_W3,0.01,500.0
Great Black-backed Gull,9,4,Sep_W4,0.0116279,602.0
Great Black-backed Gull,10,1,Oct_W1,0.0185185,378.0
Great Black-backed Gull,10,2,Oct_W2,0.0183908,435.0
Great Black-backed Gull,10,3,Oct_W3,0.0363636,385.0
Great Black-backed Gull,10,4,Oct_W4,0.0651163,645.0
Great Black-backed Gull,11,1,Nov_W1,0.078341,434.0
Great Black-backed Gull,11,2,Nov_W2,0.0747863,468.0
Great Black-backed Gull,11,3,Nov_W3,0.0861678,441.0
Great Black-backed Gull,11,4,Nov_W4,0.0883333,600.0
Great Black-backed Gull,12,1,Dec_W1,0.0896861,446.0
Great Black-backed Gull,12,2,Dec_W2,0.073724,529.0
Great Black-backed Gull,12,3,Dec_W3,0.0326087,552.0
Great Black-backed Gull,12,4,Dec_W4,0.0431655,695.0
Glaucous Gull,1,1,Jan_W1,0.0024301,823.0
Glaucous Gull,1,2,Jan_W2,0.0049587,605.0
Glaucous Gull,1,3,Jan_W3,0.0076482,523.0
Glaucous Gull,1,4,Jan_W4,0.0054795,730.0
Glaucous Gull,2,1,Feb_W1,0.0080645,496.0
Glaucous Gull,2,2,Feb_W2,0.0048662,822.0
Glaucous Gull,2,3,Feb_W3,0.0044444,1575.0
Glaucous Gull,2,4,Feb_W4,0.0179739,612.0
Glaucous Gull,3,1,Mar_W1,0.0164474,608.0
Glaucous Gull,3,2,Mar_W2,0.0135135,740.0
Glaucous Gull,3,3,Mar_W3,0.0045113,665.0
Glaucous Gull,3,4,Mar_W4,0.0166074,843.0
Glaucous Gull,4,1,Apr_W1,0.0148048,743.0
Glaucous Gull,4,2,Apr_W2,0.0170604,762.0
Glaucous Gull,4,3,Apr_W3,0.0129032,775.0
Glaucous Gull,4,4,Apr_W4,0.005,1200.0
Glaucous Gull,5,1,May_W1,0.0014347,1394.0
Glaucous Gull,5,2,May_W2,0.0007264,4130.0
Glaucous Gull,5,3,May_W3,0.0006827,8788.0
Glaucous Gull,5,4,May_W4,0.0002997,3337.0
Glaucous Gull,6,1,Jun_W1,0.0,965.0
Glaucous Gull,6,2,Jun_W2,0.0,714.0
Glaucous Gull,6,3,Jun_W3,0.0,624.0
Glaucous Gull,6,4,Jun_W4,0.0,704.0
Glaucous Gull,7,1,Jul_W1,0.0,922.0
Glaucous Gull,7,2,Jul_W2,0.0,649.0
Glaucous Gull,7,3,Jul_W3,0.0,539.0
Glaucous Gull,7,4,Jul_W4,0.0,716.0
Glaucous Gull,8,1,Aug_W1,0.0,541.0
Glaucous Gull,8,2,Aug_W2,0.0,464.0
Glaucous Gull,8,3,Aug_W3,0.0,543.0
Glaucous Gull,8,4,Aug_W4,0.0,766.0
Glaucous Gull,9,1,Sep_W1,0.0,638.0
Glaucous Gull,9,2,Sep_W2,0.0,530.0
Glaucous Gull,9,3,Sep_W3,0.0,500.0
Glaucous Gull,9,4,Sep_W4,0.0,602.0
Glaucous Gull,10,1,Oct_W1,0.0,378.0
Glaucous Gull,10,2,Oct_W2,0.0,435.0
Glaucous Gull,10,3,Oct_W3,0.0,385.0
Glaucous Gull,10,4,Oct_W4,0.0031008,645.0
Glaucous Gull,11,1,Nov_W1,0.0046083,434.0
Glaucous Gull,11,2,Nov_W2,0.0064103,468.0
Glaucous Gull,11,3,Nov_W3,0.0045351,441.0
Glaucous Gull,11,4,Nov_W4,0.015,600.0
Glaucous Gull,12,1,Dec_W1,0.0112108,446.0
Glaucous Gull,12,2,Dec_W2,0.0189036,529.0
Glaucous Gull,12,3,Dec_W3,0.0126812,552.0
Glaucous Gull,12,4,Dec_W4,0.0086331,695.0
Lesser Black-backed Gull,1,1,Jan_W1,0.0,823.0
Lesser Black-backed Gull,1,2,Jan_W2,0.0,605.0
Lesser Black-backed Gull,1,3,Jan_W3,0.0,523.0
Lesser Black-backed Gull,1,4,Jan_W4,0.0013699,730.0
Lesser Black-backed Gull,2,1,Feb_W1,0.0,496.0
Lesser Black-backed Gull,2,2,Feb_W2,0.0,822.0
Lesser Black-backed Gull,2,3,Feb_W3,0.0,1575.0
Lesser Black-backed Gull,2,4,Feb_W4,0.0,612.0
Lesser Black-backed Gull,3,1,Mar_W1,0.0016447,608.0
Lesser Black-backed Gull,3,2,Mar_W2,0.0,740.0
Lesser Black-backed Gull,3,3,Mar_W3,0.0,665.0
Lesser Black-backed Gull,3,4,Mar_W4,0.0,843.0
Lesser Black-backed Gull,4,1,Apr_W1,0.0,743.0
Lesser Black-backed Gull,4,2,Apr_W2,0.0,762.0
Lesser Black-backed Gull,4,3,Apr_W3,0.0,775.0
Lesser Black-backed Gull,4,4,Apr_W4,0.0008333,1200.0
Lesser Black-backed Gull,5,1,May_W1,0.0007174,1394.0
Lesser Black-backed Gull,5,2,May_W2,0.0,4130.0
Lesser Black-backed Gull,5,3,May_W3,0.0007965,8788.0
Lesser Black-backed Gull,5,4,May_W4,0.001798,3337.0
Lesser Black-backed Gull,6,1,Jun_W1,0.0,965.0
Lesser Black-backed Gull,6,2,Jun_W2,0.0,714.0
Lesser Black-backed Gull,6,3,Jun_W3,0.0,624.0
Lesser Black-backed Gull,6,4,Jun_W4,0.0,704.0
Lesser Black-backed Gull,7,1,Jul_W1,0.0,922.0
Lesser Black-backed Gull,7,2,Jul_W2,0.0,649.0
Lesser Black-backed Gull,7,3,Jul_W3,0.0,539.0
Lesser Black-backed Gull,7,4,Jul_W4,0.0013966,716.0
Lesser Black-backed Gull,8,1,Aug_W1,0.0,541.0
Lesser Black-backed Gull,8,2,Aug_W2,0.0021552,464.0
Lesser Black-backed Gull,8,3,Aug_W3,0.0,543.0
Lesser Black-backed Gull,8,4,Aug_W4,0.0,766.0
Lesser Black-backed Gull,9,1,Sep_W1,0.0,638.0
Lesser Black-backed Gull,9,2,Sep_W2,0.0,530.0
Lesser Black-backed Gull,9,3,Sep_W3,0.0,500.0
Lesser Black-backed Gull,9,4,Sep_W4,0.0016611,602.0
Lesser Black-backed Gull,10,1,Oct_W1,0.0015,378.0
Lesser Black-backed Gull,10,2,Oct_W2,0.0,435.0
Lesser Black-backed Gull,10,3,Oct_W3,0.0025974,385.0
Lesser Black-backed Gull,10,4,Oct_W4,0.0046512,645.0
Lesser Black-backed Gull,11,1,Nov_W1,0.0,434.0
Lesser Black-backed Gull,11,2,Nov_W2,0.0021368,468.0
Lesser Black-backed Gull,11,3,Nov_W3,0.0022676,441.0
Lesser Black-backed Gull,11,4,Nov_W4,0.0,600.0
Lesser Black-backed Gull,12,1,Dec_W1,0.0022422,446.0
Lesser Black-backed Gull,12,2,Dec_W2,0.0,529.0
Lesser Black-backed Gull,12,3,Dec_W3,0.0,552.0
Lesser Black-backed Gull,12,4,Dec_W4,0.0014388,695.0
Iceland Gull,1,1,Jan_W1,0.0060753,823.0
Iceland Gull,1,2,Jan_W2,0.0,605.0
Iceland Gull,1,3,Jan_W3,0.0,523.0
Iceland Gull,1,4,Jan_W4,0.0,730.0
Iceland Gull,2,1,Feb_W1,0.0,496.0
Iceland Gull,2,2,Feb_W2,0.0,822.0
Iceland Gull,2,3,Feb_W3,0.0,1575.0
Iceland Gull,2,4,Feb_W4,0.0,612.0
Iceland Gull,3,1,Mar_W1,0.0065789,608.0
Iceland Gull,3,2,Mar_W2,0.0013514,740.0
Iceland Gull,3,3,Mar_W3,0.0030075,665.0
Iceland Gull,3,4,Mar_W4,0.0015,843.0
Iceland Gull,4,1,Apr_W1,0.0094213,743.0
Iceland Gull,4,2,Apr_W2,0.0013123,762.0
Iceland Gull,4,3,Apr_W3,0.0,775.0
Iceland Gull,4,4,Apr_W4,0.0,1200.0
Iceland Gull,5,1,May_W1,0.0,1394.0
Iceland Gull,5,2,May_W2,0.0,4130.0
Iceland Gull,5,3,May_W3,0.0002276,8788.0
Iceland Gull,5,4,May_W4,0.0,3337.0
Iceland Gull,6,1,Jun_W1,0.0,965.0
Iceland Gull,6,2,Jun_W2,0.0,714.0
Iceland Gull,6,3,Jun_W3,0.0,624.0
Iceland Gull,6,4,Jun_W4,0.0,704.0
Iceland Gull,7,1,Jul_W1,0.0,922.0
Iceland Gull,7,2,Jul_W2,0.0,649.0
Iceland Gull,7,3,Jul_W3,0.0,539.0
Iceland Gull,7,4,Jul_W4,0.0,716.0
Iceland Gull,8,1,Aug_W1,0.0,541.0
Iceland Gull,8,2,Aug_W2,0.0,464.0
Iceland Gull,8,3,Aug_W3,0.0,543.0
Iceland Gull,8,4,Aug_W4,0.0,766.0
Iceland Gull,9,1,Sep_W1,0.0,638.0
Iceland Gull,9,2,Sep_W2,0.0,530.0
Iceland Gull,9,3,Sep_W3,0.0,500.0
Iceland Gull,9,4,Sep_W4,0.0,602.0
Iceland Gull,10,1,Oct_W1,0.0,378.0
Iceland Gull,10,2,Oct_W2,0.0,435.0
Iceland Gull,10,3,Oct_W3,0.0,385.0
Iceland Gull,10,4,Oct_W4,0.0,645.0
Iceland Gull,11,1,Nov_W1,0.0,434.0
Iceland Gull,11,2,Nov_W2,0.0,468.0
Iceland Gull,11,3,Nov_W3,0.0,441.0
Iceland Gull,11,4,Nov_W4,0.0016667,600.0
Iceland Gull,12,1,Dec_W1,0.0022422,446.0
Iceland Gull,12,2,Dec_W2,0.0056711,529.0
Iceland Gull,12,3,Dec_W3,0.0,552.0
Iceland Gull,12,4,Dec_W4,0.0014388,695.0
Caspian Tern,1,1,Jan_W1,0.0,823.0
Caspian Tern,1,2,Jan_W2,0.0,605.0
Caspian Tern,1,3,Jan_W3,0.0,523.0
Caspian Tern,1,4,Jan_W4,0.0,730.0
Caspian Tern,2,1,Feb_W1,0.0,496.0
Caspian Tern,2,2,Feb_W2,0.0,822.0
Caspian Tern,2,3,Feb_W3,0.0,1575.0
Caspian Tern,2,4,Feb_W4,0.0,612.0
Caspian Tern,3,1,Mar_W1,0.0,608.0
Caspian Tern,3,2,Mar_W2,0.0,740.0
Caspian Tern,3,3,Mar_W3,0.0,665.0
Caspian Tern,3,4,Mar_W4,0.0,843.0
Caspian Tern,4,1,Apr_W1,0.0053836,743.0
Caspian Tern,4,2,Apr_W2,0.0459318,762.0
Caspian Tern,4,3,Apr_W3,0.1832258,775.0
Caspian Tern,4,4,Apr_W4,0.2091667,1200.0
Caspian Tern,5,1,May_W1,0.215208,1394.0
Caspian Tern,5,2,May_W2,0.2094431,4130.0
Caspian Tern,5,3,May_W3,0.2657032,8788.0
Caspian Tern,5,4,May_W4,0.2052742,3337.0
Caspian Tern,6,1,Jun_W1,0.1502591,965.0
Caspian Tern,6,2,Jun_W2,0.0994398,714.0
Caspian Tern,6,3,Jun_W3,0.1137821,624.0
Caspian Tern,6,4,Jun_W4,0.1321023,704.0
Caspian Tern,7,1,Jul_W1,0.1843818,922.0
Caspian Tern,7,2,Jul_W2,0.1972265,649.0
Caspian Tern,7,3,Jul_W3,0.1781076,539.0
Caspian Tern,7,4,Jul_W4,0.2597765,716.0
Caspian Tern,8,1,Aug_W1,0.284658,541.0
Caspian Tern,8,2,Aug_W2,0.1939655,464.0
Caspian Tern,8,3,Aug_W3,0.2173112,543.0
Caspian Tern,8,4,Aug_W4,0.1527415,766.0
Caspian Tern,9,1,Sep_W1,0.1144201,638.0
Caspian Tern,9,2,Sep_W2,0.0264151,530.0
Caspian Tern,9,3,Sep_W3,0.006,500.0
Caspian Tern,9,4,Sep_W4,0.0016611,602.0
Caspian Tern,10,1,Oct_W1,0.0,378.0
Caspian Tern,10,2,Oct_W2,0.0,435.0
Caspian Tern,10,3,Oct_W3,0.0,385.0
Caspian Tern,10,4,Oct_W4,0.0,645.0
Caspian Tern,11,1,Nov_W1,0.0,434.0
Caspian Tern,11,2,Nov_W2,0.0,468.0
Caspian Tern,11,3,Nov_W3,0.0,441.0
Caspian Tern,11,4,Nov_W4,0.0,600.0
Caspian Tern,12,1,Dec_W1,0.0,446.0
Caspian Tern,12,2,Dec_W2,0.0,529.0
Caspian Tern,12,3,Dec_W3,0.0,552.0
Caspian Tern,12,4,Dec_W4,0.0,695.0
Black Tern,1,1,Jan_W1,0.0,823.0
Black Tern,1,2,Jan_W2,0.0,605.0
Black Tern,1,3,Jan_W3,0.0,523.0
Black Tern,1,4,Jan_W4,0.0,730.0
Black Tern,2,1,Feb_W1,0.0,496.0
Black Tern,2,2,Feb_W2,0.0,822.0
Black Tern,2,3,Feb_W3,0.0,1575.0
Black Tern,2,4,Feb_W4,0.0,612.0
Black Tern,3,1,Mar_W1,0.0,608.0
Black Tern,3,2,Mar_W2,0.0,740.0
Black Tern,3,3,Mar_W3,0.0,665.0
Black Tern,3,4,Mar_W4,0.0,843.0
Black Tern,4,1,Apr_W1,0.0,743.0
Black Tern,4,2,Apr_W2,0.0,762.0
Black Tern,4,3,Apr_W3,0.0,775.0
Black Tern,4,4,Apr_W4,0.0,1200.0
Black Tern,5,1,May_W1,0.0028694,1394.0
Black Tern,5,2,May_W2,0.0239709,4130.0
Black Tern,5,3,May_W3,0.0806782,8788.0
Black Tern,5,4,May_W4,0.080911,3337.0
Black Tern,6,1,Jun_W1,0.065285,965.0
Black Tern,6,2,Jun_W2,0.0854342,714.0
Black Tern,6,3,Jun_W3,0.1298077,624.0
Black Tern,6,4,Jun_W4,0.1661932,704.0
Black Tern,7,1,Jul_W1,0.1236443,922.0
Black Tern,7,2,Jul_W2,0.1756549,649.0
Black Tern,7,3,Jul_W3,0.1762523,539.0
Black Tern,7,4,Jul_W4,0.1494413,716.0
Black Tern,8,1,Aug_W1,0.103512,541.0
Black Tern,8,2,Aug_W2,0.0431034,464.0
Black Tern,8,3,Aug_W3,0.0257827,543.0
Black Tern,8,4,Aug_W4,0.0052219,766.0
Black Tern,9,1,Sep_W1,0.0,638.0
Black Tern,9,2,Sep_W2,0.0,530.0
Black Tern,9,3,Sep_W3,0.0015,500.0
Black Tern,9,4,Sep_W4,0.0,602.0
Black Tern,10,1,Oct_W1,0.0,378.0
Black Tern,10,2,Oct_W2,0.0,435.0
Black Tern,10,3,Oct_W3,0.0,385.0
Black Tern,10,4,Oct_W4,0.0,645.0
Black Tern,11,1,Nov_W1,0.0,434.0
Black Tern,11,2,Nov_W2,0.0,468.0
Black Tern,11,3,Nov_W3,0.0,441.0
Black Tern,11,4,Nov_W4,0.0,600.0
Black Tern,12,1,Dec_W1,0.0,446.0
Black Tern,12,2,Dec_W2,0.0,529.0
Black Tern,12,3,Dec_W3,0.0,552.0
Black Tern,12,4,Dec_W4,0.0,695.0
Forster's Tern,1,1,Jan_W1,0.0,823.0
Forster's Tern,1,2,Jan_W2,0.0,605.0
Forster's Tern,1,3,Jan_W3,0.0,523.0
Forster's Tern,1,4,Jan_W4,0.0,730.0
Forster's Tern,2,1,Feb_W1,0.0,496.0
Forster's Tern,2,2,Feb_W2,0.0,822.0
Forster's Tern,2,3,Feb_W3,0.0,1575.0
Forster's Tern,2,4,Feb_W4,0.0,612.0
Forster's Tern,3,1,Mar_W1,0.0,608.0
Forster's Tern,3,2,Mar_W2,0.0,740.0
Forster's Tern,3,3,Mar_W3,0.0,665.0
Forster's Tern,3,4,Mar_W4,0.0,843.0
Forster's Tern,4,1,Apr_W1,0.0,743.0
Forster's Tern,4,2,Apr_W2,0.003937,762.0
Forster's Tern,4,3,Apr_W3,0.0245161,775.0
Forster's Tern,4,4,Apr_W4,0.0216667,1200.0
Forster's Tern,5,1,May_W1,0.0595409,1394.0
Forster's Tern,5,2,May_W2,0.0760291,4130.0
Forster's Tern,5,3,May_W3,0.0713473,8788.0
Forster's Tern,5,4,May_W4,0.0614324,3337.0
Forster's Tern,6,1,Jun_W1,0.038342,965.0
Forster's Tern,6,2,Jun_W2,0.0196078,714.0
Forster's Tern,6,3,Jun_W3,0.025641,624.0
Forster's Tern,6,4,Jun_W4,0.0213068,704.0
Forster's Tern,7,1,Jul_W1,0.0140998,922.0
Forster's Tern,7,2,Jul_W2,0.0323575,649.0
Forster's Tern,7,3,Jul_W3,0.0204082,539.0
Forster's Tern,7,4,Jul_W4,0.0251397,716.0
Forster's Tern,8,1,Aug_W1,0.0203327,541.0
Forster's Tern,8,2,Aug_W2,0.0280172,464.0
Forster's Tern,8,3,Aug_W3,0.0184162,543.0
Forster's Tern,8,4,Aug_W4,0.002611,766.0
Forster's Tern,9,1,Sep_W1,0.0,638.0
Forster's Tern,9,2,Sep_W2,0.0037736,530.0
Forster's Tern,9,3,Sep_W3,0.0,500.0
Forster's Tern,9,4,Sep_W4,0.0,602.0
Forster's Tern,10,1,Oct_W1,0.0026455,378.0
Forster's Tern,10,2,Oct_W2,0.0,435.0
Forster's Tern,10,3,Oct_W3,0.0,385.0
Forster's Tern,10,4,Oct_W4,0.0031008,645.0
Forster's Tern,11,1,Nov_W1,0.0,434.0
Forster's Tern,11,2,Nov_W2,0.0,468.0
Forster's Tern,11,3,Nov_W3,0.0,441.0
Forster's Tern,11,4,Nov_W4,0.0,600.0
Forster's Tern,12,1,Dec_W1,0.0,446.0
Forster's Tern,12,2,Dec_W2,0.0,529.0
Forster's Tern,12,3,Dec_W3,0.0,552.0
Forster's Tern,12,4,Dec_W4,0.0,695.0
Common Tern,1,1,Jan_W1,0.0,823.0
Common Tern,1,2,Jan_W2,0.0,605.0
Common Tern,1,3,Jan_W3,0.0,523.0
Common Tern,1,4,Jan_W4,0.0,730.0
Common Tern,2,1,Feb_W1,0.0,496.0
Common Tern,2,2,Feb_W2,0.0,822.0
Common Tern,2,3,Feb_W3,0.0,1575.0
Common Tern,2,4,Feb_W4,0.0,612.0
Common Tern,3,1,Mar_W1,0.0,608.0
Common Tern,3,2,Mar_W2,0.0,740.0
Common Tern,3,3,Mar_W3,0.0,665.0
Common Tern,3,4,Mar_W4,0.0,843.0
Common Tern,4,1,Apr_W1,0.0,743.0
Common Tern,4,2,Apr_W2,0.0,762.0
Common Tern,4,3,Apr_W3,0.0,775.0
Common Tern,4,4,Apr_W4,0.0058333,1200.0
Common Tern,5,1,May_W1,0.0968436,1394.0
Common Tern,5,2,May_W2,0.2169492,4130.0
Common Tern,5,3,May_W3,0.2639964,8788.0
Common Tern,5,4,May_W4,0.2124663,3337.0
Common Tern,6,1,Jun_W1,0.1564767,965.0
Common Tern,6,2,Jun_W2,0.1092437,714.0
Common Tern,6,3,Jun_W3,0.1137821,624.0
Common Tern,6,4,Jun_W4,0.1079545,704.0
Common Tern,7,1,Jul_W1,0.0835141,922.0
Common Tern,7,2,Jul_W2,0.1294299,649.0
Common Tern,7,3,Jul_W3,0.1725417,539.0
Common Tern,7,4,Jul_W4,0.1494413,716.0
Common Tern,8,1,Aug_W1,0.1737523,541.0
Common Tern,8,2,Aug_W2,0.1530172,464.0
Common Tern,8,3,Aug_W3,0.1178637,543.0
Common Tern,8,4,Aug_W4,0.0548303,766.0
Common Tern,9,1,Sep_W1,0.0376176,638.0
Common Tern,9,2,Sep_W2,0.0264151,530.0
Common Tern,9,3,Sep_W3,0.02,500.0
Common Tern,9,4,Sep_W4,0.0016611,602.0
Common Tern,10,1,Oct_W1,0.0079365,378.0
Common Tern,10,2,Oct_W2,0.0,435.0
Common Tern,10,3,Oct_W3,0.0,385.0
Common Tern,10,4,Oct_W4,0.0031008,645.0
Common Tern,11,1,Nov_W1,0.0,434.0
Common Tern,11,2,Nov_W2,0.0,468.0
Common Tern,11,3,Nov_W3,0.0,441.0
Common Tern,11,4,Nov_W4,0.0,600.0
Common Tern,12,1,Dec_W1,0.0,446.0
Common Tern,12,2,Dec_W2,0.0,529.0
Common Tern,12,3,Dec_W3,0.0,552.0
Common Tern,12,4,Dec_W4,0.0,695.0
Pied-billed Grebe,1,1,Jan_W1,0.0024301,823.0
Pied-billed Grebe,1,2,Jan_W2,0.0,605.0
Pied-billed Grebe,1,3,Jan_W3,0.0038241,523.0
Pied-billed Grebe,1,4,Jan_W4,0.0,730.0
Pied-billed Grebe,2,1,Feb_W1,0.0020161,496.0
Pied-billed Grebe,2,2,Feb_W2,0.0015,822.0
Pied-billed Grebe,2,3,Feb_W3,0.0,1575.0
Pied-billed Grebe,2,4,Feb_W4,0.003268,612.0
Pied-billed Grebe,3,1,Mar_W1,0.0032895,608.0
Pied-billed Grebe,3,2,Mar_W2,0.0189189,740.0
Pied-billed Grebe,3,3,Mar_W3,0.0300752,665.0
Pied-billed Grebe,3,4,Mar_W4,0.0699881,843.0
Pied-billed Grebe,4,1,Apr_W1,0.1117093,743.0
Pied-billed Grebe,4,2,Apr_W2,0.164042,762.0
Pied-billed Grebe,4,3,Apr_W3,0.1922581,775.0
Pied-billed Grebe,4,4,Apr_W4,0.2016667,1200.0
Pied-billed Grebe,5,1,May_W1,0.2073171,1394.0
Pied-billed Grebe,5,2,May_W2,0.2075061,4130.0
Pied-billed Grebe,5,3,May_W3,0.1973145,8788.0
Pied-billed Grebe,5,4,May_W4,0.1711118,3337.0
Pied-billed Grebe,6,1,Jun_W1,0.1357513,965.0
Pied-billed Grebe,6,2,Jun_W2,0.1260504,714.0
Pied-billed Grebe,6,3,Jun_W3,0.1586538,624.0
Pied-billed Grebe,6,4,Jun_W4,0.1463068,704.0
Pied-billed Grebe,7,1,Jul_W1,0.1030369,922.0
Pied-billed Grebe,7,2,Jul_W2,0.1371341,649.0
Pied-billed Grebe,7,3,Jul_W3,0.1465677,539.0
Pied-billed Grebe,7,4,Jul_W4,0.1648045,716.0
Pied-billed Grebe,8,1,Aug_W1,0.1959335,541.0
Pied-billed Grebe,8,2,Aug_W2,0.1939655,464.0
Pied-billed Grebe,8,3,Aug_W3,0.2062615,543.0
Pied-billed Grebe,8,4,Aug_W4,0.2375979,766.0
Pied-billed Grebe,9,1,Sep_W1,0.2633229,638.0
Pied-billed Grebe,9,2,Sep_W2,0.2490566,530.0
Pied-billed Grebe,9,3,Sep_W3,0.28,500.0
Pied-billed Grebe,9,4,Sep_W4,0.255814,602.0
Pied-billed Grebe,10,1,Oct_W1,0.2089947,378.0
Pied-billed Grebe,10,2,Oct_W2,0.2068966,435.0
Pied-billed Grebe,10,3,Oct_W3,0.1480519,385.0
Pied-billed Grebe,10,4,Oct_W4,0.1147287,645.0
Pied-billed Grebe,11,1,Nov_W1,0.062212,434.0
Pied-billed Grebe,11,2,Nov_W2,0.042735,468.0
Pied-billed Grebe,11,3,Nov_W3,0.0226757,441.0
Pied-billed Grebe,11,4,Nov_W4,0.0133333,600.0
Pied-billed Grebe,12,1,Dec_W1,0.0,446.0
Pied-billed Grebe,12,2,Dec_W2,0.0,529.0
Pied-billed Grebe,12,3,Dec_W3,0.0181159,552.0
Pied-billed Grebe,12,4,Dec_W4,0.0014388,695.0
Horned Grebe,1,1,Jan_W1,0.0012151,823.0
Horned Grebe,1,2,Jan_W2,0.0016529,605.0
Horned Grebe,1,3,Jan_W3,0.0,523.0
Horned Grebe,1,4,Jan_W4,0.0,730.0
Horned Grebe,2,1,Feb_W1,0.0,496.0
Horned Grebe,2,2,Feb_W2,0.0,822.0
Horned Grebe,2,3,Feb_W3,0.0,1575.0
Horned Grebe,2,4,Feb_W4,0.001634,612.0
Horned Grebe,3,1,Mar_W1,0.0,608.0
Horned Grebe,3,2,Mar_W2,0.0094595,740.0
Horned Grebe,3,3,Mar_W3,0.0045113,665.0
Horned Grebe,3,4,Mar_W4,0.0284698,843.0
Horned Grebe,4,1,Apr_W1,0.0497981,743.0
Horned Grebe,4,2,Apr_W2,0.0931759,762.0
Horned Grebe,4,3,Apr_W3,0.1225806,775.0
Horned Grebe,4,4,Apr_W4,0.1075,1200.0
Horned Grebe,5,1,May_W1,0.0380201,1394.0
Horned Grebe,5,2,May_W2,0.0060533,4130.0
Horned Grebe,5,3,May_W3,0.0045517,8788.0
Horned Grebe,5,4,May_W4,0.000899,3337.0
Horned Grebe,6,1,Jun_W1,0.0015,965.0
Horned Grebe,6,2,Jun_W2,0.0,714.0
Horned Grebe,6,3,Jun_W3,0.0,624.0
Horned Grebe,6,4,Jun_W4,0.0,704.0
Horned Grebe,7,1,Jul_W1,0.0,922.0
Horned Grebe,7,2,Jul_W2,0.0,649.0
Horned Grebe,7,3,Jul_W3,0.0,539.0
Horned Grebe,7,4,Jul_W4,0.0,716.0
Horned Grebe,8,1,Aug_W1,0.0036969,541.0
Horned Grebe,8,2,Aug_W2,0.0021552,464.0
Horned Grebe,8,3,Aug_W3,0.0018416,543.0
Horned Grebe,8,4,Aug_W4,0.002611,766.0
Horned Grebe,9,1,Sep_W1,0.0031348,638.0
Horned Grebe,9,2,Sep_W2,0.0056604,530.0
Horned Grebe,9,3,Sep_W3,0.004,500.0
Horned Grebe,9,4,Sep_W4,0.013289,602.0
Horned Grebe,10,1,Oct_W1,0.0343915,378.0
Horned Grebe,10,2,Oct_W2,0.0413793,435.0
Horned Grebe,10,3,Oct_W3,0.0909091,385.0
Horned Grebe,10,4,Oct_W4,0.1937984,645.0
Horned Grebe,11,1,Nov_W1,0.2119816,434.0
Horned Grebe,11,2,Nov_W2,0.1559829,468.0
Horned Grebe,11,3,Nov_W3,0.1111111,441.0
Horned Grebe,11,4,Nov_W4,0.0933333,600.0
Horned Grebe,12,1,Dec_W1,0.044843,446.0
Horned Grebe,12,2,Dec_W2,0.020794,529.0
Horned Grebe,12,3,Dec_W3,0.0072464,552.0
Horned Grebe,12,4,Dec_W4,0.0100719,695.0
Red-necked Grebe,1,1,Jan_W1,0.0,823.0
Red-necked Grebe,1,2,Jan_W2,0.0,605.0
Red-necked Grebe,1,3,Jan_W3,0.0,523.0
Red-necked Grebe,1,4,Jan_W4,0.0,730.0
Red-necked Grebe,2,1,Feb_W1,0.0,496.0
Red-necked Grebe,2,2,Feb_W2,0.0,822.0
Red-necked Grebe,2,3,Feb_W3,0.0,1575.0
Red-necked Grebe,2,4,Feb_W4,0.0,612.0
Red-necked Grebe,3,1,Mar_W1,0.0,608.0
Red-necked Grebe,3,2,Mar_W2,0.0,740.0
Red-necked Grebe,3,3,Mar_W3,0.0015038,665.0
Red-necked Grebe,3,4,Mar_W4,0.0071174,843.0
Red-necked Grebe,4,1,Apr_W1,0.0148048,743.0
Red-necked Grebe,4,2,Apr_W2,0.0065617,762.0
Red-necked Grebe,4,3,Apr_W3,0.0129032,775.0
Red-necked Grebe,4,4,Apr_W4,0.01,1200.0
Red-necked Grebe,5,1,May_W1,0.0064562,1394.0
Red-necked Grebe,5,2,May_W2,0.0004843,4130.0
Red-necked Grebe,5,3,May_W3,0.0002276,8788.0
Red-necked Grebe,5,4,May_W4,0.0,3337.0
Red-necked Grebe,6,1,Jun_W1,0.0,965.0
Red-necked Grebe,6,2,Jun_W2,0.0,714.0
Red-necked Grebe,6,3,Jun_W3,0.0,624.0
Red-necked Grebe,6,4,Jun_W4,0.0,704.0
Red-necked Grebe,7,1,Jul_W1,0.0,922.0
Red-necked Grebe,7,2,Jul_W2,0.0,649.0
Red-necked Grebe,7,3,Jul_W3,0.0,539.0
Red-necked Grebe,7,4,Jul_W4,0.0,716.0
Red-necked Grebe,8,1,Aug_W1,0.0,541.0
Red-necked Grebe,8,2,Aug_W2,0.0,464.0
Red-necked Grebe,8,3,Aug_W3,0.0,543.0
Red-necked Grebe,8,4,Aug_W4,0.0,766.0
Red-necked Grebe,9,1,Sep_W1,0.0015674,638.0
Red-necked Grebe,9,2,Sep_W2,0.0,530.0
Red-necked Grebe,9,3,Sep_W3,0.0,500.0
Red-necked Grebe,9,4,Sep_W4,0.0149502,602.0
Red-necked Grebe,10,1,Oct_W1,0.0079365,378.0
Red-necked Grebe,10,2,Oct_W2,0.0068966,435.0
Red-necked Grebe,10,3,Oct_W3,0.0103896,385.0
Red-necked Grebe,10,4,Oct_W4,0.0356589,645.0
Red-necked Grebe,11,1,Nov_W1,0.0529954,434.0
Red-necked Grebe,11,2,Nov_W2,0.0363248,468.0
Red-necked Grebe,11,3,Nov_W3,0.0181406,441.0
Red-necked Grebe,11,4,Nov_W4,0.0116667,600.0
Red-necked Grebe,12,1,Dec_W1,0.0269058,446.0
Red-necked Grebe,12,2,Dec_W2,0.0037807,529.0
Red-necked Grebe,12,3,Dec_W3,0.0036232,552.0
Red-necked Grebe,12,4,Dec_W4,0.0014388,695.0
Eared Grebe,1,1,Jan_W1,0.0012151,823.0
Eared Grebe,1,2,Jan_W2,0.0,605.0
Eared Grebe,1,3,Jan_W3,0.0,523.0
Eared Grebe,1,4,Jan_W4,0.0,730.0
Eared Grebe,2,1,Feb_W1,0.0,496.0
Eared Grebe,2,2,Feb_W2,0.0,822.0
Eared Grebe,2,3,Feb_W3,0.0,1575.0
Eared Grebe,2,4,Feb_W4,0.0,612.0
Eared Grebe,3,1,Mar_W1,0.0,608.0
Eared Grebe,3,2,Mar_W2,0.0,740.0
Eared Grebe,3,3,Mar_W3,0.0,665.0
Eared Grebe,3,4,Mar_W4,0.0,843.0
Eared Grebe,4,1,Apr_W1,0.0,743.0
Eared Grebe,4,2,Apr_W2,0.0,762.0
Eared Grebe,4,3,Apr_W3,0.0,775.0
Eared Grebe,4,4,Apr_W4,0.0008333,1200.0
Eared Grebe,5,1,May_W1,0.0035868,1394.0
Eared Grebe,5,2,May_W2,0.0,4130.0
Eared Grebe,5,3,May_W3,0.0015,8788.0
Eared Grebe,5,4,May_W4,0.0,3337.0
Eared Grebe,6,1,Jun_W1,0.0,965.0
Eared Grebe,6,2,Jun_W2,0.0,714.0
Eared Grebe,6,3,Jun_W3,0.0,624.0
Eared Grebe,6,4,Jun_W4,0.0,704.0
Eared Grebe,7,1,Jul_W1,0.0,922.0
Eared Grebe,7,2,Jul_W2,0.0,649.0
Eared Grebe,7,3,Jul_W3,0.0,539.0
Eared Grebe,7,4,Jul_W4,0.0,716.0
Eared Grebe,8,1,Aug_W1,0.0,541.0
Eared Grebe,8,2,Aug_W2,0.0,464.0
Eared Grebe,8,3,Aug_W3,0.0,543.0
Eared Grebe,8,4,Aug_W4,0.0,766.0
Eared Grebe,9,1,Sep_W1,0.0,638.0
Eared Grebe,9,2,Sep_W2,0.0,530.0
Eared Grebe,9,3,Sep_W3,0.0,500.0
Eared Grebe,9,4,Sep_W4,0.0,602.0
Eared Grebe,10,1,Oct_W1,0.0,378.0
Eared Grebe,10,2,Oct_W2,0.0,435.0
Eared Grebe,10,3,Oct_W3,0.0,385.0
Eared Grebe,10,4,Oct_W4,0.0,645.0
Eared Grebe,11,1,Nov_W1,0.0,434.0
Eared Grebe,11,2,Nov_W2,0.0,468.0
Eared Grebe,11,3,Nov_W3,0.0,441.0
Eared Grebe,11,4,Nov_W4,0.0016667,600.0
Eared Grebe,12,1,Dec_W1,0.0112108,446.0
Eared Grebe,12,2,Dec_W2,0.0132325,529.0
Eared Grebe,12,3,Dec_W3,0.0,552.0
Eared Grebe,12,4,Dec_W4,0.0,695.0
Red-throated Loon,1,1,Jan_W1,0.0,823.0
Red-throated Loon,1,2,Jan_W2,0.0,605.0
Red-throated Loon,1,3,Jan_W3,0.0,523.0
Red-throated Loon,1,4,Jan_W4,0.0,730.0
Red-throated Loon,2,1,Feb_W1,0.0,496.0
Red-throated Loon,2,2,Feb_W2,0.0012165,822.0
Red-throated Loon,2,3,Feb_W3,0.0006349,1575.0
Red-throated Loon,2,4,Feb_W4,0.001634,612.0
Red-throated Loon,3,1,Mar_W1,0.0,608.0
Red-throated Loon,3,2,Mar_W2,0.0013514,740.0
Red-throated Loon,3,3,Mar_W3,0.0015038,665.0
Red-throated Loon,3,4,Mar_W4,0.0011862,843.0
Red-throated Loon,4,1,Apr_W1,0.0,743.0
Red-throated Loon,4,2,Apr_W2,0.0026247,762.0
Red-throated Loon,4,3,Apr_W3,0.003871,775.0
Red-throated Loon,4,4,Apr_W4,0.0108333,1200.0
Red-throated Loon,5,1,May_W1,0.0050215,1394.0
Red-throated Loon,5,2,May_W2,0.0007264,4130.0
Red-throated Loon,5,3,May_W3,0.0033,8788.0
Red-throated Loon,5,4,May_W4,0.001798,3337.0
Red-throated Loon,6,1,Jun_W1,0.0010363,965.0
Red-throated Loon,6,2,Jun_W2,0.0,714.0
Red-throated Loon,6,3,Jun_W3,0.0,624.0
Red-throated Loon,6,4,Jun_W4,0.0,704.0
Red-throated Loon,7,1,Jul_W1,0.0,922.0
Red-throated Loon,7,2,Jul_W2,0.0,649.0
Red-throated Loon,7,3,Jul_W3,0.0,539.0
Red-throated Loon,7,4,Jul_W4,0.0,716.0
Red-throated Loon,8,1,Aug_W1,0.0,541.0
Red-throated Loon,8,2,Aug_W2,0.0,464.0
Red-throated Loon,8,3,Aug_W3,0.0,543.0
Red-throated Loon,8,4,Aug_W4,0.0,766.0
Red-throated Loon,9,1,Sep_W1,0.0,638.0
Red-throated Loon,9,2,Sep_W2,0.0018868,530.0
Red-throated Loon,9,3,Sep_W3,0.0,500.0
Red-throated Loon,9,4,Sep_W4,0.0,602.0
Red-throated Loon,10,1,Oct_W1,0.0,378.0
Red-throated Loon,10,2,Oct_W2,0.0022989,435.0
Red-throated Loon,10,3,Oct_W3,0.0,385.0
Red-throated Loon,10,4,Oct_W4,0.0031008,645.0
Red-throated Loon,11,1,Nov_W1,0.0069124,434.0
Red-throated Loon,11,2,Nov_W2,0.008547,468.0
Red-throated Loon,11,3,Nov_W3,0.0045351,441.0
Red-throated Loon,11,4,Nov_W4,0.015,600.0
Red-throated Loon,12,1,Dec_W1,0.0022422,446.0
Red-throated Loon,12,2,Dec_W2,0.0,529.0
Red-throated Loon,12,3,Dec_W3,0.0,552.0
Red-throated Loon,12,4,Dec_W4,0.0,695.0
Common Loon,1,1,Jan_W1,0.0,823.0
Common Loon,1,2,Jan_W2,0.0016529,605.0
Common Loon,1,3,Jan_W3,0.0,523.0
Common Loon,1,4,Jan_W4,0.0,730.0
Common Loon,2,1,Feb_W1,0.0,496.0
Common Loon,2,2,Feb_W2,0.0,822.0
Common Loon,2,3,Feb_W3,0.0,1575.0
Common Loon,2,4,Feb_W4,0.0,612.0
Common Loon,3,1,Mar_W1,0.0,608.0
Common Loon,3,2,Mar_W2,0.0,740.0
Common Loon,3,3,Mar_W3,0.0075188,665.0
Common Loon,3,4,Mar_W4,0.0676157,843.0
Common Loon,4,1,Apr_W1,0.12786,743.0
Common Loon,4,2,Apr_W2,0.1889764,762.0
Common Loon,4,3,Apr_W3,0.2296774,775.0
Common Loon,4,4,Apr_W4,0.2225,1200.0
Common Loon,5,1,May_W1,0.1843615,1394.0
Common Loon,5,2,May_W2,0.1418886,4130.0
Common Loon,5,3,May_W3,0.1384843,8788.0
Common Loon,5,4,May_W4,0.1096794,3337.0
Common Loon,6,1,Jun_W1,0.0621762,965.0
Common Loon,6,2,Jun_W2,0.0644258,714.0
Common Loon,6,3,Jun_W3,0.0753205,624.0
Common Loon,6,4,Jun_W4,0.0553977,704.0
Common Loon,7,1,Jul_W1,0.0650759,922.0
Common Loon,7,2,Jul_W2,0.0308166,649.0
Common Loon,7,3,Jul_W3,0.0463822,539.0
Common Loon,7,4,Jul_W4,0.0656425,716.0
Common Loon,8,1,Aug_W1,0.0813309,541.0
Common Loon,8,2,Aug_W2,0.0775862,464.0
Common Loon,8,3,Aug_W3,0.0626151,543.0
Common Loon,8,4,Aug_W4,0.0744125,766.0
Common Loon,9,1,Sep_W1,0.0768025,638.0
Common Loon,9,2,Sep_W2,0.0811321,530.0
Common Loon,9,3,Sep_W3,0.054,500.0
Common Loon,9,4,Sep_W4,0.0813953,602.0
Common Loon,10,1,Oct_W1,0.0820106,378.0
Common Loon,10,2,Oct_W2,0.0643678,435.0
Common Loon,10,3,Oct_W3,0.0935065,385.0
Common Loon,10,4,Oct_W4,0.1627907,645.0
Common Loon,11,1,Nov_W1,0.2419355,434.0
Common Loon,11,2,Nov_W2,0.1047009,468.0
Common Loon,11,3,Nov_W3,0.1179138,441.0
Common Loon,11,4,Nov_W4,0.08,600.0
Common Loon,12,1,Dec_W1,0.0336323,446.0
Common Loon,12,2,Dec_W2,0.0056711,529.0
Common Loon,12,3,Dec_W3,0.009058,552.0
Common Loon,12,4,Dec_W4,0.0028777,695.0
Double-crested Cormorant,1,1,Jan_W1,0.0,823.0
Double-crested Cormorant,1,2,Jan_W2,0.0,605.0
Double-crested Cormorant,1,3,Jan_W3,0.0,523.0
Double-crested Cormorant,1,4,Jan_W4,0.0,730.0
Double-crested Cormorant,2,1,Feb_W1,0.0,496.0
Double-crested Cormorant,2,2,Feb_W2,0.0,822.0
Double-crested Cormorant,2,3,Feb_W3,0.0,1575.0
Double-crested Cormorant,2,4,Feb_W4,0.0,612.0
Double-crested Cormorant,3,1,Mar_W1,0.0016447,608.0
Double-crested Cormorant,3,2,Mar_W2,0.0,740.0
Double-crested Cormorant,3,3,Mar_W3,0.0030075,665.0
Double-crested Cormorant,3,4,Mar_W4,0.0189798,843.0
Double-crested Cormorant,4,1,Apr_W1,0.0605653,743.0
Double-crested Cormorant,4,2,Apr_W2,0.1364829,762.0
Double-crested Cormorant,4,3,Apr_W3,0.24,775.0
Double-crested Cormorant,4,4,Apr_W4,0.2425,1200.0
Double-crested Cormorant,5,1,May_W1,0.2747489,1394.0
Double-crested Cormorant,5,2,May_W2,0.2791768,4130.0
Double-crested Cormorant,5,3,May_W3,0.3072371,8788.0
Double-crested Cormorant,5,4,May_W4,0.2586155,3337.0
Double-crested Cormorant,6,1,Jun_W1,0.1834197,965.0
Double-crested Cormorant,6,2,Jun_W2,0.1540616,714.0
Double-crested Cormorant,6,3,Jun_W3,0.1314103,624.0
Double-crested Cormorant,6,4,Jun_W4,0.1107955,704.0
Double-crested Cormorant,7,1,Jul_W1,0.0813449,922.0
Double-crested Cormorant,7,2,Jul_W2,0.0832049,649.0
Double-crested Cormorant,7,3,Jul_W3,0.1076067,539.0
Double-crested Cormorant,7,4,Jul_W4,0.1536313,716.0
Double-crested Cormorant,8,1,Aug_W1,0.1848429,541.0
Double-crested Cormorant,8,2,Aug_W2,0.2090517,464.0
Double-crested Cormorant,8,3,Aug_W3,0.2633517,543.0
Double-crested Cormorant,8,4,Aug_W4,0.2950392,766.0
Double-crested Cormorant,9,1,Sep_W1,0.3260188,638.0
Double-crested Cormorant,9,2,Sep_W2,0.309434,530.0
Double-crested Cormorant,9,3,Sep_W3,0.338,500.0
Double-crested Cormorant,9,4,Sep_W4,0.2757475,602.0
Double-crested Cormorant,10,1,Oct_W1,0.2910053,378.0
Double-crested Cormorant,10,2,Oct_W2,0.2804598,435.0
Double-crested Cormorant,10,3,Oct_W3,0.3168831,385.0
Double-crested Cormorant,10,4,Oct_W4,0.2713178,645.0
Double-crested Cormorant,11,1,Nov_W1,0.2096774,434.0
Double-crested Cormorant,11,2,Nov_W2,0.1111111,468.0
Double-crested Cormorant,11,3,Nov_W3,0.0566893,441.0
Double-crested Cormorant,11,4,Nov_W4,0.0416667,600.0
Double-crested Cormorant,12,1,Dec_W1,0.0156951,446.0
Double-crested Cormorant,12,2,Dec_W2,0.0170132,529.0
Double-crested Cormorant,12,3,Dec_W3,0.0,552.0
Double-crested Cormorant,12,4,Dec_W4,0.0028777,695.0
American Bittern,1,1,Jan_W1,0.0,823.0
American Bittern,1,2,Jan_W2,0.0,605.0
American Bittern,1,3,Jan_W3,0.0,523.0
American Bittern,1,4,Jan_W4,0.0,730.0
American Bittern,2,1,Feb_W1,0.0,496.0
American Bittern,2,2,Feb_W2,0.0,822.0
American Bittern,2,3,Feb_W3,0.0,1575.0
American Bittern,2,4,Feb_W4,0.0,612.0
American Bittern,3,1,Mar_W1,0.0,608.0
American Bittern,3,2,Mar_W2,0.0,740.0
American Bittern,3,3,Mar_W3,0.0,665.0
American Bittern,3,4,Mar_W4,0.0,843.0
American Bittern,4,1,Apr_W1,0.0013459,743.0
American Bittern,4,2,Apr_W2,0.0144357,762.0
American Bittern,4,3,Apr_W3,0.0193548,775.0
American Bittern,4,4,Apr_W4,0.0341667,1200.0
American Bittern,5,1,May_W1,0.0444763,1394.0
American Bittern,5,2,May_W2,0.0532688,4130.0
American Bittern,5,3,May_W3,0.0604233,8788.0
American Bittern,5,4,May_W4,0.0446509,3337.0
American Bittern,6,1,Jun_W1,0.0321244,965.0
American Bittern,6,2,Jun_W2,0.0406162,714.0
American Bittern,6,3,Jun_W3,0.0592949,624.0
American Bittern,6,4,Jun_W4,0.0738636,704.0
American Bittern,7,1,Jul_W1,0.0401302,922.0
American Bittern,7,2,Jul_W2,0.046225,649.0
American Bittern,7,3,Jul_W3,0.0445269,539.0
American Bittern,7,4,Jul_W4,0.0391061,716.0
American Bittern,8,1,Aug_W1,0.0425139,541.0
American Bittern,8,2,Aug_W2,0.0387931,464.0
American Bittern,8,3,Aug_W3,0.0368324,543.0
American Bittern,8,4,Aug_W4,0.0365535,766.0
American Bittern,9,1,Sep_W1,0.031348,638.0
American Bittern,9,2,Sep_W2,0.0339623,530.0
American Bittern,9,3,Sep_W3,0.042,500.0
American Bittern,9,4,Sep_W4,0.0315615,602.0
American Bittern,10,1,Oct_W1,0.0132275,378.0
American Bittern,10,2,Oct_W2,0.0045977,435.0
American Bittern,10,3,Oct_W3,0.0,385.0
American Bittern,10,4,Oct_W4,0.0015,645.0
American Bittern,11,1,Nov_W1,0.0,434.0
American Bittern,11,2,Nov_W2,0.0,468.0
American Bittern,11,3,Nov_W3,0.0,441.0
American Bittern,11,4,Nov_W4,0.0,600.0
American Bittern,12,1,Dec_W1,0.0,446.0
American Bittern,12,2,Dec_W2,0.0,529.0
American Bittern,12,3,Dec_W3,0.0,552.0
American Bittern,12,4,Dec_W4,0.0,695.0
Least Bittern,1,1,Jan_W1,0.0,823.0
Least Bittern,1,2,Jan_W2,0.0,605.0
Least Bittern,1,3,Jan_W3,0.0,523.0
Least Bittern,1,4,Jan_W4,0.0,730.0
Least Bittern,2,1,Feb_W1,0.0,496.0
Least Bittern,2,2,Feb_W2,0.0,822.0
Least Bittern,2,3,Feb_W3,0.0,1575.0
Least Bittern,2,4,Feb_W4,0.0,612.0
Least Bittern,3,1,Mar_W1,0.0,608.0
Least Bittern,3,2,Mar_W2,0.0,740.0
Least Bittern,3,3,Mar_W3,0.0,665.0
Least Bittern,3,4,Mar_W4,0.0,843.0
Least Bittern,4,1,Apr_W1,0.0,743.0
Least Bittern,4,2,Apr_W2,0.0,762.0
Least Bittern,4,3,Apr_W3,0.0,775.0
Least Bittern,4,4,Apr_W4,0.0015,1200.0
Least Bittern,5,1,May_W1,0.0021521,1394.0
Least Bittern,5,2,May_W2,0.0053269,4130.0
Least Bittern,5,3,May_W3,0.0093309,8788.0
Least Bittern,5,4,May_W4,0.0140845,3337.0
Least Bittern,6,1,Jun_W1,0.0217617,965.0
Least Bittern,6,2,Jun_W2,0.012605,714.0
Least Bittern,6,3,Jun_W3,0.0128205,624.0
Least Bittern,6,4,Jun_W4,0.0198864,704.0
Least Bittern,7,1,Jul_W1,0.0119306,922.0
Least Bittern,7,2,Jul_W2,0.0061633,649.0
Least Bittern,7,3,Jul_W3,0.012987,539.0
Least Bittern,7,4,Jul_W4,0.0125698,716.0
Least Bittern,8,1,Aug_W1,0.0166359,541.0
Least Bittern,8,2,Aug_W2,0.0086207,464.0
Least Bittern,8,3,Aug_W3,0.0036832,543.0
Least Bittern,8,4,Aug_W4,0.002611,766.0
Least Bittern,9,1,Sep_W1,0.0047022,638.0
Least Bittern,9,2,Sep_W2,0.0,530.0
Least Bittern,9,3,Sep_W3,0.002,500.0
Least Bittern,9,4,Sep_W4,0.0,602.0
Least Bittern,10,1,Oct_W1,0.0,378.0
Least Bittern,10,2,Oct_W2,0.0,435.0
Least Bittern,10,3,Oct_W3,0.0,385.0
Least Bittern,10,4,Oct_W4,0.0,645.0
Least Bittern,11,1,Nov_W1,0.0,434.0
Least Bittern,11,2,Nov_W2,0.0,468.0
Least Bittern,11,3,Nov_W3,0.0,441.0
Least Bittern,11,4,Nov_W4,0.0,600.0
Least Bittern,12,1,Dec_W1,0.0,446.0
Least Bittern,12,2,Dec_W2,0.0,529.0
Least Bittern,12,3,Dec_W3,0.0,552.0
Least Bittern,12,4,Dec_W4,0.0,695.0
Yellow-crowned Night Heron,1,1,Jan_W1,0.0,823.0
Yellow-crowned Night Heron,1,2,Jan_W2,0.0,605.0
Yellow-crowned Night Heron,1,3,Jan_W3,0.0,523.0
Yellow-crowned Night Heron,1,4,Jan_W4,0.0,730.0
Yellow-crowned Night Heron,2,1,Feb_W1,0.0,496.0
Yellow-crowned Night Heron,2,2,Feb_W2,0.0,822.0
Yellow-crowned Night Heron,2,3,Feb_W3,0.0,1575.0
Yellow-crowned Night Heron,2,4,Feb_W4,0.0,612.0
Yellow-crowned Night Heron,3,1,Mar_W1,0.0,608.0
Yellow-crowned Night Heron,3,2,Mar_W2,0.0,740.0
Yellow-crowned Night Heron,3,3,Mar_W3,0.0,665.0
Yellow-crowned Night Heron,3,4,Mar_W4,0.0,843.0
Yellow-crowned Night Heron,4,1,Apr_W1,0.0,743.0
Yellow-crowned Night Heron,4,2,Apr_W2,0.0,762.0
Yellow-crowned Night Heron,4,3,Apr_W3,0.0,775.0
Yellow-crowned Night Heron,4,4,Apr_W4,0.0,1200.0
Yellow-crowned Night Heron,5,1,May_W1,0.0,1394.0
Yellow-crowned Night Heron,5,2,May_W2,0.0,4130.0
Yellow-crowned Night Heron,5,3,May_W3,0.0,8788.0
Yellow-crowned Night Heron,5,4,May_W4,0.0,3337.0
Yellow-crowned Night Heron,6,1,Jun_W1,0.0,965.0
Yellow-crowned Night Heron,6,2,Jun_W2,0.0,714.0
Yellow-crowned Night Heron,6,3,Jun_W3,0.0,624.0
Yellow-crowned Night Heron,6,4,Jun_W4,0.0,704.0
Yellow-crowned Night Heron,7,1,Jul_W1,0.0,922.0
Yellow-crowned Night Heron,7,2,Jul_W2,0.0,649.0
Yellow-crowned Night Heron,7,3,Jul_W3,0.0,539.0
Yellow-crowned Night Heron,7,4,Jul_W4,0.0,716.0
Yellow-crowned Night Heron,8,1,Aug_W1,0.0073937,541.0
Yellow-crowned Night Heron,8,2,Aug_W2,0.0,464.0
Yellow-crowned Night Heron,8,3,Aug_W3,0.0055249,543.0
Yellow-crowned Night Heron,8,4,Aug_W4,0.0013055,766.0
Yellow-crowned Night Heron,9,1,Sep_W1,0.0,638.0
Yellow-crowned Night Heron,9,2,Sep_W2,0.0,530.0
Yellow-crowned Night Heron,9,3,Sep_W3,0.0,500.0
Yellow-crowned Night Heron,9,4,Sep_W4,0.0,602.0
Yellow-crowned Night Heron,10,1,Oct_W1,0.0,378.0
Yellow-crowned Night Heron,10,2,Oct_W2,0.0,435.0
Yellow-crowned Night Heron,10,3,Oct_W3,0.0,385.0
Yellow-crowned Night Heron,10,4,Oct_W4,0.0,645.0
Yellow-crowned Night Heron,11,1,Nov_W1,0.0,434.0
Yellow-crowned Night Heron,11,2,Nov_W2,0.0,468.0
Yellow-crowned Night Heron,11,3,Nov_W3,0.0,441.0
Yellow-crowned Night Heron,11,4,Nov_W4,0.0,600.0
Yellow-crowned Night Heron,12,1,Dec_W1,0.0,446.0
Yellow-crowned Night Heron,12,2,Dec_W2,0.0,529.0
Yellow-crowned Night Heron,12,3,Dec_W3,0.0,552.0
Yellow-crowned Night Heron,12,4,Dec_W4,0.0,695.0
Black-crowned Night Heron,1,1,Jan_W1,0.0,823.0
Black-crowned Night Heron,1,2,Jan_W2,0.0,605.0
Black-crowned Night Heron,1,3,Jan_W3,0.0,523.0
Black-crowned Night Heron,1,4,Jan_W4,0.0,730.0
Black-crowned Night Heron,2,1,Feb_W1,0.0,496.0
Black-crowned Night Heron,2,2,Feb_W2,0.0,822.0
Black-crowned Night Heron,2,3,Feb_W3,0.0,1575.0
Black-crowned Night Heron,2,4,Feb_W4,0.0,612.0
Black-crowned Night Heron,3,1,Mar_W1,0.0,608.0
Black-crowned Night Heron,3,2,Mar_W2,0.0,740.0
Black-crowned Night Heron,3,3,Mar_W3,0.0,665.0
Black-crowned Night Heron,3,4,Mar_W4,0.0,843.0
Black-crowned Night Heron,4,1,Apr_W1,0.0,743.0
Black-crowned Night Heron,4,2,Apr_W2,0.0,762.0
Black-crowned Night Heron,4,3,Apr_W3,0.0012903,775.0
Black-crowned Night Heron,4,4,Apr_W4,0.0025,1200.0
Black-crowned Night Heron,5,1,May_W1,0.007891,1394.0
Black-crowned Night Heron,5,2,May_W2,0.0024213,4130.0
Black-crowned Night Heron,5,3,May_W3,0.0039827,8788.0
Black-crowned Night Heron,5,4,May_W4,0.0038957,3337.0
Black-crowned Night Heron,6,1,Jun_W1,0.0051813,965.0
Black-crowned Night Heron,6,2,Jun_W2,0.0084034,714.0
Black-crowned Night Heron,6,3,Jun_W3,0.0016026,624.0
Black-crowned Night Heron,6,4,Jun_W4,0.0056818,704.0
Black-crowned Night Heron,7,1,Jul_W1,0.0021692,922.0
Black-crowned Night Heron,7,2,Jul_W2,0.0030817,649.0
Black-crowned Night Heron,7,3,Jul_W3,0.0074212,539.0
Black-crowned Night Heron,7,4,Jul_W4,0.0125698,716.0
Black-crowned Night Heron,8,1,Aug_W1,0.0110906,541.0
Black-crowned Night Heron,8,2,Aug_W2,0.0258621,464.0
Black-crowned Night Heron,8,3,Aug_W3,0.0184162,543.0
Black-crowned Night Heron,8,4,Aug_W4,0.0248042,766.0
Black-crowned Night Heron,9,1,Sep_W1,0.0188088,638.0
Black-crowned Night Heron,9,2,Sep_W2,0.0320755,530.0
Black-crowned Night Heron,9,3,Sep_W3,0.012,500.0
Black-crowned Night Heron,9,4,Sep_W4,0.0083056,602.0
Black-crowned Night Heron,10,1,Oct_W1,0.0132275,378.0
Black-crowned Night Heron,10,2,Oct_W2,0.0022989,435.0
Black-crowned Night Heron,10,3,Oct_W3,0.0,385.0
Black-crowned Night Heron,10,4,Oct_W4,0.0015504,645.0
Black-crowned Night Heron,11,1,Nov_W1,0.0,434.0
Black-crowned Night Heron,11,2,Nov_W2,0.0,468.0
Black-crowned Night Heron,11,3,Nov_W3,0.0,441.0
Black-crowned Night Heron,11,4,Nov_W4,0.0,600.0
Black-crowned Night Heron,12,1,Dec_W1,0.0,446.0
Black-crowned Night Heron,12,2,Dec_W2,0.0,529.0
Black-crowned Night Heron,12,3,Dec_W3,0.0,552.0
Black-crowned Night Heron,12,4,Dec_W4,0.0,695.0
Tricolored Heron,1,1,Jan_W1,0.0,823.0
Tricolored Heron,1,2,Jan_W2,0.0,605.0
Tricolored Heron,1,3,Jan_W3,0.0,523.0
Tricolored Heron,1,4,Jan_W4,0.0,730.0
Tricolored Heron,2,1,Feb_W1,0.0,496.0
Tricolored Heron,2,2,Feb_W2,0.0,822.0
Tricolored Heron,2,3,Feb_W3,0.0,1575.0
Tricolored Heron,2,4,Feb_W4,0.0,612.0
Tricolored Heron,3,1,Mar_W1,0.0,608.0
Tricolored Heron,3,2,Mar_W2,0.0,740.0
Tricolored Heron,3,3,Mar_W3,0.0,665.0
Tricolored Heron,3,4,Mar_W4,0.0,843.0
Tricolored Heron,4,1,Apr_W1,0.0,743.0
Tricolored Heron,4,2,Apr_W2,0.0,762.0
Tricolored Heron,4,3,Apr_W3,0.0,775.0
Tricolored Heron,4,4,Apr_W4,0.0,1200.0
Tricolored Heron,5,1,May_W1,0.0,1394.0
Tricolored Heron,5,2,May_W2,0.0,4130.0
Tricolored Heron,5,3,May_W3,0.0001138,8788.0
Tricolored Heron,5,4,May_W4,0.0002997,3337.0
Tricolored Heron,6,1,Jun_W1,0.0,965.0
Tricolored Heron,6,2,Jun_W2,0.0,714.0
Tricolored Heron,6,3,Jun_W3,0.0016026,624.0
Tricolored Heron,6,4,Jun_W4,0.0028409,704.0
Tricolored Heron,7,1,Jul_W1,0.0032538,922.0
Tricolored Heron,7,2,Jul_W2,0.0107858,649.0
Tricolored Heron,7,3,Jul_W3,0.0,539.0
Tricolored Heron,7,4,Jul_W4,0.0,716.0
Tricolored Heron,8,1,Aug_W1,0.0,541.0
Tricolored Heron,8,2,Aug_W2,0.0,464.0
Tricolored Heron,8,3,Aug_W3,0.0,543.0
Tricolored Heron,8,4,Aug_W4,0.0,766.0
Tricolored Heron,9,1,Sep_W1,0.0,638.0
Tricolored Heron,9,2,Sep_W2,0.0,530.0
Tricolored Heron,9,3,Sep_W3,0.0,500.0
Tricolored Heron,9,4,Sep_W4,0.0,602.0
Tricolored Heron,10,1,Oct_W1,0.0,378.0
Tricolored Heron,10,2,Oct_W2,0.0,435.0
Tricolored Heron,10,3,Oct_W3,0.0,385.0
Tricolored Heron,10,4,Oct_W4,0.0,645.0
Tricolored Heron,11,1,Nov_W1,0.0,434.0
Tricolored Heron,11,2,Nov_W2,0.0,468.0
Tricolored Heron,11,3,Nov_W3,0.0,441.0
Tricolored Heron,11,4,Nov_W4,0.0,600.0
Tricolored Heron,12,1,Dec_W1,0.0,446.0
Tricolored Heron,12,2,Dec_W2,0.0,529.0
Tricolored Heron,12,3,Dec_W3,0.0,552.0
Tricolored Heron,12,4,Dec_W4,0.0,695.0
Snowy Egret,1,1,Jan_W1,0.0,823.0
Snowy Egret,1,2,Jan_W2,0.0,605.0
Snowy Egret,1,3,Jan_W3,0.0,523.0
Snowy Egret,1,4,Jan_W4,0.0,730.0
Snowy Egret,2,1,Feb_W1,0.0,496.0
Snowy Egret,2,2,Feb_W2,0.0,822.0
Snowy Egret,2,3,Feb_W3,0.0,1575.0
Snowy Egret,2,4,Feb_W4,0.0,612.0
Snowy Egret,3,1,Mar_W1,0.0,608.0
Snowy Egret,3,2,Mar_W2,0.0,740.0
Snowy Egret,3,3,Mar_W3,0.0,665.0
Snowy Egret,3,4,Mar_W4,0.0,843.0
Snowy Egret,4,1,Apr_W1,0.0,743.0
Snowy Egret,4,2,Apr_W2,0.0,762.0
Snowy Egret,4,3,Apr_W3,0.0,775.0
Snowy Egret,4,4,Apr_W4,0.0,1200.0
Snowy Egret,5,1,May_W1,0.0,1394.0
Snowy Egret,5,2,May_W2,0.0,4130.0
Snowy Egret,5,3,May_W3,0.0,8788.0
Snowy Egret,5,4,May_W4,0.0,3337.0
Snowy Egret,6,1,Jun_W1,0.0,965.0
Snowy Egret,6,2,Jun_W2,0.0,714.0
Snowy Egret,6,3,Jun_W3,0.0016026,624.0
Snowy Egret,6,4,Jun_W4,0.0,704.0
Snowy Egret,7,1,Jul_W1,0.0,922.0
Snowy Egret,7,2,Jul_W2,0.0,649.0
Snowy Egret,7,3,Jul_W3,0.0,539.0
Snowy Egret,7,4,Jul_W4,0.0,716.0
Snowy Egret,8,1,Aug_W1,0.0,541.0
Snowy Egret,8,2,Aug_W2,0.0,464.0
Snowy Egret,8,3,Aug_W3,0.0,543.0
Snowy Egret,8,4,Aug_W4,0.0,766.0
Snowy Egret,9,1,Sep_W1,0.0,638.0
Snowy Egret,9,2,Sep_W2,0.0,530.0
Snowy Egret,9,3,Sep_W3,0.0,500.0
Snowy Egret,9,4,Sep_W4,0.0,602.0
Snowy Egret,10,1,Oct_W1,0.0,378.0
Snowy Egret,10,2,Oct_W2,0.0,435.0
Snowy Egret,10,3,Oct_W3,0.0,385.0
Snowy Egret,10,4,Oct_W4,0.0,645.0
Snowy Egret,11,1,Nov_W1,0.0,434.0
Snowy Egret,11,2,Nov_W2,0.0,468.0
Snowy Egret,11,3,Nov_W3,0.0,441.0
Snowy Egret,11,4,Nov_W4,0.0,600.0
Snowy Egret,12,1,Dec_W1,0.0,446.0
Snowy Egret,12,2,Dec_W2,0.0,529.0
Snowy Egret,12,3,Dec_W3,0.0,552.0
Snowy Egret,12,4,Dec_W4,0.0,695.0
Green Heron,1,1,Jan_W1,0.0,823.0
Green Heron,1,2,Jan_W2,0.0,605.0
Green Heron,1,3,Jan_W3,0.0,523.0
Green Heron,1,4,Jan_W4,0.0,730.0
Green Heron,2,1,Feb_W1,0.0,496.0
Green Heron,2,2,Feb_W2,0.0,822.0
Green Heron,2,3,Feb_W3,0.0,1575.0
Green Heron,2,4,Feb_W4,0.0,612.0
Green Heron,3,1,Mar_W1,0.0,608.0
Green Heron,3,2,Mar_W2,0.0,740.0
Green Heron,3,3,Mar_W3,0.0,665.0
Green Heron,3,4,Mar_W4,0.0,843.0
Green Heron,4,1,Apr_W1,0.0,743.0
Green Heron,4,2,Apr_W2,0.0,762.0
Green Heron,4,3,Apr_W3,0.0012903,775.0
Green Heron,4,4,Apr_W4,0.0091667,1200.0
Green Heron,5,1,May_W1,0.0444763,1394.0
Green Heron,5,2,May_W2,0.1358354,4130.0
Green Heron,5,3,May_W3,0.152822,8788.0
Green Heron,5,4,May_W4,0.1657177,3337.0
Green Heron,6,1,Jun_W1,0.1305699,965.0
Green Heron,6,2,Jun_W2,0.1526611,714.0
Green Heron,6,3,Jun_W3,0.1410256,624.0
Green Heron,6,4,Jun_W4,0.1420455,704.0
Green Heron,7,1,Jul_W1,0.1171367,922.0
Green Heron,7,2,Jul_W2,0.1432974,649.0
Green Heron,7,3,Jul_W3,0.1558442,539.0
Green Heron,7,4,Jul_W4,0.2011173,716.0
Green Heron,8,1,Aug_W1,0.207024,541.0
Green Heron,8,2,Aug_W2,0.174569,464.0
Green Heron,8,3,Aug_W3,0.1675875,543.0
Green Heron,8,4,Aug_W4,0.2088773,766.0
Green Heron,9,1,Sep_W1,0.169279,638.0
Green Heron,9,2,Sep_W2,0.1150943,530.0
Green Heron,9,3,Sep_W3,0.096,500.0
Green Heron,9,4,Sep_W4,0.0498339,602.0
Green Heron,10,1,Oct_W1,0.0185185,378.0
Green Heron,10,2,Oct_W2,0.0114943,435.0
Green Heron,10,3,Oct_W3,0.0025974,385.0
Green Heron,10,4,Oct_W4,0.0,645.0
Green Heron,11,1,Nov_W1,0.0,434.0
Green Heron,11,2,Nov_W2,0.0,468.0
Green Heron,11,3,Nov_W3,0.0,441.0
Green Heron,11,4,Nov_W4,0.0,600.0
Green Heron,12,1,Dec_W1,0.0,446.0
Green Heron,12,2,Dec_W2,0.0,529.0
Green Heron,12,3,Dec_W3,0.0,552.0
Green Heron,12,4,Dec_W4,0.0,695.0
Western Cattle-Egret,1,1,Jan_W1,0.0,823.0
Western Cattle-Egret,1,2,Jan_W2,0.0,605.0
Western Cattle-Egret,1,3,Jan_W3,0.0,523.0
Western Cattle-Egret,1,4,Jan_W4,0.0,730.0
Western Cattle-Egret,2,1,Feb_W1,0.0,496.0
Western Cattle-Egret,2,2,Feb_W2,0.0,822.0
Western Cattle-Egret,2,3,Feb_W3,0.0,1575.0
Western Cattle-Egret,2,4,Feb_W4,0.0,612.0
Western Cattle-Egret,3,1,Mar_W1,0.0,608.0
Western Cattle-Egret,3,2,Mar_W2,0.0,740.0
Western Cattle-Egret,3,3,Mar_W3,0.0,665.0
Western Cattle-Egret,3,4,Mar_W4,0.0,843.0
Western Cattle-Egret,4,1,Apr_W1,0.0,743.0
Western Cattle-Egret,4,2,Apr_W2,0.0,762.0
Western Cattle-Egret,4,3,Apr_W3,0.0,775.0
Western Cattle-Egret,4,4,Apr_W4,0.0,1200.0
Western Cattle-Egret,5,1,May_W1,0.0,1394.0
Western Cattle-Egret,5,2,May_W2,0.0,4130.0
Western Cattle-Egret,5,3,May_W3,0.0,8788.0
Western Cattle-Egret,5,4,May_W4,0.0,3337.0
Western Cattle-Egret,6,1,Jun_W1,0.0,965.0
Western Cattle-Egret,6,2,Jun_W2,0.0,714.0
Western Cattle-Egret,6,3,Jun_W3,0.0,624.0
Western Cattle-Egret,6,4,Jun_W4,0.0,704.0
Western Cattle-Egret,7,1,Jul_W1,0.0,922.0
Western Cattle-Egret,7,2,Jul_W2,0.0,649.0
Western Cattle-Egret,7,3,Jul_W3,0.0,539.0
Western Cattle-Egret,7,4,Jul_W4,0.0,716.0
Western Cattle-Egret,8,1,Aug_W1,0.0,541.0
Western Cattle-Egret,8,2,Aug_W2,0.0,464.0
Western Cattle-Egret,8,3,Aug_W3,0.0,543.0
Western Cattle-Egret,8,4,Aug_W4,0.0,766.0
Western Cattle-Egret,9,1,Sep_W1,0.0,638.0
Western Cattle-Egret,9,2,Sep_W2,0.0,530.0
Western Cattle-Egret,9,3,Sep_W3,0.0,500.0
Western Cattle-Egret,9,4,Sep_W4,0.0,602.0
Western Cattle-Egret,10,1,Oct_W1,0.0,378.0
Western Cattle-Egret,10,2,Oct_W2,0.0045977,435.0
Western Cattle-Egret,10,3,Oct_W3,0.0,385.0
Western Cattle-Egret,10,4,Oct_W4,0.0,645.0
Western Cattle-Egret,11,1,Nov_W1,0.0,434.0
Western Cattle-Egret,11,2,Nov_W2,0.0,468.0
Western Cattle-Egret,11,3,Nov_W3,0.0,441.0
Western Cattle-Egret,11,4,Nov_W4,0.0,600.0
Western Cattle-Egret,12,1,Dec_W1,0.0,446.0
Western Cattle-Egret,12,2,Dec_W2,0.0,529.0
Western Cattle-Egret,12,3,Dec_W3,0.0,552.0
Western Cattle-Egret,12,4,Dec_W4,0.0,695.0
Great Egret,1,1,Jan_W1,0.0015,823.0
Great Egret,1,2,Jan_W2,0.0,605.0
Great Egret,1,3,Jan_W3,0.0,523.0
Great Egret,1,4,Jan_W4,0.0,730.0
Great Egret,2,1,Feb_W1,0.0,496.0
Great Egret,2,2,Feb_W2,0.0,822.0
Great Egret,2,3,Feb_W3,0.0,1575.0
Great Egret,2,4,Feb_W4,0.0,612.0
Great Egret,3,1,Mar_W1,0.0,608.0
Great Egret,3,2,Mar_W2,0.0,740.0
Great Egret,3,3,Mar_W3,0.0,665.0
Great Egret,3,4,Mar_W4,0.0011862,843.0
Great Egret,4,1,Apr_W1,0.0282638,743.0
Great Egret,4,2,Apr_W2,0.0262467,762.0
Great Egret,4,3,Apr_W3,0.0503226,775.0
Great Egret,4,4,Apr_W4,0.085,1200.0
Great Egret,5,1,May_W1,0.1176471,1394.0
Great Egret,5,2,May_W2,0.1254237,4130.0
Great Egret,5,3,May_W3,0.1114019,8788.0
Great Egret,5,4,May_W4,0.1423434,3337.0
Great Egret,6,1,Jun_W1,0.1098446,965.0
Great Egret,6,2,Jun_W2,0.0826331,714.0
Great Egret,6,3,Jun_W3,0.0705128,624.0
Great Egret,6,4,Jun_W4,0.1136364,704.0
Great Egret,7,1,Jul_W1,0.0824295,922.0
Great Egret,7,2,Jul_W2,0.1417565,649.0
Great Egret,7,3,Jul_W3,0.1391466,539.0
Great Egret,7,4,Jul_W4,0.1689944,716.0
Great Egret,8,1,Aug_W1,0.2218115,541.0
Great Egret,8,2,Aug_W2,0.1918103,464.0
Great Egret,8,3,Aug_W3,0.213628,543.0
Great Egret,8,4,Aug_W4,0.2480418,766.0
Great Egret,9,1,Sep_W1,0.2711599,638.0
Great Egret,9,2,Sep_W2,0.2698113,530.0
Great Egret,9,3,Sep_W3,0.258,500.0
Great Egret,9,4,Sep_W4,0.230897,602.0
Great Egret,10,1,Oct_W1,0.1375661,378.0
Great Egret,10,2,Oct_W2,0.0988506,435.0
Great Egret,10,3,Oct_W3,0.0623377,385.0
Great Egret,10,4,Oct_W4,0.0170543,645.0
Great Egret,11,1,Nov_W1,0.016129,434.0
Great Egret,11,2,Nov_W2,0.0042735,468.0
Great Egret,11,3,Nov_W3,0.0022676,441.0
Great Egret,11,4,Nov_W4,0.0,600.0
Great Egret,12,1,Dec_W1,0.0,446.0
Great Egret,12,2,Dec_W2,0.0,529.0
Great Egret,12,3,Dec_W3,0.0018116,552.0
Great Egret,12,4,Dec_W4,0.0,695.0
Great Blue Heron,1,1,Jan_W1,0.0048603,823.0
Great Blue Heron,1,2,Jan_W2,0.0066116,605.0
Great Blue Heron,1,3,Jan_W3,0.0057361,523.0
Great Blue Heron,1,4,Jan_W4,0.0013699,730.0
Great Blue Heron,2,1,Feb_W1,0.0040323,496.0
Great Blue Heron,2,2,Feb_W2,0.0012165,822.0
Great Blue Heron,2,3,Feb_W3,0.0012698,1575.0
Great Blue Heron,2,4,Feb_W4,0.001634,612.0
Great Blue Heron,3,1,Mar_W1,0.0049342,608.0
Great Blue Heron,3,2,Mar_W2,0.0027027,740.0
Great Blue Heron,3,3,Mar_W3,0.006015,665.0
Great Blue Heron,3,4,Mar_W4,0.0225386,843.0
Great Blue Heron,4,1,Apr_W1,0.0430686,743.0
Great Blue Heron,4,2,Apr_W2,0.0498688,762.0
Great Blue Heron,4,3,Apr_W3,0.0851613,775.0
Great Blue Heron,4,4,Apr_W4,0.0808333,1200.0
Great Blue Heron,5,1,May_W1,0.0868006,1394.0
Great Blue Heron,5,2,May_W2,0.0983051,4130.0
Great Blue Heron,5,3,May_W3,0.1011607,8788.0
Great Blue Heron,5,4,May_W4,0.0973929,3337.0
Great Blue Heron,6,1,Jun_W1,0.1119171,965.0
Great Blue Heron,6,2,Jun_W2,0.1148459,714.0
Great Blue Heron,6,3,Jun_W3,0.0849359,624.0
Great Blue Heron,6,4,Jun_W4,0.1164773,704.0
Great Blue Heron,7,1,Jul_W1,0.0997831,922.0
Great Blue Heron,7,2,Jul_W2,0.1910632,649.0
Great Blue Heron,7,3,Jul_W3,0.2523191,539.0
Great Blue Heron,7,4,Jul_W4,0.372905,716.0
Great Blue Heron,8,1,Aug_W1,0.3530499,541.0
Great Blue Heron,8,2,Aug_W2,0.3577586,464.0
Great Blue Heron,8,3,Aug_W3,0.3554328,543.0
Great Blue Heron,8,4,Aug_W4,0.3903394,766.0
Great Blue Heron,9,1,Sep_W1,0.4090909,638.0
Great Blue Heron,9,2,Sep_W2,0.3924528,530.0
Great Blue Heron,9,3,Sep_W3,0.378,500.0
Great Blue Heron,9,4,Sep_W4,0.3770764,602.0
Great Blue Heron,10,1,Oct_W1,0.2804233,378.0
Great Blue Heron,10,2,Oct_W2,0.2712644,435.0
Great Blue Heron,10,3,Oct_W3,0.2441558,385.0
Great Blue Heron,10,4,Oct_W4,0.179845,645.0
Great Blue Heron,11,1,Nov_W1,0.1451613,434.0
Great Blue Heron,11,2,Nov_W2,0.1132479,468.0
Great Blue Heron,11,3,Nov_W3,0.0680272,441.0
Great Blue Heron,11,4,Nov_W4,0.0333333,600.0
Great Blue Heron,12,1,Dec_W1,0.0224215,446.0
Great Blue Heron,12,2,Dec_W2,0.0132325,529.0
Great Blue Heron,12,3,Dec_W3,0.0344203,552.0
Great Blue Heron,12,4,Dec_W4,0.0100719,695.0
American White Pelican,1,1,Jan_W1,0.0,823.0
American White Pelican,1,2,Jan_W2,0.0,605.0
American White Pelican,1,3,Jan_W3,0.0,523.0
American White Pelican,1,4,Jan_W4,0.0,730.0
American White Pelican,2,1,Feb_W1,0.0,496.0
American White Pelican,2,2,Feb_W2,0.0,822.0
American White Pelican,2,3,Feb_W3,0.0,1575.0
American White Pelican,2,4,Feb_W4,0.0,612.0
American White Pelican,3,1,Mar_W1,0.0,608.0
American White Pelican,3,2,Mar_W2,0.0,740.0
American White Pelican,3,3,Mar_W3,0.0,665.0
American White Pelican,3,4,Mar_W4,0.0,843.0
American White Pelican,4,1,Apr_W1,0.0,743.0
American White Pelican,4,2,Apr_W2,0.0013123,762.0
American White Pelican,4,3,Apr_W3,0.0012903,775.0
American White Pelican,4,4,Apr_W4,0.0075,1200.0
American White Pelican,5,1,May_W1,0.0050215,1394.0
American White Pelican,5,2,May_W2,0.0062954,4130.0
American White Pelican,5,3,May_W3,0.0065999,8788.0
American White Pelican,5,4,May_W4,0.0044951,3337.0
American White Pelican,6,1,Jun_W1,0.0031088,965.0
American White Pelican,6,2,Jun_W2,0.0028011,714.0
American White Pelican,6,3,Jun_W3,0.0016026,624.0
American White Pelican,6,4,Jun_W4,0.0056818,704.0
American White Pelican,7,1,Jul_W1,0.0075922,922.0
American White Pelican,7,2,Jul_W2,0.009245,649.0
American White Pelican,7,3,Jul_W3,0.0037106,539.0
American White Pelican,7,4,Jul_W4,0.0041899,716.0
American White Pelican,8,1,Aug_W1,0.0018484,541.0
American White Pelican,8,2,Aug_W2,0.0015,464.0
American White Pelican,8,3,Aug_W3,0.0018416,543.0
American White Pelican,8,4,Aug_W4,0.0,766.0
American White Pelican,9,1,Sep_W1,0.0,638.0
American White Pelican,9,2,Sep_W2,0.0,530.0
American White Pelican,9,3,Sep_W3,0.0,500.0
American White Pelican,9,4,Sep_W4,0.0015,602.0
American White Pelican,10,1,Oct_W1,0.0,378.0
American White Pelican,10,2,Oct_W2,0.0,435.0
American White Pelican,10,3,Oct_W3,0.0,385.0
American White Pelican,10,4,Oct_W4,0.0,645.0
American White Pelican,11,1,Nov_W1,0.0,434.0
American White Pelican,11,2,Nov_W2,0.0,468.0
American White Pelican,11,3,Nov_W3,0.0,441.0
American White Pelican,11,4,Nov_W4,0.0,600.0
American White Pelican,12,1,Dec_W1,0.0,446.0
American White Pelican,12,2,Dec_W2,0.0,529.0
American White Pelican,12,3,Dec_W3,0.0,552.0
American White Pelican,12,4,Dec_W4,0.0,695.0
Black Vulture,1,1,Jan_W1,0.0,823.0
Black Vulture,1,2,Jan_W2,0.0,605.0
Black Vulture,1,3,Jan_W3,0.0,523.0
Black Vulture,1,4,Jan_W4,0.0,730.0
Black Vulture,2,1,Feb_W1,0.0,496.0
Black Vulture,2,2,Feb_W2,0.0,822.0
Black Vulture,2,3,Feb_W3,0.0,1575.0
Black Vulture,2,4,Feb_W4,0.0,612.0
Black Vulture,3,1,Mar_W1,0.0,608.0
Black Vulture,3,2,Mar_W2,0.0,740.0
Black Vulture,3,3,Mar_W3,0.0,665.0
Black Vulture,3,4,Mar_W4,0.0,843.0
Black Vulture,4,1,Apr_W1,0.0,743.0
Black Vulture,4,2,Apr_W2,0.0,762.0
Black Vulture,4,3,Apr_W3,0.0,775.0
Black Vulture,4,4,Apr_W4,0.0,1200.0
Black Vulture,5,1,May_W1,0.0,1394.0
Black Vulture,5,2,May_W2,0.0002421,4130.0
Black Vulture,5,3,May_W3,0.0,8788.0
Black Vulture,5,4,May_W4,0.0,3337.0
Black Vulture,6,1,Jun_W1,0.0,965.0
Black Vulture,6,2,Jun_W2,0.0,714.0
Black Vulture,6,3,Jun_W3,0.0,624.0
Black Vulture,6,4,Jun_W4,0.0,704.0
Black Vulture,7,1,Jul_W1,0.0,922.0
Black Vulture,7,2,Jul_W2,0.0,649.0
Black Vulture,7,3,Jul_W3,0.0,539.0
Black Vulture,7,4,Jul_W4,0.0,716.0
Black Vulture,8,1,Aug_W1,0.0,541.0
Black Vulture,8,2,Aug_W2,0.0,464.0
Black Vulture,8,3,Aug_W3,0.0,543.0
Black Vulture,8,4,Aug_W4,0.0,766.0
Black Vulture,9,1,Sep_W1,0.0,638.0
Black Vulture,9,2,Sep_W2,0.0,530.0
Black Vulture,9,3,Sep_W3,0.0,500.0
Black Vulture,9,4,Sep_W4,0.0,602.0
Black Vulture,10,1,Oct_W1,0.0,378.0
Black Vulture,10,2,Oct_W2,0.0,435.0
Black Vulture,10,3,Oct_W3,0.0,385.0
Black Vulture,10,4,Oct_W4,0.0,645.0
Black Vulture,11,1,Nov_W1,0.0,434.0
Black Vulture,11,2,Nov_W2,0.0,468.0
Black Vulture,11,3,Nov_W3,0.0,441.0
Black Vulture,11,4,Nov_W4,0.0,600.0
Black Vulture,12,1,Dec_W1,0.0,446.0
Black Vulture,12,2,Dec_W2,0.0,529.0
Black Vulture,12,3,Dec_W3,0.0,552.0
Black Vulture,12,4,Dec_W4,0.0,695.0
Turkey Vulture,1,1,Jan_W1,0.0,823.0
Turkey Vulture,1,2,Jan_W2,0.0,605.0
Turkey Vulture,1,3,Jan_W3,0.0,523.0
Turkey Vulture,1,4,Jan_W4,0.0,730.0
Turkey Vulture,2,1,Feb_W1,0.0,496.0
Turkey Vulture,2,2,Feb_W2,0.0024331,822.0
Turkey Vulture,2,3,Feb_W3,0.0006349,1575.0
Turkey Vulture,2,4,Feb_W4,0.0,612.0
Turkey Vulture,3,1,Mar_W1,0.0,608.0
Turkey Vulture,3,2,Mar_W2,0.0337838,740.0
Turkey Vulture,3,3,Mar_W3,0.0766917,665.0
Turkey Vulture,3,4,Mar_W4,0.1708185,843.0
Turkey Vulture,4,1,Apr_W1,0.2207268,743.0
Turkey Vulture,4,2,Apr_W2,0.2480315,762.0
Turkey Vulture,4,3,Apr_W3,0.2812903,775.0
Turkey Vulture,4,4,Apr_W4,0.3058333,1200.0
Turkey Vulture,5,1,May_W1,0.3192253,1394.0
Turkey Vulture,5,2,May_W2,0.2900726,4130.0
Turkey Vulture,5,3,May_W3,0.2750341,8788.0
Turkey Vulture,5,4,May_W4,0.2496254,3337.0
Turkey Vulture,6,1,Jun_W1,0.265285,965.0
Turkey Vulture,6,2,Jun_W2,0.245098,714.0
Turkey Vulture,6,3,Jun_W3,0.2419872,624.0
Turkey Vulture,6,4,Jun_W4,0.2485795,704.0
Turkey Vulture,7,1,Jul_W1,0.2451193,922.0
Turkey Vulture,7,2,Jul_W2,0.211094,649.0
Turkey Vulture,7,3,Jul_W3,0.2022263,539.0
Turkey Vulture,7,4,Jul_W4,0.226257,716.0
Turkey Vulture,8,1,Aug_W1,0.1571165,541.0
Turkey Vulture,8,2,Aug_W2,0.1853448,464.0
Turkey Vulture,8,3,Aug_W3,0.2117864,543.0
Turkey Vulture,8,4,Aug_W4,0.2075718,766.0
Turkey Vulture,9,1,Sep_W1,0.299373,638.0
Turkey Vulture,9,2,Sep_W2,0.2207547,530.0
Turkey Vulture,9,3,Sep_W3,0.22,500.0
Turkey Vulture,9,4,Sep_W4,0.2591362,602.0
Turkey Vulture,10,1,Oct_W1,0.2380952,378.0
Turkey Vulture,10,2,Oct_W2,0.2436782,435.0
Turkey Vulture,10,3,Oct_W3,0.1402597,385.0
Turkey Vulture,10,4,Oct_W4,0.0573643,645.0
Turkey Vulture,11,1,Nov_W1,0.0092166,434.0
Turkey Vulture,11,2,Nov_W2,0.008547,468.0
Turkey Vulture,11,3,Nov_W3,0.0022676,441.0
Turkey Vulture,11,4,Nov_W4,0.0,600.0
Turkey Vulture,12,1,Dec_W1,0.0,446.0
Turkey Vulture,12,2,Dec_W2,0.0,529.0
Turkey Vulture,12,3,Dec_W3,0.0,552.0
Turkey Vulture,12,4,Dec_W4,0.0014388,695.0
Osprey,1,1,Jan_W1,0.0,823.0
Osprey,1,2,Jan_W2,0.0,605.0
Osprey,1,3,Jan_W3,0.0,523.0
Osprey,1,4,Jan_W4,0.0,730.0
Osprey,2,1,Feb_W1,0.0,496.0
Osprey,2,2,Feb_W2,0.0,822.0
Osprey,2,3,Feb_W3,0.0,1575.0
Osprey,2,4,Feb_W4,0.0,612.0
Osprey,3,1,Mar_W1,0.0,608.0
Osprey,3,2,Mar_W2,0.0,740.0
Osprey,3,3,Mar_W3,0.0,665.0
Osprey,3,4,Mar_W4,0.0035587,843.0
Osprey,4,1,Apr_W1,0.0282638,743.0
Osprey,4,2,Apr_W2,0.0603675,762.0
Osprey,4,3,Apr_W3,0.0735484,775.0
Osprey,4,4,Apr_W4,0.0883333,1200.0
Osprey,5,1,May_W1,0.0911047,1394.0
Osprey,5,2,May_W2,0.0709443,4130.0
Osprey,5,3,May_W3,0.0805644,8788.0
Osprey,5,4,May_W4,0.079113,3337.0
Osprey,6,1,Jun_W1,0.0663212,965.0
Osprey,6,2,Jun_W2,0.0812325,714.0
Osprey,6,3,Jun_W3,0.0801282,624.0
Osprey,6,4,Jun_W4,0.0809659,704.0
Osprey,7,1,Jul_W1,0.0639913,922.0
Osprey,7,2,Jul_W2,0.0708783,649.0
Osprey,7,3,Jul_W3,0.0630798,539.0
Osprey,7,4,Jul_W4,0.0935754,716.0
Osprey,8,1,Aug_W1,0.0961183,541.0
Osprey,8,2,Aug_W2,0.0797414,464.0
Osprey,8,3,Aug_W3,0.0883978,543.0
Osprey,8,4,Aug_W4,0.0665796,766.0
Osprey,9,1,Sep_W1,0.0454545,638.0
Osprey,9,2,Sep_W2,0.0301887,530.0
Osprey,9,3,Sep_W3,0.016,500.0
Osprey,9,4,Sep_W4,0.0332226,602.0
Osprey,10,1,Oct_W1,0.015873,378.0
Osprey,10,2,Oct_W2,0.0091954,435.0
Osprey,10,3,Oct_W3,0.0025974,385.0
Osprey,10,4,Oct_W4,0.0046512,645.0
Osprey,11,1,Nov_W1,0.0023041,434.0
Osprey,11,2,Nov_W2,0.0,468.0
Osprey,11,3,Nov_W3,0.0,441.0
Osprey,11,4,Nov_W4,0.0,600.0
Osprey,12,1,Dec_W1,0.0,446.0
Osprey,12,2,Dec_W2,0.0,529.0
Osprey,12,3,Dec_W3,0.0,552.0
Osprey,12,4,Dec_W4,0.0,695.0
Golden Eagle,1,1,Jan_W1,0.0,823.0
Golden Eagle,1,2,Jan_W2,0.0,605.0
Golden Eagle,1,3,Jan_W3,0.0,523.0
Golden Eagle,1,4,Jan_W4,0.0,730.0
Golden Eagle,2,1,Feb_W1,0.0020161,496.0
Golden Eagle,2,2,Feb_W2,0.0,822.0
Golden Eagle,2,3,Feb_W3,0.0006349,1575.0
Golden Eagle,2,4,Feb_W4,0.004902,612.0
Golden Eagle,3,1,Mar_W1,0.0,608.0
Golden Eagle,3,2,Mar_W2,0.0013514,740.0
Golden Eagle,3,3,Mar_W3,0.0045113,665.0
Golden Eagle,3,4,Mar_W4,0.004745,843.0
Golden Eagle,4,1,Apr_W1,0.0026918,743.0
Golden Eagle,4,2,Apr_W2,0.003937,762.0
Golden Eagle,4,3,Apr_W3,0.003871,775.0
Golden Eagle,4,4,Apr_W4,0.0016667,1200.0
Golden Eagle,5,1,May_W1,0.0014347,1394.0
Golden Eagle,5,2,May_W2,0.0,4130.0
Golden Eagle,5,3,May_W3,0.000569,8788.0
Golden Eagle,5,4,May_W4,0.0,3337.0
Golden Eagle,6,1,Jun_W1,0.0,965.0
Golden Eagle,6,2,Jun_W2,0.0,714.0
Golden Eagle,6,3,Jun_W3,0.0,624.0
Golden Eagle,6,4,Jun_W4,0.0,704.0
Golden Eagle,7,1,Jul_W1,0.0,922.0
Golden Eagle,7,2,Jul_W2,0.0,649.0
Golden Eagle,7,3,Jul_W3,0.0,539.0
Golden Eagle,7,4,Jul_W4,0.0,716.0
Golden Eagle,8,1,Aug_W1,0.0,541.0
Golden Eagle,8,2,Aug_W2,0.0,464.0
Golden Eagle,8,3,Aug_W3,0.0,543.0
Golden Eagle,8,4,Aug_W4,0.0,766.0
Golden Eagle,9,1,Sep_W1,0.0,638.0
Golden Eagle,9,2,Sep_W2,0.0,530.0
Golden Eagle,9,3,Sep_W3,0.0,500.0
Golden Eagle,9,4,Sep_W4,0.0,602.0
Golden Eagle,10,1,Oct_W1,0.0,378.0
Golden Eagle,10,2,Oct_W2,0.0,435.0
Golden Eagle,10,3,Oct_W3,0.0,385.0
Golden Eagle,10,4,Oct_W4,0.0,645.0
Golden Eagle,11,1,Nov_W1,0.0,434.0
Golden Eagle,11,2,Nov_W2,0.0,468.0
Golden Eagle,11,3,Nov_W3,0.0,441.0
Golden Eagle,11,4,Nov_W4,0.0,600.0
Golden Eagle,12,1,Dec_W1,0.0015,446.0
Golden Eagle,12,2,Dec_W2,0.0,529.0
Golden Eagle,12,3,Dec_W3,0.0036232,552.0
Golden Eagle,12,4,Dec_W4,0.0,695.0
Sharp-shinned Hawk,1,1,Jan_W1,0.0024301,823.0
Sharp-shinned Hawk,1,2,Jan_W2,0.0049587,605.0
Sharp-shinned Hawk,1,3,Jan_W3,0.0038241,523.0
Sharp-shinned Hawk,1,4,Jan_W4,0.0082192,730.0
Sharp-shinned Hawk,2,1,Feb_W1,0.0100806,496.0
Sharp-shinned Hawk,2,2,Feb_W2,0.0048662,822.0
Sharp-shinned Hawk,2,3,Feb_W3,0.0019048,1575.0
Sharp-shinned Hawk,2,4,Feb_W4,0.0098039,612.0
Sharp-shinned Hawk,3,1,Mar_W1,0.0015,608.0
Sharp-shinned Hawk,3,2,Mar_W2,0.0121622,740.0
Sharp-shinned Hawk,3,3,Mar_W3,0.0120301,665.0
Sharp-shinned Hawk,3,4,Mar_W4,0.0177936,843.0
Sharp-shinned Hawk,4,1,Apr_W1,0.0188425,743.0
Sharp-shinned Hawk,4,2,Apr_W2,0.0498688,762.0
Sharp-shinned Hawk,4,3,Apr_W3,0.0632258,775.0
Sharp-shinned Hawk,4,4,Apr_W4,0.0691667,1200.0
Sharp-shinned Hawk,5,1,May_W1,0.0932568,1394.0
Sharp-shinned Hawk,5,2,May_W2,0.0631961,4130.0
Sharp-shinned Hawk,5,3,May_W3,0.0399408,8788.0
Sharp-shinned Hawk,5,4,May_W4,0.0218759,3337.0
Sharp-shinned Hawk,6,1,Jun_W1,0.0093264,965.0
Sharp-shinned Hawk,6,2,Jun_W2,0.0112045,714.0
Sharp-shinned Hawk,6,3,Jun_W3,0.0080128,624.0
Sharp-shinned Hawk,6,4,Jun_W4,0.0113636,704.0
Sharp-shinned Hawk,7,1,Jul_W1,0.010846,922.0
Sharp-shinned Hawk,7,2,Jul_W2,0.009245,649.0
Sharp-shinned Hawk,7,3,Jul_W3,0.0111317,539.0
Sharp-shinned Hawk,7,4,Jul_W4,0.0083799,716.0
Sharp-shinned Hawk,8,1,Aug_W1,0.0110906,541.0
Sharp-shinned Hawk,8,2,Aug_W2,0.0215517,464.0
Sharp-shinned Hawk,8,3,Aug_W3,0.0239411,543.0
Sharp-shinned Hawk,8,4,Aug_W4,0.0221932,766.0
Sharp-shinned Hawk,9,1,Sep_W1,0.0376176,638.0
Sharp-shinned Hawk,9,2,Sep_W2,0.0566038,530.0
Sharp-shinned Hawk,9,3,Sep_W3,0.064,500.0
Sharp-shinned Hawk,9,4,Sep_W4,0.0830565,602.0
Sharp-shinned Hawk,10,1,Oct_W1,0.0767196,378.0
Sharp-shinned Hawk,10,2,Oct_W2,0.0574713,435.0
Sharp-shinned Hawk,10,3,Oct_W3,0.0519481,385.0
Sharp-shinned Hawk,10,4,Oct_W4,0.0356589,645.0
Sharp-shinned Hawk,11,1,Nov_W1,0.0345622,434.0
Sharp-shinned Hawk,11,2,Nov_W2,0.025641,468.0
Sharp-shinned Hawk,11,3,Nov_W3,0.0204082,441.0
Sharp-shinned Hawk,11,4,Nov_W4,0.01,600.0
Sharp-shinned Hawk,12,1,Dec_W1,0.0112108,446.0
Sharp-shinned Hawk,12,2,Dec_W2,0.0056711,529.0
Sharp-shinned Hawk,12,3,Dec_W3,0.0018116,552.0
Sharp-shinned Hawk,12,4,Dec_W4,0.0086331,695.0
Cooper's Hawk,1,1,Jan_W1,0.0218712,823.0
Cooper's Hawk,1,2,Jan_W2,0.0264463,605.0
Cooper's Hawk,1,3,Jan_W3,0.0210325,523.0
Cooper's Hawk,1,4,Jan_W4,0.039726,730.0
Cooper's Hawk,2,1,Feb_W1,0.0262097,496.0
Cooper's Hawk,2,2,Feb_W2,0.0231144,822.0
Cooper's Hawk,2,3,Feb_W3,0.0260317,1575.0
Cooper's Hawk,2,4,Feb_W4,0.0196078,612.0
Cooper's Hawk,3,1,Mar_W1,0.0164474,608.0
Cooper's Hawk,3,2,Mar_W2,0.0081081,740.0
Cooper's Hawk,3,3,Mar_W3,0.0210526,665.0
Cooper's Hawk,3,4,Mar_W4,0.0177936,843.0
Cooper's Hawk,4,1,Apr_W1,0.0215343,743.0
Cooper's Hawk,4,2,Apr_W2,0.0275591,762.0
Cooper's Hawk,4,3,Apr_W3,0.0503226,775.0
Cooper's Hawk,4,4,Apr_W4,0.0541667,1200.0
Cooper's Hawk,5,1,May_W1,0.061693,1394.0
Cooper's Hawk,5,2,May_W2,0.0307506,4130.0
Cooper's Hawk,5,3,May_W3,0.0205963,8788.0
Cooper's Hawk,5,4,May_W4,0.0167815,3337.0
Cooper's Hawk,6,1,Jun_W1,0.0124352,965.0
Cooper's Hawk,6,2,Jun_W2,0.0168067,714.0
Cooper's Hawk,6,3,Jun_W3,0.0112179,624.0
Cooper's Hawk,6,4,Jun_W4,0.015625,704.0
Cooper's Hawk,7,1,Jul_W1,0.010846,922.0
Cooper's Hawk,7,2,Jul_W2,0.0061633,649.0
Cooper's Hawk,7,3,Jul_W3,0.0092764,539.0
Cooper's Hawk,7,4,Jul_W4,0.0153631,716.0
Cooper's Hawk,8,1,Aug_W1,0.0332717,541.0
Cooper's Hawk,8,2,Aug_W2,0.0150862,464.0
Cooper's Hawk,8,3,Aug_W3,0.0423573,543.0
Cooper's Hawk,8,4,Aug_W4,0.0613577,766.0
Cooper's Hawk,9,1,Sep_W1,0.0501567,638.0
Cooper's Hawk,9,2,Sep_W2,0.0622642,530.0
Cooper's Hawk,9,3,Sep_W3,0.072,500.0
Cooper's Hawk,9,4,Sep_W4,0.0647841,602.0
Cooper's Hawk,10,1,Oct_W1,0.0714286,378.0
Cooper's Hawk,10,2,Oct_W2,0.0850575,435.0
Cooper's Hawk,10,3,Oct_W3,0.0571429,385.0
Cooper's Hawk,10,4,Oct_W4,0.0325581,645.0
Cooper's Hawk,11,1,Nov_W1,0.0276498,434.0
Cooper's Hawk,11,2,Nov_W2,0.025641,468.0
Cooper's Hawk,11,3,Nov_W3,0.031746,441.0
Cooper's Hawk,11,4,Nov_W4,0.0116667,600.0
Cooper's Hawk,12,1,Dec_W1,0.0358744,446.0
Cooper's Hawk,12,2,Dec_W2,0.0056711,529.0
Cooper's Hawk,12,3,Dec_W3,0.0307971,552.0
Cooper's Hawk,12,4,Dec_W4,0.0071942,695.0
American Goshawk,1,1,Jan_W1,0.0012151,823.0
American Goshawk,1,2,Jan_W2,0.0,605.0
American Goshawk,1,3,Jan_W3,0.001912,523.0
American Goshawk,1,4,Jan_W4,0.0041096,730.0
American Goshawk,2,1,Feb_W1,0.0020161,496.0
American Goshawk,2,2,Feb_W2,0.0,822.0
American Goshawk,2,3,Feb_W3,0.0,1575.0
American Goshawk,2,4,Feb_W4,0.003268,612.0
American Goshawk,3,1,Mar_W1,0.0016447,608.0
American Goshawk,3,2,Mar_W2,0.0,740.0
American Goshawk,3,3,Mar_W3,0.0015038,665.0
American Goshawk,3,4,Mar_W4,0.0035587,843.0
American Goshawk,4,1,Apr_W1,0.0,743.0
American Goshawk,4,2,Apr_W2,0.0026247,762.0
American Goshawk,4,3,Apr_W3,0.0,775.0
American Goshawk,4,4,Apr_W4,0.0116667,1200.0
American Goshawk,5,1,May_W1,0.0035868,1394.0
American Goshawk,5,2,May_W2,0.0026634,4130.0
American Goshawk,5,3,May_W3,0.0015931,8788.0
American Goshawk,5,4,May_W4,0.0011987,3337.0
American Goshawk,6,1,Jun_W1,0.0031088,965.0
American Goshawk,6,2,Jun_W2,0.0056022,714.0
American Goshawk,6,3,Jun_W3,0.0,624.0
American Goshawk,6,4,Jun_W4,0.0014205,704.0
American Goshawk,7,1,Jul_W1,0.0021692,922.0
American Goshawk,7,2,Jul_W2,0.0015408,649.0
American Goshawk,7,3,Jul_W3,0.0,539.0
American Goshawk,7,4,Jul_W4,0.0,716.0
American Goshawk,8,1,Aug_W1,0.0036969,541.0
American Goshawk,8,2,Aug_W2,0.0064655,464.0
American Goshawk,8,3,Aug_W3,0.0110497,543.0
American Goshawk,8,4,Aug_W4,0.002611,766.0
American Goshawk,9,1,Sep_W1,0.0047022,638.0
American Goshawk,9,2,Sep_W2,0.0018868,530.0
American Goshawk,9,3,Sep_W3,0.008,500.0
American Goshawk,9,4,Sep_W4,0.0,602.0
American Goshawk,10,1,Oct_W1,0.005291,378.0
American Goshawk,10,2,Oct_W2,0.0045977,435.0
American Goshawk,10,3,Oct_W3,0.0051948,385.0
American Goshawk,10,4,Oct_W4,0.0031008,645.0
American Goshawk,11,1,Nov_W1,0.0,434.0
American Goshawk,11,2,Nov_W2,0.0015,468.0
American Goshawk,11,3,Nov_W3,0.0022676,441.0
American Goshawk,11,4,Nov_W4,0.0015,600.0
American Goshawk,12,1,Dec_W1,0.0,446.0
American Goshawk,12,2,Dec_W2,0.0,529.0
American Goshawk,12,3,Dec_W3,0.0036232,552.0
American Goshawk,12,4,Dec_W4,0.0,695.0
Northern Harrier,1,1,Jan_W1,0.0012151,823.0
Northern Harrier,1,2,Jan_W2,0.0066116,605.0
Northern Harrier,1,3,Jan_W3,0.0038241,523.0
Northern Harrier,1,4,Jan_W4,0.0027397,730.0
Northern Harrier,2,1,Feb_W1,0.0,496.0
Northern Harrier,2,2,Feb_W2,0.0036496,822.0
Northern Harrier,2,3,Feb_W3,0.0044444,1575.0
Northern Harrier,2,4,Feb_W4,0.0130719,612.0
Northern Harrier,3,1,Mar_W1,0.0263158,608.0
Northern Harrier,3,2,Mar_W2,0.0418919,740.0
Northern Harrier,3,3,Mar_W3,0.0736842,665.0
Northern Harrier,3,4,Mar_W4,0.0830368,843.0
Northern Harrier,4,1,Apr_W1,0.0982503,743.0
Northern Harrier,4,2,Apr_W2,0.1338583,762.0
Northern Harrier,4,3,Apr_W3,0.1316129,775.0
Northern Harrier,4,4,Apr_W4,0.125,1200.0
Northern Harrier,5,1,May_W1,0.0925395,1394.0
Northern Harrier,5,2,May_W2,0.0559322,4130.0
Northern Harrier,5,3,May_W3,0.0415339,8788.0
Northern Harrier,5,4,May_W4,0.029068,3337.0
Northern Harrier,6,1,Jun_W1,0.0134715,965.0
Northern Harrier,6,2,Jun_W2,0.0168067,714.0
Northern Harrier,6,3,Jun_W3,0.0096154,624.0
Northern Harrier,6,4,Jun_W4,0.0227273,704.0
Northern Harrier,7,1,Jul_W1,0.0303688,922.0
Northern Harrier,7,2,Jul_W2,0.0200308,649.0
Northern Harrier,7,3,Jul_W3,0.0482375,539.0
Northern Harrier,7,4,Jul_W4,0.0530726,716.0
Northern Harrier,8,1,Aug_W1,0.0794824,541.0
Northern Harrier,8,2,Aug_W2,0.0818966,464.0
Northern Harrier,8,3,Aug_W3,0.0791897,543.0
Northern Harrier,8,4,Aug_W4,0.0966057,766.0
Northern Harrier,9,1,Sep_W1,0.1159875,638.0
Northern Harrier,9,2,Sep_W2,0.1188679,530.0
Northern Harrier,9,3,Sep_W3,0.126,500.0
Northern Harrier,9,4,Sep_W4,0.1328904,602.0
Northern Harrier,10,1,Oct_W1,0.0873016,378.0
Northern Harrier,10,2,Oct_W2,0.108046,435.0
Northern Harrier,10,3,Oct_W3,0.0883117,385.0
Northern Harrier,10,4,Oct_W4,0.0852713,645.0
Northern Harrier,11,1,Nov_W1,0.0529954,434.0
Northern Harrier,11,2,Nov_W2,0.034188,468.0
Northern Harrier,11,3,Nov_W3,0.0226757,441.0
Northern Harrier,11,4,Nov_W4,0.0116667,600.0
Northern Harrier,12,1,Dec_W1,0.0134529,446.0
Northern Harrier,12,2,Dec_W2,0.0075614,529.0
Northern Harrier,12,3,Dec_W3,0.0126812,552.0
Northern Harrier,12,4,Dec_W4,0.0215827,695.0
Bald Eagle,1,1,Jan_W1,0.2017011,823.0
Bald Eagle,1,2,Jan_W2,0.2429752,605.0
Bald Eagle,1,3,Jan_W3,0.2179732,523.0
Bald Eagle,1,4,Jan_W4,0.1835616,730.0
Bald Eagle,2,1,Feb_W1,0.1975806,496.0
Bald Eagle,2,2,Feb_W2,0.1423358,822.0
Bald Eagle,2,3,Feb_W3,0.1288889,1575.0
Bald Eagle,2,4,Feb_W4,0.2173203,612.0
Bald Eagle,3,1,Mar_W1,0.2220395,608.0
Bald Eagle,3,2,Mar_W2,0.2337838,740.0
Bald Eagle,3,3,Mar_W3,0.2210526,665.0
Bald Eagle,3,4,Mar_W4,0.2360617,843.0
Bald Eagle,4,1,Apr_W1,0.1951548,743.0
Bald Eagle,4,2,Apr_W2,0.1942257,762.0
Bald Eagle,4,3,Apr_W3,0.1703226,775.0
Bald Eagle,4,4,Apr_W4,0.1741667,1200.0
Bald Eagle,5,1,May_W1,0.1721664,1394.0
Bald Eagle,5,2,May_W2,0.1326877,4130.0
Bald Eagle,5,3,May_W3,0.1309741,8788.0
Bald Eagle,5,4,May_W4,0.1279592,3337.0
Bald Eagle,6,1,Jun_W1,0.1129534,965.0
Bald Eagle,6,2,Jun_W2,0.1008403,714.0
Bald Eagle,6,3,Jun_W3,0.1201923,624.0
Bald Eagle,6,4,Jun_W4,0.1107955,704.0
Bald Eagle,7,1,Jul_W1,0.1084599,922.0
Bald Eagle,7,2,Jul_W2,0.1093991,649.0
Bald Eagle,7,3,Jul_W3,0.1076067,539.0
Bald Eagle,7,4,Jul_W4,0.1243017,716.0
Bald Eagle,8,1,Aug_W1,0.1367837,541.0
Bald Eagle,8,2,Aug_W2,0.1465517,464.0
Bald Eagle,8,3,Aug_W3,0.1528545,543.0
Bald Eagle,8,4,Aug_W4,0.1749347,766.0
Bald Eagle,9,1,Sep_W1,0.1818182,638.0
Bald Eagle,9,2,Sep_W2,0.1773585,530.0
Bald Eagle,9,3,Sep_W3,0.212,500.0
Bald Eagle,9,4,Sep_W4,0.2242525,602.0
Bald Eagle,10,1,Oct_W1,0.1798942,378.0
Bald Eagle,10,2,Oct_W2,0.1678161,435.0
Bald Eagle,10,3,Oct_W3,0.1532468,385.0
Bald Eagle,10,4,Oct_W4,0.1844961,645.0
Bald Eagle,11,1,Nov_W1,0.1728111,434.0
Bald Eagle,11,2,Nov_W2,0.2115385,468.0
Bald Eagle,11,3,Nov_W3,0.1451247,441.0
Bald Eagle,11,4,Nov_W4,0.1866667,600.0
Bald Eagle,12,1,Dec_W1,0.1816143,446.0
Bald Eagle,12,2,Dec_W2,0.2589792,529.0
Bald Eagle,12,3,Dec_W3,0.2518116,552.0
Bald Eagle,12,4,Dec_W4,0.2402878,695.0
Mississippi Kite,1,1,Jan_W1,0.0,823.0
Mississippi Kite,1,2,Jan_W2,0.0,605.0
Mississippi Kite,1,3,Jan_W3,0.0,523.0
Mississippi Kite,1,4,Jan_W4,0.0,730.0
Mississippi Kite,2,1,Feb_W1,0.0,496.0
Mississippi Kite,2,2,Feb_W2,0.0,822.0
Mississippi Kite,2,3,Feb_W3,0.0,1575.0
Mississippi Kite,2,4,Feb_W4,0.0,612.0
Mississippi Kite,3,1,Mar_W1,0.0,608.0
Mississippi Kite,3,2,Mar_W2,0.0,740.0
Mississippi Kite,3,3,Mar_W3,0.0,665.0
Mississippi Kite,3,4,Mar_W4,0.0,843.0
Mississippi Kite,4,1,Apr_W1,0.0,743.0
Mississippi Kite,4,2,Apr_W2,0.0,762.0
Mississippi Kite,4,3,Apr_W3,0.0,775.0
Mississippi Kite,4,4,Apr_W4,0.0,1200.0
Mississippi Kite,5,1,May_W1,0.0,1394.0
Mississippi Kite,5,2,May_W2,0.0,4130.0
Mississippi Kite,5,3,May_W3,0.0015931,8788.0
Mississippi Kite,5,4,May_W4,0.0,3337.0
Mississippi Kite,6,1,Jun_W1,0.0,965.0
Mississippi Kite,6,2,Jun_W2,0.0,714.0
Mississippi Kite,6,3,Jun_W3,0.0,624.0
Mississippi Kite,6,4,Jun_W4,0.0,704.0
Mississippi Kite,7,1,Jul_W1,0.0,922.0
Mississippi Kite,7,2,Jul_W2,0.0,649.0
Mississippi Kite,7,3,Jul_W3,0.0,539.0
Mississippi Kite,7,4,Jul_W4,0.0,716.0
Mississippi Kite,8,1,Aug_W1,0.0,541.0
Mississippi Kite,8,2,Aug_W2,0.0,464.0
Mississippi Kite,8,3,Aug_W3,0.0,543.0
Mississippi Kite,8,4,Aug_W4,0.0,766.0
Mississippi Kite,9,1,Sep_W1,0.0,638.0
Mississippi Kite,9,2,Sep_W2,0.0,530.0
Mississippi Kite,9,3,Sep_W3,0.0,500.0
Mississippi Kite,9,4,Sep_W4,0.0,602.0
Mississippi Kite,10,1,Oct_W1,0.0,378.0
Mississippi Kite,10,2,Oct_W2,0.0,435.0
Mississippi Kite,10,3,Oct_W3,0.0,385.0
Mississippi Kite,10,4,Oct_W4,0.0,645.0
Mississippi Kite,11,1,Nov_W1,0.0,434.0
Mississippi Kite,11,2,Nov_W2,0.0,468.0
Mississippi Kite,11,3,Nov_W3,0.0,441.0
Mississippi Kite,11,4,Nov_W4,0.0,600.0
Mississippi Kite,12,1,Dec_W1,0.0,446.0
Mississippi Kite,12,2,Dec_W2,0.0,529.0
Mississippi Kite,12,3,Dec_W3,0.0,552.0
Mississippi Kite,12,4,Dec_W4,0.0,695.0
Broad-winged Hawk,1,1,Jan_W1,0.0,823.0
Broad-winged Hawk,1,2,Jan_W2,0.0,605.0
Broad-winged Hawk,1,3,Jan_W3,0.0,523.0
Broad-winged Hawk,1,4,Jan_W4,0.0,730.0
Broad-winged Hawk,2,1,Feb_W1,0.0,496.0
Broad-winged Hawk,2,2,Feb_W2,0.0,822.0
Broad-winged Hawk,2,3,Feb_W3,0.0,1575.0
Broad-winged Hawk,2,4,Feb_W4,0.0,612.0
Broad-winged Hawk,3,1,Mar_W1,0.0,608.0
Broad-winged Hawk,3,2,Mar_W2,0.0,740.0
Broad-winged Hawk,3,3,Mar_W3,0.0,665.0
Broad-winged Hawk,3,4,Mar_W4,0.0,843.0
Broad-winged Hawk,4,1,Apr_W1,0.0,743.0
Broad-winged Hawk,4,2,Apr_W2,0.0026247,762.0
Broad-winged Hawk,4,3,Apr_W3,0.0064516,775.0
Broad-winged Hawk,4,4,Apr_W4,0.0233333,1200.0
Broad-winged Hawk,5,1,May_W1,0.0222382,1394.0
Broad-winged Hawk,5,2,May_W2,0.0249395,4130.0
Broad-winged Hawk,5,3,May_W3,0.0134274,8788.0
Broad-winged Hawk,5,4,May_W4,0.0200779,3337.0
Broad-winged Hawk,6,1,Jun_W1,0.0124352,965.0
Broad-winged Hawk,6,2,Jun_W2,0.0252101,714.0
Broad-winged Hawk,6,3,Jun_W3,0.0144231,624.0
Broad-winged Hawk,6,4,Jun_W4,0.0056818,704.0
Broad-winged Hawk,7,1,Jul_W1,0.0065076,922.0
Broad-winged Hawk,7,2,Jul_W2,0.0077042,649.0
Broad-winged Hawk,7,3,Jul_W3,0.0037106,539.0
Broad-winged Hawk,7,4,Jul_W4,0.0055866,716.0
Broad-winged Hawk,8,1,Aug_W1,0.0092421,541.0
Broad-winged Hawk,8,2,Aug_W2,0.0280172,464.0
Broad-winged Hawk,8,3,Aug_W3,0.014733,543.0
Broad-winged Hawk,8,4,Aug_W4,0.0287206,766.0
Broad-winged Hawk,9,1,Sep_W1,0.0094044,638.0
Broad-winged Hawk,9,2,Sep_W2,0.0188679,530.0
Broad-winged Hawk,9,3,Sep_W3,0.014,500.0
Broad-winged Hawk,9,4,Sep_W4,0.0083056,602.0
Broad-winged Hawk,10,1,Oct_W1,0.005291,378.0
Broad-winged Hawk,10,2,Oct_W2,0.0022989,435.0
Broad-winged Hawk,10,3,Oct_W3,0.0,385.0
Broad-winged Hawk,10,4,Oct_W4,0.0,645.0
Broad-winged Hawk,11,1,Nov_W1,0.0,434.0
Broad-winged Hawk,11,2,Nov_W2,0.0,468.0
Broad-winged Hawk,11,3,Nov_W3,0.0,441.0
Broad-winged Hawk,11,4,Nov_W4,0.0,600.0
Broad-winged Hawk,12,1,Dec_W1,0.0,446.0
Broad-winged Hawk,12,2,Dec_W2,0.0,529.0
Broad-winged Hawk,12,3,Dec_W3,0.0,552.0
Broad-winged Hawk,12,4,Dec_W4,0.0,695.0
Red-shouldered Hawk,1,1,Jan_W1,0.0279465,823.0
Red-shouldered Hawk,1,2,Jan_W2,0.0231405,605.0
Red-shouldered Hawk,1,3,Jan_W3,0.0305927,523.0
Red-shouldered Hawk,1,4,Jan_W4,0.0315068,730.0
Red-shouldered Hawk,2,1,Feb_W1,0.0201613,496.0
Red-shouldered Hawk,2,2,Feb_W2,0.0158151,822.0
Red-shouldered Hawk,2,3,Feb_W3,0.0050794,1575.0
Red-shouldered Hawk,2,4,Feb_W4,0.0359477,612.0
Red-shouldered Hawk,3,1,Mar_W1,0.0263158,608.0
Red-shouldered Hawk,3,2,Mar_W2,0.0351351,740.0
Red-shouldered Hawk,3,3,Mar_W3,0.0421053,665.0
Red-shouldered Hawk,3,4,Mar_W4,0.0391459,843.0
Red-shouldered Hawk,4,1,Apr_W1,0.0309556,743.0
Red-shouldered Hawk,4,2,Apr_W2,0.0406824,762.0
Red-shouldered Hawk,4,3,Apr_W3,0.0258065,775.0
Red-shouldered Hawk,4,4,Apr_W4,0.0325,1200.0
Red-shouldered Hawk,5,1,May_W1,0.0380201,1394.0
Red-shouldered Hawk,5,2,May_W2,0.0145278,4130.0
Red-shouldered Hawk,5,3,May_W3,0.0139964,8788.0
Red-shouldered Hawk,5,4,May_W4,0.0230746,3337.0
Red-shouldered Hawk,6,1,Jun_W1,0.0341969,965.0
Red-shouldered Hawk,6,2,Jun_W2,0.0294118,714.0
Red-shouldered Hawk,6,3,Jun_W3,0.0400641,624.0
Red-shouldered Hawk,6,4,Jun_W4,0.0340909,704.0
Red-shouldered Hawk,7,1,Jul_W1,0.0357918,922.0
Red-shouldered Hawk,7,2,Jul_W2,0.01849,649.0
Red-shouldered Hawk,7,3,Jul_W3,0.0204082,539.0
Red-shouldered Hawk,7,4,Jul_W4,0.0377095,716.0
Red-shouldered Hawk,8,1,Aug_W1,0.0499076,541.0
Red-shouldered Hawk,8,2,Aug_W2,0.0560345,464.0
Red-shouldered Hawk,8,3,Aug_W3,0.0736648,543.0
Red-shouldered Hawk,8,4,Aug_W4,0.0678851,766.0
Red-shouldered Hawk,9,1,Sep_W1,0.0689655,638.0
Red-shouldered Hawk,9,2,Sep_W2,0.0886792,530.0
Red-shouldered Hawk,9,3,Sep_W3,0.098,500.0
Red-shouldered Hawk,9,4,Sep_W4,0.0797342,602.0
Red-shouldered Hawk,10,1,Oct_W1,0.0582011,378.0
Red-shouldered Hawk,10,2,Oct_W2,0.0505747,435.0
Red-shouldered Hawk,10,3,Oct_W3,0.0207792,385.0
Red-shouldered Hawk,10,4,Oct_W4,0.0155039,645.0
Red-shouldered Hawk,11,1,Nov_W1,0.0184332,434.0
Red-shouldered Hawk,11,2,Nov_W2,0.0405983,468.0
Red-shouldered Hawk,11,3,Nov_W3,0.031746,441.0
Red-shouldered Hawk,11,4,Nov_W4,0.015,600.0
Red-shouldered Hawk,12,1,Dec_W1,0.0179372,446.0
Red-shouldered Hawk,12,2,Dec_W2,0.0132325,529.0
Red-shouldered Hawk,12,3,Dec_W3,0.0326087,552.0
Red-shouldered Hawk,12,4,Dec_W4,0.0374101,695.0
Red-tailed Hawk,1,1,Jan_W1,0.0522479,823.0
Red-tailed Hawk,1,2,Jan_W2,0.0760331,605.0
Red-tailed Hawk,1,3,Jan_W3,0.0764818,523.0
Red-tailed Hawk,1,4,Jan_W4,0.0849315,730.0
Red-tailed Hawk,2,1,Feb_W1,0.0544355,496.0
Red-tailed Hawk,2,2,Feb_W2,0.0450122,822.0
Red-tailed Hawk,2,3,Feb_W3,0.0387302,1575.0
Red-tailed Hawk,2,4,Feb_W4,0.0588235,612.0
Red-tailed Hawk,3,1,Mar_W1,0.0493421,608.0
Red-tailed Hawk,3,2,Mar_W2,0.0554054,740.0
Red-tailed Hawk,3,3,Mar_W3,0.0526316,665.0
Red-tailed Hawk,3,4,Mar_W4,0.0474496,843.0
Red-tailed Hawk,4,1,Apr_W1,0.0417227,743.0
Red-tailed Hawk,4,2,Apr_W2,0.0328084,762.0
Red-tailed Hawk,4,3,Apr_W3,0.0451613,775.0
Red-tailed Hawk,4,4,Apr_W4,0.0525,1200.0
Red-tailed Hawk,5,1,May_W1,0.045911,1394.0
Red-tailed Hawk,5,2,May_W2,0.0428571,4130.0
Red-tailed Hawk,5,3,May_W3,0.0375512,8788.0
Red-tailed Hawk,5,4,May_W4,0.0386575,3337.0
Red-tailed Hawk,6,1,Jun_W1,0.0290155,965.0
Red-tailed Hawk,6,2,Jun_W2,0.0434174,714.0
Red-tailed Hawk,6,3,Jun_W3,0.0272436,624.0
Red-tailed Hawk,6,4,Jun_W4,0.0326705,704.0
Red-tailed Hawk,7,1,Jul_W1,0.0509761,922.0
Red-tailed Hawk,7,2,Jul_W2,0.027735,649.0
Red-tailed Hawk,7,3,Jul_W3,0.0371058,539.0
Red-tailed Hawk,7,4,Jul_W4,0.047486,716.0
Red-tailed Hawk,8,1,Aug_W1,0.0720887,541.0
Red-tailed Hawk,8,2,Aug_W2,0.0926724,464.0
Red-tailed Hawk,8,3,Aug_W3,0.1325967,543.0
Red-tailed Hawk,8,4,Aug_W4,0.1488251,766.0
Red-tailed Hawk,9,1,Sep_W1,0.1426332,638.0
Red-tailed Hawk,9,2,Sep_W2,0.1207547,530.0
Red-tailed Hawk,9,3,Sep_W3,0.116,500.0
Red-tailed Hawk,9,4,Sep_W4,0.0847176,602.0
Red-tailed Hawk,10,1,Oct_W1,0.0767196,378.0
Red-tailed Hawk,10,2,Oct_W2,0.0827586,435.0
Red-tailed Hawk,10,3,Oct_W3,0.0675325,385.0
Red-tailed Hawk,10,4,Oct_W4,0.0635659,645.0
Red-tailed Hawk,11,1,Nov_W1,0.0368664,434.0
Red-tailed Hawk,11,2,Nov_W2,0.0363248,468.0
Red-tailed Hawk,11,3,Nov_W3,0.0544218,441.0
Red-tailed Hawk,11,4,Nov_W4,0.0433333,600.0
Red-tailed Hawk,12,1,Dec_W1,0.0336323,446.0
Red-tailed Hawk,12,2,Dec_W2,0.0321361,529.0
Red-tailed Hawk,12,3,Dec_W3,0.0452899,552.0
Red-tailed Hawk,12,4,Dec_W4,0.0417266,695.0
Rough-legged Hawk,1,1,Jan_W1,0.0425273,823.0
Rough-legged Hawk,1,2,Jan_W2,0.046281,605.0
Rough-legged Hawk,1,3,Jan_W3,0.0382409,523.0
Rough-legged Hawk,1,4,Jan_W4,0.0671233,730.0
Rough-legged Hawk,2,1,Feb_W1,0.0645161,496.0
Rough-legged Hawk,2,2,Feb_W2,0.0328467,822.0
Rough-legged Hawk,2,3,Feb_W3,0.015873,1575.0
Rough-legged Hawk,2,4,Feb_W4,0.0571895,612.0
Rough-legged Hawk,3,1,Mar_W1,0.0411184,608.0
Rough-legged Hawk,3,2,Mar_W2,0.0391892,740.0
Rough-legged Hawk,3,3,Mar_W3,0.0225564,665.0
Rough-legged Hawk,3,4,Mar_W4,0.0237248,843.0
Rough-legged Hawk,4,1,Apr_W1,0.0296097,743.0
Rough-legged Hawk,4,2,Apr_W2,0.019685,762.0
Rough-legged Hawk,4,3,Apr_W3,0.0077419,775.0
Rough-legged Hawk,4,4,Apr_W4,0.0141667,1200.0
Rough-legged Hawk,5,1,May_W1,0.0071736,1394.0
Rough-legged Hawk,5,2,May_W2,0.0029056,4130.0
Rough-legged Hawk,5,3,May_W3,0.0017069,8788.0
Rough-legged Hawk,5,4,May_W4,0.0005993,3337.0
Rough-legged Hawk,6,1,Jun_W1,0.0,965.0
Rough-legged Hawk,6,2,Jun_W2,0.0,714.0
Rough-legged Hawk,6,3,Jun_W3,0.0,624.0
Rough-legged Hawk,6,4,Jun_W4,0.0,704.0
Rough-legged Hawk,7,1,Jul_W1,0.0,922.0
Rough-legged Hawk,7,2,Jul_W2,0.0,649.0
Rough-legged Hawk,7,3,Jul_W3,0.0,539.0
Rough-legged Hawk,7,4,Jul_W4,0.0,716.0
Rough-legged Hawk,8,1,Aug_W1,0.0,541.0
Rough-legged Hawk,8,2,Aug_W2,0.0,464.0
Rough-legged Hawk,8,3,Aug_W3,0.0,543.0
Rough-legged Hawk,8,4,Aug_W4,0.0,766.0
Rough-legged Hawk,9,1,Sep_W1,0.0,638.0
Rough-legged Hawk,9,2,Sep_W2,0.0,530.0
Rough-legged Hawk,9,3,Sep_W3,0.0,500.0
Rough-legged Hawk,9,4,Sep_W4,0.0,602.0
Rough-legged Hawk,10,1,Oct_W1,0.0,378.0
Rough-legged Hawk,10,2,Oct_W2,0.0045977,435.0
Rough-legged Hawk,10,3,Oct_W3,0.0051948,385.0
Rough-legged Hawk,10,4,Oct_W4,0.0077519,645.0
Rough-legged Hawk,11,1,Nov_W1,0.0115207,434.0
Rough-legged Hawk,11,2,Nov_W2,0.017094,468.0
Rough-legged Hawk,11,3,Nov_W3,0.0204082,441.0
Rough-legged Hawk,11,4,Nov_W4,0.0233333,600.0
Rough-legged Hawk,12,1,Dec_W1,0.0224215,446.0
Rough-legged Hawk,12,2,Dec_W2,0.0245747,529.0
Rough-legged Hawk,12,3,Dec_W3,0.0398551,552.0
Rough-legged Hawk,12,4,Dec_W4,0.0316547,695.0
American Barn Owl,1,1,Jan_W1,0.0,823.0
American Barn Owl,1,2,Jan_W2,0.0,605.0
American Barn Owl,1,3,Jan_W3,0.0,523.0
American Barn Owl,1,4,Jan_W4,0.0,730.0
American Barn Owl,2,1,Feb_W1,0.0,496.0
American Barn Owl,2,2,Feb_W2,0.0,822.0
American Barn Owl,2,3,Feb_W3,0.0,1575.0
American Barn Owl,2,4,Feb_W4,0.0,612.0
American Barn Owl,3,1,Mar_W1,0.0,608.0
American Barn Owl,3,2,Mar_W2,0.0,740.0
American Barn Owl,3,3,Mar_W3,0.0,665.0
American Barn Owl,3,4,Mar_W4,0.0,843.0
American Barn Owl,4,1,Apr_W1,0.0,743.0
American Barn Owl,4,2,Apr_W2,0.0,762.0
American Barn Owl,4,3,Apr_W3,0.0,775.0
American Barn Owl,4,4,Apr_W4,0.0,1200.0
American Barn Owl,5,1,May_W1,0.0,1394.0
American Barn Owl,5,2,May_W2,0.0,4130.0
American Barn Owl,5,3,May_W3,0.0006827,8788.0
American Barn Owl,5,4,May_W4,0.0,3337.0
American Barn Owl,6,1,Jun_W1,0.0,965.0
American Barn Owl,6,2,Jun_W2,0.0,714.0
American Barn Owl,6,3,Jun_W3,0.0,624.0
American Barn Owl,6,4,Jun_W4,0.0,704.0
American Barn Owl,7,1,Jul_W1,0.0,922.0
American Barn Owl,7,2,Jul_W2,0.0,649.0
American Barn Owl,7,3,Jul_W3,0.0,539.0
American Barn Owl,7,4,Jul_W4,0.0,716.0
American Barn Owl,8,1,Aug_W1,0.0,541.0
American Barn Owl,8,2,Aug_W2,0.0,464.0
American Barn Owl,8,3,Aug_W3,0.0,543.0
American Barn Owl,8,4,Aug_W4,0.0,766.0
American Barn Owl,9,1,Sep_W1,0.0,638.0
American Barn Owl,9,2,Sep_W2,0.0,530.0
American Barn Owl,9,3,Sep_W3,0.0,500.0
American Barn Owl,9,4,Sep_W4,0.0,602.0
American Barn Owl,10,1,Oct_W1,0.0,378.0
American Barn Owl,10,2,Oct_W2,0.0,435.0
American Barn Owl,10,3,Oct_W3,0.0,385.0
American Barn Owl,10,4,Oct_W4,0.0,645.0
American Barn Owl,11,1,Nov_W1,0.0,434.0
American Barn Owl,11,2,Nov_W2,0.0,468.0
American Barn Owl,11,3,Nov_W3,0.0,441.0
American Barn Owl,11,4,Nov_W4,0.0,600.0
American Barn Owl,12,1,Dec_W1,0.0,446.0
American Barn Owl,12,2,Dec_W2,0.0,529.0
American Barn Owl,12,3,Dec_W3,0.0,552.0
American Barn Owl,12,4,Dec_W4,0.0,695.0
Eastern Screech-Owl,1,1,Jan_W1,0.0012151,823.0
Eastern Screech-Owl,1,2,Jan_W2,0.0016529,605.0
Eastern Screech-Owl,1,3,Jan_W3,0.001912,523.0
Eastern Screech-Owl,1,4,Jan_W4,0.0027397,730.0
Eastern Screech-Owl,2,1,Feb_W1,0.0040323,496.0
Eastern Screech-Owl,2,2,Feb_W2,0.0048662,822.0
Eastern Screech-Owl,2,3,Feb_W3,0.0,1575.0
Eastern Screech-Owl,2,4,Feb_W4,0.003268,612.0
Eastern Screech-Owl,3,1,Mar_W1,0.0032895,608.0
Eastern Screech-Owl,3,2,Mar_W2,0.0013514,740.0
Eastern Screech-Owl,3,3,Mar_W3,0.0,665.0
Eastern Screech-Owl,3,4,Mar_W4,0.0,843.0
Eastern Screech-Owl,4,1,Apr_W1,0.0040377,743.0
Eastern Screech-Owl,4,2,Apr_W2,0.0,762.0
Eastern Screech-Owl,4,3,Apr_W3,0.0025806,775.0
Eastern Screech-Owl,4,4,Apr_W4,0.0008333,1200.0
Eastern Screech-Owl,5,1,May_W1,0.0035868,1394.0
Eastern Screech-Owl,5,2,May_W2,0.0012107,4130.0
Eastern Screech-Owl,5,3,May_W3,0.0033,8788.0
Eastern Screech-Owl,5,4,May_W4,0.0050944,3337.0
Eastern Screech-Owl,6,1,Jun_W1,0.0010363,965.0
Eastern Screech-Owl,6,2,Jun_W2,0.0015,714.0
Eastern Screech-Owl,6,3,Jun_W3,0.0,624.0
Eastern Screech-Owl,6,4,Jun_W4,0.0014205,704.0
Eastern Screech-Owl,7,1,Jul_W1,0.0010846,922.0
Eastern Screech-Owl,7,2,Jul_W2,0.0,649.0
Eastern Screech-Owl,7,3,Jul_W3,0.0,539.0
Eastern Screech-Owl,7,4,Jul_W4,0.0013966,716.0
Eastern Screech-Owl,8,1,Aug_W1,0.0018484,541.0
Eastern Screech-Owl,8,2,Aug_W2,0.0015,464.0
Eastern Screech-Owl,8,3,Aug_W3,0.0073665,543.0
Eastern Screech-Owl,8,4,Aug_W4,0.002611,766.0
Eastern Screech-Owl,9,1,Sep_W1,0.0015674,638.0
Eastern Screech-Owl,9,2,Sep_W2,0.0169811,530.0
Eastern Screech-Owl,9,3,Sep_W3,0.006,500.0
Eastern Screech-Owl,9,4,Sep_W4,0.0066445,602.0
Eastern Screech-Owl,10,1,Oct_W1,0.0,378.0
Eastern Screech-Owl,10,2,Oct_W2,0.0022989,435.0
Eastern Screech-Owl,10,3,Oct_W3,0.0,385.0
Eastern Screech-Owl,10,4,Oct_W4,0.0031008,645.0
Eastern Screech-Owl,11,1,Nov_W1,0.0023041,434.0
Eastern Screech-Owl,11,2,Nov_W2,0.0,468.0
Eastern Screech-Owl,11,3,Nov_W3,0.0,441.0
Eastern Screech-Owl,11,4,Nov_W4,0.0,600.0
Eastern Screech-Owl,12,1,Dec_W1,0.0,446.0
Eastern Screech-Owl,12,2,Dec_W2,0.0,529.0
Eastern Screech-Owl,12,3,Dec_W3,0.0054348,552.0
Eastern Screech-Owl,12,4,Dec_W4,0.0,695.0
Snowy Owl,1,1,Jan_W1,0.0145808,823.0
Snowy Owl,1,2,Jan_W2,0.0099174,605.0
Snowy Owl,1,3,Jan_W3,0.0095602,523.0
Snowy Owl,1,4,Jan_W4,0.0041096,730.0
Snowy Owl,2,1,Feb_W1,0.0020161,496.0
Snowy Owl,2,2,Feb_W2,0.0024331,822.0
Snowy Owl,2,3,Feb_W3,0.0012698,1575.0
Snowy Owl,2,4,Feb_W4,0.0114379,612.0
Snowy Owl,3,1,Mar_W1,0.0115132,608.0
Snowy Owl,3,2,Mar_W2,0.0108108,740.0
Snowy Owl,3,3,Mar_W3,0.0195489,665.0
Snowy Owl,3,4,Mar_W4,0.0225386,843.0
Snowy Owl,4,1,Apr_W1,0.0201884,743.0
Snowy Owl,4,2,Apr_W2,0.0170604,762.0
Snowy Owl,4,3,Apr_W3,0.0129032,775.0
Snowy Owl,4,4,Apr_W4,0.0058333,1200.0
Snowy Owl,5,1,May_W1,0.0028694,1394.0
Snowy Owl,5,2,May_W2,0.0070218,4130.0
Snowy Owl,5,3,May_W3,0.0029586,8788.0
Snowy Owl,5,4,May_W4,0.0,3337.0
Snowy Owl,6,1,Jun_W1,0.0,965.0
Snowy Owl,6,2,Jun_W2,0.0014006,714.0
Snowy Owl,6,3,Jun_W3,0.0,624.0
Snowy Owl,6,4,Jun_W4,0.0,704.0
Snowy Owl,7,1,Jul_W1,0.0075922,922.0
Snowy Owl,7,2,Jul_W2,0.0,649.0
Snowy Owl,7,3,Jul_W3,0.0,539.0
Snowy Owl,7,4,Jul_W4,0.0,716.0
Snowy Owl,8,1,Aug_W1,0.0018484,541.0
Snowy Owl,8,2,Aug_W2,0.0021552,464.0
Snowy Owl,8,3,Aug_W3,0.0,543.0
Snowy Owl,8,4,Aug_W4,0.0,766.0
Snowy Owl,9,1,Sep_W1,0.0,638.0
Snowy Owl,9,2,Sep_W2,0.0,530.0
Snowy Owl,9,3,Sep_W3,0.0,500.0
Snowy Owl,9,4,Sep_W4,0.0016611,602.0
Snowy Owl,10,1,Oct_W1,0.0,378.0
Snowy Owl,10,2,Oct_W2,0.0,435.0
Snowy Owl,10,3,Oct_W3,0.0,385.0
Snowy Owl,10,4,Oct_W4,0.0015504,645.0
Snowy Owl,11,1,Nov_W1,0.0,434.0
Snowy Owl,11,2,Nov_W2,0.0128205,468.0
Snowy Owl,11,3,Nov_W3,0.0045351,441.0
Snowy Owl,11,4,Nov_W4,0.0483333,600.0
Snowy Owl,12,1,Dec_W1,0.0695067,446.0
Snowy Owl,12,2,Dec_W2,0.0396975,529.0
Snowy Owl,12,3,Dec_W3,0.0380435,552.0
Snowy Owl,12,4,Dec_W4,0.0460432,695.0
Great Horned Owl,1,1,Jan_W1,0.0121507,823.0
Great Horned Owl,1,2,Jan_W2,0.0165289,605.0
Great Horned Owl,1,3,Jan_W3,0.001912,523.0
Great Horned Owl,1,4,Jan_W4,0.0178082,730.0
Great Horned Owl,2,1,Feb_W1,0.0282258,496.0
Great Horned Owl,2,2,Feb_W2,0.0048662,822.0
Great Horned Owl,2,3,Feb_W3,0.0038095,1575.0
Great Horned Owl,2,4,Feb_W4,0.0130719,612.0
Great Horned Owl,3,1,Mar_W1,0.0148026,608.0
Great Horned Owl,3,2,Mar_W2,0.0121622,740.0
Great Horned Owl,3,3,Mar_W3,0.0075188,665.0
Great Horned Owl,3,4,Mar_W4,0.0011862,843.0
Great Horned Owl,4,1,Apr_W1,0.0067295,743.0
Great Horned Owl,4,2,Apr_W2,0.007874,762.0
Great Horned Owl,4,3,Apr_W3,0.003871,775.0
Great Horned Owl,4,4,Apr_W4,0.0041667,1200.0
Great Horned Owl,5,1,May_W1,0.0086083,1394.0
Great Horned Owl,5,2,May_W2,0.0077482,4130.0
Great Horned Owl,5,3,May_W3,0.0037551,8788.0
Great Horned Owl,5,4,May_W4,0.0029967,3337.0
Great Horned Owl,6,1,Jun_W1,0.0020725,965.0
Great Horned Owl,6,2,Jun_W2,0.0070028,714.0
Great Horned Owl,6,3,Jun_W3,0.0016026,624.0
Great Horned Owl,6,4,Jun_W4,0.0085227,704.0
Great Horned Owl,7,1,Jul_W1,0.0043384,922.0
Great Horned Owl,7,2,Jul_W2,0.0046225,649.0
Great Horned Owl,7,3,Jul_W3,0.0037106,539.0
Great Horned Owl,7,4,Jul_W4,0.0041899,716.0
Great Horned Owl,8,1,Aug_W1,0.0055453,541.0
Great Horned Owl,8,2,Aug_W2,0.0021552,464.0
Great Horned Owl,8,3,Aug_W3,0.0128913,543.0
Great Horned Owl,8,4,Aug_W4,0.0091384,766.0
Great Horned Owl,9,1,Sep_W1,0.0062696,638.0
Great Horned Owl,9,2,Sep_W2,0.0113208,530.0
Great Horned Owl,9,3,Sep_W3,0.012,500.0
Great Horned Owl,9,4,Sep_W4,0.0083056,602.0
Great Horned Owl,10,1,Oct_W1,0.0185185,378.0
Great Horned Owl,10,2,Oct_W2,0.0068966,435.0
Great Horned Owl,10,3,Oct_W3,0.0025974,385.0
Great Horned Owl,10,4,Oct_W4,0.0,645.0
Great Horned Owl,11,1,Nov_W1,0.0046083,434.0
Great Horned Owl,11,2,Nov_W2,0.0015,468.0
Great Horned Owl,11,3,Nov_W3,0.0045351,441.0
Great Horned Owl,11,4,Nov_W4,0.0033333,600.0
Great Horned Owl,12,1,Dec_W1,0.0089686,446.0
Great Horned Owl,12,2,Dec_W2,0.0056711,529.0
Great Horned Owl,12,3,Dec_W3,0.0036232,552.0
Great Horned Owl,12,4,Dec_W4,0.0043165,695.0
Northern Hawk Owl,1,1,Jan_W1,0.0012151,823.0
Northern Hawk Owl,1,2,Jan_W2,0.0,605.0
Northern Hawk Owl,1,3,Jan_W3,0.0,523.0
Northern Hawk Owl,1,4,Jan_W4,0.0,730.0
Northern Hawk Owl,2,1,Feb_W1,0.0,496.0
Northern Hawk Owl,2,2,Feb_W2,0.0,822.0
Northern Hawk Owl,2,3,Feb_W3,0.0,1575.0
Northern Hawk Owl,2,4,Feb_W4,0.0,612.0
Northern Hawk Owl,3,1,Mar_W1,0.0,608.0
Northern Hawk Owl,3,2,Mar_W2,0.0,740.0
Northern Hawk Owl,3,3,Mar_W3,0.0,665.0
Northern Hawk Owl,3,4,Mar_W4,0.0,843.0
Northern Hawk Owl,4,1,Apr_W1,0.0,743.0
Northern Hawk Owl,4,2,Apr_W2,0.0,762.0
Northern Hawk Owl,4,3,Apr_W3,0.0,775.0
Northern Hawk Owl,4,4,Apr_W4,0.0,1200.0
Northern Hawk Owl,5,1,May_W1,0.0,1394.0
Northern Hawk Owl,5,2,May_W2,0.0,4130.0
Northern Hawk Owl,5,3,May_W3,0.0,8788.0
Northern Hawk Owl,5,4,May_W4,0.0,3337.0
Northern Hawk Owl,6,1,Jun_W1,0.0,965.0
Northern Hawk Owl,6,2,Jun_W2,0.0,714.0
Northern Hawk Owl,6,3,Jun_W3,0.0,624.0
Northern Hawk Owl,6,4,Jun_W4,0.0,704.0
Northern Hawk Owl,7,1,Jul_W1,0.0,922.0
Northern Hawk Owl,7,2,Jul_W2,0.0,649.0
Northern Hawk Owl,7,3,Jul_W3,0.0,539.0
Northern Hawk Owl,7,4,Jul_W4,0.0,716.0
Northern Hawk Owl,8,1,Aug_W1,0.0,541.0
Northern Hawk Owl,8,2,Aug_W2,0.0,464.0
Northern Hawk Owl,8,3,Aug_W3,0.0,543.0
Northern Hawk Owl,8,4,Aug_W4,0.0,766.0
Northern Hawk Owl,9,1,Sep_W1,0.0,638.0
Northern Hawk Owl,9,2,Sep_W2,0.0,530.0
Northern Hawk Owl,9,3,Sep_W3,0.0,500.0
Northern Hawk Owl,9,4,Sep_W4,0.0,602.0
Northern Hawk Owl,10,1,Oct_W1,0.0,378.0
Northern Hawk Owl,10,2,Oct_W2,0.0,435.0
Northern Hawk Owl,10,3,Oct_W3,0.0,385.0
Northern Hawk Owl,10,4,Oct_W4,0.0,645.0
Northern Hawk Owl,11,1,Nov_W1,0.0,434.0
Northern Hawk Owl,11,2,Nov_W2,0.0,468.0
Northern Hawk Owl,11,3,Nov_W3,0.0,441.0
Northern Hawk Owl,11,4,Nov_W4,0.0,600.0
Northern Hawk Owl,12,1,Dec_W1,0.0,446.0
Northern Hawk Owl,12,2,Dec_W2,0.0,529.0
Northern Hawk Owl,12,3,Dec_W3,0.0,552.0
Northern Hawk Owl,12,4,Dec_W4,0.0,695.0
Barred Owl,1,1,Jan_W1,0.0085055,823.0
Barred Owl,1,2,Jan_W2,0.0115702,605.0
Barred Owl,1,3,Jan_W3,0.0095602,523.0
Barred Owl,1,4,Jan_W4,0.0150685,730.0
Barred Owl,2,1,Feb_W1,0.0120968,496.0
Barred Owl,2,2,Feb_W2,0.0036496,822.0
Barred Owl,2,3,Feb_W3,0.0057143,1575.0
Barred Owl,2,4,Feb_W4,0.0114379,612.0
Barred Owl,3,1,Mar_W1,0.0197368,608.0
Barred Owl,3,2,Mar_W2,0.0067568,740.0
Barred Owl,3,3,Mar_W3,0.0030075,665.0
Barred Owl,3,4,Mar_W4,0.0035587,843.0
Barred Owl,4,1,Apr_W1,0.0148048,743.0
Barred Owl,4,2,Apr_W2,0.0183727,762.0
Barred Owl,4,3,Apr_W3,0.0103226,775.0
Barred Owl,4,4,Apr_W4,0.0075,1200.0
Barred Owl,5,1,May_W1,0.0200861,1394.0
Barred Owl,5,2,May_W2,0.0116223,4130.0
Barred Owl,5,3,May_W3,0.0177515,8788.0
Barred Owl,5,4,May_W4,0.0140845,3337.0
Barred Owl,6,1,Jun_W1,0.0072539,965.0
Barred Owl,6,2,Jun_W2,0.0140056,714.0
Barred Owl,6,3,Jun_W3,0.0128205,624.0
Barred Owl,6,4,Jun_W4,0.0099432,704.0
Barred Owl,7,1,Jul_W1,0.0097614,922.0
Barred Owl,7,2,Jul_W2,0.0061633,649.0
Barred Owl,7,3,Jul_W3,0.0092764,539.0
Barred Owl,7,4,Jul_W4,0.0041899,716.0
Barred Owl,8,1,Aug_W1,0.0055453,541.0
Barred Owl,8,2,Aug_W2,0.0043103,464.0
Barred Owl,8,3,Aug_W3,0.0202578,543.0
Barred Owl,8,4,Aug_W4,0.0052219,766.0
Barred Owl,9,1,Sep_W1,0.007837,638.0
Barred Owl,9,2,Sep_W2,0.0018868,530.0
Barred Owl,9,3,Sep_W3,0.01,500.0
Barred Owl,9,4,Sep_W4,0.0015,602.0
Barred Owl,10,1,Oct_W1,0.015873,378.0
Barred Owl,10,2,Oct_W2,0.0022989,435.0
Barred Owl,10,3,Oct_W3,0.0051948,385.0
Barred Owl,10,4,Oct_W4,0.0062016,645.0
Barred Owl,11,1,Nov_W1,0.016129,434.0
Barred Owl,11,2,Nov_W2,0.0042735,468.0
Barred Owl,11,3,Nov_W3,0.0068027,441.0
Barred Owl,11,4,Nov_W4,0.0016667,600.0
Barred Owl,12,1,Dec_W1,0.0,446.0
Barred Owl,12,2,Dec_W2,0.0037807,529.0
Barred Owl,12,3,Dec_W3,0.0054348,552.0
Barred Owl,12,4,Dec_W4,0.0043165,695.0
Long-eared Owl,1,1,Jan_W1,0.0,823.0
Long-eared Owl,1,2,Jan_W2,0.0,605.0
Long-eared Owl,1,3,Jan_W3,0.0,523.0
Long-eared Owl,1,4,Jan_W4,0.0,730.0
Long-eared Owl,2,1,Feb_W1,0.0,496.0
Long-eared Owl,2,2,Feb_W2,0.0,822.0
Long-eared Owl,2,3,Feb_W3,0.0,1575.0
Long-eared Owl,2,4,Feb_W4,0.0,612.0
Long-eared Owl,3,1,Mar_W1,0.0,608.0
Long-eared Owl,3,2,Mar_W2,0.0,740.0
Long-eared Owl,3,3,Mar_W3,0.006015,665.0
Long-eared Owl,3,4,Mar_W4,0.0,843.0
Long-eared Owl,4,1,Apr_W1,0.0013459,743.0
Long-eared Owl,4,2,Apr_W2,0.007874,762.0
Long-eared Owl,4,3,Apr_W3,0.0012903,775.0
Long-eared Owl,4,4,Apr_W4,0.0025,1200.0
Long-eared Owl,5,1,May_W1,0.0,1394.0
Long-eared Owl,5,2,May_W2,0.0,4130.0
Long-eared Owl,5,3,May_W3,0.0004552,8788.0
Long-eared Owl,5,4,May_W4,0.0,3337.0
Long-eared Owl,6,1,Jun_W1,0.0,965.0
Long-eared Owl,6,2,Jun_W2,0.0,714.0
Long-eared Owl,6,3,Jun_W3,0.0,624.0
Long-eared Owl,6,4,Jun_W4,0.0,704.0
Long-eared Owl,7,1,Jul_W1,0.0010846,922.0
Long-eared Owl,7,2,Jul_W2,0.0,649.0
Long-eared Owl,7,3,Jul_W3,0.0,539.0
Long-eared Owl,7,4,Jul_W4,0.0,716.0
Long-eared Owl,8,1,Aug_W1,0.0,541.0
Long-eared Owl,8,2,Aug_W2,0.0,464.0
Long-eared Owl,8,3,Aug_W3,0.0,543.0
Long-eared Owl,8,4,Aug_W4,0.0,766.0
Long-eared Owl,9,1,Sep_W1,0.0,638.0
Long-eared Owl,9,2,Sep_W2,0.0,530.0
Long-eared Owl,9,3,Sep_W3,0.0,500.0
Long-eared Owl,9,4,Sep_W4,0.0,602.0
Long-eared Owl,10,1,Oct_W1,0.0,378.0
Long-eared Owl,10,2,Oct_W2,0.0022989,435.0
Long-eared Owl,10,3,Oct_W3,0.0,385.0
Long-eared Owl,10,4,Oct_W4,0.0031008,645.0
Long-eared Owl,11,1,Nov_W1,0.0015,434.0
Long-eared Owl,11,2,Nov_W2,0.0021368,468.0
Long-eared Owl,11,3,Nov_W3,0.0,441.0
Long-eared Owl,11,4,Nov_W4,0.0016667,600.0
Long-eared Owl,12,1,Dec_W1,0.0,446.0
Long-eared Owl,12,2,Dec_W2,0.0,529.0
Long-eared Owl,12,3,Dec_W3,0.0018116,552.0
Long-eared Owl,12,4,Dec_W4,0.0014388,695.0
Short-eared Owl,1,1,Jan_W1,0.0036452,823.0
Short-eared Owl,1,2,Jan_W2,0.0082645,605.0
Short-eared Owl,1,3,Jan_W3,0.0038241,523.0
Short-eared Owl,1,4,Jan_W4,0.0,730.0
Short-eared Owl,2,1,Feb_W1,0.0020161,496.0
Short-eared Owl,2,2,Feb_W2,0.0,822.0
Short-eared Owl,2,3,Feb_W3,0.0,1575.0
Short-eared Owl,2,4,Feb_W4,0.0,612.0
Short-eared Owl,3,1,Mar_W1,0.0,608.0
Short-eared Owl,3,2,Mar_W2,0.0,740.0
Short-eared Owl,3,3,Mar_W3,0.0015038,665.0
Short-eared Owl,3,4,Mar_W4,0.0011862,843.0
Short-eared Owl,4,1,Apr_W1,0.0040377,743.0
Short-eared Owl,4,2,Apr_W2,0.003937,762.0
Short-eared Owl,4,3,Apr_W3,0.0015,775.0
Short-eared Owl,4,4,Apr_W4,0.0016667,1200.0
Short-eared Owl,5,1,May_W1,0.0007174,1394.0
Short-eared Owl,5,2,May_W2,0.0,4130.0
Short-eared Owl,5,3,May_W3,0.0,8788.0
Short-eared Owl,5,4,May_W4,0.0,3337.0
Short-eared Owl,6,1,Jun_W1,0.0,965.0
Short-eared Owl,6,2,Jun_W2,0.0,714.0
Short-eared Owl,6,3,Jun_W3,0.0,624.0
Short-eared Owl,6,4,Jun_W4,0.0,704.0
Short-eared Owl,7,1,Jul_W1,0.0,922.0
Short-eared Owl,7,2,Jul_W2,0.0,649.0
Short-eared Owl,7,3,Jul_W3,0.0,539.0
Short-eared Owl,7,4,Jul_W4,0.0,716.0
Short-eared Owl,8,1,Aug_W1,0.0,541.0
Short-eared Owl,8,2,Aug_W2,0.0,464.0
Short-eared Owl,8,3,Aug_W3,0.0,543.0
Short-eared Owl,8,4,Aug_W4,0.0,766.0
Short-eared Owl,9,1,Sep_W1,0.0,638.0
Short-eared Owl,9,2,Sep_W2,0.0,530.0
Short-eared Owl,9,3,Sep_W3,0.0,500.0
Short-eared Owl,9,4,Sep_W4,0.0016611,602.0
Short-eared Owl,10,1,Oct_W1,0.010582,378.0
Short-eared Owl,10,2,Oct_W2,0.0022989,435.0
Short-eared Owl,10,3,Oct_W3,0.0025974,385.0
Short-eared Owl,10,4,Oct_W4,0.0062016,645.0
Short-eared Owl,11,1,Nov_W1,0.0184332,434.0
Short-eared Owl,11,2,Nov_W2,0.0021368,468.0
Short-eared Owl,11,3,Nov_W3,0.0045351,441.0
Short-eared Owl,11,4,Nov_W4,0.0,600.0
Short-eared Owl,12,1,Dec_W1,0.0022422,446.0
Short-eared Owl,12,2,Dec_W2,0.0,529.0
Short-eared Owl,12,3,Dec_W3,0.0,552.0
Short-eared Owl,12,4,Dec_W4,0.0043165,695.0
Northern Saw-whet Owl,1,1,Jan_W1,0.0,823.0
Northern Saw-whet Owl,1,2,Jan_W2,0.0066116,605.0
Northern Saw-whet Owl,1,3,Jan_W3,0.0,523.0
Northern Saw-whet Owl,1,4,Jan_W4,0.0,730.0
Northern Saw-whet Owl,2,1,Feb_W1,0.0015,496.0
Northern Saw-whet Owl,2,2,Feb_W2,0.0012165,822.0
Northern Saw-whet Owl,2,3,Feb_W3,0.0006349,1575.0
Northern Saw-whet Owl,2,4,Feb_W4,0.0,612.0
Northern Saw-whet Owl,3,1,Mar_W1,0.0049342,608.0
Northern Saw-whet Owl,3,2,Mar_W2,0.0040541,740.0
Northern Saw-whet Owl,3,3,Mar_W3,0.0,665.0
Northern Saw-whet Owl,3,4,Mar_W4,0.0023725,843.0
Northern Saw-whet Owl,4,1,Apr_W1,0.0,743.0
Northern Saw-whet Owl,4,2,Apr_W2,0.0013123,762.0
Northern Saw-whet Owl,4,3,Apr_W3,0.0012903,775.0
Northern Saw-whet Owl,4,4,Apr_W4,0.0016667,1200.0
Northern Saw-whet Owl,5,1,May_W1,0.0,1394.0
Northern Saw-whet Owl,5,2,May_W2,0.0012107,4130.0
Northern Saw-whet Owl,5,3,May_W3,0.0015931,8788.0
Northern Saw-whet Owl,5,4,May_W4,0.0011987,3337.0
Northern Saw-whet Owl,6,1,Jun_W1,0.0010363,965.0
Northern Saw-whet Owl,6,2,Jun_W2,0.0014006,714.0
Northern Saw-whet Owl,6,3,Jun_W3,0.0,624.0
Northern Saw-whet Owl,6,4,Jun_W4,0.0,704.0
Northern Saw-whet Owl,7,1,Jul_W1,0.0,922.0
Northern Saw-whet Owl,7,2,Jul_W2,0.0,649.0
Northern Saw-whet Owl,7,3,Jul_W3,0.0,539.0
Northern Saw-whet Owl,7,4,Jul_W4,0.0,716.0
Northern Saw-whet Owl,8,1,Aug_W1,0.0,541.0
Northern Saw-whet Owl,8,2,Aug_W2,0.0,464.0
Northern Saw-whet Owl,8,3,Aug_W3,0.0,543.0
Northern Saw-whet Owl,8,4,Aug_W4,0.0,766.0
Northern Saw-whet Owl,9,1,Sep_W1,0.0,638.0
Northern Saw-whet Owl,9,2,Sep_W2,0.0,530.0
Northern Saw-whet Owl,9,3,Sep_W3,0.0015,500.0
Northern Saw-whet Owl,9,4,Sep_W4,0.0,602.0
Northern Saw-whet Owl,10,1,Oct_W1,0.0015,378.0
Northern Saw-whet Owl,10,2,Oct_W2,0.0022989,435.0
Northern Saw-whet Owl,10,3,Oct_W3,0.0,385.0
Northern Saw-whet Owl,10,4,Oct_W4,0.0015504,645.0
Northern Saw-whet Owl,11,1,Nov_W1,0.0015,434.0
Northern Saw-whet Owl,11,2,Nov_W2,0.0021368,468.0
Northern Saw-whet Owl,11,3,Nov_W3,0.0045351,441.0
Northern Saw-whet Owl,11,4,Nov_W4,0.0,600.0
Northern Saw-whet Owl,12,1,Dec_W1,0.0,446.0
Northern Saw-whet Owl,12,2,Dec_W2,0.0,529.0
Northern Saw-whet Owl,12,3,Dec_W3,0.0,552.0
Northern Saw-whet Owl,12,4,Dec_W4,0.0,695.0
Belted Kingfisher,1,1,Jan_W1,0.0060753,823.0
Belted Kingfisher,1,2,Jan_W2,0.0082645,605.0
Belted Kingfisher,1,3,Jan_W3,0.0133843,523.0
Belted Kingfisher,1,4,Jan_W4,0.0136986,730.0
Belted Kingfisher,2,1,Feb_W1,0.0181452,496.0
Belted Kingfisher,2,2,Feb_W2,0.0072993,822.0
Belted Kingfisher,2,3,Feb_W3,0.0031746,1575.0
Belted Kingfisher,2,4,Feb_W4,0.0245098,612.0
Belted Kingfisher,3,1,Mar_W1,0.0148026,608.0
Belted Kingfisher,3,2,Mar_W2,0.0243243,740.0
Belted Kingfisher,3,3,Mar_W3,0.0240602,665.0
Belted Kingfisher,3,4,Mar_W4,0.0818505,843.0
Belted Kingfisher,4,1,Apr_W1,0.1372813,743.0
Belted Kingfisher,4,2,Apr_W2,0.2178478,762.0
Belted Kingfisher,4,3,Apr_W3,0.24,775.0
Belted Kingfisher,4,4,Apr_W4,0.2541667,1200.0
Belted Kingfisher,5,1,May_W1,0.2826399,1394.0
Belted Kingfisher,5,2,May_W2,0.2012107,4130.0
Belted Kingfisher,5,3,May_W3,0.1560082,8788.0
Belted Kingfisher,5,4,May_W4,0.1549296,3337.0
Belted Kingfisher,6,1,Jun_W1,0.1492228,965.0
Belted Kingfisher,6,2,Jun_W2,0.1442577,714.0
Belted Kingfisher,6,3,Jun_W3,0.1394231,624.0
Belted Kingfisher,6,4,Jun_W4,0.203125,704.0
Belted Kingfisher,7,1,Jul_W1,0.1887202,922.0
Belted Kingfisher,7,2,Jul_W2,0.2619414,649.0
Belted Kingfisher,7,3,Jul_W3,0.2745826,539.0
Belted Kingfisher,7,4,Jul_W4,0.3156425,716.0
Belted Kingfisher,8,1,Aug_W1,0.3456562,541.0
Belted Kingfisher,8,2,Aug_W2,0.3168103,464.0
Belted Kingfisher,8,3,Aug_W3,0.3130755,543.0
Belted Kingfisher,8,4,Aug_W4,0.3903394,766.0
Belted Kingfisher,9,1,Sep_W1,0.468652,638.0
Belted Kingfisher,9,2,Sep_W2,0.4339623,530.0
Belted Kingfisher,9,3,Sep_W3,0.442,500.0
Belted Kingfisher,9,4,Sep_W4,0.4003322,602.0
Belted Kingfisher,10,1,Oct_W1,0.2883598,378.0
Belted Kingfisher,10,2,Oct_W2,0.2551724,435.0
Belted Kingfisher,10,3,Oct_W3,0.1428571,385.0
Belted Kingfisher,10,4,Oct_W4,0.0651163,645.0
Belted Kingfisher,11,1,Nov_W1,0.0276498,434.0
Belted Kingfisher,11,2,Nov_W2,0.0149573,468.0
Belted Kingfisher,11,3,Nov_W3,0.015873,441.0
Belted Kingfisher,11,4,Nov_W4,0.0316667,600.0
Belted Kingfisher,12,1,Dec_W1,0.0246637,446.0
Belted Kingfisher,12,2,Dec_W2,0.0094518,529.0
Belted Kingfisher,12,3,Dec_W3,0.0072464,552.0
Belted Kingfisher,12,4,Dec_W4,0.0100719,695.0
Yellow-bellied Sapsucker,1,1,Jan_W1,0.0,823.0
Yellow-bellied Sapsucker,1,2,Jan_W2,0.0,605.0
Yellow-bellied Sapsucker,1,3,Jan_W3,0.0,523.0
Yellow-bellied Sapsucker,1,4,Jan_W4,0.0,730.0
Yellow-bellied Sapsucker,2,1,Feb_W1,0.0,496.0
Yellow-bellied Sapsucker,2,2,Feb_W2,0.0,822.0
Yellow-bellied Sapsucker,2,3,Feb_W3,0.0,1575.0
Yellow-bellied Sapsucker,2,4,Feb_W4,0.0,612.0
Yellow-bellied Sapsucker,3,1,Mar_W1,0.0,608.0
Yellow-bellied Sapsucker,3,2,Mar_W2,0.0,740.0
Yellow-bellied Sapsucker,3,3,Mar_W3,0.0,665.0
Yellow-bellied Sapsucker,3,4,Mar_W4,0.0035587,843.0
Yellow-bellied Sapsucker,4,1,Apr_W1,0.0430686,743.0
Yellow-bellied Sapsucker,4,2,Apr_W2,0.1456693,762.0
Yellow-bellied Sapsucker,4,3,Apr_W3,0.1870968,775.0
Yellow-bellied Sapsucker,4,4,Apr_W4,0.1716667,1200.0
Yellow-bellied Sapsucker,5,1,May_W1,0.1413199,1394.0
Yellow-bellied Sapsucker,5,2,May_W2,0.0663438,4130.0
Yellow-bellied Sapsucker,5,3,May_W3,0.0529131,8788.0
Yellow-bellied Sapsucker,5,4,May_W4,0.0626311,3337.0
Yellow-bellied Sapsucker,6,1,Jun_W1,0.0797927,965.0
Yellow-bellied Sapsucker,6,2,Jun_W2,0.0840336,714.0
Yellow-bellied Sapsucker,6,3,Jun_W3,0.1041667,624.0
Yellow-bellied Sapsucker,6,4,Jun_W4,0.1335227,704.0
Yellow-bellied Sapsucker,7,1,Jul_W1,0.1062907,922.0
Yellow-bellied Sapsucker,7,2,Jul_W2,0.0816641,649.0
Yellow-bellied Sapsucker,7,3,Jul_W3,0.0760668,539.0
Yellow-bellied Sapsucker,7,4,Jul_W4,0.047486,716.0
Yellow-bellied Sapsucker,8,1,Aug_W1,0.0480591,541.0
Yellow-bellied Sapsucker,8,2,Aug_W2,0.0625,464.0
Yellow-bellied Sapsucker,8,3,Aug_W3,0.0736648,543.0
Yellow-bellied Sapsucker,8,4,Aug_W4,0.0587467,766.0
Yellow-bellied Sapsucker,9,1,Sep_W1,0.0783699,638.0
Yellow-bellied Sapsucker,9,2,Sep_W2,0.0924528,530.0
Yellow-bellied Sapsucker,9,3,Sep_W3,0.108,500.0
Yellow-bellied Sapsucker,9,4,Sep_W4,0.2076412,602.0
Yellow-bellied Sapsucker,10,1,Oct_W1,0.1931217,378.0
Yellow-bellied Sapsucker,10,2,Oct_W2,0.0666667,435.0
Yellow-bellied Sapsucker,10,3,Oct_W3,0.0233766,385.0
Yellow-bellied Sapsucker,10,4,Oct_W4,0.0031008,645.0
Yellow-bellied Sapsucker,11,1,Nov_W1,0.0,434.0
Yellow-bellied Sapsucker,11,2,Nov_W2,0.0,468.0
Yellow-bellied Sapsucker,11,3,Nov_W3,0.0,441.0
Yellow-bellied Sapsucker,11,4,Nov_W4,0.0,600.0
Yellow-bellied Sapsucker,12,1,Dec_W1,0.0,446.0
Yellow-bellied Sapsucker,12,2,Dec_W2,0.0,529.0
Yellow-bellied Sapsucker,12,3,Dec_W3,0.0015,552.0
Yellow-bellied Sapsucker,12,4,Dec_W4,0.0,695.0
Red-headed Woodpecker,1,1,Jan_W1,0.0352369,823.0
Red-headed Woodpecker,1,2,Jan_W2,0.0429752,605.0
Red-headed Woodpecker,1,3,Jan_W3,0.040153,523.0
Red-headed Woodpecker,1,4,Jan_W4,0.0575342,730.0
Red-headed Woodpecker,2,1,Feb_W1,0.0383065,496.0
Red-headed Woodpecker,2,2,Feb_W2,0.040146,822.0
Red-headed Woodpecker,2,3,Feb_W3,0.0444444,1575.0
Red-headed Woodpecker,2,4,Feb_W4,0.0441176,612.0
Red-headed Woodpecker,3,1,Mar_W1,0.0279605,608.0
Red-headed Woodpecker,3,2,Mar_W2,0.0337838,740.0
Red-headed Woodpecker,3,3,Mar_W3,0.0330827,665.0
Red-headed Woodpecker,3,4,Mar_W4,0.0415184,843.0
Red-headed Woodpecker,4,1,Apr_W1,0.0376851,743.0
Red-headed Woodpecker,4,2,Apr_W2,0.0314961,762.0
Red-headed Woodpecker,4,3,Apr_W3,0.0322581,775.0
Red-headed Woodpecker,4,4,Apr_W4,0.0525,1200.0
Red-headed Woodpecker,5,1,May_W1,0.1327116,1394.0
Red-headed Woodpecker,5,2,May_W2,0.2266344,4130.0
Red-headed Woodpecker,5,3,May_W3,0.1701183,8788.0
Red-headed Woodpecker,5,4,May_W4,0.1384477,3337.0
Red-headed Woodpecker,6,1,Jun_W1,0.1036269,965.0
Red-headed Woodpecker,6,2,Jun_W2,0.105042,714.0
Red-headed Woodpecker,6,3,Jun_W3,0.1314103,624.0
Red-headed Woodpecker,6,4,Jun_W4,0.1079545,704.0
Red-headed Woodpecker,7,1,Jul_W1,0.1420824,922.0
Red-headed Woodpecker,7,2,Jul_W2,0.0909091,649.0
Red-headed Woodpecker,7,3,Jul_W3,0.1076067,539.0
Red-headed Woodpecker,7,4,Jul_W4,0.1438547,716.0
Red-headed Woodpecker,8,1,Aug_W1,0.1238447,541.0
Red-headed Woodpecker,8,2,Aug_W2,0.0926724,464.0
Red-headed Woodpecker,8,3,Aug_W3,0.0976059,543.0
Red-headed Woodpecker,8,4,Aug_W4,0.1018277,766.0
Red-headed Woodpecker,9,1,Sep_W1,0.0893417,638.0
Red-headed Woodpecker,9,2,Sep_W2,0.0943396,530.0
Red-headed Woodpecker,9,3,Sep_W3,0.084,500.0
Red-headed Woodpecker,9,4,Sep_W4,0.0581395,602.0
Red-headed Woodpecker,10,1,Oct_W1,0.031746,378.0
Red-headed Woodpecker,10,2,Oct_W2,0.0321839,435.0
Red-headed Woodpecker,10,3,Oct_W3,0.0363636,385.0
Red-headed Woodpecker,10,4,Oct_W4,0.020155,645.0
Red-headed Woodpecker,11,1,Nov_W1,0.016129,434.0
Red-headed Woodpecker,11,2,Nov_W2,0.0149573,468.0
Red-headed Woodpecker,11,3,Nov_W3,0.0181406,441.0
Red-headed Woodpecker,11,4,Nov_W4,0.0133333,600.0
Red-headed Woodpecker,12,1,Dec_W1,0.0224215,446.0
Red-headed Woodpecker,12,2,Dec_W2,0.0226843,529.0
Red-headed Woodpecker,12,3,Dec_W3,0.0525362,552.0
Red-headed Woodpecker,12,4,Dec_W4,0.0201439,695.0
Red-bellied Woodpecker,1,1,Jan_W1,0.2636695,823.0
Red-bellied Woodpecker,1,2,Jan_W2,0.3090909,605.0
Red-bellied Woodpecker,1,3,Jan_W3,0.3499044,523.0
Red-bellied Woodpecker,1,4,Jan_W4,0.3931507,730.0
Red-bellied Woodpecker,2,1,Feb_W1,0.3548387,496.0
Red-bellied Woodpecker,2,2,Feb_W2,0.406326,822.0
Red-bellied Woodpecker,2,3,Feb_W3,0.392381,1575.0
Red-bellied Woodpecker,2,4,Feb_W4,0.2843137,612.0
Red-bellied Woodpecker,3,1,Mar_W1,0.2944079,608.0
Red-bellied Woodpecker,3,2,Mar_W2,0.2324324,740.0
Red-bellied Woodpecker,3,3,Mar_W3,0.2406015,665.0
Red-bellied Woodpecker,3,4,Mar_W4,0.2313167,843.0
Red-bellied Woodpecker,4,1,Apr_W1,0.2126514,743.0
Red-bellied Woodpecker,4,2,Apr_W2,0.2257218,762.0
Red-bellied Woodpecker,4,3,Apr_W3,0.2451613,775.0
Red-bellied Woodpecker,4,4,Apr_W4,0.2891667,1200.0
Red-bellied Woodpecker,5,1,May_W1,0.3378766,1394.0
Red-bellied Woodpecker,5,2,May_W2,0.3510896,4130.0
Red-bellied Woodpecker,5,3,May_W3,0.2947201,8788.0
Red-bellied Woodpecker,5,4,May_W4,0.2556188,3337.0
Red-bellied Woodpecker,6,1,Jun_W1,0.1647668,965.0
Red-bellied Woodpecker,6,2,Jun_W2,0.1512605,714.0
Red-bellied Woodpecker,6,3,Jun_W3,0.1987179,624.0
Red-bellied Woodpecker,6,4,Jun_W4,0.1349432,704.0
Red-bellied Woodpecker,7,1,Jul_W1,0.1550976,922.0
Red-bellied Woodpecker,7,2,Jul_W2,0.1432974,649.0
Red-bellied Woodpecker,7,3,Jul_W3,0.1632653,539.0
Red-bellied Woodpecker,7,4,Jul_W4,0.1410615,716.0
Red-bellied Woodpecker,8,1,Aug_W1,0.1201479,541.0
Red-bellied Woodpecker,8,2,Aug_W2,0.1637931,464.0
Red-bellied Woodpecker,8,3,Aug_W3,0.1178637,543.0
Red-bellied Woodpecker,8,4,Aug_W4,0.118799,766.0
Red-bellied Woodpecker,9,1,Sep_W1,0.1065831,638.0
Red-bellied Woodpecker,9,2,Sep_W2,0.1358491,530.0
Red-bellied Woodpecker,9,3,Sep_W3,0.146,500.0
Red-bellied Woodpecker,9,4,Sep_W4,0.1843854,602.0
Red-bellied Woodpecker,10,1,Oct_W1,0.2539683,378.0
Red-bellied Woodpecker,10,2,Oct_W2,0.2390805,435.0
Red-bellied Woodpecker,10,3,Oct_W3,0.2571429,385.0
Red-bellied Woodpecker,10,4,Oct_W4,0.2217054,645.0
Red-bellied Woodpecker,11,1,Nov_W1,0.2488479,434.0
Red-bellied Woodpecker,11,2,Nov_W2,0.258547,468.0
Red-bellied Woodpecker,11,3,Nov_W3,0.2585034,441.0
Red-bellied Woodpecker,11,4,Nov_W4,0.26,600.0
Red-bellied Woodpecker,12,1,Dec_W1,0.3183857,446.0
Red-bellied Woodpecker,12,2,Dec_W2,0.2551985,529.0
Red-bellied Woodpecker,12,3,Dec_W3,0.3297101,552.0
Red-bellied Woodpecker,12,4,Dec_W4,0.3151079,695.0
Black-backed Woodpecker,1,1,Jan_W1,0.0,823.0
Black-backed Woodpecker,1,2,Jan_W2,0.0,605.0
Black-backed Woodpecker,1,3,Jan_W3,0.0,523.0
Black-backed Woodpecker,1,4,Jan_W4,0.0,730.0
Black-backed Woodpecker,2,1,Feb_W1,0.0,496.0
Black-backed Woodpecker,2,2,Feb_W2,0.0,822.0
Black-backed Woodpecker,2,3,Feb_W3,0.0,1575.0
Black-backed Woodpecker,2,4,Feb_W4,0.0,612.0
Black-backed Woodpecker,3,1,Mar_W1,0.0,608.0
Black-backed Woodpecker,3,2,Mar_W2,0.0,740.0
Black-backed Woodpecker,3,3,Mar_W3,0.0,665.0
Black-backed Woodpecker,3,4,Mar_W4,0.0,843.0
Black-backed Woodpecker,4,1,Apr_W1,0.0,743.0
Black-backed Woodpecker,4,2,Apr_W2,0.0,762.0
Black-backed Woodpecker,4,3,Apr_W3,0.0,775.0
Black-backed Woodpecker,4,4,Apr_W4,0.0,1200.0
Black-backed Woodpecker,5,1,May_W1,0.0,1394.0
Black-backed Woodpecker,5,2,May_W2,0.0,4130.0
Black-backed Woodpecker,5,3,May_W3,0.0001138,8788.0
Black-backed Woodpecker,5,4,May_W4,0.0,3337.0
Black-backed Woodpecker,6,1,Jun_W1,0.0,965.0
Black-backed Woodpecker,6,2,Jun_W2,0.0,714.0
Black-backed Woodpecker,6,3,Jun_W3,0.0,624.0
Black-backed Woodpecker,6,4,Jun_W4,0.0,704.0
Black-backed Woodpecker,7,1,Jul_W1,0.0,922.0
Black-backed Woodpecker,7,2,Jul_W2,0.0,649.0
Black-backed Woodpecker,7,3,Jul_W3,0.0,539.0
Black-backed Woodpecker,7,4,Jul_W4,0.0,716.0
Black-backed Woodpecker,8,1,Aug_W1,0.0,541.0
Black-backed Woodpecker,8,2,Aug_W2,0.0,464.0
Black-backed Woodpecker,8,3,Aug_W3,0.0,543.0
Black-backed Woodpecker,8,4,Aug_W4,0.0,766.0
Black-backed Woodpecker,9,1,Sep_W1,0.0,638.0
Black-backed Woodpecker,9,2,Sep_W2,0.0,530.0
Black-backed Woodpecker,9,3,Sep_W3,0.0,500.0
Black-backed Woodpecker,9,4,Sep_W4,0.0,602.0
Black-backed Woodpecker,10,1,Oct_W1,0.0,378.0
Black-backed Woodpecker,10,2,Oct_W2,0.0,435.0
Black-backed Woodpecker,10,3,Oct_W3,0.0,385.0
Black-backed Woodpecker,10,4,Oct_W4,0.0,645.0
Black-backed Woodpecker,11,1,Nov_W1,0.0,434.0
Black-backed Woodpecker,11,2,Nov_W2,0.0,468.0
Black-backed Woodpecker,11,3,Nov_W3,0.0,441.0
Black-backed Woodpecker,11,4,Nov_W4,0.0,600.0
Black-backed Woodpecker,12,1,Dec_W1,0.0,446.0
Black-backed Woodpecker,12,2,Dec_W2,0.0,529.0
Black-backed Woodpecker,12,3,Dec_W3,0.0,552.0
Black-backed Woodpecker,12,4,Dec_W4,0.0,695.0
Downy Woodpecker,1,1,Jan_W1,0.3001215,823.0
Downy Woodpecker,1,2,Jan_W2,0.3652893,605.0
Downy Woodpecker,1,3,Jan_W3,0.4110899,523.0
Downy Woodpecker,1,4,Jan_W4,0.4178082,730.0
Downy Woodpecker,2,1,Feb_W1,0.3810484,496.0
Downy Woodpecker,2,2,Feb_W2,0.4549878,822.0
Downy Woodpecker,2,3,Feb_W3,0.4431746,1575.0
Downy Woodpecker,2,4,Feb_W4,0.3251634,612.0
Downy Woodpecker,3,1,Mar_W1,0.3092105,608.0
Downy Woodpecker,3,2,Mar_W2,0.2486486,740.0
Downy Woodpecker,3,3,Mar_W3,0.2917293,665.0
Downy Woodpecker,3,4,Mar_W4,0.2728351,843.0
Downy Woodpecker,4,1,Apr_W1,0.269179,743.0
Downy Woodpecker,4,2,Apr_W2,0.2532808,762.0
Downy Woodpecker,4,3,Apr_W3,0.28,775.0
Downy Woodpecker,4,4,Apr_W4,0.3083333,1200.0
Downy Woodpecker,5,1,May_W1,0.3199426,1394.0
Downy Woodpecker,5,2,May_W2,0.2985472,4130.0
Downy Woodpecker,5,3,May_W3,0.2067592,8788.0
Downy Woodpecker,5,4,May_W4,0.1672161,3337.0
Downy Woodpecker,6,1,Jun_W1,0.0984456,965.0
Downy Woodpecker,6,2,Jun_W2,0.1134454,714.0
Downy Woodpecker,6,3,Jun_W3,0.1201923,624.0
Downy Woodpecker,6,4,Jun_W4,0.1264205,704.0
Downy Woodpecker,7,1,Jul_W1,0.1258134,922.0
Downy Woodpecker,7,2,Jul_W2,0.1448382,649.0
Downy Woodpecker,7,3,Jul_W3,0.1836735,539.0
Downy Woodpecker,7,4,Jul_W4,0.1969274,716.0
Downy Woodpecker,8,1,Aug_W1,0.2218115,541.0
Downy Woodpecker,8,2,Aug_W2,0.2176724,464.0
Downy Woodpecker,8,3,Aug_W3,0.2338858,543.0
Downy Woodpecker,8,4,Aug_W4,0.2375979,766.0
Downy Woodpecker,9,1,Sep_W1,0.2523511,638.0
Downy Woodpecker,9,2,Sep_W2,0.2811321,530.0
Downy Woodpecker,9,3,Sep_W3,0.326,500.0
Downy Woodpecker,9,4,Sep_W4,0.333887,602.0
Downy Woodpecker,10,1,Oct_W1,0.3624339,378.0
Downy Woodpecker,10,2,Oct_W2,0.3287356,435.0
Downy Woodpecker,10,3,Oct_W3,0.2961039,385.0
Downy Woodpecker,10,4,Oct_W4,0.2728682,645.0
Downy Woodpecker,11,1,Nov_W1,0.2880184,434.0
Downy Woodpecker,11,2,Nov_W2,0.3311966,468.0
Downy Woodpecker,11,3,Nov_W3,0.2902494,441.0
Downy Woodpecker,11,4,Nov_W4,0.235,600.0
Downy Woodpecker,12,1,Dec_W1,0.3587444,446.0
Downy Woodpecker,12,2,Dec_W2,0.3005671,529.0
Downy Woodpecker,12,3,Dec_W3,0.3478261,552.0
Downy Woodpecker,12,4,Dec_W4,0.3669065,695.0
Hairy Woodpecker,1,1,Jan_W1,0.2162819,823.0
Hairy Woodpecker,1,2,Jan_W2,0.2429752,605.0
Hairy Woodpecker,1,3,Jan_W3,0.2715105,523.0
Hairy Woodpecker,1,4,Jan_W4,0.2616438,730.0
Hairy Woodpecker,2,1,Feb_W1,0.2600806,496.0
Hairy Woodpecker,2,2,Feb_W2,0.3138686,822.0
Hairy Woodpecker,2,3,Feb_W3,0.295873,1575.0
Hairy Woodpecker,2,4,Feb_W4,0.1830065,612.0
Hairy Woodpecker,3,1,Mar_W1,0.1842105,608.0
Hairy Woodpecker,3,2,Mar_W2,0.1554054,740.0
Hairy Woodpecker,3,3,Mar_W3,0.1458647,665.0
Hairy Woodpecker,3,4,Mar_W4,0.1316726,843.0
Hairy Woodpecker,4,1,Apr_W1,0.1197847,743.0
Hairy Woodpecker,4,2,Apr_W2,0.1325459,762.0
Hairy Woodpecker,4,3,Apr_W3,0.1393548,775.0
Hairy Woodpecker,4,4,Apr_W4,0.15,1200.0
Hairy Woodpecker,5,1,May_W1,0.1449067,1394.0
Hairy Woodpecker,5,2,May_W2,0.1215496,4130.0
Hairy Woodpecker,5,3,May_W3,0.0772645,8788.0
Hairy Woodpecker,5,4,May_W4,0.0761163,3337.0
Hairy Woodpecker,6,1,Jun_W1,0.0860104,965.0
Hairy Woodpecker,6,2,Jun_W2,0.0938375,714.0
Hairy Woodpecker,6,3,Jun_W3,0.1153846,624.0
Hairy Woodpecker,6,4,Jun_W4,0.0795455,704.0
Hairy Woodpecker,7,1,Jul_W1,0.0791757,922.0
Hairy Woodpecker,7,2,Jul_W2,0.0862866,649.0
Hairy Woodpecker,7,3,Jul_W3,0.0723562,539.0
Hairy Woodpecker,7,4,Jul_W4,0.1005587,716.0
Hairy Woodpecker,8,1,Aug_W1,0.1219963,541.0
Hairy Woodpecker,8,2,Aug_W2,0.1206897,464.0
Hairy Woodpecker,8,3,Aug_W3,0.1104972,543.0
Hairy Woodpecker,8,4,Aug_W4,0.1148825,766.0
Hairy Woodpecker,9,1,Sep_W1,0.1144201,638.0
Hairy Woodpecker,9,2,Sep_W2,0.1018868,530.0
Hairy Woodpecker,9,3,Sep_W3,0.124,500.0
Hairy Woodpecker,9,4,Sep_W4,0.154485,602.0
Hairy Woodpecker,10,1,Oct_W1,0.1534392,378.0
Hairy Woodpecker,10,2,Oct_W2,0.1609195,435.0
Hairy Woodpecker,10,3,Oct_W3,0.174026,385.0
Hairy Woodpecker,10,4,Oct_W4,0.1565891,645.0
Hairy Woodpecker,11,1,Nov_W1,0.1912442,434.0
Hairy Woodpecker,11,2,Nov_W2,0.1901709,468.0
Hairy Woodpecker,11,3,Nov_W3,0.1473923,441.0
Hairy Woodpecker,11,4,Nov_W4,0.15,600.0
Hairy Woodpecker,12,1,Dec_W1,0.1860987,446.0
Hairy Woodpecker,12,2,Dec_W2,0.1871456,529.0
Hairy Woodpecker,12,3,Dec_W3,0.2065217,552.0
Hairy Woodpecker,12,4,Dec_W4,0.2057554,695.0
Pileated Woodpecker,1,1,Jan_W1,0.1579587,823.0
Pileated Woodpecker,1,2,Jan_W2,0.1950413,605.0
Pileated Woodpecker,1,3,Jan_W3,0.2466539,523.0
Pileated Woodpecker,1,4,Jan_W4,0.190411,730.0
Pileated Woodpecker,2,1,Feb_W1,0.2197581,496.0
Pileated Woodpecker,2,2,Feb_W2,0.2189781,822.0
Pileated Woodpecker,2,3,Feb_W3,0.2019048,1575.0
Pileated Woodpecker,2,4,Feb_W4,0.1519608,612.0
Pileated Woodpecker,3,1,Mar_W1,0.1496711,608.0
Pileated Woodpecker,3,2,Mar_W2,0.1162162,740.0
Pileated Woodpecker,3,3,Mar_W3,0.1097744,665.0
Pileated Woodpecker,3,4,Mar_W4,0.088968,843.0
Pileated Woodpecker,4,1,Apr_W1,0.1009421,743.0
Pileated Woodpecker,4,2,Apr_W2,0.1115486,762.0
Pileated Woodpecker,4,3,Apr_W3,0.1277419,775.0
Pileated Woodpecker,4,4,Apr_W4,0.1216667,1200.0
Pileated Woodpecker,5,1,May_W1,0.1119082,1394.0
Pileated Woodpecker,5,2,May_W2,0.0668281,4130.0
Pileated Woodpecker,5,3,May_W3,0.0479062,8788.0
Pileated Woodpecker,5,4,May_W4,0.0590351,3337.0
Pileated Woodpecker,6,1,Jun_W1,0.0746114,965.0
Pileated Woodpecker,6,2,Jun_W2,0.092437,714.0
Pileated Woodpecker,6,3,Jun_W3,0.0865385,624.0
Pileated Woodpecker,6,4,Jun_W4,0.0568182,704.0
Pileated Woodpecker,7,1,Jul_W1,0.0585683,922.0
Pileated Woodpecker,7,2,Jul_W2,0.0631741,649.0
Pileated Woodpecker,7,3,Jul_W3,0.0556586,539.0
Pileated Woodpecker,7,4,Jul_W4,0.0405028,716.0
Pileated Woodpecker,8,1,Aug_W1,0.0573013,541.0
Pileated Woodpecker,8,2,Aug_W2,0.1034483,464.0
Pileated Woodpecker,8,3,Aug_W3,0.0699816,543.0
Pileated Woodpecker,8,4,Aug_W4,0.0992167,766.0
Pileated Woodpecker,9,1,Sep_W1,0.1018809,638.0
Pileated Woodpecker,9,2,Sep_W2,0.1396226,530.0
Pileated Woodpecker,9,3,Sep_W3,0.114,500.0
Pileated Woodpecker,9,4,Sep_W4,0.1079734,602.0
Pileated Woodpecker,10,1,Oct_W1,0.1349206,378.0
Pileated Woodpecker,10,2,Oct_W2,0.0942529,435.0
Pileated Woodpecker,10,3,Oct_W3,0.0831169,385.0
Pileated Woodpecker,10,4,Oct_W4,0.0945736,645.0
Pileated Woodpecker,11,1,Nov_W1,0.0668203,434.0
Pileated Woodpecker,11,2,Nov_W2,0.0576923,468.0
Pileated Woodpecker,11,3,Nov_W3,0.0816327,441.0
Pileated Woodpecker,11,4,Nov_W4,0.1066667,600.0
Pileated Woodpecker,12,1,Dec_W1,0.1367713,446.0
Pileated Woodpecker,12,2,Dec_W2,0.1531191,529.0
Pileated Woodpecker,12,3,Dec_W3,0.1539855,552.0
Pileated Woodpecker,12,4,Dec_W4,0.171223,695.0
Northern Flicker,1,1,Jan_W1,0.0097205,823.0
Northern Flicker,1,2,Jan_W2,0.0099174,605.0
Northern Flicker,1,3,Jan_W3,0.0095602,523.0
Northern Flicker,1,4,Jan_W4,0.0150685,730.0
Northern Flicker,2,1,Feb_W1,0.0201613,496.0
Northern Flicker,2,2,Feb_W2,0.0121655,822.0
Northern Flicker,2,3,Feb_W3,0.0038095,1575.0
Northern Flicker,2,4,Feb_W4,0.0081699,612.0
Northern Flicker,3,1,Mar_W1,0.0065789,608.0
Northern Flicker,3,2,Mar_W2,0.0054054,740.0
Northern Flicker,3,3,Mar_W3,0.0240602,665.0
Northern Flicker,3,4,Mar_W4,0.088968,843.0
Northern Flicker,4,1,Apr_W1,0.1588156,743.0
Northern Flicker,4,2,Apr_W2,0.308399,762.0
Northern Flicker,4,3,Apr_W3,0.4012903,775.0
Northern Flicker,4,4,Apr_W4,0.4691667,1200.0
Northern Flicker,5,1,May_W1,0.5172166,1394.0
Northern Flicker,5,2,May_W2,0.4404358,4130.0
Northern Flicker,5,3,May_W3,0.3908739,8788.0
Northern Flicker,5,4,May_W4,0.3682949,3337.0
Northern Flicker,6,1,Jun_W1,0.3533679,965.0
Northern Flicker,6,2,Jun_W2,0.2927171,714.0
Northern Flicker,6,3,Jun_W3,0.3429487,624.0
Northern Flicker,6,4,Jun_W4,0.3394886,704.0
Northern Flicker,7,1,Jul_W1,0.3177874,922.0
Northern Flicker,7,2,Jul_W2,0.3620955,649.0
Northern Flicker,7,3,Jul_W3,0.3376623,539.0
Northern Flicker,7,4,Jul_W4,0.3310056,716.0
Northern Flicker,8,1,Aug_W1,0.3086876,541.0
Northern Flicker,8,2,Aug_W2,0.3383621,464.0
Northern Flicker,8,3,Aug_W3,0.3333333,543.0
Northern Flicker,8,4,Aug_W4,0.3276762,766.0
Northern Flicker,9,1,Sep_W1,0.4216301,638.0
Northern Flicker,9,2,Sep_W2,0.4981132,530.0
Northern Flicker,9,3,Sep_W3,0.48,500.0
Northern Flicker,9,4,Sep_W4,0.4086379,602.0
Northern Flicker,10,1,Oct_W1,0.2698413,378.0
Northern Flicker,10,2,Oct_W2,0.1770115,435.0
Northern Flicker,10,3,Oct_W3,0.0675325,385.0
Northern Flicker,10,4,Oct_W4,0.0511628,645.0
Northern Flicker,11,1,Nov_W1,0.0230415,434.0
Northern Flicker,11,2,Nov_W2,0.017094,468.0
Northern Flicker,11,3,Nov_W3,0.0,441.0
Northern Flicker,11,4,Nov_W4,0.0016667,600.0
Northern Flicker,12,1,Dec_W1,0.0044843,446.0
Northern Flicker,12,2,Dec_W2,0.0132325,529.0
Northern Flicker,12,3,Dec_W3,0.0144928,552.0
Northern Flicker,12,4,Dec_W4,0.0143885,695.0
American Kestrel,1,1,Jan_W1,0.0036452,823.0
American Kestrel,1,2,Jan_W2,0.0082645,605.0
American Kestrel,1,3,Jan_W3,0.001912,523.0
American Kestrel,1,4,Jan_W4,0.0068493,730.0
American Kestrel,2,1,Feb_W1,0.0040323,496.0
American Kestrel,2,2,Feb_W2,0.0024331,822.0
American Kestrel,2,3,Feb_W3,0.0031746,1575.0
American Kestrel,2,4,Feb_W4,0.0130719,612.0
American Kestrel,3,1,Mar_W1,0.0098684,608.0
American Kestrel,3,2,Mar_W2,0.0243243,740.0
American Kestrel,3,3,Mar_W3,0.037594,665.0
American Kestrel,3,4,Mar_W4,0.0652432,843.0
American Kestrel,4,1,Apr_W1,0.0726783,743.0
American Kestrel,4,2,Apr_W2,0.0984252,762.0
American Kestrel,4,3,Apr_W3,0.1006452,775.0
American Kestrel,4,4,Apr_W4,0.1,1200.0
American Kestrel,5,1,May_W1,0.0789096,1394.0
American Kestrel,5,2,May_W2,0.0387409,4130.0
American Kestrel,5,3,May_W3,0.0394857,8788.0
American Kestrel,5,4,May_W4,0.0239736,3337.0
American Kestrel,6,1,Jun_W1,0.0248705,965.0
American Kestrel,6,2,Jun_W2,0.0364146,714.0
American Kestrel,6,3,Jun_W3,0.0272436,624.0
American Kestrel,6,4,Jun_W4,0.0397727,704.0
American Kestrel,7,1,Jul_W1,0.0563991,922.0
American Kestrel,7,2,Jul_W2,0.0354391,649.0
American Kestrel,7,3,Jul_W3,0.0519481,539.0
American Kestrel,7,4,Jul_W4,0.0698324,716.0
American Kestrel,8,1,Aug_W1,0.0757856,541.0
American Kestrel,8,2,Aug_W2,0.0560345,464.0
American Kestrel,8,3,Aug_W3,0.0497238,543.0
American Kestrel,8,4,Aug_W4,0.0574413,766.0
American Kestrel,9,1,Sep_W1,0.0673981,638.0
American Kestrel,9,2,Sep_W2,0.0320755,530.0
American Kestrel,9,3,Sep_W3,0.056,500.0
American Kestrel,9,4,Sep_W4,0.051495,602.0
American Kestrel,10,1,Oct_W1,0.015873,378.0
American Kestrel,10,2,Oct_W2,0.0436782,435.0
American Kestrel,10,3,Oct_W3,0.0103896,385.0
American Kestrel,10,4,Oct_W4,0.0077519,645.0
American Kestrel,11,1,Nov_W1,0.0023041,434.0
American Kestrel,11,2,Nov_W2,0.0042735,468.0
American Kestrel,11,3,Nov_W3,0.0015,441.0
American Kestrel,11,4,Nov_W4,0.005,600.0
American Kestrel,12,1,Dec_W1,0.0015,446.0
American Kestrel,12,2,Dec_W2,0.0015,529.0
American Kestrel,12,3,Dec_W3,0.0015,552.0
American Kestrel,12,4,Dec_W4,0.0028777,695.0
Merlin,1,1,Jan_W1,0.0012151,823.0
Merlin,1,2,Jan_W2,0.0066116,605.0
Merlin,1,3,Jan_W3,0.0038241,523.0
Merlin,1,4,Jan_W4,0.0068493,730.0
Merlin,2,1,Feb_W1,0.0040323,496.0
Merlin,2,2,Feb_W2,0.0024331,822.0
Merlin,2,3,Feb_W3,0.0012698,1575.0
Merlin,2,4,Feb_W4,0.0130719,612.0
Merlin,3,1,Mar_W1,0.0180921,608.0
Merlin,3,2,Mar_W2,0.027027,740.0
Merlin,3,3,Mar_W3,0.0270677,665.0
Merlin,3,4,Mar_W4,0.0640569,843.0
Merlin,4,1,Apr_W1,0.0619112,743.0
Merlin,4,2,Apr_W2,0.0879265,762.0
Merlin,4,3,Apr_W3,0.1006452,775.0
Merlin,4,4,Apr_W4,0.11,1200.0
Merlin,5,1,May_W1,0.1384505,1394.0
Merlin,5,2,May_W2,0.1368039,4130.0
Merlin,5,3,May_W3,0.1259672,8788.0
Merlin,5,4,May_W4,0.0794126,3337.0
Merlin,6,1,Jun_W1,0.042487,965.0
Merlin,6,2,Jun_W2,0.0308123,714.0
Merlin,6,3,Jun_W3,0.0320513,624.0
Merlin,6,4,Jun_W4,0.0397727,704.0
Merlin,7,1,Jul_W1,0.0390456,922.0
Merlin,7,2,Jul_W2,0.0215716,649.0
Merlin,7,3,Jul_W3,0.0445269,539.0
Merlin,7,4,Jul_W4,0.0363128,716.0
Merlin,8,1,Aug_W1,0.0868762,541.0
Merlin,8,2,Aug_W2,0.1012931,464.0
Merlin,8,3,Aug_W3,0.1381215,543.0
Merlin,8,4,Aug_W4,0.1697128,766.0
Merlin,9,1,Sep_W1,0.1959248,638.0
Merlin,9,2,Sep_W2,0.1886792,530.0
Merlin,9,3,Sep_W3,0.21,500.0
Merlin,9,4,Sep_W4,0.2093023,602.0
Merlin,10,1,Oct_W1,0.1746032,378.0
Merlin,10,2,Oct_W2,0.1609195,435.0
Merlin,10,3,Oct_W3,0.1220779,385.0
Merlin,10,4,Oct_W4,0.0837209,645.0
Merlin,11,1,Nov_W1,0.0437788,434.0
Merlin,11,2,Nov_W2,0.0320513,468.0
Merlin,11,3,Nov_W3,0.015873,441.0
Merlin,11,4,Nov_W4,0.0133333,600.0
Merlin,12,1,Dec_W1,0.0112108,446.0
Merlin,12,2,Dec_W2,0.0056711,529.0
Merlin,12,3,Dec_W3,0.009058,552.0
Merlin,12,4,Dec_W4,0.0043165,695.0
Peregrine Falcon,1,1,Jan_W1,0.0012151,823.0
Peregrine Falcon,1,2,Jan_W2,0.0,605.0
Peregrine Falcon,1,3,Jan_W3,0.0,523.0
Peregrine Falcon,1,4,Jan_W4,0.0013699,730.0
Peregrine Falcon,2,1,Feb_W1,0.0015,496.0
Peregrine Falcon,2,2,Feb_W2,0.0,822.0
Peregrine Falcon,2,3,Feb_W3,0.0,1575.0
Peregrine Falcon,2,4,Feb_W4,0.0,612.0
Peregrine Falcon,3,1,Mar_W1,0.0016447,608.0
Peregrine Falcon,3,2,Mar_W2,0.0040541,740.0
Peregrine Falcon,3,3,Mar_W3,0.0,665.0
Peregrine Falcon,3,4,Mar_W4,0.004745,843.0
Peregrine Falcon,4,1,Apr_W1,0.0040377,743.0
Peregrine Falcon,4,2,Apr_W2,0.0013123,762.0
Peregrine Falcon,4,3,Apr_W3,0.003871,775.0
Peregrine Falcon,4,4,Apr_W4,0.0075,1200.0
Peregrine Falcon,5,1,May_W1,0.0093257,1394.0
Peregrine Falcon,5,2,May_W2,0.0256659,4130.0
Peregrine Falcon,5,3,May_W3,0.010924,8788.0
Peregrine Falcon,5,4,May_W4,0.0047947,3337.0
Peregrine Falcon,6,1,Jun_W1,0.0020725,965.0
Peregrine Falcon,6,2,Jun_W2,0.0,714.0
Peregrine Falcon,6,3,Jun_W3,0.0,624.0
Peregrine Falcon,6,4,Jun_W4,0.0,704.0
Peregrine Falcon,7,1,Jul_W1,0.0015,922.0
Peregrine Falcon,7,2,Jul_W2,0.0,649.0
Peregrine Falcon,7,3,Jul_W3,0.0018553,539.0
Peregrine Falcon,7,4,Jul_W4,0.0013966,716.0
Peregrine Falcon,8,1,Aug_W1,0.0015,541.0
Peregrine Falcon,8,2,Aug_W2,0.0064655,464.0
Peregrine Falcon,8,3,Aug_W3,0.0036832,543.0
Peregrine Falcon,8,4,Aug_W4,0.0130548,766.0
Peregrine Falcon,9,1,Sep_W1,0.0203762,638.0
Peregrine Falcon,9,2,Sep_W2,0.0150943,530.0
Peregrine Falcon,9,3,Sep_W3,0.038,500.0
Peregrine Falcon,9,4,Sep_W4,0.0564784,602.0
Peregrine Falcon,10,1,Oct_W1,0.1005291,378.0
Peregrine Falcon,10,2,Oct_W2,0.0735632,435.0
Peregrine Falcon,10,3,Oct_W3,0.012987,385.0
Peregrine Falcon,10,4,Oct_W4,0.0170543,645.0
Peregrine Falcon,11,1,Nov_W1,0.0,434.0
Peregrine Falcon,11,2,Nov_W2,0.0,468.0
Peregrine Falcon,11,3,Nov_W3,0.0,441.0
Peregrine Falcon,11,4,Nov_W4,0.0015,600.0
Peregrine Falcon,12,1,Dec_W1,0.0022422,446.0
Peregrine Falcon,12,2,Dec_W2,0.0,529.0
Peregrine Falcon,12,3,Dec_W3,0.0036232,552.0
Peregrine Falcon,12,4,Dec_W4,0.0028777,695.0
Olive-sided Flycatcher,1,1,Jan_W1,0.0,823.0
Olive-sided Flycatcher,1,2,Jan_W2,0.0,605.0
Olive-sided Flycatcher,1,3,Jan_W3,0.0,523.0
Olive-sided Flycatcher,1,4,Jan_W4,0.0,730.0
Olive-sided Flycatcher,2,1,Feb_W1,0.0,496.0
Olive-sided Flycatcher,2,2,Feb_W2,0.0,822.0
Olive-sided Flycatcher,2,3,Feb_W3,0.0,1575.0
Olive-sided Flycatcher,2,4,Feb_W4,0.0,612.0
Olive-sided Flycatcher,3,1,Mar_W1,0.0,608.0
Olive-sided Flycatcher,3,2,Mar_W2,0.0,740.0
Olive-sided Flycatcher,3,3,Mar_W3,0.0,665.0
Olive-sided Flycatcher,3,4,Mar_W4,0.0,843.0
Olive-sided Flycatcher,4,1,Apr_W1,0.0,743.0
Olive-sided Flycatcher,4,2,Apr_W2,0.0,762.0
Olive-sided Flycatcher,4,3,Apr_W3,0.0,775.0
Olive-sided Flycatcher,4,4,Apr_W4,0.0,1200.0
Olive-sided Flycatcher,5,1,May_W1,0.0,1394.0
Olive-sided Flycatcher,5,2,May_W2,0.001937,4130.0
Olive-sided Flycatcher,5,3,May_W3,0.0127447,8788.0
Olive-sided Flycatcher,5,4,May_W4,0.0209769,3337.0
Olive-sided Flycatcher,6,1,Jun_W1,0.011399,965.0
Olive-sided Flycatcher,6,2,Jun_W2,0.0028011,714.0
Olive-sided Flycatcher,6,3,Jun_W3,0.0016026,624.0
Olive-sided Flycatcher,6,4,Jun_W4,0.0,704.0
Olive-sided Flycatcher,7,1,Jul_W1,0.0,922.0
Olive-sided Flycatcher,7,2,Jul_W2,0.0015408,649.0
Olive-sided Flycatcher,7,3,Jul_W3,0.0,539.0
Olive-sided Flycatcher,7,4,Jul_W4,0.0055866,716.0
Olive-sided Flycatcher,8,1,Aug_W1,0.0073937,541.0
Olive-sided Flycatcher,8,2,Aug_W2,0.0107759,464.0
Olive-sided Flycatcher,8,3,Aug_W3,0.0073665,543.0
Olive-sided Flycatcher,8,4,Aug_W4,0.0469974,766.0
Olive-sided Flycatcher,9,1,Sep_W1,0.0188088,638.0
Olive-sided Flycatcher,9,2,Sep_W2,0.0075472,530.0
Olive-sided Flycatcher,9,3,Sep_W3,0.002,500.0
Olive-sided Flycatcher,9,4,Sep_W4,0.0,602.0
Olive-sided Flycatcher,10,1,Oct_W1,0.0,378.0
Olive-sided Flycatcher,10,2,Oct_W2,0.0,435.0
Olive-sided Flycatcher,10,3,Oct_W3,0.0,385.0
Olive-sided Flycatcher,10,4,Oct_W4,0.0,645.0
Olive-sided Flycatcher,11,1,Nov_W1,0.0,434.0
Olive-sided Flycatcher,11,2,Nov_W2,0.0,468.0
Olive-sided Flycatcher,11,3,Nov_W3,0.0,441.0
Olive-sided Flycatcher,11,4,Nov_W4,0.0,600.0
Olive-sided Flycatcher,12,1,Dec_W1,0.0,446.0
Olive-sided Flycatcher,12,2,Dec_W2,0.0,529.0
Olive-sided Flycatcher,12,3,Dec_W3,0.0,552.0
Olive-sided Flycatcher,12,4,Dec_W4,0.0,695.0
Eastern Wood-Pewee,1,1,Jan_W1,0.0,823.0
Eastern Wood-Pewee,1,2,Jan_W2,0.0,605.0
Eastern Wood-Pewee,1,3,Jan_W3,0.0,523.0
Eastern Wood-Pewee,1,4,Jan_W4,0.0,730.0
Eastern Wood-Pewee,2,1,Feb_W1,0.0,496.0
Eastern Wood-Pewee,2,2,Feb_W2,0.0,822.0
Eastern Wood-Pewee,2,3,Feb_W3,0.0,1575.0
Eastern Wood-Pewee,2,4,Feb_W4,0.0,612.0
Eastern Wood-Pewee,3,1,Mar_W1,0.0,608.0
Eastern Wood-Pewee,3,2,Mar_W2,0.0,740.0
Eastern Wood-Pewee,3,3,Mar_W3,0.0,665.0
Eastern Wood-Pewee,3,4,Mar_W4,0.0,843.0
Eastern Wood-Pewee,4,1,Apr_W1,0.0,743.0
Eastern Wood-Pewee,4,2,Apr_W2,0.0,762.0
Eastern Wood-Pewee,4,3,Apr_W3,0.0,775.0
Eastern Wood-Pewee,4,4,Apr_W4,0.0,1200.0
Eastern Wood-Pewee,5,1,May_W1,0.0014347,1394.0
Eastern Wood-Pewee,5,2,May_W2,0.0464891,4130.0
Eastern Wood-Pewee,5,3,May_W3,0.1502048,8788.0
Eastern Wood-Pewee,5,4,May_W4,0.3326341,3337.0
Eastern Wood-Pewee,6,1,Jun_W1,0.334715,965.0
Eastern Wood-Pewee,6,2,Jun_W2,0.2619048,714.0
Eastern Wood-Pewee,6,3,Jun_W3,0.2451923,624.0
Eastern Wood-Pewee,6,4,Jun_W4,0.2159091,704.0
Eastern Wood-Pewee,7,1,Jul_W1,0.2093275,922.0
Eastern Wood-Pewee,7,2,Jul_W2,0.1602465,649.0
Eastern Wood-Pewee,7,3,Jul_W3,0.1651206,539.0
Eastern Wood-Pewee,7,4,Jul_W4,0.2053073,716.0
Eastern Wood-Pewee,8,1,Aug_W1,0.1996303,541.0
Eastern Wood-Pewee,8,2,Aug_W2,0.2112069,464.0
Eastern Wood-Pewee,8,3,Aug_W3,0.2467772,543.0
Eastern Wood-Pewee,8,4,Aug_W4,0.2506527,766.0
Eastern Wood-Pewee,9,1,Sep_W1,0.184953,638.0
Eastern Wood-Pewee,9,2,Sep_W2,0.1245283,530.0
Eastern Wood-Pewee,9,3,Sep_W3,0.07,500.0
Eastern Wood-Pewee,9,4,Sep_W4,0.0332226,602.0
Eastern Wood-Pewee,10,1,Oct_W1,0.005291,378.0
Eastern Wood-Pewee,10,2,Oct_W2,0.0,435.0
Eastern Wood-Pewee,10,3,Oct_W3,0.0,385.0
Eastern Wood-Pewee,10,4,Oct_W4,0.0,645.0
Eastern Wood-Pewee,11,1,Nov_W1,0.0,434.0
Eastern Wood-Pewee,11,2,Nov_W2,0.0,468.0
Eastern Wood-Pewee,11,3,Nov_W3,0.0,441.0
Eastern Wood-Pewee,11,4,Nov_W4,0.0,600.0
Eastern Wood-Pewee,12,1,Dec_W1,0.0,446.0
Eastern Wood-Pewee,12,2,Dec_W2,0.0,529.0
Eastern Wood-Pewee,12,3,Dec_W3,0.0,552.0
Eastern Wood-Pewee,12,4,Dec_W4,0.0,695.0
Yellow-bellied Flycatcher,1,1,Jan_W1,0.0,823.0
Yellow-bellied Flycatcher,1,2,Jan_W2,0.0,605.0
Yellow-bellied Flycatcher,1,3,Jan_W3,0.0,523.0
Yellow-bellied Flycatcher,1,4,Jan_W4,0.0,730.0
Yellow-bellied Flycatcher,2,1,Feb_W1,0.0,496.0
Yellow-bellied Flycatcher,2,2,Feb_W2,0.0,822.0
Yellow-bellied Flycatcher,2,3,Feb_W3,0.0,1575.0
Yellow-bellied Flycatcher,2,4,Feb_W4,0.0,612.0
Yellow-bellied Flycatcher,3,1,Mar_W1,0.0,608.0
Yellow-bellied Flycatcher,3,2,Mar_W2,0.0,740.0
Yellow-bellied Flycatcher,3,3,Mar_W3,0.0,665.0
Yellow-bellied Flycatcher,3,4,Mar_W4,0.0,843.0
Yellow-bellied Flycatcher,4,1,Apr_W1,0.0,743.0
Yellow-bellied Flycatcher,4,2,Apr_W2,0.0,762.0
Yellow-bellied Flycatcher,4,3,Apr_W3,0.0,775.0
Yellow-bellied Flycatcher,4,4,Apr_W4,0.0,1200.0
Yellow-bellied Flycatcher,5,1,May_W1,0.0,1394.0
Yellow-bellied Flycatcher,5,2,May_W2,0.0043584,4130.0
Yellow-bellied Flycatcher,5,3,May_W3,0.0243514,8788.0
Yellow-bellied Flycatcher,5,4,May_W4,0.0455499,3337.0
Yellow-bellied Flycatcher,6,1,Jun_W1,0.0238342,965.0
Yellow-bellied Flycatcher,6,2,Jun_W2,0.0028011,714.0
Yellow-bellied Flycatcher,6,3,Jun_W3,0.0016026,624.0
Yellow-bellied Flycatcher,6,4,Jun_W4,0.0,704.0
Yellow-bellied Flycatcher,7,1,Jul_W1,0.0,922.0
Yellow-bellied Flycatcher,7,2,Jul_W2,0.0,649.0
Yellow-bellied Flycatcher,7,3,Jul_W3,0.0,539.0
Yellow-bellied Flycatcher,7,4,Jul_W4,0.0,716.0
Yellow-bellied Flycatcher,8,1,Aug_W1,0.0018484,541.0
Yellow-bellied Flycatcher,8,2,Aug_W2,0.0021552,464.0
Yellow-bellied Flycatcher,8,3,Aug_W3,0.0294659,543.0
Yellow-bellied Flycatcher,8,4,Aug_W4,0.0326371,766.0
Yellow-bellied Flycatcher,9,1,Sep_W1,0.023511,638.0
Yellow-bellied Flycatcher,9,2,Sep_W2,0.0207547,530.0
Yellow-bellied Flycatcher,9,3,Sep_W3,0.01,500.0
Yellow-bellied Flycatcher,9,4,Sep_W4,0.0,602.0
Yellow-bellied Flycatcher,10,1,Oct_W1,0.0,378.0
Yellow-bellied Flycatcher,10,2,Oct_W2,0.0,435.0
Yellow-bellied Flycatcher,10,3,Oct_W3,0.0,385.0
Yellow-bellied Flycatcher,10,4,Oct_W4,0.0,645.0
Yellow-bellied Flycatcher,11,1,Nov_W1,0.0,434.0
Yellow-bellied Flycatcher,11,2,Nov_W2,0.0,468.0
Yellow-bellied Flycatcher,11,3,Nov_W3,0.0,441.0
Yellow-bellied Flycatcher,11,4,Nov_W4,0.0,600.0
Yellow-bellied Flycatcher,12,1,Dec_W1,0.0,446.0
Yellow-bellied Flycatcher,12,2,Dec_W2,0.0,529.0
Yellow-bellied Flycatcher,12,3,Dec_W3,0.0,552.0
Yellow-bellied Flycatcher,12,4,Dec_W4,0.0,695.0
Acadian Flycatcher,1,1,Jan_W1,0.0,823.0
Acadian Flycatcher,1,2,Jan_W2,0.0,605.0
Acadian Flycatcher,1,3,Jan_W3,0.0,523.0
Acadian Flycatcher,1,4,Jan_W4,0.0,730.0
Acadian Flycatcher,2,1,Feb_W1,0.0,496.0
Acadian Flycatcher,2,2,Feb_W2,0.0,822.0
Acadian Flycatcher,2,3,Feb_W3,0.0,1575.0
Acadian Flycatcher,2,4,Feb_W4,0.0,612.0
Acadian Flycatcher,3,1,Mar_W1,0.0,608.0
Acadian Flycatcher,3,2,Mar_W2,0.0,740.0
Acadian Flycatcher,3,3,Mar_W3,0.0,665.0
Acadian Flycatcher,3,4,Mar_W4,0.0,843.0
Acadian Flycatcher,4,1,Apr_W1,0.0,743.0
Acadian Flycatcher,4,2,Apr_W2,0.0,762.0
Acadian Flycatcher,4,3,Apr_W3,0.0,775.0
Acadian Flycatcher,4,4,Apr_W4,0.0,1200.0
Acadian Flycatcher,5,1,May_W1,0.0,1394.0
Acadian Flycatcher,5,2,May_W2,0.0,4130.0
Acadian Flycatcher,5,3,May_W3,0.0003414,8788.0
Acadian Flycatcher,5,4,May_W4,0.0005993,3337.0
Acadian Flycatcher,6,1,Jun_W1,0.0,965.0
Acadian Flycatcher,6,2,Jun_W2,0.0,714.0
Acadian Flycatcher,6,3,Jun_W3,0.0,624.0
Acadian Flycatcher,6,4,Jun_W4,0.0,704.0
Acadian Flycatcher,7,1,Jul_W1,0.0,922.0
Acadian Flycatcher,7,2,Jul_W2,0.0,649.0
Acadian Flycatcher,7,3,Jul_W3,0.0,539.0
Acadian Flycatcher,7,4,Jul_W4,0.0,716.0
Acadian Flycatcher,8,1,Aug_W1,0.0,541.0
Acadian Flycatcher,8,2,Aug_W2,0.0,464.0
Acadian Flycatcher,8,3,Aug_W3,0.0,543.0
Acadian Flycatcher,8,4,Aug_W4,0.0,766.0
Acadian Flycatcher,9,1,Sep_W1,0.0,638.0
Acadian Flycatcher,9,2,Sep_W2,0.0,530.0
Acadian Flycatcher,9,3,Sep_W3,0.0,500.0
Acadian Flycatcher,9,4,Sep_W4,0.0,602.0
Acadian Flycatcher,10,1,Oct_W1,0.0,378.0
Acadian Flycatcher,10,2,Oct_W2,0.0,435.0
Acadian Flycatcher,10,3,Oct_W3,0.0,385.0
Acadian Flycatcher,10,4,Oct_W4,0.0,645.0
Acadian Flycatcher,11,1,Nov_W1,0.0,434.0
Acadian Flycatcher,11,2,Nov_W2,0.0,468.0
Acadian Flycatcher,11,3,Nov_W3,0.0,441.0
Acadian Flycatcher,11,4,Nov_W4,0.0,600.0
Acadian Flycatcher,12,1,Dec_W1,0.0,446.0
Acadian Flycatcher,12,2,Dec_W2,0.0,529.0
Acadian Flycatcher,12,3,Dec_W3,0.0,552.0
Acadian Flycatcher,12,4,Dec_W4,0.0,695.0
Alder Flycatcher,1,1,Jan_W1,0.0,823.0
Alder Flycatcher,1,2,Jan_W2,0.0,605.0
Alder Flycatcher,1,3,Jan_W3,0.0,523.0
Alder Flycatcher,1,4,Jan_W4,0.0,730.0
Alder Flycatcher,2,1,Feb_W1,0.0,496.0
Alder Flycatcher,2,2,Feb_W2,0.0,822.0
Alder Flycatcher,2,3,Feb_W3,0.0,1575.0
Alder Flycatcher,2,4,Feb_W4,0.0,612.0
Alder Flycatcher,3,1,Mar_W1,0.0,608.0
Alder Flycatcher,3,2,Mar_W2,0.0,740.0
Alder Flycatcher,3,3,Mar_W3,0.0,665.0
Alder Flycatcher,3,4,Mar_W4,0.0,843.0
Alder Flycatcher,4,1,Apr_W1,0.0,743.0
Alder Flycatcher,4,2,Apr_W2,0.0,762.0
Alder Flycatcher,4,3,Apr_W3,0.0,775.0
Alder Flycatcher,4,4,Apr_W4,0.0,1200.0
Alder Flycatcher,5,1,May_W1,0.0,1394.0
Alder Flycatcher,5,2,May_W2,0.0084746,4130.0
Alder Flycatcher,5,3,May_W3,0.0306099,8788.0
Alder Flycatcher,5,4,May_W4,0.1402457,3337.0
Alder Flycatcher,6,1,Jun_W1,0.1274611,965.0
Alder Flycatcher,6,2,Jun_W2,0.0784314,714.0
Alder Flycatcher,6,3,Jun_W3,0.0512821,624.0
Alder Flycatcher,6,4,Jun_W4,0.0482955,704.0
Alder Flycatcher,7,1,Jul_W1,0.032538,922.0
Alder Flycatcher,7,2,Jul_W2,0.01849,649.0
Alder Flycatcher,7,3,Jul_W3,0.0278293,539.0
Alder Flycatcher,7,4,Jul_W4,0.0628492,716.0
Alder Flycatcher,8,1,Aug_W1,0.0499076,541.0
Alder Flycatcher,8,2,Aug_W2,0.0237069,464.0
Alder Flycatcher,8,3,Aug_W3,0.0036832,543.0
Alder Flycatcher,8,4,Aug_W4,0.0013055,766.0
Alder Flycatcher,9,1,Sep_W1,0.0,638.0
Alder Flycatcher,9,2,Sep_W2,0.0,530.0
Alder Flycatcher,9,3,Sep_W3,0.0,500.0
Alder Flycatcher,9,4,Sep_W4,0.0,602.0
Alder Flycatcher,10,1,Oct_W1,0.0,378.0
Alder Flycatcher,10,2,Oct_W2,0.0,435.0
Alder Flycatcher,10,3,Oct_W3,0.0,385.0
Alder Flycatcher,10,4,Oct_W4,0.0,645.0
Alder Flycatcher,11,1,Nov_W1,0.0,434.0
Alder Flycatcher,11,2,Nov_W2,0.0,468.0
Alder Flycatcher,11,3,Nov_W3,0.0,441.0
Alder Flycatcher,11,4,Nov_W4,0.0,600.0
Alder Flycatcher,12,1,Dec_W1,0.0,446.0
Alder Flycatcher,12,2,Dec_W2,0.0,529.0
Alder Flycatcher,12,3,Dec_W3,0.0,552.0
Alder Flycatcher,12,4,Dec_W4,0.0,695.0
Willow Flycatcher,1,1,Jan_W1,0.0,823.0
Willow Flycatcher,1,2,Jan_W2,0.0,605.0
Willow Flycatcher,1,3,Jan_W3,0.0,523.0
Willow Flycatcher,1,4,Jan_W4,0.0,730.0
Willow Flycatcher,2,1,Feb_W1,0.0,496.0
Willow Flycatcher,2,2,Feb_W2,0.0,822.0
Willow Flycatcher,2,3,Feb_W3,0.0,1575.0
Willow Flycatcher,2,4,Feb_W4,0.0,612.0
Willow Flycatcher,3,1,Mar_W1,0.0,608.0
Willow Flycatcher,3,2,Mar_W2,0.0,740.0
Willow Flycatcher,3,3,Mar_W3,0.0,665.0
Willow Flycatcher,3,4,Mar_W4,0.0,843.0
Willow Flycatcher,4,1,Apr_W1,0.0,743.0
Willow Flycatcher,4,2,Apr_W2,0.0,762.0
Willow Flycatcher,4,3,Apr_W3,0.0,775.0
Willow Flycatcher,4,4,Apr_W4,0.0,1200.0
Willow Flycatcher,5,1,May_W1,0.0,1394.0
Willow Flycatcher,5,2,May_W2,0.0087167,4130.0
Willow Flycatcher,5,3,May_W3,0.0293582,8788.0
Willow Flycatcher,5,4,May_W4,0.0869044,3337.0
Willow Flycatcher,6,1,Jun_W1,0.0601036,965.0
Willow Flycatcher,6,2,Jun_W2,0.0532213,714.0
Willow Flycatcher,6,3,Jun_W3,0.0512821,624.0
Willow Flycatcher,6,4,Jun_W4,0.0227273,704.0
Willow Flycatcher,7,1,Jul_W1,0.0173536,922.0
Willow Flycatcher,7,2,Jul_W2,0.0107858,649.0
Willow Flycatcher,7,3,Jul_W3,0.0111317,539.0
Willow Flycatcher,7,4,Jul_W4,0.023743,716.0
Willow Flycatcher,8,1,Aug_W1,0.0184843,541.0
Willow Flycatcher,8,2,Aug_W2,0.0086207,464.0
Willow Flycatcher,8,3,Aug_W3,0.0018416,543.0
Willow Flycatcher,8,4,Aug_W4,0.0,766.0
Willow Flycatcher,9,1,Sep_W1,0.0,638.0
Willow Flycatcher,9,2,Sep_W2,0.0018868,530.0
Willow Flycatcher,9,3,Sep_W3,0.0,500.0
Willow Flycatcher,9,4,Sep_W4,0.0,602.0
Willow Flycatcher,10,1,Oct_W1,0.0,378.0
Willow Flycatcher,10,2,Oct_W2,0.0,435.0
Willow Flycatcher,10,3,Oct_W3,0.0,385.0
Willow Flycatcher,10,4,Oct_W4,0.0,645.0
Willow Flycatcher,11,1,Nov_W1,0.0,434.0
Willow Flycatcher,11,2,Nov_W2,0.0,468.0
Willow Flycatcher,11,3,Nov_W3,0.0,441.0
Willow Flycatcher,11,4,Nov_W4,0.0,600.0
Willow Flycatcher,12,1,Dec_W1,0.0,446.0
Willow Flycatcher,12,2,Dec_W2,0.0,529.0
Willow Flycatcher,12,3,Dec_W3,0.0,552.0
Willow Flycatcher,12,4,Dec_W4,0.0,695.0
Least Flycatcher,1,1,Jan_W1,0.0,823.0
Least Flycatcher,1,2,Jan_W2,0.0,605.0
Least Flycatcher,1,3,Jan_W3,0.0,523.0
Least Flycatcher,1,4,Jan_W4,0.0,730.0
Least Flycatcher,2,1,Feb_W1,0.0,496.0
Least Flycatcher,2,2,Feb_W2,0.0,822.0
Least Flycatcher,2,3,Feb_W3,0.0,1575.0
Least Flycatcher,2,4,Feb_W4,0.0,612.0
Least Flycatcher,3,1,Mar_W1,0.0,608.0
Least Flycatcher,3,2,Mar_W2,0.0,740.0
Least Flycatcher,3,3,Mar_W3,0.0,665.0
Least Flycatcher,3,4,Mar_W4,0.0,843.0
Least Flycatcher,4,1,Apr_W1,0.0,743.0
Least Flycatcher,4,2,Apr_W2,0.0,762.0
Least Flycatcher,4,3,Apr_W3,0.0,775.0
Least Flycatcher,4,4,Apr_W4,0.0008333,1200.0
Least Flycatcher,5,1,May_W1,0.0545194,1394.0
Least Flycatcher,5,2,May_W2,0.2106538,4130.0
Least Flycatcher,5,3,May_W3,0.2880064,8788.0
Least Flycatcher,5,4,May_W4,0.2115673,3337.0
Least Flycatcher,6,1,Jun_W1,0.0611399,965.0
Least Flycatcher,6,2,Jun_W2,0.0294118,714.0
Least Flycatcher,6,3,Jun_W3,0.025641,624.0
Least Flycatcher,6,4,Jun_W4,0.0198864,704.0
Least Flycatcher,7,1,Jul_W1,0.0119306,922.0
Least Flycatcher,7,2,Jul_W2,0.0169492,649.0
Least Flycatcher,7,3,Jul_W3,0.012987,539.0
Least Flycatcher,7,4,Jul_W4,0.0167598,716.0
Least Flycatcher,8,1,Aug_W1,0.0295749,541.0
Least Flycatcher,8,2,Aug_W2,0.0452586,464.0
Least Flycatcher,8,3,Aug_W3,0.092081,543.0
Least Flycatcher,8,4,Aug_W4,0.1449086,766.0
Least Flycatcher,9,1,Sep_W1,0.1191223,638.0
Least Flycatcher,9,2,Sep_W2,0.0924528,530.0
Least Flycatcher,9,3,Sep_W3,0.042,500.0
Least Flycatcher,9,4,Sep_W4,0.0249169,602.0
Least Flycatcher,10,1,Oct_W1,0.0132275,378.0
Least Flycatcher,10,2,Oct_W2,0.0,435.0
Least Flycatcher,10,3,Oct_W3,0.0,385.0
Least Flycatcher,10,4,Oct_W4,0.0,645.0
Least Flycatcher,11,1,Nov_W1,0.0,434.0
Least Flycatcher,11,2,Nov_W2,0.0,468.0
Least Flycatcher,11,3,Nov_W3,0.0,441.0
Least Flycatcher,11,4,Nov_W4,0.0,600.0
Least Flycatcher,12,1,Dec_W1,0.0,446.0
Least Flycatcher,12,2,Dec_W2,0.0,529.0
Least Flycatcher,12,3,Dec_W3,0.0,552.0
Least Flycatcher,12,4,Dec_W4,0.0,695.0
Eastern Phoebe,1,1,Jan_W1,0.0,823.0
Eastern Phoebe,1,2,Jan_W2,0.0,605.0
Eastern Phoebe,1,3,Jan_W3,0.0,523.0
Eastern Phoebe,1,4,Jan_W4,0.0,730.0
Eastern Phoebe,2,1,Feb_W1,0.0,496.0
Eastern Phoebe,2,2,Feb_W2,0.0,822.0
Eastern Phoebe,2,3,Feb_W3,0.0,1575.0
Eastern Phoebe,2,4,Feb_W4,0.0,612.0
Eastern Phoebe,3,1,Mar_W1,0.0,608.0
Eastern Phoebe,3,2,Mar_W2,0.0,740.0
Eastern Phoebe,3,3,Mar_W3,0.0105263,665.0
Eastern Phoebe,3,4,Mar_W4,0.0688019,843.0
Eastern Phoebe,4,1,Apr_W1,0.1628533,743.0
Eastern Phoebe,4,2,Apr_W2,0.2545932,762.0
Eastern Phoebe,4,3,Apr_W3,0.2890323,775.0
Eastern Phoebe,4,4,Apr_W4,0.27,1200.0
Eastern Phoebe,5,1,May_W1,0.1958393,1394.0
Eastern Phoebe,5,2,May_W2,0.1251816,4130.0
Eastern Phoebe,5,3,May_W3,0.1147019,8788.0
Eastern Phoebe,5,4,May_W4,0.1456398,3337.0
Eastern Phoebe,6,1,Jun_W1,0.1720207,965.0
Eastern Phoebe,6,2,Jun_W2,0.1708683,714.0
Eastern Phoebe,6,3,Jun_W3,0.1634615,624.0
Eastern Phoebe,6,4,Jun_W4,0.1789773,704.0
Eastern Phoebe,7,1,Jul_W1,0.1637744,922.0
Eastern Phoebe,7,2,Jul_W2,0.1571649,649.0
Eastern Phoebe,7,3,Jul_W3,0.1706865,539.0
Eastern Phoebe,7,4,Jul_W4,0.226257,716.0
Eastern Phoebe,8,1,Aug_W1,0.2125693,541.0
Eastern Phoebe,8,2,Aug_W2,0.2262931,464.0
Eastern Phoebe,8,3,Aug_W3,0.2265193,543.0
Eastern Phoebe,8,4,Aug_W4,0.2819843,766.0
Eastern Phoebe,9,1,Sep_W1,0.3354232,638.0
Eastern Phoebe,9,2,Sep_W2,0.2943396,530.0
Eastern Phoebe,9,3,Sep_W3,0.294,500.0
Eastern Phoebe,9,4,Sep_W4,0.2790698,602.0
Eastern Phoebe,10,1,Oct_W1,0.1878307,378.0
Eastern Phoebe,10,2,Oct_W2,0.108046,435.0
Eastern Phoebe,10,3,Oct_W3,0.0727273,385.0
Eastern Phoebe,10,4,Oct_W4,0.0186047,645.0
Eastern Phoebe,11,1,Nov_W1,0.0023041,434.0
Eastern Phoebe,11,2,Nov_W2,0.0021368,468.0
Eastern Phoebe,11,3,Nov_W3,0.0022676,441.0
Eastern Phoebe,11,4,Nov_W4,0.0,600.0
Eastern Phoebe,12,1,Dec_W1,0.0,446.0
Eastern Phoebe,12,2,Dec_W2,0.0,529.0
Eastern Phoebe,12,3,Dec_W3,0.0,552.0
Eastern Phoebe,12,4,Dec_W4,0.0,695.0
Say's Phoebe,1,1,Jan_W1,0.0,823.0
Say's Phoebe,1,2,Jan_W2,0.0,605.0
Say's Phoebe,1,3,Jan_W3,0.0,523.0
Say's Phoebe,1,4,Jan_W4,0.0,730.0
Say's Phoebe,2,1,Feb_W1,0.0,496.0
Say's Phoebe,2,2,Feb_W2,0.0,822.0
Say's Phoebe,2,3,Feb_W3,0.0,1575.0
Say's Phoebe,2,4,Feb_W4,0.0,612.0
Say's Phoebe,3,1,Mar_W1,0.0,608.0
Say's Phoebe,3,2,Mar_W2,0.0,740.0
Say's Phoebe,3,3,Mar_W3,0.0,665.0
Say's Phoebe,3,4,Mar_W4,0.0,843.0
Say's Phoebe,4,1,Apr_W1,0.0,743.0
Say's Phoebe,4,2,Apr_W2,0.0013123,762.0
Say's Phoebe,4,3,Apr_W3,0.0477419,775.0
Say's Phoebe,4,4,Apr_W4,0.0358333,1200.0
Say's Phoebe,5,1,May_W1,0.0015,1394.0
Say's Phoebe,5,2,May_W2,0.0,4130.0
Say's Phoebe,5,3,May_W3,0.0,8788.0
Say's Phoebe,5,4,May_W4,0.0,3337.0
Say's Phoebe,6,1,Jun_W1,0.0,965.0
Say's Phoebe,6,2,Jun_W2,0.0,714.0
Say's Phoebe,6,3,Jun_W3,0.0,624.0
Say's Phoebe,6,4,Jun_W4,0.0,704.0
Say's Phoebe,7,1,Jul_W1,0.0,922.0
Say's Phoebe,7,2,Jul_W2,0.0,649.0
Say's Phoebe,7,3,Jul_W3,0.0,539.0
Say's Phoebe,7,4,Jul_W4,0.0,716.0
Say's Phoebe,8,1,Aug_W1,0.0,541.0
Say's Phoebe,8,2,Aug_W2,0.0,464.0
Say's Phoebe,8,3,Aug_W3,0.0,543.0
Say's Phoebe,8,4,Aug_W4,0.0,766.0
Say's Phoebe,9,1,Sep_W1,0.0,638.0
Say's Phoebe,9,2,Sep_W2,0.0,530.0
Say's Phoebe,9,3,Sep_W3,0.0,500.0
Say's Phoebe,9,4,Sep_W4,0.0,602.0
Say's Phoebe,10,1,Oct_W1,0.0,378.0
Say's Phoebe,10,2,Oct_W2,0.0,435.0
Say's Phoebe,10,3,Oct_W3,0.0,385.0
Say's Phoebe,10,4,Oct_W4,0.0,645.0
Say's Phoebe,11,1,Nov_W1,0.0,434.0
Say's Phoebe,11,2,Nov_W2,0.0,468.0
Say's Phoebe,11,3,Nov_W3,0.0,441.0
Say's Phoebe,11,4,Nov_W4,0.0,600.0
Say's Phoebe,12,1,Dec_W1,0.0,446.0
Say's Phoebe,12,2,Dec_W2,0.0,529.0
Say's Phoebe,12,3,Dec_W3,0.0,552.0
Say's Phoebe,12,4,Dec_W4,0.0,695.0
Great Crested Flycatcher,1,1,Jan_W1,0.0,823.0
Great Crested Flycatcher,1,2,Jan_W2,0.0,605.0
Great Crested Flycatcher,1,3,Jan_W3,0.0,523.0
Great Crested Flycatcher,1,4,Jan_W4,0.0,730.0
Great Crested Flycatcher,2,1,Feb_W1,0.0,496.0
Great Crested Flycatcher,2,2,Feb_W2,0.0,822.0
Great Crested Flycatcher,2,3,Feb_W3,0.0,1575.0
Great Crested Flycatcher,2,4,Feb_W4,0.0,612.0
Great Crested Flycatcher,3,1,Mar_W1,0.0,608.0
Great Crested Flycatcher,3,2,Mar_W2,0.0,740.0
Great Crested Flycatcher,3,3,Mar_W3,0.0,665.0
Great Crested Flycatcher,3,4,Mar_W4,0.0,843.0
Great Crested Flycatcher,4,1,Apr_W1,0.0,743.0
Great Crested Flycatcher,4,2,Apr_W2,0.0,762.0
Great Crested Flycatcher,4,3,Apr_W3,0.0,775.0
Great Crested Flycatcher,4,4,Apr_W4,0.0058333,1200.0
Great Crested Flycatcher,5,1,May_W1,0.0286944,1394.0
Great Crested Flycatcher,5,2,May_W2,0.1358354,4130.0
Great Crested Flycatcher,5,3,May_W3,0.2157487,8788.0
Great Crested Flycatcher,5,4,May_W4,0.3011687,3337.0
Great Crested Flycatcher,6,1,Jun_W1,0.3046632,965.0
Great Crested Flycatcher,6,2,Jun_W2,0.2254902,714.0
Great Crested Flycatcher,6,3,Jun_W3,0.2227564,624.0
Great Crested Flycatcher,6,4,Jun_W4,0.1803977,704.0
Great Crested Flycatcher,7,1,Jul_W1,0.1279826,922.0
Great Crested Flycatcher,7,2,Jul_W2,0.1248074,649.0
Great Crested Flycatcher,7,3,Jul_W3,0.1076067,539.0
Great Crested Flycatcher,7,4,Jul_W4,0.122905,716.0
Great Crested Flycatcher,8,1,Aug_W1,0.12939,541.0
Great Crested Flycatcher,8,2,Aug_W2,0.0883621,464.0
Great Crested Flycatcher,8,3,Aug_W3,0.1031308,543.0
Great Crested Flycatcher,8,4,Aug_W4,0.0744125,766.0
Great Crested Flycatcher,9,1,Sep_W1,0.0407524,638.0
Great Crested Flycatcher,9,2,Sep_W2,0.0207547,530.0
Great Crested Flycatcher,9,3,Sep_W3,0.002,500.0
Great Crested Flycatcher,9,4,Sep_W4,0.0,602.0
Great Crested Flycatcher,10,1,Oct_W1,0.0,378.0
Great Crested Flycatcher,10,2,Oct_W2,0.0,435.0
Great Crested Flycatcher,10,3,Oct_W3,0.0,385.0
Great Crested Flycatcher,10,4,Oct_W4,0.0,645.0
Great Crested Flycatcher,11,1,Nov_W1,0.0,434.0
Great Crested Flycatcher,11,2,Nov_W2,0.0,468.0
Great Crested Flycatcher,11,3,Nov_W3,0.0,441.0
Great Crested Flycatcher,11,4,Nov_W4,0.0,600.0
Great Crested Flycatcher,12,1,Dec_W1,0.0,446.0
Great Crested Flycatcher,12,2,Dec_W2,0.0,529.0
Great Crested Flycatcher,12,3,Dec_W3,0.0,552.0
Great Crested Flycatcher,12,4,Dec_W4,0.0,695.0
Couch's Kingbird,1,1,Jan_W1,0.0,823.0
Couch's Kingbird,1,2,Jan_W2,0.0,605.0
Couch's Kingbird,1,3,Jan_W3,0.0,523.0
Couch's Kingbird,1,4,Jan_W4,0.0,730.0
Couch's Kingbird,2,1,Feb_W1,0.0,496.0
Couch's Kingbird,2,2,Feb_W2,0.0,822.0
Couch's Kingbird,2,3,Feb_W3,0.0,1575.0
Couch's Kingbird,2,4,Feb_W4,0.0,612.0
Couch's Kingbird,3,1,Mar_W1,0.0,608.0
Couch's Kingbird,3,2,Mar_W2,0.0,740.0
Couch's Kingbird,3,3,Mar_W3,0.0,665.0
Couch's Kingbird,3,4,Mar_W4,0.0,843.0
Couch's Kingbird,4,1,Apr_W1,0.0,743.0
Couch's Kingbird,4,2,Apr_W2,0.0,762.0
Couch's Kingbird,4,3,Apr_W3,0.0,775.0
Couch's Kingbird,4,4,Apr_W4,0.0,1200.0
Couch's Kingbird,5,1,May_W1,0.0,1394.0
Couch's Kingbird,5,2,May_W2,0.0,4130.0
Couch's Kingbird,5,3,May_W3,0.0,8788.0
Couch's Kingbird,5,4,May_W4,0.0011987,3337.0
Couch's Kingbird,6,1,Jun_W1,0.0,965.0
Couch's Kingbird,6,2,Jun_W2,0.0,714.0
Couch's Kingbird,6,3,Jun_W3,0.0,624.0
Couch's Kingbird,6,4,Jun_W4,0.0,704.0
Couch's Kingbird,7,1,Jul_W1,0.0,922.0
Couch's Kingbird,7,2,Jul_W2,0.0,649.0
Couch's Kingbird,7,3,Jul_W3,0.0,539.0
Couch's Kingbird,7,4,Jul_W4,0.0,716.0
Couch's Kingbird,8,1,Aug_W1,0.0,541.0
Couch's Kingbird,8,2,Aug_W2,0.0,464.0
Couch's Kingbird,8,3,Aug_W3,0.0,543.0
Couch's Kingbird,8,4,Aug_W4,0.0,766.0
Couch's Kingbird,9,1,Sep_W1,0.0,638.0
Couch's Kingbird,9,2,Sep_W2,0.0,530.0
Couch's Kingbird,9,3,Sep_W3,0.0,500.0
Couch's Kingbird,9,4,Sep_W4,0.0,602.0
Couch's Kingbird,10,1,Oct_W1,0.0,378.0
Couch's Kingbird,10,2,Oct_W2,0.0,435.0
Couch's Kingbird,10,3,Oct_W3,0.0,385.0
Couch's Kingbird,10,4,Oct_W4,0.0,645.0
Couch's Kingbird,11,1,Nov_W1,0.0,434.0
Couch's Kingbird,11,2,Nov_W2,0.0,468.0
Couch's Kingbird,11,3,Nov_W3,0.0,441.0
Couch's Kingbird,11,4,Nov_W4,0.0,600.0
Couch's Kingbird,12,1,Dec_W1,0.0,446.0
Couch's Kingbird,12,2,Dec_W2,0.0,529.0
Couch's Kingbird,12,3,Dec_W3,0.0,552.0
Couch's Kingbird,12,4,Dec_W4,0.0,695.0
Western Kingbird,1,1,Jan_W1,0.0,823.0
Western Kingbird,1,2,Jan_W2,0.0,605.0
Western Kingbird,1,3,Jan_W3,0.0,523.0
Western Kingbird,1,4,Jan_W4,0.0,730.0
Western Kingbird,2,1,Feb_W1,0.0,496.0
Western Kingbird,2,2,Feb_W2,0.0,822.0
Western Kingbird,2,3,Feb_W3,0.0,1575.0
Western Kingbird,2,4,Feb_W4,0.0,612.0
Western Kingbird,3,1,Mar_W1,0.0,608.0
Western Kingbird,3,2,Mar_W2,0.0,740.0
Western Kingbird,3,3,Mar_W3,0.0,665.0
Western Kingbird,3,4,Mar_W4,0.0,843.0
Western Kingbird,4,1,Apr_W1,0.0,743.0
Western Kingbird,4,2,Apr_W2,0.0,762.0
Western Kingbird,4,3,Apr_W3,0.0,775.0
Western Kingbird,4,4,Apr_W4,0.0,1200.0
Western Kingbird,5,1,May_W1,0.0,1394.0
Western Kingbird,5,2,May_W2,0.0,4130.0
Western Kingbird,5,3,May_W3,0.0009103,8788.0
Western Kingbird,5,4,May_W4,0.000899,3337.0
Western Kingbird,6,1,Jun_W1,0.0015,965.0
Western Kingbird,6,2,Jun_W2,0.0,714.0
Western Kingbird,6,3,Jun_W3,0.0,624.0
Western Kingbird,6,4,Jun_W4,0.0,704.0
Western Kingbird,7,1,Jul_W1,0.0,922.0
Western Kingbird,7,2,Jul_W2,0.0,649.0
Western Kingbird,7,3,Jul_W3,0.0,539.0
Western Kingbird,7,4,Jul_W4,0.0,716.0
Western Kingbird,8,1,Aug_W1,0.0,541.0
Western Kingbird,8,2,Aug_W2,0.0,464.0
Western Kingbird,8,3,Aug_W3,0.0,543.0
Western Kingbird,8,4,Aug_W4,0.0078329,766.0
Western Kingbird,9,1,Sep_W1,0.0015674,638.0
Western Kingbird,9,2,Sep_W2,0.0,530.0
Western Kingbird,9,3,Sep_W3,0.0,500.0
Western Kingbird,9,4,Sep_W4,0.0,602.0
Western Kingbird,10,1,Oct_W1,0.0079365,378.0
Western Kingbird,10,2,Oct_W2,0.0,435.0
Western Kingbird,10,3,Oct_W3,0.0,385.0
Western Kingbird,10,4,Oct_W4,0.0,645.0
Western Kingbird,11,1,Nov_W1,0.0,434.0
Western Kingbird,11,2,Nov_W2,0.0,468.0
Western Kingbird,11,3,Nov_W3,0.0,441.0
Western Kingbird,11,4,Nov_W4,0.0,600.0
Western Kingbird,12,1,Dec_W1,0.0,446.0
Western Kingbird,12,2,Dec_W2,0.0,529.0
Western Kingbird,12,3,Dec_W3,0.0,552.0
Western Kingbird,12,4,Dec_W4,0.0,695.0
Eastern Kingbird,1,1,Jan_W1,0.0,823.0
Eastern Kingbird,1,2,Jan_W2,0.0,605.0
Eastern Kingbird,1,3,Jan_W3,0.0,523.0
Eastern Kingbird,1,4,Jan_W4,0.0,730.0
Eastern Kingbird,2,1,Feb_W1,0.0,496.0
Eastern Kingbird,2,2,Feb_W2,0.0,822.0
Eastern Kingbird,2,3,Feb_W3,0.0,1575.0
Eastern Kingbird,2,4,Feb_W4,0.0,612.0
Eastern Kingbird,3,1,Mar_W1,0.0,608.0
Eastern Kingbird,3,2,Mar_W2,0.0,740.0
Eastern Kingbird,3,3,Mar_W3,0.0,665.0
Eastern Kingbird,3,4,Mar_W4,0.0,843.0
Eastern Kingbird,4,1,Apr_W1,0.0,743.0
Eastern Kingbird,4,2,Apr_W2,0.0,762.0
Eastern Kingbird,4,3,Apr_W3,0.0,775.0
Eastern Kingbird,4,4,Apr_W4,0.0133333,1200.0
Eastern Kingbird,5,1,May_W1,0.1901004,1394.0
Eastern Kingbird,5,2,May_W2,0.453753,4130.0
Eastern Kingbird,5,3,May_W3,0.5785162,8788.0
Eastern Kingbird,5,4,May_W4,0.5879533,3337.0
Eastern Kingbird,6,1,Jun_W1,0.5160622,965.0
Eastern Kingbird,6,2,Jun_W2,0.3921569,714.0
Eastern Kingbird,6,3,Jun_W3,0.4471154,624.0
Eastern Kingbird,6,4,Jun_W4,0.4446023,704.0
Eastern Kingbird,7,1,Jul_W1,0.3904555,922.0
Eastern Kingbird,7,2,Jul_W2,0.4668721,649.0
Eastern Kingbird,7,3,Jul_W3,0.4860853,539.0
Eastern Kingbird,7,4,Jul_W4,0.5,716.0
Eastern Kingbird,8,1,Aug_W1,0.4879852,541.0
Eastern Kingbird,8,2,Aug_W2,0.4590517,464.0
Eastern Kingbird,8,3,Aug_W3,0.3867403,543.0
Eastern Kingbird,8,4,Aug_W4,0.2428198,766.0
Eastern Kingbird,9,1,Sep_W1,0.184953,638.0
Eastern Kingbird,9,2,Sep_W2,0.0603774,530.0
Eastern Kingbird,9,3,Sep_W3,0.01,500.0
Eastern Kingbird,9,4,Sep_W4,0.0015,602.0
Eastern Kingbird,10,1,Oct_W1,0.0,378.0
Eastern Kingbird,10,2,Oct_W2,0.0,435.0
Eastern Kingbird,10,3,Oct_W3,0.0,385.0
Eastern Kingbird,10,4,Oct_W4,0.0,645.0
Eastern Kingbird,11,1,Nov_W1,0.0,434.0
Eastern Kingbird,11,2,Nov_W2,0.0,468.0
Eastern Kingbird,11,3,Nov_W3,0.0,441.0
Eastern Kingbird,11,4,Nov_W4,0.0,600.0
Eastern Kingbird,12,1,Dec_W1,0.0,446.0
Eastern Kingbird,12,2,Dec_W2,0.0,529.0
Eastern Kingbird,12,3,Dec_W3,0.0,552.0
Eastern Kingbird,12,4,Dec_W4,0.0,695.0
Scissor-tailed Flycatcher,1,1,Jan_W1,0.0,823.0
Scissor-tailed Flycatcher,1,2,Jan_W2,0.0,605.0
Scissor-tailed Flycatcher,1,3,Jan_W3,0.0,523.0
Scissor-tailed Flycatcher,1,4,Jan_W4,0.0,730.0
Scissor-tailed Flycatcher,2,1,Feb_W1,0.0,496.0
Scissor-tailed Flycatcher,2,2,Feb_W2,0.0,822.0
Scissor-tailed Flycatcher,2,3,Feb_W3,0.0,1575.0
Scissor-tailed Flycatcher,2,4,Feb_W4,0.0,612.0
Scissor-tailed Flycatcher,3,1,Mar_W1,0.0,608.0
Scissor-tailed Flycatcher,3,2,Mar_W2,0.0,740.0
Scissor-tailed Flycatcher,3,3,Mar_W3,0.0,665.0
Scissor-tailed Flycatcher,3,4,Mar_W4,0.0,843.0
Scissor-tailed Flycatcher,4,1,Apr_W1,0.0,743.0
Scissor-tailed Flycatcher,4,2,Apr_W2,0.0,762.0
Scissor-tailed Flycatcher,4,3,Apr_W3,0.0,775.0
Scissor-tailed Flycatcher,4,4,Apr_W4,0.0,1200.0
Scissor-tailed Flycatcher,5,1,May_W1,0.0,1394.0
Scissor-tailed Flycatcher,5,2,May_W2,0.0,4130.0
Scissor-tailed Flycatcher,5,3,May_W3,0.0,8788.0
Scissor-tailed Flycatcher,5,4,May_W4,0.0002997,3337.0
Scissor-tailed Flycatcher,6,1,Jun_W1,0.0020725,965.0
Scissor-tailed Flycatcher,6,2,Jun_W2,0.0,714.0
Scissor-tailed Flycatcher,6,3,Jun_W3,0.0016026,624.0
Scissor-tailed Flycatcher,6,4,Jun_W4,0.0,704.0
Scissor-tailed Flycatcher,7,1,Jul_W1,0.0,922.0
Scissor-tailed Flycatcher,7,2,Jul_W2,0.0,649.0
Scissor-tailed Flycatcher,7,3,Jul_W3,0.0,539.0
Scissor-tailed Flycatcher,7,4,Jul_W4,0.0,716.0
Scissor-tailed Flycatcher,8,1,Aug_W1,0.0,541.0
Scissor-tailed Flycatcher,8,2,Aug_W2,0.0,464.0
Scissor-tailed Flycatcher,8,3,Aug_W3,0.0,543.0
Scissor-tailed Flycatcher,8,4,Aug_W4,0.0,766.0
Scissor-tailed Flycatcher,9,1,Sep_W1,0.0,638.0
Scissor-tailed Flycatcher,9,2,Sep_W2,0.0,530.0
Scissor-tailed Flycatcher,9,3,Sep_W3,0.0,500.0
Scissor-tailed Flycatcher,9,4,Sep_W4,0.0,602.0
Scissor-tailed Flycatcher,10,1,Oct_W1,0.0,378.0
Scissor-tailed Flycatcher,10,2,Oct_W2,0.0,435.0
Scissor-tailed Flycatcher,10,3,Oct_W3,0.0,385.0
Scissor-tailed Flycatcher,10,4,Oct_W4,0.0,645.0
Scissor-tailed Flycatcher,11,1,Nov_W1,0.0,434.0
Scissor-tailed Flycatcher,11,2,Nov_W2,0.0,468.0
Scissor-tailed Flycatcher,11,3,Nov_W3,0.0,441.0
Scissor-tailed Flycatcher,11,4,Nov_W4,0.0,600.0
Scissor-tailed Flycatcher,12,1,Dec_W1,0.0,446.0
Scissor-tailed Flycatcher,12,2,Dec_W2,0.0,529.0
Scissor-tailed Flycatcher,12,3,Dec_W3,0.0,552.0
Scissor-tailed Flycatcher,12,4,Dec_W4,0.0,695.0
Fork-tailed Flycatcher,1,1,Jan_W1,0.0,823.0
Fork-tailed Flycatcher,1,2,Jan_W2,0.0,605.0
Fork-tailed Flycatcher,1,3,Jan_W3,0.0,523.0
Fork-tailed Flycatcher,1,4,Jan_W4,0.0,730.0
Fork-tailed Flycatcher,2,1,Feb_W1,0.0,496.0
Fork-tailed Flycatcher,2,2,Feb_W2,0.0,822.0
Fork-tailed Flycatcher,2,3,Feb_W3,0.0,1575.0
Fork-tailed Flycatcher,2,4,Feb_W4,0.0,612.0
Fork-tailed Flycatcher,3,1,Mar_W1,0.0,608.0
Fork-tailed Flycatcher,3,2,Mar_W2,0.0,740.0
Fork-tailed Flycatcher,3,3,Mar_W3,0.0,665.0
Fork-tailed Flycatcher,3,4,Mar_W4,0.0,843.0
Fork-tailed Flycatcher,4,1,Apr_W1,0.0,743.0
Fork-tailed Flycatcher,4,2,Apr_W2,0.0,762.0
Fork-tailed Flycatcher,4,3,Apr_W3,0.0,775.0
Fork-tailed Flycatcher,4,4,Apr_W4,0.0,1200.0
Fork-tailed Flycatcher,5,1,May_W1,0.0,1394.0
Fork-tailed Flycatcher,5,2,May_W2,0.0,4130.0
Fork-tailed Flycatcher,5,3,May_W3,0.0091033,8788.0
Fork-tailed Flycatcher,5,4,May_W4,0.0,3337.0
Fork-tailed Flycatcher,6,1,Jun_W1,0.0,965.0
Fork-tailed Flycatcher,6,2,Jun_W2,0.0,714.0
Fork-tailed Flycatcher,6,3,Jun_W3,0.0,624.0
Fork-tailed Flycatcher,6,4,Jun_W4,0.0,704.0
Fork-tailed Flycatcher,7,1,Jul_W1,0.0,922.0
Fork-tailed Flycatcher,7,2,Jul_W2,0.0,649.0
Fork-tailed Flycatcher,7,3,Jul_W3,0.0,539.0
Fork-tailed Flycatcher,7,4,Jul_W4,0.0,716.0
Fork-tailed Flycatcher,8,1,Aug_W1,0.0,541.0
Fork-tailed Flycatcher,8,2,Aug_W2,0.0,464.0
Fork-tailed Flycatcher,8,3,Aug_W3,0.0,543.0
Fork-tailed Flycatcher,8,4,Aug_W4,0.0,766.0
Fork-tailed Flycatcher,9,1,Sep_W1,0.0,638.0
Fork-tailed Flycatcher,9,2,Sep_W2,0.0,530.0
Fork-tailed Flycatcher,9,3,Sep_W3,0.0,500.0
Fork-tailed Flycatcher,9,4,Sep_W4,0.0,602.0
Fork-tailed Flycatcher,10,1,Oct_W1,0.0,378.0
Fork-tailed Flycatcher,10,2,Oct_W2,0.0022989,435.0
Fork-tailed Flycatcher,10,3,Oct_W3,0.0,385.0
Fork-tailed Flycatcher,10,4,Oct_W4,0.0,645.0
Fork-tailed Flycatcher,11,1,Nov_W1,0.0,434.0
Fork-tailed Flycatcher,11,2,Nov_W2,0.0,468.0
Fork-tailed Flycatcher,11,3,Nov_W3,0.0,441.0
Fork-tailed Flycatcher,11,4,Nov_W4,0.0,600.0
Fork-tailed Flycatcher,12,1,Dec_W1,0.0,446.0
Fork-tailed Flycatcher,12,2,Dec_W2,0.0,529.0
Fork-tailed Flycatcher,12,3,Dec_W3,0.0,552.0
Fork-tailed Flycatcher,12,4,Dec_W4,0.0,695.0
White-eyed Vireo,1,1,Jan_W1,0.0,823.0
White-eyed Vireo,1,2,Jan_W2,0.0,605.0
White-eyed Vireo,1,3,Jan_W3,0.0,523.0
White-eyed Vireo,1,4,Jan_W4,0.0,730.0
White-eyed Vireo,2,1,Feb_W1,0.0,496.0
White-eyed Vireo,2,2,Feb_W2,0.0,822.0
White-eyed Vireo,2,3,Feb_W3,0.0,1575.0
White-eyed Vireo,2,4,Feb_W4,0.0,612.0
White-eyed Vireo,3,1,Mar_W1,0.0,608.0
White-eyed Vireo,3,2,Mar_W2,0.0,740.0
White-eyed Vireo,3,3,Mar_W3,0.0,665.0
White-eyed Vireo,3,4,Mar_W4,0.0,843.0
White-eyed Vireo,4,1,Apr_W1,0.0,743.0
White-eyed Vireo,4,2,Apr_W2,0.0,762.0
White-eyed Vireo,4,3,Apr_W3,0.0015,775.0
White-eyed Vireo,4,4,Apr_W4,0.0,1200.0
White-eyed Vireo,5,1,May_W1,0.0,1394.0
White-eyed Vireo,5,2,May_W2,0.0031477,4130.0
White-eyed Vireo,5,3,May_W3,0.0006827,8788.0
White-eyed Vireo,5,4,May_W4,0.0014984,3337.0
White-eyed Vireo,6,1,Jun_W1,0.0,965.0
White-eyed Vireo,6,2,Jun_W2,0.0,714.0
White-eyed Vireo,6,3,Jun_W3,0.0,624.0
White-eyed Vireo,6,4,Jun_W4,0.0,704.0
White-eyed Vireo,7,1,Jul_W1,0.0,922.0
White-eyed Vireo,7,2,Jul_W2,0.0,649.0
White-eyed Vireo,7,3,Jul_W3,0.0,539.0
White-eyed Vireo,7,4,Jul_W4,0.0,716.0
White-eyed Vireo,8,1,Aug_W1,0.0,541.0
White-eyed Vireo,8,2,Aug_W2,0.0,464.0
White-eyed Vireo,8,3,Aug_W3,0.0,543.0
White-eyed Vireo,8,4,Aug_W4,0.0,766.0
White-eyed Vireo,9,1,Sep_W1,0.0,638.0
White-eyed Vireo,9,2,Sep_W2,0.0015,530.0
White-eyed Vireo,9,3,Sep_W3,0.002,500.0
White-eyed Vireo,9,4,Sep_W4,0.0,602.0
White-eyed Vireo,10,1,Oct_W1,0.0,378.0
White-eyed Vireo,10,2,Oct_W2,0.0,435.0
White-eyed Vireo,10,3,Oct_W3,0.0,385.0
White-eyed Vireo,10,4,Oct_W4,0.0015504,645.0
White-eyed Vireo,11,1,Nov_W1,0.0,434.0
White-eyed Vireo,11,2,Nov_W2,0.0,468.0
White-eyed Vireo,11,3,Nov_W3,0.0,441.0
White-eyed Vireo,11,4,Nov_W4,0.0,600.0
White-eyed Vireo,12,1,Dec_W1,0.0,446.0
White-eyed Vireo,12,2,Dec_W2,0.0,529.0
White-eyed Vireo,12,3,Dec_W3,0.0,552.0
White-eyed Vireo,12,4,Dec_W4,0.0,695.0
Bell's Vireo,1,1,Jan_W1,0.0,823.0
Bell's Vireo,1,2,Jan_W2,0.0,605.0
Bell's Vireo,1,3,Jan_W3,0.0,523.0
Bell's Vireo,1,4,Jan_W4,0.0,730.0
Bell's Vireo,2,1,Feb_W1,0.0,496.0
Bell's Vireo,2,2,Feb_W2,0.0,822.0
Bell's Vireo,2,3,Feb_W3,0.0,1575.0
Bell's Vireo,2,4,Feb_W4,0.0,612.0
Bell's Vireo,3,1,Mar_W1,0.0,608.0
Bell's Vireo,3,2,Mar_W2,0.0,740.0
Bell's Vireo,3,3,Mar_W3,0.0,665.0
Bell's Vireo,3,4,Mar_W4,0.0,843.0
Bell's Vireo,4,1,Apr_W1,0.0,743.0
Bell's Vireo,4,2,Apr_W2,0.0,762.0
Bell's Vireo,4,3,Apr_W3,0.0,775.0
Bell's Vireo,4,4,Apr_W4,0.0,1200.0
Bell's Vireo,5,1,May_W1,0.0,1394.0
Bell's Vireo,5,2,May_W2,0.0,4130.0
Bell's Vireo,5,3,May_W3,0.0,8788.0
Bell's Vireo,5,4,May_W4,0.0,3337.0
Bell's Vireo,6,1,Jun_W1,0.0010363,965.0
Bell's Vireo,6,2,Jun_W2,0.0,714.0
Bell's Vireo,6,3,Jun_W3,0.0,624.0
Bell's Vireo,6,4,Jun_W4,0.0,704.0
Bell's Vireo,7,1,Jul_W1,0.0,922.0
Bell's Vireo,7,2,Jul_W2,0.0,649.0
Bell's Vireo,7,3,Jul_W3,0.0,539.0
Bell's Vireo,7,4,Jul_W4,0.0,716.0
Bell's Vireo,8,1,Aug_W1,0.0,541.0
Bell's Vireo,8,2,Aug_W2,0.0,464.0
Bell's Vireo,8,3,Aug_W3,0.0,543.0
Bell's Vireo,8,4,Aug_W4,0.0,766.0
Bell's Vireo,9,1,Sep_W1,0.0,638.0
Bell's Vireo,9,2,Sep_W2,0.0,530.0
Bell's Vireo,9,3,Sep_W3,0.0,500.0
Bell's Vireo,9,4,Sep_W4,0.0,602.0
Bell's Vireo,10,1,Oct_W1,0.0,378.0
Bell's Vireo,10,2,Oct_W2,0.0,435.0
Bell's Vireo,10,3,Oct_W3,0.0,385.0
Bell's Vireo,10,4,Oct_W4,0.0,645.0
Bell's Vireo,11,1,Nov_W1,0.0,434.0
Bell's Vireo,11,2,Nov_W2,0.0,468.0
Bell's Vireo,11,3,Nov_W3,0.0,441.0
Bell's Vireo,11,4,Nov_W4,0.0,600.0
Bell's Vireo,12,1,Dec_W1,0.0,446.0
Bell's Vireo,12,2,Dec_W2,0.0,529.0
Bell's Vireo,12,3,Dec_W3,0.0,552.0
Bell's Vireo,12,4,Dec_W4,0.0,695.0
Yellow-throated Vireo,1,1,Jan_W1,0.0,823.0
Yellow-throated Vireo,1,2,Jan_W2,0.0,605.0
Yellow-throated Vireo,1,3,Jan_W3,0.0,523.0
Yellow-throated Vireo,1,4,Jan_W4,0.0,730.0
Yellow-throated Vireo,2,1,Feb_W1,0.0,496.0
Yellow-throated Vireo,2,2,Feb_W2,0.0,822.0
Yellow-throated Vireo,2,3,Feb_W3,0.0,1575.0
Yellow-throated Vireo,2,4,Feb_W4,0.0,612.0
Yellow-throated Vireo,3,1,Mar_W1,0.0,608.0
Yellow-throated Vireo,3,2,Mar_W2,0.0,740.0
Yellow-throated Vireo,3,3,Mar_W3,0.0,665.0
Yellow-throated Vireo,3,4,Mar_W4,0.0,843.0
Yellow-throated Vireo,4,1,Apr_W1,0.0,743.0
Yellow-throated Vireo,4,2,Apr_W2,0.0,762.0
Yellow-throated Vireo,4,3,Apr_W3,0.0,775.0
Yellow-throated Vireo,4,4,Apr_W4,0.0,1200.0
Yellow-throated Vireo,5,1,May_W1,0.0265423,1394.0
Yellow-throated Vireo,5,2,May_W2,0.0687651,4130.0
Yellow-throated Vireo,5,3,May_W3,0.0892126,8788.0
Yellow-throated Vireo,5,4,May_W4,0.0662272,3337.0
Yellow-throated Vireo,6,1,Jun_W1,0.0341969,965.0
Yellow-throated Vireo,6,2,Jun_W2,0.0448179,714.0
Yellow-throated Vireo,6,3,Jun_W3,0.0336538,624.0
Yellow-throated Vireo,6,4,Jun_W4,0.0525568,704.0
Yellow-throated Vireo,7,1,Jul_W1,0.0412148,922.0
Yellow-throated Vireo,7,2,Jul_W2,0.027735,649.0
Yellow-throated Vireo,7,3,Jul_W3,0.0111317,539.0
Yellow-throated Vireo,7,4,Jul_W4,0.0097765,716.0
Yellow-throated Vireo,8,1,Aug_W1,0.012939,541.0
Yellow-throated Vireo,8,2,Aug_W2,0.0107759,464.0
Yellow-throated Vireo,8,3,Aug_W3,0.0036832,543.0
Yellow-throated Vireo,8,4,Aug_W4,0.0130548,766.0
Yellow-throated Vireo,9,1,Sep_W1,0.0172414,638.0
Yellow-throated Vireo,9,2,Sep_W2,0.0188679,530.0
Yellow-throated Vireo,9,3,Sep_W3,0.01,500.0
Yellow-throated Vireo,9,4,Sep_W4,0.0049834,602.0
Yellow-throated Vireo,10,1,Oct_W1,0.0026455,378.0
Yellow-throated Vireo,10,2,Oct_W2,0.0,435.0
Yellow-throated Vireo,10,3,Oct_W3,0.0,385.0
Yellow-throated Vireo,10,4,Oct_W4,0.0,645.0
Yellow-throated Vireo,11,1,Nov_W1,0.0,434.0
Yellow-throated Vireo,11,2,Nov_W2,0.0,468.0
Yellow-throated Vireo,11,3,Nov_W3,0.0,441.0
Yellow-throated Vireo,11,4,Nov_W4,0.0,600.0
Yellow-throated Vireo,12,1,Dec_W1,0.0,446.0
Yellow-throated Vireo,12,2,Dec_W2,0.0,529.0
Yellow-throated Vireo,12,3,Dec_W3,0.0,552.0
Yellow-throated Vireo,12,4,Dec_W4,0.0,695.0
Blue-headed Vireo,1,1,Jan_W1,0.0,823.0
Blue-headed Vireo,1,2,Jan_W2,0.0,605.0
Blue-headed Vireo,1,3,Jan_W3,0.0,523.0
Blue-headed Vireo,1,4,Jan_W4,0.0,730.0
Blue-headed Vireo,2,1,Feb_W1,0.0,496.0
Blue-headed Vireo,2,2,Feb_W2,0.0,822.0
Blue-headed Vireo,2,3,Feb_W3,0.0,1575.0
Blue-headed Vireo,2,4,Feb_W4,0.0,612.0
Blue-headed Vireo,3,1,Mar_W1,0.0,608.0
Blue-headed Vireo,3,2,Mar_W2,0.0,740.0
Blue-headed Vireo,3,3,Mar_W3,0.0,665.0
Blue-headed Vireo,3,4,Mar_W4,0.0,843.0
Blue-headed Vireo,4,1,Apr_W1,0.0,743.0
Blue-headed Vireo,4,2,Apr_W2,0.0,762.0
Blue-headed Vireo,4,3,Apr_W3,0.0025806,775.0
Blue-headed Vireo,4,4,Apr_W4,0.0233333,1200.0
Blue-headed Vireo,5,1,May_W1,0.107604,1394.0
Blue-headed Vireo,5,2,May_W2,0.1435835,4130.0
Blue-headed Vireo,5,3,May_W3,0.1003641,8788.0
Blue-headed Vireo,5,4,May_W4,0.0506443,3337.0
Blue-headed Vireo,6,1,Jun_W1,0.0217617,965.0
Blue-headed Vireo,6,2,Jun_W2,0.0196078,714.0
Blue-headed Vireo,6,3,Jun_W3,0.0240385,624.0
Blue-headed Vireo,6,4,Jun_W4,0.0269886,704.0
Blue-headed Vireo,7,1,Jul_W1,0.0227766,922.0
Blue-headed Vireo,7,2,Jul_W2,0.0261941,649.0
Blue-headed Vireo,7,3,Jul_W3,0.0222635,539.0
Blue-headed Vireo,7,4,Jul_W4,0.0111732,716.0
Blue-headed Vireo,8,1,Aug_W1,0.0073937,541.0
Blue-headed Vireo,8,2,Aug_W2,0.0086207,464.0
Blue-headed Vireo,8,3,Aug_W3,0.0128913,543.0
Blue-headed Vireo,8,4,Aug_W4,0.0130548,766.0
Blue-headed Vireo,9,1,Sep_W1,0.023511,638.0
Blue-headed Vireo,9,2,Sep_W2,0.0358491,530.0
Blue-headed Vireo,9,3,Sep_W3,0.06,500.0
Blue-headed Vireo,9,4,Sep_W4,0.0647841,602.0
Blue-headed Vireo,10,1,Oct_W1,0.0740741,378.0
Blue-headed Vireo,10,2,Oct_W2,0.0367816,435.0
Blue-headed Vireo,10,3,Oct_W3,0.0207792,385.0
Blue-headed Vireo,10,4,Oct_W4,0.0062016,645.0
Blue-headed Vireo,11,1,Nov_W1,0.0,434.0
Blue-headed Vireo,11,2,Nov_W2,0.0,468.0
Blue-headed Vireo,11,3,Nov_W3,0.0,441.0
Blue-headed Vireo,11,4,Nov_W4,0.0,600.0
Blue-headed Vireo,12,1,Dec_W1,0.0,446.0
Blue-headed Vireo,12,2,Dec_W2,0.0,529.0
Blue-headed Vireo,12,3,Dec_W3,0.0,552.0
Blue-headed Vireo,12,4,Dec_W4,0.0,695.0
Philadelphia Vireo,1,1,Jan_W1,0.0,823.0
Philadelphia Vireo,1,2,Jan_W2,0.0,605.0
Philadelphia Vireo,1,3,Jan_W3,0.0,523.0
Philadelphia Vireo,1,4,Jan_W4,0.0,730.0
Philadelphia Vireo,2,1,Feb_W1,0.0,496.0
Philadelphia Vireo,2,2,Feb_W2,0.0,822.0
Philadelphia Vireo,2,3,Feb_W3,0.0,1575.0
Philadelphia Vireo,2,4,Feb_W4,0.0,612.0
Philadelphia Vireo,3,1,Mar_W1,0.0,608.0
Philadelphia Vireo,3,2,Mar_W2,0.0,740.0
Philadelphia Vireo,3,3,Mar_W3,0.0,665.0
Philadelphia Vireo,3,4,Mar_W4,0.0,843.0
Philadelphia Vireo,4,1,Apr_W1,0.0,743.0
Philadelphia Vireo,4,2,Apr_W2,0.0,762.0
Philadelphia Vireo,4,3,Apr_W3,0.0,775.0
Philadelphia Vireo,4,4,Apr_W4,0.0,1200.0
Philadelphia Vireo,5,1,May_W1,0.0,1394.0
Philadelphia Vireo,5,2,May_W2,0.0324455,4130.0
Philadelphia Vireo,5,3,May_W3,0.1041193,8788.0
Philadelphia Vireo,5,4,May_W4,0.1243632,3337.0
Philadelphia Vireo,6,1,Jun_W1,0.0020725,965.0
Philadelphia Vireo,6,2,Jun_W2,0.0,714.0
Philadelphia Vireo,6,3,Jun_W3,0.0,624.0
Philadelphia Vireo,6,4,Jun_W4,0.0,704.0
Philadelphia Vireo,7,1,Jul_W1,0.0,922.0
Philadelphia Vireo,7,2,Jul_W2,0.0,649.0
Philadelphia Vireo,7,3,Jul_W3,0.0,539.0
Philadelphia Vireo,7,4,Jul_W4,0.0,716.0
Philadelphia Vireo,8,1,Aug_W1,0.0018484,541.0
Philadelphia Vireo,8,2,Aug_W2,0.0,464.0
Philadelphia Vireo,8,3,Aug_W3,0.0239411,543.0
Philadelphia Vireo,8,4,Aug_W4,0.0678851,766.0
Philadelphia Vireo,9,1,Sep_W1,0.0893417,638.0
Philadelphia Vireo,9,2,Sep_W2,0.1,530.0
Philadelphia Vireo,9,3,Sep_W3,0.082,500.0
Philadelphia Vireo,9,4,Sep_W4,0.0332226,602.0
Philadelphia Vireo,10,1,Oct_W1,0.0,378.0
Philadelphia Vireo,10,2,Oct_W2,0.0,435.0
Philadelphia Vireo,10,3,Oct_W3,0.0,385.0
Philadelphia Vireo,10,4,Oct_W4,0.0,645.0
Philadelphia Vireo,11,1,Nov_W1,0.0046083,434.0
Philadelphia Vireo,11,2,Nov_W2,0.0,468.0
Philadelphia Vireo,11,3,Nov_W3,0.0,441.0
Philadelphia Vireo,11,4,Nov_W4,0.0,600.0
Philadelphia Vireo,12,1,Dec_W1,0.0,446.0
Philadelphia Vireo,12,2,Dec_W2,0.0,529.0
Philadelphia Vireo,12,3,Dec_W3,0.0,552.0
Philadelphia Vireo,12,4,Dec_W4,0.0,695.0
Eastern Warbling Vireo,1,1,Jan_W1,0.0,823.0
Eastern Warbling Vireo,1,2,Jan_W2,0.0,605.0
Eastern Warbling Vireo,1,3,Jan_W3,0.0,523.0
Eastern Warbling Vireo,1,4,Jan_W4,0.0,730.0
Eastern Warbling Vireo,2,1,Feb_W1,0.0,496.0
Eastern Warbling Vireo,2,2,Feb_W2,0.0,822.0
Eastern Warbling Vireo,2,3,Feb_W3,0.0,1575.0
Eastern Warbling Vireo,2,4,Feb_W4,0.0,612.0
Eastern Warbling Vireo,3,1,Mar_W1,0.0,608.0
Eastern Warbling Vireo,3,2,Mar_W2,0.0,740.0
Eastern Warbling Vireo,3,3,Mar_W3,0.0,665.0
Eastern Warbling Vireo,3,4,Mar_W4,0.0,843.0
Eastern Warbling Vireo,4,1,Apr_W1,0.0,743.0
Eastern Warbling Vireo,4,2,Apr_W2,0.0,762.0
Eastern Warbling Vireo,4,3,Apr_W3,0.0,775.0
Eastern Warbling Vireo,4,4,Apr_W4,0.0066667,1200.0
Eastern Warbling Vireo,5,1,May_W1,0.1348637,1394.0
Eastern Warbling Vireo,5,2,May_W2,0.3072639,4130.0
Eastern Warbling Vireo,5,3,May_W3,0.3974738,8788.0
Eastern Warbling Vireo,5,4,May_W4,0.3736889,3337.0
Eastern Warbling Vireo,6,1,Jun_W1,0.2476684,965.0
Eastern Warbling Vireo,6,2,Jun_W2,0.1862745,714.0
Eastern Warbling Vireo,6,3,Jun_W3,0.1826923,624.0
Eastern Warbling Vireo,6,4,Jun_W4,0.140625,704.0
Eastern Warbling Vireo,7,1,Jul_W1,0.0932755,922.0
Eastern Warbling Vireo,7,2,Jul_W2,0.1171032,649.0
Eastern Warbling Vireo,7,3,Jul_W3,0.0909091,539.0
Eastern Warbling Vireo,7,4,Jul_W4,0.0837989,716.0
Eastern Warbling Vireo,8,1,Aug_W1,0.0628466,541.0
Eastern Warbling Vireo,8,2,Aug_W2,0.0668103,464.0
Eastern Warbling Vireo,8,3,Aug_W3,0.06814,543.0
Eastern Warbling Vireo,8,4,Aug_W4,0.0874674,766.0
Eastern Warbling Vireo,9,1,Sep_W1,0.0956113,638.0
Eastern Warbling Vireo,9,2,Sep_W2,0.0584906,530.0
Eastern Warbling Vireo,9,3,Sep_W3,0.01,500.0
Eastern Warbling Vireo,9,4,Sep_W4,0.0033223,602.0
Eastern Warbling Vireo,10,1,Oct_W1,0.0,378.0
Eastern Warbling Vireo,10,2,Oct_W2,0.0,435.0
Eastern Warbling Vireo,10,3,Oct_W3,0.0,385.0
Eastern Warbling Vireo,10,4,Oct_W4,0.0,645.0
Eastern Warbling Vireo,11,1,Nov_W1,0.0,434.0
Eastern Warbling Vireo,11,2,Nov_W2,0.0,468.0
Eastern Warbling Vireo,11,3,Nov_W3,0.0,441.0
Eastern Warbling Vireo,11,4,Nov_W4,0.0,600.0
Eastern Warbling Vireo,12,1,Dec_W1,0.0,446.0
Eastern Warbling Vireo,12,2,Dec_W2,0.0,529.0
Eastern Warbling Vireo,12,3,Dec_W3,0.0,552.0
Eastern Warbling Vireo,12,4,Dec_W4,0.0,695.0
Red-eyed Vireo,1,1,Jan_W1,0.0,823.0
Red-eyed Vireo,1,2,Jan_W2,0.0,605.0
Red-eyed Vireo,1,3,Jan_W3,0.0,523.0
Red-eyed Vireo,1,4,Jan_W4,0.0,730.0
Red-eyed Vireo,2,1,Feb_W1,0.0,496.0
Red-eyed Vireo,2,2,Feb_W2,0.0,822.0
Red-eyed Vireo,2,3,Feb_W3,0.0,1575.0
Red-eyed Vireo,2,4,Feb_W4,0.0,612.0
Red-eyed Vireo,3,1,Mar_W1,0.0,608.0
Red-eyed Vireo,3,2,Mar_W2,0.0,740.0
Red-eyed Vireo,3,3,Mar_W3,0.0,665.0
Red-eyed Vireo,3,4,Mar_W4,0.0,843.0
Red-eyed Vireo,4,1,Apr_W1,0.0,743.0
Red-eyed Vireo,4,2,Apr_W2,0.0,762.0
Red-eyed Vireo,4,3,Apr_W3,0.0,775.0
Red-eyed Vireo,4,4,Apr_W4,0.0,1200.0
Red-eyed Vireo,5,1,May_W1,0.0136298,1394.0
Red-eyed Vireo,5,2,May_W2,0.1094431,4130.0
Red-eyed Vireo,5,3,May_W3,0.2966545,8788.0
Red-eyed Vireo,5,4,May_W4,0.4803716,3337.0
Red-eyed Vireo,6,1,Jun_W1,0.453886,965.0
Red-eyed Vireo,6,2,Jun_W2,0.4285714,714.0
Red-eyed Vireo,6,3,Jun_W3,0.4246795,624.0
Red-eyed Vireo,6,4,Jun_W4,0.4289773,704.0
Red-eyed Vireo,7,1,Jul_W1,0.3644252,922.0
Red-eyed Vireo,7,2,Jul_W2,0.357473,649.0
Red-eyed Vireo,7,3,Jul_W3,0.3339518,539.0
Red-eyed Vireo,7,4,Jul_W4,0.2863128,716.0
Red-eyed Vireo,8,1,Aug_W1,0.2421442,541.0
Red-eyed Vireo,8,2,Aug_W2,0.2543103,464.0
Red-eyed Vireo,8,3,Aug_W3,0.2725599,543.0
Red-eyed Vireo,8,4,Aug_W4,0.305483,766.0
Red-eyed Vireo,9,1,Sep_W1,0.3526646,638.0
Red-eyed Vireo,9,2,Sep_W2,0.2622642,530.0
Red-eyed Vireo,9,3,Sep_W3,0.18,500.0
Red-eyed Vireo,9,4,Sep_W4,0.1079734,602.0
Red-eyed Vireo,10,1,Oct_W1,0.0396825,378.0
Red-eyed Vireo,10,2,Oct_W2,0.0045977,435.0
Red-eyed Vireo,10,3,Oct_W3,0.0103896,385.0
Red-eyed Vireo,10,4,Oct_W4,0.0,645.0
Red-eyed Vireo,11,1,Nov_W1,0.0,434.0
Red-eyed Vireo,11,2,Nov_W2,0.0,468.0
Red-eyed Vireo,11,3,Nov_W3,0.0,441.0
Red-eyed Vireo,11,4,Nov_W4,0.0,600.0
Red-eyed Vireo,12,1,Dec_W1,0.0,446.0
Red-eyed Vireo,12,2,Dec_W2,0.0,529.0
Red-eyed Vireo,12,3,Dec_W3,0.0,552.0
Red-eyed Vireo,12,4,Dec_W4,0.0,695.0
Loggerhead Shrike,1,1,Jan_W1,0.0,823.0
Loggerhead Shrike,1,2,Jan_W2,0.0,605.0
Loggerhead Shrike,1,3,Jan_W3,0.0,523.0
Loggerhead Shrike,1,4,Jan_W4,0.0,730.0
Loggerhead Shrike,2,1,Feb_W1,0.0,496.0
Loggerhead Shrike,2,2,Feb_W2,0.0,822.0
Loggerhead Shrike,2,3,Feb_W3,0.0,1575.0
Loggerhead Shrike,2,4,Feb_W4,0.0,612.0
Loggerhead Shrike,3,1,Mar_W1,0.0,608.0
Loggerhead Shrike,3,2,Mar_W2,0.0,740.0
Loggerhead Shrike,3,3,Mar_W3,0.0,665.0
Loggerhead Shrike,3,4,Mar_W4,0.0,843.0
Loggerhead Shrike,4,1,Apr_W1,0.0,743.0
Loggerhead Shrike,4,2,Apr_W2,0.0,762.0
Loggerhead Shrike,4,3,Apr_W3,0.0,775.0
Loggerhead Shrike,4,4,Apr_W4,0.0016667,1200.0
Loggerhead Shrike,5,1,May_W1,0.0,1394.0
Loggerhead Shrike,5,2,May_W2,0.0012107,4130.0
Loggerhead Shrike,5,3,May_W3,0.0002276,8788.0
Loggerhead Shrike,5,4,May_W4,0.003596,3337.0
Loggerhead Shrike,6,1,Jun_W1,0.0031088,965.0
Loggerhead Shrike,6,2,Jun_W2,0.0015,714.0
Loggerhead Shrike,6,3,Jun_W3,0.0,624.0
Loggerhead Shrike,6,4,Jun_W4,0.0,704.0
Loggerhead Shrike,7,1,Jul_W1,0.0,922.0
Loggerhead Shrike,7,2,Jul_W2,0.0,649.0
Loggerhead Shrike,7,3,Jul_W3,0.0,539.0
Loggerhead Shrike,7,4,Jul_W4,0.0,716.0
Loggerhead Shrike,8,1,Aug_W1,0.0,541.0
Loggerhead Shrike,8,2,Aug_W2,0.0,464.0
Loggerhead Shrike,8,3,Aug_W3,0.0,543.0
Loggerhead Shrike,8,4,Aug_W4,0.0,766.0
Loggerhead Shrike,9,1,Sep_W1,0.0,638.0
Loggerhead Shrike,9,2,Sep_W2,0.0,530.0
Loggerhead Shrike,9,3,Sep_W3,0.0,500.0
Loggerhead Shrike,9,4,Sep_W4,0.0,602.0
Loggerhead Shrike,10,1,Oct_W1,0.0,378.0
Loggerhead Shrike,10,2,Oct_W2,0.0,435.0
Loggerhead Shrike,10,3,Oct_W3,0.0,385.0
Loggerhead Shrike,10,4,Oct_W4,0.0,645.0
Loggerhead Shrike,11,1,Nov_W1,0.0,434.0
Loggerhead Shrike,11,2,Nov_W2,0.0,468.0
Loggerhead Shrike,11,3,Nov_W3,0.0,441.0
Loggerhead Shrike,11,4,Nov_W4,0.0,600.0
Loggerhead Shrike,12,1,Dec_W1,0.0,446.0
Loggerhead Shrike,12,2,Dec_W2,0.0,529.0
Loggerhead Shrike,12,3,Dec_W3,0.0,552.0
Loggerhead Shrike,12,4,Dec_W4,0.0,695.0
Northern Shrike,1,1,Jan_W1,0.0340219,823.0
Northern Shrike,1,2,Jan_W2,0.0396694,605.0
Northern Shrike,1,3,Jan_W3,0.040153,523.0
Northern Shrike,1,4,Jan_W4,0.0369863,730.0
Northern Shrike,2,1,Feb_W1,0.0544355,496.0
Northern Shrike,2,2,Feb_W2,0.0158151,822.0
Northern Shrike,2,3,Feb_W3,0.0069841,1575.0
Northern Shrike,2,4,Feb_W4,0.0245098,612.0
Northern Shrike,3,1,Mar_W1,0.0345395,608.0
Northern Shrike,3,2,Mar_W2,0.0202703,740.0
Northern Shrike,3,3,Mar_W3,0.0195489,665.0
Northern Shrike,3,4,Mar_W4,0.024911,843.0
Northern Shrike,4,1,Apr_W1,0.0201884,743.0
Northern Shrike,4,2,Apr_W2,0.003937,762.0
Northern Shrike,4,3,Apr_W3,0.0025806,775.0
Northern Shrike,4,4,Apr_W4,0.0016667,1200.0
Northern Shrike,5,1,May_W1,0.0007174,1394.0
Northern Shrike,5,2,May_W2,0.0,4130.0
Northern Shrike,5,3,May_W3,0.0,8788.0
Northern Shrike,5,4,May_W4,0.0,3337.0
Northern Shrike,6,1,Jun_W1,0.0,965.0
Northern Shrike,6,2,Jun_W2,0.0,714.0
Northern Shrike,6,3,Jun_W3,0.0,624.0
Northern Shrike,6,4,Jun_W4,0.0,704.0
Northern Shrike,7,1,Jul_W1,0.0,922.0
Northern Shrike,7,2,Jul_W2,0.0,649.0
Northern Shrike,7,3,Jul_W3,0.0,539.0
Northern Shrike,7,4,Jul_W4,0.0,716.0
Northern Shrike,8,1,Aug_W1,0.0,541.0
Northern Shrike,8,2,Aug_W2,0.0,464.0
Northern Shrike,8,3,Aug_W3,0.0,543.0
Northern Shrike,8,4,Aug_W4,0.0,766.0
Northern Shrike,9,1,Sep_W1,0.0,638.0
Northern Shrike,9,2,Sep_W2,0.0,530.0
Northern Shrike,9,3,Sep_W3,0.0,500.0
Northern Shrike,9,4,Sep_W4,0.0,602.0
Northern Shrike,10,1,Oct_W1,0.0,378.0
Northern Shrike,10,2,Oct_W2,0.0,435.0
Northern Shrike,10,3,Oct_W3,0.0545455,385.0
Northern Shrike,10,4,Oct_W4,0.0527132,645.0
Northern Shrike,11,1,Nov_W1,0.0230415,434.0
Northern Shrike,11,2,Nov_W2,0.0384615,468.0
Northern Shrike,11,3,Nov_W3,0.0226757,441.0
Northern Shrike,11,4,Nov_W4,0.0233333,600.0
Northern Shrike,12,1,Dec_W1,0.0224215,446.0
Northern Shrike,12,2,Dec_W2,0.0170132,529.0
Northern Shrike,12,3,Dec_W3,0.0307971,552.0
Northern Shrike,12,4,Dec_W4,0.0244604,695.0
Blue Jay,1,1,Jan_W1,0.3693803,823.0
Blue Jay,1,2,Jan_W2,0.4198347,605.0
Blue Jay,1,3,Jan_W3,0.4455067,523.0
Blue Jay,1,4,Jan_W4,0.5219178,730.0
Blue Jay,2,1,Feb_W1,0.4415323,496.0
Blue Jay,2,2,Feb_W2,0.5425791,822.0
Blue Jay,2,3,Feb_W3,0.4692063,1575.0
Blue Jay,2,4,Feb_W4,0.4313725,612.0
Blue Jay,3,1,Mar_W1,0.4046053,608.0
Blue Jay,3,2,Mar_W2,0.3608108,740.0
Blue Jay,3,3,Mar_W3,0.3729323,665.0
Blue Jay,3,4,Mar_W4,0.3807829,843.0
Blue Jay,4,1,Apr_W1,0.4051144,743.0
Blue Jay,4,2,Apr_W2,0.4068241,762.0
Blue Jay,4,3,Apr_W3,0.4490323,775.0
Blue Jay,4,4,Apr_W4,0.5033333,1200.0
Blue Jay,5,1,May_W1,0.6391679,1394.0
Blue Jay,5,2,May_W2,0.662954,4130.0
Blue Jay,5,3,May_W3,0.6474738,8788.0
Blue Jay,5,4,May_W4,0.6415942,3337.0
Blue Jay,6,1,Jun_W1,0.5647668,965.0
Blue Jay,6,2,Jun_W2,0.5392157,714.0
Blue Jay,6,3,Jun_W3,0.5576923,624.0
Blue Jay,6,4,Jun_W4,0.5340909,704.0
Blue Jay,7,1,Jul_W1,0.472885,922.0
Blue Jay,7,2,Jul_W2,0.4530046,649.0
Blue Jay,7,3,Jul_W3,0.4990724,539.0
Blue Jay,7,4,Jul_W4,0.5586592,716.0
Blue Jay,8,1,Aug_W1,0.5693161,541.0
Blue Jay,8,2,Aug_W2,0.6056034,464.0
Blue Jay,8,3,Aug_W3,0.6279926,543.0
Blue Jay,8,4,Aug_W4,0.6488251,766.0
Blue Jay,9,1,Sep_W1,0.7272727,638.0
Blue Jay,9,2,Sep_W2,0.7471698,530.0
Blue Jay,9,3,Sep_W3,0.812,500.0
Blue Jay,9,4,Sep_W4,0.7657807,602.0
Blue Jay,10,1,Oct_W1,0.7619048,378.0
Blue Jay,10,2,Oct_W2,0.6689655,435.0
Blue Jay,10,3,Oct_W3,0.6051948,385.0
Blue Jay,10,4,Oct_W4,0.524031,645.0
Blue Jay,11,1,Nov_W1,0.4723502,434.0
Blue Jay,11,2,Nov_W2,0.5149573,468.0
Blue Jay,11,3,Nov_W3,0.4693878,441.0
Blue Jay,11,4,Nov_W4,0.3983333,600.0
Blue Jay,12,1,Dec_W1,0.4349776,446.0
Blue Jay,12,2,Dec_W2,0.4139887,529.0
Blue Jay,12,3,Dec_W3,0.4257246,552.0
Blue Jay,12,4,Dec_W4,0.4,695.0
American Crow,1,1,Jan_W1,0.3147023,823.0
American Crow,1,2,Jan_W2,0.3702479,605.0
American Crow,1,3,Jan_W3,0.3824092,523.0
American Crow,1,4,Jan_W4,0.3726027,730.0
American Crow,2,1,Feb_W1,0.421371,496.0
American Crow,2,2,Feb_W2,0.3333333,822.0
American Crow,2,3,Feb_W3,0.3301587,1575.0
American Crow,2,4,Feb_W4,0.5261438,612.0
American Crow,3,1,Mar_W1,0.5246711,608.0
American Crow,3,2,Mar_W2,0.5905405,740.0
American Crow,3,3,Mar_W3,0.5804511,665.0
American Crow,3,4,Mar_W4,0.5753262,843.0
American Crow,4,1,Apr_W1,0.5356662,743.0
American Crow,4,2,Apr_W2,0.4501312,762.0
American Crow,4,3,Apr_W3,0.4683871,775.0
American Crow,4,4,Apr_W4,0.4558333,1200.0
American Crow,5,1,May_W1,0.4483501,1394.0
American Crow,5,2,May_W2,0.3024213,4130.0
American Crow,5,3,May_W3,0.2864133,8788.0
American Crow,5,4,May_W4,0.3086605,3337.0
American Crow,6,1,Jun_W1,0.3388601,965.0
American Crow,6,2,Jun_W2,0.3543417,714.0
American Crow,6,3,Jun_W3,0.3317308,624.0
American Crow,6,4,Jun_W4,0.3735795,704.0
American Crow,7,1,Jul_W1,0.4414317,922.0
American Crow,7,2,Jul_W2,0.3836672,649.0
American Crow,7,3,Jul_W3,0.4100186,539.0
American Crow,7,4,Jul_W4,0.4189944,716.0
American Crow,8,1,Aug_W1,0.4103512,541.0
American Crow,8,2,Aug_W2,0.4331897,464.0
American Crow,8,3,Aug_W3,0.4198895,543.0
American Crow,8,4,Aug_W4,0.4347258,766.0
American Crow,9,1,Sep_W1,0.4373041,638.0
American Crow,9,2,Sep_W2,0.3924528,530.0
American Crow,9,3,Sep_W3,0.428,500.0
American Crow,9,4,Sep_W4,0.4518272,602.0
American Crow,10,1,Oct_W1,0.4603175,378.0
American Crow,10,2,Oct_W2,0.3770115,435.0
American Crow,10,3,Oct_W3,0.3844156,385.0
American Crow,10,4,Oct_W4,0.351938,645.0
American Crow,11,1,Nov_W1,0.2834101,434.0
American Crow,11,2,Nov_W2,0.3247863,468.0
American Crow,11,3,Nov_W3,0.3628118,441.0
American Crow,11,4,Nov_W4,0.3266667,600.0
American Crow,12,1,Dec_W1,0.3318386,446.0
American Crow,12,2,Dec_W2,0.31569,529.0
American Crow,12,3,Dec_W3,0.365942,552.0
American Crow,12,4,Dec_W4,0.3611511,695.0
Common Raven,1,1,Jan_W1,0.1470231,823.0
Common Raven,1,2,Jan_W2,0.1504132,605.0
Common Raven,1,3,Jan_W3,0.1816444,523.0
Common Raven,1,4,Jan_W4,0.1643836,730.0
Common Raven,2,1,Feb_W1,0.1633065,496.0
Common Raven,2,2,Feb_W2,0.1009732,822.0
Common Raven,2,3,Feb_W3,0.0971429,1575.0
Common Raven,2,4,Feb_W4,0.1601307,612.0
Common Raven,3,1,Mar_W1,0.1332237,608.0
Common Raven,3,2,Mar_W2,0.1513514,740.0
Common Raven,3,3,Mar_W3,0.1368421,665.0
Common Raven,3,4,Mar_W4,0.1233689,843.0
Common Raven,4,1,Apr_W1,0.1144011,743.0
Common Raven,4,2,Apr_W2,0.1246719,762.0
Common Raven,4,3,Apr_W3,0.1329032,775.0
Common Raven,4,4,Apr_W4,0.125,1200.0
Common Raven,5,1,May_W1,0.1269727,1394.0
Common Raven,5,2,May_W2,0.0891041,4130.0
Common Raven,5,3,May_W3,0.080792,8788.0
Common Raven,5,4,May_W4,0.0890021,3337.0
Common Raven,6,1,Jun_W1,0.119171,965.0
Common Raven,6,2,Jun_W2,0.1470588,714.0
Common Raven,6,3,Jun_W3,0.1137821,624.0
Common Raven,6,4,Jun_W4,0.0823864,704.0
Common Raven,7,1,Jul_W1,0.1062907,922.0
Common Raven,7,2,Jul_W2,0.1001541,649.0
Common Raven,7,3,Jul_W3,0.1020408,539.0
Common Raven,7,4,Jul_W4,0.1061453,716.0
Common Raven,8,1,Aug_W1,0.12939,541.0
Common Raven,8,2,Aug_W2,0.1034483,464.0
Common Raven,8,3,Aug_W3,0.121547,543.0
Common Raven,8,4,Aug_W4,0.113577,766.0
Common Raven,9,1,Sep_W1,0.1489028,638.0
Common Raven,9,2,Sep_W2,0.1301887,530.0
Common Raven,9,3,Sep_W3,0.124,500.0
Common Raven,9,4,Sep_W4,0.141196,602.0
Common Raven,10,1,Oct_W1,0.1560847,378.0
Common Raven,10,2,Oct_W2,0.1655172,435.0
Common Raven,10,3,Oct_W3,0.1012987,385.0
Common Raven,10,4,Oct_W4,0.0806202,645.0
Common Raven,11,1,Nov_W1,0.0875576,434.0
Common Raven,11,2,Nov_W2,0.0940171,468.0
Common Raven,11,3,Nov_W3,0.0634921,441.0
Common Raven,11,4,Nov_W4,0.1033333,600.0
Common Raven,12,1,Dec_W1,0.0784753,446.0
Common Raven,12,2,Dec_W2,0.0793951,529.0
Common Raven,12,3,Dec_W3,0.1358696,552.0
Common Raven,12,4,Dec_W4,0.1309353,695.0
Black-capped Chickadee,1,1,Jan_W1,0.4410693,823.0
Black-capped Chickadee,1,2,Jan_W2,0.4942149,605.0
Black-capped Chickadee,1,3,Jan_W3,0.5717017,523.0
Black-capped Chickadee,1,4,Jan_W4,0.5821918,730.0
Black-capped Chickadee,2,1,Feb_W1,0.6108871,496.0
Black-capped Chickadee,2,2,Feb_W2,0.6654501,822.0
Black-capped Chickadee,2,3,Feb_W3,0.6831746,1575.0
Black-capped Chickadee,2,4,Feb_W4,0.5245098,612.0
Black-capped Chickadee,3,1,Mar_W1,0.5246711,608.0
Black-capped Chickadee,3,2,Mar_W2,0.4472973,740.0
Black-capped Chickadee,3,3,Mar_W3,0.4646617,665.0
Black-capped Chickadee,3,4,Mar_W4,0.4626335,843.0
Black-capped Chickadee,4,1,Apr_W1,0.4414536,743.0
Black-capped Chickadee,4,2,Apr_W2,0.4514436,762.0
Black-capped Chickadee,4,3,Apr_W3,0.4683871,775.0
Black-capped Chickadee,4,4,Apr_W4,0.4833333,1200.0
Black-capped Chickadee,5,1,May_W1,0.5337159,1394.0
Black-capped Chickadee,5,2,May_W2,0.4302663,4130.0
Black-capped Chickadee,5,3,May_W3,0.4008876,8788.0
Black-capped Chickadee,5,4,May_W4,0.3646988,3337.0
Black-capped Chickadee,6,1,Jun_W1,0.3212435,965.0
Black-capped Chickadee,6,2,Jun_W2,0.2871148,714.0
Black-capped Chickadee,6,3,Jun_W3,0.3141026,624.0
Black-capped Chickadee,6,4,Jun_W4,0.3053977,704.0
Black-capped Chickadee,7,1,Jul_W1,0.302603,922.0
Black-capped Chickadee,7,2,Jul_W2,0.3220339,649.0
Black-capped Chickadee,7,3,Jul_W3,0.393321,539.0
Black-capped Chickadee,7,4,Jul_W4,0.3938547,716.0
Black-capped Chickadee,8,1,Aug_W1,0.4251386,541.0
Black-capped Chickadee,8,2,Aug_W2,0.4439655,464.0
Black-capped Chickadee,8,3,Aug_W3,0.5082873,543.0
Black-capped Chickadee,8,4,Aug_W4,0.5104439,766.0
Black-capped Chickadee,9,1,Sep_W1,0.5297806,638.0
Black-capped Chickadee,9,2,Sep_W2,0.5358491,530.0
Black-capped Chickadee,9,3,Sep_W3,0.612,500.0
Black-capped Chickadee,9,4,Sep_W4,0.5747508,602.0
Black-capped Chickadee,10,1,Oct_W1,0.6322751,378.0
Black-capped Chickadee,10,2,Oct_W2,0.5908046,435.0
Black-capped Chickadee,10,3,Oct_W3,0.5324675,385.0
Black-capped Chickadee,10,4,Oct_W4,0.4651163,645.0
Black-capped Chickadee,11,1,Nov_W1,0.4262673,434.0
Black-capped Chickadee,11,2,Nov_W2,0.5064103,468.0
Black-capped Chickadee,11,3,Nov_W3,0.4399093,441.0
Black-capped Chickadee,11,4,Nov_W4,0.4266667,600.0
Black-capped Chickadee,12,1,Dec_W1,0.4843049,446.0
Black-capped Chickadee,12,2,Dec_W2,0.4612476,529.0
Black-capped Chickadee,12,3,Dec_W3,0.4818841,552.0
Black-capped Chickadee,12,4,Dec_W4,0.4791367,695.0
Tufted Titmouse,1,1,Jan_W1,0.217497,823.0
Tufted Titmouse,1,2,Jan_W2,0.261157,605.0
Tufted Titmouse,1,3,Jan_W3,0.2963671,523.0
Tufted Titmouse,1,4,Jan_W4,0.3232877,730.0
Tufted Titmouse,2,1,Feb_W1,0.3084677,496.0
Tufted Titmouse,2,2,Feb_W2,0.4026764,822.0
Tufted Titmouse,2,3,Feb_W3,0.4057143,1575.0
Tufted Titmouse,2,4,Feb_W4,0.2271242,612.0
Tufted Titmouse,3,1,Mar_W1,0.2467105,608.0
Tufted Titmouse,3,2,Mar_W2,0.227027,740.0
Tufted Titmouse,3,3,Mar_W3,0.2270677,665.0
Tufted Titmouse,3,4,Mar_W4,0.2301305,843.0
Tufted Titmouse,4,1,Apr_W1,0.2153432,743.0
Tufted Titmouse,4,2,Apr_W2,0.2440945,762.0
Tufted Titmouse,4,3,Apr_W3,0.2219355,775.0
Tufted Titmouse,4,4,Apr_W4,0.1966667,1200.0
Tufted Titmouse,5,1,May_W1,0.1922525,1394.0
Tufted Titmouse,5,2,May_W2,0.1249395,4130.0
Tufted Titmouse,5,3,May_W3,0.0830678,8788.0
Tufted Titmouse,5,4,May_W4,0.0839077,3337.0
Tufted Titmouse,6,1,Jun_W1,0.1119171,965.0
Tufted Titmouse,6,2,Jun_W2,0.1008403,714.0
Tufted Titmouse,6,3,Jun_W3,0.1137821,624.0
Tufted Titmouse,6,4,Jun_W4,0.1292614,704.0
Tufted Titmouse,7,1,Jul_W1,0.1214751,922.0
Tufted Titmouse,7,2,Jul_W2,0.1171032,649.0
Tufted Titmouse,7,3,Jul_W3,0.109462,539.0
Tufted Titmouse,7,4,Jul_W4,0.1312849,716.0
Tufted Titmouse,8,1,Aug_W1,0.116451,541.0
Tufted Titmouse,8,2,Aug_W2,0.1637931,464.0
Tufted Titmouse,8,3,Aug_W3,0.106814,543.0
Tufted Titmouse,8,4,Aug_W4,0.0939948,766.0
Tufted Titmouse,9,1,Sep_W1,0.0893417,638.0
Tufted Titmouse,9,2,Sep_W2,0.1018868,530.0
Tufted Titmouse,9,3,Sep_W3,0.096,500.0
Tufted Titmouse,9,4,Sep_W4,0.1578073,602.0
Tufted Titmouse,10,1,Oct_W1,0.2407407,378.0
Tufted Titmouse,10,2,Oct_W2,0.2574713,435.0
Tufted Titmouse,10,3,Oct_W3,0.2701299,385.0
Tufted Titmouse,10,4,Oct_W4,0.2263566,645.0
Tufted Titmouse,11,1,Nov_W1,0.2258065,434.0
Tufted Titmouse,11,2,Nov_W2,0.207265,468.0
Tufted Titmouse,11,3,Nov_W3,0.1814059,441.0
Tufted Titmouse,11,4,Nov_W4,0.1533333,600.0
Tufted Titmouse,12,1,Dec_W1,0.2107623,446.0
Tufted Titmouse,12,2,Dec_W2,0.2098299,529.0
Tufted Titmouse,12,3,Dec_W3,0.240942,552.0
Tufted Titmouse,12,4,Dec_W4,0.228777,695.0
Horned Lark,1,1,Jan_W1,0.0,823.0
Horned Lark,1,2,Jan_W2,0.0,605.0
Horned Lark,1,3,Jan_W3,0.001912,523.0
Horned Lark,1,4,Jan_W4,0.0041096,730.0
Horned Lark,2,1,Feb_W1,0.0015,496.0
Horned Lark,2,2,Feb_W2,0.0060827,822.0
Horned Lark,2,3,Feb_W3,0.0107937,1575.0
Horned Lark,2,4,Feb_W4,0.0359477,612.0
Horned Lark,3,1,Mar_W1,0.0131579,608.0
Horned Lark,3,2,Mar_W2,0.0432432,740.0
Horned Lark,3,3,Mar_W3,0.0180451,665.0
Horned Lark,3,4,Mar_W4,0.0272835,843.0
Horned Lark,4,1,Apr_W1,0.0148048,743.0
Horned Lark,4,2,Apr_W2,0.0262467,762.0
Horned Lark,4,3,Apr_W3,0.0116129,775.0
Horned Lark,4,4,Apr_W4,0.0183333,1200.0
Horned Lark,5,1,May_W1,0.0136298,1394.0
Horned Lark,5,2,May_W2,0.0135593,4130.0
Horned Lark,5,3,May_W3,0.0164998,8788.0
Horned Lark,5,4,May_W4,0.0080911,3337.0
Horned Lark,6,1,Jun_W1,0.0051813,965.0
Horned Lark,6,2,Jun_W2,0.0084034,714.0
Horned Lark,6,3,Jun_W3,0.0016026,624.0
Horned Lark,6,4,Jun_W4,0.015625,704.0
Horned Lark,7,1,Jul_W1,0.0357918,922.0
Horned Lark,7,2,Jul_W2,0.0308166,649.0
Horned Lark,7,3,Jul_W3,0.0074212,539.0
Horned Lark,7,4,Jul_W4,0.0027933,716.0
Horned Lark,8,1,Aug_W1,0.0055453,541.0
Horned Lark,8,2,Aug_W2,0.0021552,464.0
Horned Lark,8,3,Aug_W3,0.0,543.0
Horned Lark,8,4,Aug_W4,0.0,766.0
Horned Lark,9,1,Sep_W1,0.0015674,638.0
Horned Lark,9,2,Sep_W2,0.0075472,530.0
Horned Lark,9,3,Sep_W3,0.012,500.0
Horned Lark,9,4,Sep_W4,0.0398671,602.0
Horned Lark,10,1,Oct_W1,0.0582011,378.0
Horned Lark,10,2,Oct_W2,0.0505747,435.0
Horned Lark,10,3,Oct_W3,0.0493506,385.0
Horned Lark,10,4,Oct_W4,0.055814,645.0
Horned Lark,11,1,Nov_W1,0.0483871,434.0
Horned Lark,11,2,Nov_W2,0.0235043,468.0
Horned Lark,11,3,Nov_W3,0.015873,441.0
Horned Lark,11,4,Nov_W4,0.01,600.0
Horned Lark,12,1,Dec_W1,0.0,446.0
Horned Lark,12,2,Dec_W2,0.0,529.0
Horned Lark,12,3,Dec_W3,0.0,552.0
Horned Lark,12,4,Dec_W4,0.0015,695.0
Bank Swallow,1,1,Jan_W1,0.0,823.0
Bank Swallow,1,2,Jan_W2,0.0,605.0
Bank Swallow,1,3,Jan_W3,0.0,523.0
Bank Swallow,1,4,Jan_W4,0.0,730.0
Bank Swallow,2,1,Feb_W1,0.0,496.0
Bank Swallow,2,2,Feb_W2,0.0,822.0
Bank Swallow,2,3,Feb_W3,0.0,1575.0
Bank Swallow,2,4,Feb_W4,0.0,612.0
Bank Swallow,3,1,Mar_W1,0.0,608.0
Bank Swallow,3,2,Mar_W2,0.0,740.0
Bank Swallow,3,3,Mar_W3,0.0,665.0
Bank Swallow,3,4,Mar_W4,0.0,843.0
Bank Swallow,4,1,Apr_W1,0.0,743.0
Bank Swallow,4,2,Apr_W2,0.0,762.0
Bank Swallow,4,3,Apr_W3,0.0012903,775.0
Bank Swallow,4,4,Apr_W4,0.0191667,1200.0
Bank Swallow,5,1,May_W1,0.0351506,1394.0
Bank Swallow,5,2,May_W2,0.0384988,4130.0
Bank Swallow,5,3,May_W3,0.0619026,8788.0
Bank Swallow,5,4,May_W4,0.0452502,3337.0
Bank Swallow,6,1,Jun_W1,0.0145078,965.0
Bank Swallow,6,2,Jun_W2,0.0252101,714.0
Bank Swallow,6,3,Jun_W3,0.0096154,624.0
Bank Swallow,6,4,Jun_W4,0.0127841,704.0
Bank Swallow,7,1,Jul_W1,0.0130152,922.0
Bank Swallow,7,2,Jul_W2,0.03698,649.0
Bank Swallow,7,3,Jul_W3,0.0148423,539.0
Bank Swallow,7,4,Jul_W4,0.0460894,716.0
Bank Swallow,8,1,Aug_W1,0.0332717,541.0
Bank Swallow,8,2,Aug_W2,0.0258621,464.0
Bank Swallow,8,3,Aug_W3,0.014733,543.0
Bank Swallow,8,4,Aug_W4,0.0130548,766.0
Bank Swallow,9,1,Sep_W1,0.0031348,638.0
Bank Swallow,9,2,Sep_W2,0.0037736,530.0
Bank Swallow,9,3,Sep_W3,0.0,500.0
Bank Swallow,9,4,Sep_W4,0.0,602.0
Bank Swallow,10,1,Oct_W1,0.0,378.0
Bank Swallow,10,2,Oct_W2,0.0,435.0
Bank Swallow,10,3,Oct_W3,0.0,385.0
Bank Swallow,10,4,Oct_W4,0.0,645.0
Bank Swallow,11,1,Nov_W1,0.0,434.0
Bank Swallow,11,2,Nov_W2,0.0,468.0
Bank Swallow,11,3,Nov_W3,0.0,441.0
Bank Swallow,11,4,Nov_W4,0.0,600.0
Bank Swallow,12,1,Dec_W1,0.0,446.0
Bank Swallow,12,2,Dec_W2,0.0,529.0
Bank Swallow,12,3,Dec_W3,0.0,552.0
Bank Swallow,12,4,Dec_W4,0.0,695.0
Tree Swallow,1,1,Jan_W1,0.0,823.0
Tree Swallow,1,2,Jan_W2,0.0,605.0
Tree Swallow,1,3,Jan_W3,0.0,523.0
Tree Swallow,1,4,Jan_W4,0.0,730.0
Tree Swallow,2,1,Feb_W1,0.0,496.0
Tree Swallow,2,2,Feb_W2,0.0,822.0
Tree Swallow,2,3,Feb_W3,0.0,1575.0
Tree Swallow,2,4,Feb_W4,0.0,612.0
Tree Swallow,3,1,Mar_W1,0.0,608.0
Tree Swallow,3,2,Mar_W2,0.0013514,740.0
Tree Swallow,3,3,Mar_W3,0.0015038,665.0
Tree Swallow,3,4,Mar_W4,0.0189798,843.0
Tree Swallow,4,1,Apr_W1,0.0820996,743.0
Tree Swallow,4,2,Apr_W2,0.2349081,762.0
Tree Swallow,4,3,Apr_W3,0.3264516,775.0
Tree Swallow,4,4,Apr_W4,0.3933333,1200.0
Tree Swallow,5,1,May_W1,0.5107604,1394.0
Tree Swallow,5,2,May_W2,0.5585956,4130.0
Tree Swallow,5,3,May_W3,0.5992262,8788.0
Tree Swallow,5,4,May_W4,0.5379083,3337.0
Tree Swallow,6,1,Jun_W1,0.465285,965.0
Tree Swallow,6,2,Jun_W2,0.407563,714.0
Tree Swallow,6,3,Jun_W3,0.4487179,624.0
Tree Swallow,6,4,Jun_W4,0.4602273,704.0
Tree Swallow,7,1,Jul_W1,0.2744035,922.0
Tree Swallow,7,2,Jul_W2,0.2665639,649.0
Tree Swallow,7,3,Jul_W3,0.2560297,539.0
Tree Swallow,7,4,Jul_W4,0.2877095,716.0
Tree Swallow,8,1,Aug_W1,0.2144177,541.0
Tree Swallow,8,2,Aug_W2,0.1788793,464.0
Tree Swallow,8,3,Aug_W3,0.1694291,543.0
Tree Swallow,8,4,Aug_W4,0.0848564,766.0
Tree Swallow,9,1,Sep_W1,0.0454545,638.0
Tree Swallow,9,2,Sep_W2,0.0132075,530.0
Tree Swallow,9,3,Sep_W3,0.008,500.0
Tree Swallow,9,4,Sep_W4,0.0049834,602.0
Tree Swallow,10,1,Oct_W1,0.005291,378.0
Tree Swallow,10,2,Oct_W2,0.0,435.0
Tree Swallow,10,3,Oct_W3,0.0,385.0
Tree Swallow,10,4,Oct_W4,0.0015,645.0
Tree Swallow,11,1,Nov_W1,0.0,434.0
Tree Swallow,11,2,Nov_W2,0.0,468.0
Tree Swallow,11,3,Nov_W3,0.0,441.0
Tree Swallow,11,4,Nov_W4,0.0,600.0
Tree Swallow,12,1,Dec_W1,0.0,446.0
Tree Swallow,12,2,Dec_W2,0.0,529.0
Tree Swallow,12,3,Dec_W3,0.0,552.0
Tree Swallow,12,4,Dec_W4,0.0,695.0
Purple Martin,1,1,Jan_W1,0.0,823.0
Purple Martin,1,2,Jan_W2,0.0,605.0
Purple Martin,1,3,Jan_W3,0.0,523.0
Purple Martin,1,4,Jan_W4,0.0,730.0
Purple Martin,2,1,Feb_W1,0.0,496.0
Purple Martin,2,2,Feb_W2,0.0,822.0
Purple Martin,2,3,Feb_W3,0.0,1575.0
Purple Martin,2,4,Feb_W4,0.0,612.0
Purple Martin,3,1,Mar_W1,0.0,608.0
Purple Martin,3,2,Mar_W2,0.0,740.0
Purple Martin,3,3,Mar_W3,0.0,665.0
Purple Martin,3,4,Mar_W4,0.0,843.0
Purple Martin,4,1,Apr_W1,0.0,743.0
Purple Martin,4,2,Apr_W2,0.0091864,762.0
Purple Martin,4,3,Apr_W3,0.0477419,775.0
Purple Martin,4,4,Apr_W4,0.0725,1200.0
Purple Martin,5,1,May_W1,0.1183644,1394.0
Purple Martin,5,2,May_W2,0.1261501,4130.0
Purple Martin,5,3,May_W3,0.1597633,8788.0
Purple Martin,5,4,May_W4,0.1615223,3337.0
Purple Martin,6,1,Jun_W1,0.1326425,965.0
Purple Martin,6,2,Jun_W2,0.0938375,714.0
Purple Martin,6,3,Jun_W3,0.1185897,624.0
Purple Martin,6,4,Jun_W4,0.1079545,704.0
Purple Martin,7,1,Jul_W1,0.0965293,922.0
Purple Martin,7,2,Jul_W2,0.1047766,649.0
Purple Martin,7,3,Jul_W3,0.096475,539.0
Purple Martin,7,4,Jul_W4,0.1634078,716.0
Purple Martin,8,1,Aug_W1,0.1737523,541.0
Purple Martin,8,2,Aug_W2,0.1185345,464.0
Purple Martin,8,3,Aug_W3,0.0699816,543.0
Purple Martin,8,4,Aug_W4,0.0287206,766.0
Purple Martin,9,1,Sep_W1,0.0031348,638.0
Purple Martin,9,2,Sep_W2,0.0,530.0
Purple Martin,9,3,Sep_W3,0.0,500.0
Purple Martin,9,4,Sep_W4,0.0,602.0
Purple Martin,10,1,Oct_W1,0.0,378.0
Purple Martin,10,2,Oct_W2,0.0,435.0
Purple Martin,10,3,Oct_W3,0.0,385.0
Purple Martin,10,4,Oct_W4,0.0,645.0
Purple Martin,11,1,Nov_W1,0.0,434.0
Purple Martin,11,2,Nov_W2,0.0,468.0
Purple Martin,11,3,Nov_W3,0.0,441.0
Purple Martin,11,4,Nov_W4,0.0,600.0
Purple Martin,12,1,Dec_W1,0.0,446.0
Purple Martin,12,2,Dec_W2,0.0,529.0
Purple Martin,12,3,Dec_W3,0.0,552.0
Purple Martin,12,4,Dec_W4,0.0,695.0
Northern Rough-winged Swallow,1,1,Jan_W1,0.0,823.0
Northern Rough-winged Swallow,1,2,Jan_W2,0.0,605.0
Northern Rough-winged Swallow,1,3,Jan_W3,0.0,523.0
Northern Rough-winged Swallow,1,4,Jan_W4,0.0,730.0
Northern Rough-winged Swallow,2,1,Feb_W1,0.0,496.0
Northern Rough-winged Swallow,2,2,Feb_W2,0.0,822.0
Northern Rough-winged Swallow,2,3,Feb_W3,0.0,1575.0
Northern Rough-winged Swallow,2,4,Feb_W4,0.0,612.0
Northern Rough-winged Swallow,3,1,Mar_W1,0.0,608.0
Northern Rough-winged Swallow,3,2,Mar_W2,0.0,740.0
Northern Rough-winged Swallow,3,3,Mar_W3,0.0,665.0
Northern Rough-winged Swallow,3,4,Mar_W4,0.0,843.0
Northern Rough-winged Swallow,4,1,Apr_W1,0.0,743.0
Northern Rough-winged Swallow,4,2,Apr_W2,0.0065617,762.0
Northern Rough-winged Swallow,4,3,Apr_W3,0.0090323,775.0
Northern Rough-winged Swallow,4,4,Apr_W4,0.06,1200.0
Northern Rough-winged Swallow,5,1,May_W1,0.0860832,1394.0
Northern Rough-winged Swallow,5,2,May_W2,0.0854722,4130.0
Northern Rough-winged Swallow,5,3,May_W3,0.0996814,8788.0
Northern Rough-winged Swallow,5,4,May_W4,0.080012,3337.0
Northern Rough-winged Swallow,6,1,Jun_W1,0.0373057,965.0
Northern Rough-winged Swallow,6,2,Jun_W2,0.0420168,714.0
Northern Rough-winged Swallow,6,3,Jun_W3,0.0304487,624.0
Northern Rough-winged Swallow,6,4,Jun_W4,0.046875,704.0
Northern Rough-winged Swallow,7,1,Jul_W1,0.032538,922.0
Northern Rough-winged Swallow,7,2,Jul_W2,0.0477658,649.0
Northern Rough-winged Swallow,7,3,Jul_W3,0.025974,539.0
Northern Rough-winged Swallow,7,4,Jul_W4,0.0335196,716.0
Northern Rough-winged Swallow,8,1,Aug_W1,0.0203327,541.0
Northern Rough-winged Swallow,8,2,Aug_W2,0.0193966,464.0
Northern Rough-winged Swallow,8,3,Aug_W3,0.0128913,543.0
Northern Rough-winged Swallow,8,4,Aug_W4,0.0117493,766.0
Northern Rough-winged Swallow,9,1,Sep_W1,0.007837,638.0
Northern Rough-winged Swallow,9,2,Sep_W2,0.0,530.0
Northern Rough-winged Swallow,9,3,Sep_W3,0.002,500.0
Northern Rough-winged Swallow,9,4,Sep_W4,0.0015,602.0
Northern Rough-winged Swallow,10,1,Oct_W1,0.0,378.0
Northern Rough-winged Swallow,10,2,Oct_W2,0.0,435.0
Northern Rough-winged Swallow,10,3,Oct_W3,0.0,385.0
Northern Rough-winged Swallow,10,4,Oct_W4,0.0,645.0
Northern Rough-winged Swallow,11,1,Nov_W1,0.0,434.0
Northern Rough-winged Swallow,11,2,Nov_W2,0.0021368,468.0
Northern Rough-winged Swallow,11,3,Nov_W3,0.0,441.0
Northern Rough-winged Swallow,11,4,Nov_W4,0.0,600.0
Northern Rough-winged Swallow,12,1,Dec_W1,0.0,446.0
Northern Rough-winged Swallow,12,2,Dec_W2,0.0,529.0
Northern Rough-winged Swallow,12,3,Dec_W3,0.0,552.0
Northern Rough-winged Swallow,12,4,Dec_W4,0.0,695.0
Barn Swallow,1,1,Jan_W1,0.0,823.0
Barn Swallow,1,2,Jan_W2,0.0,605.0
Barn Swallow,1,3,Jan_W3,0.0,523.0
Barn Swallow,1,4,Jan_W4,0.0,730.0
Barn Swallow,2,1,Feb_W1,0.0,496.0
Barn Swallow,2,2,Feb_W2,0.0,822.0
Barn Swallow,2,3,Feb_W3,0.0,1575.0
Barn Swallow,2,4,Feb_W4,0.0,612.0
Barn Swallow,3,1,Mar_W1,0.0,608.0
Barn Swallow,3,2,Mar_W2,0.0,740.0
Barn Swallow,3,3,Mar_W3,0.0,665.0
Barn Swallow,3,4,Mar_W4,0.0,843.0
Barn Swallow,4,1,Apr_W1,0.0013459,743.0
Barn Swallow,4,2,Apr_W2,0.0262467,762.0
Barn Swallow,4,3,Apr_W3,0.0696774,775.0
Barn Swallow,4,4,Apr_W4,0.1758333,1200.0
Barn Swallow,5,1,May_W1,0.2482066,1394.0
Barn Swallow,5,2,May_W2,0.2990315,4130.0
Barn Swallow,5,3,May_W3,0.3609467,8788.0
Barn Swallow,5,4,May_W4,0.3185496,3337.0
Barn Swallow,6,1,Jun_W1,0.2404145,965.0
Barn Swallow,6,2,Jun_W2,0.1932773,714.0
Barn Swallow,6,3,Jun_W3,0.2035256,624.0
Barn Swallow,6,4,Jun_W4,0.2329545,704.0
Barn Swallow,7,1,Jul_W1,0.2505423,922.0
Barn Swallow,7,2,Jul_W2,0.2865948,649.0
Barn Swallow,7,3,Jul_W3,0.2374768,539.0
Barn Swallow,7,4,Jul_W4,0.2597765,716.0
Barn Swallow,8,1,Aug_W1,0.2606285,541.0
Barn Swallow,8,2,Aug_W2,0.1853448,464.0
Barn Swallow,8,3,Aug_W3,0.2357274,543.0
Barn Swallow,8,4,Aug_W4,0.1488251,766.0
Barn Swallow,9,1,Sep_W1,0.1238245,638.0
Barn Swallow,9,2,Sep_W2,0.0226415,530.0
Barn Swallow,9,3,Sep_W3,0.01,500.0
Barn Swallow,9,4,Sep_W4,0.0016611,602.0
Barn Swallow,10,1,Oct_W1,0.0,378.0
Barn Swallow,10,2,Oct_W2,0.0022989,435.0
Barn Swallow,10,3,Oct_W3,0.0025974,385.0
Barn Swallow,10,4,Oct_W4,0.0015504,645.0
Barn Swallow,11,1,Nov_W1,0.0,434.0
Barn Swallow,11,2,Nov_W2,0.0,468.0
Barn Swallow,11,3,Nov_W3,0.0,441.0
Barn Swallow,11,4,Nov_W4,0.0,600.0
Barn Swallow,12,1,Dec_W1,0.0,446.0
Barn Swallow,12,2,Dec_W2,0.0,529.0
Barn Swallow,12,3,Dec_W3,0.0,552.0
Barn Swallow,12,4,Dec_W4,0.0,695.0
Cliff Swallow,1,1,Jan_W1,0.0,823.0
Cliff Swallow,1,2,Jan_W2,0.0,605.0
Cliff Swallow,1,3,Jan_W3,0.0,523.0
Cliff Swallow,1,4,Jan_W4,0.0,730.0
Cliff Swallow,2,1,Feb_W1,0.0,496.0
Cliff Swallow,2,2,Feb_W2,0.0,822.0
Cliff Swallow,2,3,Feb_W3,0.0,1575.0
Cliff Swallow,2,4,Feb_W4,0.0,612.0
Cliff Swallow,3,1,Mar_W1,0.0,608.0
Cliff Swallow,3,2,Mar_W2,0.0,740.0
Cliff Swallow,3,3,Mar_W3,0.0,665.0
Cliff Swallow,3,4,Mar_W4,0.0,843.0
Cliff Swallow,4,1,Apr_W1,0.0,743.0
Cliff Swallow,4,2,Apr_W2,0.0,762.0
Cliff Swallow,4,3,Apr_W3,0.0051613,775.0
Cliff Swallow,4,4,Apr_W4,0.0233333,1200.0
Cliff Swallow,5,1,May_W1,0.045911,1394.0
Cliff Swallow,5,2,May_W2,0.0489104,4130.0
Cliff Swallow,5,3,May_W3,0.07533,8788.0
Cliff Swallow,5,4,May_W4,0.0659275,3337.0
Cliff Swallow,6,1,Jun_W1,0.0352332,965.0
Cliff Swallow,6,2,Jun_W2,0.0336134,714.0
Cliff Swallow,6,3,Jun_W3,0.0272436,624.0
Cliff Swallow,6,4,Jun_W4,0.0497159,704.0
Cliff Swallow,7,1,Jul_W1,0.0596529,922.0
Cliff Swallow,7,2,Jul_W2,0.0431433,649.0
Cliff Swallow,7,3,Jul_W3,0.0241187,539.0
Cliff Swallow,7,4,Jul_W4,0.0460894,716.0
Cliff Swallow,8,1,Aug_W1,0.0351201,541.0
Cliff Swallow,8,2,Aug_W2,0.0366379,464.0
Cliff Swallow,8,3,Aug_W3,0.0257827,543.0
Cliff Swallow,8,4,Aug_W4,0.0143603,766.0
Cliff Swallow,9,1,Sep_W1,0.0141066,638.0
Cliff Swallow,9,2,Sep_W2,0.0056604,530.0
Cliff Swallow,9,3,Sep_W3,0.0,500.0
Cliff Swallow,9,4,Sep_W4,0.0,602.0
Cliff Swallow,10,1,Oct_W1,0.0,378.0
Cliff Swallow,10,2,Oct_W2,0.0,435.0
Cliff Swallow,10,3,Oct_W3,0.0,385.0
Cliff Swallow,10,4,Oct_W4,0.0,645.0
Cliff Swallow,11,1,Nov_W1,0.0,434.0
Cliff Swallow,11,2,Nov_W2,0.0,468.0
Cliff Swallow,11,3,Nov_W3,0.0,441.0
Cliff Swallow,11,4,Nov_W4,0.0,600.0
Cliff Swallow,12,1,Dec_W1,0.0,446.0
Cliff Swallow,12,2,Dec_W2,0.0,529.0
Cliff Swallow,12,3,Dec_W3,0.0,552.0
Cliff Swallow,12,4,Dec_W4,0.0,695.0
Ruby-crowned Kinglet,1,1,Jan_W1,0.0,823.0
Ruby-crowned Kinglet,1,2,Jan_W2,0.0,605.0
Ruby-crowned Kinglet,1,3,Jan_W3,0.0,523.0
Ruby-crowned Kinglet,1,4,Jan_W4,0.0,730.0
Ruby-crowned Kinglet,2,1,Feb_W1,0.0,496.0
Ruby-crowned Kinglet,2,2,Feb_W2,0.0,822.0
Ruby-crowned Kinglet,2,3,Feb_W3,0.0,1575.0
Ruby-crowned Kinglet,2,4,Feb_W4,0.0,612.0
Ruby-crowned Kinglet,3,1,Mar_W1,0.0016447,608.0
Ruby-crowned Kinglet,3,2,Mar_W2,0.0,740.0
Ruby-crowned Kinglet,3,3,Mar_W3,0.0,665.0
Ruby-crowned Kinglet,3,4,Mar_W4,0.0,843.0
Ruby-crowned Kinglet,4,1,Apr_W1,0.0107672,743.0
Ruby-crowned Kinglet,4,2,Apr_W2,0.0629921,762.0
Ruby-crowned Kinglet,4,3,Apr_W3,0.2103226,775.0
Ruby-crowned Kinglet,4,4,Apr_W4,0.2566667,1200.0
Ruby-crowned Kinglet,5,1,May_W1,0.3177905,1394.0
Ruby-crowned Kinglet,5,2,May_W2,0.2225182,4130.0
Ruby-crowned Kinglet,5,3,May_W3,0.1174329,8788.0
Ruby-crowned Kinglet,5,4,May_W4,0.0221756,3337.0
Ruby-crowned Kinglet,6,1,Jun_W1,0.0,965.0
Ruby-crowned Kinglet,6,2,Jun_W2,0.0,714.0
Ruby-crowned Kinglet,6,3,Jun_W3,0.0,624.0
Ruby-crowned Kinglet,6,4,Jun_W4,0.0,704.0
Ruby-crowned Kinglet,7,1,Jul_W1,0.0,922.0
Ruby-crowned Kinglet,7,2,Jul_W2,0.0,649.0
Ruby-crowned Kinglet,7,3,Jul_W3,0.0,539.0
Ruby-crowned Kinglet,7,4,Jul_W4,0.0,716.0
Ruby-crowned Kinglet,8,1,Aug_W1,0.0,541.0
Ruby-crowned Kinglet,8,2,Aug_W2,0.0021552,464.0
Ruby-crowned Kinglet,8,3,Aug_W3,0.0018416,543.0
Ruby-crowned Kinglet,8,4,Aug_W4,0.0013055,766.0
Ruby-crowned Kinglet,9,1,Sep_W1,0.0203762,638.0
Ruby-crowned Kinglet,9,2,Sep_W2,0.045283,530.0
Ruby-crowned Kinglet,9,3,Sep_W3,0.114,500.0
Ruby-crowned Kinglet,9,4,Sep_W4,0.2242525,602.0
Ruby-crowned Kinglet,10,1,Oct_W1,0.3148148,378.0
Ruby-crowned Kinglet,10,2,Oct_W2,0.2666667,435.0
Ruby-crowned Kinglet,10,3,Oct_W3,0.1662338,385.0
Ruby-crowned Kinglet,10,4,Oct_W4,0.0775194,645.0
Ruby-crowned Kinglet,11,1,Nov_W1,0.0115207,434.0
Ruby-crowned Kinglet,11,2,Nov_W2,0.0106838,468.0
Ruby-crowned Kinglet,11,3,Nov_W3,0.0068027,441.0
Ruby-crowned Kinglet,11,4,Nov_W4,0.0,600.0
Ruby-crowned Kinglet,12,1,Dec_W1,0.0022422,446.0
Ruby-crowned Kinglet,12,2,Dec_W2,0.0,529.0
Ruby-crowned Kinglet,12,3,Dec_W3,0.0,552.0
Ruby-crowned Kinglet,12,4,Dec_W4,0.0,695.0
Golden-crowned Kinglet,1,1,Jan_W1,0.0206561,823.0
Golden-crowned Kinglet,1,2,Jan_W2,0.0214876,605.0
Golden-crowned Kinglet,1,3,Jan_W3,0.0248566,523.0
Golden-crowned Kinglet,1,4,Jan_W4,0.0191781,730.0
Golden-crowned Kinglet,2,1,Feb_W1,0.0181452,496.0
Golden-crowned Kinglet,2,2,Feb_W2,0.0158151,822.0
Golden-crowned Kinglet,2,3,Feb_W3,0.0126984,1575.0
Golden-crowned Kinglet,2,4,Feb_W4,0.0245098,612.0
Golden-crowned Kinglet,3,1,Mar_W1,0.0246711,608.0
Golden-crowned Kinglet,3,2,Mar_W2,0.027027,740.0
Golden-crowned Kinglet,3,3,Mar_W3,0.0105263,665.0
Golden-crowned Kinglet,3,4,Mar_W4,0.0581257,843.0
Golden-crowned Kinglet,4,1,Apr_W1,0.1103634,743.0
Golden-crowned Kinglet,4,2,Apr_W2,0.1391076,762.0
Golden-crowned Kinglet,4,3,Apr_W3,0.203871,775.0
Golden-crowned Kinglet,4,4,Apr_W4,0.1383333,1200.0
Golden-crowned Kinglet,5,1,May_W1,0.0645624,1394.0
Golden-crowned Kinglet,5,2,May_W2,0.0130751,4130.0
Golden-crowned Kinglet,5,3,May_W3,0.0039827,8788.0
Golden-crowned Kinglet,5,4,May_W4,0.002697,3337.0
Golden-crowned Kinglet,6,1,Jun_W1,0.0031088,965.0
Golden-crowned Kinglet,6,2,Jun_W2,0.0028011,714.0
Golden-crowned Kinglet,6,3,Jun_W3,0.0,624.0
Golden-crowned Kinglet,6,4,Jun_W4,0.0,704.0
Golden-crowned Kinglet,7,1,Jul_W1,0.0,922.0
Golden-crowned Kinglet,7,2,Jul_W2,0.0015408,649.0
Golden-crowned Kinglet,7,3,Jul_W3,0.0037106,539.0
Golden-crowned Kinglet,7,4,Jul_W4,0.0041899,716.0
Golden-crowned Kinglet,8,1,Aug_W1,0.0036969,541.0
Golden-crowned Kinglet,8,2,Aug_W2,0.0043103,464.0
Golden-crowned Kinglet,8,3,Aug_W3,0.0110497,543.0
Golden-crowned Kinglet,8,4,Aug_W4,0.0143603,766.0
Golden-crowned Kinglet,9,1,Sep_W1,0.0047022,638.0
Golden-crowned Kinglet,9,2,Sep_W2,0.0075472,530.0
Golden-crowned Kinglet,9,3,Sep_W3,0.032,500.0
Golden-crowned Kinglet,9,4,Sep_W4,0.1744186,602.0
Golden-crowned Kinglet,10,1,Oct_W1,0.2936508,378.0
Golden-crowned Kinglet,10,2,Oct_W2,0.2712644,435.0
Golden-crowned Kinglet,10,3,Oct_W3,0.2103896,385.0
Golden-crowned Kinglet,10,4,Oct_W4,0.1612403,645.0
Golden-crowned Kinglet,11,1,Nov_W1,0.0875576,434.0
Golden-crowned Kinglet,11,2,Nov_W2,0.0534188,468.0
Golden-crowned Kinglet,11,3,Nov_W3,0.0385488,441.0
Golden-crowned Kinglet,11,4,Nov_W4,0.03,600.0
Golden-crowned Kinglet,12,1,Dec_W1,0.0493274,446.0
Golden-crowned Kinglet,12,2,Dec_W2,0.0283554,529.0
Golden-crowned Kinglet,12,3,Dec_W3,0.0326087,552.0
Golden-crowned Kinglet,12,4,Dec_W4,0.0345324,695.0
White-breasted Nuthatch,1,1,Jan_W1,0.3037667,823.0
White-breasted Nuthatch,1,2,Jan_W2,0.3421488,605.0
White-breasted Nuthatch,1,3,Jan_W3,0.4034417,523.0
White-breasted Nuthatch,1,4,Jan_W4,0.3890411,730.0
White-breasted Nuthatch,2,1,Feb_W1,0.3991935,496.0
White-breasted Nuthatch,2,2,Feb_W2,0.446472,822.0
White-breasted Nuthatch,2,3,Feb_W3,0.4514286,1575.0
White-breasted Nuthatch,2,4,Feb_W4,0.3251634,612.0
White-breasted Nuthatch,3,1,Mar_W1,0.3305921,608.0
White-breasted Nuthatch,3,2,Mar_W2,0.2648649,740.0
White-breasted Nuthatch,3,3,Mar_W3,0.2796992,665.0
White-breasted Nuthatch,3,4,Mar_W4,0.2384342,843.0
White-breasted Nuthatch,4,1,Apr_W1,0.2113055,743.0
White-breasted Nuthatch,4,2,Apr_W2,0.2375328,762.0
White-breasted Nuthatch,4,3,Apr_W3,0.2322581,775.0
White-breasted Nuthatch,4,4,Apr_W4,0.185,1200.0
White-breasted Nuthatch,5,1,May_W1,0.1714491,1394.0
White-breasted Nuthatch,5,2,May_W2,0.1140436,4130.0
White-breasted Nuthatch,5,3,May_W3,0.0754438,8788.0
White-breasted Nuthatch,5,4,May_W4,0.0785136,3337.0
White-breasted Nuthatch,6,1,Jun_W1,0.0746114,965.0
White-breasted Nuthatch,6,2,Jun_W2,0.0910364,714.0
White-breasted Nuthatch,6,3,Jun_W3,0.1346154,624.0
White-breasted Nuthatch,6,4,Jun_W4,0.1235795,704.0
White-breasted Nuthatch,7,1,Jul_W1,0.137744,922.0
White-breasted Nuthatch,7,2,Jul_W2,0.1278891,649.0
White-breasted Nuthatch,7,3,Jul_W3,0.1521336,539.0
White-breasted Nuthatch,7,4,Jul_W4,0.1941341,716.0
White-breasted Nuthatch,8,1,Aug_W1,0.181146,541.0
White-breasted Nuthatch,8,2,Aug_W2,0.2025862,464.0
White-breasted Nuthatch,8,3,Aug_W3,0.2412523,543.0
White-breasted Nuthatch,8,4,Aug_W4,0.232376,766.0
White-breasted Nuthatch,9,1,Sep_W1,0.2053292,638.0
White-breasted Nuthatch,9,2,Sep_W2,0.2320755,530.0
White-breasted Nuthatch,9,3,Sep_W3,0.226,500.0
White-breasted Nuthatch,9,4,Sep_W4,0.2707641,602.0
White-breasted Nuthatch,10,1,Oct_W1,0.3412698,378.0
White-breasted Nuthatch,10,2,Oct_W2,0.3264368,435.0
White-breasted Nuthatch,10,3,Oct_W3,0.3324675,385.0
White-breasted Nuthatch,10,4,Oct_W4,0.2992248,645.0
White-breasted Nuthatch,11,1,Nov_W1,0.2949309,434.0
White-breasted Nuthatch,11,2,Nov_W2,0.3269231,468.0
White-breasted Nuthatch,11,3,Nov_W3,0.2993197,441.0
White-breasted Nuthatch,11,4,Nov_W4,0.2533333,600.0
White-breasted Nuthatch,12,1,Dec_W1,0.32287,446.0
White-breasted Nuthatch,12,2,Dec_W2,0.2986767,529.0
White-breasted Nuthatch,12,3,Dec_W3,0.3097826,552.0
White-breasted Nuthatch,12,4,Dec_W4,0.323741,695.0
Red-breasted Nuthatch,1,1,Jan_W1,0.1688943,823.0
Red-breasted Nuthatch,1,2,Jan_W2,0.1867769,605.0
Red-breasted Nuthatch,1,3,Jan_W3,0.2256214,523.0
Red-breasted Nuthatch,1,4,Jan_W4,0.2534247,730.0
Red-breasted Nuthatch,2,1,Feb_W1,0.2076613,496.0
Red-breasted Nuthatch,2,2,Feb_W2,0.229927,822.0
Red-breasted Nuthatch,2,3,Feb_W3,0.2190476,1575.0
Red-breasted Nuthatch,2,4,Feb_W4,0.2058824,612.0
Red-breasted Nuthatch,3,1,Mar_W1,0.1842105,608.0
Red-breasted Nuthatch,3,2,Mar_W2,0.1459459,740.0
Red-breasted Nuthatch,3,3,Mar_W3,0.1458647,665.0
Red-breasted Nuthatch,3,4,Mar_W4,0.1209964,843.0
Red-breasted Nuthatch,4,1,Apr_W1,0.1265141,743.0
Red-breasted Nuthatch,4,2,Apr_W2,0.1128609,762.0
Red-breasted Nuthatch,4,3,Apr_W3,0.1419355,775.0
Red-breasted Nuthatch,4,4,Apr_W4,0.1516667,1200.0
Red-breasted Nuthatch,5,1,May_W1,0.1857963,1394.0
Red-breasted Nuthatch,5,2,May_W2,0.157385,4130.0
Red-breasted Nuthatch,5,3,May_W3,0.1201639,8788.0
Red-breasted Nuthatch,5,4,May_W4,0.080911,3337.0
Red-breasted Nuthatch,6,1,Jun_W1,0.0445596,965.0
Red-breasted Nuthatch,6,2,Jun_W2,0.057423,714.0
Red-breasted Nuthatch,6,3,Jun_W3,0.0721154,624.0
Red-breasted Nuthatch,6,4,Jun_W4,0.0823864,704.0
Red-breasted Nuthatch,7,1,Jul_W1,0.0867679,922.0
Red-breasted Nuthatch,7,2,Jul_W2,0.0647149,649.0
Red-breasted Nuthatch,7,3,Jul_W3,0.0834879,539.0
Red-breasted Nuthatch,7,4,Jul_W4,0.122905,716.0
Red-breasted Nuthatch,8,1,Aug_W1,0.1349353,541.0
Red-breasted Nuthatch,8,2,Aug_W2,0.1594828,464.0
Red-breasted Nuthatch,8,3,Aug_W3,0.2025783,543.0
Red-breasted Nuthatch,8,4,Aug_W4,0.2467363,766.0
Red-breasted Nuthatch,9,1,Sep_W1,0.2978056,638.0
Red-breasted Nuthatch,9,2,Sep_W2,0.3150943,530.0
Red-breasted Nuthatch,9,3,Sep_W3,0.318,500.0
Red-breasted Nuthatch,9,4,Sep_W4,0.307309,602.0
Red-breasted Nuthatch,10,1,Oct_W1,0.3148148,378.0
Red-breasted Nuthatch,10,2,Oct_W2,0.2413793,435.0
Red-breasted Nuthatch,10,3,Oct_W3,0.2051948,385.0
Red-breasted Nuthatch,10,4,Oct_W4,0.1875969,645.0
Red-breasted Nuthatch,11,1,Nov_W1,0.1497696,434.0
Red-breasted Nuthatch,11,2,Nov_W2,0.1837607,468.0
Red-breasted Nuthatch,11,3,Nov_W3,0.1609977,441.0
Red-breasted Nuthatch,11,4,Nov_W4,0.1433333,600.0
Red-breasted Nuthatch,12,1,Dec_W1,0.1681614,446.0
Red-breasted Nuthatch,12,2,Dec_W2,0.1134216,529.0
Red-breasted Nuthatch,12,3,Dec_W3,0.182971,552.0
Red-breasted Nuthatch,12,4,Dec_W4,0.181295,695.0
Brown Creeper,1,1,Jan_W1,0.0473876,823.0
Brown Creeper,1,2,Jan_W2,0.0578512,605.0
Brown Creeper,1,3,Jan_W3,0.0458891,523.0
Brown Creeper,1,4,Jan_W4,0.0520548,730.0
Brown Creeper,2,1,Feb_W1,0.0645161,496.0
Brown Creeper,2,2,Feb_W2,0.0377129,822.0
Brown Creeper,2,3,Feb_W3,0.0393651,1575.0
Brown Creeper,2,4,Feb_W4,0.0571895,612.0
Brown Creeper,3,1,Mar_W1,0.0361842,608.0
Brown Creeper,3,2,Mar_W2,0.0513514,740.0
Brown Creeper,3,3,Mar_W3,0.043609,665.0
Brown Creeper,3,4,Mar_W4,0.054567,843.0
Brown Creeper,4,1,Apr_W1,0.0915209,743.0
Brown Creeper,4,2,Apr_W2,0.1325459,762.0
Brown Creeper,4,3,Apr_W3,0.1883871,775.0
Brown Creeper,4,4,Apr_W4,0.1541667,1200.0
Brown Creeper,5,1,May_W1,0.0774749,1394.0
Brown Creeper,5,2,May_W2,0.0164649,4130.0
Brown Creeper,5,3,May_W3,0.0122895,8788.0
Brown Creeper,5,4,May_W4,0.0074918,3337.0
Brown Creeper,6,1,Jun_W1,0.0062176,965.0
Brown Creeper,6,2,Jun_W2,0.0042017,714.0
Brown Creeper,6,3,Jun_W3,0.0192308,624.0
Brown Creeper,6,4,Jun_W4,0.0170455,704.0
Brown Creeper,7,1,Jul_W1,0.021692,922.0
Brown Creeper,7,2,Jul_W2,0.0200308,649.0
Brown Creeper,7,3,Jul_W3,0.0222635,539.0
Brown Creeper,7,4,Jul_W4,0.023743,716.0
Brown Creeper,8,1,Aug_W1,0.0184843,541.0
Brown Creeper,8,2,Aug_W2,0.0344828,464.0
Brown Creeper,8,3,Aug_W3,0.0405157,543.0
Brown Creeper,8,4,Aug_W4,0.0248042,766.0
Brown Creeper,9,1,Sep_W1,0.0282132,638.0
Brown Creeper,9,2,Sep_W2,0.0490566,530.0
Brown Creeper,9,3,Sep_W3,0.044,500.0
Brown Creeper,9,4,Sep_W4,0.089701,602.0
Brown Creeper,10,1,Oct_W1,0.1851852,378.0
Brown Creeper,10,2,Oct_W2,0.1471264,435.0
Brown Creeper,10,3,Oct_W3,0.1012987,385.0
Brown Creeper,10,4,Oct_W4,0.0790698,645.0
Brown Creeper,11,1,Nov_W1,0.0368664,434.0
Brown Creeper,11,2,Nov_W2,0.0384615,468.0
Brown Creeper,11,3,Nov_W3,0.047619,441.0
Brown Creeper,11,4,Nov_W4,0.0466667,600.0
Brown Creeper,12,1,Dec_W1,0.0515695,446.0
Brown Creeper,12,2,Dec_W2,0.026465,529.0
Brown Creeper,12,3,Dec_W3,0.057971,552.0
Brown Creeper,12,4,Dec_W4,0.0532374,695.0
Blue-gray Gnatcatcher,1,1,Jan_W1,0.0,823.0
Blue-gray Gnatcatcher,1,2,Jan_W2,0.0,605.0
Blue-gray Gnatcatcher,1,3,Jan_W3,0.0,523.0
Blue-gray Gnatcatcher,1,4,Jan_W4,0.0,730.0
Blue-gray Gnatcatcher,2,1,Feb_W1,0.0,496.0
Blue-gray Gnatcatcher,2,2,Feb_W2,0.0,822.0
Blue-gray Gnatcatcher,2,3,Feb_W3,0.0,1575.0
Blue-gray Gnatcatcher,2,4,Feb_W4,0.0,612.0
Blue-gray Gnatcatcher,3,1,Mar_W1,0.0,608.0
Blue-gray Gnatcatcher,3,2,Mar_W2,0.0,740.0
Blue-gray Gnatcatcher,3,3,Mar_W3,0.0,665.0
Blue-gray Gnatcatcher,3,4,Mar_W4,0.0,843.0
Blue-gray Gnatcatcher,4,1,Apr_W1,0.0,743.0
Blue-gray Gnatcatcher,4,2,Apr_W2,0.003937,762.0
Blue-gray Gnatcatcher,4,3,Apr_W3,0.0425806,775.0
Blue-gray Gnatcatcher,4,4,Apr_W4,0.0991667,1200.0
Blue-gray Gnatcatcher,5,1,May_W1,0.2123386,1394.0
Blue-gray Gnatcatcher,5,2,May_W2,0.2728814,4130.0
Blue-gray Gnatcatcher,5,3,May_W3,0.2688894,8788.0
Blue-gray Gnatcatcher,5,4,May_W4,0.1519329,3337.0
Blue-gray Gnatcatcher,6,1,Jun_W1,0.0393782,965.0
Blue-gray Gnatcatcher,6,2,Jun_W2,0.0280112,714.0
Blue-gray Gnatcatcher,6,3,Jun_W3,0.0304487,624.0
Blue-gray Gnatcatcher,6,4,Jun_W4,0.0227273,704.0
Blue-gray Gnatcatcher,7,1,Jul_W1,0.0206074,922.0
Blue-gray Gnatcatcher,7,2,Jul_W2,0.0261941,649.0
Blue-gray Gnatcatcher,7,3,Jul_W3,0.0278293,539.0
Blue-gray Gnatcatcher,7,4,Jul_W4,0.047486,716.0
Blue-gray Gnatcatcher,8,1,Aug_W1,0.0536044,541.0
Blue-gray Gnatcatcher,8,2,Aug_W2,0.075431,464.0
Blue-gray Gnatcatcher,8,3,Aug_W3,0.1141805,543.0
Blue-gray Gnatcatcher,8,4,Aug_W4,0.1031332,766.0
Blue-gray Gnatcatcher,9,1,Sep_W1,0.1050157,638.0
Blue-gray Gnatcatcher,9,2,Sep_W2,0.0735849,530.0
Blue-gray Gnatcatcher,9,3,Sep_W3,0.03,500.0
Blue-gray Gnatcatcher,9,4,Sep_W4,0.0016611,602.0
Blue-gray Gnatcatcher,10,1,Oct_W1,0.0,378.0
Blue-gray Gnatcatcher,10,2,Oct_W2,0.0,435.0
Blue-gray Gnatcatcher,10,3,Oct_W3,0.0,385.0
Blue-gray Gnatcatcher,10,4,Oct_W4,0.0031008,645.0
Blue-gray Gnatcatcher,11,1,Nov_W1,0.0069124,434.0
Blue-gray Gnatcatcher,11,2,Nov_W2,0.0,468.0
Blue-gray Gnatcatcher,11,3,Nov_W3,0.0,441.0
Blue-gray Gnatcatcher,11,4,Nov_W4,0.0,600.0
Blue-gray Gnatcatcher,12,1,Dec_W1,0.0,446.0
Blue-gray Gnatcatcher,12,2,Dec_W2,0.0,529.0
Blue-gray Gnatcatcher,12,3,Dec_W3,0.0,552.0
Blue-gray Gnatcatcher,12,4,Dec_W4,0.0,695.0
Rock Wren,1,1,Jan_W1,0.0,823.0
Rock Wren,1,2,Jan_W2,0.0,605.0
Rock Wren,1,3,Jan_W3,0.0,523.0
Rock Wren,1,4,Jan_W4,0.0,730.0
Rock Wren,2,1,Feb_W1,0.0,496.0
Rock Wren,2,2,Feb_W2,0.0,822.0
Rock Wren,2,3,Feb_W3,0.0,1575.0
Rock Wren,2,4,Feb_W4,0.0,612.0
Rock Wren,3,1,Mar_W1,0.0,608.0
Rock Wren,3,2,Mar_W2,0.0,740.0
Rock Wren,3,3,Mar_W3,0.0,665.0
Rock Wren,3,4,Mar_W4,0.0,843.0
Rock Wren,4,1,Apr_W1,0.0,743.0
Rock Wren,4,2,Apr_W2,0.0,762.0
Rock Wren,4,3,Apr_W3,0.0,775.0
Rock Wren,4,4,Apr_W4,0.0,1200.0
Rock Wren,5,1,May_W1,0.0,1394.0
Rock Wren,5,2,May_W2,0.0,4130.0
Rock Wren,5,3,May_W3,0.0,8788.0
Rock Wren,5,4,May_W4,0.0,3337.0
Rock Wren,6,1,Jun_W1,0.0,965.0
Rock Wren,6,2,Jun_W2,0.0,714.0
Rock Wren,6,3,Jun_W3,0.0,624.0
Rock Wren,6,4,Jun_W4,0.0,704.0
Rock Wren,7,1,Jul_W1,0.0,922.0
Rock Wren,7,2,Jul_W2,0.0,649.0
Rock Wren,7,3,Jul_W3,0.0,539.0
Rock Wren,7,4,Jul_W4,0.0,716.0
Rock Wren,8,1,Aug_W1,0.0,541.0
Rock Wren,8,2,Aug_W2,0.0,464.0
Rock Wren,8,3,Aug_W3,0.0,543.0
Rock Wren,8,4,Aug_W4,0.0,766.0
Rock Wren,9,1,Sep_W1,0.0,638.0
Rock Wren,9,2,Sep_W2,0.0,530.0
Rock Wren,9,3,Sep_W3,0.0,500.0
Rock Wren,9,4,Sep_W4,0.0,602.0
Rock Wren,10,1,Oct_W1,0.0,378.0
Rock Wren,10,2,Oct_W2,0.0,435.0
Rock Wren,10,3,Oct_W3,0.0,385.0
Rock Wren,10,4,Oct_W4,0.0,645.0
Rock Wren,11,1,Nov_W1,0.0,434.0
Rock Wren,11,2,Nov_W2,0.0,468.0
Rock Wren,11,3,Nov_W3,0.0,441.0
Rock Wren,11,4,Nov_W4,0.0,600.0
Rock Wren,12,1,Dec_W1,0.0,446.0
Rock Wren,12,2,Dec_W2,0.0037807,529.0
Rock Wren,12,3,Dec_W3,0.0054348,552.0
Rock Wren,12,4,Dec_W4,0.0015,695.0
Northern House Wren,1,1,Jan_W1,0.0,823.0
Northern House Wren,1,2,Jan_W2,0.0,605.0
Northern House Wren,1,3,Jan_W3,0.0,523.0
Northern House Wren,1,4,Jan_W4,0.0,730.0
Northern House Wren,2,1,Feb_W1,0.0,496.0
Northern House Wren,2,2,Feb_W2,0.0,822.0
Northern House Wren,2,3,Feb_W3,0.0,1575.0
Northern House Wren,2,4,Feb_W4,0.0,612.0
Northern House Wren,3,1,Mar_W1,0.0,608.0
Northern House Wren,3,2,Mar_W2,0.0,740.0
Northern House Wren,3,3,Mar_W3,0.0,665.0
Northern House Wren,3,4,Mar_W4,0.0,843.0
Northern House Wren,4,1,Apr_W1,0.0,743.0
Northern House Wren,4,2,Apr_W2,0.0,762.0
Northern House Wren,4,3,Apr_W3,0.0103226,775.0
Northern House Wren,4,4,Apr_W4,0.0566667,1200.0
Northern House Wren,5,1,May_W1,0.1908178,1394.0
Northern House Wren,5,2,May_W2,0.2709443,4130.0
Northern House Wren,5,3,May_W3,0.3018889,8788.0
Northern House Wren,5,4,May_W4,0.2987714,3337.0
Northern House Wren,6,1,Jun_W1,0.2290155,965.0
Northern House Wren,6,2,Jun_W2,0.2072829,714.0
Northern House Wren,6,3,Jun_W3,0.2580128,624.0
Northern House Wren,6,4,Jun_W4,0.2286932,704.0
Northern House Wren,7,1,Jul_W1,0.2093275,922.0
Northern House Wren,7,2,Jul_W2,0.2049307,649.0
Northern House Wren,7,3,Jul_W3,0.2189239,539.0
Northern House Wren,7,4,Jul_W4,0.1885475,716.0
Northern House Wren,8,1,Aug_W1,0.1515712,541.0
Northern House Wren,8,2,Aug_W2,0.137931,464.0
Northern House Wren,8,3,Aug_W3,0.1289134,543.0
Northern House Wren,8,4,Aug_W4,0.0913838,766.0
Northern House Wren,9,1,Sep_W1,0.1222571,638.0
Northern House Wren,9,2,Sep_W2,0.1207547,530.0
Northern House Wren,9,3,Sep_W3,0.082,500.0
Northern House Wren,9,4,Sep_W4,0.0631229,602.0
Northern House Wren,10,1,Oct_W1,0.037037,378.0
Northern House Wren,10,2,Oct_W2,0.0137931,435.0
Northern House Wren,10,3,Oct_W3,0.0,385.0
Northern House Wren,10,4,Oct_W4,0.0,645.0
Northern House Wren,11,1,Nov_W1,0.0,434.0
Northern House Wren,11,2,Nov_W2,0.0,468.0
Northern House Wren,11,3,Nov_W3,0.0,441.0
Northern House Wren,11,4,Nov_W4,0.0,600.0
Northern House Wren,12,1,Dec_W1,0.0,446.0
Northern House Wren,12,2,Dec_W2,0.0,529.0
Northern House Wren,12,3,Dec_W3,0.0,552.0
Northern House Wren,12,4,Dec_W4,0.0,695.0
Winter Wren,1,1,Jan_W1,0.0012151,823.0
Winter Wren,1,2,Jan_W2,0.0016529,605.0
Winter Wren,1,3,Jan_W3,0.0,523.0
Winter Wren,1,4,Jan_W4,0.0,730.0
Winter Wren,2,1,Feb_W1,0.0020161,496.0
Winter Wren,2,2,Feb_W2,0.0,822.0
Winter Wren,2,3,Feb_W3,0.0006349,1575.0
Winter Wren,2,4,Feb_W4,0.0,612.0
Winter Wren,3,1,Mar_W1,0.0016447,608.0
Winter Wren,3,2,Mar_W2,0.0054054,740.0
Winter Wren,3,3,Mar_W3,0.0015038,665.0
Winter Wren,3,4,Mar_W4,0.0071174,843.0
Winter Wren,4,1,Apr_W1,0.0148048,743.0
Winter Wren,4,2,Apr_W2,0.0275591,762.0
Winter Wren,4,3,Apr_W3,0.0490323,775.0
Winter Wren,4,4,Apr_W4,0.0483333,1200.0
Winter Wren,5,1,May_W1,0.0301291,1394.0
Winter Wren,5,2,May_W2,0.0133172,4130.0
Winter Wren,5,3,May_W3,0.0061447,8788.0
Winter Wren,5,4,May_W4,0.0071921,3337.0
Winter Wren,6,1,Jun_W1,0.0082902,965.0
Winter Wren,6,2,Jun_W2,0.0042017,714.0
Winter Wren,6,3,Jun_W3,0.0064103,624.0
Winter Wren,6,4,Jun_W4,0.0113636,704.0
Winter Wren,7,1,Jul_W1,0.0065076,922.0
Winter Wren,7,2,Jul_W2,0.0077042,649.0
Winter Wren,7,3,Jul_W3,0.0148423,539.0
Winter Wren,7,4,Jul_W4,0.0027933,716.0
Winter Wren,8,1,Aug_W1,0.0036969,541.0
Winter Wren,8,2,Aug_W2,0.0043103,464.0
Winter Wren,8,3,Aug_W3,0.0018416,543.0
Winter Wren,8,4,Aug_W4,0.0039164,766.0
Winter Wren,9,1,Sep_W1,0.0047022,638.0
Winter Wren,9,2,Sep_W2,0.0169811,530.0
Winter Wren,9,3,Sep_W3,0.02,500.0
Winter Wren,9,4,Sep_W4,0.0481728,602.0
Winter Wren,10,1,Oct_W1,0.0820106,378.0
Winter Wren,10,2,Oct_W2,0.062069,435.0
Winter Wren,10,3,Oct_W3,0.0415584,385.0
Winter Wren,10,4,Oct_W4,0.0325581,645.0
Winter Wren,11,1,Nov_W1,0.0046083,434.0
Winter Wren,11,2,Nov_W2,0.0042735,468.0
Winter Wren,11,3,Nov_W3,0.0045351,441.0
Winter Wren,11,4,Nov_W4,0.0033333,600.0
Winter Wren,12,1,Dec_W1,0.0,446.0
Winter Wren,12,2,Dec_W2,0.0,529.0
Winter Wren,12,3,Dec_W3,0.0018116,552.0
Winter Wren,12,4,Dec_W4,0.0014388,695.0
Sedge Wren,1,1,Jan_W1,0.0,823.0
Sedge Wren,1,2,Jan_W2,0.0,605.0
Sedge Wren,1,3,Jan_W3,0.0,523.0
Sedge Wren,1,4,Jan_W4,0.0,730.0
Sedge Wren,2,1,Feb_W1,0.0,496.0
Sedge Wren,2,2,Feb_W2,0.0,822.0
Sedge Wren,2,3,Feb_W3,0.0,1575.0
Sedge Wren,2,4,Feb_W4,0.0,612.0
Sedge Wren,3,1,Mar_W1,0.0,608.0
Sedge Wren,3,2,Mar_W2,0.0,740.0
Sedge Wren,3,3,Mar_W3,0.0,665.0
Sedge Wren,3,4,Mar_W4,0.0,843.0
Sedge Wren,4,1,Apr_W1,0.0,743.0
Sedge Wren,4,2,Apr_W2,0.0,762.0
Sedge Wren,4,3,Apr_W3,0.0,775.0
Sedge Wren,4,4,Apr_W4,0.005,1200.0
Sedge Wren,5,1,May_W1,0.0021521,1394.0
Sedge Wren,5,2,May_W2,0.0084746,4130.0
Sedge Wren,5,3,May_W3,0.0091033,8788.0
Sedge Wren,5,4,May_W4,0.0107881,3337.0
Sedge Wren,6,1,Jun_W1,0.0072539,965.0
Sedge Wren,6,2,Jun_W2,0.0084034,714.0
Sedge Wren,6,3,Jun_W3,0.0016026,624.0
Sedge Wren,6,4,Jun_W4,0.0170455,704.0
Sedge Wren,7,1,Jul_W1,0.0281996,922.0
Sedge Wren,7,2,Jul_W2,0.0231125,649.0
Sedge Wren,7,3,Jul_W3,0.0204082,539.0
Sedge Wren,7,4,Jul_W4,0.0167598,716.0
Sedge Wren,8,1,Aug_W1,0.0092421,541.0
Sedge Wren,8,2,Aug_W2,0.0043103,464.0
Sedge Wren,8,3,Aug_W3,0.0055249,543.0
Sedge Wren,8,4,Aug_W4,0.0013055,766.0
Sedge Wren,9,1,Sep_W1,0.0015674,638.0
Sedge Wren,9,2,Sep_W2,0.0018868,530.0
Sedge Wren,9,3,Sep_W3,0.004,500.0
Sedge Wren,9,4,Sep_W4,0.0049834,602.0
Sedge Wren,10,1,Oct_W1,0.005291,378.0
Sedge Wren,10,2,Oct_W2,0.0,435.0
Sedge Wren,10,3,Oct_W3,0.0,385.0
Sedge Wren,10,4,Oct_W4,0.0,645.0
Sedge Wren,11,1,Nov_W1,0.0,434.0
Sedge Wren,11,2,Nov_W2,0.0,468.0
Sedge Wren,11,3,Nov_W3,0.0,441.0
Sedge Wren,11,4,Nov_W4,0.0,600.0
Sedge Wren,12,1,Dec_W1,0.0,446.0
Sedge Wren,12,2,Dec_W2,0.0,529.0
Sedge Wren,12,3,Dec_W3,0.0,552.0
Sedge Wren,12,4,Dec_W4,0.0,695.0
Marsh Wren,1,1,Jan_W1,0.0,823.0
Marsh Wren,1,2,Jan_W2,0.0,605.0
Marsh Wren,1,3,Jan_W3,0.0,523.0
Marsh Wren,1,4,Jan_W4,0.0,730.0
Marsh Wren,2,1,Feb_W1,0.0,496.0
Marsh Wren,2,2,Feb_W2,0.0,822.0
Marsh Wren,2,3,Feb_W3,0.0,1575.0
Marsh Wren,2,4,Feb_W4,0.0,612.0
Marsh Wren,3,1,Mar_W1,0.0,608.0
Marsh Wren,3,2,Mar_W2,0.0,740.0
Marsh Wren,3,3,Mar_W3,0.0,665.0
Marsh Wren,3,4,Mar_W4,0.0,843.0
Marsh Wren,4,1,Apr_W1,0.0,743.0
Marsh Wren,4,2,Apr_W2,0.0,762.0
Marsh Wren,4,3,Apr_W3,0.0,775.0
Marsh Wren,4,4,Apr_W4,0.0008333,1200.0
Marsh Wren,5,1,May_W1,0.0093257,1394.0
Marsh Wren,5,2,May_W2,0.0368039,4130.0
Marsh Wren,5,3,May_W3,0.0388029,8788.0
Marsh Wren,5,4,May_W4,0.0413545,3337.0
Marsh Wren,6,1,Jun_W1,0.0549223,965.0
Marsh Wren,6,2,Jun_W2,0.0546218,714.0
Marsh Wren,6,3,Jun_W3,0.0721154,624.0
Marsh Wren,6,4,Jun_W4,0.0809659,704.0
Marsh Wren,7,1,Jul_W1,0.0683297,922.0
Marsh Wren,7,2,Jul_W2,0.0724191,649.0
Marsh Wren,7,3,Jul_W3,0.0760668,539.0
Marsh Wren,7,4,Jul_W4,0.0628492,716.0
Marsh Wren,8,1,Aug_W1,0.0351201,541.0
Marsh Wren,8,2,Aug_W2,0.0344828,464.0
Marsh Wren,8,3,Aug_W3,0.014733,543.0
Marsh Wren,8,4,Aug_W4,0.0143603,766.0
Marsh Wren,9,1,Sep_W1,0.0141066,638.0
Marsh Wren,9,2,Sep_W2,0.0132075,530.0
Marsh Wren,9,3,Sep_W3,0.008,500.0
Marsh Wren,9,4,Sep_W4,0.0116279,602.0
Marsh Wren,10,1,Oct_W1,0.0079365,378.0
Marsh Wren,10,2,Oct_W2,0.0022989,435.0
Marsh Wren,10,3,Oct_W3,0.0,385.0
Marsh Wren,10,4,Oct_W4,0.0,645.0
Marsh Wren,11,1,Nov_W1,0.0,434.0
Marsh Wren,11,2,Nov_W2,0.0,468.0
Marsh Wren,11,3,Nov_W3,0.0,441.0
Marsh Wren,11,4,Nov_W4,0.0,600.0
Marsh Wren,12,1,Dec_W1,0.0,446.0
Marsh Wren,12,2,Dec_W2,0.0,529.0
Marsh Wren,12,3,Dec_W3,0.0,552.0
Marsh Wren,12,4,Dec_W4,0.0,695.0
Carolina Wren,1,1,Jan_W1,0.0,823.0
Carolina Wren,1,2,Jan_W2,0.0066116,605.0
Carolina Wren,1,3,Jan_W3,0.0,523.0
Carolina Wren,1,4,Jan_W4,0.0013699,730.0
Carolina Wren,2,1,Feb_W1,0.0040323,496.0
Carolina Wren,2,2,Feb_W2,0.0024331,822.0
Carolina Wren,2,3,Feb_W3,0.0019048,1575.0
Carolina Wren,2,4,Feb_W4,0.0,612.0
Carolina Wren,3,1,Mar_W1,0.0032895,608.0
Carolina Wren,3,2,Mar_W2,0.0040541,740.0
Carolina Wren,3,3,Mar_W3,0.0015038,665.0
Carolina Wren,3,4,Mar_W4,0.0015,843.0
Carolina Wren,4,1,Apr_W1,0.0,743.0
Carolina Wren,4,2,Apr_W2,0.0013123,762.0
Carolina Wren,4,3,Apr_W3,0.0,775.0
Carolina Wren,4,4,Apr_W4,0.0,1200.0
Carolina Wren,5,1,May_W1,0.0021521,1394.0
Carolina Wren,5,2,May_W2,0.0,4130.0
Carolina Wren,5,3,May_W3,0.0004552,8788.0
Carolina Wren,5,4,May_W4,0.0002997,3337.0
Carolina Wren,6,1,Jun_W1,0.0,965.0
Carolina Wren,6,2,Jun_W2,0.0,714.0
Carolina Wren,6,3,Jun_W3,0.0032051,624.0
Carolina Wren,6,4,Jun_W4,0.0,704.0
Carolina Wren,7,1,Jul_W1,0.0,922.0
Carolina Wren,7,2,Jul_W2,0.0,649.0
Carolina Wren,7,3,Jul_W3,0.0,539.0
Carolina Wren,7,4,Jul_W4,0.0013966,716.0
Carolina Wren,8,1,Aug_W1,0.0,541.0
Carolina Wren,8,2,Aug_W2,0.0021552,464.0
Carolina Wren,8,3,Aug_W3,0.0018416,543.0
Carolina Wren,8,4,Aug_W4,0.0065274,766.0
Carolina Wren,9,1,Sep_W1,0.0047022,638.0
Carolina Wren,9,2,Sep_W2,0.0056604,530.0
Carolina Wren,9,3,Sep_W3,0.006,500.0
Carolina Wren,9,4,Sep_W4,0.0099668,602.0
Carolina Wren,10,1,Oct_W1,0.005291,378.0
Carolina Wren,10,2,Oct_W2,0.0045977,435.0
Carolina Wren,10,3,Oct_W3,0.0,385.0
Carolina Wren,10,4,Oct_W4,0.0031008,645.0
Carolina Wren,11,1,Nov_W1,0.0023041,434.0
Carolina Wren,11,2,Nov_W2,0.0021368,468.0
Carolina Wren,11,3,Nov_W3,0.0022676,441.0
Carolina Wren,11,4,Nov_W4,0.0,600.0
Carolina Wren,12,1,Dec_W1,0.0,446.0
Carolina Wren,12,2,Dec_W2,0.0015,529.0
Carolina Wren,12,3,Dec_W3,0.0,552.0
Carolina Wren,12,4,Dec_W4,0.0028777,695.0
European Starling,1,1,Jan_W1,0.1105711,823.0
European Starling,1,2,Jan_W2,0.1801653,605.0
European Starling,1,3,Jan_W3,0.1892925,523.0
European Starling,1,4,Jan_W4,0.1958904,730.0
European Starling,2,1,Feb_W1,0.1854839,496.0
European Starling,2,2,Feb_W2,0.2043796,822.0
European Starling,2,3,Feb_W3,0.2031746,1575.0
European Starling,2,4,Feb_W4,0.2009804,612.0
European Starling,3,1,Mar_W1,0.2088816,608.0
European Starling,3,2,Mar_W2,0.2216216,740.0
European Starling,3,3,Mar_W3,0.2300752,665.0
European Starling,3,4,Mar_W4,0.2562278,843.0
European Starling,4,1,Apr_W1,0.2597577,743.0
European Starling,4,2,Apr_W2,0.2401575,762.0
European Starling,4,3,Apr_W3,0.2490323,775.0
European Starling,4,4,Apr_W4,0.27,1200.0
European Starling,5,1,May_W1,0.2890961,1394.0
European Starling,5,2,May_W2,0.2561743,4130.0
European Starling,5,3,May_W3,0.2361174,8788.0
European Starling,5,4,May_W4,0.2520228,3337.0
European Starling,6,1,Jun_W1,0.238342,965.0
European Starling,6,2,Jun_W2,0.2969188,714.0
European Starling,6,3,Jun_W3,0.286859,624.0
European Starling,6,4,Jun_W4,0.2627841,704.0
European Starling,7,1,Jul_W1,0.3221258,922.0
European Starling,7,2,Jul_W2,0.2819723,649.0
European Starling,7,3,Jul_W3,0.2727273,539.0
European Starling,7,4,Jul_W4,0.2611732,716.0
European Starling,8,1,Aug_W1,0.245841,541.0
European Starling,8,2,Aug_W2,0.1810345,464.0
European Starling,8,3,Aug_W3,0.1657459,543.0
European Starling,8,4,Aug_W4,0.1357702,766.0
European Starling,9,1,Sep_W1,0.1175549,638.0
European Starling,9,2,Sep_W2,0.0811321,530.0
European Starling,9,3,Sep_W3,0.128,500.0
European Starling,9,4,Sep_W4,0.127907,602.0
European Starling,10,1,Oct_W1,0.1349206,378.0
European Starling,10,2,Oct_W2,0.1402299,435.0
European Starling,10,3,Oct_W3,0.1454545,385.0
European Starling,10,4,Oct_W4,0.1348837,645.0
European Starling,11,1,Nov_W1,0.1474654,434.0
European Starling,11,2,Nov_W2,0.1581197,468.0
European Starling,11,3,Nov_W3,0.1292517,441.0
European Starling,11,4,Nov_W4,0.11,600.0
European Starling,12,1,Dec_W1,0.1479821,446.0
European Starling,12,2,Dec_W2,0.1190926,529.0
European Starling,12,3,Dec_W3,0.1539855,552.0
European Starling,12,4,Dec_W4,0.1280576,695.0
Gray Catbird,1,1,Jan_W1,0.0,823.0
Gray Catbird,1,2,Jan_W2,0.0,605.0
Gray Catbird,1,3,Jan_W3,0.0,523.0
Gray Catbird,1,4,Jan_W4,0.0,730.0
Gray Catbird,2,1,Feb_W1,0.0,496.0
Gray Catbird,2,2,Feb_W2,0.0,822.0
Gray Catbird,2,3,Feb_W3,0.0,1575.0
Gray Catbird,2,4,Feb_W4,0.0,612.0
Gray Catbird,3,1,Mar_W1,0.0016447,608.0
Gray Catbird,3,2,Mar_W2,0.0013514,740.0
Gray Catbird,3,3,Mar_W3,0.0,665.0
Gray Catbird,3,4,Mar_W4,0.0,843.0
Gray Catbird,4,1,Apr_W1,0.0,743.0
Gray Catbird,4,2,Apr_W2,0.0,762.0
Gray Catbird,4,3,Apr_W3,0.0012903,775.0
Gray Catbird,4,4,Apr_W4,0.0208333,1200.0
Gray Catbird,5,1,May_W1,0.1621234,1394.0
Gray Catbird,5,2,May_W2,0.4675545,4130.0
Gray Catbird,5,3,May_W3,0.5467683,8788.0
Gray Catbird,5,4,May_W4,0.4908601,3337.0
Gray Catbird,6,1,Jun_W1,0.3906736,965.0
Gray Catbird,6,2,Jun_W2,0.2927171,714.0
Gray Catbird,6,3,Jun_W3,0.349359,624.0
Gray Catbird,6,4,Jun_W4,0.3267045,704.0
Gray Catbird,7,1,Jul_W1,0.2310195,922.0
Gray Catbird,7,2,Jul_W2,0.2819723,649.0
Gray Catbird,7,3,Jul_W3,0.2653061,539.0
Gray Catbird,7,4,Jul_W4,0.277933,716.0
Gray Catbird,8,1,Aug_W1,0.2809612,541.0
Gray Catbird,8,2,Aug_W2,0.2823276,464.0
Gray Catbird,8,3,Aug_W3,0.3001842,543.0
Gray Catbird,8,4,Aug_W4,0.3851175,766.0
Gray Catbird,9,1,Sep_W1,0.4075235,638.0
Gray Catbird,9,2,Sep_W2,0.3849057,530.0
Gray Catbird,9,3,Sep_W3,0.374,500.0
Gray Catbird,9,4,Sep_W4,0.3006645,602.0
Gray Catbird,10,1,Oct_W1,0.1719577,378.0
Gray Catbird,10,2,Oct_W2,0.062069,435.0
Gray Catbird,10,3,Oct_W3,0.012987,385.0
Gray Catbird,10,4,Oct_W4,0.0077519,645.0
Gray Catbird,11,1,Nov_W1,0.0046083,434.0
Gray Catbird,11,2,Nov_W2,0.0064103,468.0
Gray Catbird,11,3,Nov_W3,0.0,441.0
Gray Catbird,11,4,Nov_W4,0.0,600.0
Gray Catbird,12,1,Dec_W1,0.0,446.0
Gray Catbird,12,2,Dec_W2,0.0,529.0
Gray Catbird,12,3,Dec_W3,0.0,552.0
Gray Catbird,12,4,Dec_W4,0.0,695.0
Brown Thrasher,1,1,Jan_W1,0.0015,823.0
Brown Thrasher,1,2,Jan_W2,0.0016529,605.0
Brown Thrasher,1,3,Jan_W3,0.0,523.0
Brown Thrasher,1,4,Jan_W4,0.009589,730.0
Brown Thrasher,2,1,Feb_W1,0.0120968,496.0
Brown Thrasher,2,2,Feb_W2,0.0060827,822.0
Brown Thrasher,2,3,Feb_W3,0.0050794,1575.0
Brown Thrasher,2,4,Feb_W4,0.004902,612.0
Brown Thrasher,3,1,Mar_W1,0.0,608.0
Brown Thrasher,3,2,Mar_W2,0.0013514,740.0
Brown Thrasher,3,3,Mar_W3,0.0,665.0
Brown Thrasher,3,4,Mar_W4,0.0035587,843.0
Brown Thrasher,4,1,Apr_W1,0.0013459,743.0
Brown Thrasher,4,2,Apr_W2,0.0262467,762.0
Brown Thrasher,4,3,Apr_W3,0.0825806,775.0
Brown Thrasher,4,4,Apr_W4,0.1925,1200.0
Brown Thrasher,5,1,May_W1,0.3400287,1394.0
Brown Thrasher,5,2,May_W2,0.4029056,4130.0
Brown Thrasher,5,3,May_W3,0.4267183,8788.0
Brown Thrasher,5,4,May_W4,0.3991609,3337.0
Brown Thrasher,6,1,Jun_W1,0.334715,965.0
Brown Thrasher,6,2,Jun_W2,0.2492997,714.0
Brown Thrasher,6,3,Jun_W3,0.2708333,624.0
Brown Thrasher,6,4,Jun_W4,0.2258523,704.0
Brown Thrasher,7,1,Jul_W1,0.1984816,922.0
Brown Thrasher,7,2,Jul_W2,0.2033898,649.0
Brown Thrasher,7,3,Jul_W3,0.2152134,539.0
Brown Thrasher,7,4,Jul_W4,0.1550279,716.0
Brown Thrasher,8,1,Aug_W1,0.1256932,541.0
Brown Thrasher,8,2,Aug_W2,0.1163793,464.0
Brown Thrasher,8,3,Aug_W3,0.0994475,543.0
Brown Thrasher,8,4,Aug_W4,0.1201044,766.0
Brown Thrasher,9,1,Sep_W1,0.1394984,638.0
Brown Thrasher,9,2,Sep_W2,0.1396226,530.0
Brown Thrasher,9,3,Sep_W3,0.17,500.0
Brown Thrasher,9,4,Sep_W4,0.0730897,602.0
Brown Thrasher,10,1,Oct_W1,0.026455,378.0
Brown Thrasher,10,2,Oct_W2,0.0137931,435.0
Brown Thrasher,10,3,Oct_W3,0.0025974,385.0
Brown Thrasher,10,4,Oct_W4,0.0155039,645.0
Brown Thrasher,11,1,Nov_W1,0.0,434.0
Brown Thrasher,11,2,Nov_W2,0.0042735,468.0
Brown Thrasher,11,3,Nov_W3,0.0045351,441.0
Brown Thrasher,11,4,Nov_W4,0.0,600.0
Brown Thrasher,12,1,Dec_W1,0.0,446.0
Brown Thrasher,12,2,Dec_W2,0.0,529.0
Brown Thrasher,12,3,Dec_W3,0.0018116,552.0
Brown Thrasher,12,4,Dec_W4,0.0057554,695.0
Northern Mockingbird,1,1,Jan_W1,0.0145808,823.0
Northern Mockingbird,1,2,Jan_W2,0.0247934,605.0
Northern Mockingbird,1,3,Jan_W3,0.0172084,523.0
Northern Mockingbird,1,4,Jan_W4,0.0260274,730.0
Northern Mockingbird,2,1,Feb_W1,0.0241935,496.0
Northern Mockingbird,2,2,Feb_W2,0.0170316,822.0
Northern Mockingbird,2,3,Feb_W3,0.0088889,1575.0
Northern Mockingbird,2,4,Feb_W4,0.0245098,612.0
Northern Mockingbird,3,1,Mar_W1,0.0213816,608.0
Northern Mockingbird,3,2,Mar_W2,0.0175676,740.0
Northern Mockingbird,3,3,Mar_W3,0.0210526,665.0
Northern Mockingbird,3,4,Mar_W4,0.0177936,843.0
Northern Mockingbird,4,1,Apr_W1,0.0107672,743.0
Northern Mockingbird,4,2,Apr_W2,0.0065617,762.0
Northern Mockingbird,4,3,Apr_W3,0.0129032,775.0
Northern Mockingbird,4,4,Apr_W4,0.01,1200.0
Northern Mockingbird,5,1,May_W1,0.0064562,1394.0
Northern Mockingbird,5,2,May_W2,0.0271186,4130.0
Northern Mockingbird,5,3,May_W3,0.0213928,8788.0
Northern Mockingbird,5,4,May_W4,0.0377585,3337.0
Northern Mockingbird,6,1,Jun_W1,0.0093264,965.0
Northern Mockingbird,6,2,Jun_W2,0.0098039,714.0
Northern Mockingbird,6,3,Jun_W3,0.0,624.0
Northern Mockingbird,6,4,Jun_W4,0.0127841,704.0
Northern Mockingbird,7,1,Jul_W1,0.0227766,922.0
Northern Mockingbird,7,2,Jul_W2,0.0107858,649.0
Northern Mockingbird,7,3,Jul_W3,0.0111317,539.0
Northern Mockingbird,7,4,Jul_W4,0.0139665,716.0
Northern Mockingbird,8,1,Aug_W1,0.012939,541.0
Northern Mockingbird,8,2,Aug_W2,0.0021552,464.0
Northern Mockingbird,8,3,Aug_W3,0.0073665,543.0
Northern Mockingbird,8,4,Aug_W4,0.0013055,766.0
Northern Mockingbird,9,1,Sep_W1,0.0015674,638.0
Northern Mockingbird,9,2,Sep_W2,0.0,530.0
Northern Mockingbird,9,3,Sep_W3,0.0,500.0
Northern Mockingbird,9,4,Sep_W4,0.0,602.0
Northern Mockingbird,10,1,Oct_W1,0.0,378.0
Northern Mockingbird,10,2,Oct_W2,0.0,435.0
Northern Mockingbird,10,3,Oct_W3,0.0025974,385.0
Northern Mockingbird,10,4,Oct_W4,0.0015504,645.0
Northern Mockingbird,11,1,Nov_W1,0.0092166,434.0
Northern Mockingbird,11,2,Nov_W2,0.008547,468.0
Northern Mockingbird,11,3,Nov_W3,0.0136054,441.0
Northern Mockingbird,11,4,Nov_W4,0.0133333,600.0
Northern Mockingbird,12,1,Dec_W1,0.0089686,446.0
Northern Mockingbird,12,2,Dec_W2,0.0075614,529.0
Northern Mockingbird,12,3,Dec_W3,0.0144928,552.0
Northern Mockingbird,12,4,Dec_W4,0.0244604,695.0
Eastern Bluebird,1,1,Jan_W1,0.0012151,823.0
Eastern Bluebird,1,2,Jan_W2,0.0082645,605.0
Eastern Bluebird,1,3,Jan_W3,0.0057361,523.0
Eastern Bluebird,1,4,Jan_W4,0.0123288,730.0
Eastern Bluebird,2,1,Feb_W1,0.0100806,496.0
Eastern Bluebird,2,2,Feb_W2,0.0048662,822.0
Eastern Bluebird,2,3,Feb_W3,0.0019048,1575.0
Eastern Bluebird,2,4,Feb_W4,0.0163399,612.0
Eastern Bluebird,3,1,Mar_W1,0.0082237,608.0
Eastern Bluebird,3,2,Mar_W2,0.0459459,740.0
Eastern Bluebird,3,3,Mar_W3,0.0631579,665.0
Eastern Bluebird,3,4,Mar_W4,0.0676157,843.0
Eastern Bluebird,4,1,Apr_W1,0.0592194,743.0
Eastern Bluebird,4,2,Apr_W2,0.0603675,762.0
Eastern Bluebird,4,3,Apr_W3,0.0580645,775.0
Eastern Bluebird,4,4,Apr_W4,0.09,1200.0
Eastern Bluebird,5,1,May_W1,0.0911047,1394.0
Eastern Bluebird,5,2,May_W2,0.0663438,4130.0
Eastern Bluebird,5,3,May_W3,0.0764679,8788.0
Eastern Bluebird,5,4,May_W4,0.0830087,3337.0
Eastern Bluebird,6,1,Jun_W1,0.1046632,965.0
Eastern Bluebird,6,2,Jun_W2,0.0896359,714.0
Eastern Bluebird,6,3,Jun_W3,0.088141,624.0
Eastern Bluebird,6,4,Jun_W4,0.1022727,704.0
Eastern Bluebird,7,1,Jul_W1,0.1279826,922.0
Eastern Bluebird,7,2,Jul_W2,0.1063174,649.0
Eastern Bluebird,7,3,Jul_W3,0.0927644,539.0
Eastern Bluebird,7,4,Jul_W4,0.0768156,716.0
Eastern Bluebird,8,1,Aug_W1,0.0683919,541.0
Eastern Bluebird,8,2,Aug_W2,0.0711207,464.0
Eastern Bluebird,8,3,Aug_W3,0.0607735,543.0
Eastern Bluebird,8,4,Aug_W4,0.0548303,766.0
Eastern Bluebird,9,1,Sep_W1,0.0705329,638.0
Eastern Bluebird,9,2,Sep_W2,0.0566038,530.0
Eastern Bluebird,9,3,Sep_W3,0.068,500.0
Eastern Bluebird,9,4,Sep_W4,0.0498339,602.0
Eastern Bluebird,10,1,Oct_W1,0.0582011,378.0
Eastern Bluebird,10,2,Oct_W2,0.0666667,435.0
Eastern Bluebird,10,3,Oct_W3,0.0519481,385.0
Eastern Bluebird,10,4,Oct_W4,0.0511628,645.0
Eastern Bluebird,11,1,Nov_W1,0.0414747,434.0
Eastern Bluebird,11,2,Nov_W2,0.0277778,468.0
Eastern Bluebird,11,3,Nov_W3,0.0113379,441.0
Eastern Bluebird,11,4,Nov_W4,0.0083333,600.0
Eastern Bluebird,12,1,Dec_W1,0.0067265,446.0
Eastern Bluebird,12,2,Dec_W2,0.0018904,529.0
Eastern Bluebird,12,3,Dec_W3,0.0126812,552.0
Eastern Bluebird,12,4,Dec_W4,0.0086331,695.0
Townsend's Solitaire,1,1,Jan_W1,0.0,823.0
Townsend's Solitaire,1,2,Jan_W2,0.0,605.0
Townsend's Solitaire,1,3,Jan_W3,0.0,523.0
Townsend's Solitaire,1,4,Jan_W4,0.0,730.0
Townsend's Solitaire,2,1,Feb_W1,0.0,496.0
Townsend's Solitaire,2,2,Feb_W2,0.0,822.0
Townsend's Solitaire,2,3,Feb_W3,0.0,1575.0
Townsend's Solitaire,2,4,Feb_W4,0.0,612.0
Townsend's Solitaire,3,1,Mar_W1,0.0,608.0
Townsend's Solitaire,3,2,Mar_W2,0.0,740.0
Townsend's Solitaire,3,3,Mar_W3,0.0,665.0
Townsend's Solitaire,3,4,Mar_W4,0.0,843.0
Townsend's Solitaire,4,1,Apr_W1,0.0015,743.0
Townsend's Solitaire,4,2,Apr_W2,0.003937,762.0
Townsend's Solitaire,4,3,Apr_W3,0.0012903,775.0
Townsend's Solitaire,4,4,Apr_W4,0.0,1200.0
Townsend's Solitaire,5,1,May_W1,0.0,1394.0
Townsend's Solitaire,5,2,May_W2,0.0,4130.0
Townsend's Solitaire,5,3,May_W3,0.0,8788.0
Townsend's Solitaire,5,4,May_W4,0.0,3337.0
Townsend's Solitaire,6,1,Jun_W1,0.0,965.0
Townsend's Solitaire,6,2,Jun_W2,0.0,714.0
Townsend's Solitaire,6,3,Jun_W3,0.0,624.0
Townsend's Solitaire,6,4,Jun_W4,0.0,704.0
Townsend's Solitaire,7,1,Jul_W1,0.0,922.0
Townsend's Solitaire,7,2,Jul_W2,0.0,649.0
Townsend's Solitaire,7,3,Jul_W3,0.0,539.0
Townsend's Solitaire,7,4,Jul_W4,0.0,716.0
Townsend's Solitaire,8,1,Aug_W1,0.0,541.0
Townsend's Solitaire,8,2,Aug_W2,0.0,464.0
Townsend's Solitaire,8,3,Aug_W3,0.0,543.0
Townsend's Solitaire,8,4,Aug_W4,0.0,766.0
Townsend's Solitaire,9,1,Sep_W1,0.0,638.0
Townsend's Solitaire,9,2,Sep_W2,0.0,530.0
Townsend's Solitaire,9,3,Sep_W3,0.0,500.0
Townsend's Solitaire,9,4,Sep_W4,0.0,602.0
Townsend's Solitaire,10,1,Oct_W1,0.0,378.0
Townsend's Solitaire,10,2,Oct_W2,0.0,435.0
Townsend's Solitaire,10,3,Oct_W3,0.0,385.0
Townsend's Solitaire,10,4,Oct_W4,0.0015504,645.0
Townsend's Solitaire,11,1,Nov_W1,0.0,434.0
Townsend's Solitaire,11,2,Nov_W2,0.0015,468.0
Townsend's Solitaire,11,3,Nov_W3,0.0,441.0
Townsend's Solitaire,11,4,Nov_W4,0.0,600.0
Townsend's Solitaire,12,1,Dec_W1,0.0,446.0
Townsend's Solitaire,12,2,Dec_W2,0.0,529.0
Townsend's Solitaire,12,3,Dec_W3,0.0,552.0
Townsend's Solitaire,12,4,Dec_W4,0.0,695.0
Varied Thrush,1,1,Jan_W1,0.0,823.0
Varied Thrush,1,2,Jan_W2,0.0049587,605.0
Varied Thrush,1,3,Jan_W3,0.0,523.0
Varied Thrush,1,4,Jan_W4,0.0,730.0
Varied Thrush,2,1,Feb_W1,0.0,496.0
Varied Thrush,2,2,Feb_W2,0.0,822.0
Varied Thrush,2,3,Feb_W3,0.0,1575.0
Varied Thrush,2,4,Feb_W4,0.001634,612.0
Varied Thrush,3,1,Mar_W1,0.0,608.0
Varied Thrush,3,2,Mar_W2,0.0013514,740.0
Varied Thrush,3,3,Mar_W3,0.0,665.0
Varied Thrush,3,4,Mar_W4,0.0,843.0
Varied Thrush,4,1,Apr_W1,0.0,743.0
Varied Thrush,4,2,Apr_W2,0.0,762.0
Varied Thrush,4,3,Apr_W3,0.0,775.0
Varied Thrush,4,4,Apr_W4,0.0,1200.0
Varied Thrush,5,1,May_W1,0.0,1394.0
Varied Thrush,5,2,May_W2,0.0,4130.0
Varied Thrush,5,3,May_W3,0.0,8788.0
Varied Thrush,5,4,May_W4,0.0,3337.0
Varied Thrush,6,1,Jun_W1,0.0,965.0
Varied Thrush,6,2,Jun_W2,0.0,714.0
Varied Thrush,6,3,Jun_W3,0.0,624.0
Varied Thrush,6,4,Jun_W4,0.0,704.0
Varied Thrush,7,1,Jul_W1,0.0,922.0
Varied Thrush,7,2,Jul_W2,0.0,649.0
Varied Thrush,7,3,Jul_W3,0.0,539.0
Varied Thrush,7,4,Jul_W4,0.0,716.0
Varied Thrush,8,1,Aug_W1,0.0,541.0
Varied Thrush,8,2,Aug_W2,0.0,464.0
Varied Thrush,8,3,Aug_W3,0.0,543.0
Varied Thrush,8,4,Aug_W4,0.0,766.0
Varied Thrush,9,1,Sep_W1,0.0,638.0
Varied Thrush,9,2,Sep_W2,0.0,530.0
Varied Thrush,9,3,Sep_W3,0.0,500.0
Varied Thrush,9,4,Sep_W4,0.0,602.0
Varied Thrush,10,1,Oct_W1,0.0,378.0
Varied Thrush,10,2,Oct_W2,0.0,435.0
Varied Thrush,10,3,Oct_W3,0.0,385.0
Varied Thrush,10,4,Oct_W4,0.0,645.0
Varied Thrush,11,1,Nov_W1,0.0,434.0
Varied Thrush,11,2,Nov_W2,0.0,468.0
Varied Thrush,11,3,Nov_W3,0.0,441.0
Varied Thrush,11,4,Nov_W4,0.0,600.0
Varied Thrush,12,1,Dec_W1,0.0,446.0
Varied Thrush,12,2,Dec_W2,0.0,529.0
Varied Thrush,12,3,Dec_W3,0.0,552.0
Varied Thrush,12,4,Dec_W4,0.0,695.0
Veery,1,1,Jan_W1,0.0,823.0
Veery,1,2,Jan_W2,0.0,605.0
Veery,1,3,Jan_W3,0.0,523.0
Veery,1,4,Jan_W4,0.0,730.0
Veery,2,1,Feb_W1,0.0,496.0
Veery,2,2,Feb_W2,0.0,822.0
Veery,2,3,Feb_W3,0.0,1575.0
Veery,2,4,Feb_W4,0.0,612.0
Veery,3,1,Mar_W1,0.0,608.0
Veery,3,2,Mar_W2,0.0,740.0
Veery,3,3,Mar_W3,0.0,665.0
Veery,3,4,Mar_W4,0.0,843.0
Veery,4,1,Apr_W1,0.0,743.0
Veery,4,2,Apr_W2,0.0,762.0
Veery,4,3,Apr_W3,0.0,775.0
Veery,4,4,Apr_W4,0.0,1200.0
Veery,5,1,May_W1,0.0136298,1394.0
Veery,5,2,May_W2,0.0769976,4130.0
Veery,5,3,May_W3,0.1185708,8788.0
Veery,5,4,May_W4,0.0863051,3337.0
Veery,6,1,Jun_W1,0.0735751,965.0
Veery,6,2,Jun_W2,0.0560224,714.0
Veery,6,3,Jun_W3,0.0528846,624.0
Veery,6,4,Jun_W4,0.0610795,704.0
Veery,7,1,Jul_W1,0.0531453,922.0
Veery,7,2,Jul_W2,0.0493066,649.0
Veery,7,3,Jul_W3,0.0445269,539.0
Veery,7,4,Jul_W4,0.0125698,716.0
Veery,8,1,Aug_W1,0.0055453,541.0
Veery,8,2,Aug_W2,0.0086207,464.0
Veery,8,3,Aug_W3,0.0055249,543.0
Veery,8,4,Aug_W4,0.0130548,766.0
Veery,9,1,Sep_W1,0.0188088,638.0
Veery,9,2,Sep_W2,0.0075472,530.0
Veery,9,3,Sep_W3,0.004,500.0
Veery,9,4,Sep_W4,0.0016611,602.0
Veery,10,1,Oct_W1,0.005291,378.0
Veery,10,2,Oct_W2,0.0,435.0
Veery,10,3,Oct_W3,0.0,385.0
Veery,10,4,Oct_W4,0.0,645.0
Veery,11,1,Nov_W1,0.0,434.0
Veery,11,2,Nov_W2,0.0,468.0
Veery,11,3,Nov_W3,0.0,441.0
Veery,11,4,Nov_W4,0.0,600.0
Veery,12,1,Dec_W1,0.0,446.0
Veery,12,2,Dec_W2,0.0,529.0
Veery,12,3,Dec_W3,0.0,552.0
Veery,12,4,Dec_W4,0.0,695.0
Gray-cheeked Thrush,1,1,Jan_W1,0.0,823.0
Gray-cheeked Thrush,1,2,Jan_W2,0.0,605.0
Gray-cheeked Thrush,1,3,Jan_W3,0.0,523.0
Gray-cheeked Thrush,1,4,Jan_W4,0.0,730.0
Gray-cheeked Thrush,2,1,Feb_W1,0.0,496.0
Gray-cheeked Thrush,2,2,Feb_W2,0.0,822.0
Gray-cheeked Thrush,2,3,Feb_W3,0.0,1575.0
Gray-cheeked Thrush,2,4,Feb_W4,0.0,612.0
Gray-cheeked Thrush,3,1,Mar_W1,0.0,608.0
Gray-cheeked Thrush,3,2,Mar_W2,0.0,740.0
Gray-cheeked Thrush,3,3,Mar_W3,0.0,665.0
Gray-cheeked Thrush,3,4,Mar_W4,0.0,843.0
Gray-cheeked Thrush,4,1,Apr_W1,0.0,743.0
Gray-cheeked Thrush,4,2,Apr_W2,0.0,762.0
Gray-cheeked Thrush,4,3,Apr_W3,0.0,775.0
Gray-cheeked Thrush,4,4,Apr_W4,0.0,1200.0
Gray-cheeked Thrush,5,1,May_W1,0.0,1394.0
Gray-cheeked Thrush,5,2,May_W2,0.0048426,4130.0
Gray-cheeked Thrush,5,3,May_W3,0.0150205,8788.0
Gray-cheeked Thrush,5,4,May_W4,0.0128858,3337.0
Gray-cheeked Thrush,6,1,Jun_W1,0.0,965.0
Gray-cheeked Thrush,6,2,Jun_W2,0.0,714.0
Gray-cheeked Thrush,6,3,Jun_W3,0.0,624.0
Gray-cheeked Thrush,6,4,Jun_W4,0.0,704.0
Gray-cheeked Thrush,7,1,Jul_W1,0.0,922.0
Gray-cheeked Thrush,7,2,Jul_W2,0.0,649.0
Gray-cheeked Thrush,7,3,Jul_W3,0.0,539.0
Gray-cheeked Thrush,7,4,Jul_W4,0.0,716.0
Gray-cheeked Thrush,8,1,Aug_W1,0.0,541.0
Gray-cheeked Thrush,8,2,Aug_W2,0.0,464.0
Gray-cheeked Thrush,8,3,Aug_W3,0.0,543.0
Gray-cheeked Thrush,8,4,Aug_W4,0.002611,766.0
Gray-cheeked Thrush,9,1,Sep_W1,0.0219436,638.0
Gray-cheeked Thrush,9,2,Sep_W2,0.045283,530.0
Gray-cheeked Thrush,9,3,Sep_W3,0.028,500.0
Gray-cheeked Thrush,9,4,Sep_W4,0.0215947,602.0
Gray-cheeked Thrush,10,1,Oct_W1,0.005291,378.0
Gray-cheeked Thrush,10,2,Oct_W2,0.0,435.0
Gray-cheeked Thrush,10,3,Oct_W3,0.0,385.0
Gray-cheeked Thrush,10,4,Oct_W4,0.0,645.0
Gray-cheeked Thrush,11,1,Nov_W1,0.0,434.0
Gray-cheeked Thrush,11,2,Nov_W2,0.0,468.0
Gray-cheeked Thrush,11,3,Nov_W3,0.0,441.0
Gray-cheeked Thrush,11,4,Nov_W4,0.0,600.0
Gray-cheeked Thrush,12,1,Dec_W1,0.0,446.0
Gray-cheeked Thrush,12,2,Dec_W2,0.0,529.0
Gray-cheeked Thrush,12,3,Dec_W3,0.0,552.0
Gray-cheeked Thrush,12,4,Dec_W4,0.0,695.0
Swainson's Thrush,1,1,Jan_W1,0.0,823.0
Swainson's Thrush,1,2,Jan_W2,0.0,605.0
Swainson's Thrush,1,3,Jan_W3,0.0,523.0
Swainson's Thrush,1,4,Jan_W4,0.0,730.0
Swainson's Thrush,2,1,Feb_W1,0.0,496.0
Swainson's Thrush,2,2,Feb_W2,0.0,822.0
Swainson's Thrush,2,3,Feb_W3,0.0,1575.0
Swainson's Thrush,2,4,Feb_W4,0.0,612.0
Swainson's Thrush,3,1,Mar_W1,0.0,608.0
Swainson's Thrush,3,2,Mar_W2,0.0,740.0
Swainson's Thrush,3,3,Mar_W3,0.0,665.0
Swainson's Thrush,3,4,Mar_W4,0.0,843.0
Swainson's Thrush,4,1,Apr_W1,0.0,743.0
Swainson's Thrush,4,2,Apr_W2,0.0,762.0
Swainson's Thrush,4,3,Apr_W3,0.0012903,775.0
Swainson's Thrush,4,4,Apr_W4,0.0058333,1200.0
Swainson's Thrush,5,1,May_W1,0.0143472,1394.0
Swainson's Thrush,5,2,May_W2,0.0423729,4130.0
Swainson's Thrush,5,3,May_W3,0.1063951,8788.0
Swainson's Thrush,5,4,May_W4,0.1036859,3337.0
Swainson's Thrush,6,1,Jun_W1,0.0062176,965.0
Swainson's Thrush,6,2,Jun_W2,0.0,714.0
Swainson's Thrush,6,3,Jun_W3,0.0,624.0
Swainson's Thrush,6,4,Jun_W4,0.0,704.0
Swainson's Thrush,7,1,Jul_W1,0.0,922.0
Swainson's Thrush,7,2,Jul_W2,0.0,649.0
Swainson's Thrush,7,3,Jul_W3,0.0,539.0
Swainson's Thrush,7,4,Jul_W4,0.0,716.0
Swainson's Thrush,8,1,Aug_W1,0.0,541.0
Swainson's Thrush,8,2,Aug_W2,0.0,464.0
Swainson's Thrush,8,3,Aug_W3,0.0036832,543.0
Swainson's Thrush,8,4,Aug_W4,0.0234987,766.0
Swainson's Thrush,9,1,Sep_W1,0.1191223,638.0
Swainson's Thrush,9,2,Sep_W2,0.1773585,530.0
Swainson's Thrush,9,3,Sep_W3,0.162,500.0
Swainson's Thrush,9,4,Sep_W4,0.1063123,602.0
Swainson's Thrush,10,1,Oct_W1,0.0687831,378.0
Swainson's Thrush,10,2,Oct_W2,0.0114943,435.0
Swainson's Thrush,10,3,Oct_W3,0.0,385.0
Swainson's Thrush,10,4,Oct_W4,0.0031008,645.0
Swainson's Thrush,11,1,Nov_W1,0.0,434.0
Swainson's Thrush,11,2,Nov_W2,0.0,468.0
Swainson's Thrush,11,3,Nov_W3,0.0,441.0
Swainson's Thrush,11,4,Nov_W4,0.0,600.0
Swainson's Thrush,12,1,Dec_W1,0.0,446.0
Swainson's Thrush,12,2,Dec_W2,0.0,529.0
Swainson's Thrush,12,3,Dec_W3,0.0,552.0
Swainson's Thrush,12,4,Dec_W4,0.0,695.0
Hermit Thrush,1,1,Jan_W1,0.0048603,823.0
Hermit Thrush,1,2,Jan_W2,0.0,605.0
Hermit Thrush,1,3,Jan_W3,0.0,523.0
Hermit Thrush,1,4,Jan_W4,0.0,730.0
Hermit Thrush,2,1,Feb_W1,0.0,496.0
Hermit Thrush,2,2,Feb_W2,0.0,822.0
Hermit Thrush,2,3,Feb_W3,0.0031746,1575.0
Hermit Thrush,2,4,Feb_W4,0.0114379,612.0
Hermit Thrush,3,1,Mar_W1,0.0,608.0
Hermit Thrush,3,2,Mar_W2,0.0,740.0
Hermit Thrush,3,3,Mar_W3,0.0,665.0
Hermit Thrush,3,4,Mar_W4,0.0,843.0
Hermit Thrush,4,1,Apr_W1,0.0121131,743.0
Hermit Thrush,4,2,Apr_W2,0.0472441,762.0
Hermit Thrush,4,3,Apr_W3,0.1290323,775.0
Hermit Thrush,4,4,Apr_W4,0.1358333,1200.0
Hermit Thrush,5,1,May_W1,0.1398852,1394.0
Hermit Thrush,5,2,May_W2,0.0891041,4130.0
Hermit Thrush,5,3,May_W3,0.0834092,8788.0
Hermit Thrush,5,4,May_W4,0.0761163,3337.0
Hermit Thrush,6,1,Jun_W1,0.1005181,965.0
Hermit Thrush,6,2,Jun_W2,0.1134454,714.0
Hermit Thrush,6,3,Jun_W3,0.1522436,624.0
Hermit Thrush,6,4,Jun_W4,0.1420455,704.0
Hermit Thrush,7,1,Jul_W1,0.1399132,922.0
Hermit Thrush,7,2,Jul_W2,0.1201849,649.0
Hermit Thrush,7,3,Jul_W3,0.1131725,539.0
Hermit Thrush,7,4,Jul_W4,0.0935754,716.0
Hermit Thrush,8,1,Aug_W1,0.0554529,541.0
Hermit Thrush,8,2,Aug_W2,0.0431034,464.0
Hermit Thrush,8,3,Aug_W3,0.0331492,543.0
Hermit Thrush,8,4,Aug_W4,0.035248,766.0
Hermit Thrush,9,1,Sep_W1,0.0266458,638.0
Hermit Thrush,9,2,Sep_W2,0.0396226,530.0
Hermit Thrush,9,3,Sep_W3,0.054,500.0
Hermit Thrush,9,4,Sep_W4,0.10299,602.0
Hermit Thrush,10,1,Oct_W1,0.1851852,378.0
Hermit Thrush,10,2,Oct_W2,0.1908046,435.0
Hermit Thrush,10,3,Oct_W3,0.1402597,385.0
Hermit Thrush,10,4,Oct_W4,0.048062,645.0
Hermit Thrush,11,1,Nov_W1,0.0115207,434.0
Hermit Thrush,11,2,Nov_W2,0.0021368,468.0
Hermit Thrush,11,3,Nov_W3,0.0090703,441.0
Hermit Thrush,11,4,Nov_W4,0.0033333,600.0
Hermit Thrush,12,1,Dec_W1,0.0022422,446.0
Hermit Thrush,12,2,Dec_W2,0.0,529.0
Hermit Thrush,12,3,Dec_W3,0.009058,552.0
Hermit Thrush,12,4,Dec_W4,0.0043165,695.0
Wood Thrush,1,1,Jan_W1,0.0,823.0
Wood Thrush,1,2,Jan_W2,0.0,605.0
Wood Thrush,1,3,Jan_W3,0.0,523.0
Wood Thrush,1,4,Jan_W4,0.0,730.0
Wood Thrush,2,1,Feb_W1,0.0,496.0
Wood Thrush,2,2,Feb_W2,0.0,822.0
Wood Thrush,2,3,Feb_W3,0.0,1575.0
Wood Thrush,2,4,Feb_W4,0.0,612.0
Wood Thrush,3,1,Mar_W1,0.0,608.0
Wood Thrush,3,2,Mar_W2,0.0,740.0
Wood Thrush,3,3,Mar_W3,0.0,665.0
Wood Thrush,3,4,Mar_W4,0.0,843.0
Wood Thrush,4,1,Apr_W1,0.0,743.0
Wood Thrush,4,2,Apr_W2,0.0,762.0
Wood Thrush,4,3,Apr_W3,0.0,775.0
Wood Thrush,4,4,Apr_W4,0.0016667,1200.0
Wood Thrush,5,1,May_W1,0.0150646,1394.0
Wood Thrush,5,2,May_W2,0.0661017,4130.0
Wood Thrush,5,3,May_W3,0.0675922,8788.0
Wood Thrush,5,4,May_W4,0.0602337,3337.0
Wood Thrush,6,1,Jun_W1,0.026943,965.0
Wood Thrush,6,2,Jun_W2,0.0336134,714.0
Wood Thrush,6,3,Jun_W3,0.0336538,624.0
Wood Thrush,6,4,Jun_W4,0.046875,704.0
Wood Thrush,7,1,Jul_W1,0.0444685,922.0
Wood Thrush,7,2,Jul_W2,0.0477658,649.0
Wood Thrush,7,3,Jul_W3,0.0204082,539.0
Wood Thrush,7,4,Jul_W4,0.0125698,716.0
Wood Thrush,8,1,Aug_W1,0.0036969,541.0
Wood Thrush,8,2,Aug_W2,0.0107759,464.0
Wood Thrush,8,3,Aug_W3,0.0036832,543.0
Wood Thrush,8,4,Aug_W4,0.0013055,766.0
Wood Thrush,9,1,Sep_W1,0.0047022,638.0
Wood Thrush,9,2,Sep_W2,0.0018868,530.0
Wood Thrush,9,3,Sep_W3,0.0,500.0
Wood Thrush,9,4,Sep_W4,0.0,602.0
Wood Thrush,10,1,Oct_W1,0.0,378.0
Wood Thrush,10,2,Oct_W2,0.0,435.0
Wood Thrush,10,3,Oct_W3,0.0,385.0
Wood Thrush,10,4,Oct_W4,0.0,645.0
Wood Thrush,11,1,Nov_W1,0.0,434.0
Wood Thrush,11,2,Nov_W2,0.0,468.0
Wood Thrush,11,3,Nov_W3,0.0,441.0
Wood Thrush,11,4,Nov_W4,0.0,600.0
Wood Thrush,12,1,Dec_W1,0.0,446.0
Wood Thrush,12,2,Dec_W2,0.0,529.0
Wood Thrush,12,3,Dec_W3,0.0,552.0
Wood Thrush,12,4,Dec_W4,0.0,695.0
American Robin,1,1,Jan_W1,0.0145808,823.0
American Robin,1,2,Jan_W2,0.0132231,605.0
American Robin,1,3,Jan_W3,0.0114723,523.0
American Robin,1,4,Jan_W4,0.0205479,730.0
American Robin,2,1,Feb_W1,0.016129,496.0
American Robin,2,2,Feb_W2,0.0316302,822.0
American Robin,2,3,Feb_W3,0.04,1575.0
American Robin,2,4,Feb_W4,0.0620915,612.0
American Robin,3,1,Mar_W1,0.1003289,608.0
American Robin,3,2,Mar_W2,0.1702703,740.0
American Robin,3,3,Mar_W3,0.3293233,665.0
American Robin,3,4,Mar_W4,0.4163701,843.0
American Robin,4,1,Apr_W1,0.5504711,743.0
American Robin,4,2,Apr_W2,0.5446194,762.0
American Robin,4,3,Apr_W3,0.5974194,775.0
American Robin,4,4,Apr_W4,0.6325,1200.0
American Robin,5,1,May_W1,0.697274,1394.0
American Robin,5,2,May_W2,0.6723971,4130.0
American Robin,5,3,May_W3,0.6642012,8788.0
American Robin,5,4,May_W4,0.6775547,3337.0
American Robin,6,1,Jun_W1,0.6994819,965.0
American Robin,6,2,Jun_W2,0.6680672,714.0
American Robin,6,3,Jun_W3,0.6987179,624.0
American Robin,6,4,Jun_W4,0.6889205,704.0
American Robin,7,1,Jul_W1,0.659436,922.0
American Robin,7,2,Jul_W2,0.6101695,649.0
American Robin,7,3,Jul_W3,0.6604824,539.0
American Robin,7,4,Jul_W4,0.6019553,716.0
American Robin,8,1,Aug_W1,0.5526802,541.0
American Robin,8,2,Aug_W2,0.4806034,464.0
American Robin,8,3,Aug_W3,0.4309392,543.0
American Robin,8,4,Aug_W4,0.4046997,766.0
American Robin,9,1,Sep_W1,0.3432602,638.0
American Robin,9,2,Sep_W2,0.3358491,530.0
American Robin,9,3,Sep_W3,0.386,500.0
American Robin,9,4,Sep_W4,0.3471761,602.0
American Robin,10,1,Oct_W1,0.3201058,378.0
American Robin,10,2,Oct_W2,0.2781609,435.0
American Robin,10,3,Oct_W3,0.1974026,385.0
American Robin,10,4,Oct_W4,0.1426357,645.0
American Robin,11,1,Nov_W1,0.1152074,434.0
American Robin,11,2,Nov_W2,0.0769231,468.0
American Robin,11,3,Nov_W3,0.0612245,441.0
American Robin,11,4,Nov_W4,0.0266667,600.0
American Robin,12,1,Dec_W1,0.0224215,446.0
American Robin,12,2,Dec_W2,0.0094518,529.0
American Robin,12,3,Dec_W3,0.0126812,552.0
American Robin,12,4,Dec_W4,0.0129496,695.0
Bohemian Waxwing,1,1,Jan_W1,0.0012151,823.0
Bohemian Waxwing,1,2,Jan_W2,0.0082645,605.0
Bohemian Waxwing,1,3,Jan_W3,0.0095602,523.0
Bohemian Waxwing,1,4,Jan_W4,0.0109589,730.0
Bohemian Waxwing,2,1,Feb_W1,0.0080645,496.0
Bohemian Waxwing,2,2,Feb_W2,0.0085158,822.0
Bohemian Waxwing,2,3,Feb_W3,0.007619,1575.0
Bohemian Waxwing,2,4,Feb_W4,0.0179739,612.0
Bohemian Waxwing,3,1,Mar_W1,0.0032895,608.0
Bohemian Waxwing,3,2,Mar_W2,0.0013514,740.0
Bohemian Waxwing,3,3,Mar_W3,0.0,665.0
Bohemian Waxwing,3,4,Mar_W4,0.0023725,843.0
Bohemian Waxwing,4,1,Apr_W1,0.0013459,743.0
Bohemian Waxwing,4,2,Apr_W2,0.0,762.0
Bohemian Waxwing,4,3,Apr_W3,0.0,775.0
Bohemian Waxwing,4,4,Apr_W4,0.0,1200.0
Bohemian Waxwing,5,1,May_W1,0.0,1394.0
Bohemian Waxwing,5,2,May_W2,0.0,4130.0
Bohemian Waxwing,5,3,May_W3,0.0,8788.0
Bohemian Waxwing,5,4,May_W4,0.0,3337.0
Bohemian Waxwing,6,1,Jun_W1,0.0,965.0
Bohemian Waxwing,6,2,Jun_W2,0.0,714.0
Bohemian Waxwing,6,3,Jun_W3,0.0,624.0
Bohemian Waxwing,6,4,Jun_W4,0.0,704.0
Bohemian Waxwing,7,1,Jul_W1,0.0,922.0
Bohemian Waxwing,7,2,Jul_W2,0.0,649.0
Bohemian Waxwing,7,3,Jul_W3,0.0,539.0
Bohemian Waxwing,7,4,Jul_W4,0.0,716.0
Bohemian Waxwing,8,1,Aug_W1,0.0,541.0
Bohemian Waxwing,8,2,Aug_W2,0.0,464.0
Bohemian Waxwing,8,3,Aug_W3,0.0,543.0
Bohemian Waxwing,8,4,Aug_W4,0.0,766.0
Bohemian Waxwing,9,1,Sep_W1,0.0,638.0
Bohemian Waxwing,9,2,Sep_W2,0.0,530.0
Bohemian Waxwing,9,3,Sep_W3,0.0,500.0
Bohemian Waxwing,9,4,Sep_W4,0.0,602.0
Bohemian Waxwing,10,1,Oct_W1,0.0,378.0
Bohemian Waxwing,10,2,Oct_W2,0.0,435.0
Bohemian Waxwing,10,3,Oct_W3,0.0,385.0
Bohemian Waxwing,10,4,Oct_W4,0.0,645.0
Bohemian Waxwing,11,1,Nov_W1,0.0,434.0
Bohemian Waxwing,11,2,Nov_W2,0.0,468.0
Bohemian Waxwing,11,3,Nov_W3,0.0045351,441.0
Bohemian Waxwing,11,4,Nov_W4,0.0015,600.0
Bohemian Waxwing,12,1,Dec_W1,0.0044843,446.0
Bohemian Waxwing,12,2,Dec_W2,0.0018904,529.0
Bohemian Waxwing,12,3,Dec_W3,0.0018116,552.0
Bohemian Waxwing,12,4,Dec_W4,0.0015,695.0
Cedar Waxwing,1,1,Jan_W1,0.0279465,823.0
Cedar Waxwing,1,2,Jan_W2,0.0396694,605.0
Cedar Waxwing,1,3,Jan_W3,0.042065,523.0
Cedar Waxwing,1,4,Jan_W4,0.0424658,730.0
Cedar Waxwing,2,1,Feb_W1,0.0625,496.0
Cedar Waxwing,2,2,Feb_W2,0.0352798,822.0
Cedar Waxwing,2,3,Feb_W3,0.0349206,1575.0
Cedar Waxwing,2,4,Feb_W4,0.0473856,612.0
Cedar Waxwing,3,1,Mar_W1,0.0279605,608.0
Cedar Waxwing,3,2,Mar_W2,0.0175676,740.0
Cedar Waxwing,3,3,Mar_W3,0.0240602,665.0
Cedar Waxwing,3,4,Mar_W4,0.029656,843.0
Cedar Waxwing,4,1,Apr_W1,0.013459,743.0
Cedar Waxwing,4,2,Apr_W2,0.023622,762.0
Cedar Waxwing,4,3,Apr_W3,0.0193548,775.0
Cedar Waxwing,4,4,Apr_W4,0.0116667,1200.0
Cedar Waxwing,5,1,May_W1,0.0272597,1394.0
Cedar Waxwing,5,2,May_W2,0.057385,4130.0
Cedar Waxwing,5,3,May_W3,0.2419208,8788.0
Cedar Waxwing,5,4,May_W4,0.3581061,3337.0
Cedar Waxwing,6,1,Jun_W1,0.319171,965.0
Cedar Waxwing,6,2,Jun_W2,0.2156863,714.0
Cedar Waxwing,6,3,Jun_W3,0.2740385,624.0
Cedar Waxwing,6,4,Jun_W4,0.3053977,704.0
Cedar Waxwing,7,1,Jul_W1,0.3112798,922.0
Cedar Waxwing,7,2,Jul_W2,0.3451464,649.0
Cedar Waxwing,7,3,Jul_W3,0.3450835,539.0
Cedar Waxwing,7,4,Jul_W4,0.452514,716.0
Cedar Waxwing,8,1,Aug_W1,0.4195933,541.0
Cedar Waxwing,8,2,Aug_W2,0.387931,464.0
Cedar Waxwing,8,3,Aug_W3,0.3554328,543.0
Cedar Waxwing,8,4,Aug_W4,0.3407311,766.0
Cedar Waxwing,9,1,Sep_W1,0.3103448,638.0
Cedar Waxwing,9,2,Sep_W2,0.2075472,530.0
Cedar Waxwing,9,3,Sep_W3,0.154,500.0
Cedar Waxwing,9,4,Sep_W4,0.089701,602.0
Cedar Waxwing,10,1,Oct_W1,0.0634921,378.0
Cedar Waxwing,10,2,Oct_W2,0.0413793,435.0
Cedar Waxwing,10,3,Oct_W3,0.0311688,385.0
Cedar Waxwing,10,4,Oct_W4,0.0372093,645.0
Cedar Waxwing,11,1,Nov_W1,0.0345622,434.0
Cedar Waxwing,11,2,Nov_W2,0.017094,468.0
Cedar Waxwing,11,3,Nov_W3,0.0249433,441.0
Cedar Waxwing,11,4,Nov_W4,0.025,600.0
Cedar Waxwing,12,1,Dec_W1,0.0313901,446.0
Cedar Waxwing,12,2,Dec_W2,0.0189036,529.0
Cedar Waxwing,12,3,Dec_W3,0.0271739,552.0
Cedar Waxwing,12,4,Dec_W4,0.0330935,695.0
House Sparrow,1,1,Jan_W1,0.0425273,823.0
House Sparrow,1,2,Jan_W2,0.0446281,605.0
House Sparrow,1,3,Jan_W3,0.0478011,523.0
House Sparrow,1,4,Jan_W4,0.0726027,730.0
House Sparrow,2,1,Feb_W1,0.0604839,496.0
House Sparrow,2,2,Feb_W2,0.0510949,822.0
House Sparrow,2,3,Feb_W3,0.0907937,1575.0
House Sparrow,2,4,Feb_W4,0.0784314,612.0
House Sparrow,3,1,Mar_W1,0.0822368,608.0
House Sparrow,3,2,Mar_W2,0.0472973,740.0
House Sparrow,3,3,Mar_W3,0.075188,665.0
House Sparrow,3,4,Mar_W4,0.0569395,843.0
House Sparrow,4,1,Apr_W1,0.0417227,743.0
House Sparrow,4,2,Apr_W2,0.0485564,762.0
House Sparrow,4,3,Apr_W3,0.0490323,775.0
House Sparrow,4,4,Apr_W4,0.0483333,1200.0
House Sparrow,5,1,May_W1,0.0466284,1394.0
House Sparrow,5,2,May_W2,0.0615012,4130.0
House Sparrow,5,3,May_W3,0.073168,8788.0
House Sparrow,5,4,May_W4,0.0494456,3337.0
House Sparrow,6,1,Jun_W1,0.0414508,965.0
House Sparrow,6,2,Jun_W2,0.0434174,714.0
House Sparrow,6,3,Jun_W3,0.0512821,624.0
House Sparrow,6,4,Jun_W4,0.0482955,704.0
House Sparrow,7,1,Jul_W1,0.1247289,922.0
House Sparrow,7,2,Jul_W2,0.1448382,649.0
House Sparrow,7,3,Jul_W3,0.096475,539.0
House Sparrow,7,4,Jul_W4,0.0963687,716.0
House Sparrow,8,1,Aug_W1,0.077634,541.0
House Sparrow,8,2,Aug_W2,0.0538793,464.0
House Sparrow,8,3,Aug_W3,0.0202578,543.0
House Sparrow,8,4,Aug_W4,0.0261097,766.0
House Sparrow,9,1,Sep_W1,0.0109718,638.0
House Sparrow,9,2,Sep_W2,0.0226415,530.0
House Sparrow,9,3,Sep_W3,0.012,500.0
House Sparrow,9,4,Sep_W4,0.0099668,602.0
House Sparrow,10,1,Oct_W1,0.021164,378.0
House Sparrow,10,2,Oct_W2,0.016092,435.0
House Sparrow,10,3,Oct_W3,0.0181818,385.0
House Sparrow,10,4,Oct_W4,0.0573643,645.0
House Sparrow,11,1,Nov_W1,0.0230415,434.0
House Sparrow,11,2,Nov_W2,0.0235043,468.0
House Sparrow,11,3,Nov_W3,0.0521542,441.0
House Sparrow,11,4,Nov_W4,0.0416667,600.0
House Sparrow,12,1,Dec_W1,0.058296,446.0
House Sparrow,12,2,Dec_W2,0.0453686,529.0
House Sparrow,12,3,Dec_W3,0.0561594,552.0
House Sparrow,12,4,Dec_W4,0.0402878,695.0
Eurasian Tree Sparrow,1,1,Jan_W1,0.0,823.0
Eurasian Tree Sparrow,1,2,Jan_W2,0.0,605.0
Eurasian Tree Sparrow,1,3,Jan_W3,0.0,523.0
Eurasian Tree Sparrow,1,4,Jan_W4,0.0,730.0
Eurasian Tree Sparrow,2,1,Feb_W1,0.0,496.0
Eurasian Tree Sparrow,2,2,Feb_W2,0.0,822.0
Eurasian Tree Sparrow,2,3,Feb_W3,0.0,1575.0
Eurasian Tree Sparrow,2,4,Feb_W4,0.0,612.0
Eurasian Tree Sparrow,3,1,Mar_W1,0.0,608.0
Eurasian Tree Sparrow,3,2,Mar_W2,0.0,740.0
Eurasian Tree Sparrow,3,3,Mar_W3,0.0,665.0
Eurasian Tree Sparrow,3,4,Mar_W4,0.0,843.0
Eurasian Tree Sparrow,4,1,Apr_W1,0.0,743.0
Eurasian Tree Sparrow,4,2,Apr_W2,0.0,762.0
Eurasian Tree Sparrow,4,3,Apr_W3,0.0,775.0
Eurasian Tree Sparrow,4,4,Apr_W4,0.0,1200.0
Eurasian Tree Sparrow,5,1,May_W1,0.0,1394.0
Eurasian Tree Sparrow,5,2,May_W2,0.0096852,4130.0
Eurasian Tree Sparrow,5,3,May_W3,0.0058034,8788.0
Eurasian Tree Sparrow,5,4,May_W4,0.0224753,3337.0
Eurasian Tree Sparrow,6,1,Jun_W1,0.0051813,965.0
Eurasian Tree Sparrow,6,2,Jun_W2,0.0056022,714.0
Eurasian Tree Sparrow,6,3,Jun_W3,0.0112179,624.0
Eurasian Tree Sparrow,6,4,Jun_W4,0.0,704.0
Eurasian Tree Sparrow,7,1,Jul_W1,0.0,922.0
Eurasian Tree Sparrow,7,2,Jul_W2,0.0,649.0
Eurasian Tree Sparrow,7,3,Jul_W3,0.0,539.0
Eurasian Tree Sparrow,7,4,Jul_W4,0.0,716.0
Eurasian Tree Sparrow,8,1,Aug_W1,0.0,541.0
Eurasian Tree Sparrow,8,2,Aug_W2,0.0,464.0
Eurasian Tree Sparrow,8,3,Aug_W3,0.0,543.0
Eurasian Tree Sparrow,8,4,Aug_W4,0.0,766.0
Eurasian Tree Sparrow,9,1,Sep_W1,0.0,638.0
Eurasian Tree Sparrow,9,2,Sep_W2,0.0,530.0
Eurasian Tree Sparrow,9,3,Sep_W3,0.0,500.0
Eurasian Tree Sparrow,9,4,Sep_W4,0.0,602.0
Eurasian Tree Sparrow,10,1,Oct_W1,0.0,378.0
Eurasian Tree Sparrow,10,2,Oct_W2,0.0,435.0
Eurasian Tree Sparrow,10,3,Oct_W3,0.0,385.0
Eurasian Tree Sparrow,10,4,Oct_W4,0.0,645.0
Eurasian Tree Sparrow,11,1,Nov_W1,0.0,434.0
Eurasian Tree Sparrow,11,2,Nov_W2,0.0,468.0
Eurasian Tree Sparrow,11,3,Nov_W3,0.0,441.0
Eurasian Tree Sparrow,11,4,Nov_W4,0.0,600.0
Eurasian Tree Sparrow,12,1,Dec_W1,0.0,446.0
Eurasian Tree Sparrow,12,2,Dec_W2,0.0,529.0
Eurasian Tree Sparrow,12,3,Dec_W3,0.0,552.0
Eurasian Tree Sparrow,12,4,Dec_W4,0.0,695.0
American Pipit,1,1,Jan_W1,0.0012151,823.0
American Pipit,1,2,Jan_W2,0.0,605.0
American Pipit,1,3,Jan_W3,0.0,523.0
American Pipit,1,4,Jan_W4,0.0,730.0
American Pipit,2,1,Feb_W1,0.0,496.0
American Pipit,2,2,Feb_W2,0.0,822.0
American Pipit,2,3,Feb_W3,0.0,1575.0
American Pipit,2,4,Feb_W4,0.0,612.0
American Pipit,3,1,Mar_W1,0.0,608.0
American Pipit,3,2,Mar_W2,0.0,740.0
American Pipit,3,3,Mar_W3,0.0015038,665.0
American Pipit,3,4,Mar_W4,0.0,843.0
American Pipit,4,1,Apr_W1,0.0,743.0
American Pipit,4,2,Apr_W2,0.0,762.0
American Pipit,4,3,Apr_W3,0.0,775.0
American Pipit,4,4,Apr_W4,0.0025,1200.0
American Pipit,5,1,May_W1,0.0308465,1394.0
American Pipit,5,2,May_W2,0.0416465,4130.0
American Pipit,5,3,May_W3,0.0361857,8788.0
American Pipit,5,4,May_W4,0.0089901,3337.0
American Pipit,6,1,Jun_W1,0.0010363,965.0
American Pipit,6,2,Jun_W2,0.0,714.0
American Pipit,6,3,Jun_W3,0.0,624.0
American Pipit,6,4,Jun_W4,0.0,704.0
American Pipit,7,1,Jul_W1,0.0,922.0
American Pipit,7,2,Jul_W2,0.0,649.0
American Pipit,7,3,Jul_W3,0.0,539.0
American Pipit,7,4,Jul_W4,0.0,716.0
American Pipit,8,1,Aug_W1,0.0,541.0
American Pipit,8,2,Aug_W2,0.0,464.0
American Pipit,8,3,Aug_W3,0.0018416,543.0
American Pipit,8,4,Aug_W4,0.0,766.0
American Pipit,9,1,Sep_W1,0.0172414,638.0
American Pipit,9,2,Sep_W2,0.0679245,530.0
American Pipit,9,3,Sep_W3,0.078,500.0
American Pipit,9,4,Sep_W4,0.179402,602.0
American Pipit,10,1,Oct_W1,0.1402116,378.0
American Pipit,10,2,Oct_W2,0.1425287,435.0
American Pipit,10,3,Oct_W3,0.1116883,385.0
American Pipit,10,4,Oct_W4,0.0604651,645.0
American Pipit,11,1,Nov_W1,0.0299539,434.0
American Pipit,11,2,Nov_W2,0.025641,468.0
American Pipit,11,3,Nov_W3,0.0068027,441.0
American Pipit,11,4,Nov_W4,0.0083333,600.0
American Pipit,12,1,Dec_W1,0.0156951,446.0
American Pipit,12,2,Dec_W2,0.0151229,529.0
American Pipit,12,3,Dec_W3,0.0126812,552.0
American Pipit,12,4,Dec_W4,0.0,695.0
Evening Grosbeak,1,1,Jan_W1,0.0121507,823.0
Evening Grosbeak,1,2,Jan_W2,0.0033058,605.0
Evening Grosbeak,1,3,Jan_W3,0.001912,523.0
Evening Grosbeak,1,4,Jan_W4,0.0,730.0
Evening Grosbeak,2,1,Feb_W1,0.0,496.0
Evening Grosbeak,2,2,Feb_W2,0.0048662,822.0
Evening Grosbeak,2,3,Feb_W3,0.0063492,1575.0
Evening Grosbeak,2,4,Feb_W4,0.001634,612.0
Evening Grosbeak,3,1,Mar_W1,0.0016447,608.0
Evening Grosbeak,3,2,Mar_W2,0.0,740.0
Evening Grosbeak,3,3,Mar_W3,0.0,665.0
Evening Grosbeak,3,4,Mar_W4,0.0,843.0
Evening Grosbeak,4,1,Apr_W1,0.0040377,743.0
Evening Grosbeak,4,2,Apr_W2,0.0015,762.0
Evening Grosbeak,4,3,Apr_W3,0.0,775.0
Evening Grosbeak,4,4,Apr_W4,0.0015,1200.0
Evening Grosbeak,5,1,May_W1,0.0,1394.0
Evening Grosbeak,5,2,May_W2,0.0004843,4130.0
Evening Grosbeak,5,3,May_W3,0.0001138,8788.0
Evening Grosbeak,5,4,May_W4,0.0005993,3337.0
Evening Grosbeak,6,1,Jun_W1,0.0,965.0
Evening Grosbeak,6,2,Jun_W2,0.0015,714.0
Evening Grosbeak,6,3,Jun_W3,0.0,624.0
Evening Grosbeak,6,4,Jun_W4,0.0,704.0
Evening Grosbeak,7,1,Jul_W1,0.0,922.0
Evening Grosbeak,7,2,Jul_W2,0.0015408,649.0
Evening Grosbeak,7,3,Jul_W3,0.0037106,539.0
Evening Grosbeak,7,4,Jul_W4,0.0,716.0
Evening Grosbeak,8,1,Aug_W1,0.0,541.0
Evening Grosbeak,8,2,Aug_W2,0.0,464.0
Evening Grosbeak,8,3,Aug_W3,0.0,543.0
Evening Grosbeak,8,4,Aug_W4,0.0,766.0
Evening Grosbeak,9,1,Sep_W1,0.0,638.0
Evening Grosbeak,9,2,Sep_W2,0.0018868,530.0
Evening Grosbeak,9,3,Sep_W3,0.0,500.0
Evening Grosbeak,9,4,Sep_W4,0.0,602.0
Evening Grosbeak,10,1,Oct_W1,0.0,378.0
Evening Grosbeak,10,2,Oct_W2,0.0015,435.0
Evening Grosbeak,10,3,Oct_W3,0.0025974,385.0
Evening Grosbeak,10,4,Oct_W4,0.0015504,645.0
Evening Grosbeak,11,1,Nov_W1,0.0069124,434.0
Evening Grosbeak,11,2,Nov_W2,0.0042735,468.0
Evening Grosbeak,11,3,Nov_W3,0.0068027,441.0
Evening Grosbeak,11,4,Nov_W4,0.0033333,600.0
Evening Grosbeak,12,1,Dec_W1,0.0179372,446.0
Evening Grosbeak,12,2,Dec_W2,0.0,529.0
Evening Grosbeak,12,3,Dec_W3,0.0018116,552.0
Evening Grosbeak,12,4,Dec_W4,0.0028777,695.0
Pine Grosbeak,1,1,Jan_W1,0.0024301,823.0
Pine Grosbeak,1,2,Jan_W2,0.0016529,605.0
Pine Grosbeak,1,3,Jan_W3,0.0038241,523.0
Pine Grosbeak,1,4,Jan_W4,0.0013699,730.0
Pine Grosbeak,2,1,Feb_W1,0.0060484,496.0
Pine Grosbeak,2,2,Feb_W2,0.0048662,822.0
Pine Grosbeak,2,3,Feb_W3,0.0069841,1575.0
Pine Grosbeak,2,4,Feb_W4,0.0081699,612.0
Pine Grosbeak,3,1,Mar_W1,0.0016447,608.0
Pine Grosbeak,3,2,Mar_W2,0.0054054,740.0
Pine Grosbeak,3,3,Mar_W3,0.0015038,665.0
Pine Grosbeak,3,4,Mar_W4,0.0,843.0
Pine Grosbeak,4,1,Apr_W1,0.0,743.0
Pine Grosbeak,4,2,Apr_W2,0.0,762.0
Pine Grosbeak,4,3,Apr_W3,0.0,775.0
Pine Grosbeak,4,4,Apr_W4,0.0,1200.0
Pine Grosbeak,5,1,May_W1,0.0,1394.0
Pine Grosbeak,5,2,May_W2,0.0,4130.0
Pine Grosbeak,5,3,May_W3,0.0,8788.0
Pine Grosbeak,5,4,May_W4,0.0,3337.0
Pine Grosbeak,6,1,Jun_W1,0.0,965.0
Pine Grosbeak,6,2,Jun_W2,0.0,714.0
Pine Grosbeak,6,3,Jun_W3,0.0,624.0
Pine Grosbeak,6,4,Jun_W4,0.0,704.0
Pine Grosbeak,7,1,Jul_W1,0.0,922.0
Pine Grosbeak,7,2,Jul_W2,0.0,649.0
Pine Grosbeak,7,3,Jul_W3,0.0,539.0
Pine Grosbeak,7,4,Jul_W4,0.0,716.0
Pine Grosbeak,8,1,Aug_W1,0.0,541.0
Pine Grosbeak,8,2,Aug_W2,0.0,464.0
Pine Grosbeak,8,3,Aug_W3,0.0,543.0
Pine Grosbeak,8,4,Aug_W4,0.0,766.0
Pine Grosbeak,9,1,Sep_W1,0.0,638.0
Pine Grosbeak,9,2,Sep_W2,0.0,530.0
Pine Grosbeak,9,3,Sep_W3,0.0,500.0
Pine Grosbeak,9,4,Sep_W4,0.0,602.0
Pine Grosbeak,10,1,Oct_W1,0.0,378.0
Pine Grosbeak,10,2,Oct_W2,0.0,435.0
Pine Grosbeak,10,3,Oct_W3,0.0,385.0
Pine Grosbeak,10,4,Oct_W4,0.0,645.0
Pine Grosbeak,11,1,Nov_W1,0.0,434.0
Pine Grosbeak,11,2,Nov_W2,0.0,468.0
Pine Grosbeak,11,3,Nov_W3,0.0068027,441.0
Pine Grosbeak,11,4,Nov_W4,0.0,600.0
Pine Grosbeak,12,1,Dec_W1,0.0089686,446.0
Pine Grosbeak,12,2,Dec_W2,0.0015,529.0
Pine Grosbeak,12,3,Dec_W3,0.0,552.0
Pine Grosbeak,12,4,Dec_W4,0.0043165,695.0
House Finch,1,1,Jan_W1,0.0607533,823.0
House Finch,1,2,Jan_W2,0.061157,605.0
House Finch,1,3,Jan_W3,0.0554493,523.0
House Finch,1,4,Jan_W4,0.1,730.0
House Finch,2,1,Feb_W1,0.0846774,496.0
House Finch,2,2,Feb_W2,0.0912409,822.0
House Finch,2,3,Feb_W3,0.0946032,1575.0
House Finch,2,4,Feb_W4,0.1078431,612.0
House Finch,3,1,Mar_W1,0.0855263,608.0
House Finch,3,2,Mar_W2,0.0905405,740.0
House Finch,3,3,Mar_W3,0.1097744,665.0
House Finch,3,4,Mar_W4,0.1221827,843.0
House Finch,4,1,Apr_W1,0.0874832,743.0
House Finch,4,2,Apr_W2,0.1010499,762.0
House Finch,4,3,Apr_W3,0.1303226,775.0
House Finch,4,4,Apr_W4,0.1066667,1200.0
House Finch,5,1,May_W1,0.0846485,1394.0
House Finch,5,2,May_W2,0.0803874,4130.0
House Finch,5,3,May_W3,0.0696404,8788.0
House Finch,5,4,May_W4,0.0533413,3337.0
House Finch,6,1,Jun_W1,0.0694301,965.0
House Finch,6,2,Jun_W2,0.0672269,714.0
House Finch,6,3,Jun_W3,0.0689103,624.0
House Finch,6,4,Jun_W4,0.0568182,704.0
House Finch,7,1,Jul_W1,0.0704989,922.0
House Finch,7,2,Jul_W2,0.0770416,649.0
House Finch,7,3,Jul_W3,0.0649351,539.0
House Finch,7,4,Jul_W4,0.0698324,716.0
House Finch,8,1,Aug_W1,0.0757856,541.0
House Finch,8,2,Aug_W2,0.0775862,464.0
House Finch,8,3,Aug_W3,0.0626151,543.0
House Finch,8,4,Aug_W4,0.0626632,766.0
House Finch,9,1,Sep_W1,0.0485893,638.0
House Finch,9,2,Sep_W2,0.0396226,530.0
House Finch,9,3,Sep_W3,0.05,500.0
House Finch,9,4,Sep_W4,0.0365449,602.0
House Finch,10,1,Oct_W1,0.0714286,378.0
House Finch,10,2,Oct_W2,0.0597701,435.0
House Finch,10,3,Oct_W3,0.1012987,385.0
House Finch,10,4,Oct_W4,0.048062,645.0
House Finch,11,1,Nov_W1,0.0506912,434.0
House Finch,11,2,Nov_W2,0.0769231,468.0
House Finch,11,3,Nov_W3,0.0748299,441.0
House Finch,11,4,Nov_W4,0.0683333,600.0
House Finch,12,1,Dec_W1,0.0695067,446.0
House Finch,12,2,Dec_W2,0.0661626,529.0
House Finch,12,3,Dec_W3,0.0507246,552.0
House Finch,12,4,Dec_W4,0.057554,695.0
Purple Finch,1,1,Jan_W1,0.0400972,823.0
Purple Finch,1,2,Jan_W2,0.0628099,605.0
Purple Finch,1,3,Jan_W3,0.0783939,523.0
Purple Finch,1,4,Jan_W4,0.0657534,730.0
Purple Finch,2,1,Feb_W1,0.0423387,496.0
Purple Finch,2,2,Feb_W2,0.0340633,822.0
Purple Finch,2,3,Feb_W3,0.0177778,1575.0
Purple Finch,2,4,Feb_W4,0.0571895,612.0
Purple Finch,3,1,Mar_W1,0.0279605,608.0
Purple Finch,3,2,Mar_W2,0.0283784,740.0
Purple Finch,3,3,Mar_W3,0.0270677,665.0
Purple Finch,3,4,Mar_W4,0.0237248,843.0
Purple Finch,4,1,Apr_W1,0.0269179,743.0
Purple Finch,4,2,Apr_W2,0.0472441,762.0
Purple Finch,4,3,Apr_W3,0.076129,775.0
Purple Finch,4,4,Apr_W4,0.0983333,1200.0
Purple Finch,5,1,May_W1,0.0903874,1394.0
Purple Finch,5,2,May_W2,0.0455206,4130.0
Purple Finch,5,3,May_W3,0.0332271,8788.0
Purple Finch,5,4,May_W4,0.0275697,3337.0
Purple Finch,6,1,Jun_W1,0.0321244,965.0
Purple Finch,6,2,Jun_W2,0.0392157,714.0
Purple Finch,6,3,Jun_W3,0.036859,624.0
Purple Finch,6,4,Jun_W4,0.0326705,704.0
Purple Finch,7,1,Jul_W1,0.0292842,922.0
Purple Finch,7,2,Jul_W2,0.0292758,649.0
Purple Finch,7,3,Jul_W3,0.0241187,539.0
Purple Finch,7,4,Jul_W4,0.0307263,716.0
Purple Finch,8,1,Aug_W1,0.0591497,541.0
Purple Finch,8,2,Aug_W2,0.0625,464.0
Purple Finch,8,3,Aug_W3,0.0552486,543.0
Purple Finch,8,4,Aug_W4,0.0365535,766.0
Purple Finch,9,1,Sep_W1,0.0360502,638.0
Purple Finch,9,2,Sep_W2,0.0396226,530.0
Purple Finch,9,3,Sep_W3,0.028,500.0
Purple Finch,9,4,Sep_W4,0.0465116,602.0
Purple Finch,10,1,Oct_W1,0.0661376,378.0
Purple Finch,10,2,Oct_W2,0.0735632,435.0
Purple Finch,10,3,Oct_W3,0.1064935,385.0
Purple Finch,10,4,Oct_W4,0.0666667,645.0
Purple Finch,11,1,Nov_W1,0.0414747,434.0
Purple Finch,11,2,Nov_W2,0.034188,468.0
Purple Finch,11,3,Nov_W3,0.0294785,441.0
Purple Finch,11,4,Nov_W4,0.0166667,600.0
Purple Finch,12,1,Dec_W1,0.0112108,446.0
Purple Finch,12,2,Dec_W2,0.0245747,529.0
Purple Finch,12,3,Dec_W3,0.0235507,552.0
Purple Finch,12,4,Dec_W4,0.028777,695.0
Eurasian Linnet,1,1,Jan_W1,0.0,823.0
Eurasian Linnet,1,2,Jan_W2,0.0,605.0
Eurasian Linnet,1,3,Jan_W3,0.0,523.0
Eurasian Linnet,1,4,Jan_W4,0.0,730.0
Eurasian Linnet,2,1,Feb_W1,0.0,496.0
Eurasian Linnet,2,2,Feb_W2,0.0,822.0
Eurasian Linnet,2,3,Feb_W3,0.0,1575.0
Eurasian Linnet,2,4,Feb_W4,0.0,612.0
Eurasian Linnet,3,1,Mar_W1,0.0,608.0
Eurasian Linnet,3,2,Mar_W2,0.0,740.0
Eurasian Linnet,3,3,Mar_W3,0.0,665.0
Eurasian Linnet,3,4,Mar_W4,0.0,843.0
Eurasian Linnet,4,1,Apr_W1,0.0,743.0
Eurasian Linnet,4,2,Apr_W2,0.0,762.0
Eurasian Linnet,4,3,Apr_W3,0.0,775.0
Eurasian Linnet,4,4,Apr_W4,0.0,1200.0
Eurasian Linnet,5,1,May_W1,0.0,1394.0
Eurasian Linnet,5,2,May_W2,0.0,4130.0
Eurasian Linnet,5,3,May_W3,0.0001138,8788.0
Eurasian Linnet,5,4,May_W4,0.0,3337.0
Eurasian Linnet,6,1,Jun_W1,0.0,965.0
Eurasian Linnet,6,2,Jun_W2,0.0,714.0
Eurasian Linnet,6,3,Jun_W3,0.0,624.0
Eurasian Linnet,6,4,Jun_W4,0.0,704.0
Eurasian Linnet,7,1,Jul_W1,0.0,922.0
Eurasian Linnet,7,2,Jul_W2,0.0,649.0
Eurasian Linnet,7,3,Jul_W3,0.0,539.0
Eurasian Linnet,7,4,Jul_W4,0.0,716.0
Eurasian Linnet,8,1,Aug_W1,0.0,541.0
Eurasian Linnet,8,2,Aug_W2,0.0,464.0
Eurasian Linnet,8,3,Aug_W3,0.0,543.0
Eurasian Linnet,8,4,Aug_W4,0.0,766.0
Eurasian Linnet,9,1,Sep_W1,0.0,638.0
Eurasian Linnet,9,2,Sep_W2,0.0,530.0
Eurasian Linnet,9,3,Sep_W3,0.0,500.0
Eurasian Linnet,9,4,Sep_W4,0.0,602.0
Eurasian Linnet,10,1,Oct_W1,0.0,378.0
Eurasian Linnet,10,2,Oct_W2,0.0,435.0
Eurasian Linnet,10,3,Oct_W3,0.0,385.0
Eurasian Linnet,10,4,Oct_W4,0.0,645.0
Eurasian Linnet,11,1,Nov_W1,0.0,434.0
Eurasian Linnet,11,2,Nov_W2,0.0,468.0
Eurasian Linnet,11,3,Nov_W3,0.0,441.0
Eurasian Linnet,11,4,Nov_W4,0.0,600.0
Eurasian Linnet,12,1,Dec_W1,0.0,446.0
Eurasian Linnet,12,2,Dec_W2,0.0,529.0
Eurasian Linnet,12,3,Dec_W3,0.0,552.0
Eurasian Linnet,12,4,Dec_W4,0.0,695.0
Redpoll,1,1,Jan_W1,0.0279465,823.0
Redpoll,1,2,Jan_W2,0.0495868,605.0
Redpoll,1,3,Jan_W3,0.0592734,523.0
Redpoll,1,4,Jan_W4,0.0986301,730.0
Redpoll,2,1,Feb_W1,0.0645161,496.0
Redpoll,2,2,Feb_W2,0.0547445,822.0
Redpoll,2,3,Feb_W3,0.0761905,1575.0
Redpoll,2,4,Feb_W4,0.1143791,612.0
Redpoll,3,1,Mar_W1,0.0904605,608.0
Redpoll,3,2,Mar_W2,0.0864865,740.0
Redpoll,3,3,Mar_W3,0.0481203,665.0
Redpoll,3,4,Mar_W4,0.059312,843.0
Redpoll,4,1,Apr_W1,0.025572,743.0
Redpoll,4,2,Apr_W2,0.0223097,762.0
Redpoll,4,3,Apr_W3,0.0193548,775.0
Redpoll,4,4,Apr_W4,0.0116667,1200.0
Redpoll,5,1,May_W1,0.0,1394.0
Redpoll,5,2,May_W2,0.0,4130.0
Redpoll,5,3,May_W3,0.0,8788.0
Redpoll,5,4,May_W4,0.0,3337.0
Redpoll,6,1,Jun_W1,0.0,965.0
Redpoll,6,2,Jun_W2,0.0,714.0
Redpoll,6,3,Jun_W3,0.0,624.0
Redpoll,6,4,Jun_W4,0.0,704.0
Redpoll,7,1,Jul_W1,0.0,922.0
Redpoll,7,2,Jul_W2,0.0,649.0
Redpoll,7,3,Jul_W3,0.0,539.0
Redpoll,7,4,Jul_W4,0.0,716.0
Redpoll,8,1,Aug_W1,0.0,541.0
Redpoll,8,2,Aug_W2,0.0,464.0
Redpoll,8,3,Aug_W3,0.0,543.0
Redpoll,8,4,Aug_W4,0.0,766.0
Redpoll,9,1,Sep_W1,0.0,638.0
Redpoll,9,2,Sep_W2,0.0,530.0
Redpoll,9,3,Sep_W3,0.0,500.0
Redpoll,9,4,Sep_W4,0.0,602.0
Redpoll,10,1,Oct_W1,0.0,378.0
Redpoll,10,2,Oct_W2,0.0,435.0
Redpoll,10,3,Oct_W3,0.0,385.0
Redpoll,10,4,Oct_W4,0.0062016,645.0
Redpoll,11,1,Nov_W1,0.0276498,434.0
Redpoll,11,2,Nov_W2,0.0277778,468.0
Redpoll,11,3,Nov_W3,0.0634921,441.0
Redpoll,11,4,Nov_W4,0.0533333,600.0
Redpoll,12,1,Dec_W1,0.0269058,446.0
Redpoll,12,2,Dec_W2,0.020794,529.0
Redpoll,12,3,Dec_W3,0.0217391,552.0
Redpoll,12,4,Dec_W4,0.0359712,695.0
Red Crossbill,1,1,Jan_W1,0.0,823.0
Red Crossbill,1,2,Jan_W2,0.0015,605.0
Red Crossbill,1,3,Jan_W3,0.001912,523.0
Red Crossbill,1,4,Jan_W4,0.0068493,730.0
Red Crossbill,2,1,Feb_W1,0.0015,496.0
Red Crossbill,2,2,Feb_W2,0.0012165,822.0
Red Crossbill,2,3,Feb_W3,0.007619,1575.0
Red Crossbill,2,4,Feb_W4,0.003268,612.0
Red Crossbill,3,1,Mar_W1,0.0032895,608.0
Red Crossbill,3,2,Mar_W2,0.0027027,740.0
Red Crossbill,3,3,Mar_W3,0.0030075,665.0
Red Crossbill,3,4,Mar_W4,0.0059312,843.0
Red Crossbill,4,1,Apr_W1,0.0,743.0
Red Crossbill,4,2,Apr_W2,0.0,762.0
Red Crossbill,4,3,Apr_W3,0.0,775.0
Red Crossbill,4,4,Apr_W4,0.0008333,1200.0
Red Crossbill,5,1,May_W1,0.0,1394.0
Red Crossbill,5,2,May_W2,0.0015,4130.0
Red Crossbill,5,3,May_W3,0.0001138,8788.0
Red Crossbill,5,4,May_W4,0.0005993,3337.0
Red Crossbill,6,1,Jun_W1,0.0,965.0
Red Crossbill,6,2,Jun_W2,0.0,714.0
Red Crossbill,6,3,Jun_W3,0.0,624.0
Red Crossbill,6,4,Jun_W4,0.0,704.0
Red Crossbill,7,1,Jul_W1,0.0,922.0
Red Crossbill,7,2,Jul_W2,0.0,649.0
Red Crossbill,7,3,Jul_W3,0.0,539.0
Red Crossbill,7,4,Jul_W4,0.0,716.0
Red Crossbill,8,1,Aug_W1,0.0,541.0
Red Crossbill,8,2,Aug_W2,0.0,464.0
Red Crossbill,8,3,Aug_W3,0.0,543.0
Red Crossbill,8,4,Aug_W4,0.0,766.0
Red Crossbill,9,1,Sep_W1,0.0,638.0
Red Crossbill,9,2,Sep_W2,0.0,530.0
Red Crossbill,9,3,Sep_W3,0.0,500.0
Red Crossbill,9,4,Sep_W4,0.0,602.0
Red Crossbill,10,1,Oct_W1,0.0,378.0
Red Crossbill,10,2,Oct_W2,0.0022989,435.0
Red Crossbill,10,3,Oct_W3,0.0,385.0
Red Crossbill,10,4,Oct_W4,0.0031008,645.0
Red Crossbill,11,1,Nov_W1,0.0046083,434.0
Red Crossbill,11,2,Nov_W2,0.0042735,468.0
Red Crossbill,11,3,Nov_W3,0.0045351,441.0
Red Crossbill,11,4,Nov_W4,0.005,600.0
Red Crossbill,12,1,Dec_W1,0.0067265,446.0
Red Crossbill,12,2,Dec_W2,0.0,529.0
Red Crossbill,12,3,Dec_W3,0.0018116,552.0
Red Crossbill,12,4,Dec_W4,0.0,695.0
White-winged Crossbill,1,1,Jan_W1,0.0097205,823.0
White-winged Crossbill,1,2,Jan_W2,0.0099174,605.0
White-winged Crossbill,1,3,Jan_W3,0.0152964,523.0
White-winged Crossbill,1,4,Jan_W4,0.0287671,730.0
White-winged Crossbill,2,1,Feb_W1,0.0221774,496.0
White-winged Crossbill,2,2,Feb_W2,0.0097324,822.0
White-winged Crossbill,2,3,Feb_W3,0.008254,1575.0
White-winged Crossbill,2,4,Feb_W4,0.0245098,612.0
White-winged Crossbill,3,1,Mar_W1,0.0246711,608.0
White-winged Crossbill,3,2,Mar_W2,0.0162162,740.0
White-winged Crossbill,3,3,Mar_W3,0.0165414,665.0
White-winged Crossbill,3,4,Mar_W4,0.0,843.0
White-winged Crossbill,4,1,Apr_W1,0.0,743.0
White-winged Crossbill,4,2,Apr_W2,0.0,762.0
White-winged Crossbill,4,3,Apr_W3,0.0,775.0
White-winged Crossbill,4,4,Apr_W4,0.0015,1200.0
White-winged Crossbill,5,1,May_W1,0.0,1394.0
White-winged Crossbill,5,2,May_W2,0.0,4130.0
White-winged Crossbill,5,3,May_W3,0.0,8788.0
White-winged Crossbill,5,4,May_W4,0.0,3337.0
White-winged Crossbill,6,1,Jun_W1,0.0,965.0
White-winged Crossbill,6,2,Jun_W2,0.0,714.0
White-winged Crossbill,6,3,Jun_W3,0.0,624.0
White-winged Crossbill,6,4,Jun_W4,0.0,704.0
White-winged Crossbill,7,1,Jul_W1,0.0,922.0
White-winged Crossbill,7,2,Jul_W2,0.0,649.0
White-winged Crossbill,7,3,Jul_W3,0.0,539.0
White-winged Crossbill,7,4,Jul_W4,0.0,716.0
White-winged Crossbill,8,1,Aug_W1,0.0,541.0
White-winged Crossbill,8,2,Aug_W2,0.0,464.0
White-winged Crossbill,8,3,Aug_W3,0.0,543.0
White-winged Crossbill,8,4,Aug_W4,0.0,766.0
White-winged Crossbill,9,1,Sep_W1,0.0,638.0
White-winged Crossbill,9,2,Sep_W2,0.0,530.0
White-winged Crossbill,9,3,Sep_W3,0.0,500.0
White-winged Crossbill,9,4,Sep_W4,0.0,602.0
White-winged Crossbill,10,1,Oct_W1,0.0,378.0
White-winged Crossbill,10,2,Oct_W2,0.0,435.0
White-winged Crossbill,10,3,Oct_W3,0.0025974,385.0
White-winged Crossbill,10,4,Oct_W4,0.0015504,645.0
White-winged Crossbill,11,1,Nov_W1,0.0115207,434.0
White-winged Crossbill,11,2,Nov_W2,0.017094,468.0
White-winged Crossbill,11,3,Nov_W3,0.0204082,441.0
White-winged Crossbill,11,4,Nov_W4,0.0133333,600.0
White-winged Crossbill,12,1,Dec_W1,0.0269058,446.0
White-winged Crossbill,12,2,Dec_W2,0.0037807,529.0
White-winged Crossbill,12,3,Dec_W3,0.0072464,552.0
White-winged Crossbill,12,4,Dec_W4,0.0115108,695.0
Pine Siskin,1,1,Jan_W1,0.0874848,823.0
Pine Siskin,1,2,Jan_W2,0.1404959,605.0
Pine Siskin,1,3,Jan_W3,0.1338432,523.0
Pine Siskin,1,4,Jan_W4,0.1630137,730.0
Pine Siskin,2,1,Feb_W1,0.1512097,496.0
Pine Siskin,2,2,Feb_W2,0.2104623,822.0
Pine Siskin,2,3,Feb_W3,0.2006349,1575.0
Pine Siskin,2,4,Feb_W4,0.1813725,612.0
Pine Siskin,3,1,Mar_W1,0.1463816,608.0
Pine Siskin,3,2,Mar_W2,0.1459459,740.0
Pine Siskin,3,3,Mar_W3,0.1097744,665.0
Pine Siskin,3,4,Mar_W4,0.1079478,843.0
Pine Siskin,4,1,Apr_W1,0.1036339,743.0
Pine Siskin,4,2,Apr_W2,0.0971129,762.0
Pine Siskin,4,3,Apr_W3,0.1096774,775.0
Pine Siskin,4,4,Apr_W4,0.09,1200.0
Pine Siskin,5,1,May_W1,0.0760402,1394.0
Pine Siskin,5,2,May_W2,0.040678,4130.0
Pine Siskin,5,3,May_W3,0.0235548,8788.0
Pine Siskin,5,4,May_W4,0.0251723,3337.0
Pine Siskin,6,1,Jun_W1,0.0062176,965.0
Pine Siskin,6,2,Jun_W2,0.0070028,714.0
Pine Siskin,6,3,Jun_W3,0.0032051,624.0
Pine Siskin,6,4,Jun_W4,0.0028409,704.0
Pine Siskin,7,1,Jul_W1,0.0021692,922.0
Pine Siskin,7,2,Jul_W2,0.0030817,649.0
Pine Siskin,7,3,Jul_W3,0.0018553,539.0
Pine Siskin,7,4,Jul_W4,0.0013966,716.0
Pine Siskin,8,1,Aug_W1,0.0036969,541.0
Pine Siskin,8,2,Aug_W2,0.0021552,464.0
Pine Siskin,8,3,Aug_W3,0.0055249,543.0
Pine Siskin,8,4,Aug_W4,0.0039164,766.0
Pine Siskin,9,1,Sep_W1,0.0047022,638.0
Pine Siskin,9,2,Sep_W2,0.0056604,530.0
Pine Siskin,9,3,Sep_W3,0.034,500.0
Pine Siskin,9,4,Sep_W4,0.0531561,602.0
Pine Siskin,10,1,Oct_W1,0.0899471,378.0
Pine Siskin,10,2,Oct_W2,0.0781609,435.0
Pine Siskin,10,3,Oct_W3,0.1142857,385.0
Pine Siskin,10,4,Oct_W4,0.1116279,645.0
Pine Siskin,11,1,Nov_W1,0.1221198,434.0
Pine Siskin,11,2,Nov_W2,0.1217949,468.0
Pine Siskin,11,3,Nov_W3,0.1020408,441.0
Pine Siskin,11,4,Nov_W4,0.0566667,600.0
Pine Siskin,12,1,Dec_W1,0.0269058,446.0
Pine Siskin,12,2,Dec_W2,0.0321361,529.0
Pine Siskin,12,3,Dec_W3,0.0597826,552.0
Pine Siskin,12,4,Dec_W4,0.0647482,695.0
American Goldfinch,1,1,Jan_W1,0.3256379,823.0
American Goldfinch,1,2,Jan_W2,0.3702479,605.0
American Goldfinch,1,3,Jan_W3,0.4034417,523.0
American Goldfinch,1,4,Jan_W4,0.4136986,730.0
American Goldfinch,2,1,Feb_W1,0.4233871,496.0
American Goldfinch,2,2,Feb_W2,0.4391727,822.0
American Goldfinch,2,3,Feb_W3,0.4311111,1575.0
American Goldfinch,2,4,Feb_W4,0.3022876,612.0
American Goldfinch,3,1,Mar_W1,0.2894737,608.0
American Goldfinch,3,2,Mar_W2,0.2864865,740.0
American Goldfinch,3,3,Mar_W3,0.2781955,665.0
American Goldfinch,3,4,Mar_W4,0.2858837,843.0
American Goldfinch,4,1,Apr_W1,0.2880215,743.0
American Goldfinch,4,2,Apr_W2,0.2952756,762.0
American Goldfinch,4,3,Apr_W3,0.3109677,775.0
American Goldfinch,4,4,Apr_W4,0.3475,1200.0
American Goldfinch,5,1,May_W1,0.3902439,1394.0
American Goldfinch,5,2,May_W2,0.3360775,4130.0
American Goldfinch,5,3,May_W3,0.3270369,8788.0
American Goldfinch,5,4,May_W4,0.3164519,3337.0
American Goldfinch,6,1,Jun_W1,0.2891192,965.0
American Goldfinch,6,2,Jun_W2,0.3123249,714.0
American Goldfinch,6,3,Jun_W3,0.3509615,624.0
American Goldfinch,6,4,Jun_W4,0.40625,704.0
American Goldfinch,7,1,Jul_W1,0.3752711,922.0
American Goldfinch,7,2,Jul_W2,0.3990755,649.0
American Goldfinch,7,3,Jul_W3,0.4786642,539.0
American Goldfinch,7,4,Jul_W4,0.5153631,716.0
American Goldfinch,8,1,Aug_W1,0.5027726,541.0
American Goldfinch,8,2,Aug_W2,0.5064655,464.0
American Goldfinch,8,3,Aug_W3,0.4861878,543.0
American Goldfinch,8,4,Aug_W4,0.4477807,766.0
American Goldfinch,9,1,Sep_W1,0.4169279,638.0
American Goldfinch,9,2,Sep_W2,0.3754717,530.0
American Goldfinch,9,3,Sep_W3,0.366,500.0
American Goldfinch,9,4,Sep_W4,0.3272425,602.0
American Goldfinch,10,1,Oct_W1,0.2645503,378.0
American Goldfinch,10,2,Oct_W2,0.2298851,435.0
American Goldfinch,10,3,Oct_W3,0.187013,385.0
American Goldfinch,10,4,Oct_W4,0.2015504,645.0
American Goldfinch,11,1,Nov_W1,0.281106,434.0
American Goldfinch,11,2,Nov_W2,0.267094,468.0
American Goldfinch,11,3,Nov_W3,0.2743764,441.0
American Goldfinch,11,4,Nov_W4,0.25,600.0
American Goldfinch,12,1,Dec_W1,0.3475336,446.0
American Goldfinch,12,2,Dec_W2,0.294896,529.0
American Goldfinch,12,3,Dec_W3,0.3351449,552.0
American Goldfinch,12,4,Dec_W4,0.342446,695.0
Lapland Longspur,1,1,Jan_W1,0.0,823.0
Lapland Longspur,1,2,Jan_W2,0.0,605.0
Lapland Longspur,1,3,Jan_W3,0.0,523.0
Lapland Longspur,1,4,Jan_W4,0.0,730.0
Lapland Longspur,2,1,Feb_W1,0.0020161,496.0
Lapland Longspur,2,2,Feb_W2,0.0012165,822.0
Lapland Longspur,2,3,Feb_W3,0.0012698,1575.0
Lapland Longspur,2,4,Feb_W4,0.0,612.0
Lapland Longspur,3,1,Mar_W1,0.0,608.0
Lapland Longspur,3,2,Mar_W2,0.0013514,740.0
Lapland Longspur,3,3,Mar_W3,0.0045113,665.0
Lapland Longspur,3,4,Mar_W4,0.0023725,843.0
Lapland Longspur,4,1,Apr_W1,0.0067295,743.0
Lapland Longspur,4,2,Apr_W2,0.003937,762.0
Lapland Longspur,4,3,Apr_W3,0.0,775.0
Lapland Longspur,4,4,Apr_W4,0.0008333,1200.0
Lapland Longspur,5,1,May_W1,0.0035868,1394.0
Lapland Longspur,5,2,May_W2,0.0070218,4130.0
Lapland Longspur,5,3,May_W3,0.0013655,8788.0
Lapland Longspur,5,4,May_W4,0.0005993,3337.0
Lapland Longspur,6,1,Jun_W1,0.0,965.0
Lapland Longspur,6,2,Jun_W2,0.0,714.0
Lapland Longspur,6,3,Jun_W3,0.0,624.0
Lapland Longspur,6,4,Jun_W4,0.0,704.0
Lapland Longspur,7,1,Jul_W1,0.0,922.0
Lapland Longspur,7,2,Jul_W2,0.0,649.0
Lapland Longspur,7,3,Jul_W3,0.0,539.0
Lapland Longspur,7,4,Jul_W4,0.0,716.0
Lapland Longspur,8,1,Aug_W1,0.0,541.0
Lapland Longspur,8,2,Aug_W2,0.0,464.0
Lapland Longspur,8,3,Aug_W3,0.0,543.0
Lapland Longspur,8,4,Aug_W4,0.0,766.0
Lapland Longspur,9,1,Sep_W1,0.0,638.0
Lapland Longspur,9,2,Sep_W2,0.0018868,530.0
Lapland Longspur,9,3,Sep_W3,0.01,500.0
Lapland Longspur,9,4,Sep_W4,0.0199336,602.0
Lapland Longspur,10,1,Oct_W1,0.021164,378.0
Lapland Longspur,10,2,Oct_W2,0.0298851,435.0
Lapland Longspur,10,3,Oct_W3,0.0311688,385.0
Lapland Longspur,10,4,Oct_W4,0.020155,645.0
Lapland Longspur,11,1,Nov_W1,0.0046083,434.0
Lapland Longspur,11,2,Nov_W2,0.0021368,468.0
Lapland Longspur,11,3,Nov_W3,0.0022676,441.0
Lapland Longspur,11,4,Nov_W4,0.0033333,600.0
Lapland Longspur,12,1,Dec_W1,0.0022422,446.0
Lapland Longspur,12,2,Dec_W2,0.0,529.0
Lapland Longspur,12,3,Dec_W3,0.0,552.0
Lapland Longspur,12,4,Dec_W4,0.0,695.0
Snow Bunting,1,1,Jan_W1,0.0218712,823.0
Snow Bunting,1,2,Jan_W2,0.0380165,605.0
Snow Bunting,1,3,Jan_W3,0.0210325,523.0
Snow Bunting,1,4,Jan_W4,0.0287671,730.0
Snow Bunting,2,1,Feb_W1,0.0141129,496.0
Snow Bunting,2,2,Feb_W2,0.0218978,822.0
Snow Bunting,2,3,Feb_W3,0.0165079,1575.0
Snow Bunting,2,4,Feb_W4,0.0392157,612.0
Snow Bunting,3,1,Mar_W1,0.0246711,608.0
Snow Bunting,3,2,Mar_W2,0.0391892,740.0
Snow Bunting,3,3,Mar_W3,0.0195489,665.0
Snow Bunting,3,4,Mar_W4,0.024911,843.0
Snow Bunting,4,1,Apr_W1,0.0215343,743.0
Snow Bunting,4,2,Apr_W2,0.011811,762.0
Snow Bunting,4,3,Apr_W3,0.0051613,775.0
Snow Bunting,4,4,Apr_W4,0.0016667,1200.0
Snow Bunting,5,1,May_W1,0.0035868,1394.0
Snow Bunting,5,2,May_W2,0.0,4130.0
Snow Bunting,5,3,May_W3,0.0,8788.0
Snow Bunting,5,4,May_W4,0.0,3337.0
Snow Bunting,6,1,Jun_W1,0.0,965.0
Snow Bunting,6,2,Jun_W2,0.0,714.0
Snow Bunting,6,3,Jun_W3,0.0,624.0
Snow Bunting,6,4,Jun_W4,0.0,704.0
Snow Bunting,7,1,Jul_W1,0.0,922.0
Snow Bunting,7,2,Jul_W2,0.0,649.0
Snow Bunting,7,3,Jul_W3,0.0,539.0
Snow Bunting,7,4,Jul_W4,0.0,716.0
Snow Bunting,8,1,Aug_W1,0.0,541.0
Snow Bunting,8,2,Aug_W2,0.0,464.0
Snow Bunting,8,3,Aug_W3,0.0,543.0
Snow Bunting,8,4,Aug_W4,0.0,766.0
Snow Bunting,9,1,Sep_W1,0.0,638.0
Snow Bunting,9,2,Sep_W2,0.0,530.0
Snow Bunting,9,3,Sep_W3,0.0,500.0
Snow Bunting,9,4,Sep_W4,0.0,602.0
Snow Bunting,10,1,Oct_W1,0.0,378.0
Snow Bunting,10,2,Oct_W2,0.0022989,435.0
Snow Bunting,10,3,Oct_W3,0.0181818,385.0
Snow Bunting,10,4,Oct_W4,0.1457364,645.0
Snow Bunting,11,1,Nov_W1,0.1751152,434.0
Snow Bunting,11,2,Nov_W2,0.1153846,468.0
Snow Bunting,11,3,Nov_W3,0.0975057,441.0
Snow Bunting,11,4,Nov_W4,0.0683333,600.0
Snow Bunting,12,1,Dec_W1,0.0627803,446.0
Snow Bunting,12,2,Dec_W2,0.0434783,529.0
Snow Bunting,12,3,Dec_W3,0.0452899,552.0
Snow Bunting,12,4,Dec_W4,0.0330935,695.0
Grasshopper Sparrow,1,1,Jan_W1,0.0,823.0
Grasshopper Sparrow,1,2,Jan_W2,0.0,605.0
Grasshopper Sparrow,1,3,Jan_W3,0.0,523.0
Grasshopper Sparrow,1,4,Jan_W4,0.0,730.0
Grasshopper Sparrow,2,1,Feb_W1,0.0,496.0
Grasshopper Sparrow,2,2,Feb_W2,0.0,822.0
Grasshopper Sparrow,2,3,Feb_W3,0.0,1575.0
Grasshopper Sparrow,2,4,Feb_W4,0.0,612.0
Grasshopper Sparrow,3,1,Mar_W1,0.0,608.0
Grasshopper Sparrow,3,2,Mar_W2,0.0,740.0
Grasshopper Sparrow,3,3,Mar_W3,0.0,665.0
Grasshopper Sparrow,3,4,Mar_W4,0.0,843.0
Grasshopper Sparrow,4,1,Apr_W1,0.0,743.0
Grasshopper Sparrow,4,2,Apr_W2,0.0,762.0
Grasshopper Sparrow,4,3,Apr_W3,0.0,775.0
Grasshopper Sparrow,4,4,Apr_W4,0.0016667,1200.0
Grasshopper Sparrow,5,1,May_W1,0.0028694,1394.0
Grasshopper Sparrow,5,2,May_W2,0.0070218,4130.0
Grasshopper Sparrow,5,3,May_W3,0.0180929,8788.0
Grasshopper Sparrow,5,4,May_W4,0.0224753,3337.0
Grasshopper Sparrow,6,1,Jun_W1,0.0134715,965.0
Grasshopper Sparrow,6,2,Jun_W2,0.0336134,714.0
Grasshopper Sparrow,6,3,Jun_W3,0.0208333,624.0
Grasshopper Sparrow,6,4,Jun_W4,0.0298295,704.0
Grasshopper Sparrow,7,1,Jul_W1,0.0401302,922.0
Grasshopper Sparrow,7,2,Jul_W2,0.0169492,649.0
Grasshopper Sparrow,7,3,Jul_W3,0.0185529,539.0
Grasshopper Sparrow,7,4,Jul_W4,0.0013966,716.0
Grasshopper Sparrow,8,1,Aug_W1,0.0147874,541.0
Grasshopper Sparrow,8,2,Aug_W2,0.0015,464.0
Grasshopper Sparrow,8,3,Aug_W3,0.0,543.0
Grasshopper Sparrow,8,4,Aug_W4,0.0,766.0
Grasshopper Sparrow,9,1,Sep_W1,0.0,638.0
Grasshopper Sparrow,9,2,Sep_W2,0.0,530.0
Grasshopper Sparrow,9,3,Sep_W3,0.0,500.0
Grasshopper Sparrow,9,4,Sep_W4,0.0,602.0
Grasshopper Sparrow,10,1,Oct_W1,0.0,378.0
Grasshopper Sparrow,10,2,Oct_W2,0.0,435.0
Grasshopper Sparrow,10,3,Oct_W3,0.0,385.0
Grasshopper Sparrow,10,4,Oct_W4,0.0,645.0
Grasshopper Sparrow,11,1,Nov_W1,0.0,434.0
Grasshopper Sparrow,11,2,Nov_W2,0.0,468.0
Grasshopper Sparrow,11,3,Nov_W3,0.0,441.0
Grasshopper Sparrow,11,4,Nov_W4,0.0,600.0
Grasshopper Sparrow,12,1,Dec_W1,0.0,446.0
Grasshopper Sparrow,12,2,Dec_W2,0.0,529.0
Grasshopper Sparrow,12,3,Dec_W3,0.0,552.0
Grasshopper Sparrow,12,4,Dec_W4,0.0,695.0
Chipping Sparrow,1,1,Jan_W1,0.0170109,823.0
Chipping Sparrow,1,2,Jan_W2,0.0214876,605.0
Chipping Sparrow,1,3,Jan_W3,0.0229446,523.0
Chipping Sparrow,1,4,Jan_W4,0.0191781,730.0
Chipping Sparrow,2,1,Feb_W1,0.0,496.0
Chipping Sparrow,2,2,Feb_W2,0.0,822.0
Chipping Sparrow,2,3,Feb_W3,0.0,1575.0
Chipping Sparrow,2,4,Feb_W4,0.0,612.0
Chipping Sparrow,3,1,Mar_W1,0.0,608.0
Chipping Sparrow,3,2,Mar_W2,0.0,740.0
Chipping Sparrow,3,3,Mar_W3,0.0,665.0
Chipping Sparrow,3,4,Mar_W4,0.0,843.0
Chipping Sparrow,4,1,Apr_W1,0.0080754,743.0
Chipping Sparrow,4,2,Apr_W2,0.1010499,762.0
Chipping Sparrow,4,3,Apr_W3,0.1909677,775.0
Chipping Sparrow,4,4,Apr_W4,0.2908333,1200.0
Chipping Sparrow,5,1,May_W1,0.4361549,1394.0
Chipping Sparrow,5,2,May_W2,0.3929782,4130.0
Chipping Sparrow,5,3,May_W3,0.3070096,8788.0
Chipping Sparrow,5,4,May_W4,0.2514234,3337.0
Chipping Sparrow,6,1,Jun_W1,0.2476684,965.0
Chipping Sparrow,6,2,Jun_W2,0.2871148,714.0
Chipping Sparrow,6,3,Jun_W3,0.2916667,624.0
Chipping Sparrow,6,4,Jun_W4,0.2670455,704.0
Chipping Sparrow,7,1,Jul_W1,0.3199566,922.0
Chipping Sparrow,7,2,Jul_W2,0.3436055,649.0
Chipping Sparrow,7,3,Jul_W3,0.380334,539.0
Chipping Sparrow,7,4,Jul_W4,0.2905028,716.0
Chipping Sparrow,8,1,Aug_W1,0.245841,541.0
Chipping Sparrow,8,2,Aug_W2,0.2866379,464.0
Chipping Sparrow,8,3,Aug_W3,0.3020258,543.0
Chipping Sparrow,8,4,Aug_W4,0.1984334,766.0
Chipping Sparrow,9,1,Sep_W1,0.1661442,638.0
Chipping Sparrow,9,2,Sep_W2,0.1867925,530.0
Chipping Sparrow,9,3,Sep_W3,0.162,500.0
Chipping Sparrow,9,4,Sep_W4,0.1644518,602.0
Chipping Sparrow,10,1,Oct_W1,0.1719577,378.0
Chipping Sparrow,10,2,Oct_W2,0.1057471,435.0
Chipping Sparrow,10,3,Oct_W3,0.0493506,385.0
Chipping Sparrow,10,4,Oct_W4,0.0170543,645.0
Chipping Sparrow,11,1,Nov_W1,0.0115207,434.0
Chipping Sparrow,11,2,Nov_W2,0.0064103,468.0
Chipping Sparrow,11,3,Nov_W3,0.0090703,441.0
Chipping Sparrow,11,4,Nov_W4,0.0033333,600.0
Chipping Sparrow,12,1,Dec_W1,0.0134529,446.0
Chipping Sparrow,12,2,Dec_W2,0.0283554,529.0
Chipping Sparrow,12,3,Dec_W3,0.0144928,552.0
Chipping Sparrow,12,4,Dec_W4,0.028777,695.0
Clay-colored Sparrow,1,1,Jan_W1,0.0,823.0
Clay-colored Sparrow,1,2,Jan_W2,0.0,605.0
Clay-colored Sparrow,1,3,Jan_W3,0.0,523.0
Clay-colored Sparrow,1,4,Jan_W4,0.0,730.0
Clay-colored Sparrow,2,1,Feb_W1,0.0,496.0
Clay-colored Sparrow,2,2,Feb_W2,0.0,822.0
Clay-colored Sparrow,2,3,Feb_W3,0.0,1575.0
Clay-colored Sparrow,2,4,Feb_W4,0.0,612.0
Clay-colored Sparrow,3,1,Mar_W1,0.0,608.0
Clay-colored Sparrow,3,2,Mar_W2,0.0,740.0
Clay-colored Sparrow,3,3,Mar_W3,0.0,665.0
Clay-colored Sparrow,3,4,Mar_W4,0.0,843.0
Clay-colored Sparrow,4,1,Apr_W1,0.0,743.0
Clay-colored Sparrow,4,2,Apr_W2,0.0,762.0
Clay-colored Sparrow,4,3,Apr_W3,0.0,775.0
Clay-colored Sparrow,4,4,Apr_W4,0.005,1200.0
Clay-colored Sparrow,5,1,May_W1,0.0487805,1394.0
Clay-colored Sparrow,5,2,May_W2,0.1360775,4130.0
Clay-colored Sparrow,5,3,May_W3,0.108102,8788.0
Clay-colored Sparrow,5,4,May_W4,0.0452502,3337.0
Clay-colored Sparrow,6,1,Jun_W1,0.0145078,965.0
Clay-colored Sparrow,6,2,Jun_W2,0.0196078,714.0
Clay-colored Sparrow,6,3,Jun_W3,0.0160256,624.0
Clay-colored Sparrow,6,4,Jun_W4,0.0198864,704.0
Clay-colored Sparrow,7,1,Jul_W1,0.0140998,922.0
Clay-colored Sparrow,7,2,Jul_W2,0.0138675,649.0
Clay-colored Sparrow,7,3,Jul_W3,0.0222635,539.0
Clay-colored Sparrow,7,4,Jul_W4,0.0139665,716.0
Clay-colored Sparrow,8,1,Aug_W1,0.0036969,541.0
Clay-colored Sparrow,8,2,Aug_W2,0.0021552,464.0
Clay-colored Sparrow,8,3,Aug_W3,0.0092081,543.0
Clay-colored Sparrow,8,4,Aug_W4,0.002611,766.0
Clay-colored Sparrow,9,1,Sep_W1,0.0031348,638.0
Clay-colored Sparrow,9,2,Sep_W2,0.0150943,530.0
Clay-colored Sparrow,9,3,Sep_W3,0.016,500.0
Clay-colored Sparrow,9,4,Sep_W4,0.0166113,602.0
Clay-colored Sparrow,10,1,Oct_W1,0.005291,378.0
Clay-colored Sparrow,10,2,Oct_W2,0.0022989,435.0
Clay-colored Sparrow,10,3,Oct_W3,0.0,385.0
Clay-colored Sparrow,10,4,Oct_W4,0.0031008,645.0
Clay-colored Sparrow,11,1,Nov_W1,0.0,434.0
Clay-colored Sparrow,11,2,Nov_W2,0.0,468.0
Clay-colored Sparrow,11,3,Nov_W3,0.0,441.0
Clay-colored Sparrow,11,4,Nov_W4,0.0,600.0
Clay-colored Sparrow,12,1,Dec_W1,0.0,446.0
Clay-colored Sparrow,12,2,Dec_W2,0.0,529.0
Clay-colored Sparrow,12,3,Dec_W3,0.0,552.0
Clay-colored Sparrow,12,4,Dec_W4,0.0,695.0
Field Sparrow,1,1,Jan_W1,0.0,823.0
Field Sparrow,1,2,Jan_W2,0.0,605.0
Field Sparrow,1,3,Jan_W3,0.001912,523.0
Field Sparrow,1,4,Jan_W4,0.0,730.0
Field Sparrow,2,1,Feb_W1,0.0,496.0
Field Sparrow,2,2,Feb_W2,0.0,822.0
Field Sparrow,2,3,Feb_W3,0.0,1575.0
Field Sparrow,2,4,Feb_W4,0.0,612.0
Field Sparrow,3,1,Mar_W1,0.0,608.0
Field Sparrow,3,2,Mar_W2,0.0,740.0
Field Sparrow,3,3,Mar_W3,0.0,665.0
Field Sparrow,3,4,Mar_W4,0.0011862,843.0
Field Sparrow,4,1,Apr_W1,0.0107672,743.0
Field Sparrow,4,2,Apr_W2,0.0498688,762.0
Field Sparrow,4,3,Apr_W3,0.0774194,775.0
Field Sparrow,4,4,Apr_W4,0.1191667,1200.0
Field Sparrow,5,1,May_W1,0.1398852,1394.0
Field Sparrow,5,2,May_W2,0.0849879,4130.0
Field Sparrow,5,3,May_W3,0.0681611,8788.0
Field Sparrow,5,4,May_W4,0.0704225,3337.0
Field Sparrow,6,1,Jun_W1,0.0787565,965.0
Field Sparrow,6,2,Jun_W2,0.1064426,714.0
Field Sparrow,6,3,Jun_W3,0.0961538,624.0
Field Sparrow,6,4,Jun_W4,0.078125,704.0
Field Sparrow,7,1,Jul_W1,0.0672451,922.0
Field Sparrow,7,2,Jul_W2,0.0677966,649.0
Field Sparrow,7,3,Jul_W3,0.0705009,539.0
Field Sparrow,7,4,Jul_W4,0.0530726,716.0
Field Sparrow,8,1,Aug_W1,0.0295749,541.0
Field Sparrow,8,2,Aug_W2,0.0237069,464.0
Field Sparrow,8,3,Aug_W3,0.0239411,543.0
Field Sparrow,8,4,Aug_W4,0.0208877,766.0
Field Sparrow,9,1,Sep_W1,0.0219436,638.0
Field Sparrow,9,2,Sep_W2,0.0207547,530.0
Field Sparrow,9,3,Sep_W3,0.014,500.0
Field Sparrow,9,4,Sep_W4,0.0265781,602.0
Field Sparrow,10,1,Oct_W1,0.0185185,378.0
Field Sparrow,10,2,Oct_W2,0.0321839,435.0
Field Sparrow,10,3,Oct_W3,0.0363636,385.0
Field Sparrow,10,4,Oct_W4,0.0062016,645.0
Field Sparrow,11,1,Nov_W1,0.0069124,434.0
Field Sparrow,11,2,Nov_W2,0.0064103,468.0
Field Sparrow,11,3,Nov_W3,0.0,441.0
Field Sparrow,11,4,Nov_W4,0.0,600.0
Field Sparrow,12,1,Dec_W1,0.0,446.0
Field Sparrow,12,2,Dec_W2,0.0,529.0
Field Sparrow,12,3,Dec_W3,0.0,552.0
Field Sparrow,12,4,Dec_W4,0.0,695.0
Lark Sparrow,1,1,Jan_W1,0.0,823.0
Lark Sparrow,1,2,Jan_W2,0.0,605.0
Lark Sparrow,1,3,Jan_W3,0.0,523.0
Lark Sparrow,1,4,Jan_W4,0.0,730.0
Lark Sparrow,2,1,Feb_W1,0.0,496.0
Lark Sparrow,2,2,Feb_W2,0.0,822.0
Lark Sparrow,2,3,Feb_W3,0.0,1575.0
Lark Sparrow,2,4,Feb_W4,0.0,612.0
Lark Sparrow,3,1,Mar_W1,0.0,608.0
Lark Sparrow,3,2,Mar_W2,0.0,740.0
Lark Sparrow,3,3,Mar_W3,0.0,665.0
Lark Sparrow,3,4,Mar_W4,0.0,843.0
Lark Sparrow,4,1,Apr_W1,0.0,743.0
Lark Sparrow,4,2,Apr_W2,0.0,762.0
Lark Sparrow,4,3,Apr_W3,0.0,775.0
Lark Sparrow,4,4,Apr_W4,0.0,1200.0
Lark Sparrow,5,1,May_W1,0.0143472,1394.0
Lark Sparrow,5,2,May_W2,0.0002421,4130.0
Lark Sparrow,5,3,May_W3,0.0006827,8788.0
Lark Sparrow,5,4,May_W4,0.0011987,3337.0
Lark Sparrow,6,1,Jun_W1,0.0,965.0
Lark Sparrow,6,2,Jun_W2,0.0,714.0
Lark Sparrow,6,3,Jun_W3,0.0,624.0
Lark Sparrow,6,4,Jun_W4,0.0,704.0
Lark Sparrow,7,1,Jul_W1,0.0,922.0
Lark Sparrow,7,2,Jul_W2,0.0,649.0
Lark Sparrow,7,3,Jul_W3,0.0,539.0
Lark Sparrow,7,4,Jul_W4,0.0,716.0
Lark Sparrow,8,1,Aug_W1,0.0,541.0
Lark Sparrow,8,2,Aug_W2,0.0,464.0
Lark Sparrow,8,3,Aug_W3,0.0,543.0
Lark Sparrow,8,4,Aug_W4,0.002611,766.0
Lark Sparrow,9,1,Sep_W1,0.039185,638.0
Lark Sparrow,9,2,Sep_W2,0.0,530.0
Lark Sparrow,9,3,Sep_W3,0.0,500.0
Lark Sparrow,9,4,Sep_W4,0.0,602.0
Lark Sparrow,10,1,Oct_W1,0.0,378.0
Lark Sparrow,10,2,Oct_W2,0.0,435.0
Lark Sparrow,10,3,Oct_W3,0.0,385.0
Lark Sparrow,10,4,Oct_W4,0.0,645.0
Lark Sparrow,11,1,Nov_W1,0.0,434.0
Lark Sparrow,11,2,Nov_W2,0.0,468.0
Lark Sparrow,11,3,Nov_W3,0.0,441.0
Lark Sparrow,11,4,Nov_W4,0.0,600.0
Lark Sparrow,12,1,Dec_W1,0.0,446.0
Lark Sparrow,12,2,Dec_W2,0.0,529.0
Lark Sparrow,12,3,Dec_W3,0.0,552.0
Lark Sparrow,12,4,Dec_W4,0.0,695.0
American Tree Sparrow,1,1,Jan_W1,0.1020656,823.0
American Tree Sparrow,1,2,Jan_W2,0.1785124,605.0
American Tree Sparrow,1,3,Jan_W3,0.1586998,523.0
American Tree Sparrow,1,4,Jan_W4,0.1808219,730.0
American Tree Sparrow,2,1,Feb_W1,0.1290323,496.0
American Tree Sparrow,2,2,Feb_W2,0.1386861,822.0
American Tree Sparrow,2,3,Feb_W3,0.0971429,1575.0
American Tree Sparrow,2,4,Feb_W4,0.1568627,612.0
American Tree Sparrow,3,1,Mar_W1,0.1595395,608.0
American Tree Sparrow,3,2,Mar_W2,0.1716216,740.0
American Tree Sparrow,3,3,Mar_W3,0.1909774,665.0
American Tree Sparrow,3,4,Mar_W4,0.2016607,843.0
American Tree Sparrow,4,1,Apr_W1,0.2274563,743.0
American Tree Sparrow,4,2,Apr_W2,0.2270341,762.0
American Tree Sparrow,4,3,Apr_W3,0.2232258,775.0
American Tree Sparrow,4,4,Apr_W4,0.195,1200.0
American Tree Sparrow,5,1,May_W1,0.1427547,1394.0
American Tree Sparrow,5,2,May_W2,0.0346247,4130.0
American Tree Sparrow,5,3,May_W3,0.0017069,8788.0
American Tree Sparrow,5,4,May_W4,0.0002997,3337.0
American Tree Sparrow,6,1,Jun_W1,0.0,965.0
American Tree Sparrow,6,2,Jun_W2,0.0,714.0
American Tree Sparrow,6,3,Jun_W3,0.0,624.0
American Tree Sparrow,6,4,Jun_W4,0.0,704.0
American Tree Sparrow,7,1,Jul_W1,0.0,922.0
American Tree Sparrow,7,2,Jul_W2,0.0,649.0
American Tree Sparrow,7,3,Jul_W3,0.0,539.0
American Tree Sparrow,7,4,Jul_W4,0.0,716.0
American Tree Sparrow,8,1,Aug_W1,0.0,541.0
American Tree Sparrow,8,2,Aug_W2,0.0,464.0
American Tree Sparrow,8,3,Aug_W3,0.0,543.0
American Tree Sparrow,8,4,Aug_W4,0.0,766.0
American Tree Sparrow,9,1,Sep_W1,0.0,638.0
American Tree Sparrow,9,2,Sep_W2,0.0,530.0
American Tree Sparrow,9,3,Sep_W3,0.0,500.0
American Tree Sparrow,9,4,Sep_W4,0.0049834,602.0
American Tree Sparrow,10,1,Oct_W1,0.0079365,378.0
American Tree Sparrow,10,2,Oct_W2,0.0597701,435.0
American Tree Sparrow,10,3,Oct_W3,0.1662338,385.0
American Tree Sparrow,10,4,Oct_W4,0.2775194,645.0
American Tree Sparrow,11,1,Nov_W1,0.2557604,434.0
American Tree Sparrow,11,2,Nov_W2,0.2029915,468.0
American Tree Sparrow,11,3,Nov_W3,0.185941,441.0
American Tree Sparrow,11,4,Nov_W4,0.135,600.0
American Tree Sparrow,12,1,Dec_W1,0.1726457,446.0
American Tree Sparrow,12,2,Dec_W2,0.1342155,529.0
American Tree Sparrow,12,3,Dec_W3,0.1413043,552.0
American Tree Sparrow,12,4,Dec_W4,0.1453237,695.0
Fox Sparrow,1,1,Jan_W1,0.0,823.0
Fox Sparrow,1,2,Jan_W2,0.0,605.0
Fox Sparrow,1,3,Jan_W3,0.0,523.0
Fox Sparrow,1,4,Jan_W4,0.0,730.0
Fox Sparrow,2,1,Feb_W1,0.0,496.0
Fox Sparrow,2,2,Feb_W2,0.0,822.0
Fox Sparrow,2,3,Feb_W3,0.0,1575.0
Fox Sparrow,2,4,Feb_W4,0.0,612.0
Fox Sparrow,3,1,Mar_W1,0.0,608.0
Fox Sparrow,3,2,Mar_W2,0.0013514,740.0
Fox Sparrow,3,3,Mar_W3,0.0315789,665.0
Fox Sparrow,3,4,Mar_W4,0.0213523,843.0
Fox Sparrow,4,1,Apr_W1,0.0497981,743.0
Fox Sparrow,4,2,Apr_W2,0.0734908,762.0
Fox Sparrow,4,3,Apr_W3,0.0567742,775.0
Fox Sparrow,4,4,Apr_W4,0.0275,1200.0
Fox Sparrow,5,1,May_W1,0.0057389,1394.0
Fox Sparrow,5,2,May_W2,0.0024213,4130.0
Fox Sparrow,5,3,May_W3,0.0009103,8788.0
Fox Sparrow,5,4,May_W4,0.0,3337.0
Fox Sparrow,6,1,Jun_W1,0.0,965.0
Fox Sparrow,6,2,Jun_W2,0.0,714.0
Fox Sparrow,6,3,Jun_W3,0.0,624.0
Fox Sparrow,6,4,Jun_W4,0.0,704.0
Fox Sparrow,7,1,Jul_W1,0.0,922.0
Fox Sparrow,7,2,Jul_W2,0.0,649.0
Fox Sparrow,7,3,Jul_W3,0.0,539.0
Fox Sparrow,7,4,Jul_W4,0.0,716.0
Fox Sparrow,8,1,Aug_W1,0.0,541.0
Fox Sparrow,8,2,Aug_W2,0.0,464.0
Fox Sparrow,8,3,Aug_W3,0.0,543.0
Fox Sparrow,8,4,Aug_W4,0.0,766.0
Fox Sparrow,9,1,Sep_W1,0.0,638.0
Fox Sparrow,9,2,Sep_W2,0.0,530.0
Fox Sparrow,9,3,Sep_W3,0.0,500.0
Fox Sparrow,9,4,Sep_W4,0.0033223,602.0
Fox Sparrow,10,1,Oct_W1,0.015873,378.0
Fox Sparrow,10,2,Oct_W2,0.0298851,435.0
Fox Sparrow,10,3,Oct_W3,0.038961,385.0
Fox Sparrow,10,4,Oct_W4,0.0527132,645.0
Fox Sparrow,11,1,Nov_W1,0.0322581,434.0
Fox Sparrow,11,2,Nov_W2,0.0192308,468.0
Fox Sparrow,11,3,Nov_W3,0.015873,441.0
Fox Sparrow,11,4,Nov_W4,0.0,600.0
Fox Sparrow,12,1,Dec_W1,0.0,446.0
Fox Sparrow,12,2,Dec_W2,0.0018904,529.0
Fox Sparrow,12,3,Dec_W3,0.0,552.0
Fox Sparrow,12,4,Dec_W4,0.0,695.0
Dark-eyed Junco,1,1,Jan_W1,0.2527339,823.0
Dark-eyed Junco,1,2,Jan_W2,0.3123967,605.0
Dark-eyed Junco,1,3,Jan_W3,0.3097514,523.0
Dark-eyed Junco,1,4,Jan_W4,0.3273973,730.0
Dark-eyed Junco,2,1,Feb_W1,0.3306452,496.0
Dark-eyed Junco,2,2,Feb_W2,0.3710462,822.0
Dark-eyed Junco,2,3,Feb_W3,0.3574603,1575.0
Dark-eyed Junco,2,4,Feb_W4,0.2254902,612.0
Dark-eyed Junco,3,1,Mar_W1,0.2302632,608.0
Dark-eyed Junco,3,2,Mar_W2,0.1716216,740.0
Dark-eyed Junco,3,3,Mar_W3,0.2300752,665.0
Dark-eyed Junco,3,4,Mar_W4,0.2763938,843.0
Dark-eyed Junco,4,1,Apr_W1,0.3647376,743.0
Dark-eyed Junco,4,2,Apr_W2,0.3608924,762.0
Dark-eyed Junco,4,3,Apr_W3,0.3806452,775.0
Dark-eyed Junco,4,4,Apr_W4,0.3333333,1200.0
Dark-eyed Junco,5,1,May_W1,0.1843615,1394.0
Dark-eyed Junco,5,2,May_W2,0.035109,4130.0
Dark-eyed Junco,5,3,May_W3,0.0211652,8788.0
Dark-eyed Junco,5,4,May_W4,0.0149835,3337.0
Dark-eyed Junco,6,1,Jun_W1,0.0227979,965.0
Dark-eyed Junco,6,2,Jun_W2,0.012605,714.0
Dark-eyed Junco,6,3,Jun_W3,0.0320513,624.0
Dark-eyed Junco,6,4,Jun_W4,0.0255682,704.0
Dark-eyed Junco,7,1,Jul_W1,0.0227766,922.0
Dark-eyed Junco,7,2,Jul_W2,0.0261941,649.0
Dark-eyed Junco,7,3,Jul_W3,0.0148423,539.0
Dark-eyed Junco,7,4,Jul_W4,0.0055866,716.0
Dark-eyed Junco,8,1,Aug_W1,0.0055453,541.0
Dark-eyed Junco,8,2,Aug_W2,0.0086207,464.0
Dark-eyed Junco,8,3,Aug_W3,0.0110497,543.0
Dark-eyed Junco,8,4,Aug_W4,0.0156658,766.0
Dark-eyed Junco,9,1,Sep_W1,0.0172414,638.0
Dark-eyed Junco,9,2,Sep_W2,0.0339623,530.0
Dark-eyed Junco,9,3,Sep_W3,0.09,500.0
Dark-eyed Junco,9,4,Sep_W4,0.2043189,602.0
Dark-eyed Junco,10,1,Oct_W1,0.3201058,378.0
Dark-eyed Junco,10,2,Oct_W2,0.3793103,435.0
Dark-eyed Junco,10,3,Oct_W3,0.4103896,385.0
Dark-eyed Junco,10,4,Oct_W4,0.3643411,645.0
Dark-eyed Junco,11,1,Nov_W1,0.3271889,434.0
Dark-eyed Junco,11,2,Nov_W2,0.3376068,468.0
Dark-eyed Junco,11,3,Nov_W3,0.292517,441.0
Dark-eyed Junco,11,4,Nov_W4,0.2066667,600.0
Dark-eyed Junco,12,1,Dec_W1,0.2869955,446.0
Dark-eyed Junco,12,2,Dec_W2,0.2551985,529.0
Dark-eyed Junco,12,3,Dec_W3,0.2681159,552.0
Dark-eyed Junco,12,4,Dec_W4,0.2561151,695.0
White-crowned Sparrow,1,1,Jan_W1,0.0085055,823.0
White-crowned Sparrow,1,2,Jan_W2,0.0049587,605.0
White-crowned Sparrow,1,3,Jan_W3,0.0057361,523.0
White-crowned Sparrow,1,4,Jan_W4,0.0054795,730.0
White-crowned Sparrow,2,1,Feb_W1,0.0060484,496.0
White-crowned Sparrow,2,2,Feb_W2,0.0024331,822.0
White-crowned Sparrow,2,3,Feb_W3,0.0025397,1575.0
White-crowned Sparrow,2,4,Feb_W4,0.001634,612.0
White-crowned Sparrow,3,1,Mar_W1,0.0032895,608.0
White-crowned Sparrow,3,2,Mar_W2,0.0,740.0
White-crowned Sparrow,3,3,Mar_W3,0.0030075,665.0
White-crowned Sparrow,3,4,Mar_W4,0.0023725,843.0
White-crowned Sparrow,4,1,Apr_W1,0.0040377,743.0
White-crowned Sparrow,4,2,Apr_W2,0.0013123,762.0
White-crowned Sparrow,4,3,Apr_W3,0.0025806,775.0
White-crowned Sparrow,4,4,Apr_W4,0.065,1200.0
White-crowned Sparrow,5,1,May_W1,0.3737446,1394.0
White-crowned Sparrow,5,2,May_W2,0.5062954,4130.0
White-crowned Sparrow,5,3,May_W3,0.4002048,8788.0
White-crowned Sparrow,5,4,May_W4,0.0973929,3337.0
White-crowned Sparrow,6,1,Jun_W1,0.0041451,965.0
White-crowned Sparrow,6,2,Jun_W2,0.0,714.0
White-crowned Sparrow,6,3,Jun_W3,0.0,624.0
White-crowned Sparrow,6,4,Jun_W4,0.0,704.0
White-crowned Sparrow,7,1,Jul_W1,0.0,922.0
White-crowned Sparrow,7,2,Jul_W2,0.0,649.0
White-crowned Sparrow,7,3,Jul_W3,0.0,539.0
White-crowned Sparrow,7,4,Jul_W4,0.0,716.0
White-crowned Sparrow,8,1,Aug_W1,0.0,541.0
White-crowned Sparrow,8,2,Aug_W2,0.0,464.0
White-crowned Sparrow,8,3,Aug_W3,0.0,543.0
White-crowned Sparrow,8,4,Aug_W4,0.0,766.0
White-crowned Sparrow,9,1,Sep_W1,0.0,638.0
White-crowned Sparrow,9,2,Sep_W2,0.0075472,530.0
White-crowned Sparrow,9,3,Sep_W3,0.118,500.0
White-crowned Sparrow,9,4,Sep_W4,0.2840532,602.0
White-crowned Sparrow,10,1,Oct_W1,0.478836,378.0
White-crowned Sparrow,10,2,Oct_W2,0.4528736,435.0
White-crowned Sparrow,10,3,Oct_W3,0.3324675,385.0
White-crowned Sparrow,10,4,Oct_W4,0.2170543,645.0
White-crowned Sparrow,11,1,Nov_W1,0.0852535,434.0
White-crowned Sparrow,11,2,Nov_W2,0.0534188,468.0
White-crowned Sparrow,11,3,Nov_W3,0.0498866,441.0
White-crowned Sparrow,11,4,Nov_W4,0.0016667,600.0
White-crowned Sparrow,12,1,Dec_W1,0.0313901,446.0
White-crowned Sparrow,12,2,Dec_W2,0.0189036,529.0
White-crowned Sparrow,12,3,Dec_W3,0.0126812,552.0
White-crowned Sparrow,12,4,Dec_W4,0.0014388,695.0
Harris's Sparrow,1,1,Jan_W1,0.0,823.0
Harris's Sparrow,1,2,Jan_W2,0.0,605.0
Harris's Sparrow,1,3,Jan_W3,0.0015,523.0
Harris's Sparrow,1,4,Jan_W4,0.0,730.0
Harris's Sparrow,2,1,Feb_W1,0.0,496.0
Harris's Sparrow,2,2,Feb_W2,0.0,822.0
Harris's Sparrow,2,3,Feb_W3,0.0,1575.0
Harris's Sparrow,2,4,Feb_W4,0.0,612.0
Harris's Sparrow,3,1,Mar_W1,0.0,608.0
Harris's Sparrow,3,2,Mar_W2,0.0,740.0
Harris's Sparrow,3,3,Mar_W3,0.0,665.0
Harris's Sparrow,3,4,Mar_W4,0.0,843.0
Harris's Sparrow,4,1,Apr_W1,0.0,743.0
Harris's Sparrow,4,2,Apr_W2,0.0,762.0
Harris's Sparrow,4,3,Apr_W3,0.0,775.0
Harris's Sparrow,4,4,Apr_W4,0.0,1200.0
Harris's Sparrow,5,1,May_W1,0.0,1394.0
Harris's Sparrow,5,2,May_W2,0.0015,4130.0
Harris's Sparrow,5,3,May_W3,0.0002276,8788.0
Harris's Sparrow,5,4,May_W4,0.0,3337.0
Harris's Sparrow,6,1,Jun_W1,0.0,965.0
Harris's Sparrow,6,2,Jun_W2,0.0,714.0
Harris's Sparrow,6,3,Jun_W3,0.0,624.0
Harris's Sparrow,6,4,Jun_W4,0.0,704.0
Harris's Sparrow,7,1,Jul_W1,0.0,922.0
Harris's Sparrow,7,2,Jul_W2,0.0,649.0
Harris's Sparrow,7,3,Jul_W3,0.0,539.0
Harris's Sparrow,7,4,Jul_W4,0.0,716.0
Harris's Sparrow,8,1,Aug_W1,0.0,541.0
Harris's Sparrow,8,2,Aug_W2,0.0,464.0
Harris's Sparrow,8,3,Aug_W3,0.0,543.0
Harris's Sparrow,8,4,Aug_W4,0.0,766.0
Harris's Sparrow,9,1,Sep_W1,0.0015674,638.0
Harris's Sparrow,9,2,Sep_W2,0.0,530.0
Harris's Sparrow,9,3,Sep_W3,0.0,500.0
Harris's Sparrow,9,4,Sep_W4,0.0016611,602.0
Harris's Sparrow,10,1,Oct_W1,0.0,378.0
Harris's Sparrow,10,2,Oct_W2,0.0,435.0
Harris's Sparrow,10,3,Oct_W3,0.0,385.0
Harris's Sparrow,10,4,Oct_W4,0.0,645.0
Harris's Sparrow,11,1,Nov_W1,0.0,434.0
Harris's Sparrow,11,2,Nov_W2,0.0,468.0
Harris's Sparrow,11,3,Nov_W3,0.0,441.0
Harris's Sparrow,11,4,Nov_W4,0.0,600.0
Harris's Sparrow,12,1,Dec_W1,0.0,446.0
Harris's Sparrow,12,2,Dec_W2,0.0,529.0
Harris's Sparrow,12,3,Dec_W3,0.0,552.0
Harris's Sparrow,12,4,Dec_W4,0.0014388,695.0
White-throated Sparrow,1,1,Jan_W1,0.018226,823.0
White-throated Sparrow,1,2,Jan_W2,0.0132231,605.0
White-throated Sparrow,1,3,Jan_W3,0.0191205,523.0
White-throated Sparrow,1,4,Jan_W4,0.0123288,730.0
White-throated Sparrow,2,1,Feb_W1,0.0100806,496.0
White-throated Sparrow,2,2,Feb_W2,0.0048662,822.0
White-throated Sparrow,2,3,Feb_W3,0.0,1575.0
White-throated Sparrow,2,4,Feb_W4,0.001634,612.0
White-throated Sparrow,3,1,Mar_W1,0.0032895,608.0
White-throated Sparrow,3,2,Mar_W2,0.0013514,740.0
White-throated Sparrow,3,3,Mar_W3,0.0,665.0
White-throated Sparrow,3,4,Mar_W4,0.0011862,843.0
White-throated Sparrow,4,1,Apr_W1,0.0,743.0
White-throated Sparrow,4,2,Apr_W2,0.0314961,762.0
White-throated Sparrow,4,3,Apr_W3,0.1070968,775.0
White-throated Sparrow,4,4,Apr_W4,0.2516667,1200.0
White-throated Sparrow,5,1,May_W1,0.3766141,1394.0
White-throated Sparrow,5,2,May_W2,0.2544794,4130.0
White-throated Sparrow,5,3,May_W3,0.1158398,8788.0
White-throated Sparrow,5,4,May_W4,0.0347618,3337.0
White-throated Sparrow,6,1,Jun_W1,0.0186528,965.0
White-throated Sparrow,6,2,Jun_W2,0.0182073,714.0
White-throated Sparrow,6,3,Jun_W3,0.0208333,624.0
White-throated Sparrow,6,4,Jun_W4,0.0369318,704.0
White-throated Sparrow,7,1,Jul_W1,0.021692,922.0
White-throated Sparrow,7,2,Jul_W2,0.01849,649.0
White-throated Sparrow,7,3,Jul_W3,0.0204082,539.0
White-throated Sparrow,7,4,Jul_W4,0.0265363,716.0
White-throated Sparrow,8,1,Aug_W1,0.0203327,541.0
White-throated Sparrow,8,2,Aug_W2,0.0215517,464.0
White-throated Sparrow,8,3,Aug_W3,0.0184162,543.0
White-throated Sparrow,8,4,Aug_W4,0.037859,766.0
White-throated Sparrow,9,1,Sep_W1,0.0830721,638.0
White-throated Sparrow,9,2,Sep_W2,0.1849057,530.0
White-throated Sparrow,9,3,Sep_W3,0.314,500.0
White-throated Sparrow,9,4,Sep_W4,0.3521595,602.0
White-throated Sparrow,10,1,Oct_W1,0.452381,378.0
White-throated Sparrow,10,2,Oct_W2,0.337931,435.0
White-throated Sparrow,10,3,Oct_W3,0.2727273,385.0
White-throated Sparrow,10,4,Oct_W4,0.1689922,645.0
White-throated Sparrow,11,1,Nov_W1,0.1152074,434.0
White-throated Sparrow,11,2,Nov_W2,0.0833333,468.0
White-throated Sparrow,11,3,Nov_W3,0.0657596,441.0
White-throated Sparrow,11,4,Nov_W4,0.0266667,600.0
White-throated Sparrow,12,1,Dec_W1,0.0493274,446.0
White-throated Sparrow,12,2,Dec_W2,0.026465,529.0
White-throated Sparrow,12,3,Dec_W3,0.0199275,552.0
White-throated Sparrow,12,4,Dec_W4,0.0201439,695.0
Vesper Sparrow,1,1,Jan_W1,0.0,823.0
Vesper Sparrow,1,2,Jan_W2,0.0,605.0
Vesper Sparrow,1,3,Jan_W3,0.0,523.0
Vesper Sparrow,1,4,Jan_W4,0.0,730.0
Vesper Sparrow,2,1,Feb_W1,0.0,496.0
Vesper Sparrow,2,2,Feb_W2,0.0,822.0
Vesper Sparrow,2,3,Feb_W3,0.0,1575.0
Vesper Sparrow,2,4,Feb_W4,0.0,612.0
Vesper Sparrow,3,1,Mar_W1,0.0,608.0
Vesper Sparrow,3,2,Mar_W2,0.0,740.0
Vesper Sparrow,3,3,Mar_W3,0.0015038,665.0
Vesper Sparrow,3,4,Mar_W4,0.0,843.0
Vesper Sparrow,4,1,Apr_W1,0.0188425,743.0
Vesper Sparrow,4,2,Apr_W2,0.0301837,762.0
Vesper Sparrow,4,3,Apr_W3,0.0541935,775.0
Vesper Sparrow,4,4,Apr_W4,0.0558333,1200.0
Vesper Sparrow,5,1,May_W1,0.0315638,1394.0
Vesper Sparrow,5,2,May_W2,0.0346247,4130.0
Vesper Sparrow,5,3,May_W3,0.0329995,8788.0
Vesper Sparrow,5,4,May_W4,0.0383578,3337.0
Vesper Sparrow,6,1,Jun_W1,0.0445596,965.0
Vesper Sparrow,6,2,Jun_W2,0.0448179,714.0
Vesper Sparrow,6,3,Jun_W3,0.0336538,624.0
Vesper Sparrow,6,4,Jun_W4,0.0497159,704.0
Vesper Sparrow,7,1,Jul_W1,0.0726681,922.0
Vesper Sparrow,7,2,Jul_W2,0.03698,649.0
Vesper Sparrow,7,3,Jul_W3,0.0296846,539.0
Vesper Sparrow,7,4,Jul_W4,0.0251397,716.0
Vesper Sparrow,8,1,Aug_W1,0.0221811,541.0
Vesper Sparrow,8,2,Aug_W2,0.0150862,464.0
Vesper Sparrow,8,3,Aug_W3,0.0220994,543.0
Vesper Sparrow,8,4,Aug_W4,0.0130548,766.0
Vesper Sparrow,9,1,Sep_W1,0.0219436,638.0
Vesper Sparrow,9,2,Sep_W2,0.0169811,530.0
Vesper Sparrow,9,3,Sep_W3,0.016,500.0
Vesper Sparrow,9,4,Sep_W4,0.0166113,602.0
Vesper Sparrow,10,1,Oct_W1,0.010582,378.0
Vesper Sparrow,10,2,Oct_W2,0.0045977,435.0
Vesper Sparrow,10,3,Oct_W3,0.0025974,385.0
Vesper Sparrow,10,4,Oct_W4,0.0,645.0
Vesper Sparrow,11,1,Nov_W1,0.0,434.0
Vesper Sparrow,11,2,Nov_W2,0.0,468.0
Vesper Sparrow,11,3,Nov_W3,0.0,441.0
Vesper Sparrow,11,4,Nov_W4,0.0,600.0
Vesper Sparrow,12,1,Dec_W1,0.0,446.0
Vesper Sparrow,12,2,Dec_W2,0.0,529.0
Vesper Sparrow,12,3,Dec_W3,0.0,552.0
Vesper Sparrow,12,4,Dec_W4,0.0,695.0
LeConte's Sparrow,1,1,Jan_W1,0.0,823.0
LeConte's Sparrow,1,2,Jan_W2,0.0,605.0
LeConte's Sparrow,1,3,Jan_W3,0.0,523.0
LeConte's Sparrow,1,4,Jan_W4,0.0,730.0
LeConte's Sparrow,2,1,Feb_W1,0.0,496.0
LeConte's Sparrow,2,2,Feb_W2,0.0,822.0
LeConte's Sparrow,2,3,Feb_W3,0.0,1575.0
LeConte's Sparrow,2,4,Feb_W4,0.0,612.0
LeConte's Sparrow,3,1,Mar_W1,0.0,608.0
LeConte's Sparrow,3,2,Mar_W2,0.0,740.0
LeConte's Sparrow,3,3,Mar_W3,0.0,665.0
LeConte's Sparrow,3,4,Mar_W4,0.0,843.0
LeConte's Sparrow,4,1,Apr_W1,0.0,743.0
LeConte's Sparrow,4,2,Apr_W2,0.0,762.0
LeConte's Sparrow,4,3,Apr_W3,0.0,775.0
LeConte's Sparrow,4,4,Apr_W4,0.0,1200.0
LeConte's Sparrow,5,1,May_W1,0.0,1394.0
LeConte's Sparrow,5,2,May_W2,0.0002421,4130.0
LeConte's Sparrow,5,3,May_W3,0.0007965,8788.0
LeConte's Sparrow,5,4,May_W4,0.0002997,3337.0
LeConte's Sparrow,6,1,Jun_W1,0.0,965.0
LeConte's Sparrow,6,2,Jun_W2,0.0,714.0
LeConte's Sparrow,6,3,Jun_W3,0.0,624.0
LeConte's Sparrow,6,4,Jun_W4,0.0,704.0
LeConte's Sparrow,7,1,Jul_W1,0.0,922.0
LeConte's Sparrow,7,2,Jul_W2,0.0,649.0
LeConte's Sparrow,7,3,Jul_W3,0.0,539.0
LeConte's Sparrow,7,4,Jul_W4,0.0,716.0
LeConte's Sparrow,8,1,Aug_W1,0.0,541.0
LeConte's Sparrow,8,2,Aug_W2,0.0,464.0
LeConte's Sparrow,8,3,Aug_W3,0.0,543.0
LeConte's Sparrow,8,4,Aug_W4,0.0,766.0
LeConte's Sparrow,9,1,Sep_W1,0.0,638.0
LeConte's Sparrow,9,2,Sep_W2,0.0018868,530.0
LeConte's Sparrow,9,3,Sep_W3,0.0,500.0
LeConte's Sparrow,9,4,Sep_W4,0.0,602.0
LeConte's Sparrow,10,1,Oct_W1,0.0079365,378.0
LeConte's Sparrow,10,2,Oct_W2,0.0022989,435.0
LeConte's Sparrow,10,3,Oct_W3,0.0,385.0
LeConte's Sparrow,10,4,Oct_W4,0.0,645.0
LeConte's Sparrow,11,1,Nov_W1,0.0,434.0
LeConte's Sparrow,11,2,Nov_W2,0.0,468.0
LeConte's Sparrow,11,3,Nov_W3,0.0,441.0
LeConte's Sparrow,11,4,Nov_W4,0.0,600.0
LeConte's Sparrow,12,1,Dec_W1,0.0,446.0
LeConte's Sparrow,12,2,Dec_W2,0.0,529.0
LeConte's Sparrow,12,3,Dec_W3,0.0,552.0
LeConte's Sparrow,12,4,Dec_W4,0.0,695.0
Savannah Sparrow,1,1,Jan_W1,0.0012151,823.0
Savannah Sparrow,1,2,Jan_W2,0.0,605.0
Savannah Sparrow,1,3,Jan_W3,0.0,523.0
Savannah Sparrow,1,4,Jan_W4,0.0,730.0
Savannah Sparrow,2,1,Feb_W1,0.0,496.0
Savannah Sparrow,2,2,Feb_W2,0.0,822.0
Savannah Sparrow,2,3,Feb_W3,0.0,1575.0
Savannah Sparrow,2,4,Feb_W4,0.0,612.0
Savannah Sparrow,3,1,Mar_W1,0.0,608.0
Savannah Sparrow,3,2,Mar_W2,0.0,740.0
Savannah Sparrow,3,3,Mar_W3,0.0,665.0
Savannah Sparrow,3,4,Mar_W4,0.0011862,843.0
Savannah Sparrow,4,1,Apr_W1,0.0026918,743.0
Savannah Sparrow,4,2,Apr_W2,0.0406824,762.0
Savannah Sparrow,4,3,Apr_W3,0.0490323,775.0
Savannah Sparrow,4,4,Apr_W4,0.0825,1200.0
Savannah Sparrow,5,1,May_W1,0.1377331,1394.0
Savannah Sparrow,5,2,May_W2,0.2702179,4130.0
Savannah Sparrow,5,3,May_W3,0.341147,8788.0
Savannah Sparrow,5,4,May_W4,0.2562182,3337.0
Savannah Sparrow,6,1,Jun_W1,0.0766839,965.0
Savannah Sparrow,6,2,Jun_W2,0.0868347,714.0
Savannah Sparrow,6,3,Jun_W3,0.0737179,624.0
Savannah Sparrow,6,4,Jun_W4,0.0951705,704.0
Savannah Sparrow,7,1,Jul_W1,0.1312364,922.0
Savannah Sparrow,7,2,Jul_W2,0.0570108,649.0
Savannah Sparrow,7,3,Jul_W3,0.0667904,539.0
Savannah Sparrow,7,4,Jul_W4,0.0335196,716.0
Savannah Sparrow,8,1,Aug_W1,0.0314233,541.0
Savannah Sparrow,8,2,Aug_W2,0.0172414,464.0
Savannah Sparrow,8,3,Aug_W3,0.014733,543.0
Savannah Sparrow,8,4,Aug_W4,0.0156658,766.0
Savannah Sparrow,9,1,Sep_W1,0.0705329,638.0
Savannah Sparrow,9,2,Sep_W2,0.1622642,530.0
Savannah Sparrow,9,3,Sep_W3,0.194,500.0
Savannah Sparrow,9,4,Sep_W4,0.1860465,602.0
Savannah Sparrow,10,1,Oct_W1,0.1216931,378.0
Savannah Sparrow,10,2,Oct_W2,0.0528736,435.0
Savannah Sparrow,10,3,Oct_W3,0.0311688,385.0
Savannah Sparrow,10,4,Oct_W4,0.0124031,645.0
Savannah Sparrow,11,1,Nov_W1,0.0,434.0
Savannah Sparrow,11,2,Nov_W2,0.0,468.0
Savannah Sparrow,11,3,Nov_W3,0.0,441.0
Savannah Sparrow,11,4,Nov_W4,0.0,600.0
Savannah Sparrow,12,1,Dec_W1,0.0,446.0
Savannah Sparrow,12,2,Dec_W2,0.0,529.0
Savannah Sparrow,12,3,Dec_W3,0.0,552.0
Savannah Sparrow,12,4,Dec_W4,0.0,695.0
Henslow's Sparrow,1,1,Jan_W1,0.0,823.0
Henslow's Sparrow,1,2,Jan_W2,0.0,605.0
Henslow's Sparrow,1,3,Jan_W3,0.0,523.0
Henslow's Sparrow,1,4,Jan_W4,0.0,730.0
Henslow's Sparrow,2,1,Feb_W1,0.0,496.0
Henslow's Sparrow,2,2,Feb_W2,0.0,822.0
Henslow's Sparrow,2,3,Feb_W3,0.0,1575.0
Henslow's Sparrow,2,4,Feb_W4,0.0,612.0
Henslow's Sparrow,3,1,Mar_W1,0.0,608.0
Henslow's Sparrow,3,2,Mar_W2,0.0,740.0
Henslow's Sparrow,3,3,Mar_W3,0.0,665.0
Henslow's Sparrow,3,4,Mar_W4,0.0,843.0
Henslow's Sparrow,4,1,Apr_W1,0.0,743.0
Henslow's Sparrow,4,2,Apr_W2,0.0,762.0
Henslow's Sparrow,4,3,Apr_W3,0.0,775.0
Henslow's Sparrow,4,4,Apr_W4,0.0,1200.0
Henslow's Sparrow,5,1,May_W1,0.0,1394.0
Henslow's Sparrow,5,2,May_W2,0.0015,4130.0
Henslow's Sparrow,5,3,May_W3,0.0002276,8788.0
Henslow's Sparrow,5,4,May_W4,0.003596,3337.0
Henslow's Sparrow,6,1,Jun_W1,0.0031088,965.0
Henslow's Sparrow,6,2,Jun_W2,0.0028011,714.0
Henslow's Sparrow,6,3,Jun_W3,0.0016026,624.0
Henslow's Sparrow,6,4,Jun_W4,0.0028409,704.0
Henslow's Sparrow,7,1,Jul_W1,0.0097614,922.0
Henslow's Sparrow,7,2,Jul_W2,0.0169492,649.0
Henslow's Sparrow,7,3,Jul_W3,0.0166976,539.0
Henslow's Sparrow,7,4,Jul_W4,0.0055866,716.0
Henslow's Sparrow,8,1,Aug_W1,0.0036969,541.0
Henslow's Sparrow,8,2,Aug_W2,0.0,464.0
Henslow's Sparrow,8,3,Aug_W3,0.0036832,543.0
Henslow's Sparrow,8,4,Aug_W4,0.0,766.0
Henslow's Sparrow,9,1,Sep_W1,0.0,638.0
Henslow's Sparrow,9,2,Sep_W2,0.0,530.0
Henslow's Sparrow,9,3,Sep_W3,0.0,500.0
Henslow's Sparrow,9,4,Sep_W4,0.0,602.0
Henslow's Sparrow,10,1,Oct_W1,0.0,378.0
Henslow's Sparrow,10,2,Oct_W2,0.0,435.0
Henslow's Sparrow,10,3,Oct_W3,0.0,385.0
Henslow's Sparrow,10,4,Oct_W4,0.0,645.0
Henslow's Sparrow,11,1,Nov_W1,0.0,434.0
Henslow's Sparrow,11,2,Nov_W2,0.0,468.0
Henslow's Sparrow,11,3,Nov_W3,0.0,441.0
Henslow's Sparrow,11,4,Nov_W4,0.0,600.0
Henslow's Sparrow,12,1,Dec_W1,0.0,446.0
Henslow's Sparrow,12,2,Dec_W2,0.0,529.0
Henslow's Sparrow,12,3,Dec_W3,0.0,552.0
Henslow's Sparrow,12,4,Dec_W4,0.0,695.0
Song Sparrow,1,1,Jan_W1,0.0194411,823.0
Song Sparrow,1,2,Jan_W2,0.014876,605.0
Song Sparrow,1,3,Jan_W3,0.0076482,523.0
Song Sparrow,1,4,Jan_W4,0.0041096,730.0
Song Sparrow,2,1,Feb_W1,0.0,496.0
Song Sparrow,2,2,Feb_W2,0.0,822.0
Song Sparrow,2,3,Feb_W3,0.0012698,1575.0
Song Sparrow,2,4,Feb_W4,0.0179739,612.0
Song Sparrow,3,1,Mar_W1,0.0345395,608.0
Song Sparrow,3,2,Mar_W2,0.1337838,740.0
Song Sparrow,3,3,Mar_W3,0.2090226,665.0
Song Sparrow,3,4,Mar_W4,0.3107948,843.0
Song Sparrow,4,1,Apr_W1,0.4320323,743.0
Song Sparrow,4,2,Apr_W2,0.4475066,762.0
Song Sparrow,4,3,Apr_W3,0.4787097,775.0
Song Sparrow,4,4,Apr_W4,0.475,1200.0
Song Sparrow,5,1,May_W1,0.5272597,1394.0
Song Sparrow,5,2,May_W2,0.5375303,4130.0
Song Sparrow,5,3,May_W3,0.5662267,8788.0
Song Sparrow,5,4,May_W4,0.5633803,3337.0
Song Sparrow,6,1,Jun_W1,0.546114,965.0
Song Sparrow,6,2,Jun_W2,0.4929972,714.0
Song Sparrow,6,3,Jun_W3,0.5128205,624.0
Song Sparrow,6,4,Jun_W4,0.5383523,704.0
Song Sparrow,7,1,Jul_W1,0.4436009,922.0
Song Sparrow,7,2,Jul_W2,0.4822804,649.0
Song Sparrow,7,3,Jul_W3,0.4953618,539.0
Song Sparrow,7,4,Jul_W4,0.4986034,716.0
Song Sparrow,8,1,Aug_W1,0.4584104,541.0
Song Sparrow,8,2,Aug_W2,0.3987069,464.0
Song Sparrow,8,3,Aug_W3,0.388582,543.0
Song Sparrow,8,4,Aug_W4,0.3955614,766.0
Song Sparrow,9,1,Sep_W1,0.3949843,638.0
Song Sparrow,9,2,Sep_W2,0.3679245,530.0
Song Sparrow,9,3,Sep_W3,0.386,500.0
Song Sparrow,9,4,Sep_W4,0.3820598,602.0
Song Sparrow,10,1,Oct_W1,0.3756614,378.0
Song Sparrow,10,2,Oct_W2,0.3126437,435.0
Song Sparrow,10,3,Oct_W3,0.2467532,385.0
Song Sparrow,10,4,Oct_W4,0.1643411,645.0
Song Sparrow,11,1,Nov_W1,0.0668203,434.0
Song Sparrow,11,2,Nov_W2,0.034188,468.0
Song Sparrow,11,3,Nov_W3,0.0294785,441.0
Song Sparrow,11,4,Nov_W4,0.0083333,600.0
Song Sparrow,12,1,Dec_W1,0.0089686,446.0
Song Sparrow,12,2,Dec_W2,0.0170132,529.0
Song Sparrow,12,3,Dec_W3,0.0199275,552.0
Song Sparrow,12,4,Dec_W4,0.0115108,695.0
Lincoln's Sparrow,1,1,Jan_W1,0.0,823.0
Lincoln's Sparrow,1,2,Jan_W2,0.0016529,605.0
Lincoln's Sparrow,1,3,Jan_W3,0.0,523.0
Lincoln's Sparrow,1,4,Jan_W4,0.0,730.0
Lincoln's Sparrow,2,1,Feb_W1,0.0,496.0
Lincoln's Sparrow,2,2,Feb_W2,0.0,822.0
Lincoln's Sparrow,2,3,Feb_W3,0.0,1575.0
Lincoln's Sparrow,2,4,Feb_W4,0.0,612.0
Lincoln's Sparrow,3,1,Mar_W1,0.0,608.0
Lincoln's Sparrow,3,2,Mar_W2,0.0,740.0
Lincoln's Sparrow,3,3,Mar_W3,0.0,665.0
Lincoln's Sparrow,3,4,Mar_W4,0.0,843.0
Lincoln's Sparrow,4,1,Apr_W1,0.0,743.0
Lincoln's Sparrow,4,2,Apr_W2,0.0,762.0
Lincoln's Sparrow,4,3,Apr_W3,0.0,775.0
Lincoln's Sparrow,4,4,Apr_W4,0.0033333,1200.0
Lincoln's Sparrow,5,1,May_W1,0.0272597,1394.0
Lincoln's Sparrow,5,2,May_W2,0.07046,4130.0
Lincoln's Sparrow,5,3,May_W3,0.0918298,8788.0
Lincoln's Sparrow,5,4,May_W4,0.0314654,3337.0
Lincoln's Sparrow,6,1,Jun_W1,0.0072539,965.0
Lincoln's Sparrow,6,2,Jun_W2,0.0056022,714.0
Lincoln's Sparrow,6,3,Jun_W3,0.0032051,624.0
Lincoln's Sparrow,6,4,Jun_W4,0.0056818,704.0
Lincoln's Sparrow,7,1,Jul_W1,0.0032538,922.0
Lincoln's Sparrow,7,2,Jul_W2,0.0046225,649.0
Lincoln's Sparrow,7,3,Jul_W3,0.0018553,539.0
Lincoln's Sparrow,7,4,Jul_W4,0.0069832,716.0
Lincoln's Sparrow,8,1,Aug_W1,0.0073937,541.0
Lincoln's Sparrow,8,2,Aug_W2,0.0021552,464.0
Lincoln's Sparrow,8,3,Aug_W3,0.0092081,543.0
Lincoln's Sparrow,8,4,Aug_W4,0.0078329,766.0
Lincoln's Sparrow,9,1,Sep_W1,0.0344828,638.0
Lincoln's Sparrow,9,2,Sep_W2,0.0849057,530.0
Lincoln's Sparrow,9,3,Sep_W3,0.1,500.0
Lincoln's Sparrow,9,4,Sep_W4,0.0930233,602.0
Lincoln's Sparrow,10,1,Oct_W1,0.0687831,378.0
Lincoln's Sparrow,10,2,Oct_W2,0.0298851,435.0
Lincoln's Sparrow,10,3,Oct_W3,0.0207792,385.0
Lincoln's Sparrow,10,4,Oct_W4,0.0062016,645.0
Lincoln's Sparrow,11,1,Nov_W1,0.0069124,434.0
Lincoln's Sparrow,11,2,Nov_W2,0.0,468.0
Lincoln's Sparrow,11,3,Nov_W3,0.0,441.0
Lincoln's Sparrow,11,4,Nov_W4,0.0,600.0
Lincoln's Sparrow,12,1,Dec_W1,0.0,446.0
Lincoln's Sparrow,12,2,Dec_W2,0.0,529.0
Lincoln's Sparrow,12,3,Dec_W3,0.0,552.0
Lincoln's Sparrow,12,4,Dec_W4,0.0,695.0
Swamp Sparrow,1,1,Jan_W1,0.0170109,823.0
Swamp Sparrow,1,2,Jan_W2,0.0247934,605.0
Swamp Sparrow,1,3,Jan_W3,0.0191205,523.0
Swamp Sparrow,1,4,Jan_W4,0.0136986,730.0
Swamp Sparrow,2,1,Feb_W1,0.0120968,496.0
Swamp Sparrow,2,2,Feb_W2,0.0012165,822.0
Swamp Sparrow,2,3,Feb_W3,0.0012698,1575.0
Swamp Sparrow,2,4,Feb_W4,0.001634,612.0
Swamp Sparrow,3,1,Mar_W1,0.0082237,608.0
Swamp Sparrow,3,2,Mar_W2,0.0081081,740.0
Swamp Sparrow,3,3,Mar_W3,0.0030075,665.0
Swamp Sparrow,3,4,Mar_W4,0.004745,843.0
Swamp Sparrow,4,1,Apr_W1,0.0121131,743.0
Swamp Sparrow,4,2,Apr_W2,0.0603675,762.0
Swamp Sparrow,4,3,Apr_W3,0.0812903,775.0
Swamp Sparrow,4,4,Apr_W4,0.1408333,1200.0
Swamp Sparrow,5,1,May_W1,0.1936872,1394.0
Swamp Sparrow,5,2,May_W2,0.1723971,4130.0
Swamp Sparrow,5,3,May_W3,0.1516841,8788.0
Swamp Sparrow,5,4,May_W4,0.1240635,3337.0
Swamp Sparrow,6,1,Jun_W1,0.1139896,965.0
Swamp Sparrow,6,2,Jun_W2,0.1288515,714.0
Swamp Sparrow,6,3,Jun_W3,0.1314103,624.0
Swamp Sparrow,6,4,Jun_W4,0.1477273,704.0
Swamp Sparrow,7,1,Jul_W1,0.1019523,922.0
Swamp Sparrow,7,2,Jul_W2,0.1263482,649.0
Swamp Sparrow,7,3,Jul_W3,0.1335807,539.0
Swamp Sparrow,7,4,Jul_W4,0.146648,716.0
Swamp Sparrow,8,1,Aug_W1,0.1367837,541.0
Swamp Sparrow,8,2,Aug_W2,0.0905172,464.0
Swamp Sparrow,8,3,Aug_W3,0.0865562,543.0
Swamp Sparrow,8,4,Aug_W4,0.1201044,766.0
Swamp Sparrow,9,1,Sep_W1,0.1426332,638.0
Swamp Sparrow,9,2,Sep_W2,0.154717,530.0
Swamp Sparrow,9,3,Sep_W3,0.17,500.0
Swamp Sparrow,9,4,Sep_W4,0.2126246,602.0
Swamp Sparrow,10,1,Oct_W1,0.1984127,378.0
Swamp Sparrow,10,2,Oct_W2,0.1609195,435.0
Swamp Sparrow,10,3,Oct_W3,0.0935065,385.0
Swamp Sparrow,10,4,Oct_W4,0.0682171,645.0
Swamp Sparrow,11,1,Nov_W1,0.0253456,434.0
Swamp Sparrow,11,2,Nov_W2,0.017094,468.0
Swamp Sparrow,11,3,Nov_W3,0.0204082,441.0
Swamp Sparrow,11,4,Nov_W4,0.0033333,600.0
Swamp Sparrow,12,1,Dec_W1,0.0134529,446.0
Swamp Sparrow,12,2,Dec_W2,0.0018904,529.0
Swamp Sparrow,12,3,Dec_W3,0.0108696,552.0
Swamp Sparrow,12,4,Dec_W4,0.0129496,695.0
Spotted Towhee,1,1,Jan_W1,0.0,823.0
Spotted Towhee,1,2,Jan_W2,0.0,605.0
Spotted Towhee,1,3,Jan_W3,0.0,523.0
Spotted Towhee,1,4,Jan_W4,0.0,730.0
Spotted Towhee,2,1,Feb_W1,0.0,496.0
Spotted Towhee,2,2,Feb_W2,0.0,822.0
Spotted Towhee,2,3,Feb_W3,0.0,1575.0
Spotted Towhee,2,4,Feb_W4,0.0,612.0
Spotted Towhee,3,1,Mar_W1,0.0,608.0
Spotted Towhee,3,2,Mar_W2,0.0,740.0
Spotted Towhee,3,3,Mar_W3,0.0,665.0
Spotted Towhee,3,4,Mar_W4,0.0,843.0
Spotted Towhee,4,1,Apr_W1,0.0,743.0
Spotted Towhee,4,2,Apr_W2,0.0,762.0
Spotted Towhee,4,3,Apr_W3,0.0,775.0
Spotted Towhee,4,4,Apr_W4,0.0,1200.0
Spotted Towhee,5,1,May_W1,0.0,1394.0
Spotted Towhee,5,2,May_W2,0.0,4130.0
Spotted Towhee,5,3,May_W3,0.0,8788.0
Spotted Towhee,5,4,May_W4,0.0,3337.0
Spotted Towhee,6,1,Jun_W1,0.0,965.0
Spotted Towhee,6,2,Jun_W2,0.0,714.0
Spotted Towhee,6,3,Jun_W3,0.0,624.0
Spotted Towhee,6,4,Jun_W4,0.0,704.0
Spotted Towhee,7,1,Jul_W1,0.0,922.0
Spotted Towhee,7,2,Jul_W2,0.0,649.0
Spotted Towhee,7,3,Jul_W3,0.0,539.0
Spotted Towhee,7,4,Jul_W4,0.0,716.0
Spotted Towhee,8,1,Aug_W1,0.0,541.0
Spotted Towhee,8,2,Aug_W2,0.0,464.0
Spotted Towhee,8,3,Aug_W3,0.0,543.0
Spotted Towhee,8,4,Aug_W4,0.0,766.0
Spotted Towhee,9,1,Sep_W1,0.0,638.0
Spotted Towhee,9,2,Sep_W2,0.0,530.0
Spotted Towhee,9,3,Sep_W3,0.0,500.0
Spotted Towhee,9,4,Sep_W4,0.0,602.0
Spotted Towhee,10,1,Oct_W1,0.0,378.0
Spotted Towhee,10,2,Oct_W2,0.0,435.0
Spotted Towhee,10,3,Oct_W3,0.0,385.0
Spotted Towhee,10,4,Oct_W4,0.0248062,645.0
Spotted Towhee,11,1,Nov_W1,0.016129,434.0
Spotted Towhee,11,2,Nov_W2,0.0,468.0
Spotted Towhee,11,3,Nov_W3,0.0,441.0
Spotted Towhee,11,4,Nov_W4,0.0,600.0
Spotted Towhee,12,1,Dec_W1,0.0,446.0
Spotted Towhee,12,2,Dec_W2,0.0,529.0
Spotted Towhee,12,3,Dec_W3,0.0,552.0
Spotted Towhee,12,4,Dec_W4,0.0,695.0
Eastern Towhee,1,1,Jan_W1,0.0,823.0
Eastern Towhee,1,2,Jan_W2,0.0,605.0
Eastern Towhee,1,3,Jan_W3,0.0,523.0
Eastern Towhee,1,4,Jan_W4,0.0,730.0
Eastern Towhee,2,1,Feb_W1,0.0,496.0
Eastern Towhee,2,2,Feb_W2,0.0,822.0
Eastern Towhee,2,3,Feb_W3,0.0,1575.0
Eastern Towhee,2,4,Feb_W4,0.0,612.0
Eastern Towhee,3,1,Mar_W1,0.0,608.0
Eastern Towhee,3,2,Mar_W2,0.0,740.0
Eastern Towhee,3,3,Mar_W3,0.0,665.0
Eastern Towhee,3,4,Mar_W4,0.0011862,843.0
Eastern Towhee,4,1,Apr_W1,0.0080754,743.0
Eastern Towhee,4,2,Apr_W2,0.0341207,762.0
Eastern Towhee,4,3,Apr_W3,0.083871,775.0
Eastern Towhee,4,4,Apr_W4,0.0966667,1200.0
Eastern Towhee,5,1,May_W1,0.1362984,1394.0
Eastern Towhee,5,2,May_W2,0.1084746,4130.0
Eastern Towhee,5,3,May_W3,0.1012745,8788.0
Eastern Towhee,5,4,May_W4,0.0872041,3337.0
Eastern Towhee,6,1,Jun_W1,0.0601036,965.0
Eastern Towhee,6,2,Jun_W2,0.0728291,714.0
Eastern Towhee,6,3,Jun_W3,0.0512821,624.0
Eastern Towhee,6,4,Jun_W4,0.0681818,704.0
Eastern Towhee,7,1,Jul_W1,0.0650759,922.0
Eastern Towhee,7,2,Jul_W2,0.0585516,649.0
Eastern Towhee,7,3,Jul_W3,0.0352505,539.0
Eastern Towhee,7,4,Jul_W4,0.0321229,716.0
Eastern Towhee,8,1,Aug_W1,0.0240296,541.0
Eastern Towhee,8,2,Aug_W2,0.0258621,464.0
Eastern Towhee,8,3,Aug_W3,0.0239411,543.0
Eastern Towhee,8,4,Aug_W4,0.0156658,766.0
Eastern Towhee,9,1,Sep_W1,0.0094044,638.0
Eastern Towhee,9,2,Sep_W2,0.0150943,530.0
Eastern Towhee,9,3,Sep_W3,0.016,500.0
Eastern Towhee,9,4,Sep_W4,0.0116279,602.0
Eastern Towhee,10,1,Oct_W1,0.015873,378.0
Eastern Towhee,10,2,Oct_W2,0.0114943,435.0
Eastern Towhee,10,3,Oct_W3,0.0051948,385.0
Eastern Towhee,10,4,Oct_W4,0.0031008,645.0
Eastern Towhee,11,1,Nov_W1,0.0023041,434.0
Eastern Towhee,11,2,Nov_W2,0.0,468.0
Eastern Towhee,11,3,Nov_W3,0.0,441.0
Eastern Towhee,11,4,Nov_W4,0.0,600.0
Eastern Towhee,12,1,Dec_W1,0.0,446.0
Eastern Towhee,12,2,Dec_W2,0.0,529.0
Eastern Towhee,12,3,Dec_W3,0.0,552.0
Eastern Towhee,12,4,Dec_W4,0.0,695.0
Yellow-breasted Chat,1,1,Jan_W1,0.0,823.0
Yellow-breasted Chat,1,2,Jan_W2,0.0,605.0
Yellow-breasted Chat,1,3,Jan_W3,0.0,523.0
Yellow-breasted Chat,1,4,Jan_W4,0.0,730.0
Yellow-breasted Chat,2,1,Feb_W1,0.0,496.0
Yellow-breasted Chat,2,2,Feb_W2,0.0,822.0
Yellow-breasted Chat,2,3,Feb_W3,0.0,1575.0
Yellow-breasted Chat,2,4,Feb_W4,0.0,612.0
Yellow-breasted Chat,3,1,Mar_W1,0.0,608.0
Yellow-breasted Chat,3,2,Mar_W2,0.0,740.0
Yellow-breasted Chat,3,3,Mar_W3,0.0,665.0
Yellow-breasted Chat,3,4,Mar_W4,0.0,843.0
Yellow-breasted Chat,4,1,Apr_W1,0.0,743.0
Yellow-breasted Chat,4,2,Apr_W2,0.0,762.0
Yellow-breasted Chat,4,3,Apr_W3,0.0,775.0
Yellow-breasted Chat,4,4,Apr_W4,0.0,1200.0
Yellow-breasted Chat,5,1,May_W1,0.0021521,1394.0
Yellow-breasted Chat,5,2,May_W2,0.0002421,4130.0
Yellow-breasted Chat,5,3,May_W3,0.0013655,8788.0
Yellow-breasted Chat,5,4,May_W4,0.000899,3337.0
Yellow-breasted Chat,6,1,Jun_W1,0.0,965.0
Yellow-breasted Chat,6,2,Jun_W2,0.0,714.0
Yellow-breasted Chat,6,3,Jun_W3,0.0,624.0
Yellow-breasted Chat,6,4,Jun_W4,0.0,704.0
Yellow-breasted Chat,7,1,Jul_W1,0.0,922.0
Yellow-breasted Chat,7,2,Jul_W2,0.0,649.0
Yellow-breasted Chat,7,3,Jul_W3,0.0,539.0
Yellow-breasted Chat,7,4,Jul_W4,0.0,716.0
Yellow-breasted Chat,8,1,Aug_W1,0.0,541.0
Yellow-breasted Chat,8,2,Aug_W2,0.0,464.0
Yellow-breasted Chat,8,3,Aug_W3,0.0,543.0
Yellow-breasted Chat,8,4,Aug_W4,0.0,766.0
Yellow-breasted Chat,9,1,Sep_W1,0.0,638.0
Yellow-breasted Chat,9,2,Sep_W2,0.0,530.0
Yellow-breasted Chat,9,3,Sep_W3,0.0,500.0
Yellow-breasted Chat,9,4,Sep_W4,0.0,602.0
Yellow-breasted Chat,10,1,Oct_W1,0.0,378.0
Yellow-breasted Chat,10,2,Oct_W2,0.0,435.0
Yellow-breasted Chat,10,3,Oct_W3,0.0,385.0
Yellow-breasted Chat,10,4,Oct_W4,0.0,645.0
Yellow-breasted Chat,11,1,Nov_W1,0.0,434.0
Yellow-breasted Chat,11,2,Nov_W2,0.0,468.0
Yellow-breasted Chat,11,3,Nov_W3,0.0,441.0
Yellow-breasted Chat,11,4,Nov_W4,0.0,600.0
Yellow-breasted Chat,12,1,Dec_W1,0.0,446.0
Yellow-breasted Chat,12,2,Dec_W2,0.0,529.0
Yellow-breasted Chat,12,3,Dec_W3,0.0,552.0
Yellow-breasted Chat,12,4,Dec_W4,0.0,695.0
Yellow-headed Blackbird,1,1,Jan_W1,0.0,823.0
Yellow-headed Blackbird,1,2,Jan_W2,0.0,605.0
Yellow-headed Blackbird,1,3,Jan_W3,0.0,523.0
Yellow-headed Blackbird,1,4,Jan_W4,0.0,730.0
Yellow-headed Blackbird,2,1,Feb_W1,0.0,496.0
Yellow-headed Blackbird,2,2,Feb_W2,0.0,822.0
Yellow-headed Blackbird,2,3,Feb_W3,0.0,1575.0
Yellow-headed Blackbird,2,4,Feb_W4,0.0,612.0
Yellow-headed Blackbird,3,1,Mar_W1,0.0,608.0
Yellow-headed Blackbird,3,2,Mar_W2,0.0,740.0
Yellow-headed Blackbird,3,3,Mar_W3,0.0,665.0
Yellow-headed Blackbird,3,4,Mar_W4,0.0,843.0
Yellow-headed Blackbird,4,1,Apr_W1,0.0,743.0
Yellow-headed Blackbird,4,2,Apr_W2,0.0,762.0
Yellow-headed Blackbird,4,3,Apr_W3,0.0,775.0
Yellow-headed Blackbird,4,4,Apr_W4,0.0,1200.0
Yellow-headed Blackbird,5,1,May_W1,0.0,1394.0
Yellow-headed Blackbird,5,2,May_W2,0.0065375,4130.0
Yellow-headed Blackbird,5,3,May_W3,0.0050068,8788.0
Yellow-headed Blackbird,5,4,May_W4,0.0143842,3337.0
Yellow-headed Blackbird,6,1,Jun_W1,0.0041451,965.0
Yellow-headed Blackbird,6,2,Jun_W2,0.0,714.0
Yellow-headed Blackbird,6,3,Jun_W3,0.0016026,624.0
Yellow-headed Blackbird,6,4,Jun_W4,0.0,704.0
Yellow-headed Blackbird,7,1,Jul_W1,0.0,922.0
Yellow-headed Blackbird,7,2,Jul_W2,0.0,649.0
Yellow-headed Blackbird,7,3,Jul_W3,0.0,539.0
Yellow-headed Blackbird,7,4,Jul_W4,0.0,716.0
Yellow-headed Blackbird,8,1,Aug_W1,0.0018484,541.0
Yellow-headed Blackbird,8,2,Aug_W2,0.0,464.0
Yellow-headed Blackbird,8,3,Aug_W3,0.0,543.0
Yellow-headed Blackbird,8,4,Aug_W4,0.0015,766.0
Yellow-headed Blackbird,9,1,Sep_W1,0.0,638.0
Yellow-headed Blackbird,9,2,Sep_W2,0.0,530.0
Yellow-headed Blackbird,9,3,Sep_W3,0.0,500.0
Yellow-headed Blackbird,9,4,Sep_W4,0.0,602.0
Yellow-headed Blackbird,10,1,Oct_W1,0.0,378.0
Yellow-headed Blackbird,10,2,Oct_W2,0.0,435.0
Yellow-headed Blackbird,10,3,Oct_W3,0.0,385.0
Yellow-headed Blackbird,10,4,Oct_W4,0.0,645.0
Yellow-headed Blackbird,11,1,Nov_W1,0.0,434.0
Yellow-headed Blackbird,11,2,Nov_W2,0.0,468.0
Yellow-headed Blackbird,11,3,Nov_W3,0.0,441.0
Yellow-headed Blackbird,11,4,Nov_W4,0.0,600.0
Yellow-headed Blackbird,12,1,Dec_W1,0.0,446.0
Yellow-headed Blackbird,12,2,Dec_W2,0.0,529.0
Yellow-headed Blackbird,12,3,Dec_W3,0.0,552.0
Yellow-headed Blackbird,12,4,Dec_W4,0.0,695.0
Bobolink,1,1,Jan_W1,0.0,823.0
Bobolink,1,2,Jan_W2,0.0,605.0
Bobolink,1,3,Jan_W3,0.0,523.0
Bobolink,1,4,Jan_W4,0.0,730.0
Bobolink,2,1,Feb_W1,0.0,496.0
Bobolink,2,2,Feb_W2,0.0,822.0
Bobolink,2,3,Feb_W3,0.0,1575.0
Bobolink,2,4,Feb_W4,0.0,612.0
Bobolink,3,1,Mar_W1,0.0,608.0
Bobolink,3,2,Mar_W2,0.0,740.0
Bobolink,3,3,Mar_W3,0.0,665.0
Bobolink,3,4,Mar_W4,0.0,843.0
Bobolink,4,1,Apr_W1,0.0,743.0
Bobolink,4,2,Apr_W2,0.0,762.0
Bobolink,4,3,Apr_W3,0.0,775.0
Bobolink,4,4,Apr_W4,0.0008333,1200.0
Bobolink,5,1,May_W1,0.0193687,1394.0
Bobolink,5,2,May_W2,0.1273608,4130.0
Bobolink,5,3,May_W3,0.2198452,8788.0
Bobolink,5,4,May_W4,0.1339527,3337.0
Bobolink,6,1,Jun_W1,0.065285,965.0
Bobolink,6,2,Jun_W2,0.070028,714.0
Bobolink,6,3,Jun_W3,0.0608974,624.0
Bobolink,6,4,Jun_W4,0.0596591,704.0
Bobolink,7,1,Jul_W1,0.0433839,922.0
Bobolink,7,2,Jul_W2,0.0261941,649.0
Bobolink,7,3,Jul_W3,0.0296846,539.0
Bobolink,7,4,Jul_W4,0.0139665,716.0
Bobolink,8,1,Aug_W1,0.0184843,541.0
Bobolink,8,2,Aug_W2,0.0086207,464.0
Bobolink,8,3,Aug_W3,0.0036832,543.0
Bobolink,8,4,Aug_W4,0.0052219,766.0
Bobolink,9,1,Sep_W1,0.0047022,638.0
Bobolink,9,2,Sep_W2,0.0018868,530.0
Bobolink,9,3,Sep_W3,0.002,500.0
Bobolink,9,4,Sep_W4,0.0016611,602.0
Bobolink,10,1,Oct_W1,0.0026455,378.0
Bobolink,10,2,Oct_W2,0.0,435.0
Bobolink,10,3,Oct_W3,0.0,385.0
Bobolink,10,4,Oct_W4,0.0,645.0
Bobolink,11,1,Nov_W1,0.0,434.0
Bobolink,11,2,Nov_W2,0.0,468.0
Bobolink,11,3,Nov_W3,0.0,441.0
Bobolink,11,4,Nov_W4,0.0,600.0
Bobolink,12,1,Dec_W1,0.0,446.0
Bobolink,12,2,Dec_W2,0.0,529.0
Bobolink,12,3,Dec_W3,0.0,552.0
Bobolink,12,4,Dec_W4,0.0,695.0
Western Meadowlark,1,1,Jan_W1,0.0,823.0
Western Meadowlark,1,2,Jan_W2,0.0,605.0
Western Meadowlark,1,3,Jan_W3,0.0,523.0
Western Meadowlark,1,4,Jan_W4,0.0,730.0
Western Meadowlark,2,1,Feb_W1,0.0,496.0
Western Meadowlark,2,2,Feb_W2,0.0,822.0
Western Meadowlark,2,3,Feb_W3,0.0,1575.0
Western Meadowlark,2,4,Feb_W4,0.0,612.0
Western Meadowlark,3,1,Mar_W1,0.0,608.0
Western Meadowlark,3,2,Mar_W2,0.0,740.0
Western Meadowlark,3,3,Mar_W3,0.0,665.0
Western Meadowlark,3,4,Mar_W4,0.0011862,843.0
Western Meadowlark,4,1,Apr_W1,0.0,743.0
Western Meadowlark,4,2,Apr_W2,0.011811,762.0
Western Meadowlark,4,3,Apr_W3,0.0167742,775.0
Western Meadowlark,4,4,Apr_W4,0.0008333,1200.0
Western Meadowlark,5,1,May_W1,0.0,1394.0
Western Meadowlark,5,2,May_W2,0.0002421,4130.0
Western Meadowlark,5,3,May_W3,0.0003414,8788.0
Western Meadowlark,5,4,May_W4,0.0015,3337.0
Western Meadowlark,6,1,Jun_W1,0.0,965.0
Western Meadowlark,6,2,Jun_W2,0.0,714.0
Western Meadowlark,6,3,Jun_W3,0.0,624.0
Western Meadowlark,6,4,Jun_W4,0.0014205,704.0
Western Meadowlark,7,1,Jul_W1,0.0,922.0
Western Meadowlark,7,2,Jul_W2,0.0015408,649.0
Western Meadowlark,7,3,Jul_W3,0.0,539.0
Western Meadowlark,7,4,Jul_W4,0.0,716.0
Western Meadowlark,8,1,Aug_W1,0.0,541.0
Western Meadowlark,8,2,Aug_W2,0.0,464.0
Western Meadowlark,8,3,Aug_W3,0.0,543.0
Western Meadowlark,8,4,Aug_W4,0.0,766.0
Western Meadowlark,9,1,Sep_W1,0.0,638.0
Western Meadowlark,9,2,Sep_W2,0.0,530.0
Western Meadowlark,9,3,Sep_W3,0.0,500.0
Western Meadowlark,9,4,Sep_W4,0.0,602.0
Western Meadowlark,10,1,Oct_W1,0.0,378.0
Western Meadowlark,10,2,Oct_W2,0.0,435.0
Western Meadowlark,10,3,Oct_W3,0.0,385.0
Western Meadowlark,10,4,Oct_W4,0.0,645.0
Western Meadowlark,11,1,Nov_W1,0.0023041,434.0
Western Meadowlark,11,2,Nov_W2,0.0,468.0
Western Meadowlark,11,3,Nov_W3,0.0,441.0
Western Meadowlark,11,4,Nov_W4,0.0,600.0
Western Meadowlark,12,1,Dec_W1,0.0,446.0
Western Meadowlark,12,2,Dec_W2,0.0,529.0
Western Meadowlark,12,3,Dec_W3,0.0,552.0
Western Meadowlark,12,4,Dec_W4,0.0,695.0
Eastern Meadowlark,1,1,Jan_W1,0.0,823.0
Eastern Meadowlark,1,2,Jan_W2,0.0,605.0
Eastern Meadowlark,1,3,Jan_W3,0.0,523.0
Eastern Meadowlark,1,4,Jan_W4,0.0,730.0
Eastern Meadowlark,2,1,Feb_W1,0.0,496.0
Eastern Meadowlark,2,2,Feb_W2,0.0,822.0
Eastern Meadowlark,2,3,Feb_W3,0.0,1575.0
Eastern Meadowlark,2,4,Feb_W4,0.0114379,612.0
Eastern Meadowlark,3,1,Mar_W1,0.0197368,608.0
Eastern Meadowlark,3,2,Mar_W2,0.0378378,740.0
Eastern Meadowlark,3,3,Mar_W3,0.0661654,665.0
Eastern Meadowlark,3,4,Mar_W4,0.0794781,843.0
Eastern Meadowlark,4,1,Apr_W1,0.051144,743.0
Eastern Meadowlark,4,2,Apr_W2,0.0839895,762.0
Eastern Meadowlark,4,3,Apr_W3,0.0658065,775.0
Eastern Meadowlark,4,4,Apr_W4,0.0833333,1200.0
Eastern Meadowlark,5,1,May_W1,0.0645624,1394.0
Eastern Meadowlark,5,2,May_W2,0.048184,4130.0
Eastern Meadowlark,5,3,May_W3,0.0592854,8788.0
Eastern Meadowlark,5,4,May_W4,0.0701229,3337.0
Eastern Meadowlark,6,1,Jun_W1,0.0507772,965.0
Eastern Meadowlark,6,2,Jun_W2,0.0854342,714.0
Eastern Meadowlark,6,3,Jun_W3,0.0625,624.0
Eastern Meadowlark,6,4,Jun_W4,0.0894886,704.0
Eastern Meadowlark,7,1,Jul_W1,0.1409978,922.0
Eastern Meadowlark,7,2,Jul_W2,0.1016949,649.0
Eastern Meadowlark,7,3,Jul_W3,0.0723562,539.0
Eastern Meadowlark,7,4,Jul_W4,0.051676,716.0
Eastern Meadowlark,8,1,Aug_W1,0.0443623,541.0
Eastern Meadowlark,8,2,Aug_W2,0.0150862,464.0
Eastern Meadowlark,8,3,Aug_W3,0.0073665,543.0
Eastern Meadowlark,8,4,Aug_W4,0.0091384,766.0
Eastern Meadowlark,9,1,Sep_W1,0.0,638.0
Eastern Meadowlark,9,2,Sep_W2,0.0018868,530.0
Eastern Meadowlark,9,3,Sep_W3,0.01,500.0
Eastern Meadowlark,9,4,Sep_W4,0.0033223,602.0
Eastern Meadowlark,10,1,Oct_W1,0.005291,378.0
Eastern Meadowlark,10,2,Oct_W2,0.0022989,435.0
Eastern Meadowlark,10,3,Oct_W3,0.0103896,385.0
Eastern Meadowlark,10,4,Oct_W4,0.0,645.0
Eastern Meadowlark,11,1,Nov_W1,0.0023041,434.0
Eastern Meadowlark,11,2,Nov_W2,0.0,468.0
Eastern Meadowlark,11,3,Nov_W3,0.0,441.0
Eastern Meadowlark,11,4,Nov_W4,0.0,600.0
Eastern Meadowlark,12,1,Dec_W1,0.0,446.0
Eastern Meadowlark,12,2,Dec_W2,0.0,529.0
Eastern Meadowlark,12,3,Dec_W3,0.0,552.0
Eastern Meadowlark,12,4,Dec_W4,0.0,695.0
Orchard Oriole,1,1,Jan_W1,0.0,823.0
Orchard Oriole,1,2,Jan_W2,0.0,605.0
Orchard Oriole,1,3,Jan_W3,0.0,523.0
Orchard Oriole,1,4,Jan_W4,0.0,730.0
Orchard Oriole,2,1,Feb_W1,0.0,496.0
Orchard Oriole,2,2,Feb_W2,0.0,822.0
Orchard Oriole,2,3,Feb_W3,0.0,1575.0
Orchard Oriole,2,4,Feb_W4,0.0,612.0
Orchard Oriole,3,1,Mar_W1,0.0,608.0
Orchard Oriole,3,2,Mar_W2,0.0,740.0
Orchard Oriole,3,3,Mar_W3,0.0,665.0
Orchard Oriole,3,4,Mar_W4,0.0,843.0
Orchard Oriole,4,1,Apr_W1,0.0,743.0
Orchard Oriole,4,2,Apr_W2,0.0,762.0
Orchard Oriole,4,3,Apr_W3,0.0,775.0
Orchard Oriole,4,4,Apr_W4,0.005,1200.0
Orchard Oriole,5,1,May_W1,0.1162123,1394.0
Orchard Oriole,5,2,May_W2,0.3,4130.0
Orchard Oriole,5,3,May_W3,0.3588985,8788.0
Orchard Oriole,5,4,May_W4,0.298172,3337.0
Orchard Oriole,6,1,Jun_W1,0.1751295,965.0
Orchard Oriole,6,2,Jun_W2,0.092437,714.0
Orchard Oriole,6,3,Jun_W3,0.0961538,624.0
Orchard Oriole,6,4,Jun_W4,0.0880682,704.0
Orchard Oriole,7,1,Jul_W1,0.0412148,922.0
Orchard Oriole,7,2,Jul_W2,0.0662558,649.0
Orchard Oriole,7,3,Jul_W3,0.0612245,539.0
Orchard Oriole,7,4,Jul_W4,0.0544693,716.0
Orchard Oriole,8,1,Aug_W1,0.0573013,541.0
Orchard Oriole,8,2,Aug_W2,0.0474138,464.0
Orchard Oriole,8,3,Aug_W3,0.0294659,543.0
Orchard Oriole,8,4,Aug_W4,0.0078329,766.0
Orchard Oriole,9,1,Sep_W1,0.0094044,638.0
Orchard Oriole,9,2,Sep_W2,0.0,530.0
Orchard Oriole,9,3,Sep_W3,0.0,500.0
Orchard Oriole,9,4,Sep_W4,0.0,602.0
Orchard Oriole,10,1,Oct_W1,0.0,378.0
Orchard Oriole,10,2,Oct_W2,0.0,435.0
Orchard Oriole,10,3,Oct_W3,0.0,385.0
Orchard Oriole,10,4,Oct_W4,0.0,645.0
Orchard Oriole,11,1,Nov_W1,0.0,434.0
Orchard Oriole,11,2,Nov_W2,0.0,468.0
Orchard Oriole,11,3,Nov_W3,0.0,441.0
Orchard Oriole,11,4,Nov_W4,0.0,600.0
Orchard Oriole,12,1,Dec_W1,0.0,446.0
Orchard Oriole,12,2,Dec_W2,0.0,529.0
Orchard Oriole,12,3,Dec_W3,0.0,552.0
Orchard Oriole,12,4,Dec_W4,0.0,695.0
Baltimore Oriole,1,1,Jan_W1,0.0,823.0
Baltimore Oriole,1,2,Jan_W2,0.0,605.0
Baltimore Oriole,1,3,Jan_W3,0.0,523.0
Baltimore Oriole,1,4,Jan_W4,0.0,730.0
Baltimore Oriole,2,1,Feb_W1,0.0,496.0
Baltimore Oriole,2,2,Feb_W2,0.0,822.0
Baltimore Oriole,2,3,Feb_W3,0.0,1575.0
Baltimore Oriole,2,4,Feb_W4,0.0,612.0
Baltimore Oriole,3,1,Mar_W1,0.0,608.0
Baltimore Oriole,3,2,Mar_W2,0.0,740.0
Baltimore Oriole,3,3,Mar_W3,0.0,665.0
Baltimore Oriole,3,4,Mar_W4,0.0,843.0
Baltimore Oriole,4,1,Apr_W1,0.0,743.0
Baltimore Oriole,4,2,Apr_W2,0.0,762.0
Baltimore Oriole,4,3,Apr_W3,0.0012903,775.0
Baltimore Oriole,4,4,Apr_W4,0.0166667,1200.0
Baltimore Oriole,5,1,May_W1,0.2632712,1394.0
Baltimore Oriole,5,2,May_W2,0.546247,4130.0
Baltimore Oriole,5,3,May_W3,0.5739645,8788.0
Baltimore Oriole,5,4,May_W4,0.5199281,3337.0
Baltimore Oriole,6,1,Jun_W1,0.3854922,965.0
Baltimore Oriole,6,2,Jun_W2,0.2885154,714.0
Baltimore Oriole,6,3,Jun_W3,0.3269231,624.0
Baltimore Oriole,6,4,Jun_W4,0.2471591,704.0
Baltimore Oriole,7,1,Jul_W1,0.132321,922.0
Baltimore Oriole,7,2,Jul_W2,0.1510015,649.0
Baltimore Oriole,7,3,Jul_W3,0.1447124,539.0
Baltimore Oriole,7,4,Jul_W4,0.1312849,716.0
Baltimore Oriole,8,1,Aug_W1,0.12939,541.0
Baltimore Oriole,8,2,Aug_W2,0.1271552,464.0
Baltimore Oriole,8,3,Aug_W3,0.1362799,543.0
Baltimore Oriole,8,4,Aug_W4,0.0887728,766.0
Baltimore Oriole,9,1,Sep_W1,0.0282132,638.0
Baltimore Oriole,9,2,Sep_W2,0.0018868,530.0
Baltimore Oriole,9,3,Sep_W3,0.002,500.0
Baltimore Oriole,9,4,Sep_W4,0.0,602.0
Baltimore Oriole,10,1,Oct_W1,0.0079365,378.0
Baltimore Oriole,10,2,Oct_W2,0.0,435.0
Baltimore Oriole,10,3,Oct_W3,0.0051948,385.0
Baltimore Oriole,10,4,Oct_W4,0.0031008,645.0
Baltimore Oriole,11,1,Nov_W1,0.0,434.0
Baltimore Oriole,11,2,Nov_W2,0.0,468.0
Baltimore Oriole,11,3,Nov_W3,0.0,441.0
Baltimore Oriole,11,4,Nov_W4,0.0,600.0
Baltimore Oriole,12,1,Dec_W1,0.0,446.0
Baltimore Oriole,12,2,Dec_W2,0.0,529.0
Baltimore Oriole,12,3,Dec_W3,0.0,552.0
Baltimore Oriole,12,4,Dec_W4,0.0,695.0
Red-winged Blackbird,1,1,Jan_W1,0.0170109,823.0
Red-winged Blackbird,1,2,Jan_W2,0.0115702,605.0
Red-winged Blackbird,1,3,Jan_W3,0.0038241,523.0
Red-winged Blackbird,1,4,Jan_W4,0.0027397,730.0
Red-winged Blackbird,2,1,Feb_W1,0.0040323,496.0
Red-winged Blackbird,2,2,Feb_W2,0.0024331,822.0
Red-winged Blackbird,2,3,Feb_W3,0.0038095,1575.0
Red-winged Blackbird,2,4,Feb_W4,0.0588235,612.0
Red-winged Blackbird,3,1,Mar_W1,0.1661184,608.0
Red-winged Blackbird,3,2,Mar_W2,0.2932432,740.0
Red-winged Blackbird,3,3,Mar_W3,0.4180451,665.0
Red-winged Blackbird,3,4,Mar_W4,0.4578885,843.0
Red-winged Blackbird,4,1,Apr_W1,0.5033647,743.0
Red-winged Blackbird,4,2,Apr_W2,0.4750656,762.0
Red-winged Blackbird,4,3,Apr_W3,0.5651613,775.0
Red-winged Blackbird,4,4,Apr_W4,0.6266667,1200.0
Red-winged Blackbird,5,1,May_W1,0.7087518,1394.0
Red-winged Blackbird,5,2,May_W2,0.7046005,4130.0
Red-winged Blackbird,5,3,May_W3,0.7080109,8788.0
Red-winged Blackbird,5,4,May_W4,0.6883428,3337.0
Red-winged Blackbird,6,1,Jun_W1,0.6642487,965.0
Red-winged Blackbird,6,2,Jun_W2,0.6148459,714.0
Red-winged Blackbird,6,3,Jun_W3,0.6426282,624.0
Red-winged Blackbird,6,4,Jun_W4,0.640625,704.0
Red-winged Blackbird,7,1,Jul_W1,0.5531453,922.0
Red-winged Blackbird,7,2,Jul_W2,0.5916795,649.0
Red-winged Blackbird,7,3,Jul_W3,0.5602968,539.0
Red-winged Blackbird,7,4,Jul_W4,0.5181564,716.0
Red-winged Blackbird,8,1,Aug_W1,0.4158965,541.0
Red-winged Blackbird,8,2,Aug_W2,0.3340517,464.0
Red-winged Blackbird,8,3,Aug_W3,0.2780847,543.0
Red-winged Blackbird,8,4,Aug_W4,0.1697128,766.0
Red-winged Blackbird,9,1,Sep_W1,0.0987461,638.0
Red-winged Blackbird,9,2,Sep_W2,0.0641509,530.0
Red-winged Blackbird,9,3,Sep_W3,0.098,500.0
Red-winged Blackbird,9,4,Sep_W4,0.0930233,602.0
Red-winged Blackbird,10,1,Oct_W1,0.1507937,378.0
Red-winged Blackbird,10,2,Oct_W2,0.1632184,435.0
Red-winged Blackbird,10,3,Oct_W3,0.1454545,385.0
Red-winged Blackbird,10,4,Oct_W4,0.1116279,645.0
Red-winged Blackbird,11,1,Nov_W1,0.0921659,434.0
Red-winged Blackbird,11,2,Nov_W2,0.0726496,468.0
Red-winged Blackbird,11,3,Nov_W3,0.0929705,441.0
Red-winged Blackbird,11,4,Nov_W4,0.0416667,600.0
Red-winged Blackbird,12,1,Dec_W1,0.044843,446.0
Red-winged Blackbird,12,2,Dec_W2,0.0056711,529.0
Red-winged Blackbird,12,3,Dec_W3,0.0144928,552.0
Red-winged Blackbird,12,4,Dec_W4,0.0158273,695.0
Brown-headed Cowbird,1,1,Jan_W1,0.0024301,823.0
Brown-headed Cowbird,1,2,Jan_W2,0.0016529,605.0
Brown-headed Cowbird,1,3,Jan_W3,0.0,523.0
Brown-headed Cowbird,1,4,Jan_W4,0.0,730.0
Brown-headed Cowbird,2,1,Feb_W1,0.0040323,496.0
Brown-headed Cowbird,2,2,Feb_W2,0.0,822.0
Brown-headed Cowbird,2,3,Feb_W3,0.0019048,1575.0
Brown-headed Cowbird,2,4,Feb_W4,0.0081699,612.0
Brown-headed Cowbird,3,1,Mar_W1,0.0246711,608.0
Brown-headed Cowbird,3,2,Mar_W2,0.0216216,740.0
Brown-headed Cowbird,3,3,Mar_W3,0.0270677,665.0
Brown-headed Cowbird,3,4,Mar_W4,0.0901542,843.0
Brown-headed Cowbird,4,1,Apr_W1,0.1063257,743.0
Brown-headed Cowbird,4,2,Apr_W2,0.2086614,762.0
Brown-headed Cowbird,4,3,Apr_W3,0.2670968,775.0
Brown-headed Cowbird,4,4,Apr_W4,0.2791667,1200.0
Brown-headed Cowbird,5,1,May_W1,0.3680057,1394.0
Brown-headed Cowbird,5,2,May_W2,0.4145278,4130.0
Brown-headed Cowbird,5,3,May_W3,0.4079426,8788.0
Brown-headed Cowbird,5,4,May_W4,0.3643992,3337.0
Brown-headed Cowbird,6,1,Jun_W1,0.2632124,965.0
Brown-headed Cowbird,6,2,Jun_W2,0.2114846,714.0
Brown-headed Cowbird,6,3,Jun_W3,0.2179487,624.0
Brown-headed Cowbird,6,4,Jun_W4,0.1491477,704.0
Brown-headed Cowbird,7,1,Jul_W1,0.1149675,922.0
Brown-headed Cowbird,7,2,Jul_W2,0.1093991,649.0
Brown-headed Cowbird,7,3,Jul_W3,0.0909091,539.0
Brown-headed Cowbird,7,4,Jul_W4,0.0824022,716.0
Brown-headed Cowbird,8,1,Aug_W1,0.0794824,541.0
Brown-headed Cowbird,8,2,Aug_W2,0.0711207,464.0
Brown-headed Cowbird,8,3,Aug_W3,0.0662983,543.0
Brown-headed Cowbird,8,4,Aug_W4,0.0261097,766.0
Brown-headed Cowbird,9,1,Sep_W1,0.015674,638.0
Brown-headed Cowbird,9,2,Sep_W2,0.0075472,530.0
Brown-headed Cowbird,9,3,Sep_W3,0.012,500.0
Brown-headed Cowbird,9,4,Sep_W4,0.0149502,602.0
Brown-headed Cowbird,10,1,Oct_W1,0.0132275,378.0
Brown-headed Cowbird,10,2,Oct_W2,0.0114943,435.0
Brown-headed Cowbird,10,3,Oct_W3,0.0181818,385.0
Brown-headed Cowbird,10,4,Oct_W4,0.0031008,645.0
Brown-headed Cowbird,11,1,Nov_W1,0.0069124,434.0
Brown-headed Cowbird,11,2,Nov_W2,0.017094,468.0
Brown-headed Cowbird,11,3,Nov_W3,0.0272109,441.0
Brown-headed Cowbird,11,4,Nov_W4,0.0133333,600.0
Brown-headed Cowbird,12,1,Dec_W1,0.0089686,446.0
Brown-headed Cowbird,12,2,Dec_W2,0.0075614,529.0
Brown-headed Cowbird,12,3,Dec_W3,0.0,552.0
Brown-headed Cowbird,12,4,Dec_W4,0.0014388,695.0
Rusty Blackbird,1,1,Jan_W1,0.0072904,823.0
Rusty Blackbird,1,2,Jan_W2,0.0033058,605.0
Rusty Blackbird,1,3,Jan_W3,0.0,523.0
Rusty Blackbird,1,4,Jan_W4,0.0,730.0
Rusty Blackbird,2,1,Feb_W1,0.0,496.0
Rusty Blackbird,2,2,Feb_W2,0.0,822.0
Rusty Blackbird,2,3,Feb_W3,0.0012698,1575.0
Rusty Blackbird,2,4,Feb_W4,0.0,612.0
Rusty Blackbird,3,1,Mar_W1,0.0065789,608.0
Rusty Blackbird,3,2,Mar_W2,0.0108108,740.0
Rusty Blackbird,3,3,Mar_W3,0.0210526,665.0
Rusty Blackbird,3,4,Mar_W4,0.0344009,843.0
Rusty Blackbird,4,1,Apr_W1,0.0201884,743.0
Rusty Blackbird,4,2,Apr_W2,0.0734908,762.0
Rusty Blackbird,4,3,Apr_W3,0.0425806,775.0
Rusty Blackbird,4,4,Apr_W4,0.0475,1200.0
Rusty Blackbird,5,1,May_W1,0.0301291,1394.0
Rusty Blackbird,5,2,May_W2,0.0140436,4130.0
Rusty Blackbird,5,3,May_W3,0.0045517,8788.0
Rusty Blackbird,5,4,May_W4,0.0002997,3337.0
Rusty Blackbird,6,1,Jun_W1,0.0,965.0
Rusty Blackbird,6,2,Jun_W2,0.0,714.0
Rusty Blackbird,6,3,Jun_W3,0.0,624.0
Rusty Blackbird,6,4,Jun_W4,0.0,704.0
Rusty Blackbird,7,1,Jul_W1,0.0,922.0
Rusty Blackbird,7,2,Jul_W2,0.0,649.0
Rusty Blackbird,7,3,Jul_W3,0.0,539.0
Rusty Blackbird,7,4,Jul_W4,0.0,716.0
Rusty Blackbird,8,1,Aug_W1,0.0,541.0
Rusty Blackbird,8,2,Aug_W2,0.0,464.0
Rusty Blackbird,8,3,Aug_W3,0.0,543.0
Rusty Blackbird,8,4,Aug_W4,0.0,766.0
Rusty Blackbird,9,1,Sep_W1,0.0015674,638.0
Rusty Blackbird,9,2,Sep_W2,0.0264151,530.0
Rusty Blackbird,9,3,Sep_W3,0.11,500.0
Rusty Blackbird,9,4,Sep_W4,0.2159468,602.0
Rusty Blackbird,10,1,Oct_W1,0.2248677,378.0
Rusty Blackbird,10,2,Oct_W2,0.1931034,435.0
Rusty Blackbird,10,3,Oct_W3,0.1428571,385.0
Rusty Blackbird,10,4,Oct_W4,0.1116279,645.0
Rusty Blackbird,11,1,Nov_W1,0.078341,434.0
Rusty Blackbird,11,2,Nov_W2,0.0598291,468.0
Rusty Blackbird,11,3,Nov_W3,0.0907029,441.0
Rusty Blackbird,11,4,Nov_W4,0.0283333,600.0
Rusty Blackbird,12,1,Dec_W1,0.0179372,446.0
Rusty Blackbird,12,2,Dec_W2,0.0113422,529.0
Rusty Blackbird,12,3,Dec_W3,0.0072464,552.0
Rusty Blackbird,12,4,Dec_W4,0.0100719,695.0
Brewer's Blackbird,1,1,Jan_W1,0.0,823.0
Brewer's Blackbird,1,2,Jan_W2,0.0,605.0
Brewer's Blackbird,1,3,Jan_W3,0.0,523.0
Brewer's Blackbird,1,4,Jan_W4,0.0,730.0
Brewer's Blackbird,2,1,Feb_W1,0.0,496.0
Brewer's Blackbird,2,2,Feb_W2,0.0,822.0
Brewer's Blackbird,2,3,Feb_W3,0.0,1575.0
Brewer's Blackbird,2,4,Feb_W4,0.0,612.0
Brewer's Blackbird,3,1,Mar_W1,0.0,608.0
Brewer's Blackbird,3,2,Mar_W2,0.0,740.0
Brewer's Blackbird,3,3,Mar_W3,0.0,665.0
Brewer's Blackbird,3,4,Mar_W4,0.0,843.0
Brewer's Blackbird,4,1,Apr_W1,0.0013459,743.0
Brewer's Blackbird,4,2,Apr_W2,0.0,762.0
Brewer's Blackbird,4,3,Apr_W3,0.0012903,775.0
Brewer's Blackbird,4,4,Apr_W4,0.0041667,1200.0
Brewer's Blackbird,5,1,May_W1,0.0035868,1394.0
Brewer's Blackbird,5,2,May_W2,0.0060533,4130.0
Brewer's Blackbird,5,3,May_W3,0.0078516,8788.0
Brewer's Blackbird,5,4,May_W4,0.0110878,3337.0
Brewer's Blackbird,6,1,Jun_W1,0.0186528,965.0
Brewer's Blackbird,6,2,Jun_W2,0.0182073,714.0
Brewer's Blackbird,6,3,Jun_W3,0.0080128,624.0
Brewer's Blackbird,6,4,Jun_W4,0.0085227,704.0
Brewer's Blackbird,7,1,Jul_W1,0.010846,922.0
Brewer's Blackbird,7,2,Jul_W2,0.0015,649.0
Brewer's Blackbird,7,3,Jul_W3,0.0018553,539.0
Brewer's Blackbird,7,4,Jul_W4,0.0055866,716.0
Brewer's Blackbird,8,1,Aug_W1,0.0018484,541.0
Brewer's Blackbird,8,2,Aug_W2,0.0043103,464.0
Brewer's Blackbird,8,3,Aug_W3,0.0,543.0
Brewer's Blackbird,8,4,Aug_W4,0.0015,766.0
Brewer's Blackbird,9,1,Sep_W1,0.0,638.0
Brewer's Blackbird,9,2,Sep_W2,0.0,530.0
Brewer's Blackbird,9,3,Sep_W3,0.0,500.0
Brewer's Blackbird,9,4,Sep_W4,0.0,602.0
Brewer's Blackbird,10,1,Oct_W1,0.0,378.0
Brewer's Blackbird,10,2,Oct_W2,0.0,435.0
Brewer's Blackbird,10,3,Oct_W3,0.0,385.0
Brewer's Blackbird,10,4,Oct_W4,0.0015504,645.0
Brewer's Blackbird,11,1,Nov_W1,0.0,434.0
Brewer's Blackbird,11,2,Nov_W2,0.0,468.0
Brewer's Blackbird,11,3,Nov_W3,0.0,441.0
Brewer's Blackbird,11,4,Nov_W4,0.0,600.0
Brewer's Blackbird,12,1,Dec_W1,0.0,446.0
Brewer's Blackbird,12,2,Dec_W2,0.0,529.0
Brewer's Blackbird,12,3,Dec_W3,0.0,552.0
Brewer's Blackbird,12,4,Dec_W4,0.0,695.0
Common Grackle,1,1,Jan_W1,0.0060753,823.0
Common Grackle,1,2,Jan_W2,0.0099174,605.0
Common Grackle,1,3,Jan_W3,0.0,523.0
Common Grackle,1,4,Jan_W4,0.0013699,730.0
Common Grackle,2,1,Feb_W1,0.0020161,496.0
Common Grackle,2,2,Feb_W2,0.0,822.0
Common Grackle,2,3,Feb_W3,0.0006349,1575.0
Common Grackle,2,4,Feb_W4,0.0359477,612.0
Common Grackle,3,1,Mar_W1,0.0871711,608.0
Common Grackle,3,2,Mar_W2,0.1783784,740.0
Common Grackle,3,3,Mar_W3,0.2616541,665.0
Common Grackle,3,4,Mar_W4,0.3428233,843.0
Common Grackle,4,1,Apr_W1,0.371467,743.0
Common Grackle,4,2,Apr_W2,0.3832021,762.0
Common Grackle,4,3,Apr_W3,0.4309677,775.0
Common Grackle,4,4,Apr_W4,0.4425,1200.0
Common Grackle,5,1,May_W1,0.5688666,1394.0
Common Grackle,5,2,May_W2,0.6007264,4130.0
Common Grackle,5,3,May_W3,0.5994538,8788.0
Common Grackle,5,4,May_W4,0.5819598,3337.0
Common Grackle,6,1,Jun_W1,0.5264249,965.0
Common Grackle,6,2,Jun_W2,0.4537815,714.0
Common Grackle,6,3,Jun_W3,0.4775641,624.0
Common Grackle,6,4,Jun_W4,0.4247159,704.0
Common Grackle,7,1,Jul_W1,0.3698482,922.0
Common Grackle,7,2,Jul_W2,0.3281972,649.0
Common Grackle,7,3,Jul_W3,0.3395176,539.0
Common Grackle,7,4,Jul_W4,0.325419,716.0
Common Grackle,8,1,Aug_W1,0.3012939,541.0
Common Grackle,8,2,Aug_W2,0.2521552,464.0
Common Grackle,8,3,Aug_W3,0.2357274,543.0
Common Grackle,8,4,Aug_W4,0.2101828,766.0
Common Grackle,9,1,Sep_W1,0.1442006,638.0
Common Grackle,9,2,Sep_W2,0.0924528,530.0
Common Grackle,9,3,Sep_W3,0.08,500.0
Common Grackle,9,4,Sep_W4,0.1063123,602.0
Common Grackle,10,1,Oct_W1,0.1269841,378.0
Common Grackle,10,2,Oct_W2,0.1356322,435.0
Common Grackle,10,3,Oct_W3,0.1090909,385.0
Common Grackle,10,4,Oct_W4,0.0837209,645.0
Common Grackle,11,1,Nov_W1,0.0668203,434.0
Common Grackle,11,2,Nov_W2,0.0769231,468.0
Common Grackle,11,3,Nov_W3,0.0725624,441.0
Common Grackle,11,4,Nov_W4,0.035,600.0
Common Grackle,12,1,Dec_W1,0.0381166,446.0
Common Grackle,12,2,Dec_W2,0.0226843,529.0
Common Grackle,12,3,Dec_W3,0.0235507,552.0
Common Grackle,12,4,Dec_W4,0.0172662,695.0
Ovenbird,1,1,Jan_W1,0.0,823.0
Ovenbird,1,2,Jan_W2,0.0,605.0
Ovenbird,1,3,Jan_W3,0.0,523.0
Ovenbird,1,4,Jan_W4,0.0,730.0
Ovenbird,2,1,Feb_W1,0.0,496.0
Ovenbird,2,2,Feb_W2,0.0,822.0
Ovenbird,2,3,Feb_W3,0.0,1575.0
Ovenbird,2,4,Feb_W4,0.0,612.0
Ovenbird,3,1,Mar_W1,0.0,608.0
Ovenbird,3,2,Mar_W2,0.0,740.0
Ovenbird,3,3,Mar_W3,0.0,665.0
Ovenbird,3,4,Mar_W4,0.0,843.0
Ovenbird,4,1,Apr_W1,0.0,743.0
Ovenbird,4,2,Apr_W2,0.0,762.0
Ovenbird,4,3,Apr_W3,0.0,775.0
Ovenbird,4,4,Apr_W4,0.0016667,1200.0
Ovenbird,5,1,May_W1,0.0365854,1394.0
Ovenbird,5,2,May_W2,0.1220339,4130.0
Ovenbird,5,3,May_W3,0.1803596,8788.0
Ovenbird,5,4,May_W4,0.1699131,3337.0
Ovenbird,6,1,Jun_W1,0.1264249,965.0
Ovenbird,6,2,Jun_W2,0.1442577,714.0
Ovenbird,6,3,Jun_W3,0.1458333,624.0
Ovenbird,6,4,Jun_W4,0.1306818,704.0
Ovenbird,7,1,Jul_W1,0.0943601,922.0
Ovenbird,7,2,Jul_W2,0.0693374,649.0
Ovenbird,7,3,Jul_W3,0.0612245,539.0
Ovenbird,7,4,Jul_W4,0.0265363,716.0
Ovenbird,8,1,Aug_W1,0.0147874,541.0
Ovenbird,8,2,Aug_W2,0.0215517,464.0
Ovenbird,8,3,Aug_W3,0.0349908,543.0
Ovenbird,8,4,Aug_W4,0.0234987,766.0
Ovenbird,9,1,Sep_W1,0.0282132,638.0
Ovenbird,9,2,Sep_W2,0.0358491,530.0
Ovenbird,9,3,Sep_W3,0.022,500.0
Ovenbird,9,4,Sep_W4,0.0066445,602.0
Ovenbird,10,1,Oct_W1,0.0026455,378.0
Ovenbird,10,2,Oct_W2,0.0,435.0
Ovenbird,10,3,Oct_W3,0.0,385.0
Ovenbird,10,4,Oct_W4,0.0,645.0
Ovenbird,11,1,Nov_W1,0.0023041,434.0
Ovenbird,11,2,Nov_W2,0.0,468.0
Ovenbird,11,3,Nov_W3,0.0,441.0
Ovenbird,11,4,Nov_W4,0.0,600.0
Ovenbird,12,1,Dec_W1,0.0,446.0
Ovenbird,12,2,Dec_W2,0.0,529.0
Ovenbird,12,3,Dec_W3,0.0,552.0
Ovenbird,12,4,Dec_W4,0.0,695.0
Louisiana Waterthrush,1,1,Jan_W1,0.0,823.0
Louisiana Waterthrush,1,2,Jan_W2,0.0,605.0
Louisiana Waterthrush,1,3,Jan_W3,0.0,523.0
Louisiana Waterthrush,1,4,Jan_W4,0.0,730.0
Louisiana Waterthrush,2,1,Feb_W1,0.0,496.0
Louisiana Waterthrush,2,2,Feb_W2,0.0,822.0
Louisiana Waterthrush,2,3,Feb_W3,0.0,1575.0
Louisiana Waterthrush,2,4,Feb_W4,0.0,612.0
Louisiana Waterthrush,3,1,Mar_W1,0.0,608.0
Louisiana Waterthrush,3,2,Mar_W2,0.0,740.0
Louisiana Waterthrush,3,3,Mar_W3,0.0,665.0
Louisiana Waterthrush,3,4,Mar_W4,0.0,843.0
Louisiana Waterthrush,4,1,Apr_W1,0.0,743.0
Louisiana Waterthrush,4,2,Apr_W2,0.0,762.0
Louisiana Waterthrush,4,3,Apr_W3,0.0,775.0
Louisiana Waterthrush,4,4,Apr_W4,0.0,1200.0
Louisiana Waterthrush,5,1,May_W1,0.0,1394.0
Louisiana Waterthrush,5,2,May_W2,0.0002421,4130.0
Louisiana Waterthrush,5,3,May_W3,0.0006827,8788.0
Louisiana Waterthrush,5,4,May_W4,0.000899,3337.0
Louisiana Waterthrush,6,1,Jun_W1,0.0,965.0
Louisiana Waterthrush,6,2,Jun_W2,0.0,714.0
Louisiana Waterthrush,6,3,Jun_W3,0.0,624.0
Louisiana Waterthrush,6,4,Jun_W4,0.0,704.0
Louisiana Waterthrush,7,1,Jul_W1,0.0,922.0
Louisiana Waterthrush,7,2,Jul_W2,0.0,649.0
Louisiana Waterthrush,7,3,Jul_W3,0.0,539.0
Louisiana Waterthrush,7,4,Jul_W4,0.0,716.0
Louisiana Waterthrush,8,1,Aug_W1,0.0,541.0
Louisiana Waterthrush,8,2,Aug_W2,0.0,464.0
Louisiana Waterthrush,8,3,Aug_W3,0.0,543.0
Louisiana Waterthrush,8,4,Aug_W4,0.0,766.0
Louisiana Waterthrush,9,1,Sep_W1,0.0,638.0
Louisiana Waterthrush,9,2,Sep_W2,0.0,530.0
Louisiana Waterthrush,9,3,Sep_W3,0.0,500.0
Louisiana Waterthrush,9,4,Sep_W4,0.0,602.0
Louisiana Waterthrush,10,1,Oct_W1,0.0,378.0
Louisiana Waterthrush,10,2,Oct_W2,0.0,435.0
Louisiana Waterthrush,10,3,Oct_W3,0.0,385.0
Louisiana Waterthrush,10,4,Oct_W4,0.0,645.0
Louisiana Waterthrush,11,1,Nov_W1,0.0,434.0
Louisiana Waterthrush,11,2,Nov_W2,0.0,468.0
Louisiana Waterthrush,11,3,Nov_W3,0.0,441.0
Louisiana Waterthrush,11,4,Nov_W4,0.0,600.0
Louisiana Waterthrush,12,1,Dec_W1,0.0,446.0
Louisiana Waterthrush,12,2,Dec_W2,0.0,529.0
Louisiana Waterthrush,12,3,Dec_W3,0.0,552.0
Louisiana Waterthrush,12,4,Dec_W4,0.0,695.0
Northern Waterthrush,1,1,Jan_W1,0.0,823.0
Northern Waterthrush,1,2,Jan_W2,0.0,605.0
Northern Waterthrush,1,3,Jan_W3,0.0,523.0
Northern Waterthrush,1,4,Jan_W4,0.0,730.0
Northern Waterthrush,2,1,Feb_W1,0.0,496.0
Northern Waterthrush,2,2,Feb_W2,0.0,822.0
Northern Waterthrush,2,3,Feb_W3,0.0,1575.0
Northern Waterthrush,2,4,Feb_W4,0.0,612.0
Northern Waterthrush,3,1,Mar_W1,0.0,608.0
Northern Waterthrush,3,2,Mar_W2,0.0,740.0
Northern Waterthrush,3,3,Mar_W3,0.0,665.0
Northern Waterthrush,3,4,Mar_W4,0.0,843.0
Northern Waterthrush,4,1,Apr_W1,0.0,743.0
Northern Waterthrush,4,2,Apr_W2,0.0,762.0
Northern Waterthrush,4,3,Apr_W3,0.0,775.0
Northern Waterthrush,4,4,Apr_W4,0.005,1200.0
Northern Waterthrush,5,1,May_W1,0.0401722,1394.0
Northern Waterthrush,5,2,May_W2,0.090799,4130.0
Northern Waterthrush,5,3,May_W3,0.0996814,8788.0
Northern Waterthrush,5,4,May_W4,0.0494456,3337.0
Northern Waterthrush,6,1,Jun_W1,0.0176166,965.0
Northern Waterthrush,6,2,Jun_W2,0.022409,714.0
Northern Waterthrush,6,3,Jun_W3,0.0144231,624.0
Northern Waterthrush,6,4,Jun_W4,0.0099432,704.0
Northern Waterthrush,7,1,Jul_W1,0.0043384,922.0
Northern Waterthrush,7,2,Jul_W2,0.0077042,649.0
Northern Waterthrush,7,3,Jul_W3,0.0111317,539.0
Northern Waterthrush,7,4,Jul_W4,0.0446927,716.0
Northern Waterthrush,8,1,Aug_W1,0.0609982,541.0
Northern Waterthrush,8,2,Aug_W2,0.049569,464.0
Northern Waterthrush,8,3,Aug_W3,0.0626151,543.0
Northern Waterthrush,8,4,Aug_W4,0.0704961,766.0
Northern Waterthrush,9,1,Sep_W1,0.0595611,638.0
Northern Waterthrush,9,2,Sep_W2,0.0283019,530.0
Northern Waterthrush,9,3,Sep_W3,0.02,500.0
Northern Waterthrush,9,4,Sep_W4,0.0066445,602.0
Northern Waterthrush,10,1,Oct_W1,0.0,378.0
Northern Waterthrush,10,2,Oct_W2,0.0,435.0
Northern Waterthrush,10,3,Oct_W3,0.0,385.0
Northern Waterthrush,10,4,Oct_W4,0.0,645.0
Northern Waterthrush,11,1,Nov_W1,0.0,434.0
Northern Waterthrush,11,2,Nov_W2,0.0,468.0
Northern Waterthrush,11,3,Nov_W3,0.0,441.0
Northern Waterthrush,11,4,Nov_W4,0.0,600.0
Northern Waterthrush,12,1,Dec_W1,0.0,446.0
Northern Waterthrush,12,2,Dec_W2,0.0,529.0
Northern Waterthrush,12,3,Dec_W3,0.0,552.0
Northern Waterthrush,12,4,Dec_W4,0.0,695.0
Golden-winged Warbler,1,1,Jan_W1,0.0,823.0
Golden-winged Warbler,1,2,Jan_W2,0.0,605.0
Golden-winged Warbler,1,3,Jan_W3,0.0,523.0
Golden-winged Warbler,1,4,Jan_W4,0.0,730.0
Golden-winged Warbler,2,1,Feb_W1,0.0,496.0
Golden-winged Warbler,2,2,Feb_W2,0.0,822.0
Golden-winged Warbler,2,3,Feb_W3,0.0,1575.0
Golden-winged Warbler,2,4,Feb_W4,0.0,612.0
Golden-winged Warbler,3,1,Mar_W1,0.0,608.0
Golden-winged Warbler,3,2,Mar_W2,0.0,740.0
Golden-winged Warbler,3,3,Mar_W3,0.0,665.0
Golden-winged Warbler,3,4,Mar_W4,0.0,843.0
Golden-winged Warbler,4,1,Apr_W1,0.0,743.0
Golden-winged Warbler,4,2,Apr_W2,0.0,762.0
Golden-winged Warbler,4,3,Apr_W3,0.0,775.0
Golden-winged Warbler,4,4,Apr_W4,0.0,1200.0
Golden-winged Warbler,5,1,May_W1,0.017934,1394.0
Golden-winged Warbler,5,2,May_W2,0.101937,4130.0
Golden-winged Warbler,5,3,May_W3,0.0994538,8788.0
Golden-winged Warbler,5,4,May_W4,0.0491459,3337.0
Golden-winged Warbler,6,1,Jun_W1,0.0217617,965.0
Golden-winged Warbler,6,2,Jun_W2,0.0252101,714.0
Golden-winged Warbler,6,3,Jun_W3,0.0208333,624.0
Golden-winged Warbler,6,4,Jun_W4,0.0056818,704.0
Golden-winged Warbler,7,1,Jul_W1,0.0065076,922.0
Golden-winged Warbler,7,2,Jul_W2,0.0077042,649.0
Golden-winged Warbler,7,3,Jul_W3,0.0037106,539.0
Golden-winged Warbler,7,4,Jul_W4,0.0013966,716.0
Golden-winged Warbler,8,1,Aug_W1,0.0018484,541.0
Golden-winged Warbler,8,2,Aug_W2,0.0064655,464.0
Golden-winged Warbler,8,3,Aug_W3,0.0036832,543.0
Golden-winged Warbler,8,4,Aug_W4,0.0052219,766.0
Golden-winged Warbler,9,1,Sep_W1,0.0047022,638.0
Golden-winged Warbler,9,2,Sep_W2,0.0018868,530.0
Golden-winged Warbler,9,3,Sep_W3,0.0,500.0
Golden-winged Warbler,9,4,Sep_W4,0.0,602.0
Golden-winged Warbler,10,1,Oct_W1,0.0,378.0
Golden-winged Warbler,10,2,Oct_W2,0.0,435.0
Golden-winged Warbler,10,3,Oct_W3,0.0,385.0
Golden-winged Warbler,10,4,Oct_W4,0.0,645.0
Golden-winged Warbler,11,1,Nov_W1,0.0,434.0
Golden-winged Warbler,11,2,Nov_W2,0.0,468.0
Golden-winged Warbler,11,3,Nov_W3,0.0,441.0
Golden-winged Warbler,11,4,Nov_W4,0.0,600.0
Golden-winged Warbler,12,1,Dec_W1,0.0,446.0
Golden-winged Warbler,12,2,Dec_W2,0.0,529.0
Golden-winged Warbler,12,3,Dec_W3,0.0,552.0
Golden-winged Warbler,12,4,Dec_W4,0.0,695.0
Blue-winged Warbler,1,1,Jan_W1,0.0,823.0
Blue-winged Warbler,1,2,Jan_W2,0.0,605.0
Blue-winged Warbler,1,3,Jan_W3,0.0,523.0
Blue-winged Warbler,1,4,Jan_W4,0.0,730.0
Blue-winged Warbler,2,1,Feb_W1,0.0,496.0
Blue-winged Warbler,2,2,Feb_W2,0.0,822.0
Blue-winged Warbler,2,3,Feb_W3,0.0,1575.0
Blue-winged Warbler,2,4,Feb_W4,0.0,612.0
Blue-winged Warbler,3,1,Mar_W1,0.0,608.0
Blue-winged Warbler,3,2,Mar_W2,0.0,740.0
Blue-winged Warbler,3,3,Mar_W3,0.0,665.0
Blue-winged Warbler,3,4,Mar_W4,0.0,843.0
Blue-winged Warbler,4,1,Apr_W1,0.0,743.0
Blue-winged Warbler,4,2,Apr_W2,0.0,762.0
Blue-winged Warbler,4,3,Apr_W3,0.0,775.0
Blue-winged Warbler,4,4,Apr_W4,0.0,1200.0
Blue-winged Warbler,5,1,May_W1,0.0236729,1394.0
Blue-winged Warbler,5,2,May_W2,0.1060533,4130.0
Blue-winged Warbler,5,3,May_W3,0.0728266,8788.0
Blue-winged Warbler,5,4,May_W4,0.0302667,3337.0
Blue-winged Warbler,6,1,Jun_W1,0.0031088,965.0
Blue-winged Warbler,6,2,Jun_W2,0.0042017,714.0
Blue-winged Warbler,6,3,Jun_W3,0.0160256,624.0
Blue-winged Warbler,6,4,Jun_W4,0.0113636,704.0
Blue-winged Warbler,7,1,Jul_W1,0.0021692,922.0
Blue-winged Warbler,7,2,Jul_W2,0.0046225,649.0
Blue-winged Warbler,7,3,Jul_W3,0.0018553,539.0
Blue-winged Warbler,7,4,Jul_W4,0.0013966,716.0
Blue-winged Warbler,8,1,Aug_W1,0.0,541.0
Blue-winged Warbler,8,2,Aug_W2,0.0021552,464.0
Blue-winged Warbler,8,3,Aug_W3,0.0018416,543.0
Blue-winged Warbler,8,4,Aug_W4,0.0013055,766.0
Blue-winged Warbler,9,1,Sep_W1,0.0031348,638.0
Blue-winged Warbler,9,2,Sep_W2,0.0,530.0
Blue-winged Warbler,9,3,Sep_W3,0.0,500.0
Blue-winged Warbler,9,4,Sep_W4,0.0,602.0
Blue-winged Warbler,10,1,Oct_W1,0.0,378.0
Blue-winged Warbler,10,2,Oct_W2,0.0,435.0
Blue-winged Warbler,10,3,Oct_W3,0.0,385.0
Blue-winged Warbler,10,4,Oct_W4,0.0,645.0
Blue-winged Warbler,11,1,Nov_W1,0.0,434.0
Blue-winged Warbler,11,2,Nov_W2,0.0,468.0
Blue-winged Warbler,11,3,Nov_W3,0.0,441.0
Blue-winged Warbler,11,4,Nov_W4,0.0,600.0
Blue-winged Warbler,12,1,Dec_W1,0.0,446.0
Blue-winged Warbler,12,2,Dec_W2,0.0,529.0
Blue-winged Warbler,12,3,Dec_W3,0.0,552.0
Blue-winged Warbler,12,4,Dec_W4,0.0,695.0
Black-and-white Warbler,1,1,Jan_W1,0.0,823.0
Black-and-white Warbler,1,2,Jan_W2,0.0,605.0
Black-and-white Warbler,1,3,Jan_W3,0.0,523.0
Black-and-white Warbler,1,4,Jan_W4,0.0,730.0
Black-and-white Warbler,2,1,Feb_W1,0.0,496.0
Black-and-white Warbler,2,2,Feb_W2,0.0,822.0
Black-and-white Warbler,2,3,Feb_W3,0.0,1575.0
Black-and-white Warbler,2,4,Feb_W4,0.0,612.0
Black-and-white Warbler,3,1,Mar_W1,0.0,608.0
Black-and-white Warbler,3,2,Mar_W2,0.0,740.0
Black-and-white Warbler,3,3,Mar_W3,0.0,665.0
Black-and-white Warbler,3,4,Mar_W4,0.0,843.0
Black-and-white Warbler,4,1,Apr_W1,0.0,743.0
Black-and-white Warbler,4,2,Apr_W2,0.0,762.0
Black-and-white Warbler,4,3,Apr_W3,0.0,775.0
Black-and-white Warbler,4,4,Apr_W4,0.0316667,1200.0
Black-and-white Warbler,5,1,May_W1,0.2022956,1394.0
Black-and-white Warbler,5,2,May_W2,0.3469734,4130.0
Black-and-white Warbler,5,3,May_W3,0.303482,8788.0
Black-and-white Warbler,5,4,May_W4,0.1276596,3337.0
Black-and-white Warbler,6,1,Jun_W1,0.0466321,965.0
Black-and-white Warbler,6,2,Jun_W2,0.0322129,714.0
Black-and-white Warbler,6,3,Jun_W3,0.025641,624.0
Black-and-white Warbler,6,4,Jun_W4,0.0255682,704.0
Black-and-white Warbler,7,1,Jul_W1,0.021692,922.0
Black-and-white Warbler,7,2,Jul_W2,0.0261941,649.0
Black-and-white Warbler,7,3,Jul_W3,0.0352505,539.0
Black-and-white Warbler,7,4,Jul_W4,0.0488827,716.0
Black-and-white Warbler,8,1,Aug_W1,0.0425139,541.0
Black-and-white Warbler,8,2,Aug_W2,0.0862069,464.0
Black-and-white Warbler,8,3,Aug_W3,0.1289134,543.0
Black-and-white Warbler,8,4,Aug_W4,0.1436031,766.0
Black-and-white Warbler,9,1,Sep_W1,0.145768,638.0
Black-and-white Warbler,9,2,Sep_W2,0.1320755,530.0
Black-and-white Warbler,9,3,Sep_W3,0.1,500.0
Black-and-white Warbler,9,4,Sep_W4,0.0647841,602.0
Black-and-white Warbler,10,1,Oct_W1,0.0026455,378.0
Black-and-white Warbler,10,2,Oct_W2,0.0,435.0
Black-and-white Warbler,10,3,Oct_W3,0.0,385.0
Black-and-white Warbler,10,4,Oct_W4,0.0,645.0
Black-and-white Warbler,11,1,Nov_W1,0.0,434.0
Black-and-white Warbler,11,2,Nov_W2,0.0,468.0
Black-and-white Warbler,11,3,Nov_W3,0.0,441.0
Black-and-white Warbler,11,4,Nov_W4,0.0,600.0
Black-and-white Warbler,12,1,Dec_W1,0.0,446.0
Black-and-white Warbler,12,2,Dec_W2,0.0,529.0
Black-and-white Warbler,12,3,Dec_W3,0.0,552.0
Black-and-white Warbler,12,4,Dec_W4,0.0,695.0
Prothonotary Warbler,1,1,Jan_W1,0.0,823.0
Prothonotary Warbler,1,2,Jan_W2,0.0,605.0
Prothonotary Warbler,1,3,Jan_W3,0.0,523.0
Prothonotary Warbler,1,4,Jan_W4,0.0,730.0
Prothonotary Warbler,2,1,Feb_W1,0.0,496.0
Prothonotary Warbler,2,2,Feb_W2,0.0,822.0
Prothonotary Warbler,2,3,Feb_W3,0.0,1575.0
Prothonotary Warbler,2,4,Feb_W4,0.0,612.0
Prothonotary Warbler,3,1,Mar_W1,0.0,608.0
Prothonotary Warbler,3,2,Mar_W2,0.0,740.0
Prothonotary Warbler,3,3,Mar_W3,0.0,665.0
Prothonotary Warbler,3,4,Mar_W4,0.0,843.0
Prothonotary Warbler,4,1,Apr_W1,0.0,743.0
Prothonotary Warbler,4,2,Apr_W2,0.0,762.0
Prothonotary Warbler,4,3,Apr_W3,0.0,775.0
Prothonotary Warbler,4,4,Apr_W4,0.0,1200.0
Prothonotary Warbler,5,1,May_W1,0.0007174,1394.0
Prothonotary Warbler,5,2,May_W2,0.0070218,4130.0
Prothonotary Warbler,5,3,May_W3,0.016386,8788.0
Prothonotary Warbler,5,4,May_W4,0.0056937,3337.0
Prothonotary Warbler,6,1,Jun_W1,0.0,965.0
Prothonotary Warbler,6,2,Jun_W2,0.0028011,714.0
Prothonotary Warbler,6,3,Jun_W3,0.0032051,624.0
Prothonotary Warbler,6,4,Jun_W4,0.0,704.0
Prothonotary Warbler,7,1,Jul_W1,0.0,922.0
Prothonotary Warbler,7,2,Jul_W2,0.0,649.0
Prothonotary Warbler,7,3,Jul_W3,0.0,539.0
Prothonotary Warbler,7,4,Jul_W4,0.0,716.0
Prothonotary Warbler,8,1,Aug_W1,0.0,541.0
Prothonotary Warbler,8,2,Aug_W2,0.0,464.0
Prothonotary Warbler,8,3,Aug_W3,0.0018416,543.0
Prothonotary Warbler,8,4,Aug_W4,0.0,766.0
Prothonotary Warbler,9,1,Sep_W1,0.0,638.0
Prothonotary Warbler,9,2,Sep_W2,0.0,530.0
Prothonotary Warbler,9,3,Sep_W3,0.0015,500.0
Prothonotary Warbler,9,4,Sep_W4,0.0,602.0
Prothonotary Warbler,10,1,Oct_W1,0.0,378.0
Prothonotary Warbler,10,2,Oct_W2,0.0,435.0
Prothonotary Warbler,10,3,Oct_W3,0.0,385.0
Prothonotary Warbler,10,4,Oct_W4,0.0,645.0
Prothonotary Warbler,11,1,Nov_W1,0.0,434.0
Prothonotary Warbler,11,2,Nov_W2,0.0,468.0
Prothonotary Warbler,11,3,Nov_W3,0.0,441.0
Prothonotary Warbler,11,4,Nov_W4,0.0,600.0
Prothonotary Warbler,12,1,Dec_W1,0.0,446.0
Prothonotary Warbler,12,2,Dec_W2,0.0,529.0
Prothonotary Warbler,12,3,Dec_W3,0.0,552.0
Prothonotary Warbler,12,4,Dec_W4,0.0,695.0
Tennessee Warbler,1,1,Jan_W1,0.0,823.0
Tennessee Warbler,1,2,Jan_W2,0.0,605.0
Tennessee Warbler,1,3,Jan_W3,0.0,523.0
Tennessee Warbler,1,4,Jan_W4,0.0,730.0
Tennessee Warbler,2,1,Feb_W1,0.0,496.0
Tennessee Warbler,2,2,Feb_W2,0.0,822.0
Tennessee Warbler,2,3,Feb_W3,0.0,1575.0
Tennessee Warbler,2,4,Feb_W4,0.0,612.0
Tennessee Warbler,3,1,Mar_W1,0.0,608.0
Tennessee Warbler,3,2,Mar_W2,0.0,740.0
Tennessee Warbler,3,3,Mar_W3,0.0,665.0
Tennessee Warbler,3,4,Mar_W4,0.0,843.0
Tennessee Warbler,4,1,Apr_W1,0.0,743.0
Tennessee Warbler,4,2,Apr_W2,0.0,762.0
Tennessee Warbler,4,3,Apr_W3,0.0,775.0
Tennessee Warbler,4,4,Apr_W4,0.0008333,1200.0
Tennessee Warbler,5,1,May_W1,0.0344333,1394.0
Tennessee Warbler,5,2,May_W2,0.1556901,4130.0
Tennessee Warbler,5,3,May_W3,0.3293127,8788.0
Tennessee Warbler,5,4,May_W4,0.2256518,3337.0
Tennessee Warbler,6,1,Jun_W1,0.0176166,965.0
Tennessee Warbler,6,2,Jun_W2,0.0,714.0
Tennessee Warbler,6,3,Jun_W3,0.0,624.0
Tennessee Warbler,6,4,Jun_W4,0.0,704.0
Tennessee Warbler,7,1,Jul_W1,0.0,922.0
Tennessee Warbler,7,2,Jul_W2,0.0,649.0
Tennessee Warbler,7,3,Jul_W3,0.0018553,539.0
Tennessee Warbler,7,4,Jul_W4,0.0069832,716.0
Tennessee Warbler,8,1,Aug_W1,0.0147874,541.0
Tennessee Warbler,8,2,Aug_W2,0.0193966,464.0
Tennessee Warbler,8,3,Aug_W3,0.0883978,543.0
Tennessee Warbler,8,4,Aug_W4,0.1253264,766.0
Tennessee Warbler,9,1,Sep_W1,0.1410658,638.0
Tennessee Warbler,9,2,Sep_W2,0.1245283,530.0
Tennessee Warbler,9,3,Sep_W3,0.084,500.0
Tennessee Warbler,9,4,Sep_W4,0.0348837,602.0
Tennessee Warbler,10,1,Oct_W1,0.026455,378.0
Tennessee Warbler,10,2,Oct_W2,0.0,435.0
Tennessee Warbler,10,3,Oct_W3,0.0,385.0
Tennessee Warbler,10,4,Oct_W4,0.0,645.0
Tennessee Warbler,11,1,Nov_W1,0.0,434.0
Tennessee Warbler,11,2,Nov_W2,0.0,468.0
Tennessee Warbler,11,3,Nov_W3,0.0,441.0
Tennessee Warbler,11,4,Nov_W4,0.0,600.0
Tennessee Warbler,12,1,Dec_W1,0.0,446.0
Tennessee Warbler,12,2,Dec_W2,0.0,529.0
Tennessee Warbler,12,3,Dec_W3,0.0,552.0
Tennessee Warbler,12,4,Dec_W4,0.0,695.0
Orange-crowned Warbler,1,1,Jan_W1,0.0072904,823.0
Orange-crowned Warbler,1,2,Jan_W2,0.0082645,605.0
Orange-crowned Warbler,1,3,Jan_W3,0.0038241,523.0
Orange-crowned Warbler,1,4,Jan_W4,0.0013699,730.0
Orange-crowned Warbler,2,1,Feb_W1,0.0,496.0
Orange-crowned Warbler,2,2,Feb_W2,0.0,822.0
Orange-crowned Warbler,2,3,Feb_W3,0.0,1575.0
Orange-crowned Warbler,2,4,Feb_W4,0.0,612.0
Orange-crowned Warbler,3,1,Mar_W1,0.0,608.0
Orange-crowned Warbler,3,2,Mar_W2,0.0,740.0
Orange-crowned Warbler,3,3,Mar_W3,0.0,665.0
Orange-crowned Warbler,3,4,Mar_W4,0.0,843.0
Orange-crowned Warbler,4,1,Apr_W1,0.0,743.0
Orange-crowned Warbler,4,2,Apr_W2,0.0,762.0
Orange-crowned Warbler,4,3,Apr_W3,0.0,775.0
Orange-crowned Warbler,4,4,Apr_W4,0.0075,1200.0
Orange-crowned Warbler,5,1,May_W1,0.0817791,1394.0
Orange-crowned Warbler,5,2,May_W2,0.1358354,4130.0
Orange-crowned Warbler,5,3,May_W3,0.1339326,8788.0
Orange-crowned Warbler,5,4,May_W4,0.0227749,3337.0
Orange-crowned Warbler,6,1,Jun_W1,0.0,965.0
Orange-crowned Warbler,6,2,Jun_W2,0.0,714.0
Orange-crowned Warbler,6,3,Jun_W3,0.0,624.0
Orange-crowned Warbler,6,4,Jun_W4,0.0,704.0
Orange-crowned Warbler,7,1,Jul_W1,0.0,922.0
Orange-crowned Warbler,7,2,Jul_W2,0.0,649.0
Orange-crowned Warbler,7,3,Jul_W3,0.0,539.0
Orange-crowned Warbler,7,4,Jul_W4,0.0,716.0
Orange-crowned Warbler,8,1,Aug_W1,0.0,541.0
Orange-crowned Warbler,8,2,Aug_W2,0.0,464.0
Orange-crowned Warbler,8,3,Aug_W3,0.0,543.0
Orange-crowned Warbler,8,4,Aug_W4,0.0,766.0
Orange-crowned Warbler,9,1,Sep_W1,0.0,638.0
Orange-crowned Warbler,9,2,Sep_W2,0.0,530.0
Orange-crowned Warbler,9,3,Sep_W3,0.026,500.0
Orange-crowned Warbler,9,4,Sep_W4,0.0415282,602.0
Orange-crowned Warbler,10,1,Oct_W1,0.0899471,378.0
Orange-crowned Warbler,10,2,Oct_W2,0.0781609,435.0
Orange-crowned Warbler,10,3,Oct_W3,0.025974,385.0
Orange-crowned Warbler,10,4,Oct_W4,0.0155039,645.0
Orange-crowned Warbler,11,1,Nov_W1,0.0184332,434.0
Orange-crowned Warbler,11,2,Nov_W2,0.0042735,468.0
Orange-crowned Warbler,11,3,Nov_W3,0.0022676,441.0
Orange-crowned Warbler,11,4,Nov_W4,0.0033333,600.0
Orange-crowned Warbler,12,1,Dec_W1,0.0246637,446.0
Orange-crowned Warbler,12,2,Dec_W2,0.0037807,529.0
Orange-crowned Warbler,12,3,Dec_W3,0.0036232,552.0
Orange-crowned Warbler,12,4,Dec_W4,0.0043165,695.0
Nashville Warbler,1,1,Jan_W1,0.0,823.0
Nashville Warbler,1,2,Jan_W2,0.0,605.0
Nashville Warbler,1,3,Jan_W3,0.0,523.0
Nashville Warbler,1,4,Jan_W4,0.0,730.0
Nashville Warbler,2,1,Feb_W1,0.0,496.0
Nashville Warbler,2,2,Feb_W2,0.0,822.0
Nashville Warbler,2,3,Feb_W3,0.0,1575.0
Nashville Warbler,2,4,Feb_W4,0.0,612.0
Nashville Warbler,3,1,Mar_W1,0.0,608.0
Nashville Warbler,3,2,Mar_W2,0.0,740.0
Nashville Warbler,3,3,Mar_W3,0.0,665.0
Nashville Warbler,3,4,Mar_W4,0.0,843.0
Nashville Warbler,4,1,Apr_W1,0.0,743.0
Nashville Warbler,4,2,Apr_W2,0.0,762.0
Nashville Warbler,4,3,Apr_W3,0.0012903,775.0
Nashville Warbler,4,4,Apr_W4,0.0308333,1200.0
Nashville Warbler,5,1,May_W1,0.2582496,1394.0
Nashville Warbler,5,2,May_W2,0.4598063,4130.0
Nashville Warbler,5,3,May_W3,0.3978152,8788.0
Nashville Warbler,5,4,May_W4,0.2118669,3337.0
Nashville Warbler,6,1,Jun_W1,0.1108808,965.0
Nashville Warbler,6,2,Jun_W2,0.0798319,714.0
Nashville Warbler,6,3,Jun_W3,0.0769231,624.0
Nashville Warbler,6,4,Jun_W4,0.0823864,704.0
Nashville Warbler,7,1,Jul_W1,0.0715835,922.0
Nashville Warbler,7,2,Jul_W2,0.0446841,649.0
Nashville Warbler,7,3,Jul_W3,0.0500928,539.0
Nashville Warbler,7,4,Jul_W4,0.0544693,716.0
Nashville Warbler,8,1,Aug_W1,0.0924214,541.0
Nashville Warbler,8,2,Aug_W2,0.112069,464.0
Nashville Warbler,8,3,Aug_W3,0.1565378,543.0
Nashville Warbler,8,4,Aug_W4,0.1723238,766.0
Nashville Warbler,9,1,Sep_W1,0.1943574,638.0
Nashville Warbler,9,2,Sep_W2,0.1886792,530.0
Nashville Warbler,9,3,Sep_W3,0.162,500.0
Nashville Warbler,9,4,Sep_W4,0.1428571,602.0
Nashville Warbler,10,1,Oct_W1,0.0740741,378.0
Nashville Warbler,10,2,Oct_W2,0.0436782,435.0
Nashville Warbler,10,3,Oct_W3,0.0051948,385.0
Nashville Warbler,10,4,Oct_W4,0.0062016,645.0
Nashville Warbler,11,1,Nov_W1,0.0,434.0
Nashville Warbler,11,2,Nov_W2,0.0,468.0
Nashville Warbler,11,3,Nov_W3,0.0,441.0
Nashville Warbler,11,4,Nov_W4,0.0,600.0
Nashville Warbler,12,1,Dec_W1,0.0044843,446.0
Nashville Warbler,12,2,Dec_W2,0.0,529.0
Nashville Warbler,12,3,Dec_W3,0.0,552.0
Nashville Warbler,12,4,Dec_W4,0.0,695.0
Connecticut Warbler,1,1,Jan_W1,0.0,823.0
Connecticut Warbler,1,2,Jan_W2,0.0,605.0
Connecticut Warbler,1,3,Jan_W3,0.0,523.0
Connecticut Warbler,1,4,Jan_W4,0.0,730.0
Connecticut Warbler,2,1,Feb_W1,0.0,496.0
Connecticut Warbler,2,2,Feb_W2,0.0,822.0
Connecticut Warbler,2,3,Feb_W3,0.0,1575.0
Connecticut Warbler,2,4,Feb_W4,0.0,612.0
Connecticut Warbler,3,1,Mar_W1,0.0,608.0
Connecticut Warbler,3,2,Mar_W2,0.0,740.0
Connecticut Warbler,3,3,Mar_W3,0.0,665.0
Connecticut Warbler,3,4,Mar_W4,0.0,843.0
Connecticut Warbler,4,1,Apr_W1,0.0,743.0
Connecticut Warbler,4,2,Apr_W2,0.0,762.0
Connecticut Warbler,4,3,Apr_W3,0.0,775.0
Connecticut Warbler,4,4,Apr_W4,0.0,1200.0
Connecticut Warbler,5,1,May_W1,0.0,1394.0
Connecticut Warbler,5,2,May_W2,0.001937,4130.0
Connecticut Warbler,5,3,May_W3,0.0096723,8788.0
Connecticut Warbler,5,4,May_W4,0.0080911,3337.0
Connecticut Warbler,6,1,Jun_W1,0.0010363,965.0
Connecticut Warbler,6,2,Jun_W2,0.0,714.0
Connecticut Warbler,6,3,Jun_W3,0.0,624.0
Connecticut Warbler,6,4,Jun_W4,0.0,704.0
Connecticut Warbler,7,1,Jul_W1,0.0,922.0
Connecticut Warbler,7,2,Jul_W2,0.0,649.0
Connecticut Warbler,7,3,Jul_W3,0.0,539.0
Connecticut Warbler,7,4,Jul_W4,0.0,716.0
Connecticut Warbler,8,1,Aug_W1,0.0,541.0
Connecticut Warbler,8,2,Aug_W2,0.0,464.0
Connecticut Warbler,8,3,Aug_W3,0.0,543.0
Connecticut Warbler,8,4,Aug_W4,0.0,766.0
Connecticut Warbler,9,1,Sep_W1,0.0031348,638.0
Connecticut Warbler,9,2,Sep_W2,0.0037736,530.0
Connecticut Warbler,9,3,Sep_W3,0.0,500.0
Connecticut Warbler,9,4,Sep_W4,0.0,602.0
Connecticut Warbler,10,1,Oct_W1,0.0,378.0
Connecticut Warbler,10,2,Oct_W2,0.0,435.0
Connecticut Warbler,10,3,Oct_W3,0.0,385.0
Connecticut Warbler,10,4,Oct_W4,0.0,645.0
Connecticut Warbler,11,1,Nov_W1,0.0,434.0
Connecticut Warbler,11,2,Nov_W2,0.0,468.0
Connecticut Warbler,11,3,Nov_W3,0.0,441.0
Connecticut Warbler,11,4,Nov_W4,0.0,600.0
Connecticut Warbler,12,1,Dec_W1,0.0,446.0
Connecticut Warbler,12,2,Dec_W2,0.0,529.0
Connecticut Warbler,12,3,Dec_W3,0.0,552.0
Connecticut Warbler,12,4,Dec_W4,0.0,695.0
Mourning Warbler,1,1,Jan_W1,0.0,823.0
Mourning Warbler,1,2,Jan_W2,0.0,605.0
Mourning Warbler,1,3,Jan_W3,0.0,523.0
Mourning Warbler,1,4,Jan_W4,0.0,730.0
Mourning Warbler,2,1,Feb_W1,0.0,496.0
Mourning Warbler,2,2,Feb_W2,0.0,822.0
Mourning Warbler,2,3,Feb_W3,0.0,1575.0
Mourning Warbler,2,4,Feb_W4,0.0,612.0
Mourning Warbler,3,1,Mar_W1,0.0,608.0
Mourning Warbler,3,2,Mar_W2,0.0,740.0
Mourning Warbler,3,3,Mar_W3,0.0,665.0
Mourning Warbler,3,4,Mar_W4,0.0,843.0
Mourning Warbler,4,1,Apr_W1,0.0,743.0
Mourning Warbler,4,2,Apr_W2,0.0,762.0
Mourning Warbler,4,3,Apr_W3,0.0,775.0
Mourning Warbler,4,4,Apr_W4,0.0,1200.0
Mourning Warbler,5,1,May_W1,0.0007174,1394.0
Mourning Warbler,5,2,May_W2,0.031477,4130.0
Mourning Warbler,5,3,May_W3,0.0768093,8788.0
Mourning Warbler,5,4,May_W4,0.1069823,3337.0
Mourning Warbler,6,1,Jun_W1,0.0279793,965.0
Mourning Warbler,6,2,Jun_W2,0.0140056,714.0
Mourning Warbler,6,3,Jun_W3,0.0064103,624.0
Mourning Warbler,6,4,Jun_W4,0.0056818,704.0
Mourning Warbler,7,1,Jul_W1,0.0032538,922.0
Mourning Warbler,7,2,Jul_W2,0.0,649.0
Mourning Warbler,7,3,Jul_W3,0.0,539.0
Mourning Warbler,7,4,Jul_W4,0.0027933,716.0
Mourning Warbler,8,1,Aug_W1,0.0,541.0
Mourning Warbler,8,2,Aug_W2,0.0015,464.0
Mourning Warbler,8,3,Aug_W3,0.0036832,543.0
Mourning Warbler,8,4,Aug_W4,0.0104439,766.0
Mourning Warbler,9,1,Sep_W1,0.0188088,638.0
Mourning Warbler,9,2,Sep_W2,0.0113208,530.0
Mourning Warbler,9,3,Sep_W3,0.004,500.0
Mourning Warbler,9,4,Sep_W4,0.0033223,602.0
Mourning Warbler,10,1,Oct_W1,0.0,378.0
Mourning Warbler,10,2,Oct_W2,0.0,435.0
Mourning Warbler,10,3,Oct_W3,0.0,385.0
Mourning Warbler,10,4,Oct_W4,0.0,645.0
Mourning Warbler,11,1,Nov_W1,0.0,434.0
Mourning Warbler,11,2,Nov_W2,0.0,468.0
Mourning Warbler,11,3,Nov_W3,0.0,441.0
Mourning Warbler,11,4,Nov_W4,0.0,600.0
Mourning Warbler,12,1,Dec_W1,0.0,446.0
Mourning Warbler,12,2,Dec_W2,0.0,529.0
Mourning Warbler,12,3,Dec_W3,0.0,552.0
Mourning Warbler,12,4,Dec_W4,0.0,695.0
Kentucky Warbler,1,1,Jan_W1,0.0,823.0
Kentucky Warbler,1,2,Jan_W2,0.0,605.0
Kentucky Warbler,1,3,Jan_W3,0.0,523.0
Kentucky Warbler,1,4,Jan_W4,0.0,730.0
Kentucky Warbler,2,1,Feb_W1,0.0,496.0
Kentucky Warbler,2,2,Feb_W2,0.0,822.0
Kentucky Warbler,2,3,Feb_W3,0.0,1575.0
Kentucky Warbler,2,4,Feb_W4,0.0,612.0
Kentucky Warbler,3,1,Mar_W1,0.0,608.0
Kentucky Warbler,3,2,Mar_W2,0.0,740.0
Kentucky Warbler,3,3,Mar_W3,0.0,665.0
Kentucky Warbler,3,4,Mar_W4,0.0,843.0
Kentucky Warbler,4,1,Apr_W1,0.0,743.0
Kentucky Warbler,4,2,Apr_W2,0.0,762.0
Kentucky Warbler,4,3,Apr_W3,0.0,775.0
Kentucky Warbler,4,4,Apr_W4,0.0,1200.0
Kentucky Warbler,5,1,May_W1,0.0,1394.0
Kentucky Warbler,5,2,May_W2,0.0,4130.0
Kentucky Warbler,5,3,May_W3,0.0175239,8788.0
Kentucky Warbler,5,4,May_W4,0.0,3337.0
Kentucky Warbler,6,1,Jun_W1,0.0,965.0
Kentucky Warbler,6,2,Jun_W2,0.0,714.0
Kentucky Warbler,6,3,Jun_W3,0.0,624.0
Kentucky Warbler,6,4,Jun_W4,0.0,704.0
Kentucky Warbler,7,1,Jul_W1,0.0,922.0
Kentucky Warbler,7,2,Jul_W2,0.0,649.0
Kentucky Warbler,7,3,Jul_W3,0.0,539.0
Kentucky Warbler,7,4,Jul_W4,0.0,716.0
Kentucky Warbler,8,1,Aug_W1,0.0,541.0
Kentucky Warbler,8,2,Aug_W2,0.0,464.0
Kentucky Warbler,8,3,Aug_W3,0.0,543.0
Kentucky Warbler,8,4,Aug_W4,0.0,766.0
Kentucky Warbler,9,1,Sep_W1,0.0,638.0
Kentucky Warbler,9,2,Sep_W2,0.0,530.0
Kentucky Warbler,9,3,Sep_W3,0.0,500.0
Kentucky Warbler,9,4,Sep_W4,0.0,602.0
Kentucky Warbler,10,1,Oct_W1,0.0,378.0
Kentucky Warbler,10,2,Oct_W2,0.0,435.0
Kentucky Warbler,10,3,Oct_W3,0.0,385.0
Kentucky Warbler,10,4,Oct_W4,0.0,645.0
Kentucky Warbler,11,1,Nov_W1,0.0,434.0
Kentucky Warbler,11,2,Nov_W2,0.0,468.0
Kentucky Warbler,11,3,Nov_W3,0.0,441.0
Kentucky Warbler,11,4,Nov_W4,0.0,600.0
Kentucky Warbler,12,1,Dec_W1,0.0,446.0
Kentucky Warbler,12,2,Dec_W2,0.0,529.0
Kentucky Warbler,12,3,Dec_W3,0.0,552.0
Kentucky Warbler,12,4,Dec_W4,0.0,695.0
Common Yellowthroat,1,1,Jan_W1,0.0,823.0
Common Yellowthroat,1,2,Jan_W2,0.0,605.0
Common Yellowthroat,1,3,Jan_W3,0.0,523.0
Common Yellowthroat,1,4,Jan_W4,0.0,730.0
Common Yellowthroat,2,1,Feb_W1,0.0,496.0
Common Yellowthroat,2,2,Feb_W2,0.0,822.0
Common Yellowthroat,2,3,Feb_W3,0.0,1575.0
Common Yellowthroat,2,4,Feb_W4,0.0,612.0
Common Yellowthroat,3,1,Mar_W1,0.0,608.0
Common Yellowthroat,3,2,Mar_W2,0.0,740.0
Common Yellowthroat,3,3,Mar_W3,0.0,665.0
Common Yellowthroat,3,4,Mar_W4,0.0,843.0
Common Yellowthroat,4,1,Apr_W1,0.0,743.0
Common Yellowthroat,4,2,Apr_W2,0.0,762.0
Common Yellowthroat,4,3,Apr_W3,0.0,775.0
Common Yellowthroat,4,4,Apr_W4,0.0116667,1200.0
Common Yellowthroat,5,1,May_W1,0.0932568,1394.0
Common Yellowthroat,5,2,May_W2,0.3232446,4130.0
Common Yellowthroat,5,3,May_W3,0.4665453,8788.0
Common Yellowthroat,5,4,May_W4,0.4378184,3337.0
Common Yellowthroat,6,1,Jun_W1,0.3792746,965.0
Common Yellowthroat,6,2,Jun_W2,0.32493,714.0
Common Yellowthroat,6,3,Jun_W3,0.3173077,624.0
Common Yellowthroat,6,4,Jun_W4,0.3053977,704.0
Common Yellowthroat,7,1,Jul_W1,0.2483731,922.0
Common Yellowthroat,7,2,Jul_W2,0.2619414,649.0
Common Yellowthroat,7,3,Jul_W3,0.2690167,539.0
Common Yellowthroat,7,4,Jul_W4,0.2164804,716.0
Common Yellowthroat,8,1,Aug_W1,0.1756007,541.0
Common Yellowthroat,8,2,Aug_W2,0.1573276,464.0
Common Yellowthroat,8,3,Aug_W3,0.1620626,543.0
Common Yellowthroat,8,4,Aug_W4,0.2232376,766.0
Common Yellowthroat,9,1,Sep_W1,0.2836991,638.0
Common Yellowthroat,9,2,Sep_W2,0.2943396,530.0
Common Yellowthroat,9,3,Sep_W3,0.268,500.0
Common Yellowthroat,9,4,Sep_W4,0.2043189,602.0
Common Yellowthroat,10,1,Oct_W1,0.1322751,378.0
Common Yellowthroat,10,2,Oct_W2,0.0252874,435.0
Common Yellowthroat,10,3,Oct_W3,0.0103896,385.0
Common Yellowthroat,10,4,Oct_W4,0.0,645.0
Common Yellowthroat,11,1,Nov_W1,0.0023041,434.0
Common Yellowthroat,11,2,Nov_W2,0.0,468.0
Common Yellowthroat,11,3,Nov_W3,0.0,441.0
Common Yellowthroat,11,4,Nov_W4,0.0,600.0
Common Yellowthroat,12,1,Dec_W1,0.0,446.0
Common Yellowthroat,12,2,Dec_W2,0.0,529.0
Common Yellowthroat,12,3,Dec_W3,0.0,552.0
Common Yellowthroat,12,4,Dec_W4,0.0,695.0
Hooded Warbler,1,1,Jan_W1,0.0,823.0
Hooded Warbler,1,2,Jan_W2,0.0,605.0
Hooded Warbler,1,3,Jan_W3,0.0,523.0
Hooded Warbler,1,4,Jan_W4,0.0,730.0
Hooded Warbler,2,1,Feb_W1,0.0,496.0
Hooded Warbler,2,2,Feb_W2,0.0,822.0
Hooded Warbler,2,3,Feb_W3,0.0,1575.0
Hooded Warbler,2,4,Feb_W4,0.0,612.0
Hooded Warbler,3,1,Mar_W1,0.0,608.0
Hooded Warbler,3,2,Mar_W2,0.0,740.0
Hooded Warbler,3,3,Mar_W3,0.0,665.0
Hooded Warbler,3,4,Mar_W4,0.0,843.0
Hooded Warbler,4,1,Apr_W1,0.0,743.0
Hooded Warbler,4,2,Apr_W2,0.0,762.0
Hooded Warbler,4,3,Apr_W3,0.0,775.0
Hooded Warbler,4,4,Apr_W4,0.0,1200.0
Hooded Warbler,5,1,May_W1,0.0014347,1394.0
Hooded Warbler,5,2,May_W2,0.0007264,4130.0
Hooded Warbler,5,3,May_W3,0.0065999,8788.0
Hooded Warbler,5,4,May_W4,0.0023974,3337.0
Hooded Warbler,6,1,Jun_W1,0.0,965.0
Hooded Warbler,6,2,Jun_W2,0.0,714.0
Hooded Warbler,6,3,Jun_W3,0.0,624.0
Hooded Warbler,6,4,Jun_W4,0.0,704.0
Hooded Warbler,7,1,Jul_W1,0.0,922.0
Hooded Warbler,7,2,Jul_W2,0.0,649.0
Hooded Warbler,7,3,Jul_W3,0.0,539.0
Hooded Warbler,7,4,Jul_W4,0.0,716.0
Hooded Warbler,8,1,Aug_W1,0.0018484,541.0
Hooded Warbler,8,2,Aug_W2,0.0,464.0
Hooded Warbler,8,3,Aug_W3,0.0,543.0
Hooded Warbler,8,4,Aug_W4,0.0,766.0
Hooded Warbler,9,1,Sep_W1,0.0,638.0
Hooded Warbler,9,2,Sep_W2,0.0,530.0
Hooded Warbler,9,3,Sep_W3,0.0,500.0
Hooded Warbler,9,4,Sep_W4,0.0,602.0
Hooded Warbler,10,1,Oct_W1,0.0,378.0
Hooded Warbler,10,2,Oct_W2,0.0,435.0
Hooded Warbler,10,3,Oct_W3,0.0,385.0
Hooded Warbler,10,4,Oct_W4,0.0,645.0
Hooded Warbler,11,1,Nov_W1,0.0,434.0
Hooded Warbler,11,2,Nov_W2,0.0,468.0
Hooded Warbler,11,3,Nov_W3,0.0,441.0
Hooded Warbler,11,4,Nov_W4,0.0,600.0
Hooded Warbler,12,1,Dec_W1,0.0,446.0
Hooded Warbler,12,2,Dec_W2,0.0,529.0
Hooded Warbler,12,3,Dec_W3,0.0,552.0
Hooded Warbler,12,4,Dec_W4,0.0,695.0
American Redstart,1,1,Jan_W1,0.0,823.0
American Redstart,1,2,Jan_W2,0.0,605.0
American Redstart,1,3,Jan_W3,0.0,523.0
American Redstart,1,4,Jan_W4,0.0,730.0
American Redstart,2,1,Feb_W1,0.0,496.0
American Redstart,2,2,Feb_W2,0.0,822.0
American Redstart,2,3,Feb_W3,0.0,1575.0
American Redstart,2,4,Feb_W4,0.0,612.0
American Redstart,3,1,Mar_W1,0.0,608.0
American Redstart,3,2,Mar_W2,0.0,740.0
American Redstart,3,3,Mar_W3,0.0,665.0
American Redstart,3,4,Mar_W4,0.0,843.0
American Redstart,4,1,Apr_W1,0.0,743.0
American Redstart,4,2,Apr_W2,0.0,762.0
American Redstart,4,3,Apr_W3,0.0,775.0
American Redstart,4,4,Apr_W4,0.0033333,1200.0
American Redstart,5,1,May_W1,0.0502152,1394.0
American Redstart,5,2,May_W2,0.3559322,4130.0
American Redstart,5,3,May_W3,0.5317478,8788.0
American Redstart,5,4,May_W4,0.4965538,3337.0
American Redstart,6,1,Jun_W1,0.3564767,965.0
American Redstart,6,2,Jun_W2,0.289916,714.0
American Redstart,6,3,Jun_W3,0.2900641,624.0
American Redstart,6,4,Jun_W4,0.2698864,704.0
American Redstart,7,1,Jul_W1,0.175705,922.0
American Redstart,7,2,Jul_W2,0.155624,649.0
American Redstart,7,3,Jul_W3,0.1502783,539.0
American Redstart,7,4,Jul_W4,0.1187151,716.0
American Redstart,8,1,Aug_W1,0.12939,541.0
American Redstart,8,2,Aug_W2,0.1530172,464.0
American Redstart,8,3,Aug_W3,0.1933702,543.0
American Redstart,8,4,Aug_W4,0.2819843,766.0
American Redstart,9,1,Sep_W1,0.346395,638.0
American Redstart,9,2,Sep_W2,0.3188679,530.0
American Redstart,9,3,Sep_W3,0.268,500.0
American Redstart,9,4,Sep_W4,0.2026578,602.0
American Redstart,10,1,Oct_W1,0.1111111,378.0
American Redstart,10,2,Oct_W2,0.0436782,435.0
American Redstart,10,3,Oct_W3,0.0077922,385.0
American Redstart,10,4,Oct_W4,0.0031008,645.0
American Redstart,11,1,Nov_W1,0.0,434.0
American Redstart,11,2,Nov_W2,0.0,468.0
American Redstart,11,3,Nov_W3,0.0,441.0
American Redstart,11,4,Nov_W4,0.0,600.0
American Redstart,12,1,Dec_W1,0.0,446.0
American Redstart,12,2,Dec_W2,0.0,529.0
American Redstart,12,3,Dec_W3,0.0,552.0
American Redstart,12,4,Dec_W4,0.0,695.0
Kirtland's Warbler,1,1,Jan_W1,0.0,823.0
Kirtland's Warbler,1,2,Jan_W2,0.0,605.0
Kirtland's Warbler,1,3,Jan_W3,0.0,523.0
Kirtland's Warbler,1,4,Jan_W4,0.0,730.0
Kirtland's Warbler,2,1,Feb_W1,0.0,496.0
Kirtland's Warbler,2,2,Feb_W2,0.0,822.0
Kirtland's Warbler,2,3,Feb_W3,0.0,1575.0
Kirtland's Warbler,2,4,Feb_W4,0.0,612.0
Kirtland's Warbler,3,1,Mar_W1,0.0,608.0
Kirtland's Warbler,3,2,Mar_W2,0.0,740.0
Kirtland's Warbler,3,3,Mar_W3,0.0,665.0
Kirtland's Warbler,3,4,Mar_W4,0.0,843.0
Kirtland's Warbler,4,1,Apr_W1,0.0,743.0
Kirtland's Warbler,4,2,Apr_W2,0.0,762.0
Kirtland's Warbler,4,3,Apr_W3,0.0,775.0
Kirtland's Warbler,4,4,Apr_W4,0.0,1200.0
Kirtland's Warbler,5,1,May_W1,0.0107604,1394.0
Kirtland's Warbler,5,2,May_W2,0.0515738,4130.0
Kirtland's Warbler,5,3,May_W3,0.0666818,8788.0
Kirtland's Warbler,5,4,May_W4,0.0611328,3337.0
Kirtland's Warbler,6,1,Jun_W1,0.0642487,965.0
Kirtland's Warbler,6,2,Jun_W2,0.0714286,714.0
Kirtland's Warbler,6,3,Jun_W3,0.0673077,624.0
Kirtland's Warbler,6,4,Jun_W4,0.0397727,704.0
Kirtland's Warbler,7,1,Jul_W1,0.0488069,922.0
Kirtland's Warbler,7,2,Jul_W2,0.0354391,649.0
Kirtland's Warbler,7,3,Jul_W3,0.0204082,539.0
Kirtland's Warbler,7,4,Jul_W4,0.0125698,716.0
Kirtland's Warbler,8,1,Aug_W1,0.0110906,541.0
Kirtland's Warbler,8,2,Aug_W2,0.0086207,464.0
Kirtland's Warbler,8,3,Aug_W3,0.0202578,543.0
Kirtland's Warbler,8,4,Aug_W4,0.002611,766.0
Kirtland's Warbler,9,1,Sep_W1,0.007837,638.0
Kirtland's Warbler,9,2,Sep_W2,0.0113208,530.0
Kirtland's Warbler,9,3,Sep_W3,0.008,500.0
Kirtland's Warbler,9,4,Sep_W4,0.0049834,602.0
Kirtland's Warbler,10,1,Oct_W1,0.0,378.0
Kirtland's Warbler,10,2,Oct_W2,0.0,435.0
Kirtland's Warbler,10,3,Oct_W3,0.0,385.0
Kirtland's Warbler,10,4,Oct_W4,0.0,645.0
Kirtland's Warbler,11,1,Nov_W1,0.0,434.0
Kirtland's Warbler,11,2,Nov_W2,0.0,468.0
Kirtland's Warbler,11,3,Nov_W3,0.0,441.0
Kirtland's Warbler,11,4,Nov_W4,0.0,600.0
Kirtland's Warbler,12,1,Dec_W1,0.0,446.0
Kirtland's Warbler,12,2,Dec_W2,0.0,529.0
Kirtland's Warbler,12,3,Dec_W3,0.0,552.0
Kirtland's Warbler,12,4,Dec_W4,0.0,695.0
Cape May Warbler,1,1,Jan_W1,0.0,823.0
Cape May Warbler,1,2,Jan_W2,0.0,605.0
Cape May Warbler,1,3,Jan_W3,0.0,523.0
Cape May Warbler,1,4,Jan_W4,0.0,730.0
Cape May Warbler,2,1,Feb_W1,0.0,496.0
Cape May Warbler,2,2,Feb_W2,0.0,822.0
Cape May Warbler,2,3,Feb_W3,0.0,1575.0
Cape May Warbler,2,4,Feb_W4,0.0,612.0
Cape May Warbler,3,1,Mar_W1,0.0,608.0
Cape May Warbler,3,2,Mar_W2,0.0,740.0
Cape May Warbler,3,3,Mar_W3,0.0,665.0
Cape May Warbler,3,4,Mar_W4,0.0,843.0
Cape May Warbler,4,1,Apr_W1,0.0,743.0
Cape May Warbler,4,2,Apr_W2,0.0,762.0
Cape May Warbler,4,3,Apr_W3,0.0,775.0
Cape May Warbler,4,4,Apr_W4,0.0016667,1200.0
Cape May Warbler,5,1,May_W1,0.0767575,1394.0
Cape May Warbler,5,2,May_W2,0.2322034,4130.0
Cape May Warbler,5,3,May_W3,0.2238279,8788.0
Cape May Warbler,5,4,May_W4,0.0722206,3337.0
Cape May Warbler,6,1,Jun_W1,0.0,965.0
Cape May Warbler,6,2,Jun_W2,0.0,714.0
Cape May Warbler,6,3,Jun_W3,0.0,624.0
Cape May Warbler,6,4,Jun_W4,0.0,704.0
Cape May Warbler,7,1,Jul_W1,0.0,922.0
Cape May Warbler,7,2,Jul_W2,0.0,649.0
Cape May Warbler,7,3,Jul_W3,0.0,539.0
Cape May Warbler,7,4,Jul_W4,0.0153631,716.0
Cape May Warbler,8,1,Aug_W1,0.0369686,541.0
Cape May Warbler,8,2,Aug_W2,0.0625,464.0
Cape May Warbler,8,3,Aug_W3,0.1436464,543.0
Cape May Warbler,8,4,Aug_W4,0.2167102,766.0
Cape May Warbler,9,1,Sep_W1,0.2084639,638.0
Cape May Warbler,9,2,Sep_W2,0.1679245,530.0
Cape May Warbler,9,3,Sep_W3,0.098,500.0
Cape May Warbler,9,4,Sep_W4,0.038206,602.0
Cape May Warbler,10,1,Oct_W1,0.005291,378.0
Cape May Warbler,10,2,Oct_W2,0.0045977,435.0
Cape May Warbler,10,3,Oct_W3,0.0025974,385.0
Cape May Warbler,10,4,Oct_W4,0.0062016,645.0
Cape May Warbler,11,1,Nov_W1,0.0,434.0
Cape May Warbler,11,2,Nov_W2,0.0,468.0
Cape May Warbler,11,3,Nov_W3,0.0,441.0
Cape May Warbler,11,4,Nov_W4,0.0,600.0
Cape May Warbler,12,1,Dec_W1,0.0,446.0
Cape May Warbler,12,2,Dec_W2,0.0,529.0
Cape May Warbler,12,3,Dec_W3,0.0,552.0
Cape May Warbler,12,4,Dec_W4,0.0,695.0
Cerulean Warbler,1,1,Jan_W1,0.0,823.0
Cerulean Warbler,1,2,Jan_W2,0.0,605.0
Cerulean Warbler,1,3,Jan_W3,0.0,523.0
Cerulean Warbler,1,4,Jan_W4,0.0,730.0
Cerulean Warbler,2,1,Feb_W1,0.0,496.0
Cerulean Warbler,2,2,Feb_W2,0.0,822.0
Cerulean Warbler,2,3,Feb_W3,0.0,1575.0
Cerulean Warbler,2,4,Feb_W4,0.0,612.0
Cerulean Warbler,3,1,Mar_W1,0.0,608.0
Cerulean Warbler,3,2,Mar_W2,0.0,740.0
Cerulean Warbler,3,3,Mar_W3,0.0,665.0
Cerulean Warbler,3,4,Mar_W4,0.0,843.0
Cerulean Warbler,4,1,Apr_W1,0.0,743.0
Cerulean Warbler,4,2,Apr_W2,0.0,762.0
Cerulean Warbler,4,3,Apr_W3,0.0,775.0
Cerulean Warbler,4,4,Apr_W4,0.0,1200.0
Cerulean Warbler,5,1,May_W1,0.0,1394.0
Cerulean Warbler,5,2,May_W2,0.0101695,4130.0
Cerulean Warbler,5,3,May_W3,0.0072827,8788.0
Cerulean Warbler,5,4,May_W4,0.0020977,3337.0
Cerulean Warbler,6,1,Jun_W1,0.0,965.0
Cerulean Warbler,6,2,Jun_W2,0.0,714.0
Cerulean Warbler,6,3,Jun_W3,0.0,624.0
Cerulean Warbler,6,4,Jun_W4,0.0,704.0
Cerulean Warbler,7,1,Jul_W1,0.0,922.0
Cerulean Warbler,7,2,Jul_W2,0.0,649.0
Cerulean Warbler,7,3,Jul_W3,0.0,539.0
Cerulean Warbler,7,4,Jul_W4,0.0,716.0
Cerulean Warbler,8,1,Aug_W1,0.0,541.0
Cerulean Warbler,8,2,Aug_W2,0.0,464.0
Cerulean Warbler,8,3,Aug_W3,0.0,543.0
Cerulean Warbler,8,4,Aug_W4,0.0,766.0
Cerulean Warbler,9,1,Sep_W1,0.0,638.0
Cerulean Warbler,9,2,Sep_W2,0.0,530.0
Cerulean Warbler,9,3,Sep_W3,0.0,500.0
Cerulean Warbler,9,4,Sep_W4,0.0,602.0
Cerulean Warbler,10,1,Oct_W1,0.0,378.0
Cerulean Warbler,10,2,Oct_W2,0.0,435.0
Cerulean Warbler,10,3,Oct_W3,0.0,385.0
Cerulean Warbler,10,4,Oct_W4,0.0,645.0
Cerulean Warbler,11,1,Nov_W1,0.0,434.0
Cerulean Warbler,11,2,Nov_W2,0.0,468.0
Cerulean Warbler,11,3,Nov_W3,0.0,441.0
Cerulean Warbler,11,4,Nov_W4,0.0,600.0
Cerulean Warbler,12,1,Dec_W1,0.0,446.0
Cerulean Warbler,12,2,Dec_W2,0.0,529.0
Cerulean Warbler,12,3,Dec_W3,0.0,552.0
Cerulean Warbler,12,4,Dec_W4,0.0,695.0
Northern Parula,1,1,Jan_W1,0.0,823.0
Northern Parula,1,2,Jan_W2,0.0,605.0
Northern Parula,1,3,Jan_W3,0.0,523.0
Northern Parula,1,4,Jan_W4,0.0,730.0
Northern Parula,2,1,Feb_W1,0.0,496.0
Northern Parula,2,2,Feb_W2,0.0,822.0
Northern Parula,2,3,Feb_W3,0.0,1575.0
Northern Parula,2,4,Feb_W4,0.0,612.0
Northern Parula,3,1,Mar_W1,0.0,608.0
Northern Parula,3,2,Mar_W2,0.0,740.0
Northern Parula,3,3,Mar_W3,0.0,665.0
Northern Parula,3,4,Mar_W4,0.0,843.0
Northern Parula,4,1,Apr_W1,0.0,743.0
Northern Parula,4,2,Apr_W2,0.0,762.0
Northern Parula,4,3,Apr_W3,0.0,775.0
Northern Parula,4,4,Apr_W4,0.0083333,1200.0
Northern Parula,5,1,May_W1,0.1083214,1394.0
Northern Parula,5,2,May_W2,0.3387409,4130.0
Northern Parula,5,3,May_W3,0.3972462,8788.0
Northern Parula,5,4,May_W4,0.1977824,3337.0
Northern Parula,6,1,Jun_W1,0.0207254,965.0
Northern Parula,6,2,Jun_W2,0.0028011,714.0
Northern Parula,6,3,Jun_W3,0.0016026,624.0
Northern Parula,6,4,Jun_W4,0.0,704.0
Northern Parula,7,1,Jul_W1,0.0,922.0
Northern Parula,7,2,Jul_W2,0.0,649.0
Northern Parula,7,3,Jul_W3,0.0,539.0
Northern Parula,7,4,Jul_W4,0.0125698,716.0
Northern Parula,8,1,Aug_W1,0.0073937,541.0
Northern Parula,8,2,Aug_W2,0.0107759,464.0
Northern Parula,8,3,Aug_W3,0.0165746,543.0
Northern Parula,8,4,Aug_W4,0.0522193,766.0
Northern Parula,9,1,Sep_W1,0.1050157,638.0
Northern Parula,9,2,Sep_W2,0.1622642,530.0
Northern Parula,9,3,Sep_W3,0.15,500.0
Northern Parula,9,4,Sep_W4,0.0714286,602.0
Northern Parula,10,1,Oct_W1,0.0343915,378.0
Northern Parula,10,2,Oct_W2,0.0114943,435.0
Northern Parula,10,3,Oct_W3,0.0051948,385.0
Northern Parula,10,4,Oct_W4,0.0015504,645.0
Northern Parula,11,1,Nov_W1,0.0,434.0
Northern Parula,11,2,Nov_W2,0.0,468.0
Northern Parula,11,3,Nov_W3,0.0,441.0
Northern Parula,11,4,Nov_W4,0.0,600.0
Northern Parula,12,1,Dec_W1,0.0,446.0
Northern Parula,12,2,Dec_W2,0.0,529.0
Northern Parula,12,3,Dec_W3,0.0,552.0
Northern Parula,12,4,Dec_W4,0.0,695.0
Magnolia Warbler,1,1,Jan_W1,0.0,823.0
Magnolia Warbler,1,2,Jan_W2,0.0,605.0
Magnolia Warbler,1,3,Jan_W3,0.0,523.0
Magnolia Warbler,1,4,Jan_W4,0.0,730.0
Magnolia Warbler,2,1,Feb_W1,0.0,496.0
Magnolia Warbler,2,2,Feb_W2,0.0,822.0
Magnolia Warbler,2,3,Feb_W3,0.0,1575.0
Magnolia Warbler,2,4,Feb_W4,0.0,612.0
Magnolia Warbler,3,1,Mar_W1,0.0,608.0
Magnolia Warbler,3,2,Mar_W2,0.0,740.0
Magnolia Warbler,3,3,Mar_W3,0.0,665.0
Magnolia Warbler,3,4,Mar_W4,0.0,843.0
Magnolia Warbler,4,1,Apr_W1,0.0,743.0
Magnolia Warbler,4,2,Apr_W2,0.0,762.0
Magnolia Warbler,4,3,Apr_W3,0.0,775.0
Magnolia Warbler,4,4,Apr_W4,0.0033333,1200.0
Magnolia Warbler,5,1,May_W1,0.0322812,1394.0
Magnolia Warbler,5,2,May_W2,0.2322034,4130.0
Magnolia Warbler,5,3,May_W3,0.3501365,8788.0
Magnolia Warbler,5,4,May_W4,0.2007791,3337.0
Magnolia Warbler,6,1,Jun_W1,0.0051813,965.0
Magnolia Warbler,6,2,Jun_W2,0.0028011,714.0
Magnolia Warbler,6,3,Jun_W3,0.0016026,624.0
Magnolia Warbler,6,4,Jun_W4,0.0,704.0
Magnolia Warbler,7,1,Jul_W1,0.0,922.0
Magnolia Warbler,7,2,Jul_W2,0.0,649.0
Magnolia Warbler,7,3,Jul_W3,0.0,539.0
Magnolia Warbler,7,4,Jul_W4,0.0027933,716.0
Magnolia Warbler,8,1,Aug_W1,0.0036969,541.0
Magnolia Warbler,8,2,Aug_W2,0.0064655,464.0
Magnolia Warbler,8,3,Aug_W3,0.0699816,543.0
Magnolia Warbler,8,4,Aug_W4,0.1801567,766.0
Magnolia Warbler,9,1,Sep_W1,0.1880878,638.0
Magnolia Warbler,9,2,Sep_W2,0.2018868,530.0
Magnolia Warbler,9,3,Sep_W3,0.196,500.0
Magnolia Warbler,9,4,Sep_W4,0.1345515,602.0
Magnolia Warbler,10,1,Oct_W1,0.037037,378.0
Magnolia Warbler,10,2,Oct_W2,0.0045977,435.0
Magnolia Warbler,10,3,Oct_W3,0.0051948,385.0
Magnolia Warbler,10,4,Oct_W4,0.0015504,645.0
Magnolia Warbler,11,1,Nov_W1,0.0,434.0
Magnolia Warbler,11,2,Nov_W2,0.0021368,468.0
Magnolia Warbler,11,3,Nov_W3,0.0,441.0
Magnolia Warbler,11,4,Nov_W4,0.0,600.0
Magnolia Warbler,12,1,Dec_W1,0.0,446.0
Magnolia Warbler,12,2,Dec_W2,0.0,529.0
Magnolia Warbler,12,3,Dec_W3,0.0,552.0
Magnolia Warbler,12,4,Dec_W4,0.0,695.0
Bay-breasted Warbler,1,1,Jan_W1,0.0,823.0
Bay-breasted Warbler,1,2,Jan_W2,0.0,605.0
Bay-breasted Warbler,1,3,Jan_W3,0.0,523.0
Bay-breasted Warbler,1,4,Jan_W4,0.0,730.0
Bay-breasted Warbler,2,1,Feb_W1,0.0,496.0
Bay-breasted Warbler,2,2,Feb_W2,0.0,822.0
Bay-breasted Warbler,2,3,Feb_W3,0.0,1575.0
Bay-breasted Warbler,2,4,Feb_W4,0.0,612.0
Bay-breasted Warbler,3,1,Mar_W1,0.0,608.0
Bay-breasted Warbler,3,2,Mar_W2,0.0,740.0
Bay-breasted Warbler,3,3,Mar_W3,0.0,665.0
Bay-breasted Warbler,3,4,Mar_W4,0.0,843.0
Bay-breasted Warbler,4,1,Apr_W1,0.0,743.0
Bay-breasted Warbler,4,2,Apr_W2,0.0,762.0
Bay-breasted Warbler,4,3,Apr_W3,0.0,775.0
Bay-breasted Warbler,4,4,Apr_W4,0.0,1200.0
Bay-breasted Warbler,5,1,May_W1,0.0143472,1394.0
Bay-breasted Warbler,5,2,May_W2,0.1171913,4130.0
Bay-breasted Warbler,5,3,May_W3,0.220528,8788.0
Bay-breasted Warbler,5,4,May_W4,0.1360503,3337.0
Bay-breasted Warbler,6,1,Jun_W1,0.0010363,965.0
Bay-breasted Warbler,6,2,Jun_W2,0.0,714.0
Bay-breasted Warbler,6,3,Jun_W3,0.0,624.0
Bay-breasted Warbler,6,4,Jun_W4,0.0,704.0
Bay-breasted Warbler,7,1,Jul_W1,0.0,922.0
Bay-breasted Warbler,7,2,Jul_W2,0.0,649.0
Bay-breasted Warbler,7,3,Jul_W3,0.0,539.0
Bay-breasted Warbler,7,4,Jul_W4,0.0027933,716.0
Bay-breasted Warbler,8,1,Aug_W1,0.0092421,541.0
Bay-breasted Warbler,8,2,Aug_W2,0.0431034,464.0
Bay-breasted Warbler,8,3,Aug_W3,0.0478821,543.0
Bay-breasted Warbler,8,4,Aug_W4,0.1201044,766.0
Bay-breasted Warbler,9,1,Sep_W1,0.1551724,638.0
Bay-breasted Warbler,9,2,Sep_W2,0.1603774,530.0
Bay-breasted Warbler,9,3,Sep_W3,0.096,500.0
Bay-breasted Warbler,9,4,Sep_W4,0.0365449,602.0
Bay-breasted Warbler,10,1,Oct_W1,0.005291,378.0
Bay-breasted Warbler,10,2,Oct_W2,0.0,435.0
Bay-breasted Warbler,10,3,Oct_W3,0.0,385.0
Bay-breasted Warbler,10,4,Oct_W4,0.0,645.0
Bay-breasted Warbler,11,1,Nov_W1,0.0,434.0
Bay-breasted Warbler,11,2,Nov_W2,0.0,468.0
Bay-breasted Warbler,11,3,Nov_W3,0.0,441.0
Bay-breasted Warbler,11,4,Nov_W4,0.0,600.0
Bay-breasted Warbler,12,1,Dec_W1,0.0,446.0
Bay-breasted Warbler,12,2,Dec_W2,0.0,529.0
Bay-breasted Warbler,12,3,Dec_W3,0.0,552.0
Bay-breasted Warbler,12,4,Dec_W4,0.0,695.0
Blackburnian Warbler,1,1,Jan_W1,0.0,823.0
Blackburnian Warbler,1,2,Jan_W2,0.0,605.0
Blackburnian Warbler,1,3,Jan_W3,0.0,523.0
Blackburnian Warbler,1,4,Jan_W4,0.0,730.0
Blackburnian Warbler,2,1,Feb_W1,0.0,496.0
Blackburnian Warbler,2,2,Feb_W2,0.0,822.0
Blackburnian Warbler,2,3,Feb_W3,0.0,1575.0
Blackburnian Warbler,2,4,Feb_W4,0.0,612.0
Blackburnian Warbler,3,1,Mar_W1,0.0,608.0
Blackburnian Warbler,3,2,Mar_W2,0.0,740.0
Blackburnian Warbler,3,3,Mar_W3,0.0,665.0
Blackburnian Warbler,3,4,Mar_W4,0.0,843.0
Blackburnian Warbler,4,1,Apr_W1,0.0,743.0
Blackburnian Warbler,4,2,Apr_W2,0.0,762.0
Blackburnian Warbler,4,3,Apr_W3,0.0,775.0
Blackburnian Warbler,4,4,Apr_W4,0.0008333,1200.0
Blackburnian Warbler,5,1,May_W1,0.0659971,1394.0
Blackburnian Warbler,5,2,May_W2,0.2617433,4130.0
Blackburnian Warbler,5,3,May_W3,0.3339782,8788.0
Blackburnian Warbler,5,4,May_W4,0.2202577,3337.0
Blackburnian Warbler,6,1,Jun_W1,0.0134715,965.0
Blackburnian Warbler,6,2,Jun_W2,0.0028011,714.0
Blackburnian Warbler,6,3,Jun_W3,0.0,624.0
Blackburnian Warbler,6,4,Jun_W4,0.0014205,704.0
Blackburnian Warbler,7,1,Jul_W1,0.0010846,922.0
Blackburnian Warbler,7,2,Jul_W2,0.0015408,649.0
Blackburnian Warbler,7,3,Jul_W3,0.0037106,539.0
Blackburnian Warbler,7,4,Jul_W4,0.0083799,716.0
Blackburnian Warbler,8,1,Aug_W1,0.0036969,541.0
Blackburnian Warbler,8,2,Aug_W2,0.0215517,464.0
Blackburnian Warbler,8,3,Aug_W3,0.0736648,543.0
Blackburnian Warbler,8,4,Aug_W4,0.1318538,766.0
Blackburnian Warbler,9,1,Sep_W1,0.1097179,638.0
Blackburnian Warbler,9,2,Sep_W2,0.0811321,530.0
Blackburnian Warbler,9,3,Sep_W3,0.034,500.0
Blackburnian Warbler,9,4,Sep_W4,0.0083056,602.0
Blackburnian Warbler,10,1,Oct_W1,0.0,378.0
Blackburnian Warbler,10,2,Oct_W2,0.0,435.0
Blackburnian Warbler,10,3,Oct_W3,0.0,385.0
Blackburnian Warbler,10,4,Oct_W4,0.0,645.0
Blackburnian Warbler,11,1,Nov_W1,0.0,434.0
Blackburnian Warbler,11,2,Nov_W2,0.0,468.0
Blackburnian Warbler,11,3,Nov_W3,0.0,441.0
Blackburnian Warbler,11,4,Nov_W4,0.0,600.0
Blackburnian Warbler,12,1,Dec_W1,0.0,446.0
Blackburnian Warbler,12,2,Dec_W2,0.0,529.0
Blackburnian Warbler,12,3,Dec_W3,0.0,552.0
Blackburnian Warbler,12,4,Dec_W4,0.0,695.0
Northern Yellow Warbler,1,1,Jan_W1,0.0,823.0
Northern Yellow Warbler,1,2,Jan_W2,0.0,605.0
Northern Yellow Warbler,1,3,Jan_W3,0.0,523.0
Northern Yellow Warbler,1,4,Jan_W4,0.0,730.0
Northern Yellow Warbler,2,1,Feb_W1,0.0,496.0
Northern Yellow Warbler,2,2,Feb_W2,0.0,822.0
Northern Yellow Warbler,2,3,Feb_W3,0.0,1575.0
Northern Yellow Warbler,2,4,Feb_W4,0.0,612.0
Northern Yellow Warbler,3,1,Mar_W1,0.0,608.0
Northern Yellow Warbler,3,2,Mar_W2,0.0,740.0
Northern Yellow Warbler,3,3,Mar_W3,0.0,665.0
Northern Yellow Warbler,3,4,Mar_W4,0.0,843.0
Northern Yellow Warbler,4,1,Apr_W1,0.0,743.0
Northern Yellow Warbler,4,2,Apr_W2,0.0,762.0
Northern Yellow Warbler,4,3,Apr_W3,0.003871,775.0
Northern Yellow Warbler,4,4,Apr_W4,0.0283333,1200.0
Northern Yellow Warbler,5,1,May_W1,0.2905308,1394.0
Northern Yellow Warbler,5,2,May_W2,0.5627119,4130.0
Northern Yellow Warbler,5,3,May_W3,0.6243741,8788.0
Northern Yellow Warbler,5,4,May_W4,0.5846569,3337.0
Northern Yellow Warbler,6,1,Jun_W1,0.453886,965.0
Northern Yellow Warbler,6,2,Jun_W2,0.3613445,714.0
Northern Yellow Warbler,6,3,Jun_W3,0.3589744,624.0
Northern Yellow Warbler,6,4,Jun_W4,0.3480114,704.0
Northern Yellow Warbler,7,1,Jul_W1,0.2071584,922.0
Northern Yellow Warbler,7,2,Jul_W2,0.192604,649.0
Northern Yellow Warbler,7,3,Jul_W3,0.2096475,539.0
Northern Yellow Warbler,7,4,Jul_W4,0.2458101,716.0
Northern Yellow Warbler,8,1,Aug_W1,0.2273567,541.0
Northern Yellow Warbler,8,2,Aug_W2,0.1896552,464.0
Northern Yellow Warbler,8,3,Aug_W3,0.1546961,543.0
Northern Yellow Warbler,8,4,Aug_W4,0.1684073,766.0
Northern Yellow Warbler,9,1,Sep_W1,0.1269592,638.0
Northern Yellow Warbler,9,2,Sep_W2,0.1037736,530.0
Northern Yellow Warbler,9,3,Sep_W3,0.056,500.0
Northern Yellow Warbler,9,4,Sep_W4,0.0215947,602.0
Northern Yellow Warbler,10,1,Oct_W1,0.0079365,378.0
Northern Yellow Warbler,10,2,Oct_W2,0.0,435.0
Northern Yellow Warbler,10,3,Oct_W3,0.0,385.0
Northern Yellow Warbler,10,4,Oct_W4,0.0015504,645.0
Northern Yellow Warbler,11,1,Nov_W1,0.0,434.0
Northern Yellow Warbler,11,2,Nov_W2,0.0,468.0
Northern Yellow Warbler,11,3,Nov_W3,0.0,441.0
Northern Yellow Warbler,11,4,Nov_W4,0.0,600.0
Northern Yellow Warbler,12,1,Dec_W1,0.0,446.0
Northern Yellow Warbler,12,2,Dec_W2,0.0,529.0
Northern Yellow Warbler,12,3,Dec_W3,0.0,552.0
Northern Yellow Warbler,12,4,Dec_W4,0.0,695.0
Chestnut-sided Warbler,1,1,Jan_W1,0.0,823.0
Chestnut-sided Warbler,1,2,Jan_W2,0.0,605.0
Chestnut-sided Warbler,1,3,Jan_W3,0.0,523.0
Chestnut-sided Warbler,1,4,Jan_W4,0.0,730.0
Chestnut-sided Warbler,2,1,Feb_W1,0.0,496.0
Chestnut-sided Warbler,2,2,Feb_W2,0.0,822.0
Chestnut-sided Warbler,2,3,Feb_W3,0.0,1575.0
Chestnut-sided Warbler,2,4,Feb_W4,0.0,612.0
Chestnut-sided Warbler,3,1,Mar_W1,0.0,608.0
Chestnut-sided Warbler,3,2,Mar_W2,0.0,740.0
Chestnut-sided Warbler,3,3,Mar_W3,0.0,665.0
Chestnut-sided Warbler,3,4,Mar_W4,0.0,843.0
Chestnut-sided Warbler,4,1,Apr_W1,0.0,743.0
Chestnut-sided Warbler,4,2,Apr_W2,0.0,762.0
Chestnut-sided Warbler,4,3,Apr_W3,0.0,775.0
Chestnut-sided Warbler,4,4,Apr_W4,0.0008333,1200.0
Chestnut-sided Warbler,5,1,May_W1,0.027977,1394.0
Chestnut-sided Warbler,5,2,May_W2,0.2668281,4130.0
Chestnut-sided Warbler,5,3,May_W3,0.3882567,8788.0
Chestnut-sided Warbler,5,4,May_W4,0.2601139,3337.0
Chestnut-sided Warbler,6,1,Jun_W1,0.0497409,965.0
Chestnut-sided Warbler,6,2,Jun_W2,0.0252101,714.0
Chestnut-sided Warbler,6,3,Jun_W3,0.0336538,624.0
Chestnut-sided Warbler,6,4,Jun_W4,0.0369318,704.0
Chestnut-sided Warbler,7,1,Jul_W1,0.016269,922.0
Chestnut-sided Warbler,7,2,Jul_W2,0.0123267,649.0
Chestnut-sided Warbler,7,3,Jul_W3,0.025974,539.0
Chestnut-sided Warbler,7,4,Jul_W4,0.0209497,716.0
Chestnut-sided Warbler,8,1,Aug_W1,0.0166359,541.0
Chestnut-sided Warbler,8,2,Aug_W2,0.0237069,464.0
Chestnut-sided Warbler,8,3,Aug_W3,0.0552486,543.0
Chestnut-sided Warbler,8,4,Aug_W4,0.0770235,766.0
Chestnut-sided Warbler,9,1,Sep_W1,0.1081505,638.0
Chestnut-sided Warbler,9,2,Sep_W2,0.1,530.0
Chestnut-sided Warbler,9,3,Sep_W3,0.068,500.0
Chestnut-sided Warbler,9,4,Sep_W4,0.0465116,602.0
Chestnut-sided Warbler,10,1,Oct_W1,0.0026455,378.0
Chestnut-sided Warbler,10,2,Oct_W2,0.0,435.0
Chestnut-sided Warbler,10,3,Oct_W3,0.0,385.0
Chestnut-sided Warbler,10,4,Oct_W4,0.0,645.0
Chestnut-sided Warbler,11,1,Nov_W1,0.0,434.0
Chestnut-sided Warbler,11,2,Nov_W2,0.0,468.0
Chestnut-sided Warbler,11,3,Nov_W3,0.0,441.0
Chestnut-sided Warbler,11,4,Nov_W4,0.0,600.0
Chestnut-sided Warbler,12,1,Dec_W1,0.0,446.0
Chestnut-sided Warbler,12,2,Dec_W2,0.0,529.0
Chestnut-sided Warbler,12,3,Dec_W3,0.0,552.0
Chestnut-sided Warbler,12,4,Dec_W4,0.0,695.0
Blackpoll Warbler,1,1,Jan_W1,0.0,823.0
Blackpoll Warbler,1,2,Jan_W2,0.0,605.0
Blackpoll Warbler,1,3,Jan_W3,0.0,523.0
Blackpoll Warbler,1,4,Jan_W4,0.0,730.0
Blackpoll Warbler,2,1,Feb_W1,0.0,496.0
Blackpoll Warbler,2,2,Feb_W2,0.0,822.0
Blackpoll Warbler,2,3,Feb_W3,0.0,1575.0
Blackpoll Warbler,2,4,Feb_W4,0.0,612.0
Blackpoll Warbler,3,1,Mar_W1,0.0,608.0
Blackpoll Warbler,3,2,Mar_W2,0.0,740.0
Blackpoll Warbler,3,3,Mar_W3,0.0,665.0
Blackpoll Warbler,3,4,Mar_W4,0.0,843.0
Blackpoll Warbler,4,1,Apr_W1,0.0,743.0
Blackpoll Warbler,4,2,Apr_W2,0.0,762.0
Blackpoll Warbler,4,3,Apr_W3,0.0,775.0
Blackpoll Warbler,4,4,Apr_W4,0.0,1200.0
Blackpoll Warbler,5,1,May_W1,0.0136298,1394.0
Blackpoll Warbler,5,2,May_W2,0.1077482,4130.0
Blackpoll Warbler,5,3,May_W3,0.1780838,8788.0
Blackpoll Warbler,5,4,May_W4,0.1639197,3337.0
Blackpoll Warbler,6,1,Jun_W1,0.0165803,965.0
Blackpoll Warbler,6,2,Jun_W2,0.0014006,714.0
Blackpoll Warbler,6,3,Jun_W3,0.0,624.0
Blackpoll Warbler,6,4,Jun_W4,0.0014205,704.0
Blackpoll Warbler,7,1,Jul_W1,0.0,922.0
Blackpoll Warbler,7,2,Jul_W2,0.0,649.0
Blackpoll Warbler,7,3,Jul_W3,0.0,539.0
Blackpoll Warbler,7,4,Jul_W4,0.0,716.0
Blackpoll Warbler,8,1,Aug_W1,0.0,541.0
Blackpoll Warbler,8,2,Aug_W2,0.0043103,464.0
Blackpoll Warbler,8,3,Aug_W3,0.014733,543.0
Blackpoll Warbler,8,4,Aug_W4,0.0926893,766.0
Blackpoll Warbler,9,1,Sep_W1,0.1833856,638.0
Blackpoll Warbler,9,2,Sep_W2,0.2075472,530.0
Blackpoll Warbler,9,3,Sep_W3,0.204,500.0
Blackpoll Warbler,9,4,Sep_W4,0.0847176,602.0
Blackpoll Warbler,10,1,Oct_W1,0.0343915,378.0
Blackpoll Warbler,10,2,Oct_W2,0.0229885,435.0
Blackpoll Warbler,10,3,Oct_W3,0.0077922,385.0
Blackpoll Warbler,10,4,Oct_W4,0.0,645.0
Blackpoll Warbler,11,1,Nov_W1,0.0,434.0
Blackpoll Warbler,11,2,Nov_W2,0.0,468.0
Blackpoll Warbler,11,3,Nov_W3,0.0,441.0
Blackpoll Warbler,11,4,Nov_W4,0.0,600.0
Blackpoll Warbler,12,1,Dec_W1,0.0,446.0
Blackpoll Warbler,12,2,Dec_W2,0.0,529.0
Blackpoll Warbler,12,3,Dec_W3,0.0,552.0
Blackpoll Warbler,12,4,Dec_W4,0.0,695.0
Black-throated Blue Warbler,1,1,Jan_W1,0.0,823.0
Black-throated Blue Warbler,1,2,Jan_W2,0.0,605.0
Black-throated Blue Warbler,1,3,Jan_W3,0.0,523.0
Black-throated Blue Warbler,1,4,Jan_W4,0.0,730.0
Black-throated Blue Warbler,2,1,Feb_W1,0.0,496.0
Black-throated Blue Warbler,2,2,Feb_W2,0.0,822.0
Black-throated Blue Warbler,2,3,Feb_W3,0.0,1575.0
Black-throated Blue Warbler,2,4,Feb_W4,0.0,612.0
Black-throated Blue Warbler,3,1,Mar_W1,0.0,608.0
Black-throated Blue Warbler,3,2,Mar_W2,0.0,740.0
Black-throated Blue Warbler,3,3,Mar_W3,0.0,665.0
Black-throated Blue Warbler,3,4,Mar_W4,0.0,843.0
Black-throated Blue Warbler,4,1,Apr_W1,0.0,743.0
Black-throated Blue Warbler,4,2,Apr_W2,0.0,762.0
Black-throated Blue Warbler,4,3,Apr_W3,0.0,775.0
Black-throated Blue Warbler,4,4,Apr_W4,0.0008333,1200.0
Black-throated Blue Warbler,5,1,May_W1,0.0746055,1394.0
Black-throated Blue Warbler,5,2,May_W2,0.2104116,4130.0
Black-throated Blue Warbler,5,3,May_W3,0.2391898,8788.0
Black-throated Blue Warbler,5,4,May_W4,0.0788133,3337.0
Black-throated Blue Warbler,6,1,Jun_W1,0.0051813,965.0
Black-throated Blue Warbler,6,2,Jun_W2,0.0014006,714.0
Black-throated Blue Warbler,6,3,Jun_W3,0.0016026,624.0
Black-throated Blue Warbler,6,4,Jun_W4,0.0,704.0
Black-throated Blue Warbler,7,1,Jul_W1,0.0021692,922.0
Black-throated Blue Warbler,7,2,Jul_W2,0.0030817,649.0
Black-throated Blue Warbler,7,3,Jul_W3,0.0037106,539.0
Black-throated Blue Warbler,7,4,Jul_W4,0.0027933,716.0
Black-throated Blue Warbler,8,1,Aug_W1,0.0015,541.0
Black-throated Blue Warbler,8,2,Aug_W2,0.0043103,464.0
Black-throated Blue Warbler,8,3,Aug_W3,0.0073665,543.0
Black-throated Blue Warbler,8,4,Aug_W4,0.0365535,766.0
Black-throated Blue Warbler,9,1,Sep_W1,0.0579937,638.0
Black-throated Blue Warbler,9,2,Sep_W2,0.0773585,530.0
Black-throated Blue Warbler,9,3,Sep_W3,0.062,500.0
Black-throated Blue Warbler,9,4,Sep_W4,0.0564784,602.0
Black-throated Blue Warbler,10,1,Oct_W1,0.0582011,378.0
Black-throated Blue Warbler,10,2,Oct_W2,0.0091954,435.0
Black-throated Blue Warbler,10,3,Oct_W3,0.0103896,385.0
Black-throated Blue Warbler,10,4,Oct_W4,0.0015504,645.0
Black-throated Blue Warbler,11,1,Nov_W1,0.0,434.0
Black-throated Blue Warbler,11,2,Nov_W2,0.0,468.0
Black-throated Blue Warbler,11,3,Nov_W3,0.0,441.0
Black-throated Blue Warbler,11,4,Nov_W4,0.0,600.0
Black-throated Blue Warbler,12,1,Dec_W1,0.0,446.0
Black-throated Blue Warbler,12,2,Dec_W2,0.0,529.0
Black-throated Blue Warbler,12,3,Dec_W3,0.0,552.0
Black-throated Blue Warbler,12,4,Dec_W4,0.0,695.0
Palm Warbler,1,1,Jan_W1,0.0,823.0
Palm Warbler,1,2,Jan_W2,0.0,605.0
Palm Warbler,1,3,Jan_W3,0.0,523.0
Palm Warbler,1,4,Jan_W4,0.0,730.0
Palm Warbler,2,1,Feb_W1,0.0,496.0
Palm Warbler,2,2,Feb_W2,0.0,822.0
Palm Warbler,2,3,Feb_W3,0.0,1575.0
Palm Warbler,2,4,Feb_W4,0.0,612.0
Palm Warbler,3,1,Mar_W1,0.0,608.0
Palm Warbler,3,2,Mar_W2,0.0,740.0
Palm Warbler,3,3,Mar_W3,0.0,665.0
Palm Warbler,3,4,Mar_W4,0.0,843.0
Palm Warbler,4,1,Apr_W1,0.0,743.0
Palm Warbler,4,2,Apr_W2,0.003937,762.0
Palm Warbler,4,3,Apr_W3,0.0270968,775.0
Palm Warbler,4,4,Apr_W4,0.0975,1200.0
Palm Warbler,5,1,May_W1,0.32066,1394.0
Palm Warbler,5,2,May_W2,0.4048426,4130.0
Palm Warbler,5,3,May_W3,0.2858443,8788.0
Palm Warbler,5,4,May_W4,0.0398562,3337.0
Palm Warbler,6,1,Jun_W1,0.0,965.0
Palm Warbler,6,2,Jun_W2,0.0,714.0
Palm Warbler,6,3,Jun_W3,0.0,624.0
Palm Warbler,6,4,Jun_W4,0.0,704.0
Palm Warbler,7,1,Jul_W1,0.0,922.0
Palm Warbler,7,2,Jul_W2,0.0,649.0
Palm Warbler,7,3,Jul_W3,0.0,539.0
Palm Warbler,7,4,Jul_W4,0.0,716.0
Palm Warbler,8,1,Aug_W1,0.0,541.0
Palm Warbler,8,2,Aug_W2,0.0021552,464.0
Palm Warbler,8,3,Aug_W3,0.0165746,543.0
Palm Warbler,8,4,Aug_W4,0.0613577,766.0
Palm Warbler,9,1,Sep_W1,0.1943574,638.0
Palm Warbler,9,2,Sep_W2,0.3358491,530.0
Palm Warbler,9,3,Sep_W3,0.4,500.0
Palm Warbler,9,4,Sep_W4,0.3737542,602.0
Palm Warbler,10,1,Oct_W1,0.3227513,378.0
Palm Warbler,10,2,Oct_W2,0.2,435.0
Palm Warbler,10,3,Oct_W3,0.1012987,385.0
Palm Warbler,10,4,Oct_W4,0.0124031,645.0
Palm Warbler,11,1,Nov_W1,0.0046083,434.0
Palm Warbler,11,2,Nov_W2,0.0,468.0
Palm Warbler,11,3,Nov_W3,0.0,441.0
Palm Warbler,11,4,Nov_W4,0.0016667,600.0
Palm Warbler,12,1,Dec_W1,0.0,446.0
Palm Warbler,12,2,Dec_W2,0.0,529.0
Palm Warbler,12,3,Dec_W3,0.0036232,552.0
Palm Warbler,12,4,Dec_W4,0.0,695.0
Pine Warbler,1,1,Jan_W1,0.0,823.0
Pine Warbler,1,2,Jan_W2,0.0,605.0
Pine Warbler,1,3,Jan_W3,0.0,523.0
Pine Warbler,1,4,Jan_W4,0.0,730.0
Pine Warbler,2,1,Feb_W1,0.0,496.0
Pine Warbler,2,2,Feb_W2,0.0,822.0
Pine Warbler,2,3,Feb_W3,0.0,1575.0
Pine Warbler,2,4,Feb_W4,0.0,612.0
Pine Warbler,3,1,Mar_W1,0.0,608.0
Pine Warbler,3,2,Mar_W2,0.0,740.0
Pine Warbler,3,3,Mar_W3,0.0,665.0
Pine Warbler,3,4,Mar_W4,0.0,843.0
Pine Warbler,4,1,Apr_W1,0.0026918,743.0
Pine Warbler,4,2,Apr_W2,0.0275591,762.0
Pine Warbler,4,3,Apr_W3,0.0980645,775.0
Pine Warbler,4,4,Apr_W4,0.1933333,1200.0
Pine Warbler,5,1,May_W1,0.2525108,1394.0
Pine Warbler,5,2,May_W2,0.1726392,4130.0
Pine Warbler,5,3,May_W3,0.1324533,8788.0
Pine Warbler,5,4,May_W4,0.1252622,3337.0
Pine Warbler,6,1,Jun_W1,0.1284974,965.0
Pine Warbler,6,2,Jun_W2,0.1330532,714.0
Pine Warbler,6,3,Jun_W3,0.1570513,624.0
Pine Warbler,6,4,Jun_W4,0.1789773,704.0
Pine Warbler,7,1,Jul_W1,0.1637744,922.0
Pine Warbler,7,2,Jul_W2,0.1186441,649.0
Pine Warbler,7,3,Jul_W3,0.1131725,539.0
Pine Warbler,7,4,Jul_W4,0.0824022,716.0
Pine Warbler,8,1,Aug_W1,0.038817,541.0
Pine Warbler,8,2,Aug_W2,0.0538793,464.0
Pine Warbler,8,3,Aug_W3,0.0755064,543.0
Pine Warbler,8,4,Aug_W4,0.0992167,766.0
Pine Warbler,9,1,Sep_W1,0.1489028,638.0
Pine Warbler,9,2,Sep_W2,0.1245283,530.0
Pine Warbler,9,3,Sep_W3,0.106,500.0
Pine Warbler,9,4,Sep_W4,0.0747508,602.0
Pine Warbler,10,1,Oct_W1,0.0449735,378.0
Pine Warbler,10,2,Oct_W2,0.0015,435.0
Pine Warbler,10,3,Oct_W3,0.0,385.0
Pine Warbler,10,4,Oct_W4,0.0,645.0
Pine Warbler,11,1,Nov_W1,0.0,434.0
Pine Warbler,11,2,Nov_W2,0.0,468.0
Pine Warbler,11,3,Nov_W3,0.0,441.0
Pine Warbler,11,4,Nov_W4,0.0,600.0
Pine Warbler,12,1,Dec_W1,0.0,446.0
Pine Warbler,12,2,Dec_W2,0.0,529.0
Pine Warbler,12,3,Dec_W3,0.0,552.0
Pine Warbler,12,4,Dec_W4,0.0,695.0
Yellow-rumped Warbler,1,1,Jan_W1,0.0012151,823.0
Yellow-rumped Warbler,1,2,Jan_W2,0.0,605.0
Yellow-rumped Warbler,1,3,Jan_W3,0.0,523.0
Yellow-rumped Warbler,1,4,Jan_W4,0.0,730.0
Yellow-rumped Warbler,2,1,Feb_W1,0.0,496.0
Yellow-rumped Warbler,2,2,Feb_W2,0.0,822.0
Yellow-rumped Warbler,2,3,Feb_W3,0.0,1575.0
Yellow-rumped Warbler,2,4,Feb_W4,0.001634,612.0
Yellow-rumped Warbler,3,1,Mar_W1,0.0,608.0
Yellow-rumped Warbler,3,2,Mar_W2,0.0,740.0
Yellow-rumped Warbler,3,3,Mar_W3,0.0030075,665.0
Yellow-rumped Warbler,3,4,Mar_W4,0.0166074,843.0
Yellow-rumped Warbler,4,1,Apr_W1,0.039031,743.0
Yellow-rumped Warbler,4,2,Apr_W2,0.1036745,762.0
Yellow-rumped Warbler,4,3,Apr_W3,0.2219355,775.0
Yellow-rumped Warbler,4,4,Apr_W4,0.2658333,1200.0
Yellow-rumped Warbler,5,1,May_W1,0.4232425,1394.0
Yellow-rumped Warbler,5,2,May_W2,0.4973366,4130.0
Yellow-rumped Warbler,5,3,May_W3,0.3789258,8788.0
Yellow-rumped Warbler,5,4,May_W4,0.1405454,3337.0
Yellow-rumped Warbler,6,1,Jun_W1,0.038342,965.0
Yellow-rumped Warbler,6,2,Jun_W2,0.035014,714.0
Yellow-rumped Warbler,6,3,Jun_W3,0.0336538,624.0
Yellow-rumped Warbler,6,4,Jun_W4,0.0241477,704.0
Yellow-rumped Warbler,7,1,Jul_W1,0.0281996,922.0
Yellow-rumped Warbler,7,2,Jul_W2,0.0200308,649.0
Yellow-rumped Warbler,7,3,Jul_W3,0.0241187,539.0
Yellow-rumped Warbler,7,4,Jul_W4,0.0544693,716.0
Yellow-rumped Warbler,8,1,Aug_W1,0.0850277,541.0
Yellow-rumped Warbler,8,2,Aug_W2,0.1400862,464.0
Yellow-rumped Warbler,8,3,Aug_W3,0.1694291,543.0
Yellow-rumped Warbler,8,4,Aug_W4,0.2532637,766.0
Yellow-rumped Warbler,9,1,Sep_W1,0.322884,638.0
Yellow-rumped Warbler,9,2,Sep_W2,0.3358491,530.0
Yellow-rumped Warbler,9,3,Sep_W3,0.364,500.0
Yellow-rumped Warbler,9,4,Sep_W4,0.3754153,602.0
Yellow-rumped Warbler,10,1,Oct_W1,0.3386243,378.0
Yellow-rumped Warbler,10,2,Oct_W2,0.2735632,435.0
Yellow-rumped Warbler,10,3,Oct_W3,0.1896104,385.0
Yellow-rumped Warbler,10,4,Oct_W4,0.0992248,645.0
Yellow-rumped Warbler,11,1,Nov_W1,0.0599078,434.0
Yellow-rumped Warbler,11,2,Nov_W2,0.0106838,468.0
Yellow-rumped Warbler,11,3,Nov_W3,0.015873,441.0
Yellow-rumped Warbler,11,4,Nov_W4,0.0016667,600.0
Yellow-rumped Warbler,12,1,Dec_W1,0.0044843,446.0
Yellow-rumped Warbler,12,2,Dec_W2,0.0,529.0
Yellow-rumped Warbler,12,3,Dec_W3,0.0108696,552.0
Yellow-rumped Warbler,12,4,Dec_W4,0.0,695.0
Yellow-throated Warbler,1,1,Jan_W1,0.0,823.0
Yellow-throated Warbler,1,2,Jan_W2,0.0,605.0
Yellow-throated Warbler,1,3,Jan_W3,0.0,523.0
Yellow-throated Warbler,1,4,Jan_W4,0.0,730.0
Yellow-throated Warbler,2,1,Feb_W1,0.0,496.0
Yellow-throated Warbler,2,2,Feb_W2,0.0,822.0
Yellow-throated Warbler,2,3,Feb_W3,0.0,1575.0
Yellow-throated Warbler,2,4,Feb_W4,0.0,612.0
Yellow-throated Warbler,3,1,Mar_W1,0.0,608.0
Yellow-throated Warbler,3,2,Mar_W2,0.0,740.0
Yellow-throated Warbler,3,3,Mar_W3,0.0,665.0
Yellow-throated Warbler,3,4,Mar_W4,0.0,843.0
Yellow-throated Warbler,4,1,Apr_W1,0.0,743.0
Yellow-throated Warbler,4,2,Apr_W2,0.0,762.0
Yellow-throated Warbler,4,3,Apr_W3,0.0025806,775.0
Yellow-throated Warbler,4,4,Apr_W4,0.0,1200.0
Yellow-throated Warbler,5,1,May_W1,0.0021521,1394.0
Yellow-throated Warbler,5,2,May_W2,0.0014528,4130.0
Yellow-throated Warbler,5,3,May_W3,0.0010241,8788.0
Yellow-throated Warbler,5,4,May_W4,0.002697,3337.0
Yellow-throated Warbler,6,1,Jun_W1,0.0,965.0
Yellow-throated Warbler,6,2,Jun_W2,0.0,714.0
Yellow-throated Warbler,6,3,Jun_W3,0.0,624.0
Yellow-throated Warbler,6,4,Jun_W4,0.0,704.0
Yellow-throated Warbler,7,1,Jul_W1,0.0,922.0
Yellow-throated Warbler,7,2,Jul_W2,0.0,649.0
Yellow-throated Warbler,7,3,Jul_W3,0.0,539.0
Yellow-throated Warbler,7,4,Jul_W4,0.0,716.0
Yellow-throated Warbler,8,1,Aug_W1,0.0,541.0
Yellow-throated Warbler,8,2,Aug_W2,0.0,464.0
Yellow-throated Warbler,8,3,Aug_W3,0.0,543.0
Yellow-throated Warbler,8,4,Aug_W4,0.0,766.0
Yellow-throated Warbler,9,1,Sep_W1,0.0,638.0
Yellow-throated Warbler,9,2,Sep_W2,0.0,530.0
Yellow-throated Warbler,9,3,Sep_W3,0.0,500.0
Yellow-throated Warbler,9,4,Sep_W4,0.0,602.0
Yellow-throated Warbler,10,1,Oct_W1,0.0,378.0
Yellow-throated Warbler,10,2,Oct_W2,0.0,435.0
Yellow-throated Warbler,10,3,Oct_W3,0.0,385.0
Yellow-throated Warbler,10,4,Oct_W4,0.0,645.0
Yellow-throated Warbler,11,1,Nov_W1,0.0,434.0
Yellow-throated Warbler,11,2,Nov_W2,0.0,468.0
Yellow-throated Warbler,11,3,Nov_W3,0.0,441.0
Yellow-throated Warbler,11,4,Nov_W4,0.0033333,600.0
Yellow-throated Warbler,12,1,Dec_W1,0.0156951,446.0
Yellow-throated Warbler,12,2,Dec_W2,0.0075614,529.0
Yellow-throated Warbler,12,3,Dec_W3,0.0018116,552.0
Yellow-throated Warbler,12,4,Dec_W4,0.0,695.0
Prairie Warbler,1,1,Jan_W1,0.0,823.0
Prairie Warbler,1,2,Jan_W2,0.0,605.0
Prairie Warbler,1,3,Jan_W3,0.0,523.0
Prairie Warbler,1,4,Jan_W4,0.0,730.0
Prairie Warbler,2,1,Feb_W1,0.0,496.0
Prairie Warbler,2,2,Feb_W2,0.0,822.0
Prairie Warbler,2,3,Feb_W3,0.0,1575.0
Prairie Warbler,2,4,Feb_W4,0.0,612.0
Prairie Warbler,3,1,Mar_W1,0.0,608.0
Prairie Warbler,3,2,Mar_W2,0.0,740.0
Prairie Warbler,3,3,Mar_W3,0.0,665.0
Prairie Warbler,3,4,Mar_W4,0.0,843.0
Prairie Warbler,4,1,Apr_W1,0.0,743.0
Prairie Warbler,4,2,Apr_W2,0.0,762.0
Prairie Warbler,4,3,Apr_W3,0.0,775.0
Prairie Warbler,4,4,Apr_W4,0.0,1200.0
Prairie Warbler,5,1,May_W1,0.0,1394.0
Prairie Warbler,5,2,May_W2,0.0123487,4130.0
Prairie Warbler,5,3,May_W3,0.0011379,8788.0
Prairie Warbler,5,4,May_W4,0.000899,3337.0
Prairie Warbler,6,1,Jun_W1,0.0072539,965.0
Prairie Warbler,6,2,Jun_W2,0.0084034,714.0
Prairie Warbler,6,3,Jun_W3,0.0032051,624.0
Prairie Warbler,6,4,Jun_W4,0.0,704.0
Prairie Warbler,7,1,Jul_W1,0.0,922.0
Prairie Warbler,7,2,Jul_W2,0.0,649.0
Prairie Warbler,7,3,Jul_W3,0.0,539.0
Prairie Warbler,7,4,Jul_W4,0.0027933,716.0
Prairie Warbler,8,1,Aug_W1,0.0015,541.0
Prairie Warbler,8,2,Aug_W2,0.0,464.0
Prairie Warbler,8,3,Aug_W3,0.0015,543.0
Prairie Warbler,8,4,Aug_W4,0.0,766.0
Prairie Warbler,9,1,Sep_W1,0.0015674,638.0
Prairie Warbler,9,2,Sep_W2,0.0,530.0
Prairie Warbler,9,3,Sep_W3,0.0,500.0
Prairie Warbler,9,4,Sep_W4,0.0,602.0
Prairie Warbler,10,1,Oct_W1,0.0,378.0
Prairie Warbler,10,2,Oct_W2,0.0,435.0
Prairie Warbler,10,3,Oct_W3,0.0,385.0
Prairie Warbler,10,4,Oct_W4,0.0,645.0
Prairie Warbler,11,1,Nov_W1,0.0,434.0
Prairie Warbler,11,2,Nov_W2,0.0,468.0
Prairie Warbler,11,3,Nov_W3,0.0,441.0
Prairie Warbler,11,4,Nov_W4,0.0,600.0
Prairie Warbler,12,1,Dec_W1,0.0,446.0
Prairie Warbler,12,2,Dec_W2,0.0,529.0
Prairie Warbler,12,3,Dec_W3,0.0,552.0
Prairie Warbler,12,4,Dec_W4,0.0,695.0
Black-throated Gray Warbler,1,1,Jan_W1,0.0,823.0
Black-throated Gray Warbler,1,2,Jan_W2,0.0,605.0
Black-throated Gray Warbler,1,3,Jan_W3,0.0,523.0
Black-throated Gray Warbler,1,4,Jan_W4,0.0,730.0
Black-throated Gray Warbler,2,1,Feb_W1,0.0,496.0
Black-throated Gray Warbler,2,2,Feb_W2,0.0,822.0
Black-throated Gray Warbler,2,3,Feb_W3,0.0,1575.0
Black-throated Gray Warbler,2,4,Feb_W4,0.0,612.0
Black-throated Gray Warbler,3,1,Mar_W1,0.0,608.0
Black-throated Gray Warbler,3,2,Mar_W2,0.0,740.0
Black-throated Gray Warbler,3,3,Mar_W3,0.0,665.0
Black-throated Gray Warbler,3,4,Mar_W4,0.0,843.0
Black-throated Gray Warbler,4,1,Apr_W1,0.0,743.0
Black-throated Gray Warbler,4,2,Apr_W2,0.0,762.0
Black-throated Gray Warbler,4,3,Apr_W3,0.0,775.0
Black-throated Gray Warbler,4,4,Apr_W4,0.0,1200.0
Black-throated Gray Warbler,5,1,May_W1,0.0272597,1394.0
Black-throated Gray Warbler,5,2,May_W2,0.0,4130.0
Black-throated Gray Warbler,5,3,May_W3,0.0,8788.0
Black-throated Gray Warbler,5,4,May_W4,0.0,3337.0
Black-throated Gray Warbler,6,1,Jun_W1,0.0,965.0
Black-throated Gray Warbler,6,2,Jun_W2,0.0,714.0
Black-throated Gray Warbler,6,3,Jun_W3,0.0,624.0
Black-throated Gray Warbler,6,4,Jun_W4,0.0,704.0
Black-throated Gray Warbler,7,1,Jul_W1,0.0,922.0
Black-throated Gray Warbler,7,2,Jul_W2,0.0,649.0
Black-throated Gray Warbler,7,3,Jul_W3,0.0,539.0
Black-throated Gray Warbler,7,4,Jul_W4,0.0,716.0
Black-throated Gray Warbler,8,1,Aug_W1,0.0,541.0
Black-throated Gray Warbler,8,2,Aug_W2,0.0,464.0
Black-throated Gray Warbler,8,3,Aug_W3,0.0,543.0
Black-throated Gray Warbler,8,4,Aug_W4,0.0,766.0
Black-throated Gray Warbler,9,1,Sep_W1,0.0,638.0
Black-throated Gray Warbler,9,2,Sep_W2,0.0,530.0
Black-throated Gray Warbler,9,3,Sep_W3,0.0,500.0
Black-throated Gray Warbler,9,4,Sep_W4,0.0,602.0
Black-throated Gray Warbler,10,1,Oct_W1,0.0,378.0
Black-throated Gray Warbler,10,2,Oct_W2,0.0,435.0
Black-throated Gray Warbler,10,3,Oct_W3,0.0,385.0
Black-throated Gray Warbler,10,4,Oct_W4,0.0,645.0
Black-throated Gray Warbler,11,1,Nov_W1,0.0,434.0
Black-throated Gray Warbler,11,2,Nov_W2,0.0,468.0
Black-throated Gray Warbler,11,3,Nov_W3,0.0,441.0
Black-throated Gray Warbler,11,4,Nov_W4,0.0,600.0
Black-throated Gray Warbler,12,1,Dec_W1,0.0,446.0
Black-throated Gray Warbler,12,2,Dec_W2,0.0,529.0
Black-throated Gray Warbler,12,3,Dec_W3,0.0,552.0
Black-throated Gray Warbler,12,4,Dec_W4,0.0,695.0
Townsend's Warbler,1,1,Jan_W1,0.0,823.0
Townsend's Warbler,1,2,Jan_W2,0.0,605.0
Townsend's Warbler,1,3,Jan_W3,0.0,523.0
Townsend's Warbler,1,4,Jan_W4,0.0,730.0
Townsend's Warbler,2,1,Feb_W1,0.0,496.0
Townsend's Warbler,2,2,Feb_W2,0.0,822.0
Townsend's Warbler,2,3,Feb_W3,0.0,1575.0
Townsend's Warbler,2,4,Feb_W4,0.0,612.0
Townsend's Warbler,3,1,Mar_W1,0.0,608.0
Townsend's Warbler,3,2,Mar_W2,0.0,740.0
Townsend's Warbler,3,3,Mar_W3,0.0,665.0
Townsend's Warbler,3,4,Mar_W4,0.0,843.0
Townsend's Warbler,4,1,Apr_W1,0.0,743.0
Townsend's Warbler,4,2,Apr_W2,0.0,762.0
Townsend's Warbler,4,3,Apr_W3,0.0,775.0
Townsend's Warbler,4,4,Apr_W4,0.0,1200.0
Townsend's Warbler,5,1,May_W1,0.0,1394.0
Townsend's Warbler,5,2,May_W2,0.0,4130.0
Townsend's Warbler,5,3,May_W3,0.0,8788.0
Townsend's Warbler,5,4,May_W4,0.0056937,3337.0
Townsend's Warbler,6,1,Jun_W1,0.0,965.0
Townsend's Warbler,6,2,Jun_W2,0.0,714.0
Townsend's Warbler,6,3,Jun_W3,0.0,624.0
Townsend's Warbler,6,4,Jun_W4,0.0,704.0
Townsend's Warbler,7,1,Jul_W1,0.0,922.0
Townsend's Warbler,7,2,Jul_W2,0.0,649.0
Townsend's Warbler,7,3,Jul_W3,0.0,539.0
Townsend's Warbler,7,4,Jul_W4,0.0,716.0
Townsend's Warbler,8,1,Aug_W1,0.0,541.0
Townsend's Warbler,8,2,Aug_W2,0.0,464.0
Townsend's Warbler,8,3,Aug_W3,0.0,543.0
Townsend's Warbler,8,4,Aug_W4,0.0,766.0
Townsend's Warbler,9,1,Sep_W1,0.0,638.0
Townsend's Warbler,9,2,Sep_W2,0.0,530.0
Townsend's Warbler,9,3,Sep_W3,0.0,500.0
Townsend's Warbler,9,4,Sep_W4,0.0,602.0
Townsend's Warbler,10,1,Oct_W1,0.0,378.0
Townsend's Warbler,10,2,Oct_W2,0.0,435.0
Townsend's Warbler,10,3,Oct_W3,0.0,385.0
Townsend's Warbler,10,4,Oct_W4,0.0,645.0
Townsend's Warbler,11,1,Nov_W1,0.0,434.0
Townsend's Warbler,11,2,Nov_W2,0.0,468.0
Townsend's Warbler,11,3,Nov_W3,0.0,441.0
Townsend's Warbler,11,4,Nov_W4,0.0,600.0
Townsend's Warbler,12,1,Dec_W1,0.0,446.0
Townsend's Warbler,12,2,Dec_W2,0.0,529.0
Townsend's Warbler,12,3,Dec_W3,0.0,552.0
Townsend's Warbler,12,4,Dec_W4,0.0,695.0
Black-throated Green Warbler,1,1,Jan_W1,0.0,823.0
Black-throated Green Warbler,1,2,Jan_W2,0.0,605.0
Black-throated Green Warbler,1,3,Jan_W3,0.0,523.0
Black-throated Green Warbler,1,4,Jan_W4,0.0,730.0
Black-throated Green Warbler,2,1,Feb_W1,0.0,496.0
Black-throated Green Warbler,2,2,Feb_W2,0.0,822.0
Black-throated Green Warbler,2,3,Feb_W3,0.0,1575.0
Black-throated Green Warbler,2,4,Feb_W4,0.0,612.0
Black-throated Green Warbler,3,1,Mar_W1,0.0,608.0
Black-throated Green Warbler,3,2,Mar_W2,0.0,740.0
Black-throated Green Warbler,3,3,Mar_W3,0.0,665.0
Black-throated Green Warbler,3,4,Mar_W4,0.0,843.0
Black-throated Green Warbler,4,1,Apr_W1,0.0,743.0
Black-throated Green Warbler,4,2,Apr_W2,0.0,762.0
Black-throated Green Warbler,4,3,Apr_W3,0.0,775.0
Black-throated Green Warbler,4,4,Apr_W4,0.0258333,1200.0
Black-throated Green Warbler,5,1,May_W1,0.1527977,1394.0
Black-throated Green Warbler,5,2,May_W2,0.3038741,4130.0
Black-throated Green Warbler,5,3,May_W3,0.3202094,8788.0
Black-throated Green Warbler,5,4,May_W4,0.1878933,3337.0
Black-throated Green Warbler,6,1,Jun_W1,0.0404145,965.0
Black-throated Green Warbler,6,2,Jun_W2,0.022409,714.0
Black-throated Green Warbler,6,3,Jun_W3,0.025641,624.0
Black-throated Green Warbler,6,4,Jun_W4,0.0340909,704.0
Black-throated Green Warbler,7,1,Jul_W1,0.0292842,922.0
Black-throated Green Warbler,7,2,Jul_W2,0.0200308,649.0
Black-throated Green Warbler,7,3,Jul_W3,0.0204082,539.0
Black-throated Green Warbler,7,4,Jul_W4,0.0111732,716.0
Black-throated Green Warbler,8,1,Aug_W1,0.0110906,541.0
Black-throated Green Warbler,8,2,Aug_W2,0.0193966,464.0
Black-throated Green Warbler,8,3,Aug_W3,0.0405157,543.0
Black-throated Green Warbler,8,4,Aug_W4,0.0979112,766.0
Black-throated Green Warbler,9,1,Sep_W1,0.1018809,638.0
Black-throated Green Warbler,9,2,Sep_W2,0.1207547,530.0
Black-throated Green Warbler,9,3,Sep_W3,0.1,500.0
Black-throated Green Warbler,9,4,Sep_W4,0.0863787,602.0
Black-throated Green Warbler,10,1,Oct_W1,0.0343915,378.0
Black-throated Green Warbler,10,2,Oct_W2,0.0206897,435.0
Black-throated Green Warbler,10,3,Oct_W3,0.0025974,385.0
Black-throated Green Warbler,10,4,Oct_W4,0.0,645.0
Black-throated Green Warbler,11,1,Nov_W1,0.0,434.0
Black-throated Green Warbler,11,2,Nov_W2,0.0,468.0
Black-throated Green Warbler,11,3,Nov_W3,0.0,441.0
Black-throated Green Warbler,11,4,Nov_W4,0.0,600.0
Black-throated Green Warbler,12,1,Dec_W1,0.0,446.0
Black-throated Green Warbler,12,2,Dec_W2,0.0,529.0
Black-throated Green Warbler,12,3,Dec_W3,0.0,552.0
Black-throated Green Warbler,12,4,Dec_W4,0.0,695.0
Canada Warbler,1,1,Jan_W1,0.0,823.0
Canada Warbler,1,2,Jan_W2,0.0,605.0
Canada Warbler,1,3,Jan_W3,0.0,523.0
Canada Warbler,1,4,Jan_W4,0.0,730.0
Canada Warbler,2,1,Feb_W1,0.0,496.0
Canada Warbler,2,2,Feb_W2,0.0,822.0
Canada Warbler,2,3,Feb_W3,0.0,1575.0
Canada Warbler,2,4,Feb_W4,0.0,612.0
Canada Warbler,3,1,Mar_W1,0.0,608.0
Canada Warbler,3,2,Mar_W2,0.0,740.0
Canada Warbler,3,3,Mar_W3,0.0,665.0
Canada Warbler,3,4,Mar_W4,0.0,843.0
Canada Warbler,4,1,Apr_W1,0.0,743.0
Canada Warbler,4,2,Apr_W2,0.0,762.0
Canada Warbler,4,3,Apr_W3,0.0,775.0
Canada Warbler,4,4,Apr_W4,0.0,1200.0
Canada Warbler,5,1,May_W1,0.0014347,1394.0
Canada Warbler,5,2,May_W2,0.0317191,4130.0
Canada Warbler,5,3,May_W3,0.1158398,8788.0
Canada Warbler,5,4,May_W4,0.1294576,3337.0
Canada Warbler,6,1,Jun_W1,0.015544,965.0
Canada Warbler,6,2,Jun_W2,0.0042017,714.0
Canada Warbler,6,3,Jun_W3,0.0032051,624.0
Canada Warbler,6,4,Jun_W4,0.0014205,704.0
Canada Warbler,7,1,Jul_W1,0.0010846,922.0
Canada Warbler,7,2,Jul_W2,0.0,649.0
Canada Warbler,7,3,Jul_W3,0.0,539.0
Canada Warbler,7,4,Jul_W4,0.0027933,716.0
Canada Warbler,8,1,Aug_W1,0.0073937,541.0
Canada Warbler,8,2,Aug_W2,0.0086207,464.0
Canada Warbler,8,3,Aug_W3,0.038674,543.0
Canada Warbler,8,4,Aug_W4,0.0313316,766.0
Canada Warbler,9,1,Sep_W1,0.031348,638.0
Canada Warbler,9,2,Sep_W2,0.009434,530.0
Canada Warbler,9,3,Sep_W3,0.0,500.0
Canada Warbler,9,4,Sep_W4,0.0,602.0
Canada Warbler,10,1,Oct_W1,0.0,378.0
Canada Warbler,10,2,Oct_W2,0.0,435.0
Canada Warbler,10,3,Oct_W3,0.0,385.0
Canada Warbler,10,4,Oct_W4,0.0,645.0
Canada Warbler,11,1,Nov_W1,0.0,434.0
Canada Warbler,11,2,Nov_W2,0.0,468.0
Canada Warbler,11,3,Nov_W3,0.0,441.0
Canada Warbler,11,4,Nov_W4,0.0,600.0
Canada Warbler,12,1,Dec_W1,0.0,446.0
Canada Warbler,12,2,Dec_W2,0.0,529.0
Canada Warbler,12,3,Dec_W3,0.0,552.0
Canada Warbler,12,4,Dec_W4,0.0,695.0
Wilson's Warbler,1,1,Jan_W1,0.0012151,823.0
Wilson's Warbler,1,2,Jan_W2,0.0,605.0
Wilson's Warbler,1,3,Jan_W3,0.0,523.0
Wilson's Warbler,1,4,Jan_W4,0.0,730.0
Wilson's Warbler,2,1,Feb_W1,0.0,496.0
Wilson's Warbler,2,2,Feb_W2,0.0,822.0
Wilson's Warbler,2,3,Feb_W3,0.0,1575.0
Wilson's Warbler,2,4,Feb_W4,0.0,612.0
Wilson's Warbler,3,1,Mar_W1,0.0,608.0
Wilson's Warbler,3,2,Mar_W2,0.0,740.0
Wilson's Warbler,3,3,Mar_W3,0.0,665.0
Wilson's Warbler,3,4,Mar_W4,0.0,843.0
Wilson's Warbler,4,1,Apr_W1,0.0,743.0
Wilson's Warbler,4,2,Apr_W2,0.0,762.0
Wilson's Warbler,4,3,Apr_W3,0.0,775.0
Wilson's Warbler,4,4,Apr_W4,0.0,1200.0
Wilson's Warbler,5,1,May_W1,0.0028694,1394.0
Wilson's Warbler,5,2,May_W2,0.0723971,4130.0
Wilson's Warbler,5,3,May_W3,0.2204142,8788.0
Wilson's Warbler,5,4,May_W4,0.2031765,3337.0
Wilson's Warbler,6,1,Jun_W1,0.0217617,965.0
Wilson's Warbler,6,2,Jun_W2,0.0014006,714.0
Wilson's Warbler,6,3,Jun_W3,0.0,624.0
Wilson's Warbler,6,4,Jun_W4,0.0,704.0
Wilson's Warbler,7,1,Jul_W1,0.0,922.0
Wilson's Warbler,7,2,Jul_W2,0.0,649.0
Wilson's Warbler,7,3,Jul_W3,0.0,539.0
Wilson's Warbler,7,4,Jul_W4,0.0,716.0
Wilson's Warbler,8,1,Aug_W1,0.0,541.0
Wilson's Warbler,8,2,Aug_W2,0.0,464.0
Wilson's Warbler,8,3,Aug_W3,0.0331492,543.0
Wilson's Warbler,8,4,Aug_W4,0.0509138,766.0
Wilson's Warbler,9,1,Sep_W1,0.1050157,638.0
Wilson's Warbler,9,2,Sep_W2,0.0641509,530.0
Wilson's Warbler,9,3,Sep_W3,0.08,500.0
Wilson's Warbler,9,4,Sep_W4,0.0348837,602.0
Wilson's Warbler,10,1,Oct_W1,0.005291,378.0
Wilson's Warbler,10,2,Oct_W2,0.0,435.0
Wilson's Warbler,10,3,Oct_W3,0.0,385.0
Wilson's Warbler,10,4,Oct_W4,0.0015504,645.0
Wilson's Warbler,11,1,Nov_W1,0.0,434.0
Wilson's Warbler,11,2,Nov_W2,0.0,468.0
Wilson's Warbler,11,3,Nov_W3,0.0,441.0
Wilson's Warbler,11,4,Nov_W4,0.0016667,600.0
Wilson's Warbler,12,1,Dec_W1,0.0179372,446.0
Wilson's Warbler,12,2,Dec_W2,0.0018904,529.0
Wilson's Warbler,12,3,Dec_W3,0.0018116,552.0
Wilson's Warbler,12,4,Dec_W4,0.0,695.0
Summer Tanager,1,1,Jan_W1,0.0,823.0
Summer Tanager,1,2,Jan_W2,0.0,605.0
Summer Tanager,1,3,Jan_W3,0.0,523.0
Summer Tanager,1,4,Jan_W4,0.0,730.0
Summer Tanager,2,1,Feb_W1,0.0,496.0
Summer Tanager,2,2,Feb_W2,0.0,822.0
Summer Tanager,2,3,Feb_W3,0.0,1575.0
Summer Tanager,2,4,Feb_W4,0.0,612.0
Summer Tanager,3,1,Mar_W1,0.0,608.0
Summer Tanager,3,2,Mar_W2,0.0,740.0
Summer Tanager,3,3,Mar_W3,0.0,665.0
Summer Tanager,3,4,Mar_W4,0.0,843.0
Summer Tanager,4,1,Apr_W1,0.0,743.0
Summer Tanager,4,2,Apr_W2,0.0,762.0
Summer Tanager,4,3,Apr_W3,0.0,775.0
Summer Tanager,4,4,Apr_W4,0.0008333,1200.0
Summer Tanager,5,1,May_W1,0.0193687,1394.0
Summer Tanager,5,2,May_W2,0.0532688,4130.0
Summer Tanager,5,3,May_W3,0.0227583,8788.0
Summer Tanager,5,4,May_W4,0.0047947,3337.0
Summer Tanager,6,1,Jun_W1,0.0,965.0
Summer Tanager,6,2,Jun_W2,0.0,714.0
Summer Tanager,6,3,Jun_W3,0.0,624.0
Summer Tanager,6,4,Jun_W4,0.0,704.0
Summer Tanager,7,1,Jul_W1,0.0,922.0
Summer Tanager,7,2,Jul_W2,0.0,649.0
Summer Tanager,7,3,Jul_W3,0.0,539.0
Summer Tanager,7,4,Jul_W4,0.0,716.0
Summer Tanager,8,1,Aug_W1,0.0,541.0
Summer Tanager,8,2,Aug_W2,0.0,464.0
Summer Tanager,8,3,Aug_W3,0.0,543.0
Summer Tanager,8,4,Aug_W4,0.0,766.0
Summer Tanager,9,1,Sep_W1,0.0,638.0
Summer Tanager,9,2,Sep_W2,0.0,530.0
Summer Tanager,9,3,Sep_W3,0.0,500.0
Summer Tanager,9,4,Sep_W4,0.0,602.0
Summer Tanager,10,1,Oct_W1,0.0,378.0
Summer Tanager,10,2,Oct_W2,0.0,435.0
Summer Tanager,10,3,Oct_W3,0.0,385.0
Summer Tanager,10,4,Oct_W4,0.0,645.0
Summer Tanager,11,1,Nov_W1,0.0,434.0
Summer Tanager,11,2,Nov_W2,0.0,468.0
Summer Tanager,11,3,Nov_W3,0.0,441.0
Summer Tanager,11,4,Nov_W4,0.0,600.0
Summer Tanager,12,1,Dec_W1,0.0,446.0
Summer Tanager,12,2,Dec_W2,0.0,529.0
Summer Tanager,12,3,Dec_W3,0.0,552.0
Summer Tanager,12,4,Dec_W4,0.0,695.0
Scarlet Tanager,1,1,Jan_W1,0.0,823.0
Scarlet Tanager,1,2,Jan_W2,0.0,605.0
Scarlet Tanager,1,3,Jan_W3,0.0,523.0
Scarlet Tanager,1,4,Jan_W4,0.0,730.0
Scarlet Tanager,2,1,Feb_W1,0.0,496.0
Scarlet Tanager,2,2,Feb_W2,0.0,822.0
Scarlet Tanager,2,3,Feb_W3,0.0,1575.0
Scarlet Tanager,2,4,Feb_W4,0.0,612.0
Scarlet Tanager,3,1,Mar_W1,0.0,608.0
Scarlet Tanager,3,2,Mar_W2,0.0,740.0
Scarlet Tanager,3,3,Mar_W3,0.0,665.0
Scarlet Tanager,3,4,Mar_W4,0.0,843.0
Scarlet Tanager,4,1,Apr_W1,0.0,743.0
Scarlet Tanager,4,2,Apr_W2,0.0,762.0
Scarlet Tanager,4,3,Apr_W3,0.0,775.0
Scarlet Tanager,4,4,Apr_W4,0.0033333,1200.0
Scarlet Tanager,5,1,May_W1,0.0451937,1394.0
Scarlet Tanager,5,2,May_W2,0.2544794,4130.0
Scarlet Tanager,5,3,May_W3,0.395198,8788.0
Scarlet Tanager,5,4,May_W4,0.3086605,3337.0
Scarlet Tanager,6,1,Jun_W1,0.1409326,965.0
Scarlet Tanager,6,2,Jun_W2,0.1232493,714.0
Scarlet Tanager,6,3,Jun_W3,0.0897436,624.0
Scarlet Tanager,6,4,Jun_W4,0.1065341,704.0
Scarlet Tanager,7,1,Jul_W1,0.0911063,922.0
Scarlet Tanager,7,2,Jul_W2,0.0677966,649.0
Scarlet Tanager,7,3,Jul_W3,0.0760668,539.0
Scarlet Tanager,7,4,Jul_W4,0.0670391,716.0
Scarlet Tanager,8,1,Aug_W1,0.051756,541.0
Scarlet Tanager,8,2,Aug_W2,0.049569,464.0
Scarlet Tanager,8,3,Aug_W3,0.0220994,543.0
Scarlet Tanager,8,4,Aug_W4,0.037859,766.0
Scarlet Tanager,9,1,Sep_W1,0.0266458,638.0
Scarlet Tanager,9,2,Sep_W2,0.0377358,530.0
Scarlet Tanager,9,3,Sep_W3,0.026,500.0
Scarlet Tanager,9,4,Sep_W4,0.0083056,602.0
Scarlet Tanager,10,1,Oct_W1,0.0,378.0
Scarlet Tanager,10,2,Oct_W2,0.0,435.0
Scarlet Tanager,10,3,Oct_W3,0.0,385.0
Scarlet Tanager,10,4,Oct_W4,0.0,645.0
Scarlet Tanager,11,1,Nov_W1,0.0,434.0
Scarlet Tanager,11,2,Nov_W2,0.0,468.0
Scarlet Tanager,11,3,Nov_W3,0.0,441.0
Scarlet Tanager,11,4,Nov_W4,0.0,600.0
Scarlet Tanager,12,1,Dec_W1,0.0,446.0
Scarlet Tanager,12,2,Dec_W2,0.0,529.0
Scarlet Tanager,12,3,Dec_W3,0.0,552.0
Scarlet Tanager,12,4,Dec_W4,0.0,695.0
Western Tanager,1,1,Jan_W1,0.0,823.0
Western Tanager,1,2,Jan_W2,0.0,605.0
Western Tanager,1,3,Jan_W3,0.0,523.0
Western Tanager,1,4,Jan_W4,0.0,730.0
Western Tanager,2,1,Feb_W1,0.0,496.0
Western Tanager,2,2,Feb_W2,0.0,822.0
Western Tanager,2,3,Feb_W3,0.0,1575.0
Western Tanager,2,4,Feb_W4,0.0,612.0
Western Tanager,3,1,Mar_W1,0.0,608.0
Western Tanager,3,2,Mar_W2,0.0,740.0
Western Tanager,3,3,Mar_W3,0.0,665.0
Western Tanager,3,4,Mar_W4,0.0,843.0
Western Tanager,4,1,Apr_W1,0.0,743.0
Western Tanager,4,2,Apr_W2,0.0,762.0
Western Tanager,4,3,Apr_W3,0.0,775.0
Western Tanager,4,4,Apr_W4,0.0,1200.0
Western Tanager,5,1,May_W1,0.0093257,1394.0
Western Tanager,5,2,May_W2,0.0031477,4130.0
Western Tanager,5,3,May_W3,0.0002276,8788.0
Western Tanager,5,4,May_W4,0.0015,3337.0
Western Tanager,6,1,Jun_W1,0.0,965.0
Western Tanager,6,2,Jun_W2,0.0,714.0
Western Tanager,6,3,Jun_W3,0.0,624.0
Western Tanager,6,4,Jun_W4,0.0,704.0
Western Tanager,7,1,Jul_W1,0.0,922.0
Western Tanager,7,2,Jul_W2,0.0,649.0
Western Tanager,7,3,Jul_W3,0.0,539.0
Western Tanager,7,4,Jul_W4,0.0,716.0
Western Tanager,8,1,Aug_W1,0.0,541.0
Western Tanager,8,2,Aug_W2,0.0,464.0
Western Tanager,8,3,Aug_W3,0.0,543.0
Western Tanager,8,4,Aug_W4,0.0,766.0
Western Tanager,9,1,Sep_W1,0.0,638.0
Western Tanager,9,2,Sep_W2,0.0,530.0
Western Tanager,9,3,Sep_W3,0.0,500.0
Western Tanager,9,4,Sep_W4,0.0,602.0
Western Tanager,10,1,Oct_W1,0.0,378.0
Western Tanager,10,2,Oct_W2,0.0,435.0
Western Tanager,10,3,Oct_W3,0.0,385.0
Western Tanager,10,4,Oct_W4,0.0,645.0
Western Tanager,11,1,Nov_W1,0.0,434.0
Western Tanager,11,2,Nov_W2,0.0021368,468.0
Western Tanager,11,3,Nov_W3,0.0,441.0
Western Tanager,11,4,Nov_W4,0.0,600.0
Western Tanager,12,1,Dec_W1,0.0,446.0
Western Tanager,12,2,Dec_W2,0.0,529.0
Western Tanager,12,3,Dec_W3,0.0,552.0
Western Tanager,12,4,Dec_W4,0.0,695.0
Northern Cardinal,1,1,Jan_W1,0.1603888,823.0
Northern Cardinal,1,2,Jan_W2,0.2214876,605.0
Northern Cardinal,1,3,Jan_W3,0.2600382,523.0
Northern Cardinal,1,4,Jan_W4,0.2767123,730.0
Northern Cardinal,2,1,Feb_W1,0.2459677,496.0
Northern Cardinal,2,2,Feb_W2,0.3077859,822.0
Northern Cardinal,2,3,Feb_W3,0.3250794,1575.0
Northern Cardinal,2,4,Feb_W4,0.2238562,612.0
Northern Cardinal,3,1,Mar_W1,0.2319079,608.0
Northern Cardinal,3,2,Mar_W2,0.227027,740.0
Northern Cardinal,3,3,Mar_W3,0.237594,665.0
Northern Cardinal,3,4,Mar_W4,0.2467378,843.0
Northern Cardinal,4,1,Apr_W1,0.2341857,743.0
Northern Cardinal,4,2,Apr_W2,0.2690289,762.0
Northern Cardinal,4,3,Apr_W3,0.2580645,775.0
Northern Cardinal,4,4,Apr_W4,0.265,1200.0
Northern Cardinal,5,1,May_W1,0.3256815,1394.0
Northern Cardinal,5,2,May_W2,0.3271186,4130.0
Northern Cardinal,5,3,May_W3,0.2476104,8788.0
Northern Cardinal,5,4,May_W4,0.2738987,3337.0
Northern Cardinal,6,1,Jun_W1,0.2227979,965.0
Northern Cardinal,6,2,Jun_W2,0.1848739,714.0
Northern Cardinal,6,3,Jun_W3,0.224359,624.0
Northern Cardinal,6,4,Jun_W4,0.2002841,704.0
Northern Cardinal,7,1,Jul_W1,0.170282,922.0
Northern Cardinal,7,2,Jul_W2,0.1756549,649.0
Northern Cardinal,7,3,Jul_W3,0.2189239,539.0
Northern Cardinal,7,4,Jul_W4,0.2053073,716.0
Northern Cardinal,8,1,Aug_W1,0.2144177,541.0
Northern Cardinal,8,2,Aug_W2,0.2241379,464.0
Northern Cardinal,8,3,Aug_W3,0.1767956,543.0
Northern Cardinal,8,4,Aug_W4,0.2010444,766.0
Northern Cardinal,9,1,Sep_W1,0.19279,638.0
Northern Cardinal,9,2,Sep_W2,0.1943396,530.0
Northern Cardinal,9,3,Sep_W3,0.15,500.0
Northern Cardinal,9,4,Sep_W4,0.1511628,602.0
Northern Cardinal,10,1,Oct_W1,0.1481481,378.0
Northern Cardinal,10,2,Oct_W2,0.1908046,435.0
Northern Cardinal,10,3,Oct_W3,0.2155844,385.0
Northern Cardinal,10,4,Oct_W4,0.2217054,645.0
Northern Cardinal,11,1,Nov_W1,0.2258065,434.0
Northern Cardinal,11,2,Nov_W2,0.25,468.0
Northern Cardinal,11,3,Nov_W3,0.2312925,441.0
Northern Cardinal,11,4,Nov_W4,0.155,600.0
Northern Cardinal,12,1,Dec_W1,0.2085202,446.0
Northern Cardinal,12,2,Dec_W2,0.168242,529.0
Northern Cardinal,12,3,Dec_W3,0.2028986,552.0
Northern Cardinal,12,4,Dec_W4,0.1841727,695.0
Rose-breasted Grosbeak,1,1,Jan_W1,0.0,823.0
Rose-breasted Grosbeak,1,2,Jan_W2,0.0,605.0
Rose-breasted Grosbeak,1,3,Jan_W3,0.0,523.0
Rose-breasted Grosbeak,1,4,Jan_W4,0.0,730.0
Rose-breasted Grosbeak,2,1,Feb_W1,0.0,496.0
Rose-breasted Grosbeak,2,2,Feb_W2,0.0,822.0
Rose-breasted Grosbeak,2,3,Feb_W3,0.0,1575.0
Rose-breasted Grosbeak,2,4,Feb_W4,0.0,612.0
Rose-breasted Grosbeak,3,1,Mar_W1,0.0,608.0
Rose-breasted Grosbeak,3,2,Mar_W2,0.0,740.0
Rose-breasted Grosbeak,3,3,Mar_W3,0.0,665.0
Rose-breasted Grosbeak,3,4,Mar_W4,0.0,843.0
Rose-breasted Grosbeak,4,1,Apr_W1,0.0,743.0
Rose-breasted Grosbeak,4,2,Apr_W2,0.0,762.0
Rose-breasted Grosbeak,4,3,Apr_W3,0.0,775.0
Rose-breasted Grosbeak,4,4,Apr_W4,0.0183333,1200.0
Rose-breasted Grosbeak,5,1,May_W1,0.2367288,1394.0
Rose-breasted Grosbeak,5,2,May_W2,0.5,4130.0
Rose-breasted Grosbeak,5,3,May_W3,0.5124033,8788.0
Rose-breasted Grosbeak,5,4,May_W4,0.3862751,3337.0
Rose-breasted Grosbeak,6,1,Jun_W1,0.2404145,965.0
Rose-breasted Grosbeak,6,2,Jun_W2,0.2058824,714.0
Rose-breasted Grosbeak,6,3,Jun_W3,0.2083333,624.0
Rose-breasted Grosbeak,6,4,Jun_W4,0.1775568,704.0
Rose-breasted Grosbeak,7,1,Jul_W1,0.1366594,922.0
Rose-breasted Grosbeak,7,2,Jul_W2,0.155624,649.0
Rose-breasted Grosbeak,7,3,Jul_W3,0.1243043,539.0
Rose-breasted Grosbeak,7,4,Jul_W4,0.1368715,716.0
Rose-breasted Grosbeak,8,1,Aug_W1,0.1663586,541.0
Rose-breasted Grosbeak,8,2,Aug_W2,0.1875,464.0
Rose-breasted Grosbeak,8,3,Aug_W3,0.1436464,543.0
Rose-breasted Grosbeak,8,4,Aug_W4,0.1357702,766.0
Rose-breasted Grosbeak,9,1,Sep_W1,0.1097179,638.0
Rose-breasted Grosbeak,9,2,Sep_W2,0.090566,530.0
Rose-breasted Grosbeak,9,3,Sep_W3,0.06,500.0
Rose-breasted Grosbeak,9,4,Sep_W4,0.0365449,602.0
Rose-breasted Grosbeak,10,1,Oct_W1,0.0132275,378.0
Rose-breasted Grosbeak,10,2,Oct_W2,0.0022989,435.0
Rose-breasted Grosbeak,10,3,Oct_W3,0.0,385.0
Rose-breasted Grosbeak,10,4,Oct_W4,0.0,645.0
Rose-breasted Grosbeak,11,1,Nov_W1,0.0,434.0
Rose-breasted Grosbeak,11,2,Nov_W2,0.0,468.0
Rose-breasted Grosbeak,11,3,Nov_W3,0.0,441.0
Rose-breasted Grosbeak,11,4,Nov_W4,0.0,600.0
Rose-breasted Grosbeak,12,1,Dec_W1,0.0,446.0
Rose-breasted Grosbeak,12,2,Dec_W2,0.0,529.0
Rose-breasted Grosbeak,12,3,Dec_W3,0.0,552.0
Rose-breasted Grosbeak,12,4,Dec_W4,0.0,695.0
Indigo Bunting,1,1,Jan_W1,0.0,823.0
Indigo Bunting,1,2,Jan_W2,0.0,605.0
Indigo Bunting,1,3,Jan_W3,0.0,523.0
Indigo Bunting,1,4,Jan_W4,0.0,730.0
Indigo Bunting,2,1,Feb_W1,0.0,496.0
Indigo Bunting,2,2,Feb_W2,0.0,822.0
Indigo Bunting,2,3,Feb_W3,0.0,1575.0
Indigo Bunting,2,4,Feb_W4,0.0,612.0
Indigo Bunting,3,1,Mar_W1,0.0,608.0
Indigo Bunting,3,2,Mar_W2,0.0,740.0
Indigo Bunting,3,3,Mar_W3,0.0,665.0
Indigo Bunting,3,4,Mar_W4,0.0,843.0
Indigo Bunting,4,1,Apr_W1,0.0,743.0
Indigo Bunting,4,2,Apr_W2,0.0,762.0
Indigo Bunting,4,3,Apr_W3,0.0,775.0
Indigo Bunting,4,4,Apr_W4,0.0016667,1200.0
Indigo Bunting,5,1,May_W1,0.0466284,1394.0
Indigo Bunting,5,2,May_W2,0.2455206,4130.0
Indigo Bunting,5,3,May_W3,0.3505917,8788.0
Indigo Bunting,5,4,May_W4,0.3137549,3337.0
Indigo Bunting,6,1,Jun_W1,0.1896373,965.0
Indigo Bunting,6,2,Jun_W2,0.1666667,714.0
Indigo Bunting,6,3,Jun_W3,0.1442308,624.0
Indigo Bunting,6,4,Jun_W4,0.1704545,704.0
Indigo Bunting,7,1,Jul_W1,0.1464208,922.0
Indigo Bunting,7,2,Jul_W2,0.1186441,649.0
Indigo Bunting,7,3,Jul_W3,0.1280148,539.0
Indigo Bunting,7,4,Jul_W4,0.1326816,716.0
Indigo Bunting,8,1,Aug_W1,0.0794824,541.0
Indigo Bunting,8,2,Aug_W2,0.0840517,464.0
Indigo Bunting,8,3,Aug_W3,0.0755064,543.0
Indigo Bunting,8,4,Aug_W4,0.0587467,766.0
Indigo Bunting,9,1,Sep_W1,0.0642633,638.0
Indigo Bunting,9,2,Sep_W2,0.0660377,530.0
Indigo Bunting,9,3,Sep_W3,0.048,500.0
Indigo Bunting,9,4,Sep_W4,0.0199336,602.0
Indigo Bunting,10,1,Oct_W1,0.0026455,378.0
Indigo Bunting,10,2,Oct_W2,0.0,435.0
Indigo Bunting,10,3,Oct_W3,0.0,385.0
Indigo Bunting,10,4,Oct_W4,0.0,645.0
Indigo Bunting,11,1,Nov_W1,0.0046083,434.0
Indigo Bunting,11,2,Nov_W2,0.0,468.0
Indigo Bunting,11,3,Nov_W3,0.0,441.0
Indigo Bunting,11,4,Nov_W4,0.0,600.0
Indigo Bunting,12,1,Dec_W1,0.0,446.0
Indigo Bunting,12,2,Dec_W2,0.0,529.0
Indigo Bunting,12,3,Dec_W3,0.0,552.0
Indigo Bunting,12,4,Dec_W4,0.0,695.0
Painted Bunting,1,1,Jan_W1,0.0,823.0
Painted Bunting,1,2,Jan_W2,0.0,605.0
Painted Bunting,1,3,Jan_W3,0.0,523.0
Painted Bunting,1,4,Jan_W4,0.0,730.0
Painted Bunting,2,1,Feb_W1,0.0,496.0
Painted Bunting,2,2,Feb_W2,0.0,822.0
Painted Bunting,2,3,Feb_W3,0.0,1575.0
Painted Bunting,2,4,Feb_W4,0.0,612.0
Painted Bunting,3,1,Mar_W1,0.0,608.0
Painted Bunting,3,2,Mar_W2,0.0,740.0
Painted Bunting,3,3,Mar_W3,0.0,665.0
Painted Bunting,3,4,Mar_W4,0.0,843.0
Painted Bunting,4,1,Apr_W1,0.0,743.0
Painted Bunting,4,2,Apr_W2,0.0,762.0
Painted Bunting,4,3,Apr_W3,0.0,775.0
Painted Bunting,4,4,Apr_W4,0.0,1200.0
Painted Bunting,5,1,May_W1,0.0,1394.0
Painted Bunting,5,2,May_W2,0.0026634,4130.0
Painted Bunting,5,3,May_W3,0.0086482,8788.0
Painted Bunting,5,4,May_W4,0.0,3337.0
Painted Bunting,6,1,Jun_W1,0.0,965.0
Painted Bunting,6,2,Jun_W2,0.0,714.0
Painted Bunting,6,3,Jun_W3,0.0,624.0
Painted Bunting,6,4,Jun_W4,0.0,704.0
Painted Bunting,7,1,Jul_W1,0.0,922.0
Painted Bunting,7,2,Jul_W2,0.0,649.0
Painted Bunting,7,3,Jul_W3,0.0,539.0
Painted Bunting,7,4,Jul_W4,0.0,716.0
Painted Bunting,8,1,Aug_W1,0.0,541.0
Painted Bunting,8,2,Aug_W2,0.0,464.0
Painted Bunting,8,3,Aug_W3,0.0,543.0
Painted Bunting,8,4,Aug_W4,0.0,766.0
Painted Bunting,9,1,Sep_W1,0.0,638.0
Painted Bunting,9,2,Sep_W2,0.0,530.0
Painted Bunting,9,3,Sep_W3,0.0,500.0
Painted Bunting,9,4,Sep_W4,0.0,602.0
Painted Bunting,10,1,Oct_W1,0.0,378.0
Painted Bunting,10,2,Oct_W2,0.0,435.0
Painted Bunting,10,3,Oct_W3,0.0,385.0
Painted Bunting,10,4,Oct_W4,0.0,645.0
Painted Bunting,11,1,Nov_W1,0.0,434.0
Painted Bunting,11,2,Nov_W2,0.0,468.0
Painted Bunting,11,3,Nov_W3,0.0,441.0
Painted Bunting,11,4,Nov_W4,0.0,600.0
Painted Bunting,12,1,Dec_W1,0.0,446.0
Painted Bunting,12,2,Dec_W2,0.0,529.0
Painted Bunting,12,3,Dec_W3,0.0,552.0
Painted Bunting,12,4,Dec_W4,0.0,695.0
Dickcissel,1,1,Jan_W1,0.0,823.0
Dickcissel,1,2,Jan_W2,0.0,605.0
Dickcissel,1,3,Jan_W3,0.0,523.0
Dickcissel,1,4,Jan_W4,0.0,730.0
Dickcissel,2,1,Feb_W1,0.0,496.0
Dickcissel,2,2,Feb_W2,0.0,822.0
Dickcissel,2,3,Feb_W3,0.0,1575.0
Dickcissel,2,4,Feb_W4,0.0,612.0
Dickcissel,3,1,Mar_W1,0.0,608.0
Dickcissel,3,2,Mar_W2,0.0,740.0
Dickcissel,3,3,Mar_W3,0.0,665.0
Dickcissel,3,4,Mar_W4,0.0,843.0
Dickcissel,4,1,Apr_W1,0.0,743.0
Dickcissel,4,2,Apr_W2,0.0,762.0
Dickcissel,4,3,Apr_W3,0.0,775.0
Dickcissel,4,4,Apr_W4,0.0,1200.0
Dickcissel,5,1,May_W1,0.0,1394.0
Dickcissel,5,2,May_W2,0.0004843,4130.0
Dickcissel,5,3,May_W3,0.0013655,8788.0
Dickcissel,5,4,May_W4,0.0011987,3337.0
Dickcissel,6,1,Jun_W1,0.0010363,965.0
Dickcissel,6,2,Jun_W2,0.0140056,714.0
Dickcissel,6,3,Jun_W3,0.0112179,624.0
Dickcissel,6,4,Jun_W4,0.0269886,704.0
Dickcissel,7,1,Jul_W1,0.027115,922.0
Dickcissel,7,2,Jul_W2,0.009245,649.0
Dickcissel,7,3,Jul_W3,0.0148423,539.0
Dickcissel,7,4,Jul_W4,0.0041899,716.0
Dickcissel,8,1,Aug_W1,0.0018484,541.0
Dickcissel,8,2,Aug_W2,0.0021552,464.0
Dickcissel,8,3,Aug_W3,0.0,543.0
Dickcissel,8,4,Aug_W4,0.0013055,766.0
Dickcissel,9,1,Sep_W1,0.0047022,638.0
Dickcissel,9,2,Sep_W2,0.0,530.0
Dickcissel,9,3,Sep_W3,0.01,500.0
Dickcissel,9,4,Sep_W4,0.0,602.0
Dickcissel,10,1,Oct_W1,0.0,378.0
Dickcissel,10,2,Oct_W2,0.0,435.0
Dickcissel,10,3,Oct_W3,0.0,385.0
Dickcissel,10,4,Oct_W4,0.0,645.0
Dickcissel,11,1,Nov_W1,0.0,434.0
Dickcissel,11,2,Nov_W2,0.0,468.0
Dickcissel,11,3,Nov_W3,0.0,441.0
Dickcissel,11,4,Nov_W4,0.0,600.0
Dickcissel,12,1,Dec_W1,0.0,446.0
Dickcissel,12,2,Dec_W2,0.0,529.0
Dickcissel,12,3,Dec_W3,0.0,552.0
Dickcissel,12,4,Dec_W4,0.0,695.0
