Species,Month,Week,Week_Label,Frequency,Sample_Size
Snow Goose,1,1,Jan_W1,0.0,1028.0
Snow Goose,1,2,Jan_W2,0.0,995.0
Snow Goose,1,3,Jan_W3,0.0,1544.0
Snow Goose,1,4,Jan_W4,0.0,1414.0
Snow Goose,2,1,Feb_W1,0.0,1431.0
Snow Goose,2,2,Feb_W2,0.0,1915.0
Snow Goose,2,3,Feb_W3,0.0,1788.0
Snow Goose,2,4,Feb_W4,0.0,669.0
Snow Goose,3,1,Mar_W1,0.0,543.0
Snow Goose,3,2,Mar_W2,0.0082418,364.0
Snow Goose,3,3,Mar_W3,0.0029369,681.0
Snow Goose,3,4,Mar_W4,0.0137931,1015.0
Snow Goose,4,1,Apr_W1,0.0132979,752.0
Snow Goose,4,2,Apr_W2,0.0092421,1082.0
Snow Goose,4,3,Apr_W3,0.009205,1195.0
Snow Goose,4,4,Apr_W4,0.0007181,2785.0
Snow Goose,5,1,May_W1,0.0047912,1461.0
Snow Goose,5,2,May_W2,0.0015,1400.0
Snow Goose,5,3,May_W3,0.0,2046.0
Snow Goose,5,4,May_W4,0.0020289,3943.0
Snow Goose,6,1,Jun_W1,0.001292,1548.0
Snow Goose,6,2,Jun_W2,0.0,1075.0
Snow Goose,6,3,Jun_W3,0.0,1107.0
Snow Goose,6,4,Jun_W4,0.0,1051.0
Snow Goose,7,1,Jul_W1,0.0,795.0
Snow Goose,7,2,Jul_W2,0.0,584.0
Snow Goose,7,3,Jul_W3,0.0,533.0
Snow Goose,7,4,Jul_W4,0.0,790.0
Snow Goose,8,1,Aug_W1,0.0,597.0
Snow Goose,8,2,Aug_W2,0.0,666.0
Snow Goose,8,3,Aug_W3,0.0,822.0
Snow Goose,8,4,Aug_W4,0.0,1123.0
Snow Goose,9,1,Sep_W1,0.0011001,909.0
Snow Goose,9,2,Sep_W2,0.0073145,957.0
Snow Goose,9,3,Sep_W3,0.0353063,963.0
Snow Goose,9,4,Sep_W4,0.0205237,1413.0
Snow Goose,10,1,Oct_W1,0.0184426,976.0
Snow Goose,10,2,Oct_W2,0.0112782,1330.0
Snow Goose,10,3,Oct_W3,0.0205033,1073.0
Snow Goose,10,4,Oct_W4,0.0080142,1123.0
Snow Goose,11,1,Nov_W1,0.0204082,686.0
Snow Goose,11,2,Nov_W2,0.0015106,662.0
Snow Goose,11,3,Nov_W3,0.0,428.0
Snow Goose,11,4,Nov_W4,0.0,339.0
Snow Goose,12,1,Dec_W1,0.0,213.0
Snow Goose,12,2,Dec_W2,0.0,275.0
Snow Goose,12,3,Dec_W3,0.0,318.0
Snow Goose,12,4,Dec_W4,0.0010741,931.0
Ross's Goose,1,1,Jan_W1,0.0,1028.0
Ross's Goose,1,2,Jan_W2,0.0,995.0
Ross's Goose,1,3,Jan_W3,0.0,1544.0
Ross's Goose,1,4,Jan_W4,0.0,1414.0
Ross's Goose,2,1,Feb_W1,0.0,1431.0
Ross's Goose,2,2,Feb_W2,0.0,1915.0
Ross's Goose,2,3,Feb_W3,0.0,1788.0
Ross's Goose,2,4,Feb_W4,0.0,669.0
Ross's Goose,3,1,Mar_W1,0.0,543.0
Ross's Goose,3,2,Mar_W2,0.0027473,364.0
Ross's Goose,3,3,Mar_W3,0.0,681.0
Ross's Goose,3,4,Mar_W4,0.0128079,1015.0
Ross's Goose,4,1,Apr_W1,0.0053191,752.0
Ross's Goose,4,2,Apr_W2,0.0166359,1082.0
Ross's Goose,4,3,Apr_W3,0.0033473,1195.0
Ross's Goose,4,4,Apr_W4,0.0,2785.0
Ross's Goose,5,1,May_W1,0.0,1461.0
Ross's Goose,5,2,May_W2,0.0,1400.0
Ross's Goose,5,3,May_W3,0.0,2046.0
Ross's Goose,5,4,May_W4,0.0,3943.0
Ross's Goose,6,1,Jun_W1,0.0,1548.0
Ross's Goose,6,2,Jun_W2,0.0,1075.0
Ross's Goose,6,3,Jun_W3,0.0,1107.0
Ross's Goose,6,4,Jun_W4,0.0,1051.0
Ross's Goose,7,1,Jul_W1,0.0,795.0
Ross's Goose,7,2,Jul_W2,0.0,584.0
Ross's Goose,7,3,Jul_W3,0.0,533.0
Ross's Goose,7,4,Jul_W4,0.0,790.0
Ross's Goose,8,1,Aug_W1,0.0,597.0
Ross's Goose,8,2,Aug_W2,0.0,666.0
Ross's Goose,8,3,Aug_W3,0.0,822.0
Ross's Goose,8,4,Aug_W4,0.0,1123.0
Ross's Goose,9,1,Sep_W1,0.0,909.0
Ross's Goose,9,2,Sep_W2,0.0015,957.0
Ross's Goose,9,3,Sep_W3,0.0010384,963.0
Ross's Goose,9,4,Sep_W4,0.0,1413.0
Ross's Goose,10,1,Oct_W1,0.0,976.0
Ross's Goose,10,2,Oct_W2,0.0,1330.0
Ross's Goose,10,3,Oct_W3,0.0,1073.0
Ross's Goose,10,4,Oct_W4,0.0,1123.0
Ross's Goose,11,1,Nov_W1,0.0,686.0
Ross's Goose,11,2,Nov_W2,0.0,662.0
Ross's Goose,11,3,Nov_W3,0.0,428.0
Ross's Goose,11,4,Nov_W4,0.0,339.0
Ross's Goose,12,1,Dec_W1,0.0,213.0
Ross's Goose,12,2,Dec_W2,0.0,275.0
Ross's Goose,12,3,Dec_W3,0.0,318.0
Ross's Goose,12,4,Dec_W4,0.0,931.0
Greater White-fronted Goose,1,1,Jan_W1,0.0,1028.0
Greater White-fronted Goose,1,2,Jan_W2,0.0,995.0
Greater White-fronted Goose,1,3,Jan_W3,0.0,1544.0
Greater White-fronted Goose,1,4,Jan_W4,0.0,1414.0
Greater White-fronted Goose,2,1,Feb_W1,0.0,1431.0
Greater White-fronted Goose,2,2,Feb_W2,0.0,1915.0
Greater White-fronted Goose,2,3,Feb_W3,0.0,1788.0
Greater White-fronted Goose,2,4,Feb_W4,0.0,669.0
Greater White-fronted Goose,3,1,Mar_W1,0.0015,543.0
Greater White-fronted Goose,3,2,Mar_W2,0.0027473,364.0
Greater White-fronted Goose,3,3,Mar_W3,0.0058737,681.0
Greater White-fronted Goose,3,4,Mar_W4,0.0009852,1015.0
Greater White-fronted Goose,4,1,Apr_W1,0.0039894,752.0
Greater White-fronted Goose,4,2,Apr_W2,0.0009242,1082.0
Greater White-fronted Goose,4,3,Apr_W3,0.0033473,1195.0
Greater White-fronted Goose,4,4,Apr_W4,0.0010772,2785.0
Greater White-fronted Goose,5,1,May_W1,0.0,1461.0
Greater White-fronted Goose,5,2,May_W2,0.0,1400.0
Greater White-fronted Goose,5,3,May_W3,0.0015,2046.0
Greater White-fronted Goose,5,4,May_W4,0.0012681,3943.0
Greater White-fronted Goose,6,1,Jun_W1,0.0,1548.0
Greater White-fronted Goose,6,2,Jun_W2,0.0,1075.0
Greater White-fronted Goose,6,3,Jun_W3,0.0,1107.0
Greater White-fronted Goose,6,4,Jun_W4,0.0,1051.0
Greater White-fronted Goose,7,1,Jul_W1,0.0,795.0
Greater White-fronted Goose,7,2,Jul_W2,0.0,584.0
Greater White-fronted Goose,7,3,Jul_W3,0.0,533.0
Greater White-fronted Goose,7,4,Jul_W4,0.0,790.0
Greater White-fronted Goose,8,1,Aug_W1,0.0,597.0
Greater White-fronted Goose,8,2,Aug_W2,0.0,666.0
Greater White-fronted Goose,8,3,Aug_W3,0.0,822.0
Greater White-fronted Goose,8,4,Aug_W4,0.0,1123.0
Greater White-fronted Goose,9,1,Sep_W1,0.0,909.0
Greater White-fronted Goose,9,2,Sep_W2,0.0,957.0
Greater White-fronted Goose,9,3,Sep_W3,0.0,963.0
Greater White-fronted Goose,9,4,Sep_W4,0.0015,1413.0
Greater White-fronted Goose,10,1,Oct_W1,0.0,976.0
Greater White-fronted Goose,10,2,Oct_W2,0.0007519,1330.0
Greater White-fronted Goose,10,3,Oct_W3,0.0,1073.0
Greater White-fronted Goose,10,4,Oct_W4,0.0,1123.0
Greater White-fronted Goose,11,1,Nov_W1,0.0,686.0
Greater White-fronted Goose,11,2,Nov_W2,0.0,662.0
Greater White-fronted Goose,11,3,Nov_W3,0.0023364,428.0
Greater White-fronted Goose,11,4,Nov_W4,0.0029499,339.0
Greater White-fronted Goose,12,1,Dec_W1,0.0,213.0
Greater White-fronted Goose,12,2,Dec_W2,0.0,275.0
Greater White-fronted Goose,12,3,Dec_W3,0.0,318.0
Greater White-fronted Goose,12,4,Dec_W4,0.0,931.0
Brant,1,1,Jan_W1,0.0,1028.0
Brant,1,2,Jan_W2,0.0,995.0
Brant,1,3,Jan_W3,0.0,1544.0
Brant,1,4,Jan_W4,0.0,1414.0
Brant,2,1,Feb_W1,0.0,1431.0
Brant,2,2,Feb_W2,0.0,1915.0
Brant,2,3,Feb_W3,0.0,1788.0
Brant,2,4,Feb_W4,0.0,669.0
Brant,3,1,Mar_W1,0.0,543.0
Brant,3,2,Mar_W2,0.0,364.0
Brant,3,3,Mar_W3,0.0,681.0
Brant,3,4,Mar_W4,0.0,1015.0
Brant,4,1,Apr_W1,0.0,752.0
Brant,4,2,Apr_W2,0.0,1082.0
Brant,4,3,Apr_W3,0.0,1195.0
Brant,4,4,Apr_W4,0.0015,2785.0
Brant,5,1,May_W1,0.0013689,1461.0
Brant,5,2,May_W2,0.0,1400.0
Brant,5,3,May_W3,0.0004888,2046.0
Brant,5,4,May_W4,0.0015,3943.0
Brant,6,1,Jun_W1,0.0,1548.0
Brant,6,2,Jun_W2,0.0,1075.0
Brant,6,3,Jun_W3,0.0015,1107.0
Brant,6,4,Jun_W4,0.0,1051.0
Brant,7,1,Jul_W1,0.0,795.0
Brant,7,2,Jul_W2,0.0,584.0
Brant,7,3,Jul_W3,0.0,533.0
Brant,7,4,Jul_W4,0.0,790.0
Brant,8,1,Aug_W1,0.0,597.0
Brant,8,2,Aug_W2,0.0,666.0
Brant,8,3,Aug_W3,0.0,822.0
Brant,8,4,Aug_W4,0.0,1123.0
Brant,9,1,Sep_W1,0.0,909.0
Brant,9,2,Sep_W2,0.0,957.0
Brant,9,3,Sep_W3,0.0,963.0
Brant,9,4,Sep_W4,0.0,1413.0
Brant,10,1,Oct_W1,0.0,976.0
Brant,10,2,Oct_W2,0.0,1330.0
Brant,10,3,Oct_W3,0.0015,1073.0
Brant,10,4,Oct_W4,0.0,1123.0
Brant,11,1,Nov_W1,0.0,686.0
Brant,11,2,Nov_W2,0.0,662.0
Brant,11,3,Nov_W3,0.0,428.0
Brant,11,4,Nov_W4,0.0,339.0
Brant,12,1,Dec_W1,0.0,213.0
Brant,12,2,Dec_W2,0.0,275.0
Brant,12,3,Dec_W3,0.0,318.0
Brant,12,4,Dec_W4,0.0,931.0
Cackling Goose,1,1,Jan_W1,0.0,1028.0
Cackling Goose,1,2,Jan_W2,0.0,995.0
Cackling Goose,1,3,Jan_W3,0.0,1544.0
Cackling Goose,1,4,Jan_W4,0.0,1414.0
Cackling Goose,2,1,Feb_W1,0.0,1431.0
Cackling Goose,2,2,Feb_W2,0.0,1915.0
Cackling Goose,2,3,Feb_W3,0.0,1788.0
Cackling Goose,2,4,Feb_W4,0.0,669.0
Cackling Goose,3,1,Mar_W1,0.0,543.0
Cackling Goose,3,2,Mar_W2,0.0,364.0
Cackling Goose,3,3,Mar_W3,0.0014684,681.0
Cackling Goose,3,4,Mar_W4,0.0078818,1015.0
Cackling Goose,4,1,Apr_W1,0.0053191,752.0
Cackling Goose,4,2,Apr_W2,0.0092421,1082.0
Cackling Goose,4,3,Apr_W3,0.0058577,1195.0
Cackling Goose,4,4,Apr_W4,0.0014363,2785.0
Cackling Goose,5,1,May_W1,0.0013689,1461.0
Cackling Goose,5,2,May_W2,0.0,1400.0
Cackling Goose,5,3,May_W3,0.0024438,2046.0
Cackling Goose,5,4,May_W4,0.0002536,3943.0
Cackling Goose,6,1,Jun_W1,0.0,1548.0
Cackling Goose,6,2,Jun_W2,0.0,1075.0
Cackling Goose,6,3,Jun_W3,0.0,1107.0
Cackling Goose,6,4,Jun_W4,0.0,1051.0
Cackling Goose,7,1,Jul_W1,0.0,795.0
Cackling Goose,7,2,Jul_W2,0.0,584.0
Cackling Goose,7,3,Jul_W3,0.0,533.0
Cackling Goose,7,4,Jul_W4,0.0,790.0
Cackling Goose,8,1,Aug_W1,0.0,597.0
Cackling Goose,8,2,Aug_W2,0.0,666.0
Cackling Goose,8,3,Aug_W3,0.0,822.0
Cackling Goose,8,4,Aug_W4,0.0,1123.0
Cackling Goose,9,1,Sep_W1,0.0022002,909.0
Cackling Goose,9,2,Sep_W2,0.0062696,957.0
Cackling Goose,9,3,Sep_W3,0.0062305,963.0
Cackling Goose,9,4,Sep_W4,0.0141543,1413.0
Cackling Goose,10,1,Oct_W1,0.0143443,976.0
Cackling Goose,10,2,Oct_W2,0.0030075,1330.0
Cackling Goose,10,3,Oct_W3,0.0037279,1073.0
Cackling Goose,10,4,Oct_W4,0.0008905,1123.0
Cackling Goose,11,1,Nov_W1,0.0029155,686.0
Cackling Goose,11,2,Nov_W2,0.0,662.0
Cackling Goose,11,3,Nov_W3,0.0,428.0
Cackling Goose,11,4,Nov_W4,0.0,339.0
Cackling Goose,12,1,Dec_W1,0.0,213.0
Cackling Goose,12,2,Dec_W2,0.0,275.0
Cackling Goose,12,3,Dec_W3,0.0,318.0
Cackling Goose,12,4,Dec_W4,0.0,931.0
Canada Goose,1,1,Jan_W1,0.0029183,1028.0
Canada Goose,1,2,Jan_W2,0.0030151,995.0
Canada Goose,1,3,Jan_W3,0.007772,1544.0
Canada Goose,1,4,Jan_W4,0.0056577,1414.0
Canada Goose,2,1,Feb_W1,0.0027952,1431.0
Canada Goose,2,2,Feb_W2,0.002611,1915.0
Canada Goose,2,3,Feb_W3,0.0022371,1788.0
Canada Goose,2,4,Feb_W4,0.0059791,669.0
Canada Goose,3,1,Mar_W1,0.0294659,543.0
Canada Goose,3,2,Mar_W2,0.0769231,364.0
Canada Goose,3,3,Mar_W3,0.123348,681.0
Canada Goose,3,4,Mar_W4,0.2660099,1015.0
Canada Goose,4,1,Apr_W1,0.3590426,752.0
Canada Goose,4,2,Apr_W2,0.3696858,1082.0
Canada Goose,4,3,Apr_W3,0.348954,1195.0
Canada Goose,4,4,Apr_W4,0.3307002,2785.0
Canada Goose,5,1,May_W1,0.2908966,1461.0
Canada Goose,5,2,May_W2,0.2692857,1400.0
Canada Goose,5,3,May_W3,0.2634409,2046.0
Canada Goose,5,4,May_W4,0.3243723,3943.0
Canada Goose,6,1,Jun_W1,0.3339793,1548.0
Canada Goose,6,2,Jun_W2,0.2427907,1075.0
Canada Goose,6,3,Jun_W3,0.171635,1107.0
Canada Goose,6,4,Jun_W4,0.1398668,1051.0
Canada Goose,7,1,Jul_W1,0.1320755,795.0
Canada Goose,7,2,Jul_W2,0.1472603,584.0
Canada Goose,7,3,Jul_W3,0.1707317,533.0
Canada Goose,7,4,Jul_W4,0.2291139,790.0
Canada Goose,8,1,Aug_W1,0.2931323,597.0
Canada Goose,8,2,Aug_W2,0.2672673,666.0
Canada Goose,8,3,Aug_W3,0.2080292,822.0
Canada Goose,8,4,Aug_W4,0.1852182,1123.0
Canada Goose,9,1,Sep_W1,0.1980198,909.0
Canada Goose,9,2,Sep_W2,0.2685475,957.0
Canada Goose,9,3,Sep_W3,0.3634476,963.0
Canada Goose,9,4,Sep_W4,0.3198868,1413.0
Canada Goose,10,1,Oct_W1,0.2182377,976.0
Canada Goose,10,2,Oct_W2,0.1458647,1330.0
Canada Goose,10,3,Oct_W3,0.1453868,1073.0
Canada Goose,10,4,Oct_W4,0.0614426,1123.0
Canada Goose,11,1,Nov_W1,0.0539359,686.0
Canada Goose,11,2,Nov_W2,0.021148,662.0
Canada Goose,11,3,Nov_W3,0.0186916,428.0
Canada Goose,11,4,Nov_W4,0.0265487,339.0
Canada Goose,12,1,Dec_W1,0.028169,213.0
Canada Goose,12,2,Dec_W2,0.0472727,275.0
Canada Goose,12,3,Dec_W3,0.0283019,318.0
Canada Goose,12,4,Dec_W4,0.0139635,931.0
Mute Swan,1,1,Jan_W1,0.0048638,1028.0
Mute Swan,1,2,Jan_W2,0.001005,995.0
Mute Swan,1,3,Jan_W3,0.001943,1544.0
Mute Swan,1,4,Jan_W4,0.0,1414.0
Mute Swan,2,1,Feb_W1,0.0006988,1431.0
Mute Swan,2,2,Feb_W2,0.0005222,1915.0
Mute Swan,2,3,Feb_W3,0.0011186,1788.0
Mute Swan,2,4,Feb_W4,0.0029895,669.0
Mute Swan,3,1,Mar_W1,0.0015,543.0
Mute Swan,3,2,Mar_W2,0.0,364.0
Mute Swan,3,3,Mar_W3,0.0029369,681.0
Mute Swan,3,4,Mar_W4,0.0,1015.0
Mute Swan,4,1,Apr_W1,0.0015,752.0
Mute Swan,4,2,Apr_W2,0.0083179,1082.0
Mute Swan,4,3,Apr_W3,0.0008368,1195.0
Mute Swan,4,4,Apr_W4,0.0014363,2785.0
Mute Swan,5,1,May_W1,0.0041068,1461.0
Mute Swan,5,2,May_W2,0.0057143,1400.0
Mute Swan,5,3,May_W3,0.0034213,2046.0
Mute Swan,5,4,May_W4,0.0038042,3943.0
Mute Swan,6,1,Jun_W1,0.0064599,1548.0
Mute Swan,6,2,Jun_W2,0.0074419,1075.0
Mute Swan,6,3,Jun_W3,0.0081301,1107.0
Mute Swan,6,4,Jun_W4,0.0123692,1051.0
Mute Swan,7,1,Jul_W1,0.0025157,795.0
Mute Swan,7,2,Jul_W2,0.0017123,584.0
Mute Swan,7,3,Jul_W3,0.0056285,533.0
Mute Swan,7,4,Jul_W4,0.0063291,790.0
Mute Swan,8,1,Aug_W1,0.001675,597.0
Mute Swan,8,2,Aug_W2,0.0015,666.0
Mute Swan,8,3,Aug_W3,0.0036496,822.0
Mute Swan,8,4,Aug_W4,0.0026714,1123.0
Mute Swan,9,1,Sep_W1,0.0011001,909.0
Mute Swan,9,2,Sep_W2,0.0020899,957.0
Mute Swan,9,3,Sep_W3,0.0015,963.0
Mute Swan,9,4,Sep_W4,0.0014154,1413.0
Mute Swan,10,1,Oct_W1,0.0030738,976.0
Mute Swan,10,2,Oct_W2,0.0,1330.0
Mute Swan,10,3,Oct_W3,0.000932,1073.0
Mute Swan,10,4,Oct_W4,0.0017809,1123.0
Mute Swan,11,1,Nov_W1,0.0043732,686.0
Mute Swan,11,2,Nov_W2,0.0015106,662.0
Mute Swan,11,3,Nov_W3,0.0015,428.0
Mute Swan,11,4,Nov_W4,0.0029499,339.0
Mute Swan,12,1,Dec_W1,0.0046948,213.0
Mute Swan,12,2,Dec_W2,0.0,275.0
Mute Swan,12,3,Dec_W3,0.0015,318.0
Mute Swan,12,4,Dec_W4,0.0021482,931.0
Trumpeter Swan,1,1,Jan_W1,0.0029183,1028.0
Trumpeter Swan,1,2,Jan_W2,0.0030151,995.0
Trumpeter Swan,1,3,Jan_W3,0.0006477,1544.0
Trumpeter Swan,1,4,Jan_W4,0.0014144,1414.0
Trumpeter Swan,2,1,Feb_W1,0.0,1431.0
Trumpeter Swan,2,2,Feb_W2,0.0005222,1915.0
Trumpeter Swan,2,3,Feb_W3,0.0,1788.0
Trumpeter Swan,2,4,Feb_W4,0.0,669.0
Trumpeter Swan,3,1,Mar_W1,0.0015,543.0
Trumpeter Swan,3,2,Mar_W2,0.0027473,364.0
Trumpeter Swan,3,3,Mar_W3,0.0088106,681.0
Trumpeter Swan,3,4,Mar_W4,0.0147783,1015.0
Trumpeter Swan,4,1,Apr_W1,0.0265957,752.0
Trumpeter Swan,4,2,Apr_W2,0.0231054,1082.0
Trumpeter Swan,4,3,Apr_W3,0.0267782,1195.0
Trumpeter Swan,4,4,Apr_W4,0.0201077,2785.0
Trumpeter Swan,5,1,May_W1,0.0116359,1461.0
Trumpeter Swan,5,2,May_W2,0.015,1400.0
Trumpeter Swan,5,3,May_W3,0.0102639,2046.0
Trumpeter Swan,5,4,May_W4,0.0060867,3943.0
Trumpeter Swan,6,1,Jun_W1,0.005814,1548.0
Trumpeter Swan,6,2,Jun_W2,0.0083721,1075.0
Trumpeter Swan,6,3,Jun_W3,0.0054201,1107.0
Trumpeter Swan,6,4,Jun_W4,0.0038059,1051.0
Trumpeter Swan,7,1,Jul_W1,0.0015,795.0
Trumpeter Swan,7,2,Jul_W2,0.0015,584.0
Trumpeter Swan,7,3,Jul_W3,0.0,533.0
Trumpeter Swan,7,4,Jul_W4,0.0,790.0
Trumpeter Swan,8,1,Aug_W1,0.0033501,597.0
Trumpeter Swan,8,2,Aug_W2,0.0015015,666.0
Trumpeter Swan,8,3,Aug_W3,0.0072993,822.0
Trumpeter Swan,8,4,Aug_W4,0.0044524,1123.0
Trumpeter Swan,9,1,Sep_W1,0.0033003,909.0
Trumpeter Swan,9,2,Sep_W2,0.0015,957.0
Trumpeter Swan,9,3,Sep_W3,0.0015,963.0
Trumpeter Swan,9,4,Sep_W4,0.0014154,1413.0
Trumpeter Swan,10,1,Oct_W1,0.005123,976.0
Trumpeter Swan,10,2,Oct_W2,0.0135338,1330.0
Trumpeter Swan,10,3,Oct_W3,0.0130475,1073.0
Trumpeter Swan,10,4,Oct_W4,0.0133571,1123.0
Trumpeter Swan,11,1,Nov_W1,0.0247813,686.0
Trumpeter Swan,11,2,Nov_W2,0.0135952,662.0
Trumpeter Swan,11,3,Nov_W3,0.0140187,428.0
Trumpeter Swan,11,4,Nov_W4,0.0176991,339.0
Trumpeter Swan,12,1,Dec_W1,0.0375587,213.0
Trumpeter Swan,12,2,Dec_W2,0.0218182,275.0
Trumpeter Swan,12,3,Dec_W3,0.0,318.0
Trumpeter Swan,12,4,Dec_W4,0.0,931.0
Tundra Swan,1,1,Jan_W1,0.0116732,1028.0
Tundra Swan,1,2,Jan_W2,0.0080402,995.0
Tundra Swan,1,3,Jan_W3,0.007772,1544.0
Tundra Swan,1,4,Jan_W4,0.0091938,1414.0
Tundra Swan,2,1,Feb_W1,0.0020964,1431.0
Tundra Swan,2,2,Feb_W2,0.0036554,1915.0
Tundra Swan,2,3,Feb_W3,0.0,1788.0
Tundra Swan,2,4,Feb_W4,0.0015,669.0
Tundra Swan,3,1,Mar_W1,0.0018416,543.0
Tundra Swan,3,2,Mar_W2,0.0082418,364.0
Tundra Swan,3,3,Mar_W3,0.0073421,681.0
Tundra Swan,3,4,Mar_W4,0.0137931,1015.0
Tundra Swan,4,1,Apr_W1,0.0199468,752.0
Tundra Swan,4,2,Apr_W2,0.0397412,1082.0
Tundra Swan,4,3,Apr_W3,0.0292887,1195.0
Tundra Swan,4,4,Apr_W4,0.0351885,2785.0
Tundra Swan,5,1,May_W1,0.0157426,1461.0
Tundra Swan,5,2,May_W2,0.0014286,1400.0
Tundra Swan,5,3,May_W3,0.0,2046.0
Tundra Swan,5,4,May_W4,0.0005072,3943.0
Tundra Swan,6,1,Jun_W1,0.0,1548.0
Tundra Swan,6,2,Jun_W2,0.0,1075.0
Tundra Swan,6,3,Jun_W3,0.0,1107.0
Tundra Swan,6,4,Jun_W4,0.0,1051.0
Tundra Swan,7,1,Jul_W1,0.0,795.0
Tundra Swan,7,2,Jul_W2,0.0,584.0
Tundra Swan,7,3,Jul_W3,0.0,533.0
Tundra Swan,7,4,Jul_W4,0.0,790.0
Tundra Swan,8,1,Aug_W1,0.0,597.0
Tundra Swan,8,2,Aug_W2,0.0,666.0
Tundra Swan,8,3,Aug_W3,0.0,822.0
Tundra Swan,8,4,Aug_W4,0.0,1123.0
Tundra Swan,9,1,Sep_W1,0.0,909.0
Tundra Swan,9,2,Sep_W2,0.0010449,957.0
Tundra Swan,9,3,Sep_W3,0.0,963.0
Tundra Swan,9,4,Sep_W4,0.0021231,1413.0
Tundra Swan,10,1,Oct_W1,0.0010246,976.0
Tundra Swan,10,2,Oct_W2,0.0075188,1330.0
Tundra Swan,10,3,Oct_W3,0.0344828,1073.0
Tundra Swan,10,4,Oct_W4,0.0258237,1123.0
Tundra Swan,11,1,Nov_W1,0.0510204,686.0
Tundra Swan,11,2,Nov_W2,0.0453172,662.0
Tundra Swan,11,3,Nov_W3,0.0327103,428.0
Tundra Swan,11,4,Nov_W4,0.0324484,339.0
Tundra Swan,12,1,Dec_W1,0.0657277,213.0
Tundra Swan,12,2,Dec_W2,0.0145455,275.0
Tundra Swan,12,3,Dec_W3,0.0314465,318.0
Tundra Swan,12,4,Dec_W4,0.0139635,931.0
Wood Duck,1,1,Jan_W1,0.0015,1028.0
Wood Duck,1,2,Jan_W2,0.0,995.0
Wood Duck,1,3,Jan_W3,0.0,1544.0
Wood Duck,1,4,Jan_W4,0.0007072,1414.0
Wood Duck,2,1,Feb_W1,0.0,1431.0
Wood Duck,2,2,Feb_W2,0.0,1915.0
Wood Duck,2,3,Feb_W3,0.0005593,1788.0
Wood Duck,2,4,Feb_W4,0.0,669.0
Wood Duck,3,1,Mar_W1,0.0,543.0
Wood Duck,3,2,Mar_W2,0.0,364.0
Wood Duck,3,3,Mar_W3,0.0029369,681.0
Wood Duck,3,4,Mar_W4,0.017734,1015.0
Wood Duck,4,1,Apr_W1,0.0226064,752.0
Wood Duck,4,2,Apr_W2,0.0628466,1082.0
Wood Duck,4,3,Apr_W3,0.0460251,1195.0
Wood Duck,4,4,Apr_W4,0.064991,2785.0
Wood Duck,5,1,May_W1,0.0410678,1461.0
Wood Duck,5,2,May_W2,0.0221429,1400.0
Wood Duck,5,3,May_W3,0.0351906,2046.0
Wood Duck,5,4,May_W4,0.0415927,3943.0
Wood Duck,6,1,Jun_W1,0.0381137,1548.0
Wood Duck,6,2,Jun_W2,0.0483721,1075.0
Wood Duck,6,3,Jun_W3,0.0496838,1107.0
Wood Duck,6,4,Jun_W4,0.0352046,1051.0
Wood Duck,7,1,Jul_W1,0.0213836,795.0
Wood Duck,7,2,Jul_W2,0.0325342,584.0
Wood Duck,7,3,Jul_W3,0.0412758,533.0
Wood Duck,7,4,Jul_W4,0.035443,790.0
Wood Duck,8,1,Aug_W1,0.0234506,597.0
Wood Duck,8,2,Aug_W2,0.048048,666.0
Wood Duck,8,3,Aug_W3,0.0437956,822.0
Wood Duck,8,4,Aug_W4,0.0427427,1123.0
Wood Duck,9,1,Sep_W1,0.029703,909.0
Wood Duck,9,2,Sep_W2,0.0250784,957.0
Wood Duck,9,3,Sep_W3,0.0498442,963.0
Wood Duck,9,4,Sep_W4,0.0389243,1413.0
Wood Duck,10,1,Oct_W1,0.0502049,976.0
Wood Duck,10,2,Oct_W2,0.0240602,1330.0
Wood Duck,10,3,Oct_W3,0.0074557,1073.0
Wood Duck,10,4,Oct_W4,0.0026714,1123.0
Wood Duck,11,1,Nov_W1,0.0015,686.0
Wood Duck,11,2,Nov_W2,0.0,662.0
Wood Duck,11,3,Nov_W3,0.0,428.0
Wood Duck,11,4,Nov_W4,0.0,339.0
Wood Duck,12,1,Dec_W1,0.0,213.0
Wood Duck,12,2,Dec_W2,0.0,275.0
Wood Duck,12,3,Dec_W3,0.0,318.0
Wood Duck,12,4,Dec_W4,0.0,931.0
Garganey,1,1,Jan_W1,0.0,1028.0
Garganey,1,2,Jan_W2,0.0,995.0
Garganey,1,3,Jan_W3,0.0,1544.0
Garganey,1,4,Jan_W4,0.0,1414.0
Garganey,2,1,Feb_W1,0.0,1431.0
Garganey,2,2,Feb_W2,0.0,1915.0
Garganey,2,3,Feb_W3,0.0,1788.0
Garganey,2,4,Feb_W4,0.0,669.0
Garganey,3,1,Mar_W1,0.0,543.0
Garganey,3,2,Mar_W2,0.0,364.0
Garganey,3,3,Mar_W3,0.0,681.0
Garganey,3,4,Mar_W4,0.0,1015.0
Garganey,4,1,Apr_W1,0.0,752.0
Garganey,4,2,Apr_W2,0.0,1082.0
Garganey,4,3,Apr_W3,0.0,1195.0
Garganey,4,4,Apr_W4,0.0,2785.0
Garganey,5,1,May_W1,0.0212183,1461.0
Garganey,5,2,May_W2,0.0015,1400.0
Garganey,5,3,May_W3,0.0,2046.0
Garganey,5,4,May_W4,0.0,3943.0
Garganey,6,1,Jun_W1,0.0,1548.0
Garganey,6,2,Jun_W2,0.0,1075.0
Garganey,6,3,Jun_W3,0.0,1107.0
Garganey,6,4,Jun_W4,0.0,1051.0
Garganey,7,1,Jul_W1,0.0,795.0
Garganey,7,2,Jul_W2,0.0,584.0
Garganey,7,3,Jul_W3,0.0,533.0
Garganey,7,4,Jul_W4,0.0,790.0
Garganey,8,1,Aug_W1,0.0,597.0
Garganey,8,2,Aug_W2,0.0,666.0
Garganey,8,3,Aug_W3,0.0,822.0
Garganey,8,4,Aug_W4,0.0,1123.0
Garganey,9,1,Sep_W1,0.0,909.0
Garganey,9,2,Sep_W2,0.0,957.0
Garganey,9,3,Sep_W3,0.0,963.0
Garganey,9,4,Sep_W4,0.0,1413.0
Garganey,10,1,Oct_W1,0.0,976.0
Garganey,10,2,Oct_W2,0.0,1330.0
Garganey,10,3,Oct_W3,0.0,1073.0
Garganey,10,4,Oct_W4,0.0,1123.0
Garganey,11,1,Nov_W1,0.0,686.0
Garganey,11,2,Nov_W2,0.0,662.0
Garganey,11,3,Nov_W3,0.0,428.0
Garganey,11,4,Nov_W4,0.0,339.0
Garganey,12,1,Dec_W1,0.0,213.0
Garganey,12,2,Dec_W2,0.0,275.0
Garganey,12,3,Dec_W3,0.0,318.0
Garganey,12,4,Dec_W4,0.0,931.0
Blue-winged Teal,1,1,Jan_W1,0.0,1028.0
Blue-winged Teal,1,2,Jan_W2,0.0,995.0
Blue-winged Teal,1,3,Jan_W3,0.0,1544.0
Blue-winged Teal,1,4,Jan_W4,0.0,1414.0
Blue-winged Teal,2,1,Feb_W1,0.0,1431.0
Blue-winged Teal,2,2,Feb_W2,0.0,1915.0
Blue-winged Teal,2,3,Feb_W3,0.0,1788.0
Blue-winged Teal,2,4,Feb_W4,0.0,669.0
Blue-winged Teal,3,1,Mar_W1,0.0,543.0
Blue-winged Teal,3,2,Mar_W2,0.0,364.0
Blue-winged Teal,3,3,Mar_W3,0.0,681.0
Blue-winged Teal,3,4,Mar_W4,0.0019704,1015.0
Blue-winged Teal,4,1,Apr_W1,0.0053191,752.0
Blue-winged Teal,4,2,Apr_W2,0.0231054,1082.0
Blue-winged Teal,4,3,Apr_W3,0.0451883,1195.0
Blue-winged Teal,4,4,Apr_W4,0.0506284,2785.0
Blue-winged Teal,5,1,May_W1,0.0766598,1461.0
Blue-winged Teal,5,2,May_W2,0.0385714,1400.0
Blue-winged Teal,5,3,May_W3,0.0322581,2046.0
Blue-winged Teal,5,4,May_W4,0.0301801,3943.0
Blue-winged Teal,6,1,Jun_W1,0.0387597,1548.0
Blue-winged Teal,6,2,Jun_W2,0.027907,1075.0
Blue-winged Teal,6,3,Jun_W3,0.0307136,1107.0
Blue-winged Teal,6,4,Jun_W4,0.018078,1051.0
Blue-winged Teal,7,1,Jul_W1,0.0062893,795.0
Blue-winged Teal,7,2,Jul_W2,0.010274,584.0
Blue-winged Teal,7,3,Jul_W3,0.0037523,533.0
Blue-winged Teal,7,4,Jul_W4,0.0050633,790.0
Blue-winged Teal,8,1,Aug_W1,0.0067002,597.0
Blue-winged Teal,8,2,Aug_W2,0.0375375,666.0
Blue-winged Teal,8,3,Aug_W3,0.1265207,822.0
Blue-winged Teal,8,4,Aug_W4,0.1807658,1123.0
Blue-winged Teal,9,1,Sep_W1,0.1738174,909.0
Blue-winged Teal,9,2,Sep_W2,0.1347962,957.0
Blue-winged Teal,9,3,Sep_W3,0.125649,963.0
Blue-winged Teal,9,4,Sep_W4,0.0813871,1413.0
Blue-winged Teal,10,1,Oct_W1,0.0706967,976.0
Blue-winged Teal,10,2,Oct_W2,0.0383459,1330.0
Blue-winged Teal,10,3,Oct_W3,0.0260951,1073.0
Blue-winged Teal,10,4,Oct_W4,0.0071238,1123.0
Blue-winged Teal,11,1,Nov_W1,0.0,686.0
Blue-winged Teal,11,2,Nov_W2,0.0,662.0
Blue-winged Teal,11,3,Nov_W3,0.0,428.0
Blue-winged Teal,11,4,Nov_W4,0.0,339.0
Blue-winged Teal,12,1,Dec_W1,0.0,213.0
Blue-winged Teal,12,2,Dec_W2,0.0,275.0
Blue-winged Teal,12,3,Dec_W3,0.0,318.0
Blue-winged Teal,12,4,Dec_W4,0.0,931.0
Northern Shoveler,1,1,Jan_W1,0.0,1028.0
Northern Shoveler,1,2,Jan_W2,0.0,995.0
Northern Shoveler,1,3,Jan_W3,0.0,1544.0
Northern Shoveler,1,4,Jan_W4,0.0,1414.0
Northern Shoveler,2,1,Feb_W1,0.0,1431.0
Northern Shoveler,2,2,Feb_W2,0.0,1915.0
Northern Shoveler,2,3,Feb_W3,0.0,1788.0
Northern Shoveler,2,4,Feb_W4,0.0,669.0
Northern Shoveler,3,1,Mar_W1,0.0,543.0
Northern Shoveler,3,2,Mar_W2,0.0027473,364.0
Northern Shoveler,3,3,Mar_W3,0.0,681.0
Northern Shoveler,3,4,Mar_W4,0.0,1015.0
Northern Shoveler,4,1,Apr_W1,0.0013298,752.0
Northern Shoveler,4,2,Apr_W2,0.0083179,1082.0
Northern Shoveler,4,3,Apr_W3,0.0301255,1195.0
Northern Shoveler,4,4,Apr_W4,0.0362657,2785.0
Northern Shoveler,5,1,May_W1,0.0581793,1461.0
Northern Shoveler,5,2,May_W2,0.0371429,1400.0
Northern Shoveler,5,3,May_W3,0.028348,2046.0
Northern Shoveler,5,4,May_W4,0.022318,3943.0
Northern Shoveler,6,1,Jun_W1,0.0193798,1548.0
Northern Shoveler,6,2,Jun_W2,0.0055814,1075.0
Northern Shoveler,6,3,Jun_W3,0.0054201,1107.0
Northern Shoveler,6,4,Jun_W4,0.0038059,1051.0
Northern Shoveler,7,1,Jul_W1,0.0025157,795.0
Northern Shoveler,7,2,Jul_W2,0.0034247,584.0
Northern Shoveler,7,3,Jul_W3,0.0075047,533.0
Northern Shoveler,7,4,Jul_W4,0.0050633,790.0
Northern Shoveler,8,1,Aug_W1,0.0100503,597.0
Northern Shoveler,8,2,Aug_W2,0.009009,666.0
Northern Shoveler,8,3,Aug_W3,0.0364964,822.0
Northern Shoveler,8,4,Aug_W4,0.0676759,1123.0
Northern Shoveler,9,1,Sep_W1,0.0825083,909.0
Northern Shoveler,9,2,Sep_W2,0.0846395,957.0
Northern Shoveler,9,3,Sep_W3,0.1028037,963.0
Northern Shoveler,9,4,Sep_W4,0.0785563,1413.0
Northern Shoveler,10,1,Oct_W1,0.0686475,976.0
Northern Shoveler,10,2,Oct_W2,0.0353383,1330.0
Northern Shoveler,10,3,Oct_W3,0.027959,1073.0
Northern Shoveler,10,4,Oct_W4,0.0097952,1123.0
Northern Shoveler,11,1,Nov_W1,0.0087464,686.0
Northern Shoveler,11,2,Nov_W2,0.0,662.0
Northern Shoveler,11,3,Nov_W3,0.0,428.0
Northern Shoveler,11,4,Nov_W4,0.0,339.0
Northern Shoveler,12,1,Dec_W1,0.0,213.0
Northern Shoveler,12,2,Dec_W2,0.0,275.0
Northern Shoveler,12,3,Dec_W3,0.0,318.0
Northern Shoveler,12,4,Dec_W4,0.0,931.0
Gadwall,1,1,Jan_W1,0.0009728,1028.0
Gadwall,1,2,Jan_W2,0.0,995.0
Gadwall,1,3,Jan_W3,0.0,1544.0
Gadwall,1,4,Jan_W4,0.0007072,1414.0
Gadwall,2,1,Feb_W1,0.0,1431.0
Gadwall,2,2,Feb_W2,0.0,1915.0
Gadwall,2,3,Feb_W3,0.0,1788.0
Gadwall,2,4,Feb_W4,0.0015,669.0
Gadwall,3,1,Mar_W1,0.0,543.0
Gadwall,3,2,Mar_W2,0.0,364.0
Gadwall,3,3,Mar_W3,0.0,681.0
Gadwall,3,4,Mar_W4,0.0049261,1015.0
Gadwall,4,1,Apr_W1,0.0026596,752.0
Gadwall,4,2,Apr_W2,0.0277264,1082.0
Gadwall,4,3,Apr_W3,0.0259414,1195.0
Gadwall,4,4,Apr_W4,0.0229803,2785.0
Gadwall,5,1,May_W1,0.036961,1461.0
Gadwall,5,2,May_W2,0.0428571,1400.0
Gadwall,5,3,May_W3,0.0347019,2046.0
Gadwall,5,4,May_W4,0.0349987,3943.0
Gadwall,6,1,Jun_W1,0.0310078,1548.0
Gadwall,6,2,Jun_W2,0.0204651,1075.0
Gadwall,6,3,Jun_W3,0.0261969,1107.0
Gadwall,6,4,Jun_W4,0.0256898,1051.0
Gadwall,7,1,Jul_W1,0.0062893,795.0
Gadwall,7,2,Jul_W2,0.0085616,584.0
Gadwall,7,3,Jul_W3,0.0075047,533.0
Gadwall,7,4,Jul_W4,0.0101266,790.0
Gadwall,8,1,Aug_W1,0.0083752,597.0
Gadwall,8,2,Aug_W2,0.0135135,666.0
Gadwall,8,3,Aug_W3,0.0255474,822.0
Gadwall,8,4,Aug_W4,0.0356189,1123.0
Gadwall,9,1,Sep_W1,0.0374037,909.0
Gadwall,9,2,Sep_W2,0.0323929,957.0
Gadwall,9,3,Sep_W3,0.0716511,963.0
Gadwall,9,4,Sep_W4,0.0686483,1413.0
Gadwall,10,1,Oct_W1,0.0829918,976.0
Gadwall,10,2,Oct_W2,0.081203,1330.0
Gadwall,10,3,Oct_W3,0.1043802,1073.0
Gadwall,10,4,Oct_W4,0.0356189,1123.0
Gadwall,11,1,Nov_W1,0.0335277,686.0
Gadwall,11,2,Nov_W2,0.0045317,662.0
Gadwall,11,3,Nov_W3,0.0023364,428.0
Gadwall,11,4,Nov_W4,0.0,339.0
Gadwall,12,1,Dec_W1,0.0,213.0
Gadwall,12,2,Dec_W2,0.0,275.0
Gadwall,12,3,Dec_W3,0.0,318.0
Gadwall,12,4,Dec_W4,0.0,931.0
Eurasian Wigeon,1,1,Jan_W1,0.0,1028.0
Eurasian Wigeon,1,2,Jan_W2,0.0,995.0
Eurasian Wigeon,1,3,Jan_W3,0.0,1544.0
Eurasian Wigeon,1,4,Jan_W4,0.0,1414.0
Eurasian Wigeon,2,1,Feb_W1,0.0,1431.0
Eurasian Wigeon,2,2,Feb_W2,0.0,1915.0
Eurasian Wigeon,2,3,Feb_W3,0.0,1788.0
Eurasian Wigeon,2,4,Feb_W4,0.0,669.0
Eurasian Wigeon,3,1,Mar_W1,0.0,543.0
Eurasian Wigeon,3,2,Mar_W2,0.0,364.0
Eurasian Wigeon,3,3,Mar_W3,0.0,681.0
Eurasian Wigeon,3,4,Mar_W4,0.0,1015.0
Eurasian Wigeon,4,1,Apr_W1,0.0,752.0
Eurasian Wigeon,4,2,Apr_W2,0.0,1082.0
Eurasian Wigeon,4,3,Apr_W3,0.0,1195.0
Eurasian Wigeon,4,4,Apr_W4,0.0032316,2785.0
Eurasian Wigeon,5,1,May_W1,0.0006845,1461.0
Eurasian Wigeon,5,2,May_W2,0.0,1400.0
Eurasian Wigeon,5,3,May_W3,0.0,2046.0
Eurasian Wigeon,5,4,May_W4,0.0012681,3943.0
Eurasian Wigeon,6,1,Jun_W1,0.0,1548.0
Eurasian Wigeon,6,2,Jun_W2,0.0,1075.0
Eurasian Wigeon,6,3,Jun_W3,0.0,1107.0
Eurasian Wigeon,6,4,Jun_W4,0.0,1051.0
Eurasian Wigeon,7,1,Jul_W1,0.0,795.0
Eurasian Wigeon,7,2,Jul_W2,0.0,584.0
Eurasian Wigeon,7,3,Jul_W3,0.0,533.0
Eurasian Wigeon,7,4,Jul_W4,0.0,790.0
Eurasian Wigeon,8,1,Aug_W1,0.0,597.0
Eurasian Wigeon,8,2,Aug_W2,0.0,666.0
Eurasian Wigeon,8,3,Aug_W3,0.0,822.0
Eurasian Wigeon,8,4,Aug_W4,0.0,1123.0
Eurasian Wigeon,9,1,Sep_W1,0.0,909.0
Eurasian Wigeon,9,2,Sep_W2,0.0,957.0
Eurasian Wigeon,9,3,Sep_W3,0.0,963.0
Eurasian Wigeon,9,4,Sep_W4,0.0,1413.0
Eurasian Wigeon,10,1,Oct_W1,0.0,976.0
Eurasian Wigeon,10,2,Oct_W2,0.0,1330.0
Eurasian Wigeon,10,3,Oct_W3,0.0,1073.0
Eurasian Wigeon,10,4,Oct_W4,0.0,1123.0
Eurasian Wigeon,11,1,Nov_W1,0.0,686.0
Eurasian Wigeon,11,2,Nov_W2,0.0,662.0
Eurasian Wigeon,11,3,Nov_W3,0.0,428.0
Eurasian Wigeon,11,4,Nov_W4,0.0,339.0
Eurasian Wigeon,12,1,Dec_W1,0.0,213.0
Eurasian Wigeon,12,2,Dec_W2,0.0,275.0
Eurasian Wigeon,12,3,Dec_W3,0.0,318.0
Eurasian Wigeon,12,4,Dec_W4,0.0,931.0
American Wigeon,1,1,Jan_W1,0.0009728,1028.0
American Wigeon,1,2,Jan_W2,0.0,995.0
American Wigeon,1,3,Jan_W3,0.0,1544.0
American Wigeon,1,4,Jan_W4,0.0,1414.0
American Wigeon,2,1,Feb_W1,0.0,1431.0
American Wigeon,2,2,Feb_W2,0.0,1915.0
American Wigeon,2,3,Feb_W3,0.0,1788.0
American Wigeon,2,4,Feb_W4,0.0,669.0
American Wigeon,3,1,Mar_W1,0.0,543.0
American Wigeon,3,2,Mar_W2,0.0,364.0
American Wigeon,3,3,Mar_W3,0.0014684,681.0
American Wigeon,3,4,Mar_W4,0.0167488,1015.0
American Wigeon,4,1,Apr_W1,0.0106383,752.0
American Wigeon,4,2,Apr_W2,0.0425139,1082.0
American Wigeon,4,3,Apr_W3,0.0811715,1195.0
American Wigeon,4,4,Apr_W4,0.0642729,2785.0
American Wigeon,5,1,May_W1,0.0800821,1461.0
American Wigeon,5,2,May_W2,0.0371429,1400.0
American Wigeon,5,3,May_W3,0.0229717,2046.0
American Wigeon,5,4,May_W4,0.0294192,3943.0
American Wigeon,6,1,Jun_W1,0.0155039,1548.0
American Wigeon,6,2,Jun_W2,0.012093,1075.0
American Wigeon,6,3,Jun_W3,0.0108401,1107.0
American Wigeon,6,4,Jun_W4,0.0171265,1051.0
American Wigeon,7,1,Jul_W1,0.0050314,795.0
American Wigeon,7,2,Jul_W2,0.005137,584.0
American Wigeon,7,3,Jul_W3,0.0018762,533.0
American Wigeon,7,4,Jul_W4,0.0063291,790.0
American Wigeon,8,1,Aug_W1,0.0083752,597.0
American Wigeon,8,2,Aug_W2,0.012012,666.0
American Wigeon,8,3,Aug_W3,0.0194647,822.0
American Wigeon,8,4,Aug_W4,0.0667854,1123.0
American Wigeon,9,1,Sep_W1,0.1408141,909.0
American Wigeon,9,2,Sep_W2,0.1462905,957.0
American Wigeon,9,3,Sep_W3,0.2024922,963.0
American Wigeon,9,4,Sep_W4,0.1974522,1413.0
American Wigeon,10,1,Oct_W1,0.1793033,976.0
American Wigeon,10,2,Oct_W2,0.1669173,1330.0
American Wigeon,10,3,Oct_W3,0.1463187,1073.0
American Wigeon,10,4,Oct_W4,0.0712378,1123.0
American Wigeon,11,1,Nov_W1,0.0728863,686.0
American Wigeon,11,2,Nov_W2,0.0120846,662.0
American Wigeon,11,3,Nov_W3,0.0023364,428.0
American Wigeon,11,4,Nov_W4,0.0,339.0
American Wigeon,12,1,Dec_W1,0.0,213.0
American Wigeon,12,2,Dec_W2,0.0,275.0
American Wigeon,12,3,Dec_W3,0.0,318.0
American Wigeon,12,4,Dec_W4,0.0,931.0
Mallard,1,1,Jan_W1,0.0515564,1028.0
Mallard,1,2,Jan_W2,0.0482412,995.0
Mallard,1,3,Jan_W3,0.0472798,1544.0
Mallard,1,4,Jan_W4,0.0608204,1414.0
Mallard,2,1,Feb_W1,0.0524109,1431.0
Mallard,2,2,Feb_W2,0.0558747,1915.0
Mallard,2,3,Feb_W3,0.0497763,1788.0
Mallard,2,4,Feb_W4,0.077728,669.0
Mallard,3,1,Mar_W1,0.0515654,543.0
Mallard,3,2,Mar_W2,0.0879121,364.0
Mallard,3,3,Mar_W3,0.0851689,681.0
Mallard,3,4,Mar_W4,0.1655172,1015.0
Mallard,4,1,Apr_W1,0.1928191,752.0
Mallard,4,2,Apr_W2,0.2532348,1082.0
Mallard,4,3,Apr_W3,0.2979079,1195.0
Mallard,4,4,Apr_W4,0.2657092,2785.0
Mallard,5,1,May_W1,0.2628337,1461.0
Mallard,5,2,May_W2,0.2028571,1400.0
Mallard,5,3,May_W3,0.1642229,2046.0
Mallard,5,4,May_W4,0.1486178,3943.0
Mallard,6,1,Jun_W1,0.1602067,1548.0
Mallard,6,2,Jun_W2,0.1460465,1075.0
Mallard,6,3,Jun_W3,0.1364047,1107.0
Mallard,6,4,Jun_W4,0.1332065,1051.0
Mallard,7,1,Jul_W1,0.1232704,795.0
Mallard,7,2,Jul_W2,0.1369863,584.0
Mallard,7,3,Jul_W3,0.1219512,533.0
Mallard,7,4,Jul_W4,0.1493671,790.0
Mallard,8,1,Aug_W1,0.1457286,597.0
Mallard,8,2,Aug_W2,0.1711712,666.0
Mallard,8,3,Aug_W3,0.2408759,822.0
Mallard,8,4,Aug_W4,0.2297418,1123.0
Mallard,9,1,Sep_W1,0.2629263,909.0
Mallard,9,2,Sep_W2,0.2277952,957.0
Mallard,9,3,Sep_W3,0.2596054,963.0
Mallard,9,4,Sep_W4,0.2264685,1413.0
Mallard,10,1,Oct_W1,0.2397541,976.0
Mallard,10,2,Oct_W2,0.2639098,1330.0
Mallard,10,3,Oct_W3,0.2805219,1073.0
Mallard,10,4,Oct_W4,0.2315227,1123.0
Mallard,11,1,Nov_W1,0.2332362,686.0
Mallard,11,2,Nov_W2,0.1238671,662.0
Mallard,11,3,Nov_W3,0.0747664,428.0
Mallard,11,4,Nov_W4,0.0855457,339.0
Mallard,12,1,Dec_W1,0.1126761,213.0
Mallard,12,2,Dec_W2,0.08,275.0
Mallard,12,3,Dec_W3,0.1257862,318.0
Mallard,12,4,Dec_W4,0.0311493,931.0
American Black Duck,1,1,Jan_W1,0.0184825,1028.0
American Black Duck,1,2,Jan_W2,0.0090452,995.0
American Black Duck,1,3,Jan_W3,0.0071244,1544.0
American Black Duck,1,4,Jan_W4,0.0148515,1414.0
American Black Duck,2,1,Feb_W1,0.0104822,1431.0
American Black Duck,2,2,Feb_W2,0.0214099,1915.0
American Black Duck,2,3,Feb_W3,0.0128635,1788.0
American Black Duck,2,4,Feb_W4,0.0149477,669.0
American Black Duck,3,1,Mar_W1,0.0165746,543.0
American Black Duck,3,2,Mar_W2,0.0192308,364.0
American Black Duck,3,3,Mar_W3,0.0146843,681.0
American Black Duck,3,4,Mar_W4,0.0541872,1015.0
American Black Duck,4,1,Apr_W1,0.0465426,752.0
American Black Duck,4,2,Apr_W2,0.0813309,1082.0
American Black Duck,4,3,Apr_W3,0.0778243,1195.0
American Black Duck,4,4,Apr_W4,0.048474,2785.0
American Black Duck,5,1,May_W1,0.0212183,1461.0
American Black Duck,5,2,May_W2,0.0128571,1400.0
American Black Duck,5,3,May_W3,0.0034213,2046.0
American Black Duck,5,4,May_W4,0.0068476,3943.0
American Black Duck,6,1,Jun_W1,0.0077519,1548.0
American Black Duck,6,2,Jun_W2,0.0093023,1075.0
American Black Duck,6,3,Jun_W3,0.0054201,1107.0
American Black Duck,6,4,Jun_W4,0.0085633,1051.0
American Black Duck,7,1,Jul_W1,0.0025157,795.0
American Black Duck,7,2,Jul_W2,0.0136986,584.0
American Black Duck,7,3,Jul_W3,0.0056285,533.0
American Black Duck,7,4,Jul_W4,0.0050633,790.0
American Black Duck,8,1,Aug_W1,0.0083752,597.0
American Black Duck,8,2,Aug_W2,0.0075075,666.0
American Black Duck,8,3,Aug_W3,0.0182482,822.0
American Black Duck,8,4,Aug_W4,0.0356189,1123.0
American Black Duck,9,1,Sep_W1,0.0462046,909.0
American Black Duck,9,2,Sep_W2,0.0334378,957.0
American Black Duck,9,3,Sep_W3,0.0716511,963.0
American Black Duck,9,4,Sep_W4,0.0636943,1413.0
American Black Duck,10,1,Oct_W1,0.1106557,976.0
American Black Duck,10,2,Oct_W2,0.0969925,1330.0
American Black Duck,10,3,Oct_W3,0.1323392,1073.0
American Black Duck,10,4,Oct_W4,0.0917186,1123.0
American Black Duck,11,1,Nov_W1,0.0947522,686.0
American Black Duck,11,2,Nov_W2,0.0271903,662.0
American Black Duck,11,3,Nov_W3,0.0140187,428.0
American Black Duck,11,4,Nov_W4,0.0147493,339.0
American Black Duck,12,1,Dec_W1,0.0093897,213.0
American Black Duck,12,2,Dec_W2,0.0181818,275.0
American Black Duck,12,3,Dec_W3,0.0314465,318.0
American Black Duck,12,4,Dec_W4,0.0010741,931.0
Northern Pintail,1,1,Jan_W1,0.0019455,1028.0
Northern Pintail,1,2,Jan_W2,0.001005,995.0
Northern Pintail,1,3,Jan_W3,0.0006477,1544.0
Northern Pintail,1,4,Jan_W4,0.0007072,1414.0
Northern Pintail,2,1,Feb_W1,0.0015,1431.0
Northern Pintail,2,2,Feb_W2,0.0005222,1915.0
Northern Pintail,2,3,Feb_W3,0.0,1788.0
Northern Pintail,2,4,Feb_W4,0.0,669.0
Northern Pintail,3,1,Mar_W1,0.0,543.0
Northern Pintail,3,2,Mar_W2,0.0027473,364.0
Northern Pintail,3,3,Mar_W3,0.0,681.0
Northern Pintail,3,4,Mar_W4,0.0157635,1015.0
Northern Pintail,4,1,Apr_W1,0.0093085,752.0
Northern Pintail,4,2,Apr_W2,0.051756,1082.0
Northern Pintail,4,3,Apr_W3,0.0719665,1195.0
Northern Pintail,4,4,Apr_W4,0.0675045,2785.0
Northern Pintail,5,1,May_W1,0.0376454,1461.0
Northern Pintail,5,2,May_W2,0.0085714,1400.0
Northern Pintail,5,3,May_W3,0.0039101,2046.0
Northern Pintail,5,4,May_W4,0.0027898,3943.0
Northern Pintail,6,1,Jun_W1,0.0,1548.0
Northern Pintail,6,2,Jun_W2,0.0009302,1075.0
Northern Pintail,6,3,Jun_W3,0.0,1107.0
Northern Pintail,6,4,Jun_W4,0.0009515,1051.0
Northern Pintail,7,1,Jul_W1,0.0,795.0
Northern Pintail,7,2,Jul_W2,0.0,584.0
Northern Pintail,7,3,Jul_W3,0.0,533.0
Northern Pintail,7,4,Jul_W4,0.0,790.0
Northern Pintail,8,1,Aug_W1,0.0,597.0
Northern Pintail,8,2,Aug_W2,0.0015015,666.0
Northern Pintail,8,3,Aug_W3,0.0060827,822.0
Northern Pintail,8,4,Aug_W4,0.0409617,1123.0
Northern Pintail,9,1,Sep_W1,0.0616062,909.0
Northern Pintail,9,2,Sep_W2,0.1138976,957.0
Northern Pintail,9,3,Sep_W3,0.145379,963.0
Northern Pintail,9,4,Sep_W4,0.1380042,1413.0
Northern Pintail,10,1,Oct_W1,0.1598361,976.0
Northern Pintail,10,2,Oct_W2,0.1390977,1330.0
Northern Pintail,10,3,Oct_W3,0.1351351,1073.0
Northern Pintail,10,4,Oct_W4,0.0872663,1123.0
Northern Pintail,11,1,Nov_W1,0.0466472,686.0
Northern Pintail,11,2,Nov_W2,0.0166163,662.0
Northern Pintail,11,3,Nov_W3,0.0023364,428.0
Northern Pintail,11,4,Nov_W4,0.0,339.0
Northern Pintail,12,1,Dec_W1,0.0046948,213.0
Northern Pintail,12,2,Dec_W2,0.0,275.0
Northern Pintail,12,3,Dec_W3,0.0031447,318.0
Northern Pintail,12,4,Dec_W4,0.0,931.0
Green-winged Teal,1,1,Jan_W1,0.0,1028.0
Green-winged Teal,1,2,Jan_W2,0.0,995.0
Green-winged Teal,1,3,Jan_W3,0.0,1544.0
Green-winged Teal,1,4,Jan_W4,0.0,1414.0
Green-winged Teal,2,1,Feb_W1,0.0006988,1431.0
Green-winged Teal,2,2,Feb_W2,0.0,1915.0
Green-winged Teal,2,3,Feb_W3,0.0,1788.0
Green-winged Teal,2,4,Feb_W4,0.0,669.0
Green-winged Teal,3,1,Mar_W1,0.0,543.0
Green-winged Teal,3,2,Mar_W2,0.0,364.0
Green-winged Teal,3,3,Mar_W3,0.0,681.0
Green-winged Teal,3,4,Mar_W4,0.0068966,1015.0
Green-winged Teal,4,1,Apr_W1,0.0119681,752.0
Green-winged Teal,4,2,Apr_W2,0.0397412,1082.0
Green-winged Teal,4,3,Apr_W3,0.0786611,1195.0
Green-winged Teal,4,4,Apr_W4,0.0746858,2785.0
Green-winged Teal,5,1,May_W1,0.0807666,1461.0
Green-winged Teal,5,2,May_W2,0.0435714,1400.0
Green-winged Teal,5,3,May_W3,0.0151515,2046.0
Green-winged Teal,5,4,May_W4,0.0152168,3943.0
Green-winged Teal,6,1,Jun_W1,0.0064599,1548.0
Green-winged Teal,6,2,Jun_W2,0.0074419,1075.0
Green-winged Teal,6,3,Jun_W3,0.0090334,1107.0
Green-winged Teal,6,4,Jun_W4,0.0057088,1051.0
Green-winged Teal,7,1,Jul_W1,0.0012579,795.0
Green-winged Teal,7,2,Jul_W2,0.005137,584.0
Green-winged Teal,7,3,Jul_W3,0.0056285,533.0
Green-winged Teal,7,4,Jul_W4,0.0050633,790.0
Green-winged Teal,8,1,Aug_W1,0.0033501,597.0
Green-winged Teal,8,2,Aug_W2,0.0135135,666.0
Green-winged Teal,8,3,Aug_W3,0.0693431,822.0
Green-winged Teal,8,4,Aug_W4,0.1389136,1123.0
Green-winged Teal,9,1,Sep_W1,0.1430143,909.0
Green-winged Teal,9,2,Sep_W2,0.137931,957.0
Green-winged Teal,9,3,Sep_W3,0.1775701,963.0
Green-winged Teal,9,4,Sep_W4,0.143666,1413.0
Green-winged Teal,10,1,Oct_W1,0.1844262,976.0
Green-winged Teal,10,2,Oct_W2,0.1714286,1330.0
Green-winged Teal,10,3,Oct_W3,0.1705499,1073.0
Green-winged Teal,10,4,Oct_W4,0.1308994,1123.0
Green-winged Teal,11,1,Nov_W1,0.0685131,686.0
Green-winged Teal,11,2,Nov_W2,0.0075529,662.0
Green-winged Teal,11,3,Nov_W3,0.0023364,428.0
Green-winged Teal,11,4,Nov_W4,0.0,339.0
Green-winged Teal,12,1,Dec_W1,0.0,213.0
Green-winged Teal,12,2,Dec_W2,0.0,275.0
Green-winged Teal,12,3,Dec_W3,0.0,318.0
Green-winged Teal,12,4,Dec_W4,0.0,931.0
Canvasback,1,1,Jan_W1,0.0,1028.0
Canvasback,1,2,Jan_W2,0.0,995.0
Canvasback,1,3,Jan_W3,0.0,1544.0
Canvasback,1,4,Jan_W4,0.0,1414.0
Canvasback,2,1,Feb_W1,0.0,1431.0
Canvasback,2,2,Feb_W2,0.0,1915.0
Canvasback,2,3,Feb_W3,0.0,1788.0
Canvasback,2,4,Feb_W4,0.0,669.0
Canvasback,3,1,Mar_W1,0.0,543.0
Canvasback,3,2,Mar_W2,0.0,364.0
Canvasback,3,3,Mar_W3,0.0,681.0
Canvasback,3,4,Mar_W4,0.0009852,1015.0
Canvasback,4,1,Apr_W1,0.0026596,752.0
Canvasback,4,2,Apr_W2,0.012939,1082.0
Canvasback,4,3,Apr_W3,0.0100418,1195.0
Canvasback,4,4,Apr_W4,0.0096948,2785.0
Canvasback,5,1,May_W1,0.0082136,1461.0
Canvasback,5,2,May_W2,0.0121429,1400.0
Canvasback,5,3,May_W3,0.0073314,2046.0
Canvasback,5,4,May_W4,0.0055795,3943.0
Canvasback,6,1,Jun_W1,0.005814,1548.0
Canvasback,6,2,Jun_W2,0.0027907,1075.0
Canvasback,6,3,Jun_W3,0.0054201,1107.0
Canvasback,6,4,Jun_W4,0.0019029,1051.0
Canvasback,7,1,Jul_W1,0.0012579,795.0
Canvasback,7,2,Jul_W2,0.0034247,584.0
Canvasback,7,3,Jul_W3,0.0018762,533.0
Canvasback,7,4,Jul_W4,0.0,790.0
Canvasback,8,1,Aug_W1,0.0015,597.0
Canvasback,8,2,Aug_W2,0.0015015,666.0
Canvasback,8,3,Aug_W3,0.0,822.0
Canvasback,8,4,Aug_W4,0.0,1123.0
Canvasback,9,1,Sep_W1,0.0033003,909.0
Canvasback,9,2,Sep_W2,0.0,957.0
Canvasback,9,3,Sep_W3,0.0015,963.0
Canvasback,9,4,Sep_W4,0.0007077,1413.0
Canvasback,10,1,Oct_W1,0.0020492,976.0
Canvasback,10,2,Oct_W2,0.0045113,1330.0
Canvasback,10,3,Oct_W3,0.0093197,1073.0
Canvasback,10,4,Oct_W4,0.0097952,1123.0
Canvasback,11,1,Nov_W1,0.0072886,686.0
Canvasback,11,2,Nov_W2,0.0015106,662.0
Canvasback,11,3,Nov_W3,0.0046729,428.0
Canvasback,11,4,Nov_W4,0.0,339.0
Canvasback,12,1,Dec_W1,0.0,213.0
Canvasback,12,2,Dec_W2,0.0,275.0
Canvasback,12,3,Dec_W3,0.0,318.0
Canvasback,12,4,Dec_W4,0.0,931.0
Redhead,1,1,Jan_W1,0.0015,1028.0
Redhead,1,2,Jan_W2,0.0,995.0
Redhead,1,3,Jan_W3,0.0,1544.0
Redhead,1,4,Jan_W4,0.0,1414.0
Redhead,2,1,Feb_W1,0.0,1431.0
Redhead,2,2,Feb_W2,0.0015,1915.0
Redhead,2,3,Feb_W3,0.0005593,1788.0
Redhead,2,4,Feb_W4,0.0,669.0
Redhead,3,1,Mar_W1,0.0,543.0
Redhead,3,2,Mar_W2,0.0,364.0
Redhead,3,3,Mar_W3,0.0,681.0
Redhead,3,4,Mar_W4,0.0,1015.0
Redhead,4,1,Apr_W1,0.0053191,752.0
Redhead,4,2,Apr_W2,0.0120148,1082.0
Redhead,4,3,Apr_W3,0.0209205,1195.0
Redhead,4,4,Apr_W4,0.0240575,2785.0
Redhead,5,1,May_W1,0.0205339,1461.0
Redhead,5,2,May_W2,0.0178571,1400.0
Redhead,5,3,May_W3,0.0092864,2046.0
Redhead,5,4,May_W4,0.0081156,3943.0
Redhead,6,1,Jun_W1,0.0116279,1548.0
Redhead,6,2,Jun_W2,0.0065116,1075.0
Redhead,6,3,Jun_W3,0.0063234,1107.0
Redhead,6,4,Jun_W4,0.0019029,1051.0
Redhead,7,1,Jul_W1,0.0012579,795.0
Redhead,7,2,Jul_W2,0.0,584.0
Redhead,7,3,Jul_W3,0.0,533.0
Redhead,7,4,Jul_W4,0.0025316,790.0
Redhead,8,1,Aug_W1,0.001675,597.0
Redhead,8,2,Aug_W2,0.0015,666.0
Redhead,8,3,Aug_W3,0.0170316,822.0
Redhead,8,4,Aug_W4,0.0106857,1123.0
Redhead,9,1,Sep_W1,0.0220022,909.0
Redhead,9,2,Sep_W2,0.0428422,957.0
Redhead,9,3,Sep_W3,0.0851506,963.0
Redhead,9,4,Sep_W4,0.1203114,1413.0
Redhead,10,1,Oct_W1,0.1567623,976.0
Redhead,10,2,Oct_W2,0.1451128,1330.0
Redhead,10,3,Oct_W3,0.1621622,1073.0
Redhead,10,4,Oct_W4,0.0845948,1123.0
Redhead,11,1,Nov_W1,0.0670554,686.0
Redhead,11,2,Nov_W2,0.0256798,662.0
Redhead,11,3,Nov_W3,0.0116822,428.0
Redhead,11,4,Nov_W4,0.0029499,339.0
Redhead,12,1,Dec_W1,0.0046948,213.0
Redhead,12,2,Dec_W2,0.0,275.0
Redhead,12,3,Dec_W3,0.0,318.0
Redhead,12,4,Dec_W4,0.0010741,931.0
Ring-necked Duck,1,1,Jan_W1,0.0,1028.0
Ring-necked Duck,1,2,Jan_W2,0.0,995.0
Ring-necked Duck,1,3,Jan_W3,0.0,1544.0
Ring-necked Duck,1,4,Jan_W4,0.0014144,1414.0
Ring-necked Duck,2,1,Feb_W1,0.0020964,1431.0
Ring-necked Duck,2,2,Feb_W2,0.0020888,1915.0
Ring-necked Duck,2,3,Feb_W3,0.0,1788.0
Ring-necked Duck,2,4,Feb_W4,0.0014948,669.0
Ring-necked Duck,3,1,Mar_W1,0.0,543.0
Ring-necked Duck,3,2,Mar_W2,0.0,364.0
Ring-necked Duck,3,3,Mar_W3,0.0014684,681.0
Ring-necked Duck,3,4,Mar_W4,0.0157635,1015.0
Ring-necked Duck,4,1,Apr_W1,0.0359043,752.0
Ring-necked Duck,4,2,Apr_W2,0.0619224,1082.0
Ring-necked Duck,4,3,Apr_W3,0.0786611,1195.0
Ring-necked Duck,4,4,Apr_W4,0.1202873,2785.0
Ring-necked Duck,5,1,May_W1,0.1013005,1461.0
Ring-necked Duck,5,2,May_W2,0.0335714,1400.0
Ring-necked Duck,5,3,May_W3,0.0136852,2046.0
Ring-necked Duck,5,4,May_W4,0.007862,3943.0
Ring-necked Duck,6,1,Jun_W1,0.005814,1548.0
Ring-necked Duck,6,2,Jun_W2,0.0055814,1075.0
Ring-necked Duck,6,3,Jun_W3,0.00271,1107.0
Ring-necked Duck,6,4,Jun_W4,0.0028544,1051.0
Ring-necked Duck,7,1,Jul_W1,0.0012579,795.0
Ring-necked Duck,7,2,Jul_W2,0.0017123,584.0
Ring-necked Duck,7,3,Jul_W3,0.0,533.0
Ring-necked Duck,7,4,Jul_W4,0.0015,790.0
Ring-necked Duck,8,1,Aug_W1,0.0,597.0
Ring-necked Duck,8,2,Aug_W2,0.003003,666.0
Ring-necked Duck,8,3,Aug_W3,0.0036496,822.0
Ring-necked Duck,8,4,Aug_W4,0.0008905,1123.0
Ring-necked Duck,9,1,Sep_W1,0.009901,909.0
Ring-necked Duck,9,2,Sep_W2,0.0135841,957.0
Ring-necked Duck,9,3,Sep_W3,0.0238837,963.0
Ring-necked Duck,9,4,Sep_W4,0.0368011,1413.0
Ring-necked Duck,10,1,Oct_W1,0.0696721,976.0
Ring-necked Duck,10,2,Oct_W2,0.0691729,1330.0
Ring-necked Duck,10,3,Oct_W3,0.083877,1073.0
Ring-necked Duck,10,4,Oct_W4,0.0293856,1123.0
Ring-necked Duck,11,1,Nov_W1,0.0364431,686.0
Ring-necked Duck,11,2,Nov_W2,0.0135952,662.0
Ring-necked Duck,11,3,Nov_W3,0.0023364,428.0
Ring-necked Duck,11,4,Nov_W4,0.0,339.0
Ring-necked Duck,12,1,Dec_W1,0.0,213.0
Ring-necked Duck,12,2,Dec_W2,0.0036364,275.0
Ring-necked Duck,12,3,Dec_W3,0.0015,318.0
Ring-necked Duck,12,4,Dec_W4,0.0,931.0
Greater Scaup,1,1,Jan_W1,0.0,1028.0
Greater Scaup,1,2,Jan_W2,0.0,995.0
Greater Scaup,1,3,Jan_W3,0.0,1544.0
Greater Scaup,1,4,Jan_W4,0.0021216,1414.0
Greater Scaup,2,1,Feb_W1,0.0020964,1431.0
Greater Scaup,2,2,Feb_W2,0.0005222,1915.0
Greater Scaup,2,3,Feb_W3,0.0,1788.0
Greater Scaup,2,4,Feb_W4,0.0014948,669.0
Greater Scaup,3,1,Mar_W1,0.0018416,543.0
Greater Scaup,3,2,Mar_W2,0.0027473,364.0
Greater Scaup,3,3,Mar_W3,0.0,681.0
Greater Scaup,3,4,Mar_W4,0.0039409,1015.0
Greater Scaup,4,1,Apr_W1,0.0039894,752.0
Greater Scaup,4,2,Apr_W2,0.0175601,1082.0
Greater Scaup,4,3,Apr_W3,0.0426778,1195.0
Greater Scaup,4,4,Apr_W4,0.0710952,2785.0
Greater Scaup,5,1,May_W1,0.1238877,1461.0
Greater Scaup,5,2,May_W2,0.0614286,1400.0
Greater Scaup,5,3,May_W3,0.0347019,2046.0
Greater Scaup,5,4,May_W4,0.0109054,3943.0
Greater Scaup,6,1,Jun_W1,0.0015,1548.0
Greater Scaup,6,2,Jun_W2,0.0,1075.0
Greater Scaup,6,3,Jun_W3,0.0,1107.0
Greater Scaup,6,4,Jun_W4,0.0,1051.0
Greater Scaup,7,1,Jul_W1,0.0,795.0
Greater Scaup,7,2,Jul_W2,0.0,584.0
Greater Scaup,7,3,Jul_W3,0.0,533.0
Greater Scaup,7,4,Jul_W4,0.0,790.0
Greater Scaup,8,1,Aug_W1,0.0,597.0
Greater Scaup,8,2,Aug_W2,0.0,666.0
Greater Scaup,8,3,Aug_W3,0.0085158,822.0
Greater Scaup,8,4,Aug_W4,0.0222618,1123.0
Greater Scaup,9,1,Sep_W1,0.0484048,909.0
Greater Scaup,9,2,Sep_W2,0.0794148,957.0
Greater Scaup,9,3,Sep_W3,0.1578401,963.0
Greater Scaup,9,4,Sep_W4,0.1995754,1413.0
Greater Scaup,10,1,Oct_W1,0.2151639,976.0
Greater Scaup,10,2,Oct_W2,0.2293233,1330.0
Greater Scaup,10,3,Oct_W3,0.2479031,1073.0
Greater Scaup,10,4,Oct_W4,0.1985752,1123.0
Greater Scaup,11,1,Nov_W1,0.196793,686.0
Greater Scaup,11,2,Nov_W2,0.0996979,662.0
Greater Scaup,11,3,Nov_W3,0.021028,428.0
Greater Scaup,11,4,Nov_W4,0.0029499,339.0
Greater Scaup,12,1,Dec_W1,0.0,213.0
Greater Scaup,12,2,Dec_W2,0.0,275.0
Greater Scaup,12,3,Dec_W3,0.0015,318.0
Greater Scaup,12,4,Dec_W4,0.0,931.0
Lesser Scaup,1,1,Jan_W1,0.0,1028.0
Lesser Scaup,1,2,Jan_W2,0.0,995.0
Lesser Scaup,1,3,Jan_W3,0.0006477,1544.0
Lesser Scaup,1,4,Jan_W4,0.0,1414.0
Lesser Scaup,2,1,Feb_W1,0.0006988,1431.0
Lesser Scaup,2,2,Feb_W2,0.0005222,1915.0
Lesser Scaup,2,3,Feb_W3,0.0015,1788.0
Lesser Scaup,2,4,Feb_W4,0.0,669.0
Lesser Scaup,3,1,Mar_W1,0.0,543.0
Lesser Scaup,3,2,Mar_W2,0.0,364.0
Lesser Scaup,3,3,Mar_W3,0.0,681.0
Lesser Scaup,3,4,Mar_W4,0.0019704,1015.0
Lesser Scaup,4,1,Apr_W1,0.0079787,752.0
Lesser Scaup,4,2,Apr_W2,0.038817,1082.0
Lesser Scaup,4,3,Apr_W3,0.0485356,1195.0
Lesser Scaup,4,4,Apr_W4,0.0775583,2785.0
Lesser Scaup,5,1,May_W1,0.1040383,1461.0
Lesser Scaup,5,2,May_W2,0.0614286,1400.0
Lesser Scaup,5,3,May_W3,0.0278592,2046.0
Lesser Scaup,5,4,May_W4,0.0098909,3943.0
Lesser Scaup,6,1,Jun_W1,0.003876,1548.0
Lesser Scaup,6,2,Jun_W2,0.0,1075.0
Lesser Scaup,6,3,Jun_W3,0.00271,1107.0
Lesser Scaup,6,4,Jun_W4,0.0015,1051.0
Lesser Scaup,7,1,Jul_W1,0.0015,795.0
Lesser Scaup,7,2,Jul_W2,0.0,584.0
Lesser Scaup,7,3,Jul_W3,0.0,533.0
Lesser Scaup,7,4,Jul_W4,0.0025316,790.0
Lesser Scaup,8,1,Aug_W1,0.0,597.0
Lesser Scaup,8,2,Aug_W2,0.0015015,666.0
Lesser Scaup,8,3,Aug_W3,0.0024331,822.0
Lesser Scaup,8,4,Aug_W4,0.0106857,1123.0
Lesser Scaup,9,1,Sep_W1,0.0088009,909.0
Lesser Scaup,9,2,Sep_W2,0.0292581,957.0
Lesser Scaup,9,3,Sep_W3,0.0643821,963.0
Lesser Scaup,9,4,Sep_W4,0.118896,1413.0
Lesser Scaup,10,1,Oct_W1,0.1372951,976.0
Lesser Scaup,10,2,Oct_W2,0.1383459,1330.0
Lesser Scaup,10,3,Oct_W3,0.1575023,1073.0
Lesser Scaup,10,4,Oct_W4,0.128228,1123.0
Lesser Scaup,11,1,Nov_W1,0.1341108,686.0
Lesser Scaup,11,2,Nov_W2,0.060423,662.0
Lesser Scaup,11,3,Nov_W3,0.0233645,428.0
Lesser Scaup,11,4,Nov_W4,0.0029499,339.0
Lesser Scaup,12,1,Dec_W1,0.0,213.0
Lesser Scaup,12,2,Dec_W2,0.0036364,275.0
Lesser Scaup,12,3,Dec_W3,0.0,318.0
Lesser Scaup,12,4,Dec_W4,0.0,931.0
King Eider,1,1,Jan_W1,0.0009728,1028.0
King Eider,1,2,Jan_W2,0.0015,995.0
King Eider,1,3,Jan_W3,0.0,1544.0
King Eider,1,4,Jan_W4,0.0007072,1414.0
King Eider,2,1,Feb_W1,0.0,1431.0
King Eider,2,2,Feb_W2,0.0015,1915.0
King Eider,2,3,Feb_W3,0.0011186,1788.0
King Eider,2,4,Feb_W4,0.0,669.0
King Eider,3,1,Mar_W1,0.0,543.0
King Eider,3,2,Mar_W2,0.0,364.0
King Eider,3,3,Mar_W3,0.0,681.0
King Eider,3,4,Mar_W4,0.0015,1015.0
King Eider,4,1,Apr_W1,0.0,752.0
King Eider,4,2,Apr_W2,0.0015,1082.0
King Eider,4,3,Apr_W3,0.0,1195.0
King Eider,4,4,Apr_W4,0.0,2785.0
King Eider,5,1,May_W1,0.0015,1461.0
King Eider,5,2,May_W2,0.0,1400.0
King Eider,5,3,May_W3,0.0,2046.0
King Eider,5,4,May_W4,0.0,3943.0
King Eider,6,1,Jun_W1,0.0015,1548.0
King Eider,6,2,Jun_W2,0.0,1075.0
King Eider,6,3,Jun_W3,0.0,1107.0
King Eider,6,4,Jun_W4,0.0,1051.0
King Eider,7,1,Jul_W1,0.0,795.0
King Eider,7,2,Jul_W2,0.0,584.0
King Eider,7,3,Jul_W3,0.0,533.0
King Eider,7,4,Jul_W4,0.0,790.0
King Eider,8,1,Aug_W1,0.0,597.0
King Eider,8,2,Aug_W2,0.0,666.0
King Eider,8,3,Aug_W3,0.0,822.0
King Eider,8,4,Aug_W4,0.0,1123.0
King Eider,9,1,Sep_W1,0.0,909.0
King Eider,9,2,Sep_W2,0.0,957.0
King Eider,9,3,Sep_W3,0.0,963.0
King Eider,9,4,Sep_W4,0.0,1413.0
King Eider,10,1,Oct_W1,0.0,976.0
King Eider,10,2,Oct_W2,0.0,1330.0
King Eider,10,3,Oct_W3,0.0,1073.0
King Eider,10,4,Oct_W4,0.0,1123.0
King Eider,11,1,Nov_W1,0.0029155,686.0
King Eider,11,2,Nov_W2,0.0015,662.0
King Eider,11,3,Nov_W3,0.0015,428.0
King Eider,11,4,Nov_W4,0.0029499,339.0
King Eider,12,1,Dec_W1,0.0046948,213.0
King Eider,12,2,Dec_W2,0.0,275.0
King Eider,12,3,Dec_W3,0.0015,318.0
King Eider,12,4,Dec_W4,0.0015,931.0
Common Eider,1,1,Jan_W1,0.0,1028.0
Common Eider,1,2,Jan_W2,0.0,995.0
Common Eider,1,3,Jan_W3,0.0,1544.0
Common Eider,1,4,Jan_W4,0.0,1414.0
Common Eider,2,1,Feb_W1,0.0,1431.0
Common Eider,2,2,Feb_W2,0.0,1915.0
Common Eider,2,3,Feb_W3,0.0,1788.0
Common Eider,2,4,Feb_W4,0.0,669.0
Common Eider,3,1,Mar_W1,0.0,543.0
Common Eider,3,2,Mar_W2,0.0,364.0
Common Eider,3,3,Mar_W3,0.0,681.0
Common Eider,3,4,Mar_W4,0.0,1015.0
Common Eider,4,1,Apr_W1,0.0,752.0
Common Eider,4,2,Apr_W2,0.0,1082.0
Common Eider,4,3,Apr_W3,0.0,1195.0
Common Eider,4,4,Apr_W4,0.0,2785.0
Common Eider,5,1,May_W1,0.0,1461.0
Common Eider,5,2,May_W2,0.0,1400.0
Common Eider,5,3,May_W3,0.0,2046.0
Common Eider,5,4,May_W4,0.0015,3943.0
Common Eider,6,1,Jun_W1,0.0,1548.0
Common Eider,6,2,Jun_W2,0.0,1075.0
Common Eider,6,3,Jun_W3,0.0,1107.0
Common Eider,6,4,Jun_W4,0.0,1051.0
Common Eider,7,1,Jul_W1,0.0,795.0
Common Eider,7,2,Jul_W2,0.0,584.0
Common Eider,7,3,Jul_W3,0.0,533.0
Common Eider,7,4,Jul_W4,0.0,790.0
Common Eider,8,1,Aug_W1,0.0,597.0
Common Eider,8,2,Aug_W2,0.0,666.0
Common Eider,8,3,Aug_W3,0.0,822.0
Common Eider,8,4,Aug_W4,0.0,1123.0
Common Eider,9,1,Sep_W1,0.0,909.0
Common Eider,9,2,Sep_W2,0.0,957.0
Common Eider,9,3,Sep_W3,0.0,963.0
Common Eider,9,4,Sep_W4,0.0,1413.0
Common Eider,10,1,Oct_W1,0.0,976.0
Common Eider,10,2,Oct_W2,0.0,1330.0
Common Eider,10,3,Oct_W3,0.0,1073.0
Common Eider,10,4,Oct_W4,0.0015,1123.0
Common Eider,11,1,Nov_W1,0.0,686.0
Common Eider,11,2,Nov_W2,0.0,662.0
Common Eider,11,3,Nov_W3,0.0,428.0
Common Eider,11,4,Nov_W4,0.0,339.0
Common Eider,12,1,Dec_W1,0.0,213.0
Common Eider,12,2,Dec_W2,0.0,275.0
Common Eider,12,3,Dec_W3,0.0,318.0
Common Eider,12,4,Dec_W4,0.0,931.0
Harlequin Duck,1,1,Jan_W1,0.0009728,1028.0
Harlequin Duck,1,2,Jan_W2,0.0015,995.0
Harlequin Duck,1,3,Jan_W3,0.0015,1544.0
Harlequin Duck,1,4,Jan_W4,0.0028289,1414.0
Harlequin Duck,2,1,Feb_W1,0.0041929,1431.0
Harlequin Duck,2,2,Feb_W2,0.0015666,1915.0
Harlequin Duck,2,3,Feb_W3,0.0015,1788.0
Harlequin Duck,2,4,Feb_W4,0.0,669.0
Harlequin Duck,3,1,Mar_W1,0.0015,543.0
Harlequin Duck,3,2,Mar_W2,0.0,364.0
Harlequin Duck,3,3,Mar_W3,0.0,681.0
Harlequin Duck,3,4,Mar_W4,0.0,1015.0
Harlequin Duck,4,1,Apr_W1,0.0,752.0
Harlequin Duck,4,2,Apr_W2,0.0,1082.0
Harlequin Duck,4,3,Apr_W3,0.0,1195.0
Harlequin Duck,4,4,Apr_W4,0.0003591,2785.0
Harlequin Duck,5,1,May_W1,0.0020534,1461.0
Harlequin Duck,5,2,May_W2,0.0007143,1400.0
Harlequin Duck,5,3,May_W3,0.0039101,2046.0
Harlequin Duck,5,4,May_W4,0.0002536,3943.0
Harlequin Duck,6,1,Jun_W1,0.0,1548.0
Harlequin Duck,6,2,Jun_W2,0.0,1075.0
Harlequin Duck,6,3,Jun_W3,0.0,1107.0
Harlequin Duck,6,4,Jun_W4,0.0,1051.0
Harlequin Duck,7,1,Jul_W1,0.0,795.0
Harlequin Duck,7,2,Jul_W2,0.0,584.0
Harlequin Duck,7,3,Jul_W3,0.0,533.0
Harlequin Duck,7,4,Jul_W4,0.0,790.0
Harlequin Duck,8,1,Aug_W1,0.0,597.0
Harlequin Duck,8,2,Aug_W2,0.0,666.0
Harlequin Duck,8,3,Aug_W3,0.0,822.0
Harlequin Duck,8,4,Aug_W4,0.0,1123.0
Harlequin Duck,9,1,Sep_W1,0.0,909.0
Harlequin Duck,9,2,Sep_W2,0.0073145,957.0
Harlequin Duck,9,3,Sep_W3,0.0020768,963.0
Harlequin Duck,9,4,Sep_W4,0.0014154,1413.0
Harlequin Duck,10,1,Oct_W1,0.0102459,976.0
Harlequin Duck,10,2,Oct_W2,0.0097744,1330.0
Harlequin Duck,10,3,Oct_W3,0.0083877,1073.0
Harlequin Duck,10,4,Oct_W4,0.0142476,1123.0
Harlequin Duck,11,1,Nov_W1,0.0087464,686.0
Harlequin Duck,11,2,Nov_W2,0.0060423,662.0
Harlequin Duck,11,3,Nov_W3,0.0023364,428.0
Harlequin Duck,11,4,Nov_W4,0.0,339.0
Harlequin Duck,12,1,Dec_W1,0.0,213.0
Harlequin Duck,12,2,Dec_W2,0.0072727,275.0
Harlequin Duck,12,3,Dec_W3,0.0015,318.0
Harlequin Duck,12,4,Dec_W4,0.0015,931.0
Surf Scoter,1,1,Jan_W1,0.0,1028.0
Surf Scoter,1,2,Jan_W2,0.0,995.0
Surf Scoter,1,3,Jan_W3,0.0,1544.0
Surf Scoter,1,4,Jan_W4,0.0,1414.0
Surf Scoter,2,1,Feb_W1,0.0,1431.0
Surf Scoter,2,2,Feb_W2,0.0,1915.0
Surf Scoter,2,3,Feb_W3,0.0,1788.0
Surf Scoter,2,4,Feb_W4,0.0,669.0
Surf Scoter,3,1,Mar_W1,0.0,543.0
Surf Scoter,3,2,Mar_W2,0.0,364.0
Surf Scoter,3,3,Mar_W3,0.0,681.0
Surf Scoter,3,4,Mar_W4,0.0,1015.0
Surf Scoter,4,1,Apr_W1,0.0,752.0
Surf Scoter,4,2,Apr_W2,0.0,1082.0
Surf Scoter,4,3,Apr_W3,0.0015,1195.0
Surf Scoter,4,4,Apr_W4,0.0017953,2785.0
Surf Scoter,5,1,May_W1,0.0219028,1461.0
Surf Scoter,5,2,May_W2,0.04,1400.0
Surf Scoter,5,3,May_W3,0.0522972,2046.0
Surf Scoter,5,4,May_W4,0.0149632,3943.0
Surf Scoter,6,1,Jun_W1,0.001292,1548.0
Surf Scoter,6,2,Jun_W2,0.0009302,1075.0
Surf Scoter,6,3,Jun_W3,0.0,1107.0
Surf Scoter,6,4,Jun_W4,0.0,1051.0
Surf Scoter,7,1,Jul_W1,0.0,795.0
Surf Scoter,7,2,Jul_W2,0.0,584.0
Surf Scoter,7,3,Jul_W3,0.0,533.0
Surf Scoter,7,4,Jul_W4,0.0,790.0
Surf Scoter,8,1,Aug_W1,0.0,597.0
Surf Scoter,8,2,Aug_W2,0.003003,666.0
Surf Scoter,8,3,Aug_W3,0.0036496,822.0
Surf Scoter,8,4,Aug_W4,0.0178094,1123.0
Surf Scoter,9,1,Sep_W1,0.0176018,909.0
Surf Scoter,9,2,Sep_W2,0.0229885,957.0
Surf Scoter,9,3,Sep_W3,0.0446521,963.0
Surf Scoter,9,4,Sep_W4,0.1210191,1413.0
Surf Scoter,10,1,Oct_W1,0.2243852,976.0
Surf Scoter,10,2,Oct_W2,0.2413534,1330.0
Surf Scoter,10,3,Oct_W3,0.2134203,1073.0
Surf Scoter,10,4,Oct_W4,0.1558326,1123.0
Surf Scoter,11,1,Nov_W1,0.0816327,686.0
Surf Scoter,11,2,Nov_W2,0.0151057,662.0
Surf Scoter,11,3,Nov_W3,0.0023364,428.0
Surf Scoter,11,4,Nov_W4,0.0029499,339.0
Surf Scoter,12,1,Dec_W1,0.0,213.0
Surf Scoter,12,2,Dec_W2,0.0,275.0
Surf Scoter,12,3,Dec_W3,0.0,318.0
Surf Scoter,12,4,Dec_W4,0.0,931.0
White-winged Scoter,1,1,Jan_W1,0.0,1028.0
White-winged Scoter,1,2,Jan_W2,0.001005,995.0
White-winged Scoter,1,3,Jan_W3,0.0006477,1544.0
White-winged Scoter,1,4,Jan_W4,0.0007072,1414.0
White-winged Scoter,2,1,Feb_W1,0.0006988,1431.0
White-winged Scoter,2,2,Feb_W2,0.002611,1915.0
White-winged Scoter,2,3,Feb_W3,0.0005593,1788.0
White-winged Scoter,2,4,Feb_W4,0.0059791,669.0
White-winged Scoter,3,1,Mar_W1,0.0055249,543.0
White-winged Scoter,3,2,Mar_W2,0.0,364.0
White-winged Scoter,3,3,Mar_W3,0.0,681.0
White-winged Scoter,3,4,Mar_W4,0.0,1015.0
White-winged Scoter,4,1,Apr_W1,0.0,752.0
White-winged Scoter,4,2,Apr_W2,0.0009242,1082.0
White-winged Scoter,4,3,Apr_W3,0.0066946,1195.0
White-winged Scoter,4,4,Apr_W4,0.0294434,2785.0
White-winged Scoter,5,1,May_W1,0.0746064,1461.0
White-winged Scoter,5,2,May_W2,0.1128571,1400.0
White-winged Scoter,5,3,May_W3,0.1270772,2046.0
White-winged Scoter,5,4,May_W4,0.1027137,3943.0
White-winged Scoter,6,1,Jun_W1,0.0109819,1548.0
White-winged Scoter,6,2,Jun_W2,0.0037209,1075.0
White-winged Scoter,6,3,Jun_W3,0.0015,1107.0
White-winged Scoter,6,4,Jun_W4,0.0,1051.0
White-winged Scoter,7,1,Jul_W1,0.0012579,795.0
White-winged Scoter,7,2,Jul_W2,0.0,584.0
White-winged Scoter,7,3,Jul_W3,0.0,533.0
White-winged Scoter,7,4,Jul_W4,0.0,790.0
White-winged Scoter,8,1,Aug_W1,0.001675,597.0
White-winged Scoter,8,2,Aug_W2,0.0015,666.0
White-winged Scoter,8,3,Aug_W3,0.0462287,822.0
White-winged Scoter,8,4,Aug_W4,0.0658949,1123.0
White-winged Scoter,9,1,Sep_W1,0.080308,909.0
White-winged Scoter,9,2,Sep_W2,0.0877743,957.0
White-winged Scoter,9,3,Sep_W3,0.1339564,963.0
White-winged Scoter,9,4,Sep_W4,0.2179759,1413.0
White-winged Scoter,10,1,Oct_W1,0.2817623,976.0
White-winged Scoter,10,2,Oct_W2,0.3330827,1330.0
White-winged Scoter,10,3,Oct_W3,0.3392358,1073.0
White-winged Scoter,10,4,Oct_W4,0.3250223,1123.0
White-winged Scoter,11,1,Nov_W1,0.2696793,686.0
White-winged Scoter,11,2,Nov_W2,0.2175227,662.0
White-winged Scoter,11,3,Nov_W3,0.0280374,428.0
White-winged Scoter,11,4,Nov_W4,0.0147493,339.0
White-winged Scoter,12,1,Dec_W1,0.0093897,213.0
White-winged Scoter,12,2,Dec_W2,0.0036364,275.0
White-winged Scoter,12,3,Dec_W3,0.0031447,318.0
White-winged Scoter,12,4,Dec_W4,0.0032223,931.0
Black Scoter,1,1,Jan_W1,0.0,1028.0
Black Scoter,1,2,Jan_W2,0.0,995.0
Black Scoter,1,3,Jan_W3,0.0,1544.0
Black Scoter,1,4,Jan_W4,0.0,1414.0
Black Scoter,2,1,Feb_W1,0.0,1431.0
Black Scoter,2,2,Feb_W2,0.0,1915.0
Black Scoter,2,3,Feb_W3,0.0,1788.0
Black Scoter,2,4,Feb_W4,0.0,669.0
Black Scoter,3,1,Mar_W1,0.0,543.0
Black Scoter,3,2,Mar_W2,0.0,364.0
Black Scoter,3,3,Mar_W3,0.0,681.0
Black Scoter,3,4,Mar_W4,0.0,1015.0
Black Scoter,4,1,Apr_W1,0.0,752.0
Black Scoter,4,2,Apr_W2,0.0009242,1082.0
Black Scoter,4,3,Apr_W3,0.0008368,1195.0
Black Scoter,4,4,Apr_W4,0.0003591,2785.0
Black Scoter,5,1,May_W1,0.0054757,1461.0
Black Scoter,5,2,May_W2,0.005,1400.0
Black Scoter,5,3,May_W3,0.0107527,2046.0
Black Scoter,5,4,May_W4,0.0050723,3943.0
Black Scoter,6,1,Jun_W1,0.0,1548.0
Black Scoter,6,2,Jun_W2,0.0,1075.0
Black Scoter,6,3,Jun_W3,0.0,1107.0
Black Scoter,6,4,Jun_W4,0.0,1051.0
Black Scoter,7,1,Jul_W1,0.0,795.0
Black Scoter,7,2,Jul_W2,0.0,584.0
Black Scoter,7,3,Jul_W3,0.0,533.0
Black Scoter,7,4,Jul_W4,0.0,790.0
Black Scoter,8,1,Aug_W1,0.0,597.0
Black Scoter,8,2,Aug_W2,0.0,666.0
Black Scoter,8,3,Aug_W3,0.0,822.0
Black Scoter,8,4,Aug_W4,0.0008905,1123.0
Black Scoter,9,1,Sep_W1,0.0,909.0
Black Scoter,9,2,Sep_W2,0.0010449,957.0
Black Scoter,9,3,Sep_W3,0.0010384,963.0
Black Scoter,9,4,Sep_W4,0.0191083,1413.0
Black Scoter,10,1,Oct_W1,0.0860656,976.0
Black Scoter,10,2,Oct_W2,0.1541353,1330.0
Black Scoter,10,3,Oct_W3,0.2236719,1073.0
Black Scoter,10,4,Oct_W4,0.1994657,1123.0
Black Scoter,11,1,Nov_W1,0.1734694,686.0
Black Scoter,11,2,Nov_W2,0.1163142,662.0
Black Scoter,11,3,Nov_W3,0.0350467,428.0
Black Scoter,11,4,Nov_W4,0.0029499,339.0
Black Scoter,12,1,Dec_W1,0.0015,213.0
Black Scoter,12,2,Dec_W2,0.0,275.0
Black Scoter,12,3,Dec_W3,0.0,318.0
Black Scoter,12,4,Dec_W4,0.0010741,931.0
Long-tailed Duck,1,1,Jan_W1,0.0038911,1028.0
Long-tailed Duck,1,2,Jan_W2,0.001005,995.0
Long-tailed Duck,1,3,Jan_W3,0.0012953,1544.0
Long-tailed Duck,1,4,Jan_W4,0.0035361,1414.0
Long-tailed Duck,2,1,Feb_W1,0.0083857,1431.0
Long-tailed Duck,2,2,Feb_W2,0.0140992,1915.0
Long-tailed Duck,2,3,Feb_W3,0.0089485,1788.0
Long-tailed Duck,2,4,Feb_W4,0.0044843,669.0
Long-tailed Duck,3,1,Mar_W1,0.0092081,543.0
Long-tailed Duck,3,2,Mar_W2,0.010989,364.0
Long-tailed Duck,3,3,Mar_W3,0.010279,681.0
Long-tailed Duck,3,4,Mar_W4,0.0078818,1015.0
Long-tailed Duck,4,1,Apr_W1,0.0079787,752.0
Long-tailed Duck,4,2,Apr_W2,0.0083179,1082.0
Long-tailed Duck,4,3,Apr_W3,0.0694561,1195.0
Long-tailed Duck,4,4,Apr_W4,0.059605,2785.0
Long-tailed Duck,5,1,May_W1,0.0876112,1461.0
Long-tailed Duck,5,2,May_W2,0.0878571,1400.0
Long-tailed Duck,5,3,May_W3,0.0943304,2046.0
Long-tailed Duck,5,4,May_W4,0.0530053,3943.0
Long-tailed Duck,6,1,Jun_W1,0.004522,1548.0
Long-tailed Duck,6,2,Jun_W2,0.0009302,1075.0
Long-tailed Duck,6,3,Jun_W3,0.0009033,1107.0
Long-tailed Duck,6,4,Jun_W4,0.0009515,1051.0
Long-tailed Duck,7,1,Jul_W1,0.0,795.0
Long-tailed Duck,7,2,Jul_W2,0.0017123,584.0
Long-tailed Duck,7,3,Jul_W3,0.0,533.0
Long-tailed Duck,7,4,Jul_W4,0.0025316,790.0
Long-tailed Duck,8,1,Aug_W1,0.0015,597.0
Long-tailed Duck,8,2,Aug_W2,0.0,666.0
Long-tailed Duck,8,3,Aug_W3,0.0,822.0
Long-tailed Duck,8,4,Aug_W4,0.0,1123.0
Long-tailed Duck,9,1,Sep_W1,0.0044004,909.0
Long-tailed Duck,9,2,Sep_W2,0.0083595,957.0
Long-tailed Duck,9,3,Sep_W3,0.0083074,963.0
Long-tailed Duck,9,4,Sep_W4,0.02477,1413.0
Long-tailed Duck,10,1,Oct_W1,0.1188525,976.0
Long-tailed Duck,10,2,Oct_W2,0.256391,1330.0
Long-tailed Duck,10,3,Oct_W3,0.332712,1073.0
Long-tailed Duck,10,4,Oct_W4,0.3891362,1123.0
Long-tailed Duck,11,1,Nov_W1,0.4023324,686.0
Long-tailed Duck,11,2,Nov_W2,0.3806647,662.0
Long-tailed Duck,11,3,Nov_W3,0.1331776,428.0
Long-tailed Duck,11,4,Nov_W4,0.0442478,339.0
Long-tailed Duck,12,1,Dec_W1,0.0422535,213.0
Long-tailed Duck,12,2,Dec_W2,0.0145455,275.0
Long-tailed Duck,12,3,Dec_W3,0.0031447,318.0
Long-tailed Duck,12,4,Dec_W4,0.0085929,931.0
Bufflehead,1,1,Jan_W1,0.0038911,1028.0
Bufflehead,1,2,Jan_W2,0.0020101,995.0
Bufflehead,1,3,Jan_W3,0.0025907,1544.0
Bufflehead,1,4,Jan_W4,0.0021216,1414.0
Bufflehead,2,1,Feb_W1,0.0013976,1431.0
Bufflehead,2,2,Feb_W2,0.0015666,1915.0
Bufflehead,2,3,Feb_W3,0.0027964,1788.0
Bufflehead,2,4,Feb_W4,0.0015,669.0
Bufflehead,3,1,Mar_W1,0.0092081,543.0
Bufflehead,3,2,Mar_W2,0.0054945,364.0
Bufflehead,3,3,Mar_W3,0.0117474,681.0
Bufflehead,3,4,Mar_W4,0.0453202,1015.0
Bufflehead,4,1,Apr_W1,0.0704787,752.0
Bufflehead,4,2,Apr_W2,0.0933457,1082.0
Bufflehead,4,3,Apr_W3,0.1481172,1195.0
Bufflehead,4,4,Apr_W4,0.2398564,2785.0
Bufflehead,5,1,May_W1,0.2190281,1461.0
Bufflehead,5,2,May_W2,0.0864286,1400.0
Bufflehead,5,3,May_W3,0.0381232,2046.0
Bufflehead,5,4,May_W4,0.0083693,3943.0
Bufflehead,6,1,Jun_W1,0.002584,1548.0
Bufflehead,6,2,Jun_W2,0.0018605,1075.0
Bufflehead,6,3,Jun_W3,0.0009033,1107.0
Bufflehead,6,4,Jun_W4,0.0,1051.0
Bufflehead,7,1,Jul_W1,0.0,795.0
Bufflehead,7,2,Jul_W2,0.0,584.0
Bufflehead,7,3,Jul_W3,0.0,533.0
Bufflehead,7,4,Jul_W4,0.0012658,790.0
Bufflehead,8,1,Aug_W1,0.0015,597.0
Bufflehead,8,2,Aug_W2,0.0,666.0
Bufflehead,8,3,Aug_W3,0.0158151,822.0
Bufflehead,8,4,Aug_W4,0.0062333,1123.0
Bufflehead,9,1,Sep_W1,0.0066007,909.0
Bufflehead,9,2,Sep_W2,0.0020899,957.0
Bufflehead,9,3,Sep_W3,0.0020768,963.0
Bufflehead,9,4,Sep_W4,0.0077849,1413.0
Bufflehead,10,1,Oct_W1,0.0122951,976.0
Bufflehead,10,2,Oct_W2,0.043609,1330.0
Bufflehead,10,3,Oct_W3,0.1463187,1073.0
Bufflehead,10,4,Oct_W4,0.1959038,1123.0
Bufflehead,11,1,Nov_W1,0.3090379,686.0
Bufflehead,11,2,Nov_W2,0.2250755,662.0
Bufflehead,11,3,Nov_W3,0.1425234,428.0
Bufflehead,11,4,Nov_W4,0.1179941,339.0
Bufflehead,12,1,Dec_W1,0.0657277,213.0
Bufflehead,12,2,Dec_W2,0.0218182,275.0
Bufflehead,12,3,Dec_W3,0.0314465,318.0
Bufflehead,12,4,Dec_W4,0.0032223,931.0
Common Goldeneye,1,1,Jan_W1,0.077821,1028.0
Common Goldeneye,1,2,Jan_W2,0.0592965,995.0
Common Goldeneye,1,3,Jan_W3,0.0705959,1544.0
Common Goldeneye,1,4,Jan_W4,0.0799151,1414.0
Common Goldeneye,2,1,Feb_W1,0.0915444,1431.0
Common Goldeneye,2,2,Feb_W2,0.0934726,1915.0
Common Goldeneye,2,3,Feb_W3,0.0894855,1788.0
Common Goldeneye,2,4,Feb_W4,0.1001495,669.0
Common Goldeneye,3,1,Mar_W1,0.0957643,543.0
Common Goldeneye,3,2,Mar_W2,0.0934066,364.0
Common Goldeneye,3,3,Mar_W3,0.0499266,681.0
Common Goldeneye,3,4,Mar_W4,0.0955665,1015.0
Common Goldeneye,4,1,Apr_W1,0.1196809,752.0
Common Goldeneye,4,2,Apr_W2,0.1127542,1082.0
Common Goldeneye,4,3,Apr_W3,0.1757322,1195.0
Common Goldeneye,4,4,Apr_W4,0.1788151,2785.0
Common Goldeneye,5,1,May_W1,0.110883,1461.0
Common Goldeneye,5,2,May_W2,0.0671429,1400.0
Common Goldeneye,5,3,May_W3,0.0439883,2046.0
Common Goldeneye,5,4,May_W4,0.0415927,3943.0
Common Goldeneye,6,1,Jun_W1,0.0258398,1548.0
Common Goldeneye,6,2,Jun_W2,0.015814,1075.0
Common Goldeneye,6,3,Jun_W3,0.0117435,1107.0
Common Goldeneye,6,4,Jun_W4,0.0152236,1051.0
Common Goldeneye,7,1,Jul_W1,0.0113208,795.0
Common Goldeneye,7,2,Jul_W2,0.0085616,584.0
Common Goldeneye,7,3,Jul_W3,0.0075047,533.0
Common Goldeneye,7,4,Jul_W4,0.0101266,790.0
Common Goldeneye,8,1,Aug_W1,0.0033501,597.0
Common Goldeneye,8,2,Aug_W2,0.018018,666.0
Common Goldeneye,8,3,Aug_W3,0.0194647,822.0
Common Goldeneye,8,4,Aug_W4,0.0222618,1123.0
Common Goldeneye,9,1,Sep_W1,0.0143014,909.0
Common Goldeneye,9,2,Sep_W2,0.0261233,957.0
Common Goldeneye,9,3,Sep_W3,0.0207684,963.0
Common Goldeneye,9,4,Sep_W4,0.0467091,1413.0
Common Goldeneye,10,1,Oct_W1,0.0737705,976.0
Common Goldeneye,10,2,Oct_W2,0.0954887,1330.0
Common Goldeneye,10,3,Oct_W3,0.1547064,1073.0
Common Goldeneye,10,4,Oct_W4,0.2315227,1123.0
Common Goldeneye,11,1,Nov_W1,0.3279883,686.0
Common Goldeneye,11,2,Nov_W2,0.2734139,662.0
Common Goldeneye,11,3,Nov_W3,0.1261682,428.0
Common Goldeneye,11,4,Nov_W4,0.100295,339.0
Common Goldeneye,12,1,Dec_W1,0.2112676,213.0
Common Goldeneye,12,2,Dec_W2,0.1090909,275.0
Common Goldeneye,12,3,Dec_W3,0.1226415,318.0
Common Goldeneye,12,4,Dec_W4,0.0558539,931.0
Barrow's Goldeneye,1,1,Jan_W1,0.0,1028.0
Barrow's Goldeneye,1,2,Jan_W2,0.0,995.0
Barrow's Goldeneye,1,3,Jan_W3,0.0,1544.0
Barrow's Goldeneye,1,4,Jan_W4,0.0,1414.0
Barrow's Goldeneye,2,1,Feb_W1,0.0,1431.0
Barrow's Goldeneye,2,2,Feb_W2,0.0005222,1915.0
Barrow's Goldeneye,2,3,Feb_W3,0.0,1788.0
Barrow's Goldeneye,2,4,Feb_W4,0.0,669.0
Barrow's Goldeneye,3,1,Mar_W1,0.0,543.0
Barrow's Goldeneye,3,2,Mar_W2,0.0054945,364.0
Barrow's Goldeneye,3,3,Mar_W3,0.0058737,681.0
Barrow's Goldeneye,3,4,Mar_W4,0.0049261,1015.0
Barrow's Goldeneye,4,1,Apr_W1,0.0,752.0
Barrow's Goldeneye,4,2,Apr_W2,0.0,1082.0
Barrow's Goldeneye,4,3,Apr_W3,0.0,1195.0
Barrow's Goldeneye,4,4,Apr_W4,0.0,2785.0
Barrow's Goldeneye,5,1,May_W1,0.0,1461.0
Barrow's Goldeneye,5,2,May_W2,0.0,1400.0
Barrow's Goldeneye,5,3,May_W3,0.0,2046.0
Barrow's Goldeneye,5,4,May_W4,0.0,3943.0
Barrow's Goldeneye,6,1,Jun_W1,0.0,1548.0
Barrow's Goldeneye,6,2,Jun_W2,0.0,1075.0
Barrow's Goldeneye,6,3,Jun_W3,0.0,1107.0
Barrow's Goldeneye,6,4,Jun_W4,0.0,1051.0
Barrow's Goldeneye,7,1,Jul_W1,0.0,795.0
Barrow's Goldeneye,7,2,Jul_W2,0.0,584.0
Barrow's Goldeneye,7,3,Jul_W3,0.0,533.0
Barrow's Goldeneye,7,4,Jul_W4,0.0,790.0
Barrow's Goldeneye,8,1,Aug_W1,0.0,597.0
Barrow's Goldeneye,8,2,Aug_W2,0.0,666.0
Barrow's Goldeneye,8,3,Aug_W3,0.0,822.0
Barrow's Goldeneye,8,4,Aug_W4,0.0,1123.0
Barrow's Goldeneye,9,1,Sep_W1,0.0,909.0
Barrow's Goldeneye,9,2,Sep_W2,0.0,957.0
Barrow's Goldeneye,9,3,Sep_W3,0.0,963.0
Barrow's Goldeneye,9,4,Sep_W4,0.0,1413.0
Barrow's Goldeneye,10,1,Oct_W1,0.0,976.0
Barrow's Goldeneye,10,2,Oct_W2,0.0,1330.0
Barrow's Goldeneye,10,3,Oct_W3,0.0,1073.0
Barrow's Goldeneye,10,4,Oct_W4,0.0,1123.0
Barrow's Goldeneye,11,1,Nov_W1,0.0,686.0
Barrow's Goldeneye,11,2,Nov_W2,0.0,662.0
Barrow's Goldeneye,11,3,Nov_W3,0.0,428.0
Barrow's Goldeneye,11,4,Nov_W4,0.0,339.0
Barrow's Goldeneye,12,1,Dec_W1,0.0,213.0
Barrow's Goldeneye,12,2,Dec_W2,0.0,275.0
Barrow's Goldeneye,12,3,Dec_W3,0.0015,318.0
Barrow's Goldeneye,12,4,Dec_W4,0.0,931.0
Hooded Merganser,1,1,Jan_W1,0.0214008,1028.0
Hooded Merganser,1,2,Jan_W2,0.0050251,995.0
Hooded Merganser,1,3,Jan_W3,0.0071244,1544.0
Hooded Merganser,1,4,Jan_W4,0.0212164,1414.0
Hooded Merganser,2,1,Feb_W1,0.0118798,1431.0
Hooded Merganser,2,2,Feb_W2,0.0172324,1915.0
Hooded Merganser,2,3,Feb_W3,0.0111857,1788.0
Hooded Merganser,2,4,Feb_W4,0.0134529,669.0
Hooded Merganser,3,1,Mar_W1,0.0073665,543.0
Hooded Merganser,3,2,Mar_W2,0.0027473,364.0
Hooded Merganser,3,3,Mar_W3,0.0044053,681.0
Hooded Merganser,3,4,Mar_W4,0.0571429,1015.0
Hooded Merganser,4,1,Apr_W1,0.0678191,752.0
Hooded Merganser,4,2,Apr_W2,0.0582255,1082.0
Hooded Merganser,4,3,Apr_W3,0.0845188,1195.0
Hooded Merganser,4,4,Apr_W4,0.097307,2785.0
Hooded Merganser,5,1,May_W1,0.0540726,1461.0
Hooded Merganser,5,2,May_W2,0.0307143,1400.0
Hooded Merganser,5,3,May_W3,0.0112414,2046.0
Hooded Merganser,5,4,May_W4,0.0091301,3943.0
Hooded Merganser,6,1,Jun_W1,0.0077519,1548.0
Hooded Merganser,6,2,Jun_W2,0.0167442,1075.0
Hooded Merganser,6,3,Jun_W3,0.0072267,1107.0
Hooded Merganser,6,4,Jun_W4,0.0114177,1051.0
Hooded Merganser,7,1,Jul_W1,0.0050314,795.0
Hooded Merganser,7,2,Jul_W2,0.0239726,584.0
Hooded Merganser,7,3,Jul_W3,0.0225141,533.0
Hooded Merganser,7,4,Jul_W4,0.0240506,790.0
Hooded Merganser,8,1,Aug_W1,0.0452261,597.0
Hooded Merganser,8,2,Aug_W2,0.036036,666.0
Hooded Merganser,8,3,Aug_W3,0.0766423,822.0
Hooded Merganser,8,4,Aug_W4,0.0739092,1123.0
Hooded Merganser,9,1,Sep_W1,0.0583058,909.0
Hooded Merganser,9,2,Sep_W2,0.0323929,957.0
Hooded Merganser,9,3,Sep_W3,0.0301142,963.0
Hooded Merganser,9,4,Sep_W4,0.02477,1413.0
Hooded Merganser,10,1,Oct_W1,0.0163934,976.0
Hooded Merganser,10,2,Oct_W2,0.0157895,1330.0
Hooded Merganser,10,3,Oct_W3,0.0354147,1073.0
Hooded Merganser,10,4,Oct_W4,0.0685663,1123.0
Hooded Merganser,11,1,Nov_W1,0.1137026,686.0
Hooded Merganser,11,2,Nov_W2,0.0755287,662.0
Hooded Merganser,11,3,Nov_W3,0.0584112,428.0
Hooded Merganser,11,4,Nov_W4,0.0530973,339.0
Hooded Merganser,12,1,Dec_W1,0.0704225,213.0
Hooded Merganser,12,2,Dec_W2,0.0581818,275.0
Hooded Merganser,12,3,Dec_W3,0.0503145,318.0
Hooded Merganser,12,4,Dec_W4,0.0085929,931.0
Common Merganser,1,1,Jan_W1,0.061284,1028.0
Common Merganser,1,2,Jan_W2,0.0472362,995.0
Common Merganser,1,3,Jan_W3,0.0556995,1544.0
Common Merganser,1,4,Jan_W4,0.0601132,1414.0
Common Merganser,2,1,Feb_W1,0.0726765,1431.0
Common Merganser,2,2,Feb_W2,0.0616188,1915.0
Common Merganser,2,3,Feb_W3,0.0631991,1788.0
Common Merganser,2,4,Feb_W4,0.0881913,669.0
Common Merganser,3,1,Mar_W1,0.0755064,543.0
Common Merganser,3,2,Mar_W2,0.0741758,364.0
Common Merganser,3,3,Mar_W3,0.0792952,681.0
Common Merganser,3,4,Mar_W4,0.120197,1015.0
Common Merganser,4,1,Apr_W1,0.1382979,752.0
Common Merganser,4,2,Apr_W2,0.1977819,1082.0
Common Merganser,4,3,Apr_W3,0.2677824,1195.0
Common Merganser,4,4,Apr_W4,0.3260323,2785.0
Common Merganser,5,1,May_W1,0.2922656,1461.0
Common Merganser,5,2,May_W2,0.2142857,1400.0
Common Merganser,5,3,May_W3,0.1935484,2046.0
Common Merganser,5,4,May_W4,0.1648491,3943.0
Common Merganser,6,1,Jun_W1,0.1175711,1548.0
Common Merganser,6,2,Jun_W2,0.1051163,1075.0
Common Merganser,6,3,Jun_W3,0.0668473,1107.0
Common Merganser,6,4,Jun_W4,0.0532826,1051.0
Common Merganser,7,1,Jul_W1,0.1056604,795.0
Common Merganser,7,2,Jul_W2,0.0787671,584.0
Common Merganser,7,3,Jul_W3,0.0806754,533.0
Common Merganser,7,4,Jul_W4,0.0582278,790.0
Common Merganser,8,1,Aug_W1,0.0904523,597.0
Common Merganser,8,2,Aug_W2,0.0615616,666.0
Common Merganser,8,3,Aug_W3,0.1545012,822.0
Common Merganser,8,4,Aug_W4,0.2413179,1123.0
Common Merganser,9,1,Sep_W1,0.3058306,909.0
Common Merganser,9,2,Sep_W2,0.3187043,957.0
Common Merganser,9,3,Sep_W3,0.3281412,963.0
Common Merganser,9,4,Sep_W4,0.2937013,1413.0
Common Merganser,10,1,Oct_W1,0.244877,976.0
Common Merganser,10,2,Oct_W2,0.206015,1330.0
Common Merganser,10,3,Oct_W3,0.1910531,1073.0
Common Merganser,10,4,Oct_W4,0.1638468,1123.0
Common Merganser,11,1,Nov_W1,0.2332362,686.0
Common Merganser,11,2,Nov_W2,0.2296073,662.0
Common Merganser,11,3,Nov_W3,0.1191589,428.0
Common Merganser,11,4,Nov_W4,0.120944,339.0
Common Merganser,12,1,Dec_W1,0.1690141,213.0
Common Merganser,12,2,Dec_W2,0.0981818,275.0
Common Merganser,12,3,Dec_W3,0.0880503,318.0
Common Merganser,12,4,Dec_W4,0.0494092,931.0
Red-breasted Merganser,1,1,Jan_W1,0.0126459,1028.0
Red-breasted Merganser,1,2,Jan_W2,0.0080402,995.0
Red-breasted Merganser,1,3,Jan_W3,0.0148964,1544.0
Red-breasted Merganser,1,4,Jan_W4,0.0070721,1414.0
Red-breasted Merganser,2,1,Feb_W1,0.0195667,1431.0
Red-breasted Merganser,2,2,Feb_W2,0.0151436,1915.0
Red-breasted Merganser,2,3,Feb_W3,0.0111857,1788.0
Red-breasted Merganser,2,4,Feb_W4,0.019432,669.0
Red-breasted Merganser,3,1,Mar_W1,0.0184162,543.0
Red-breasted Merganser,3,2,Mar_W2,0.0027473,364.0
Red-breasted Merganser,3,3,Mar_W3,0.0029369,681.0
Red-breasted Merganser,3,4,Mar_W4,0.0068966,1015.0
Red-breasted Merganser,4,1,Apr_W1,0.0146277,752.0
Red-breasted Merganser,4,2,Apr_W2,0.0378928,1082.0
Red-breasted Merganser,4,3,Apr_W3,0.1564854,1195.0
Red-breasted Merganser,4,4,Apr_W4,0.1982047,2785.0
Red-breasted Merganser,5,1,May_W1,0.2361396,1461.0
Red-breasted Merganser,5,2,May_W2,0.2278571,1400.0
Red-breasted Merganser,5,3,May_W3,0.2238514,2046.0
Red-breasted Merganser,5,4,May_W4,0.2061882,3943.0
Red-breasted Merganser,6,1,Jun_W1,0.0968992,1548.0
Red-breasted Merganser,6,2,Jun_W2,0.0651163,1075.0
Red-breasted Merganser,6,3,Jun_W3,0.0505872,1107.0
Red-breasted Merganser,6,4,Jun_W4,0.0627973,1051.0
Red-breasted Merganser,7,1,Jul_W1,0.0591195,795.0
Red-breasted Merganser,7,2,Jul_W2,0.0376712,584.0
Red-breasted Merganser,7,3,Jul_W3,0.0562852,533.0
Red-breasted Merganser,7,4,Jul_W4,0.0620253,790.0
Red-breasted Merganser,8,1,Aug_W1,0.0536013,597.0
Red-breasted Merganser,8,2,Aug_W2,0.0285285,666.0
Red-breasted Merganser,8,3,Aug_W3,0.093674,822.0
Red-breasted Merganser,8,4,Aug_W4,0.0569902,1123.0
Red-breasted Merganser,9,1,Sep_W1,0.0792079,909.0
Red-breasted Merganser,9,2,Sep_W2,0.1337513,957.0
Red-breasted Merganser,9,3,Sep_W3,0.2263759,963.0
Red-breasted Merganser,9,4,Sep_W4,0.2661005,1413.0
Red-breasted Merganser,10,1,Oct_W1,0.3288934,976.0
Red-breasted Merganser,10,2,Oct_W2,0.3857143,1330.0
Red-breasted Merganser,10,3,Oct_W3,0.3867661,1073.0
Red-breasted Merganser,10,4,Oct_W4,0.3873553,1123.0
Red-breasted Merganser,11,1,Nov_W1,0.3760933,686.0
Red-breasted Merganser,11,2,Nov_W2,0.3323263,662.0
Red-breasted Merganser,11,3,Nov_W3,0.161215,428.0
Red-breasted Merganser,11,4,Nov_W4,0.0530973,339.0
Red-breasted Merganser,12,1,Dec_W1,0.0328638,213.0
Red-breasted Merganser,12,2,Dec_W2,0.0072727,275.0
Red-breasted Merganser,12,3,Dec_W3,0.0157233,318.0
Red-breasted Merganser,12,4,Dec_W4,0.0139635,931.0
Ruddy Duck,1,1,Jan_W1,0.0,1028.0
Ruddy Duck,1,2,Jan_W2,0.0,995.0
Ruddy Duck,1,3,Jan_W3,0.0,1544.0
Ruddy Duck,1,4,Jan_W4,0.0,1414.0
Ruddy Duck,2,1,Feb_W1,0.0,1431.0
Ruddy Duck,2,2,Feb_W2,0.0,1915.0
Ruddy Duck,2,3,Feb_W3,0.0,1788.0
Ruddy Duck,2,4,Feb_W4,0.0,669.0
Ruddy Duck,3,1,Mar_W1,0.0,543.0
Ruddy Duck,3,2,Mar_W2,0.0,364.0
Ruddy Duck,3,3,Mar_W3,0.0,681.0
Ruddy Duck,3,4,Mar_W4,0.0,1015.0
Ruddy Duck,4,1,Apr_W1,0.0,752.0
Ruddy Duck,4,2,Apr_W2,0.0009242,1082.0
Ruddy Duck,4,3,Apr_W3,0.0033473,1195.0
Ruddy Duck,4,4,Apr_W4,0.0010772,2785.0
Ruddy Duck,5,1,May_W1,0.0,1461.0
Ruddy Duck,5,2,May_W2,0.005,1400.0
Ruddy Duck,5,3,May_W3,0.0014663,2046.0
Ruddy Duck,5,4,May_W4,0.0007608,3943.0
Ruddy Duck,6,1,Jun_W1,0.001292,1548.0
Ruddy Duck,6,2,Jun_W2,0.0009302,1075.0
Ruddy Duck,6,3,Jun_W3,0.0009033,1107.0
Ruddy Duck,6,4,Jun_W4,0.0019029,1051.0
Ruddy Duck,7,1,Jul_W1,0.0,795.0
Ruddy Duck,7,2,Jul_W2,0.005137,584.0
Ruddy Duck,7,3,Jul_W3,0.0018762,533.0
Ruddy Duck,7,4,Jul_W4,0.0,790.0
Ruddy Duck,8,1,Aug_W1,0.0,597.0
Ruddy Duck,8,2,Aug_W2,0.0015015,666.0
Ruddy Duck,8,3,Aug_W3,0.0,822.0
Ruddy Duck,8,4,Aug_W4,0.0015,1123.0
Ruddy Duck,9,1,Sep_W1,0.0,909.0
Ruddy Duck,9,2,Sep_W2,0.0,957.0
Ruddy Duck,9,3,Sep_W3,0.0,963.0
Ruddy Duck,9,4,Sep_W4,0.0,1413.0
Ruddy Duck,10,1,Oct_W1,0.0,976.0
Ruddy Duck,10,2,Oct_W2,0.0,1330.0
Ruddy Duck,10,3,Oct_W3,0.0,1073.0
Ruddy Duck,10,4,Oct_W4,0.0,1123.0
Ruddy Duck,11,1,Nov_W1,0.0043732,686.0
Ruddy Duck,11,2,Nov_W2,0.0,662.0
Ruddy Duck,11,3,Nov_W3,0.0,428.0
Ruddy Duck,11,4,Nov_W4,0.0,339.0
Ruddy Duck,12,1,Dec_W1,0.0,213.0
Ruddy Duck,12,2,Dec_W2,0.0,275.0
Ruddy Duck,12,3,Dec_W3,0.0,318.0
Ruddy Duck,12,4,Dec_W4,0.0,931.0
Helmeted Guineafowl,1,1,Jan_W1,0.0,1028.0
Helmeted Guineafowl,1,2,Jan_W2,0.0,995.0
Helmeted Guineafowl,1,3,Jan_W3,0.0,1544.0
Helmeted Guineafowl,1,4,Jan_W4,0.0,1414.0
Helmeted Guineafowl,2,1,Feb_W1,0.0,1431.0
Helmeted Guineafowl,2,2,Feb_W2,0.0,1915.0
Helmeted Guineafowl,2,3,Feb_W3,0.0,1788.0
Helmeted Guineafowl,2,4,Feb_W4,0.0,669.0
Helmeted Guineafowl,3,1,Mar_W1,0.0,543.0
Helmeted Guineafowl,3,2,Mar_W2,0.0,364.0
Helmeted Guineafowl,3,3,Mar_W3,0.0,681.0
Helmeted Guineafowl,3,4,Mar_W4,0.0,1015.0
Helmeted Guineafowl,4,1,Apr_W1,0.0,752.0
Helmeted Guineafowl,4,2,Apr_W2,0.0,1082.0
Helmeted Guineafowl,4,3,Apr_W3,0.0,1195.0
Helmeted Guineafowl,4,4,Apr_W4,0.0,2785.0
Helmeted Guineafowl,5,1,May_W1,0.0,1461.0
Helmeted Guineafowl,5,2,May_W2,0.0,1400.0
Helmeted Guineafowl,5,3,May_W3,0.0,2046.0
Helmeted Guineafowl,5,4,May_W4,0.0,3943.0
Helmeted Guineafowl,6,1,Jun_W1,0.0,1548.0
Helmeted Guineafowl,6,2,Jun_W2,0.0,1075.0
Helmeted Guineafowl,6,3,Jun_W3,0.0,1107.0
Helmeted Guineafowl,6,4,Jun_W4,0.0,1051.0
Helmeted Guineafowl,7,1,Jul_W1,0.0,795.0
Helmeted Guineafowl,7,2,Jul_W2,0.0,584.0
Helmeted Guineafowl,7,3,Jul_W3,0.0,533.0
Helmeted Guineafowl,7,4,Jul_W4,0.0,790.0
Helmeted Guineafowl,8,1,Aug_W1,0.0015,597.0
Helmeted Guineafowl,8,2,Aug_W2,0.0,666.0
Helmeted Guineafowl,8,3,Aug_W3,0.0,822.0
Helmeted Guineafowl,8,4,Aug_W4,0.0,1123.0
Helmeted Guineafowl,9,1,Sep_W1,0.0,909.0
Helmeted Guineafowl,9,2,Sep_W2,0.0,957.0
Helmeted Guineafowl,9,3,Sep_W3,0.0,963.0
Helmeted Guineafowl,9,4,Sep_W4,0.0015,1413.0
Helmeted Guineafowl,10,1,Oct_W1,0.0,976.0
Helmeted Guineafowl,10,2,Oct_W2,0.0,1330.0
Helmeted Guineafowl,10,3,Oct_W3,0.0,1073.0
Helmeted Guineafowl,10,4,Oct_W4,0.0008905,1123.0
Helmeted Guineafowl,11,1,Nov_W1,0.0,686.0
Helmeted Guineafowl,11,2,Nov_W2,0.0,662.0
Helmeted Guineafowl,11,3,Nov_W3,0.0,428.0
Helmeted Guineafowl,11,4,Nov_W4,0.0,339.0
Helmeted Guineafowl,12,1,Dec_W1,0.0,213.0
Helmeted Guineafowl,12,2,Dec_W2,0.0,275.0
Helmeted Guineafowl,12,3,Dec_W3,0.0,318.0
Helmeted Guineafowl,12,4,Dec_W4,0.0,931.0
Northern Bobwhite,1,1,Jan_W1,0.0,1028.0
Northern Bobwhite,1,2,Jan_W2,0.0,995.0
Northern Bobwhite,1,3,Jan_W3,0.0,1544.0
Northern Bobwhite,1,4,Jan_W4,0.0,1414.0
Northern Bobwhite,2,1,Feb_W1,0.0,1431.0
Northern Bobwhite,2,2,Feb_W2,0.0,1915.0
Northern Bobwhite,2,3,Feb_W3,0.0,1788.0
Northern Bobwhite,2,4,Feb_W4,0.0,669.0
Northern Bobwhite,3,1,Mar_W1,0.0,543.0
Northern Bobwhite,3,2,Mar_W2,0.0,364.0
Northern Bobwhite,3,3,Mar_W3,0.0,681.0
Northern Bobwhite,3,4,Mar_W4,0.0,1015.0
Northern Bobwhite,4,1,Apr_W1,0.0,752.0
Northern Bobwhite,4,2,Apr_W2,0.0,1082.0
Northern Bobwhite,4,3,Apr_W3,0.0,1195.0
Northern Bobwhite,4,4,Apr_W4,0.0,2785.0
Northern Bobwhite,5,1,May_W1,0.0,1461.0
Northern Bobwhite,5,2,May_W2,0.0,1400.0
Northern Bobwhite,5,3,May_W3,0.0,2046.0
Northern Bobwhite,5,4,May_W4,0.0,3943.0
Northern Bobwhite,6,1,Jun_W1,0.0,1548.0
Northern Bobwhite,6,2,Jun_W2,0.0,1075.0
Northern Bobwhite,6,3,Jun_W3,0.0,1107.0
Northern Bobwhite,6,4,Jun_W4,0.0,1051.0
Northern Bobwhite,7,1,Jul_W1,0.0,795.0
Northern Bobwhite,7,2,Jul_W2,0.0,584.0
Northern Bobwhite,7,3,Jul_W3,0.0,533.0
Northern Bobwhite,7,4,Jul_W4,0.0015,790.0
Northern Bobwhite,8,1,Aug_W1,0.0,597.0
Northern Bobwhite,8,2,Aug_W2,0.0,666.0
Northern Bobwhite,8,3,Aug_W3,0.0,822.0
Northern Bobwhite,8,4,Aug_W4,0.0,1123.0
Northern Bobwhite,9,1,Sep_W1,0.0,909.0
Northern Bobwhite,9,2,Sep_W2,0.0,957.0
Northern Bobwhite,9,3,Sep_W3,0.0,963.0
Northern Bobwhite,9,4,Sep_W4,0.0,1413.0
Northern Bobwhite,10,1,Oct_W1,0.0,976.0
Northern Bobwhite,10,2,Oct_W2,0.0,1330.0
Northern Bobwhite,10,3,Oct_W3,0.0,1073.0
Northern Bobwhite,10,4,Oct_W4,0.0,1123.0
Northern Bobwhite,11,1,Nov_W1,0.0,686.0
Northern Bobwhite,11,2,Nov_W2,0.0,662.0
Northern Bobwhite,11,3,Nov_W3,0.0,428.0
Northern Bobwhite,11,4,Nov_W4,0.0,339.0
Northern Bobwhite,12,1,Dec_W1,0.0,213.0
Northern Bobwhite,12,2,Dec_W2,0.0,275.0
Northern Bobwhite,12,3,Dec_W3,0.0,318.0
Northern Bobwhite,12,4,Dec_W4,0.0,931.0
Wild Turkey,1,1,Jan_W1,0.0797665,1028.0
Wild Turkey,1,2,Jan_W2,0.1005025,995.0
Wild Turkey,1,3,Jan_W3,0.1023316,1544.0
Wild Turkey,1,4,Jan_W4,0.0898161,1414.0
Wild Turkey,2,1,Feb_W1,0.0782669,1431.0
Wild Turkey,2,2,Feb_W2,0.091906,1915.0
Wild Turkey,2,3,Feb_W3,0.0788591,1788.0
Wild Turkey,2,4,Feb_W4,0.0926756,669.0
Wild Turkey,3,1,Mar_W1,0.0847145,543.0
Wild Turkey,3,2,Mar_W2,0.0714286,364.0
Wild Turkey,3,3,Mar_W3,0.0396476,681.0
Wild Turkey,3,4,Mar_W4,0.035468,1015.0
Wild Turkey,4,1,Apr_W1,0.0385638,752.0
Wild Turkey,4,2,Apr_W2,0.0452865,1082.0
Wild Turkey,4,3,Apr_W3,0.0334728,1195.0
Wild Turkey,4,4,Apr_W4,0.0193896,2785.0
Wild Turkey,5,1,May_W1,0.0157426,1461.0
Wild Turkey,5,2,May_W2,0.015,1400.0
Wild Turkey,5,3,May_W3,0.0136852,2046.0
Wild Turkey,5,4,May_W4,0.0159777,3943.0
Wild Turkey,6,1,Jun_W1,0.0284238,1548.0
Wild Turkey,6,2,Jun_W2,0.0176744,1075.0
Wild Turkey,6,3,Jun_W3,0.0234869,1107.0
Wild Turkey,6,4,Jun_W4,0.0171265,1051.0
Wild Turkey,7,1,Jul_W1,0.0213836,795.0
Wild Turkey,7,2,Jul_W2,0.015411,584.0
Wild Turkey,7,3,Jul_W3,0.0318949,533.0
Wild Turkey,7,4,Jul_W4,0.0151899,790.0
Wild Turkey,8,1,Aug_W1,0.0184255,597.0
Wild Turkey,8,2,Aug_W2,0.0345345,666.0
Wild Turkey,8,3,Aug_W3,0.0170316,822.0
Wild Turkey,8,4,Aug_W4,0.0178094,1123.0
Wild Turkey,9,1,Sep_W1,0.0154015,909.0
Wild Turkey,9,2,Sep_W2,0.0125392,957.0
Wild Turkey,9,3,Sep_W3,0.007269,963.0
Wild Turkey,9,4,Sep_W4,0.0063694,1413.0
Wild Turkey,10,1,Oct_W1,0.005123,976.0
Wild Turkey,10,2,Oct_W2,0.006015,1330.0
Wild Turkey,10,3,Oct_W3,0.0046598,1073.0
Wild Turkey,10,4,Oct_W4,0.0133571,1123.0
Wild Turkey,11,1,Nov_W1,0.016035,686.0
Wild Turkey,11,2,Nov_W2,0.010574,662.0
Wild Turkey,11,3,Nov_W3,0.0280374,428.0
Wild Turkey,11,4,Nov_W4,0.0412979,339.0
Wild Turkey,12,1,Dec_W1,0.0328638,213.0
Wild Turkey,12,2,Dec_W2,0.0981818,275.0
Wild Turkey,12,3,Dec_W3,0.072327,318.0
Wild Turkey,12,4,Dec_W4,0.0870032,931.0
Ruffed Grouse,1,1,Jan_W1,0.0476654,1028.0
Ruffed Grouse,1,2,Jan_W2,0.0291457,995.0
Ruffed Grouse,1,3,Jan_W3,0.0492228,1544.0
Ruffed Grouse,1,4,Jan_W4,0.0374823,1414.0
Ruffed Grouse,2,1,Feb_W1,0.0454228,1431.0
Ruffed Grouse,2,2,Feb_W2,0.0543081,1915.0
Ruffed Grouse,2,3,Feb_W3,0.0464206,1788.0
Ruffed Grouse,2,4,Feb_W4,0.038864,669.0
Ruffed Grouse,3,1,Mar_W1,0.0423573,543.0
Ruffed Grouse,3,2,Mar_W2,0.0521978,364.0
Ruffed Grouse,3,3,Mar_W3,0.041116,681.0
Ruffed Grouse,3,4,Mar_W4,0.026601,1015.0
Ruffed Grouse,4,1,Apr_W1,0.0226064,752.0
Ruffed Grouse,4,2,Apr_W2,0.0443623,1082.0
Ruffed Grouse,4,3,Apr_W3,0.0485356,1195.0
Ruffed Grouse,4,4,Apr_W4,0.0775583,2785.0
Ruffed Grouse,5,1,May_W1,0.0746064,1461.0
Ruffed Grouse,5,2,May_W2,0.08,1400.0
Ruffed Grouse,5,3,May_W3,0.0659824,2046.0
Ruffed Grouse,5,4,May_W4,0.0552879,3943.0
Ruffed Grouse,6,1,Jun_W1,0.0742894,1548.0
Ruffed Grouse,6,2,Jun_W2,0.0530233,1075.0
Ruffed Grouse,6,3,Jun_W3,0.0252936,1107.0
Ruffed Grouse,6,4,Jun_W4,0.0323501,1051.0
Ruffed Grouse,7,1,Jul_W1,0.0163522,795.0
Ruffed Grouse,7,2,Jul_W2,0.0188356,584.0
Ruffed Grouse,7,3,Jul_W3,0.0187617,533.0
Ruffed Grouse,7,4,Jul_W4,0.0113924,790.0
Ruffed Grouse,8,1,Aug_W1,0.0184255,597.0
Ruffed Grouse,8,2,Aug_W2,0.0165165,666.0
Ruffed Grouse,8,3,Aug_W3,0.0072993,822.0
Ruffed Grouse,8,4,Aug_W4,0.0133571,1123.0
Ruffed Grouse,9,1,Sep_W1,0.0132013,909.0
Ruffed Grouse,9,2,Sep_W2,0.0188088,957.0
Ruffed Grouse,9,3,Sep_W3,0.0321911,963.0
Ruffed Grouse,9,4,Sep_W4,0.0700637,1413.0
Ruffed Grouse,10,1,Oct_W1,0.1157787,976.0
Ruffed Grouse,10,2,Oct_W2,0.1308271,1330.0
Ruffed Grouse,10,3,Oct_W3,0.1127679,1073.0
Ruffed Grouse,10,4,Oct_W4,0.0988424,1123.0
Ruffed Grouse,11,1,Nov_W1,0.0787172,686.0
Ruffed Grouse,11,2,Nov_W2,0.0770393,662.0
Ruffed Grouse,11,3,Nov_W3,0.0794393,428.0
Ruffed Grouse,11,4,Nov_W4,0.0737463,339.0
Ruffed Grouse,12,1,Dec_W1,0.084507,213.0
Ruffed Grouse,12,2,Dec_W2,0.0363636,275.0
Ruffed Grouse,12,3,Dec_W3,0.0408805,318.0
Ruffed Grouse,12,4,Dec_W4,0.075188,931.0
Sharp-tailed Grouse,1,1,Jan_W1,0.0885214,1028.0
Sharp-tailed Grouse,1,2,Jan_W2,0.0763819,995.0
Sharp-tailed Grouse,1,3,Jan_W3,0.0932642,1544.0
Sharp-tailed Grouse,1,4,Jan_W4,0.0912306,1414.0
Sharp-tailed Grouse,2,1,Feb_W1,0.0803634,1431.0
Sharp-tailed Grouse,2,2,Feb_W2,0.1002611,1915.0
Sharp-tailed Grouse,2,3,Feb_W3,0.0855705,1788.0
Sharp-tailed Grouse,2,4,Feb_W4,0.0971599,669.0
Sharp-tailed Grouse,3,1,Mar_W1,0.0828729,543.0
Sharp-tailed Grouse,3,2,Mar_W2,0.0604396,364.0
Sharp-tailed Grouse,3,3,Mar_W3,0.0704846,681.0
Sharp-tailed Grouse,3,4,Mar_W4,0.0581281,1015.0
Sharp-tailed Grouse,4,1,Apr_W1,0.0824468,752.0
Sharp-tailed Grouse,4,2,Apr_W2,0.0656192,1082.0
Sharp-tailed Grouse,4,3,Apr_W3,0.0502092,1195.0
Sharp-tailed Grouse,4,4,Apr_W4,0.0140036,2785.0
Sharp-tailed Grouse,5,1,May_W1,0.0246407,1461.0
Sharp-tailed Grouse,5,2,May_W2,0.0185714,1400.0
Sharp-tailed Grouse,5,3,May_W3,0.0224829,2046.0
Sharp-tailed Grouse,5,4,May_W4,0.0205427,3943.0
Sharp-tailed Grouse,6,1,Jun_W1,0.0542636,1548.0
Sharp-tailed Grouse,6,2,Jun_W2,0.0297674,1075.0
Sharp-tailed Grouse,6,3,Jun_W3,0.0433604,1107.0
Sharp-tailed Grouse,6,4,Jun_W4,0.0190295,1051.0
Sharp-tailed Grouse,7,1,Jul_W1,0.0138365,795.0
Sharp-tailed Grouse,7,2,Jul_W2,0.0205479,584.0
Sharp-tailed Grouse,7,3,Jul_W3,0.0187617,533.0
Sharp-tailed Grouse,7,4,Jul_W4,0.0139241,790.0
Sharp-tailed Grouse,8,1,Aug_W1,0.0167504,597.0
Sharp-tailed Grouse,8,2,Aug_W2,0.021021,666.0
Sharp-tailed Grouse,8,3,Aug_W3,0.013382,822.0
Sharp-tailed Grouse,8,4,Aug_W4,0.0115761,1123.0
Sharp-tailed Grouse,9,1,Sep_W1,0.0088009,909.0
Sharp-tailed Grouse,9,2,Sep_W2,0.0094044,957.0
Sharp-tailed Grouse,9,3,Sep_W3,0.0093458,963.0
Sharp-tailed Grouse,9,4,Sep_W4,0.0056617,1413.0
Sharp-tailed Grouse,10,1,Oct_W1,0.0122951,976.0
Sharp-tailed Grouse,10,2,Oct_W2,0.0195489,1330.0
Sharp-tailed Grouse,10,3,Oct_W3,0.0372787,1073.0
Sharp-tailed Grouse,10,4,Oct_W4,0.064114,1123.0
Sharp-tailed Grouse,11,1,Nov_W1,0.1137026,686.0
Sharp-tailed Grouse,11,2,Nov_W2,0.0649547,662.0
Sharp-tailed Grouse,11,3,Nov_W3,0.0794393,428.0
Sharp-tailed Grouse,11,4,Nov_W4,0.0855457,339.0
Sharp-tailed Grouse,12,1,Dec_W1,0.084507,213.0
Sharp-tailed Grouse,12,2,Dec_W2,0.0763636,275.0
Sharp-tailed Grouse,12,3,Dec_W3,0.0786164,318.0
Sharp-tailed Grouse,12,4,Dec_W4,0.094522,931.0
Greater Prairie-Chicken,1,1,Jan_W1,0.0,1028.0
Greater Prairie-Chicken,1,2,Jan_W2,0.0,995.0
Greater Prairie-Chicken,1,3,Jan_W3,0.0015,1544.0
Greater Prairie-Chicken,1,4,Jan_W4,0.0,1414.0
Greater Prairie-Chicken,2,1,Feb_W1,0.0,1431.0
Greater Prairie-Chicken,2,2,Feb_W2,0.0,1915.0
Greater Prairie-Chicken,2,3,Feb_W3,0.0,1788.0
Greater Prairie-Chicken,2,4,Feb_W4,0.0,669.0
Greater Prairie-Chicken,3,1,Mar_W1,0.0,543.0
Greater Prairie-Chicken,3,2,Mar_W2,0.0,364.0
Greater Prairie-Chicken,3,3,Mar_W3,0.0,681.0
Greater Prairie-Chicken,3,4,Mar_W4,0.0,1015.0
Greater Prairie-Chicken,4,1,Apr_W1,0.0,752.0
Greater Prairie-Chicken,4,2,Apr_W2,0.0,1082.0
Greater Prairie-Chicken,4,3,Apr_W3,0.0,1195.0
Greater Prairie-Chicken,4,4,Apr_W4,0.0,2785.0
Greater Prairie-Chicken,5,1,May_W1,0.0,1461.0
Greater Prairie-Chicken,5,2,May_W2,0.0,1400.0
Greater Prairie-Chicken,5,3,May_W3,0.0,2046.0
Greater Prairie-Chicken,5,4,May_W4,0.0,3943.0
Greater Prairie-Chicken,6,1,Jun_W1,0.0,1548.0
Greater Prairie-Chicken,6,2,Jun_W2,0.0,1075.0
Greater Prairie-Chicken,6,3,Jun_W3,0.0,1107.0
Greater Prairie-Chicken,6,4,Jun_W4,0.0,1051.0
Greater Prairie-Chicken,7,1,Jul_W1,0.0,795.0
Greater Prairie-Chicken,7,2,Jul_W2,0.0,584.0
Greater Prairie-Chicken,7,3,Jul_W3,0.0,533.0
Greater Prairie-Chicken,7,4,Jul_W4,0.0,790.0
Greater Prairie-Chicken,8,1,Aug_W1,0.0,597.0
Greater Prairie-Chicken,8,2,Aug_W2,0.0,666.0
Greater Prairie-Chicken,8,3,Aug_W3,0.0,822.0
Greater Prairie-Chicken,8,4,Aug_W4,0.0,1123.0
Greater Prairie-Chicken,9,1,Sep_W1,0.0,909.0
Greater Prairie-Chicken,9,2,Sep_W2,0.0,957.0
Greater Prairie-Chicken,9,3,Sep_W3,0.0,963.0
Greater Prairie-Chicken,9,4,Sep_W4,0.0,1413.0
Greater Prairie-Chicken,10,1,Oct_W1,0.0,976.0
Greater Prairie-Chicken,10,2,Oct_W2,0.0,1330.0
Greater Prairie-Chicken,10,3,Oct_W3,0.0,1073.0
Greater Prairie-Chicken,10,4,Oct_W4,0.0,1123.0
Greater Prairie-Chicken,11,1,Nov_W1,0.0,686.0
Greater Prairie-Chicken,11,2,Nov_W2,0.0,662.0
Greater Prairie-Chicken,11,3,Nov_W3,0.0,428.0
Greater Prairie-Chicken,11,4,Nov_W4,0.0,339.0
Greater Prairie-Chicken,12,1,Dec_W1,0.0,213.0
Greater Prairie-Chicken,12,2,Dec_W2,0.0,275.0
Greater Prairie-Chicken,12,3,Dec_W3,0.0,318.0
Greater Prairie-Chicken,12,4,Dec_W4,0.0,931.0
Spruce Grouse,1,1,Jan_W1,0.0068093,1028.0
Spruce Grouse,1,2,Jan_W2,0.001005,995.0
Spruce Grouse,1,3,Jan_W3,0.0012953,1544.0
Spruce Grouse,1,4,Jan_W4,0.0035361,1414.0
Spruce Grouse,2,1,Feb_W1,0.0006988,1431.0
Spruce Grouse,2,2,Feb_W2,0.0015,1915.0
Spruce Grouse,2,3,Feb_W3,0.0016779,1788.0
Spruce Grouse,2,4,Feb_W4,0.0044843,669.0
Spruce Grouse,3,1,Mar_W1,0.0015,543.0
Spruce Grouse,3,2,Mar_W2,0.0027473,364.0
Spruce Grouse,3,3,Mar_W3,0.0088106,681.0
Spruce Grouse,3,4,Mar_W4,0.0059113,1015.0
Spruce Grouse,4,1,Apr_W1,0.0079787,752.0
Spruce Grouse,4,2,Apr_W2,0.0101664,1082.0
Spruce Grouse,4,3,Apr_W3,0.009205,1195.0
Spruce Grouse,4,4,Apr_W4,0.0333932,2785.0
Spruce Grouse,5,1,May_W1,0.019165,1461.0
Spruce Grouse,5,2,May_W2,0.0214286,1400.0
Spruce Grouse,5,3,May_W3,0.0195503,2046.0
Spruce Grouse,5,4,May_W4,0.0167385,3943.0
Spruce Grouse,6,1,Jun_W1,0.0277778,1548.0
Spruce Grouse,6,2,Jun_W2,0.0251163,1075.0
Spruce Grouse,6,3,Jun_W3,0.0216802,1107.0
Spruce Grouse,6,4,Jun_W4,0.019981,1051.0
Spruce Grouse,7,1,Jul_W1,0.0188679,795.0
Spruce Grouse,7,2,Jul_W2,0.0171233,584.0
Spruce Grouse,7,3,Jul_W3,0.0093809,533.0
Spruce Grouse,7,4,Jul_W4,0.0113924,790.0
Spruce Grouse,8,1,Aug_W1,0.0184255,597.0
Spruce Grouse,8,2,Aug_W2,0.024024,666.0
Spruce Grouse,8,3,Aug_W3,0.013382,822.0
Spruce Grouse,8,4,Aug_W4,0.0195904,1123.0
Spruce Grouse,9,1,Sep_W1,0.0374037,909.0
Spruce Grouse,9,2,Sep_W2,0.0365726,957.0
Spruce Grouse,9,3,Sep_W3,0.0436137,963.0
Spruce Grouse,9,4,Sep_W4,0.0856334,1413.0
Spruce Grouse,10,1,Oct_W1,0.0461066,976.0
Spruce Grouse,10,2,Oct_W2,0.0661654,1330.0
Spruce Grouse,10,3,Oct_W3,0.0577819,1073.0
Spruce Grouse,10,4,Oct_W4,0.0560997,1123.0
Spruce Grouse,11,1,Nov_W1,0.0364431,686.0
Spruce Grouse,11,2,Nov_W2,0.0256798,662.0
Spruce Grouse,11,3,Nov_W3,0.0186916,428.0
Spruce Grouse,11,4,Nov_W4,0.0147493,339.0
Spruce Grouse,12,1,Dec_W1,0.0140845,213.0
Spruce Grouse,12,2,Dec_W2,0.0109091,275.0
Spruce Grouse,12,3,Dec_W3,0.0157233,318.0
Spruce Grouse,12,4,Dec_W4,0.0021482,931.0
Ring-necked Pheasant,1,1,Jan_W1,0.0019455,1028.0
Ring-necked Pheasant,1,2,Jan_W2,0.0,995.0
Ring-necked Pheasant,1,3,Jan_W3,0.001943,1544.0
Ring-necked Pheasant,1,4,Jan_W4,0.0014144,1414.0
Ring-necked Pheasant,2,1,Feb_W1,0.0006988,1431.0
Ring-necked Pheasant,2,2,Feb_W2,0.0005222,1915.0
Ring-necked Pheasant,2,3,Feb_W3,0.0005593,1788.0
Ring-necked Pheasant,2,4,Feb_W4,0.0,669.0
Ring-necked Pheasant,3,1,Mar_W1,0.0015,543.0
Ring-necked Pheasant,3,2,Mar_W2,0.0,364.0
Ring-necked Pheasant,3,3,Mar_W3,0.0,681.0
Ring-necked Pheasant,3,4,Mar_W4,0.0029557,1015.0
Ring-necked Pheasant,4,1,Apr_W1,0.0013298,752.0
Ring-necked Pheasant,4,2,Apr_W2,0.0009242,1082.0
Ring-necked Pheasant,4,3,Apr_W3,0.0,1195.0
Ring-necked Pheasant,4,4,Apr_W4,0.0003591,2785.0
Ring-necked Pheasant,5,1,May_W1,0.0020534,1461.0
Ring-necked Pheasant,5,2,May_W2,0.0,1400.0
Ring-necked Pheasant,5,3,May_W3,0.0015,2046.0
Ring-necked Pheasant,5,4,May_W4,0.0005072,3943.0
Ring-necked Pheasant,6,1,Jun_W1,0.001938,1548.0
Ring-necked Pheasant,6,2,Jun_W2,0.0009302,1075.0
Ring-necked Pheasant,6,3,Jun_W3,0.0,1107.0
Ring-necked Pheasant,6,4,Jun_W4,0.0,1051.0
Ring-necked Pheasant,7,1,Jul_W1,0.0,795.0
Ring-necked Pheasant,7,2,Jul_W2,0.0017123,584.0
Ring-necked Pheasant,7,3,Jul_W3,0.0018762,533.0
Ring-necked Pheasant,7,4,Jul_W4,0.0,790.0
Ring-necked Pheasant,8,1,Aug_W1,0.0050251,597.0
Ring-necked Pheasant,8,2,Aug_W2,0.0015015,666.0
Ring-necked Pheasant,8,3,Aug_W3,0.0,822.0
Ring-necked Pheasant,8,4,Aug_W4,0.0,1123.0
Ring-necked Pheasant,9,1,Sep_W1,0.0,909.0
Ring-necked Pheasant,9,2,Sep_W2,0.0,957.0
Ring-necked Pheasant,9,3,Sep_W3,0.0,963.0
Ring-necked Pheasant,9,4,Sep_W4,0.0,1413.0
Ring-necked Pheasant,10,1,Oct_W1,0.0,976.0
Ring-necked Pheasant,10,2,Oct_W2,0.0,1330.0
Ring-necked Pheasant,10,3,Oct_W3,0.0,1073.0
Ring-necked Pheasant,10,4,Oct_W4,0.0008905,1123.0
Ring-necked Pheasant,11,1,Nov_W1,0.0,686.0
Ring-necked Pheasant,11,2,Nov_W2,0.0015106,662.0
Ring-necked Pheasant,11,3,Nov_W3,0.0023364,428.0
Ring-necked Pheasant,11,4,Nov_W4,0.0029499,339.0
Ring-necked Pheasant,12,1,Dec_W1,0.0,213.0
Ring-necked Pheasant,12,2,Dec_W2,0.0,275.0
Ring-necked Pheasant,12,3,Dec_W3,0.0031447,318.0
Ring-necked Pheasant,12,4,Dec_W4,0.0021482,931.0
Rock Pigeon,1,1,Jan_W1,0.1245136,1028.0
Rock Pigeon,1,2,Jan_W2,0.1175879,995.0
Rock Pigeon,1,3,Jan_W3,0.1023316,1544.0
Rock Pigeon,1,4,Jan_W4,0.1089109,1414.0
Rock Pigeon,2,1,Feb_W1,0.0999301,1431.0
Rock Pigeon,2,2,Feb_W2,0.1185379,1915.0
Rock Pigeon,2,3,Feb_W3,0.1185682,1788.0
Rock Pigeon,2,4,Feb_W4,0.142003,669.0
Rock Pigeon,3,1,Mar_W1,0.1031308,543.0
Rock Pigeon,3,2,Mar_W2,0.1346154,364.0
Rock Pigeon,3,3,Mar_W3,0.0675477,681.0
Rock Pigeon,3,4,Mar_W4,0.0748768,1015.0
Rock Pigeon,4,1,Apr_W1,0.0704787,752.0
Rock Pigeon,4,2,Apr_W2,0.0720887,1082.0
Rock Pigeon,4,3,Apr_W3,0.0619247,1195.0
Rock Pigeon,4,4,Apr_W4,0.0405745,2785.0
Rock Pigeon,5,1,May_W1,0.0588638,1461.0
Rock Pigeon,5,2,May_W2,0.0507143,1400.0
Rock Pigeon,5,3,May_W3,0.0371457,2046.0
Rock Pigeon,5,4,May_W4,0.0337307,3943.0
Rock Pigeon,6,1,Jun_W1,0.0187339,1548.0
Rock Pigeon,6,2,Jun_W2,0.0269767,1075.0
Rock Pigeon,6,3,Jun_W3,0.0225836,1107.0
Rock Pigeon,6,4,Jun_W4,0.0266413,1051.0
Rock Pigeon,7,1,Jul_W1,0.0389937,795.0
Rock Pigeon,7,2,Jul_W2,0.0256849,584.0
Rock Pigeon,7,3,Jul_W3,0.043152,533.0
Rock Pigeon,7,4,Jul_W4,0.0278481,790.0
Rock Pigeon,8,1,Aug_W1,0.0268007,597.0
Rock Pigeon,8,2,Aug_W2,0.0435435,666.0
Rock Pigeon,8,3,Aug_W3,0.0486618,822.0
Rock Pigeon,8,4,Aug_W4,0.0445236,1123.0
Rock Pigeon,9,1,Sep_W1,0.0660066,909.0
Rock Pigeon,9,2,Sep_W2,0.0658307,957.0
Rock Pigeon,9,3,Sep_W3,0.0519211,963.0
Rock Pigeon,9,4,Sep_W4,0.0608634,1413.0
Rock Pigeon,10,1,Oct_W1,0.0409836,976.0
Rock Pigeon,10,2,Oct_W2,0.0360902,1330.0
Rock Pigeon,10,3,Oct_W3,0.0372787,1073.0
Rock Pigeon,10,4,Oct_W4,0.0382903,1123.0
Rock Pigeon,11,1,Nov_W1,0.0612245,686.0
Rock Pigeon,11,2,Nov_W2,0.081571,662.0
Rock Pigeon,11,3,Nov_W3,0.0700935,428.0
Rock Pigeon,11,4,Nov_W4,0.0678466,339.0
Rock Pigeon,12,1,Dec_W1,0.1173709,213.0
Rock Pigeon,12,2,Dec_W2,0.1490909,275.0
Rock Pigeon,12,3,Dec_W3,0.1477987,318.0
Rock Pigeon,12,4,Dec_W4,0.1084855,931.0
Eurasian Collared-Dove,1,1,Jan_W1,0.0,1028.0
Eurasian Collared-Dove,1,2,Jan_W2,0.0,995.0
Eurasian Collared-Dove,1,3,Jan_W3,0.0,1544.0
Eurasian Collared-Dove,1,4,Jan_W4,0.0,1414.0
Eurasian Collared-Dove,2,1,Feb_W1,0.0,1431.0
Eurasian Collared-Dove,2,2,Feb_W2,0.0,1915.0
Eurasian Collared-Dove,2,3,Feb_W3,0.0,1788.0
Eurasian Collared-Dove,2,4,Feb_W4,0.0,669.0
Eurasian Collared-Dove,3,1,Mar_W1,0.0,543.0
Eurasian Collared-Dove,3,2,Mar_W2,0.0,364.0
Eurasian Collared-Dove,3,3,Mar_W3,0.0,681.0
Eurasian Collared-Dove,3,4,Mar_W4,0.0,1015.0
Eurasian Collared-Dove,4,1,Apr_W1,0.0,752.0
Eurasian Collared-Dove,4,2,Apr_W2,0.0,1082.0
Eurasian Collared-Dove,4,3,Apr_W3,0.0,1195.0
Eurasian Collared-Dove,4,4,Apr_W4,0.0,2785.0
Eurasian Collared-Dove,5,1,May_W1,0.0027379,1461.0
Eurasian Collared-Dove,5,2,May_W2,0.0,1400.0
Eurasian Collared-Dove,5,3,May_W3,0.0,2046.0
Eurasian Collared-Dove,5,4,May_W4,0.0,3943.0
Eurasian Collared-Dove,6,1,Jun_W1,0.0,1548.0
Eurasian Collared-Dove,6,2,Jun_W2,0.0,1075.0
Eurasian Collared-Dove,6,3,Jun_W3,0.0,1107.0
Eurasian Collared-Dove,6,4,Jun_W4,0.0,1051.0
Eurasian Collared-Dove,7,1,Jul_W1,0.0,795.0
Eurasian Collared-Dove,7,2,Jul_W2,0.0,584.0
Eurasian Collared-Dove,7,3,Jul_W3,0.0,533.0
Eurasian Collared-Dove,7,4,Jul_W4,0.0,790.0
Eurasian Collared-Dove,8,1,Aug_W1,0.0,597.0
Eurasian Collared-Dove,8,2,Aug_W2,0.0,666.0
Eurasian Collared-Dove,8,3,Aug_W3,0.0,822.0
Eurasian Collared-Dove,8,4,Aug_W4,0.0,1123.0
Eurasian Collared-Dove,9,1,Sep_W1,0.0,909.0
Eurasian Collared-Dove,9,2,Sep_W2,0.0,957.0
Eurasian Collared-Dove,9,3,Sep_W3,0.0,963.0
Eurasian Collared-Dove,9,4,Sep_W4,0.0,1413.0
Eurasian Collared-Dove,10,1,Oct_W1,0.0,976.0
Eurasian Collared-Dove,10,2,Oct_W2,0.0,1330.0
Eurasian Collared-Dove,10,3,Oct_W3,0.0,1073.0
Eurasian Collared-Dove,10,4,Oct_W4,0.0,1123.0
Eurasian Collared-Dove,11,1,Nov_W1,0.0,686.0
Eurasian Collared-Dove,11,2,Nov_W2,0.0,662.0
Eurasian Collared-Dove,11,3,Nov_W3,0.0,428.0
Eurasian Collared-Dove,11,4,Nov_W4,0.0,339.0
Eurasian Collared-Dove,12,1,Dec_W1,0.0,213.0
Eurasian Collared-Dove,12,2,Dec_W2,0.0,275.0
Eurasian Collared-Dove,12,3,Dec_W3,0.0,318.0
Eurasian Collared-Dove,12,4,Dec_W4,0.0,931.0
Inca Dove,1,1,Jan_W1,0.0,1028.0
Inca Dove,1,2,Jan_W2,0.0,995.0
Inca Dove,1,3,Jan_W3,0.0,1544.0
Inca Dove,1,4,Jan_W4,0.0,1414.0
Inca Dove,2,1,Feb_W1,0.0,1431.0
Inca Dove,2,2,Feb_W2,0.0,1915.0
Inca Dove,2,3,Feb_W3,0.0,1788.0
Inca Dove,2,4,Feb_W4,0.0,669.0
Inca Dove,3,1,Mar_W1,0.0,543.0
Inca Dove,3,2,Mar_W2,0.0,364.0
Inca Dove,3,3,Mar_W3,0.0,681.0
Inca Dove,3,4,Mar_W4,0.0,1015.0
Inca Dove,4,1,Apr_W1,0.0,752.0
Inca Dove,4,2,Apr_W2,0.0,1082.0
Inca Dove,4,3,Apr_W3,0.0,1195.0
Inca Dove,4,4,Apr_W4,0.0,2785.0
Inca Dove,5,1,May_W1,0.0,1461.0
Inca Dove,5,2,May_W2,0.0,1400.0
Inca Dove,5,3,May_W3,0.0,2046.0
Inca Dove,5,4,May_W4,0.0,3943.0
Inca Dove,6,1,Jun_W1,0.0,1548.0
Inca Dove,6,2,Jun_W2,0.0,1075.0
Inca Dove,6,3,Jun_W3,0.0,1107.0
Inca Dove,6,4,Jun_W4,0.0,1051.0
Inca Dove,7,1,Jul_W1,0.0,795.0
Inca Dove,7,2,Jul_W2,0.0,584.0
Inca Dove,7,3,Jul_W3,0.0,533.0
Inca Dove,7,4,Jul_W4,0.0,790.0
Inca Dove,8,1,Aug_W1,0.0,597.0
Inca Dove,8,2,Aug_W2,0.0,666.0
Inca Dove,8,3,Aug_W3,0.0,822.0
Inca Dove,8,4,Aug_W4,0.0,1123.0
Inca Dove,9,1,Sep_W1,0.0,909.0
Inca Dove,9,2,Sep_W2,0.0,957.0
Inca Dove,9,3,Sep_W3,0.0,963.0
Inca Dove,9,4,Sep_W4,0.0,1413.0
Inca Dove,10,1,Oct_W1,0.0010246,976.0
Inca Dove,10,2,Oct_W2,0.0015038,1330.0
Inca Dove,10,3,Oct_W3,0.0,1073.0
Inca Dove,10,4,Oct_W4,0.0,1123.0
Inca Dove,11,1,Nov_W1,0.0,686.0
Inca Dove,11,2,Nov_W2,0.0,662.0
Inca Dove,11,3,Nov_W3,0.0,428.0
Inca Dove,11,4,Nov_W4,0.0,339.0
Inca Dove,12,1,Dec_W1,0.0,213.0
Inca Dove,12,2,Dec_W2,0.0,275.0
Inca Dove,12,3,Dec_W3,0.0,318.0
Inca Dove,12,4,Dec_W4,0.0,931.0
Common Ground Dove,1,1,Jan_W1,0.0,1028.0
Common Ground Dove,1,2,Jan_W2,0.0,995.0
Common Ground Dove,1,3,Jan_W3,0.0,1544.0
Common Ground Dove,1,4,Jan_W4,0.0,1414.0
Common Ground Dove,2,1,Feb_W1,0.0,1431.0
Common Ground Dove,2,2,Feb_W2,0.0,1915.0
Common Ground Dove,2,3,Feb_W3,0.0,1788.0
Common Ground Dove,2,4,Feb_W4,0.0,669.0
Common Ground Dove,3,1,Mar_W1,0.0,543.0
Common Ground Dove,3,2,Mar_W2,0.0,364.0
Common Ground Dove,3,3,Mar_W3,0.0,681.0
Common Ground Dove,3,4,Mar_W4,0.0,1015.0
Common Ground Dove,4,1,Apr_W1,0.0,752.0
Common Ground Dove,4,2,Apr_W2,0.0,1082.0
Common Ground Dove,4,3,Apr_W3,0.0,1195.0
Common Ground Dove,4,4,Apr_W4,0.0,2785.0
Common Ground Dove,5,1,May_W1,0.0,1461.0
Common Ground Dove,5,2,May_W2,0.0,1400.0
Common Ground Dove,5,3,May_W3,0.0,2046.0
Common Ground Dove,5,4,May_W4,0.0,3943.0
Common Ground Dove,6,1,Jun_W1,0.0,1548.0
Common Ground Dove,6,2,Jun_W2,0.0,1075.0
Common Ground Dove,6,3,Jun_W3,0.0,1107.0
Common Ground Dove,6,4,Jun_W4,0.0,1051.0
Common Ground Dove,7,1,Jul_W1,0.0,795.0
Common Ground Dove,7,2,Jul_W2,0.0,584.0
Common Ground Dove,7,3,Jul_W3,0.0,533.0
Common Ground Dove,7,4,Jul_W4,0.0,790.0
Common Ground Dove,8,1,Aug_W1,0.0,597.0
Common Ground Dove,8,2,Aug_W2,0.0,666.0
Common Ground Dove,8,3,Aug_W3,0.0,822.0
Common Ground Dove,8,4,Aug_W4,0.0,1123.0
Common Ground Dove,9,1,Sep_W1,0.0,909.0
Common Ground Dove,9,2,Sep_W2,0.0,957.0
Common Ground Dove,9,3,Sep_W3,0.0,963.0
Common Ground Dove,9,4,Sep_W4,0.0,1413.0
Common Ground Dove,10,1,Oct_W1,0.0015,976.0
Common Ground Dove,10,2,Oct_W2,0.0022556,1330.0
Common Ground Dove,10,3,Oct_W3,0.0074557,1073.0
Common Ground Dove,10,4,Oct_W4,0.0062333,1123.0
Common Ground Dove,11,1,Nov_W1,0.0,686.0
Common Ground Dove,11,2,Nov_W2,0.0,662.0
Common Ground Dove,11,3,Nov_W3,0.0,428.0
Common Ground Dove,11,4,Nov_W4,0.0,339.0
Common Ground Dove,12,1,Dec_W1,0.0,213.0
Common Ground Dove,12,2,Dec_W2,0.0,275.0
Common Ground Dove,12,3,Dec_W3,0.0,318.0
Common Ground Dove,12,4,Dec_W4,0.0,931.0
White-winged Dove,1,1,Jan_W1,0.0,1028.0
White-winged Dove,1,2,Jan_W2,0.0,995.0
White-winged Dove,1,3,Jan_W3,0.0,1544.0
White-winged Dove,1,4,Jan_W4,0.0,1414.0
White-winged Dove,2,1,Feb_W1,0.0,1431.0
White-winged Dove,2,2,Feb_W2,0.0,1915.0
White-winged Dove,2,3,Feb_W3,0.0,1788.0
White-winged Dove,2,4,Feb_W4,0.0,669.0
White-winged Dove,3,1,Mar_W1,0.0,543.0
White-winged Dove,3,2,Mar_W2,0.0,364.0
White-winged Dove,3,3,Mar_W3,0.0,681.0
White-winged Dove,3,4,Mar_W4,0.0,1015.0
White-winged Dove,4,1,Apr_W1,0.0,752.0
White-winged Dove,4,2,Apr_W2,0.0018484,1082.0
White-winged Dove,4,3,Apr_W3,0.0,1195.0
White-winged Dove,4,4,Apr_W4,0.0,2785.0
White-winged Dove,5,1,May_W1,0.0,1461.0
White-winged Dove,5,2,May_W2,0.0,1400.0
White-winged Dove,5,3,May_W3,0.0,2046.0
White-winged Dove,5,4,May_W4,0.0030434,3943.0
White-winged Dove,6,1,Jun_W1,0.0,1548.0
White-winged Dove,6,2,Jun_W2,0.0139535,1075.0
White-winged Dove,6,3,Jun_W3,0.0,1107.0
White-winged Dove,6,4,Jun_W4,0.0,1051.0
White-winged Dove,7,1,Jul_W1,0.0062893,795.0
White-winged Dove,7,2,Jul_W2,0.0034247,584.0
White-winged Dove,7,3,Jul_W3,0.0018762,533.0
White-winged Dove,7,4,Jul_W4,0.0,790.0
White-winged Dove,8,1,Aug_W1,0.0,597.0
White-winged Dove,8,2,Aug_W2,0.0,666.0
White-winged Dove,8,3,Aug_W3,0.0,822.0
White-winged Dove,8,4,Aug_W4,0.0,1123.0
White-winged Dove,9,1,Sep_W1,0.0022002,909.0
White-winged Dove,9,2,Sep_W2,0.0010449,957.0
White-winged Dove,9,3,Sep_W3,0.0103842,963.0
White-winged Dove,9,4,Sep_W4,0.0042463,1413.0
White-winged Dove,10,1,Oct_W1,0.0,976.0
White-winged Dove,10,2,Oct_W2,0.0,1330.0
White-winged Dove,10,3,Oct_W3,0.0,1073.0
White-winged Dove,10,4,Oct_W4,0.0035619,1123.0
White-winged Dove,11,1,Nov_W1,0.0072886,686.0
White-winged Dove,11,2,Nov_W2,0.0015106,662.0
White-winged Dove,11,3,Nov_W3,0.0,428.0
White-winged Dove,11,4,Nov_W4,0.0029499,339.0
White-winged Dove,12,1,Dec_W1,0.0015,213.0
White-winged Dove,12,2,Dec_W2,0.0,275.0
White-winged Dove,12,3,Dec_W3,0.0,318.0
White-winged Dove,12,4,Dec_W4,0.0,931.0
Mourning Dove,1,1,Jan_W1,0.1478599,1028.0
Mourning Dove,1,2,Jan_W2,0.1356784,995.0
Mourning Dove,1,3,Jan_W3,0.1418394,1544.0
Mourning Dove,1,4,Jan_W4,0.135785,1414.0
Mourning Dove,2,1,Feb_W1,0.1174004,1431.0
Mourning Dove,2,2,Feb_W2,0.1488251,1915.0
Mourning Dove,2,3,Feb_W3,0.1420582,1788.0
Mourning Dove,2,4,Feb_W4,0.1449925,669.0
Mourning Dove,3,1,Mar_W1,0.1473297,543.0
Mourning Dove,3,2,Mar_W2,0.1291209,364.0
Mourning Dove,3,3,Mar_W3,0.0631424,681.0
Mourning Dove,3,4,Mar_W4,0.0738916,1015.0
Mourning Dove,4,1,Apr_W1,0.0691489,752.0
Mourning Dove,4,2,Apr_W2,0.0896488,1082.0
Mourning Dove,4,3,Apr_W3,0.1054393,1195.0
Mourning Dove,4,4,Apr_W4,0.0983842,2785.0
Mourning Dove,5,1,May_W1,0.0876112,1461.0
Mourning Dove,5,2,May_W2,0.095,1400.0
Mourning Dove,5,3,May_W3,0.0752688,2046.0
Mourning Dove,5,4,May_W4,0.1014456,3943.0
Mourning Dove,6,1,Jun_W1,0.121447,1548.0
Mourning Dove,6,2,Jun_W2,0.1451163,1075.0
Mourning Dove,6,3,Jun_W3,0.163505,1107.0
Mourning Dove,6,4,Jun_W4,0.132255,1051.0
Mourning Dove,7,1,Jul_W1,0.1433962,795.0
Mourning Dove,7,2,Jul_W2,0.1541096,584.0
Mourning Dove,7,3,Jul_W3,0.15197,533.0
Mourning Dove,7,4,Jul_W4,0.1291139,790.0
Mourning Dove,8,1,Aug_W1,0.1239531,597.0
Mourning Dove,8,2,Aug_W2,0.1336336,666.0
Mourning Dove,8,3,Aug_W3,0.1155718,822.0
Mourning Dove,8,4,Aug_W4,0.0997329,1123.0
Mourning Dove,9,1,Sep_W1,0.0957096,909.0
Mourning Dove,9,2,Sep_W2,0.0877743,957.0
Mourning Dove,9,3,Sep_W3,0.1017653,963.0
Mourning Dove,9,4,Sep_W4,0.0587403,1413.0
Mourning Dove,10,1,Oct_W1,0.0706967,976.0
Mourning Dove,10,2,Oct_W2,0.056391,1330.0
Mourning Dove,10,3,Oct_W3,0.0754893,1073.0
Mourning Dove,10,4,Oct_W4,0.0854853,1123.0
Mourning Dove,11,1,Nov_W1,0.0553936,686.0
Mourning Dove,11,2,Nov_W2,0.0347432,662.0
Mourning Dove,11,3,Nov_W3,0.0630841,428.0
Mourning Dove,11,4,Nov_W4,0.0825959,339.0
Mourning Dove,12,1,Dec_W1,0.2018779,213.0
Mourning Dove,12,2,Dec_W2,0.16,275.0
Mourning Dove,12,3,Dec_W3,0.1226415,318.0
Mourning Dove,12,4,Dec_W4,0.1213749,931.0
Yellow-billed Cuckoo,1,1,Jan_W1,0.0,1028.0
Yellow-billed Cuckoo,1,2,Jan_W2,0.0,995.0
Yellow-billed Cuckoo,1,3,Jan_W3,0.0,1544.0
Yellow-billed Cuckoo,1,4,Jan_W4,0.0,1414.0
Yellow-billed Cuckoo,2,1,Feb_W1,0.0,1431.0
Yellow-billed Cuckoo,2,2,Feb_W2,0.0,1915.0
Yellow-billed Cuckoo,2,3,Feb_W3,0.0,1788.0
Yellow-billed Cuckoo,2,4,Feb_W4,0.0,669.0
Yellow-billed Cuckoo,3,1,Mar_W1,0.0,543.0
Yellow-billed Cuckoo,3,2,Mar_W2,0.0,364.0
Yellow-billed Cuckoo,3,3,Mar_W3,0.0,681.0
Yellow-billed Cuckoo,3,4,Mar_W4,0.0,1015.0
Yellow-billed Cuckoo,4,1,Apr_W1,0.0,752.0
Yellow-billed Cuckoo,4,2,Apr_W2,0.0,1082.0
Yellow-billed Cuckoo,4,3,Apr_W3,0.0,1195.0
Yellow-billed Cuckoo,4,4,Apr_W4,0.0,2785.0
Yellow-billed Cuckoo,5,1,May_W1,0.0,1461.0
Yellow-billed Cuckoo,5,2,May_W2,0.0,1400.0
Yellow-billed Cuckoo,5,3,May_W3,0.0,2046.0
Yellow-billed Cuckoo,5,4,May_W4,0.0015,3943.0
Yellow-billed Cuckoo,6,1,Jun_W1,0.001292,1548.0
Yellow-billed Cuckoo,6,2,Jun_W2,0.0009302,1075.0
Yellow-billed Cuckoo,6,3,Jun_W3,0.0054201,1107.0
Yellow-billed Cuckoo,6,4,Jun_W4,0.0095147,1051.0
Yellow-billed Cuckoo,7,1,Jul_W1,0.0037736,795.0
Yellow-billed Cuckoo,7,2,Jul_W2,0.0,584.0
Yellow-billed Cuckoo,7,3,Jul_W3,0.0015,533.0
Yellow-billed Cuckoo,7,4,Jul_W4,0.0,790.0
Yellow-billed Cuckoo,8,1,Aug_W1,0.0,597.0
Yellow-billed Cuckoo,8,2,Aug_W2,0.0,666.0
Yellow-billed Cuckoo,8,3,Aug_W3,0.0,822.0
Yellow-billed Cuckoo,8,4,Aug_W4,0.0044524,1123.0
Yellow-billed Cuckoo,9,1,Sep_W1,0.009901,909.0
Yellow-billed Cuckoo,9,2,Sep_W2,0.0177638,957.0
Yellow-billed Cuckoo,9,3,Sep_W3,0.0238837,963.0
Yellow-billed Cuckoo,9,4,Sep_W4,0.0191083,1413.0
Yellow-billed Cuckoo,10,1,Oct_W1,0.0061475,976.0
Yellow-billed Cuckoo,10,2,Oct_W2,0.0015038,1330.0
Yellow-billed Cuckoo,10,3,Oct_W3,0.0,1073.0
Yellow-billed Cuckoo,10,4,Oct_W4,0.0008905,1123.0
Yellow-billed Cuckoo,11,1,Nov_W1,0.0,686.0
Yellow-billed Cuckoo,11,2,Nov_W2,0.0,662.0
Yellow-billed Cuckoo,11,3,Nov_W3,0.0,428.0
Yellow-billed Cuckoo,11,4,Nov_W4,0.0,339.0
Yellow-billed Cuckoo,12,1,Dec_W1,0.0,213.0
Yellow-billed Cuckoo,12,2,Dec_W2,0.0,275.0
Yellow-billed Cuckoo,12,3,Dec_W3,0.0,318.0
Yellow-billed Cuckoo,12,4,Dec_W4,0.0,931.0
Black-billed Cuckoo,1,1,Jan_W1,0.0,1028.0
Black-billed Cuckoo,1,2,Jan_W2,0.0,995.0
Black-billed Cuckoo,1,3,Jan_W3,0.0,1544.0
Black-billed Cuckoo,1,4,Jan_W4,0.0,1414.0
Black-billed Cuckoo,2,1,Feb_W1,0.0,1431.0
Black-billed Cuckoo,2,2,Feb_W2,0.0,1915.0
Black-billed Cuckoo,2,3,Feb_W3,0.0,1788.0
Black-billed Cuckoo,2,4,Feb_W4,0.0,669.0
Black-billed Cuckoo,3,1,Mar_W1,0.0,543.0
Black-billed Cuckoo,3,2,Mar_W2,0.0,364.0
Black-billed Cuckoo,3,3,Mar_W3,0.0,681.0
Black-billed Cuckoo,3,4,Mar_W4,0.0,1015.0
Black-billed Cuckoo,4,1,Apr_W1,0.0,752.0
Black-billed Cuckoo,4,2,Apr_W2,0.0,1082.0
Black-billed Cuckoo,4,3,Apr_W3,0.0,1195.0
Black-billed Cuckoo,4,4,Apr_W4,0.0,2785.0
Black-billed Cuckoo,5,1,May_W1,0.0,1461.0
Black-billed Cuckoo,5,2,May_W2,0.0007143,1400.0
Black-billed Cuckoo,5,3,May_W3,0.0034213,2046.0
Black-billed Cuckoo,5,4,May_W4,0.011159,3943.0
Black-billed Cuckoo,6,1,Jun_W1,0.0258398,1548.0
Black-billed Cuckoo,6,2,Jun_W2,0.0288372,1075.0
Black-billed Cuckoo,6,3,Jun_W3,0.0433604,1107.0
Black-billed Cuckoo,6,4,Jun_W4,0.0599429,1051.0
Black-billed Cuckoo,7,1,Jul_W1,0.045283,795.0
Black-billed Cuckoo,7,2,Jul_W2,0.0256849,584.0
Black-billed Cuckoo,7,3,Jul_W3,0.0375235,533.0
Black-billed Cuckoo,7,4,Jul_W4,0.0164557,790.0
Black-billed Cuckoo,8,1,Aug_W1,0.0318258,597.0
Black-billed Cuckoo,8,2,Aug_W2,0.0105105,666.0
Black-billed Cuckoo,8,3,Aug_W3,0.0036496,822.0
Black-billed Cuckoo,8,4,Aug_W4,0.0035619,1123.0
Black-billed Cuckoo,9,1,Sep_W1,0.0044004,909.0
Black-billed Cuckoo,9,2,Sep_W2,0.0031348,957.0
Black-billed Cuckoo,9,3,Sep_W3,0.0020768,963.0
Black-billed Cuckoo,9,4,Sep_W4,0.0015,1413.0
Black-billed Cuckoo,10,1,Oct_W1,0.0040984,976.0
Black-billed Cuckoo,10,2,Oct_W2,0.0022556,1330.0
Black-billed Cuckoo,10,3,Oct_W3,0.0,1073.0
Black-billed Cuckoo,10,4,Oct_W4,0.0,1123.0
Black-billed Cuckoo,11,1,Nov_W1,0.0,686.0
Black-billed Cuckoo,11,2,Nov_W2,0.0,662.0
Black-billed Cuckoo,11,3,Nov_W3,0.0,428.0
Black-billed Cuckoo,11,4,Nov_W4,0.0,339.0
Black-billed Cuckoo,12,1,Dec_W1,0.0,213.0
Black-billed Cuckoo,12,2,Dec_W2,0.0,275.0
Black-billed Cuckoo,12,3,Dec_W3,0.0,318.0
Black-billed Cuckoo,12,4,Dec_W4,0.0,931.0
Common Nighthawk,1,1,Jan_W1,0.0,1028.0
Common Nighthawk,1,2,Jan_W2,0.0,995.0
Common Nighthawk,1,3,Jan_W3,0.0,1544.0
Common Nighthawk,1,4,Jan_W4,0.0,1414.0
Common Nighthawk,2,1,Feb_W1,0.0,1431.0
Common Nighthawk,2,2,Feb_W2,0.0,1915.0
Common Nighthawk,2,3,Feb_W3,0.0,1788.0
Common Nighthawk,2,4,Feb_W4,0.0,669.0
Common Nighthawk,3,1,Mar_W1,0.0,543.0
Common Nighthawk,3,2,Mar_W2,0.0,364.0
Common Nighthawk,3,3,Mar_W3,0.0,681.0
Common Nighthawk,3,4,Mar_W4,0.0,1015.0
Common Nighthawk,4,1,Apr_W1,0.0,752.0
Common Nighthawk,4,2,Apr_W2,0.0,1082.0
Common Nighthawk,4,3,Apr_W3,0.0,1195.0
Common Nighthawk,4,4,Apr_W4,0.0,2785.0
Common Nighthawk,5,1,May_W1,0.0,1461.0
Common Nighthawk,5,2,May_W2,0.0021429,1400.0
Common Nighthawk,5,3,May_W3,0.012219,2046.0
Common Nighthawk,5,4,May_W4,0.043368,3943.0
Common Nighthawk,6,1,Jun_W1,0.0400517,1548.0
Common Nighthawk,6,2,Jun_W2,0.0176744,1075.0
Common Nighthawk,6,3,Jun_W3,0.0108401,1107.0
Common Nighthawk,6,4,Jun_W4,0.0161751,1051.0
Common Nighthawk,7,1,Jul_W1,0.0226415,795.0
Common Nighthawk,7,2,Jul_W2,0.0239726,584.0
Common Nighthawk,7,3,Jul_W3,0.011257,533.0
Common Nighthawk,7,4,Jul_W4,0.0316456,790.0
Common Nighthawk,8,1,Aug_W1,0.040201,597.0
Common Nighthawk,8,2,Aug_W2,0.0375375,666.0
Common Nighthawk,8,3,Aug_W3,0.0389294,822.0
Common Nighthawk,8,4,Aug_W4,0.0276046,1123.0
Common Nighthawk,9,1,Sep_W1,0.0066007,909.0
Common Nighthawk,9,2,Sep_W2,0.0052247,957.0
Common Nighthawk,9,3,Sep_W3,0.0010384,963.0
Common Nighthawk,9,4,Sep_W4,0.0,1413.0
Common Nighthawk,10,1,Oct_W1,0.0,976.0
Common Nighthawk,10,2,Oct_W2,0.0,1330.0
Common Nighthawk,10,3,Oct_W3,0.0,1073.0
Common Nighthawk,10,4,Oct_W4,0.0,1123.0
Common Nighthawk,11,1,Nov_W1,0.0,686.0
Common Nighthawk,11,2,Nov_W2,0.0,662.0
Common Nighthawk,11,3,Nov_W3,0.0,428.0
Common Nighthawk,11,4,Nov_W4,0.0,339.0
Common Nighthawk,12,1,Dec_W1,0.0,213.0
Common Nighthawk,12,2,Dec_W2,0.0,275.0
Common Nighthawk,12,3,Dec_W3,0.0,318.0
Common Nighthawk,12,4,Dec_W4,0.0,931.0
Chuck-will's-widow,1,1,Jan_W1,0.0,1028.0
Chuck-will's-widow,1,2,Jan_W2,0.0,995.0
Chuck-will's-widow,1,3,Jan_W3,0.0,1544.0
Chuck-will's-widow,1,4,Jan_W4,0.0,1414.0
Chuck-will's-widow,2,1,Feb_W1,0.0,1431.0
Chuck-will's-widow,2,2,Feb_W2,0.0,1915.0
Chuck-will's-widow,2,3,Feb_W3,0.0,1788.0
Chuck-will's-widow,2,4,Feb_W4,0.0,669.0
Chuck-will's-widow,3,1,Mar_W1,0.0,543.0
Chuck-will's-widow,3,2,Mar_W2,0.0,364.0
Chuck-will's-widow,3,3,Mar_W3,0.0,681.0
Chuck-will's-widow,3,4,Mar_W4,0.0,1015.0
Chuck-will's-widow,4,1,Apr_W1,0.0,752.0
Chuck-will's-widow,4,2,Apr_W2,0.0,1082.0
Chuck-will's-widow,4,3,Apr_W3,0.0,1195.0
Chuck-will's-widow,4,4,Apr_W4,0.0,2785.0
Chuck-will's-widow,5,1,May_W1,0.0,1461.0
Chuck-will's-widow,5,2,May_W2,0.0,1400.0
Chuck-will's-widow,5,3,May_W3,0.0015,2046.0
Chuck-will's-widow,5,4,May_W4,0.0,3943.0
Chuck-will's-widow,6,1,Jun_W1,0.0,1548.0
Chuck-will's-widow,6,2,Jun_W2,0.0,1075.0
Chuck-will's-widow,6,3,Jun_W3,0.0,1107.0
Chuck-will's-widow,6,4,Jun_W4,0.0,1051.0
Chuck-will's-widow,7,1,Jul_W1,0.0,795.0
Chuck-will's-widow,7,2,Jul_W2,0.0,584.0
Chuck-will's-widow,7,3,Jul_W3,0.0,533.0
Chuck-will's-widow,7,4,Jul_W4,0.0,790.0
Chuck-will's-widow,8,1,Aug_W1,0.0,597.0
Chuck-will's-widow,8,2,Aug_W2,0.0,666.0
Chuck-will's-widow,8,3,Aug_W3,0.0,822.0
Chuck-will's-widow,8,4,Aug_W4,0.0,1123.0
Chuck-will's-widow,9,1,Sep_W1,0.0,909.0
Chuck-will's-widow,9,2,Sep_W2,0.0,957.0
Chuck-will's-widow,9,3,Sep_W3,0.0,963.0
Chuck-will's-widow,9,4,Sep_W4,0.0,1413.0
Chuck-will's-widow,10,1,Oct_W1,0.0,976.0
Chuck-will's-widow,10,2,Oct_W2,0.0,1330.0
Chuck-will's-widow,10,3,Oct_W3,0.0,1073.0
Chuck-will's-widow,10,4,Oct_W4,0.0,1123.0
Chuck-will's-widow,11,1,Nov_W1,0.0,686.0
Chuck-will's-widow,11,2,Nov_W2,0.0,662.0
Chuck-will's-widow,11,3,Nov_W3,0.0,428.0
Chuck-will's-widow,11,4,Nov_W4,0.0,339.0
Chuck-will's-widow,12,1,Dec_W1,0.0,213.0
Chuck-will's-widow,12,2,Dec_W2,0.0,275.0
Chuck-will's-widow,12,3,Dec_W3,0.0,318.0
Chuck-will's-widow,12,4,Dec_W4,0.0,931.0
Eastern Whip-poor-will,1,1,Jan_W1,0.0,1028.0
Eastern Whip-poor-will,1,2,Jan_W2,0.0,995.0
Eastern Whip-poor-will,1,3,Jan_W3,0.0,1544.0
Eastern Whip-poor-will,1,4,Jan_W4,0.0,1414.0
Eastern Whip-poor-will,2,1,Feb_W1,0.0,1431.0
Eastern Whip-poor-will,2,2,Feb_W2,0.0,1915.0
Eastern Whip-poor-will,2,3,Feb_W3,0.0,1788.0
Eastern Whip-poor-will,2,4,Feb_W4,0.0,669.0
Eastern Whip-poor-will,3,1,Mar_W1,0.0,543.0
Eastern Whip-poor-will,3,2,Mar_W2,0.0,364.0
Eastern Whip-poor-will,3,3,Mar_W3,0.0,681.0
Eastern Whip-poor-will,3,4,Mar_W4,0.0,1015.0
Eastern Whip-poor-will,4,1,Apr_W1,0.0,752.0
Eastern Whip-poor-will,4,2,Apr_W2,0.0,1082.0
Eastern Whip-poor-will,4,3,Apr_W3,0.0,1195.0
Eastern Whip-poor-will,4,4,Apr_W4,0.0010772,2785.0
Eastern Whip-poor-will,5,1,May_W1,0.0075291,1461.0
Eastern Whip-poor-will,5,2,May_W2,0.0128571,1400.0
Eastern Whip-poor-will,5,3,May_W3,0.0195503,2046.0
Eastern Whip-poor-will,5,4,May_W4,0.0142024,3943.0
Eastern Whip-poor-will,6,1,Jun_W1,0.0142119,1548.0
Eastern Whip-poor-will,6,2,Jun_W2,0.0111628,1075.0
Eastern Whip-poor-will,6,3,Jun_W3,0.0072267,1107.0
Eastern Whip-poor-will,6,4,Jun_W4,0.0104662,1051.0
Eastern Whip-poor-will,7,1,Jul_W1,0.0113208,795.0
Eastern Whip-poor-will,7,2,Jul_W2,0.0068493,584.0
Eastern Whip-poor-will,7,3,Jul_W3,0.0037523,533.0
Eastern Whip-poor-will,7,4,Jul_W4,0.0012658,790.0
Eastern Whip-poor-will,8,1,Aug_W1,0.0033501,597.0
Eastern Whip-poor-will,8,2,Aug_W2,0.003003,666.0
Eastern Whip-poor-will,8,3,Aug_W3,0.0,822.0
Eastern Whip-poor-will,8,4,Aug_W4,0.0017809,1123.0
Eastern Whip-poor-will,9,1,Sep_W1,0.0055006,909.0
Eastern Whip-poor-will,9,2,Sep_W2,0.0010449,957.0
Eastern Whip-poor-will,9,3,Sep_W3,0.0,963.0
Eastern Whip-poor-will,9,4,Sep_W4,0.0,1413.0
Eastern Whip-poor-will,10,1,Oct_W1,0.0,976.0
Eastern Whip-poor-will,10,2,Oct_W2,0.0,1330.0
Eastern Whip-poor-will,10,3,Oct_W3,0.0,1073.0
Eastern Whip-poor-will,10,4,Oct_W4,0.0,1123.0
Eastern Whip-poor-will,11,1,Nov_W1,0.0,686.0
Eastern Whip-poor-will,11,2,Nov_W2,0.0,662.0
Eastern Whip-poor-will,11,3,Nov_W3,0.0,428.0
Eastern Whip-poor-will,11,4,Nov_W4,0.0,339.0
Eastern Whip-poor-will,12,1,Dec_W1,0.0,213.0
Eastern Whip-poor-will,12,2,Dec_W2,0.0,275.0
Eastern Whip-poor-will,12,3,Dec_W3,0.0,318.0
Eastern Whip-poor-will,12,4,Dec_W4,0.0,931.0
Chimney Swift,1,1,Jan_W1,0.0,1028.0
Chimney Swift,1,2,Jan_W2,0.0,995.0
Chimney Swift,1,3,Jan_W3,0.0,1544.0
Chimney Swift,1,4,Jan_W4,0.0,1414.0
Chimney Swift,2,1,Feb_W1,0.0,1431.0
Chimney Swift,2,2,Feb_W2,0.0,1915.0
Chimney Swift,2,3,Feb_W3,0.0,1788.0
Chimney Swift,2,4,Feb_W4,0.0,669.0
Chimney Swift,3,1,Mar_W1,0.0,543.0
Chimney Swift,3,2,Mar_W2,0.0,364.0
Chimney Swift,3,3,Mar_W3,0.0,681.0
Chimney Swift,3,4,Mar_W4,0.0,1015.0
Chimney Swift,4,1,Apr_W1,0.0,752.0
Chimney Swift,4,2,Apr_W2,0.0,1082.0
Chimney Swift,4,3,Apr_W3,0.0008368,1195.0
Chimney Swift,4,4,Apr_W4,0.0014363,2785.0
Chimney Swift,5,1,May_W1,0.0027379,1461.0
Chimney Swift,5,2,May_W2,0.0478571,1400.0
Chimney Swift,5,3,May_W3,0.0518084,2046.0
Chimney Swift,5,4,May_W4,0.0743089,3943.0
Chimney Swift,6,1,Jun_W1,0.0342377,1548.0
Chimney Swift,6,2,Jun_W2,0.027907,1075.0
Chimney Swift,6,3,Jun_W3,0.0207769,1107.0
Chimney Swift,6,4,Jun_W4,0.018078,1051.0
Chimney Swift,7,1,Jul_W1,0.0100629,795.0
Chimney Swift,7,2,Jul_W2,0.010274,584.0
Chimney Swift,7,3,Jul_W3,0.0093809,533.0
Chimney Swift,7,4,Jul_W4,0.0088608,790.0
Chimney Swift,8,1,Aug_W1,0.0067002,597.0
Chimney Swift,8,2,Aug_W2,0.0135135,666.0
Chimney Swift,8,3,Aug_W3,0.0279805,822.0
Chimney Swift,8,4,Aug_W4,0.0373998,1123.0
Chimney Swift,9,1,Sep_W1,0.0330033,909.0
Chimney Swift,9,2,Sep_W2,0.0219436,957.0
Chimney Swift,9,3,Sep_W3,0.0134995,963.0
Chimney Swift,9,4,Sep_W4,0.0021231,1413.0
Chimney Swift,10,1,Oct_W1,0.0040984,976.0
Chimney Swift,10,2,Oct_W2,0.0,1330.0
Chimney Swift,10,3,Oct_W3,0.0,1073.0
Chimney Swift,10,4,Oct_W4,0.0008905,1123.0
Chimney Swift,11,1,Nov_W1,0.0,686.0
Chimney Swift,11,2,Nov_W2,0.0,662.0
Chimney Swift,11,3,Nov_W3,0.0,428.0
Chimney Swift,11,4,Nov_W4,0.0,339.0
Chimney Swift,12,1,Dec_W1,0.0,213.0
Chimney Swift,12,2,Dec_W2,0.0,275.0
Chimney Swift,12,3,Dec_W3,0.0,318.0
Chimney Swift,12,4,Dec_W4,0.0,931.0
Ruby-throated Hummingbird,1,1,Jan_W1,0.0,1028.0
Ruby-throated Hummingbird,1,2,Jan_W2,0.0,995.0
Ruby-throated Hummingbird,1,3,Jan_W3,0.0,1544.0
Ruby-throated Hummingbird,1,4,Jan_W4,0.0,1414.0
Ruby-throated Hummingbird,2,1,Feb_W1,0.0,1431.0
Ruby-throated Hummingbird,2,2,Feb_W2,0.0,1915.0
Ruby-throated Hummingbird,2,3,Feb_W3,0.0,1788.0
Ruby-throated Hummingbird,2,4,Feb_W4,0.0,669.0
Ruby-throated Hummingbird,3,1,Mar_W1,0.0,543.0
Ruby-throated Hummingbird,3,2,Mar_W2,0.0,364.0
Ruby-throated Hummingbird,3,3,Mar_W3,0.0,681.0
Ruby-throated Hummingbird,3,4,Mar_W4,0.0,1015.0
Ruby-throated Hummingbird,4,1,Apr_W1,0.0,752.0
Ruby-throated Hummingbird,4,2,Apr_W2,0.0,1082.0
Ruby-throated Hummingbird,4,3,Apr_W3,0.0,1195.0
Ruby-throated Hummingbird,4,4,Apr_W4,0.0,2785.0
Ruby-throated Hummingbird,5,1,May_W1,0.0020534,1461.0
Ruby-throated Hummingbird,5,2,May_W2,0.0385714,1400.0
Ruby-throated Hummingbird,5,3,May_W3,0.0860215,2046.0
Ruby-throated Hummingbird,5,4,May_W4,0.1468425,3943.0
Ruby-throated Hummingbird,6,1,Jun_W1,0.1162791,1548.0
Ruby-throated Hummingbird,6,2,Jun_W2,0.0632558,1075.0
Ruby-throated Hummingbird,6,3,Jun_W3,0.0478771,1107.0
Ruby-throated Hummingbird,6,4,Jun_W4,0.0437678,1051.0
Ruby-throated Hummingbird,7,1,Jul_W1,0.0603774,795.0
Ruby-throated Hummingbird,7,2,Jul_W2,0.0428082,584.0
Ruby-throated Hummingbird,7,3,Jul_W3,0.0637899,533.0
Ruby-throated Hummingbird,7,4,Jul_W4,0.0810127,790.0
Ruby-throated Hummingbird,8,1,Aug_W1,0.1172529,597.0
Ruby-throated Hummingbird,8,2,Aug_W2,0.1516517,666.0
Ruby-throated Hummingbird,8,3,Aug_W3,0.1690998,822.0
Ruby-throated Hummingbird,8,4,Aug_W4,0.1887801,1123.0
Ruby-throated Hummingbird,9,1,Sep_W1,0.1408141,909.0
Ruby-throated Hummingbird,9,2,Sep_W2,0.0637409,957.0
Ruby-throated Hummingbird,9,3,Sep_W3,0.0218069,963.0
Ruby-throated Hummingbird,9,4,Sep_W4,0.004954,1413.0
Ruby-throated Hummingbird,10,1,Oct_W1,0.0010246,976.0
Ruby-throated Hummingbird,10,2,Oct_W2,0.0,1330.0
Ruby-throated Hummingbird,10,3,Oct_W3,0.0,1073.0
Ruby-throated Hummingbird,10,4,Oct_W4,0.0,1123.0
Ruby-throated Hummingbird,11,1,Nov_W1,0.0,686.0
Ruby-throated Hummingbird,11,2,Nov_W2,0.0,662.0
Ruby-throated Hummingbird,11,3,Nov_W3,0.0,428.0
Ruby-throated Hummingbird,11,4,Nov_W4,0.0,339.0
Ruby-throated Hummingbird,12,1,Dec_W1,0.0,213.0
Ruby-throated Hummingbird,12,2,Dec_W2,0.0,275.0
Ruby-throated Hummingbird,12,3,Dec_W3,0.0,318.0
Ruby-throated Hummingbird,12,4,Dec_W4,0.0,931.0
Virginia Rail,1,1,Jan_W1,0.0,1028.0
Virginia Rail,1,2,Jan_W2,0.0,995.0
Virginia Rail,1,3,Jan_W3,0.0,1544.0
Virginia Rail,1,4,Jan_W4,0.0,1414.0
Virginia Rail,2,1,Feb_W1,0.0,1431.0
Virginia Rail,2,2,Feb_W2,0.0,1915.0
Virginia Rail,2,3,Feb_W3,0.0,1788.0
Virginia Rail,2,4,Feb_W4,0.0,669.0
Virginia Rail,3,1,Mar_W1,0.0,543.0
Virginia Rail,3,2,Mar_W2,0.0,364.0
Virginia Rail,3,3,Mar_W3,0.0,681.0
Virginia Rail,3,4,Mar_W4,0.0,1015.0
Virginia Rail,4,1,Apr_W1,0.0,752.0
Virginia Rail,4,2,Apr_W2,0.0,1082.0
Virginia Rail,4,3,Apr_W3,0.0025105,1195.0
Virginia Rail,4,4,Apr_W4,0.0003591,2785.0
Virginia Rail,5,1,May_W1,0.0020534,1461.0
Virginia Rail,5,2,May_W2,0.0064286,1400.0
Virginia Rail,5,3,May_W3,0.0117302,2046.0
Virginia Rail,5,4,May_W4,0.0142024,3943.0
Virginia Rail,6,1,Jun_W1,0.0290698,1548.0
Virginia Rail,6,2,Jun_W2,0.0251163,1075.0
Virginia Rail,6,3,Jun_W3,0.0216802,1107.0
Virginia Rail,6,4,Jun_W4,0.0209324,1051.0
Virginia Rail,7,1,Jul_W1,0.0125786,795.0
Virginia Rail,7,2,Jul_W2,0.010274,584.0
Virginia Rail,7,3,Jul_W3,0.0056285,533.0
Virginia Rail,7,4,Jul_W4,0.0025316,790.0
Virginia Rail,8,1,Aug_W1,0.0033501,597.0
Virginia Rail,8,2,Aug_W2,0.003003,666.0
Virginia Rail,8,3,Aug_W3,0.0015,822.0
Virginia Rail,8,4,Aug_W4,0.0008905,1123.0
Virginia Rail,9,1,Sep_W1,0.0,909.0
Virginia Rail,9,2,Sep_W2,0.0,957.0
Virginia Rail,9,3,Sep_W3,0.0010384,963.0
Virginia Rail,9,4,Sep_W4,0.0015,1413.0
Virginia Rail,10,1,Oct_W1,0.0015,976.0
Virginia Rail,10,2,Oct_W2,0.0,1330.0
Virginia Rail,10,3,Oct_W3,0.0,1073.0
Virginia Rail,10,4,Oct_W4,0.0,1123.0
Virginia Rail,11,1,Nov_W1,0.0,686.0
Virginia Rail,11,2,Nov_W2,0.0,662.0
Virginia Rail,11,3,Nov_W3,0.0,428.0
Virginia Rail,11,4,Nov_W4,0.0,339.0
Virginia Rail,12,1,Dec_W1,0.0,213.0
Virginia Rail,12,2,Dec_W2,0.0,275.0
Virginia Rail,12,3,Dec_W3,0.0,318.0
Virginia Rail,12,4,Dec_W4,0.0,931.0
Sora,1,1,Jan_W1,0.0,1028.0
Sora,1,2,Jan_W2,0.0,995.0
Sora,1,3,Jan_W3,0.0,1544.0
Sora,1,4,Jan_W4,0.0,1414.0
Sora,2,1,Feb_W1,0.0,1431.0
Sora,2,2,Feb_W2,0.0,1915.0
Sora,2,3,Feb_W3,0.0,1788.0
Sora,2,4,Feb_W4,0.0,669.0
Sora,3,1,Mar_W1,0.0,543.0
Sora,3,2,Mar_W2,0.0,364.0
Sora,3,3,Mar_W3,0.0,681.0
Sora,3,4,Mar_W4,0.0,1015.0
Sora,4,1,Apr_W1,0.0,752.0
Sora,4,2,Apr_W2,0.0,1082.0
Sora,4,3,Apr_W3,0.0008368,1195.0
Sora,4,4,Apr_W4,0.0003591,2785.0
Sora,5,1,May_W1,0.0041068,1461.0
Sora,5,2,May_W2,0.0121429,1400.0
Sora,5,3,May_W3,0.0195503,2046.0
Sora,5,4,May_W4,0.0192747,3943.0
Sora,6,1,Jun_W1,0.0264858,1548.0
Sora,6,2,Jun_W2,0.024186,1075.0
Sora,6,3,Jun_W3,0.0243902,1107.0
Sora,6,4,Jun_W4,0.0123692,1051.0
Sora,7,1,Jul_W1,0.0213836,795.0
Sora,7,2,Jul_W2,0.005137,584.0
Sora,7,3,Jul_W3,0.0037523,533.0
Sora,7,4,Jul_W4,0.0015,790.0
Sora,8,1,Aug_W1,0.0,597.0
Sora,8,2,Aug_W2,0.0045045,666.0
Sora,8,3,Aug_W3,0.0024331,822.0
Sora,8,4,Aug_W4,0.0062333,1123.0
Sora,9,1,Sep_W1,0.0077008,909.0
Sora,9,2,Sep_W2,0.0083595,957.0
Sora,9,3,Sep_W3,0.007269,963.0
Sora,9,4,Sep_W4,0.0014154,1413.0
Sora,10,1,Oct_W1,0.0,976.0
Sora,10,2,Oct_W2,0.0007519,1330.0
Sora,10,3,Oct_W3,0.0,1073.0
Sora,10,4,Oct_W4,0.0,1123.0
Sora,11,1,Nov_W1,0.0,686.0
Sora,11,2,Nov_W2,0.0,662.0
Sora,11,3,Nov_W3,0.0,428.0
Sora,11,4,Nov_W4,0.0,339.0
Sora,12,1,Dec_W1,0.0,213.0
Sora,12,2,Dec_W2,0.0,275.0
Sora,12,3,Dec_W3,0.0,318.0
Sora,12,4,Dec_W4,0.0,931.0
Common Gallinule,1,1,Jan_W1,0.0,1028.0
Common Gallinule,1,2,Jan_W2,0.0,995.0
Common Gallinule,1,3,Jan_W3,0.0,1544.0
Common Gallinule,1,4,Jan_W4,0.0,1414.0
Common Gallinule,2,1,Feb_W1,0.0,1431.0
Common Gallinule,2,2,Feb_W2,0.0,1915.0
Common Gallinule,2,3,Feb_W3,0.0,1788.0
Common Gallinule,2,4,Feb_W4,0.0,669.0
Common Gallinule,3,1,Mar_W1,0.0,543.0
Common Gallinule,3,2,Mar_W2,0.0,364.0
Common Gallinule,3,3,Mar_W3,0.0,681.0
Common Gallinule,3,4,Mar_W4,0.0,1015.0
Common Gallinule,4,1,Apr_W1,0.0,752.0
Common Gallinule,4,2,Apr_W2,0.0,1082.0
Common Gallinule,4,3,Apr_W3,0.0,1195.0
Common Gallinule,4,4,Apr_W4,0.0,2785.0
Common Gallinule,5,1,May_W1,0.0,1461.0
Common Gallinule,5,2,May_W2,0.0021429,1400.0
Common Gallinule,5,3,May_W3,0.0009775,2046.0
Common Gallinule,5,4,May_W4,0.0025361,3943.0
Common Gallinule,6,1,Jun_W1,0.001938,1548.0
Common Gallinule,6,2,Jun_W2,0.0037209,1075.0
Common Gallinule,6,3,Jun_W3,0.0063234,1107.0
Common Gallinule,6,4,Jun_W4,0.0028544,1051.0
Common Gallinule,7,1,Jul_W1,0.0012579,795.0
Common Gallinule,7,2,Jul_W2,0.0017123,584.0
Common Gallinule,7,3,Jul_W3,0.0015,533.0
Common Gallinule,7,4,Jul_W4,0.0012658,790.0
Common Gallinule,8,1,Aug_W1,0.0,597.0
Common Gallinule,8,2,Aug_W2,0.0,666.0
Common Gallinule,8,3,Aug_W3,0.0024331,822.0
Common Gallinule,8,4,Aug_W4,0.0026714,1123.0
Common Gallinule,9,1,Sep_W1,0.0,909.0
Common Gallinule,9,2,Sep_W2,0.0,957.0
Common Gallinule,9,3,Sep_W3,0.0,963.0
Common Gallinule,9,4,Sep_W4,0.0,1413.0
Common Gallinule,10,1,Oct_W1,0.0,976.0
Common Gallinule,10,2,Oct_W2,0.0,1330.0
Common Gallinule,10,3,Oct_W3,0.0,1073.0
Common Gallinule,10,4,Oct_W4,0.0,1123.0
Common Gallinule,11,1,Nov_W1,0.0,686.0
Common Gallinule,11,2,Nov_W2,0.0,662.0
Common Gallinule,11,3,Nov_W3,0.0,428.0
Common Gallinule,11,4,Nov_W4,0.0,339.0
Common Gallinule,12,1,Dec_W1,0.0,213.0
Common Gallinule,12,2,Dec_W2,0.0,275.0
Common Gallinule,12,3,Dec_W3,0.0,318.0
Common Gallinule,12,4,Dec_W4,0.0,931.0
American Coot,1,1,Jan_W1,0.0,1028.0
American Coot,1,2,Jan_W2,0.0,995.0
American Coot,1,3,Jan_W3,0.0,1544.0
American Coot,1,4,Jan_W4,0.0,1414.0
American Coot,2,1,Feb_W1,0.0,1431.0
American Coot,2,2,Feb_W2,0.0,1915.0
American Coot,2,3,Feb_W3,0.0,1788.0
American Coot,2,4,Feb_W4,0.0,669.0
American Coot,3,1,Mar_W1,0.0,543.0
American Coot,3,2,Mar_W2,0.0,364.0
American Coot,3,3,Mar_W3,0.0,681.0
American Coot,3,4,Mar_W4,0.0,1015.0
American Coot,4,1,Apr_W1,0.0,752.0
American Coot,4,2,Apr_W2,0.0,1082.0
American Coot,4,3,Apr_W3,0.0016736,1195.0
American Coot,4,4,Apr_W4,0.0071813,2785.0
American Coot,5,1,May_W1,0.0013689,1461.0
American Coot,5,2,May_W2,0.0064286,1400.0
American Coot,5,3,May_W3,0.0048876,2046.0
American Coot,5,4,May_W4,0.0027898,3943.0
American Coot,6,1,Jun_W1,0.0064599,1548.0
American Coot,6,2,Jun_W2,0.0046512,1075.0
American Coot,6,3,Jun_W3,0.0072267,1107.0
American Coot,6,4,Jun_W4,0.0047574,1051.0
American Coot,7,1,Jul_W1,0.0025157,795.0
American Coot,7,2,Jul_W2,0.005137,584.0
American Coot,7,3,Jul_W3,0.0075047,533.0
American Coot,7,4,Jul_W4,0.0050633,790.0
American Coot,8,1,Aug_W1,0.001675,597.0
American Coot,8,2,Aug_W2,0.003003,666.0
American Coot,8,3,Aug_W3,0.0024331,822.0
American Coot,8,4,Aug_W4,0.0008905,1123.0
American Coot,9,1,Sep_W1,0.0033003,909.0
American Coot,9,2,Sep_W2,0.0,957.0
American Coot,9,3,Sep_W3,0.0020768,963.0
American Coot,9,4,Sep_W4,0.0014154,1413.0
American Coot,10,1,Oct_W1,0.0010246,976.0
American Coot,10,2,Oct_W2,0.0015038,1330.0
American Coot,10,3,Oct_W3,0.0093197,1073.0
American Coot,10,4,Oct_W4,0.0017809,1123.0
American Coot,11,1,Nov_W1,0.0043732,686.0
American Coot,11,2,Nov_W2,0.0015106,662.0
American Coot,11,3,Nov_W3,0.0,428.0
American Coot,11,4,Nov_W4,0.0029499,339.0
American Coot,12,1,Dec_W1,0.0,213.0
American Coot,12,2,Dec_W2,0.0,275.0
American Coot,12,3,Dec_W3,0.0,318.0
American Coot,12,4,Dec_W4,0.0,931.0
Purple Gallinule,1,1,Jan_W1,0.0,1028.0
Purple Gallinule,1,2,Jan_W2,0.0,995.0
Purple Gallinule,1,3,Jan_W3,0.0,1544.0
Purple Gallinule,1,4,Jan_W4,0.0,1414.0
Purple Gallinule,2,1,Feb_W1,0.0,1431.0
Purple Gallinule,2,2,Feb_W2,0.0,1915.0
Purple Gallinule,2,3,Feb_W3,0.0,1788.0
Purple Gallinule,2,4,Feb_W4,0.0,669.0
Purple Gallinule,3,1,Mar_W1,0.0,543.0
Purple Gallinule,3,2,Mar_W2,0.0,364.0
Purple Gallinule,3,3,Mar_W3,0.0,681.0
Purple Gallinule,3,4,Mar_W4,0.0,1015.0
Purple Gallinule,4,1,Apr_W1,0.0,752.0
Purple Gallinule,4,2,Apr_W2,0.0,1082.0
Purple Gallinule,4,3,Apr_W3,0.0,1195.0
Purple Gallinule,4,4,Apr_W4,0.0,2785.0
Purple Gallinule,5,1,May_W1,0.0,1461.0
Purple Gallinule,5,2,May_W2,0.0,1400.0
Purple Gallinule,5,3,May_W3,0.0,2046.0
Purple Gallinule,5,4,May_W4,0.0,3943.0
Purple Gallinule,6,1,Jun_W1,0.0,1548.0
Purple Gallinule,6,2,Jun_W2,0.0,1075.0
Purple Gallinule,6,3,Jun_W3,0.0,1107.0
Purple Gallinule,6,4,Jun_W4,0.0,1051.0
Purple Gallinule,7,1,Jul_W1,0.0,795.0
Purple Gallinule,7,2,Jul_W2,0.0,584.0
Purple Gallinule,7,3,Jul_W3,0.0,533.0
Purple Gallinule,7,4,Jul_W4,0.0,790.0
Purple Gallinule,8,1,Aug_W1,0.0,597.0
Purple Gallinule,8,2,Aug_W2,0.0,666.0
Purple Gallinule,8,3,Aug_W3,0.0,822.0
Purple Gallinule,8,4,Aug_W4,0.0,1123.0
Purple Gallinule,9,1,Sep_W1,0.0,909.0
Purple Gallinule,9,2,Sep_W2,0.0,957.0
Purple Gallinule,9,3,Sep_W3,0.0,963.0
Purple Gallinule,9,4,Sep_W4,0.0,1413.0
Purple Gallinule,10,1,Oct_W1,0.0040984,976.0
Purple Gallinule,10,2,Oct_W2,0.0,1330.0
Purple Gallinule,10,3,Oct_W3,0.0,1073.0
Purple Gallinule,10,4,Oct_W4,0.0,1123.0
Purple Gallinule,11,1,Nov_W1,0.0,686.0
Purple Gallinule,11,2,Nov_W2,0.0,662.0
Purple Gallinule,11,3,Nov_W3,0.0,428.0
Purple Gallinule,11,4,Nov_W4,0.0,339.0
Purple Gallinule,12,1,Dec_W1,0.0,213.0
Purple Gallinule,12,2,Dec_W2,0.0,275.0
Purple Gallinule,12,3,Dec_W3,0.0,318.0
Purple Gallinule,12,4,Dec_W4,0.0,931.0
Yellow Rail,1,1,Jan_W1,0.0,1028.0
Yellow Rail,1,2,Jan_W2,0.0,995.0
Yellow Rail,1,3,Jan_W3,0.0,1544.0
Yellow Rail,1,4,Jan_W4,0.0,1414.0
Yellow Rail,2,1,Feb_W1,0.0,1431.0
Yellow Rail,2,2,Feb_W2,0.0,1915.0
Yellow Rail,2,3,Feb_W3,0.0,1788.0
Yellow Rail,2,4,Feb_W4,0.0,669.0
Yellow Rail,3,1,Mar_W1,0.0,543.0
Yellow Rail,3,2,Mar_W2,0.0,364.0
Yellow Rail,3,3,Mar_W3,0.0,681.0
Yellow Rail,3,4,Mar_W4,0.0,1015.0
Yellow Rail,4,1,Apr_W1,0.0,752.0
Yellow Rail,4,2,Apr_W2,0.0,1082.0
Yellow Rail,4,3,Apr_W3,0.0,1195.0
Yellow Rail,4,4,Apr_W4,0.0015,2785.0
Yellow Rail,5,1,May_W1,0.0,1461.0
Yellow Rail,5,2,May_W2,0.0,1400.0
Yellow Rail,5,3,May_W3,0.0,2046.0
Yellow Rail,5,4,May_W4,0.0012681,3943.0
Yellow Rail,6,1,Jun_W1,0.0077519,1548.0
Yellow Rail,6,2,Jun_W2,0.0037209,1075.0
Yellow Rail,6,3,Jun_W3,0.0,1107.0
Yellow Rail,6,4,Jun_W4,0.0,1051.0
Yellow Rail,7,1,Jul_W1,0.0,795.0
Yellow Rail,7,2,Jul_W2,0.0,584.0
Yellow Rail,7,3,Jul_W3,0.0,533.0
Yellow Rail,7,4,Jul_W4,0.0,790.0
Yellow Rail,8,1,Aug_W1,0.0,597.0
Yellow Rail,8,2,Aug_W2,0.0,666.0
Yellow Rail,8,3,Aug_W3,0.0,822.0
Yellow Rail,8,4,Aug_W4,0.0,1123.0
Yellow Rail,9,1,Sep_W1,0.0,909.0
Yellow Rail,9,2,Sep_W2,0.0,957.0
Yellow Rail,9,3,Sep_W3,0.0,963.0
Yellow Rail,9,4,Sep_W4,0.0,1413.0
Yellow Rail,10,1,Oct_W1,0.0,976.0
Yellow Rail,10,2,Oct_W2,0.0,1330.0
Yellow Rail,10,3,Oct_W3,0.0,1073.0
Yellow Rail,10,4,Oct_W4,0.0,1123.0
Yellow Rail,11,1,Nov_W1,0.0,686.0
Yellow Rail,11,2,Nov_W2,0.0,662.0
Yellow Rail,11,3,Nov_W3,0.0,428.0
Yellow Rail,11,4,Nov_W4,0.0,339.0
Yellow Rail,12,1,Dec_W1,0.0,213.0
Yellow Rail,12,2,Dec_W2,0.0,275.0
Yellow Rail,12,3,Dec_W3,0.0,318.0
Yellow Rail,12,4,Dec_W4,0.0,931.0
Sandhill Crane,1,1,Jan_W1,0.0,1028.0
Sandhill Crane,1,2,Jan_W2,0.0,995.0
Sandhill Crane,1,3,Jan_W3,0.0,1544.0
Sandhill Crane,1,4,Jan_W4,0.0,1414.0
Sandhill Crane,2,1,Feb_W1,0.0,1431.0
Sandhill Crane,2,2,Feb_W2,0.0,1915.0
Sandhill Crane,2,3,Feb_W3,0.0,1788.0
Sandhill Crane,2,4,Feb_W4,0.0,669.0
Sandhill Crane,3,1,Mar_W1,0.0,543.0
Sandhill Crane,3,2,Mar_W2,0.0137363,364.0
Sandhill Crane,3,3,Mar_W3,0.0249633,681.0
Sandhill Crane,3,4,Mar_W4,0.0778325,1015.0
Sandhill Crane,4,1,Apr_W1,0.2207447,752.0
Sandhill Crane,4,2,Apr_W2,0.3022181,1082.0
Sandhill Crane,4,3,Apr_W3,0.3790795,1195.0
Sandhill Crane,4,4,Apr_W4,0.3285458,2785.0
Sandhill Crane,5,1,May_W1,0.3196441,1461.0
Sandhill Crane,5,2,May_W2,0.2914286,1400.0
Sandhill Crane,5,3,May_W3,0.2443793,2046.0
Sandhill Crane,5,4,May_W4,0.2419478,3943.0
Sandhill Crane,6,1,Jun_W1,0.254522,1548.0
Sandhill Crane,6,2,Jun_W2,0.2372093,1075.0
Sandhill Crane,6,3,Jun_W3,0.2131888,1107.0
Sandhill Crane,6,4,Jun_W4,0.1722169,1051.0
Sandhill Crane,7,1,Jul_W1,0.1496855,795.0
Sandhill Crane,7,2,Jul_W2,0.1797945,584.0
Sandhill Crane,7,3,Jul_W3,0.1801126,533.0
Sandhill Crane,7,4,Jul_W4,0.1316456,790.0
Sandhill Crane,8,1,Aug_W1,0.1524288,597.0
Sandhill Crane,8,2,Aug_W2,0.1651652,666.0
Sandhill Crane,8,3,Aug_W3,0.149635,822.0
Sandhill Crane,8,4,Aug_W4,0.128228,1123.0
Sandhill Crane,9,1,Sep_W1,0.10011,909.0
Sandhill Crane,9,2,Sep_W2,0.077325,957.0
Sandhill Crane,9,3,Sep_W3,0.0654206,963.0
Sandhill Crane,9,4,Sep_W4,0.0552017,1413.0
Sandhill Crane,10,1,Oct_W1,0.0491803,976.0
Sandhill Crane,10,2,Oct_W2,0.018797,1330.0
Sandhill Crane,10,3,Oct_W3,0.028891,1073.0
Sandhill Crane,10,4,Oct_W4,0.0133571,1123.0
Sandhill Crane,11,1,Nov_W1,0.0043732,686.0
Sandhill Crane,11,2,Nov_W2,0.0015106,662.0
Sandhill Crane,11,3,Nov_W3,0.0,428.0
Sandhill Crane,11,4,Nov_W4,0.0029499,339.0
Sandhill Crane,12,1,Dec_W1,0.0,213.0
Sandhill Crane,12,2,Dec_W2,0.0,275.0
Sandhill Crane,12,3,Dec_W3,0.0,318.0
Sandhill Crane,12,4,Dec_W4,0.0010741,931.0
Whooping Crane,1,1,Jan_W1,0.0,1028.0
Whooping Crane,1,2,Jan_W2,0.0,995.0
Whooping Crane,1,3,Jan_W3,0.0,1544.0
Whooping Crane,1,4,Jan_W4,0.0,1414.0
Whooping Crane,2,1,Feb_W1,0.0,1431.0
Whooping Crane,2,2,Feb_W2,0.0,1915.0
Whooping Crane,2,3,Feb_W3,0.0,1788.0
Whooping Crane,2,4,Feb_W4,0.0,669.0
Whooping Crane,3,1,Mar_W1,0.0,543.0
Whooping Crane,3,2,Mar_W2,0.0,364.0
Whooping Crane,3,3,Mar_W3,0.0,681.0
Whooping Crane,3,4,Mar_W4,0.0,1015.0
Whooping Crane,4,1,Apr_W1,0.0,752.0
Whooping Crane,4,2,Apr_W2,0.0009242,1082.0
Whooping Crane,4,3,Apr_W3,0.0,1195.0
Whooping Crane,4,4,Apr_W4,0.0,2785.0
Whooping Crane,5,1,May_W1,0.0,1461.0
Whooping Crane,5,2,May_W2,0.0,1400.0
Whooping Crane,5,3,May_W3,0.0,2046.0
Whooping Crane,5,4,May_W4,0.0,3943.0
Whooping Crane,6,1,Jun_W1,0.0,1548.0
Whooping Crane,6,2,Jun_W2,0.0,1075.0
Whooping Crane,6,3,Jun_W3,0.0,1107.0
Whooping Crane,6,4,Jun_W4,0.0,1051.0
Whooping Crane,7,1,Jul_W1,0.0,795.0
Whooping Crane,7,2,Jul_W2,0.0,584.0
Whooping Crane,7,3,Jul_W3,0.0,533.0
Whooping Crane,7,4,Jul_W4,0.0,790.0
Whooping Crane,8,1,Aug_W1,0.0,597.0
Whooping Crane,8,2,Aug_W2,0.0,666.0
Whooping Crane,8,3,Aug_W3,0.0,822.0
Whooping Crane,8,4,Aug_W4,0.0,1123.0
Whooping Crane,9,1,Sep_W1,0.0,909.0
Whooping Crane,9,2,Sep_W2,0.0,957.0
Whooping Crane,9,3,Sep_W3,0.0,963.0
Whooping Crane,9,4,Sep_W4,0.0,1413.0
Whooping Crane,10,1,Oct_W1,0.0,976.0
Whooping Crane,10,2,Oct_W2,0.0,1330.0
Whooping Crane,10,3,Oct_W3,0.0,1073.0
Whooping Crane,10,4,Oct_W4,0.0,1123.0
Whooping Crane,11,1,Nov_W1,0.0,686.0
Whooping Crane,11,2,Nov_W2,0.0,662.0
Whooping Crane,11,3,Nov_W3,0.0,428.0
Whooping Crane,11,4,Nov_W4,0.0,339.0
Whooping Crane,12,1,Dec_W1,0.0,213.0
Whooping Crane,12,2,Dec_W2,0.0,275.0
Whooping Crane,12,3,Dec_W3,0.0,318.0
Whooping Crane,12,4,Dec_W4,0.0,931.0
American Avocet,1,1,Jan_W1,0.0,1028.0
American Avocet,1,2,Jan_W2,0.0,995.0
American Avocet,1,3,Jan_W3,0.0,1544.0
American Avocet,1,4,Jan_W4,0.0,1414.0
American Avocet,2,1,Feb_W1,0.0,1431.0
American Avocet,2,2,Feb_W2,0.0,1915.0
American Avocet,2,3,Feb_W3,0.0,1788.0
American Avocet,2,4,Feb_W4,0.0,669.0
American Avocet,3,1,Mar_W1,0.0,543.0
American Avocet,3,2,Mar_W2,0.0,364.0
American Avocet,3,3,Mar_W3,0.0,681.0
American Avocet,3,4,Mar_W4,0.0,1015.0
American Avocet,4,1,Apr_W1,0.0,752.0
American Avocet,4,2,Apr_W2,0.0,1082.0
American Avocet,4,3,Apr_W3,0.0,1195.0
American Avocet,4,4,Apr_W4,0.0017953,2785.0
American Avocet,5,1,May_W1,0.0020534,1461.0
American Avocet,5,2,May_W2,0.0021429,1400.0
American Avocet,5,3,May_W3,0.0,2046.0
American Avocet,5,4,May_W4,0.0005072,3943.0
American Avocet,6,1,Jun_W1,0.0,1548.0
American Avocet,6,2,Jun_W2,0.0009302,1075.0
American Avocet,6,3,Jun_W3,0.0,1107.0
American Avocet,6,4,Jun_W4,0.0,1051.0
American Avocet,7,1,Jul_W1,0.0,795.0
American Avocet,7,2,Jul_W2,0.0,584.0
American Avocet,7,3,Jul_W3,0.0,533.0
American Avocet,7,4,Jul_W4,0.0,790.0
American Avocet,8,1,Aug_W1,0.0,597.0
American Avocet,8,2,Aug_W2,0.0,666.0
American Avocet,8,3,Aug_W3,0.0,822.0
American Avocet,8,4,Aug_W4,0.0,1123.0
American Avocet,9,1,Sep_W1,0.0,909.0
American Avocet,9,2,Sep_W2,0.0,957.0
American Avocet,9,3,Sep_W3,0.0,963.0
American Avocet,9,4,Sep_W4,0.0,1413.0
American Avocet,10,1,Oct_W1,0.0,976.0
American Avocet,10,2,Oct_W2,0.0015038,1330.0
American Avocet,10,3,Oct_W3,0.0,1073.0
American Avocet,10,4,Oct_W4,0.0017809,1123.0
American Avocet,11,1,Nov_W1,0.0,686.0
American Avocet,11,2,Nov_W2,0.0,662.0
American Avocet,11,3,Nov_W3,0.0,428.0
American Avocet,11,4,Nov_W4,0.0,339.0
American Avocet,12,1,Dec_W1,0.0,213.0
American Avocet,12,2,Dec_W2,0.0,275.0
American Avocet,12,3,Dec_W3,0.0,318.0
American Avocet,12,4,Dec_W4,0.0,931.0
Black-bellied Plover,1,1,Jan_W1,0.0,1028.0
Black-bellied Plover,1,2,Jan_W2,0.0,995.0
Black-bellied Plover,1,3,Jan_W3,0.0,1544.0
Black-bellied Plover,1,4,Jan_W4,0.0,1414.0
Black-bellied Plover,2,1,Feb_W1,0.0,1431.0
Black-bellied Plover,2,2,Feb_W2,0.0,1915.0
Black-bellied Plover,2,3,Feb_W3,0.0,1788.0
Black-bellied Plover,2,4,Feb_W4,0.0,669.0
Black-bellied Plover,3,1,Mar_W1,0.0,543.0
Black-bellied Plover,3,2,Mar_W2,0.0,364.0
Black-bellied Plover,3,3,Mar_W3,0.0,681.0
Black-bellied Plover,3,4,Mar_W4,0.0,1015.0
Black-bellied Plover,4,1,Apr_W1,0.0,752.0
Black-bellied Plover,4,2,Apr_W2,0.0015,1082.0
Black-bellied Plover,4,3,Apr_W3,0.0,1195.0
Black-bellied Plover,4,4,Apr_W4,0.0,2785.0
Black-bellied Plover,5,1,May_W1,0.0006845,1461.0
Black-bellied Plover,5,2,May_W2,0.0164286,1400.0
Black-bellied Plover,5,3,May_W3,0.0513196,2046.0
Black-bellied Plover,5,4,May_W4,0.0905402,3943.0
Black-bellied Plover,6,1,Jun_W1,0.0226098,1548.0
Black-bellied Plover,6,2,Jun_W2,0.0139535,1075.0
Black-bellied Plover,6,3,Jun_W3,0.0015,1107.0
Black-bellied Plover,6,4,Jun_W4,0.0,1051.0
Black-bellied Plover,7,1,Jul_W1,0.0,795.0
Black-bellied Plover,7,2,Jul_W2,0.0,584.0
Black-bellied Plover,7,3,Jul_W3,0.0,533.0
Black-bellied Plover,7,4,Jul_W4,0.0,790.0
Black-bellied Plover,8,1,Aug_W1,0.0033501,597.0
Black-bellied Plover,8,2,Aug_W2,0.012012,666.0
Black-bellied Plover,8,3,Aug_W3,0.0486618,822.0
Black-bellied Plover,8,4,Aug_W4,0.047195,1123.0
Black-bellied Plover,9,1,Sep_W1,0.0561056,909.0
Black-bellied Plover,9,2,Sep_W2,0.1065831,957.0
Black-bellied Plover,9,3,Sep_W3,0.1381101,963.0
Black-bellied Plover,9,4,Sep_W4,0.064402,1413.0
Black-bellied Plover,10,1,Oct_W1,0.0604508,976.0
Black-bellied Plover,10,2,Oct_W2,0.0443609,1330.0
Black-bellied Plover,10,3,Oct_W3,0.054986,1073.0
Black-bellied Plover,10,4,Oct_W4,0.0552093,1123.0
Black-bellied Plover,11,1,Nov_W1,0.0116618,686.0
Black-bellied Plover,11,2,Nov_W2,0.0196375,662.0
Black-bellied Plover,11,3,Nov_W3,0.0,428.0
Black-bellied Plover,11,4,Nov_W4,0.0,339.0
Black-bellied Plover,12,1,Dec_W1,0.0,213.0
Black-bellied Plover,12,2,Dec_W2,0.0,275.0
Black-bellied Plover,12,3,Dec_W3,0.0,318.0
Black-bellied Plover,12,4,Dec_W4,0.0,931.0
American Golden-Plover,1,1,Jan_W1,0.0,1028.0
American Golden-Plover,1,2,Jan_W2,0.0,995.0
American Golden-Plover,1,3,Jan_W3,0.0,1544.0
American Golden-Plover,1,4,Jan_W4,0.0,1414.0
American Golden-Plover,2,1,Feb_W1,0.0,1431.0
American Golden-Plover,2,2,Feb_W2,0.0,1915.0
American Golden-Plover,2,3,Feb_W3,0.0,1788.0
American Golden-Plover,2,4,Feb_W4,0.0,669.0
American Golden-Plover,3,1,Mar_W1,0.0,543.0
American Golden-Plover,3,2,Mar_W2,0.0,364.0
American Golden-Plover,3,3,Mar_W3,0.0,681.0
American Golden-Plover,3,4,Mar_W4,0.0,1015.0
American Golden-Plover,4,1,Apr_W1,0.0,752.0
American Golden-Plover,4,2,Apr_W2,0.0,1082.0
American Golden-Plover,4,3,Apr_W3,0.0,1195.0
American Golden-Plover,4,4,Apr_W4,0.0,2785.0
American Golden-Plover,5,1,May_W1,0.0,1461.0
American Golden-Plover,5,2,May_W2,0.0015,1400.0
American Golden-Plover,5,3,May_W3,0.0083089,2046.0
American Golden-Plover,5,4,May_W4,0.0030434,3943.0
American Golden-Plover,6,1,Jun_W1,0.004522,1548.0
American Golden-Plover,6,2,Jun_W2,0.0,1075.0
American Golden-Plover,6,3,Jun_W3,0.0,1107.0
American Golden-Plover,6,4,Jun_W4,0.0009515,1051.0
American Golden-Plover,7,1,Jul_W1,0.0012579,795.0
American Golden-Plover,7,2,Jul_W2,0.0,584.0
American Golden-Plover,7,3,Jul_W3,0.0,533.0
American Golden-Plover,7,4,Jul_W4,0.0,790.0
American Golden-Plover,8,1,Aug_W1,0.0033501,597.0
American Golden-Plover,8,2,Aug_W2,0.0045045,666.0
American Golden-Plover,8,3,Aug_W3,0.0048662,822.0
American Golden-Plover,8,4,Aug_W4,0.0391808,1123.0
American Golden-Plover,9,1,Sep_W1,0.1122112,909.0
American Golden-Plover,9,2,Sep_W2,0.1891327,957.0
American Golden-Plover,9,3,Sep_W3,0.2305296,963.0
American Golden-Plover,9,4,Sep_W4,0.1917905,1413.0
American Golden-Plover,10,1,Oct_W1,0.1536885,976.0
American Golden-Plover,10,2,Oct_W2,0.1203008,1330.0
American Golden-Plover,10,3,Oct_W3,0.0615098,1073.0
American Golden-Plover,10,4,Oct_W4,0.0222618,1123.0
American Golden-Plover,11,1,Nov_W1,0.0072886,686.0
American Golden-Plover,11,2,Nov_W2,0.0015106,662.0
American Golden-Plover,11,3,Nov_W3,0.0,428.0
American Golden-Plover,11,4,Nov_W4,0.0,339.0
American Golden-Plover,12,1,Dec_W1,0.0,213.0
American Golden-Plover,12,2,Dec_W2,0.0,275.0
American Golden-Plover,12,3,Dec_W3,0.0,318.0
American Golden-Plover,12,4,Dec_W4,0.0,931.0
Killdeer,1,1,Jan_W1,0.0,1028.0
Killdeer,1,2,Jan_W2,0.0,995.0
Killdeer,1,3,Jan_W3,0.0,1544.0
Killdeer,1,4,Jan_W4,0.0,1414.0
Killdeer,2,1,Feb_W1,0.0,1431.0
Killdeer,2,2,Feb_W2,0.0,1915.0
Killdeer,2,3,Feb_W3,0.0,1788.0
Killdeer,2,4,Feb_W4,0.0,669.0
Killdeer,3,1,Mar_W1,0.0,543.0
Killdeer,3,2,Mar_W2,0.0,364.0
Killdeer,3,3,Mar_W3,0.0029369,681.0
Killdeer,3,4,Mar_W4,0.0167488,1015.0
Killdeer,4,1,Apr_W1,0.0718085,752.0
Killdeer,4,2,Apr_W2,0.1072089,1082.0
Killdeer,4,3,Apr_W3,0.1916318,1195.0
Killdeer,4,4,Apr_W4,0.1766607,2785.0
Killdeer,5,1,May_W1,0.2265572,1461.0
Killdeer,5,2,May_W2,0.2542857,1400.0
Killdeer,5,3,May_W3,0.2497556,2046.0
Killdeer,5,4,May_W4,0.2490489,3943.0
Killdeer,6,1,Jun_W1,0.1666667,1548.0
Killdeer,6,2,Jun_W2,0.1404651,1075.0
Killdeer,6,3,Jun_W3,0.1228546,1107.0
Killdeer,6,4,Jun_W4,0.1151284,1051.0
Killdeer,7,1,Jul_W1,0.154717,795.0
Killdeer,7,2,Jul_W2,0.1575342,584.0
Killdeer,7,3,Jul_W3,0.1557223,533.0
Killdeer,7,4,Jul_W4,0.1620253,790.0
Killdeer,8,1,Aug_W1,0.160804,597.0
Killdeer,8,2,Aug_W2,0.1201201,666.0
Killdeer,8,3,Aug_W3,0.1703163,822.0
Killdeer,8,4,Aug_W4,0.1273375,1123.0
Killdeer,9,1,Sep_W1,0.080308,909.0
Killdeer,9,2,Sep_W2,0.0386625,957.0
Killdeer,9,3,Sep_W3,0.026999,963.0
Killdeer,9,4,Sep_W4,0.0127389,1413.0
Killdeer,10,1,Oct_W1,0.0030738,976.0
Killdeer,10,2,Oct_W2,0.0052632,1330.0
Killdeer,10,3,Oct_W3,0.000932,1073.0
Killdeer,10,4,Oct_W4,0.0035619,1123.0
Killdeer,11,1,Nov_W1,0.0,686.0
Killdeer,11,2,Nov_W2,0.0015,662.0
Killdeer,11,3,Nov_W3,0.0,428.0
Killdeer,11,4,Nov_W4,0.0029499,339.0
Killdeer,12,1,Dec_W1,0.0,213.0
Killdeer,12,2,Dec_W2,0.0,275.0
Killdeer,12,3,Dec_W3,0.0,318.0
Killdeer,12,4,Dec_W4,0.0,931.0
Semipalmated Plover,1,1,Jan_W1,0.0,1028.0
Semipalmated Plover,1,2,Jan_W2,0.0,995.0
Semipalmated Plover,1,3,Jan_W3,0.0,1544.0
Semipalmated Plover,1,4,Jan_W4,0.0,1414.0
Semipalmated Plover,2,1,Feb_W1,0.0,1431.0
Semipalmated Plover,2,2,Feb_W2,0.0,1915.0
Semipalmated Plover,2,3,Feb_W3,0.0,1788.0
Semipalmated Plover,2,4,Feb_W4,0.0,669.0
Semipalmated Plover,3,1,Mar_W1,0.0,543.0
Semipalmated Plover,3,2,Mar_W2,0.0,364.0
Semipalmated Plover,3,3,Mar_W3,0.0,681.0
Semipalmated Plover,3,4,Mar_W4,0.0,1015.0
Semipalmated Plover,4,1,Apr_W1,0.0,752.0
Semipalmated Plover,4,2,Apr_W2,0.0,1082.0
Semipalmated Plover,4,3,Apr_W3,0.0050209,1195.0
Semipalmated Plover,4,4,Apr_W4,0.0015,2785.0
Semipalmated Plover,5,1,May_W1,0.0027379,1461.0
Semipalmated Plover,5,2,May_W2,0.0278571,1400.0
Semipalmated Plover,5,3,May_W3,0.0786901,2046.0
Semipalmated Plover,5,4,May_W4,0.1037281,3943.0
Semipalmated Plover,6,1,Jun_W1,0.0394057,1548.0
Semipalmated Plover,6,2,Jun_W2,0.0083721,1075.0
Semipalmated Plover,6,3,Jun_W3,0.0054201,1107.0
Semipalmated Plover,6,4,Jun_W4,0.0057088,1051.0
Semipalmated Plover,7,1,Jul_W1,0.0037736,795.0
Semipalmated Plover,7,2,Jul_W2,0.0034247,584.0
Semipalmated Plover,7,3,Jul_W3,0.0056285,533.0
Semipalmated Plover,7,4,Jul_W4,0.0468354,790.0
Semipalmated Plover,8,1,Aug_W1,0.0536013,597.0
Semipalmated Plover,8,2,Aug_W2,0.0540541,666.0
Semipalmated Plover,8,3,Aug_W3,0.1970803,822.0
Semipalmated Plover,8,4,Aug_W4,0.2671416,1123.0
Semipalmated Plover,9,1,Sep_W1,0.2574257,909.0
Semipalmated Plover,9,2,Sep_W2,0.1922675,957.0
Semipalmated Plover,9,3,Sep_W3,0.1079958,963.0
Semipalmated Plover,9,4,Sep_W4,0.0452937,1413.0
Semipalmated Plover,10,1,Oct_W1,0.0286885,976.0
Semipalmated Plover,10,2,Oct_W2,0.0097744,1330.0
Semipalmated Plover,10,3,Oct_W3,0.0,1073.0
Semipalmated Plover,10,4,Oct_W4,0.0017809,1123.0
Semipalmated Plover,11,1,Nov_W1,0.0,686.0
Semipalmated Plover,11,2,Nov_W2,0.0,662.0
Semipalmated Plover,11,3,Nov_W3,0.0,428.0
Semipalmated Plover,11,4,Nov_W4,0.0,339.0
Semipalmated Plover,12,1,Dec_W1,0.0,213.0
Semipalmated Plover,12,2,Dec_W2,0.0,275.0
Semipalmated Plover,12,3,Dec_W3,0.0,318.0
Semipalmated Plover,12,4,Dec_W4,0.0,931.0
Piping Plover,1,1,Jan_W1,0.0,1028.0
Piping Plover,1,2,Jan_W2,0.0,995.0
Piping Plover,1,3,Jan_W3,0.0,1544.0
Piping Plover,1,4,Jan_W4,0.0,1414.0
Piping Plover,2,1,Feb_W1,0.0,1431.0
Piping Plover,2,2,Feb_W2,0.0,1915.0
Piping Plover,2,3,Feb_W3,0.0,1788.0
Piping Plover,2,4,Feb_W4,0.0,669.0
Piping Plover,3,1,Mar_W1,0.0,543.0
Piping Plover,3,2,Mar_W2,0.0,364.0
Piping Plover,3,3,Mar_W3,0.0,681.0
Piping Plover,3,4,Mar_W4,0.0,1015.0
Piping Plover,4,1,Apr_W1,0.0,752.0
Piping Plover,4,2,Apr_W2,0.0,1082.0
Piping Plover,4,3,Apr_W3,0.0008368,1195.0
Piping Plover,4,4,Apr_W4,0.0129264,2785.0
Piping Plover,5,1,May_W1,0.0732375,1461.0
Piping Plover,5,2,May_W2,0.1121429,1400.0
Piping Plover,5,3,May_W3,0.1466276,2046.0
Piping Plover,5,4,May_W4,0.1572407,3943.0
Piping Plover,6,1,Jun_W1,0.1020672,1548.0
Piping Plover,6,2,Jun_W2,0.1106977,1075.0
Piping Plover,6,3,Jun_W3,0.0776874,1107.0
Piping Plover,6,4,Jun_W4,0.0799239,1051.0
Piping Plover,7,1,Jul_W1,0.1207547,795.0
Piping Plover,7,2,Jul_W2,0.1438356,584.0
Piping Plover,7,3,Jul_W3,0.1500938,533.0
Piping Plover,7,4,Jul_W4,0.1493671,790.0
Piping Plover,8,1,Aug_W1,0.1273032,597.0
Piping Plover,8,2,Aug_W2,0.1081081,666.0
Piping Plover,8,3,Aug_W3,0.1374696,822.0
Piping Plover,8,4,Aug_W4,0.0774711,1123.0
Piping Plover,9,1,Sep_W1,0.0341034,909.0
Piping Plover,9,2,Sep_W2,0.0015,957.0
Piping Plover,9,3,Sep_W3,0.0,963.0
Piping Plover,9,4,Sep_W4,0.0028309,1413.0
Piping Plover,10,1,Oct_W1,0.0020492,976.0
Piping Plover,10,2,Oct_W2,0.0,1330.0
Piping Plover,10,3,Oct_W3,0.0,1073.0
Piping Plover,10,4,Oct_W4,0.0,1123.0
Piping Plover,11,1,Nov_W1,0.0,686.0
Piping Plover,11,2,Nov_W2,0.0,662.0
Piping Plover,11,3,Nov_W3,0.0,428.0
Piping Plover,11,4,Nov_W4,0.0,339.0
Piping Plover,12,1,Dec_W1,0.0,213.0
Piping Plover,12,2,Dec_W2,0.0,275.0
Piping Plover,12,3,Dec_W3,0.0,318.0
Piping Plover,12,4,Dec_W4,0.0,931.0
Wilson's Plover,1,1,Jan_W1,0.0,1028.0
Wilson's Plover,1,2,Jan_W2,0.0,995.0
Wilson's Plover,1,3,Jan_W3,0.0,1544.0
Wilson's Plover,1,4,Jan_W4,0.0,1414.0
Wilson's Plover,2,1,Feb_W1,0.0,1431.0
Wilson's Plover,2,2,Feb_W2,0.0,1915.0
Wilson's Plover,2,3,Feb_W3,0.0,1788.0
Wilson's Plover,2,4,Feb_W4,0.0,669.0
Wilson's Plover,3,1,Mar_W1,0.0,543.0
Wilson's Plover,3,2,Mar_W2,0.0,364.0
Wilson's Plover,3,3,Mar_W3,0.0,681.0
Wilson's Plover,3,4,Mar_W4,0.0,1015.0
Wilson's Plover,4,1,Apr_W1,0.0,752.0
Wilson's Plover,4,2,Apr_W2,0.0,1082.0
Wilson's Plover,4,3,Apr_W3,0.0,1195.0
Wilson's Plover,4,4,Apr_W4,0.0,2785.0
Wilson's Plover,5,1,May_W1,0.0015,1461.0
Wilson's Plover,5,2,May_W2,0.0,1400.0
Wilson's Plover,5,3,May_W3,0.0,2046.0
Wilson's Plover,5,4,May_W4,0.0,3943.0
Wilson's Plover,6,1,Jun_W1,0.0,1548.0
Wilson's Plover,6,2,Jun_W2,0.0,1075.0
Wilson's Plover,6,3,Jun_W3,0.0,1107.0
Wilson's Plover,6,4,Jun_W4,0.0,1051.0
Wilson's Plover,7,1,Jul_W1,0.0,795.0
Wilson's Plover,7,2,Jul_W2,0.0,584.0
Wilson's Plover,7,3,Jul_W3,0.0,533.0
Wilson's Plover,7,4,Jul_W4,0.0,790.0
Wilson's Plover,8,1,Aug_W1,0.0,597.0
Wilson's Plover,8,2,Aug_W2,0.0,666.0
Wilson's Plover,8,3,Aug_W3,0.0,822.0
Wilson's Plover,8,4,Aug_W4,0.0,1123.0
Wilson's Plover,9,1,Sep_W1,0.0,909.0
Wilson's Plover,9,2,Sep_W2,0.0,957.0
Wilson's Plover,9,3,Sep_W3,0.0,963.0
Wilson's Plover,9,4,Sep_W4,0.0,1413.0
Wilson's Plover,10,1,Oct_W1,0.0,976.0
Wilson's Plover,10,2,Oct_W2,0.0,1330.0
Wilson's Plover,10,3,Oct_W3,0.0,1073.0
Wilson's Plover,10,4,Oct_W4,0.0,1123.0
Wilson's Plover,11,1,Nov_W1,0.0,686.0
Wilson's Plover,11,2,Nov_W2,0.0,662.0
Wilson's Plover,11,3,Nov_W3,0.0,428.0
Wilson's Plover,11,4,Nov_W4,0.0,339.0
Wilson's Plover,12,1,Dec_W1,0.0,213.0
Wilson's Plover,12,2,Dec_W2,0.0,275.0
Wilson's Plover,12,3,Dec_W3,0.0,318.0
Wilson's Plover,12,4,Dec_W4,0.0,931.0
Upland Sandpiper,1,1,Jan_W1,0.0,1028.0
Upland Sandpiper,1,2,Jan_W2,0.0,995.0
Upland Sandpiper,1,3,Jan_W3,0.0,1544.0
Upland Sandpiper,1,4,Jan_W4,0.0,1414.0
Upland Sandpiper,2,1,Feb_W1,0.0,1431.0
Upland Sandpiper,2,2,Feb_W2,0.0,1915.0
Upland Sandpiper,2,3,Feb_W3,0.0,1788.0
Upland Sandpiper,2,4,Feb_W4,0.0,669.0
Upland Sandpiper,3,1,Mar_W1,0.0,543.0
Upland Sandpiper,3,2,Mar_W2,0.0,364.0
Upland Sandpiper,3,3,Mar_W3,0.0,681.0
Upland Sandpiper,3,4,Mar_W4,0.0,1015.0
Upland Sandpiper,4,1,Apr_W1,0.0,752.0
Upland Sandpiper,4,2,Apr_W2,0.0,1082.0
Upland Sandpiper,4,3,Apr_W3,0.0008368,1195.0
Upland Sandpiper,4,4,Apr_W4,0.0010772,2785.0
Upland Sandpiper,5,1,May_W1,0.0034223,1461.0
Upland Sandpiper,5,2,May_W2,0.0071429,1400.0
Upland Sandpiper,5,3,May_W3,0.0146628,2046.0
Upland Sandpiper,5,4,May_W4,0.0180066,3943.0
Upland Sandpiper,6,1,Jun_W1,0.0484496,1548.0
Upland Sandpiper,6,2,Jun_W2,0.0372093,1075.0
Upland Sandpiper,6,3,Jun_W3,0.0523939,1107.0
Upland Sandpiper,6,4,Jun_W4,0.0551855,1051.0
Upland Sandpiper,7,1,Jul_W1,0.0339623,795.0
Upland Sandpiper,7,2,Jul_W2,0.0222603,584.0
Upland Sandpiper,7,3,Jul_W3,0.0187617,533.0
Upland Sandpiper,7,4,Jul_W4,0.0025316,790.0
Upland Sandpiper,8,1,Aug_W1,0.001675,597.0
Upland Sandpiper,8,2,Aug_W2,0.0,666.0
Upland Sandpiper,8,3,Aug_W3,0.0,822.0
Upland Sandpiper,8,4,Aug_W4,0.0,1123.0
Upland Sandpiper,9,1,Sep_W1,0.0,909.0
Upland Sandpiper,9,2,Sep_W2,0.0,957.0
Upland Sandpiper,9,3,Sep_W3,0.0,963.0
Upland Sandpiper,9,4,Sep_W4,0.0,1413.0
Upland Sandpiper,10,1,Oct_W1,0.0,976.0
Upland Sandpiper,10,2,Oct_W2,0.0,1330.0
Upland Sandpiper,10,3,Oct_W3,0.0,1073.0
Upland Sandpiper,10,4,Oct_W4,0.0,1123.0
Upland Sandpiper,11,1,Nov_W1,0.0,686.0
Upland Sandpiper,11,2,Nov_W2,0.0,662.0
Upland Sandpiper,11,3,Nov_W3,0.0,428.0
Upland Sandpiper,11,4,Nov_W4,0.0,339.0
Upland Sandpiper,12,1,Dec_W1,0.0,213.0
Upland Sandpiper,12,2,Dec_W2,0.0,275.0
Upland Sandpiper,12,3,Dec_W3,0.0,318.0
Upland Sandpiper,12,4,Dec_W4,0.0,931.0
Hudsonian Whimbrel,1,1,Jan_W1,0.0,1028.0
Hudsonian Whimbrel,1,2,Jan_W2,0.0,995.0
Hudsonian Whimbrel,1,3,Jan_W3,0.0,1544.0
Hudsonian Whimbrel,1,4,Jan_W4,0.0,1414.0
Hudsonian Whimbrel,2,1,Feb_W1,0.0,1431.0
Hudsonian Whimbrel,2,2,Feb_W2,0.0,1915.0
Hudsonian Whimbrel,2,3,Feb_W3,0.0,1788.0
Hudsonian Whimbrel,2,4,Feb_W4,0.0,669.0
Hudsonian Whimbrel,3,1,Mar_W1,0.0,543.0
Hudsonian Whimbrel,3,2,Mar_W2,0.0,364.0
Hudsonian Whimbrel,3,3,Mar_W3,0.0,681.0
Hudsonian Whimbrel,3,4,Mar_W4,0.0,1015.0
Hudsonian Whimbrel,4,1,Apr_W1,0.0,752.0
Hudsonian Whimbrel,4,2,Apr_W2,0.0,1082.0
Hudsonian Whimbrel,4,3,Apr_W3,0.0,1195.0
Hudsonian Whimbrel,4,4,Apr_W4,0.0,2785.0
Hudsonian Whimbrel,5,1,May_W1,0.0,1461.0
Hudsonian Whimbrel,5,2,May_W2,0.0007143,1400.0
Hudsonian Whimbrel,5,3,May_W3,0.0322581,2046.0
Hudsonian Whimbrel,5,4,May_W4,0.0847071,3943.0
Hudsonian Whimbrel,6,1,Jun_W1,0.0226098,1548.0
Hudsonian Whimbrel,6,2,Jun_W2,0.0083721,1075.0
Hudsonian Whimbrel,6,3,Jun_W3,0.0081301,1107.0
Hudsonian Whimbrel,6,4,Jun_W4,0.0,1051.0
Hudsonian Whimbrel,7,1,Jul_W1,0.0037736,795.0
Hudsonian Whimbrel,7,2,Jul_W2,0.0,584.0
Hudsonian Whimbrel,7,3,Jul_W3,0.0187617,533.0
Hudsonian Whimbrel,7,4,Jul_W4,0.0012658,790.0
Hudsonian Whimbrel,8,1,Aug_W1,0.0100503,597.0
Hudsonian Whimbrel,8,2,Aug_W2,0.0,666.0
Hudsonian Whimbrel,8,3,Aug_W3,0.0194647,822.0
Hudsonian Whimbrel,8,4,Aug_W4,0.0356189,1123.0
Hudsonian Whimbrel,9,1,Sep_W1,0.0352035,909.0
Hudsonian Whimbrel,9,2,Sep_W2,0.0104493,957.0
Hudsonian Whimbrel,9,3,Sep_W3,0.0020768,963.0
Hudsonian Whimbrel,9,4,Sep_W4,0.0015,1413.0
Hudsonian Whimbrel,10,1,Oct_W1,0.0,976.0
Hudsonian Whimbrel,10,2,Oct_W2,0.0,1330.0
Hudsonian Whimbrel,10,3,Oct_W3,0.0,1073.0
Hudsonian Whimbrel,10,4,Oct_W4,0.0,1123.0
Hudsonian Whimbrel,11,1,Nov_W1,0.0,686.0
Hudsonian Whimbrel,11,2,Nov_W2,0.0,662.0
Hudsonian Whimbrel,11,3,Nov_W3,0.0,428.0
Hudsonian Whimbrel,11,4,Nov_W4,0.0,339.0
Hudsonian Whimbrel,12,1,Dec_W1,0.0,213.0
Hudsonian Whimbrel,12,2,Dec_W2,0.0,275.0
Hudsonian Whimbrel,12,3,Dec_W3,0.0,318.0
Hudsonian Whimbrel,12,4,Dec_W4,0.0,931.0
Bar-tailed Godwit,1,1,Jan_W1,0.0,1028.0
Bar-tailed Godwit,1,2,Jan_W2,0.0,995.0
Bar-tailed Godwit,1,3,Jan_W3,0.0,1544.0
Bar-tailed Godwit,1,4,Jan_W4,0.0,1414.0
Bar-tailed Godwit,2,1,Feb_W1,0.0,1431.0
Bar-tailed Godwit,2,2,Feb_W2,0.0,1915.0
Bar-tailed Godwit,2,3,Feb_W3,0.0,1788.0
Bar-tailed Godwit,2,4,Feb_W4,0.0,669.0
Bar-tailed Godwit,3,1,Mar_W1,0.0,543.0
Bar-tailed Godwit,3,2,Mar_W2,0.0,364.0
Bar-tailed Godwit,3,3,Mar_W3,0.0,681.0
Bar-tailed Godwit,3,4,Mar_W4,0.0,1015.0
Bar-tailed Godwit,4,1,Apr_W1,0.0,752.0
Bar-tailed Godwit,4,2,Apr_W2,0.0,1082.0
Bar-tailed Godwit,4,3,Apr_W3,0.0,1195.0
Bar-tailed Godwit,4,4,Apr_W4,0.0,2785.0
Bar-tailed Godwit,5,1,May_W1,0.0,1461.0
Bar-tailed Godwit,5,2,May_W2,0.0,1400.0
Bar-tailed Godwit,5,3,May_W3,0.0,2046.0
Bar-tailed Godwit,5,4,May_W4,0.0,3943.0
Bar-tailed Godwit,6,1,Jun_W1,0.0,1548.0
Bar-tailed Godwit,6,2,Jun_W2,0.0,1075.0
Bar-tailed Godwit,6,3,Jun_W3,0.0,1107.0
Bar-tailed Godwit,6,4,Jun_W4,0.0,1051.0
Bar-tailed Godwit,7,1,Jul_W1,0.0,795.0
Bar-tailed Godwit,7,2,Jul_W2,0.0,584.0
Bar-tailed Godwit,7,3,Jul_W3,0.0,533.0
Bar-tailed Godwit,7,4,Jul_W4,0.0,790.0
Bar-tailed Godwit,8,1,Aug_W1,0.0,597.0
Bar-tailed Godwit,8,2,Aug_W2,0.0,666.0
Bar-tailed Godwit,8,3,Aug_W3,0.0,822.0
Bar-tailed Godwit,8,4,Aug_W4,0.0,1123.0
Bar-tailed Godwit,9,1,Sep_W1,0.0,909.0
Bar-tailed Godwit,9,2,Sep_W2,0.0,957.0
Bar-tailed Godwit,9,3,Sep_W3,0.0,963.0
Bar-tailed Godwit,9,4,Sep_W4,0.0,1413.0
Bar-tailed Godwit,10,1,Oct_W1,0.0,976.0
Bar-tailed Godwit,10,2,Oct_W2,0.0,1330.0
Bar-tailed Godwit,10,3,Oct_W3,0.0027959,1073.0
Bar-tailed Godwit,10,4,Oct_W4,0.0,1123.0
Bar-tailed Godwit,11,1,Nov_W1,0.0,686.0
Bar-tailed Godwit,11,2,Nov_W2,0.0,662.0
Bar-tailed Godwit,11,3,Nov_W3,0.0,428.0
Bar-tailed Godwit,11,4,Nov_W4,0.0,339.0
Bar-tailed Godwit,12,1,Dec_W1,0.0,213.0
Bar-tailed Godwit,12,2,Dec_W2,0.0,275.0
Bar-tailed Godwit,12,3,Dec_W3,0.0,318.0
Bar-tailed Godwit,12,4,Dec_W4,0.0,931.0
Hudsonian Godwit,1,1,Jan_W1,0.0,1028.0
Hudsonian Godwit,1,2,Jan_W2,0.0,995.0
Hudsonian Godwit,1,3,Jan_W3,0.0,1544.0
Hudsonian Godwit,1,4,Jan_W4,0.0,1414.0
Hudsonian Godwit,2,1,Feb_W1,0.0,1431.0
Hudsonian Godwit,2,2,Feb_W2,0.0,1915.0
Hudsonian Godwit,2,3,Feb_W3,0.0,1788.0
Hudsonian Godwit,2,4,Feb_W4,0.0,669.0
Hudsonian Godwit,3,1,Mar_W1,0.0,543.0
Hudsonian Godwit,3,2,Mar_W2,0.0,364.0
Hudsonian Godwit,3,3,Mar_W3,0.0,681.0
Hudsonian Godwit,3,4,Mar_W4,0.0,1015.0
Hudsonian Godwit,4,1,Apr_W1,0.0,752.0
Hudsonian Godwit,4,2,Apr_W2,0.0,1082.0
Hudsonian Godwit,4,3,Apr_W3,0.0,1195.0
Hudsonian Godwit,4,4,Apr_W4,0.0,2785.0
Hudsonian Godwit,5,1,May_W1,0.0,1461.0
Hudsonian Godwit,5,2,May_W2,0.0014286,1400.0
Hudsonian Godwit,5,3,May_W3,0.001955,2046.0
Hudsonian Godwit,5,4,May_W4,0.0012681,3943.0
Hudsonian Godwit,6,1,Jun_W1,0.0,1548.0
Hudsonian Godwit,6,2,Jun_W2,0.0,1075.0
Hudsonian Godwit,6,3,Jun_W3,0.0,1107.0
Hudsonian Godwit,6,4,Jun_W4,0.0,1051.0
Hudsonian Godwit,7,1,Jul_W1,0.0,795.0
Hudsonian Godwit,7,2,Jul_W2,0.0,584.0
Hudsonian Godwit,7,3,Jul_W3,0.0,533.0
Hudsonian Godwit,7,4,Jul_W4,0.0,790.0
Hudsonian Godwit,8,1,Aug_W1,0.0,597.0
Hudsonian Godwit,8,2,Aug_W2,0.0,666.0
Hudsonian Godwit,8,3,Aug_W3,0.0,822.0
Hudsonian Godwit,8,4,Aug_W4,0.0089047,1123.0
Hudsonian Godwit,9,1,Sep_W1,0.0033003,909.0
Hudsonian Godwit,9,2,Sep_W2,0.0015,957.0
Hudsonian Godwit,9,3,Sep_W3,0.0,963.0
Hudsonian Godwit,9,4,Sep_W4,0.0015,1413.0
Hudsonian Godwit,10,1,Oct_W1,0.0,976.0
Hudsonian Godwit,10,2,Oct_W2,0.0037594,1330.0
Hudsonian Godwit,10,3,Oct_W3,0.0,1073.0
Hudsonian Godwit,10,4,Oct_W4,0.0,1123.0
Hudsonian Godwit,11,1,Nov_W1,0.0,686.0
Hudsonian Godwit,11,2,Nov_W2,0.0,662.0
Hudsonian Godwit,11,3,Nov_W3,0.0,428.0
Hudsonian Godwit,11,4,Nov_W4,0.0,339.0
Hudsonian Godwit,12,1,Dec_W1,0.0,213.0
Hudsonian Godwit,12,2,Dec_W2,0.0,275.0
Hudsonian Godwit,12,3,Dec_W3,0.0,318.0
Hudsonian Godwit,12,4,Dec_W4,0.0,931.0
Marbled Godwit,1,1,Jan_W1,0.0,1028.0
Marbled Godwit,1,2,Jan_W2,0.0,995.0
Marbled Godwit,1,3,Jan_W3,0.0,1544.0
Marbled Godwit,1,4,Jan_W4,0.0,1414.0
Marbled Godwit,2,1,Feb_W1,0.0,1431.0
Marbled Godwit,2,2,Feb_W2,0.0,1915.0
Marbled Godwit,2,3,Feb_W3,0.0,1788.0
Marbled Godwit,2,4,Feb_W4,0.0,669.0
Marbled Godwit,3,1,Mar_W1,0.0,543.0
Marbled Godwit,3,2,Mar_W2,0.0,364.0
Marbled Godwit,3,3,Mar_W3,0.0,681.0
Marbled Godwit,3,4,Mar_W4,0.0,1015.0
Marbled Godwit,4,1,Apr_W1,0.0,752.0
Marbled Godwit,4,2,Apr_W2,0.0,1082.0
Marbled Godwit,4,3,Apr_W3,0.0,1195.0
Marbled Godwit,4,4,Apr_W4,0.0,2785.0
Marbled Godwit,5,1,May_W1,0.0006845,1461.0
Marbled Godwit,5,2,May_W2,0.0014286,1400.0
Marbled Godwit,5,3,May_W3,0.0009775,2046.0
Marbled Godwit,5,4,May_W4,0.0035506,3943.0
Marbled Godwit,6,1,Jun_W1,0.0,1548.0
Marbled Godwit,6,2,Jun_W2,0.0,1075.0
Marbled Godwit,6,3,Jun_W3,0.0,1107.0
Marbled Godwit,6,4,Jun_W4,0.0,1051.0
Marbled Godwit,7,1,Jul_W1,0.0,795.0
Marbled Godwit,7,2,Jul_W2,0.0,584.0
Marbled Godwit,7,3,Jul_W3,0.0,533.0
Marbled Godwit,7,4,Jul_W4,0.0,790.0
Marbled Godwit,8,1,Aug_W1,0.0,597.0
Marbled Godwit,8,2,Aug_W2,0.0,666.0
Marbled Godwit,8,3,Aug_W3,0.0012165,822.0
Marbled Godwit,8,4,Aug_W4,0.0017809,1123.0
Marbled Godwit,9,1,Sep_W1,0.0015,909.0
Marbled Godwit,9,2,Sep_W2,0.0,957.0
Marbled Godwit,9,3,Sep_W3,0.0010384,963.0
Marbled Godwit,9,4,Sep_W4,0.0,1413.0
Marbled Godwit,10,1,Oct_W1,0.0,976.0
Marbled Godwit,10,2,Oct_W2,0.0,1330.0
Marbled Godwit,10,3,Oct_W3,0.0,1073.0
Marbled Godwit,10,4,Oct_W4,0.0,1123.0
Marbled Godwit,11,1,Nov_W1,0.0,686.0
Marbled Godwit,11,2,Nov_W2,0.0,662.0
Marbled Godwit,11,3,Nov_W3,0.0,428.0
Marbled Godwit,11,4,Nov_W4,0.0,339.0
Marbled Godwit,12,1,Dec_W1,0.0,213.0
Marbled Godwit,12,2,Dec_W2,0.0,275.0
Marbled Godwit,12,3,Dec_W3,0.0,318.0
Marbled Godwit,12,4,Dec_W4,0.0,931.0
Short-billed Dowitcher,1,1,Jan_W1,0.0,1028.0
Short-billed Dowitcher,1,2,Jan_W2,0.0,995.0
Short-billed Dowitcher,1,3,Jan_W3,0.0,1544.0
Short-billed Dowitcher,1,4,Jan_W4,0.0,1414.0
Short-billed Dowitcher,2,1,Feb_W1,0.0,1431.0
Short-billed Dowitcher,2,2,Feb_W2,0.0,1915.0
Short-billed Dowitcher,2,3,Feb_W3,0.0,1788.0
Short-billed Dowitcher,2,4,Feb_W4,0.0,669.0
Short-billed Dowitcher,3,1,Mar_W1,0.0,543.0
Short-billed Dowitcher,3,2,Mar_W2,0.0,364.0
Short-billed Dowitcher,3,3,Mar_W3,0.0,681.0
Short-billed Dowitcher,3,4,Mar_W4,0.0,1015.0
Short-billed Dowitcher,4,1,Apr_W1,0.0,752.0
Short-billed Dowitcher,4,2,Apr_W2,0.0,1082.0
Short-billed Dowitcher,4,3,Apr_W3,0.0,1195.0
Short-billed Dowitcher,4,4,Apr_W4,0.0,2785.0
Short-billed Dowitcher,5,1,May_W1,0.0013689,1461.0
Short-billed Dowitcher,5,2,May_W2,0.015,1400.0
Short-billed Dowitcher,5,3,May_W3,0.0234604,2046.0
Short-billed Dowitcher,5,4,May_W4,0.0076084,3943.0
Short-billed Dowitcher,6,1,Jun_W1,0.0,1548.0
Short-billed Dowitcher,6,2,Jun_W2,0.0,1075.0
Short-billed Dowitcher,6,3,Jun_W3,0.0,1107.0
Short-billed Dowitcher,6,4,Jun_W4,0.0,1051.0
Short-billed Dowitcher,7,1,Jul_W1,0.0,795.0
Short-billed Dowitcher,7,2,Jul_W2,0.0015,584.0
Short-billed Dowitcher,7,3,Jul_W3,0.0018762,533.0
Short-billed Dowitcher,7,4,Jul_W4,0.0,790.0
Short-billed Dowitcher,8,1,Aug_W1,0.001675,597.0
Short-billed Dowitcher,8,2,Aug_W2,0.0045045,666.0
Short-billed Dowitcher,8,3,Aug_W3,0.0206813,822.0
Short-billed Dowitcher,8,4,Aug_W4,0.0106857,1123.0
Short-billed Dowitcher,9,1,Sep_W1,0.0055006,909.0
Short-billed Dowitcher,9,2,Sep_W2,0.0031348,957.0
Short-billed Dowitcher,9,3,Sep_W3,0.0,963.0
Short-billed Dowitcher,9,4,Sep_W4,0.0,1413.0
Short-billed Dowitcher,10,1,Oct_W1,0.0010246,976.0
Short-billed Dowitcher,10,2,Oct_W2,0.0,1330.0
Short-billed Dowitcher,10,3,Oct_W3,0.0,1073.0
Short-billed Dowitcher,10,4,Oct_W4,0.0,1123.0
Short-billed Dowitcher,11,1,Nov_W1,0.0,686.0
Short-billed Dowitcher,11,2,Nov_W2,0.0,662.0
Short-billed Dowitcher,11,3,Nov_W3,0.0,428.0
Short-billed Dowitcher,11,4,Nov_W4,0.0,339.0
Short-billed Dowitcher,12,1,Dec_W1,0.0,213.0
Short-billed Dowitcher,12,2,Dec_W2,0.0,275.0
Short-billed Dowitcher,12,3,Dec_W3,0.0,318.0
Short-billed Dowitcher,12,4,Dec_W4,0.0,931.0
Long-billed Dowitcher,1,1,Jan_W1,0.0,1028.0
Long-billed Dowitcher,1,2,Jan_W2,0.0,995.0
Long-billed Dowitcher,1,3,Jan_W3,0.0,1544.0
Long-billed Dowitcher,1,4,Jan_W4,0.0,1414.0
Long-billed Dowitcher,2,1,Feb_W1,0.0,1431.0
Long-billed Dowitcher,2,2,Feb_W2,0.0,1915.0
Long-billed Dowitcher,2,3,Feb_W3,0.0,1788.0
Long-billed Dowitcher,2,4,Feb_W4,0.0,669.0
Long-billed Dowitcher,3,1,Mar_W1,0.0,543.0
Long-billed Dowitcher,3,2,Mar_W2,0.0,364.0
Long-billed Dowitcher,3,3,Mar_W3,0.0,681.0
Long-billed Dowitcher,3,4,Mar_W4,0.0,1015.0
Long-billed Dowitcher,4,1,Apr_W1,0.0,752.0
Long-billed Dowitcher,4,2,Apr_W2,0.0,1082.0
Long-billed Dowitcher,4,3,Apr_W3,0.0,1195.0
Long-billed Dowitcher,4,4,Apr_W4,0.0,2785.0
Long-billed Dowitcher,5,1,May_W1,0.0,1461.0
Long-billed Dowitcher,5,2,May_W2,0.0021429,1400.0
Long-billed Dowitcher,5,3,May_W3,0.0,2046.0
Long-billed Dowitcher,5,4,May_W4,0.0,3943.0
Long-billed Dowitcher,6,1,Jun_W1,0.0,1548.0
Long-billed Dowitcher,6,2,Jun_W2,0.0,1075.0
Long-billed Dowitcher,6,3,Jun_W3,0.0,1107.0
Long-billed Dowitcher,6,4,Jun_W4,0.0,1051.0
Long-billed Dowitcher,7,1,Jul_W1,0.0,795.0
Long-billed Dowitcher,7,2,Jul_W2,0.0,584.0
Long-billed Dowitcher,7,3,Jul_W3,0.0,533.0
Long-billed Dowitcher,7,4,Jul_W4,0.0,790.0
Long-billed Dowitcher,8,1,Aug_W1,0.0,597.0
Long-billed Dowitcher,8,2,Aug_W2,0.0,666.0
Long-billed Dowitcher,8,3,Aug_W3,0.0,822.0
Long-billed Dowitcher,8,4,Aug_W4,0.0,1123.0
Long-billed Dowitcher,9,1,Sep_W1,0.0,909.0
Long-billed Dowitcher,9,2,Sep_W2,0.0073145,957.0
Long-billed Dowitcher,9,3,Sep_W3,0.0,963.0
Long-billed Dowitcher,9,4,Sep_W4,0.0,1413.0
Long-billed Dowitcher,10,1,Oct_W1,0.0,976.0
Long-billed Dowitcher,10,2,Oct_W2,0.0007519,1330.0
Long-billed Dowitcher,10,3,Oct_W3,0.0,1073.0
Long-billed Dowitcher,10,4,Oct_W4,0.0,1123.0
Long-billed Dowitcher,11,1,Nov_W1,0.0,686.0
Long-billed Dowitcher,11,2,Nov_W2,0.0,662.0
Long-billed Dowitcher,11,3,Nov_W3,0.0,428.0
Long-billed Dowitcher,11,4,Nov_W4,0.0,339.0
Long-billed Dowitcher,12,1,Dec_W1,0.0,213.0
Long-billed Dowitcher,12,2,Dec_W2,0.0,275.0
Long-billed Dowitcher,12,3,Dec_W3,0.0,318.0
Long-billed Dowitcher,12,4,Dec_W4,0.0,931.0
American Woodcock,1,1,Jan_W1,0.0,1028.0
American Woodcock,1,2,Jan_W2,0.0,995.0
American Woodcock,1,3,Jan_W3,0.0,1544.0
American Woodcock,1,4,Jan_W4,0.0,1414.0
American Woodcock,2,1,Feb_W1,0.0,1431.0
American Woodcock,2,2,Feb_W2,0.0,1915.0
American Woodcock,2,3,Feb_W3,0.0,1788.0
American Woodcock,2,4,Feb_W4,0.0,669.0
American Woodcock,3,1,Mar_W1,0.0015,543.0
American Woodcock,3,2,Mar_W2,0.0,364.0
American Woodcock,3,3,Mar_W3,0.0014684,681.0
American Woodcock,3,4,Mar_W4,0.0128079,1015.0
American Woodcock,4,1,Apr_W1,0.0212766,752.0
American Woodcock,4,2,Apr_W2,0.0378928,1082.0
American Woodcock,4,3,Apr_W3,0.0317992,1195.0
American Woodcock,4,4,Apr_W4,0.0481149,2785.0
American Woodcock,5,1,May_W1,0.0314853,1461.0
American Woodcock,5,2,May_W2,0.0321429,1400.0
American Woodcock,5,3,May_W3,0.0322581,2046.0
American Woodcock,5,4,May_W4,0.0192747,3943.0
American Woodcock,6,1,Jun_W1,0.0226098,1548.0
American Woodcock,6,2,Jun_W2,0.0111628,1075.0
American Woodcock,6,3,Jun_W3,0.00271,1107.0
American Woodcock,6,4,Jun_W4,0.0085633,1051.0
American Woodcock,7,1,Jul_W1,0.0113208,795.0
American Woodcock,7,2,Jul_W2,0.0015,584.0
American Woodcock,7,3,Jul_W3,0.0056285,533.0
American Woodcock,7,4,Jul_W4,0.0037975,790.0
American Woodcock,8,1,Aug_W1,0.0015,597.0
American Woodcock,8,2,Aug_W2,0.0045045,666.0
American Woodcock,8,3,Aug_W3,0.0024331,822.0
American Woodcock,8,4,Aug_W4,0.0008905,1123.0
American Woodcock,9,1,Sep_W1,0.0044004,909.0
American Woodcock,9,2,Sep_W2,0.0010449,957.0
American Woodcock,9,3,Sep_W3,0.0062305,963.0
American Woodcock,9,4,Sep_W4,0.0106157,1413.0
American Woodcock,10,1,Oct_W1,0.0163934,976.0
American Woodcock,10,2,Oct_W2,0.0157895,1330.0
American Woodcock,10,3,Oct_W3,0.0083877,1073.0
American Woodcock,10,4,Oct_W4,0.0071238,1123.0
American Woodcock,11,1,Nov_W1,0.0014577,686.0
American Woodcock,11,2,Nov_W2,0.0,662.0
American Woodcock,11,3,Nov_W3,0.0,428.0
American Woodcock,11,4,Nov_W4,0.0,339.0
American Woodcock,12,1,Dec_W1,0.0,213.0
American Woodcock,12,2,Dec_W2,0.0,275.0
American Woodcock,12,3,Dec_W3,0.0,318.0
American Woodcock,12,4,Dec_W4,0.0,931.0
Wilson's Snipe,1,1,Jan_W1,0.0,1028.0
Wilson's Snipe,1,2,Jan_W2,0.0,995.0
Wilson's Snipe,1,3,Jan_W3,0.0,1544.0
Wilson's Snipe,1,4,Jan_W4,0.0,1414.0
Wilson's Snipe,2,1,Feb_W1,0.0,1431.0
Wilson's Snipe,2,2,Feb_W2,0.0,1915.0
Wilson's Snipe,2,3,Feb_W3,0.0,1788.0
Wilson's Snipe,2,4,Feb_W4,0.0,669.0
Wilson's Snipe,3,1,Mar_W1,0.0,543.0
Wilson's Snipe,3,2,Mar_W2,0.0,364.0
Wilson's Snipe,3,3,Mar_W3,0.0,681.0
Wilson's Snipe,3,4,Mar_W4,0.0009852,1015.0
Wilson's Snipe,4,1,Apr_W1,0.0053191,752.0
Wilson's Snipe,4,2,Apr_W2,0.0175601,1082.0
Wilson's Snipe,4,3,Apr_W3,0.0292887,1195.0
Wilson's Snipe,4,4,Apr_W4,0.0290844,2785.0
Wilson's Snipe,5,1,May_W1,0.026694,1461.0
Wilson's Snipe,5,2,May_W2,0.025,1400.0
Wilson's Snipe,5,3,May_W3,0.0259042,2046.0
Wilson's Snipe,5,4,May_W4,0.0347451,3943.0
Wilson's Snipe,6,1,Jun_W1,0.0762274,1548.0
Wilson's Snipe,6,2,Jun_W2,0.0697674,1075.0
Wilson's Snipe,6,3,Jun_W3,0.0722674,1107.0
Wilson's Snipe,6,4,Jun_W4,0.0647003,1051.0
Wilson's Snipe,7,1,Jul_W1,0.0427673,795.0
Wilson's Snipe,7,2,Jul_W2,0.0308219,584.0
Wilson's Snipe,7,3,Jul_W3,0.0168856,533.0
Wilson's Snipe,7,4,Jul_W4,0.0050633,790.0
Wilson's Snipe,8,1,Aug_W1,0.0050251,597.0
Wilson's Snipe,8,2,Aug_W2,0.006006,666.0
Wilson's Snipe,8,3,Aug_W3,0.0024331,822.0
Wilson's Snipe,8,4,Aug_W4,0.0053428,1123.0
Wilson's Snipe,9,1,Sep_W1,0.0253025,909.0
Wilson's Snipe,9,2,Sep_W2,0.0177638,957.0
Wilson's Snipe,9,3,Sep_W3,0.0425753,963.0
Wilson's Snipe,9,4,Sep_W4,0.0339703,1413.0
Wilson's Snipe,10,1,Oct_W1,0.0481557,976.0
Wilson's Snipe,10,2,Oct_W2,0.0413534,1330.0
Wilson's Snipe,10,3,Oct_W3,0.0354147,1073.0
Wilson's Snipe,10,4,Oct_W4,0.032057,1123.0
Wilson's Snipe,11,1,Nov_W1,0.0029155,686.0
Wilson's Snipe,11,2,Nov_W2,0.0015106,662.0
Wilson's Snipe,11,3,Nov_W3,0.0,428.0
Wilson's Snipe,11,4,Nov_W4,0.0,339.0
Wilson's Snipe,12,1,Dec_W1,0.0,213.0
Wilson's Snipe,12,2,Dec_W2,0.0,275.0
Wilson's Snipe,12,3,Dec_W3,0.0,318.0
Wilson's Snipe,12,4,Dec_W4,0.0,931.0
Wilson's Phalarope,1,1,Jan_W1,0.0,1028.0
Wilson's Phalarope,1,2,Jan_W2,0.0,995.0
Wilson's Phalarope,1,3,Jan_W3,0.0,1544.0
Wilson's Phalarope,1,4,Jan_W4,0.0,1414.0
Wilson's Phalarope,2,1,Feb_W1,0.0,1431.0
Wilson's Phalarope,2,2,Feb_W2,0.0,1915.0
Wilson's Phalarope,2,3,Feb_W3,0.0,1788.0
Wilson's Phalarope,2,4,Feb_W4,0.0,669.0
Wilson's Phalarope,3,1,Mar_W1,0.0,543.0
Wilson's Phalarope,3,2,Mar_W2,0.0,364.0
Wilson's Phalarope,3,3,Mar_W3,0.0,681.0
Wilson's Phalarope,3,4,Mar_W4,0.0,1015.0
Wilson's Phalarope,4,1,Apr_W1,0.0,752.0
Wilson's Phalarope,4,2,Apr_W2,0.0,1082.0
Wilson's Phalarope,4,3,Apr_W3,0.0,1195.0
Wilson's Phalarope,4,4,Apr_W4,0.0,2785.0
Wilson's Phalarope,5,1,May_W1,0.0015,1461.0
Wilson's Phalarope,5,2,May_W2,0.0021429,1400.0
Wilson's Phalarope,5,3,May_W3,0.0053763,2046.0
Wilson's Phalarope,5,4,May_W4,0.003297,3943.0
Wilson's Phalarope,6,1,Jun_W1,0.000646,1548.0
Wilson's Phalarope,6,2,Jun_W2,0.0,1075.0
Wilson's Phalarope,6,3,Jun_W3,0.0018067,1107.0
Wilson's Phalarope,6,4,Jun_W4,0.0,1051.0
Wilson's Phalarope,7,1,Jul_W1,0.0,795.0
Wilson's Phalarope,7,2,Jul_W2,0.0,584.0
Wilson's Phalarope,7,3,Jul_W3,0.0,533.0
Wilson's Phalarope,7,4,Jul_W4,0.0,790.0
Wilson's Phalarope,8,1,Aug_W1,0.0,597.0
Wilson's Phalarope,8,2,Aug_W2,0.0,666.0
Wilson's Phalarope,8,3,Aug_W3,0.0,822.0
Wilson's Phalarope,8,4,Aug_W4,0.0,1123.0
Wilson's Phalarope,9,1,Sep_W1,0.0,909.0
Wilson's Phalarope,9,2,Sep_W2,0.0,957.0
Wilson's Phalarope,9,3,Sep_W3,0.0,963.0
Wilson's Phalarope,9,4,Sep_W4,0.0,1413.0
Wilson's Phalarope,10,1,Oct_W1,0.0,976.0
Wilson's Phalarope,10,2,Oct_W2,0.0,1330.0
Wilson's Phalarope,10,3,Oct_W3,0.0,1073.0
Wilson's Phalarope,10,4,Oct_W4,0.0,1123.0
Wilson's Phalarope,11,1,Nov_W1,0.0,686.0
Wilson's Phalarope,11,2,Nov_W2,0.0,662.0
Wilson's Phalarope,11,3,Nov_W3,0.0,428.0
Wilson's Phalarope,11,4,Nov_W4,0.0,339.0
Wilson's Phalarope,12,1,Dec_W1,0.0,213.0
Wilson's Phalarope,12,2,Dec_W2,0.0,275.0
Wilson's Phalarope,12,3,Dec_W3,0.0,318.0
Wilson's Phalarope,12,4,Dec_W4,0.0,931.0
Red Phalarope,1,1,Jan_W1,0.0,1028.0
Red Phalarope,1,2,Jan_W2,0.0,995.0
Red Phalarope,1,3,Jan_W3,0.0,1544.0
Red Phalarope,1,4,Jan_W4,0.0,1414.0
Red Phalarope,2,1,Feb_W1,0.0,1431.0
Red Phalarope,2,2,Feb_W2,0.0,1915.0
Red Phalarope,2,3,Feb_W3,0.0,1788.0
Red Phalarope,2,4,Feb_W4,0.0,669.0
Red Phalarope,3,1,Mar_W1,0.0,543.0
Red Phalarope,3,2,Mar_W2,0.0,364.0
Red Phalarope,3,3,Mar_W3,0.0,681.0
Red Phalarope,3,4,Mar_W4,0.0,1015.0
Red Phalarope,4,1,Apr_W1,0.0,752.0
Red Phalarope,4,2,Apr_W2,0.0,1082.0
Red Phalarope,4,3,Apr_W3,0.0,1195.0
Red Phalarope,4,4,Apr_W4,0.0,2785.0
Red Phalarope,5,1,May_W1,0.0,1461.0
Red Phalarope,5,2,May_W2,0.0,1400.0
Red Phalarope,5,3,May_W3,0.0,2046.0
Red Phalarope,5,4,May_W4,0.0,3943.0
Red Phalarope,6,1,Jun_W1,0.0,1548.0
Red Phalarope,6,2,Jun_W2,0.0,1075.0
Red Phalarope,6,3,Jun_W3,0.0,1107.0
Red Phalarope,6,4,Jun_W4,0.0,1051.0
Red Phalarope,7,1,Jul_W1,0.0,795.0
Red Phalarope,7,2,Jul_W2,0.0,584.0
Red Phalarope,7,3,Jul_W3,0.0,533.0
Red Phalarope,7,4,Jul_W4,0.0,790.0
Red Phalarope,8,1,Aug_W1,0.0,597.0
Red Phalarope,8,2,Aug_W2,0.0,666.0
Red Phalarope,8,3,Aug_W3,0.0,822.0
Red Phalarope,8,4,Aug_W4,0.0,1123.0
Red Phalarope,9,1,Sep_W1,0.0,909.0
Red Phalarope,9,2,Sep_W2,0.0015,957.0
Red Phalarope,9,3,Sep_W3,0.0,963.0
Red Phalarope,9,4,Sep_W4,0.0,1413.0
Red Phalarope,10,1,Oct_W1,0.0015,976.0
Red Phalarope,10,2,Oct_W2,0.006015,1330.0
Red Phalarope,10,3,Oct_W3,0.0055918,1073.0
Red Phalarope,10,4,Oct_W4,0.0195904,1123.0
Red Phalarope,11,1,Nov_W1,0.0029155,686.0
Red Phalarope,11,2,Nov_W2,0.010574,662.0
Red Phalarope,11,3,Nov_W3,0.0023364,428.0
Red Phalarope,11,4,Nov_W4,0.0,339.0
Red Phalarope,12,1,Dec_W1,0.0,213.0
Red Phalarope,12,2,Dec_W2,0.0,275.0
Red Phalarope,12,3,Dec_W3,0.0,318.0
Red Phalarope,12,4,Dec_W4,0.0,931.0
Red-necked Phalarope,1,1,Jan_W1,0.0,1028.0
Red-necked Phalarope,1,2,Jan_W2,0.0,995.0
Red-necked Phalarope,1,3,Jan_W3,0.0,1544.0
Red-necked Phalarope,1,4,Jan_W4,0.0,1414.0
Red-necked Phalarope,2,1,Feb_W1,0.0,1431.0
Red-necked Phalarope,2,2,Feb_W2,0.0,1915.0
Red-necked Phalarope,2,3,Feb_W3,0.0,1788.0
Red-necked Phalarope,2,4,Feb_W4,0.0,669.0
Red-necked Phalarope,3,1,Mar_W1,0.0,543.0
Red-necked Phalarope,3,2,Mar_W2,0.0,364.0
Red-necked Phalarope,3,3,Mar_W3,0.0,681.0
Red-necked Phalarope,3,4,Mar_W4,0.0,1015.0
Red-necked Phalarope,4,1,Apr_W1,0.0,752.0
Red-necked Phalarope,4,2,Apr_W2,0.0,1082.0
Red-necked Phalarope,4,3,Apr_W3,0.0,1195.0
Red-necked Phalarope,4,4,Apr_W4,0.0,2785.0
Red-necked Phalarope,5,1,May_W1,0.0,1461.0
Red-necked Phalarope,5,2,May_W2,0.0,1400.0
Red-necked Phalarope,5,3,May_W3,0.0,2046.0
Red-necked Phalarope,5,4,May_W4,0.0002536,3943.0
Red-necked Phalarope,6,1,Jun_W1,0.0,1548.0
Red-necked Phalarope,6,2,Jun_W2,0.0,1075.0
Red-necked Phalarope,6,3,Jun_W3,0.0,1107.0
Red-necked Phalarope,6,4,Jun_W4,0.0,1051.0
Red-necked Phalarope,7,1,Jul_W1,0.0,795.0
Red-necked Phalarope,7,2,Jul_W2,0.0,584.0
Red-necked Phalarope,7,3,Jul_W3,0.0018762,533.0
Red-necked Phalarope,7,4,Jul_W4,0.0,790.0
Red-necked Phalarope,8,1,Aug_W1,0.0,597.0
Red-necked Phalarope,8,2,Aug_W2,0.0,666.0
Red-necked Phalarope,8,3,Aug_W3,0.0024331,822.0
Red-necked Phalarope,8,4,Aug_W4,0.0026714,1123.0
Red-necked Phalarope,9,1,Sep_W1,0.0022002,909.0
Red-necked Phalarope,9,2,Sep_W2,0.0177638,957.0
Red-necked Phalarope,9,3,Sep_W3,0.0041537,963.0
Red-necked Phalarope,9,4,Sep_W4,0.0014154,1413.0
Red-necked Phalarope,10,1,Oct_W1,0.0020492,976.0
Red-necked Phalarope,10,2,Oct_W2,0.0030075,1330.0
Red-necked Phalarope,10,3,Oct_W3,0.0,1073.0
Red-necked Phalarope,10,4,Oct_W4,0.0,1123.0
Red-necked Phalarope,11,1,Nov_W1,0.0,686.0
Red-necked Phalarope,11,2,Nov_W2,0.0,662.0
Red-necked Phalarope,11,3,Nov_W3,0.0,428.0
Red-necked Phalarope,11,4,Nov_W4,0.0,339.0
Red-necked Phalarope,12,1,Dec_W1,0.0,213.0
Red-necked Phalarope,12,2,Dec_W2,0.0,275.0
Red-necked Phalarope,12,3,Dec_W3,0.0,318.0
Red-necked Phalarope,12,4,Dec_W4,0.0,931.0
Spotted Sandpiper,1,1,Jan_W1,0.0,1028.0
Spotted Sandpiper,1,2,Jan_W2,0.0,995.0
Spotted Sandpiper,1,3,Jan_W3,0.0,1544.0
Spotted Sandpiper,1,4,Jan_W4,0.0,1414.0
Spotted Sandpiper,2,1,Feb_W1,0.0,1431.0
Spotted Sandpiper,2,2,Feb_W2,0.0,1915.0
Spotted Sandpiper,2,3,Feb_W3,0.0,1788.0
Spotted Sandpiper,2,4,Feb_W4,0.0,669.0
Spotted Sandpiper,3,1,Mar_W1,0.0,543.0
Spotted Sandpiper,3,2,Mar_W2,0.0,364.0
Spotted Sandpiper,3,3,Mar_W3,0.0,681.0
Spotted Sandpiper,3,4,Mar_W4,0.0,1015.0
Spotted Sandpiper,4,1,Apr_W1,0.0,752.0
Spotted Sandpiper,4,2,Apr_W2,0.0,1082.0
Spotted Sandpiper,4,3,Apr_W3,0.0,1195.0
Spotted Sandpiper,4,4,Apr_W4,0.0028725,2785.0
Spotted Sandpiper,5,1,May_W1,0.026694,1461.0
Spotted Sandpiper,5,2,May_W2,0.0442857,1400.0
Spotted Sandpiper,5,3,May_W3,0.0987292,2046.0
Spotted Sandpiper,5,4,May_W4,0.0953589,3943.0
Spotted Sandpiper,6,1,Jun_W1,0.0826873,1548.0
Spotted Sandpiper,6,2,Jun_W2,0.1032558,1075.0
Spotted Sandpiper,6,3,Jun_W3,0.0794941,1107.0
Spotted Sandpiper,6,4,Jun_W4,0.0666032,1051.0
Spotted Sandpiper,7,1,Jul_W1,0.0716981,795.0
Spotted Sandpiper,7,2,Jul_W2,0.0890411,584.0
Spotted Sandpiper,7,3,Jul_W3,0.0863039,533.0
Spotted Sandpiper,7,4,Jul_W4,0.1126582,790.0
Spotted Sandpiper,8,1,Aug_W1,0.1088777,597.0
Spotted Sandpiper,8,2,Aug_W2,0.1036036,666.0
Spotted Sandpiper,8,3,Aug_W3,0.0961071,822.0
Spotted Sandpiper,8,4,Aug_W4,0.0596616,1123.0
Spotted Sandpiper,9,1,Sep_W1,0.0352035,909.0
Spotted Sandpiper,9,2,Sep_W2,0.0177638,957.0
Spotted Sandpiper,9,3,Sep_W3,0.0134995,963.0
Spotted Sandpiper,9,4,Sep_W4,0.0056617,1413.0
Spotted Sandpiper,10,1,Oct_W1,0.0040984,976.0
Spotted Sandpiper,10,2,Oct_W2,0.0,1330.0
Spotted Sandpiper,10,3,Oct_W3,0.0,1073.0
Spotted Sandpiper,10,4,Oct_W4,0.0,1123.0
Spotted Sandpiper,11,1,Nov_W1,0.0,686.0
Spotted Sandpiper,11,2,Nov_W2,0.0,662.0
Spotted Sandpiper,11,3,Nov_W3,0.0,428.0
Spotted Sandpiper,11,4,Nov_W4,0.0,339.0
Spotted Sandpiper,12,1,Dec_W1,0.0,213.0
Spotted Sandpiper,12,2,Dec_W2,0.0,275.0
Spotted Sandpiper,12,3,Dec_W3,0.0,318.0
Spotted Sandpiper,12,4,Dec_W4,0.0,931.0
Solitary Sandpiper,1,1,Jan_W1,0.0,1028.0
Solitary Sandpiper,1,2,Jan_W2,0.0,995.0
Solitary Sandpiper,1,3,Jan_W3,0.0,1544.0
Solitary Sandpiper,1,4,Jan_W4,0.0,1414.0
Solitary Sandpiper,2,1,Feb_W1,0.0,1431.0
Solitary Sandpiper,2,2,Feb_W2,0.0,1915.0
Solitary Sandpiper,2,3,Feb_W3,0.0,1788.0
Solitary Sandpiper,2,4,Feb_W4,0.0,669.0
Solitary Sandpiper,3,1,Mar_W1,0.0,543.0
Solitary Sandpiper,3,2,Mar_W2,0.0,364.0
Solitary Sandpiper,3,3,Mar_W3,0.0,681.0
Solitary Sandpiper,3,4,Mar_W4,0.0,1015.0
Solitary Sandpiper,4,1,Apr_W1,0.0,752.0
Solitary Sandpiper,4,2,Apr_W2,0.0009242,1082.0
Solitary Sandpiper,4,3,Apr_W3,0.0016736,1195.0
Solitary Sandpiper,4,4,Apr_W4,0.0021544,2785.0
Solitary Sandpiper,5,1,May_W1,0.0171116,1461.0
Solitary Sandpiper,5,2,May_W2,0.05,1400.0
Solitary Sandpiper,5,3,May_W3,0.0166178,2046.0
Solitary Sandpiper,5,4,May_W4,0.0081156,3943.0
Solitary Sandpiper,6,1,Jun_W1,0.001292,1548.0
Solitary Sandpiper,6,2,Jun_W2,0.0,1075.0
Solitary Sandpiper,6,3,Jun_W3,0.0,1107.0
Solitary Sandpiper,6,4,Jun_W4,0.0,1051.0
Solitary Sandpiper,7,1,Jul_W1,0.0015,795.0
Solitary Sandpiper,7,2,Jul_W2,0.0119863,584.0
Solitary Sandpiper,7,3,Jul_W3,0.0093809,533.0
Solitary Sandpiper,7,4,Jul_W4,0.0101266,790.0
Solitary Sandpiper,8,1,Aug_W1,0.0201005,597.0
Solitary Sandpiper,8,2,Aug_W2,0.027027,666.0
Solitary Sandpiper,8,3,Aug_W3,0.0900243,822.0
Solitary Sandpiper,8,4,Aug_W4,0.0534283,1123.0
Solitary Sandpiper,9,1,Sep_W1,0.039604,909.0
Solitary Sandpiper,9,2,Sep_W2,0.0271682,957.0
Solitary Sandpiper,9,3,Sep_W3,0.0228453,963.0
Solitary Sandpiper,9,4,Sep_W4,0.0035386,1413.0
Solitary Sandpiper,10,1,Oct_W1,0.0020492,976.0
Solitary Sandpiper,10,2,Oct_W2,0.0,1330.0
Solitary Sandpiper,10,3,Oct_W3,0.0,1073.0
Solitary Sandpiper,10,4,Oct_W4,0.0,1123.0
Solitary Sandpiper,11,1,Nov_W1,0.0,686.0
Solitary Sandpiper,11,2,Nov_W2,0.0,662.0
Solitary Sandpiper,11,3,Nov_W3,0.0,428.0
Solitary Sandpiper,11,4,Nov_W4,0.0,339.0
Solitary Sandpiper,12,1,Dec_W1,0.0,213.0
Solitary Sandpiper,12,2,Dec_W2,0.0,275.0
Solitary Sandpiper,12,3,Dec_W3,0.0,318.0
Solitary Sandpiper,12,4,Dec_W4,0.0,931.0
Lesser Yellowlegs,1,1,Jan_W1,0.0,1028.0
Lesser Yellowlegs,1,2,Jan_W2,0.0,995.0
Lesser Yellowlegs,1,3,Jan_W3,0.0,1544.0
Lesser Yellowlegs,1,4,Jan_W4,0.0,1414.0
Lesser Yellowlegs,2,1,Feb_W1,0.0,1431.0
Lesser Yellowlegs,2,2,Feb_W2,0.0,1915.0
Lesser Yellowlegs,2,3,Feb_W3,0.0,1788.0
Lesser Yellowlegs,2,4,Feb_W4,0.0,669.0
Lesser Yellowlegs,3,1,Mar_W1,0.0,543.0
Lesser Yellowlegs,3,2,Mar_W2,0.0,364.0
Lesser Yellowlegs,3,3,Mar_W3,0.0,681.0
Lesser Yellowlegs,3,4,Mar_W4,0.0,1015.0
Lesser Yellowlegs,4,1,Apr_W1,0.0,752.0
Lesser Yellowlegs,4,2,Apr_W2,0.0036969,1082.0
Lesser Yellowlegs,4,3,Apr_W3,0.0083682,1195.0
Lesser Yellowlegs,4,4,Apr_W4,0.0154399,2785.0
Lesser Yellowlegs,5,1,May_W1,0.0396988,1461.0
Lesser Yellowlegs,5,2,May_W2,0.0564286,1400.0
Lesser Yellowlegs,5,3,May_W3,0.0454545,2046.0
Lesser Yellowlegs,5,4,May_W4,0.0202891,3943.0
Lesser Yellowlegs,6,1,Jun_W1,0.004522,1548.0
Lesser Yellowlegs,6,2,Jun_W2,0.0,1075.0
Lesser Yellowlegs,6,3,Jun_W3,0.0,1107.0
Lesser Yellowlegs,6,4,Jun_W4,0.0028544,1051.0
Lesser Yellowlegs,7,1,Jul_W1,0.0113208,795.0
Lesser Yellowlegs,7,2,Jul_W2,0.0308219,584.0
Lesser Yellowlegs,7,3,Jul_W3,0.0225141,533.0
Lesser Yellowlegs,7,4,Jul_W4,0.0455696,790.0
Lesser Yellowlegs,8,1,Aug_W1,0.0485762,597.0
Lesser Yellowlegs,8,2,Aug_W2,0.0525526,666.0
Lesser Yellowlegs,8,3,Aug_W3,0.1277372,822.0
Lesser Yellowlegs,8,4,Aug_W4,0.096171,1123.0
Lesser Yellowlegs,9,1,Sep_W1,0.0517052,909.0
Lesser Yellowlegs,9,2,Sep_W2,0.0574713,957.0
Lesser Yellowlegs,9,3,Sep_W3,0.0280374,963.0
Lesser Yellowlegs,9,4,Sep_W4,0.0113234,1413.0
Lesser Yellowlegs,10,1,Oct_W1,0.0092213,976.0
Lesser Yellowlegs,10,2,Oct_W2,0.0090226,1330.0
Lesser Yellowlegs,10,3,Oct_W3,0.0083877,1073.0
Lesser Yellowlegs,10,4,Oct_W4,0.0035619,1123.0
Lesser Yellowlegs,11,1,Nov_W1,0.0,686.0
Lesser Yellowlegs,11,2,Nov_W2,0.0030211,662.0
Lesser Yellowlegs,11,3,Nov_W3,0.0,428.0
Lesser Yellowlegs,11,4,Nov_W4,0.0,339.0
Lesser Yellowlegs,12,1,Dec_W1,0.0,213.0
Lesser Yellowlegs,12,2,Dec_W2,0.0,275.0
Lesser Yellowlegs,12,3,Dec_W3,0.0,318.0
Lesser Yellowlegs,12,4,Dec_W4,0.0,931.0
Willet,1,1,Jan_W1,0.0,1028.0
Willet,1,2,Jan_W2,0.0,995.0
Willet,1,3,Jan_W3,0.0,1544.0
Willet,1,4,Jan_W4,0.0,1414.0
Willet,2,1,Feb_W1,0.0,1431.0
Willet,2,2,Feb_W2,0.0,1915.0
Willet,2,3,Feb_W3,0.0,1788.0
Willet,2,4,Feb_W4,0.0,669.0
Willet,3,1,Mar_W1,0.0,543.0
Willet,3,2,Mar_W2,0.0,364.0
Willet,3,3,Mar_W3,0.0,681.0
Willet,3,4,Mar_W4,0.0,1015.0
Willet,4,1,Apr_W1,0.0,752.0
Willet,4,2,Apr_W2,0.0,1082.0
Willet,4,3,Apr_W3,0.0,1195.0
Willet,4,4,Apr_W4,0.0007181,2785.0
Willet,5,1,May_W1,0.0041068,1461.0
Willet,5,2,May_W2,0.0014286,1400.0
Willet,5,3,May_W3,0.001955,2046.0
Willet,5,4,May_W4,0.0053259,3943.0
Willet,6,1,Jun_W1,0.000646,1548.0
Willet,6,2,Jun_W2,0.0015,1075.0
Willet,6,3,Jun_W3,0.0,1107.0
Willet,6,4,Jun_W4,0.0028544,1051.0
Willet,7,1,Jul_W1,0.0037736,795.0
Willet,7,2,Jul_W2,0.0,584.0
Willet,7,3,Jul_W3,0.0037523,533.0
Willet,7,4,Jul_W4,0.0,790.0
Willet,8,1,Aug_W1,0.0,597.0
Willet,8,2,Aug_W2,0.0,666.0
Willet,8,3,Aug_W3,0.0024331,822.0
Willet,8,4,Aug_W4,0.0017809,1123.0
Willet,9,1,Sep_W1,0.0022002,909.0
Willet,9,2,Sep_W2,0.0020899,957.0
Willet,9,3,Sep_W3,0.0,963.0
Willet,9,4,Sep_W4,0.0,1413.0
Willet,10,1,Oct_W1,0.0194672,976.0
Willet,10,2,Oct_W2,0.0,1330.0
Willet,10,3,Oct_W3,0.0,1073.0
Willet,10,4,Oct_W4,0.0,1123.0
Willet,11,1,Nov_W1,0.0,686.0
Willet,11,2,Nov_W2,0.0,662.0
Willet,11,3,Nov_W3,0.0,428.0
Willet,11,4,Nov_W4,0.0,339.0
Willet,12,1,Dec_W1,0.0,213.0
Willet,12,2,Dec_W2,0.0,275.0
Willet,12,3,Dec_W3,0.0,318.0
Willet,12,4,Dec_W4,0.0,931.0
Greater Yellowlegs,1,1,Jan_W1,0.0,1028.0
Greater Yellowlegs,1,2,Jan_W2,0.0,995.0
Greater Yellowlegs,1,3,Jan_W3,0.0,1544.0
Greater Yellowlegs,1,4,Jan_W4,0.0,1414.0
Greater Yellowlegs,2,1,Feb_W1,0.0,1431.0
Greater Yellowlegs,2,2,Feb_W2,0.0,1915.0
Greater Yellowlegs,2,3,Feb_W3,0.0,1788.0
Greater Yellowlegs,2,4,Feb_W4,0.0,669.0
Greater Yellowlegs,3,1,Mar_W1,0.0,543.0
Greater Yellowlegs,3,2,Mar_W2,0.0,364.0
Greater Yellowlegs,3,3,Mar_W3,0.0,681.0
Greater Yellowlegs,3,4,Mar_W4,0.0,1015.0
Greater Yellowlegs,4,1,Apr_W1,0.0,752.0
Greater Yellowlegs,4,2,Apr_W2,0.012939,1082.0
Greater Yellowlegs,4,3,Apr_W3,0.0527197,1195.0
Greater Yellowlegs,4,4,Apr_W4,0.0933573,2785.0
Greater Yellowlegs,5,1,May_W1,0.1211499,1461.0
Greater Yellowlegs,5,2,May_W2,0.0514286,1400.0
Greater Yellowlegs,5,3,May_W3,0.0332356,2046.0
Greater Yellowlegs,5,4,May_W4,0.0126807,3943.0
Greater Yellowlegs,6,1,Jun_W1,0.002584,1548.0
Greater Yellowlegs,6,2,Jun_W2,0.0009302,1075.0
Greater Yellowlegs,6,3,Jun_W3,0.0,1107.0
Greater Yellowlegs,6,4,Jun_W4,0.0019029,1051.0
Greater Yellowlegs,7,1,Jul_W1,0.0062893,795.0
Greater Yellowlegs,7,2,Jul_W2,0.015411,584.0
Greater Yellowlegs,7,3,Jul_W3,0.0131332,533.0
Greater Yellowlegs,7,4,Jul_W4,0.0316456,790.0
Greater Yellowlegs,8,1,Aug_W1,0.0435511,597.0
Greater Yellowlegs,8,2,Aug_W2,0.033033,666.0
Greater Yellowlegs,8,3,Aug_W3,0.0656934,822.0
Greater Yellowlegs,8,4,Aug_W4,0.0436331,1123.0
Greater Yellowlegs,9,1,Sep_W1,0.0605061,909.0
Greater Yellowlegs,9,2,Sep_W2,0.0658307,957.0
Greater Yellowlegs,9,3,Sep_W3,0.0488058,963.0
Greater Yellowlegs,9,4,Sep_W4,0.0318471,1413.0
Greater Yellowlegs,10,1,Oct_W1,0.0461066,976.0
Greater Yellowlegs,10,2,Oct_W2,0.0165414,1330.0
Greater Yellowlegs,10,3,Oct_W3,0.0251631,1073.0
Greater Yellowlegs,10,4,Oct_W4,0.048976,1123.0
Greater Yellowlegs,11,1,Nov_W1,0.0218659,686.0
Greater Yellowlegs,11,2,Nov_W2,0.0045317,662.0
Greater Yellowlegs,11,3,Nov_W3,0.0,428.0
Greater Yellowlegs,11,4,Nov_W4,0.0,339.0
Greater Yellowlegs,12,1,Dec_W1,0.0,213.0
Greater Yellowlegs,12,2,Dec_W2,0.0,275.0
Greater Yellowlegs,12,3,Dec_W3,0.0,318.0
Greater Yellowlegs,12,4,Dec_W4,0.0,931.0
Ruddy Turnstone,1,1,Jan_W1,0.0,1028.0
Ruddy Turnstone,1,2,Jan_W2,0.0,995.0
Ruddy Turnstone,1,3,Jan_W3,0.0,1544.0
Ruddy Turnstone,1,4,Jan_W4,0.0,1414.0
Ruddy Turnstone,2,1,Feb_W1,0.0,1431.0
Ruddy Turnstone,2,2,Feb_W2,0.0,1915.0
Ruddy Turnstone,2,3,Feb_W3,0.0,1788.0
Ruddy Turnstone,2,4,Feb_W4,0.0,669.0
Ruddy Turnstone,3,1,Mar_W1,0.0,543.0
Ruddy Turnstone,3,2,Mar_W2,0.0,364.0
Ruddy Turnstone,3,3,Mar_W3,0.0,681.0
Ruddy Turnstone,3,4,Mar_W4,0.0,1015.0
Ruddy Turnstone,4,1,Apr_W1,0.0,752.0
Ruddy Turnstone,4,2,Apr_W2,0.0,1082.0
Ruddy Turnstone,4,3,Apr_W3,0.0,1195.0
Ruddy Turnstone,4,4,Apr_W4,0.0015,2785.0
Ruddy Turnstone,5,1,May_W1,0.0,1461.0
Ruddy Turnstone,5,2,May_W2,0.0007143,1400.0
Ruddy Turnstone,5,3,May_W3,0.0171065,2046.0
Ruddy Turnstone,5,4,May_W4,0.0798884,3943.0
Ruddy Turnstone,6,1,Jun_W1,0.0245478,1548.0
Ruddy Turnstone,6,2,Jun_W2,0.0111628,1075.0
Ruddy Turnstone,6,3,Jun_W3,0.00271,1107.0
Ruddy Turnstone,6,4,Jun_W4,0.0009515,1051.0
Ruddy Turnstone,7,1,Jul_W1,0.0037736,795.0
Ruddy Turnstone,7,2,Jul_W2,0.0,584.0
Ruddy Turnstone,7,3,Jul_W3,0.0037523,533.0
Ruddy Turnstone,7,4,Jul_W4,0.0113924,790.0
Ruddy Turnstone,8,1,Aug_W1,0.0150754,597.0
Ruddy Turnstone,8,2,Aug_W2,0.0105105,666.0
Ruddy Turnstone,8,3,Aug_W3,0.0352798,822.0
Ruddy Turnstone,8,4,Aug_W4,0.0863758,1123.0
Ruddy Turnstone,9,1,Sep_W1,0.0407041,909.0
Ruddy Turnstone,9,2,Sep_W2,0.0417973,957.0
Ruddy Turnstone,9,3,Sep_W3,0.0488058,963.0
Ruddy Turnstone,9,4,Sep_W4,0.0042463,1413.0
Ruddy Turnstone,10,1,Oct_W1,0.0010246,976.0
Ruddy Turnstone,10,2,Oct_W2,0.0,1330.0
Ruddy Turnstone,10,3,Oct_W3,0.0015,1073.0
Ruddy Turnstone,10,4,Oct_W4,0.0008905,1123.0
Ruddy Turnstone,11,1,Nov_W1,0.0,686.0
Ruddy Turnstone,11,2,Nov_W2,0.0,662.0
Ruddy Turnstone,11,3,Nov_W3,0.0,428.0
Ruddy Turnstone,11,4,Nov_W4,0.0,339.0
Ruddy Turnstone,12,1,Dec_W1,0.0,213.0
Ruddy Turnstone,12,2,Dec_W2,0.0,275.0
Ruddy Turnstone,12,3,Dec_W3,0.0,318.0
Ruddy Turnstone,12,4,Dec_W4,0.0,931.0
Red Knot,1,1,Jan_W1,0.0,1028.0
Red Knot,1,2,Jan_W2,0.0,995.0
Red Knot,1,3,Jan_W3,0.0,1544.0
Red Knot,1,4,Jan_W4,0.0,1414.0
Red Knot,2,1,Feb_W1,0.0,1431.0
Red Knot,2,2,Feb_W2,0.0,1915.0
Red Knot,2,3,Feb_W3,0.0,1788.0
Red Knot,2,4,Feb_W4,0.0,669.0
Red Knot,3,1,Mar_W1,0.0,543.0
Red Knot,3,2,Mar_W2,0.0,364.0
Red Knot,3,3,Mar_W3,0.0,681.0
Red Knot,3,4,Mar_W4,0.0,1015.0
Red Knot,4,1,Apr_W1,0.0,752.0
Red Knot,4,2,Apr_W2,0.0,1082.0
Red Knot,4,3,Apr_W3,0.0,1195.0
Red Knot,4,4,Apr_W4,0.0,2785.0
Red Knot,5,1,May_W1,0.0,1461.0
Red Knot,5,2,May_W2,0.0,1400.0
Red Knot,5,3,May_W3,0.0024438,2046.0
Red Knot,5,4,May_W4,0.0121735,3943.0
Red Knot,6,1,Jun_W1,0.003876,1548.0
Red Knot,6,2,Jun_W2,0.0009302,1075.0
Red Knot,6,3,Jun_W3,0.0,1107.0
Red Knot,6,4,Jun_W4,0.0,1051.0
Red Knot,7,1,Jul_W1,0.0,795.0
Red Knot,7,2,Jul_W2,0.0,584.0
Red Knot,7,3,Jul_W3,0.0,533.0
Red Knot,7,4,Jul_W4,0.0,790.0
Red Knot,8,1,Aug_W1,0.0,597.0
Red Knot,8,2,Aug_W2,0.0,666.0
Red Knot,8,3,Aug_W3,0.0072993,822.0
Red Knot,8,4,Aug_W4,0.0115761,1123.0
Red Knot,9,1,Sep_W1,0.0066007,909.0
Red Knot,9,2,Sep_W2,0.0031348,957.0
Red Knot,9,3,Sep_W3,0.0020768,963.0
Red Knot,9,4,Sep_W4,0.0028309,1413.0
Red Knot,10,1,Oct_W1,0.0,976.0
Red Knot,10,2,Oct_W2,0.0,1330.0
Red Knot,10,3,Oct_W3,0.0,1073.0
Red Knot,10,4,Oct_W4,0.0,1123.0
Red Knot,11,1,Nov_W1,0.0,686.0
Red Knot,11,2,Nov_W2,0.0,662.0
Red Knot,11,3,Nov_W3,0.0,428.0
Red Knot,11,4,Nov_W4,0.0,339.0
Red Knot,12,1,Dec_W1,0.0,213.0
Red Knot,12,2,Dec_W2,0.0,275.0
Red Knot,12,3,Dec_W3,0.0,318.0
Red Knot,12,4,Dec_W4,0.0,931.0
Ruff,1,1,Jan_W1,0.0,1028.0
Ruff,1,2,Jan_W2,0.0,995.0
Ruff,1,3,Jan_W3,0.0,1544.0
Ruff,1,4,Jan_W4,0.0,1414.0
Ruff,2,1,Feb_W1,0.0,1431.0
Ruff,2,2,Feb_W2,0.0,1915.0
Ruff,2,3,Feb_W3,0.0,1788.0
Ruff,2,4,Feb_W4,0.0,669.0
Ruff,3,1,Mar_W1,0.0,543.0
Ruff,3,2,Mar_W2,0.0,364.0
Ruff,3,3,Mar_W3,0.0,681.0
Ruff,3,4,Mar_W4,0.0,1015.0
Ruff,4,1,Apr_W1,0.0,752.0
Ruff,4,2,Apr_W2,0.0,1082.0
Ruff,4,3,Apr_W3,0.0,1195.0
Ruff,4,4,Apr_W4,0.0,2785.0
Ruff,5,1,May_W1,0.0,1461.0
Ruff,5,2,May_W2,0.0,1400.0
Ruff,5,3,May_W3,0.0068426,2046.0
Ruff,5,4,May_W4,0.0055795,3943.0
Ruff,6,1,Jun_W1,0.0,1548.0
Ruff,6,2,Jun_W2,0.0,1075.0
Ruff,6,3,Jun_W3,0.0,1107.0
Ruff,6,4,Jun_W4,0.0,1051.0
Ruff,7,1,Jul_W1,0.0,795.0
Ruff,7,2,Jul_W2,0.0,584.0
Ruff,7,3,Jul_W3,0.0,533.0
Ruff,7,4,Jul_W4,0.0,790.0
Ruff,8,1,Aug_W1,0.0,597.0
Ruff,8,2,Aug_W2,0.0,666.0
Ruff,8,3,Aug_W3,0.0,822.0
Ruff,8,4,Aug_W4,0.0,1123.0
Ruff,9,1,Sep_W1,0.0,909.0
Ruff,9,2,Sep_W2,0.0,957.0
Ruff,9,3,Sep_W3,0.0,963.0
Ruff,9,4,Sep_W4,0.0,1413.0
Ruff,10,1,Oct_W1,0.0,976.0
Ruff,10,2,Oct_W2,0.0,1330.0
Ruff,10,3,Oct_W3,0.0,1073.0
Ruff,10,4,Oct_W4,0.0,1123.0
Ruff,11,1,Nov_W1,0.0,686.0
Ruff,11,2,Nov_W2,0.0,662.0
Ruff,11,3,Nov_W3,0.0,428.0
Ruff,11,4,Nov_W4,0.0,339.0
Ruff,12,1,Dec_W1,0.0,213.0
Ruff,12,2,Dec_W2,0.0,275.0
Ruff,12,3,Dec_W3,0.0,318.0
Ruff,12,4,Dec_W4,0.0,931.0
Stilt Sandpiper,1,1,Jan_W1,0.0,1028.0
Stilt Sandpiper,1,2,Jan_W2,0.0,995.0
Stilt Sandpiper,1,3,Jan_W3,0.0,1544.0
Stilt Sandpiper,1,4,Jan_W4,0.0,1414.0
Stilt Sandpiper,2,1,Feb_W1,0.0,1431.0
Stilt Sandpiper,2,2,Feb_W2,0.0,1915.0
Stilt Sandpiper,2,3,Feb_W3,0.0,1788.0
Stilt Sandpiper,2,4,Feb_W4,0.0,669.0
Stilt Sandpiper,3,1,Mar_W1,0.0,543.0
Stilt Sandpiper,3,2,Mar_W2,0.0,364.0
Stilt Sandpiper,3,3,Mar_W3,0.0,681.0
Stilt Sandpiper,3,4,Mar_W4,0.0,1015.0
Stilt Sandpiper,4,1,Apr_W1,0.0,752.0
Stilt Sandpiper,4,2,Apr_W2,0.0,1082.0
Stilt Sandpiper,4,3,Apr_W3,0.0,1195.0
Stilt Sandpiper,4,4,Apr_W4,0.0,2785.0
Stilt Sandpiper,5,1,May_W1,0.0,1461.0
Stilt Sandpiper,5,2,May_W2,0.0,1400.0
Stilt Sandpiper,5,3,May_W3,0.0,2046.0
Stilt Sandpiper,5,4,May_W4,0.0012681,3943.0
Stilt Sandpiper,6,1,Jun_W1,0.0,1548.0
Stilt Sandpiper,6,2,Jun_W2,0.0,1075.0
Stilt Sandpiper,6,3,Jun_W3,0.0,1107.0
Stilt Sandpiper,6,4,Jun_W4,0.0,1051.0
Stilt Sandpiper,7,1,Jul_W1,0.0,795.0
Stilt Sandpiper,7,2,Jul_W2,0.0017123,584.0
Stilt Sandpiper,7,3,Jul_W3,0.0015,533.0
Stilt Sandpiper,7,4,Jul_W4,0.0,790.0
Stilt Sandpiper,8,1,Aug_W1,0.0,597.0
Stilt Sandpiper,8,2,Aug_W2,0.0075075,666.0
Stilt Sandpiper,8,3,Aug_W3,0.0072993,822.0
Stilt Sandpiper,8,4,Aug_W4,0.0222618,1123.0
Stilt Sandpiper,9,1,Sep_W1,0.0011001,909.0
Stilt Sandpiper,9,2,Sep_W2,0.0,957.0
Stilt Sandpiper,9,3,Sep_W3,0.0041537,963.0
Stilt Sandpiper,9,4,Sep_W4,0.0,1413.0
Stilt Sandpiper,10,1,Oct_W1,0.0,976.0
Stilt Sandpiper,10,2,Oct_W2,0.0,1330.0
Stilt Sandpiper,10,3,Oct_W3,0.0037279,1073.0
Stilt Sandpiper,10,4,Oct_W4,0.0,1123.0
Stilt Sandpiper,11,1,Nov_W1,0.0,686.0
Stilt Sandpiper,11,2,Nov_W2,0.0,662.0
Stilt Sandpiper,11,3,Nov_W3,0.0,428.0
Stilt Sandpiper,11,4,Nov_W4,0.0,339.0
Stilt Sandpiper,12,1,Dec_W1,0.0,213.0
Stilt Sandpiper,12,2,Dec_W2,0.0,275.0
Stilt Sandpiper,12,3,Dec_W3,0.0,318.0
Stilt Sandpiper,12,4,Dec_W4,0.0,931.0
Buff-breasted Sandpiper,1,1,Jan_W1,0.0,1028.0
Buff-breasted Sandpiper,1,2,Jan_W2,0.0,995.0
Buff-breasted Sandpiper,1,3,Jan_W3,0.0,1544.0
Buff-breasted Sandpiper,1,4,Jan_W4,0.0,1414.0
Buff-breasted Sandpiper,2,1,Feb_W1,0.0,1431.0
Buff-breasted Sandpiper,2,2,Feb_W2,0.0,1915.0
Buff-breasted Sandpiper,2,3,Feb_W3,0.0,1788.0
Buff-breasted Sandpiper,2,4,Feb_W4,0.0,669.0
Buff-breasted Sandpiper,3,1,Mar_W1,0.0,543.0
Buff-breasted Sandpiper,3,2,Mar_W2,0.0,364.0
Buff-breasted Sandpiper,3,3,Mar_W3,0.0,681.0
Buff-breasted Sandpiper,3,4,Mar_W4,0.0,1015.0
Buff-breasted Sandpiper,4,1,Apr_W1,0.0,752.0
Buff-breasted Sandpiper,4,2,Apr_W2,0.0,1082.0
Buff-breasted Sandpiper,4,3,Apr_W3,0.0,1195.0
Buff-breasted Sandpiper,4,4,Apr_W4,0.0,2785.0
Buff-breasted Sandpiper,5,1,May_W1,0.0,1461.0
Buff-breasted Sandpiper,5,2,May_W2,0.0,1400.0
Buff-breasted Sandpiper,5,3,May_W3,0.0,2046.0
Buff-breasted Sandpiper,5,4,May_W4,0.0,3943.0
Buff-breasted Sandpiper,6,1,Jun_W1,0.0,1548.0
Buff-breasted Sandpiper,6,2,Jun_W2,0.0,1075.0
Buff-breasted Sandpiper,6,3,Jun_W3,0.0,1107.0
Buff-breasted Sandpiper,6,4,Jun_W4,0.0,1051.0
Buff-breasted Sandpiper,7,1,Jul_W1,0.0,795.0
Buff-breasted Sandpiper,7,2,Jul_W2,0.0,584.0
Buff-breasted Sandpiper,7,3,Jul_W3,0.0,533.0
Buff-breasted Sandpiper,7,4,Jul_W4,0.0015,790.0
Buff-breasted Sandpiper,8,1,Aug_W1,0.0067002,597.0
Buff-breasted Sandpiper,8,2,Aug_W2,0.006006,666.0
Buff-breasted Sandpiper,8,3,Aug_W3,0.0279805,822.0
Buff-breasted Sandpiper,8,4,Aug_W4,0.0694568,1123.0
Buff-breasted Sandpiper,9,1,Sep_W1,0.0913091,909.0
Buff-breasted Sandpiper,9,2,Sep_W2,0.0783699,957.0
Buff-breasted Sandpiper,9,3,Sep_W3,0.0083074,963.0
Buff-breasted Sandpiper,9,4,Sep_W4,0.004954,1413.0
Buff-breasted Sandpiper,10,1,Oct_W1,0.0,976.0
Buff-breasted Sandpiper,10,2,Oct_W2,0.0,1330.0
Buff-breasted Sandpiper,10,3,Oct_W3,0.0,1073.0
Buff-breasted Sandpiper,10,4,Oct_W4,0.0,1123.0
Buff-breasted Sandpiper,11,1,Nov_W1,0.0,686.0
Buff-breasted Sandpiper,11,2,Nov_W2,0.0,662.0
Buff-breasted Sandpiper,11,3,Nov_W3,0.0,428.0
Buff-breasted Sandpiper,11,4,Nov_W4,0.0,339.0
Buff-breasted Sandpiper,12,1,Dec_W1,0.0,213.0
Buff-breasted Sandpiper,12,2,Dec_W2,0.0,275.0
Buff-breasted Sandpiper,12,3,Dec_W3,0.0,318.0
Buff-breasted Sandpiper,12,4,Dec_W4,0.0,931.0
Sanderling,1,1,Jan_W1,0.0,1028.0
Sanderling,1,2,Jan_W2,0.0,995.0
Sanderling,1,3,Jan_W3,0.0,1544.0
Sanderling,1,4,Jan_W4,0.0,1414.0
Sanderling,2,1,Feb_W1,0.0,1431.0
Sanderling,2,2,Feb_W2,0.0,1915.0
Sanderling,2,3,Feb_W3,0.0,1788.0
Sanderling,2,4,Feb_W4,0.0,669.0
Sanderling,3,1,Mar_W1,0.0,543.0
Sanderling,3,2,Mar_W2,0.0,364.0
Sanderling,3,3,Mar_W3,0.0,681.0
Sanderling,3,4,Mar_W4,0.0,1015.0
Sanderling,4,1,Apr_W1,0.0,752.0
Sanderling,4,2,Apr_W2,0.0015,1082.0
Sanderling,4,3,Apr_W3,0.0066946,1195.0
Sanderling,4,4,Apr_W4,0.0032316,2785.0
Sanderling,5,1,May_W1,0.0095825,1461.0
Sanderling,5,2,May_W2,0.0228571,1400.0
Sanderling,5,3,May_W3,0.0410557,2046.0
Sanderling,5,4,May_W4,0.1052498,3943.0
Sanderling,6,1,Jun_W1,0.0529716,1548.0
Sanderling,6,2,Jun_W2,0.0316279,1075.0
Sanderling,6,3,Jun_W3,0.0144535,1107.0
Sanderling,6,4,Jun_W4,0.0076118,1051.0
Sanderling,7,1,Jul_W1,0.0125786,795.0
Sanderling,7,2,Jul_W2,0.0256849,584.0
Sanderling,7,3,Jul_W3,0.0881801,533.0
Sanderling,7,4,Jul_W4,0.0759494,790.0
Sanderling,8,1,Aug_W1,0.0921273,597.0
Sanderling,8,2,Aug_W2,0.0915916,666.0
Sanderling,8,3,Aug_W3,0.1934307,822.0
Sanderling,8,4,Aug_W4,0.2724844,1123.0
Sanderling,9,1,Sep_W1,0.3311331,909.0
Sanderling,9,2,Sep_W2,0.3051202,957.0
Sanderling,9,3,Sep_W3,0.278297,963.0
Sanderling,9,4,Sep_W4,0.1854211,1413.0
Sanderling,10,1,Oct_W1,0.119877,976.0
Sanderling,10,2,Oct_W2,0.0684211,1330.0
Sanderling,10,3,Oct_W3,0.0596459,1073.0
Sanderling,10,4,Oct_W4,0.0560997,1123.0
Sanderling,11,1,Nov_W1,0.0393586,686.0
Sanderling,11,2,Nov_W2,0.0468278,662.0
Sanderling,11,3,Nov_W3,0.0023364,428.0
Sanderling,11,4,Nov_W4,0.0,339.0
Sanderling,12,1,Dec_W1,0.0,213.0
Sanderling,12,2,Dec_W2,0.0,275.0
Sanderling,12,3,Dec_W3,0.0,318.0
Sanderling,12,4,Dec_W4,0.0,931.0
Dunlin,1,1,Jan_W1,0.0,1028.0
Dunlin,1,2,Jan_W2,0.0,995.0
Dunlin,1,3,Jan_W3,0.0,1544.0
Dunlin,1,4,Jan_W4,0.0,1414.0
Dunlin,2,1,Feb_W1,0.0,1431.0
Dunlin,2,2,Feb_W2,0.0,1915.0
Dunlin,2,3,Feb_W3,0.0,1788.0
Dunlin,2,4,Feb_W4,0.0,669.0
Dunlin,3,1,Mar_W1,0.0,543.0
Dunlin,3,2,Mar_W2,0.0,364.0
Dunlin,3,3,Mar_W3,0.0,681.0
Dunlin,3,4,Mar_W4,0.0,1015.0
Dunlin,4,1,Apr_W1,0.0,752.0
Dunlin,4,2,Apr_W2,0.0,1082.0
Dunlin,4,3,Apr_W3,0.0,1195.0
Dunlin,4,4,Apr_W4,0.0014363,2785.0
Dunlin,5,1,May_W1,0.0061602,1461.0
Dunlin,5,2,May_W2,0.0328571,1400.0
Dunlin,5,3,May_W3,0.1270772,2046.0
Dunlin,5,4,May_W4,0.1237636,3943.0
Dunlin,6,1,Jun_W1,0.0381137,1548.0
Dunlin,6,2,Jun_W2,0.0065116,1075.0
Dunlin,6,3,Jun_W3,0.0015,1107.0
Dunlin,6,4,Jun_W4,0.0,1051.0
Dunlin,7,1,Jul_W1,0.0,795.0
Dunlin,7,2,Jul_W2,0.0,584.0
Dunlin,7,3,Jul_W3,0.0,533.0
Dunlin,7,4,Jul_W4,0.0,790.0
Dunlin,8,1,Aug_W1,0.0,597.0
Dunlin,8,2,Aug_W2,0.0015015,666.0
Dunlin,8,3,Aug_W3,0.0,822.0
Dunlin,8,4,Aug_W4,0.0035619,1123.0
Dunlin,9,1,Sep_W1,0.0011001,909.0
Dunlin,9,2,Sep_W2,0.0041797,957.0
Dunlin,9,3,Sep_W3,0.0124611,963.0
Dunlin,9,4,Sep_W4,0.0226469,1413.0
Dunlin,10,1,Oct_W1,0.0389344,976.0
Dunlin,10,2,Oct_W2,0.0300752,1330.0
Dunlin,10,3,Oct_W3,0.0624418,1073.0
Dunlin,10,4,Oct_W4,0.064114,1123.0
Dunlin,11,1,Nov_W1,0.0553936,686.0
Dunlin,11,2,Nov_W2,0.0120846,662.0
Dunlin,11,3,Nov_W3,0.0023364,428.0
Dunlin,11,4,Nov_W4,0.0,339.0
Dunlin,12,1,Dec_W1,0.0,213.0
Dunlin,12,2,Dec_W2,0.0,275.0
Dunlin,12,3,Dec_W3,0.0,318.0
Dunlin,12,4,Dec_W4,0.0,931.0
Purple Sandpiper,1,1,Jan_W1,0.0,1028.0
Purple Sandpiper,1,2,Jan_W2,0.0,995.0
Purple Sandpiper,1,3,Jan_W3,0.0,1544.0
Purple Sandpiper,1,4,Jan_W4,0.0,1414.0
Purple Sandpiper,2,1,Feb_W1,0.0,1431.0
Purple Sandpiper,2,2,Feb_W2,0.0,1915.0
Purple Sandpiper,2,3,Feb_W3,0.0,1788.0
Purple Sandpiper,2,4,Feb_W4,0.0,669.0
Purple Sandpiper,3,1,Mar_W1,0.0,543.0
Purple Sandpiper,3,2,Mar_W2,0.0,364.0
Purple Sandpiper,3,3,Mar_W3,0.0,681.0
Purple Sandpiper,3,4,Mar_W4,0.0,1015.0
Purple Sandpiper,4,1,Apr_W1,0.0,752.0
Purple Sandpiper,4,2,Apr_W2,0.0,1082.0
Purple Sandpiper,4,3,Apr_W3,0.0,1195.0
Purple Sandpiper,4,4,Apr_W4,0.0,2785.0
Purple Sandpiper,5,1,May_W1,0.0,1461.0
Purple Sandpiper,5,2,May_W2,0.0,1400.0
Purple Sandpiper,5,3,May_W3,0.0,2046.0
Purple Sandpiper,5,4,May_W4,0.0,3943.0
Purple Sandpiper,6,1,Jun_W1,0.0,1548.0
Purple Sandpiper,6,2,Jun_W2,0.0,1075.0
Purple Sandpiper,6,3,Jun_W3,0.0,1107.0
Purple Sandpiper,6,4,Jun_W4,0.0,1051.0
Purple Sandpiper,7,1,Jul_W1,0.0,795.0
Purple Sandpiper,7,2,Jul_W2,0.0,584.0
Purple Sandpiper,7,3,Jul_W3,0.0,533.0
Purple Sandpiper,7,4,Jul_W4,0.0,790.0
Purple Sandpiper,8,1,Aug_W1,0.0,597.0
Purple Sandpiper,8,2,Aug_W2,0.0,666.0
Purple Sandpiper,8,3,Aug_W3,0.0,822.0
Purple Sandpiper,8,4,Aug_W4,0.0,1123.0
Purple Sandpiper,9,1,Sep_W1,0.0,909.0
Purple Sandpiper,9,2,Sep_W2,0.0052247,957.0
Purple Sandpiper,9,3,Sep_W3,0.0,963.0
Purple Sandpiper,9,4,Sep_W4,0.0,1413.0
Purple Sandpiper,10,1,Oct_W1,0.0,976.0
Purple Sandpiper,10,2,Oct_W2,0.0022556,1330.0
Purple Sandpiper,10,3,Oct_W3,0.0027959,1073.0
Purple Sandpiper,10,4,Oct_W4,0.0026714,1123.0
Purple Sandpiper,11,1,Nov_W1,0.0131195,686.0
Purple Sandpiper,11,2,Nov_W2,0.0015106,662.0
Purple Sandpiper,11,3,Nov_W3,0.0,428.0
Purple Sandpiper,11,4,Nov_W4,0.0029499,339.0
Purple Sandpiper,12,1,Dec_W1,0.0,213.0
Purple Sandpiper,12,2,Dec_W2,0.0,275.0
Purple Sandpiper,12,3,Dec_W3,0.0,318.0
Purple Sandpiper,12,4,Dec_W4,0.0,931.0
Baird's Sandpiper,1,1,Jan_W1,0.0,1028.0
Baird's Sandpiper,1,2,Jan_W2,0.0,995.0
Baird's Sandpiper,1,3,Jan_W3,0.0,1544.0
Baird's Sandpiper,1,4,Jan_W4,0.0,1414.0
Baird's Sandpiper,2,1,Feb_W1,0.0,1431.0
Baird's Sandpiper,2,2,Feb_W2,0.0,1915.0
Baird's Sandpiper,2,3,Feb_W3,0.0,1788.0
Baird's Sandpiper,2,4,Feb_W4,0.0,669.0
Baird's Sandpiper,3,1,Mar_W1,0.0,543.0
Baird's Sandpiper,3,2,Mar_W2,0.0,364.0
Baird's Sandpiper,3,3,Mar_W3,0.0,681.0
Baird's Sandpiper,3,4,Mar_W4,0.0,1015.0
Baird's Sandpiper,4,1,Apr_W1,0.0,752.0
Baird's Sandpiper,4,2,Apr_W2,0.0,1082.0
Baird's Sandpiper,4,3,Apr_W3,0.0,1195.0
Baird's Sandpiper,4,4,Apr_W4,0.0,2785.0
Baird's Sandpiper,5,1,May_W1,0.0,1461.0
Baird's Sandpiper,5,2,May_W2,0.0,1400.0
Baird's Sandpiper,5,3,May_W3,0.0,2046.0
Baird's Sandpiper,5,4,May_W4,0.0015,3943.0
Baird's Sandpiper,6,1,Jun_W1,0.0,1548.0
Baird's Sandpiper,6,2,Jun_W2,0.0,1075.0
Baird's Sandpiper,6,3,Jun_W3,0.0,1107.0
Baird's Sandpiper,6,4,Jun_W4,0.0,1051.0
Baird's Sandpiper,7,1,Jul_W1,0.0,795.0
Baird's Sandpiper,7,2,Jul_W2,0.0068493,584.0
Baird's Sandpiper,7,3,Jul_W3,0.0093809,533.0
Baird's Sandpiper,7,4,Jul_W4,0.0303797,790.0
Baird's Sandpiper,8,1,Aug_W1,0.0217755,597.0
Baird's Sandpiper,8,2,Aug_W2,0.039039,666.0
Baird's Sandpiper,8,3,Aug_W3,0.189781,822.0
Baird's Sandpiper,8,4,Aug_W4,0.2341941,1123.0
Baird's Sandpiper,9,1,Sep_W1,0.2189219,909.0
Baird's Sandpiper,9,2,Sep_W2,0.138976,957.0
Baird's Sandpiper,9,3,Sep_W3,0.1048806,963.0
Baird's Sandpiper,9,4,Sep_W4,0.0438783,1413.0
Baird's Sandpiper,10,1,Oct_W1,0.0327869,976.0
Baird's Sandpiper,10,2,Oct_W2,0.0067669,1330.0
Baird's Sandpiper,10,3,Oct_W3,0.000932,1073.0
Baird's Sandpiper,10,4,Oct_W4,0.0017809,1123.0
Baird's Sandpiper,11,1,Nov_W1,0.0,686.0
Baird's Sandpiper,11,2,Nov_W2,0.0,662.0
Baird's Sandpiper,11,3,Nov_W3,0.0,428.0
Baird's Sandpiper,11,4,Nov_W4,0.0,339.0
Baird's Sandpiper,12,1,Dec_W1,0.0,213.0
Baird's Sandpiper,12,2,Dec_W2,0.0,275.0
Baird's Sandpiper,12,3,Dec_W3,0.0,318.0
Baird's Sandpiper,12,4,Dec_W4,0.0,931.0
White-rumped Sandpiper,1,1,Jan_W1,0.0,1028.0
White-rumped Sandpiper,1,2,Jan_W2,0.0,995.0
White-rumped Sandpiper,1,3,Jan_W3,0.0,1544.0
White-rumped Sandpiper,1,4,Jan_W4,0.0,1414.0
White-rumped Sandpiper,2,1,Feb_W1,0.0,1431.0
White-rumped Sandpiper,2,2,Feb_W2,0.0,1915.0
White-rumped Sandpiper,2,3,Feb_W3,0.0,1788.0
White-rumped Sandpiper,2,4,Feb_W4,0.0,669.0
White-rumped Sandpiper,3,1,Mar_W1,0.0,543.0
White-rumped Sandpiper,3,2,Mar_W2,0.0,364.0
White-rumped Sandpiper,3,3,Mar_W3,0.0,681.0
White-rumped Sandpiper,3,4,Mar_W4,0.0,1015.0
White-rumped Sandpiper,4,1,Apr_W1,0.0,752.0
White-rumped Sandpiper,4,2,Apr_W2,0.0,1082.0
White-rumped Sandpiper,4,3,Apr_W3,0.0,1195.0
White-rumped Sandpiper,4,4,Apr_W4,0.0,2785.0
White-rumped Sandpiper,5,1,May_W1,0.0,1461.0
White-rumped Sandpiper,5,2,May_W2,0.0,1400.0
White-rumped Sandpiper,5,3,May_W3,0.0136852,2046.0
White-rumped Sandpiper,5,4,May_W4,0.0233325,3943.0
White-rumped Sandpiper,6,1,Jun_W1,0.0090439,1548.0
White-rumped Sandpiper,6,2,Jun_W2,0.0055814,1075.0
White-rumped Sandpiper,6,3,Jun_W3,0.0126468,1107.0
White-rumped Sandpiper,6,4,Jun_W4,0.0076118,1051.0
White-rumped Sandpiper,7,1,Jul_W1,0.0050314,795.0
White-rumped Sandpiper,7,2,Jul_W2,0.0,584.0
White-rumped Sandpiper,7,3,Jul_W3,0.0,533.0
White-rumped Sandpiper,7,4,Jul_W4,0.0,790.0
White-rumped Sandpiper,8,1,Aug_W1,0.0,597.0
White-rumped Sandpiper,8,2,Aug_W2,0.0,666.0
White-rumped Sandpiper,8,3,Aug_W3,0.0024331,822.0
White-rumped Sandpiper,8,4,Aug_W4,0.0062333,1123.0
White-rumped Sandpiper,9,1,Sep_W1,0.0066007,909.0
White-rumped Sandpiper,9,2,Sep_W2,0.0041797,957.0
White-rumped Sandpiper,9,3,Sep_W3,0.0010384,963.0
White-rumped Sandpiper,9,4,Sep_W4,0.0042463,1413.0
White-rumped Sandpiper,10,1,Oct_W1,0.0184426,976.0
White-rumped Sandpiper,10,2,Oct_W2,0.018797,1330.0
White-rumped Sandpiper,10,3,Oct_W3,0.0130475,1073.0
White-rumped Sandpiper,10,4,Oct_W4,0.0124666,1123.0
White-rumped Sandpiper,11,1,Nov_W1,0.0116618,686.0
White-rumped Sandpiper,11,2,Nov_W2,0.0,662.0
White-rumped Sandpiper,11,3,Nov_W3,0.0,428.0
White-rumped Sandpiper,11,4,Nov_W4,0.0,339.0
White-rumped Sandpiper,12,1,Dec_W1,0.0,213.0
White-rumped Sandpiper,12,2,Dec_W2,0.0,275.0
White-rumped Sandpiper,12,3,Dec_W3,0.0,318.0
White-rumped Sandpiper,12,4,Dec_W4,0.0,931.0
Least Sandpiper,1,1,Jan_W1,0.0,1028.0
Least Sandpiper,1,2,Jan_W2,0.0,995.0
Least Sandpiper,1,3,Jan_W3,0.0,1544.0
Least Sandpiper,1,4,Jan_W4,0.0,1414.0
Least Sandpiper,2,1,Feb_W1,0.0,1431.0
Least Sandpiper,2,2,Feb_W2,0.0,1915.0
Least Sandpiper,2,3,Feb_W3,0.0,1788.0
Least Sandpiper,2,4,Feb_W4,0.0,669.0
Least Sandpiper,3,1,Mar_W1,0.0,543.0
Least Sandpiper,3,2,Mar_W2,0.0,364.0
Least Sandpiper,3,3,Mar_W3,0.0,681.0
Least Sandpiper,3,4,Mar_W4,0.0,1015.0
Least Sandpiper,4,1,Apr_W1,0.0,752.0
Least Sandpiper,4,2,Apr_W2,0.0,1082.0
Least Sandpiper,4,3,Apr_W3,0.0,1195.0
Least Sandpiper,4,4,Apr_W4,0.0,2785.0
Least Sandpiper,5,1,May_W1,0.0075291,1461.0
Least Sandpiper,5,2,May_W2,0.0721429,1400.0
Least Sandpiper,5,3,May_W3,0.0913978,2046.0
Least Sandpiper,5,4,May_W4,0.0598529,3943.0
Least Sandpiper,6,1,Jun_W1,0.0109819,1548.0
Least Sandpiper,6,2,Jun_W2,0.0027907,1075.0
Least Sandpiper,6,3,Jun_W3,0.0,1107.0
Least Sandpiper,6,4,Jun_W4,0.0104662,1051.0
Least Sandpiper,7,1,Jul_W1,0.0415094,795.0
Least Sandpiper,7,2,Jul_W2,0.0428082,584.0
Least Sandpiper,7,3,Jul_W3,0.0637899,533.0
Least Sandpiper,7,4,Jul_W4,0.0721519,790.0
Least Sandpiper,8,1,Aug_W1,0.0904523,597.0
Least Sandpiper,8,2,Aug_W2,0.0840841,666.0
Least Sandpiper,8,3,Aug_W3,0.2092457,822.0
Least Sandpiper,8,4,Aug_W4,0.1852182,1123.0
Least Sandpiper,9,1,Sep_W1,0.1265127,909.0
Least Sandpiper,9,2,Sep_W2,0.0710554,957.0
Least Sandpiper,9,3,Sep_W3,0.0560748,963.0
Least Sandpiper,9,4,Sep_W4,0.009908,1413.0
Least Sandpiper,10,1,Oct_W1,0.0030738,976.0
Least Sandpiper,10,2,Oct_W2,0.0,1330.0
Least Sandpiper,10,3,Oct_W3,0.0,1073.0
Least Sandpiper,10,4,Oct_W4,0.0008905,1123.0
Least Sandpiper,11,1,Nov_W1,0.0,686.0
Least Sandpiper,11,2,Nov_W2,0.0,662.0
Least Sandpiper,11,3,Nov_W3,0.0,428.0
Least Sandpiper,11,4,Nov_W4,0.0,339.0
Least Sandpiper,12,1,Dec_W1,0.0,213.0
Least Sandpiper,12,2,Dec_W2,0.0,275.0
Least Sandpiper,12,3,Dec_W3,0.0,318.0
Least Sandpiper,12,4,Dec_W4,0.0,931.0
Pectoral Sandpiper,1,1,Jan_W1,0.0,1028.0
Pectoral Sandpiper,1,2,Jan_W2,0.0,995.0
Pectoral Sandpiper,1,3,Jan_W3,0.0,1544.0
Pectoral Sandpiper,1,4,Jan_W4,0.0,1414.0
Pectoral Sandpiper,2,1,Feb_W1,0.0,1431.0
Pectoral Sandpiper,2,2,Feb_W2,0.0,1915.0
Pectoral Sandpiper,2,3,Feb_W3,0.0,1788.0
Pectoral Sandpiper,2,4,Feb_W4,0.0,669.0
Pectoral Sandpiper,3,1,Mar_W1,0.0,543.0
Pectoral Sandpiper,3,2,Mar_W2,0.0,364.0
Pectoral Sandpiper,3,3,Mar_W3,0.0,681.0
Pectoral Sandpiper,3,4,Mar_W4,0.0,1015.0
Pectoral Sandpiper,4,1,Apr_W1,0.0,752.0
Pectoral Sandpiper,4,2,Apr_W2,0.0,1082.0
Pectoral Sandpiper,4,3,Apr_W3,0.0,1195.0
Pectoral Sandpiper,4,4,Apr_W4,0.0,2785.0
Pectoral Sandpiper,5,1,May_W1,0.0006845,1461.0
Pectoral Sandpiper,5,2,May_W2,0.0014286,1400.0
Pectoral Sandpiper,5,3,May_W3,0.0102639,2046.0
Pectoral Sandpiper,5,4,May_W4,0.0048187,3943.0
Pectoral Sandpiper,6,1,Jun_W1,0.001292,1548.0
Pectoral Sandpiper,6,2,Jun_W2,0.0,1075.0
Pectoral Sandpiper,6,3,Jun_W3,0.0,1107.0
Pectoral Sandpiper,6,4,Jun_W4,0.0,1051.0
Pectoral Sandpiper,7,1,Jul_W1,0.0,795.0
Pectoral Sandpiper,7,2,Jul_W2,0.0017123,584.0
Pectoral Sandpiper,7,3,Jul_W3,0.0206379,533.0
Pectoral Sandpiper,7,4,Jul_W4,0.0101266,790.0
Pectoral Sandpiper,8,1,Aug_W1,0.0050251,597.0
Pectoral Sandpiper,8,2,Aug_W2,0.009009,666.0
Pectoral Sandpiper,8,3,Aug_W3,0.0377129,822.0
Pectoral Sandpiper,8,4,Aug_W4,0.0614426,1123.0
Pectoral Sandpiper,9,1,Sep_W1,0.0858086,909.0
Pectoral Sandpiper,9,2,Sep_W2,0.0950888,957.0
Pectoral Sandpiper,9,3,Sep_W3,0.0934579,963.0
Pectoral Sandpiper,9,4,Sep_W4,0.0629866,1413.0
Pectoral Sandpiper,10,1,Oct_W1,0.0543033,976.0
Pectoral Sandpiper,10,2,Oct_W2,0.0556391,1330.0
Pectoral Sandpiper,10,3,Oct_W3,0.0223672,1073.0
Pectoral Sandpiper,10,4,Oct_W4,0.0124666,1123.0
Pectoral Sandpiper,11,1,Nov_W1,0.0043732,686.0
Pectoral Sandpiper,11,2,Nov_W2,0.0,662.0
Pectoral Sandpiper,11,3,Nov_W3,0.0,428.0
Pectoral Sandpiper,11,4,Nov_W4,0.0,339.0
Pectoral Sandpiper,12,1,Dec_W1,0.0,213.0
Pectoral Sandpiper,12,2,Dec_W2,0.0,275.0
Pectoral Sandpiper,12,3,Dec_W3,0.0,318.0
Pectoral Sandpiper,12,4,Dec_W4,0.0,931.0
Semipalmated Sandpiper,1,1,Jan_W1,0.0,1028.0
Semipalmated Sandpiper,1,2,Jan_W2,0.0,995.0
Semipalmated Sandpiper,1,3,Jan_W3,0.0,1544.0
Semipalmated Sandpiper,1,4,Jan_W4,0.0,1414.0
Semipalmated Sandpiper,2,1,Feb_W1,0.0,1431.0
Semipalmated Sandpiper,2,2,Feb_W2,0.0,1915.0
Semipalmated Sandpiper,2,3,Feb_W3,0.0,1788.0
Semipalmated Sandpiper,2,4,Feb_W4,0.0,669.0
Semipalmated Sandpiper,3,1,Mar_W1,0.0,543.0
Semipalmated Sandpiper,3,2,Mar_W2,0.0,364.0
Semipalmated Sandpiper,3,3,Mar_W3,0.0,681.0
Semipalmated Sandpiper,3,4,Mar_W4,0.0,1015.0
Semipalmated Sandpiper,4,1,Apr_W1,0.0,752.0
Semipalmated Sandpiper,4,2,Apr_W2,0.0,1082.0
Semipalmated Sandpiper,4,3,Apr_W3,0.0,1195.0
Semipalmated Sandpiper,4,4,Apr_W4,0.0,2785.0
Semipalmated Sandpiper,5,1,May_W1,0.0020534,1461.0
Semipalmated Sandpiper,5,2,May_W2,0.0078571,1400.0
Semipalmated Sandpiper,5,3,May_W3,0.030303,2046.0
Semipalmated Sandpiper,5,4,May_W4,0.0930763,3943.0
Semipalmated Sandpiper,6,1,Jun_W1,0.0600775,1548.0
Semipalmated Sandpiper,6,2,Jun_W2,0.0381395,1075.0
Semipalmated Sandpiper,6,3,Jun_W3,0.0189702,1107.0
Semipalmated Sandpiper,6,4,Jun_W4,0.018078,1051.0
Semipalmated Sandpiper,7,1,Jul_W1,0.0062893,795.0
Semipalmated Sandpiper,7,2,Jul_W2,0.0188356,584.0
Semipalmated Sandpiper,7,3,Jul_W3,0.0600375,533.0
Semipalmated Sandpiper,7,4,Jul_W4,0.0632911,790.0
Semipalmated Sandpiper,8,1,Aug_W1,0.0670017,597.0
Semipalmated Sandpiper,8,2,Aug_W2,0.0660661,666.0
Semipalmated Sandpiper,8,3,Aug_W3,0.2055961,822.0
Semipalmated Sandpiper,8,4,Aug_W4,0.2404274,1123.0
Semipalmated Sandpiper,9,1,Sep_W1,0.1463146,909.0
Semipalmated Sandpiper,9,2,Sep_W2,0.0626959,957.0
Semipalmated Sandpiper,9,3,Sep_W3,0.0103842,963.0
Semipalmated Sandpiper,9,4,Sep_W4,0.0042463,1413.0
Semipalmated Sandpiper,10,1,Oct_W1,0.0010246,976.0
Semipalmated Sandpiper,10,2,Oct_W2,0.0022556,1330.0
Semipalmated Sandpiper,10,3,Oct_W3,0.0,1073.0
Semipalmated Sandpiper,10,4,Oct_W4,0.0,1123.0
Semipalmated Sandpiper,11,1,Nov_W1,0.0,686.0
Semipalmated Sandpiper,11,2,Nov_W2,0.0,662.0
Semipalmated Sandpiper,11,3,Nov_W3,0.0,428.0
Semipalmated Sandpiper,11,4,Nov_W4,0.0,339.0
Semipalmated Sandpiper,12,1,Dec_W1,0.0,213.0
Semipalmated Sandpiper,12,2,Dec_W2,0.0,275.0
Semipalmated Sandpiper,12,3,Dec_W3,0.0,318.0
Semipalmated Sandpiper,12,4,Dec_W4,0.0,931.0
Long-tailed Jaeger,1,1,Jan_W1,0.0,1028.0
Long-tailed Jaeger,1,2,Jan_W2,0.0,995.0
Long-tailed Jaeger,1,3,Jan_W3,0.0,1544.0
Long-tailed Jaeger,1,4,Jan_W4,0.0,1414.0
Long-tailed Jaeger,2,1,Feb_W1,0.0,1431.0
Long-tailed Jaeger,2,2,Feb_W2,0.0,1915.0
Long-tailed Jaeger,2,3,Feb_W3,0.0,1788.0
Long-tailed Jaeger,2,4,Feb_W4,0.0,669.0
Long-tailed Jaeger,3,1,Mar_W1,0.0,543.0
Long-tailed Jaeger,3,2,Mar_W2,0.0,364.0
Long-tailed Jaeger,3,3,Mar_W3,0.0,681.0
Long-tailed Jaeger,3,4,Mar_W4,0.0,1015.0
Long-tailed Jaeger,4,1,Apr_W1,0.0,752.0
Long-tailed Jaeger,4,2,Apr_W2,0.0,1082.0
Long-tailed Jaeger,4,3,Apr_W3,0.0,1195.0
Long-tailed Jaeger,4,4,Apr_W4,0.0,2785.0
Long-tailed Jaeger,5,1,May_W1,0.0,1461.0
Long-tailed Jaeger,5,2,May_W2,0.0,1400.0
Long-tailed Jaeger,5,3,May_W3,0.0,2046.0
Long-tailed Jaeger,5,4,May_W4,0.0,3943.0
Long-tailed Jaeger,6,1,Jun_W1,0.0,1548.0
Long-tailed Jaeger,6,2,Jun_W2,0.0,1075.0
Long-tailed Jaeger,6,3,Jun_W3,0.0,1107.0
Long-tailed Jaeger,6,4,Jun_W4,0.0,1051.0
Long-tailed Jaeger,7,1,Jul_W1,0.0,795.0
Long-tailed Jaeger,7,2,Jul_W2,0.0,584.0
Long-tailed Jaeger,7,3,Jul_W3,0.0,533.0
Long-tailed Jaeger,7,4,Jul_W4,0.0,790.0
Long-tailed Jaeger,8,1,Aug_W1,0.0,597.0
Long-tailed Jaeger,8,2,Aug_W2,0.0,666.0
Long-tailed Jaeger,8,3,Aug_W3,0.0,822.0
Long-tailed Jaeger,8,4,Aug_W4,0.0008905,1123.0
Long-tailed Jaeger,9,1,Sep_W1,0.0015,909.0
Long-tailed Jaeger,9,2,Sep_W2,0.0041797,957.0
Long-tailed Jaeger,9,3,Sep_W3,0.0093458,963.0
Long-tailed Jaeger,9,4,Sep_W4,0.0021231,1413.0
Long-tailed Jaeger,10,1,Oct_W1,0.0,976.0
Long-tailed Jaeger,10,2,Oct_W2,0.012782,1330.0
Long-tailed Jaeger,10,3,Oct_W3,0.0037279,1073.0
Long-tailed Jaeger,10,4,Oct_W4,0.0017809,1123.0
Long-tailed Jaeger,11,1,Nov_W1,0.0,686.0
Long-tailed Jaeger,11,2,Nov_W2,0.0,662.0
Long-tailed Jaeger,11,3,Nov_W3,0.0,428.0
Long-tailed Jaeger,11,4,Nov_W4,0.0,339.0
Long-tailed Jaeger,12,1,Dec_W1,0.0,213.0
Long-tailed Jaeger,12,2,Dec_W2,0.0,275.0
Long-tailed Jaeger,12,3,Dec_W3,0.0,318.0
Long-tailed Jaeger,12,4,Dec_W4,0.0,931.0
Parasitic Jaeger,1,1,Jan_W1,0.0,1028.0
Parasitic Jaeger,1,2,Jan_W2,0.0,995.0
Parasitic Jaeger,1,3,Jan_W3,0.0,1544.0
Parasitic Jaeger,1,4,Jan_W4,0.0,1414.0
Parasitic Jaeger,2,1,Feb_W1,0.0,1431.0
Parasitic Jaeger,2,2,Feb_W2,0.0,1915.0
Parasitic Jaeger,2,3,Feb_W3,0.0,1788.0
Parasitic Jaeger,2,4,Feb_W4,0.0,669.0
Parasitic Jaeger,3,1,Mar_W1,0.0,543.0
Parasitic Jaeger,3,2,Mar_W2,0.0,364.0
Parasitic Jaeger,3,3,Mar_W3,0.0,681.0
Parasitic Jaeger,3,4,Mar_W4,0.0,1015.0
Parasitic Jaeger,4,1,Apr_W1,0.0,752.0
Parasitic Jaeger,4,2,Apr_W2,0.0,1082.0
Parasitic Jaeger,4,3,Apr_W3,0.0,1195.0
Parasitic Jaeger,4,4,Apr_W4,0.0,2785.0
Parasitic Jaeger,5,1,May_W1,0.0,1461.0
Parasitic Jaeger,5,2,May_W2,0.0042857,1400.0
Parasitic Jaeger,5,3,May_W3,0.001955,2046.0
Parasitic Jaeger,5,4,May_W4,0.0050723,3943.0
Parasitic Jaeger,6,1,Jun_W1,0.0,1548.0
Parasitic Jaeger,6,2,Jun_W2,0.0009302,1075.0
Parasitic Jaeger,6,3,Jun_W3,0.0,1107.0
Parasitic Jaeger,6,4,Jun_W4,0.0,1051.0
Parasitic Jaeger,7,1,Jul_W1,0.0,795.0
Parasitic Jaeger,7,2,Jul_W2,0.0,584.0
Parasitic Jaeger,7,3,Jul_W3,0.0,533.0
Parasitic Jaeger,7,4,Jul_W4,0.0,790.0
Parasitic Jaeger,8,1,Aug_W1,0.0,597.0
Parasitic Jaeger,8,2,Aug_W2,0.0,666.0
Parasitic Jaeger,8,3,Aug_W3,0.0060827,822.0
Parasitic Jaeger,8,4,Aug_W4,0.0240427,1123.0
Parasitic Jaeger,9,1,Sep_W1,0.0561056,909.0
Parasitic Jaeger,9,2,Sep_W2,0.0470219,957.0
Parasitic Jaeger,9,3,Sep_W3,0.0477674,963.0
Parasitic Jaeger,9,4,Sep_W4,0.0318471,1413.0
Parasitic Jaeger,10,1,Oct_W1,0.0163934,976.0
Parasitic Jaeger,10,2,Oct_W2,0.0218045,1330.0
Parasitic Jaeger,10,3,Oct_W3,0.0055918,1073.0
Parasitic Jaeger,10,4,Oct_W4,0.0186999,1123.0
Parasitic Jaeger,11,1,Nov_W1,0.0014577,686.0
Parasitic Jaeger,11,2,Nov_W2,0.0,662.0
Parasitic Jaeger,11,3,Nov_W3,0.0,428.0
Parasitic Jaeger,11,4,Nov_W4,0.0,339.0
Parasitic Jaeger,12,1,Dec_W1,0.0,213.0
Parasitic Jaeger,12,2,Dec_W2,0.0,275.0
Parasitic Jaeger,12,3,Dec_W3,0.0,318.0
Parasitic Jaeger,12,4,Dec_W4,0.0,931.0
Pomarine Jaeger,1,1,Jan_W1,0.0,1028.0
Pomarine Jaeger,1,2,Jan_W2,0.0,995.0
Pomarine Jaeger,1,3,Jan_W3,0.0,1544.0
Pomarine Jaeger,1,4,Jan_W4,0.0,1414.0
Pomarine Jaeger,2,1,Feb_W1,0.0,1431.0
Pomarine Jaeger,2,2,Feb_W2,0.0,1915.0
Pomarine Jaeger,2,3,Feb_W3,0.0,1788.0
Pomarine Jaeger,2,4,Feb_W4,0.0,669.0
Pomarine Jaeger,3,1,Mar_W1,0.0,543.0
Pomarine Jaeger,3,2,Mar_W2,0.0,364.0
Pomarine Jaeger,3,3,Mar_W3,0.0,681.0
Pomarine Jaeger,3,4,Mar_W4,0.0,1015.0
Pomarine Jaeger,4,1,Apr_W1,0.0,752.0
Pomarine Jaeger,4,2,Apr_W2,0.0,1082.0
Pomarine Jaeger,4,3,Apr_W3,0.0,1195.0
Pomarine Jaeger,4,4,Apr_W4,0.0,2785.0
Pomarine Jaeger,5,1,May_W1,0.0,1461.0
Pomarine Jaeger,5,2,May_W2,0.0,1400.0
Pomarine Jaeger,5,3,May_W3,0.0,2046.0
Pomarine Jaeger,5,4,May_W4,0.0,3943.0
Pomarine Jaeger,6,1,Jun_W1,0.0,1548.0
Pomarine Jaeger,6,2,Jun_W2,0.0,1075.0
Pomarine Jaeger,6,3,Jun_W3,0.0,1107.0
Pomarine Jaeger,6,4,Jun_W4,0.0,1051.0
Pomarine Jaeger,7,1,Jul_W1,0.0,795.0
Pomarine Jaeger,7,2,Jul_W2,0.0,584.0
Pomarine Jaeger,7,3,Jul_W3,0.0,533.0
Pomarine Jaeger,7,4,Jul_W4,0.0,790.0
Pomarine Jaeger,8,1,Aug_W1,0.0,597.0
Pomarine Jaeger,8,2,Aug_W2,0.0,666.0
Pomarine Jaeger,8,3,Aug_W3,0.0,822.0
Pomarine Jaeger,8,4,Aug_W4,0.0015,1123.0
Pomarine Jaeger,9,1,Sep_W1,0.0011001,909.0
Pomarine Jaeger,9,2,Sep_W2,0.0015,957.0
Pomarine Jaeger,9,3,Sep_W3,0.0031153,963.0
Pomarine Jaeger,9,4,Sep_W4,0.0007077,1413.0
Pomarine Jaeger,10,1,Oct_W1,0.0,976.0
Pomarine Jaeger,10,2,Oct_W2,0.0007519,1330.0
Pomarine Jaeger,10,3,Oct_W3,0.0,1073.0
Pomarine Jaeger,10,4,Oct_W4,0.0,1123.0
Pomarine Jaeger,11,1,Nov_W1,0.0015,686.0
Pomarine Jaeger,11,2,Nov_W2,0.0,662.0
Pomarine Jaeger,11,3,Nov_W3,0.0,428.0
Pomarine Jaeger,11,4,Nov_W4,0.0,339.0
Pomarine Jaeger,12,1,Dec_W1,0.0,213.0
Pomarine Jaeger,12,2,Dec_W2,0.0,275.0
Pomarine Jaeger,12,3,Dec_W3,0.0,318.0
Pomarine Jaeger,12,4,Dec_W4,0.0,931.0
Ancient Murrelet,1,1,Jan_W1,0.0,1028.0
Ancient Murrelet,1,2,Jan_W2,0.0,995.0
Ancient Murrelet,1,3,Jan_W3,0.0,1544.0
Ancient Murrelet,1,4,Jan_W4,0.0,1414.0
Ancient Murrelet,2,1,Feb_W1,0.0,1431.0
Ancient Murrelet,2,2,Feb_W2,0.0,1915.0
Ancient Murrelet,2,3,Feb_W3,0.0,1788.0
Ancient Murrelet,2,4,Feb_W4,0.0,669.0
Ancient Murrelet,3,1,Mar_W1,0.0,543.0
Ancient Murrelet,3,2,Mar_W2,0.0,364.0
Ancient Murrelet,3,3,Mar_W3,0.0,681.0
Ancient Murrelet,3,4,Mar_W4,0.0,1015.0
Ancient Murrelet,4,1,Apr_W1,0.0,752.0
Ancient Murrelet,4,2,Apr_W2,0.0,1082.0
Ancient Murrelet,4,3,Apr_W3,0.0,1195.0
Ancient Murrelet,4,4,Apr_W4,0.0,2785.0
Ancient Murrelet,5,1,May_W1,0.0,1461.0
Ancient Murrelet,5,2,May_W2,0.0,1400.0
Ancient Murrelet,5,3,May_W3,0.0,2046.0
Ancient Murrelet,5,4,May_W4,0.0,3943.0
Ancient Murrelet,6,1,Jun_W1,0.0,1548.0
Ancient Murrelet,6,2,Jun_W2,0.0,1075.0
Ancient Murrelet,6,3,Jun_W3,0.0,1107.0
Ancient Murrelet,6,4,Jun_W4,0.0,1051.0
Ancient Murrelet,7,1,Jul_W1,0.0,795.0
Ancient Murrelet,7,2,Jul_W2,0.0,584.0
Ancient Murrelet,7,3,Jul_W3,0.0,533.0
Ancient Murrelet,7,4,Jul_W4,0.0,790.0
Ancient Murrelet,8,1,Aug_W1,0.0,597.0
Ancient Murrelet,8,2,Aug_W2,0.0,666.0
Ancient Murrelet,8,3,Aug_W3,0.0,822.0
Ancient Murrelet,8,4,Aug_W4,0.0,1123.0
Ancient Murrelet,9,1,Sep_W1,0.0,909.0
Ancient Murrelet,9,2,Sep_W2,0.0,957.0
Ancient Murrelet,9,3,Sep_W3,0.0,963.0
Ancient Murrelet,9,4,Sep_W4,0.0,1413.0
Ancient Murrelet,10,1,Oct_W1,0.0,976.0
Ancient Murrelet,10,2,Oct_W2,0.0015,1330.0
Ancient Murrelet,10,3,Oct_W3,0.0,1073.0
Ancient Murrelet,10,4,Oct_W4,0.0015,1123.0
Ancient Murrelet,11,1,Nov_W1,0.0015,686.0
Ancient Murrelet,11,2,Nov_W2,0.0060423,662.0
Ancient Murrelet,11,3,Nov_W3,0.0,428.0
Ancient Murrelet,11,4,Nov_W4,0.0015,339.0
Ancient Murrelet,12,1,Dec_W1,0.0,213.0
Ancient Murrelet,12,2,Dec_W2,0.0,275.0
Ancient Murrelet,12,3,Dec_W3,0.0,318.0
Ancient Murrelet,12,4,Dec_W4,0.0,931.0
Little Gull,1,1,Jan_W1,0.0,1028.0
Little Gull,1,2,Jan_W2,0.0,995.0
Little Gull,1,3,Jan_W3,0.0,1544.0
Little Gull,1,4,Jan_W4,0.0,1414.0
Little Gull,2,1,Feb_W1,0.0,1431.0
Little Gull,2,2,Feb_W2,0.0,1915.0
Little Gull,2,3,Feb_W3,0.0,1788.0
Little Gull,2,4,Feb_W4,0.0,669.0
Little Gull,3,1,Mar_W1,0.0,543.0
Little Gull,3,2,Mar_W2,0.0,364.0
Little Gull,3,3,Mar_W3,0.0,681.0
Little Gull,3,4,Mar_W4,0.0,1015.0
Little Gull,4,1,Apr_W1,0.0,752.0
Little Gull,4,2,Apr_W2,0.0,1082.0
Little Gull,4,3,Apr_W3,0.0,1195.0
Little Gull,4,4,Apr_W4,0.0,2785.0
Little Gull,5,1,May_W1,0.0006845,1461.0
Little Gull,5,2,May_W2,0.0014286,1400.0
Little Gull,5,3,May_W3,0.0029326,2046.0
Little Gull,5,4,May_W4,0.0005072,3943.0
Little Gull,6,1,Jun_W1,0.0,1548.0
Little Gull,6,2,Jun_W2,0.0,1075.0
Little Gull,6,3,Jun_W3,0.0,1107.0
Little Gull,6,4,Jun_W4,0.0,1051.0
Little Gull,7,1,Jul_W1,0.0,795.0
Little Gull,7,2,Jul_W2,0.0,584.0
Little Gull,7,3,Jul_W3,0.0,533.0
Little Gull,7,4,Jul_W4,0.0,790.0
Little Gull,8,1,Aug_W1,0.0,597.0
Little Gull,8,2,Aug_W2,0.0,666.0
Little Gull,8,3,Aug_W3,0.0,822.0
Little Gull,8,4,Aug_W4,0.0,1123.0
Little Gull,9,1,Sep_W1,0.0011001,909.0
Little Gull,9,2,Sep_W2,0.0,957.0
Little Gull,9,3,Sep_W3,0.0,963.0
Little Gull,9,4,Sep_W4,0.0015,1413.0
Little Gull,10,1,Oct_W1,0.0015,976.0
Little Gull,10,2,Oct_W2,0.0007519,1330.0
Little Gull,10,3,Oct_W3,0.0,1073.0
Little Gull,10,4,Oct_W4,0.0,1123.0
Little Gull,11,1,Nov_W1,0.0,686.0
Little Gull,11,2,Nov_W2,0.0015106,662.0
Little Gull,11,3,Nov_W3,0.0,428.0
Little Gull,11,4,Nov_W4,0.0,339.0
Little Gull,12,1,Dec_W1,0.0,213.0
Little Gull,12,2,Dec_W2,0.0,275.0
Little Gull,12,3,Dec_W3,0.0,318.0
Little Gull,12,4,Dec_W4,0.0,931.0
Black-legged Kittiwake,1,1,Jan_W1,0.0,1028.0
Black-legged Kittiwake,1,2,Jan_W2,0.0,995.0
Black-legged Kittiwake,1,3,Jan_W3,0.0,1544.0
Black-legged Kittiwake,1,4,Jan_W4,0.0,1414.0
Black-legged Kittiwake,2,1,Feb_W1,0.0,1431.0
Black-legged Kittiwake,2,2,Feb_W2,0.0,1915.0
Black-legged Kittiwake,2,3,Feb_W3,0.0,1788.0
Black-legged Kittiwake,2,4,Feb_W4,0.0,669.0
Black-legged Kittiwake,3,1,Mar_W1,0.0,543.0
Black-legged Kittiwake,3,2,Mar_W2,0.0,364.0
Black-legged Kittiwake,3,3,Mar_W3,0.0,681.0
Black-legged Kittiwake,3,4,Mar_W4,0.0,1015.0
Black-legged Kittiwake,4,1,Apr_W1,0.0,752.0
Black-legged Kittiwake,4,2,Apr_W2,0.0009242,1082.0
Black-legged Kittiwake,4,3,Apr_W3,0.0,1195.0
Black-legged Kittiwake,4,4,Apr_W4,0.0,2785.0
Black-legged Kittiwake,5,1,May_W1,0.0,1461.0
Black-legged Kittiwake,5,2,May_W2,0.0,1400.0
Black-legged Kittiwake,5,3,May_W3,0.0,2046.0
Black-legged Kittiwake,5,4,May_W4,0.0,3943.0
Black-legged Kittiwake,6,1,Jun_W1,0.0015,1548.0
Black-legged Kittiwake,6,2,Jun_W2,0.0,1075.0
Black-legged Kittiwake,6,3,Jun_W3,0.0,1107.0
Black-legged Kittiwake,6,4,Jun_W4,0.0,1051.0
Black-legged Kittiwake,7,1,Jul_W1,0.0,795.0
Black-legged Kittiwake,7,2,Jul_W2,0.0,584.0
Black-legged Kittiwake,7,3,Jul_W3,0.0,533.0
Black-legged Kittiwake,7,4,Jul_W4,0.0,790.0
Black-legged Kittiwake,8,1,Aug_W1,0.0,597.0
Black-legged Kittiwake,8,2,Aug_W2,0.0,666.0
Black-legged Kittiwake,8,3,Aug_W3,0.0,822.0
Black-legged Kittiwake,8,4,Aug_W4,0.0,1123.0
Black-legged Kittiwake,9,1,Sep_W1,0.0,909.0
Black-legged Kittiwake,9,2,Sep_W2,0.0,957.0
Black-legged Kittiwake,9,3,Sep_W3,0.0,963.0
Black-legged Kittiwake,9,4,Sep_W4,0.0,1413.0
Black-legged Kittiwake,10,1,Oct_W1,0.0015,976.0
Black-legged Kittiwake,10,2,Oct_W2,0.0007519,1330.0
Black-legged Kittiwake,10,3,Oct_W3,0.0102516,1073.0
Black-legged Kittiwake,10,4,Oct_W4,0.0195904,1123.0
Black-legged Kittiwake,11,1,Nov_W1,0.0276968,686.0
Black-legged Kittiwake,11,2,Nov_W2,0.0347432,662.0
Black-legged Kittiwake,11,3,Nov_W3,0.0070093,428.0
Black-legged Kittiwake,11,4,Nov_W4,0.0,339.0
Black-legged Kittiwake,12,1,Dec_W1,0.0,213.0
Black-legged Kittiwake,12,2,Dec_W2,0.0,275.0
Black-legged Kittiwake,12,3,Dec_W3,0.0,318.0
Black-legged Kittiwake,12,4,Dec_W4,0.0,931.0
Sabine's Gull,1,1,Jan_W1,0.0,1028.0
Sabine's Gull,1,2,Jan_W2,0.0,995.0
Sabine's Gull,1,3,Jan_W3,0.0,1544.0
Sabine's Gull,1,4,Jan_W4,0.0,1414.0
Sabine's Gull,2,1,Feb_W1,0.0,1431.0
Sabine's Gull,2,2,Feb_W2,0.0,1915.0
Sabine's Gull,2,3,Feb_W3,0.0,1788.0
Sabine's Gull,2,4,Feb_W4,0.0,669.0
Sabine's Gull,3,1,Mar_W1,0.0,543.0
Sabine's Gull,3,2,Mar_W2,0.0,364.0
Sabine's Gull,3,3,Mar_W3,0.0,681.0
Sabine's Gull,3,4,Mar_W4,0.0,1015.0
Sabine's Gull,4,1,Apr_W1,0.0,752.0
Sabine's Gull,4,2,Apr_W2,0.0,1082.0
Sabine's Gull,4,3,Apr_W3,0.0,1195.0
Sabine's Gull,4,4,Apr_W4,0.0,2785.0
Sabine's Gull,5,1,May_W1,0.0,1461.0
Sabine's Gull,5,2,May_W2,0.0,1400.0
Sabine's Gull,5,3,May_W3,0.0,2046.0
Sabine's Gull,5,4,May_W4,0.0,3943.0
Sabine's Gull,6,1,Jun_W1,0.0,1548.0
Sabine's Gull,6,2,Jun_W2,0.0,1075.0
Sabine's Gull,6,3,Jun_W3,0.0,1107.0
Sabine's Gull,6,4,Jun_W4,0.0,1051.0
Sabine's Gull,7,1,Jul_W1,0.0,795.0
Sabine's Gull,7,2,Jul_W2,0.0,584.0
Sabine's Gull,7,3,Jul_W3,0.0,533.0
Sabine's Gull,7,4,Jul_W4,0.0,790.0
Sabine's Gull,8,1,Aug_W1,0.0,597.0
Sabine's Gull,8,2,Aug_W2,0.0,666.0
Sabine's Gull,8,3,Aug_W3,0.0012165,822.0
Sabine's Gull,8,4,Aug_W4,0.0,1123.0
Sabine's Gull,9,1,Sep_W1,0.0110011,909.0
Sabine's Gull,9,2,Sep_W2,0.0062696,957.0
Sabine's Gull,9,3,Sep_W3,0.0083074,963.0
Sabine's Gull,9,4,Sep_W4,0.0056617,1413.0
Sabine's Gull,10,1,Oct_W1,0.0122951,976.0
Sabine's Gull,10,2,Oct_W2,0.0315789,1330.0
Sabine's Gull,10,3,Oct_W3,0.0316869,1073.0
Sabine's Gull,10,4,Oct_W4,0.0222618,1123.0
Sabine's Gull,11,1,Nov_W1,0.0043732,686.0
Sabine's Gull,11,2,Nov_W2,0.0015106,662.0
Sabine's Gull,11,3,Nov_W3,0.0,428.0
Sabine's Gull,11,4,Nov_W4,0.0,339.0
Sabine's Gull,12,1,Dec_W1,0.0,213.0
Sabine's Gull,12,2,Dec_W2,0.0,275.0
Sabine's Gull,12,3,Dec_W3,0.0,318.0
Sabine's Gull,12,4,Dec_W4,0.0,931.0
Bonaparte's Gull,1,1,Jan_W1,0.0,1028.0
Bonaparte's Gull,1,2,Jan_W2,0.0,995.0
Bonaparte's Gull,1,3,Jan_W3,0.0,1544.0
Bonaparte's Gull,1,4,Jan_W4,0.0,1414.0
Bonaparte's Gull,2,1,Feb_W1,0.0,1431.0
Bonaparte's Gull,2,2,Feb_W2,0.0,1915.0
Bonaparte's Gull,2,3,Feb_W3,0.0,1788.0
Bonaparte's Gull,2,4,Feb_W4,0.0,669.0
Bonaparte's Gull,3,1,Mar_W1,0.0,543.0
Bonaparte's Gull,3,2,Mar_W2,0.0,364.0
Bonaparte's Gull,3,3,Mar_W3,0.0,681.0
Bonaparte's Gull,3,4,Mar_W4,0.0,1015.0
Bonaparte's Gull,4,1,Apr_W1,0.0,752.0
Bonaparte's Gull,4,2,Apr_W2,0.0,1082.0
Bonaparte's Gull,4,3,Apr_W3,0.0008368,1195.0
Bonaparte's Gull,4,4,Apr_W4,0.0028725,2785.0
Bonaparte's Gull,5,1,May_W1,0.0349076,1461.0
Bonaparte's Gull,5,2,May_W2,0.1014286,1400.0
Bonaparte's Gull,5,3,May_W3,0.0606061,2046.0
Bonaparte's Gull,5,4,May_W4,0.0339843,3943.0
Bonaparte's Gull,6,1,Jun_W1,0.005814,1548.0
Bonaparte's Gull,6,2,Jun_W2,0.0,1075.0
Bonaparte's Gull,6,3,Jun_W3,0.0,1107.0
Bonaparte's Gull,6,4,Jun_W4,0.0009515,1051.0
Bonaparte's Gull,7,1,Jul_W1,0.0012579,795.0
Bonaparte's Gull,7,2,Jul_W2,0.0017123,584.0
Bonaparte's Gull,7,3,Jul_W3,0.0131332,533.0
Bonaparte's Gull,7,4,Jul_W4,0.0240506,790.0
Bonaparte's Gull,8,1,Aug_W1,0.0586265,597.0
Bonaparte's Gull,8,2,Aug_W2,0.036036,666.0
Bonaparte's Gull,8,3,Aug_W3,0.1703163,822.0
Bonaparte's Gull,8,4,Aug_W4,0.143366,1123.0
Bonaparte's Gull,9,1,Sep_W1,0.1309131,909.0
Bonaparte's Gull,9,2,Sep_W2,0.0846395,957.0
Bonaparte's Gull,9,3,Sep_W3,0.0976116,963.0
Bonaparte's Gull,9,4,Sep_W4,0.0856334,1413.0
Bonaparte's Gull,10,1,Oct_W1,0.1280738,976.0
Bonaparte's Gull,10,2,Oct_W2,0.1428571,1330.0
Bonaparte's Gull,10,3,Oct_W3,0.1295433,1073.0
Bonaparte's Gull,10,4,Oct_W4,0.0863758,1123.0
Bonaparte's Gull,11,1,Nov_W1,0.0597668,686.0
Bonaparte's Gull,11,2,Nov_W2,0.0302115,662.0
Bonaparte's Gull,11,3,Nov_W3,0.0070093,428.0
Bonaparte's Gull,11,4,Nov_W4,0.0,339.0
Bonaparte's Gull,12,1,Dec_W1,0.0,213.0
Bonaparte's Gull,12,2,Dec_W2,0.0036364,275.0
Bonaparte's Gull,12,3,Dec_W3,0.0,318.0
Bonaparte's Gull,12,4,Dec_W4,0.0,931.0
Laughing Gull,1,1,Jan_W1,0.0,1028.0
Laughing Gull,1,2,Jan_W2,0.0,995.0
Laughing Gull,1,3,Jan_W3,0.0,1544.0
Laughing Gull,1,4,Jan_W4,0.0,1414.0
Laughing Gull,2,1,Feb_W1,0.0,1431.0
Laughing Gull,2,2,Feb_W2,0.0,1915.0
Laughing Gull,2,3,Feb_W3,0.0,1788.0
Laughing Gull,2,4,Feb_W4,0.0,669.0
Laughing Gull,3,1,Mar_W1,0.0,543.0
Laughing Gull,3,2,Mar_W2,0.0,364.0
Laughing Gull,3,3,Mar_W3,0.0,681.0
Laughing Gull,3,4,Mar_W4,0.0,1015.0
Laughing Gull,4,1,Apr_W1,0.0,752.0
Laughing Gull,4,2,Apr_W2,0.0,1082.0
Laughing Gull,4,3,Apr_W3,0.0,1195.0
Laughing Gull,4,4,Apr_W4,0.0,2785.0
Laughing Gull,5,1,May_W1,0.0,1461.0
Laughing Gull,5,2,May_W2,0.0,1400.0
Laughing Gull,5,3,May_W3,0.0015,2046.0
Laughing Gull,5,4,May_W4,0.0015,3943.0
Laughing Gull,6,1,Jun_W1,0.0,1548.0
Laughing Gull,6,2,Jun_W2,0.0,1075.0
Laughing Gull,6,3,Jun_W3,0.0,1107.0
Laughing Gull,6,4,Jun_W4,0.0,1051.0
Laughing Gull,7,1,Jul_W1,0.0,795.0
Laughing Gull,7,2,Jul_W2,0.0,584.0
Laughing Gull,7,3,Jul_W3,0.0,533.0
Laughing Gull,7,4,Jul_W4,0.0,790.0
Laughing Gull,8,1,Aug_W1,0.0,597.0
Laughing Gull,8,2,Aug_W2,0.0,666.0
Laughing Gull,8,3,Aug_W3,0.0,822.0
Laughing Gull,8,4,Aug_W4,0.0,1123.0
Laughing Gull,9,1,Sep_W1,0.0,909.0
Laughing Gull,9,2,Sep_W2,0.0,957.0
Laughing Gull,9,3,Sep_W3,0.0,963.0
Laughing Gull,9,4,Sep_W4,0.0007077,1413.0
Laughing Gull,10,1,Oct_W1,0.0,976.0
Laughing Gull,10,2,Oct_W2,0.0,1330.0
Laughing Gull,10,3,Oct_W3,0.0,1073.0
Laughing Gull,10,4,Oct_W4,0.0,1123.0
Laughing Gull,11,1,Nov_W1,0.0,686.0
Laughing Gull,11,2,Nov_W2,0.0,662.0
Laughing Gull,11,3,Nov_W3,0.0,428.0
Laughing Gull,11,4,Nov_W4,0.0,339.0
Laughing Gull,12,1,Dec_W1,0.0,213.0
Laughing Gull,12,2,Dec_W2,0.0,275.0
Laughing Gull,12,3,Dec_W3,0.0,318.0
Laughing Gull,12,4,Dec_W4,0.0,931.0
Franklin's Gull,1,1,Jan_W1,0.0,1028.0
Franklin's Gull,1,2,Jan_W2,0.0,995.0
Franklin's Gull,1,3,Jan_W3,0.0,1544.0
Franklin's Gull,1,4,Jan_W4,0.0,1414.0
Franklin's Gull,2,1,Feb_W1,0.0,1431.0
Franklin's Gull,2,2,Feb_W2,0.0,1915.0
Franklin's Gull,2,3,Feb_W3,0.0,1788.0
Franklin's Gull,2,4,Feb_W4,0.0,669.0
Franklin's Gull,3,1,Mar_W1,0.0,543.0
Franklin's Gull,3,2,Mar_W2,0.0,364.0
Franklin's Gull,3,3,Mar_W3,0.0,681.0
Franklin's Gull,3,4,Mar_W4,0.0,1015.0
Franklin's Gull,4,1,Apr_W1,0.0,752.0
Franklin's Gull,4,2,Apr_W2,0.0,1082.0
Franklin's Gull,4,3,Apr_W3,0.0,1195.0
Franklin's Gull,4,4,Apr_W4,0.0,2785.0
Franklin's Gull,5,1,May_W1,0.0006845,1461.0
Franklin's Gull,5,2,May_W2,0.0015,1400.0
Franklin's Gull,5,3,May_W3,0.0014663,2046.0
Franklin's Gull,5,4,May_W4,0.0040578,3943.0
Franklin's Gull,6,1,Jun_W1,0.001292,1548.0
Franklin's Gull,6,2,Jun_W2,0.0009302,1075.0
Franklin's Gull,6,3,Jun_W3,0.0,1107.0
Franklin's Gull,6,4,Jun_W4,0.0009515,1051.0
Franklin's Gull,7,1,Jul_W1,0.0,795.0
Franklin's Gull,7,2,Jul_W2,0.0,584.0
Franklin's Gull,7,3,Jul_W3,0.0018762,533.0
Franklin's Gull,7,4,Jul_W4,0.0,790.0
Franklin's Gull,8,1,Aug_W1,0.0,597.0
Franklin's Gull,8,2,Aug_W2,0.0,666.0
Franklin's Gull,8,3,Aug_W3,0.0,822.0
Franklin's Gull,8,4,Aug_W4,0.0015,1123.0
Franklin's Gull,9,1,Sep_W1,0.0066007,909.0
Franklin's Gull,9,2,Sep_W2,0.0,957.0
Franklin's Gull,9,3,Sep_W3,0.0,963.0
Franklin's Gull,9,4,Sep_W4,0.0,1413.0
Franklin's Gull,10,1,Oct_W1,0.0030738,976.0
Franklin's Gull,10,2,Oct_W2,0.0,1330.0
Franklin's Gull,10,3,Oct_W3,0.0,1073.0
Franklin's Gull,10,4,Oct_W4,0.0008905,1123.0
Franklin's Gull,11,1,Nov_W1,0.0,686.0
Franklin's Gull,11,2,Nov_W2,0.0,662.0
Franklin's Gull,11,3,Nov_W3,0.0,428.0
Franklin's Gull,11,4,Nov_W4,0.0,339.0
Franklin's Gull,12,1,Dec_W1,0.0,213.0
Franklin's Gull,12,2,Dec_W2,0.0,275.0
Franklin's Gull,12,3,Dec_W3,0.0,318.0
Franklin's Gull,12,4,Dec_W4,0.0,931.0
Ring-billed Gull,1,1,Jan_W1,0.0029183,1028.0
Ring-billed Gull,1,2,Jan_W2,0.0040201,995.0
Ring-billed Gull,1,3,Jan_W3,0.0045337,1544.0
Ring-billed Gull,1,4,Jan_W4,0.0014144,1414.0
Ring-billed Gull,2,1,Feb_W1,0.0006988,1431.0
Ring-billed Gull,2,2,Feb_W2,0.0005222,1915.0
Ring-billed Gull,2,3,Feb_W3,0.0033557,1788.0
Ring-billed Gull,2,4,Feb_W4,0.0104634,669.0
Ring-billed Gull,3,1,Mar_W1,0.0294659,543.0
Ring-billed Gull,3,2,Mar_W2,0.0714286,364.0
Ring-billed Gull,3,3,Mar_W3,0.0778267,681.0
Ring-billed Gull,3,4,Mar_W4,0.1261084,1015.0
Ring-billed Gull,4,1,Apr_W1,0.2140957,752.0
Ring-billed Gull,4,2,Apr_W2,0.2301294,1082.0
Ring-billed Gull,4,3,Apr_W3,0.2937238,1195.0
Ring-billed Gull,4,4,Apr_W4,0.318851,2785.0
Ring-billed Gull,5,1,May_W1,0.3620808,1461.0
Ring-billed Gull,5,2,May_W2,0.3371429,1400.0
Ring-billed Gull,5,3,May_W3,0.3040078,2046.0
Ring-billed Gull,5,4,May_W4,0.3322343,3943.0
Ring-billed Gull,6,1,Jun_W1,0.3436693,1548.0
Ring-billed Gull,6,2,Jun_W2,0.36,1075.0
Ring-billed Gull,6,3,Jun_W3,0.3441734,1107.0
Ring-billed Gull,6,4,Jun_W4,0.3606089,1051.0
Ring-billed Gull,7,1,Jul_W1,0.4150943,795.0
Ring-billed Gull,7,2,Jul_W2,0.380137,584.0
Ring-billed Gull,7,3,Jul_W3,0.4915572,533.0
Ring-billed Gull,7,4,Jul_W4,0.5481013,790.0
Ring-billed Gull,8,1,Aug_W1,0.5360134,597.0
Ring-billed Gull,8,2,Aug_W2,0.533033,666.0
Ring-billed Gull,8,3,Aug_W3,0.6180049,822.0
Ring-billed Gull,8,4,Aug_W4,0.6295637,1123.0
Ring-billed Gull,9,1,Sep_W1,0.6072607,909.0
Ring-billed Gull,9,2,Sep_W2,0.5621735,957.0
Ring-billed Gull,9,3,Sep_W3,0.5773624,963.0
Ring-billed Gull,9,4,Sep_W4,0.5428167,1413.0
Ring-billed Gull,10,1,Oct_W1,0.5122951,976.0
Ring-billed Gull,10,2,Oct_W2,0.5300752,1330.0
Ring-billed Gull,10,3,Oct_W3,0.4930103,1073.0
Ring-billed Gull,10,4,Oct_W4,0.460374,1123.0
Ring-billed Gull,11,1,Nov_W1,0.4110787,686.0
Ring-billed Gull,11,2,Nov_W2,0.4108761,662.0
Ring-billed Gull,11,3,Nov_W3,0.2149533,428.0
Ring-billed Gull,11,4,Nov_W4,0.0884956,339.0
Ring-billed Gull,12,1,Dec_W1,0.0657277,213.0
Ring-billed Gull,12,2,Dec_W2,0.0181818,275.0
Ring-billed Gull,12,3,Dec_W3,0.0314465,318.0
Ring-billed Gull,12,4,Dec_W4,0.019334,931.0
American Herring Gull,1,1,Jan_W1,0.1527237,1028.0
American Herring Gull,1,2,Jan_W2,0.078392,995.0
American Herring Gull,1,3,Jan_W3,0.0803109,1544.0
American Herring Gull,1,4,Jan_W4,0.0785007,1414.0
American Herring Gull,2,1,Feb_W1,0.0712788,1431.0
American Herring Gull,2,2,Feb_W2,0.0856397,1915.0
American Herring Gull,2,3,Feb_W3,0.0833333,1788.0
American Herring Gull,2,4,Feb_W4,0.122571,669.0
American Herring Gull,3,1,Mar_W1,0.1418048,543.0
American Herring Gull,3,2,Mar_W2,0.2664835,364.0
American Herring Gull,3,3,Mar_W3,0.2496329,681.0
American Herring Gull,3,4,Mar_W4,0.2975369,1015.0
American Herring Gull,4,1,Apr_W1,0.3005319,752.0
American Herring Gull,4,2,Apr_W2,0.3096118,1082.0
American Herring Gull,4,3,Apr_W3,0.3364017,1195.0
American Herring Gull,4,4,Apr_W4,0.3371634,2785.0
American Herring Gull,5,1,May_W1,0.3381246,1461.0
American Herring Gull,5,2,May_W2,0.3135714,1400.0
American Herring Gull,5,3,May_W3,0.2781036,2046.0
American Herring Gull,5,4,May_W4,0.2967284,3943.0
American Herring Gull,6,1,Jun_W1,0.2170543,1548.0
American Herring Gull,6,2,Jun_W2,0.215814,1075.0
American Herring Gull,6,3,Jun_W3,0.2149955,1107.0
American Herring Gull,6,4,Jun_W4,0.2026641,1051.0
American Herring Gull,7,1,Jul_W1,0.2540881,795.0
American Herring Gull,7,2,Jul_W2,0.2910959,584.0
American Herring Gull,7,3,Jul_W3,0.2908068,533.0
American Herring Gull,7,4,Jul_W4,0.3075949,790.0
American Herring Gull,8,1,Aug_W1,0.3232831,597.0
American Herring Gull,8,2,Aug_W2,0.3363363,666.0
American Herring Gull,8,3,Aug_W3,0.459854,822.0
American Herring Gull,8,4,Aug_W4,0.477293,1123.0
American Herring Gull,9,1,Sep_W1,0.5115512,909.0
American Herring Gull,9,2,Sep_W2,0.4702194,957.0
American Herring Gull,9,3,Sep_W3,0.4870197,963.0
American Herring Gull,9,4,Sep_W4,0.4508139,1413.0
American Herring Gull,10,1,Oct_W1,0.4497951,976.0
American Herring Gull,10,2,Oct_W2,0.4879699,1330.0
American Herring Gull,10,3,Oct_W3,0.4762349,1073.0
American Herring Gull,10,4,Oct_W4,0.4639359,1123.0
American Herring Gull,11,1,Nov_W1,0.5247813,686.0
American Herring Gull,11,2,Nov_W2,0.5226586,662.0
American Herring Gull,11,3,Nov_W3,0.4018692,428.0
American Herring Gull,11,4,Nov_W4,0.3628319,339.0
American Herring Gull,12,1,Dec_W1,0.342723,213.0
American Herring Gull,12,2,Dec_W2,0.2872727,275.0
American Herring Gull,12,3,Dec_W3,0.2672956,318.0
American Herring Gull,12,4,Dec_W4,0.1514501,931.0
Great Black-backed Gull,1,1,Jan_W1,0.016537,1028.0
Great Black-backed Gull,1,2,Jan_W2,0.0070352,995.0
Great Black-backed Gull,1,3,Jan_W3,0.0084197,1544.0
Great Black-backed Gull,1,4,Jan_W4,0.0049505,1414.0
Great Black-backed Gull,2,1,Feb_W1,0.0027952,1431.0
Great Black-backed Gull,2,2,Feb_W2,0.0036554,1915.0
Great Black-backed Gull,2,3,Feb_W3,0.0011186,1788.0
Great Black-backed Gull,2,4,Feb_W4,0.0014948,669.0
Great Black-backed Gull,3,1,Mar_W1,0.0018416,543.0
Great Black-backed Gull,3,2,Mar_W2,0.0054945,364.0
Great Black-backed Gull,3,3,Mar_W3,0.010279,681.0
Great Black-backed Gull,3,4,Mar_W4,0.0068966,1015.0
Great Black-backed Gull,4,1,Apr_W1,0.0026596,752.0
Great Black-backed Gull,4,2,Apr_W2,0.0055453,1082.0
Great Black-backed Gull,4,3,Apr_W3,0.0217573,1195.0
Great Black-backed Gull,4,4,Apr_W4,0.0165171,2785.0
Great Black-backed Gull,5,1,May_W1,0.0116359,1461.0
Great Black-backed Gull,5,2,May_W2,0.0021429,1400.0
Great Black-backed Gull,5,3,May_W3,0.0068426,2046.0
Great Black-backed Gull,5,4,May_W4,0.0035506,3943.0
Great Black-backed Gull,6,1,Jun_W1,0.0,1548.0
Great Black-backed Gull,6,2,Jun_W2,0.0,1075.0
Great Black-backed Gull,6,3,Jun_W3,0.0,1107.0
Great Black-backed Gull,6,4,Jun_W4,0.0,1051.0
Great Black-backed Gull,7,1,Jul_W1,0.0,795.0
Great Black-backed Gull,7,2,Jul_W2,0.0,584.0
Great Black-backed Gull,7,3,Jul_W3,0.0018762,533.0
Great Black-backed Gull,7,4,Jul_W4,0.0,790.0
Great Black-backed Gull,8,1,Aug_W1,0.0,597.0
Great Black-backed Gull,8,2,Aug_W2,0.0015015,666.0
Great Black-backed Gull,8,3,Aug_W3,0.0012165,822.0
Great Black-backed Gull,8,4,Aug_W4,0.0,1123.0
Great Black-backed Gull,9,1,Sep_W1,0.0077008,909.0
Great Black-backed Gull,9,2,Sep_W2,0.0041797,957.0
Great Black-backed Gull,9,3,Sep_W3,0.0041537,963.0
Great Black-backed Gull,9,4,Sep_W4,0.0070771,1413.0
Great Black-backed Gull,10,1,Oct_W1,0.0092213,976.0
Great Black-backed Gull,10,2,Oct_W2,0.0097744,1330.0
Great Black-backed Gull,10,3,Oct_W3,0.0167754,1073.0
Great Black-backed Gull,10,4,Oct_W4,0.0409617,1123.0
Great Black-backed Gull,11,1,Nov_W1,0.0364431,686.0
Great Black-backed Gull,11,2,Nov_W2,0.0528701,662.0
Great Black-backed Gull,11,3,Nov_W3,0.0257009,428.0
Great Black-backed Gull,11,4,Nov_W4,0.0176991,339.0
Great Black-backed Gull,12,1,Dec_W1,0.028169,213.0
Great Black-backed Gull,12,2,Dec_W2,0.0072727,275.0
Great Black-backed Gull,12,3,Dec_W3,0.009434,318.0
Great Black-backed Gull,12,4,Dec_W4,0.0182599,931.0
Glaucous Gull,1,1,Jan_W1,0.0486381,1028.0
Glaucous Gull,1,2,Jan_W2,0.0190955,995.0
Glaucous Gull,1,3,Jan_W3,0.0284974,1544.0
Glaucous Gull,1,4,Jan_W4,0.0240453,1414.0
Glaucous Gull,2,1,Feb_W1,0.0209644,1431.0
Glaucous Gull,2,2,Feb_W2,0.0219321,1915.0
Glaucous Gull,2,3,Feb_W3,0.0167785,1788.0
Glaucous Gull,2,4,Feb_W4,0.0239163,669.0
Glaucous Gull,3,1,Mar_W1,0.014733,543.0
Glaucous Gull,3,2,Mar_W2,0.0192308,364.0
Glaucous Gull,3,3,Mar_W3,0.0014684,681.0
Glaucous Gull,3,4,Mar_W4,0.0039409,1015.0
Glaucous Gull,4,1,Apr_W1,0.0026596,752.0
Glaucous Gull,4,2,Apr_W2,0.0064695,1082.0
Glaucous Gull,4,3,Apr_W3,0.0108787,1195.0
Glaucous Gull,4,4,Apr_W4,0.0211849,2785.0
Glaucous Gull,5,1,May_W1,0.0136893,1461.0
Glaucous Gull,5,2,May_W2,0.0135714,1400.0
Glaucous Gull,5,3,May_W3,0.0087977,2046.0
Glaucous Gull,5,4,May_W4,0.0022825,3943.0
Glaucous Gull,6,1,Jun_W1,0.0,1548.0
Glaucous Gull,6,2,Jun_W2,0.0,1075.0
Glaucous Gull,6,3,Jun_W3,0.0,1107.0
Glaucous Gull,6,4,Jun_W4,0.0,1051.0
Glaucous Gull,7,1,Jul_W1,0.0,795.0
Glaucous Gull,7,2,Jul_W2,0.0,584.0
Glaucous Gull,7,3,Jul_W3,0.0,533.0
Glaucous Gull,7,4,Jul_W4,0.0,790.0
Glaucous Gull,8,1,Aug_W1,0.0,597.0
Glaucous Gull,8,2,Aug_W2,0.0,666.0
Glaucous Gull,8,3,Aug_W3,0.0,822.0
Glaucous Gull,8,4,Aug_W4,0.0,1123.0
Glaucous Gull,9,1,Sep_W1,0.0,909.0
Glaucous Gull,9,2,Sep_W2,0.0,957.0
Glaucous Gull,9,3,Sep_W3,0.0,963.0
Glaucous Gull,9,4,Sep_W4,0.0,1413.0
Glaucous Gull,10,1,Oct_W1,0.0010246,976.0
Glaucous Gull,10,2,Oct_W2,0.0052632,1330.0
Glaucous Gull,10,3,Oct_W3,0.0046598,1073.0
Glaucous Gull,10,4,Oct_W4,0.0124666,1123.0
Glaucous Gull,11,1,Nov_W1,0.0379009,686.0
Glaucous Gull,11,2,Nov_W2,0.0543807,662.0
Glaucous Gull,11,3,Nov_W3,0.0373832,428.0
Glaucous Gull,11,4,Nov_W4,0.0353982,339.0
Glaucous Gull,12,1,Dec_W1,0.0234742,213.0
Glaucous Gull,12,2,Dec_W2,0.0218182,275.0
Glaucous Gull,12,3,Dec_W3,0.0314465,318.0
Glaucous Gull,12,4,Dec_W4,0.056928,931.0
Lesser Black-backed Gull,1,1,Jan_W1,0.0019455,1028.0
Lesser Black-backed Gull,1,2,Jan_W2,0.001005,995.0
Lesser Black-backed Gull,1,3,Jan_W3,0.0012953,1544.0
Lesser Black-backed Gull,1,4,Jan_W4,0.0007072,1414.0
Lesser Black-backed Gull,2,1,Feb_W1,0.0,1431.0
Lesser Black-backed Gull,2,2,Feb_W2,0.0,1915.0
Lesser Black-backed Gull,2,3,Feb_W3,0.0,1788.0
Lesser Black-backed Gull,2,4,Feb_W4,0.0,669.0
Lesser Black-backed Gull,3,1,Mar_W1,0.0,543.0
Lesser Black-backed Gull,3,2,Mar_W2,0.0,364.0
Lesser Black-backed Gull,3,3,Mar_W3,0.0,681.0
Lesser Black-backed Gull,3,4,Mar_W4,0.0,1015.0
Lesser Black-backed Gull,4,1,Apr_W1,0.0039894,752.0
Lesser Black-backed Gull,4,2,Apr_W2,0.0009242,1082.0
Lesser Black-backed Gull,4,3,Apr_W3,0.0025105,1195.0
Lesser Black-backed Gull,4,4,Apr_W4,0.0039497,2785.0
Lesser Black-backed Gull,5,1,May_W1,0.0034223,1461.0
Lesser Black-backed Gull,5,2,May_W2,0.0021429,1400.0
Lesser Black-backed Gull,5,3,May_W3,0.0087977,2046.0
Lesser Black-backed Gull,5,4,May_W4,0.0010145,3943.0
Lesser Black-backed Gull,6,1,Jun_W1,0.0,1548.0
Lesser Black-backed Gull,6,2,Jun_W2,0.0009302,1075.0
Lesser Black-backed Gull,6,3,Jun_W3,0.0,1107.0
Lesser Black-backed Gull,6,4,Jun_W4,0.0,1051.0
Lesser Black-backed Gull,7,1,Jul_W1,0.0,795.0
Lesser Black-backed Gull,7,2,Jul_W2,0.0,584.0
Lesser Black-backed Gull,7,3,Jul_W3,0.0,533.0
Lesser Black-backed Gull,7,4,Jul_W4,0.0012658,790.0
Lesser Black-backed Gull,8,1,Aug_W1,0.0,597.0
Lesser Black-backed Gull,8,2,Aug_W2,0.0,666.0
Lesser Black-backed Gull,8,3,Aug_W3,0.0,822.0
Lesser Black-backed Gull,8,4,Aug_W4,0.0017809,1123.0
Lesser Black-backed Gull,9,1,Sep_W1,0.0011001,909.0
Lesser Black-backed Gull,9,2,Sep_W2,0.0,957.0
Lesser Black-backed Gull,9,3,Sep_W3,0.0051921,963.0
Lesser Black-backed Gull,9,4,Sep_W4,0.0042463,1413.0
Lesser Black-backed Gull,10,1,Oct_W1,0.005123,976.0
Lesser Black-backed Gull,10,2,Oct_W2,0.0015038,1330.0
Lesser Black-backed Gull,10,3,Oct_W3,0.0,1073.0
Lesser Black-backed Gull,10,4,Oct_W4,0.0106857,1123.0
Lesser Black-backed Gull,11,1,Nov_W1,0.0072886,686.0
Lesser Black-backed Gull,11,2,Nov_W2,0.0015106,662.0
Lesser Black-backed Gull,11,3,Nov_W3,0.0,428.0
Lesser Black-backed Gull,11,4,Nov_W4,0.0029499,339.0
Lesser Black-backed Gull,12,1,Dec_W1,0.0,213.0
Lesser Black-backed Gull,12,2,Dec_W2,0.0,275.0
Lesser Black-backed Gull,12,3,Dec_W3,0.0,318.0
Lesser Black-backed Gull,12,4,Dec_W4,0.0,931.0
Glaucous-winged Gull,1,1,Jan_W1,0.0,1028.0
Glaucous-winged Gull,1,2,Jan_W2,0.0,995.0
Glaucous-winged Gull,1,3,Jan_W3,0.0,1544.0
Glaucous-winged Gull,1,4,Jan_W4,0.0,1414.0
Glaucous-winged Gull,2,1,Feb_W1,0.0,1431.0
Glaucous-winged Gull,2,2,Feb_W2,0.0,1915.0
Glaucous-winged Gull,2,3,Feb_W3,0.0,1788.0
Glaucous-winged Gull,2,4,Feb_W4,0.0,669.0
Glaucous-winged Gull,3,1,Mar_W1,0.0,543.0
Glaucous-winged Gull,3,2,Mar_W2,0.0,364.0
Glaucous-winged Gull,3,3,Mar_W3,0.0,681.0
Glaucous-winged Gull,3,4,Mar_W4,0.0,1015.0
Glaucous-winged Gull,4,1,Apr_W1,0.0,752.0
Glaucous-winged Gull,4,2,Apr_W2,0.0,1082.0
Glaucous-winged Gull,4,3,Apr_W3,0.0,1195.0
Glaucous-winged Gull,4,4,Apr_W4,0.0,2785.0
Glaucous-winged Gull,5,1,May_W1,0.0,1461.0
Glaucous-winged Gull,5,2,May_W2,0.0,1400.0
Glaucous-winged Gull,5,3,May_W3,0.0,2046.0
Glaucous-winged Gull,5,4,May_W4,0.0,3943.0
Glaucous-winged Gull,6,1,Jun_W1,0.0,1548.0
Glaucous-winged Gull,6,2,Jun_W2,0.0,1075.0
Glaucous-winged Gull,6,3,Jun_W3,0.0,1107.0
Glaucous-winged Gull,6,4,Jun_W4,0.0,1051.0
Glaucous-winged Gull,7,1,Jul_W1,0.0,795.0
Glaucous-winged Gull,7,2,Jul_W2,0.0,584.0
Glaucous-winged Gull,7,3,Jul_W3,0.0,533.0
Glaucous-winged Gull,7,4,Jul_W4,0.0,790.0
Glaucous-winged Gull,8,1,Aug_W1,0.0,597.0
Glaucous-winged Gull,8,2,Aug_W2,0.0,666.0
Glaucous-winged Gull,8,3,Aug_W3,0.0,822.0
Glaucous-winged Gull,8,4,Aug_W4,0.0,1123.0
Glaucous-winged Gull,9,1,Sep_W1,0.0,909.0
Glaucous-winged Gull,9,2,Sep_W2,0.0,957.0
Glaucous-winged Gull,9,3,Sep_W3,0.0,963.0
Glaucous-winged Gull,9,4,Sep_W4,0.0,1413.0
Glaucous-winged Gull,10,1,Oct_W1,0.0,976.0
Glaucous-winged Gull,10,2,Oct_W2,0.0,1330.0
Glaucous-winged Gull,10,3,Oct_W3,0.0,1073.0
Glaucous-winged Gull,10,4,Oct_W4,0.0,1123.0
Glaucous-winged Gull,11,1,Nov_W1,0.0,686.0
Glaucous-winged Gull,11,2,Nov_W2,0.0,662.0
Glaucous-winged Gull,11,3,Nov_W3,0.0,428.0
Glaucous-winged Gull,11,4,Nov_W4,0.0,339.0
Glaucous-winged Gull,12,1,Dec_W1,0.0,213.0
Glaucous-winged Gull,12,2,Dec_W2,0.0,275.0
Glaucous-winged Gull,12,3,Dec_W3,0.0015,318.0
Glaucous-winged Gull,12,4,Dec_W4,0.0,931.0
Iceland Gull,1,1,Jan_W1,0.0184825,1028.0
Iceland Gull,1,2,Jan_W2,0.0030151,995.0
Iceland Gull,1,3,Jan_W3,0.007772,1544.0
Iceland Gull,1,4,Jan_W4,0.0035361,1414.0
Iceland Gull,2,1,Feb_W1,0.0125786,1431.0
Iceland Gull,2,2,Feb_W2,0.0020888,1915.0
Iceland Gull,2,3,Feb_W3,0.00783,1788.0
Iceland Gull,2,4,Feb_W4,0.0119581,669.0
Iceland Gull,3,1,Mar_W1,0.0036832,543.0
Iceland Gull,3,2,Mar_W2,0.0027473,364.0
Iceland Gull,3,3,Mar_W3,0.0014684,681.0
Iceland Gull,3,4,Mar_W4,0.0019704,1015.0
Iceland Gull,4,1,Apr_W1,0.0,752.0
Iceland Gull,4,2,Apr_W2,0.0018484,1082.0
Iceland Gull,4,3,Apr_W3,0.0050209,1195.0
Iceland Gull,4,4,Apr_W4,0.0057451,2785.0
Iceland Gull,5,1,May_W1,0.0041068,1461.0
Iceland Gull,5,2,May_W2,0.0042857,1400.0
Iceland Gull,5,3,May_W3,0.0034213,2046.0
Iceland Gull,5,4,May_W4,0.0007608,3943.0
Iceland Gull,6,1,Jun_W1,0.0,1548.0
Iceland Gull,6,2,Jun_W2,0.0,1075.0
Iceland Gull,6,3,Jun_W3,0.0,1107.0
Iceland Gull,6,4,Jun_W4,0.0,1051.0
Iceland Gull,7,1,Jul_W1,0.0,795.0
Iceland Gull,7,2,Jul_W2,0.0,584.0
Iceland Gull,7,3,Jul_W3,0.0,533.0
Iceland Gull,7,4,Jul_W4,0.0,790.0
Iceland Gull,8,1,Aug_W1,0.0,597.0
Iceland Gull,8,2,Aug_W2,0.0,666.0
Iceland Gull,8,3,Aug_W3,0.0,822.0
Iceland Gull,8,4,Aug_W4,0.0,1123.0
Iceland Gull,9,1,Sep_W1,0.0,909.0
Iceland Gull,9,2,Sep_W2,0.0,957.0
Iceland Gull,9,3,Sep_W3,0.0,963.0
Iceland Gull,9,4,Sep_W4,0.0,1413.0
Iceland Gull,10,1,Oct_W1,0.0010246,976.0
Iceland Gull,10,2,Oct_W2,0.0052632,1330.0
Iceland Gull,10,3,Oct_W3,0.0102516,1073.0
Iceland Gull,10,4,Oct_W4,0.0231523,1123.0
Iceland Gull,11,1,Nov_W1,0.016035,686.0
Iceland Gull,11,2,Nov_W2,0.021148,662.0
Iceland Gull,11,3,Nov_W3,0.0093458,428.0
Iceland Gull,11,4,Nov_W4,0.0015,339.0
Iceland Gull,12,1,Dec_W1,0.0046948,213.0
Iceland Gull,12,2,Dec_W2,0.0072727,275.0
Iceland Gull,12,3,Dec_W3,0.0220126,318.0
Iceland Gull,12,4,Dec_W4,0.0290011,931.0
Least Tern,1,1,Jan_W1,0.0,1028.0
Least Tern,1,2,Jan_W2,0.0,995.0
Least Tern,1,3,Jan_W3,0.0,1544.0
Least Tern,1,4,Jan_W4,0.0,1414.0
Least Tern,2,1,Feb_W1,0.0,1431.0
Least Tern,2,2,Feb_W2,0.0,1915.0
Least Tern,2,3,Feb_W3,0.0,1788.0
Least Tern,2,4,Feb_W4,0.0,669.0
Least Tern,3,1,Mar_W1,0.0,543.0
Least Tern,3,2,Mar_W2,0.0,364.0
Least Tern,3,3,Mar_W3,0.0,681.0
Least Tern,3,4,Mar_W4,0.0,1015.0
Least Tern,4,1,Apr_W1,0.0,752.0
Least Tern,4,2,Apr_W2,0.0,1082.0
Least Tern,4,3,Apr_W3,0.0,1195.0
Least Tern,4,4,Apr_W4,0.0,2785.0
Least Tern,5,1,May_W1,0.0,1461.0
Least Tern,5,2,May_W2,0.0,1400.0
Least Tern,5,3,May_W3,0.0,2046.0
Least Tern,5,4,May_W4,0.0002536,3943.0
Least Tern,6,1,Jun_W1,0.0,1548.0
Least Tern,6,2,Jun_W2,0.0,1075.0
Least Tern,6,3,Jun_W3,0.0,1107.0
Least Tern,6,4,Jun_W4,0.0,1051.0
Least Tern,7,1,Jul_W1,0.0,795.0
Least Tern,7,2,Jul_W2,0.0,584.0
Least Tern,7,3,Jul_W3,0.0,533.0
Least Tern,7,4,Jul_W4,0.0,790.0
Least Tern,8,1,Aug_W1,0.0,597.0
Least Tern,8,2,Aug_W2,0.0,666.0
Least Tern,8,3,Aug_W3,0.0,822.0
Least Tern,8,4,Aug_W4,0.0,1123.0
Least Tern,9,1,Sep_W1,0.0,909.0
Least Tern,9,2,Sep_W2,0.0,957.0
Least Tern,9,3,Sep_W3,0.0,963.0
Least Tern,9,4,Sep_W4,0.0,1413.0
Least Tern,10,1,Oct_W1,0.0,976.0
Least Tern,10,2,Oct_W2,0.0015,1330.0
Least Tern,10,3,Oct_W3,0.0,1073.0
Least Tern,10,4,Oct_W4,0.0,1123.0
Least Tern,11,1,Nov_W1,0.0,686.0
Least Tern,11,2,Nov_W2,0.0,662.0
Least Tern,11,3,Nov_W3,0.0,428.0
Least Tern,11,4,Nov_W4,0.0,339.0
Least Tern,12,1,Dec_W1,0.0,213.0
Least Tern,12,2,Dec_W2,0.0,275.0
Least Tern,12,3,Dec_W3,0.0,318.0
Least Tern,12,4,Dec_W4,0.0,931.0
Caspian Tern,1,1,Jan_W1,0.0,1028.0
Caspian Tern,1,2,Jan_W2,0.0,995.0
Caspian Tern,1,3,Jan_W3,0.0,1544.0
Caspian Tern,1,4,Jan_W4,0.0,1414.0
Caspian Tern,2,1,Feb_W1,0.0,1431.0
Caspian Tern,2,2,Feb_W2,0.0,1915.0
Caspian Tern,2,3,Feb_W3,0.0,1788.0
Caspian Tern,2,4,Feb_W4,0.0,669.0
Caspian Tern,3,1,Mar_W1,0.0,543.0
Caspian Tern,3,2,Mar_W2,0.0,364.0
Caspian Tern,3,3,Mar_W3,0.0,681.0
Caspian Tern,3,4,Mar_W4,0.0,1015.0
Caspian Tern,4,1,Apr_W1,0.0,752.0
Caspian Tern,4,2,Apr_W2,0.0,1082.0
Caspian Tern,4,3,Apr_W3,0.0108787,1195.0
Caspian Tern,4,4,Apr_W4,0.0549372,2785.0
Caspian Tern,5,1,May_W1,0.1129363,1461.0
Caspian Tern,5,2,May_W2,0.1242857,1400.0
Caspian Tern,5,3,May_W3,0.1143695,2046.0
Caspian Tern,5,4,May_W4,0.1351763,3943.0
Caspian Tern,6,1,Jun_W1,0.1027132,1548.0
Caspian Tern,6,2,Jun_W2,0.1181395,1075.0
Caspian Tern,6,3,Jun_W3,0.0993677,1107.0
Caspian Tern,6,4,Jun_W4,0.0884872,1051.0
Caspian Tern,7,1,Jul_W1,0.1685535,795.0
Caspian Tern,7,2,Jul_W2,0.1489726,584.0
Caspian Tern,7,3,Jul_W3,0.1876173,533.0
Caspian Tern,7,4,Jul_W4,0.1949367,790.0
Caspian Tern,8,1,Aug_W1,0.2529313,597.0
Caspian Tern,8,2,Aug_W2,0.1936937,666.0
Caspian Tern,8,3,Aug_W3,0.2530414,822.0
Caspian Tern,8,4,Aug_W4,0.1469279,1123.0
Caspian Tern,9,1,Sep_W1,0.0506051,909.0
Caspian Tern,9,2,Sep_W2,0.0114943,957.0
Caspian Tern,9,3,Sep_W3,0.0051921,963.0
Caspian Tern,9,4,Sep_W4,0.0,1413.0
Caspian Tern,10,1,Oct_W1,0.0,976.0
Caspian Tern,10,2,Oct_W2,0.0,1330.0
Caspian Tern,10,3,Oct_W3,0.0,1073.0
Caspian Tern,10,4,Oct_W4,0.0,1123.0
Caspian Tern,11,1,Nov_W1,0.0,686.0
Caspian Tern,11,2,Nov_W2,0.0,662.0
Caspian Tern,11,3,Nov_W3,0.0,428.0
Caspian Tern,11,4,Nov_W4,0.0,339.0
Caspian Tern,12,1,Dec_W1,0.0,213.0
Caspian Tern,12,2,Dec_W2,0.0,275.0
Caspian Tern,12,3,Dec_W3,0.0,318.0
Caspian Tern,12,4,Dec_W4,0.0,931.0
Black Tern,1,1,Jan_W1,0.0,1028.0
Black Tern,1,2,Jan_W2,0.0,995.0
Black Tern,1,3,Jan_W3,0.0,1544.0
Black Tern,1,4,Jan_W4,0.0,1414.0
Black Tern,2,1,Feb_W1,0.0,1431.0
Black Tern,2,2,Feb_W2,0.0,1915.0
Black Tern,2,3,Feb_W3,0.0,1788.0
Black Tern,2,4,Feb_W4,0.0,669.0
Black Tern,3,1,Mar_W1,0.0,543.0
Black Tern,3,2,Mar_W2,0.0,364.0
Black Tern,3,3,Mar_W3,0.0,681.0
Black Tern,3,4,Mar_W4,0.0,1015.0
Black Tern,4,1,Apr_W1,0.0,752.0
Black Tern,4,2,Apr_W2,0.0,1082.0
Black Tern,4,3,Apr_W3,0.0,1195.0
Black Tern,4,4,Apr_W4,0.0,2785.0
Black Tern,5,1,May_W1,0.0,1461.0
Black Tern,5,2,May_W2,0.0071429,1400.0
Black Tern,5,3,May_W3,0.0136852,2046.0
Black Tern,5,4,May_W4,0.0169921,3943.0
Black Tern,6,1,Jun_W1,0.0342377,1548.0
Black Tern,6,2,Jun_W2,0.0353488,1075.0
Black Tern,6,3,Jun_W3,0.0397471,1107.0
Black Tern,6,4,Jun_W4,0.0342531,1051.0
Black Tern,7,1,Jul_W1,0.0289308,795.0
Black Tern,7,2,Jul_W2,0.015411,584.0
Black Tern,7,3,Jul_W3,0.0243902,533.0
Black Tern,7,4,Jul_W4,0.0088608,790.0
Black Tern,8,1,Aug_W1,0.0050251,597.0
Black Tern,8,2,Aug_W2,0.0075075,666.0
Black Tern,8,3,Aug_W3,0.0182482,822.0
Black Tern,8,4,Aug_W4,0.0231523,1123.0
Black Tern,9,1,Sep_W1,0.0165017,909.0
Black Tern,9,2,Sep_W2,0.015674,957.0
Black Tern,9,3,Sep_W3,0.0010384,963.0
Black Tern,9,4,Sep_W4,0.0007077,1413.0
Black Tern,10,1,Oct_W1,0.0,976.0
Black Tern,10,2,Oct_W2,0.0,1330.0
Black Tern,10,3,Oct_W3,0.0,1073.0
Black Tern,10,4,Oct_W4,0.0,1123.0
Black Tern,11,1,Nov_W1,0.0,686.0
Black Tern,11,2,Nov_W2,0.0,662.0
Black Tern,11,3,Nov_W3,0.0,428.0
Black Tern,11,4,Nov_W4,0.0,339.0
Black Tern,12,1,Dec_W1,0.0,213.0
Black Tern,12,2,Dec_W2,0.0,275.0
Black Tern,12,3,Dec_W3,0.0,318.0
Black Tern,12,4,Dec_W4,0.0,931.0
Forster's Tern,1,1,Jan_W1,0.0,1028.0
Forster's Tern,1,2,Jan_W2,0.0,995.0
Forster's Tern,1,3,Jan_W3,0.0,1544.0
Forster's Tern,1,4,Jan_W4,0.0,1414.0
Forster's Tern,2,1,Feb_W1,0.0,1431.0
Forster's Tern,2,2,Feb_W2,0.0,1915.0
Forster's Tern,2,3,Feb_W3,0.0,1788.0
Forster's Tern,2,4,Feb_W4,0.0,669.0
Forster's Tern,3,1,Mar_W1,0.0,543.0
Forster's Tern,3,2,Mar_W2,0.0,364.0
Forster's Tern,3,3,Mar_W3,0.0,681.0
Forster's Tern,3,4,Mar_W4,0.0,1015.0
Forster's Tern,4,1,Apr_W1,0.0,752.0
Forster's Tern,4,2,Apr_W2,0.0,1082.0
Forster's Tern,4,3,Apr_W3,0.0,1195.0
Forster's Tern,4,4,Apr_W4,0.0,2785.0
Forster's Tern,5,1,May_W1,0.0,1461.0
Forster's Tern,5,2,May_W2,0.0007143,1400.0
Forster's Tern,5,3,May_W3,0.0014663,2046.0
Forster's Tern,5,4,May_W4,0.0007608,3943.0
Forster's Tern,6,1,Jun_W1,0.001292,1548.0
Forster's Tern,6,2,Jun_W2,0.0018605,1075.0
Forster's Tern,6,3,Jun_W3,0.0,1107.0
Forster's Tern,6,4,Jun_W4,0.0,1051.0
Forster's Tern,7,1,Jul_W1,0.0,795.0
Forster's Tern,7,2,Jul_W2,0.0,584.0
Forster's Tern,7,3,Jul_W3,0.0,533.0
Forster's Tern,7,4,Jul_W4,0.0,790.0
Forster's Tern,8,1,Aug_W1,0.0,597.0
Forster's Tern,8,2,Aug_W2,0.0015015,666.0
Forster's Tern,8,3,Aug_W3,0.0048662,822.0
Forster's Tern,8,4,Aug_W4,0.0062333,1123.0
Forster's Tern,9,1,Sep_W1,0.0143014,909.0
Forster's Tern,9,2,Sep_W2,0.0219436,957.0
Forster's Tern,9,3,Sep_W3,0.0186916,963.0
Forster's Tern,9,4,Sep_W4,0.0063694,1413.0
Forster's Tern,10,1,Oct_W1,0.0071721,976.0
Forster's Tern,10,2,Oct_W2,0.0105263,1330.0
Forster's Tern,10,3,Oct_W3,0.000932,1073.0
Forster's Tern,10,4,Oct_W4,0.0008905,1123.0
Forster's Tern,11,1,Nov_W1,0.0,686.0
Forster's Tern,11,2,Nov_W2,0.0,662.0
Forster's Tern,11,3,Nov_W3,0.0,428.0
Forster's Tern,11,4,Nov_W4,0.0,339.0
Forster's Tern,12,1,Dec_W1,0.0,213.0
Forster's Tern,12,2,Dec_W2,0.0,275.0
Forster's Tern,12,3,Dec_W3,0.0,318.0
Forster's Tern,12,4,Dec_W4,0.0,931.0
Arctic Tern,1,1,Jan_W1,0.0,1028.0
Arctic Tern,1,2,Jan_W2,0.0,995.0
Arctic Tern,1,3,Jan_W3,0.0,1544.0
Arctic Tern,1,4,Jan_W4,0.0,1414.0
Arctic Tern,2,1,Feb_W1,0.0,1431.0
Arctic Tern,2,2,Feb_W2,0.0,1915.0
Arctic Tern,2,3,Feb_W3,0.0,1788.0
Arctic Tern,2,4,Feb_W4,0.0,669.0
Arctic Tern,3,1,Mar_W1,0.0,543.0
Arctic Tern,3,2,Mar_W2,0.0,364.0
Arctic Tern,3,3,Mar_W3,0.0,681.0
Arctic Tern,3,4,Mar_W4,0.0,1015.0
Arctic Tern,4,1,Apr_W1,0.0,752.0
Arctic Tern,4,2,Apr_W2,0.0,1082.0
Arctic Tern,4,3,Apr_W3,0.0,1195.0
Arctic Tern,4,4,Apr_W4,0.0,2785.0
Arctic Tern,5,1,May_W1,0.0,1461.0
Arctic Tern,5,2,May_W2,0.0,1400.0
Arctic Tern,5,3,May_W3,0.0,2046.0
Arctic Tern,5,4,May_W4,0.0015,3943.0
Arctic Tern,6,1,Jun_W1,0.0,1548.0
Arctic Tern,6,2,Jun_W2,0.0,1075.0
Arctic Tern,6,3,Jun_W3,0.0,1107.0
Arctic Tern,6,4,Jun_W4,0.0,1051.0
Arctic Tern,7,1,Jul_W1,0.0,795.0
Arctic Tern,7,2,Jul_W2,0.0,584.0
Arctic Tern,7,3,Jul_W3,0.0,533.0
Arctic Tern,7,4,Jul_W4,0.0,790.0
Arctic Tern,8,1,Aug_W1,0.0,597.0
Arctic Tern,8,2,Aug_W2,0.0,666.0
Arctic Tern,8,3,Aug_W3,0.0,822.0
Arctic Tern,8,4,Aug_W4,0.0008905,1123.0
Arctic Tern,9,1,Sep_W1,0.0,909.0
Arctic Tern,9,2,Sep_W2,0.0,957.0
Arctic Tern,9,3,Sep_W3,0.0020768,963.0
Arctic Tern,9,4,Sep_W4,0.0014154,1413.0
Arctic Tern,10,1,Oct_W1,0.0010246,976.0
Arctic Tern,10,2,Oct_W2,0.0,1330.0
Arctic Tern,10,3,Oct_W3,0.0015,1073.0
Arctic Tern,10,4,Oct_W4,0.0015,1123.0
Arctic Tern,11,1,Nov_W1,0.0014577,686.0
Arctic Tern,11,2,Nov_W2,0.0,662.0
Arctic Tern,11,3,Nov_W3,0.0,428.0
Arctic Tern,11,4,Nov_W4,0.0,339.0
Arctic Tern,12,1,Dec_W1,0.0,213.0
Arctic Tern,12,2,Dec_W2,0.0,275.0
Arctic Tern,12,3,Dec_W3,0.0,318.0
Arctic Tern,12,4,Dec_W4,0.0,931.0
Common Tern,1,1,Jan_W1,0.0,1028.0
Common Tern,1,2,Jan_W2,0.0,995.0
Common Tern,1,3,Jan_W3,0.0,1544.0
Common Tern,1,4,Jan_W4,0.0,1414.0
Common Tern,2,1,Feb_W1,0.0,1431.0
Common Tern,2,2,Feb_W2,0.0,1915.0
Common Tern,2,3,Feb_W3,0.0,1788.0
Common Tern,2,4,Feb_W4,0.0,669.0
Common Tern,3,1,Mar_W1,0.0,543.0
Common Tern,3,2,Mar_W2,0.0,364.0
Common Tern,3,3,Mar_W3,0.0,681.0
Common Tern,3,4,Mar_W4,0.0,1015.0
Common Tern,4,1,Apr_W1,0.0,752.0
Common Tern,4,2,Apr_W2,0.0,1082.0
Common Tern,4,3,Apr_W3,0.0,1195.0
Common Tern,4,4,Apr_W4,0.0003591,2785.0
Common Tern,5,1,May_W1,0.0082136,1461.0
Common Tern,5,2,May_W2,0.0257143,1400.0
Common Tern,5,3,May_W3,0.0542522,2046.0
Common Tern,5,4,May_W4,0.0502156,3943.0
Common Tern,6,1,Jun_W1,0.0316537,1548.0
Common Tern,6,2,Jun_W2,0.0427907,1075.0
Common Tern,6,3,Jun_W3,0.0361337,1107.0
Common Tern,6,4,Jun_W4,0.0599429,1051.0
Common Tern,7,1,Jul_W1,0.0679245,795.0
Common Tern,7,2,Jul_W2,0.0856164,584.0
Common Tern,7,3,Jul_W3,0.0863039,533.0
Common Tern,7,4,Jul_W4,0.1240506,790.0
Common Tern,8,1,Aug_W1,0.0921273,597.0
Common Tern,8,2,Aug_W2,0.1246246,666.0
Common Tern,8,3,Aug_W3,0.2262774,822.0
Common Tern,8,4,Aug_W4,0.2092609,1123.0
Common Tern,9,1,Sep_W1,0.2189219,909.0
Common Tern,9,2,Sep_W2,0.1504702,957.0
Common Tern,9,3,Sep_W3,0.1640706,963.0
Common Tern,9,4,Sep_W4,0.1259731,1413.0
Common Tern,10,1,Oct_W1,0.0727459,976.0
Common Tern,10,2,Oct_W2,0.0285714,1330.0
Common Tern,10,3,Oct_W3,0.0158434,1073.0
Common Tern,10,4,Oct_W4,0.0008905,1123.0
Common Tern,11,1,Nov_W1,0.0015,686.0
Common Tern,11,2,Nov_W2,0.0,662.0
Common Tern,11,3,Nov_W3,0.0,428.0
Common Tern,11,4,Nov_W4,0.0,339.0
Common Tern,12,1,Dec_W1,0.0,213.0
Common Tern,12,2,Dec_W2,0.0,275.0
Common Tern,12,3,Dec_W3,0.0,318.0
Common Tern,12,4,Dec_W4,0.0,931.0
Pied-billed Grebe,1,1,Jan_W1,0.0,1028.0
Pied-billed Grebe,1,2,Jan_W2,0.0,995.0
Pied-billed Grebe,1,3,Jan_W3,0.0,1544.0
Pied-billed Grebe,1,4,Jan_W4,0.0,1414.0
Pied-billed Grebe,2,1,Feb_W1,0.0,1431.0
Pied-billed Grebe,2,2,Feb_W2,0.0,1915.0
Pied-billed Grebe,2,3,Feb_W3,0.0,1788.0
Pied-billed Grebe,2,4,Feb_W4,0.0,669.0
Pied-billed Grebe,3,1,Mar_W1,0.0,543.0
Pied-billed Grebe,3,2,Mar_W2,0.0,364.0
Pied-billed Grebe,3,3,Mar_W3,0.0,681.0
Pied-billed Grebe,3,4,Mar_W4,0.0009852,1015.0
Pied-billed Grebe,4,1,Apr_W1,0.0093085,752.0
Pied-billed Grebe,4,2,Apr_W2,0.0286506,1082.0
Pied-billed Grebe,4,3,Apr_W3,0.0200837,1195.0
Pied-billed Grebe,4,4,Apr_W4,0.0531418,2785.0
Pied-billed Grebe,5,1,May_W1,0.0321697,1461.0
Pied-billed Grebe,5,2,May_W2,0.0171429,1400.0
Pied-billed Grebe,5,3,May_W3,0.014174,2046.0
Pied-billed Grebe,5,4,May_W4,0.0152168,3943.0
Pied-billed Grebe,6,1,Jun_W1,0.0251938,1548.0
Pied-billed Grebe,6,2,Jun_W2,0.0362791,1075.0
Pied-billed Grebe,6,3,Jun_W3,0.034327,1107.0
Pied-billed Grebe,6,4,Jun_W4,0.0399619,1051.0
Pied-billed Grebe,7,1,Jul_W1,0.0301887,795.0
Pied-billed Grebe,7,2,Jul_W2,0.0222603,584.0
Pied-billed Grebe,7,3,Jul_W3,0.0168856,533.0
Pied-billed Grebe,7,4,Jul_W4,0.0278481,790.0
Pied-billed Grebe,8,1,Aug_W1,0.0167504,597.0
Pied-billed Grebe,8,2,Aug_W2,0.0165165,666.0
Pied-billed Grebe,8,3,Aug_W3,0.0206813,822.0
Pied-billed Grebe,8,4,Aug_W4,0.015138,1123.0
Pied-billed Grebe,9,1,Sep_W1,0.0165017,909.0
Pied-billed Grebe,9,2,Sep_W2,0.0114943,957.0
Pied-billed Grebe,9,3,Sep_W3,0.0155763,963.0
Pied-billed Grebe,9,4,Sep_W4,0.014862,1413.0
Pied-billed Grebe,10,1,Oct_W1,0.0143443,976.0
Pied-billed Grebe,10,2,Oct_W2,0.0165414,1330.0
Pied-billed Grebe,10,3,Oct_W3,0.0102516,1073.0
Pied-billed Grebe,10,4,Oct_W4,0.0080142,1123.0
Pied-billed Grebe,11,1,Nov_W1,0.0058309,686.0
Pied-billed Grebe,11,2,Nov_W2,0.0015106,662.0
Pied-billed Grebe,11,3,Nov_W3,0.0023364,428.0
Pied-billed Grebe,11,4,Nov_W4,0.0,339.0
Pied-billed Grebe,12,1,Dec_W1,0.0,213.0
Pied-billed Grebe,12,2,Dec_W2,0.0,275.0
Pied-billed Grebe,12,3,Dec_W3,0.0,318.0
Pied-billed Grebe,12,4,Dec_W4,0.0,931.0
Horned Grebe,1,1,Jan_W1,0.0,1028.0
Horned Grebe,1,2,Jan_W2,0.0,995.0
Horned Grebe,1,3,Jan_W3,0.0,1544.0
Horned Grebe,1,4,Jan_W4,0.0015,1414.0
Horned Grebe,2,1,Feb_W1,0.0006988,1431.0
Horned Grebe,2,2,Feb_W2,0.0,1915.0
Horned Grebe,2,3,Feb_W3,0.0,1788.0
Horned Grebe,2,4,Feb_W4,0.0,669.0
Horned Grebe,3,1,Mar_W1,0.0,543.0
Horned Grebe,3,2,Mar_W2,0.0,364.0
Horned Grebe,3,3,Mar_W3,0.0014684,681.0
Horned Grebe,3,4,Mar_W4,0.0,1015.0
Horned Grebe,4,1,Apr_W1,0.0026596,752.0
Horned Grebe,4,2,Apr_W2,0.0009242,1082.0
Horned Grebe,4,3,Apr_W3,0.032636,1195.0
Horned Grebe,4,4,Apr_W4,0.0520646,2785.0
Horned Grebe,5,1,May_W1,0.0732375,1461.0
Horned Grebe,5,2,May_W2,0.0264286,1400.0
Horned Grebe,5,3,May_W3,0.0058651,2046.0
Horned Grebe,5,4,May_W4,0.0022825,3943.0
Horned Grebe,6,1,Jun_W1,0.000646,1548.0
Horned Grebe,6,2,Jun_W2,0.0,1075.0
Horned Grebe,6,3,Jun_W3,0.0,1107.0
Horned Grebe,6,4,Jun_W4,0.0,1051.0
Horned Grebe,7,1,Jul_W1,0.0,795.0
Horned Grebe,7,2,Jul_W2,0.0,584.0
Horned Grebe,7,3,Jul_W3,0.0,533.0
Horned Grebe,7,4,Jul_W4,0.0025316,790.0
Horned Grebe,8,1,Aug_W1,0.0033501,597.0
Horned Grebe,8,2,Aug_W2,0.003003,666.0
Horned Grebe,8,3,Aug_W3,0.0693431,822.0
Horned Grebe,8,4,Aug_W4,0.1059662,1123.0
Horned Grebe,9,1,Sep_W1,0.1265127,909.0
Horned Grebe,9,2,Sep_W2,0.1671891,957.0
Horned Grebe,9,3,Sep_W3,0.1765317,963.0
Horned Grebe,9,4,Sep_W4,0.1847134,1413.0
Horned Grebe,10,1,Oct_W1,0.2346311,976.0
Horned Grebe,10,2,Oct_W2,0.2398496,1330.0
Horned Grebe,10,3,Oct_W3,0.2404473,1073.0
Horned Grebe,10,4,Oct_W4,0.1878896,1123.0
Horned Grebe,11,1,Nov_W1,0.180758,686.0
Horned Grebe,11,2,Nov_W2,0.1268882,662.0
Horned Grebe,11,3,Nov_W3,0.0560748,428.0
Horned Grebe,11,4,Nov_W4,0.0176991,339.0
Horned Grebe,12,1,Dec_W1,0.0234742,213.0
Horned Grebe,12,2,Dec_W2,0.0072727,275.0
Horned Grebe,12,3,Dec_W3,0.0031447,318.0
Horned Grebe,12,4,Dec_W4,0.0,931.0
Red-necked Grebe,1,1,Jan_W1,0.0107004,1028.0
Red-necked Grebe,1,2,Jan_W2,0.001005,995.0
Red-necked Grebe,1,3,Jan_W3,0.0,1544.0
Red-necked Grebe,1,4,Jan_W4,0.0007072,1414.0
Red-necked Grebe,2,1,Feb_W1,0.0027952,1431.0
Red-necked Grebe,2,2,Feb_W2,0.0036554,1915.0
Red-necked Grebe,2,3,Feb_W3,0.0055928,1788.0
Red-necked Grebe,2,4,Feb_W4,0.0029895,669.0
Red-necked Grebe,3,1,Mar_W1,0.0015,543.0
Red-necked Grebe,3,2,Mar_W2,0.0027473,364.0
Red-necked Grebe,3,3,Mar_W3,0.0,681.0
Red-necked Grebe,3,4,Mar_W4,0.0015,1015.0
Red-necked Grebe,4,1,Apr_W1,0.0015,752.0
Red-necked Grebe,4,2,Apr_W2,0.0018484,1082.0
Red-necked Grebe,4,3,Apr_W3,0.0619247,1195.0
Red-necked Grebe,4,4,Apr_W4,0.1041293,2785.0
Red-necked Grebe,5,1,May_W1,0.1498973,1461.0
Red-necked Grebe,5,2,May_W2,0.1207143,1400.0
Red-necked Grebe,5,3,May_W3,0.0684262,2046.0
Red-necked Grebe,5,4,May_W4,0.0319554,3943.0
Red-necked Grebe,6,1,Jun_W1,0.003876,1548.0
Red-necked Grebe,6,2,Jun_W2,0.0,1075.0
Red-necked Grebe,6,3,Jun_W3,0.0,1107.0
Red-necked Grebe,6,4,Jun_W4,0.0015,1051.0
Red-necked Grebe,7,1,Jul_W1,0.0,795.0
Red-necked Grebe,7,2,Jul_W2,0.0017123,584.0
Red-necked Grebe,7,3,Jul_W3,0.0075047,533.0
Red-necked Grebe,7,4,Jul_W4,0.0481013,790.0
Red-necked Grebe,8,1,Aug_W1,0.0368509,597.0
Red-necked Grebe,8,2,Aug_W2,0.0660661,666.0
Red-necked Grebe,8,3,Aug_W3,0.2226277,822.0
Red-necked Grebe,8,4,Aug_W4,0.2831701,1123.0
Red-necked Grebe,9,1,Sep_W1,0.320132,909.0
Red-necked Grebe,9,2,Sep_W2,0.3197492,957.0
Red-necked Grebe,9,3,Sep_W3,0.3229491,963.0
Red-necked Grebe,9,4,Sep_W4,0.3198868,1413.0
Red-necked Grebe,10,1,Oct_W1,0.3329918,976.0
Red-necked Grebe,10,2,Oct_W2,0.3398496,1330.0
Red-necked Grebe,10,3,Oct_W3,0.333644,1073.0
Red-necked Grebe,10,4,Oct_W4,0.3036509,1123.0
Red-necked Grebe,11,1,Nov_W1,0.3002915,686.0
Red-necked Grebe,11,2,Nov_W2,0.2613293,662.0
Red-necked Grebe,11,3,Nov_W3,0.0934579,428.0
Red-necked Grebe,11,4,Nov_W4,0.0383481,339.0
Red-necked Grebe,12,1,Dec_W1,0.0328638,213.0
Red-necked Grebe,12,2,Dec_W2,0.0145455,275.0
Red-necked Grebe,12,3,Dec_W3,0.0157233,318.0
Red-necked Grebe,12,4,Dec_W4,0.0075188,931.0
Eared Grebe,1,1,Jan_W1,0.0,1028.0
Eared Grebe,1,2,Jan_W2,0.0,995.0
Eared Grebe,1,3,Jan_W3,0.0,1544.0
Eared Grebe,1,4,Jan_W4,0.0,1414.0
Eared Grebe,2,1,Feb_W1,0.0,1431.0
Eared Grebe,2,2,Feb_W2,0.0,1915.0
Eared Grebe,2,3,Feb_W3,0.0,1788.0
Eared Grebe,2,4,Feb_W4,0.0,669.0
Eared Grebe,3,1,Mar_W1,0.0,543.0
Eared Grebe,3,2,Mar_W2,0.0,364.0
Eared Grebe,3,3,Mar_W3,0.0,681.0
Eared Grebe,3,4,Mar_W4,0.0,1015.0
Eared Grebe,4,1,Apr_W1,0.0,752.0
Eared Grebe,4,2,Apr_W2,0.0,1082.0
Eared Grebe,4,3,Apr_W3,0.0,1195.0
Eared Grebe,4,4,Apr_W4,0.0,2785.0
Eared Grebe,5,1,May_W1,0.0015,1461.0
Eared Grebe,5,2,May_W2,0.0,1400.0
Eared Grebe,5,3,May_W3,0.0,2046.0
Eared Grebe,5,4,May_W4,0.0,3943.0
Eared Grebe,6,1,Jun_W1,0.0,1548.0
Eared Grebe,6,2,Jun_W2,0.0,1075.0
Eared Grebe,6,3,Jun_W3,0.0,1107.0
Eared Grebe,6,4,Jun_W4,0.0,1051.0
Eared Grebe,7,1,Jul_W1,0.0,795.0
Eared Grebe,7,2,Jul_W2,0.0,584.0
Eared Grebe,7,3,Jul_W3,0.0,533.0
Eared Grebe,7,4,Jul_W4,0.0,790.0
Eared Grebe,8,1,Aug_W1,0.0,597.0
Eared Grebe,8,2,Aug_W2,0.0,666.0
Eared Grebe,8,3,Aug_W3,0.0,822.0
Eared Grebe,8,4,Aug_W4,0.0,1123.0
Eared Grebe,9,1,Sep_W1,0.0,909.0
Eared Grebe,9,2,Sep_W2,0.0,957.0
Eared Grebe,9,3,Sep_W3,0.0,963.0
Eared Grebe,9,4,Sep_W4,0.0035386,1413.0
Eared Grebe,10,1,Oct_W1,0.0,976.0
Eared Grebe,10,2,Oct_W2,0.0,1330.0
Eared Grebe,10,3,Oct_W3,0.000932,1073.0
Eared Grebe,10,4,Oct_W4,0.0,1123.0
Eared Grebe,11,1,Nov_W1,0.0,686.0
Eared Grebe,11,2,Nov_W2,0.0015,662.0
Eared Grebe,11,3,Nov_W3,0.0,428.0
Eared Grebe,11,4,Nov_W4,0.0,339.0
Eared Grebe,12,1,Dec_W1,0.0,213.0
Eared Grebe,12,2,Dec_W2,0.0,275.0
Eared Grebe,12,3,Dec_W3,0.0,318.0
Eared Grebe,12,4,Dec_W4,0.0,931.0
Western Grebe,1,1,Jan_W1,0.0,1028.0
Western Grebe,1,2,Jan_W2,0.0,995.0
Western Grebe,1,3,Jan_W3,0.0,1544.0
Western Grebe,1,4,Jan_W4,0.0,1414.0
Western Grebe,2,1,Feb_W1,0.0,1431.0
Western Grebe,2,2,Feb_W2,0.0,1915.0
Western Grebe,2,3,Feb_W3,0.0,1788.0
Western Grebe,2,4,Feb_W4,0.0,669.0
Western Grebe,3,1,Mar_W1,0.0,543.0
Western Grebe,3,2,Mar_W2,0.0,364.0
Western Grebe,3,3,Mar_W3,0.0,681.0
Western Grebe,3,4,Mar_W4,0.0,1015.0
Western Grebe,4,1,Apr_W1,0.0,752.0
Western Grebe,4,2,Apr_W2,0.0,1082.0
Western Grebe,4,3,Apr_W3,0.0,1195.0
Western Grebe,4,4,Apr_W4,0.0,2785.0
Western Grebe,5,1,May_W1,0.0,1461.0
Western Grebe,5,2,May_W2,0.0015,1400.0
Western Grebe,5,3,May_W3,0.0,2046.0
Western Grebe,5,4,May_W4,0.0,3943.0
Western Grebe,6,1,Jun_W1,0.0,1548.0
Western Grebe,6,2,Jun_W2,0.0,1075.0
Western Grebe,6,3,Jun_W3,0.0,1107.0
Western Grebe,6,4,Jun_W4,0.0,1051.0
Western Grebe,7,1,Jul_W1,0.0,795.0
Western Grebe,7,2,Jul_W2,0.0,584.0
Western Grebe,7,3,Jul_W3,0.0,533.0
Western Grebe,7,4,Jul_W4,0.0,790.0
Western Grebe,8,1,Aug_W1,0.0,597.0
Western Grebe,8,2,Aug_W2,0.0,666.0
Western Grebe,8,3,Aug_W3,0.0,822.0
Western Grebe,8,4,Aug_W4,0.0,1123.0
Western Grebe,9,1,Sep_W1,0.0,909.0
Western Grebe,9,2,Sep_W2,0.0,957.0
Western Grebe,9,3,Sep_W3,0.0,963.0
Western Grebe,9,4,Sep_W4,0.0,1413.0
Western Grebe,10,1,Oct_W1,0.0,976.0
Western Grebe,10,2,Oct_W2,0.0,1330.0
Western Grebe,10,3,Oct_W3,0.0,1073.0
Western Grebe,10,4,Oct_W4,0.0015,1123.0
Western Grebe,11,1,Nov_W1,0.0014577,686.0
Western Grebe,11,2,Nov_W2,0.0015106,662.0
Western Grebe,11,3,Nov_W3,0.0,428.0
Western Grebe,11,4,Nov_W4,0.0,339.0
Western Grebe,12,1,Dec_W1,0.0,213.0
Western Grebe,12,2,Dec_W2,0.0,275.0
Western Grebe,12,3,Dec_W3,0.0,318.0
Western Grebe,12,4,Dec_W4,0.0015,931.0
Red-throated Loon,1,1,Jan_W1,0.0,1028.0
Red-throated Loon,1,2,Jan_W2,0.0,995.0
Red-throated Loon,1,3,Jan_W3,0.0,1544.0
Red-throated Loon,1,4,Jan_W4,0.0,1414.0
Red-throated Loon,2,1,Feb_W1,0.0,1431.0
Red-throated Loon,2,2,Feb_W2,0.0,1915.0
Red-throated Loon,2,3,Feb_W3,0.0,1788.0
Red-throated Loon,2,4,Feb_W4,0.0,669.0
Red-throated Loon,3,1,Mar_W1,0.0,543.0
Red-throated Loon,3,2,Mar_W2,0.0,364.0
Red-throated Loon,3,3,Mar_W3,0.0,681.0
Red-throated Loon,3,4,Mar_W4,0.0,1015.0
Red-throated Loon,4,1,Apr_W1,0.0,752.0
Red-throated Loon,4,2,Apr_W2,0.0,1082.0
Red-throated Loon,4,3,Apr_W3,0.0225941,1195.0
Red-throated Loon,4,4,Apr_W4,0.0517056,2785.0
Red-throated Loon,5,1,May_W1,0.1170431,1461.0
Red-throated Loon,5,2,May_W2,0.0957143,1400.0
Red-throated Loon,5,3,May_W3,0.0855327,2046.0
Red-throated Loon,5,4,May_W4,0.0705047,3943.0
Red-throated Loon,6,1,Jun_W1,0.0135659,1548.0
Red-throated Loon,6,2,Jun_W2,0.0046512,1075.0
Red-throated Loon,6,3,Jun_W3,0.0009033,1107.0
Red-throated Loon,6,4,Jun_W4,0.0009515,1051.0
Red-throated Loon,7,1,Jul_W1,0.0037736,795.0
Red-throated Loon,7,2,Jul_W2,0.0034247,584.0
Red-throated Loon,7,3,Jul_W3,0.0018762,533.0
Red-throated Loon,7,4,Jul_W4,0.0012658,790.0
Red-throated Loon,8,1,Aug_W1,0.0,597.0
Red-throated Loon,8,2,Aug_W2,0.003003,666.0
Red-throated Loon,8,3,Aug_W3,0.0231144,822.0
Red-throated Loon,8,4,Aug_W4,0.0498664,1123.0
Red-throated Loon,9,1,Sep_W1,0.1232123,909.0
Red-throated Loon,9,2,Sep_W2,0.1703239,957.0
Red-throated Loon,9,3,Sep_W3,0.2637591,963.0
Red-throated Loon,9,4,Sep_W4,0.2406228,1413.0
Red-throated Loon,10,1,Oct_W1,0.2377049,976.0
Red-throated Loon,10,2,Oct_W2,0.2308271,1330.0
Red-throated Loon,10,3,Oct_W3,0.2246039,1073.0
Red-throated Loon,10,4,Oct_W4,0.1780944,1123.0
Red-throated Loon,11,1,Nov_W1,0.1603499,686.0
Red-throated Loon,11,2,Nov_W2,0.1510574,662.0
Red-throated Loon,11,3,Nov_W3,0.0397196,428.0
Red-throated Loon,11,4,Nov_W4,0.0147493,339.0
Red-throated Loon,12,1,Dec_W1,0.0046948,213.0
Red-throated Loon,12,2,Dec_W2,0.0072727,275.0
Red-throated Loon,12,3,Dec_W3,0.0031447,318.0
Red-throated Loon,12,4,Dec_W4,0.0010741,931.0
Pacific Loon,1,1,Jan_W1,0.0,1028.0
Pacific Loon,1,2,Jan_W2,0.0,995.0
Pacific Loon,1,3,Jan_W3,0.0,1544.0
Pacific Loon,1,4,Jan_W4,0.0,1414.0
Pacific Loon,2,1,Feb_W1,0.0,1431.0
Pacific Loon,2,2,Feb_W2,0.0,1915.0
Pacific Loon,2,3,Feb_W3,0.0,1788.0
Pacific Loon,2,4,Feb_W4,0.0,669.0
Pacific Loon,3,1,Mar_W1,0.0,543.0
Pacific Loon,3,2,Mar_W2,0.0,364.0
Pacific Loon,3,3,Mar_W3,0.0,681.0
Pacific Loon,3,4,Mar_W4,0.0,1015.0
Pacific Loon,4,1,Apr_W1,0.0,752.0
Pacific Loon,4,2,Apr_W2,0.0,1082.0
Pacific Loon,4,3,Apr_W3,0.0016736,1195.0
Pacific Loon,4,4,Apr_W4,0.0003591,2785.0
Pacific Loon,5,1,May_W1,0.0027379,1461.0
Pacific Loon,5,2,May_W2,0.0042857,1400.0
Pacific Loon,5,3,May_W3,0.0009775,2046.0
Pacific Loon,5,4,May_W4,0.0017753,3943.0
Pacific Loon,6,1,Jun_W1,0.0,1548.0
Pacific Loon,6,2,Jun_W2,0.0,1075.0
Pacific Loon,6,3,Jun_W3,0.0,1107.0
Pacific Loon,6,4,Jun_W4,0.0,1051.0
Pacific Loon,7,1,Jul_W1,0.0,795.0
Pacific Loon,7,2,Jul_W2,0.0,584.0
Pacific Loon,7,3,Jul_W3,0.0,533.0
Pacific Loon,7,4,Jul_W4,0.0,790.0
Pacific Loon,8,1,Aug_W1,0.0,597.0
Pacific Loon,8,2,Aug_W2,0.0,666.0
Pacific Loon,8,3,Aug_W3,0.0,822.0
Pacific Loon,8,4,Aug_W4,0.0,1123.0
Pacific Loon,9,1,Sep_W1,0.0,909.0
Pacific Loon,9,2,Sep_W2,0.0010449,957.0
Pacific Loon,9,3,Sep_W3,0.0020768,963.0
Pacific Loon,9,4,Sep_W4,0.0021231,1413.0
Pacific Loon,10,1,Oct_W1,0.005123,976.0
Pacific Loon,10,2,Oct_W2,0.006015,1330.0
Pacific Loon,10,3,Oct_W3,0.0074557,1073.0
Pacific Loon,10,4,Oct_W4,0.0124666,1123.0
Pacific Loon,11,1,Nov_W1,0.0072886,686.0
Pacific Loon,11,2,Nov_W2,0.0060423,662.0
Pacific Loon,11,3,Nov_W3,0.0,428.0
Pacific Loon,11,4,Nov_W4,0.0,339.0
Pacific Loon,12,1,Dec_W1,0.0,213.0
Pacific Loon,12,2,Dec_W2,0.0,275.0
Pacific Loon,12,3,Dec_W3,0.0,318.0
Pacific Loon,12,4,Dec_W4,0.0,931.0
Common Loon,1,1,Jan_W1,0.0019455,1028.0
Common Loon,1,2,Jan_W2,0.0,995.0
Common Loon,1,3,Jan_W3,0.0,1544.0
Common Loon,1,4,Jan_W4,0.0,1414.0
Common Loon,2,1,Feb_W1,0.0015,1431.0
Common Loon,2,2,Feb_W2,0.0,1915.0
Common Loon,2,3,Feb_W3,0.0,1788.0
Common Loon,2,4,Feb_W4,0.0015,669.0
Common Loon,3,1,Mar_W1,0.0,543.0
Common Loon,3,2,Mar_W2,0.0,364.0
Common Loon,3,3,Mar_W3,0.0,681.0
Common Loon,3,4,Mar_W4,0.0,1015.0
Common Loon,4,1,Apr_W1,0.0066489,752.0
Common Loon,4,2,Apr_W2,0.025878,1082.0
Common Loon,4,3,Apr_W3,0.125523,1195.0
Common Loon,4,4,Apr_W4,0.259246,2785.0
Common Loon,5,1,May_W1,0.3175907,1461.0
Common Loon,5,2,May_W2,0.2607143,1400.0
Common Loon,5,3,May_W3,0.2209189,2046.0
Common Loon,5,4,May_W4,0.2343393,3943.0
Common Loon,6,1,Jun_W1,0.1640827,1548.0
Common Loon,6,2,Jun_W2,0.1376744,1075.0
Common Loon,6,3,Jun_W3,0.0984643,1107.0
Common Loon,6,4,Jun_W4,0.1170314,1051.0
Common Loon,7,1,Jul_W1,0.1597484,795.0
Common Loon,7,2,Jul_W2,0.1164384,584.0
Common Loon,7,3,Jul_W3,0.1688555,533.0
Common Loon,7,4,Jul_W4,0.1607595,790.0
Common Loon,8,1,Aug_W1,0.1088777,597.0
Common Loon,8,2,Aug_W2,0.1321321,666.0
Common Loon,8,3,Aug_W3,0.296837,822.0
Common Loon,8,4,Aug_W4,0.3348175,1123.0
Common Loon,9,1,Sep_W1,0.349835,909.0
Common Loon,9,2,Sep_W2,0.3563218,957.0
Common Loon,9,3,Sep_W3,0.3738318,963.0
Common Loon,9,4,Sep_W4,0.3715499,1413.0
Common Loon,10,1,Oct_W1,0.3688525,976.0
Common Loon,10,2,Oct_W2,0.3639098,1330.0
Common Loon,10,3,Oct_W3,0.3755825,1073.0
Common Loon,10,4,Oct_W4,0.3428317,1123.0
Common Loon,11,1,Nov_W1,0.3323615,686.0
Common Loon,11,2,Nov_W2,0.2734139,662.0
Common Loon,11,3,Nov_W3,0.1261682,428.0
Common Loon,11,4,Nov_W4,0.0383481,339.0
Common Loon,12,1,Dec_W1,0.0610329,213.0
Common Loon,12,2,Dec_W2,0.0072727,275.0
Common Loon,12,3,Dec_W3,0.0157233,318.0
Common Loon,12,4,Dec_W4,0.0021482,931.0
Yellow-billed Loon,1,1,Jan_W1,0.0068093,1028.0
Yellow-billed Loon,1,2,Jan_W2,0.0,995.0
Yellow-billed Loon,1,3,Jan_W3,0.0,1544.0
Yellow-billed Loon,1,4,Jan_W4,0.0,1414.0
Yellow-billed Loon,2,1,Feb_W1,0.0,1431.0
Yellow-billed Loon,2,2,Feb_W2,0.0,1915.0
Yellow-billed Loon,2,3,Feb_W3,0.0,1788.0
Yellow-billed Loon,2,4,Feb_W4,0.0,669.0
Yellow-billed Loon,3,1,Mar_W1,0.0,543.0
Yellow-billed Loon,3,2,Mar_W2,0.0,364.0
Yellow-billed Loon,3,3,Mar_W3,0.0,681.0
Yellow-billed Loon,3,4,Mar_W4,0.0,1015.0
Yellow-billed Loon,4,1,Apr_W1,0.0,752.0
Yellow-billed Loon,4,2,Apr_W2,0.0,1082.0
Yellow-billed Loon,4,3,Apr_W3,0.0,1195.0
Yellow-billed Loon,4,4,Apr_W4,0.0,2785.0
Yellow-billed Loon,5,1,May_W1,0.0,1461.0
Yellow-billed Loon,5,2,May_W2,0.0,1400.0
Yellow-billed Loon,5,3,May_W3,0.0,2046.0
Yellow-billed Loon,5,4,May_W4,0.0,3943.0
Yellow-billed Loon,6,1,Jun_W1,0.0,1548.0
Yellow-billed Loon,6,2,Jun_W2,0.0,1075.0
Yellow-billed Loon,6,3,Jun_W3,0.0,1107.0
Yellow-billed Loon,6,4,Jun_W4,0.0,1051.0
Yellow-billed Loon,7,1,Jul_W1,0.0,795.0
Yellow-billed Loon,7,2,Jul_W2,0.0,584.0
Yellow-billed Loon,7,3,Jul_W3,0.0,533.0
Yellow-billed Loon,7,4,Jul_W4,0.0,790.0
Yellow-billed Loon,8,1,Aug_W1,0.0,597.0
Yellow-billed Loon,8,2,Aug_W2,0.0,666.0
Yellow-billed Loon,8,3,Aug_W3,0.0,822.0
Yellow-billed Loon,8,4,Aug_W4,0.0,1123.0
Yellow-billed Loon,9,1,Sep_W1,0.0,909.0
Yellow-billed Loon,9,2,Sep_W2,0.0,957.0
Yellow-billed Loon,9,3,Sep_W3,0.0,963.0
Yellow-billed Loon,9,4,Sep_W4,0.0,1413.0
Yellow-billed Loon,10,1,Oct_W1,0.0,976.0
Yellow-billed Loon,10,2,Oct_W2,0.0030075,1330.0
Yellow-billed Loon,10,3,Oct_W3,0.0,1073.0
Yellow-billed Loon,10,4,Oct_W4,0.0,1123.0
Yellow-billed Loon,11,1,Nov_W1,0.0,686.0
Yellow-billed Loon,11,2,Nov_W2,0.0,662.0
Yellow-billed Loon,11,3,Nov_W3,0.0,428.0
Yellow-billed Loon,11,4,Nov_W4,0.0,339.0
Yellow-billed Loon,12,1,Dec_W1,0.0,213.0
Yellow-billed Loon,12,2,Dec_W2,0.0,275.0
Yellow-billed Loon,12,3,Dec_W3,0.0,318.0
Yellow-billed Loon,12,4,Dec_W4,0.0010741,931.0
Northern Gannet,1,1,Jan_W1,0.0,1028.0
Northern Gannet,1,2,Jan_W2,0.0,995.0
Northern Gannet,1,3,Jan_W3,0.0,1544.0
Northern Gannet,1,4,Jan_W4,0.0,1414.0
Northern Gannet,2,1,Feb_W1,0.0,1431.0
Northern Gannet,2,2,Feb_W2,0.0,1915.0
Northern Gannet,2,3,Feb_W3,0.0,1788.0
Northern Gannet,2,4,Feb_W4,0.0,669.0
Northern Gannet,3,1,Mar_W1,0.0,543.0
Northern Gannet,3,2,Mar_W2,0.0,364.0
Northern Gannet,3,3,Mar_W3,0.0,681.0
Northern Gannet,3,4,Mar_W4,0.0,1015.0
Northern Gannet,4,1,Apr_W1,0.0,752.0
Northern Gannet,4,2,Apr_W2,0.0,1082.0
Northern Gannet,4,3,Apr_W3,0.0,1195.0
Northern Gannet,4,4,Apr_W4,0.0,2785.0
Northern Gannet,5,1,May_W1,0.0,1461.0
Northern Gannet,5,2,May_W2,0.0,1400.0
Northern Gannet,5,3,May_W3,0.0,2046.0
Northern Gannet,5,4,May_W4,0.0,3943.0
Northern Gannet,6,1,Jun_W1,0.0,1548.0
Northern Gannet,6,2,Jun_W2,0.0,1075.0
Northern Gannet,6,3,Jun_W3,0.0,1107.0
Northern Gannet,6,4,Jun_W4,0.0,1051.0
Northern Gannet,7,1,Jul_W1,0.0,795.0
Northern Gannet,7,2,Jul_W2,0.0,584.0
Northern Gannet,7,3,Jul_W3,0.0,533.0
Northern Gannet,7,4,Jul_W4,0.0,790.0
Northern Gannet,8,1,Aug_W1,0.0,597.0
Northern Gannet,8,2,Aug_W2,0.0,666.0
Northern Gannet,8,3,Aug_W3,0.0,822.0
Northern Gannet,8,4,Aug_W4,0.0,1123.0
Northern Gannet,9,1,Sep_W1,0.0,909.0
Northern Gannet,9,2,Sep_W2,0.0,957.0
Northern Gannet,9,3,Sep_W3,0.0,963.0
Northern Gannet,9,4,Sep_W4,0.0,1413.0
Northern Gannet,10,1,Oct_W1,0.0015,976.0
Northern Gannet,10,2,Oct_W2,0.0037594,1330.0
Northern Gannet,10,3,Oct_W3,0.0065238,1073.0
Northern Gannet,10,4,Oct_W4,0.0,1123.0
Northern Gannet,11,1,Nov_W1,0.0014577,686.0
Northern Gannet,11,2,Nov_W2,0.0060423,662.0
Northern Gannet,11,3,Nov_W3,0.0046729,428.0
Northern Gannet,11,4,Nov_W4,0.0088496,339.0
Northern Gannet,12,1,Dec_W1,0.0015,213.0
Northern Gannet,12,2,Dec_W2,0.0,275.0
Northern Gannet,12,3,Dec_W3,0.0,318.0
Northern Gannet,12,4,Dec_W4,0.0,931.0
Anhinga,1,1,Jan_W1,0.0,1028.0
Anhinga,1,2,Jan_W2,0.0,995.0
Anhinga,1,3,Jan_W3,0.0,1544.0
Anhinga,1,4,Jan_W4,0.0,1414.0
Anhinga,2,1,Feb_W1,0.0,1431.0
Anhinga,2,2,Feb_W2,0.0,1915.0
Anhinga,2,3,Feb_W3,0.0,1788.0
Anhinga,2,4,Feb_W4,0.0,669.0
Anhinga,3,1,Mar_W1,0.0,543.0
Anhinga,3,2,Mar_W2,0.0,364.0
Anhinga,3,3,Mar_W3,0.0,681.0
Anhinga,3,4,Mar_W4,0.0,1015.0
Anhinga,4,1,Apr_W1,0.0,752.0
Anhinga,4,2,Apr_W2,0.0,1082.0
Anhinga,4,3,Apr_W3,0.0,1195.0
Anhinga,4,4,Apr_W4,0.0,2785.0
Anhinga,5,1,May_W1,0.0015,1461.0
Anhinga,5,2,May_W2,0.0,1400.0
Anhinga,5,3,May_W3,0.0,2046.0
Anhinga,5,4,May_W4,0.0,3943.0
Anhinga,6,1,Jun_W1,0.0,1548.0
Anhinga,6,2,Jun_W2,0.0,1075.0
Anhinga,6,3,Jun_W3,0.0,1107.0
Anhinga,6,4,Jun_W4,0.0,1051.0
Anhinga,7,1,Jul_W1,0.0,795.0
Anhinga,7,2,Jul_W2,0.0,584.0
Anhinga,7,3,Jul_W3,0.0,533.0
Anhinga,7,4,Jul_W4,0.0,790.0
Anhinga,8,1,Aug_W1,0.0,597.0
Anhinga,8,2,Aug_W2,0.0,666.0
Anhinga,8,3,Aug_W3,0.0,822.0
Anhinga,8,4,Aug_W4,0.0,1123.0
Anhinga,9,1,Sep_W1,0.0,909.0
Anhinga,9,2,Sep_W2,0.0,957.0
Anhinga,9,3,Sep_W3,0.0,963.0
Anhinga,9,4,Sep_W4,0.0,1413.0
Anhinga,10,1,Oct_W1,0.0,976.0
Anhinga,10,2,Oct_W2,0.0,1330.0
Anhinga,10,3,Oct_W3,0.0,1073.0
Anhinga,10,4,Oct_W4,0.0,1123.0
Anhinga,11,1,Nov_W1,0.0,686.0
Anhinga,11,2,Nov_W2,0.0,662.0
Anhinga,11,3,Nov_W3,0.0,428.0
Anhinga,11,4,Nov_W4,0.0,339.0
Anhinga,12,1,Dec_W1,0.0,213.0
Anhinga,12,2,Dec_W2,0.0,275.0
Anhinga,12,3,Dec_W3,0.0,318.0
Anhinga,12,4,Dec_W4,0.0,931.0
Double-crested Cormorant,1,1,Jan_W1,0.0,1028.0
Double-crested Cormorant,1,2,Jan_W2,0.0,995.0
Double-crested Cormorant,1,3,Jan_W3,0.0,1544.0
Double-crested Cormorant,1,4,Jan_W4,0.0,1414.0
Double-crested Cormorant,2,1,Feb_W1,0.0,1431.0
Double-crested Cormorant,2,2,Feb_W2,0.0,1915.0
Double-crested Cormorant,2,3,Feb_W3,0.0,1788.0
Double-crested Cormorant,2,4,Feb_W4,0.0,669.0
Double-crested Cormorant,3,1,Mar_W1,0.0,543.0
Double-crested Cormorant,3,2,Mar_W2,0.0,364.0
Double-crested Cormorant,3,3,Mar_W3,0.0014684,681.0
Double-crested Cormorant,3,4,Mar_W4,0.0059113,1015.0
Double-crested Cormorant,4,1,Apr_W1,0.0119681,752.0
Double-crested Cormorant,4,2,Apr_W2,0.0665434,1082.0
Double-crested Cormorant,4,3,Apr_W3,0.1246862,1195.0
Double-crested Cormorant,4,4,Apr_W4,0.2032316,2785.0
Double-crested Cormorant,5,1,May_W1,0.2600958,1461.0
Double-crested Cormorant,5,2,May_W2,0.24,1400.0
Double-crested Cormorant,5,3,May_W3,0.2130987,2046.0
Double-crested Cormorant,5,4,May_W4,0.1793051,3943.0
Double-crested Cormorant,6,1,Jun_W1,0.1175711,1548.0
Double-crested Cormorant,6,2,Jun_W2,0.1283721,1075.0
Double-crested Cormorant,6,3,Jun_W3,0.1093044,1107.0
Double-crested Cormorant,6,4,Jun_W4,0.1132255,1051.0
Double-crested Cormorant,7,1,Jul_W1,0.1610063,795.0
Double-crested Cormorant,7,2,Jul_W2,0.1729452,584.0
Double-crested Cormorant,7,3,Jul_W3,0.1726079,533.0
Double-crested Cormorant,7,4,Jul_W4,0.2088608,790.0
Double-crested Cormorant,8,1,Aug_W1,0.2562814,597.0
Double-crested Cormorant,8,2,Aug_W2,0.2627628,666.0
Double-crested Cormorant,8,3,Aug_W3,0.4136253,822.0
Double-crested Cormorant,8,4,Aug_W4,0.4416741,1123.0
Double-crested Cormorant,9,1,Sep_W1,0.440044,909.0
Double-crested Cormorant,9,2,Sep_W2,0.3458725,957.0
Double-crested Cormorant,9,3,Sep_W3,0.3198339,963.0
Double-crested Cormorant,9,4,Sep_W4,0.2384996,1413.0
Double-crested Cormorant,10,1,Oct_W1,0.1506148,976.0
Double-crested Cormorant,10,2,Oct_W2,0.0864662,1330.0
Double-crested Cormorant,10,3,Oct_W3,0.0391426,1073.0
Double-crested Cormorant,10,4,Oct_W4,0.0195904,1123.0
Double-crested Cormorant,11,1,Nov_W1,0.0043732,686.0
Double-crested Cormorant,11,2,Nov_W2,0.0135952,662.0
Double-crested Cormorant,11,3,Nov_W3,0.0,428.0
Double-crested Cormorant,11,4,Nov_W4,0.0,339.0
Double-crested Cormorant,12,1,Dec_W1,0.0093897,213.0
Double-crested Cormorant,12,2,Dec_W2,0.0,275.0
Double-crested Cormorant,12,3,Dec_W3,0.0,318.0
Double-crested Cormorant,12,4,Dec_W4,0.0,931.0
Neotropic Cormorant,1,1,Jan_W1,0.0,1028.0
Neotropic Cormorant,1,2,Jan_W2,0.0,995.0
Neotropic Cormorant,1,3,Jan_W3,0.0,1544.0
Neotropic Cormorant,1,4,Jan_W4,0.0,1414.0
Neotropic Cormorant,2,1,Feb_W1,0.0,1431.0
Neotropic Cormorant,2,2,Feb_W2,0.0,1915.0
Neotropic Cormorant,2,3,Feb_W3,0.0,1788.0
Neotropic Cormorant,2,4,Feb_W4,0.0,669.0
Neotropic Cormorant,3,1,Mar_W1,0.0,543.0
Neotropic Cormorant,3,2,Mar_W2,0.0,364.0
Neotropic Cormorant,3,3,Mar_W3,0.0,681.0
Neotropic Cormorant,3,4,Mar_W4,0.0,1015.0
Neotropic Cormorant,4,1,Apr_W1,0.0,752.0
Neotropic Cormorant,4,2,Apr_W2,0.0,1082.0
Neotropic Cormorant,4,3,Apr_W3,0.0,1195.0
Neotropic Cormorant,4,4,Apr_W4,0.0007181,2785.0
Neotropic Cormorant,5,1,May_W1,0.0150582,1461.0
Neotropic Cormorant,5,2,May_W2,0.0042857,1400.0
Neotropic Cormorant,5,3,May_W3,0.0,2046.0
Neotropic Cormorant,5,4,May_W4,0.0,3943.0
Neotropic Cormorant,6,1,Jun_W1,0.0,1548.0
Neotropic Cormorant,6,2,Jun_W2,0.0,1075.0
Neotropic Cormorant,6,3,Jun_W3,0.0,1107.0
Neotropic Cormorant,6,4,Jun_W4,0.0,1051.0
Neotropic Cormorant,7,1,Jul_W1,0.0,795.0
Neotropic Cormorant,7,2,Jul_W2,0.0,584.0
Neotropic Cormorant,7,3,Jul_W3,0.0,533.0
Neotropic Cormorant,7,4,Jul_W4,0.0,790.0
Neotropic Cormorant,8,1,Aug_W1,0.0,597.0
Neotropic Cormorant,8,2,Aug_W2,0.0,666.0
Neotropic Cormorant,8,3,Aug_W3,0.0,822.0
Neotropic Cormorant,8,4,Aug_W4,0.0,1123.0
Neotropic Cormorant,9,1,Sep_W1,0.0,909.0
Neotropic Cormorant,9,2,Sep_W2,0.0,957.0
Neotropic Cormorant,9,3,Sep_W3,0.0,963.0
Neotropic Cormorant,9,4,Sep_W4,0.0,1413.0
Neotropic Cormorant,10,1,Oct_W1,0.0,976.0
Neotropic Cormorant,10,2,Oct_W2,0.0,1330.0
Neotropic Cormorant,10,3,Oct_W3,0.0,1073.0
Neotropic Cormorant,10,4,Oct_W4,0.0,1123.0
Neotropic Cormorant,11,1,Nov_W1,0.0,686.0
Neotropic Cormorant,11,2,Nov_W2,0.0,662.0
Neotropic Cormorant,11,3,Nov_W3,0.0,428.0
Neotropic Cormorant,11,4,Nov_W4,0.0,339.0
Neotropic Cormorant,12,1,Dec_W1,0.0,213.0
Neotropic Cormorant,12,2,Dec_W2,0.0,275.0
Neotropic Cormorant,12,3,Dec_W3,0.0,318.0
Neotropic Cormorant,12,4,Dec_W4,0.0,931.0
White-faced Ibis,1,1,Jan_W1,0.0,1028.0
White-faced Ibis,1,2,Jan_W2,0.0,995.0
White-faced Ibis,1,3,Jan_W3,0.0,1544.0
White-faced Ibis,1,4,Jan_W4,0.0,1414.0
White-faced Ibis,2,1,Feb_W1,0.0,1431.0
White-faced Ibis,2,2,Feb_W2,0.0,1915.0
White-faced Ibis,2,3,Feb_W3,0.0,1788.0
White-faced Ibis,2,4,Feb_W4,0.0,669.0
White-faced Ibis,3,1,Mar_W1,0.0,543.0
White-faced Ibis,3,2,Mar_W2,0.0,364.0
White-faced Ibis,3,3,Mar_W3,0.0,681.0
White-faced Ibis,3,4,Mar_W4,0.0,1015.0
White-faced Ibis,4,1,Apr_W1,0.0,752.0
White-faced Ibis,4,2,Apr_W2,0.0,1082.0
White-faced Ibis,4,3,Apr_W3,0.0,1195.0
White-faced Ibis,4,4,Apr_W4,0.0,2785.0
White-faced Ibis,5,1,May_W1,0.0,1461.0
White-faced Ibis,5,2,May_W2,0.0,1400.0
White-faced Ibis,5,3,May_W3,0.0009775,2046.0
White-faced Ibis,5,4,May_W4,0.0,3943.0
White-faced Ibis,6,1,Jun_W1,0.0,1548.0
White-faced Ibis,6,2,Jun_W2,0.0,1075.0
White-faced Ibis,6,3,Jun_W3,0.0,1107.0
White-faced Ibis,6,4,Jun_W4,0.0,1051.0
White-faced Ibis,7,1,Jul_W1,0.0,795.0
White-faced Ibis,7,2,Jul_W2,0.0,584.0
White-faced Ibis,7,3,Jul_W3,0.0,533.0
White-faced Ibis,7,4,Jul_W4,0.0015,790.0
White-faced Ibis,8,1,Aug_W1,0.0015,597.0
White-faced Ibis,8,2,Aug_W2,0.0,666.0
White-faced Ibis,8,3,Aug_W3,0.0,822.0
White-faced Ibis,8,4,Aug_W4,0.0,1123.0
White-faced Ibis,9,1,Sep_W1,0.0,909.0
White-faced Ibis,9,2,Sep_W2,0.0,957.0
White-faced Ibis,9,3,Sep_W3,0.0,963.0
White-faced Ibis,9,4,Sep_W4,0.0,1413.0
White-faced Ibis,10,1,Oct_W1,0.0,976.0
White-faced Ibis,10,2,Oct_W2,0.0,1330.0
White-faced Ibis,10,3,Oct_W3,0.0,1073.0
White-faced Ibis,10,4,Oct_W4,0.0,1123.0
White-faced Ibis,11,1,Nov_W1,0.0,686.0
White-faced Ibis,11,2,Nov_W2,0.0,662.0
White-faced Ibis,11,3,Nov_W3,0.0,428.0
White-faced Ibis,11,4,Nov_W4,0.0,339.0
White-faced Ibis,12,1,Dec_W1,0.0,213.0
White-faced Ibis,12,2,Dec_W2,0.0,275.0
White-faced Ibis,12,3,Dec_W3,0.0,318.0
White-faced Ibis,12,4,Dec_W4,0.0,931.0
American Bittern,1,1,Jan_W1,0.0,1028.0
American Bittern,1,2,Jan_W2,0.0,995.0
American Bittern,1,3,Jan_W3,0.0,1544.0
American Bittern,1,4,Jan_W4,0.0,1414.0
American Bittern,2,1,Feb_W1,0.0,1431.0
American Bittern,2,2,Feb_W2,0.0,1915.0
American Bittern,2,3,Feb_W3,0.0,1788.0
American Bittern,2,4,Feb_W4,0.0,669.0
American Bittern,3,1,Mar_W1,0.0,543.0
American Bittern,3,2,Mar_W2,0.0,364.0
American Bittern,3,3,Mar_W3,0.0,681.0
American Bittern,3,4,Mar_W4,0.0,1015.0
American Bittern,4,1,Apr_W1,0.0,752.0
American Bittern,4,2,Apr_W2,0.0009242,1082.0
American Bittern,4,3,Apr_W3,0.0025105,1195.0
American Bittern,4,4,Apr_W4,0.0089767,2785.0
American Bittern,5,1,May_W1,0.0164271,1461.0
American Bittern,5,2,May_W2,0.0428571,1400.0
American Bittern,5,3,May_W3,0.0391007,2046.0
American Bittern,5,4,May_W4,0.0408319,3943.0
American Bittern,6,1,Jun_W1,0.0749354,1548.0
American Bittern,6,2,Jun_W2,0.067907,1075.0
American Bittern,6,3,Jun_W3,0.0451671,1107.0
American Bittern,6,4,Jun_W4,0.038059,1051.0
American Bittern,7,1,Jul_W1,0.0163522,795.0
American Bittern,7,2,Jul_W2,0.0222603,584.0
American Bittern,7,3,Jul_W3,0.0168856,533.0
American Bittern,7,4,Jul_W4,0.0151899,790.0
American Bittern,8,1,Aug_W1,0.0150754,597.0
American Bittern,8,2,Aug_W2,0.0225225,666.0
American Bittern,8,3,Aug_W3,0.0145985,822.0
American Bittern,8,4,Aug_W4,0.0062333,1123.0
American Bittern,9,1,Sep_W1,0.0055006,909.0
American Bittern,9,2,Sep_W2,0.0020899,957.0
American Bittern,9,3,Sep_W3,0.0103842,963.0
American Bittern,9,4,Sep_W4,0.0007077,1413.0
American Bittern,10,1,Oct_W1,0.0030738,976.0
American Bittern,10,2,Oct_W2,0.0007519,1330.0
American Bittern,10,3,Oct_W3,0.0015,1073.0
American Bittern,10,4,Oct_W4,0.0,1123.0
American Bittern,11,1,Nov_W1,0.0,686.0
American Bittern,11,2,Nov_W2,0.0,662.0
American Bittern,11,3,Nov_W3,0.0,428.0
American Bittern,11,4,Nov_W4,0.0015,339.0
American Bittern,12,1,Dec_W1,0.0,213.0
American Bittern,12,2,Dec_W2,0.0,275.0
American Bittern,12,3,Dec_W3,0.0,318.0
American Bittern,12,4,Dec_W4,0.0,931.0
Least Bittern,1,1,Jan_W1,0.0,1028.0
Least Bittern,1,2,Jan_W2,0.0,995.0
Least Bittern,1,3,Jan_W3,0.0,1544.0
Least Bittern,1,4,Jan_W4,0.0,1414.0
Least Bittern,2,1,Feb_W1,0.0,1431.0
Least Bittern,2,2,Feb_W2,0.0,1915.0
Least Bittern,2,3,Feb_W3,0.0,1788.0
Least Bittern,2,4,Feb_W4,0.0,669.0
Least Bittern,3,1,Mar_W1,0.0,543.0
Least Bittern,3,2,Mar_W2,0.0,364.0
Least Bittern,3,3,Mar_W3,0.0,681.0
Least Bittern,3,4,Mar_W4,0.0,1015.0
Least Bittern,4,1,Apr_W1,0.0,752.0
Least Bittern,4,2,Apr_W2,0.0,1082.0
Least Bittern,4,3,Apr_W3,0.0,1195.0
Least Bittern,4,4,Apr_W4,0.0,2785.0
Least Bittern,5,1,May_W1,0.0006845,1461.0
Least Bittern,5,2,May_W2,0.0007143,1400.0
Least Bittern,5,3,May_W3,0.0009775,2046.0
Least Bittern,5,4,May_W4,0.0025361,3943.0
Least Bittern,6,1,Jun_W1,0.000646,1548.0
Least Bittern,6,2,Jun_W2,0.0009302,1075.0
Least Bittern,6,3,Jun_W3,0.0054201,1107.0
Least Bittern,6,4,Jun_W4,0.0066603,1051.0
Least Bittern,7,1,Jul_W1,0.0025157,795.0
Least Bittern,7,2,Jul_W2,0.0017123,584.0
Least Bittern,7,3,Jul_W3,0.0,533.0
Least Bittern,7,4,Jul_W4,0.0012658,790.0
Least Bittern,8,1,Aug_W1,0.0,597.0
Least Bittern,8,2,Aug_W2,0.0,666.0
Least Bittern,8,3,Aug_W3,0.0012165,822.0
Least Bittern,8,4,Aug_W4,0.0,1123.0
Least Bittern,9,1,Sep_W1,0.0,909.0
Least Bittern,9,2,Sep_W2,0.0,957.0
Least Bittern,9,3,Sep_W3,0.0,963.0
Least Bittern,9,4,Sep_W4,0.0,1413.0
Least Bittern,10,1,Oct_W1,0.0,976.0
Least Bittern,10,2,Oct_W2,0.0,1330.0
Least Bittern,10,3,Oct_W3,0.0,1073.0
Least Bittern,10,4,Oct_W4,0.0,1123.0
Least Bittern,11,1,Nov_W1,0.0,686.0
Least Bittern,11,2,Nov_W2,0.0,662.0
Least Bittern,11,3,Nov_W3,0.0,428.0
Least Bittern,11,4,Nov_W4,0.0,339.0
Least Bittern,12,1,Dec_W1,0.0,213.0
Least Bittern,12,2,Dec_W2,0.0,275.0
Least Bittern,12,3,Dec_W3,0.0,318.0
Least Bittern,12,4,Dec_W4,0.0,931.0
Black-crowned Night Heron,1,1,Jan_W1,0.0,1028.0
Black-crowned Night Heron,1,2,Jan_W2,0.0,995.0
Black-crowned Night Heron,1,3,Jan_W3,0.0,1544.0
Black-crowned Night Heron,1,4,Jan_W4,0.0,1414.0
Black-crowned Night Heron,2,1,Feb_W1,0.0,1431.0
Black-crowned Night Heron,2,2,Feb_W2,0.0,1915.0
Black-crowned Night Heron,2,3,Feb_W3,0.0,1788.0
Black-crowned Night Heron,2,4,Feb_W4,0.0,669.0
Black-crowned Night Heron,3,1,Mar_W1,0.0,543.0
Black-crowned Night Heron,3,2,Mar_W2,0.0,364.0
Black-crowned Night Heron,3,3,Mar_W3,0.0,681.0
Black-crowned Night Heron,3,4,Mar_W4,0.0,1015.0
Black-crowned Night Heron,4,1,Apr_W1,0.0,752.0
Black-crowned Night Heron,4,2,Apr_W2,0.0,1082.0
Black-crowned Night Heron,4,3,Apr_W3,0.0008368,1195.0
Black-crowned Night Heron,4,4,Apr_W4,0.0003591,2785.0
Black-crowned Night Heron,5,1,May_W1,0.0013689,1461.0
Black-crowned Night Heron,5,2,May_W2,0.0014286,1400.0
Black-crowned Night Heron,5,3,May_W3,0.0009775,2046.0
Black-crowned Night Heron,5,4,May_W4,0.0022825,3943.0
Black-crowned Night Heron,6,1,Jun_W1,0.003876,1548.0
Black-crowned Night Heron,6,2,Jun_W2,0.0083721,1075.0
Black-crowned Night Heron,6,3,Jun_W3,0.0054201,1107.0
Black-crowned Night Heron,6,4,Jun_W4,0.0095147,1051.0
Black-crowned Night Heron,7,1,Jul_W1,0.0037736,795.0
Black-crowned Night Heron,7,2,Jul_W2,0.005137,584.0
Black-crowned Night Heron,7,3,Jul_W3,0.0093809,533.0
Black-crowned Night Heron,7,4,Jul_W4,0.0063291,790.0
Black-crowned Night Heron,8,1,Aug_W1,0.001675,597.0
Black-crowned Night Heron,8,2,Aug_W2,0.0045045,666.0
Black-crowned Night Heron,8,3,Aug_W3,0.0015,822.0
Black-crowned Night Heron,8,4,Aug_W4,0.0017809,1123.0
Black-crowned Night Heron,9,1,Sep_W1,0.0,909.0
Black-crowned Night Heron,9,2,Sep_W2,0.0031348,957.0
Black-crowned Night Heron,9,3,Sep_W3,0.0020768,963.0
Black-crowned Night Heron,9,4,Sep_W4,0.0007077,1413.0
Black-crowned Night Heron,10,1,Oct_W1,0.0030738,976.0
Black-crowned Night Heron,10,2,Oct_W2,0.0,1330.0
Black-crowned Night Heron,10,3,Oct_W3,0.0,1073.0
Black-crowned Night Heron,10,4,Oct_W4,0.0,1123.0
Black-crowned Night Heron,11,1,Nov_W1,0.0,686.0
Black-crowned Night Heron,11,2,Nov_W2,0.0,662.0
Black-crowned Night Heron,11,3,Nov_W3,0.0,428.0
Black-crowned Night Heron,11,4,Nov_W4,0.0,339.0
Black-crowned Night Heron,12,1,Dec_W1,0.0,213.0
Black-crowned Night Heron,12,2,Dec_W2,0.0,275.0
Black-crowned Night Heron,12,3,Dec_W3,0.0,318.0
Black-crowned Night Heron,12,4,Dec_W4,0.0,931.0
Tricolored Heron,1,1,Jan_W1,0.0,1028.0
Tricolored Heron,1,2,Jan_W2,0.0,995.0
Tricolored Heron,1,3,Jan_W3,0.0,1544.0
Tricolored Heron,1,4,Jan_W4,0.0,1414.0
Tricolored Heron,2,1,Feb_W1,0.0,1431.0
Tricolored Heron,2,2,Feb_W2,0.0,1915.0
Tricolored Heron,2,3,Feb_W3,0.0,1788.0
Tricolored Heron,2,4,Feb_W4,0.0,669.0
Tricolored Heron,3,1,Mar_W1,0.0,543.0
Tricolored Heron,3,2,Mar_W2,0.0,364.0
Tricolored Heron,3,3,Mar_W3,0.0,681.0
Tricolored Heron,3,4,Mar_W4,0.0,1015.0
Tricolored Heron,4,1,Apr_W1,0.0,752.0
Tricolored Heron,4,2,Apr_W2,0.0,1082.0
Tricolored Heron,4,3,Apr_W3,0.0,1195.0
Tricolored Heron,4,4,Apr_W4,0.0003591,2785.0
Tricolored Heron,5,1,May_W1,0.0015,1461.0
Tricolored Heron,5,2,May_W2,0.0014286,1400.0
Tricolored Heron,5,3,May_W3,0.0,2046.0
Tricolored Heron,5,4,May_W4,0.0,3943.0
Tricolored Heron,6,1,Jun_W1,0.0,1548.0
Tricolored Heron,6,2,Jun_W2,0.0,1075.0
Tricolored Heron,6,3,Jun_W3,0.0,1107.0
Tricolored Heron,6,4,Jun_W4,0.0,1051.0
Tricolored Heron,7,1,Jul_W1,0.0,795.0
Tricolored Heron,7,2,Jul_W2,0.0,584.0
Tricolored Heron,7,3,Jul_W3,0.0,533.0
Tricolored Heron,7,4,Jul_W4,0.0,790.0
Tricolored Heron,8,1,Aug_W1,0.0,597.0
Tricolored Heron,8,2,Aug_W2,0.0,666.0
Tricolored Heron,8,3,Aug_W3,0.0,822.0
Tricolored Heron,8,4,Aug_W4,0.0,1123.0
Tricolored Heron,9,1,Sep_W1,0.0,909.0
Tricolored Heron,9,2,Sep_W2,0.0,957.0
Tricolored Heron,9,3,Sep_W3,0.0,963.0
Tricolored Heron,9,4,Sep_W4,0.0,1413.0
Tricolored Heron,10,1,Oct_W1,0.0,976.0
Tricolored Heron,10,2,Oct_W2,0.0,1330.0
Tricolored Heron,10,3,Oct_W3,0.0,1073.0
Tricolored Heron,10,4,Oct_W4,0.0,1123.0
Tricolored Heron,11,1,Nov_W1,0.0,686.0
Tricolored Heron,11,2,Nov_W2,0.0,662.0
Tricolored Heron,11,3,Nov_W3,0.0,428.0
Tricolored Heron,11,4,Nov_W4,0.0,339.0
Tricolored Heron,12,1,Dec_W1,0.0,213.0
Tricolored Heron,12,2,Dec_W2,0.0,275.0
Tricolored Heron,12,3,Dec_W3,0.0,318.0
Tricolored Heron,12,4,Dec_W4,0.0,931.0
Snowy Egret,1,1,Jan_W1,0.0,1028.0
Snowy Egret,1,2,Jan_W2,0.0,995.0
Snowy Egret,1,3,Jan_W3,0.0,1544.0
Snowy Egret,1,4,Jan_W4,0.0,1414.0
Snowy Egret,2,1,Feb_W1,0.0,1431.0
Snowy Egret,2,2,Feb_W2,0.0,1915.0
Snowy Egret,2,3,Feb_W3,0.0,1788.0
Snowy Egret,2,4,Feb_W4,0.0,669.0
Snowy Egret,3,1,Mar_W1,0.0,543.0
Snowy Egret,3,2,Mar_W2,0.0,364.0
Snowy Egret,3,3,Mar_W3,0.0,681.0
Snowy Egret,3,4,Mar_W4,0.0,1015.0
Snowy Egret,4,1,Apr_W1,0.0,752.0
Snowy Egret,4,2,Apr_W2,0.0,1082.0
Snowy Egret,4,3,Apr_W3,0.0,1195.0
Snowy Egret,4,4,Apr_W4,0.0003591,2785.0
Snowy Egret,5,1,May_W1,0.0,1461.0
Snowy Egret,5,2,May_W2,0.0,1400.0
Snowy Egret,5,3,May_W3,0.0,2046.0
Snowy Egret,5,4,May_W4,0.0,3943.0
Snowy Egret,6,1,Jun_W1,0.0,1548.0
Snowy Egret,6,2,Jun_W2,0.0,1075.0
Snowy Egret,6,3,Jun_W3,0.0,1107.0
Snowy Egret,6,4,Jun_W4,0.0,1051.0
Snowy Egret,7,1,Jul_W1,0.0,795.0
Snowy Egret,7,2,Jul_W2,0.0,584.0
Snowy Egret,7,3,Jul_W3,0.0,533.0
Snowy Egret,7,4,Jul_W4,0.0,790.0
Snowy Egret,8,1,Aug_W1,0.0,597.0
Snowy Egret,8,2,Aug_W2,0.0,666.0
Snowy Egret,8,3,Aug_W3,0.0,822.0
Snowy Egret,8,4,Aug_W4,0.0,1123.0
Snowy Egret,9,1,Sep_W1,0.0,909.0
Snowy Egret,9,2,Sep_W2,0.0,957.0
Snowy Egret,9,3,Sep_W3,0.0,963.0
Snowy Egret,9,4,Sep_W4,0.0,1413.0
Snowy Egret,10,1,Oct_W1,0.0,976.0
Snowy Egret,10,2,Oct_W2,0.0,1330.0
Snowy Egret,10,3,Oct_W3,0.0,1073.0
Snowy Egret,10,4,Oct_W4,0.0,1123.0
Snowy Egret,11,1,Nov_W1,0.0,686.0
Snowy Egret,11,2,Nov_W2,0.0,662.0
Snowy Egret,11,3,Nov_W3,0.0,428.0
Snowy Egret,11,4,Nov_W4,0.0,339.0
Snowy Egret,12,1,Dec_W1,0.0,213.0
Snowy Egret,12,2,Dec_W2,0.0,275.0
Snowy Egret,12,3,Dec_W3,0.0,318.0
Snowy Egret,12,4,Dec_W4,0.0,931.0
Green Heron,1,1,Jan_W1,0.0,1028.0
Green Heron,1,2,Jan_W2,0.0,995.0
Green Heron,1,3,Jan_W3,0.0,1544.0
Green Heron,1,4,Jan_W4,0.0,1414.0
Green Heron,2,1,Feb_W1,0.0,1431.0
Green Heron,2,2,Feb_W2,0.0,1915.0
Green Heron,2,3,Feb_W3,0.0,1788.0
Green Heron,2,4,Feb_W4,0.0,669.0
Green Heron,3,1,Mar_W1,0.0,543.0
Green Heron,3,2,Mar_W2,0.0,364.0
Green Heron,3,3,Mar_W3,0.0,681.0
Green Heron,3,4,Mar_W4,0.0,1015.0
Green Heron,4,1,Apr_W1,0.0,752.0
Green Heron,4,2,Apr_W2,0.0,1082.0
Green Heron,4,3,Apr_W3,0.0,1195.0
Green Heron,4,4,Apr_W4,0.0,2785.0
Green Heron,5,1,May_W1,0.0006845,1461.0
Green Heron,5,2,May_W2,0.0035714,1400.0
Green Heron,5,3,May_W3,0.0063539,2046.0
Green Heron,5,4,May_W4,0.0030434,3943.0
Green Heron,6,1,Jun_W1,0.000646,1548.0
Green Heron,6,2,Jun_W2,0.0009302,1075.0
Green Heron,6,3,Jun_W3,0.0009033,1107.0
Green Heron,6,4,Jun_W4,0.0047574,1051.0
Green Heron,7,1,Jul_W1,0.0025157,795.0
Green Heron,7,2,Jul_W2,0.0034247,584.0
Green Heron,7,3,Jul_W3,0.0093809,533.0
Green Heron,7,4,Jul_W4,0.0012658,790.0
Green Heron,8,1,Aug_W1,0.001675,597.0
Green Heron,8,2,Aug_W2,0.003003,666.0
Green Heron,8,3,Aug_W3,0.0048662,822.0
Green Heron,8,4,Aug_W4,0.0,1123.0
Green Heron,9,1,Sep_W1,0.0015,909.0
Green Heron,9,2,Sep_W2,0.0010449,957.0
Green Heron,9,3,Sep_W3,0.0010384,963.0
Green Heron,9,4,Sep_W4,0.0007077,1413.0
Green Heron,10,1,Oct_W1,0.0,976.0
Green Heron,10,2,Oct_W2,0.0,1330.0
Green Heron,10,3,Oct_W3,0.0,1073.0
Green Heron,10,4,Oct_W4,0.0,1123.0
Green Heron,11,1,Nov_W1,0.0,686.0
Green Heron,11,2,Nov_W2,0.0,662.0
Green Heron,11,3,Nov_W3,0.0,428.0
Green Heron,11,4,Nov_W4,0.0,339.0
Green Heron,12,1,Dec_W1,0.0,213.0
Green Heron,12,2,Dec_W2,0.0,275.0
Green Heron,12,3,Dec_W3,0.0,318.0
Green Heron,12,4,Dec_W4,0.0,931.0
Western Cattle-Egret,1,1,Jan_W1,0.0,1028.0
Western Cattle-Egret,1,2,Jan_W2,0.0,995.0
Western Cattle-Egret,1,3,Jan_W3,0.0,1544.0
Western Cattle-Egret,1,4,Jan_W4,0.0,1414.0
Western Cattle-Egret,2,1,Feb_W1,0.0,1431.0
Western Cattle-Egret,2,2,Feb_W2,0.0,1915.0
Western Cattle-Egret,2,3,Feb_W3,0.0,1788.0
Western Cattle-Egret,2,4,Feb_W4,0.0,669.0
Western Cattle-Egret,3,1,Mar_W1,0.0,543.0
Western Cattle-Egret,3,2,Mar_W2,0.0,364.0
Western Cattle-Egret,3,3,Mar_W3,0.0,681.0
Western Cattle-Egret,3,4,Mar_W4,0.0,1015.0
Western Cattle-Egret,4,1,Apr_W1,0.0,752.0
Western Cattle-Egret,4,2,Apr_W2,0.0,1082.0
Western Cattle-Egret,4,3,Apr_W3,0.0,1195.0
Western Cattle-Egret,4,4,Apr_W4,0.0,2785.0
Western Cattle-Egret,5,1,May_W1,0.0,1461.0
Western Cattle-Egret,5,2,May_W2,0.0,1400.0
Western Cattle-Egret,5,3,May_W3,0.0,2046.0
Western Cattle-Egret,5,4,May_W4,0.0,3943.0
Western Cattle-Egret,6,1,Jun_W1,0.0,1548.0
Western Cattle-Egret,6,2,Jun_W2,0.0,1075.0
Western Cattle-Egret,6,3,Jun_W3,0.0009033,1107.0
Western Cattle-Egret,6,4,Jun_W4,0.0,1051.0
Western Cattle-Egret,7,1,Jul_W1,0.0,795.0
Western Cattle-Egret,7,2,Jul_W2,0.0,584.0
Western Cattle-Egret,7,3,Jul_W3,0.0,533.0
Western Cattle-Egret,7,4,Jul_W4,0.0,790.0
Western Cattle-Egret,8,1,Aug_W1,0.0,597.0
Western Cattle-Egret,8,2,Aug_W2,0.0,666.0
Western Cattle-Egret,8,3,Aug_W3,0.0,822.0
Western Cattle-Egret,8,4,Aug_W4,0.0,1123.0
Western Cattle-Egret,9,1,Sep_W1,0.0,909.0
Western Cattle-Egret,9,2,Sep_W2,0.0,957.0
Western Cattle-Egret,9,3,Sep_W3,0.0,963.0
Western Cattle-Egret,9,4,Sep_W4,0.0,1413.0
Western Cattle-Egret,10,1,Oct_W1,0.0,976.0
Western Cattle-Egret,10,2,Oct_W2,0.0,1330.0
Western Cattle-Egret,10,3,Oct_W3,0.0046598,1073.0
Western Cattle-Egret,10,4,Oct_W4,0.0008905,1123.0
Western Cattle-Egret,11,1,Nov_W1,0.0014577,686.0
Western Cattle-Egret,11,2,Nov_W2,0.0,662.0
Western Cattle-Egret,11,3,Nov_W3,0.0,428.0
Western Cattle-Egret,11,4,Nov_W4,0.0,339.0
Western Cattle-Egret,12,1,Dec_W1,0.0,213.0
Western Cattle-Egret,12,2,Dec_W2,0.0,275.0
Western Cattle-Egret,12,3,Dec_W3,0.0,318.0
Western Cattle-Egret,12,4,Dec_W4,0.0,931.0
Great Egret,1,1,Jan_W1,0.0,1028.0
Great Egret,1,2,Jan_W2,0.0,995.0
Great Egret,1,3,Jan_W3,0.0,1544.0
Great Egret,1,4,Jan_W4,0.0,1414.0
Great Egret,2,1,Feb_W1,0.0,1431.0
Great Egret,2,2,Feb_W2,0.0,1915.0
Great Egret,2,3,Feb_W3,0.0,1788.0
Great Egret,2,4,Feb_W4,0.0,669.0
Great Egret,3,1,Mar_W1,0.0,543.0
Great Egret,3,2,Mar_W2,0.0,364.0
Great Egret,3,3,Mar_W3,0.0,681.0
Great Egret,3,4,Mar_W4,0.0,1015.0
Great Egret,4,1,Apr_W1,0.0,752.0
Great Egret,4,2,Apr_W2,0.0,1082.0
Great Egret,4,3,Apr_W3,0.0033473,1195.0
Great Egret,4,4,Apr_W4,0.0007181,2785.0
Great Egret,5,1,May_W1,0.0068446,1461.0
Great Egret,5,2,May_W2,0.0028571,1400.0
Great Egret,5,3,May_W3,0.0039101,2046.0
Great Egret,5,4,May_W4,0.0025361,3943.0
Great Egret,6,1,Jun_W1,0.000646,1548.0
Great Egret,6,2,Jun_W2,0.0015,1075.0
Great Egret,6,3,Jun_W3,0.0045167,1107.0
Great Egret,6,4,Jun_W4,0.0057088,1051.0
Great Egret,7,1,Jul_W1,0.0012579,795.0
Great Egret,7,2,Jul_W2,0.0,584.0
Great Egret,7,3,Jul_W3,0.0,533.0
Great Egret,7,4,Jul_W4,0.0012658,790.0
Great Egret,8,1,Aug_W1,0.0083752,597.0
Great Egret,8,2,Aug_W2,0.0075075,666.0
Great Egret,8,3,Aug_W3,0.0036496,822.0
Great Egret,8,4,Aug_W4,0.0062333,1123.0
Great Egret,9,1,Sep_W1,0.0055006,909.0
Great Egret,9,2,Sep_W2,0.0020899,957.0
Great Egret,9,3,Sep_W3,0.0010384,963.0
Great Egret,9,4,Sep_W4,0.0014154,1413.0
Great Egret,10,1,Oct_W1,0.0010246,976.0
Great Egret,10,2,Oct_W2,0.0015038,1330.0
Great Egret,10,3,Oct_W3,0.0,1073.0
Great Egret,10,4,Oct_W4,0.0,1123.0
Great Egret,11,1,Nov_W1,0.0,686.0
Great Egret,11,2,Nov_W2,0.0,662.0
Great Egret,11,3,Nov_W3,0.0,428.0
Great Egret,11,4,Nov_W4,0.0,339.0
Great Egret,12,1,Dec_W1,0.0,213.0
Great Egret,12,2,Dec_W2,0.0,275.0
Great Egret,12,3,Dec_W3,0.0,318.0
Great Egret,12,4,Dec_W4,0.0,931.0
Great Blue Heron,1,1,Jan_W1,0.0,1028.0
Great Blue Heron,1,2,Jan_W2,0.0,995.0
Great Blue Heron,1,3,Jan_W3,0.0,1544.0
Great Blue Heron,1,4,Jan_W4,0.0,1414.0
Great Blue Heron,2,1,Feb_W1,0.0,1431.0
Great Blue Heron,2,2,Feb_W2,0.0,1915.0
Great Blue Heron,2,3,Feb_W3,0.0,1788.0
Great Blue Heron,2,4,Feb_W4,0.0014948,669.0
Great Blue Heron,3,1,Mar_W1,0.0,543.0
Great Blue Heron,3,2,Mar_W2,0.0,364.0
Great Blue Heron,3,3,Mar_W3,0.0014684,681.0
Great Blue Heron,3,4,Mar_W4,0.0059113,1015.0
Great Blue Heron,4,1,Apr_W1,0.0159574,752.0
Great Blue Heron,4,2,Apr_W2,0.025878,1082.0
Great Blue Heron,4,3,Apr_W3,0.0476987,1195.0
Great Blue Heron,4,4,Apr_W4,0.0552962,2785.0
Great Blue Heron,5,1,May_W1,0.0800821,1461.0
Great Blue Heron,5,2,May_W2,0.0614286,1400.0
Great Blue Heron,5,3,May_W3,0.058651,2046.0
Great Blue Heron,5,4,May_W4,0.0542734,3943.0
Great Blue Heron,6,1,Jun_W1,0.0516796,1548.0
Great Blue Heron,6,2,Jun_W2,0.064186,1075.0
Great Blue Heron,6,3,Jun_W3,0.065944,1107.0
Great Blue Heron,6,4,Jun_W4,0.0723121,1051.0
Great Blue Heron,7,1,Jul_W1,0.0880503,795.0
Great Blue Heron,7,2,Jul_W2,0.0873288,584.0
Great Blue Heron,7,3,Jul_W3,0.120075,533.0
Great Blue Heron,7,4,Jul_W4,0.1607595,790.0
Great Blue Heron,8,1,Aug_W1,0.1423786,597.0
Great Blue Heron,8,2,Aug_W2,0.1351351,666.0
Great Blue Heron,8,3,Aug_W3,0.2177616,822.0
Great Blue Heron,8,4,Aug_W4,0.1780944,1123.0
Great Blue Heron,9,1,Sep_W1,0.1705171,909.0
Great Blue Heron,9,2,Sep_W2,0.1243469,957.0
Great Blue Heron,9,3,Sep_W3,0.1204569,963.0
Great Blue Heron,9,4,Sep_W4,0.0566171,1413.0
Great Blue Heron,10,1,Oct_W1,0.0327869,976.0
Great Blue Heron,10,2,Oct_W2,0.0406015,1330.0
Great Blue Heron,10,3,Oct_W3,0.0158434,1073.0
Great Blue Heron,10,4,Oct_W4,0.0231523,1123.0
Great Blue Heron,11,1,Nov_W1,0.0029155,686.0
Great Blue Heron,11,2,Nov_W2,0.010574,662.0
Great Blue Heron,11,3,Nov_W3,0.0093458,428.0
Great Blue Heron,11,4,Nov_W4,0.0029499,339.0
Great Blue Heron,12,1,Dec_W1,0.0046948,213.0
Great Blue Heron,12,2,Dec_W2,0.0,275.0
Great Blue Heron,12,3,Dec_W3,0.0015,318.0
Great Blue Heron,12,4,Dec_W4,0.0,931.0
American White Pelican,1,1,Jan_W1,0.0,1028.0
American White Pelican,1,2,Jan_W2,0.0,995.0
American White Pelican,1,3,Jan_W3,0.0,1544.0
American White Pelican,1,4,Jan_W4,0.0,1414.0
American White Pelican,2,1,Feb_W1,0.0,1431.0
American White Pelican,2,2,Feb_W2,0.0,1915.0
American White Pelican,2,3,Feb_W3,0.0,1788.0
American White Pelican,2,4,Feb_W4,0.0,669.0
American White Pelican,3,1,Mar_W1,0.0,543.0
American White Pelican,3,2,Mar_W2,0.0,364.0
American White Pelican,3,3,Mar_W3,0.0,681.0
American White Pelican,3,4,Mar_W4,0.0,1015.0
American White Pelican,4,1,Apr_W1,0.0,752.0
American White Pelican,4,2,Apr_W2,0.0,1082.0
American White Pelican,4,3,Apr_W3,0.0025105,1195.0
American White Pelican,4,4,Apr_W4,0.0032316,2785.0
American White Pelican,5,1,May_W1,0.0082136,1461.0
American White Pelican,5,2,May_W2,0.0092857,1400.0
American White Pelican,5,3,May_W3,0.012219,2046.0
American White Pelican,5,4,May_W4,0.006594,3943.0
American White Pelican,6,1,Jun_W1,0.00323,1548.0
American White Pelican,6,2,Jun_W2,0.0018605,1075.0
American White Pelican,6,3,Jun_W3,0.0009033,1107.0
American White Pelican,6,4,Jun_W4,0.0028544,1051.0
American White Pelican,7,1,Jul_W1,0.0025157,795.0
American White Pelican,7,2,Jul_W2,0.0034247,584.0
American White Pelican,7,3,Jul_W3,0.0015,533.0
American White Pelican,7,4,Jul_W4,0.0025316,790.0
American White Pelican,8,1,Aug_W1,0.001675,597.0
American White Pelican,8,2,Aug_W2,0.0015015,666.0
American White Pelican,8,3,Aug_W3,0.0,822.0
American White Pelican,8,4,Aug_W4,0.0097952,1123.0
American White Pelican,9,1,Sep_W1,0.0,909.0
American White Pelican,9,2,Sep_W2,0.0031348,957.0
American White Pelican,9,3,Sep_W3,0.0041537,963.0
American White Pelican,9,4,Sep_W4,0.004954,1413.0
American White Pelican,10,1,Oct_W1,0.0122951,976.0
American White Pelican,10,2,Oct_W2,0.0,1330.0
American White Pelican,10,3,Oct_W3,0.0,1073.0
American White Pelican,10,4,Oct_W4,0.0,1123.0
American White Pelican,11,1,Nov_W1,0.0,686.0
American White Pelican,11,2,Nov_W2,0.0,662.0
American White Pelican,11,3,Nov_W3,0.0,428.0
American White Pelican,11,4,Nov_W4,0.0,339.0
American White Pelican,12,1,Dec_W1,0.0,213.0
American White Pelican,12,2,Dec_W2,0.0,275.0
American White Pelican,12,3,Dec_W3,0.0,318.0
American White Pelican,12,4,Dec_W4,0.0,931.0
Black Vulture,1,1,Jan_W1,0.0,1028.0
Black Vulture,1,2,Jan_W2,0.0,995.0
Black Vulture,1,3,Jan_W3,0.0,1544.0
Black Vulture,1,4,Jan_W4,0.0,1414.0
Black Vulture,2,1,Feb_W1,0.0,1431.0
Black Vulture,2,2,Feb_W2,0.0,1915.0
Black Vulture,2,3,Feb_W3,0.0,1788.0
Black Vulture,2,4,Feb_W4,0.0,669.0
Black Vulture,3,1,Mar_W1,0.0,543.0
Black Vulture,3,2,Mar_W2,0.0,364.0
Black Vulture,3,3,Mar_W3,0.0,681.0
Black Vulture,3,4,Mar_W4,0.0,1015.0
Black Vulture,4,1,Apr_W1,0.0013298,752.0
Black Vulture,4,2,Apr_W2,0.0009242,1082.0
Black Vulture,4,3,Apr_W3,0.0025105,1195.0
Black Vulture,4,4,Apr_W4,0.0,2785.0
Black Vulture,5,1,May_W1,0.0,1461.0
Black Vulture,5,2,May_W2,0.0,1400.0
Black Vulture,5,3,May_W3,0.0009775,2046.0
Black Vulture,5,4,May_W4,0.0,3943.0
Black Vulture,6,1,Jun_W1,0.0,1548.0
Black Vulture,6,2,Jun_W2,0.0,1075.0
Black Vulture,6,3,Jun_W3,0.0,1107.0
Black Vulture,6,4,Jun_W4,0.0,1051.0
Black Vulture,7,1,Jul_W1,0.0,795.0
Black Vulture,7,2,Jul_W2,0.0,584.0
Black Vulture,7,3,Jul_W3,0.0,533.0
Black Vulture,7,4,Jul_W4,0.0,790.0
Black Vulture,8,1,Aug_W1,0.0,597.0
Black Vulture,8,2,Aug_W2,0.0,666.0
Black Vulture,8,3,Aug_W3,0.0,822.0
Black Vulture,8,4,Aug_W4,0.0,1123.0
Black Vulture,9,1,Sep_W1,0.0022002,909.0
Black Vulture,9,2,Sep_W2,0.0,957.0
Black Vulture,9,3,Sep_W3,0.0,963.0
Black Vulture,9,4,Sep_W4,0.0,1413.0
Black Vulture,10,1,Oct_W1,0.0,976.0
Black Vulture,10,2,Oct_W2,0.0,1330.0
Black Vulture,10,3,Oct_W3,0.0,1073.0
Black Vulture,10,4,Oct_W4,0.0015,1123.0
Black Vulture,11,1,Nov_W1,0.0,686.0
Black Vulture,11,2,Nov_W2,0.0,662.0
Black Vulture,11,3,Nov_W3,0.0,428.0
Black Vulture,11,4,Nov_W4,0.0,339.0
Black Vulture,12,1,Dec_W1,0.0,213.0
Black Vulture,12,2,Dec_W2,0.0,275.0
Black Vulture,12,3,Dec_W3,0.0,318.0
Black Vulture,12,4,Dec_W4,0.0,931.0
Turkey Vulture,1,1,Jan_W1,0.0,1028.0
Turkey Vulture,1,2,Jan_W2,0.0015,995.0
Turkey Vulture,1,3,Jan_W3,0.0,1544.0
Turkey Vulture,1,4,Jan_W4,0.0,1414.0
Turkey Vulture,2,1,Feb_W1,0.0,1431.0
Turkey Vulture,2,2,Feb_W2,0.0,1915.0
Turkey Vulture,2,3,Feb_W3,0.0,1788.0
Turkey Vulture,2,4,Feb_W4,0.0,669.0
Turkey Vulture,3,1,Mar_W1,0.0,543.0
Turkey Vulture,3,2,Mar_W2,0.0,364.0
Turkey Vulture,3,3,Mar_W3,0.0088106,681.0
Turkey Vulture,3,4,Mar_W4,0.0472906,1015.0
Turkey Vulture,4,1,Apr_W1,0.1675532,752.0
Turkey Vulture,4,2,Apr_W2,0.3114603,1082.0
Turkey Vulture,4,3,Apr_W3,0.4301255,1195.0
Turkey Vulture,4,4,Apr_W4,0.3924596,2785.0
Turkey Vulture,5,1,May_W1,0.4592745,1461.0
Turkey Vulture,5,2,May_W2,0.3892857,1400.0
Turkey Vulture,5,3,May_W3,0.3167155,2046.0
Turkey Vulture,5,4,May_W4,0.2952067,3943.0
Turkey Vulture,6,1,Jun_W1,0.2112403,1548.0
Turkey Vulture,6,2,Jun_W2,0.1851163,1075.0
Turkey Vulture,6,3,Jun_W3,0.1897019,1107.0
Turkey Vulture,6,4,Jun_W4,0.1512845,1051.0
Turkey Vulture,7,1,Jul_W1,0.1761006,795.0
Turkey Vulture,7,2,Jul_W2,0.1609589,584.0
Turkey Vulture,7,3,Jul_W3,0.1707317,533.0
Turkey Vulture,7,4,Jul_W4,0.1873418,790.0
Turkey Vulture,8,1,Aug_W1,0.160804,597.0
Turkey Vulture,8,2,Aug_W2,0.1546547,666.0
Turkey Vulture,8,3,Aug_W3,0.2408759,822.0
Turkey Vulture,8,4,Aug_W4,0.2039181,1123.0
Turkey Vulture,9,1,Sep_W1,0.2354235,909.0
Turkey Vulture,9,2,Sep_W2,0.1880878,957.0
Turkey Vulture,9,3,Sep_W3,0.1588785,963.0
Turkey Vulture,9,4,Sep_W4,0.118896,1413.0
Turkey Vulture,10,1,Oct_W1,0.0870902,976.0
Turkey Vulture,10,2,Oct_W2,0.0556391,1330.0
Turkey Vulture,10,3,Oct_W3,0.0456664,1073.0
Turkey Vulture,10,4,Oct_W4,0.0178094,1123.0
Turkey Vulture,11,1,Nov_W1,0.016035,686.0
Turkey Vulture,11,2,Nov_W2,0.010574,662.0
Turkey Vulture,11,3,Nov_W3,0.0,428.0
Turkey Vulture,11,4,Nov_W4,0.0015,339.0
Turkey Vulture,12,1,Dec_W1,0.0,213.0
Turkey Vulture,12,2,Dec_W2,0.0,275.0
Turkey Vulture,12,3,Dec_W3,0.0,318.0
Turkey Vulture,12,4,Dec_W4,0.0,931.0
Osprey,1,1,Jan_W1,0.0,1028.0
Osprey,1,2,Jan_W2,0.0,995.0
Osprey,1,3,Jan_W3,0.0,1544.0
Osprey,1,4,Jan_W4,0.0,1414.0
Osprey,2,1,Feb_W1,0.0,1431.0
Osprey,2,2,Feb_W2,0.0,1915.0
Osprey,2,3,Feb_W3,0.0,1788.0
Osprey,2,4,Feb_W4,0.0,669.0
Osprey,3,1,Mar_W1,0.0,543.0
Osprey,3,2,Mar_W2,0.0,364.0
Osprey,3,3,Mar_W3,0.0014684,681.0
Osprey,3,4,Mar_W4,0.0,1015.0
Osprey,4,1,Apr_W1,0.0053191,752.0
Osprey,4,2,Apr_W2,0.0406654,1082.0
Osprey,4,3,Apr_W3,0.1389121,1195.0
Osprey,4,4,Apr_W4,0.1863555,2785.0
Osprey,5,1,May_W1,0.2477755,1461.0
Osprey,5,2,May_W2,0.1928571,1400.0
Osprey,5,3,May_W3,0.1314761,2046.0
Osprey,5,4,May_W4,0.1016992,3943.0
Osprey,6,1,Jun_W1,0.0219638,1548.0
Osprey,6,2,Jun_W2,0.0325581,1075.0
Osprey,6,3,Jun_W3,0.0162602,1107.0
Osprey,6,4,Jun_W4,0.0266413,1051.0
Osprey,7,1,Jul_W1,0.0402516,795.0
Osprey,7,2,Jul_W2,0.0308219,584.0
Osprey,7,3,Jul_W3,0.0393996,533.0
Osprey,7,4,Jul_W4,0.0556962,790.0
Osprey,8,1,Aug_W1,0.0469012,597.0
Osprey,8,2,Aug_W2,0.0540541,666.0
Osprey,8,3,Aug_W3,0.0559611,822.0
Osprey,8,4,Aug_W4,0.0418522,1123.0
Osprey,9,1,Sep_W1,0.039604,909.0
Osprey,9,2,Sep_W2,0.0125392,957.0
Osprey,9,3,Sep_W3,0.0373832,963.0
Osprey,9,4,Sep_W4,0.009908,1413.0
Osprey,10,1,Oct_W1,0.0092213,976.0
Osprey,10,2,Oct_W2,0.0030075,1330.0
Osprey,10,3,Oct_W3,0.0,1073.0
Osprey,10,4,Oct_W4,0.0,1123.0
Osprey,11,1,Nov_W1,0.0,686.0
Osprey,11,2,Nov_W2,0.0,662.0
Osprey,11,3,Nov_W3,0.0,428.0
Osprey,11,4,Nov_W4,0.0,339.0
Osprey,12,1,Dec_W1,0.0,213.0
Osprey,12,2,Dec_W2,0.0,275.0
Osprey,12,3,Dec_W3,0.0,318.0
Osprey,12,4,Dec_W4,0.0,931.0
Golden Eagle,1,1,Jan_W1,0.0015,1028.0
Golden Eagle,1,2,Jan_W2,0.001005,995.0
Golden Eagle,1,3,Jan_W3,0.001943,1544.0
Golden Eagle,1,4,Jan_W4,0.0014144,1414.0
Golden Eagle,2,1,Feb_W1,0.0,1431.0
Golden Eagle,2,2,Feb_W2,0.0,1915.0
Golden Eagle,2,3,Feb_W3,0.0015,1788.0
Golden Eagle,2,4,Feb_W4,0.0015,669.0
Golden Eagle,3,1,Mar_W1,0.0,543.0
Golden Eagle,3,2,Mar_W2,0.0054945,364.0
Golden Eagle,3,3,Mar_W3,0.1923642,681.0
Golden Eagle,3,4,Mar_W4,0.1891626,1015.0
Golden Eagle,4,1,Apr_W1,0.1422872,752.0
Golden Eagle,4,2,Apr_W2,0.1266174,1082.0
Golden Eagle,4,3,Apr_W3,0.1313808,1195.0
Golden Eagle,4,4,Apr_W4,0.1008977,2785.0
Golden Eagle,5,1,May_W1,0.1478439,1461.0
Golden Eagle,5,2,May_W2,0.095,1400.0
Golden Eagle,5,3,May_W3,0.0386119,2046.0
Golden Eagle,5,4,May_W4,0.0103982,3943.0
Golden Eagle,6,1,Jun_W1,0.0,1548.0
Golden Eagle,6,2,Jun_W2,0.0015,1075.0
Golden Eagle,6,3,Jun_W3,0.0,1107.0
Golden Eagle,6,4,Jun_W4,0.0,1051.0
Golden Eagle,7,1,Jul_W1,0.0,795.0
Golden Eagle,7,2,Jul_W2,0.0,584.0
Golden Eagle,7,3,Jul_W3,0.0,533.0
Golden Eagle,7,4,Jul_W4,0.0,790.0
Golden Eagle,8,1,Aug_W1,0.0,597.0
Golden Eagle,8,2,Aug_W2,0.0,666.0
Golden Eagle,8,3,Aug_W3,0.0,822.0
Golden Eagle,8,4,Aug_W4,0.0008905,1123.0
Golden Eagle,9,1,Sep_W1,0.0,909.0
Golden Eagle,9,2,Sep_W2,0.0,957.0
Golden Eagle,9,3,Sep_W3,0.0,963.0
Golden Eagle,9,4,Sep_W4,0.0,1413.0
Golden Eagle,10,1,Oct_W1,0.0,976.0
Golden Eagle,10,2,Oct_W2,0.0007519,1330.0
Golden Eagle,10,3,Oct_W3,0.000932,1073.0
Golden Eagle,10,4,Oct_W4,0.0008905,1123.0
Golden Eagle,11,1,Nov_W1,0.0015,686.0
Golden Eagle,11,2,Nov_W2,0.0015106,662.0
Golden Eagle,11,3,Nov_W3,0.0046729,428.0
Golden Eagle,11,4,Nov_W4,0.0029499,339.0
Golden Eagle,12,1,Dec_W1,0.0046948,213.0
Golden Eagle,12,2,Dec_W2,0.0,275.0
Golden Eagle,12,3,Dec_W3,0.0015,318.0
Golden Eagle,12,4,Dec_W4,0.0,931.0
Sharp-shinned Hawk,1,1,Jan_W1,0.0029183,1028.0
Sharp-shinned Hawk,1,2,Jan_W2,0.0,995.0
Sharp-shinned Hawk,1,3,Jan_W3,0.0012953,1544.0
Sharp-shinned Hawk,1,4,Jan_W4,0.0,1414.0
Sharp-shinned Hawk,2,1,Feb_W1,0.0013976,1431.0
Sharp-shinned Hawk,2,2,Feb_W2,0.0005222,1915.0
Sharp-shinned Hawk,2,3,Feb_W3,0.0016779,1788.0
Sharp-shinned Hawk,2,4,Feb_W4,0.0,669.0
Sharp-shinned Hawk,3,1,Mar_W1,0.0,543.0
Sharp-shinned Hawk,3,2,Mar_W2,0.0054945,364.0
Sharp-shinned Hawk,3,3,Mar_W3,0.0396476,681.0
Sharp-shinned Hawk,3,4,Mar_W4,0.0561576,1015.0
Sharp-shinned Hawk,4,1,Apr_W1,0.1489362,752.0
Sharp-shinned Hawk,4,2,Apr_W2,0.2791128,1082.0
Sharp-shinned Hawk,4,3,Apr_W3,0.3958159,1195.0
Sharp-shinned Hawk,4,4,Apr_W4,0.4333932,2785.0
Sharp-shinned Hawk,5,1,May_W1,0.5010267,1461.0
Sharp-shinned Hawk,5,2,May_W2,0.4342857,1400.0
Sharp-shinned Hawk,5,3,May_W3,0.3372434,2046.0
Sharp-shinned Hawk,5,4,May_W4,0.2675628,3943.0
Sharp-shinned Hawk,6,1,Jun_W1,0.0574935,1548.0
Sharp-shinned Hawk,6,2,Jun_W2,0.0251163,1075.0
Sharp-shinned Hawk,6,3,Jun_W3,0.0126468,1107.0
Sharp-shinned Hawk,6,4,Jun_W4,0.0047574,1051.0
Sharp-shinned Hawk,7,1,Jul_W1,0.008805,795.0
Sharp-shinned Hawk,7,2,Jul_W2,0.010274,584.0
Sharp-shinned Hawk,7,3,Jul_W3,0.0131332,533.0
Sharp-shinned Hawk,7,4,Jul_W4,0.0101266,790.0
Sharp-shinned Hawk,8,1,Aug_W1,0.0117253,597.0
Sharp-shinned Hawk,8,2,Aug_W2,0.039039,666.0
Sharp-shinned Hawk,8,3,Aug_W3,0.1642336,822.0
Sharp-shinned Hawk,8,4,Aug_W4,0.160285,1123.0
Sharp-shinned Hawk,9,1,Sep_W1,0.1661166,909.0
Sharp-shinned Hawk,9,2,Sep_W2,0.1567398,957.0
Sharp-shinned Hawk,9,3,Sep_W3,0.1786085,963.0
Sharp-shinned Hawk,9,4,Sep_W4,0.0856334,1413.0
Sharp-shinned Hawk,10,1,Oct_W1,0.0553279,976.0
Sharp-shinned Hawk,10,2,Oct_W2,0.0631579,1330.0
Sharp-shinned Hawk,10,3,Oct_W3,0.0344828,1073.0
Sharp-shinned Hawk,10,4,Oct_W4,0.0329475,1123.0
Sharp-shinned Hawk,11,1,Nov_W1,0.0422741,686.0
Sharp-shinned Hawk,11,2,Nov_W2,0.0347432,662.0
Sharp-shinned Hawk,11,3,Nov_W3,0.0140187,428.0
Sharp-shinned Hawk,11,4,Nov_W4,0.0015,339.0
Sharp-shinned Hawk,12,1,Dec_W1,0.0046948,213.0
Sharp-shinned Hawk,12,2,Dec_W2,0.0,275.0
Sharp-shinned Hawk,12,3,Dec_W3,0.0,318.0
Sharp-shinned Hawk,12,4,Dec_W4,0.0,931.0
Cooper's Hawk,1,1,Jan_W1,0.0009728,1028.0
Cooper's Hawk,1,2,Jan_W2,0.001005,995.0
Cooper's Hawk,1,3,Jan_W3,0.0032383,1544.0
Cooper's Hawk,1,4,Jan_W4,0.0015,1414.0
Cooper's Hawk,2,1,Feb_W1,0.0006988,1431.0
Cooper's Hawk,2,2,Feb_W2,0.0020888,1915.0
Cooper's Hawk,2,3,Feb_W3,0.0011186,1788.0
Cooper's Hawk,2,4,Feb_W4,0.0014948,669.0
Cooper's Hawk,3,1,Mar_W1,0.0036832,543.0
Cooper's Hawk,3,2,Mar_W2,0.0,364.0
Cooper's Hawk,3,3,Mar_W3,0.0,681.0
Cooper's Hawk,3,4,Mar_W4,0.0147783,1015.0
Cooper's Hawk,4,1,Apr_W1,0.0638298,752.0
Cooper's Hawk,4,2,Apr_W2,0.0878004,1082.0
Cooper's Hawk,4,3,Apr_W3,0.134728,1195.0
Cooper's Hawk,4,4,Apr_W4,0.1052065,2785.0
Cooper's Hawk,5,1,May_W1,0.1355236,1461.0
Cooper's Hawk,5,2,May_W2,0.1057143,1400.0
Cooper's Hawk,5,3,May_W3,0.0821114,2046.0
Cooper's Hawk,5,4,May_W4,0.0443824,3943.0
Cooper's Hawk,6,1,Jun_W1,0.0122739,1548.0
Cooper's Hawk,6,2,Jun_W2,0.0037209,1075.0
Cooper's Hawk,6,3,Jun_W3,0.0036134,1107.0
Cooper's Hawk,6,4,Jun_W4,0.0038059,1051.0
Cooper's Hawk,7,1,Jul_W1,0.0025157,795.0
Cooper's Hawk,7,2,Jul_W2,0.0,584.0
Cooper's Hawk,7,3,Jul_W3,0.0056285,533.0
Cooper's Hawk,7,4,Jul_W4,0.0025316,790.0
Cooper's Hawk,8,1,Aug_W1,0.0100503,597.0
Cooper's Hawk,8,2,Aug_W2,0.006006,666.0
Cooper's Hawk,8,3,Aug_W3,0.0158151,822.0
Cooper's Hawk,8,4,Aug_W4,0.0222618,1123.0
Cooper's Hawk,9,1,Sep_W1,0.0220022,909.0
Cooper's Hawk,9,2,Sep_W2,0.014629,957.0
Cooper's Hawk,9,3,Sep_W3,0.0103842,963.0
Cooper's Hawk,9,4,Sep_W4,0.0070771,1413.0
Cooper's Hawk,10,1,Oct_W1,0.0020492,976.0
Cooper's Hawk,10,2,Oct_W2,0.0067669,1330.0
Cooper's Hawk,10,3,Oct_W3,0.0027959,1073.0
Cooper's Hawk,10,4,Oct_W4,0.0008905,1123.0
Cooper's Hawk,11,1,Nov_W1,0.0058309,686.0
Cooper's Hawk,11,2,Nov_W2,0.0045317,662.0
Cooper's Hawk,11,3,Nov_W3,0.0023364,428.0
Cooper's Hawk,11,4,Nov_W4,0.0029499,339.0
Cooper's Hawk,12,1,Dec_W1,0.0,213.0
Cooper's Hawk,12,2,Dec_W2,0.0036364,275.0
Cooper's Hawk,12,3,Dec_W3,0.0031447,318.0
Cooper's Hawk,12,4,Dec_W4,0.0010741,931.0
American Goshawk,1,1,Jan_W1,0.0019455,1028.0
American Goshawk,1,2,Jan_W2,0.001005,995.0
American Goshawk,1,3,Jan_W3,0.0071244,1544.0
American Goshawk,1,4,Jan_W4,0.0042433,1414.0
American Goshawk,2,1,Feb_W1,0.0020964,1431.0
American Goshawk,2,2,Feb_W2,0.002611,1915.0
American Goshawk,2,3,Feb_W3,0.0027964,1788.0
American Goshawk,2,4,Feb_W4,0.0044843,669.0
American Goshawk,3,1,Mar_W1,0.0092081,543.0
American Goshawk,3,2,Mar_W2,0.010989,364.0
American Goshawk,3,3,Mar_W3,0.1527166,681.0
American Goshawk,3,4,Mar_W4,0.1891626,1015.0
American Goshawk,4,1,Apr_W1,0.1582447,752.0
American Goshawk,4,2,Apr_W2,0.155268,1082.0
American Goshawk,4,3,Apr_W3,0.1564854,1195.0
American Goshawk,4,4,Apr_W4,0.113465,2785.0
American Goshawk,5,1,May_W1,0.1238877,1461.0
American Goshawk,5,2,May_W2,0.0871429,1400.0
American Goshawk,5,3,May_W3,0.0449658,2046.0
American Goshawk,5,4,May_W4,0.0332234,3943.0
American Goshawk,6,1,Jun_W1,0.004522,1548.0
American Goshawk,6,2,Jun_W2,0.0046512,1075.0
American Goshawk,6,3,Jun_W3,0.0090334,1107.0
American Goshawk,6,4,Jun_W4,0.0019029,1051.0
American Goshawk,7,1,Jul_W1,0.0012579,795.0
American Goshawk,7,2,Jul_W2,0.0017123,584.0
American Goshawk,7,3,Jul_W3,0.0018762,533.0
American Goshawk,7,4,Jul_W4,0.0088608,790.0
American Goshawk,8,1,Aug_W1,0.0083752,597.0
American Goshawk,8,2,Aug_W2,0.015015,666.0
American Goshawk,8,3,Aug_W3,0.0620438,822.0
American Goshawk,8,4,Aug_W4,0.0596616,1123.0
American Goshawk,9,1,Sep_W1,0.0462046,909.0
American Goshawk,9,2,Sep_W2,0.0282132,957.0
American Goshawk,9,3,Sep_W3,0.0280374,963.0
American Goshawk,9,4,Sep_W4,0.0226469,1413.0
American Goshawk,10,1,Oct_W1,0.0717213,976.0
American Goshawk,10,2,Oct_W2,0.0684211,1330.0
American Goshawk,10,3,Oct_W3,0.0913327,1073.0
American Goshawk,10,4,Oct_W4,0.0872663,1123.0
American Goshawk,11,1,Nov_W1,0.1122449,686.0
American Goshawk,11,2,Nov_W2,0.092145,662.0
American Goshawk,11,3,Nov_W3,0.0233645,428.0
American Goshawk,11,4,Nov_W4,0.0015,339.0
American Goshawk,12,1,Dec_W1,0.0,213.0
American Goshawk,12,2,Dec_W2,0.0072727,275.0
American Goshawk,12,3,Dec_W3,0.0062893,318.0
American Goshawk,12,4,Dec_W4,0.0032223,931.0
Northern Harrier,1,1,Jan_W1,0.0,1028.0
Northern Harrier,1,2,Jan_W2,0.0015,995.0
Northern Harrier,1,3,Jan_W3,0.0006477,1544.0
Northern Harrier,1,4,Jan_W4,0.0,1414.0
Northern Harrier,2,1,Feb_W1,0.0,1431.0
Northern Harrier,2,2,Feb_W2,0.0010444,1915.0
Northern Harrier,2,3,Feb_W3,0.0005593,1788.0
Northern Harrier,2,4,Feb_W4,0.0014948,669.0
Northern Harrier,3,1,Mar_W1,0.0073665,543.0
Northern Harrier,3,2,Mar_W2,0.0274725,364.0
Northern Harrier,3,3,Mar_W3,0.0381791,681.0
Northern Harrier,3,4,Mar_W4,0.1123153,1015.0
Northern Harrier,4,1,Apr_W1,0.206117,752.0
Northern Harrier,4,2,Apr_W2,0.284658,1082.0
Northern Harrier,4,3,Apr_W3,0.4133891,1195.0
Northern Harrier,4,4,Apr_W4,0.3310592,2785.0
Northern Harrier,5,1,May_W1,0.3723477,1461.0
Northern Harrier,5,2,May_W2,0.3021429,1400.0
Northern Harrier,5,3,May_W3,0.2292278,2046.0
Northern Harrier,5,4,May_W4,0.1552118,3943.0
Northern Harrier,6,1,Jun_W1,0.0645995,1548.0
Northern Harrier,6,2,Jun_W2,0.0465116,1075.0
Northern Harrier,6,3,Jun_W3,0.0469738,1107.0
Northern Harrier,6,4,Jun_W4,0.0323501,1051.0
Northern Harrier,7,1,Jul_W1,0.0226415,795.0
Northern Harrier,7,2,Jul_W2,0.0376712,584.0
Northern Harrier,7,3,Jul_W3,0.0506567,533.0
Northern Harrier,7,4,Jul_W4,0.035443,790.0
Northern Harrier,8,1,Aug_W1,0.0653266,597.0
Northern Harrier,8,2,Aug_W2,0.0705706,666.0
Northern Harrier,8,3,Aug_W3,0.1690998,822.0
Northern Harrier,8,4,Aug_W4,0.1255565,1123.0
Northern Harrier,9,1,Sep_W1,0.1342134,909.0
Northern Harrier,9,2,Sep_W2,0.1577847,957.0
Northern Harrier,9,3,Sep_W3,0.2544133,963.0
Northern Harrier,9,4,Sep_W4,0.1606511,1413.0
Northern Harrier,10,1,Oct_W1,0.1147541,976.0
Northern Harrier,10,2,Oct_W2,0.1150376,1330.0
Northern Harrier,10,3,Oct_W3,0.082945,1073.0
Northern Harrier,10,4,Oct_W4,0.0382903,1123.0
Northern Harrier,11,1,Nov_W1,0.0495627,686.0
Northern Harrier,11,2,Nov_W2,0.0181269,662.0
Northern Harrier,11,3,Nov_W3,0.0140187,428.0
Northern Harrier,11,4,Nov_W4,0.0235988,339.0
Northern Harrier,12,1,Dec_W1,0.0140845,213.0
Northern Harrier,12,2,Dec_W2,0.0109091,275.0
Northern Harrier,12,3,Dec_W3,0.0031447,318.0
Northern Harrier,12,4,Dec_W4,0.0021482,931.0
Bald Eagle,1,1,Jan_W1,0.2538911,1028.0
Bald Eagle,1,2,Jan_W2,0.2572864,995.0
Bald Eagle,1,3,Jan_W3,0.2551813,1544.0
Bald Eagle,1,4,Jan_W4,0.2178218,1414.0
Bald Eagle,2,1,Feb_W1,0.2180294,1431.0
Bald Eagle,2,2,Feb_W2,0.2313316,1915.0
Bald Eagle,2,3,Feb_W3,0.2186801,1788.0
Bald Eagle,2,4,Feb_W4,0.2227205,669.0
Bald Eagle,3,1,Mar_W1,0.2302026,543.0
Bald Eagle,3,2,Mar_W2,0.2582418,364.0
Bald Eagle,3,3,Mar_W3,0.4390602,681.0
Bald Eagle,3,4,Mar_W4,0.4630542,1015.0
Bald Eagle,4,1,Apr_W1,0.412234,752.0
Bald Eagle,4,2,Apr_W2,0.3659889,1082.0
Bald Eagle,4,3,Apr_W3,0.3849372,1195.0
Bald Eagle,4,4,Apr_W4,0.3432675,2785.0
Bald Eagle,5,1,May_W1,0.3750856,1461.0
Bald Eagle,5,2,May_W2,0.3492857,1400.0
Bald Eagle,5,3,May_W3,0.313783,2046.0
Bald Eagle,5,4,May_W4,0.2721278,3943.0
Bald Eagle,6,1,Jun_W1,0.1679587,1548.0
Bald Eagle,6,2,Jun_W2,0.1302326,1075.0
Bald Eagle,6,3,Jun_W3,0.129178,1107.0
Bald Eagle,6,4,Jun_W4,0.112274,1051.0
Bald Eagle,7,1,Jul_W1,0.1308176,795.0
Bald Eagle,7,2,Jul_W2,0.130137,584.0
Bald Eagle,7,3,Jul_W3,0.1407129,533.0
Bald Eagle,7,4,Jul_W4,0.1455696,790.0
Bald Eagle,8,1,Aug_W1,0.1725293,597.0
Bald Eagle,8,2,Aug_W2,0.1876877,666.0
Bald Eagle,8,3,Aug_W3,0.2785888,822.0
Bald Eagle,8,4,Aug_W4,0.2635797,1123.0
Bald Eagle,9,1,Sep_W1,0.3168317,909.0
Bald Eagle,9,2,Sep_W2,0.2852665,957.0
Bald Eagle,9,3,Sep_W3,0.2741433,963.0
Bald Eagle,9,4,Sep_W4,0.2441614,1413.0
Bald Eagle,10,1,Oct_W1,0.2510246,976.0
Bald Eagle,10,2,Oct_W2,0.2781955,1330.0
Bald Eagle,10,3,Oct_W3,0.3150047,1073.0
Bald Eagle,10,4,Oct_W4,0.3196794,1123.0
Bald Eagle,11,1,Nov_W1,0.3221574,686.0
Bald Eagle,11,2,Nov_W2,0.2779456,662.0
Bald Eagle,11,3,Nov_W3,0.2640187,428.0
Bald Eagle,11,4,Nov_W4,0.2507375,339.0
Bald Eagle,12,1,Dec_W1,0.3192488,213.0
Bald Eagle,12,2,Dec_W2,0.3236364,275.0
Bald Eagle,12,3,Dec_W3,0.2578616,318.0
Bald Eagle,12,4,Dec_W4,0.2599356,931.0
Mississippi Kite,1,1,Jan_W1,0.0,1028.0
Mississippi Kite,1,2,Jan_W2,0.0,995.0
Mississippi Kite,1,3,Jan_W3,0.0,1544.0
Mississippi Kite,1,4,Jan_W4,0.0,1414.0
Mississippi Kite,2,1,Feb_W1,0.0,1431.0
Mississippi Kite,2,2,Feb_W2,0.0,1915.0
Mississippi Kite,2,3,Feb_W3,0.0,1788.0
Mississippi Kite,2,4,Feb_W4,0.0,669.0
Mississippi Kite,3,1,Mar_W1,0.0,543.0
Mississippi Kite,3,2,Mar_W2,0.0,364.0
Mississippi Kite,3,3,Mar_W3,0.0,681.0
Mississippi Kite,3,4,Mar_W4,0.0,1015.0
Mississippi Kite,4,1,Apr_W1,0.0,752.0
Mississippi Kite,4,2,Apr_W2,0.0,1082.0
Mississippi Kite,4,3,Apr_W3,0.0,1195.0
Mississippi Kite,4,4,Apr_W4,0.0,2785.0
Mississippi Kite,5,1,May_W1,0.0,1461.0
Mississippi Kite,5,2,May_W2,0.0014286,1400.0
Mississippi Kite,5,3,May_W3,0.0009775,2046.0
Mississippi Kite,5,4,May_W4,0.0030434,3943.0
Mississippi Kite,6,1,Jun_W1,0.001938,1548.0
Mississippi Kite,6,2,Jun_W2,0.0,1075.0
Mississippi Kite,6,3,Jun_W3,0.0,1107.0
Mississippi Kite,6,4,Jun_W4,0.0,1051.0
Mississippi Kite,7,1,Jul_W1,0.0,795.0
Mississippi Kite,7,2,Jul_W2,0.0,584.0
Mississippi Kite,7,3,Jul_W3,0.0,533.0
Mississippi Kite,7,4,Jul_W4,0.0,790.0
Mississippi Kite,8,1,Aug_W1,0.0,597.0
Mississippi Kite,8,2,Aug_W2,0.0,666.0
Mississippi Kite,8,3,Aug_W3,0.0,822.0
Mississippi Kite,8,4,Aug_W4,0.0,1123.0
Mississippi Kite,9,1,Sep_W1,0.0,909.0
Mississippi Kite,9,2,Sep_W2,0.0,957.0
Mississippi Kite,9,3,Sep_W3,0.0,963.0
Mississippi Kite,9,4,Sep_W4,0.0,1413.0
Mississippi Kite,10,1,Oct_W1,0.0,976.0
Mississippi Kite,10,2,Oct_W2,0.0,1330.0
Mississippi Kite,10,3,Oct_W3,0.0,1073.0
Mississippi Kite,10,4,Oct_W4,0.0,1123.0
Mississippi Kite,11,1,Nov_W1,0.0,686.0
Mississippi Kite,11,2,Nov_W2,0.0,662.0
Mississippi Kite,11,3,Nov_W3,0.0,428.0
Mississippi Kite,11,4,Nov_W4,0.0,339.0
Mississippi Kite,12,1,Dec_W1,0.0,213.0
Mississippi Kite,12,2,Dec_W2,0.0,275.0
Mississippi Kite,12,3,Dec_W3,0.0,318.0
Mississippi Kite,12,4,Dec_W4,0.0,931.0
Broad-winged Hawk,1,1,Jan_W1,0.0,1028.0
Broad-winged Hawk,1,2,Jan_W2,0.0,995.0
Broad-winged Hawk,1,3,Jan_W3,0.0,1544.0
Broad-winged Hawk,1,4,Jan_W4,0.0,1414.0
Broad-winged Hawk,2,1,Feb_W1,0.0,1431.0
Broad-winged Hawk,2,2,Feb_W2,0.0,1915.0
Broad-winged Hawk,2,3,Feb_W3,0.0,1788.0
Broad-winged Hawk,2,4,Feb_W4,0.0,669.0
Broad-winged Hawk,3,1,Mar_W1,0.0,543.0
Broad-winged Hawk,3,2,Mar_W2,0.0,364.0
Broad-winged Hawk,3,3,Mar_W3,0.0,681.0
Broad-winged Hawk,3,4,Mar_W4,0.0,1015.0
Broad-winged Hawk,4,1,Apr_W1,0.0,752.0
Broad-winged Hawk,4,2,Apr_W2,0.0036969,1082.0
Broad-winged Hawk,4,3,Apr_W3,0.0811715,1195.0
Broad-winged Hawk,4,4,Apr_W4,0.2427289,2785.0
Broad-winged Hawk,5,1,May_W1,0.3778234,1461.0
Broad-winged Hawk,5,2,May_W2,0.3414286,1400.0
Broad-winged Hawk,5,3,May_W3,0.2355816,2046.0
Broad-winged Hawk,5,4,May_W4,0.2295207,3943.0
Broad-winged Hawk,6,1,Jun_W1,0.1033592,1548.0
Broad-winged Hawk,6,2,Jun_W2,0.0846512,1075.0
Broad-winged Hawk,6,3,Jun_W3,0.0803975,1107.0
Broad-winged Hawk,6,4,Jun_W4,0.0485252,1051.0
Broad-winged Hawk,7,1,Jul_W1,0.0515723,795.0
Broad-winged Hawk,7,2,Jul_W2,0.0479452,584.0
Broad-winged Hawk,7,3,Jul_W3,0.0581614,533.0
Broad-winged Hawk,7,4,Jul_W4,0.0291139,790.0
Broad-winged Hawk,8,1,Aug_W1,0.0368509,597.0
Broad-winged Hawk,8,2,Aug_W2,0.0510511,666.0
Broad-winged Hawk,8,3,Aug_W3,0.1301703,822.0
Broad-winged Hawk,8,4,Aug_W4,0.1495993,1123.0
Broad-winged Hawk,9,1,Sep_W1,0.1727173,909.0
Broad-winged Hawk,9,2,Sep_W2,0.0846395,957.0
Broad-winged Hawk,9,3,Sep_W3,0.0446521,963.0
Broad-winged Hawk,9,4,Sep_W4,0.0077849,1413.0
Broad-winged Hawk,10,1,Oct_W1,0.0153689,976.0
Broad-winged Hawk,10,2,Oct_W2,0.0,1330.0
Broad-winged Hawk,10,3,Oct_W3,0.000932,1073.0
Broad-winged Hawk,10,4,Oct_W4,0.0,1123.0
Broad-winged Hawk,11,1,Nov_W1,0.0,686.0
Broad-winged Hawk,11,2,Nov_W2,0.0,662.0
Broad-winged Hawk,11,3,Nov_W3,0.0,428.0
Broad-winged Hawk,11,4,Nov_W4,0.0,339.0
Broad-winged Hawk,12,1,Dec_W1,0.0,213.0
Broad-winged Hawk,12,2,Dec_W2,0.0,275.0
Broad-winged Hawk,12,3,Dec_W3,0.0,318.0
Broad-winged Hawk,12,4,Dec_W4,0.0,931.0
Red-shouldered Hawk,1,1,Jan_W1,0.0015,1028.0
Red-shouldered Hawk,1,2,Jan_W2,0.0,995.0
Red-shouldered Hawk,1,3,Jan_W3,0.0,1544.0
Red-shouldered Hawk,1,4,Jan_W4,0.0,1414.0
Red-shouldered Hawk,2,1,Feb_W1,0.0,1431.0
Red-shouldered Hawk,2,2,Feb_W2,0.0005222,1915.0
Red-shouldered Hawk,2,3,Feb_W3,0.0015,1788.0
Red-shouldered Hawk,2,4,Feb_W4,0.0014948,669.0
Red-shouldered Hawk,3,1,Mar_W1,0.0036832,543.0
Red-shouldered Hawk,3,2,Mar_W2,0.0054945,364.0
Red-shouldered Hawk,3,3,Mar_W3,0.0675477,681.0
Red-shouldered Hawk,3,4,Mar_W4,0.1261084,1015.0
Red-shouldered Hawk,4,1,Apr_W1,0.1196809,752.0
Red-shouldered Hawk,4,2,Apr_W2,0.0979667,1082.0
Red-shouldered Hawk,4,3,Apr_W3,0.1004184,1195.0
Red-shouldered Hawk,4,4,Apr_W4,0.0527828,2785.0
Red-shouldered Hawk,5,1,May_W1,0.0396988,1461.0
Red-shouldered Hawk,5,2,May_W2,0.025,1400.0
Red-shouldered Hawk,5,3,May_W3,0.0229717,2046.0
Red-shouldered Hawk,5,4,May_W4,0.0126807,3943.0
Red-shouldered Hawk,6,1,Jun_W1,0.0071059,1548.0
Red-shouldered Hawk,6,2,Jun_W2,0.0055814,1075.0
Red-shouldered Hawk,6,3,Jun_W3,0.0072267,1107.0
Red-shouldered Hawk,6,4,Jun_W4,0.0057088,1051.0
Red-shouldered Hawk,7,1,Jul_W1,0.0037736,795.0
Red-shouldered Hawk,7,2,Jul_W2,0.0068493,584.0
Red-shouldered Hawk,7,3,Jul_W3,0.0075047,533.0
Red-shouldered Hawk,7,4,Jul_W4,0.0063291,790.0
Red-shouldered Hawk,8,1,Aug_W1,0.0100503,597.0
Red-shouldered Hawk,8,2,Aug_W2,0.0015015,666.0
Red-shouldered Hawk,8,3,Aug_W3,0.0024331,822.0
Red-shouldered Hawk,8,4,Aug_W4,0.0026714,1123.0
Red-shouldered Hawk,9,1,Sep_W1,0.0011001,909.0
Red-shouldered Hawk,9,2,Sep_W2,0.0,957.0
Red-shouldered Hawk,9,3,Sep_W3,0.0010384,963.0
Red-shouldered Hawk,9,4,Sep_W4,0.0007077,1413.0
Red-shouldered Hawk,10,1,Oct_W1,0.0061475,976.0
Red-shouldered Hawk,10,2,Oct_W2,0.0007519,1330.0
Red-shouldered Hawk,10,3,Oct_W3,0.0,1073.0
Red-shouldered Hawk,10,4,Oct_W4,0.0,1123.0
Red-shouldered Hawk,11,1,Nov_W1,0.0,686.0
Red-shouldered Hawk,11,2,Nov_W2,0.0,662.0
Red-shouldered Hawk,11,3,Nov_W3,0.0,428.0
Red-shouldered Hawk,11,4,Nov_W4,0.0,339.0
Red-shouldered Hawk,12,1,Dec_W1,0.0,213.0
Red-shouldered Hawk,12,2,Dec_W2,0.0,275.0
Red-shouldered Hawk,12,3,Dec_W3,0.0,318.0
Red-shouldered Hawk,12,4,Dec_W4,0.0021482,931.0
Short-tailed Hawk,1,1,Jan_W1,0.0,1028.0
Short-tailed Hawk,1,2,Jan_W2,0.0,995.0
Short-tailed Hawk,1,3,Jan_W3,0.0,1544.0
Short-tailed Hawk,1,4,Jan_W4,0.0,1414.0
Short-tailed Hawk,2,1,Feb_W1,0.0,1431.0
Short-tailed Hawk,2,2,Feb_W2,0.0,1915.0
Short-tailed Hawk,2,3,Feb_W3,0.0,1788.0
Short-tailed Hawk,2,4,Feb_W4,0.0,669.0
Short-tailed Hawk,3,1,Mar_W1,0.0,543.0
Short-tailed Hawk,3,2,Mar_W2,0.0,364.0
Short-tailed Hawk,3,3,Mar_W3,0.0,681.0
Short-tailed Hawk,3,4,Mar_W4,0.0,1015.0
Short-tailed Hawk,4,1,Apr_W1,0.0,752.0
Short-tailed Hawk,4,2,Apr_W2,0.0,1082.0
Short-tailed Hawk,4,3,Apr_W3,0.0,1195.0
Short-tailed Hawk,4,4,Apr_W4,0.0,2785.0
Short-tailed Hawk,5,1,May_W1,0.0,1461.0
Short-tailed Hawk,5,2,May_W2,0.0,1400.0
Short-tailed Hawk,5,3,May_W3,0.0,2046.0
Short-tailed Hawk,5,4,May_W4,0.0,3943.0
Short-tailed Hawk,6,1,Jun_W1,0.0,1548.0
Short-tailed Hawk,6,2,Jun_W2,0.0,1075.0
Short-tailed Hawk,6,3,Jun_W3,0.0,1107.0
Short-tailed Hawk,6,4,Jun_W4,0.0,1051.0
Short-tailed Hawk,7,1,Jul_W1,0.0,795.0
Short-tailed Hawk,7,2,Jul_W2,0.0,584.0
Short-tailed Hawk,7,3,Jul_W3,0.0,533.0
Short-tailed Hawk,7,4,Jul_W4,0.0,790.0
Short-tailed Hawk,8,1,Aug_W1,0.0,597.0
Short-tailed Hawk,8,2,Aug_W2,0.0,666.0
Short-tailed Hawk,8,3,Aug_W3,0.0,822.0
Short-tailed Hawk,8,4,Aug_W4,0.0,1123.0
Short-tailed Hawk,9,1,Sep_W1,0.0,909.0
Short-tailed Hawk,9,2,Sep_W2,0.0,957.0
Short-tailed Hawk,9,3,Sep_W3,0.0,963.0
Short-tailed Hawk,9,4,Sep_W4,0.0,1413.0
Short-tailed Hawk,10,1,Oct_W1,0.0,976.0
Short-tailed Hawk,10,2,Oct_W2,0.0,1330.0
Short-tailed Hawk,10,3,Oct_W3,0.0,1073.0
Short-tailed Hawk,10,4,Oct_W4,0.0,1123.0
Short-tailed Hawk,11,1,Nov_W1,0.0,686.0
Short-tailed Hawk,11,2,Nov_W2,0.0,662.0
Short-tailed Hawk,11,3,Nov_W3,0.0023364,428.0
Short-tailed Hawk,11,4,Nov_W4,0.0,339.0
Short-tailed Hawk,12,1,Dec_W1,0.0,213.0
Short-tailed Hawk,12,2,Dec_W2,0.0,275.0
Short-tailed Hawk,12,3,Dec_W3,0.0,318.0
Short-tailed Hawk,12,4,Dec_W4,0.0,931.0
Swainson's Hawk,1,1,Jan_W1,0.0,1028.0
Swainson's Hawk,1,2,Jan_W2,0.0,995.0
Swainson's Hawk,1,3,Jan_W3,0.0,1544.0
Swainson's Hawk,1,4,Jan_W4,0.0,1414.0
Swainson's Hawk,2,1,Feb_W1,0.0,1431.0
Swainson's Hawk,2,2,Feb_W2,0.0,1915.0
Swainson's Hawk,2,3,Feb_W3,0.0,1788.0
Swainson's Hawk,2,4,Feb_W4,0.0,669.0
Swainson's Hawk,3,1,Mar_W1,0.0,543.0
Swainson's Hawk,3,2,Mar_W2,0.0,364.0
Swainson's Hawk,3,3,Mar_W3,0.0,681.0
Swainson's Hawk,3,4,Mar_W4,0.0,1015.0
Swainson's Hawk,4,1,Apr_W1,0.0,752.0
Swainson's Hawk,4,2,Apr_W2,0.0,1082.0
Swainson's Hawk,4,3,Apr_W3,0.0016736,1195.0
Swainson's Hawk,4,4,Apr_W4,0.0089767,2785.0
Swainson's Hawk,5,1,May_W1,0.0102669,1461.0
Swainson's Hawk,5,2,May_W2,0.0071429,1400.0
Swainson's Hawk,5,3,May_W3,0.0014663,2046.0
Swainson's Hawk,5,4,May_W4,0.0048187,3943.0
Swainson's Hawk,6,1,Jun_W1,0.001292,1548.0
Swainson's Hawk,6,2,Jun_W2,0.0,1075.0
Swainson's Hawk,6,3,Jun_W3,0.0,1107.0
Swainson's Hawk,6,4,Jun_W4,0.0,1051.0
Swainson's Hawk,7,1,Jul_W1,0.0,795.0
Swainson's Hawk,7,2,Jul_W2,0.0,584.0
Swainson's Hawk,7,3,Jul_W3,0.0,533.0
Swainson's Hawk,7,4,Jul_W4,0.0,790.0
Swainson's Hawk,8,1,Aug_W1,0.0,597.0
Swainson's Hawk,8,2,Aug_W2,0.0,666.0
Swainson's Hawk,8,3,Aug_W3,0.0,822.0
Swainson's Hawk,8,4,Aug_W4,0.0,1123.0
Swainson's Hawk,9,1,Sep_W1,0.0,909.0
Swainson's Hawk,9,2,Sep_W2,0.0,957.0
Swainson's Hawk,9,3,Sep_W3,0.0062305,963.0
Swainson's Hawk,9,4,Sep_W4,0.004954,1413.0
Swainson's Hawk,10,1,Oct_W1,0.0,976.0
Swainson's Hawk,10,2,Oct_W2,0.0,1330.0
Swainson's Hawk,10,3,Oct_W3,0.0,1073.0
Swainson's Hawk,10,4,Oct_W4,0.0,1123.0
Swainson's Hawk,11,1,Nov_W1,0.0,686.0
Swainson's Hawk,11,2,Nov_W2,0.0,662.0
Swainson's Hawk,11,3,Nov_W3,0.0,428.0
Swainson's Hawk,11,4,Nov_W4,0.0,339.0
Swainson's Hawk,12,1,Dec_W1,0.0,213.0
Swainson's Hawk,12,2,Dec_W2,0.0,275.0
Swainson's Hawk,12,3,Dec_W3,0.0,318.0
Swainson's Hawk,12,4,Dec_W4,0.0,931.0
Red-tailed Hawk,1,1,Jan_W1,0.0389105,1028.0
Red-tailed Hawk,1,2,Jan_W2,0.0271357,995.0
Red-tailed Hawk,1,3,Jan_W3,0.0284974,1544.0
Red-tailed Hawk,1,4,Jan_W4,0.0282885,1414.0
Red-tailed Hawk,2,1,Feb_W1,0.0272537,1431.0
Red-tailed Hawk,2,2,Feb_W2,0.0287206,1915.0
Red-tailed Hawk,2,3,Feb_W3,0.0229306,1788.0
Red-tailed Hawk,2,4,Feb_W4,0.0224215,669.0
Red-tailed Hawk,3,1,Mar_W1,0.0184162,543.0
Red-tailed Hawk,3,2,Mar_W2,0.0192308,364.0
Red-tailed Hawk,3,3,Mar_W3,0.1453744,681.0
Red-tailed Hawk,3,4,Mar_W4,0.2866995,1015.0
Red-tailed Hawk,4,1,Apr_W1,0.3284574,752.0
Red-tailed Hawk,4,2,Apr_W2,0.3373383,1082.0
Red-tailed Hawk,4,3,Apr_W3,0.376569,1195.0
Red-tailed Hawk,4,4,Apr_W4,0.3199282,2785.0
Red-tailed Hawk,5,1,May_W1,0.3764545,1461.0
Red-tailed Hawk,5,2,May_W2,0.335,1400.0
Red-tailed Hawk,5,3,May_W3,0.2248289,2046.0
Red-tailed Hawk,5,4,May_W4,0.2087243,3943.0
Red-tailed Hawk,6,1,Jun_W1,0.0671835,1548.0
Red-tailed Hawk,6,2,Jun_W2,0.0390698,1075.0
Red-tailed Hawk,6,3,Jun_W3,0.0225836,1107.0
Red-tailed Hawk,6,4,Jun_W4,0.0209324,1051.0
Red-tailed Hawk,7,1,Jul_W1,0.0125786,795.0
Red-tailed Hawk,7,2,Jul_W2,0.0136986,584.0
Red-tailed Hawk,7,3,Jul_W3,0.0150094,533.0
Red-tailed Hawk,7,4,Jul_W4,0.0202532,790.0
Red-tailed Hawk,8,1,Aug_W1,0.0234506,597.0
Red-tailed Hawk,8,2,Aug_W2,0.0375375,666.0
Red-tailed Hawk,8,3,Aug_W3,0.06691,822.0
Red-tailed Hawk,8,4,Aug_W4,0.0650045,1123.0
Red-tailed Hawk,9,1,Sep_W1,0.0693069,909.0
Red-tailed Hawk,9,2,Sep_W2,0.0971787,957.0
Red-tailed Hawk,9,3,Sep_W3,0.0996885,963.0
Red-tailed Hawk,9,4,Sep_W4,0.113942,1413.0
Red-tailed Hawk,10,1,Oct_W1,0.1372951,976.0
Red-tailed Hawk,10,2,Oct_W2,0.1368421,1330.0
Red-tailed Hawk,10,3,Oct_W3,0.1258155,1073.0
Red-tailed Hawk,10,4,Oct_W4,0.09439,1123.0
Red-tailed Hawk,11,1,Nov_W1,0.0655977,686.0
Red-tailed Hawk,11,2,Nov_W2,0.0558912,662.0
Red-tailed Hawk,11,3,Nov_W3,0.0233645,428.0
Red-tailed Hawk,11,4,Nov_W4,0.0176991,339.0
Red-tailed Hawk,12,1,Dec_W1,0.0140845,213.0
Red-tailed Hawk,12,2,Dec_W2,0.0254545,275.0
Red-tailed Hawk,12,3,Dec_W3,0.0251572,318.0
Red-tailed Hawk,12,4,Dec_W4,0.0365199,931.0
Rough-legged Hawk,1,1,Jan_W1,0.1138132,1028.0
Rough-legged Hawk,1,2,Jan_W2,0.1366834,995.0
Rough-legged Hawk,1,3,Jan_W3,0.1340674,1544.0
Rough-legged Hawk,1,4,Jan_W4,0.106082,1414.0
Rough-legged Hawk,2,1,Feb_W1,0.0950384,1431.0
Rough-legged Hawk,2,2,Feb_W2,0.0736292,1915.0
Rough-legged Hawk,2,3,Feb_W3,0.060962,1788.0
Rough-legged Hawk,2,4,Feb_W4,0.1016442,669.0
Rough-legged Hawk,3,1,Mar_W1,0.106814,543.0
Rough-legged Hawk,3,2,Mar_W2,0.0961538,364.0
Rough-legged Hawk,3,3,Mar_W3,0.1160059,681.0
Rough-legged Hawk,3,4,Mar_W4,0.1655172,1015.0
Rough-legged Hawk,4,1,Apr_W1,0.2473404,752.0
Rough-legged Hawk,4,2,Apr_W2,0.3049908,1082.0
Rough-legged Hawk,4,3,Apr_W3,0.3531381,1195.0
Rough-legged Hawk,4,4,Apr_W4,0.2771993,2785.0
Rough-legged Hawk,5,1,May_W1,0.3134839,1461.0
Rough-legged Hawk,5,2,May_W2,0.2321429,1400.0
Rough-legged Hawk,5,3,May_W3,0.1339198,2046.0
Rough-legged Hawk,5,4,May_W4,0.0727872,3943.0
Rough-legged Hawk,6,1,Jun_W1,0.0083979,1548.0
Rough-legged Hawk,6,2,Jun_W2,0.0037209,1075.0
Rough-legged Hawk,6,3,Jun_W3,0.0,1107.0
Rough-legged Hawk,6,4,Jun_W4,0.0009515,1051.0
Rough-legged Hawk,7,1,Jul_W1,0.0,795.0
Rough-legged Hawk,7,2,Jul_W2,0.0,584.0
Rough-legged Hawk,7,3,Jul_W3,0.0,533.0
Rough-legged Hawk,7,4,Jul_W4,0.0,790.0
Rough-legged Hawk,8,1,Aug_W1,0.0,597.0
Rough-legged Hawk,8,2,Aug_W2,0.0,666.0
Rough-legged Hawk,8,3,Aug_W3,0.0,822.0
Rough-legged Hawk,8,4,Aug_W4,0.0,1123.0
Rough-legged Hawk,9,1,Sep_W1,0.0,909.0
Rough-legged Hawk,9,2,Sep_W2,0.0,957.0
Rough-legged Hawk,9,3,Sep_W3,0.0010384,963.0
Rough-legged Hawk,9,4,Sep_W4,0.0014154,1413.0
Rough-legged Hawk,10,1,Oct_W1,0.0061475,976.0
Rough-legged Hawk,10,2,Oct_W2,0.0616541,1330.0
Rough-legged Hawk,10,3,Oct_W3,0.0987884,1073.0
Rough-legged Hawk,10,4,Oct_W4,0.1398041,1123.0
Rough-legged Hawk,11,1,Nov_W1,0.1574344,686.0
Rough-legged Hawk,11,2,Nov_W2,0.141994,662.0
Rough-legged Hawk,11,3,Nov_W3,0.067757,428.0
Rough-legged Hawk,11,4,Nov_W4,0.0943953,339.0
Rough-legged Hawk,12,1,Dec_W1,0.056338,213.0
Rough-legged Hawk,12,2,Dec_W2,0.0909091,275.0
Rough-legged Hawk,12,3,Dec_W3,0.1383648,318.0
Rough-legged Hawk,12,4,Dec_W4,0.1450054,931.0
American Barn Owl,1,1,Jan_W1,0.0,1028.0
American Barn Owl,1,2,Jan_W2,0.0,995.0
American Barn Owl,1,3,Jan_W3,0.0,1544.0
American Barn Owl,1,4,Jan_W4,0.0,1414.0
American Barn Owl,2,1,Feb_W1,0.0,1431.0
American Barn Owl,2,2,Feb_W2,0.0,1915.0
American Barn Owl,2,3,Feb_W3,0.0,1788.0
American Barn Owl,2,4,Feb_W4,0.0,669.0
American Barn Owl,3,1,Mar_W1,0.0,543.0
American Barn Owl,3,2,Mar_W2,0.0,364.0
American Barn Owl,3,3,Mar_W3,0.0,681.0
American Barn Owl,3,4,Mar_W4,0.0,1015.0
American Barn Owl,4,1,Apr_W1,0.0,752.0
American Barn Owl,4,2,Apr_W2,0.0,1082.0
American Barn Owl,4,3,Apr_W3,0.0,1195.0
American Barn Owl,4,4,Apr_W4,0.0,2785.0
American Barn Owl,5,1,May_W1,0.0,1461.0
American Barn Owl,5,2,May_W2,0.0,1400.0
American Barn Owl,5,3,May_W3,0.0,2046.0
American Barn Owl,5,4,May_W4,0.0,3943.0
American Barn Owl,6,1,Jun_W1,0.0,1548.0
American Barn Owl,6,2,Jun_W2,0.0,1075.0
American Barn Owl,6,3,Jun_W3,0.0,1107.0
American Barn Owl,6,4,Jun_W4,0.0,1051.0
American Barn Owl,7,1,Jul_W1,0.0,795.0
American Barn Owl,7,2,Jul_W2,0.0,584.0
American Barn Owl,7,3,Jul_W3,0.0,533.0
American Barn Owl,7,4,Jul_W4,0.0,790.0
American Barn Owl,8,1,Aug_W1,0.0,597.0
American Barn Owl,8,2,Aug_W2,0.0,666.0
American Barn Owl,8,3,Aug_W3,0.0,822.0
American Barn Owl,8,4,Aug_W4,0.0,1123.0
American Barn Owl,9,1,Sep_W1,0.0,909.0
American Barn Owl,9,2,Sep_W2,0.0,957.0
American Barn Owl,9,3,Sep_W3,0.0,963.0
American Barn Owl,9,4,Sep_W4,0.0,1413.0
American Barn Owl,10,1,Oct_W1,0.0020492,976.0
American Barn Owl,10,2,Oct_W2,0.0,1330.0
American Barn Owl,10,3,Oct_W3,0.0,1073.0
American Barn Owl,10,4,Oct_W4,0.0026714,1123.0
American Barn Owl,11,1,Nov_W1,0.0,686.0
American Barn Owl,11,2,Nov_W2,0.0,662.0
American Barn Owl,11,3,Nov_W3,0.0,428.0
American Barn Owl,11,4,Nov_W4,0.0,339.0
American Barn Owl,12,1,Dec_W1,0.0,213.0
American Barn Owl,12,2,Dec_W2,0.0,275.0
American Barn Owl,12,3,Dec_W3,0.0,318.0
American Barn Owl,12,4,Dec_W4,0.0,931.0
Snowy Owl,1,1,Jan_W1,0.1449416,1028.0
Snowy Owl,1,2,Jan_W2,0.1919598,995.0
Snowy Owl,1,3,Jan_W3,0.1748705,1544.0
Snowy Owl,1,4,Jan_W4,0.1548798,1414.0
Snowy Owl,2,1,Feb_W1,0.148847,1431.0
Snowy Owl,2,2,Feb_W2,0.1331593,1915.0
Snowy Owl,2,3,Feb_W3,0.1336689,1788.0
Snowy Owl,2,4,Feb_W4,0.1405082,669.0
Snowy Owl,3,1,Mar_W1,0.1510129,543.0
Snowy Owl,3,2,Mar_W2,0.0851648,364.0
Snowy Owl,3,3,Mar_W3,0.0851689,681.0
Snowy Owl,3,4,Mar_W4,0.0482759,1015.0
Snowy Owl,4,1,Apr_W1,0.0691489,752.0
Snowy Owl,4,2,Apr_W2,0.0462107,1082.0
Snowy Owl,4,3,Apr_W3,0.0217573,1195.0
Snowy Owl,4,4,Apr_W4,0.0204668,2785.0
Snowy Owl,5,1,May_W1,0.0095825,1461.0
Snowy Owl,5,2,May_W2,0.0057143,1400.0
Snowy Owl,5,3,May_W3,0.0058651,2046.0
Snowy Owl,5,4,May_W4,0.0010145,3943.0
Snowy Owl,6,1,Jun_W1,0.005168,1548.0
Snowy Owl,6,2,Jun_W2,0.0,1075.0
Snowy Owl,6,3,Jun_W3,0.0009033,1107.0
Snowy Owl,6,4,Jun_W4,0.0,1051.0
Snowy Owl,7,1,Jul_W1,0.0,795.0
Snowy Owl,7,2,Jul_W2,0.0,584.0
Snowy Owl,7,3,Jul_W3,0.0,533.0
Snowy Owl,7,4,Jul_W4,0.0,790.0
Snowy Owl,8,1,Aug_W1,0.0,597.0
Snowy Owl,8,2,Aug_W2,0.0,666.0
Snowy Owl,8,3,Aug_W3,0.0,822.0
Snowy Owl,8,4,Aug_W4,0.0015,1123.0
Snowy Owl,9,1,Sep_W1,0.0,909.0
Snowy Owl,9,2,Sep_W2,0.0,957.0
Snowy Owl,9,3,Sep_W3,0.0,963.0
Snowy Owl,9,4,Sep_W4,0.0,1413.0
Snowy Owl,10,1,Oct_W1,0.0,976.0
Snowy Owl,10,2,Oct_W2,0.0,1330.0
Snowy Owl,10,3,Oct_W3,0.0055918,1073.0
Snowy Owl,10,4,Oct_W4,0.0044524,1123.0
Snowy Owl,11,1,Nov_W1,0.0626822,686.0
Snowy Owl,11,2,Nov_W2,0.0498489,662.0
Snowy Owl,11,3,Nov_W3,0.0607477,428.0
Snowy Owl,11,4,Nov_W4,0.0943953,339.0
Snowy Owl,12,1,Dec_W1,0.0985915,213.0
Snowy Owl,12,2,Dec_W2,0.1127273,275.0
Snowy Owl,12,3,Dec_W3,0.0849057,318.0
Snowy Owl,12,4,Dec_W4,0.1675618,931.0
Great Horned Owl,1,1,Jan_W1,0.0009728,1028.0
Great Horned Owl,1,2,Jan_W2,0.001005,995.0
Great Horned Owl,1,3,Jan_W3,0.0006477,1544.0
Great Horned Owl,1,4,Jan_W4,0.0007072,1414.0
Great Horned Owl,2,1,Feb_W1,0.0013976,1431.0
Great Horned Owl,2,2,Feb_W2,0.0020888,1915.0
Great Horned Owl,2,3,Feb_W3,0.0011186,1788.0
Great Horned Owl,2,4,Feb_W4,0.0014948,669.0
Great Horned Owl,3,1,Mar_W1,0.0018416,543.0
Great Horned Owl,3,2,Mar_W2,0.0027473,364.0
Great Horned Owl,3,3,Mar_W3,0.0029369,681.0
Great Horned Owl,3,4,Mar_W4,0.0015,1015.0
Great Horned Owl,4,1,Apr_W1,0.0026596,752.0
Great Horned Owl,4,2,Apr_W2,0.0036969,1082.0
Great Horned Owl,4,3,Apr_W3,0.0025105,1195.0
Great Horned Owl,4,4,Apr_W4,0.0140036,2785.0
Great Horned Owl,5,1,May_W1,0.0068446,1461.0
Great Horned Owl,5,2,May_W2,0.005,1400.0
Great Horned Owl,5,3,May_W3,0.0043988,2046.0
Great Horned Owl,5,4,May_W4,0.0038042,3943.0
Great Horned Owl,6,1,Jun_W1,0.00323,1548.0
Great Horned Owl,6,2,Jun_W2,0.0018605,1075.0
Great Horned Owl,6,3,Jun_W3,0.0018067,1107.0
Great Horned Owl,6,4,Jun_W4,0.0,1051.0
Great Horned Owl,7,1,Jul_W1,0.0012579,795.0
Great Horned Owl,7,2,Jul_W2,0.0015,584.0
Great Horned Owl,7,3,Jul_W3,0.0056285,533.0
Great Horned Owl,7,4,Jul_W4,0.0,790.0
Great Horned Owl,8,1,Aug_W1,0.001675,597.0
Great Horned Owl,8,2,Aug_W2,0.003003,666.0
Great Horned Owl,8,3,Aug_W3,0.0036496,822.0
Great Horned Owl,8,4,Aug_W4,0.0008905,1123.0
Great Horned Owl,9,1,Sep_W1,0.0033003,909.0
Great Horned Owl,9,2,Sep_W2,0.0031348,957.0
Great Horned Owl,9,3,Sep_W3,0.0031153,963.0
Great Horned Owl,9,4,Sep_W4,0.0056617,1413.0
Great Horned Owl,10,1,Oct_W1,0.0020492,976.0
Great Horned Owl,10,2,Oct_W2,0.0022556,1330.0
Great Horned Owl,10,3,Oct_W3,0.0037279,1073.0
Great Horned Owl,10,4,Oct_W4,0.0026714,1123.0
Great Horned Owl,11,1,Nov_W1,0.0029155,686.0
Great Horned Owl,11,2,Nov_W2,0.0015106,662.0
Great Horned Owl,11,3,Nov_W3,0.0,428.0
Great Horned Owl,11,4,Nov_W4,0.0,339.0
Great Horned Owl,12,1,Dec_W1,0.0046948,213.0
Great Horned Owl,12,2,Dec_W2,0.0,275.0
Great Horned Owl,12,3,Dec_W3,0.0,318.0
Great Horned Owl,12,4,Dec_W4,0.0,931.0
Northern Hawk Owl,1,1,Jan_W1,0.0554475,1028.0
Northern Hawk Owl,1,2,Jan_W2,0.0462312,995.0
Northern Hawk Owl,1,3,Jan_W3,0.0239637,1544.0
Northern Hawk Owl,1,4,Jan_W4,0.0268741,1414.0
Northern Hawk Owl,2,1,Feb_W1,0.0139762,1431.0
Northern Hawk Owl,2,2,Feb_W2,0.0146214,1915.0
Northern Hawk Owl,2,3,Feb_W3,0.0234899,1788.0
Northern Hawk Owl,2,4,Feb_W4,0.0284006,669.0
Northern Hawk Owl,3,1,Mar_W1,0.0276243,543.0
Northern Hawk Owl,3,2,Mar_W2,0.0137363,364.0
Northern Hawk Owl,3,3,Mar_W3,0.0029369,681.0
Northern Hawk Owl,3,4,Mar_W4,0.0015,1015.0
Northern Hawk Owl,4,1,Apr_W1,0.0,752.0
Northern Hawk Owl,4,2,Apr_W2,0.0,1082.0
Northern Hawk Owl,4,3,Apr_W3,0.0015,1195.0
Northern Hawk Owl,4,4,Apr_W4,0.0014363,2785.0
Northern Hawk Owl,5,1,May_W1,0.0013689,1461.0
Northern Hawk Owl,5,2,May_W2,0.0,1400.0
Northern Hawk Owl,5,3,May_W3,0.0,2046.0
Northern Hawk Owl,5,4,May_W4,0.0,3943.0
Northern Hawk Owl,6,1,Jun_W1,0.0,1548.0
Northern Hawk Owl,6,2,Jun_W2,0.0,1075.0
Northern Hawk Owl,6,3,Jun_W3,0.0,1107.0
Northern Hawk Owl,6,4,Jun_W4,0.0,1051.0
Northern Hawk Owl,7,1,Jul_W1,0.0,795.0
Northern Hawk Owl,7,2,Jul_W2,0.0,584.0
Northern Hawk Owl,7,3,Jul_W3,0.0,533.0
Northern Hawk Owl,7,4,Jul_W4,0.0,790.0
Northern Hawk Owl,8,1,Aug_W1,0.0,597.0
Northern Hawk Owl,8,2,Aug_W2,0.0,666.0
Northern Hawk Owl,8,3,Aug_W3,0.0,822.0
Northern Hawk Owl,8,4,Aug_W4,0.0,1123.0
Northern Hawk Owl,9,1,Sep_W1,0.0,909.0
Northern Hawk Owl,9,2,Sep_W2,0.0,957.0
Northern Hawk Owl,9,3,Sep_W3,0.0010384,963.0
Northern Hawk Owl,9,4,Sep_W4,0.0015,1413.0
Northern Hawk Owl,10,1,Oct_W1,0.0,976.0
Northern Hawk Owl,10,2,Oct_W2,0.0030075,1330.0
Northern Hawk Owl,10,3,Oct_W3,0.0055918,1073.0
Northern Hawk Owl,10,4,Oct_W4,0.0035619,1123.0
Northern Hawk Owl,11,1,Nov_W1,0.0145773,686.0
Northern Hawk Owl,11,2,Nov_W2,0.010574,662.0
Northern Hawk Owl,11,3,Nov_W3,0.0,428.0
Northern Hawk Owl,11,4,Nov_W4,0.0015,339.0
Northern Hawk Owl,12,1,Dec_W1,0.0,213.0
Northern Hawk Owl,12,2,Dec_W2,0.0036364,275.0
Northern Hawk Owl,12,3,Dec_W3,0.0015,318.0
Northern Hawk Owl,12,4,Dec_W4,0.0440387,931.0
Burrowing Owl,1,1,Jan_W1,0.0,1028.0
Burrowing Owl,1,2,Jan_W2,0.0,995.0
Burrowing Owl,1,3,Jan_W3,0.0,1544.0
Burrowing Owl,1,4,Jan_W4,0.0,1414.0
Burrowing Owl,2,1,Feb_W1,0.0,1431.0
Burrowing Owl,2,2,Feb_W2,0.0,1915.0
Burrowing Owl,2,3,Feb_W3,0.0,1788.0
Burrowing Owl,2,4,Feb_W4,0.0,669.0
Burrowing Owl,3,1,Mar_W1,0.0,543.0
Burrowing Owl,3,2,Mar_W2,0.0,364.0
Burrowing Owl,3,3,Mar_W3,0.0,681.0
Burrowing Owl,3,4,Mar_W4,0.0,1015.0
Burrowing Owl,4,1,Apr_W1,0.0,752.0
Burrowing Owl,4,2,Apr_W2,0.0,1082.0
Burrowing Owl,4,3,Apr_W3,0.0,1195.0
Burrowing Owl,4,4,Apr_W4,0.0,2785.0
Burrowing Owl,5,1,May_W1,0.0,1461.0
Burrowing Owl,5,2,May_W2,0.0,1400.0
Burrowing Owl,5,3,May_W3,0.0,2046.0
Burrowing Owl,5,4,May_W4,0.0,3943.0
Burrowing Owl,6,1,Jun_W1,0.0,1548.0
Burrowing Owl,6,2,Jun_W2,0.0,1075.0
Burrowing Owl,6,3,Jun_W3,0.0,1107.0
Burrowing Owl,6,4,Jun_W4,0.0,1051.0
Burrowing Owl,7,1,Jul_W1,0.0,795.0
Burrowing Owl,7,2,Jul_W2,0.0,584.0
Burrowing Owl,7,3,Jul_W3,0.0,533.0
Burrowing Owl,7,4,Jul_W4,0.0,790.0
Burrowing Owl,8,1,Aug_W1,0.0,597.0
Burrowing Owl,8,2,Aug_W2,0.0,666.0
Burrowing Owl,8,3,Aug_W3,0.0,822.0
Burrowing Owl,8,4,Aug_W4,0.0,1123.0
Burrowing Owl,9,1,Sep_W1,0.0,909.0
Burrowing Owl,9,2,Sep_W2,0.0,957.0
Burrowing Owl,9,3,Sep_W3,0.0,963.0
Burrowing Owl,9,4,Sep_W4,0.0615711,1413.0
Burrowing Owl,10,1,Oct_W1,0.0,976.0
Burrowing Owl,10,2,Oct_W2,0.0,1330.0
Burrowing Owl,10,3,Oct_W3,0.0,1073.0
Burrowing Owl,10,4,Oct_W4,0.0,1123.0
Burrowing Owl,11,1,Nov_W1,0.0,686.0
Burrowing Owl,11,2,Nov_W2,0.0,662.0
Burrowing Owl,11,3,Nov_W3,0.0,428.0
Burrowing Owl,11,4,Nov_W4,0.0,339.0
Burrowing Owl,12,1,Dec_W1,0.0,213.0
Burrowing Owl,12,2,Dec_W2,0.0,275.0
Burrowing Owl,12,3,Dec_W3,0.0,318.0
Burrowing Owl,12,4,Dec_W4,0.0,931.0
Barred Owl,1,1,Jan_W1,0.0058366,1028.0
Barred Owl,1,2,Jan_W2,0.001005,995.0
Barred Owl,1,3,Jan_W3,0.0045337,1544.0
Barred Owl,1,4,Jan_W4,0.0007072,1414.0
Barred Owl,2,1,Feb_W1,0.0034941,1431.0
Barred Owl,2,2,Feb_W2,0.0052219,1915.0
Barred Owl,2,3,Feb_W3,0.003915,1788.0
Barred Owl,2,4,Feb_W4,0.0059791,669.0
Barred Owl,3,1,Mar_W1,0.0015,543.0
Barred Owl,3,2,Mar_W2,0.0027473,364.0
Barred Owl,3,3,Mar_W3,0.0,681.0
Barred Owl,3,4,Mar_W4,0.0029557,1015.0
Barred Owl,4,1,Apr_W1,0.0039894,752.0
Barred Owl,4,2,Apr_W2,0.0073937,1082.0
Barred Owl,4,3,Apr_W3,0.0050209,1195.0
Barred Owl,4,4,Apr_W4,0.0071813,2785.0
Barred Owl,5,1,May_W1,0.0047912,1461.0
Barred Owl,5,2,May_W2,0.0071429,1400.0
Barred Owl,5,3,May_W3,0.0058651,2046.0
Barred Owl,5,4,May_W4,0.0063403,3943.0
Barred Owl,6,1,Jun_W1,0.0077519,1548.0
Barred Owl,6,2,Jun_W2,0.0027907,1075.0
Barred Owl,6,3,Jun_W3,0.0054201,1107.0
Barred Owl,6,4,Jun_W4,0.0047574,1051.0
Barred Owl,7,1,Jul_W1,0.0025157,795.0
Barred Owl,7,2,Jul_W2,0.005137,584.0
Barred Owl,7,3,Jul_W3,0.0018762,533.0
Barred Owl,7,4,Jul_W4,0.0025316,790.0
Barred Owl,8,1,Aug_W1,0.0,597.0
Barred Owl,8,2,Aug_W2,0.0015015,666.0
Barred Owl,8,3,Aug_W3,0.0024331,822.0
Barred Owl,8,4,Aug_W4,0.0017809,1123.0
Barred Owl,9,1,Sep_W1,0.0011001,909.0
Barred Owl,9,2,Sep_W2,0.0,957.0
Barred Owl,9,3,Sep_W3,0.0031153,963.0
Barred Owl,9,4,Sep_W4,0.0063694,1413.0
Barred Owl,10,1,Oct_W1,0.0061475,976.0
Barred Owl,10,2,Oct_W2,0.0090226,1330.0
Barred Owl,10,3,Oct_W3,0.0037279,1073.0
Barred Owl,10,4,Oct_W4,0.0053428,1123.0
Barred Owl,11,1,Nov_W1,0.0029155,686.0
Barred Owl,11,2,Nov_W2,0.0015106,662.0
Barred Owl,11,3,Nov_W3,0.0023364,428.0
Barred Owl,11,4,Nov_W4,0.0058997,339.0
Barred Owl,12,1,Dec_W1,0.0046948,213.0
Barred Owl,12,2,Dec_W2,0.0036364,275.0
Barred Owl,12,3,Dec_W3,0.0031447,318.0
Barred Owl,12,4,Dec_W4,0.0075188,931.0
Great Gray Owl,1,1,Jan_W1,0.0029183,1028.0
Great Gray Owl,1,2,Jan_W2,0.0060302,995.0
Great Gray Owl,1,3,Jan_W3,0.0006477,1544.0
Great Gray Owl,1,4,Jan_W4,0.0028289,1414.0
Great Gray Owl,2,1,Feb_W1,0.0027952,1431.0
Great Gray Owl,2,2,Feb_W2,0.0062663,1915.0
Great Gray Owl,2,3,Feb_W3,0.0184564,1788.0
Great Gray Owl,2,4,Feb_W4,0.019432,669.0
Great Gray Owl,3,1,Mar_W1,0.0092081,543.0
Great Gray Owl,3,2,Mar_W2,0.0027473,364.0
Great Gray Owl,3,3,Mar_W3,0.0014684,681.0
Great Gray Owl,3,4,Mar_W4,0.0015,1015.0
Great Gray Owl,4,1,Apr_W1,0.0026596,752.0
Great Gray Owl,4,2,Apr_W2,0.0046211,1082.0
Great Gray Owl,4,3,Apr_W3,0.0041841,1195.0
Great Gray Owl,4,4,Apr_W4,0.005386,2785.0
Great Gray Owl,5,1,May_W1,0.0020534,1461.0
Great Gray Owl,5,2,May_W2,0.0028571,1400.0
Great Gray Owl,5,3,May_W3,0.0014663,2046.0
Great Gray Owl,5,4,May_W4,0.0007608,3943.0
Great Gray Owl,6,1,Jun_W1,0.0,1548.0
Great Gray Owl,6,2,Jun_W2,0.0,1075.0
Great Gray Owl,6,3,Jun_W3,0.0,1107.0
Great Gray Owl,6,4,Jun_W4,0.0,1051.0
Great Gray Owl,7,1,Jul_W1,0.0015,795.0
Great Gray Owl,7,2,Jul_W2,0.0,584.0
Great Gray Owl,7,3,Jul_W3,0.0,533.0
Great Gray Owl,7,4,Jul_W4,0.0,790.0
Great Gray Owl,8,1,Aug_W1,0.0,597.0
Great Gray Owl,8,2,Aug_W2,0.0,666.0
Great Gray Owl,8,3,Aug_W3,0.0,822.0
Great Gray Owl,8,4,Aug_W4,0.0015,1123.0
Great Gray Owl,9,1,Sep_W1,0.0,909.0
Great Gray Owl,9,2,Sep_W2,0.0020899,957.0
Great Gray Owl,9,3,Sep_W3,0.0031153,963.0
Great Gray Owl,9,4,Sep_W4,0.0028309,1413.0
Great Gray Owl,10,1,Oct_W1,0.0015,976.0
Great Gray Owl,10,2,Oct_W2,0.0,1330.0
Great Gray Owl,10,3,Oct_W3,0.0015,1073.0
Great Gray Owl,10,4,Oct_W4,0.0015,1123.0
Great Gray Owl,11,1,Nov_W1,0.0029155,686.0
Great Gray Owl,11,2,Nov_W2,0.0,662.0
Great Gray Owl,11,3,Nov_W3,0.0,428.0
Great Gray Owl,11,4,Nov_W4,0.0,339.0
Great Gray Owl,12,1,Dec_W1,0.0046948,213.0
Great Gray Owl,12,2,Dec_W2,0.0015,275.0
Great Gray Owl,12,3,Dec_W3,0.0031447,318.0
Great Gray Owl,12,4,Dec_W4,0.0032223,931.0
Long-eared Owl,1,1,Jan_W1,0.0,1028.0
Long-eared Owl,1,2,Jan_W2,0.0,995.0
Long-eared Owl,1,3,Jan_W3,0.0,1544.0
Long-eared Owl,1,4,Jan_W4,0.0,1414.0
Long-eared Owl,2,1,Feb_W1,0.0,1431.0
Long-eared Owl,2,2,Feb_W2,0.0,1915.0
Long-eared Owl,2,3,Feb_W3,0.0,1788.0
Long-eared Owl,2,4,Feb_W4,0.0,669.0
Long-eared Owl,3,1,Mar_W1,0.0,543.0
Long-eared Owl,3,2,Mar_W2,0.0,364.0
Long-eared Owl,3,3,Mar_W3,0.0,681.0
Long-eared Owl,3,4,Mar_W4,0.0015,1015.0
Long-eared Owl,4,1,Apr_W1,0.0015,752.0
Long-eared Owl,4,2,Apr_W2,0.0092421,1082.0
Long-eared Owl,4,3,Apr_W3,0.0192469,1195.0
Long-eared Owl,4,4,Apr_W4,0.0473968,2785.0
Long-eared Owl,5,1,May_W1,0.0253251,1461.0
Long-eared Owl,5,2,May_W2,0.0235714,1400.0
Long-eared Owl,5,3,May_W3,0.0112414,2046.0
Long-eared Owl,5,4,May_W4,0.0027898,3943.0
Long-eared Owl,6,1,Jun_W1,0.001292,1548.0
Long-eared Owl,6,2,Jun_W2,0.0,1075.0
Long-eared Owl,6,3,Jun_W3,0.0009033,1107.0
Long-eared Owl,6,4,Jun_W4,0.0,1051.0
Long-eared Owl,7,1,Jul_W1,0.0015,795.0
Long-eared Owl,7,2,Jul_W2,0.0,584.0
Long-eared Owl,7,3,Jul_W3,0.0018762,533.0
Long-eared Owl,7,4,Jul_W4,0.0012658,790.0
Long-eared Owl,8,1,Aug_W1,0.0033501,597.0
Long-eared Owl,8,2,Aug_W2,0.003003,666.0
Long-eared Owl,8,3,Aug_W3,0.0012165,822.0
Long-eared Owl,8,4,Aug_W4,0.0026714,1123.0
Long-eared Owl,9,1,Sep_W1,0.0,909.0
Long-eared Owl,9,2,Sep_W2,0.0010449,957.0
Long-eared Owl,9,3,Sep_W3,0.0,963.0
Long-eared Owl,9,4,Sep_W4,0.0007077,1413.0
Long-eared Owl,10,1,Oct_W1,0.0020492,976.0
Long-eared Owl,10,2,Oct_W2,0.0015038,1330.0
Long-eared Owl,10,3,Oct_W3,0.0158434,1073.0
Long-eared Owl,10,4,Oct_W4,0.0080142,1123.0
Long-eared Owl,11,1,Nov_W1,0.0072886,686.0
Long-eared Owl,11,2,Nov_W2,0.0045317,662.0
Long-eared Owl,11,3,Nov_W3,0.0,428.0
Long-eared Owl,11,4,Nov_W4,0.0,339.0
Long-eared Owl,12,1,Dec_W1,0.0,213.0
Long-eared Owl,12,2,Dec_W2,0.0,275.0
Long-eared Owl,12,3,Dec_W3,0.0,318.0
Long-eared Owl,12,4,Dec_W4,0.0,931.0
Short-eared Owl,1,1,Jan_W1,0.0019455,1028.0
Short-eared Owl,1,2,Jan_W2,0.001005,995.0
Short-eared Owl,1,3,Jan_W3,0.001943,1544.0
Short-eared Owl,1,4,Jan_W4,0.0014144,1414.0
Short-eared Owl,2,1,Feb_W1,0.0,1431.0
Short-eared Owl,2,2,Feb_W2,0.002611,1915.0
Short-eared Owl,2,3,Feb_W3,0.0016779,1788.0
Short-eared Owl,2,4,Feb_W4,0.0,669.0
Short-eared Owl,3,1,Mar_W1,0.0,543.0
Short-eared Owl,3,2,Mar_W2,0.0,364.0
Short-eared Owl,3,3,Mar_W3,0.0015,681.0
Short-eared Owl,3,4,Mar_W4,0.0015,1015.0
Short-eared Owl,4,1,Apr_W1,0.0026596,752.0
Short-eared Owl,4,2,Apr_W2,0.0110906,1082.0
Short-eared Owl,4,3,Apr_W3,0.0217573,1195.0
Short-eared Owl,4,4,Apr_W4,0.0143627,2785.0
Short-eared Owl,5,1,May_W1,0.008898,1461.0
Short-eared Owl,5,2,May_W2,0.0042857,1400.0
Short-eared Owl,5,3,May_W3,0.0004888,2046.0
Short-eared Owl,5,4,May_W4,0.0005072,3943.0
Short-eared Owl,6,1,Jun_W1,0.0,1548.0
Short-eared Owl,6,2,Jun_W2,0.0,1075.0
Short-eared Owl,6,3,Jun_W3,0.0,1107.0
Short-eared Owl,6,4,Jun_W4,0.0009515,1051.0
Short-eared Owl,7,1,Jul_W1,0.0,795.0
Short-eared Owl,7,2,Jul_W2,0.0,584.0
Short-eared Owl,7,3,Jul_W3,0.0,533.0
Short-eared Owl,7,4,Jul_W4,0.0,790.0
Short-eared Owl,8,1,Aug_W1,0.0,597.0
Short-eared Owl,8,2,Aug_W2,0.0,666.0
Short-eared Owl,8,3,Aug_W3,0.0,822.0
Short-eared Owl,8,4,Aug_W4,0.0,1123.0
Short-eared Owl,9,1,Sep_W1,0.0,909.0
Short-eared Owl,9,2,Sep_W2,0.0,957.0
Short-eared Owl,9,3,Sep_W3,0.0,963.0
Short-eared Owl,9,4,Sep_W4,0.0084926,1413.0
Short-eared Owl,10,1,Oct_W1,0.0194672,976.0
Short-eared Owl,10,2,Oct_W2,0.0172932,1330.0
Short-eared Owl,10,3,Oct_W3,0.0251631,1073.0
Short-eared Owl,10,4,Oct_W4,0.0071238,1123.0
Short-eared Owl,11,1,Nov_W1,0.0218659,686.0
Short-eared Owl,11,2,Nov_W2,0.0045317,662.0
Short-eared Owl,11,3,Nov_W3,0.0046729,428.0
Short-eared Owl,11,4,Nov_W4,0.0,339.0
Short-eared Owl,12,1,Dec_W1,0.0015,213.0
Short-eared Owl,12,2,Dec_W2,0.0036364,275.0
Short-eared Owl,12,3,Dec_W3,0.0,318.0
Short-eared Owl,12,4,Dec_W4,0.0021482,931.0
Boreal Owl,1,1,Jan_W1,0.0,1028.0
Boreal Owl,1,2,Jan_W2,0.0,995.0
Boreal Owl,1,3,Jan_W3,0.0,1544.0
Boreal Owl,1,4,Jan_W4,0.0015,1414.0
Boreal Owl,2,1,Feb_W1,0.0,1431.0
Boreal Owl,2,2,Feb_W2,0.0015,1915.0
Boreal Owl,2,3,Feb_W3,0.0,1788.0
Boreal Owl,2,4,Feb_W4,0.0,669.0
Boreal Owl,3,1,Mar_W1,0.0015,543.0
Boreal Owl,3,2,Mar_W2,0.0,364.0
Boreal Owl,3,3,Mar_W3,0.0,681.0
Boreal Owl,3,4,Mar_W4,0.0009852,1015.0
Boreal Owl,4,1,Apr_W1,0.0013298,752.0
Boreal Owl,4,2,Apr_W2,0.0009242,1082.0
Boreal Owl,4,3,Apr_W3,0.0025105,1195.0
Boreal Owl,4,4,Apr_W4,0.0039497,2785.0
Boreal Owl,5,1,May_W1,0.0013689,1461.0
Boreal Owl,5,2,May_W2,0.0007143,1400.0
Boreal Owl,5,3,May_W3,0.0004888,2046.0
Boreal Owl,5,4,May_W4,0.0,3943.0
Boreal Owl,6,1,Jun_W1,0.0,1548.0
Boreal Owl,6,2,Jun_W2,0.0,1075.0
Boreal Owl,6,3,Jun_W3,0.0,1107.0
Boreal Owl,6,4,Jun_W4,0.0,1051.0
Boreal Owl,7,1,Jul_W1,0.0,795.0
Boreal Owl,7,2,Jul_W2,0.0,584.0
Boreal Owl,7,3,Jul_W3,0.0,533.0
Boreal Owl,7,4,Jul_W4,0.0,790.0
Boreal Owl,8,1,Aug_W1,0.0,597.0
Boreal Owl,8,2,Aug_W2,0.0,666.0
Boreal Owl,8,3,Aug_W3,0.0,822.0
Boreal Owl,8,4,Aug_W4,0.0,1123.0
Boreal Owl,9,1,Sep_W1,0.0,909.0
Boreal Owl,9,2,Sep_W2,0.0,957.0
Boreal Owl,9,3,Sep_W3,0.0,963.0
Boreal Owl,9,4,Sep_W4,0.0007077,1413.0
Boreal Owl,10,1,Oct_W1,0.0020492,976.0
Boreal Owl,10,2,Oct_W2,0.0030075,1330.0
Boreal Owl,10,3,Oct_W3,0.0242311,1073.0
Boreal Owl,10,4,Oct_W4,0.016919,1123.0
Boreal Owl,11,1,Nov_W1,0.0204082,686.0
Boreal Owl,11,2,Nov_W2,0.0045317,662.0
Boreal Owl,11,3,Nov_W3,0.0023364,428.0
Boreal Owl,11,4,Nov_W4,0.0015,339.0
Boreal Owl,12,1,Dec_W1,0.0,213.0
Boreal Owl,12,2,Dec_W2,0.0,275.0
Boreal Owl,12,3,Dec_W3,0.0015,318.0
Boreal Owl,12,4,Dec_W4,0.0,931.0
Northern Saw-whet Owl,1,1,Jan_W1,0.0019455,1028.0
Northern Saw-whet Owl,1,2,Jan_W2,0.0,995.0
Northern Saw-whet Owl,1,3,Jan_W3,0.0,1544.0
Northern Saw-whet Owl,1,4,Jan_W4,0.0028289,1414.0
Northern Saw-whet Owl,2,1,Feb_W1,0.0013976,1431.0
Northern Saw-whet Owl,2,2,Feb_W2,0.0,1915.0
Northern Saw-whet Owl,2,3,Feb_W3,0.0005593,1788.0
Northern Saw-whet Owl,2,4,Feb_W4,0.0,669.0
Northern Saw-whet Owl,3,1,Mar_W1,0.0110497,543.0
Northern Saw-whet Owl,3,2,Mar_W2,0.0027473,364.0
Northern Saw-whet Owl,3,3,Mar_W3,0.0,681.0
Northern Saw-whet Owl,3,4,Mar_W4,0.0068966,1015.0
Northern Saw-whet Owl,4,1,Apr_W1,0.0093085,752.0
Northern Saw-whet Owl,4,2,Apr_W2,0.0055453,1082.0
Northern Saw-whet Owl,4,3,Apr_W3,0.0066946,1195.0
Northern Saw-whet Owl,4,4,Apr_W4,0.0157989,2785.0
Northern Saw-whet Owl,5,1,May_W1,0.0020534,1461.0
Northern Saw-whet Owl,5,2,May_W2,0.005,1400.0
Northern Saw-whet Owl,5,3,May_W3,0.0058651,2046.0
Northern Saw-whet Owl,5,4,May_W4,0.0045651,3943.0
Northern Saw-whet Owl,6,1,Jun_W1,0.003876,1548.0
Northern Saw-whet Owl,6,2,Jun_W2,0.0018605,1075.0
Northern Saw-whet Owl,6,3,Jun_W3,0.0045167,1107.0
Northern Saw-whet Owl,6,4,Jun_W4,0.0009515,1051.0
Northern Saw-whet Owl,7,1,Jul_W1,0.0012579,795.0
Northern Saw-whet Owl,7,2,Jul_W2,0.0015,584.0
Northern Saw-whet Owl,7,3,Jul_W3,0.0056285,533.0
Northern Saw-whet Owl,7,4,Jul_W4,0.0012658,790.0
Northern Saw-whet Owl,8,1,Aug_W1,0.001675,597.0
Northern Saw-whet Owl,8,2,Aug_W2,0.0045045,666.0
Northern Saw-whet Owl,8,3,Aug_W3,0.0060827,822.0
Northern Saw-whet Owl,8,4,Aug_W4,0.0044524,1123.0
Northern Saw-whet Owl,9,1,Sep_W1,0.0033003,909.0
Northern Saw-whet Owl,9,2,Sep_W2,0.0015,957.0
Northern Saw-whet Owl,9,3,Sep_W3,0.0051921,963.0
Northern Saw-whet Owl,9,4,Sep_W4,0.0084926,1413.0
Northern Saw-whet Owl,10,1,Oct_W1,0.0266393,976.0
Northern Saw-whet Owl,10,2,Oct_W2,0.0263158,1330.0
Northern Saw-whet Owl,10,3,Oct_W3,0.0354147,1073.0
Northern Saw-whet Owl,10,4,Oct_W4,0.0089047,1123.0
Northern Saw-whet Owl,11,1,Nov_W1,0.0014577,686.0
Northern Saw-whet Owl,11,2,Nov_W2,0.0075529,662.0
Northern Saw-whet Owl,11,3,Nov_W3,0.0023364,428.0
Northern Saw-whet Owl,11,4,Nov_W4,0.0029499,339.0
Northern Saw-whet Owl,12,1,Dec_W1,0.0,213.0
Northern Saw-whet Owl,12,2,Dec_W2,0.0,275.0
Northern Saw-whet Owl,12,3,Dec_W3,0.0,318.0
Northern Saw-whet Owl,12,4,Dec_W4,0.0032223,931.0
Belted Kingfisher,1,1,Jan_W1,0.0019455,1028.0
Belted Kingfisher,1,2,Jan_W2,0.0,995.0
Belted Kingfisher,1,3,Jan_W3,0.0,1544.0
Belted Kingfisher,1,4,Jan_W4,0.0021216,1414.0
Belted Kingfisher,2,1,Feb_W1,0.0013976,1431.0
Belted Kingfisher,2,2,Feb_W2,0.0,1915.0
Belted Kingfisher,2,3,Feb_W3,0.0015,1788.0
Belted Kingfisher,2,4,Feb_W4,0.0014948,669.0
Belted Kingfisher,3,1,Mar_W1,0.0018416,543.0
Belted Kingfisher,3,2,Mar_W2,0.0,364.0
Belted Kingfisher,3,3,Mar_W3,0.0014684,681.0
Belted Kingfisher,3,4,Mar_W4,0.0019704,1015.0
Belted Kingfisher,4,1,Apr_W1,0.0093085,752.0
Belted Kingfisher,4,2,Apr_W2,0.0711645,1082.0
Belted Kingfisher,4,3,Apr_W3,0.0962343,1195.0
Belted Kingfisher,4,4,Apr_W4,0.1601436,2785.0
Belted Kingfisher,5,1,May_W1,0.1615332,1461.0
Belted Kingfisher,5,2,May_W2,0.0978571,1400.0
Belted Kingfisher,5,3,May_W3,0.0738025,2046.0
Belted Kingfisher,5,4,May_W4,0.0547806,3943.0
Belted Kingfisher,6,1,Jun_W1,0.0639535,1548.0
Belted Kingfisher,6,2,Jun_W2,0.0651163,1075.0
Belted Kingfisher,6,3,Jun_W3,0.068654,1107.0
Belted Kingfisher,6,4,Jun_W4,0.0980019,1051.0
Belted Kingfisher,7,1,Jul_W1,0.1031447,795.0
Belted Kingfisher,7,2,Jul_W2,0.0599315,584.0
Belted Kingfisher,7,3,Jul_W3,0.0750469,533.0
Belted Kingfisher,7,4,Jul_W4,0.1088608,790.0
Belted Kingfisher,8,1,Aug_W1,0.1072027,597.0
Belted Kingfisher,8,2,Aug_W2,0.1186186,666.0
Belted Kingfisher,8,3,Aug_W3,0.1751825,822.0
Belted Kingfisher,8,4,Aug_W4,0.1219947,1123.0
Belted Kingfisher,9,1,Sep_W1,0.1221122,909.0
Belted Kingfisher,9,2,Sep_W2,0.1159875,957.0
Belted Kingfisher,9,3,Sep_W3,0.1204569,963.0
Belted Kingfisher,9,4,Sep_W4,0.079264,1413.0
Belted Kingfisher,10,1,Oct_W1,0.0604508,976.0
Belted Kingfisher,10,2,Oct_W2,0.0466165,1330.0
Belted Kingfisher,10,3,Oct_W3,0.0251631,1073.0
Belted Kingfisher,10,4,Oct_W4,0.0142476,1123.0
Belted Kingfisher,11,1,Nov_W1,0.0029155,686.0
Belted Kingfisher,11,2,Nov_W2,0.0030211,662.0
Belted Kingfisher,11,3,Nov_W3,0.0023364,428.0
Belted Kingfisher,11,4,Nov_W4,0.0058997,339.0
Belted Kingfisher,12,1,Dec_W1,0.0015,213.0
Belted Kingfisher,12,2,Dec_W2,0.0,275.0
Belted Kingfisher,12,3,Dec_W3,0.009434,318.0
Belted Kingfisher,12,4,Dec_W4,0.0021482,931.0
Yellow-bellied Sapsucker,1,1,Jan_W1,0.0,1028.0
Yellow-bellied Sapsucker,1,2,Jan_W2,0.0,995.0
Yellow-bellied Sapsucker,1,3,Jan_W3,0.0,1544.0
Yellow-bellied Sapsucker,1,4,Jan_W4,0.0,1414.0
Yellow-bellied Sapsucker,2,1,Feb_W1,0.0,1431.0
Yellow-bellied Sapsucker,2,2,Feb_W2,0.0,1915.0
Yellow-bellied Sapsucker,2,3,Feb_W3,0.0,1788.0
Yellow-bellied Sapsucker,2,4,Feb_W4,0.0,669.0
Yellow-bellied Sapsucker,3,1,Mar_W1,0.0,543.0
Yellow-bellied Sapsucker,3,2,Mar_W2,0.0,364.0
Yellow-bellied Sapsucker,3,3,Mar_W3,0.0,681.0
Yellow-bellied Sapsucker,3,4,Mar_W4,0.0,1015.0
Yellow-bellied Sapsucker,4,1,Apr_W1,0.0013298,752.0
Yellow-bellied Sapsucker,4,2,Apr_W2,0.038817,1082.0
Yellow-bellied Sapsucker,4,3,Apr_W3,0.0887029,1195.0
Yellow-bellied Sapsucker,4,4,Apr_W4,0.0929982,2785.0
Yellow-bellied Sapsucker,5,1,May_W1,0.0506502,1461.0
Yellow-bellied Sapsucker,5,2,May_W2,0.0692857,1400.0
Yellow-bellied Sapsucker,5,3,May_W3,0.0557185,2046.0
Yellow-bellied Sapsucker,5,4,May_W4,0.0446361,3943.0
Yellow-bellied Sapsucker,6,1,Jun_W1,0.0658915,1548.0
Yellow-bellied Sapsucker,6,2,Jun_W2,0.0809302,1075.0
Yellow-bellied Sapsucker,6,3,Jun_W3,0.0894309,1107.0
Yellow-bellied Sapsucker,6,4,Jun_W4,0.096099,1051.0
Yellow-bellied Sapsucker,7,1,Jul_W1,0.072956,795.0
Yellow-bellied Sapsucker,7,2,Jul_W2,0.0684932,584.0
Yellow-bellied Sapsucker,7,3,Jul_W3,0.0581614,533.0
Yellow-bellied Sapsucker,7,4,Jul_W4,0.0405063,790.0
Yellow-bellied Sapsucker,8,1,Aug_W1,0.0502513,597.0
Yellow-bellied Sapsucker,8,2,Aug_W2,0.042042,666.0
Yellow-bellied Sapsucker,8,3,Aug_W3,0.0510949,822.0
Yellow-bellied Sapsucker,8,4,Aug_W4,0.0222618,1123.0
Yellow-bellied Sapsucker,9,1,Sep_W1,0.0242024,909.0
Yellow-bellied Sapsucker,9,2,Sep_W2,0.0229885,957.0
Yellow-bellied Sapsucker,9,3,Sep_W3,0.0571132,963.0
Yellow-bellied Sapsucker,9,4,Sep_W4,0.1330502,1413.0
Yellow-bellied Sapsucker,10,1,Oct_W1,0.1157787,976.0
Yellow-bellied Sapsucker,10,2,Oct_W2,0.0240602,1330.0
Yellow-bellied Sapsucker,10,3,Oct_W3,0.0065238,1073.0
Yellow-bellied Sapsucker,10,4,Oct_W4,0.0053428,1123.0
Yellow-bellied Sapsucker,11,1,Nov_W1,0.0014577,686.0
Yellow-bellied Sapsucker,11,2,Nov_W2,0.0,662.0
Yellow-bellied Sapsucker,11,3,Nov_W3,0.0,428.0
Yellow-bellied Sapsucker,11,4,Nov_W4,0.0,339.0
Yellow-bellied Sapsucker,12,1,Dec_W1,0.0,213.0
Yellow-bellied Sapsucker,12,2,Dec_W2,0.0,275.0
Yellow-bellied Sapsucker,12,3,Dec_W3,0.0,318.0
Yellow-bellied Sapsucker,12,4,Dec_W4,0.0,931.0
Lewis's Woodpecker,1,1,Jan_W1,0.0,1028.0
Lewis's Woodpecker,1,2,Jan_W2,0.0,995.0
Lewis's Woodpecker,1,3,Jan_W3,0.0,1544.0
Lewis's Woodpecker,1,4,Jan_W4,0.0,1414.0
Lewis's Woodpecker,2,1,Feb_W1,0.0,1431.0
Lewis's Woodpecker,2,2,Feb_W2,0.0,1915.0
Lewis's Woodpecker,2,3,Feb_W3,0.0,1788.0
Lewis's Woodpecker,2,4,Feb_W4,0.0,669.0
Lewis's Woodpecker,3,1,Mar_W1,0.0,543.0
Lewis's Woodpecker,3,2,Mar_W2,0.0,364.0
Lewis's Woodpecker,3,3,Mar_W3,0.0,681.0
Lewis's Woodpecker,3,4,Mar_W4,0.0,1015.0
Lewis's Woodpecker,4,1,Apr_W1,0.0,752.0
Lewis's Woodpecker,4,2,Apr_W2,0.0,1082.0
Lewis's Woodpecker,4,3,Apr_W3,0.0,1195.0
Lewis's Woodpecker,4,4,Apr_W4,0.0,2785.0
Lewis's Woodpecker,5,1,May_W1,0.0,1461.0
Lewis's Woodpecker,5,2,May_W2,0.0,1400.0
Lewis's Woodpecker,5,3,May_W3,0.0015,2046.0
Lewis's Woodpecker,5,4,May_W4,0.0012681,3943.0
Lewis's Woodpecker,6,1,Jun_W1,0.0,1548.0
Lewis's Woodpecker,6,2,Jun_W2,0.0,1075.0
Lewis's Woodpecker,6,3,Jun_W3,0.0,1107.0
Lewis's Woodpecker,6,4,Jun_W4,0.0,1051.0
Lewis's Woodpecker,7,1,Jul_W1,0.0,795.0
Lewis's Woodpecker,7,2,Jul_W2,0.0,584.0
Lewis's Woodpecker,7,3,Jul_W3,0.0,533.0
Lewis's Woodpecker,7,4,Jul_W4,0.0,790.0
Lewis's Woodpecker,8,1,Aug_W1,0.0,597.0
Lewis's Woodpecker,8,2,Aug_W2,0.0,666.0
Lewis's Woodpecker,8,3,Aug_W3,0.0,822.0
Lewis's Woodpecker,8,4,Aug_W4,0.0,1123.0
Lewis's Woodpecker,9,1,Sep_W1,0.0,909.0
Lewis's Woodpecker,9,2,Sep_W2,0.0,957.0
Lewis's Woodpecker,9,3,Sep_W3,0.0,963.0
Lewis's Woodpecker,9,4,Sep_W4,0.0,1413.0
Lewis's Woodpecker,10,1,Oct_W1,0.0,976.0
Lewis's Woodpecker,10,2,Oct_W2,0.0,1330.0
Lewis's Woodpecker,10,3,Oct_W3,0.0,1073.0
Lewis's Woodpecker,10,4,Oct_W4,0.0,1123.0
Lewis's Woodpecker,11,1,Nov_W1,0.0,686.0
Lewis's Woodpecker,11,2,Nov_W2,0.0,662.0
Lewis's Woodpecker,11,3,Nov_W3,0.0,428.0
Lewis's Woodpecker,11,4,Nov_W4,0.0,339.0
Lewis's Woodpecker,12,1,Dec_W1,0.0,213.0
Lewis's Woodpecker,12,2,Dec_W2,0.0,275.0
Lewis's Woodpecker,12,3,Dec_W3,0.0,318.0
Lewis's Woodpecker,12,4,Dec_W4,0.0,931.0
Red-headed Woodpecker,1,1,Jan_W1,0.0,1028.0
Red-headed Woodpecker,1,2,Jan_W2,0.0,995.0
Red-headed Woodpecker,1,3,Jan_W3,0.0,1544.0
Red-headed Woodpecker,1,4,Jan_W4,0.0015,1414.0
Red-headed Woodpecker,2,1,Feb_W1,0.0006988,1431.0
Red-headed Woodpecker,2,2,Feb_W2,0.0,1915.0
Red-headed Woodpecker,2,3,Feb_W3,0.0,1788.0
Red-headed Woodpecker,2,4,Feb_W4,0.0,669.0
Red-headed Woodpecker,3,1,Mar_W1,0.0,543.0
Red-headed Woodpecker,3,2,Mar_W2,0.0027473,364.0
Red-headed Woodpecker,3,3,Mar_W3,0.0,681.0
Red-headed Woodpecker,3,4,Mar_W4,0.0015,1015.0
Red-headed Woodpecker,4,1,Apr_W1,0.0,752.0
Red-headed Woodpecker,4,2,Apr_W2,0.0009242,1082.0
Red-headed Woodpecker,4,3,Apr_W3,0.0015,1195.0
Red-headed Woodpecker,4,4,Apr_W4,0.0,2785.0
Red-headed Woodpecker,5,1,May_W1,0.0015,1461.0
Red-headed Woodpecker,5,2,May_W2,0.0014286,1400.0
Red-headed Woodpecker,5,3,May_W3,0.0117302,2046.0
Red-headed Woodpecker,5,4,May_W4,0.0091301,3943.0
Red-headed Woodpecker,6,1,Jun_W1,0.000646,1548.0
Red-headed Woodpecker,6,2,Jun_W2,0.0009302,1075.0
Red-headed Woodpecker,6,3,Jun_W3,0.0,1107.0
Red-headed Woodpecker,6,4,Jun_W4,0.0,1051.0
Red-headed Woodpecker,7,1,Jul_W1,0.0,795.0
Red-headed Woodpecker,7,2,Jul_W2,0.0,584.0
Red-headed Woodpecker,7,3,Jul_W3,0.0,533.0
Red-headed Woodpecker,7,4,Jul_W4,0.0,790.0
Red-headed Woodpecker,8,1,Aug_W1,0.0,597.0
Red-headed Woodpecker,8,2,Aug_W2,0.0,666.0
Red-headed Woodpecker,8,3,Aug_W3,0.0,822.0
Red-headed Woodpecker,8,4,Aug_W4,0.0017809,1123.0
Red-headed Woodpecker,9,1,Sep_W1,0.0022002,909.0
Red-headed Woodpecker,9,2,Sep_W2,0.0073145,957.0
Red-headed Woodpecker,9,3,Sep_W3,0.0015,963.0
Red-headed Woodpecker,9,4,Sep_W4,0.0014154,1413.0
Red-headed Woodpecker,10,1,Oct_W1,0.0081967,976.0
Red-headed Woodpecker,10,2,Oct_W2,0.0,1330.0
Red-headed Woodpecker,10,3,Oct_W3,0.0055918,1073.0
Red-headed Woodpecker,10,4,Oct_W4,0.0142476,1123.0
Red-headed Woodpecker,11,1,Nov_W1,0.0014577,686.0
Red-headed Woodpecker,11,2,Nov_W2,0.0,662.0
Red-headed Woodpecker,11,3,Nov_W3,0.0,428.0
Red-headed Woodpecker,11,4,Nov_W4,0.0029499,339.0
Red-headed Woodpecker,12,1,Dec_W1,0.0,213.0
Red-headed Woodpecker,12,2,Dec_W2,0.0,275.0
Red-headed Woodpecker,12,3,Dec_W3,0.0,318.0
Red-headed Woodpecker,12,4,Dec_W4,0.0,931.0
Red-bellied Woodpecker,1,1,Jan_W1,0.0515564,1028.0
Red-bellied Woodpecker,1,2,Jan_W2,0.040201,995.0
Red-bellied Woodpecker,1,3,Jan_W3,0.0362694,1544.0
Red-bellied Woodpecker,1,4,Jan_W4,0.0275813,1414.0
Red-bellied Woodpecker,2,1,Feb_W1,0.0202655,1431.0
Red-bellied Woodpecker,2,2,Feb_W2,0.0407311,1915.0
Red-bellied Woodpecker,2,3,Feb_W3,0.0313199,1788.0
Red-bellied Woodpecker,2,4,Feb_W4,0.0358744,669.0
Red-bellied Woodpecker,3,1,Mar_W1,0.0423573,543.0
Red-bellied Woodpecker,3,2,Mar_W2,0.0576923,364.0
Red-bellied Woodpecker,3,3,Mar_W3,0.0117474,681.0
Red-bellied Woodpecker,3,4,Mar_W4,0.0216749,1015.0
Red-bellied Woodpecker,4,1,Apr_W1,0.0093085,752.0
Red-bellied Woodpecker,4,2,Apr_W2,0.0083179,1082.0
Red-bellied Woodpecker,4,3,Apr_W3,0.0100418,1195.0
Red-bellied Woodpecker,4,4,Apr_W4,0.0114901,2785.0
Red-bellied Woodpecker,5,1,May_W1,0.0109514,1461.0
Red-bellied Woodpecker,5,2,May_W2,0.0292857,1400.0
Red-bellied Woodpecker,5,3,May_W3,0.0219941,2046.0
Red-bellied Woodpecker,5,4,May_W4,0.0286584,3943.0
Red-bellied Woodpecker,6,1,Jun_W1,0.0083979,1548.0
Red-bellied Woodpecker,6,2,Jun_W2,0.0074419,1075.0
Red-bellied Woodpecker,6,3,Jun_W3,0.0099368,1107.0
Red-bellied Woodpecker,6,4,Jun_W4,0.0095147,1051.0
Red-bellied Woodpecker,7,1,Jul_W1,0.0113208,795.0
Red-bellied Woodpecker,7,2,Jul_W2,0.005137,584.0
Red-bellied Woodpecker,7,3,Jul_W3,0.0018762,533.0
Red-bellied Woodpecker,7,4,Jul_W4,0.0012658,790.0
Red-bellied Woodpecker,8,1,Aug_W1,0.0033501,597.0
Red-bellied Woodpecker,8,2,Aug_W2,0.0045045,666.0
Red-bellied Woodpecker,8,3,Aug_W3,0.0036496,822.0
Red-bellied Woodpecker,8,4,Aug_W4,0.0053428,1123.0
Red-bellied Woodpecker,9,1,Sep_W1,0.0044004,909.0
Red-bellied Woodpecker,9,2,Sep_W2,0.0031348,957.0
Red-bellied Woodpecker,9,3,Sep_W3,0.007269,963.0
Red-bellied Woodpecker,9,4,Sep_W4,0.0056617,1413.0
Red-bellied Woodpecker,10,1,Oct_W1,0.0204918,976.0
Red-bellied Woodpecker,10,2,Oct_W2,0.0285714,1330.0
Red-bellied Woodpecker,10,3,Oct_W3,0.0363467,1073.0
Red-bellied Woodpecker,10,4,Oct_W4,0.0952805,1123.0
Red-bellied Woodpecker,11,1,Nov_W1,0.1107872,686.0
Red-bellied Woodpecker,11,2,Nov_W2,0.0891239,662.0
Red-bellied Woodpecker,11,3,Nov_W3,0.1261682,428.0
Red-bellied Woodpecker,11,4,Nov_W4,0.1091445,339.0
Red-bellied Woodpecker,12,1,Dec_W1,0.084507,213.0
Red-bellied Woodpecker,12,2,Dec_W2,0.0472727,275.0
Red-bellied Woodpecker,12,3,Dec_W3,0.0440252,318.0
Red-bellied Woodpecker,12,4,Dec_W4,0.047261,931.0
American Three-toed Woodpecker,1,1,Jan_W1,0.0,1028.0
American Three-toed Woodpecker,1,2,Jan_W2,0.0,995.0
American Three-toed Woodpecker,1,3,Jan_W3,0.0,1544.0
American Three-toed Woodpecker,1,4,Jan_W4,0.0,1414.0
American Three-toed Woodpecker,2,1,Feb_W1,0.0,1431.0
American Three-toed Woodpecker,2,2,Feb_W2,0.0,1915.0
American Three-toed Woodpecker,2,3,Feb_W3,0.0,1788.0
American Three-toed Woodpecker,2,4,Feb_W4,0.0,669.0
American Three-toed Woodpecker,3,1,Mar_W1,0.0015,543.0
American Three-toed Woodpecker,3,2,Mar_W2,0.0,364.0
American Three-toed Woodpecker,3,3,Mar_W3,0.0,681.0
American Three-toed Woodpecker,3,4,Mar_W4,0.0,1015.0
American Three-toed Woodpecker,4,1,Apr_W1,0.0,752.0
American Three-toed Woodpecker,4,2,Apr_W2,0.0,1082.0
American Three-toed Woodpecker,4,3,Apr_W3,0.0,1195.0
American Three-toed Woodpecker,4,4,Apr_W4,0.0,2785.0
American Three-toed Woodpecker,5,1,May_W1,0.0,1461.0
American Three-toed Woodpecker,5,2,May_W2,0.0,1400.0
American Three-toed Woodpecker,5,3,May_W3,0.0,2046.0
American Three-toed Woodpecker,5,4,May_W4,0.0,3943.0
American Three-toed Woodpecker,6,1,Jun_W1,0.0,1548.0
American Three-toed Woodpecker,6,2,Jun_W2,0.0,1075.0
American Three-toed Woodpecker,6,3,Jun_W3,0.0,1107.0
American Three-toed Woodpecker,6,4,Jun_W4,0.0,1051.0
American Three-toed Woodpecker,7,1,Jul_W1,0.0,795.0
American Three-toed Woodpecker,7,2,Jul_W2,0.0,584.0
American Three-toed Woodpecker,7,3,Jul_W3,0.0,533.0
American Three-toed Woodpecker,7,4,Jul_W4,0.0015,790.0
American Three-toed Woodpecker,8,1,Aug_W1,0.0,597.0
American Three-toed Woodpecker,8,2,Aug_W2,0.0,666.0
American Three-toed Woodpecker,8,3,Aug_W3,0.0015,822.0
American Three-toed Woodpecker,8,4,Aug_W4,0.0,1123.0
American Three-toed Woodpecker,9,1,Sep_W1,0.0,909.0
American Three-toed Woodpecker,9,2,Sep_W2,0.0,957.0
American Three-toed Woodpecker,9,3,Sep_W3,0.0,963.0
American Three-toed Woodpecker,9,4,Sep_W4,0.0007077,1413.0
American Three-toed Woodpecker,10,1,Oct_W1,0.0,976.0
American Three-toed Woodpecker,10,2,Oct_W2,0.0,1330.0
American Three-toed Woodpecker,10,3,Oct_W3,0.0015,1073.0
American Three-toed Woodpecker,10,4,Oct_W4,0.0017809,1123.0
American Three-toed Woodpecker,11,1,Nov_W1,0.0,686.0
American Three-toed Woodpecker,11,2,Nov_W2,0.0,662.0
American Three-toed Woodpecker,11,3,Nov_W3,0.0,428.0
American Three-toed Woodpecker,11,4,Nov_W4,0.0,339.0
American Three-toed Woodpecker,12,1,Dec_W1,0.0,213.0
American Three-toed Woodpecker,12,2,Dec_W2,0.0,275.0
American Three-toed Woodpecker,12,3,Dec_W3,0.0015,318.0
American Three-toed Woodpecker,12,4,Dec_W4,0.0015,931.0
Black-backed Woodpecker,1,1,Jan_W1,0.0,1028.0
Black-backed Woodpecker,1,2,Jan_W2,0.0015,995.0
Black-backed Woodpecker,1,3,Jan_W3,0.0015,1544.0
Black-backed Woodpecker,1,4,Jan_W4,0.0014144,1414.0
Black-backed Woodpecker,2,1,Feb_W1,0.0,1431.0
Black-backed Woodpecker,2,2,Feb_W2,0.0005222,1915.0
Black-backed Woodpecker,2,3,Feb_W3,0.0005593,1788.0
Black-backed Woodpecker,2,4,Feb_W4,0.0,669.0
Black-backed Woodpecker,3,1,Mar_W1,0.0,543.0
Black-backed Woodpecker,3,2,Mar_W2,0.0,364.0
Black-backed Woodpecker,3,3,Mar_W3,0.0015,681.0
Black-backed Woodpecker,3,4,Mar_W4,0.0009852,1015.0
Black-backed Woodpecker,4,1,Apr_W1,0.0013298,752.0
Black-backed Woodpecker,4,2,Apr_W2,0.0,1082.0
Black-backed Woodpecker,4,3,Apr_W3,0.0,1195.0
Black-backed Woodpecker,4,4,Apr_W4,0.0014363,2785.0
Black-backed Woodpecker,5,1,May_W1,0.0013689,1461.0
Black-backed Woodpecker,5,2,May_W2,0.0021429,1400.0
Black-backed Woodpecker,5,3,May_W3,0.012219,2046.0
Black-backed Woodpecker,5,4,May_W4,0.019021,3943.0
Black-backed Woodpecker,6,1,Jun_W1,0.0142119,1548.0
Black-backed Woodpecker,6,2,Jun_W2,0.015814,1075.0
Black-backed Woodpecker,6,3,Jun_W3,0.0225836,1107.0
Black-backed Woodpecker,6,4,Jun_W4,0.0190295,1051.0
Black-backed Woodpecker,7,1,Jul_W1,0.008805,795.0
Black-backed Woodpecker,7,2,Jul_W2,0.0119863,584.0
Black-backed Woodpecker,7,3,Jul_W3,0.0075047,533.0
Black-backed Woodpecker,7,4,Jul_W4,0.0139241,790.0
Black-backed Woodpecker,8,1,Aug_W1,0.0167504,597.0
Black-backed Woodpecker,8,2,Aug_W2,0.009009,666.0
Black-backed Woodpecker,8,3,Aug_W3,0.0060827,822.0
Black-backed Woodpecker,8,4,Aug_W4,0.0026714,1123.0
Black-backed Woodpecker,9,1,Sep_W1,0.0077008,909.0
Black-backed Woodpecker,9,2,Sep_W2,0.0125392,957.0
Black-backed Woodpecker,9,3,Sep_W3,0.0228453,963.0
Black-backed Woodpecker,9,4,Sep_W4,0.0226469,1413.0
Black-backed Woodpecker,10,1,Oct_W1,0.0204918,976.0
Black-backed Woodpecker,10,2,Oct_W2,0.0225564,1330.0
Black-backed Woodpecker,10,3,Oct_W3,0.0065238,1073.0
Black-backed Woodpecker,10,4,Oct_W4,0.0071238,1123.0
Black-backed Woodpecker,11,1,Nov_W1,0.0072886,686.0
Black-backed Woodpecker,11,2,Nov_W2,0.0045317,662.0
Black-backed Woodpecker,11,3,Nov_W3,0.0,428.0
Black-backed Woodpecker,11,4,Nov_W4,0.0029499,339.0
Black-backed Woodpecker,12,1,Dec_W1,0.0046948,213.0
Black-backed Woodpecker,12,2,Dec_W2,0.0,275.0
Black-backed Woodpecker,12,3,Dec_W3,0.0031447,318.0
Black-backed Woodpecker,12,4,Dec_W4,0.0042965,931.0
Downy Woodpecker,1,1,Jan_W1,0.1653696,1028.0
Downy Woodpecker,1,2,Jan_W2,0.1497487,995.0
Downy Woodpecker,1,3,Jan_W3,0.1502591,1544.0
Downy Woodpecker,1,4,Jan_W4,0.1527581,1414.0
Downy Woodpecker,2,1,Feb_W1,0.1320755,1431.0
Downy Woodpecker,2,2,Feb_W2,0.1827676,1915.0
Downy Woodpecker,2,3,Feb_W3,0.1761745,1788.0
Downy Woodpecker,2,4,Feb_W4,0.1763827,669.0
Downy Woodpecker,3,1,Mar_W1,0.1896869,543.0
Downy Woodpecker,3,2,Mar_W2,0.1373626,364.0
Downy Woodpecker,3,3,Mar_W3,0.092511,681.0
Downy Woodpecker,3,4,Mar_W4,0.1044335,1015.0
Downy Woodpecker,4,1,Apr_W1,0.087766,752.0
Downy Woodpecker,4,2,Apr_W2,0.0988909,1082.0
Downy Woodpecker,4,3,Apr_W3,0.0987448,1195.0
Downy Woodpecker,4,4,Apr_W4,0.0886894,2785.0
Downy Woodpecker,5,1,May_W1,0.0971937,1461.0
Downy Woodpecker,5,2,May_W2,0.0664286,1400.0
Downy Woodpecker,5,3,May_W3,0.054741,2046.0
Downy Woodpecker,5,4,May_W4,0.0456505,3943.0
Downy Woodpecker,6,1,Jun_W1,0.0297158,1548.0
Downy Woodpecker,6,2,Jun_W2,0.0306977,1075.0
Downy Woodpecker,6,3,Jun_W3,0.0388437,1107.0
Downy Woodpecker,6,4,Jun_W4,0.0475737,1051.0
Downy Woodpecker,7,1,Jul_W1,0.0477987,795.0
Downy Woodpecker,7,2,Jul_W2,0.0565068,584.0
Downy Woodpecker,7,3,Jul_W3,0.0900563,533.0
Downy Woodpecker,7,4,Jul_W4,0.0936709,790.0
Downy Woodpecker,8,1,Aug_W1,0.1105528,597.0
Downy Woodpecker,8,2,Aug_W2,0.1246246,666.0
Downy Woodpecker,8,3,Aug_W3,0.1411192,822.0
Downy Woodpecker,8,4,Aug_W4,0.1371327,1123.0
Downy Woodpecker,9,1,Sep_W1,0.1584158,909.0
Downy Woodpecker,9,2,Sep_W2,0.2173459,957.0
Downy Woodpecker,9,3,Sep_W3,0.2253375,963.0
Downy Woodpecker,9,4,Sep_W4,0.2823779,1413.0
Downy Woodpecker,10,1,Oct_W1,0.3268443,976.0
Downy Woodpecker,10,2,Oct_W2,0.3676692,1330.0
Downy Woodpecker,10,3,Oct_W3,0.3541473,1073.0
Downy Woodpecker,10,4,Oct_W4,0.3259127,1123.0
Downy Woodpecker,11,1,Nov_W1,0.3119534,686.0
Downy Woodpecker,11,2,Nov_W2,0.234139,662.0
Downy Woodpecker,11,3,Nov_W3,0.2523364,428.0
Downy Woodpecker,11,4,Nov_W4,0.2182891,339.0
Downy Woodpecker,12,1,Dec_W1,0.2394366,213.0
Downy Woodpecker,12,2,Dec_W2,0.1890909,275.0
Downy Woodpecker,12,3,Dec_W3,0.2201258,318.0
Downy Woodpecker,12,4,Dec_W4,0.1278195,931.0
Hairy Woodpecker,1,1,Jan_W1,0.1789883,1028.0
Hairy Woodpecker,1,2,Jan_W2,0.1698492,995.0
Hairy Woodpecker,1,3,Jan_W3,0.1768135,1544.0
Hairy Woodpecker,1,4,Jan_W4,0.1683168,1414.0
Hairy Woodpecker,2,1,Feb_W1,0.1607268,1431.0
Hairy Woodpecker,2,2,Feb_W2,0.1984334,1915.0
Hairy Woodpecker,2,3,Feb_W3,0.1845638,1788.0
Hairy Woodpecker,2,4,Feb_W4,0.1644245,669.0
Hairy Woodpecker,3,1,Mar_W1,0.1344383,543.0
Hairy Woodpecker,3,2,Mar_W2,0.1208791,364.0
Hairy Woodpecker,3,3,Mar_W3,0.092511,681.0
Hairy Woodpecker,3,4,Mar_W4,0.0965517,1015.0
Hairy Woodpecker,4,1,Apr_W1,0.0797872,752.0
Hairy Woodpecker,4,2,Apr_W2,0.0859519,1082.0
Hairy Woodpecker,4,3,Apr_W3,0.0761506,1195.0
Hairy Woodpecker,4,4,Apr_W4,0.0545781,2785.0
Hairy Woodpecker,5,1,May_W1,0.0595483,1461.0
Hairy Woodpecker,5,2,May_W2,0.1035714,1400.0
Hairy Woodpecker,5,3,May_W3,0.0894428,2046.0
Hairy Woodpecker,5,4,May_W4,0.097895,3943.0
Hairy Woodpecker,6,1,Jun_W1,0.0755814,1548.0
Hairy Woodpecker,6,2,Jun_W2,0.0734884,1075.0
Hairy Woodpecker,6,3,Jun_W3,0.097561,1107.0
Hairy Woodpecker,6,4,Jun_W4,0.0789724,1051.0
Hairy Woodpecker,7,1,Jul_W1,0.0603774,795.0
Hairy Woodpecker,7,2,Jul_W2,0.0599315,584.0
Hairy Woodpecker,7,3,Jul_W3,0.0450281,533.0
Hairy Woodpecker,7,4,Jul_W4,0.0734177,790.0
Hairy Woodpecker,8,1,Aug_W1,0.078727,597.0
Hairy Woodpecker,8,2,Aug_W2,0.0915916,666.0
Hairy Woodpecker,8,3,Aug_W3,0.0656934,822.0
Hairy Woodpecker,8,4,Aug_W4,0.0845948,1123.0
Hairy Woodpecker,9,1,Sep_W1,0.0737074,909.0
Hairy Woodpecker,9,2,Sep_W2,0.1024033,957.0
Hairy Woodpecker,9,3,Sep_W3,0.1464174,963.0
Hairy Woodpecker,9,4,Sep_W4,0.1903751,1413.0
Hairy Woodpecker,10,1,Oct_W1,0.2377049,976.0
Hairy Woodpecker,10,2,Oct_W2,0.2962406,1330.0
Hairy Woodpecker,10,3,Oct_W3,0.2618826,1073.0
Hairy Woodpecker,10,4,Oct_W4,0.2217275,1123.0
Hairy Woodpecker,11,1,Nov_W1,0.2055394,686.0
Hairy Woodpecker,11,2,Nov_W2,0.1616314,662.0
Hairy Woodpecker,11,3,Nov_W3,0.1542056,428.0
Hairy Woodpecker,11,4,Nov_W4,0.1710914,339.0
Hairy Woodpecker,12,1,Dec_W1,0.2394366,213.0
Hairy Woodpecker,12,2,Dec_W2,0.1636364,275.0
Hairy Woodpecker,12,3,Dec_W3,0.1823899,318.0
Hairy Woodpecker,12,4,Dec_W4,0.1450054,931.0
Pileated Woodpecker,1,1,Jan_W1,0.0856031,1028.0
Pileated Woodpecker,1,2,Jan_W2,0.0773869,995.0
Pileated Woodpecker,1,3,Jan_W3,0.0693005,1544.0
Pileated Woodpecker,1,4,Jan_W4,0.0700141,1414.0
Pileated Woodpecker,2,1,Feb_W1,0.0719776,1431.0
Pileated Woodpecker,2,2,Feb_W2,0.0704961,1915.0
Pileated Woodpecker,2,3,Feb_W3,0.0917226,1788.0
Pileated Woodpecker,2,4,Feb_W4,0.1016442,669.0
Pileated Woodpecker,3,1,Mar_W1,0.0662983,543.0
Pileated Woodpecker,3,2,Mar_W2,0.1098901,364.0
Pileated Woodpecker,3,3,Mar_W3,0.0969163,681.0
Pileated Woodpecker,3,4,Mar_W4,0.0807882,1015.0
Pileated Woodpecker,4,1,Apr_W1,0.0890957,752.0
Pileated Woodpecker,4,2,Apr_W2,0.1247689,1082.0
Pileated Woodpecker,4,3,Apr_W3,0.1062762,1195.0
Pileated Woodpecker,4,4,Apr_W4,0.1332136,2785.0
Pileated Woodpecker,5,1,May_W1,0.119781,1461.0
Pileated Woodpecker,5,2,May_W2,0.13,1400.0
Pileated Woodpecker,5,3,May_W3,0.0933529,2046.0
Pileated Woodpecker,5,4,May_W4,0.0826782,3943.0
Pileated Woodpecker,6,1,Jun_W1,0.0600775,1548.0
Pileated Woodpecker,6,2,Jun_W2,0.0465116,1075.0
Pileated Woodpecker,6,3,Jun_W3,0.0605239,1107.0
Pileated Woodpecker,6,4,Jun_W4,0.0627973,1051.0
Pileated Woodpecker,7,1,Jul_W1,0.0704403,795.0
Pileated Woodpecker,7,2,Jul_W2,0.0428082,584.0
Pileated Woodpecker,7,3,Jul_W3,0.054409,533.0
Pileated Woodpecker,7,4,Jul_W4,0.043038,790.0
Pileated Woodpecker,8,1,Aug_W1,0.0536013,597.0
Pileated Woodpecker,8,2,Aug_W2,0.045045,666.0
Pileated Woodpecker,8,3,Aug_W3,0.0608273,822.0
Pileated Woodpecker,8,4,Aug_W4,0.0560997,1123.0
Pileated Woodpecker,9,1,Sep_W1,0.0825083,909.0
Pileated Woodpecker,9,2,Sep_W2,0.1055381,957.0
Pileated Woodpecker,9,3,Sep_W3,0.1266874,963.0
Pileated Woodpecker,9,4,Sep_W4,0.1479122,1413.0
Pileated Woodpecker,10,1,Oct_W1,0.1229508,976.0
Pileated Woodpecker,10,2,Oct_W2,0.0609023,1330.0
Pileated Woodpecker,10,3,Oct_W3,0.0848089,1073.0
Pileated Woodpecker,10,4,Oct_W4,0.0712378,1123.0
Pileated Woodpecker,11,1,Nov_W1,0.0495627,686.0
Pileated Woodpecker,11,2,Nov_W2,0.0528701,662.0
Pileated Woodpecker,11,3,Nov_W3,0.0700935,428.0
Pileated Woodpecker,11,4,Nov_W4,0.1032448,339.0
Pileated Woodpecker,12,1,Dec_W1,0.0751174,213.0
Pileated Woodpecker,12,2,Dec_W2,0.0763636,275.0
Pileated Woodpecker,12,3,Dec_W3,0.1100629,318.0
Pileated Woodpecker,12,4,Dec_W4,0.0622986,931.0
Northern Flicker,1,1,Jan_W1,0.0009728,1028.0
Northern Flicker,1,2,Jan_W2,0.0,995.0
Northern Flicker,1,3,Jan_W3,0.0,1544.0
Northern Flicker,1,4,Jan_W4,0.0007072,1414.0
Northern Flicker,2,1,Feb_W1,0.0020964,1431.0
Northern Flicker,2,2,Feb_W2,0.0010444,1915.0
Northern Flicker,2,3,Feb_W3,0.0,1788.0
Northern Flicker,2,4,Feb_W4,0.0014948,669.0
Northern Flicker,3,1,Mar_W1,0.0,543.0
Northern Flicker,3,2,Mar_W2,0.0,364.0
Northern Flicker,3,3,Mar_W3,0.0014684,681.0
Northern Flicker,3,4,Mar_W4,0.0009852,1015.0
Northern Flicker,4,1,Apr_W1,0.0199468,752.0
Northern Flicker,4,2,Apr_W2,0.1256932,1082.0
Northern Flicker,4,3,Apr_W3,0.2970711,1195.0
Northern Flicker,4,4,Apr_W4,0.3597846,2785.0
Northern Flicker,5,1,May_W1,0.3367556,1461.0
Northern Flicker,5,2,May_W2,0.2421429,1400.0
Northern Flicker,5,3,May_W3,0.1837732,2046.0
Northern Flicker,5,4,May_W4,0.1643419,3943.0
Northern Flicker,6,1,Jun_W1,0.1634367,1548.0
Northern Flicker,6,2,Jun_W2,0.2102326,1075.0
Northern Flicker,6,3,Jun_W3,0.2312556,1107.0
Northern Flicker,6,4,Jun_W4,0.2169363,1051.0
Northern Flicker,7,1,Jul_W1,0.2012579,795.0
Northern Flicker,7,2,Jul_W2,0.1917808,584.0
Northern Flicker,7,3,Jul_W3,0.2026266,533.0
Northern Flicker,7,4,Jul_W4,0.2050633,790.0
Northern Flicker,8,1,Aug_W1,0.1959799,597.0
Northern Flicker,8,2,Aug_W2,0.2117117,666.0
Northern Flicker,8,3,Aug_W3,0.189781,822.0
Northern Flicker,8,4,Aug_W4,0.2012467,1123.0
Northern Flicker,9,1,Sep_W1,0.2706271,909.0
Northern Flicker,9,2,Sep_W2,0.3448276,957.0
Northern Flicker,9,3,Sep_W3,0.3696781,963.0
Northern Flicker,9,4,Sep_W4,0.2979476,1413.0
Northern Flicker,10,1,Oct_W1,0.192623,976.0
Northern Flicker,10,2,Oct_W2,0.0834586,1330.0
Northern Flicker,10,3,Oct_W3,0.0410065,1073.0
Northern Flicker,10,4,Oct_W4,0.0097952,1123.0
Northern Flicker,11,1,Nov_W1,0.0043732,686.0
Northern Flicker,11,2,Nov_W2,0.0,662.0
Northern Flicker,11,3,Nov_W3,0.0023364,428.0
Northern Flicker,11,4,Nov_W4,0.0,339.0
Northern Flicker,12,1,Dec_W1,0.0,213.0
Northern Flicker,12,2,Dec_W2,0.0,275.0
Northern Flicker,12,3,Dec_W3,0.0,318.0
Northern Flicker,12,4,Dec_W4,0.0010741,931.0
Crested Caracara,1,1,Jan_W1,0.0,1028.0
Crested Caracara,1,2,Jan_W2,0.0,995.0
Crested Caracara,1,3,Jan_W3,0.0,1544.0
Crested Caracara,1,4,Jan_W4,0.0,1414.0
Crested Caracara,2,1,Feb_W1,0.0,1431.0
Crested Caracara,2,2,Feb_W2,0.0,1915.0
Crested Caracara,2,3,Feb_W3,0.0,1788.0
Crested Caracara,2,4,Feb_W4,0.0,669.0
Crested Caracara,3,1,Mar_W1,0.0,543.0
Crested Caracara,3,2,Mar_W2,0.0,364.0
Crested Caracara,3,3,Mar_W3,0.0,681.0
Crested Caracara,3,4,Mar_W4,0.0,1015.0
Crested Caracara,4,1,Apr_W1,0.0,752.0
Crested Caracara,4,2,Apr_W2,0.0,1082.0
Crested Caracara,4,3,Apr_W3,0.0,1195.0
Crested Caracara,4,4,Apr_W4,0.0,2785.0
Crested Caracara,5,1,May_W1,0.0041068,1461.0
Crested Caracara,5,2,May_W2,0.0,1400.0
Crested Caracara,5,3,May_W3,0.0,2046.0
Crested Caracara,5,4,May_W4,0.0,3943.0
Crested Caracara,6,1,Jun_W1,0.0,1548.0
Crested Caracara,6,2,Jun_W2,0.0,1075.0
Crested Caracara,6,3,Jun_W3,0.0,1107.0
Crested Caracara,6,4,Jun_W4,0.0,1051.0
Crested Caracara,7,1,Jul_W1,0.0,795.0
Crested Caracara,7,2,Jul_W2,0.0,584.0
Crested Caracara,7,3,Jul_W3,0.0,533.0
Crested Caracara,7,4,Jul_W4,0.0,790.0
Crested Caracara,8,1,Aug_W1,0.0,597.0
Crested Caracara,8,2,Aug_W2,0.0,666.0
Crested Caracara,8,3,Aug_W3,0.0,822.0
Crested Caracara,8,4,Aug_W4,0.0,1123.0
Crested Caracara,9,1,Sep_W1,0.0,909.0
Crested Caracara,9,2,Sep_W2,0.0,957.0
Crested Caracara,9,3,Sep_W3,0.0,963.0
Crested Caracara,9,4,Sep_W4,0.0,1413.0
Crested Caracara,10,1,Oct_W1,0.0,976.0
Crested Caracara,10,2,Oct_W2,0.0,1330.0
Crested Caracara,10,3,Oct_W3,0.0,1073.0
Crested Caracara,10,4,Oct_W4,0.0,1123.0
Crested Caracara,11,1,Nov_W1,0.0,686.0
Crested Caracara,11,2,Nov_W2,0.0,662.0
Crested Caracara,11,3,Nov_W3,0.0,428.0
Crested Caracara,11,4,Nov_W4,0.0,339.0
Crested Caracara,12,1,Dec_W1,0.0,213.0
Crested Caracara,12,2,Dec_W2,0.0,275.0
Crested Caracara,12,3,Dec_W3,0.0,318.0
Crested Caracara,12,4,Dec_W4,0.0,931.0
American Kestrel,1,1,Jan_W1,0.0029183,1028.0
American Kestrel,1,2,Jan_W2,0.0020101,995.0
American Kestrel,1,3,Jan_W3,0.003886,1544.0
American Kestrel,1,4,Jan_W4,0.0007072,1414.0
American Kestrel,2,1,Feb_W1,0.0006988,1431.0
American Kestrel,2,2,Feb_W2,0.0015666,1915.0
American Kestrel,2,3,Feb_W3,0.0005593,1788.0
American Kestrel,2,4,Feb_W4,0.0014948,669.0
American Kestrel,3,1,Mar_W1,0.0018416,543.0
American Kestrel,3,2,Mar_W2,0.0082418,364.0
American Kestrel,3,3,Mar_W3,0.0176211,681.0
American Kestrel,3,4,Mar_W4,0.0955665,1015.0
American Kestrel,4,1,Apr_W1,0.1635638,752.0
American Kestrel,4,2,Apr_W2,0.267098,1082.0
American Kestrel,4,3,Apr_W3,0.4033473,1195.0
American Kestrel,4,4,Apr_W4,0.297307,2785.0
American Kestrel,5,1,May_W1,0.3518138,1461.0
American Kestrel,5,2,May_W2,0.285,1400.0
American Kestrel,5,3,May_W3,0.172043,2046.0
American Kestrel,5,4,May_W4,0.120213,3943.0
American Kestrel,6,1,Jun_W1,0.0478036,1548.0
American Kestrel,6,2,Jun_W2,0.0669767,1075.0
American Kestrel,6,3,Jun_W3,0.0785908,1107.0
American Kestrel,6,4,Jun_W4,0.074215,1051.0
American Kestrel,7,1,Jul_W1,0.0654088,795.0
American Kestrel,7,2,Jul_W2,0.0719178,584.0
American Kestrel,7,3,Jul_W3,0.0881801,533.0
American Kestrel,7,4,Jul_W4,0.0518987,790.0
American Kestrel,8,1,Aug_W1,0.0737018,597.0
American Kestrel,8,2,Aug_W2,0.0975976,666.0
American Kestrel,8,3,Aug_W3,0.1350365,822.0
American Kestrel,8,4,Aug_W4,0.1273375,1123.0
American Kestrel,9,1,Sep_W1,0.1364136,909.0
American Kestrel,9,2,Sep_W2,0.091954,957.0
American Kestrel,9,3,Sep_W3,0.1671859,963.0
American Kestrel,9,4,Sep_W4,0.0488323,1413.0
American Kestrel,10,1,Oct_W1,0.0379098,976.0
American Kestrel,10,2,Oct_W2,0.0097744,1330.0
American Kestrel,10,3,Oct_W3,0.0111836,1073.0
American Kestrel,10,4,Oct_W4,0.0017809,1123.0
American Kestrel,11,1,Nov_W1,0.0014577,686.0
American Kestrel,11,2,Nov_W2,0.0045317,662.0
American Kestrel,11,3,Nov_W3,0.0023364,428.0
American Kestrel,11,4,Nov_W4,0.0058997,339.0
American Kestrel,12,1,Dec_W1,0.0046948,213.0
American Kestrel,12,2,Dec_W2,0.0109091,275.0
American Kestrel,12,3,Dec_W3,0.0062893,318.0
American Kestrel,12,4,Dec_W4,0.0075188,931.0
Merlin,1,1,Jan_W1,0.0038911,1028.0
Merlin,1,2,Jan_W2,0.0020101,995.0
Merlin,1,3,Jan_W3,0.0084197,1544.0
Merlin,1,4,Jan_W4,0.0007072,1414.0
Merlin,2,1,Feb_W1,0.0027952,1431.0
Merlin,2,2,Feb_W2,0.002611,1915.0
Merlin,2,3,Feb_W3,0.0044743,1788.0
Merlin,2,4,Feb_W4,0.0089686,669.0
Merlin,3,1,Mar_W1,0.0073665,543.0
Merlin,3,2,Mar_W2,0.0247253,364.0
Merlin,3,3,Mar_W3,0.0499266,681.0
Merlin,3,4,Mar_W4,0.1261084,1015.0
Merlin,4,1,Apr_W1,0.1555851,752.0
Merlin,4,2,Apr_W2,0.1968577,1082.0
Merlin,4,3,Apr_W3,0.2259414,1195.0
Merlin,4,4,Apr_W4,0.2165171,2785.0
Merlin,5,1,May_W1,0.2388775,1461.0
Merlin,5,2,May_W2,0.2564286,1400.0
Merlin,5,3,May_W3,0.2184751,2046.0
Merlin,5,4,May_W4,0.189196,3943.0
Merlin,6,1,Jun_W1,0.0813953,1548.0
Merlin,6,2,Jun_W2,0.0409302,1075.0
Merlin,6,3,Jun_W3,0.0216802,1107.0
Merlin,6,4,Jun_W4,0.0523311,1051.0
Merlin,7,1,Jul_W1,0.0477987,795.0
Merlin,7,2,Jul_W2,0.0582192,584.0
Merlin,7,3,Jul_W3,0.0581614,533.0
Merlin,7,4,Jul_W4,0.0949367,790.0
Merlin,8,1,Aug_W1,0.1256281,597.0
Merlin,8,2,Aug_W2,0.1186186,666.0
Merlin,8,3,Aug_W3,0.2481752,822.0
Merlin,8,4,Aug_W4,0.2733749,1123.0
Merlin,9,1,Sep_W1,0.3432343,909.0
Merlin,9,2,Sep_W2,0.3197492,957.0
Merlin,9,3,Sep_W3,0.2741433,963.0
Merlin,9,4,Sep_W4,0.2455768,1413.0
Merlin,10,1,Oct_W1,0.2366803,976.0
Merlin,10,2,Oct_W2,0.2240602,1330.0
Merlin,10,3,Oct_W3,0.1714818,1073.0
Merlin,10,4,Oct_W4,0.1317898,1123.0
Merlin,11,1,Nov_W1,0.0947522,686.0
Merlin,11,2,Nov_W2,0.0936556,662.0
Merlin,11,3,Nov_W3,0.0350467,428.0
Merlin,11,4,Nov_W4,0.0029499,339.0
Merlin,12,1,Dec_W1,0.0,213.0
Merlin,12,2,Dec_W2,0.0072727,275.0
Merlin,12,3,Dec_W3,0.0015,318.0
Merlin,12,4,Dec_W4,0.0053706,931.0
Gyrfalcon,1,1,Jan_W1,0.0009728,1028.0
Gyrfalcon,1,2,Jan_W2,0.0201005,995.0
Gyrfalcon,1,3,Jan_W3,0.0012953,1544.0
Gyrfalcon,1,4,Jan_W4,0.0028289,1414.0
Gyrfalcon,2,1,Feb_W1,0.0015,1431.0
Gyrfalcon,2,2,Feb_W2,0.0099217,1915.0
Gyrfalcon,2,3,Feb_W3,0.003915,1788.0
Gyrfalcon,2,4,Feb_W4,0.0044843,669.0
Gyrfalcon,3,1,Mar_W1,0.0015,543.0
Gyrfalcon,3,2,Mar_W2,0.0027473,364.0
Gyrfalcon,3,3,Mar_W3,0.0014684,681.0
Gyrfalcon,3,4,Mar_W4,0.008867,1015.0
Gyrfalcon,4,1,Apr_W1,0.0172872,752.0
Gyrfalcon,4,2,Apr_W2,0.0015,1082.0
Gyrfalcon,4,3,Apr_W3,0.0,1195.0
Gyrfalcon,4,4,Apr_W4,0.0,2785.0
Gyrfalcon,5,1,May_W1,0.0,1461.0
Gyrfalcon,5,2,May_W2,0.0,1400.0
Gyrfalcon,5,3,May_W3,0.0,2046.0
Gyrfalcon,5,4,May_W4,0.0,3943.0
Gyrfalcon,6,1,Jun_W1,0.0,1548.0
Gyrfalcon,6,2,Jun_W2,0.0,1075.0
Gyrfalcon,6,3,Jun_W3,0.0,1107.0
Gyrfalcon,6,4,Jun_W4,0.0,1051.0
Gyrfalcon,7,1,Jul_W1,0.0,795.0
Gyrfalcon,7,2,Jul_W2,0.0,584.0
Gyrfalcon,7,3,Jul_W3,0.0,533.0
Gyrfalcon,7,4,Jul_W4,0.0,790.0
Gyrfalcon,8,1,Aug_W1,0.0,597.0
Gyrfalcon,8,2,Aug_W2,0.0,666.0
Gyrfalcon,8,3,Aug_W3,0.0,822.0
Gyrfalcon,8,4,Aug_W4,0.0,1123.0
Gyrfalcon,9,1,Sep_W1,0.0,909.0
Gyrfalcon,9,2,Sep_W2,0.0,957.0
Gyrfalcon,9,3,Sep_W3,0.0,963.0
Gyrfalcon,9,4,Sep_W4,0.0,1413.0
Gyrfalcon,10,1,Oct_W1,0.0,976.0
Gyrfalcon,10,2,Oct_W2,0.0,1330.0
Gyrfalcon,10,3,Oct_W3,0.0,1073.0
Gyrfalcon,10,4,Oct_W4,0.0008905,1123.0
Gyrfalcon,11,1,Nov_W1,0.0014577,686.0
Gyrfalcon,11,2,Nov_W2,0.0,662.0
Gyrfalcon,11,3,Nov_W3,0.0,428.0
Gyrfalcon,11,4,Nov_W4,0.0029499,339.0
Gyrfalcon,12,1,Dec_W1,0.0,213.0
Gyrfalcon,12,2,Dec_W2,0.0015,275.0
Gyrfalcon,12,3,Dec_W3,0.0015,318.0
Gyrfalcon,12,4,Dec_W4,0.0021482,931.0
Peregrine Falcon,1,1,Jan_W1,0.0038911,1028.0
Peregrine Falcon,1,2,Jan_W2,0.0015,995.0
Peregrine Falcon,1,3,Jan_W3,0.0,1544.0
Peregrine Falcon,1,4,Jan_W4,0.0,1414.0
Peregrine Falcon,2,1,Feb_W1,0.0,1431.0
Peregrine Falcon,2,2,Feb_W2,0.0005222,1915.0
Peregrine Falcon,2,3,Feb_W3,0.0011186,1788.0
Peregrine Falcon,2,4,Feb_W4,0.0014948,669.0
Peregrine Falcon,3,1,Mar_W1,0.0,543.0
Peregrine Falcon,3,2,Mar_W2,0.0027473,364.0
Peregrine Falcon,3,3,Mar_W3,0.0015,681.0
Peregrine Falcon,3,4,Mar_W4,0.0019704,1015.0
Peregrine Falcon,4,1,Apr_W1,0.0119681,752.0
Peregrine Falcon,4,2,Apr_W2,0.0175601,1082.0
Peregrine Falcon,4,3,Apr_W3,0.0242678,1195.0
Peregrine Falcon,4,4,Apr_W4,0.0707361,2785.0
Peregrine Falcon,5,1,May_W1,0.1793292,1461.0
Peregrine Falcon,5,2,May_W2,0.1728571,1400.0
Peregrine Falcon,5,3,May_W3,0.1182796,2046.0
Peregrine Falcon,5,4,May_W4,0.0712655,3943.0
Peregrine Falcon,6,1,Jun_W1,0.0090439,1548.0
Peregrine Falcon,6,2,Jun_W2,0.0027907,1075.0
Peregrine Falcon,6,3,Jun_W3,0.0015,1107.0
Peregrine Falcon,6,4,Jun_W4,0.0009515,1051.0
Peregrine Falcon,7,1,Jul_W1,0.0015,795.0
Peregrine Falcon,7,2,Jul_W2,0.0015,584.0
Peregrine Falcon,7,3,Jul_W3,0.0,533.0
Peregrine Falcon,7,4,Jul_W4,0.0012658,790.0
Peregrine Falcon,8,1,Aug_W1,0.0033501,597.0
Peregrine Falcon,8,2,Aug_W2,0.006006,666.0
Peregrine Falcon,8,3,Aug_W3,0.0121655,822.0
Peregrine Falcon,8,4,Aug_W4,0.0347284,1123.0
Peregrine Falcon,9,1,Sep_W1,0.0352035,909.0
Peregrine Falcon,9,2,Sep_W2,0.0438871,957.0
Peregrine Falcon,9,3,Sep_W3,0.0809969,963.0
Peregrine Falcon,9,4,Sep_W4,0.1401274,1413.0
Peregrine Falcon,10,1,Oct_W1,0.1516393,976.0
Peregrine Falcon,10,2,Oct_W2,0.1330827,1330.0
Peregrine Falcon,10,3,Oct_W3,0.0661696,1073.0
Peregrine Falcon,10,4,Oct_W4,0.0071238,1123.0
Peregrine Falcon,11,1,Nov_W1,0.0029155,686.0
Peregrine Falcon,11,2,Nov_W2,0.0015,662.0
Peregrine Falcon,11,3,Nov_W3,0.0,428.0
Peregrine Falcon,11,4,Nov_W4,0.0,339.0
Peregrine Falcon,12,1,Dec_W1,0.0,213.0
Peregrine Falcon,12,2,Dec_W2,0.0,275.0
Peregrine Falcon,12,3,Dec_W3,0.0031447,318.0
Peregrine Falcon,12,4,Dec_W4,0.0,931.0
Prairie Falcon,1,1,Jan_W1,0.0,1028.0
Prairie Falcon,1,2,Jan_W2,0.0,995.0
Prairie Falcon,1,3,Jan_W3,0.0,1544.0
Prairie Falcon,1,4,Jan_W4,0.0,1414.0
Prairie Falcon,2,1,Feb_W1,0.0,1431.0
Prairie Falcon,2,2,Feb_W2,0.0,1915.0
Prairie Falcon,2,3,Feb_W3,0.0,1788.0
Prairie Falcon,2,4,Feb_W4,0.0,669.0
Prairie Falcon,3,1,Mar_W1,0.0,543.0
Prairie Falcon,3,2,Mar_W2,0.0,364.0
Prairie Falcon,3,3,Mar_W3,0.0,681.0
Prairie Falcon,3,4,Mar_W4,0.0,1015.0
Prairie Falcon,4,1,Apr_W1,0.0,752.0
Prairie Falcon,4,2,Apr_W2,0.0,1082.0
Prairie Falcon,4,3,Apr_W3,0.0,1195.0
Prairie Falcon,4,4,Apr_W4,0.0,2785.0
Prairie Falcon,5,1,May_W1,0.0,1461.0
Prairie Falcon,5,2,May_W2,0.0,1400.0
Prairie Falcon,5,3,May_W3,0.0,2046.0
Prairie Falcon,5,4,May_W4,0.0,3943.0
Prairie Falcon,6,1,Jun_W1,0.0,1548.0
Prairie Falcon,6,2,Jun_W2,0.0,1075.0
Prairie Falcon,6,3,Jun_W3,0.0,1107.0
Prairie Falcon,6,4,Jun_W4,0.0,1051.0
Prairie Falcon,7,1,Jul_W1,0.0,795.0
Prairie Falcon,7,2,Jul_W2,0.0,584.0
Prairie Falcon,7,3,Jul_W3,0.0,533.0
Prairie Falcon,7,4,Jul_W4,0.0,790.0
Prairie Falcon,8,1,Aug_W1,0.0033501,597.0
Prairie Falcon,8,2,Aug_W2,0.0,666.0
Prairie Falcon,8,3,Aug_W3,0.0,822.0
Prairie Falcon,8,4,Aug_W4,0.0,1123.0
Prairie Falcon,9,1,Sep_W1,0.0,909.0
Prairie Falcon,9,2,Sep_W2,0.0,957.0
Prairie Falcon,9,3,Sep_W3,0.0,963.0
Prairie Falcon,9,4,Sep_W4,0.0,1413.0
Prairie Falcon,10,1,Oct_W1,0.0,976.0
Prairie Falcon,10,2,Oct_W2,0.0,1330.0
Prairie Falcon,10,3,Oct_W3,0.0,1073.0
Prairie Falcon,10,4,Oct_W4,0.0,1123.0
Prairie Falcon,11,1,Nov_W1,0.0,686.0
Prairie Falcon,11,2,Nov_W2,0.0,662.0
Prairie Falcon,11,3,Nov_W3,0.0,428.0
Prairie Falcon,11,4,Nov_W4,0.0,339.0
Prairie Falcon,12,1,Dec_W1,0.0,213.0
Prairie Falcon,12,2,Dec_W2,0.0,275.0
Prairie Falcon,12,3,Dec_W3,0.0,318.0
Prairie Falcon,12,4,Dec_W4,0.0,931.0
Olive-sided Flycatcher,1,1,Jan_W1,0.0,1028.0
Olive-sided Flycatcher,1,2,Jan_W2,0.0,995.0
Olive-sided Flycatcher,1,3,Jan_W3,0.0,1544.0
Olive-sided Flycatcher,1,4,Jan_W4,0.0,1414.0
Olive-sided Flycatcher,2,1,Feb_W1,0.0,1431.0
Olive-sided Flycatcher,2,2,Feb_W2,0.0,1915.0
Olive-sided Flycatcher,2,3,Feb_W3,0.0,1788.0
Olive-sided Flycatcher,2,4,Feb_W4,0.0,669.0
Olive-sided Flycatcher,3,1,Mar_W1,0.0,543.0
Olive-sided Flycatcher,3,2,Mar_W2,0.0,364.0
Olive-sided Flycatcher,3,3,Mar_W3,0.0,681.0
Olive-sided Flycatcher,3,4,Mar_W4,0.0,1015.0
Olive-sided Flycatcher,4,1,Apr_W1,0.0,752.0
Olive-sided Flycatcher,4,2,Apr_W2,0.0,1082.0
Olive-sided Flycatcher,4,3,Apr_W3,0.0,1195.0
Olive-sided Flycatcher,4,4,Apr_W4,0.0,2785.0
Olive-sided Flycatcher,5,1,May_W1,0.0,1461.0
Olive-sided Flycatcher,5,2,May_W2,0.0015,1400.0
Olive-sided Flycatcher,5,3,May_W3,0.0073314,2046.0
Olive-sided Flycatcher,5,4,May_W4,0.0268831,3943.0
Olive-sided Flycatcher,6,1,Jun_W1,0.0562016,1548.0
Olive-sided Flycatcher,6,2,Jun_W2,0.0465116,1075.0
Olive-sided Flycatcher,6,3,Jun_W3,0.0415537,1107.0
Olive-sided Flycatcher,6,4,Jun_W4,0.0304472,1051.0
Olive-sided Flycatcher,7,1,Jul_W1,0.0163522,795.0
Olive-sided Flycatcher,7,2,Jul_W2,0.0085616,584.0
Olive-sided Flycatcher,7,3,Jul_W3,0.0150094,533.0
Olive-sided Flycatcher,7,4,Jul_W4,0.0075949,790.0
Olive-sided Flycatcher,8,1,Aug_W1,0.0083752,597.0
Olive-sided Flycatcher,8,2,Aug_W2,0.009009,666.0
Olive-sided Flycatcher,8,3,Aug_W3,0.0182482,822.0
Olive-sided Flycatcher,8,4,Aug_W4,0.0124666,1123.0
Olive-sided Flycatcher,9,1,Sep_W1,0.0011001,909.0
Olive-sided Flycatcher,9,2,Sep_W2,0.0020899,957.0
Olive-sided Flycatcher,9,3,Sep_W3,0.0,963.0
Olive-sided Flycatcher,9,4,Sep_W4,0.0,1413.0
Olive-sided Flycatcher,10,1,Oct_W1,0.0,976.0
Olive-sided Flycatcher,10,2,Oct_W2,0.0,1330.0
Olive-sided Flycatcher,10,3,Oct_W3,0.0,1073.0
Olive-sided Flycatcher,10,4,Oct_W4,0.0,1123.0
Olive-sided Flycatcher,11,1,Nov_W1,0.0,686.0
Olive-sided Flycatcher,11,2,Nov_W2,0.0,662.0
Olive-sided Flycatcher,11,3,Nov_W3,0.0,428.0
Olive-sided Flycatcher,11,4,Nov_W4,0.0,339.0
Olive-sided Flycatcher,12,1,Dec_W1,0.0,213.0
Olive-sided Flycatcher,12,2,Dec_W2,0.0,275.0
Olive-sided Flycatcher,12,3,Dec_W3,0.0,318.0
Olive-sided Flycatcher,12,4,Dec_W4,0.0,931.0
Eastern Wood-Pewee,1,1,Jan_W1,0.0,1028.0
Eastern Wood-Pewee,1,2,Jan_W2,0.0,995.0
Eastern Wood-Pewee,1,3,Jan_W3,0.0,1544.0
Eastern Wood-Pewee,1,4,Jan_W4,0.0,1414.0
Eastern Wood-Pewee,2,1,Feb_W1,0.0,1431.0
Eastern Wood-Pewee,2,2,Feb_W2,0.0,1915.0
Eastern Wood-Pewee,2,3,Feb_W3,0.0,1788.0
Eastern Wood-Pewee,2,4,Feb_W4,0.0,669.0
Eastern Wood-Pewee,3,1,Mar_W1,0.0,543.0
Eastern Wood-Pewee,3,2,Mar_W2,0.0,364.0
Eastern Wood-Pewee,3,3,Mar_W3,0.0,681.0
Eastern Wood-Pewee,3,4,Mar_W4,0.0,1015.0
Eastern Wood-Pewee,4,1,Apr_W1,0.0,752.0
Eastern Wood-Pewee,4,2,Apr_W2,0.0,1082.0
Eastern Wood-Pewee,4,3,Apr_W3,0.0,1195.0
Eastern Wood-Pewee,4,4,Apr_W4,0.0,2785.0
Eastern Wood-Pewee,5,1,May_W1,0.0,1461.0
Eastern Wood-Pewee,5,2,May_W2,0.0007143,1400.0
Eastern Wood-Pewee,5,3,May_W3,0.0175953,2046.0
Eastern Wood-Pewee,5,4,May_W4,0.0669541,3943.0
Eastern Wood-Pewee,6,1,Jun_W1,0.122093,1548.0
Eastern Wood-Pewee,6,2,Jun_W2,0.1534884,1075.0
Eastern Wood-Pewee,6,3,Jun_W3,0.1436314,1107.0
Eastern Wood-Pewee,6,4,Jun_W4,0.0970504,1051.0
Eastern Wood-Pewee,7,1,Jul_W1,0.0867925,795.0
Eastern Wood-Pewee,7,2,Jul_W2,0.0719178,584.0
Eastern Wood-Pewee,7,3,Jul_W3,0.0675422,533.0
Eastern Wood-Pewee,7,4,Jul_W4,0.0582278,790.0
Eastern Wood-Pewee,8,1,Aug_W1,0.0854271,597.0
Eastern Wood-Pewee,8,2,Aug_W2,0.0765766,666.0
Eastern Wood-Pewee,8,3,Aug_W3,0.0681265,822.0
Eastern Wood-Pewee,8,4,Aug_W4,0.0552093,1123.0
Eastern Wood-Pewee,9,1,Sep_W1,0.0132013,909.0
Eastern Wood-Pewee,9,2,Sep_W2,0.0083595,957.0
Eastern Wood-Pewee,9,3,Sep_W3,0.0051921,963.0
Eastern Wood-Pewee,9,4,Sep_W4,0.0015,1413.0
Eastern Wood-Pewee,10,1,Oct_W1,0.0020492,976.0
Eastern Wood-Pewee,10,2,Oct_W2,0.0015038,1330.0
Eastern Wood-Pewee,10,3,Oct_W3,0.0018639,1073.0
Eastern Wood-Pewee,10,4,Oct_W4,0.0,1123.0
Eastern Wood-Pewee,11,1,Nov_W1,0.0,686.0
Eastern Wood-Pewee,11,2,Nov_W2,0.0,662.0
Eastern Wood-Pewee,11,3,Nov_W3,0.0,428.0
Eastern Wood-Pewee,11,4,Nov_W4,0.0,339.0
Eastern Wood-Pewee,12,1,Dec_W1,0.0,213.0
Eastern Wood-Pewee,12,2,Dec_W2,0.0,275.0
Eastern Wood-Pewee,12,3,Dec_W3,0.0,318.0
Eastern Wood-Pewee,12,4,Dec_W4,0.0,931.0
Yellow-bellied Flycatcher,1,1,Jan_W1,0.0,1028.0
Yellow-bellied Flycatcher,1,2,Jan_W2,0.0,995.0
Yellow-bellied Flycatcher,1,3,Jan_W3,0.0,1544.0
Yellow-bellied Flycatcher,1,4,Jan_W4,0.0,1414.0
Yellow-bellied Flycatcher,2,1,Feb_W1,0.0,1431.0
Yellow-bellied Flycatcher,2,2,Feb_W2,0.0,1915.0
Yellow-bellied Flycatcher,2,3,Feb_W3,0.0,1788.0
Yellow-bellied Flycatcher,2,4,Feb_W4,0.0,669.0
Yellow-bellied Flycatcher,3,1,Mar_W1,0.0,543.0
Yellow-bellied Flycatcher,3,2,Mar_W2,0.0,364.0
Yellow-bellied Flycatcher,3,3,Mar_W3,0.0,681.0
Yellow-bellied Flycatcher,3,4,Mar_W4,0.0,1015.0
Yellow-bellied Flycatcher,4,1,Apr_W1,0.0,752.0
Yellow-bellied Flycatcher,4,2,Apr_W2,0.0,1082.0
Yellow-bellied Flycatcher,4,3,Apr_W3,0.0,1195.0
Yellow-bellied Flycatcher,4,4,Apr_W4,0.0,2785.0
Yellow-bellied Flycatcher,5,1,May_W1,0.0006845,1461.0
Yellow-bellied Flycatcher,5,2,May_W2,0.0007143,1400.0
Yellow-bellied Flycatcher,5,3,May_W3,0.016129,2046.0
Yellow-bellied Flycatcher,5,4,May_W4,0.0750697,3943.0
Yellow-bellied Flycatcher,6,1,Jun_W1,0.0807494,1548.0
Yellow-bellied Flycatcher,6,2,Jun_W2,0.0465116,1075.0
Yellow-bellied Flycatcher,6,3,Jun_W3,0.0442638,1107.0
Yellow-bellied Flycatcher,6,4,Jun_W4,0.0142721,1051.0
Yellow-bellied Flycatcher,7,1,Jul_W1,0.0150943,795.0
Yellow-bellied Flycatcher,7,2,Jul_W2,0.0015,584.0
Yellow-bellied Flycatcher,7,3,Jul_W3,0.0131332,533.0
Yellow-bellied Flycatcher,7,4,Jul_W4,0.0113924,790.0
Yellow-bellied Flycatcher,8,1,Aug_W1,0.001675,597.0
Yellow-bellied Flycatcher,8,2,Aug_W2,0.018018,666.0
Yellow-bellied Flycatcher,8,3,Aug_W3,0.0097324,822.0
Yellow-bellied Flycatcher,8,4,Aug_W4,0.0106857,1123.0
Yellow-bellied Flycatcher,9,1,Sep_W1,0.009901,909.0
Yellow-bellied Flycatcher,9,2,Sep_W2,0.0083595,957.0
Yellow-bellied Flycatcher,9,3,Sep_W3,0.0010384,963.0
Yellow-bellied Flycatcher,9,4,Sep_W4,0.0,1413.0
Yellow-bellied Flycatcher,10,1,Oct_W1,0.0,976.0
Yellow-bellied Flycatcher,10,2,Oct_W2,0.0,1330.0
Yellow-bellied Flycatcher,10,3,Oct_W3,0.0,1073.0
Yellow-bellied Flycatcher,10,4,Oct_W4,0.0,1123.0
Yellow-bellied Flycatcher,11,1,Nov_W1,0.0,686.0
Yellow-bellied Flycatcher,11,2,Nov_W2,0.0,662.0
Yellow-bellied Flycatcher,11,3,Nov_W3,0.0,428.0
Yellow-bellied Flycatcher,11,4,Nov_W4,0.0,339.0
Yellow-bellied Flycatcher,12,1,Dec_W1,0.0,213.0
Yellow-bellied Flycatcher,12,2,Dec_W2,0.0,275.0
Yellow-bellied Flycatcher,12,3,Dec_W3,0.0,318.0
Yellow-bellied Flycatcher,12,4,Dec_W4,0.0,931.0
Alder Flycatcher,1,1,Jan_W1,0.0,1028.0
Alder Flycatcher,1,2,Jan_W2,0.0,995.0
Alder Flycatcher,1,3,Jan_W3,0.0,1544.0
Alder Flycatcher,1,4,Jan_W4,0.0,1414.0
Alder Flycatcher,2,1,Feb_W1,0.0,1431.0
Alder Flycatcher,2,2,Feb_W2,0.0,1915.0
Alder Flycatcher,2,3,Feb_W3,0.0,1788.0
Alder Flycatcher,2,4,Feb_W4,0.0,669.0
Alder Flycatcher,3,1,Mar_W1,0.0,543.0
Alder Flycatcher,3,2,Mar_W2,0.0,364.0
Alder Flycatcher,3,3,Mar_W3,0.0,681.0
Alder Flycatcher,3,4,Mar_W4,0.0,1015.0
Alder Flycatcher,4,1,Apr_W1,0.0,752.0
Alder Flycatcher,4,2,Apr_W2,0.0,1082.0
Alder Flycatcher,4,3,Apr_W3,0.0,1195.0
Alder Flycatcher,4,4,Apr_W4,0.0,2785.0
Alder Flycatcher,5,1,May_W1,0.0,1461.0
Alder Flycatcher,5,2,May_W2,0.0028571,1400.0
Alder Flycatcher,5,3,May_W3,0.0185728,2046.0
Alder Flycatcher,5,4,May_W4,0.1255389,3943.0
Alder Flycatcher,6,1,Jun_W1,0.2881137,1548.0
Alder Flycatcher,6,2,Jun_W2,0.2437209,1075.0
Alder Flycatcher,6,3,Jun_W3,0.2258356,1107.0
Alder Flycatcher,6,4,Jun_W4,0.1389153,1051.0
Alder Flycatcher,7,1,Jul_W1,0.0792453,795.0
Alder Flycatcher,7,2,Jul_W2,0.0736301,584.0
Alder Flycatcher,7,3,Jul_W3,0.108818,533.0
Alder Flycatcher,7,4,Jul_W4,0.1063291,790.0
Alder Flycatcher,8,1,Aug_W1,0.0770519,597.0
Alder Flycatcher,8,2,Aug_W2,0.0525526,666.0
Alder Flycatcher,8,3,Aug_W3,0.0279805,822.0
Alder Flycatcher,8,4,Aug_W4,0.0142476,1123.0
Alder Flycatcher,9,1,Sep_W1,0.0077008,909.0
Alder Flycatcher,9,2,Sep_W2,0.0052247,957.0
Alder Flycatcher,9,3,Sep_W3,0.0031153,963.0
Alder Flycatcher,9,4,Sep_W4,0.0,1413.0
Alder Flycatcher,10,1,Oct_W1,0.0,976.0
Alder Flycatcher,10,2,Oct_W2,0.0,1330.0
Alder Flycatcher,10,3,Oct_W3,0.0,1073.0
Alder Flycatcher,10,4,Oct_W4,0.0,1123.0
Alder Flycatcher,11,1,Nov_W1,0.0,686.0
Alder Flycatcher,11,2,Nov_W2,0.0,662.0
Alder Flycatcher,11,3,Nov_W3,0.0,428.0
Alder Flycatcher,11,4,Nov_W4,0.0,339.0
Alder Flycatcher,12,1,Dec_W1,0.0,213.0
Alder Flycatcher,12,2,Dec_W2,0.0,275.0
Alder Flycatcher,12,3,Dec_W3,0.0,318.0
Alder Flycatcher,12,4,Dec_W4,0.0,931.0
Willow Flycatcher,1,1,Jan_W1,0.0,1028.0
Willow Flycatcher,1,2,Jan_W2,0.0,995.0
Willow Flycatcher,1,3,Jan_W3,0.0,1544.0
Willow Flycatcher,1,4,Jan_W4,0.0,1414.0
Willow Flycatcher,2,1,Feb_W1,0.0,1431.0
Willow Flycatcher,2,2,Feb_W2,0.0,1915.0
Willow Flycatcher,2,3,Feb_W3,0.0,1788.0
Willow Flycatcher,2,4,Feb_W4,0.0,669.0
Willow Flycatcher,3,1,Mar_W1,0.0,543.0
Willow Flycatcher,3,2,Mar_W2,0.0,364.0
Willow Flycatcher,3,3,Mar_W3,0.0,681.0
Willow Flycatcher,3,4,Mar_W4,0.0,1015.0
Willow Flycatcher,4,1,Apr_W1,0.0,752.0
Willow Flycatcher,4,2,Apr_W2,0.0,1082.0
Willow Flycatcher,4,3,Apr_W3,0.0,1195.0
Willow Flycatcher,4,4,Apr_W4,0.0,2785.0
Willow Flycatcher,5,1,May_W1,0.0,1461.0
Willow Flycatcher,5,2,May_W2,0.0,1400.0
Willow Flycatcher,5,3,May_W3,0.0,2046.0
Willow Flycatcher,5,4,May_W4,0.0002536,3943.0
Willow Flycatcher,6,1,Jun_W1,0.0109819,1548.0
Willow Flycatcher,6,2,Jun_W2,0.0204651,1075.0
Willow Flycatcher,6,3,Jun_W3,0.0225836,1107.0
Willow Flycatcher,6,4,Jun_W4,0.0076118,1051.0
Willow Flycatcher,7,1,Jul_W1,0.0012579,795.0
Willow Flycatcher,7,2,Jul_W2,0.0034247,584.0
Willow Flycatcher,7,3,Jul_W3,0.0037523,533.0
Willow Flycatcher,7,4,Jul_W4,0.0,790.0
Willow Flycatcher,8,1,Aug_W1,0.0,597.0
Willow Flycatcher,8,2,Aug_W2,0.0,666.0
Willow Flycatcher,8,3,Aug_W3,0.0012165,822.0
Willow Flycatcher,8,4,Aug_W4,0.0017809,1123.0
Willow Flycatcher,9,1,Sep_W1,0.0,909.0
Willow Flycatcher,9,2,Sep_W2,0.0020899,957.0
Willow Flycatcher,9,3,Sep_W3,0.0,963.0
Willow Flycatcher,9,4,Sep_W4,0.0,1413.0
Willow Flycatcher,10,1,Oct_W1,0.0,976.0
Willow Flycatcher,10,2,Oct_W2,0.0,1330.0
Willow Flycatcher,10,3,Oct_W3,0.0,1073.0
Willow Flycatcher,10,4,Oct_W4,0.0,1123.0
Willow Flycatcher,11,1,Nov_W1,0.0,686.0
Willow Flycatcher,11,2,Nov_W2,0.0,662.0
Willow Flycatcher,11,3,Nov_W3,0.0,428.0
Willow Flycatcher,11,4,Nov_W4,0.0,339.0
Willow Flycatcher,12,1,Dec_W1,0.0,213.0
Willow Flycatcher,12,2,Dec_W2,0.0,275.0
Willow Flycatcher,12,3,Dec_W3,0.0,318.0
Willow Flycatcher,12,4,Dec_W4,0.0,931.0
Least Flycatcher,1,1,Jan_W1,0.0,1028.0
Least Flycatcher,1,2,Jan_W2,0.0,995.0
Least Flycatcher,1,3,Jan_W3,0.0,1544.0
Least Flycatcher,1,4,Jan_W4,0.0,1414.0
Least Flycatcher,2,1,Feb_W1,0.0,1431.0
Least Flycatcher,2,2,Feb_W2,0.0,1915.0
Least Flycatcher,2,3,Feb_W3,0.0,1788.0
Least Flycatcher,2,4,Feb_W4,0.0,669.0
Least Flycatcher,3,1,Mar_W1,0.0,543.0
Least Flycatcher,3,2,Mar_W2,0.0,364.0
Least Flycatcher,3,3,Mar_W3,0.0,681.0
Least Flycatcher,3,4,Mar_W4,0.0,1015.0
Least Flycatcher,4,1,Apr_W1,0.0,752.0
Least Flycatcher,4,2,Apr_W2,0.0,1082.0
Least Flycatcher,4,3,Apr_W3,0.0,1195.0
Least Flycatcher,4,4,Apr_W4,0.0,2785.0
Least Flycatcher,5,1,May_W1,0.0061602,1461.0
Least Flycatcher,5,2,May_W2,0.0557143,1400.0
Least Flycatcher,5,3,May_W3,0.1290323,2046.0
Least Flycatcher,5,4,May_W4,0.137966,3943.0
Least Flycatcher,6,1,Jun_W1,0.0801034,1548.0
Least Flycatcher,6,2,Jun_W2,0.0967442,1075.0
Least Flycatcher,6,3,Jun_W3,0.1093044,1107.0
Least Flycatcher,6,4,Jun_W4,0.0637488,1051.0
Least Flycatcher,7,1,Jul_W1,0.0503145,795.0
Least Flycatcher,7,2,Jul_W2,0.0205479,584.0
Least Flycatcher,7,3,Jul_W3,0.0168856,533.0
Least Flycatcher,7,4,Jul_W4,0.0139241,790.0
Least Flycatcher,8,1,Aug_W1,0.0217755,597.0
Least Flycatcher,8,2,Aug_W2,0.0285285,666.0
Least Flycatcher,8,3,Aug_W3,0.0425791,822.0
Least Flycatcher,8,4,Aug_W4,0.0445236,1123.0
Least Flycatcher,9,1,Sep_W1,0.039604,909.0
Least Flycatcher,9,2,Sep_W2,0.0355277,957.0
Least Flycatcher,9,3,Sep_W3,0.0290758,963.0
Least Flycatcher,9,4,Sep_W4,0.0056617,1413.0
Least Flycatcher,10,1,Oct_W1,0.0010246,976.0
Least Flycatcher,10,2,Oct_W2,0.0037594,1330.0
Least Flycatcher,10,3,Oct_W3,0.0,1073.0
Least Flycatcher,10,4,Oct_W4,0.0,1123.0
Least Flycatcher,11,1,Nov_W1,0.0,686.0
Least Flycatcher,11,2,Nov_W2,0.0,662.0
Least Flycatcher,11,3,Nov_W3,0.0,428.0
Least Flycatcher,11,4,Nov_W4,0.0,339.0
Least Flycatcher,12,1,Dec_W1,0.0,213.0
Least Flycatcher,12,2,Dec_W2,0.0,275.0
Least Flycatcher,12,3,Dec_W3,0.0,318.0
Least Flycatcher,12,4,Dec_W4,0.0,931.0
Eastern Phoebe,1,1,Jan_W1,0.0,1028.0
Eastern Phoebe,1,2,Jan_W2,0.0,995.0
Eastern Phoebe,1,3,Jan_W3,0.0,1544.0
Eastern Phoebe,1,4,Jan_W4,0.0,1414.0
Eastern Phoebe,2,1,Feb_W1,0.0,1431.0
Eastern Phoebe,2,2,Feb_W2,0.0,1915.0
Eastern Phoebe,2,3,Feb_W3,0.0,1788.0
Eastern Phoebe,2,4,Feb_W4,0.0,669.0
Eastern Phoebe,3,1,Mar_W1,0.0,543.0
Eastern Phoebe,3,2,Mar_W2,0.0,364.0
Eastern Phoebe,3,3,Mar_W3,0.0,681.0
Eastern Phoebe,3,4,Mar_W4,0.0019704,1015.0
Eastern Phoebe,4,1,Apr_W1,0.0039894,752.0
Eastern Phoebe,4,2,Apr_W2,0.051756,1082.0
Eastern Phoebe,4,3,Apr_W3,0.0912134,1195.0
Eastern Phoebe,4,4,Apr_W4,0.0868941,2785.0
Eastern Phoebe,5,1,May_W1,0.0602327,1461.0
Eastern Phoebe,5,2,May_W2,0.0428571,1400.0
Eastern Phoebe,5,3,May_W3,0.0488759,2046.0
Eastern Phoebe,5,4,May_W4,0.0537662,3943.0
Eastern Phoebe,6,1,Jun_W1,0.0691214,1548.0
Eastern Phoebe,6,2,Jun_W2,0.0530233,1075.0
Eastern Phoebe,6,3,Jun_W3,0.0514905,1107.0
Eastern Phoebe,6,4,Jun_W4,0.0428164,1051.0
Eastern Phoebe,7,1,Jul_W1,0.0654088,795.0
Eastern Phoebe,7,2,Jul_W2,0.0565068,584.0
Eastern Phoebe,7,3,Jul_W3,0.0450281,533.0
Eastern Phoebe,7,4,Jul_W4,0.0582278,790.0
Eastern Phoebe,8,1,Aug_W1,0.0770519,597.0
Eastern Phoebe,8,2,Aug_W2,0.0795796,666.0
Eastern Phoebe,8,3,Aug_W3,0.0547445,822.0
Eastern Phoebe,8,4,Aug_W4,0.0498664,1123.0
Eastern Phoebe,9,1,Sep_W1,0.0275028,909.0
Eastern Phoebe,9,2,Sep_W2,0.0282132,957.0
Eastern Phoebe,9,3,Sep_W3,0.0238837,963.0
Eastern Phoebe,9,4,Sep_W4,0.0162774,1413.0
Eastern Phoebe,10,1,Oct_W1,0.0102459,976.0
Eastern Phoebe,10,2,Oct_W2,0.0067669,1330.0
Eastern Phoebe,10,3,Oct_W3,0.0027959,1073.0
Eastern Phoebe,10,4,Oct_W4,0.0017809,1123.0
Eastern Phoebe,11,1,Nov_W1,0.0014577,686.0
Eastern Phoebe,11,2,Nov_W2,0.0,662.0
Eastern Phoebe,11,3,Nov_W3,0.0,428.0
Eastern Phoebe,11,4,Nov_W4,0.0,339.0
Eastern Phoebe,12,1,Dec_W1,0.0,213.0
Eastern Phoebe,12,2,Dec_W2,0.0,275.0
Eastern Phoebe,12,3,Dec_W3,0.0,318.0
Eastern Phoebe,12,4,Dec_W4,0.0,931.0
Say's Phoebe,1,1,Jan_W1,0.0,1028.0
Say's Phoebe,1,2,Jan_W2,0.0,995.0
Say's Phoebe,1,3,Jan_W3,0.0,1544.0
Say's Phoebe,1,4,Jan_W4,0.0,1414.0
Say's Phoebe,2,1,Feb_W1,0.0,1431.0
Say's Phoebe,2,2,Feb_W2,0.0,1915.0
Say's Phoebe,2,3,Feb_W3,0.0,1788.0
Say's Phoebe,2,4,Feb_W4,0.0,669.0
Say's Phoebe,3,1,Mar_W1,0.0,543.0
Say's Phoebe,3,2,Mar_W2,0.0,364.0
Say's Phoebe,3,3,Mar_W3,0.0,681.0
Say's Phoebe,3,4,Mar_W4,0.0,1015.0
Say's Phoebe,4,1,Apr_W1,0.0,752.0
Say's Phoebe,4,2,Apr_W2,0.0,1082.0
Say's Phoebe,4,3,Apr_W3,0.0,1195.0
Say's Phoebe,4,4,Apr_W4,0.0003591,2785.0
Say's Phoebe,5,1,May_W1,0.0,1461.0
Say's Phoebe,5,2,May_W2,0.0,1400.0
Say's Phoebe,5,3,May_W3,0.0,2046.0
Say's Phoebe,5,4,May_W4,0.0007608,3943.0
Say's Phoebe,6,1,Jun_W1,0.0,1548.0
Say's Phoebe,6,2,Jun_W2,0.0,1075.0
Say's Phoebe,6,3,Jun_W3,0.0,1107.0
Say's Phoebe,6,4,Jun_W4,0.0,1051.0
Say's Phoebe,7,1,Jul_W1,0.0,795.0
Say's Phoebe,7,2,Jul_W2,0.0,584.0
Say's Phoebe,7,3,Jul_W3,0.0,533.0
Say's Phoebe,7,4,Jul_W4,0.0,790.0
Say's Phoebe,8,1,Aug_W1,0.0,597.0
Say's Phoebe,8,2,Aug_W2,0.0,666.0
Say's Phoebe,8,3,Aug_W3,0.0,822.0
Say's Phoebe,8,4,Aug_W4,0.0026714,1123.0
Say's Phoebe,9,1,Sep_W1,0.0044004,909.0
Say's Phoebe,9,2,Sep_W2,0.0,957.0
Say's Phoebe,9,3,Sep_W3,0.0051921,963.0
Say's Phoebe,9,4,Sep_W4,0.0,1413.0
Say's Phoebe,10,1,Oct_W1,0.0,976.0
Say's Phoebe,10,2,Oct_W2,0.0015038,1330.0
Say's Phoebe,10,3,Oct_W3,0.0,1073.0
Say's Phoebe,10,4,Oct_W4,0.0,1123.0
Say's Phoebe,11,1,Nov_W1,0.0,686.0
Say's Phoebe,11,2,Nov_W2,0.0,662.0
Say's Phoebe,11,3,Nov_W3,0.0,428.0
Say's Phoebe,11,4,Nov_W4,0.0,339.0
Say's Phoebe,12,1,Dec_W1,0.0,213.0
Say's Phoebe,12,2,Dec_W2,0.0,275.0
Say's Phoebe,12,3,Dec_W3,0.0,318.0
Say's Phoebe,12,4,Dec_W4,0.0,931.0
Vermilion Flycatcher,1,1,Jan_W1,0.0,1028.0
Vermilion Flycatcher,1,2,Jan_W2,0.0,995.0
Vermilion Flycatcher,1,3,Jan_W3,0.0,1544.0
Vermilion Flycatcher,1,4,Jan_W4,0.0,1414.0
Vermilion Flycatcher,2,1,Feb_W1,0.0,1431.0
Vermilion Flycatcher,2,2,Feb_W2,0.0,1915.0
Vermilion Flycatcher,2,3,Feb_W3,0.0,1788.0
Vermilion Flycatcher,2,4,Feb_W4,0.0,669.0
Vermilion Flycatcher,3,1,Mar_W1,0.0,543.0
Vermilion Flycatcher,3,2,Mar_W2,0.0,364.0
Vermilion Flycatcher,3,3,Mar_W3,0.0,681.0
Vermilion Flycatcher,3,4,Mar_W4,0.0,1015.0
Vermilion Flycatcher,4,1,Apr_W1,0.0,752.0
Vermilion Flycatcher,4,2,Apr_W2,0.0,1082.0
Vermilion Flycatcher,4,3,Apr_W3,0.0,1195.0
Vermilion Flycatcher,4,4,Apr_W4,0.0,2785.0
Vermilion Flycatcher,5,1,May_W1,0.0,1461.0
Vermilion Flycatcher,5,2,May_W2,0.0,1400.0
Vermilion Flycatcher,5,3,May_W3,0.0,2046.0
Vermilion Flycatcher,5,4,May_W4,0.0,3943.0
Vermilion Flycatcher,6,1,Jun_W1,0.0,1548.0
Vermilion Flycatcher,6,2,Jun_W2,0.0,1075.0
Vermilion Flycatcher,6,3,Jun_W3,0.0,1107.0
Vermilion Flycatcher,6,4,Jun_W4,0.0,1051.0
Vermilion Flycatcher,7,1,Jul_W1,0.0,795.0
Vermilion Flycatcher,7,2,Jul_W2,0.0,584.0
Vermilion Flycatcher,7,3,Jul_W3,0.0,533.0
Vermilion Flycatcher,7,4,Jul_W4,0.0,790.0
Vermilion Flycatcher,8,1,Aug_W1,0.0,597.0
Vermilion Flycatcher,8,2,Aug_W2,0.0,666.0
Vermilion Flycatcher,8,3,Aug_W3,0.0,822.0
Vermilion Flycatcher,8,4,Aug_W4,0.0,1123.0
Vermilion Flycatcher,9,1,Sep_W1,0.0,909.0
Vermilion Flycatcher,9,2,Sep_W2,0.0,957.0
Vermilion Flycatcher,9,3,Sep_W3,0.0,963.0
Vermilion Flycatcher,9,4,Sep_W4,0.0,1413.0
Vermilion Flycatcher,10,1,Oct_W1,0.0,976.0
Vermilion Flycatcher,10,2,Oct_W2,0.012782,1330.0
Vermilion Flycatcher,10,3,Oct_W3,0.0,1073.0
Vermilion Flycatcher,10,4,Oct_W4,0.0,1123.0
Vermilion Flycatcher,11,1,Nov_W1,0.0,686.0
Vermilion Flycatcher,11,2,Nov_W2,0.0,662.0
Vermilion Flycatcher,11,3,Nov_W3,0.0,428.0
Vermilion Flycatcher,11,4,Nov_W4,0.0,339.0
Vermilion Flycatcher,12,1,Dec_W1,0.0,213.0
Vermilion Flycatcher,12,2,Dec_W2,0.0,275.0
Vermilion Flycatcher,12,3,Dec_W3,0.0,318.0
Vermilion Flycatcher,12,4,Dec_W4,0.0,931.0
Ash-throated Flycatcher,1,1,Jan_W1,0.0,1028.0
Ash-throated Flycatcher,1,2,Jan_W2,0.0,995.0
Ash-throated Flycatcher,1,3,Jan_W3,0.0,1544.0
Ash-throated Flycatcher,1,4,Jan_W4,0.0,1414.0
Ash-throated Flycatcher,2,1,Feb_W1,0.0,1431.0
Ash-throated Flycatcher,2,2,Feb_W2,0.0,1915.0
Ash-throated Flycatcher,2,3,Feb_W3,0.0,1788.0
Ash-throated Flycatcher,2,4,Feb_W4,0.0,669.0
Ash-throated Flycatcher,3,1,Mar_W1,0.0,543.0
Ash-throated Flycatcher,3,2,Mar_W2,0.0,364.0
Ash-throated Flycatcher,3,3,Mar_W3,0.0,681.0
Ash-throated Flycatcher,3,4,Mar_W4,0.0,1015.0
Ash-throated Flycatcher,4,1,Apr_W1,0.0,752.0
Ash-throated Flycatcher,4,2,Apr_W2,0.0,1082.0
Ash-throated Flycatcher,4,3,Apr_W3,0.0,1195.0
Ash-throated Flycatcher,4,4,Apr_W4,0.0,2785.0
Ash-throated Flycatcher,5,1,May_W1,0.0,1461.0
Ash-throated Flycatcher,5,2,May_W2,0.0,1400.0
Ash-throated Flycatcher,5,3,May_W3,0.0,2046.0
Ash-throated Flycatcher,5,4,May_W4,0.0,3943.0
Ash-throated Flycatcher,6,1,Jun_W1,0.0,1548.0
Ash-throated Flycatcher,6,2,Jun_W2,0.0,1075.0
Ash-throated Flycatcher,6,3,Jun_W3,0.0,1107.0
Ash-throated Flycatcher,6,4,Jun_W4,0.0,1051.0
Ash-throated Flycatcher,7,1,Jul_W1,0.0,795.0
Ash-throated Flycatcher,7,2,Jul_W2,0.0,584.0
Ash-throated Flycatcher,7,3,Jul_W3,0.0,533.0
Ash-throated Flycatcher,7,4,Jul_W4,0.0,790.0
Ash-throated Flycatcher,8,1,Aug_W1,0.0,597.0
Ash-throated Flycatcher,8,2,Aug_W2,0.0,666.0
Ash-throated Flycatcher,8,3,Aug_W3,0.0,822.0
Ash-throated Flycatcher,8,4,Aug_W4,0.0062333,1123.0
Ash-throated Flycatcher,9,1,Sep_W1,0.0,909.0
Ash-throated Flycatcher,9,2,Sep_W2,0.0,957.0
Ash-throated Flycatcher,9,3,Sep_W3,0.0,963.0
Ash-throated Flycatcher,9,4,Sep_W4,0.0015,1413.0
Ash-throated Flycatcher,10,1,Oct_W1,0.0133197,976.0
Ash-throated Flycatcher,10,2,Oct_W2,0.0,1330.0
Ash-throated Flycatcher,10,3,Oct_W3,0.0,1073.0
Ash-throated Flycatcher,10,4,Oct_W4,0.0008905,1123.0
Ash-throated Flycatcher,11,1,Nov_W1,0.0,686.0
Ash-throated Flycatcher,11,2,Nov_W2,0.0015106,662.0
Ash-throated Flycatcher,11,3,Nov_W3,0.0140187,428.0
Ash-throated Flycatcher,11,4,Nov_W4,0.0,339.0
Ash-throated Flycatcher,12,1,Dec_W1,0.0,213.0
Ash-throated Flycatcher,12,2,Dec_W2,0.0,275.0
Ash-throated Flycatcher,12,3,Dec_W3,0.0,318.0
Ash-throated Flycatcher,12,4,Dec_W4,0.0,931.0
Great Crested Flycatcher,1,1,Jan_W1,0.0,1028.0
Great Crested Flycatcher,1,2,Jan_W2,0.0,995.0
Great Crested Flycatcher,1,3,Jan_W3,0.0,1544.0
Great Crested Flycatcher,1,4,Jan_W4,0.0,1414.0
Great Crested Flycatcher,2,1,Feb_W1,0.0,1431.0
Great Crested Flycatcher,2,2,Feb_W2,0.0,1915.0
Great Crested Flycatcher,2,3,Feb_W3,0.0,1788.0
Great Crested Flycatcher,2,4,Feb_W4,0.0,669.0
Great Crested Flycatcher,3,1,Mar_W1,0.0,543.0
Great Crested Flycatcher,3,2,Mar_W2,0.0,364.0
Great Crested Flycatcher,3,3,Mar_W3,0.0,681.0
Great Crested Flycatcher,3,4,Mar_W4,0.0,1015.0
Great Crested Flycatcher,4,1,Apr_W1,0.0,752.0
Great Crested Flycatcher,4,2,Apr_W2,0.0,1082.0
Great Crested Flycatcher,4,3,Apr_W3,0.0,1195.0
Great Crested Flycatcher,4,4,Apr_W4,0.0,2785.0
Great Crested Flycatcher,5,1,May_W1,0.0013689,1461.0
Great Crested Flycatcher,5,2,May_W2,0.0092857,1400.0
Great Crested Flycatcher,5,3,May_W3,0.0219941,2046.0
Great Crested Flycatcher,5,4,May_W4,0.0317017,3943.0
Great Crested Flycatcher,6,1,Jun_W1,0.0478036,1548.0
Great Crested Flycatcher,6,2,Jun_W2,0.055814,1075.0
Great Crested Flycatcher,6,3,Jun_W3,0.0560072,1107.0
Great Crested Flycatcher,6,4,Jun_W4,0.038059,1051.0
Great Crested Flycatcher,7,1,Jul_W1,0.036478,795.0
Great Crested Flycatcher,7,2,Jul_W2,0.0136986,584.0
Great Crested Flycatcher,7,3,Jul_W3,0.0187617,533.0
Great Crested Flycatcher,7,4,Jul_W4,0.0126582,790.0
Great Crested Flycatcher,8,1,Aug_W1,0.0050251,597.0
Great Crested Flycatcher,8,2,Aug_W2,0.006006,666.0
Great Crested Flycatcher,8,3,Aug_W3,0.0036496,822.0
Great Crested Flycatcher,8,4,Aug_W4,0.0053428,1123.0
Great Crested Flycatcher,9,1,Sep_W1,0.0066007,909.0
Great Crested Flycatcher,9,2,Sep_W2,0.0010449,957.0
Great Crested Flycatcher,9,3,Sep_W3,0.0,963.0
Great Crested Flycatcher,9,4,Sep_W4,0.0007077,1413.0
Great Crested Flycatcher,10,1,Oct_W1,0.0,976.0
Great Crested Flycatcher,10,2,Oct_W2,0.0045113,1330.0
Great Crested Flycatcher,10,3,Oct_W3,0.0,1073.0
Great Crested Flycatcher,10,4,Oct_W4,0.0,1123.0
Great Crested Flycatcher,11,1,Nov_W1,0.0014577,686.0
Great Crested Flycatcher,11,2,Nov_W2,0.0,662.0
Great Crested Flycatcher,11,3,Nov_W3,0.0,428.0
Great Crested Flycatcher,11,4,Nov_W4,0.0,339.0
Great Crested Flycatcher,12,1,Dec_W1,0.0,213.0
Great Crested Flycatcher,12,2,Dec_W2,0.0,275.0
Great Crested Flycatcher,12,3,Dec_W3,0.0,318.0
Great Crested Flycatcher,12,4,Dec_W4,0.0,931.0
Tropical Kingbird,1,1,Jan_W1,0.0,1028.0
Tropical Kingbird,1,2,Jan_W2,0.0,995.0
Tropical Kingbird,1,3,Jan_W3,0.0,1544.0
Tropical Kingbird,1,4,Jan_W4,0.0,1414.0
Tropical Kingbird,2,1,Feb_W1,0.0,1431.0
Tropical Kingbird,2,2,Feb_W2,0.0,1915.0
Tropical Kingbird,2,3,Feb_W3,0.0,1788.0
Tropical Kingbird,2,4,Feb_W4,0.0,669.0
Tropical Kingbird,3,1,Mar_W1,0.0,543.0
Tropical Kingbird,3,2,Mar_W2,0.0,364.0
Tropical Kingbird,3,3,Mar_W3,0.0,681.0
Tropical Kingbird,3,4,Mar_W4,0.0,1015.0
Tropical Kingbird,4,1,Apr_W1,0.0,752.0
Tropical Kingbird,4,2,Apr_W2,0.0,1082.0
Tropical Kingbird,4,3,Apr_W3,0.0,1195.0
Tropical Kingbird,4,4,Apr_W4,0.0,2785.0
Tropical Kingbird,5,1,May_W1,0.0,1461.0
Tropical Kingbird,5,2,May_W2,0.0,1400.0
Tropical Kingbird,5,3,May_W3,0.0,2046.0
Tropical Kingbird,5,4,May_W4,0.0,3943.0
Tropical Kingbird,6,1,Jun_W1,0.0,1548.0
Tropical Kingbird,6,2,Jun_W2,0.0,1075.0
Tropical Kingbird,6,3,Jun_W3,0.0,1107.0
Tropical Kingbird,6,4,Jun_W4,0.0,1051.0
Tropical Kingbird,7,1,Jul_W1,0.0,795.0
Tropical Kingbird,7,2,Jul_W2,0.0,584.0
Tropical Kingbird,7,3,Jul_W3,0.0,533.0
Tropical Kingbird,7,4,Jul_W4,0.0,790.0
Tropical Kingbird,8,1,Aug_W1,0.0,597.0
Tropical Kingbird,8,2,Aug_W2,0.0,666.0
Tropical Kingbird,8,3,Aug_W3,0.0,822.0
Tropical Kingbird,8,4,Aug_W4,0.0,1123.0
Tropical Kingbird,9,1,Sep_W1,0.0,909.0
Tropical Kingbird,9,2,Sep_W2,0.0,957.0
Tropical Kingbird,9,3,Sep_W3,0.0,963.0
Tropical Kingbird,9,4,Sep_W4,0.0021231,1413.0
Tropical Kingbird,10,1,Oct_W1,0.0,976.0
Tropical Kingbird,10,2,Oct_W2,0.0,1330.0
Tropical Kingbird,10,3,Oct_W3,0.0214352,1073.0
Tropical Kingbird,10,4,Oct_W4,0.0195904,1123.0
Tropical Kingbird,11,1,Nov_W1,0.0,686.0
Tropical Kingbird,11,2,Nov_W2,0.0,662.0
Tropical Kingbird,11,3,Nov_W3,0.0,428.0
Tropical Kingbird,11,4,Nov_W4,0.0,339.0
Tropical Kingbird,12,1,Dec_W1,0.0,213.0
Tropical Kingbird,12,2,Dec_W2,0.0,275.0
Tropical Kingbird,12,3,Dec_W3,0.0,318.0
Tropical Kingbird,12,4,Dec_W4,0.0,931.0
Western Kingbird,1,1,Jan_W1,0.0,1028.0
Western Kingbird,1,2,Jan_W2,0.0,995.0
Western Kingbird,1,3,Jan_W3,0.0,1544.0
Western Kingbird,1,4,Jan_W4,0.0,1414.0
Western Kingbird,2,1,Feb_W1,0.0,1431.0
Western Kingbird,2,2,Feb_W2,0.0,1915.0
Western Kingbird,2,3,Feb_W3,0.0,1788.0
Western Kingbird,2,4,Feb_W4,0.0,669.0
Western Kingbird,3,1,Mar_W1,0.0,543.0
Western Kingbird,3,2,Mar_W2,0.0,364.0
Western Kingbird,3,3,Mar_W3,0.0,681.0
Western Kingbird,3,4,Mar_W4,0.0,1015.0
Western Kingbird,4,1,Apr_W1,0.0,752.0
Western Kingbird,4,2,Apr_W2,0.0,1082.0
Western Kingbird,4,3,Apr_W3,0.0,1195.0
Western Kingbird,4,4,Apr_W4,0.0,2785.0
Western Kingbird,5,1,May_W1,0.0,1461.0
Western Kingbird,5,2,May_W2,0.0,1400.0
Western Kingbird,5,3,May_W3,0.0,2046.0
Western Kingbird,5,4,May_W4,0.0005072,3943.0
Western Kingbird,6,1,Jun_W1,0.000646,1548.0
Western Kingbird,6,2,Jun_W2,0.0,1075.0
Western Kingbird,6,3,Jun_W3,0.0015,1107.0
Western Kingbird,6,4,Jun_W4,0.0,1051.0
Western Kingbird,7,1,Jul_W1,0.0,795.0
Western Kingbird,7,2,Jul_W2,0.0,584.0
Western Kingbird,7,3,Jul_W3,0.0,533.0
Western Kingbird,7,4,Jul_W4,0.0,790.0
Western Kingbird,8,1,Aug_W1,0.0,597.0
Western Kingbird,8,2,Aug_W2,0.0,666.0
Western Kingbird,8,3,Aug_W3,0.0012165,822.0
Western Kingbird,8,4,Aug_W4,0.0017809,1123.0
Western Kingbird,9,1,Sep_W1,0.0022002,909.0
Western Kingbird,9,2,Sep_W2,0.0052247,957.0
Western Kingbird,9,3,Sep_W3,0.0015,963.0
Western Kingbird,9,4,Sep_W4,0.0015,1413.0
Western Kingbird,10,1,Oct_W1,0.0,976.0
Western Kingbird,10,2,Oct_W2,0.0105263,1330.0
Western Kingbird,10,3,Oct_W3,0.0,1073.0
Western Kingbird,10,4,Oct_W4,0.0008905,1123.0
Western Kingbird,11,1,Nov_W1,0.0,686.0
Western Kingbird,11,2,Nov_W2,0.0,662.0
Western Kingbird,11,3,Nov_W3,0.0,428.0
Western Kingbird,11,4,Nov_W4,0.0,339.0
Western Kingbird,12,1,Dec_W1,0.0,213.0
Western Kingbird,12,2,Dec_W2,0.0,275.0
Western Kingbird,12,3,Dec_W3,0.0,318.0
Western Kingbird,12,4,Dec_W4,0.0,931.0
Eastern Kingbird,1,1,Jan_W1,0.0,1028.0
Eastern Kingbird,1,2,Jan_W2,0.0,995.0
Eastern Kingbird,1,3,Jan_W3,0.0,1544.0
Eastern Kingbird,1,4,Jan_W4,0.0,1414.0
Eastern Kingbird,2,1,Feb_W1,0.0,1431.0
Eastern Kingbird,2,2,Feb_W2,0.0,1915.0
Eastern Kingbird,2,3,Feb_W3,0.0,1788.0
Eastern Kingbird,2,4,Feb_W4,0.0,669.0
Eastern Kingbird,3,1,Mar_W1,0.0,543.0
Eastern Kingbird,3,2,Mar_W2,0.0,364.0
Eastern Kingbird,3,3,Mar_W3,0.0,681.0
Eastern Kingbird,3,4,Mar_W4,0.0,1015.0
Eastern Kingbird,4,1,Apr_W1,0.0,752.0
Eastern Kingbird,4,2,Apr_W2,0.0,1082.0
Eastern Kingbird,4,3,Apr_W3,0.0,1195.0
Eastern Kingbird,4,4,Apr_W4,0.0007181,2785.0
Eastern Kingbird,5,1,May_W1,0.008898,1461.0
Eastern Kingbird,5,2,May_W2,0.0385714,1400.0
Eastern Kingbird,5,3,May_W3,0.07087,2046.0
Eastern Kingbird,5,4,May_W4,0.1199594,3943.0
Eastern Kingbird,6,1,Jun_W1,0.130491,1548.0
Eastern Kingbird,6,2,Jun_W2,0.1302326,1075.0
Eastern Kingbird,6,3,Jun_W3,0.1336947,1107.0
Eastern Kingbird,6,4,Jun_W4,0.132255,1051.0
Eastern Kingbird,7,1,Jul_W1,0.0981132,795.0
Eastern Kingbird,7,2,Jul_W2,0.1027397,584.0
Eastern Kingbird,7,3,Jul_W3,0.1238274,533.0
Eastern Kingbird,7,4,Jul_W4,0.0873418,790.0
Eastern Kingbird,8,1,Aug_W1,0.0871022,597.0
Eastern Kingbird,8,2,Aug_W2,0.1126126,666.0
Eastern Kingbird,8,3,Aug_W3,0.0644769,822.0
Eastern Kingbird,8,4,Aug_W4,0.032057,1123.0
Eastern Kingbird,9,1,Sep_W1,0.0088009,909.0
Eastern Kingbird,9,2,Sep_W2,0.0083595,957.0
Eastern Kingbird,9,3,Sep_W3,0.007269,963.0
Eastern Kingbird,9,4,Sep_W4,0.0015,1413.0
Eastern Kingbird,10,1,Oct_W1,0.0,976.0
Eastern Kingbird,10,2,Oct_W2,0.0,1330.0
Eastern Kingbird,10,3,Oct_W3,0.0,1073.0
Eastern Kingbird,10,4,Oct_W4,0.0,1123.0
Eastern Kingbird,11,1,Nov_W1,0.0,686.0
Eastern Kingbird,11,2,Nov_W2,0.0,662.0
Eastern Kingbird,11,3,Nov_W3,0.0,428.0
Eastern Kingbird,11,4,Nov_W4,0.0,339.0
Eastern Kingbird,12,1,Dec_W1,0.0,213.0
Eastern Kingbird,12,2,Dec_W2,0.0,275.0
Eastern Kingbird,12,3,Dec_W3,0.0,318.0
Eastern Kingbird,12,4,Dec_W4,0.0,931.0
Scissor-tailed Flycatcher,1,1,Jan_W1,0.0,1028.0
Scissor-tailed Flycatcher,1,2,Jan_W2,0.0,995.0
Scissor-tailed Flycatcher,1,3,Jan_W3,0.0,1544.0
Scissor-tailed Flycatcher,1,4,Jan_W4,0.0,1414.0
Scissor-tailed Flycatcher,2,1,Feb_W1,0.0,1431.0
Scissor-tailed Flycatcher,2,2,Feb_W2,0.0,1915.0
Scissor-tailed Flycatcher,2,3,Feb_W3,0.0,1788.0
Scissor-tailed Flycatcher,2,4,Feb_W4,0.0,669.0
Scissor-tailed Flycatcher,3,1,Mar_W1,0.0,543.0
Scissor-tailed Flycatcher,3,2,Mar_W2,0.0,364.0
Scissor-tailed Flycatcher,3,3,Mar_W3,0.0,681.0
Scissor-tailed Flycatcher,3,4,Mar_W4,0.0,1015.0
Scissor-tailed Flycatcher,4,1,Apr_W1,0.0,752.0
Scissor-tailed Flycatcher,4,2,Apr_W2,0.0,1082.0
Scissor-tailed Flycatcher,4,3,Apr_W3,0.0,1195.0
Scissor-tailed Flycatcher,4,4,Apr_W4,0.0007181,2785.0
Scissor-tailed Flycatcher,5,1,May_W1,0.0006845,1461.0
Scissor-tailed Flycatcher,5,2,May_W2,0.0021429,1400.0
Scissor-tailed Flycatcher,5,3,May_W3,0.0,2046.0
Scissor-tailed Flycatcher,5,4,May_W4,0.0002536,3943.0
Scissor-tailed Flycatcher,6,1,Jun_W1,0.0,1548.0
Scissor-tailed Flycatcher,6,2,Jun_W2,0.0,1075.0
Scissor-tailed Flycatcher,6,3,Jun_W3,0.0,1107.0
Scissor-tailed Flycatcher,6,4,Jun_W4,0.0,1051.0
Scissor-tailed Flycatcher,7,1,Jul_W1,0.0,795.0
Scissor-tailed Flycatcher,7,2,Jul_W2,0.0,584.0
Scissor-tailed Flycatcher,7,3,Jul_W3,0.0,533.0
Scissor-tailed Flycatcher,7,4,Jul_W4,0.0,790.0
Scissor-tailed Flycatcher,8,1,Aug_W1,0.0,597.0
Scissor-tailed Flycatcher,8,2,Aug_W2,0.0,666.0
Scissor-tailed Flycatcher,8,3,Aug_W3,0.0,822.0
Scissor-tailed Flycatcher,8,4,Aug_W4,0.0,1123.0
Scissor-tailed Flycatcher,9,1,Sep_W1,0.0,909.0
Scissor-tailed Flycatcher,9,2,Sep_W2,0.0,957.0
Scissor-tailed Flycatcher,9,3,Sep_W3,0.0,963.0
Scissor-tailed Flycatcher,9,4,Sep_W4,0.0,1413.0
Scissor-tailed Flycatcher,10,1,Oct_W1,0.0,976.0
Scissor-tailed Flycatcher,10,2,Oct_W2,0.0007519,1330.0
Scissor-tailed Flycatcher,10,3,Oct_W3,0.0037279,1073.0
Scissor-tailed Flycatcher,10,4,Oct_W4,0.0035619,1123.0
Scissor-tailed Flycatcher,11,1,Nov_W1,0.0043732,686.0
Scissor-tailed Flycatcher,11,2,Nov_W2,0.0,662.0
Scissor-tailed Flycatcher,11,3,Nov_W3,0.0,428.0
Scissor-tailed Flycatcher,11,4,Nov_W4,0.0,339.0
Scissor-tailed Flycatcher,12,1,Dec_W1,0.0,213.0
Scissor-tailed Flycatcher,12,2,Dec_W2,0.0,275.0
Scissor-tailed Flycatcher,12,3,Dec_W3,0.0,318.0
Scissor-tailed Flycatcher,12,4,Dec_W4,0.0,931.0
White-eyed Vireo,1,1,Jan_W1,0.0,1028.0
White-eyed Vireo,1,2,Jan_W2,0.0,995.0
White-eyed Vireo,1,3,Jan_W3,0.0,1544.0
White-eyed Vireo,1,4,Jan_W4,0.0,1414.0
White-eyed Vireo,2,1,Feb_W1,0.0,1431.0
White-eyed Vireo,2,2,Feb_W2,0.0,1915.0
White-eyed Vireo,2,3,Feb_W3,0.0,1788.0
White-eyed Vireo,2,4,Feb_W4,0.0,669.0
White-eyed Vireo,3,1,Mar_W1,0.0,543.0
White-eyed Vireo,3,2,Mar_W2,0.0,364.0
White-eyed Vireo,3,3,Mar_W3,0.0,681.0
White-eyed Vireo,3,4,Mar_W4,0.0,1015.0
White-eyed Vireo,4,1,Apr_W1,0.0,752.0
White-eyed Vireo,4,2,Apr_W2,0.0,1082.0
White-eyed Vireo,4,3,Apr_W3,0.0,1195.0
White-eyed Vireo,4,4,Apr_W4,0.0,2785.0
White-eyed Vireo,5,1,May_W1,0.0,1461.0
White-eyed Vireo,5,2,May_W2,0.0,1400.0
White-eyed Vireo,5,3,May_W3,0.0,2046.0
White-eyed Vireo,5,4,May_W4,0.0017753,3943.0
White-eyed Vireo,6,1,Jun_W1,0.0,1548.0
White-eyed Vireo,6,2,Jun_W2,0.0,1075.0
White-eyed Vireo,6,3,Jun_W3,0.0,1107.0
White-eyed Vireo,6,4,Jun_W4,0.0,1051.0
White-eyed Vireo,7,1,Jul_W1,0.0,795.0
White-eyed Vireo,7,2,Jul_W2,0.0,584.0
White-eyed Vireo,7,3,Jul_W3,0.0,533.0
White-eyed Vireo,7,4,Jul_W4,0.0,790.0
White-eyed Vireo,8,1,Aug_W1,0.0,597.0
White-eyed Vireo,8,2,Aug_W2,0.0,666.0
White-eyed Vireo,8,3,Aug_W3,0.0,822.0
White-eyed Vireo,8,4,Aug_W4,0.0,1123.0
White-eyed Vireo,9,1,Sep_W1,0.0,909.0
White-eyed Vireo,9,2,Sep_W2,0.0,957.0
White-eyed Vireo,9,3,Sep_W3,0.0,963.0
White-eyed Vireo,9,4,Sep_W4,0.0,1413.0
White-eyed Vireo,10,1,Oct_W1,0.0,976.0
White-eyed Vireo,10,2,Oct_W2,0.0,1330.0
White-eyed Vireo,10,3,Oct_W3,0.0,1073.0
White-eyed Vireo,10,4,Oct_W4,0.0017809,1123.0
White-eyed Vireo,11,1,Nov_W1,0.0,686.0
White-eyed Vireo,11,2,Nov_W2,0.0,662.0
White-eyed Vireo,11,3,Nov_W3,0.0,428.0
White-eyed Vireo,11,4,Nov_W4,0.0,339.0
White-eyed Vireo,12,1,Dec_W1,0.0,213.0
White-eyed Vireo,12,2,Dec_W2,0.0,275.0
White-eyed Vireo,12,3,Dec_W3,0.0,318.0
White-eyed Vireo,12,4,Dec_W4,0.0,931.0
Bell's Vireo,1,1,Jan_W1,0.0,1028.0
Bell's Vireo,1,2,Jan_W2,0.0,995.0
Bell's Vireo,1,3,Jan_W3,0.0,1544.0
Bell's Vireo,1,4,Jan_W4,0.0,1414.0
Bell's Vireo,2,1,Feb_W1,0.0,1431.0
Bell's Vireo,2,2,Feb_W2,0.0,1915.0
Bell's Vireo,2,3,Feb_W3,0.0,1788.0
Bell's Vireo,2,4,Feb_W4,0.0,669.0
Bell's Vireo,3,1,Mar_W1,0.0,543.0
Bell's Vireo,3,2,Mar_W2,0.0,364.0
Bell's Vireo,3,3,Mar_W3,0.0,681.0
Bell's Vireo,3,4,Mar_W4,0.0,1015.0
Bell's Vireo,4,1,Apr_W1,0.0,752.0
Bell's Vireo,4,2,Apr_W2,0.0,1082.0
Bell's Vireo,4,3,Apr_W3,0.0,1195.0
Bell's Vireo,4,4,Apr_W4,0.0,2785.0
Bell's Vireo,5,1,May_W1,0.0,1461.0
Bell's Vireo,5,2,May_W2,0.0035714,1400.0
Bell's Vireo,5,3,May_W3,0.0,2046.0
Bell's Vireo,5,4,May_W4,0.0,3943.0
Bell's Vireo,6,1,Jun_W1,0.0,1548.0
Bell's Vireo,6,2,Jun_W2,0.0,1075.0
Bell's Vireo,6,3,Jun_W3,0.0,1107.0
Bell's Vireo,6,4,Jun_W4,0.0,1051.0
Bell's Vireo,7,1,Jul_W1,0.0,795.0
Bell's Vireo,7,2,Jul_W2,0.0,584.0
Bell's Vireo,7,3,Jul_W3,0.0,533.0
Bell's Vireo,7,4,Jul_W4,0.0,790.0
Bell's Vireo,8,1,Aug_W1,0.0,597.0
Bell's Vireo,8,2,Aug_W2,0.0,666.0
Bell's Vireo,8,3,Aug_W3,0.0,822.0
Bell's Vireo,8,4,Aug_W4,0.0,1123.0
Bell's Vireo,9,1,Sep_W1,0.0,909.0
Bell's Vireo,9,2,Sep_W2,0.0,957.0
Bell's Vireo,9,3,Sep_W3,0.0,963.0
Bell's Vireo,9,4,Sep_W4,0.0,1413.0
Bell's Vireo,10,1,Oct_W1,0.0,976.0
Bell's Vireo,10,2,Oct_W2,0.0,1330.0
Bell's Vireo,10,3,Oct_W3,0.0,1073.0
Bell's Vireo,10,4,Oct_W4,0.0,1123.0
Bell's Vireo,11,1,Nov_W1,0.0,686.0
Bell's Vireo,11,2,Nov_W2,0.0,662.0
Bell's Vireo,11,3,Nov_W3,0.0,428.0
Bell's Vireo,11,4,Nov_W4,0.0,339.0
Bell's Vireo,12,1,Dec_W1,0.0,213.0
Bell's Vireo,12,2,Dec_W2,0.0,275.0
Bell's Vireo,12,3,Dec_W3,0.0,318.0
Bell's Vireo,12,4,Dec_W4,0.0,931.0
Yellow-throated Vireo,1,1,Jan_W1,0.0,1028.0
Yellow-throated Vireo,1,2,Jan_W2,0.0,995.0
Yellow-throated Vireo,1,3,Jan_W3,0.0,1544.0
Yellow-throated Vireo,1,4,Jan_W4,0.0,1414.0
Yellow-throated Vireo,2,1,Feb_W1,0.0,1431.0
Yellow-throated Vireo,2,2,Feb_W2,0.0,1915.0
Yellow-throated Vireo,2,3,Feb_W3,0.0,1788.0
Yellow-throated Vireo,2,4,Feb_W4,0.0,669.0
Yellow-throated Vireo,3,1,Mar_W1,0.0,543.0
Yellow-throated Vireo,3,2,Mar_W2,0.0,364.0
Yellow-throated Vireo,3,3,Mar_W3,0.0,681.0
Yellow-throated Vireo,3,4,Mar_W4,0.0,1015.0
Yellow-throated Vireo,4,1,Apr_W1,0.0,752.0
Yellow-throated Vireo,4,2,Apr_W2,0.0,1082.0
Yellow-throated Vireo,4,3,Apr_W3,0.0,1195.0
Yellow-throated Vireo,4,4,Apr_W4,0.0,2785.0
Yellow-throated Vireo,5,1,May_W1,0.0,1461.0
Yellow-throated Vireo,5,2,May_W2,0.0007143,1400.0
Yellow-throated Vireo,5,3,May_W3,0.0004888,2046.0
Yellow-throated Vireo,5,4,May_W4,0.0015217,3943.0
Yellow-throated Vireo,6,1,Jun_W1,0.0015,1548.0
Yellow-throated Vireo,6,2,Jun_W2,0.0,1075.0
Yellow-throated Vireo,6,3,Jun_W3,0.0015,1107.0
Yellow-throated Vireo,6,4,Jun_W4,0.0009515,1051.0
Yellow-throated Vireo,7,1,Jul_W1,0.0,795.0
Yellow-throated Vireo,7,2,Jul_W2,0.0,584.0
Yellow-throated Vireo,7,3,Jul_W3,0.0018762,533.0
Yellow-throated Vireo,7,4,Jul_W4,0.0015,790.0
Yellow-throated Vireo,8,1,Aug_W1,0.0,597.0
Yellow-throated Vireo,8,2,Aug_W2,0.0,666.0
Yellow-throated Vireo,8,3,Aug_W3,0.0012165,822.0
Yellow-throated Vireo,8,4,Aug_W4,0.0017809,1123.0
Yellow-throated Vireo,9,1,Sep_W1,0.0011001,909.0
Yellow-throated Vireo,9,2,Sep_W2,0.0,957.0
Yellow-throated Vireo,9,3,Sep_W3,0.0010384,963.0
Yellow-throated Vireo,9,4,Sep_W4,0.0,1413.0
Yellow-throated Vireo,10,1,Oct_W1,0.0,976.0
Yellow-throated Vireo,10,2,Oct_W2,0.0,1330.0
Yellow-throated Vireo,10,3,Oct_W3,0.0,1073.0
Yellow-throated Vireo,10,4,Oct_W4,0.0,1123.0
Yellow-throated Vireo,11,1,Nov_W1,0.0,686.0
Yellow-throated Vireo,11,2,Nov_W2,0.0,662.0
Yellow-throated Vireo,11,3,Nov_W3,0.0,428.0
Yellow-throated Vireo,11,4,Nov_W4,0.0,339.0
Yellow-throated Vireo,12,1,Dec_W1,0.0,213.0
Yellow-throated Vireo,12,2,Dec_W2,0.0,275.0
Yellow-throated Vireo,12,3,Dec_W3,0.0,318.0
Yellow-throated Vireo,12,4,Dec_W4,0.0,931.0
Blue-headed Vireo,1,1,Jan_W1,0.0,1028.0
Blue-headed Vireo,1,2,Jan_W2,0.0,995.0
Blue-headed Vireo,1,3,Jan_W3,0.0,1544.0
Blue-headed Vireo,1,4,Jan_W4,0.0,1414.0
Blue-headed Vireo,2,1,Feb_W1,0.0,1431.0
Blue-headed Vireo,2,2,Feb_W2,0.0,1915.0
Blue-headed Vireo,2,3,Feb_W3,0.0,1788.0
Blue-headed Vireo,2,4,Feb_W4,0.0,669.0
Blue-headed Vireo,3,1,Mar_W1,0.0,543.0
Blue-headed Vireo,3,2,Mar_W2,0.0,364.0
Blue-headed Vireo,3,3,Mar_W3,0.0,681.0
Blue-headed Vireo,3,4,Mar_W4,0.0,1015.0
Blue-headed Vireo,4,1,Apr_W1,0.0,752.0
Blue-headed Vireo,4,2,Apr_W2,0.0,1082.0
Blue-headed Vireo,4,3,Apr_W3,0.0,1195.0
Blue-headed Vireo,4,4,Apr_W4,0.0028725,2785.0
Blue-headed Vireo,5,1,May_W1,0.0246407,1461.0
Blue-headed Vireo,5,2,May_W2,0.0821429,1400.0
Blue-headed Vireo,5,3,May_W3,0.1270772,2046.0
Blue-headed Vireo,5,4,May_W4,0.0882577,3943.0
Blue-headed Vireo,6,1,Jun_W1,0.0988372,1548.0
Blue-headed Vireo,6,2,Jun_W2,0.092093,1075.0
Blue-headed Vireo,6,3,Jun_W3,0.1273713,1107.0
Blue-headed Vireo,6,4,Jun_W4,0.1037108,1051.0
Blue-headed Vireo,7,1,Jul_W1,0.0691824,795.0
Blue-headed Vireo,7,2,Jul_W2,0.0599315,584.0
Blue-headed Vireo,7,3,Jul_W3,0.0450281,533.0
Blue-headed Vireo,7,4,Jul_W4,0.035443,790.0
Blue-headed Vireo,8,1,Aug_W1,0.0335008,597.0
Blue-headed Vireo,8,2,Aug_W2,0.045045,666.0
Blue-headed Vireo,8,3,Aug_W3,0.0328467,822.0
Blue-headed Vireo,8,4,Aug_W4,0.0276046,1123.0
Blue-headed Vireo,9,1,Sep_W1,0.0253025,909.0
Blue-headed Vireo,9,2,Sep_W2,0.0449321,957.0
Blue-headed Vireo,9,3,Sep_W3,0.0342679,963.0
Blue-headed Vireo,9,4,Sep_W4,0.0488323,1413.0
Blue-headed Vireo,10,1,Oct_W1,0.0286885,976.0
Blue-headed Vireo,10,2,Oct_W2,0.0082707,1330.0
Blue-headed Vireo,10,3,Oct_W3,0.0018639,1073.0
Blue-headed Vireo,10,4,Oct_W4,0.0,1123.0
Blue-headed Vireo,11,1,Nov_W1,0.0,686.0
Blue-headed Vireo,11,2,Nov_W2,0.0,662.0
Blue-headed Vireo,11,3,Nov_W3,0.0,428.0
Blue-headed Vireo,11,4,Nov_W4,0.0,339.0
Blue-headed Vireo,12,1,Dec_W1,0.0,213.0
Blue-headed Vireo,12,2,Dec_W2,0.0,275.0
Blue-headed Vireo,12,3,Dec_W3,0.0,318.0
Blue-headed Vireo,12,4,Dec_W4,0.0,931.0
Philadelphia Vireo,1,1,Jan_W1,0.0,1028.0
Philadelphia Vireo,1,2,Jan_W2,0.0,995.0
Philadelphia Vireo,1,3,Jan_W3,0.0,1544.0
Philadelphia Vireo,1,4,Jan_W4,0.0,1414.0
Philadelphia Vireo,2,1,Feb_W1,0.0,1431.0
Philadelphia Vireo,2,2,Feb_W2,0.0,1915.0
Philadelphia Vireo,2,3,Feb_W3,0.0,1788.0
Philadelphia Vireo,2,4,Feb_W4,0.0,669.0
Philadelphia Vireo,3,1,Mar_W1,0.0,543.0
Philadelphia Vireo,3,2,Mar_W2,0.0,364.0
Philadelphia Vireo,3,3,Mar_W3,0.0,681.0
Philadelphia Vireo,3,4,Mar_W4,0.0,1015.0
Philadelphia Vireo,4,1,Apr_W1,0.0,752.0
Philadelphia Vireo,4,2,Apr_W2,0.0,1082.0
Philadelphia Vireo,4,3,Apr_W3,0.0,1195.0
Philadelphia Vireo,4,4,Apr_W4,0.0,2785.0
Philadelphia Vireo,5,1,May_W1,0.0006845,1461.0
Philadelphia Vireo,5,2,May_W2,0.0021429,1400.0
Philadelphia Vireo,5,3,May_W3,0.0327468,2046.0
Philadelphia Vireo,5,4,May_W4,0.0507228,3943.0
Philadelphia Vireo,6,1,Jun_W1,0.0187339,1548.0
Philadelphia Vireo,6,2,Jun_W2,0.0009302,1075.0
Philadelphia Vireo,6,3,Jun_W3,0.0,1107.0
Philadelphia Vireo,6,4,Jun_W4,0.0015,1051.0
Philadelphia Vireo,7,1,Jul_W1,0.0,795.0
Philadelphia Vireo,7,2,Jul_W2,0.0,584.0
Philadelphia Vireo,7,3,Jul_W3,0.0,533.0
Philadelphia Vireo,7,4,Jul_W4,0.0,790.0
Philadelphia Vireo,8,1,Aug_W1,0.001675,597.0
Philadelphia Vireo,8,2,Aug_W2,0.0015015,666.0
Philadelphia Vireo,8,3,Aug_W3,0.013382,822.0
Philadelphia Vireo,8,4,Aug_W4,0.0231523,1123.0
Philadelphia Vireo,9,1,Sep_W1,0.0319032,909.0
Philadelphia Vireo,9,2,Sep_W2,0.0229885,957.0
Philadelphia Vireo,9,3,Sep_W3,0.0134995,963.0
Philadelphia Vireo,9,4,Sep_W4,0.0077849,1413.0
Philadelphia Vireo,10,1,Oct_W1,0.0030738,976.0
Philadelphia Vireo,10,2,Oct_W2,0.0,1330.0
Philadelphia Vireo,10,3,Oct_W3,0.0,1073.0
Philadelphia Vireo,10,4,Oct_W4,0.0008905,1123.0
Philadelphia Vireo,11,1,Nov_W1,0.0,686.0
Philadelphia Vireo,11,2,Nov_W2,0.0,662.0
Philadelphia Vireo,11,3,Nov_W3,0.0,428.0
Philadelphia Vireo,11,4,Nov_W4,0.0,339.0
Philadelphia Vireo,12,1,Dec_W1,0.0,213.0
Philadelphia Vireo,12,2,Dec_W2,0.0,275.0
Philadelphia Vireo,12,3,Dec_W3,0.0,318.0
Philadelphia Vireo,12,4,Dec_W4,0.0,931.0
Eastern Warbling Vireo,1,1,Jan_W1,0.0,1028.0
Eastern Warbling Vireo,1,2,Jan_W2,0.0,995.0
Eastern Warbling Vireo,1,3,Jan_W3,0.0,1544.0
Eastern Warbling Vireo,1,4,Jan_W4,0.0,1414.0
Eastern Warbling Vireo,2,1,Feb_W1,0.0,1431.0
Eastern Warbling Vireo,2,2,Feb_W2,0.0,1915.0
Eastern Warbling Vireo,2,3,Feb_W3,0.0,1788.0
Eastern Warbling Vireo,2,4,Feb_W4,0.0,669.0
Eastern Warbling Vireo,3,1,Mar_W1,0.0,543.0
Eastern Warbling Vireo,3,2,Mar_W2,0.0,364.0
Eastern Warbling Vireo,3,3,Mar_W3,0.0,681.0
Eastern Warbling Vireo,3,4,Mar_W4,0.0,1015.0
Eastern Warbling Vireo,4,1,Apr_W1,0.0,752.0
Eastern Warbling Vireo,4,2,Apr_W2,0.0,1082.0
Eastern Warbling Vireo,4,3,Apr_W3,0.0,1195.0
Eastern Warbling Vireo,4,4,Apr_W4,0.0,2785.0
Eastern Warbling Vireo,5,1,May_W1,0.0013689,1461.0
Eastern Warbling Vireo,5,2,May_W2,0.0071429,1400.0
Eastern Warbling Vireo,5,3,May_W3,0.0131965,2046.0
Eastern Warbling Vireo,5,4,May_W4,0.0162313,3943.0
Eastern Warbling Vireo,6,1,Jun_W1,0.0148579,1548.0
Eastern Warbling Vireo,6,2,Jun_W2,0.0204651,1075.0
Eastern Warbling Vireo,6,3,Jun_W3,0.0135501,1107.0
Eastern Warbling Vireo,6,4,Jun_W4,0.0161751,1051.0
Eastern Warbling Vireo,7,1,Jul_W1,0.0163522,795.0
Eastern Warbling Vireo,7,2,Jul_W2,0.010274,584.0
Eastern Warbling Vireo,7,3,Jul_W3,0.0037523,533.0
Eastern Warbling Vireo,7,4,Jul_W4,0.0037975,790.0
Eastern Warbling Vireo,8,1,Aug_W1,0.0050251,597.0
Eastern Warbling Vireo,8,2,Aug_W2,0.006006,666.0
Eastern Warbling Vireo,8,3,Aug_W3,0.0085158,822.0
Eastern Warbling Vireo,8,4,Aug_W4,0.0017809,1123.0
Eastern Warbling Vireo,9,1,Sep_W1,0.0015,909.0
Eastern Warbling Vireo,9,2,Sep_W2,0.0010449,957.0
Eastern Warbling Vireo,9,3,Sep_W3,0.0,963.0
Eastern Warbling Vireo,9,4,Sep_W4,0.0,1413.0
Eastern Warbling Vireo,10,1,Oct_W1,0.0,976.0
Eastern Warbling Vireo,10,2,Oct_W2,0.0,1330.0
Eastern Warbling Vireo,10,3,Oct_W3,0.0,1073.0
Eastern Warbling Vireo,10,4,Oct_W4,0.0,1123.0
Eastern Warbling Vireo,11,1,Nov_W1,0.0,686.0
Eastern Warbling Vireo,11,2,Nov_W2,0.0,662.0
Eastern Warbling Vireo,11,3,Nov_W3,0.0,428.0
Eastern Warbling Vireo,11,4,Nov_W4,0.0,339.0
Eastern Warbling Vireo,12,1,Dec_W1,0.0,213.0
Eastern Warbling Vireo,12,2,Dec_W2,0.0,275.0
Eastern Warbling Vireo,12,3,Dec_W3,0.0,318.0
Eastern Warbling Vireo,12,4,Dec_W4,0.0,931.0
Red-eyed Vireo,1,1,Jan_W1,0.0,1028.0
Red-eyed Vireo,1,2,Jan_W2,0.0,995.0
Red-eyed Vireo,1,3,Jan_W3,0.0,1544.0
Red-eyed Vireo,1,4,Jan_W4,0.0,1414.0
Red-eyed Vireo,2,1,Feb_W1,0.0,1431.0
Red-eyed Vireo,2,2,Feb_W2,0.0,1915.0
Red-eyed Vireo,2,3,Feb_W3,0.0,1788.0
Red-eyed Vireo,2,4,Feb_W4,0.0,669.0
Red-eyed Vireo,3,1,Mar_W1,0.0,543.0
Red-eyed Vireo,3,2,Mar_W2,0.0,364.0
Red-eyed Vireo,3,3,Mar_W3,0.0,681.0
Red-eyed Vireo,3,4,Mar_W4,0.0,1015.0
Red-eyed Vireo,4,1,Apr_W1,0.0,752.0
Red-eyed Vireo,4,2,Apr_W2,0.0,1082.0
Red-eyed Vireo,4,3,Apr_W3,0.0,1195.0
Red-eyed Vireo,4,4,Apr_W4,0.0,2785.0
Red-eyed Vireo,5,1,May_W1,0.0006845,1461.0
Red-eyed Vireo,5,2,May_W2,0.0078571,1400.0
Red-eyed Vireo,5,3,May_W3,0.0967742,2046.0
Red-eyed Vireo,5,4,May_W4,0.2627441,3943.0
Red-eyed Vireo,6,1,Jun_W1,0.4018088,1548.0
Red-eyed Vireo,6,2,Jun_W2,0.4604651,1075.0
Red-eyed Vireo,6,3,Jun_W3,0.5022584,1107.0
Red-eyed Vireo,6,4,Jun_W4,0.4300666,1051.0
Red-eyed Vireo,7,1,Jul_W1,0.4113208,795.0
Red-eyed Vireo,7,2,Jul_W2,0.3493151,584.0
Red-eyed Vireo,7,3,Jul_W3,0.3095685,533.0
Red-eyed Vireo,7,4,Jul_W4,0.2392405,790.0
Red-eyed Vireo,8,1,Aug_W1,0.2311558,597.0
Red-eyed Vireo,8,2,Aug_W2,0.2477477,666.0
Red-eyed Vireo,8,3,Aug_W3,0.2347932,822.0
Red-eyed Vireo,8,4,Aug_W4,0.205699,1123.0
Red-eyed Vireo,9,1,Sep_W1,0.1859186,909.0
Red-eyed Vireo,9,2,Sep_W2,0.1327064,957.0
Red-eyed Vireo,9,3,Sep_W3,0.05919,963.0
Red-eyed Vireo,9,4,Sep_W4,0.0389243,1413.0
Red-eyed Vireo,10,1,Oct_W1,0.005123,976.0
Red-eyed Vireo,10,2,Oct_W2,0.0037594,1330.0
Red-eyed Vireo,10,3,Oct_W3,0.0,1073.0
Red-eyed Vireo,10,4,Oct_W4,0.0,1123.0
Red-eyed Vireo,11,1,Nov_W1,0.0,686.0
Red-eyed Vireo,11,2,Nov_W2,0.0,662.0
Red-eyed Vireo,11,3,Nov_W3,0.0,428.0
Red-eyed Vireo,11,4,Nov_W4,0.0,339.0
Red-eyed Vireo,12,1,Dec_W1,0.0,213.0
Red-eyed Vireo,12,2,Dec_W2,0.0,275.0
Red-eyed Vireo,12,3,Dec_W3,0.0,318.0
Red-eyed Vireo,12,4,Dec_W4,0.0,931.0
Loggerhead Shrike,1,1,Jan_W1,0.0,1028.0
Loggerhead Shrike,1,2,Jan_W2,0.0,995.0
Loggerhead Shrike,1,3,Jan_W3,0.0,1544.0
Loggerhead Shrike,1,4,Jan_W4,0.0,1414.0
Loggerhead Shrike,2,1,Feb_W1,0.0,1431.0
Loggerhead Shrike,2,2,Feb_W2,0.0,1915.0
Loggerhead Shrike,2,3,Feb_W3,0.0,1788.0
Loggerhead Shrike,2,4,Feb_W4,0.0,669.0
Loggerhead Shrike,3,1,Mar_W1,0.0,543.0
Loggerhead Shrike,3,2,Mar_W2,0.0,364.0
Loggerhead Shrike,3,3,Mar_W3,0.0,681.0
Loggerhead Shrike,3,4,Mar_W4,0.0,1015.0
Loggerhead Shrike,4,1,Apr_W1,0.0,752.0
Loggerhead Shrike,4,2,Apr_W2,0.0,1082.0
Loggerhead Shrike,4,3,Apr_W3,0.0,1195.0
Loggerhead Shrike,4,4,Apr_W4,0.0010772,2785.0
Loggerhead Shrike,5,1,May_W1,0.0,1461.0
Loggerhead Shrike,5,2,May_W2,0.0007143,1400.0
Loggerhead Shrike,5,3,May_W3,0.0015,2046.0
Loggerhead Shrike,5,4,May_W4,0.0002536,3943.0
Loggerhead Shrike,6,1,Jun_W1,0.0,1548.0
Loggerhead Shrike,6,2,Jun_W2,0.0,1075.0
Loggerhead Shrike,6,3,Jun_W3,0.0015,1107.0
Loggerhead Shrike,6,4,Jun_W4,0.0,1051.0
Loggerhead Shrike,7,1,Jul_W1,0.0,795.0
Loggerhead Shrike,7,2,Jul_W2,0.0,584.0
Loggerhead Shrike,7,3,Jul_W3,0.0,533.0
Loggerhead Shrike,7,4,Jul_W4,0.0,790.0
Loggerhead Shrike,8,1,Aug_W1,0.0,597.0
Loggerhead Shrike,8,2,Aug_W2,0.0,666.0
Loggerhead Shrike,8,3,Aug_W3,0.0,822.0
Loggerhead Shrike,8,4,Aug_W4,0.0,1123.0
Loggerhead Shrike,9,1,Sep_W1,0.0,909.0
Loggerhead Shrike,9,2,Sep_W2,0.0,957.0
Loggerhead Shrike,9,3,Sep_W3,0.0,963.0
Loggerhead Shrike,9,4,Sep_W4,0.0014154,1413.0
Loggerhead Shrike,10,1,Oct_W1,0.0,976.0
Loggerhead Shrike,10,2,Oct_W2,0.0,1330.0
Loggerhead Shrike,10,3,Oct_W3,0.0,1073.0
Loggerhead Shrike,10,4,Oct_W4,0.0,1123.0
Loggerhead Shrike,11,1,Nov_W1,0.0,686.0
Loggerhead Shrike,11,2,Nov_W2,0.0,662.0
Loggerhead Shrike,11,3,Nov_W3,0.0,428.0
Loggerhead Shrike,11,4,Nov_W4,0.0,339.0
Loggerhead Shrike,12,1,Dec_W1,0.0,213.0
Loggerhead Shrike,12,2,Dec_W2,0.0,275.0
Loggerhead Shrike,12,3,Dec_W3,0.0,318.0
Loggerhead Shrike,12,4,Dec_W4,0.0,931.0
Northern Shrike,1,1,Jan_W1,0.077821,1028.0
Northern Shrike,1,2,Jan_W2,0.0763819,995.0
Northern Shrike,1,3,Jan_W3,0.0919689,1544.0
Northern Shrike,1,4,Jan_W4,0.0820368,1414.0
Northern Shrike,2,1,Feb_W1,0.0803634,1431.0
Northern Shrike,2,2,Feb_W2,0.0689295,1915.0
Northern Shrike,2,3,Feb_W3,0.0587248,1788.0
Northern Shrike,2,4,Feb_W4,0.077728,669.0
Northern Shrike,3,1,Mar_W1,0.0441989,543.0
Northern Shrike,3,2,Mar_W2,0.0521978,364.0
Northern Shrike,3,3,Mar_W3,0.0425844,681.0
Northern Shrike,3,4,Mar_W4,0.0295567,1015.0
Northern Shrike,4,1,Apr_W1,0.0398936,752.0
Northern Shrike,4,2,Apr_W2,0.0249538,1082.0
Northern Shrike,4,3,Apr_W3,0.0142259,1195.0
Northern Shrike,4,4,Apr_W4,0.0025135,2785.0
Northern Shrike,5,1,May_W1,0.0,1461.0
Northern Shrike,5,2,May_W2,0.0,1400.0
Northern Shrike,5,3,May_W3,0.0,2046.0
Northern Shrike,5,4,May_W4,0.0,3943.0
Northern Shrike,6,1,Jun_W1,0.0,1548.0
Northern Shrike,6,2,Jun_W2,0.0,1075.0
Northern Shrike,6,3,Jun_W3,0.0,1107.0
Northern Shrike,6,4,Jun_W4,0.0,1051.0
Northern Shrike,7,1,Jul_W1,0.0,795.0
Northern Shrike,7,2,Jul_W2,0.0,584.0
Northern Shrike,7,3,Jul_W3,0.0,533.0
Northern Shrike,7,4,Jul_W4,0.0,790.0
Northern Shrike,8,1,Aug_W1,0.0,597.0
Northern Shrike,8,2,Aug_W2,0.0,666.0
Northern Shrike,8,3,Aug_W3,0.0,822.0
Northern Shrike,8,4,Aug_W4,0.0,1123.0
Northern Shrike,9,1,Sep_W1,0.0,909.0
Northern Shrike,9,2,Sep_W2,0.0,957.0
Northern Shrike,9,3,Sep_W3,0.0,963.0
Northern Shrike,9,4,Sep_W4,0.0,1413.0
Northern Shrike,10,1,Oct_W1,0.0030738,976.0
Northern Shrike,10,2,Oct_W2,0.0180451,1330.0
Northern Shrike,10,3,Oct_W3,0.0484623,1073.0
Northern Shrike,10,4,Oct_W4,0.0863758,1123.0
Northern Shrike,11,1,Nov_W1,0.0714286,686.0
Northern Shrike,11,2,Nov_W2,0.0664653,662.0
Northern Shrike,11,3,Nov_W3,0.067757,428.0
Northern Shrike,11,4,Nov_W4,0.0294985,339.0
Northern Shrike,12,1,Dec_W1,0.0610329,213.0
Northern Shrike,12,2,Dec_W2,0.08,275.0
Northern Shrike,12,3,Dec_W3,0.0566038,318.0
Northern Shrike,12,4,Dec_W4,0.0998926,931.0
Canada Jay,1,1,Jan_W1,0.0058366,1028.0
Canada Jay,1,2,Jan_W2,0.0070352,995.0
Canada Jay,1,3,Jan_W3,0.0213731,1544.0
Canada Jay,1,4,Jan_W4,0.0169731,1414.0
Canada Jay,2,1,Feb_W1,0.0160727,1431.0
Canada Jay,2,2,Feb_W2,0.0203655,1915.0
Canada Jay,2,3,Feb_W3,0.0246085,1788.0
Canada Jay,2,4,Feb_W4,0.019432,669.0
Canada Jay,3,1,Mar_W1,0.0184162,543.0
Canada Jay,3,2,Mar_W2,0.0015,364.0
Canada Jay,3,3,Mar_W3,0.0015,681.0
Canada Jay,3,4,Mar_W4,0.0019704,1015.0
Canada Jay,4,1,Apr_W1,0.0013298,752.0
Canada Jay,4,2,Apr_W2,0.0027726,1082.0
Canada Jay,4,3,Apr_W3,0.0015,1195.0
Canada Jay,4,4,Apr_W4,0.0017953,2785.0
Canada Jay,5,1,May_W1,0.0015,1461.0
Canada Jay,5,2,May_W2,0.0021429,1400.0
Canada Jay,5,3,May_W3,0.0043988,2046.0
Canada Jay,5,4,May_W4,0.0098909,3943.0
Canada Jay,6,1,Jun_W1,0.0090439,1548.0
Canada Jay,6,2,Jun_W2,0.0102326,1075.0
Canada Jay,6,3,Jun_W3,0.0135501,1107.0
Canada Jay,6,4,Jun_W4,0.0057088,1051.0
Canada Jay,7,1,Jul_W1,0.0037736,795.0
Canada Jay,7,2,Jul_W2,0.0015,584.0
Canada Jay,7,3,Jul_W3,0.0018762,533.0
Canada Jay,7,4,Jul_W4,0.0025316,790.0
Canada Jay,8,1,Aug_W1,0.001675,597.0
Canada Jay,8,2,Aug_W2,0.0015015,666.0
Canada Jay,8,3,Aug_W3,0.0012165,822.0
Canada Jay,8,4,Aug_W4,0.0035619,1123.0
Canada Jay,9,1,Sep_W1,0.0033003,909.0
Canada Jay,9,2,Sep_W2,0.0041797,957.0
Canada Jay,9,3,Sep_W3,0.0010384,963.0
Canada Jay,9,4,Sep_W4,0.0007077,1413.0
Canada Jay,10,1,Oct_W1,0.0020492,976.0
Canada Jay,10,2,Oct_W2,0.006015,1330.0
Canada Jay,10,3,Oct_W3,0.0083877,1073.0
Canada Jay,10,4,Oct_W4,0.0097952,1123.0
Canada Jay,11,1,Nov_W1,0.0087464,686.0
Canada Jay,11,2,Nov_W2,0.0030211,662.0
Canada Jay,11,3,Nov_W3,0.0070093,428.0
Canada Jay,11,4,Nov_W4,0.0029499,339.0
Canada Jay,12,1,Dec_W1,0.0093897,213.0
Canada Jay,12,2,Dec_W2,0.0,275.0
Canada Jay,12,3,Dec_W3,0.0031447,318.0
Canada Jay,12,4,Dec_W4,0.0161117,931.0
Blue Jay,1,1,Jan_W1,0.2577821,1028.0
Blue Jay,1,2,Jan_W2,0.2371859,995.0
Blue Jay,1,3,Jan_W3,0.2506477,1544.0
Blue Jay,1,4,Jan_W4,0.2206506,1414.0
Blue Jay,2,1,Feb_W1,0.2026555,1431.0
Blue Jay,2,2,Feb_W2,0.2861619,1915.0
Blue Jay,2,3,Feb_W3,0.2695749,1788.0
Blue Jay,2,4,Feb_W4,0.2197309,669.0
Blue Jay,3,1,Mar_W1,0.2302026,543.0
Blue Jay,3,2,Mar_W2,0.2032967,364.0
Blue Jay,3,3,Mar_W3,0.123348,681.0
Blue Jay,3,4,Mar_W4,0.1477833,1015.0
Blue Jay,4,1,Apr_W1,0.1170213,752.0
Blue Jay,4,2,Apr_W2,0.1210721,1082.0
Blue Jay,4,3,Apr_W3,0.1322176,1195.0
Blue Jay,4,4,Apr_W4,0.1001795,2785.0
Blue Jay,5,1,May_W1,0.2135524,1461.0
Blue Jay,5,2,May_W2,0.4314286,1400.0
Blue Jay,5,3,May_W3,0.4721408,2046.0
Blue Jay,5,4,May_W4,0.4909967,3943.0
Blue Jay,6,1,Jun_W1,0.4244186,1548.0
Blue Jay,6,2,Jun_W2,0.3674419,1075.0
Blue Jay,6,3,Jun_W3,0.3143631,1107.0
Blue Jay,6,4,Jun_W4,0.2568982,1051.0
Blue Jay,7,1,Jul_W1,0.2754717,795.0
Blue Jay,7,2,Jul_W2,0.2414384,584.0
Blue Jay,7,3,Jul_W3,0.2532833,533.0
Blue Jay,7,4,Jul_W4,0.2405063,790.0
Blue Jay,8,1,Aug_W1,0.2428811,597.0
Blue Jay,8,2,Aug_W2,0.2717718,666.0
Blue Jay,8,3,Aug_W3,0.2895377,822.0
Blue Jay,8,4,Aug_W4,0.3134461,1123.0
Blue Jay,9,1,Sep_W1,0.3641364,909.0
Blue Jay,9,2,Sep_W2,0.4858934,957.0
Blue Jay,9,3,Sep_W3,0.5379024,963.0
Blue Jay,9,4,Sep_W4,0.4734607,1413.0
Blue Jay,10,1,Oct_W1,0.4354508,976.0
Blue Jay,10,2,Oct_W2,0.4518797,1330.0
Blue Jay,10,3,Oct_W3,0.5069897,1073.0
Blue Jay,10,4,Oct_W4,0.5262689,1123.0
Blue Jay,11,1,Nov_W1,0.5116618,686.0
Blue Jay,11,2,Nov_W2,0.4773414,662.0
Blue Jay,11,3,Nov_W3,0.4953271,428.0
Blue Jay,11,4,Nov_W4,0.3539823,339.0
Blue Jay,12,1,Dec_W1,0.342723,213.0
Blue Jay,12,2,Dec_W2,0.3090909,275.0
Blue Jay,12,3,Dec_W3,0.2987421,318.0
Blue Jay,12,4,Dec_W4,0.2438238,931.0
Black-billed Magpie,1,1,Jan_W1,0.0,1028.0
Black-billed Magpie,1,2,Jan_W2,0.0,995.0
Black-billed Magpie,1,3,Jan_W3,0.0,1544.0
Black-billed Magpie,1,4,Jan_W4,0.0,1414.0
Black-billed Magpie,2,1,Feb_W1,0.0,1431.0
Black-billed Magpie,2,2,Feb_W2,0.0,1915.0
Black-billed Magpie,2,3,Feb_W3,0.0,1788.0
Black-billed Magpie,2,4,Feb_W4,0.0,669.0
Black-billed Magpie,3,1,Mar_W1,0.0,543.0
Black-billed Magpie,3,2,Mar_W2,0.0,364.0
Black-billed Magpie,3,3,Mar_W3,0.0,681.0
Black-billed Magpie,3,4,Mar_W4,0.0,1015.0
Black-billed Magpie,4,1,Apr_W1,0.0026596,752.0
Black-billed Magpie,4,2,Apr_W2,0.0,1082.0
Black-billed Magpie,4,3,Apr_W3,0.0,1195.0
Black-billed Magpie,4,4,Apr_W4,0.0,2785.0
Black-billed Magpie,5,1,May_W1,0.0,1461.0
Black-billed Magpie,5,2,May_W2,0.0014286,1400.0
Black-billed Magpie,5,3,May_W3,0.001955,2046.0
Black-billed Magpie,5,4,May_W4,0.0,3943.0
Black-billed Magpie,6,1,Jun_W1,0.0,1548.0
Black-billed Magpie,6,2,Jun_W2,0.0,1075.0
Black-billed Magpie,6,3,Jun_W3,0.0,1107.0
Black-billed Magpie,6,4,Jun_W4,0.0,1051.0
Black-billed Magpie,7,1,Jul_W1,0.0,795.0
Black-billed Magpie,7,2,Jul_W2,0.0,584.0
Black-billed Magpie,7,3,Jul_W3,0.0,533.0
Black-billed Magpie,7,4,Jul_W4,0.0,790.0
Black-billed Magpie,8,1,Aug_W1,0.0,597.0
Black-billed Magpie,8,2,Aug_W2,0.0,666.0
Black-billed Magpie,8,3,Aug_W3,0.0,822.0
Black-billed Magpie,8,4,Aug_W4,0.0,1123.0
Black-billed Magpie,9,1,Sep_W1,0.0,909.0
Black-billed Magpie,9,2,Sep_W2,0.0,957.0
Black-billed Magpie,9,3,Sep_W3,0.0,963.0
Black-billed Magpie,9,4,Sep_W4,0.0,1413.0
Black-billed Magpie,10,1,Oct_W1,0.0,976.0
Black-billed Magpie,10,2,Oct_W2,0.0,1330.0
Black-billed Magpie,10,3,Oct_W3,0.0,1073.0
Black-billed Magpie,10,4,Oct_W4,0.0,1123.0
Black-billed Magpie,11,1,Nov_W1,0.0,686.0
Black-billed Magpie,11,2,Nov_W2,0.0,662.0
Black-billed Magpie,11,3,Nov_W3,0.0,428.0
Black-billed Magpie,11,4,Nov_W4,0.0,339.0
Black-billed Magpie,12,1,Dec_W1,0.0,213.0
Black-billed Magpie,12,2,Dec_W2,0.0,275.0
Black-billed Magpie,12,3,Dec_W3,0.0,318.0
Black-billed Magpie,12,4,Dec_W4,0.0,931.0
American Crow,1,1,Jan_W1,0.2587549,1028.0
American Crow,1,2,Jan_W2,0.2361809,995.0
American Crow,1,3,Jan_W3,0.2784974,1544.0
American Crow,1,4,Jan_W4,0.2652051,1414.0
American Crow,2,1,Feb_W1,0.2292103,1431.0
American Crow,2,2,Feb_W2,0.291906,1915.0
American Crow,2,3,Feb_W3,0.3143177,1788.0
American Crow,2,4,Feb_W4,0.4125561,669.0
American Crow,3,1,Mar_W1,0.4511971,543.0
American Crow,3,2,Mar_W2,0.6318681,364.0
American Crow,3,3,Mar_W3,0.5110132,681.0
American Crow,3,4,Mar_W4,0.4758621,1015.0
American Crow,4,1,Apr_W1,0.4827128,752.0
American Crow,4,2,Apr_W2,0.4565619,1082.0
American Crow,4,3,Apr_W3,0.4610879,1195.0
American Crow,4,4,Apr_W4,0.4150808,2785.0
American Crow,5,1,May_W1,0.4079398,1461.0
American Crow,5,2,May_W2,0.4021429,1400.0
American Crow,5,3,May_W3,0.3470186,2046.0
American Crow,5,4,May_W4,0.3484656,3943.0
American Crow,6,1,Jun_W1,0.373385,1548.0
American Crow,6,2,Jun_W2,0.384186,1075.0
American Crow,6,3,Jun_W3,0.3396567,1107.0
American Crow,6,4,Jun_W4,0.3463368,1051.0
American Crow,7,1,Jul_W1,0.3798742,795.0
American Crow,7,2,Jul_W2,0.3732877,584.0
American Crow,7,3,Jul_W3,0.3996248,533.0
American Crow,7,4,Jul_W4,0.4037975,790.0
American Crow,8,1,Aug_W1,0.4053601,597.0
American Crow,8,2,Aug_W2,0.4189189,666.0
American Crow,8,3,Aug_W3,0.4610706,822.0
American Crow,8,4,Aug_W4,0.4105076,1123.0
American Crow,9,1,Sep_W1,0.449945,909.0
American Crow,9,2,Sep_W2,0.4482759,957.0
American Crow,9,3,Sep_W3,0.4766355,963.0
American Crow,9,4,Sep_W4,0.4111819,1413.0
American Crow,10,1,Oct_W1,0.4385246,976.0
American Crow,10,2,Oct_W2,0.4413534,1330.0
American Crow,10,3,Oct_W3,0.3923579,1073.0
American Crow,10,4,Oct_W4,0.318789,1123.0
American Crow,11,1,Nov_W1,0.2317784,686.0
American Crow,11,2,Nov_W2,0.194864,662.0
American Crow,11,3,Nov_W3,0.2056075,428.0
American Crow,11,4,Nov_W4,0.2831858,339.0
American Crow,12,1,Dec_W1,0.3521127,213.0
American Crow,12,2,Dec_W2,0.4,275.0
American Crow,12,3,Dec_W3,0.427673,318.0
American Crow,12,4,Dec_W4,0.2910849,931.0
Common Raven,1,1,Jan_W1,0.4416342,1028.0
Common Raven,1,2,Jan_W2,0.4321608,995.0
Common Raven,1,3,Jan_W3,0.4481865,1544.0
Common Raven,1,4,Jan_W4,0.4115983,1414.0
Common Raven,2,1,Feb_W1,0.3913347,1431.0
Common Raven,2,2,Feb_W2,0.432376,1915.0
Common Raven,2,3,Feb_W3,0.4267338,1788.0
Common Raven,2,4,Feb_W4,0.4334828,669.0
Common Raven,3,1,Mar_W1,0.4088398,543.0
Common Raven,3,2,Mar_W2,0.4065934,364.0
Common Raven,3,3,Mar_W3,0.3950073,681.0
Common Raven,3,4,Mar_W4,0.3103448,1015.0
Common Raven,4,1,Apr_W1,0.3045213,752.0
Common Raven,4,2,Apr_W2,0.318854,1082.0
Common Raven,4,3,Apr_W3,0.3430962,1195.0
Common Raven,4,4,Apr_W4,0.3543986,2785.0
Common Raven,5,1,May_W1,0.3750856,1461.0
Common Raven,5,2,May_W2,0.3314286,1400.0
Common Raven,5,3,May_W3,0.2829912,2046.0
Common Raven,5,4,May_W4,0.3078874,3943.0
Common Raven,6,1,Jun_W1,0.2616279,1548.0
Common Raven,6,2,Jun_W2,0.2595349,1075.0
Common Raven,6,3,Jun_W3,0.2719061,1107.0
Common Raven,6,4,Jun_W4,0.2350143,1051.0
Common Raven,7,1,Jul_W1,0.2289308,795.0
Common Raven,7,2,Jul_W2,0.2380137,584.0
Common Raven,7,3,Jul_W3,0.2457786,533.0
Common Raven,7,4,Jul_W4,0.2278481,790.0
Common Raven,8,1,Aug_W1,0.2378559,597.0
Common Raven,8,2,Aug_W2,0.3003003,666.0
Common Raven,8,3,Aug_W3,0.363747,822.0
Common Raven,8,4,Aug_W4,0.3686554,1123.0
Common Raven,9,1,Sep_W1,0.4389439,909.0
Common Raven,9,2,Sep_W2,0.368861,957.0
Common Raven,9,3,Sep_W3,0.4215992,963.0
Common Raven,9,4,Sep_W4,0.3722576,1413.0
Common Raven,10,1,Oct_W1,0.397541,976.0
Common Raven,10,2,Oct_W2,0.4451128,1330.0
Common Raven,10,3,Oct_W3,0.5023299,1073.0
Common Raven,10,4,Oct_W4,0.5022262,1123.0
Common Raven,11,1,Nov_W1,0.5524781,686.0
Common Raven,11,2,Nov_W2,0.478852,662.0
Common Raven,11,3,Nov_W3,0.4275701,428.0
Common Raven,11,4,Nov_W4,0.4483776,339.0
Common Raven,12,1,Dec_W1,0.3943662,213.0
Common Raven,12,2,Dec_W2,0.4436364,275.0
Common Raven,12,3,Dec_W3,0.4559748,318.0
Common Raven,12,4,Dec_W4,0.4403867,931.0
Black-capped Chickadee,1,1,Jan_W1,0.4727626,1028.0
Black-capped Chickadee,1,2,Jan_W2,0.4713568,995.0
Black-capped Chickadee,1,3,Jan_W3,0.4430052,1544.0
Black-capped Chickadee,1,4,Jan_W4,0.450495,1414.0
Black-capped Chickadee,2,1,Feb_W1,0.4039133,1431.0
Black-capped Chickadee,2,2,Feb_W2,0.4934726,1915.0
Black-capped Chickadee,2,3,Feb_W3,0.4966443,1788.0
Black-capped Chickadee,2,4,Feb_W4,0.4275037,669.0
Black-capped Chickadee,3,1,Mar_W1,0.441989,543.0
Black-capped Chickadee,3,2,Mar_W2,0.4697802,364.0
Black-capped Chickadee,3,3,Mar_W3,0.4008811,681.0
Black-capped Chickadee,3,4,Mar_W4,0.3753695,1015.0
Black-capped Chickadee,4,1,Apr_W1,0.3351064,752.0
Black-capped Chickadee,4,2,Apr_W2,0.3909427,1082.0
Black-capped Chickadee,4,3,Apr_W3,0.3874477,1195.0
Black-capped Chickadee,4,4,Apr_W4,0.4014363,2785.0
Black-capped Chickadee,5,1,May_W1,0.4442163,1461.0
Black-capped Chickadee,5,2,May_W2,0.4592857,1400.0
Black-capped Chickadee,5,3,May_W3,0.4217986,2046.0
Black-capped Chickadee,5,4,May_W4,0.4471215,3943.0
Black-capped Chickadee,6,1,Jun_W1,0.373385,1548.0
Black-capped Chickadee,6,2,Jun_W2,0.3544186,1075.0
Black-capped Chickadee,6,3,Jun_W3,0.3053297,1107.0
Black-capped Chickadee,6,4,Jun_W4,0.2778306,1051.0
Black-capped Chickadee,7,1,Jul_W1,0.3031447,795.0
Black-capped Chickadee,7,2,Jul_W2,0.3287671,584.0
Black-capped Chickadee,7,3,Jul_W3,0.3564728,533.0
Black-capped Chickadee,7,4,Jul_W4,0.3974684,790.0
Black-capped Chickadee,8,1,Aug_W1,0.4455611,597.0
Black-capped Chickadee,8,2,Aug_W2,0.4354354,666.0
Black-capped Chickadee,8,3,Aug_W3,0.4355231,822.0
Black-capped Chickadee,8,4,Aug_W4,0.4621549,1123.0
Black-capped Chickadee,9,1,Sep_W1,0.530253,909.0
Black-capped Chickadee,9,2,Sep_W2,0.5579937,957.0
Black-capped Chickadee,9,3,Sep_W3,0.5867082,963.0
Black-capped Chickadee,9,4,Sep_W4,0.6036801,1413.0
Black-capped Chickadee,10,1,Oct_W1,0.5963115,976.0
Black-capped Chickadee,10,2,Oct_W2,0.6390977,1330.0
Black-capped Chickadee,10,3,Oct_W3,0.6132339,1073.0
Black-capped Chickadee,10,4,Oct_W4,0.6464826,1123.0
Black-capped Chickadee,11,1,Nov_W1,0.590379,686.0
Black-capped Chickadee,11,2,Nov_W2,0.6072508,662.0
Black-capped Chickadee,11,3,Nov_W3,0.6051402,428.0
Black-capped Chickadee,11,4,Nov_W4,0.5486726,339.0
Black-capped Chickadee,12,1,Dec_W1,0.5492958,213.0
Black-capped Chickadee,12,2,Dec_W2,0.5345455,275.0
Black-capped Chickadee,12,3,Dec_W3,0.6069182,318.0
Black-capped Chickadee,12,4,Dec_W4,0.4597207,931.0
Boreal Chickadee,1,1,Jan_W1,0.0029183,1028.0
Boreal Chickadee,1,2,Jan_W2,0.0040201,995.0
Boreal Chickadee,1,3,Jan_W3,0.005829,1544.0
Boreal Chickadee,1,4,Jan_W4,0.0077793,1414.0
Boreal Chickadee,2,1,Feb_W1,0.0027952,1431.0
Boreal Chickadee,2,2,Feb_W2,0.0073107,1915.0
Boreal Chickadee,2,3,Feb_W3,0.0055928,1788.0
Boreal Chickadee,2,4,Feb_W4,0.0029895,669.0
Boreal Chickadee,3,1,Mar_W1,0.0036832,543.0
Boreal Chickadee,3,2,Mar_W2,0.0,364.0
Boreal Chickadee,3,3,Mar_W3,0.0015,681.0
Boreal Chickadee,3,4,Mar_W4,0.0015,1015.0
Boreal Chickadee,4,1,Apr_W1,0.0015,752.0
Boreal Chickadee,4,2,Apr_W2,0.0046211,1082.0
Boreal Chickadee,4,3,Apr_W3,0.0083682,1195.0
Boreal Chickadee,4,4,Apr_W4,0.0082585,2785.0
Boreal Chickadee,5,1,May_W1,0.0171116,1461.0
Boreal Chickadee,5,2,May_W2,0.0128571,1400.0
Boreal Chickadee,5,3,May_W3,0.0146628,2046.0
Boreal Chickadee,5,4,May_W4,0.0278975,3943.0
Boreal Chickadee,6,1,Jun_W1,0.0109819,1548.0
Boreal Chickadee,6,2,Jun_W2,0.0065116,1075.0
Boreal Chickadee,6,3,Jun_W3,0.0036134,1107.0
Boreal Chickadee,6,4,Jun_W4,0.0009515,1051.0
Boreal Chickadee,7,1,Jul_W1,0.0012579,795.0
Boreal Chickadee,7,2,Jul_W2,0.0,584.0
Boreal Chickadee,7,3,Jul_W3,0.0018762,533.0
Boreal Chickadee,7,4,Jul_W4,0.0,790.0
Boreal Chickadee,8,1,Aug_W1,0.0,597.0
Boreal Chickadee,8,2,Aug_W2,0.0015,666.0
Boreal Chickadee,8,3,Aug_W3,0.0,822.0
Boreal Chickadee,8,4,Aug_W4,0.0017809,1123.0
Boreal Chickadee,9,1,Sep_W1,0.0015,909.0
Boreal Chickadee,9,2,Sep_W2,0.0015,957.0
Boreal Chickadee,9,3,Sep_W3,0.0010384,963.0
Boreal Chickadee,9,4,Sep_W4,0.0021231,1413.0
Boreal Chickadee,10,1,Oct_W1,0.0015,976.0
Boreal Chickadee,10,2,Oct_W2,0.0015,1330.0
Boreal Chickadee,10,3,Oct_W3,0.0015,1073.0
Boreal Chickadee,10,4,Oct_W4,0.0008905,1123.0
Boreal Chickadee,11,1,Nov_W1,0.0,686.0
Boreal Chickadee,11,2,Nov_W2,0.0090634,662.0
Boreal Chickadee,11,3,Nov_W3,0.0046729,428.0
Boreal Chickadee,11,4,Nov_W4,0.0088496,339.0
Boreal Chickadee,12,1,Dec_W1,0.0046948,213.0
Boreal Chickadee,12,2,Dec_W2,0.0,275.0
Boreal Chickadee,12,3,Dec_W3,0.0031447,318.0
Boreal Chickadee,12,4,Dec_W4,0.0015,931.0
Tufted Titmouse,1,1,Jan_W1,0.0009728,1028.0
Tufted Titmouse,1,2,Jan_W2,0.001005,995.0
Tufted Titmouse,1,3,Jan_W3,0.0,1544.0
Tufted Titmouse,1,4,Jan_W4,0.0,1414.0
Tufted Titmouse,2,1,Feb_W1,0.0,1431.0
Tufted Titmouse,2,2,Feb_W2,0.0,1915.0
Tufted Titmouse,2,3,Feb_W3,0.0,1788.0
Tufted Titmouse,2,4,Feb_W4,0.0,669.0
Tufted Titmouse,3,1,Mar_W1,0.0,543.0
Tufted Titmouse,3,2,Mar_W2,0.0,364.0
Tufted Titmouse,3,3,Mar_W3,0.0,681.0
Tufted Titmouse,3,4,Mar_W4,0.0,1015.0
Tufted Titmouse,4,1,Apr_W1,0.0,752.0
Tufted Titmouse,4,2,Apr_W2,0.0,1082.0
Tufted Titmouse,4,3,Apr_W3,0.0,1195.0
Tufted Titmouse,4,4,Apr_W4,0.0003591,2785.0
Tufted Titmouse,5,1,May_W1,0.0,1461.0
Tufted Titmouse,5,2,May_W2,0.0,1400.0
Tufted Titmouse,5,3,May_W3,0.0,2046.0
Tufted Titmouse,5,4,May_W4,0.0002536,3943.0
Tufted Titmouse,6,1,Jun_W1,0.0,1548.0
Tufted Titmouse,6,2,Jun_W2,0.0,1075.0
Tufted Titmouse,6,3,Jun_W3,0.0,1107.0
Tufted Titmouse,6,4,Jun_W4,0.0,1051.0
Tufted Titmouse,7,1,Jul_W1,0.0,795.0
Tufted Titmouse,7,2,Jul_W2,0.0,584.0
Tufted Titmouse,7,3,Jul_W3,0.0,533.0
Tufted Titmouse,7,4,Jul_W4,0.0,790.0
Tufted Titmouse,8,1,Aug_W1,0.0,597.0
Tufted Titmouse,8,2,Aug_W2,0.0,666.0
Tufted Titmouse,8,3,Aug_W3,0.0,822.0
Tufted Titmouse,8,4,Aug_W4,0.0,1123.0
Tufted Titmouse,9,1,Sep_W1,0.0,909.0
Tufted Titmouse,9,2,Sep_W2,0.0,957.0
Tufted Titmouse,9,3,Sep_W3,0.0,963.0
Tufted Titmouse,9,4,Sep_W4,0.0,1413.0
Tufted Titmouse,10,1,Oct_W1,0.0,976.0
Tufted Titmouse,10,2,Oct_W2,0.0,1330.0
Tufted Titmouse,10,3,Oct_W3,0.0018639,1073.0
Tufted Titmouse,10,4,Oct_W4,0.0,1123.0
Tufted Titmouse,11,1,Nov_W1,0.0,686.0
Tufted Titmouse,11,2,Nov_W2,0.0,662.0
Tufted Titmouse,11,3,Nov_W3,0.0,428.0
Tufted Titmouse,11,4,Nov_W4,0.0,339.0
Tufted Titmouse,12,1,Dec_W1,0.0,213.0
Tufted Titmouse,12,2,Dec_W2,0.0,275.0
Tufted Titmouse,12,3,Dec_W3,0.0,318.0
Tufted Titmouse,12,4,Dec_W4,0.0,931.0
Horned Lark,1,1,Jan_W1,0.0038911,1028.0
Horned Lark,1,2,Jan_W2,0.0080402,995.0
Horned Lark,1,3,Jan_W3,0.0051813,1544.0
Horned Lark,1,4,Jan_W4,0.0063649,1414.0
Horned Lark,2,1,Feb_W1,0.0069881,1431.0
Horned Lark,2,2,Feb_W2,0.0015666,1915.0
Horned Lark,2,3,Feb_W3,0.0111857,1788.0
Horned Lark,2,4,Feb_W4,0.0089686,669.0
Horned Lark,3,1,Mar_W1,0.0055249,543.0
Horned Lark,3,2,Mar_W2,0.0015,364.0
Horned Lark,3,3,Mar_W3,0.0014684,681.0
Horned Lark,3,4,Mar_W4,0.0019704,1015.0
Horned Lark,4,1,Apr_W1,0.0013298,752.0
Horned Lark,4,2,Apr_W2,0.0055453,1082.0
Horned Lark,4,3,Apr_W3,0.0167364,1195.0
Horned Lark,4,4,Apr_W4,0.0201077,2785.0
Horned Lark,5,1,May_W1,0.065024,1461.0
Horned Lark,5,2,May_W2,0.0635714,1400.0
Horned Lark,5,3,May_W3,0.0650049,2046.0
Horned Lark,5,4,May_W4,0.0332234,3943.0
Horned Lark,6,1,Jun_W1,0.0083979,1548.0
Horned Lark,6,2,Jun_W2,0.0009302,1075.0
Horned Lark,6,3,Jun_W3,0.0009033,1107.0
Horned Lark,6,4,Jun_W4,0.0009515,1051.0
Horned Lark,7,1,Jul_W1,0.0025157,795.0
Horned Lark,7,2,Jul_W2,0.0,584.0
Horned Lark,7,3,Jul_W3,0.0,533.0
Horned Lark,7,4,Jul_W4,0.0025316,790.0
Horned Lark,8,1,Aug_W1,0.0,597.0
Horned Lark,8,2,Aug_W2,0.003003,666.0
Horned Lark,8,3,Aug_W3,0.0048662,822.0
Horned Lark,8,4,Aug_W4,0.0017809,1123.0
Horned Lark,9,1,Sep_W1,0.0121012,909.0
Horned Lark,9,2,Sep_W2,0.1107628,957.0
Horned Lark,9,3,Sep_W3,0.2959502,963.0
Horned Lark,9,4,Sep_W4,0.3375796,1413.0
Horned Lark,10,1,Oct_W1,0.3514344,976.0
Horned Lark,10,2,Oct_W2,0.3894737,1330.0
Horned Lark,10,3,Oct_W3,0.3737185,1073.0
Horned Lark,10,4,Oct_W4,0.2707035,1123.0
Horned Lark,11,1,Nov_W1,0.2332362,686.0
Horned Lark,11,2,Nov_W2,0.1344411,662.0
Horned Lark,11,3,Nov_W3,0.0373832,428.0
Horned Lark,11,4,Nov_W4,0.0117994,339.0
Horned Lark,12,1,Dec_W1,0.0140845,213.0
Horned Lark,12,2,Dec_W2,0.0072727,275.0
Horned Lark,12,3,Dec_W3,0.0062893,318.0
Horned Lark,12,4,Dec_W4,0.0021482,931.0
Bank Swallow,1,1,Jan_W1,0.0,1028.0
Bank Swallow,1,2,Jan_W2,0.0,995.0
Bank Swallow,1,3,Jan_W3,0.0,1544.0
Bank Swallow,1,4,Jan_W4,0.0,1414.0
Bank Swallow,2,1,Feb_W1,0.0,1431.0
Bank Swallow,2,2,Feb_W2,0.0,1915.0
Bank Swallow,2,3,Feb_W3,0.0,1788.0
Bank Swallow,2,4,Feb_W4,0.0,669.0
Bank Swallow,3,1,Mar_W1,0.0,543.0
Bank Swallow,3,2,Mar_W2,0.0,364.0
Bank Swallow,3,3,Mar_W3,0.0,681.0
Bank Swallow,3,4,Mar_W4,0.0,1015.0
Bank Swallow,4,1,Apr_W1,0.0,752.0
Bank Swallow,4,2,Apr_W2,0.0,1082.0
Bank Swallow,4,3,Apr_W3,0.0,1195.0
Bank Swallow,4,4,Apr_W4,0.0010772,2785.0
Bank Swallow,5,1,May_W1,0.0047912,1461.0
Bank Swallow,5,2,May_W2,0.0307143,1400.0
Bank Swallow,5,3,May_W3,0.0195503,2046.0
Bank Swallow,5,4,May_W4,0.0317017,3943.0
Bank Swallow,6,1,Jun_W1,0.0071059,1548.0
Bank Swallow,6,2,Jun_W2,0.0111628,1075.0
Bank Swallow,6,3,Jun_W3,0.0072267,1107.0
Bank Swallow,6,4,Jun_W4,0.0104662,1051.0
Bank Swallow,7,1,Jul_W1,0.0075472,795.0
Bank Swallow,7,2,Jul_W2,0.010274,584.0
Bank Swallow,7,3,Jul_W3,0.0093809,533.0
Bank Swallow,7,4,Jul_W4,0.0101266,790.0
Bank Swallow,8,1,Aug_W1,0.0067002,597.0
Bank Swallow,8,2,Aug_W2,0.0135135,666.0
Bank Swallow,8,3,Aug_W3,0.0304136,822.0
Bank Swallow,8,4,Aug_W4,0.0195904,1123.0
Bank Swallow,9,1,Sep_W1,0.0088009,909.0
Bank Swallow,9,2,Sep_W2,0.0010449,957.0
Bank Swallow,9,3,Sep_W3,0.0020768,963.0
Bank Swallow,9,4,Sep_W4,0.0007077,1413.0
Bank Swallow,10,1,Oct_W1,0.0020492,976.0
Bank Swallow,10,2,Oct_W2,0.0,1330.0
Bank Swallow,10,3,Oct_W3,0.0,1073.0
Bank Swallow,10,4,Oct_W4,0.0,1123.0
Bank Swallow,11,1,Nov_W1,0.0,686.0
Bank Swallow,11,2,Nov_W2,0.0,662.0
Bank Swallow,11,3,Nov_W3,0.0,428.0
Bank Swallow,11,4,Nov_W4,0.0,339.0
Bank Swallow,12,1,Dec_W1,0.0,213.0
Bank Swallow,12,2,Dec_W2,0.0,275.0
Bank Swallow,12,3,Dec_W3,0.0,318.0
Bank Swallow,12,4,Dec_W4,0.0,931.0
Tree Swallow,1,1,Jan_W1,0.0,1028.0
Tree Swallow,1,2,Jan_W2,0.0,995.0
Tree Swallow,1,3,Jan_W3,0.0,1544.0
Tree Swallow,1,4,Jan_W4,0.0,1414.0
Tree Swallow,2,1,Feb_W1,0.0,1431.0
Tree Swallow,2,2,Feb_W2,0.0,1915.0
Tree Swallow,2,3,Feb_W3,0.0,1788.0
Tree Swallow,2,4,Feb_W4,0.0,669.0
Tree Swallow,3,1,Mar_W1,0.0,543.0
Tree Swallow,3,2,Mar_W2,0.0,364.0
Tree Swallow,3,3,Mar_W3,0.0,681.0
Tree Swallow,3,4,Mar_W4,0.0015,1015.0
Tree Swallow,4,1,Apr_W1,0.0013298,752.0
Tree Swallow,4,2,Apr_W2,0.0203327,1082.0
Tree Swallow,4,3,Apr_W3,0.0610879,1195.0
Tree Swallow,4,4,Apr_W4,0.0962298,2785.0
Tree Swallow,5,1,May_W1,0.1978097,1461.0
Tree Swallow,5,2,May_W2,0.1921429,1400.0
Tree Swallow,5,3,May_W3,0.1446725,2046.0
Tree Swallow,5,4,May_W4,0.126807,3943.0
Tree Swallow,6,1,Jun_W1,0.1169251,1548.0
Tree Swallow,6,2,Jun_W2,0.1237209,1075.0
Tree Swallow,6,3,Jun_W3,0.1074977,1107.0
Tree Swallow,6,4,Jun_W4,0.1274976,1051.0
Tree Swallow,7,1,Jul_W1,0.0767296,795.0
Tree Swallow,7,2,Jul_W2,0.0650685,584.0
Tree Swallow,7,3,Jul_W3,0.0619137,533.0
Tree Swallow,7,4,Jul_W4,0.0455696,790.0
Tree Swallow,8,1,Aug_W1,0.041876,597.0
Tree Swallow,8,2,Aug_W2,0.0465465,666.0
Tree Swallow,8,3,Aug_W3,0.0851582,822.0
Tree Swallow,8,4,Aug_W4,0.0445236,1123.0
Tree Swallow,9,1,Sep_W1,0.029703,909.0
Tree Swallow,9,2,Sep_W2,0.0104493,957.0
Tree Swallow,9,3,Sep_W3,0.0124611,963.0
Tree Swallow,9,4,Sep_W4,0.0042463,1413.0
Tree Swallow,10,1,Oct_W1,0.0010246,976.0
Tree Swallow,10,2,Oct_W2,0.0015038,1330.0
Tree Swallow,10,3,Oct_W3,0.0,1073.0
Tree Swallow,10,4,Oct_W4,0.0008905,1123.0
Tree Swallow,11,1,Nov_W1,0.0014577,686.0
Tree Swallow,11,2,Nov_W2,0.0,662.0
Tree Swallow,11,3,Nov_W3,0.0023364,428.0
Tree Swallow,11,4,Nov_W4,0.0,339.0
Tree Swallow,12,1,Dec_W1,0.0,213.0
Tree Swallow,12,2,Dec_W2,0.0,275.0
Tree Swallow,12,3,Dec_W3,0.0015,318.0
Tree Swallow,12,4,Dec_W4,0.0,931.0
Purple Martin,1,1,Jan_W1,0.0,1028.0
Purple Martin,1,2,Jan_W2,0.0,995.0
Purple Martin,1,3,Jan_W3,0.0,1544.0
Purple Martin,1,4,Jan_W4,0.0,1414.0
Purple Martin,2,1,Feb_W1,0.0,1431.0
Purple Martin,2,2,Feb_W2,0.0,1915.0
Purple Martin,2,3,Feb_W3,0.0,1788.0
Purple Martin,2,4,Feb_W4,0.0,669.0
Purple Martin,3,1,Mar_W1,0.0,543.0
Purple Martin,3,2,Mar_W2,0.0,364.0
Purple Martin,3,3,Mar_W3,0.0,681.0
Purple Martin,3,4,Mar_W4,0.0,1015.0
Purple Martin,4,1,Apr_W1,0.0,752.0
Purple Martin,4,2,Apr_W2,0.0009242,1082.0
Purple Martin,4,3,Apr_W3,0.0,1195.0
Purple Martin,4,4,Apr_W4,0.0003591,2785.0
Purple Martin,5,1,May_W1,0.0020534,1461.0
Purple Martin,5,2,May_W2,0.0007143,1400.0
Purple Martin,5,3,May_W3,0.0014663,2046.0
Purple Martin,5,4,May_W4,0.0017753,3943.0
Purple Martin,6,1,Jun_W1,0.000646,1548.0
Purple Martin,6,2,Jun_W2,0.0,1075.0
Purple Martin,6,3,Jun_W3,0.0015,1107.0
Purple Martin,6,4,Jun_W4,0.0,1051.0
Purple Martin,7,1,Jul_W1,0.0012579,795.0
Purple Martin,7,2,Jul_W2,0.0,584.0
Purple Martin,7,3,Jul_W3,0.0,533.0
Purple Martin,7,4,Jul_W4,0.0015,790.0
Purple Martin,8,1,Aug_W1,0.0033501,597.0
Purple Martin,8,2,Aug_W2,0.0015015,666.0
Purple Martin,8,3,Aug_W3,0.0,822.0
Purple Martin,8,4,Aug_W4,0.0026714,1123.0
Purple Martin,9,1,Sep_W1,0.0015,909.0
Purple Martin,9,2,Sep_W2,0.0,957.0
Purple Martin,9,3,Sep_W3,0.0,963.0
Purple Martin,9,4,Sep_W4,0.0,1413.0
Purple Martin,10,1,Oct_W1,0.0,976.0
Purple Martin,10,2,Oct_W2,0.0,1330.0
Purple Martin,10,3,Oct_W3,0.0,1073.0
Purple Martin,10,4,Oct_W4,0.0,1123.0
Purple Martin,11,1,Nov_W1,0.0,686.0
Purple Martin,11,2,Nov_W2,0.0,662.0
Purple Martin,11,3,Nov_W3,0.0,428.0
Purple Martin,11,4,Nov_W4,0.0,339.0
Purple Martin,12,1,Dec_W1,0.0,213.0
Purple Martin,12,2,Dec_W2,0.0,275.0
Purple Martin,12,3,Dec_W3,0.0,318.0
Purple Martin,12,4,Dec_W4,0.0,931.0
Northern Rough-winged Swallow,1,1,Jan_W1,0.0,1028.0
Northern Rough-winged Swallow,1,2,Jan_W2,0.0,995.0
Northern Rough-winged Swallow,1,3,Jan_W3,0.0,1544.0
Northern Rough-winged Swallow,1,4,Jan_W4,0.0,1414.0
Northern Rough-winged Swallow,2,1,Feb_W1,0.0,1431.0
Northern Rough-winged Swallow,2,2,Feb_W2,0.0,1915.0
Northern Rough-winged Swallow,2,3,Feb_W3,0.0,1788.0
Northern Rough-winged Swallow,2,4,Feb_W4,0.0,669.0
Northern Rough-winged Swallow,3,1,Mar_W1,0.0,543.0
Northern Rough-winged Swallow,3,2,Mar_W2,0.0,364.0
Northern Rough-winged Swallow,3,3,Mar_W3,0.0,681.0
Northern Rough-winged Swallow,3,4,Mar_W4,0.0,1015.0
Northern Rough-winged Swallow,4,1,Apr_W1,0.0,752.0
Northern Rough-winged Swallow,4,2,Apr_W2,0.0,1082.0
Northern Rough-winged Swallow,4,3,Apr_W3,0.0,1195.0
Northern Rough-winged Swallow,4,4,Apr_W4,0.0021544,2785.0
Northern Rough-winged Swallow,5,1,May_W1,0.0095825,1461.0
Northern Rough-winged Swallow,5,2,May_W2,0.0214286,1400.0
Northern Rough-winged Swallow,5,3,May_W3,0.0156403,2046.0
Northern Rough-winged Swallow,5,4,May_W4,0.0147096,3943.0
Northern Rough-winged Swallow,6,1,Jun_W1,0.0064599,1548.0
Northern Rough-winged Swallow,6,2,Jun_W2,0.0018605,1075.0
Northern Rough-winged Swallow,6,3,Jun_W3,0.0081301,1107.0
Northern Rough-winged Swallow,6,4,Jun_W4,0.0038059,1051.0
Northern Rough-winged Swallow,7,1,Jul_W1,0.0050314,795.0
Northern Rough-winged Swallow,7,2,Jul_W2,0.0068493,584.0
Northern Rough-winged Swallow,7,3,Jul_W3,0.0168856,533.0
Northern Rough-winged Swallow,7,4,Jul_W4,0.0101266,790.0
Northern Rough-winged Swallow,8,1,Aug_W1,0.0033501,597.0
Northern Rough-winged Swallow,8,2,Aug_W2,0.0015015,666.0
Northern Rough-winged Swallow,8,3,Aug_W3,0.0121655,822.0
Northern Rough-winged Swallow,8,4,Aug_W4,0.0089047,1123.0
Northern Rough-winged Swallow,9,1,Sep_W1,0.0011001,909.0
Northern Rough-winged Swallow,9,2,Sep_W2,0.0020899,957.0
Northern Rough-winged Swallow,9,3,Sep_W3,0.0031153,963.0
Northern Rough-winged Swallow,9,4,Sep_W4,0.0021231,1413.0
Northern Rough-winged Swallow,10,1,Oct_W1,0.0,976.0
Northern Rough-winged Swallow,10,2,Oct_W2,0.0,1330.0
Northern Rough-winged Swallow,10,3,Oct_W3,0.0,1073.0
Northern Rough-winged Swallow,10,4,Oct_W4,0.0008905,1123.0
Northern Rough-winged Swallow,11,1,Nov_W1,0.0,686.0
Northern Rough-winged Swallow,11,2,Nov_W2,0.0,662.0
Northern Rough-winged Swallow,11,3,Nov_W3,0.0,428.0
Northern Rough-winged Swallow,11,4,Nov_W4,0.0,339.0
Northern Rough-winged Swallow,12,1,Dec_W1,0.0,213.0
Northern Rough-winged Swallow,12,2,Dec_W2,0.0,275.0
Northern Rough-winged Swallow,12,3,Dec_W3,0.0,318.0
Northern Rough-winged Swallow,12,4,Dec_W4,0.0,931.0
Barn Swallow,1,1,Jan_W1,0.0,1028.0
Barn Swallow,1,2,Jan_W2,0.0,995.0
Barn Swallow,1,3,Jan_W3,0.0,1544.0
Barn Swallow,1,4,Jan_W4,0.0,1414.0
Barn Swallow,2,1,Feb_W1,0.0,1431.0
Barn Swallow,2,2,Feb_W2,0.0,1915.0
Barn Swallow,2,3,Feb_W3,0.0,1788.0
Barn Swallow,2,4,Feb_W4,0.0,669.0
Barn Swallow,3,1,Mar_W1,0.0,543.0
Barn Swallow,3,2,Mar_W2,0.0,364.0
Barn Swallow,3,3,Mar_W3,0.0,681.0
Barn Swallow,3,4,Mar_W4,0.0,1015.0
Barn Swallow,4,1,Apr_W1,0.0,752.0
Barn Swallow,4,2,Apr_W2,0.0,1082.0
Barn Swallow,4,3,Apr_W3,0.0108787,1195.0
Barn Swallow,4,4,Apr_W4,0.0319569,2785.0
Barn Swallow,5,1,May_W1,0.1279945,1461.0
Barn Swallow,5,2,May_W2,0.1721429,1400.0
Barn Swallow,5,3,May_W3,0.1647116,2046.0
Barn Swallow,5,4,May_W4,0.1709358,3943.0
Barn Swallow,6,1,Jun_W1,0.123385,1548.0
Barn Swallow,6,2,Jun_W2,0.1153488,1075.0
Barn Swallow,6,3,Jun_W3,0.1065944,1107.0
Barn Swallow,6,4,Jun_W4,0.1008563,1051.0
Barn Swallow,7,1,Jul_W1,0.109434,795.0
Barn Swallow,7,2,Jul_W2,0.130137,584.0
Barn Swallow,7,3,Jul_W3,0.1557223,533.0
Barn Swallow,7,4,Jul_W4,0.1202532,790.0
Barn Swallow,8,1,Aug_W1,0.118928,597.0
Barn Swallow,8,2,Aug_W2,0.1306306,666.0
Barn Swallow,8,3,Aug_W3,0.2311436,822.0
Barn Swallow,8,4,Aug_W4,0.158504,1123.0
Barn Swallow,9,1,Sep_W1,0.0781078,909.0
Barn Swallow,9,2,Sep_W2,0.0282132,957.0
Barn Swallow,9,3,Sep_W3,0.0155763,963.0
Barn Swallow,9,4,Sep_W4,0.009908,1413.0
Barn Swallow,10,1,Oct_W1,0.0163934,976.0
Barn Swallow,10,2,Oct_W2,0.0142857,1330.0
Barn Swallow,10,3,Oct_W3,0.0074557,1073.0
Barn Swallow,10,4,Oct_W4,0.0097952,1123.0
Barn Swallow,11,1,Nov_W1,0.0087464,686.0
Barn Swallow,11,2,Nov_W2,0.0030211,662.0
Barn Swallow,11,3,Nov_W3,0.0,428.0
Barn Swallow,11,4,Nov_W4,0.0,339.0
Barn Swallow,12,1,Dec_W1,0.0,213.0
Barn Swallow,12,2,Dec_W2,0.0,275.0
Barn Swallow,12,3,Dec_W3,0.0,318.0
Barn Swallow,12,4,Dec_W4,0.0,931.0
Cliff Swallow,1,1,Jan_W1,0.0,1028.0
Cliff Swallow,1,2,Jan_W2,0.0,995.0
Cliff Swallow,1,3,Jan_W3,0.0,1544.0
Cliff Swallow,1,4,Jan_W4,0.0,1414.0
Cliff Swallow,2,1,Feb_W1,0.0,1431.0
Cliff Swallow,2,2,Feb_W2,0.0,1915.0
Cliff Swallow,2,3,Feb_W3,0.0,1788.0
Cliff Swallow,2,4,Feb_W4,0.0,669.0
Cliff Swallow,3,1,Mar_W1,0.0,543.0
Cliff Swallow,3,2,Mar_W2,0.0,364.0
Cliff Swallow,3,3,Mar_W3,0.0,681.0
Cliff Swallow,3,4,Mar_W4,0.0,1015.0
Cliff Swallow,4,1,Apr_W1,0.0,752.0
Cliff Swallow,4,2,Apr_W2,0.0027726,1082.0
Cliff Swallow,4,3,Apr_W3,0.0,1195.0
Cliff Swallow,4,4,Apr_W4,0.0010772,2785.0
Cliff Swallow,5,1,May_W1,0.0130048,1461.0
Cliff Swallow,5,2,May_W2,0.0407143,1400.0
Cliff Swallow,5,3,May_W3,0.040567,2046.0
Cliff Swallow,5,4,May_W4,0.0603601,3943.0
Cliff Swallow,6,1,Jun_W1,0.0426357,1548.0
Cliff Swallow,6,2,Jun_W2,0.0204651,1075.0
Cliff Swallow,6,3,Jun_W3,0.0234869,1107.0
Cliff Swallow,6,4,Jun_W4,0.0190295,1051.0
Cliff Swallow,7,1,Jul_W1,0.0251572,795.0
Cliff Swallow,7,2,Jul_W2,0.0291096,584.0
Cliff Swallow,7,3,Jul_W3,0.0393996,533.0
Cliff Swallow,7,4,Jul_W4,0.035443,790.0
Cliff Swallow,8,1,Aug_W1,0.0368509,597.0
Cliff Swallow,8,2,Aug_W2,0.024024,666.0
Cliff Swallow,8,3,Aug_W3,0.0693431,822.0
Cliff Swallow,8,4,Aug_W4,0.0427427,1123.0
Cliff Swallow,9,1,Sep_W1,0.0407041,909.0
Cliff Swallow,9,2,Sep_W2,0.0449321,957.0
Cliff Swallow,9,3,Sep_W3,0.0477674,963.0
Cliff Swallow,9,4,Sep_W4,0.0162774,1413.0
Cliff Swallow,10,1,Oct_W1,0.0122951,976.0
Cliff Swallow,10,2,Oct_W2,0.0052632,1330.0
Cliff Swallow,10,3,Oct_W3,0.0149115,1073.0
Cliff Swallow,10,4,Oct_W4,0.0008905,1123.0
Cliff Swallow,11,1,Nov_W1,0.0,686.0
Cliff Swallow,11,2,Nov_W2,0.0,662.0
Cliff Swallow,11,3,Nov_W3,0.0,428.0
Cliff Swallow,11,4,Nov_W4,0.0,339.0
Cliff Swallow,12,1,Dec_W1,0.0,213.0
Cliff Swallow,12,2,Dec_W2,0.0,275.0
Cliff Swallow,12,3,Dec_W3,0.0,318.0
Cliff Swallow,12,4,Dec_W4,0.0,931.0
Cave Swallow,1,1,Jan_W1,0.0,1028.0
Cave Swallow,1,2,Jan_W2,0.0,995.0
Cave Swallow,1,3,Jan_W3,0.0,1544.0
Cave Swallow,1,4,Jan_W4,0.0,1414.0
Cave Swallow,2,1,Feb_W1,0.0,1431.0
Cave Swallow,2,2,Feb_W2,0.0,1915.0
Cave Swallow,2,3,Feb_W3,0.0,1788.0
Cave Swallow,2,4,Feb_W4,0.0,669.0
Cave Swallow,3,1,Mar_W1,0.0,543.0
Cave Swallow,3,2,Mar_W2,0.0,364.0
Cave Swallow,3,3,Mar_W3,0.0,681.0
Cave Swallow,3,4,Mar_W4,0.0,1015.0
Cave Swallow,4,1,Apr_W1,0.0,752.0
Cave Swallow,4,2,Apr_W2,0.0,1082.0
Cave Swallow,4,3,Apr_W3,0.0,1195.0
Cave Swallow,4,4,Apr_W4,0.0,2785.0
Cave Swallow,5,1,May_W1,0.0,1461.0
Cave Swallow,5,2,May_W2,0.0,1400.0
Cave Swallow,5,3,May_W3,0.0,2046.0
Cave Swallow,5,4,May_W4,0.0,3943.0
Cave Swallow,6,1,Jun_W1,0.0,1548.0
Cave Swallow,6,2,Jun_W2,0.0,1075.0
Cave Swallow,6,3,Jun_W3,0.0,1107.0
Cave Swallow,6,4,Jun_W4,0.0,1051.0
Cave Swallow,7,1,Jul_W1,0.0,795.0
Cave Swallow,7,2,Jul_W2,0.0,584.0
Cave Swallow,7,3,Jul_W3,0.0,533.0
Cave Swallow,7,4,Jul_W4,0.0,790.0
Cave Swallow,8,1,Aug_W1,0.0,597.0
Cave Swallow,8,2,Aug_W2,0.0,666.0
Cave Swallow,8,3,Aug_W3,0.0,822.0
Cave Swallow,8,4,Aug_W4,0.0,1123.0
Cave Swallow,9,1,Sep_W1,0.0,909.0
Cave Swallow,9,2,Sep_W2,0.0,957.0
Cave Swallow,9,3,Sep_W3,0.0,963.0
Cave Swallow,9,4,Sep_W4,0.0,1413.0
Cave Swallow,10,1,Oct_W1,0.0,976.0
Cave Swallow,10,2,Oct_W2,0.0,1330.0
Cave Swallow,10,3,Oct_W3,0.0037279,1073.0
Cave Swallow,10,4,Oct_W4,0.0026714,1123.0
Cave Swallow,11,1,Nov_W1,0.0014577,686.0
Cave Swallow,11,2,Nov_W2,0.0015106,662.0
Cave Swallow,11,3,Nov_W3,0.0,428.0
Cave Swallow,11,4,Nov_W4,0.0,339.0
Cave Swallow,12,1,Dec_W1,0.0,213.0
Cave Swallow,12,2,Dec_W2,0.0,275.0
Cave Swallow,12,3,Dec_W3,0.0,318.0
Cave Swallow,12,4,Dec_W4,0.0,931.0
Ruby-crowned Kinglet,1,1,Jan_W1,0.0,1028.0
Ruby-crowned Kinglet,1,2,Jan_W2,0.0,995.0
Ruby-crowned Kinglet,1,3,Jan_W3,0.0,1544.0
Ruby-crowned Kinglet,1,4,Jan_W4,0.0,1414.0
Ruby-crowned Kinglet,2,1,Feb_W1,0.0,1431.0
Ruby-crowned Kinglet,2,2,Feb_W2,0.0,1915.0
Ruby-crowned Kinglet,2,3,Feb_W3,0.0,1788.0
Ruby-crowned Kinglet,2,4,Feb_W4,0.0,669.0
Ruby-crowned Kinglet,3,1,Mar_W1,0.0,543.0
Ruby-crowned Kinglet,3,2,Mar_W2,0.0,364.0
Ruby-crowned Kinglet,3,3,Mar_W3,0.0,681.0
Ruby-crowned Kinglet,3,4,Mar_W4,0.0,1015.0
Ruby-crowned Kinglet,4,1,Apr_W1,0.0013298,752.0
Ruby-crowned Kinglet,4,2,Apr_W2,0.0184843,1082.0
Ruby-crowned Kinglet,4,3,Apr_W3,0.0635983,1195.0
Ruby-crowned Kinglet,4,4,Apr_W4,0.1651706,2785.0
Ruby-crowned Kinglet,5,1,May_W1,0.1793292,1461.0
Ruby-crowned Kinglet,5,2,May_W2,0.1514286,1400.0
Ruby-crowned Kinglet,5,3,May_W3,0.1373412,2046.0
Ruby-crowned Kinglet,5,4,May_W4,0.0862288,3943.0
Ruby-crowned Kinglet,6,1,Jun_W1,0.0633075,1548.0
Ruby-crowned Kinglet,6,2,Jun_W2,0.0325581,1075.0
Ruby-crowned Kinglet,6,3,Jun_W3,0.0334237,1107.0
Ruby-crowned Kinglet,6,4,Jun_W4,0.018078,1051.0
Ruby-crowned Kinglet,7,1,Jul_W1,0.0226415,795.0
Ruby-crowned Kinglet,7,2,Jul_W2,0.015411,584.0
Ruby-crowned Kinglet,7,3,Jul_W3,0.011257,533.0
Ruby-crowned Kinglet,7,4,Jul_W4,0.0139241,790.0
Ruby-crowned Kinglet,8,1,Aug_W1,0.0201005,597.0
Ruby-crowned Kinglet,8,2,Aug_W2,0.021021,666.0
Ruby-crowned Kinglet,8,3,Aug_W3,0.0060827,822.0
Ruby-crowned Kinglet,8,4,Aug_W4,0.0186999,1123.0
Ruby-crowned Kinglet,9,1,Sep_W1,0.0286029,909.0
Ruby-crowned Kinglet,9,2,Sep_W2,0.0741902,957.0
Ruby-crowned Kinglet,9,3,Sep_W3,0.0955348,963.0
Ruby-crowned Kinglet,9,4,Sep_W4,0.1995754,1413.0
Ruby-crowned Kinglet,10,1,Oct_W1,0.2848361,976.0
Ruby-crowned Kinglet,10,2,Oct_W2,0.2669173,1330.0
Ruby-crowned Kinglet,10,3,Oct_W3,0.1686859,1073.0
Ruby-crowned Kinglet,10,4,Oct_W4,0.0365093,1123.0
Ruby-crowned Kinglet,11,1,Nov_W1,0.0145773,686.0
Ruby-crowned Kinglet,11,2,Nov_W2,0.0045317,662.0
Ruby-crowned Kinglet,11,3,Nov_W3,0.0023364,428.0
Ruby-crowned Kinglet,11,4,Nov_W4,0.0,339.0
Ruby-crowned Kinglet,12,1,Dec_W1,0.0,213.0
Ruby-crowned Kinglet,12,2,Dec_W2,0.0,275.0
Ruby-crowned Kinglet,12,3,Dec_W3,0.0,318.0
Ruby-crowned Kinglet,12,4,Dec_W4,0.0,931.0
Golden-crowned Kinglet,1,1,Jan_W1,0.020428,1028.0
Golden-crowned Kinglet,1,2,Jan_W2,0.0110553,995.0
Golden-crowned Kinglet,1,3,Jan_W3,0.009715,1544.0
Golden-crowned Kinglet,1,4,Jan_W4,0.0106082,1414.0
Golden-crowned Kinglet,2,1,Feb_W1,0.0055905,1431.0
Golden-crowned Kinglet,2,2,Feb_W2,0.0073107,1915.0
Golden-crowned Kinglet,2,3,Feb_W3,0.0067114,1788.0
Golden-crowned Kinglet,2,4,Feb_W4,0.0044843,669.0
Golden-crowned Kinglet,3,1,Mar_W1,0.0018416,543.0
Golden-crowned Kinglet,3,2,Mar_W2,0.0,364.0
Golden-crowned Kinglet,3,3,Mar_W3,0.0117474,681.0
Golden-crowned Kinglet,3,4,Mar_W4,0.0108374,1015.0
Golden-crowned Kinglet,4,1,Apr_W1,0.0425532,752.0
Golden-crowned Kinglet,4,2,Apr_W2,0.1090573,1082.0
Golden-crowned Kinglet,4,3,Apr_W3,0.1757322,1195.0
Golden-crowned Kinglet,4,4,Apr_W4,0.1723519,2785.0
Golden-crowned Kinglet,5,1,May_W1,0.118412,1461.0
Golden-crowned Kinglet,5,2,May_W2,0.0785714,1400.0
Golden-crowned Kinglet,5,3,May_W3,0.0532747,2046.0
Golden-crowned Kinglet,5,4,May_W4,0.0672077,3943.0
Golden-crowned Kinglet,6,1,Jun_W1,0.0833333,1548.0
Golden-crowned Kinglet,6,2,Jun_W2,0.1023256,1075.0
Golden-crowned Kinglet,6,3,Jun_W3,0.0867209,1107.0
Golden-crowned Kinglet,6,4,Jun_W4,0.0656518,1051.0
Golden-crowned Kinglet,7,1,Jul_W1,0.0641509,795.0
Golden-crowned Kinglet,7,2,Jul_W2,0.0445205,584.0
Golden-crowned Kinglet,7,3,Jul_W3,0.0506567,533.0
Golden-crowned Kinglet,7,4,Jul_W4,0.0531646,790.0
Golden-crowned Kinglet,8,1,Aug_W1,0.0351759,597.0
Golden-crowned Kinglet,8,2,Aug_W2,0.0855856,666.0
Golden-crowned Kinglet,8,3,Aug_W3,0.0498783,822.0
Golden-crowned Kinglet,8,4,Aug_W4,0.0730187,1123.0
Golden-crowned Kinglet,9,1,Sep_W1,0.129813,909.0
Golden-crowned Kinglet,9,2,Sep_W2,0.1818182,957.0
Golden-crowned Kinglet,9,3,Sep_W3,0.2409138,963.0
Golden-crowned Kinglet,9,4,Sep_W4,0.3517339,1413.0
Golden-crowned Kinglet,10,1,Oct_W1,0.3842213,976.0
Golden-crowned Kinglet,10,2,Oct_W2,0.375188,1330.0
Golden-crowned Kinglet,10,3,Oct_W3,0.3364399,1073.0
Golden-crowned Kinglet,10,4,Oct_W4,0.2190561,1123.0
Golden-crowned Kinglet,11,1,Nov_W1,0.1297376,686.0
Golden-crowned Kinglet,11,2,Nov_W2,0.0589124,662.0
Golden-crowned Kinglet,11,3,Nov_W3,0.0794393,428.0
Golden-crowned Kinglet,11,4,Nov_W4,0.0265487,339.0
Golden-crowned Kinglet,12,1,Dec_W1,0.0328638,213.0
Golden-crowned Kinglet,12,2,Dec_W2,0.0218182,275.0
Golden-crowned Kinglet,12,3,Dec_W3,0.0251572,318.0
Golden-crowned Kinglet,12,4,Dec_W4,0.0214823,931.0
White-breasted Nuthatch,1,1,Jan_W1,0.1177043,1028.0
White-breasted Nuthatch,1,2,Jan_W2,0.1366834,995.0
White-breasted Nuthatch,1,3,Jan_W3,0.1068653,1544.0
White-breasted Nuthatch,1,4,Jan_W4,0.1082037,1414.0
White-breasted Nuthatch,2,1,Feb_W1,0.0782669,1431.0
White-breasted Nuthatch,2,2,Feb_W2,0.1201044,1915.0
White-breasted Nuthatch,2,3,Feb_W3,0.1364653,1788.0
White-breasted Nuthatch,2,4,Feb_W4,0.1195815,669.0
White-breasted Nuthatch,3,1,Mar_W1,0.106814,543.0
White-breasted Nuthatch,3,2,Mar_W2,0.1208791,364.0
White-breasted Nuthatch,3,3,Mar_W3,0.0792952,681.0
White-breasted Nuthatch,3,4,Mar_W4,0.0660099,1015.0
White-breasted Nuthatch,4,1,Apr_W1,0.0598404,752.0
White-breasted Nuthatch,4,2,Apr_W2,0.0850277,1082.0
White-breasted Nuthatch,4,3,Apr_W3,0.0845188,1195.0
White-breasted Nuthatch,4,4,Apr_W4,0.0473968,2785.0
White-breasted Nuthatch,5,1,May_W1,0.0451745,1461.0
White-breasted Nuthatch,5,2,May_W2,0.0385714,1400.0
White-breasted Nuthatch,5,3,May_W3,0.0307918,2046.0
White-breasted Nuthatch,5,4,May_W4,0.0240933,3943.0
White-breasted Nuthatch,6,1,Jun_W1,0.0219638,1548.0
White-breasted Nuthatch,6,2,Jun_W2,0.0260465,1075.0
White-breasted Nuthatch,6,3,Jun_W3,0.0379404,1107.0
White-breasted Nuthatch,6,4,Jun_W4,0.0266413,1051.0
White-breasted Nuthatch,7,1,Jul_W1,0.0213836,795.0
White-breasted Nuthatch,7,2,Jul_W2,0.0239726,584.0
White-breasted Nuthatch,7,3,Jul_W3,0.0619137,533.0
White-breasted Nuthatch,7,4,Jul_W4,0.0367089,790.0
White-breasted Nuthatch,8,1,Aug_W1,0.0435511,597.0
White-breasted Nuthatch,8,2,Aug_W2,0.048048,666.0
White-breasted Nuthatch,8,3,Aug_W3,0.0498783,822.0
White-breasted Nuthatch,8,4,Aug_W4,0.0382903,1123.0
White-breasted Nuthatch,9,1,Sep_W1,0.0462046,909.0
White-breasted Nuthatch,9,2,Sep_W2,0.0438871,957.0
White-breasted Nuthatch,9,3,Sep_W3,0.0695742,963.0
White-breasted Nuthatch,9,4,Sep_W4,0.0884643,1413.0
White-breasted Nuthatch,10,1,Oct_W1,0.1618852,976.0
White-breasted Nuthatch,10,2,Oct_W2,0.1421053,1330.0
White-breasted Nuthatch,10,3,Oct_W3,0.1649581,1073.0
White-breasted Nuthatch,10,4,Oct_W4,0.1745325,1123.0
White-breasted Nuthatch,11,1,Nov_W1,0.1909621,686.0
White-breasted Nuthatch,11,2,Nov_W2,0.163142,662.0
White-breasted Nuthatch,11,3,Nov_W3,0.2009346,428.0
White-breasted Nuthatch,11,4,Nov_W4,0.2271386,339.0
White-breasted Nuthatch,12,1,Dec_W1,0.1971831,213.0
White-breasted Nuthatch,12,2,Dec_W2,0.1890909,275.0
White-breasted Nuthatch,12,3,Dec_W3,0.2012579,318.0
White-breasted Nuthatch,12,4,Dec_W4,0.112782,931.0
Red-breasted Nuthatch,1,1,Jan_W1,0.1391051,1028.0
Red-breasted Nuthatch,1,2,Jan_W2,0.0914573,995.0
Red-breasted Nuthatch,1,3,Jan_W3,0.107513,1544.0
Red-breasted Nuthatch,1,4,Jan_W4,0.112447,1414.0
Red-breasted Nuthatch,2,1,Feb_W1,0.1167016,1431.0
Red-breasted Nuthatch,2,2,Feb_W2,0.124282,1915.0
Red-breasted Nuthatch,2,3,Feb_W3,0.151566,1788.0
Red-breasted Nuthatch,2,4,Feb_W4,0.1629297,669.0
Red-breasted Nuthatch,3,1,Mar_W1,0.1325967,543.0
Red-breasted Nuthatch,3,2,Mar_W2,0.1181319,364.0
Red-breasted Nuthatch,3,3,Mar_W3,0.1938326,681.0
Red-breasted Nuthatch,3,4,Mar_W4,0.1487685,1015.0
Red-breasted Nuthatch,4,1,Apr_W1,0.1303191,752.0
Red-breasted Nuthatch,4,2,Apr_W2,0.1598891,1082.0
Red-breasted Nuthatch,4,3,Apr_W3,0.1615063,1195.0
Red-breasted Nuthatch,4,4,Apr_W4,0.1809695,2785.0
Red-breasted Nuthatch,5,1,May_W1,0.2258727,1461.0
Red-breasted Nuthatch,5,2,May_W2,0.27,1400.0
Red-breasted Nuthatch,5,3,May_W3,0.2214076,2046.0
Red-breasted Nuthatch,5,4,May_W4,0.2345929,3943.0
Red-breasted Nuthatch,6,1,Jun_W1,0.2105943,1548.0
Red-breasted Nuthatch,6,2,Jun_W2,0.1739535,1075.0
Red-breasted Nuthatch,6,3,Jun_W3,0.2068654,1107.0
Red-breasted Nuthatch,6,4,Jun_W4,0.1817317,1051.0
Red-breasted Nuthatch,7,1,Jul_W1,0.1647799,795.0
Red-breasted Nuthatch,7,2,Jul_W2,0.1866438,584.0
Red-breasted Nuthatch,7,3,Jul_W3,0.1669794,533.0
Red-breasted Nuthatch,7,4,Jul_W4,0.2506329,790.0
Red-breasted Nuthatch,8,1,Aug_W1,0.278057,597.0
Red-breasted Nuthatch,8,2,Aug_W2,0.3333333,666.0
Red-breasted Nuthatch,8,3,Aug_W3,0.3734793,822.0
Red-breasted Nuthatch,8,4,Aug_W4,0.430098,1123.0
Red-breasted Nuthatch,9,1,Sep_W1,0.4763476,909.0
Red-breasted Nuthatch,9,2,Sep_W2,0.4691745,957.0
Red-breasted Nuthatch,9,3,Sep_W3,0.4247144,963.0
Red-breasted Nuthatch,9,4,Sep_W4,0.447983,1413.0
Red-breasted Nuthatch,10,1,Oct_W1,0.4456967,976.0
Red-breasted Nuthatch,10,2,Oct_W2,0.4263158,1330.0
Red-breasted Nuthatch,10,3,Oct_W3,0.4044734,1073.0
Red-breasted Nuthatch,10,4,Oct_W4,0.3668744,1123.0
Red-breasted Nuthatch,11,1,Nov_W1,0.3265306,686.0
Red-breasted Nuthatch,11,2,Nov_W2,0.3444109,662.0
Red-breasted Nuthatch,11,3,Nov_W3,0.3037383,428.0
Red-breasted Nuthatch,11,4,Nov_W4,0.259587,339.0
Red-breasted Nuthatch,12,1,Dec_W1,0.2394366,213.0
Red-breasted Nuthatch,12,2,Dec_W2,0.1381818,275.0
Red-breasted Nuthatch,12,3,Dec_W3,0.1509434,318.0
Red-breasted Nuthatch,12,4,Dec_W4,0.1278195,931.0
Brown Creeper,1,1,Jan_W1,0.0194553,1028.0
Brown Creeper,1,2,Jan_W2,0.0110553,995.0
Brown Creeper,1,3,Jan_W3,0.0110104,1544.0
Brown Creeper,1,4,Jan_W4,0.0120226,1414.0
Brown Creeper,2,1,Feb_W1,0.0139762,1431.0
Brown Creeper,2,2,Feb_W2,0.0146214,1915.0
Brown Creeper,2,3,Feb_W3,0.0145414,1788.0
Brown Creeper,2,4,Feb_W4,0.0149477,669.0
Brown Creeper,3,1,Mar_W1,0.0092081,543.0
Brown Creeper,3,2,Mar_W2,0.0164835,364.0
Brown Creeper,3,3,Mar_W3,0.0352423,681.0
Brown Creeper,3,4,Mar_W4,0.0384236,1015.0
Brown Creeper,4,1,Apr_W1,0.0412234,752.0
Brown Creeper,4,2,Apr_W2,0.0757856,1082.0
Brown Creeper,4,3,Apr_W3,0.125523,1195.0
Brown Creeper,4,4,Apr_W4,0.140395,2785.0
Brown Creeper,5,1,May_W1,0.1273101,1461.0
Brown Creeper,5,2,May_W2,0.0807143,1400.0
Brown Creeper,5,3,May_W3,0.0439883,2046.0
Brown Creeper,5,4,May_W4,0.0418463,3943.0
Brown Creeper,6,1,Jun_W1,0.0458656,1548.0
Brown Creeper,6,2,Jun_W2,0.04,1075.0
Brown Creeper,6,3,Jun_W3,0.0424571,1107.0
Brown Creeper,6,4,Jun_W4,0.036156,1051.0
Brown Creeper,7,1,Jul_W1,0.027673,795.0
Brown Creeper,7,2,Jul_W2,0.0171233,584.0
Brown Creeper,7,3,Jul_W3,0.0168856,533.0
Brown Creeper,7,4,Jul_W4,0.0303797,790.0
Brown Creeper,8,1,Aug_W1,0.0268007,597.0
Brown Creeper,8,2,Aug_W2,0.0510511,666.0
Brown Creeper,8,3,Aug_W3,0.026764,822.0
Brown Creeper,8,4,Aug_W4,0.0347284,1123.0
Brown Creeper,9,1,Sep_W1,0.0407041,909.0
Brown Creeper,9,2,Sep_W2,0.0512017,957.0
Brown Creeper,9,3,Sep_W3,0.0893043,963.0
Brown Creeper,9,4,Sep_W4,0.1380042,1413.0
Brown Creeper,10,1,Oct_W1,0.1598361,976.0
Brown Creeper,10,2,Oct_W2,0.1451128,1330.0
Brown Creeper,10,3,Oct_W3,0.111836,1073.0
Brown Creeper,10,4,Oct_W4,0.0418522,1123.0
Brown Creeper,11,1,Nov_W1,0.0335277,686.0
Brown Creeper,11,2,Nov_W2,0.0090634,662.0
Brown Creeper,11,3,Nov_W3,0.0373832,428.0
Brown Creeper,11,4,Nov_W4,0.0235988,339.0
Brown Creeper,12,1,Dec_W1,0.0516432,213.0
Brown Creeper,12,2,Dec_W2,0.0181818,275.0
Brown Creeper,12,3,Dec_W3,0.0157233,318.0
Brown Creeper,12,4,Dec_W4,0.0171858,931.0
Blue-gray Gnatcatcher,1,1,Jan_W1,0.0,1028.0
Blue-gray Gnatcatcher,1,2,Jan_W2,0.0,995.0
Blue-gray Gnatcatcher,1,3,Jan_W3,0.0,1544.0
Blue-gray Gnatcatcher,1,4,Jan_W4,0.0,1414.0
Blue-gray Gnatcatcher,2,1,Feb_W1,0.0,1431.0
Blue-gray Gnatcatcher,2,2,Feb_W2,0.0,1915.0
Blue-gray Gnatcatcher,2,3,Feb_W3,0.0,1788.0
Blue-gray Gnatcatcher,2,4,Feb_W4,0.0,669.0
Blue-gray Gnatcatcher,3,1,Mar_W1,0.0,543.0
Blue-gray Gnatcatcher,3,2,Mar_W2,0.0,364.0
Blue-gray Gnatcatcher,3,3,Mar_W3,0.0,681.0
Blue-gray Gnatcatcher,3,4,Mar_W4,0.0,1015.0
Blue-gray Gnatcatcher,4,1,Apr_W1,0.0,752.0
Blue-gray Gnatcatcher,4,2,Apr_W2,0.0018484,1082.0
Blue-gray Gnatcatcher,4,3,Apr_W3,0.0008368,1195.0
Blue-gray Gnatcatcher,4,4,Apr_W4,0.0035907,2785.0
Blue-gray Gnatcatcher,5,1,May_W1,0.0143737,1461.0
Blue-gray Gnatcatcher,5,2,May_W2,0.0207143,1400.0
Blue-gray Gnatcatcher,5,3,May_W3,0.0332356,2046.0
Blue-gray Gnatcatcher,5,4,May_W4,0.0329698,3943.0
Blue-gray Gnatcatcher,6,1,Jun_W1,0.0174419,1548.0
Blue-gray Gnatcatcher,6,2,Jun_W2,0.0027907,1075.0
Blue-gray Gnatcatcher,6,3,Jun_W3,0.0036134,1107.0
Blue-gray Gnatcatcher,6,4,Jun_W4,0.0028544,1051.0
Blue-gray Gnatcatcher,7,1,Jul_W1,0.0,795.0
Blue-gray Gnatcatcher,7,2,Jul_W2,0.0,584.0
Blue-gray Gnatcatcher,7,3,Jul_W3,0.0,533.0
Blue-gray Gnatcatcher,7,4,Jul_W4,0.0012658,790.0
Blue-gray Gnatcatcher,8,1,Aug_W1,0.0,597.0
Blue-gray Gnatcatcher,8,2,Aug_W2,0.0015,666.0
Blue-gray Gnatcatcher,8,3,Aug_W3,0.0255474,822.0
Blue-gray Gnatcatcher,8,4,Aug_W4,0.064114,1123.0
Blue-gray Gnatcatcher,9,1,Sep_W1,0.1078108,909.0
Blue-gray Gnatcatcher,9,2,Sep_W2,0.0877743,957.0
Blue-gray Gnatcatcher,9,3,Sep_W3,0.0934579,963.0
Blue-gray Gnatcatcher,9,4,Sep_W4,0.0870488,1413.0
Blue-gray Gnatcatcher,10,1,Oct_W1,0.0829918,976.0
Blue-gray Gnatcatcher,10,2,Oct_W2,0.087218,1330.0
Blue-gray Gnatcatcher,10,3,Oct_W3,0.082945,1073.0
Blue-gray Gnatcatcher,10,4,Oct_W4,0.1059662,1123.0
Blue-gray Gnatcatcher,11,1,Nov_W1,0.0830904,686.0
Blue-gray Gnatcatcher,11,2,Nov_W2,0.0876133,662.0
Blue-gray Gnatcatcher,11,3,Nov_W3,0.0046729,428.0
Blue-gray Gnatcatcher,11,4,Nov_W4,0.0,339.0
Blue-gray Gnatcatcher,12,1,Dec_W1,0.0,213.0
Blue-gray Gnatcatcher,12,2,Dec_W2,0.0,275.0
Blue-gray Gnatcatcher,12,3,Dec_W3,0.0,318.0
Blue-gray Gnatcatcher,12,4,Dec_W4,0.0,931.0
Rock Wren,1,1,Jan_W1,0.0,1028.0
Rock Wren,1,2,Jan_W2,0.0,995.0
Rock Wren,1,3,Jan_W3,0.0,1544.0
Rock Wren,1,4,Jan_W4,0.0,1414.0
Rock Wren,2,1,Feb_W1,0.0,1431.0
Rock Wren,2,2,Feb_W2,0.0,1915.0
Rock Wren,2,3,Feb_W3,0.0,1788.0
Rock Wren,2,4,Feb_W4,0.0,669.0
Rock Wren,3,1,Mar_W1,0.0,543.0
Rock Wren,3,2,Mar_W2,0.0,364.0
Rock Wren,3,3,Mar_W3,0.0,681.0
Rock Wren,3,4,Mar_W4,0.0,1015.0
Rock Wren,4,1,Apr_W1,0.0,752.0
Rock Wren,4,2,Apr_W2,0.0,1082.0
Rock Wren,4,3,Apr_W3,0.0,1195.0
Rock Wren,4,4,Apr_W4,0.0,2785.0
Rock Wren,5,1,May_W1,0.0,1461.0
Rock Wren,5,2,May_W2,0.0015,1400.0
Rock Wren,5,3,May_W3,0.0,2046.0
Rock Wren,5,4,May_W4,0.0,3943.0
Rock Wren,6,1,Jun_W1,0.0,1548.0
Rock Wren,6,2,Jun_W2,0.0,1075.0
Rock Wren,6,3,Jun_W3,0.0,1107.0
Rock Wren,6,4,Jun_W4,0.0,1051.0
Rock Wren,7,1,Jul_W1,0.0,795.0
Rock Wren,7,2,Jul_W2,0.0,584.0
Rock Wren,7,3,Jul_W3,0.0,533.0
Rock Wren,7,4,Jul_W4,0.0,790.0
Rock Wren,8,1,Aug_W1,0.0,597.0
Rock Wren,8,2,Aug_W2,0.0,666.0
Rock Wren,8,3,Aug_W3,0.0,822.0
Rock Wren,8,4,Aug_W4,0.0,1123.0
Rock Wren,9,1,Sep_W1,0.0,909.0
Rock Wren,9,2,Sep_W2,0.0,957.0
Rock Wren,9,3,Sep_W3,0.0,963.0
Rock Wren,9,4,Sep_W4,0.0,1413.0
Rock Wren,10,1,Oct_W1,0.0,976.0
Rock Wren,10,2,Oct_W2,0.0,1330.0
Rock Wren,10,3,Oct_W3,0.0,1073.0
Rock Wren,10,4,Oct_W4,0.0,1123.0
Rock Wren,11,1,Nov_W1,0.0,686.0
Rock Wren,11,2,Nov_W2,0.0015,662.0
Rock Wren,11,3,Nov_W3,0.0015,428.0
Rock Wren,11,4,Nov_W4,0.0,339.0
Rock Wren,12,1,Dec_W1,0.0,213.0
Rock Wren,12,2,Dec_W2,0.0,275.0
Rock Wren,12,3,Dec_W3,0.0,318.0
Rock Wren,12,4,Dec_W4,0.0,931.0
Northern House Wren,1,1,Jan_W1,0.0,1028.0
Northern House Wren,1,2,Jan_W2,0.0,995.0
Northern House Wren,1,3,Jan_W3,0.0,1544.0
Northern House Wren,1,4,Jan_W4,0.0,1414.0
Northern House Wren,2,1,Feb_W1,0.0,1431.0
Northern House Wren,2,2,Feb_W2,0.0,1915.0
Northern House Wren,2,3,Feb_W3,0.0,1788.0
Northern House Wren,2,4,Feb_W4,0.0,669.0
Northern House Wren,3,1,Mar_W1,0.0,543.0
Northern House Wren,3,2,Mar_W2,0.0,364.0
Northern House Wren,3,3,Mar_W3,0.0,681.0
Northern House Wren,3,4,Mar_W4,0.0,1015.0
Northern House Wren,4,1,Apr_W1,0.0,752.0
Northern House Wren,4,2,Apr_W2,0.0,1082.0
Northern House Wren,4,3,Apr_W3,0.0,1195.0
Northern House Wren,4,4,Apr_W4,0.0010772,2785.0
Northern House Wren,5,1,May_W1,0.0034223,1461.0
Northern House Wren,5,2,May_W2,0.0107143,1400.0
Northern House Wren,5,3,May_W3,0.0117302,2046.0
Northern House Wren,5,4,May_W4,0.0149632,3943.0
Northern House Wren,6,1,Jun_W1,0.0206718,1548.0
Northern House Wren,6,2,Jun_W2,0.0306977,1075.0
Northern House Wren,6,3,Jun_W3,0.0298103,1107.0
Northern House Wren,6,4,Jun_W4,0.0323501,1051.0
Northern House Wren,7,1,Jul_W1,0.0238994,795.0
Northern House Wren,7,2,Jul_W2,0.0393836,584.0
Northern House Wren,7,3,Jul_W3,0.0187617,533.0
Northern House Wren,7,4,Jul_W4,0.0113924,790.0
Northern House Wren,8,1,Aug_W1,0.0134003,597.0
Northern House Wren,8,2,Aug_W2,0.015015,666.0
Northern House Wren,8,3,Aug_W3,0.0145985,822.0
Northern House Wren,8,4,Aug_W4,0.0106857,1123.0
Northern House Wren,9,1,Sep_W1,0.0187019,909.0
Northern House Wren,9,2,Sep_W2,0.0125392,957.0
Northern House Wren,9,3,Sep_W3,0.0062305,963.0
Northern House Wren,9,4,Sep_W4,0.0007077,1413.0
Northern House Wren,10,1,Oct_W1,0.0081967,976.0
Northern House Wren,10,2,Oct_W2,0.0052632,1330.0
Northern House Wren,10,3,Oct_W3,0.000932,1073.0
Northern House Wren,10,4,Oct_W4,0.0,1123.0
Northern House Wren,11,1,Nov_W1,0.0,686.0
Northern House Wren,11,2,Nov_W2,0.0,662.0
Northern House Wren,11,3,Nov_W3,0.0,428.0
Northern House Wren,11,4,Nov_W4,0.0,339.0
Northern House Wren,12,1,Dec_W1,0.0,213.0
Northern House Wren,12,2,Dec_W2,0.0,275.0
Northern House Wren,12,3,Dec_W3,0.0,318.0
Northern House Wren,12,4,Dec_W4,0.0,931.0
Winter Wren,1,1,Jan_W1,0.0,1028.0
Winter Wren,1,2,Jan_W2,0.0,995.0
Winter Wren,1,3,Jan_W3,0.0,1544.0
Winter Wren,1,4,Jan_W4,0.0,1414.0
Winter Wren,2,1,Feb_W1,0.0,1431.0
Winter Wren,2,2,Feb_W2,0.0,1915.0
Winter Wren,2,3,Feb_W3,0.0,1788.0
Winter Wren,2,4,Feb_W4,0.0,669.0
Winter Wren,3,1,Mar_W1,0.0,543.0
Winter Wren,3,2,Mar_W2,0.0,364.0
Winter Wren,3,3,Mar_W3,0.0,681.0
Winter Wren,3,4,Mar_W4,0.0015,1015.0
Winter Wren,4,1,Apr_W1,0.0,752.0
Winter Wren,4,2,Apr_W2,0.0221811,1082.0
Winter Wren,4,3,Apr_W3,0.0292887,1195.0
Winter Wren,4,4,Apr_W4,0.0470377,2785.0
Winter Wren,5,1,May_W1,0.0438056,1461.0
Winter Wren,5,2,May_W2,0.035,1400.0
Winter Wren,5,3,May_W3,0.0366569,2046.0
Winter Wren,5,4,May_W4,0.0329698,3943.0
Winter Wren,6,1,Jun_W1,0.0574935,1548.0
Winter Wren,6,2,Jun_W2,0.055814,1075.0
Winter Wren,6,3,Jun_W3,0.0849142,1107.0
Winter Wren,6,4,Jun_W4,0.0751665,1051.0
Winter Wren,7,1,Jul_W1,0.0691824,795.0
Winter Wren,7,2,Jul_W2,0.0342466,584.0
Winter Wren,7,3,Jul_W3,0.043152,533.0
Winter Wren,7,4,Jul_W4,0.0227848,790.0
Winter Wren,8,1,Aug_W1,0.0067002,597.0
Winter Wren,8,2,Aug_W2,0.015015,666.0
Winter Wren,8,3,Aug_W3,0.0024331,822.0
Winter Wren,8,4,Aug_W4,0.0053428,1123.0
Winter Wren,9,1,Sep_W1,0.0077008,909.0
Winter Wren,9,2,Sep_W2,0.0240334,957.0
Winter Wren,9,3,Sep_W3,0.0332295,963.0
Winter Wren,9,4,Sep_W4,0.0920028,1413.0
Winter Wren,10,1,Oct_W1,0.1239754,976.0
Winter Wren,10,2,Oct_W2,0.0909774,1330.0
Winter Wren,10,3,Oct_W3,0.1025163,1073.0
Winter Wren,10,4,Oct_W4,0.0293856,1123.0
Winter Wren,11,1,Nov_W1,0.0058309,686.0
Winter Wren,11,2,Nov_W2,0.0030211,662.0
Winter Wren,11,3,Nov_W3,0.0,428.0
Winter Wren,11,4,Nov_W4,0.0,339.0
Winter Wren,12,1,Dec_W1,0.0,213.0
Winter Wren,12,2,Dec_W2,0.0,275.0
Winter Wren,12,3,Dec_W3,0.0,318.0
Winter Wren,12,4,Dec_W4,0.0,931.0
Sedge Wren,1,1,Jan_W1,0.0,1028.0
Sedge Wren,1,2,Jan_W2,0.0,995.0
Sedge Wren,1,3,Jan_W3,0.0,1544.0
Sedge Wren,1,4,Jan_W4,0.0,1414.0
Sedge Wren,2,1,Feb_W1,0.0,1431.0
Sedge Wren,2,2,Feb_W2,0.0,1915.0
Sedge Wren,2,3,Feb_W3,0.0,1788.0
Sedge Wren,2,4,Feb_W4,0.0,669.0
Sedge Wren,3,1,Mar_W1,0.0,543.0
Sedge Wren,3,2,Mar_W2,0.0,364.0
Sedge Wren,3,3,Mar_W3,0.0,681.0
Sedge Wren,3,4,Mar_W4,0.0,1015.0
Sedge Wren,4,1,Apr_W1,0.0,752.0
Sedge Wren,4,2,Apr_W2,0.0,1082.0
Sedge Wren,4,3,Apr_W3,0.0,1195.0
Sedge Wren,4,4,Apr_W4,0.0,2785.0
Sedge Wren,5,1,May_W1,0.0,1461.0
Sedge Wren,5,2,May_W2,0.0085714,1400.0
Sedge Wren,5,3,May_W3,0.0234604,2046.0
Sedge Wren,5,4,May_W4,0.0390566,3943.0
Sedge Wren,6,1,Jun_W1,0.0639535,1548.0
Sedge Wren,6,2,Jun_W2,0.0493023,1075.0
Sedge Wren,6,3,Jun_W3,0.063234,1107.0
Sedge Wren,6,4,Jun_W4,0.0647003,1051.0
Sedge Wren,7,1,Jul_W1,0.0465409,795.0
Sedge Wren,7,2,Jul_W2,0.0342466,584.0
Sedge Wren,7,3,Jul_W3,0.0581614,533.0
Sedge Wren,7,4,Jul_W4,0.0227848,790.0
Sedge Wren,8,1,Aug_W1,0.0184255,597.0
Sedge Wren,8,2,Aug_W2,0.0315315,666.0
Sedge Wren,8,3,Aug_W3,0.0024331,822.0
Sedge Wren,8,4,Aug_W4,0.0044524,1123.0
Sedge Wren,9,1,Sep_W1,0.0044004,909.0
Sedge Wren,9,2,Sep_W2,0.0,957.0
Sedge Wren,9,3,Sep_W3,0.0010384,963.0
Sedge Wren,9,4,Sep_W4,0.0021231,1413.0
Sedge Wren,10,1,Oct_W1,0.0,976.0
Sedge Wren,10,2,Oct_W2,0.0,1330.0
Sedge Wren,10,3,Oct_W3,0.0,1073.0
Sedge Wren,10,4,Oct_W4,0.0,1123.0
Sedge Wren,11,1,Nov_W1,0.0,686.0
Sedge Wren,11,2,Nov_W2,0.0,662.0
Sedge Wren,11,3,Nov_W3,0.0,428.0
Sedge Wren,11,4,Nov_W4,0.0,339.0
Sedge Wren,12,1,Dec_W1,0.0,213.0
Sedge Wren,12,2,Dec_W2,0.0,275.0
Sedge Wren,12,3,Dec_W3,0.0,318.0
Sedge Wren,12,4,Dec_W4,0.0,931.0
Marsh Wren,1,1,Jan_W1,0.0,1028.0
Marsh Wren,1,2,Jan_W2,0.0,995.0
Marsh Wren,1,3,Jan_W3,0.0,1544.0
Marsh Wren,1,4,Jan_W4,0.0,1414.0
Marsh Wren,2,1,Feb_W1,0.0,1431.0
Marsh Wren,2,2,Feb_W2,0.0,1915.0
Marsh Wren,2,3,Feb_W3,0.0,1788.0
Marsh Wren,2,4,Feb_W4,0.0,669.0
Marsh Wren,3,1,Mar_W1,0.0,543.0
Marsh Wren,3,2,Mar_W2,0.0,364.0
Marsh Wren,3,3,Mar_W3,0.0,681.0
Marsh Wren,3,4,Mar_W4,0.0,1015.0
Marsh Wren,4,1,Apr_W1,0.0,752.0
Marsh Wren,4,2,Apr_W2,0.0,1082.0
Marsh Wren,4,3,Apr_W3,0.0,1195.0
Marsh Wren,4,4,Apr_W4,0.0,2785.0
Marsh Wren,5,1,May_W1,0.0006845,1461.0
Marsh Wren,5,2,May_W2,0.0085714,1400.0
Marsh Wren,5,3,May_W3,0.0131965,2046.0
Marsh Wren,5,4,May_W4,0.0101446,3943.0
Marsh Wren,6,1,Jun_W1,0.0264858,1548.0
Marsh Wren,6,2,Jun_W2,0.0204651,1075.0
Marsh Wren,6,3,Jun_W3,0.0243902,1107.0
Marsh Wren,6,4,Jun_W4,0.018078,1051.0
Marsh Wren,7,1,Jul_W1,0.0213836,795.0
Marsh Wren,7,2,Jul_W2,0.0085616,584.0
Marsh Wren,7,3,Jul_W3,0.0187617,533.0
Marsh Wren,7,4,Jul_W4,0.0101266,790.0
Marsh Wren,8,1,Aug_W1,0.0050251,597.0
Marsh Wren,8,2,Aug_W2,0.003003,666.0
Marsh Wren,8,3,Aug_W3,0.0024331,822.0
Marsh Wren,8,4,Aug_W4,0.0017809,1123.0
Marsh Wren,9,1,Sep_W1,0.0033003,909.0
Marsh Wren,9,2,Sep_W2,0.0010449,957.0
Marsh Wren,9,3,Sep_W3,0.0,963.0
Marsh Wren,9,4,Sep_W4,0.0007077,1413.0
Marsh Wren,10,1,Oct_W1,0.0020492,976.0
Marsh Wren,10,2,Oct_W2,0.0,1330.0
Marsh Wren,10,3,Oct_W3,0.0046598,1073.0
Marsh Wren,10,4,Oct_W4,0.0,1123.0
Marsh Wren,11,1,Nov_W1,0.0,686.0
Marsh Wren,11,2,Nov_W2,0.0,662.0
Marsh Wren,11,3,Nov_W3,0.0,428.0
Marsh Wren,11,4,Nov_W4,0.0,339.0
Marsh Wren,12,1,Dec_W1,0.0,213.0
Marsh Wren,12,2,Dec_W2,0.0,275.0
Marsh Wren,12,3,Dec_W3,0.0,318.0
Marsh Wren,12,4,Dec_W4,0.0,931.0
Carolina Wren,1,1,Jan_W1,0.0,1028.0
Carolina Wren,1,2,Jan_W2,0.0,995.0
Carolina Wren,1,3,Jan_W3,0.0,1544.0
Carolina Wren,1,4,Jan_W4,0.0,1414.0
Carolina Wren,2,1,Feb_W1,0.0,1431.0
Carolina Wren,2,2,Feb_W2,0.0,1915.0
Carolina Wren,2,3,Feb_W3,0.0,1788.0
Carolina Wren,2,4,Feb_W4,0.0,669.0
Carolina Wren,3,1,Mar_W1,0.0,543.0
Carolina Wren,3,2,Mar_W2,0.0,364.0
Carolina Wren,3,3,Mar_W3,0.0,681.0
Carolina Wren,3,4,Mar_W4,0.0,1015.0
Carolina Wren,4,1,Apr_W1,0.0,752.0
Carolina Wren,4,2,Apr_W2,0.0,1082.0
Carolina Wren,4,3,Apr_W3,0.0,1195.0
Carolina Wren,4,4,Apr_W4,0.0,2785.0
Carolina Wren,5,1,May_W1,0.0,1461.0
Carolina Wren,5,2,May_W2,0.0,1400.0
Carolina Wren,5,3,May_W3,0.0,2046.0
Carolina Wren,5,4,May_W4,0.0015217,3943.0
Carolina Wren,6,1,Jun_W1,0.000646,1548.0
Carolina Wren,6,2,Jun_W2,0.0,1075.0
Carolina Wren,6,3,Jun_W3,0.0,1107.0
Carolina Wren,6,4,Jun_W4,0.0,1051.0
Carolina Wren,7,1,Jul_W1,0.0,795.0
Carolina Wren,7,2,Jul_W2,0.0,584.0
Carolina Wren,7,3,Jul_W3,0.0,533.0
Carolina Wren,7,4,Jul_W4,0.0,790.0
Carolina Wren,8,1,Aug_W1,0.0015,597.0
Carolina Wren,8,2,Aug_W2,0.0,666.0
Carolina Wren,8,3,Aug_W3,0.0015,822.0
Carolina Wren,8,4,Aug_W4,0.0,1123.0
Carolina Wren,9,1,Sep_W1,0.0015,909.0
Carolina Wren,9,2,Sep_W2,0.0010449,957.0
Carolina Wren,9,3,Sep_W3,0.0015,963.0
Carolina Wren,9,4,Sep_W4,0.0,1413.0
Carolina Wren,10,1,Oct_W1,0.0,976.0
Carolina Wren,10,2,Oct_W2,0.0,1330.0
Carolina Wren,10,3,Oct_W3,0.0,1073.0
Carolina Wren,10,4,Oct_W4,0.0,1123.0
Carolina Wren,11,1,Nov_W1,0.0,686.0
Carolina Wren,11,2,Nov_W2,0.0,662.0
Carolina Wren,11,3,Nov_W3,0.0070093,428.0
Carolina Wren,11,4,Nov_W4,0.0,339.0
Carolina Wren,12,1,Dec_W1,0.0,213.0
Carolina Wren,12,2,Dec_W2,0.0,275.0
Carolina Wren,12,3,Dec_W3,0.0,318.0
Carolina Wren,12,4,Dec_W4,0.0,931.0
European Starling,1,1,Jan_W1,0.2655642,1028.0
European Starling,1,2,Jan_W2,0.2532663,995.0
European Starling,1,3,Jan_W3,0.2415803,1544.0
European Starling,1,4,Jan_W4,0.2489392,1414.0
European Starling,2,1,Feb_W1,0.1998602,1431.0
European Starling,2,2,Feb_W2,0.2516971,1915.0
European Starling,2,3,Feb_W3,0.24217,1788.0
European Starling,2,4,Feb_W4,0.2630792,669.0
European Starling,3,1,Mar_W1,0.2357274,543.0
European Starling,3,2,Mar_W2,0.3186813,364.0
European Starling,3,3,Mar_W3,0.20558,681.0
European Starling,3,4,Mar_W4,0.1940887,1015.0
European Starling,4,1,Apr_W1,0.2539894,752.0
European Starling,4,2,Apr_W2,0.1968577,1082.0
European Starling,4,3,Apr_W3,0.1606695,1195.0
European Starling,4,4,Apr_W4,0.1418312,2785.0
European Starling,5,1,May_W1,0.1813826,1461.0
European Starling,5,2,May_W2,0.2035714,1400.0
European Starling,5,3,May_W3,0.1432063,2046.0
European Starling,5,4,May_W4,0.1257925,3943.0
European Starling,6,1,Jun_W1,0.1014212,1548.0
European Starling,6,2,Jun_W2,0.1227907,1075.0
European Starling,6,3,Jun_W3,0.1327913,1107.0
European Starling,6,4,Jun_W4,0.1189343,1051.0
European Starling,7,1,Jul_W1,0.1031447,795.0
European Starling,7,2,Jul_W2,0.0821918,584.0
European Starling,7,3,Jul_W3,0.0806754,533.0
European Starling,7,4,Jul_W4,0.0367089,790.0
European Starling,8,1,Aug_W1,0.0519263,597.0
European Starling,8,2,Aug_W2,0.0405405,666.0
European Starling,8,3,Aug_W3,0.0352798,822.0
European Starling,8,4,Aug_W4,0.032057,1123.0
European Starling,9,1,Sep_W1,0.0308031,909.0
European Starling,9,2,Sep_W2,0.0271682,957.0
European Starling,9,3,Sep_W3,0.0363448,963.0
European Starling,9,4,Sep_W4,0.0268931,1413.0
European Starling,10,1,Oct_W1,0.0420082,976.0
European Starling,10,2,Oct_W2,0.0345865,1330.0
European Starling,10,3,Oct_W3,0.0410065,1073.0
European Starling,10,4,Oct_W4,0.0747996,1123.0
European Starling,11,1,Nov_W1,0.1341108,686.0
European Starling,11,2,Nov_W2,0.0619335,662.0
European Starling,11,3,Nov_W3,0.1121495,428.0
European Starling,11,4,Nov_W4,0.159292,339.0
European Starling,12,1,Dec_W1,0.2300469,213.0
European Starling,12,2,Dec_W2,0.2690909,275.0
European Starling,12,3,Dec_W3,0.2704403,318.0
European Starling,12,4,Dec_W4,0.2427497,931.0
Gray Catbird,1,1,Jan_W1,0.0,1028.0
Gray Catbird,1,2,Jan_W2,0.001005,995.0
Gray Catbird,1,3,Jan_W3,0.0,1544.0
Gray Catbird,1,4,Jan_W4,0.0,1414.0
Gray Catbird,2,1,Feb_W1,0.0,1431.0
Gray Catbird,2,2,Feb_W2,0.0,1915.0
Gray Catbird,2,3,Feb_W3,0.0,1788.0
Gray Catbird,2,4,Feb_W4,0.0,669.0
Gray Catbird,3,1,Mar_W1,0.0,543.0
Gray Catbird,3,2,Mar_W2,0.0,364.0
Gray Catbird,3,3,Mar_W3,0.0,681.0
Gray Catbird,3,4,Mar_W4,0.0,1015.0
Gray Catbird,4,1,Apr_W1,0.0,752.0
Gray Catbird,4,2,Apr_W2,0.0,1082.0
Gray Catbird,4,3,Apr_W3,0.0,1195.0
Gray Catbird,4,4,Apr_W4,0.0,2785.0
Gray Catbird,5,1,May_W1,0.0013689,1461.0
Gray Catbird,5,2,May_W2,0.0207143,1400.0
Gray Catbird,5,3,May_W3,0.0498534,2046.0
Gray Catbird,5,4,May_W4,0.0537662,3943.0
Gray Catbird,6,1,Jun_W1,0.0484496,1548.0
Gray Catbird,6,2,Jun_W2,0.0334884,1075.0
Gray Catbird,6,3,Jun_W3,0.0505872,1107.0
Gray Catbird,6,4,Jun_W4,0.0485252,1051.0
Gray Catbird,7,1,Jul_W1,0.0402516,795.0
Gray Catbird,7,2,Jul_W2,0.0445205,584.0
Gray Catbird,7,3,Jul_W3,0.0506567,533.0
Gray Catbird,7,4,Jul_W4,0.0265823,790.0
Gray Catbird,8,1,Aug_W1,0.0318258,597.0
Gray Catbird,8,2,Aug_W2,0.036036,666.0
Gray Catbird,8,3,Aug_W3,0.0279805,822.0
Gray Catbird,8,4,Aug_W4,0.0213713,1123.0
Gray Catbird,9,1,Sep_W1,0.0220022,909.0
Gray Catbird,9,2,Sep_W2,0.0344828,957.0
Gray Catbird,9,3,Sep_W3,0.0332295,963.0
Gray Catbird,9,4,Sep_W4,0.029724,1413.0
Gray Catbird,10,1,Oct_W1,0.0809426,976.0
Gray Catbird,10,2,Oct_W2,0.0390977,1330.0
Gray Catbird,10,3,Oct_W3,0.028891,1073.0
Gray Catbird,10,4,Oct_W4,0.0356189,1123.0
Gray Catbird,11,1,Nov_W1,0.0276968,686.0
Gray Catbird,11,2,Nov_W2,0.0120846,662.0
Gray Catbird,11,3,Nov_W3,0.0023364,428.0
Gray Catbird,11,4,Nov_W4,0.0,339.0
Gray Catbird,12,1,Dec_W1,0.0046948,213.0
Gray Catbird,12,2,Dec_W2,0.0,275.0
Gray Catbird,12,3,Dec_W3,0.0,318.0
Gray Catbird,12,4,Dec_W4,0.0,931.0
Brown Thrasher,1,1,Jan_W1,0.0,1028.0
Brown Thrasher,1,2,Jan_W2,0.0,995.0
Brown Thrasher,1,3,Jan_W3,0.0,1544.0
Brown Thrasher,1,4,Jan_W4,0.0,1414.0
Brown Thrasher,2,1,Feb_W1,0.0,1431.0
Brown Thrasher,2,2,Feb_W2,0.0,1915.0
Brown Thrasher,2,3,Feb_W3,0.0,1788.0
Brown Thrasher,2,4,Feb_W4,0.0,669.0
Brown Thrasher,3,1,Mar_W1,0.0,543.0
Brown Thrasher,3,2,Mar_W2,0.0,364.0
Brown Thrasher,3,3,Mar_W3,0.0,681.0
Brown Thrasher,3,4,Mar_W4,0.0,1015.0
Brown Thrasher,4,1,Apr_W1,0.0,752.0
Brown Thrasher,4,2,Apr_W2,0.0064695,1082.0
Brown Thrasher,4,3,Apr_W3,0.0158996,1195.0
Brown Thrasher,4,4,Apr_W4,0.0168761,2785.0
Brown Thrasher,5,1,May_W1,0.028063,1461.0
Brown Thrasher,5,2,May_W2,0.0371429,1400.0
Brown Thrasher,5,3,May_W3,0.054741,2046.0
Brown Thrasher,5,4,May_W4,0.0631499,3943.0
Brown Thrasher,6,1,Jun_W1,0.0671835,1548.0
Brown Thrasher,6,2,Jun_W2,0.0465116,1075.0
Brown Thrasher,6,3,Jun_W3,0.0587173,1107.0
Brown Thrasher,6,4,Jun_W4,0.0418649,1051.0
Brown Thrasher,7,1,Jul_W1,0.036478,795.0
Brown Thrasher,7,2,Jul_W2,0.0239726,584.0
Brown Thrasher,7,3,Jul_W3,0.0187617,533.0
Brown Thrasher,7,4,Jul_W4,0.021519,790.0
Brown Thrasher,8,1,Aug_W1,0.0134003,597.0
Brown Thrasher,8,2,Aug_W2,0.018018,666.0
Brown Thrasher,8,3,Aug_W3,0.0048662,822.0
Brown Thrasher,8,4,Aug_W4,0.0089047,1123.0
Brown Thrasher,9,1,Sep_W1,0.0077008,909.0
Brown Thrasher,9,2,Sep_W2,0.0062696,957.0
Brown Thrasher,9,3,Sep_W3,0.0083074,963.0
Brown Thrasher,9,4,Sep_W4,0.0184006,1413.0
Brown Thrasher,10,1,Oct_W1,0.0276639,976.0
Brown Thrasher,10,2,Oct_W2,0.0067669,1330.0
Brown Thrasher,10,3,Oct_W3,0.0130475,1073.0
Brown Thrasher,10,4,Oct_W4,0.0124666,1123.0
Brown Thrasher,11,1,Nov_W1,0.0014577,686.0
Brown Thrasher,11,2,Nov_W2,0.0045317,662.0
Brown Thrasher,11,3,Nov_W3,0.0023364,428.0
Brown Thrasher,11,4,Nov_W4,0.0,339.0
Brown Thrasher,12,1,Dec_W1,0.0,213.0
Brown Thrasher,12,2,Dec_W2,0.0015,275.0
Brown Thrasher,12,3,Dec_W3,0.0,318.0
Brown Thrasher,12,4,Dec_W4,0.0,931.0
Sage Thrasher,1,1,Jan_W1,0.0,1028.0
Sage Thrasher,1,2,Jan_W2,0.0,995.0
Sage Thrasher,1,3,Jan_W3,0.0,1544.0
Sage Thrasher,1,4,Jan_W4,0.0,1414.0
Sage Thrasher,2,1,Feb_W1,0.0,1431.0
Sage Thrasher,2,2,Feb_W2,0.0,1915.0
Sage Thrasher,2,3,Feb_W3,0.0,1788.0
Sage Thrasher,2,4,Feb_W4,0.0,669.0
Sage Thrasher,3,1,Mar_W1,0.0,543.0
Sage Thrasher,3,2,Mar_W2,0.0,364.0
Sage Thrasher,3,3,Mar_W3,0.0,681.0
Sage Thrasher,3,4,Mar_W4,0.0,1015.0
Sage Thrasher,4,1,Apr_W1,0.0,752.0
Sage Thrasher,4,2,Apr_W2,0.0,1082.0
Sage Thrasher,4,3,Apr_W3,0.0,1195.0
Sage Thrasher,4,4,Apr_W4,0.0,2785.0
Sage Thrasher,5,1,May_W1,0.0,1461.0
Sage Thrasher,5,2,May_W2,0.0,1400.0
Sage Thrasher,5,3,May_W3,0.0015,2046.0
Sage Thrasher,5,4,May_W4,0.0,3943.0
Sage Thrasher,6,1,Jun_W1,0.0,1548.0
Sage Thrasher,6,2,Jun_W2,0.0,1075.0
Sage Thrasher,6,3,Jun_W3,0.0,1107.0
Sage Thrasher,6,4,Jun_W4,0.0,1051.0
Sage Thrasher,7,1,Jul_W1,0.0,795.0
Sage Thrasher,7,2,Jul_W2,0.0,584.0
Sage Thrasher,7,3,Jul_W3,0.0,533.0
Sage Thrasher,7,4,Jul_W4,0.0,790.0
Sage Thrasher,8,1,Aug_W1,0.0,597.0
Sage Thrasher,8,2,Aug_W2,0.0,666.0
Sage Thrasher,8,3,Aug_W3,0.0,822.0
Sage Thrasher,8,4,Aug_W4,0.0,1123.0
Sage Thrasher,9,1,Sep_W1,0.0,909.0
Sage Thrasher,9,2,Sep_W2,0.0,957.0
Sage Thrasher,9,3,Sep_W3,0.0,963.0
Sage Thrasher,9,4,Sep_W4,0.0015,1413.0
Sage Thrasher,10,1,Oct_W1,0.0015,976.0
Sage Thrasher,10,2,Oct_W2,0.0,1330.0
Sage Thrasher,10,3,Oct_W3,0.0,1073.0
Sage Thrasher,10,4,Oct_W4,0.0,1123.0
Sage Thrasher,11,1,Nov_W1,0.0015,686.0
Sage Thrasher,11,2,Nov_W2,0.0,662.0
Sage Thrasher,11,3,Nov_W3,0.0,428.0
Sage Thrasher,11,4,Nov_W4,0.0,339.0
Sage Thrasher,12,1,Dec_W1,0.0,213.0
Sage Thrasher,12,2,Dec_W2,0.0,275.0
Sage Thrasher,12,3,Dec_W3,0.0,318.0
Sage Thrasher,12,4,Dec_W4,0.0,931.0
Northern Mockingbird,1,1,Jan_W1,0.0009728,1028.0
Northern Mockingbird,1,2,Jan_W2,0.001005,995.0
Northern Mockingbird,1,3,Jan_W3,0.0,1544.0
Northern Mockingbird,1,4,Jan_W4,0.0049505,1414.0
Northern Mockingbird,2,1,Feb_W1,0.0006988,1431.0
Northern Mockingbird,2,2,Feb_W2,0.0,1915.0
Northern Mockingbird,2,3,Feb_W3,0.0,1788.0
Northern Mockingbird,2,4,Feb_W4,0.0,669.0
Northern Mockingbird,3,1,Mar_W1,0.0,543.0
Northern Mockingbird,3,2,Mar_W2,0.0,364.0
Northern Mockingbird,3,3,Mar_W3,0.0,681.0
Northern Mockingbird,3,4,Mar_W4,0.0,1015.0
Northern Mockingbird,4,1,Apr_W1,0.0,752.0
Northern Mockingbird,4,2,Apr_W2,0.0,1082.0
Northern Mockingbird,4,3,Apr_W3,0.0025105,1195.0
Northern Mockingbird,4,4,Apr_W4,0.0014363,2785.0
Northern Mockingbird,5,1,May_W1,0.0020534,1461.0
Northern Mockingbird,5,2,May_W2,0.0064286,1400.0
Northern Mockingbird,5,3,May_W3,0.0166178,2046.0
Northern Mockingbird,5,4,May_W4,0.0152168,3943.0
Northern Mockingbird,6,1,Jun_W1,0.0122739,1548.0
Northern Mockingbird,6,2,Jun_W2,0.0,1075.0
Northern Mockingbird,6,3,Jun_W3,0.0045167,1107.0
Northern Mockingbird,6,4,Jun_W4,0.0,1051.0
Northern Mockingbird,7,1,Jul_W1,0.0012579,795.0
Northern Mockingbird,7,2,Jul_W2,0.0015,584.0
Northern Mockingbird,7,3,Jul_W3,0.0,533.0
Northern Mockingbird,7,4,Jul_W4,0.0,790.0
Northern Mockingbird,8,1,Aug_W1,0.001675,597.0
Northern Mockingbird,8,2,Aug_W2,0.0,666.0
Northern Mockingbird,8,3,Aug_W3,0.0,822.0
Northern Mockingbird,8,4,Aug_W4,0.0,1123.0
Northern Mockingbird,9,1,Sep_W1,0.0015,909.0
Northern Mockingbird,9,2,Sep_W2,0.0,957.0
Northern Mockingbird,9,3,Sep_W3,0.0062305,963.0
Northern Mockingbird,9,4,Sep_W4,0.0007077,1413.0
Northern Mockingbird,10,1,Oct_W1,0.0,976.0
Northern Mockingbird,10,2,Oct_W2,0.0,1330.0
Northern Mockingbird,10,3,Oct_W3,0.0,1073.0
Northern Mockingbird,10,4,Oct_W4,0.0,1123.0
Northern Mockingbird,11,1,Nov_W1,0.0174927,686.0
Northern Mockingbird,11,2,Nov_W2,0.010574,662.0
Northern Mockingbird,11,3,Nov_W3,0.0,428.0
Northern Mockingbird,11,4,Nov_W4,0.0,339.0
Northern Mockingbird,12,1,Dec_W1,0.0,213.0
Northern Mockingbird,12,2,Dec_W2,0.0,275.0
Northern Mockingbird,12,3,Dec_W3,0.0125786,318.0
Northern Mockingbird,12,4,Dec_W4,0.0015,931.0
Eastern Bluebird,1,1,Jan_W1,0.0009728,1028.0
Eastern Bluebird,1,2,Jan_W2,0.001005,995.0
Eastern Bluebird,1,3,Jan_W3,0.0,1544.0
Eastern Bluebird,1,4,Jan_W4,0.0,1414.0
Eastern Bluebird,2,1,Feb_W1,0.0,1431.0
Eastern Bluebird,2,2,Feb_W2,0.0,1915.0
Eastern Bluebird,2,3,Feb_W3,0.0,1788.0
Eastern Bluebird,2,4,Feb_W4,0.0,669.0
Eastern Bluebird,3,1,Mar_W1,0.0,543.0
Eastern Bluebird,3,2,Mar_W2,0.0027473,364.0
Eastern Bluebird,3,3,Mar_W3,0.0014684,681.0
Eastern Bluebird,3,4,Mar_W4,0.0015,1015.0
Eastern Bluebird,4,1,Apr_W1,0.0013298,752.0
Eastern Bluebird,4,2,Apr_W2,0.012939,1082.0
Eastern Bluebird,4,3,Apr_W3,0.0192469,1195.0
Eastern Bluebird,4,4,Apr_W4,0.0222621,2785.0
Eastern Bluebird,5,1,May_W1,0.0527036,1461.0
Eastern Bluebird,5,2,May_W2,0.0964286,1400.0
Eastern Bluebird,5,3,May_W3,0.0977517,2046.0
Eastern Bluebird,5,4,May_W4,0.1600304,3943.0
Eastern Bluebird,6,1,Jun_W1,0.1369509,1548.0
Eastern Bluebird,6,2,Jun_W2,0.0939535,1075.0
Eastern Bluebird,6,3,Jun_W3,0.1093044,1107.0
Eastern Bluebird,6,4,Jun_W4,0.0732636,1051.0
Eastern Bluebird,7,1,Jul_W1,0.0566038,795.0
Eastern Bluebird,7,2,Jul_W2,0.0445205,584.0
Eastern Bluebird,7,3,Jul_W3,0.0525328,533.0
Eastern Bluebird,7,4,Jul_W4,0.0405063,790.0
Eastern Bluebird,8,1,Aug_W1,0.040201,597.0
Eastern Bluebird,8,2,Aug_W2,0.0375375,666.0
Eastern Bluebird,8,3,Aug_W3,0.0377129,822.0
Eastern Bluebird,8,4,Aug_W4,0.0231523,1123.0
Eastern Bluebird,9,1,Sep_W1,0.0220022,909.0
Eastern Bluebird,9,2,Sep_W2,0.0271682,957.0
Eastern Bluebird,9,3,Sep_W3,0.0186916,963.0
Eastern Bluebird,9,4,Sep_W4,0.029724,1413.0
Eastern Bluebird,10,1,Oct_W1,0.0307377,976.0
Eastern Bluebird,10,2,Oct_W2,0.0195489,1330.0
Eastern Bluebird,10,3,Oct_W3,0.0139795,1073.0
Eastern Bluebird,10,4,Oct_W4,0.0035619,1123.0
Eastern Bluebird,11,1,Nov_W1,0.0189504,686.0
Eastern Bluebird,11,2,Nov_W2,0.0045317,662.0
Eastern Bluebird,11,3,Nov_W3,0.0,428.0
Eastern Bluebird,11,4,Nov_W4,0.0058997,339.0
Eastern Bluebird,12,1,Dec_W1,0.0046948,213.0
Eastern Bluebird,12,2,Dec_W2,0.0,275.0
Eastern Bluebird,12,3,Dec_W3,0.0,318.0
Eastern Bluebird,12,4,Dec_W4,0.0,931.0
Mountain Bluebird,1,1,Jan_W1,0.0,1028.0
Mountain Bluebird,1,2,Jan_W2,0.0,995.0
Mountain Bluebird,1,3,Jan_W3,0.0,1544.0
Mountain Bluebird,1,4,Jan_W4,0.0,1414.0
Mountain Bluebird,2,1,Feb_W1,0.0,1431.0
Mountain Bluebird,2,2,Feb_W2,0.0,1915.0
Mountain Bluebird,2,3,Feb_W3,0.0,1788.0
Mountain Bluebird,2,4,Feb_W4,0.0,669.0
Mountain Bluebird,3,1,Mar_W1,0.0,543.0
Mountain Bluebird,3,2,Mar_W2,0.0,364.0
Mountain Bluebird,3,3,Mar_W3,0.0,681.0
Mountain Bluebird,3,4,Mar_W4,0.0015,1015.0
Mountain Bluebird,4,1,Apr_W1,0.0,752.0
Mountain Bluebird,4,2,Apr_W2,0.0,1082.0
Mountain Bluebird,4,3,Apr_W3,0.0,1195.0
Mountain Bluebird,4,4,Apr_W4,0.0,2785.0
Mountain Bluebird,5,1,May_W1,0.0,1461.0
Mountain Bluebird,5,2,May_W2,0.0,1400.0
Mountain Bluebird,5,3,May_W3,0.0,2046.0
Mountain Bluebird,5,4,May_W4,0.0002536,3943.0
Mountain Bluebird,6,1,Jun_W1,0.0,1548.0
Mountain Bluebird,6,2,Jun_W2,0.0,1075.0
Mountain Bluebird,6,3,Jun_W3,0.0,1107.0
Mountain Bluebird,6,4,Jun_W4,0.0,1051.0
Mountain Bluebird,7,1,Jul_W1,0.0,795.0
Mountain Bluebird,7,2,Jul_W2,0.0,584.0
Mountain Bluebird,7,3,Jul_W3,0.0,533.0
Mountain Bluebird,7,4,Jul_W4,0.0,790.0
Mountain Bluebird,8,1,Aug_W1,0.0,597.0
Mountain Bluebird,8,2,Aug_W2,0.0,666.0
Mountain Bluebird,8,3,Aug_W3,0.0,822.0
Mountain Bluebird,8,4,Aug_W4,0.0,1123.0
Mountain Bluebird,9,1,Sep_W1,0.0,909.0
Mountain Bluebird,9,2,Sep_W2,0.0,957.0
Mountain Bluebird,9,3,Sep_W3,0.0,963.0
Mountain Bluebird,9,4,Sep_W4,0.0,1413.0
Mountain Bluebird,10,1,Oct_W1,0.0,976.0
Mountain Bluebird,10,2,Oct_W2,0.0,1330.0
Mountain Bluebird,10,3,Oct_W3,0.0,1073.0
Mountain Bluebird,10,4,Oct_W4,0.0,1123.0
Mountain Bluebird,11,1,Nov_W1,0.0,686.0
Mountain Bluebird,11,2,Nov_W2,0.0,662.0
Mountain Bluebird,11,3,Nov_W3,0.0,428.0
Mountain Bluebird,11,4,Nov_W4,0.0,339.0
Mountain Bluebird,12,1,Dec_W1,0.0,213.0
Mountain Bluebird,12,2,Dec_W2,0.0,275.0
Mountain Bluebird,12,3,Dec_W3,0.0,318.0
Mountain Bluebird,12,4,Dec_W4,0.0,931.0
Townsend's Solitaire,1,1,Jan_W1,0.0068093,1028.0
Townsend's Solitaire,1,2,Jan_W2,0.0020101,995.0
Townsend's Solitaire,1,3,Jan_W3,0.0006477,1544.0
Townsend's Solitaire,1,4,Jan_W4,0.0056577,1414.0
Townsend's Solitaire,2,1,Feb_W1,0.0139762,1431.0
Townsend's Solitaire,2,2,Feb_W2,0.002611,1915.0
Townsend's Solitaire,2,3,Feb_W3,0.0005593,1788.0
Townsend's Solitaire,2,4,Feb_W4,0.0029895,669.0
Townsend's Solitaire,3,1,Mar_W1,0.014733,543.0
Townsend's Solitaire,3,2,Mar_W2,0.0,364.0
Townsend's Solitaire,3,3,Mar_W3,0.0,681.0
Townsend's Solitaire,3,4,Mar_W4,0.0015,1015.0
Townsend's Solitaire,4,1,Apr_W1,0.0,752.0
Townsend's Solitaire,4,2,Apr_W2,0.0,1082.0
Townsend's Solitaire,4,3,Apr_W3,0.0016736,1195.0
Townsend's Solitaire,4,4,Apr_W4,0.0089767,2785.0
Townsend's Solitaire,5,1,May_W1,0.0013689,1461.0
Townsend's Solitaire,5,2,May_W2,0.0014286,1400.0
Townsend's Solitaire,5,3,May_W3,0.0,2046.0
Townsend's Solitaire,5,4,May_W4,0.0,3943.0
Townsend's Solitaire,6,1,Jun_W1,0.0,1548.0
Townsend's Solitaire,6,2,Jun_W2,0.0,1075.0
Townsend's Solitaire,6,3,Jun_W3,0.0,1107.0
Townsend's Solitaire,6,4,Jun_W4,0.0,1051.0
Townsend's Solitaire,7,1,Jul_W1,0.0,795.0
Townsend's Solitaire,7,2,Jul_W2,0.0017123,584.0
Townsend's Solitaire,7,3,Jul_W3,0.0,533.0
Townsend's Solitaire,7,4,Jul_W4,0.0,790.0
Townsend's Solitaire,8,1,Aug_W1,0.0,597.0
Townsend's Solitaire,8,2,Aug_W2,0.0,666.0
Townsend's Solitaire,8,3,Aug_W3,0.0,822.0
Townsend's Solitaire,8,4,Aug_W4,0.0,1123.0
Townsend's Solitaire,9,1,Sep_W1,0.0,909.0
Townsend's Solitaire,9,2,Sep_W2,0.0,957.0
Townsend's Solitaire,9,3,Sep_W3,0.0083074,963.0
Townsend's Solitaire,9,4,Sep_W4,0.0021231,1413.0
Townsend's Solitaire,10,1,Oct_W1,0.0061475,976.0
Townsend's Solitaire,10,2,Oct_W2,0.0172932,1330.0
Townsend's Solitaire,10,3,Oct_W3,0.0186393,1073.0
Townsend's Solitaire,10,4,Oct_W4,0.0071238,1123.0
Townsend's Solitaire,11,1,Nov_W1,0.0145773,686.0
Townsend's Solitaire,11,2,Nov_W2,0.0196375,662.0
Townsend's Solitaire,11,3,Nov_W3,0.0046729,428.0
Townsend's Solitaire,11,4,Nov_W4,0.0058997,339.0
Townsend's Solitaire,12,1,Dec_W1,0.0046948,213.0
Townsend's Solitaire,12,2,Dec_W2,0.0,275.0
Townsend's Solitaire,12,3,Dec_W3,0.0015,318.0
Townsend's Solitaire,12,4,Dec_W4,0.0032223,931.0
Varied Thrush,1,1,Jan_W1,0.0,1028.0
Varied Thrush,1,2,Jan_W2,0.0,995.0
Varied Thrush,1,3,Jan_W3,0.0,1544.0
Varied Thrush,1,4,Jan_W4,0.0015,1414.0
Varied Thrush,2,1,Feb_W1,0.0,1431.0
Varied Thrush,2,2,Feb_W2,0.0,1915.0
Varied Thrush,2,3,Feb_W3,0.0,1788.0
Varied Thrush,2,4,Feb_W4,0.0,669.0
Varied Thrush,3,1,Mar_W1,0.0,543.0
Varied Thrush,3,2,Mar_W2,0.0,364.0
Varied Thrush,3,3,Mar_W3,0.0,681.0
Varied Thrush,3,4,Mar_W4,0.0,1015.0
Varied Thrush,4,1,Apr_W1,0.0,752.0
Varied Thrush,4,2,Apr_W2,0.0009242,1082.0
Varied Thrush,4,3,Apr_W3,0.0,1195.0
Varied Thrush,4,4,Apr_W4,0.0,2785.0
Varied Thrush,5,1,May_W1,0.0,1461.0
Varied Thrush,5,2,May_W2,0.0,1400.0
Varied Thrush,5,3,May_W3,0.0,2046.0
Varied Thrush,5,4,May_W4,0.0,3943.0
Varied Thrush,6,1,Jun_W1,0.0,1548.0
Varied Thrush,6,2,Jun_W2,0.0,1075.0
Varied Thrush,6,3,Jun_W3,0.0,1107.0
Varied Thrush,6,4,Jun_W4,0.0,1051.0
Varied Thrush,7,1,Jul_W1,0.0,795.0
Varied Thrush,7,2,Jul_W2,0.0,584.0
Varied Thrush,7,3,Jul_W3,0.0,533.0
Varied Thrush,7,4,Jul_W4,0.0,790.0
Varied Thrush,8,1,Aug_W1,0.0,597.0
Varied Thrush,8,2,Aug_W2,0.0,666.0
Varied Thrush,8,3,Aug_W3,0.0,822.0
Varied Thrush,8,4,Aug_W4,0.0,1123.0
Varied Thrush,9,1,Sep_W1,0.0,909.0
Varied Thrush,9,2,Sep_W2,0.0,957.0
Varied Thrush,9,3,Sep_W3,0.0,963.0
Varied Thrush,9,4,Sep_W4,0.0,1413.0
Varied Thrush,10,1,Oct_W1,0.0,976.0
Varied Thrush,10,2,Oct_W2,0.0,1330.0
Varied Thrush,10,3,Oct_W3,0.0,1073.0
Varied Thrush,10,4,Oct_W4,0.0,1123.0
Varied Thrush,11,1,Nov_W1,0.0,686.0
Varied Thrush,11,2,Nov_W2,0.0,662.0
Varied Thrush,11,3,Nov_W3,0.0,428.0
Varied Thrush,11,4,Nov_W4,0.0,339.0
Varied Thrush,12,1,Dec_W1,0.0,213.0
Varied Thrush,12,2,Dec_W2,0.0,275.0
Varied Thrush,12,3,Dec_W3,0.0,318.0
Varied Thrush,12,4,Dec_W4,0.0,931.0
Veery,1,1,Jan_W1,0.0,1028.0
Veery,1,2,Jan_W2,0.0,995.0
Veery,1,3,Jan_W3,0.0,1544.0
Veery,1,4,Jan_W4,0.0,1414.0
Veery,2,1,Feb_W1,0.0,1431.0
Veery,2,2,Feb_W2,0.0,1915.0
Veery,2,3,Feb_W3,0.0,1788.0
Veery,2,4,Feb_W4,0.0,669.0
Veery,3,1,Mar_W1,0.0,543.0
Veery,3,2,Mar_W2,0.0,364.0
Veery,3,3,Mar_W3,0.0,681.0
Veery,3,4,Mar_W4,0.0,1015.0
Veery,4,1,Apr_W1,0.0,752.0
Veery,4,2,Apr_W2,0.0,1082.0
Veery,4,3,Apr_W3,0.0,1195.0
Veery,4,4,Apr_W4,0.0,2785.0
Veery,5,1,May_W1,0.0006845,1461.0
Veery,5,2,May_W2,0.0114286,1400.0
Veery,5,3,May_W3,0.0351906,2046.0
Veery,5,4,May_W4,0.0618818,3943.0
Veery,6,1,Jun_W1,0.0885013,1548.0
Veery,6,2,Jun_W2,0.104186,1075.0
Veery,6,3,Jun_W3,0.1246612,1107.0
Veery,6,4,Jun_W4,0.1417697,1051.0
Veery,7,1,Jul_W1,0.0779874,795.0
Veery,7,2,Jul_W2,0.0547945,584.0
Veery,7,3,Jul_W3,0.0525328,533.0
Veery,7,4,Jul_W4,0.0113924,790.0
Veery,8,1,Aug_W1,0.0150754,597.0
Veery,8,2,Aug_W2,0.0075075,666.0
Veery,8,3,Aug_W3,0.0097324,822.0
Veery,8,4,Aug_W4,0.0089047,1123.0
Veery,9,1,Sep_W1,0.0176018,909.0
Veery,9,2,Sep_W2,0.0104493,957.0
Veery,9,3,Sep_W3,0.0093458,963.0
Veery,9,4,Sep_W4,0.0028309,1413.0
Veery,10,1,Oct_W1,0.0010246,976.0
Veery,10,2,Oct_W2,0.0,1330.0
Veery,10,3,Oct_W3,0.0,1073.0
Veery,10,4,Oct_W4,0.0,1123.0
Veery,11,1,Nov_W1,0.0,686.0
Veery,11,2,Nov_W2,0.0,662.0
Veery,11,3,Nov_W3,0.0,428.0
Veery,11,4,Nov_W4,0.0,339.0
Veery,12,1,Dec_W1,0.0,213.0
Veery,12,2,Dec_W2,0.0,275.0
Veery,12,3,Dec_W3,0.0,318.0
Veery,12,4,Dec_W4,0.0,931.0
Gray-cheeked Thrush,1,1,Jan_W1,0.0,1028.0
Gray-cheeked Thrush,1,2,Jan_W2,0.0,995.0
Gray-cheeked Thrush,1,3,Jan_W3,0.0,1544.0
Gray-cheeked Thrush,1,4,Jan_W4,0.0,1414.0
Gray-cheeked Thrush,2,1,Feb_W1,0.0,1431.0
Gray-cheeked Thrush,2,2,Feb_W2,0.0,1915.0
Gray-cheeked Thrush,2,3,Feb_W3,0.0,1788.0
Gray-cheeked Thrush,2,4,Feb_W4,0.0,669.0
Gray-cheeked Thrush,3,1,Mar_W1,0.0,543.0
Gray-cheeked Thrush,3,2,Mar_W2,0.0,364.0
Gray-cheeked Thrush,3,3,Mar_W3,0.0,681.0
Gray-cheeked Thrush,3,4,Mar_W4,0.0,1015.0
Gray-cheeked Thrush,4,1,Apr_W1,0.0,752.0
Gray-cheeked Thrush,4,2,Apr_W2,0.0,1082.0
Gray-cheeked Thrush,4,3,Apr_W3,0.0,1195.0
Gray-cheeked Thrush,4,4,Apr_W4,0.0,2785.0
Gray-cheeked Thrush,5,1,May_W1,0.0013689,1461.0
Gray-cheeked Thrush,5,2,May_W2,0.0035714,1400.0
Gray-cheeked Thrush,5,3,May_W3,0.0097752,2046.0
Gray-cheeked Thrush,5,4,May_W4,0.0114126,3943.0
Gray-cheeked Thrush,6,1,Jun_W1,0.001292,1548.0
Gray-cheeked Thrush,6,2,Jun_W2,0.0,1075.0
Gray-cheeked Thrush,6,3,Jun_W3,0.0,1107.0
Gray-cheeked Thrush,6,4,Jun_W4,0.0,1051.0
Gray-cheeked Thrush,7,1,Jul_W1,0.0,795.0
Gray-cheeked Thrush,7,2,Jul_W2,0.0,584.0
Gray-cheeked Thrush,7,3,Jul_W3,0.0,533.0
Gray-cheeked Thrush,7,4,Jul_W4,0.0,790.0
Gray-cheeked Thrush,8,1,Aug_W1,0.0,597.0
Gray-cheeked Thrush,8,2,Aug_W2,0.0,666.0
Gray-cheeked Thrush,8,3,Aug_W3,0.0015,822.0
Gray-cheeked Thrush,8,4,Aug_W4,0.0017809,1123.0
Gray-cheeked Thrush,9,1,Sep_W1,0.0550055,909.0
Gray-cheeked Thrush,9,2,Sep_W2,0.0804598,957.0
Gray-cheeked Thrush,9,3,Sep_W3,0.07892,963.0
Gray-cheeked Thrush,9,4,Sep_W4,0.0552017,1413.0
Gray-cheeked Thrush,10,1,Oct_W1,0.0338115,976.0
Gray-cheeked Thrush,10,2,Oct_W2,0.0052632,1330.0
Gray-cheeked Thrush,10,3,Oct_W3,0.000932,1073.0
Gray-cheeked Thrush,10,4,Oct_W4,0.0,1123.0
Gray-cheeked Thrush,11,1,Nov_W1,0.0,686.0
Gray-cheeked Thrush,11,2,Nov_W2,0.0,662.0
Gray-cheeked Thrush,11,3,Nov_W3,0.0,428.0
Gray-cheeked Thrush,11,4,Nov_W4,0.0,339.0
Gray-cheeked Thrush,12,1,Dec_W1,0.0,213.0
Gray-cheeked Thrush,12,2,Dec_W2,0.0,275.0
Gray-cheeked Thrush,12,3,Dec_W3,0.0,318.0
Gray-cheeked Thrush,12,4,Dec_W4,0.0,931.0
Swainson's Thrush,1,1,Jan_W1,0.0,1028.0
Swainson's Thrush,1,2,Jan_W2,0.0,995.0
Swainson's Thrush,1,3,Jan_W3,0.0,1544.0
Swainson's Thrush,1,4,Jan_W4,0.0,1414.0
Swainson's Thrush,2,1,Feb_W1,0.0,1431.0
Swainson's Thrush,2,2,Feb_W2,0.0,1915.0
Swainson's Thrush,2,3,Feb_W3,0.0,1788.0
Swainson's Thrush,2,4,Feb_W4,0.0,669.0
Swainson's Thrush,3,1,Mar_W1,0.0,543.0
Swainson's Thrush,3,2,Mar_W2,0.0,364.0
Swainson's Thrush,3,3,Mar_W3,0.0,681.0
Swainson's Thrush,3,4,Mar_W4,0.0,1015.0
Swainson's Thrush,4,1,Apr_W1,0.0,752.0
Swainson's Thrush,4,2,Apr_W2,0.0,1082.0
Swainson's Thrush,4,3,Apr_W3,0.0,1195.0
Swainson's Thrush,4,4,Apr_W4,0.0,2785.0
Swainson's Thrush,5,1,May_W1,0.0006845,1461.0
Swainson's Thrush,5,2,May_W2,0.0107143,1400.0
Swainson's Thrush,5,3,May_W3,0.0552297,2046.0
Swainson's Thrush,5,4,May_W4,0.0557951,3943.0
Swainson's Thrush,6,1,Jun_W1,0.0329457,1548.0
Swainson's Thrush,6,2,Jun_W2,0.0306977,1075.0
Swainson's Thrush,6,3,Jun_W3,0.0307136,1107.0
Swainson's Thrush,6,4,Jun_W4,0.0342531,1051.0
Swainson's Thrush,7,1,Jul_W1,0.0264151,795.0
Swainson's Thrush,7,2,Jul_W2,0.0342466,584.0
Swainson's Thrush,7,3,Jul_W3,0.0243902,533.0
Swainson's Thrush,7,4,Jul_W4,0.0088608,790.0
Swainson's Thrush,8,1,Aug_W1,0.0033501,597.0
Swainson's Thrush,8,2,Aug_W2,0.006006,666.0
Swainson's Thrush,8,3,Aug_W3,0.0085158,822.0
Swainson's Thrush,8,4,Aug_W4,0.0338379,1123.0
Swainson's Thrush,9,1,Sep_W1,0.1430143,909.0
Swainson's Thrush,9,2,Sep_W2,0.1912226,957.0
Swainson's Thrush,9,3,Sep_W3,0.1806854,963.0
Swainson's Thrush,9,4,Sep_W4,0.1012031,1413.0
Swainson's Thrush,10,1,Oct_W1,0.0584016,976.0
Swainson's Thrush,10,2,Oct_W2,0.0225564,1330.0
Swainson's Thrush,10,3,Oct_W3,0.0055918,1073.0
Swainson's Thrush,10,4,Oct_W4,0.0008905,1123.0
Swainson's Thrush,11,1,Nov_W1,0.0,686.0
Swainson's Thrush,11,2,Nov_W2,0.0,662.0
Swainson's Thrush,11,3,Nov_W3,0.0,428.0
Swainson's Thrush,11,4,Nov_W4,0.0,339.0
Swainson's Thrush,12,1,Dec_W1,0.0,213.0
Swainson's Thrush,12,2,Dec_W2,0.0,275.0
Swainson's Thrush,12,3,Dec_W3,0.0,318.0
Swainson's Thrush,12,4,Dec_W4,0.0,931.0
Hermit Thrush,1,1,Jan_W1,0.0019455,1028.0
Hermit Thrush,1,2,Jan_W2,0.0,995.0
Hermit Thrush,1,3,Jan_W3,0.001943,1544.0
Hermit Thrush,1,4,Jan_W4,0.0015,1414.0
Hermit Thrush,2,1,Feb_W1,0.0,1431.0
Hermit Thrush,2,2,Feb_W2,0.0010444,1915.0
Hermit Thrush,2,3,Feb_W3,0.0,1788.0
Hermit Thrush,2,4,Feb_W4,0.0,669.0
Hermit Thrush,3,1,Mar_W1,0.0,543.0
Hermit Thrush,3,2,Mar_W2,0.0,364.0
Hermit Thrush,3,3,Mar_W3,0.0,681.0
Hermit Thrush,3,4,Mar_W4,0.0,1015.0
Hermit Thrush,4,1,Apr_W1,0.0026596,752.0
Hermit Thrush,4,2,Apr_W2,0.0036969,1082.0
Hermit Thrush,4,3,Apr_W3,0.0694561,1195.0
Hermit Thrush,4,4,Apr_W4,0.1073609,2785.0
Hermit Thrush,5,1,May_W1,0.0971937,1461.0
Hermit Thrush,5,2,May_W2,0.0842857,1400.0
Hermit Thrush,5,3,May_W3,0.1041056,2046.0
Hermit Thrush,5,4,May_W4,0.1186914,3943.0
Hermit Thrush,6,1,Jun_W1,0.1776486,1548.0
Hermit Thrush,6,2,Jun_W2,0.2148837,1075.0
Hermit Thrush,6,3,Jun_W3,0.2420958,1107.0
Hermit Thrush,6,4,Jun_W4,0.244529,1051.0
Hermit Thrush,7,1,Jul_W1,0.1924528,795.0
Hermit Thrush,7,2,Jul_W2,0.1729452,584.0
Hermit Thrush,7,3,Jul_W3,0.1801126,533.0
Hermit Thrush,7,4,Jul_W4,0.135443,790.0
Hermit Thrush,8,1,Aug_W1,0.0737018,597.0
Hermit Thrush,8,2,Aug_W2,0.0525526,666.0
Hermit Thrush,8,3,Aug_W3,0.0316302,822.0
Hermit Thrush,8,4,Aug_W4,0.0195904,1123.0
Hermit Thrush,9,1,Sep_W1,0.049505,909.0
Hermit Thrush,9,2,Sep_W2,0.0731452,957.0
Hermit Thrush,9,3,Sep_W3,0.0706127,963.0
Hermit Thrush,9,4,Sep_W4,0.1174805,1413.0
Hermit Thrush,10,1,Oct_W1,0.2479508,976.0
Hermit Thrush,10,2,Oct_W2,0.1917293,1330.0
Hermit Thrush,10,3,Oct_W3,0.0997204,1073.0
Hermit Thrush,10,4,Oct_W4,0.0293856,1123.0
Hermit Thrush,11,1,Nov_W1,0.0072886,686.0
Hermit Thrush,11,2,Nov_W2,0.0030211,662.0
Hermit Thrush,11,3,Nov_W3,0.0023364,428.0
Hermit Thrush,11,4,Nov_W4,0.0015,339.0
Hermit Thrush,12,1,Dec_W1,0.0,213.0
Hermit Thrush,12,2,Dec_W2,0.0,275.0
Hermit Thrush,12,3,Dec_W3,0.0,318.0
Hermit Thrush,12,4,Dec_W4,0.0010741,931.0
Wood Thrush,1,1,Jan_W1,0.0,1028.0
Wood Thrush,1,2,Jan_W2,0.0,995.0
Wood Thrush,1,3,Jan_W3,0.0,1544.0
Wood Thrush,1,4,Jan_W4,0.0,1414.0
Wood Thrush,2,1,Feb_W1,0.0,1431.0
Wood Thrush,2,2,Feb_W2,0.0,1915.0
Wood Thrush,2,3,Feb_W3,0.0,1788.0
Wood Thrush,2,4,Feb_W4,0.0,669.0
Wood Thrush,3,1,Mar_W1,0.0,543.0
Wood Thrush,3,2,Mar_W2,0.0,364.0
Wood Thrush,3,3,Mar_W3,0.0,681.0
Wood Thrush,3,4,Mar_W4,0.0,1015.0
Wood Thrush,4,1,Apr_W1,0.0,752.0
Wood Thrush,4,2,Apr_W2,0.0,1082.0
Wood Thrush,4,3,Apr_W3,0.0,1195.0
Wood Thrush,4,4,Apr_W4,0.0003591,2785.0
Wood Thrush,5,1,May_W1,0.0,1461.0
Wood Thrush,5,2,May_W2,0.0064286,1400.0
Wood Thrush,5,3,May_W3,0.0073314,2046.0
Wood Thrush,5,4,May_W4,0.0055795,3943.0
Wood Thrush,6,1,Jun_W1,0.0122739,1548.0
Wood Thrush,6,2,Jun_W2,0.0083721,1075.0
Wood Thrush,6,3,Jun_W3,0.0099368,1107.0
Wood Thrush,6,4,Jun_W4,0.0076118,1051.0
Wood Thrush,7,1,Jul_W1,0.0201258,795.0
Wood Thrush,7,2,Jul_W2,0.005137,584.0
Wood Thrush,7,3,Jul_W3,0.0037523,533.0
Wood Thrush,7,4,Jul_W4,0.0025316,790.0
Wood Thrush,8,1,Aug_W1,0.0033501,597.0
Wood Thrush,8,2,Aug_W2,0.0,666.0
Wood Thrush,8,3,Aug_W3,0.0012165,822.0
Wood Thrush,8,4,Aug_W4,0.0008905,1123.0
Wood Thrush,9,1,Sep_W1,0.0,909.0
Wood Thrush,9,2,Sep_W2,0.0,957.0
Wood Thrush,9,3,Sep_W3,0.0,963.0
Wood Thrush,9,4,Sep_W4,0.0007077,1413.0
Wood Thrush,10,1,Oct_W1,0.0,976.0
Wood Thrush,10,2,Oct_W2,0.0,1330.0
Wood Thrush,10,3,Oct_W3,0.0,1073.0
Wood Thrush,10,4,Oct_W4,0.0,1123.0
Wood Thrush,11,1,Nov_W1,0.0,686.0
Wood Thrush,11,2,Nov_W2,0.0,662.0
Wood Thrush,11,3,Nov_W3,0.0,428.0
Wood Thrush,11,4,Nov_W4,0.0,339.0
Wood Thrush,12,1,Dec_W1,0.0,213.0
Wood Thrush,12,2,Dec_W2,0.0,275.0
Wood Thrush,12,3,Dec_W3,0.0,318.0
Wood Thrush,12,4,Dec_W4,0.0,931.0
American Robin,1,1,Jan_W1,0.0107004,1028.0
American Robin,1,2,Jan_W2,0.0130653,995.0
American Robin,1,3,Jan_W3,0.0213731,1544.0
American Robin,1,4,Jan_W4,0.0247525,1414.0
American Robin,2,1,Feb_W1,0.0090846,1431.0
American Robin,2,2,Feb_W2,0.0125326,1915.0
American Robin,2,3,Feb_W3,0.0184564,1788.0
American Robin,2,4,Feb_W4,0.0179372,669.0
American Robin,3,1,Mar_W1,0.014733,543.0
American Robin,3,2,Mar_W2,0.0549451,364.0
American Robin,3,3,Mar_W3,0.0704846,681.0
American Robin,3,4,Mar_W4,0.1487685,1015.0
American Robin,4,1,Apr_W1,0.2526596,752.0
American Robin,4,2,Apr_W2,0.3207024,1082.0
American Robin,4,3,Apr_W3,0.3054393,1195.0
American Robin,4,4,Apr_W4,0.3145422,2785.0
American Robin,5,1,May_W1,0.3093771,1461.0
American Robin,5,2,May_W2,0.305,1400.0
American Robin,5,3,May_W3,0.3074291,2046.0
American Robin,5,4,May_W4,0.3378138,3943.0
American Robin,6,1,Jun_W1,0.3901809,1548.0
American Robin,6,2,Jun_W2,0.4483721,1075.0
American Robin,6,3,Jun_W3,0.4444444,1107.0
American Robin,6,4,Jun_W4,0.4072312,1051.0
American Robin,7,1,Jul_W1,0.4427673,795.0
American Robin,7,2,Jul_W2,0.4041096,584.0
American Robin,7,3,Jul_W3,0.3733583,533.0
American Robin,7,4,Jul_W4,0.3303797,790.0
American Robin,8,1,Aug_W1,0.3484087,597.0
American Robin,8,2,Aug_W2,0.2627628,666.0
American Robin,8,3,Aug_W3,0.2530414,822.0
American Robin,8,4,Aug_W4,0.2359751,1123.0
American Robin,9,1,Sep_W1,0.2706271,909.0
American Robin,9,2,Sep_W2,0.338558,957.0
American Robin,9,3,Sep_W3,0.3489097,963.0
American Robin,9,4,Sep_W4,0.3050248,1413.0
American Robin,10,1,Oct_W1,0.3237705,976.0
American Robin,10,2,Oct_W2,0.2511278,1330.0
American Robin,10,3,Oct_W3,0.2115564,1073.0
American Robin,10,4,Oct_W4,0.1380232,1123.0
American Robin,11,1,Nov_W1,0.0889213,686.0
American Robin,11,2,Nov_W2,0.0785498,662.0
American Robin,11,3,Nov_W3,0.0373832,428.0
American Robin,11,4,Nov_W4,0.0294985,339.0
American Robin,12,1,Dec_W1,0.028169,213.0
American Robin,12,2,Dec_W2,0.0145455,275.0
American Robin,12,3,Dec_W3,0.0220126,318.0
American Robin,12,4,Dec_W4,0.0204082,931.0
Northern Wheatear,1,1,Jan_W1,0.0,1028.0
Northern Wheatear,1,2,Jan_W2,0.0,995.0
Northern Wheatear,1,3,Jan_W3,0.0,1544.0
Northern Wheatear,1,4,Jan_W4,0.0,1414.0
Northern Wheatear,2,1,Feb_W1,0.0,1431.0
Northern Wheatear,2,2,Feb_W2,0.0,1915.0
Northern Wheatear,2,3,Feb_W3,0.0,1788.0
Northern Wheatear,2,4,Feb_W4,0.0,669.0
Northern Wheatear,3,1,Mar_W1,0.0,543.0
Northern Wheatear,3,2,Mar_W2,0.0,364.0
Northern Wheatear,3,3,Mar_W3,0.0,681.0
Northern Wheatear,3,4,Mar_W4,0.0,1015.0
Northern Wheatear,4,1,Apr_W1,0.0,752.0
Northern Wheatear,4,2,Apr_W2,0.0,1082.0
Northern Wheatear,4,3,Apr_W3,0.0,1195.0
Northern Wheatear,4,4,Apr_W4,0.0,2785.0
Northern Wheatear,5,1,May_W1,0.0,1461.0
Northern Wheatear,5,2,May_W2,0.0,1400.0
Northern Wheatear,5,3,May_W3,0.0,2046.0
Northern Wheatear,5,4,May_W4,0.0,3943.0
Northern Wheatear,6,1,Jun_W1,0.0,1548.0
Northern Wheatear,6,2,Jun_W2,0.0,1075.0
Northern Wheatear,6,3,Jun_W3,0.0,1107.0
Northern Wheatear,6,4,Jun_W4,0.0,1051.0
Northern Wheatear,7,1,Jul_W1,0.0,795.0
Northern Wheatear,7,2,Jul_W2,0.0,584.0
Northern Wheatear,7,3,Jul_W3,0.0,533.0
Northern Wheatear,7,4,Jul_W4,0.0,790.0
Northern Wheatear,8,1,Aug_W1,0.0,597.0
Northern Wheatear,8,2,Aug_W2,0.0,666.0
Northern Wheatear,8,3,Aug_W3,0.0,822.0
Northern Wheatear,8,4,Aug_W4,0.0,1123.0
Northern Wheatear,9,1,Sep_W1,0.0,909.0
Northern Wheatear,9,2,Sep_W2,0.0,957.0
Northern Wheatear,9,3,Sep_W3,0.0015,963.0
Northern Wheatear,9,4,Sep_W4,0.0,1413.0
Northern Wheatear,10,1,Oct_W1,0.0,976.0
Northern Wheatear,10,2,Oct_W2,0.0,1330.0
Northern Wheatear,10,3,Oct_W3,0.0,1073.0
Northern Wheatear,10,4,Oct_W4,0.0,1123.0
Northern Wheatear,11,1,Nov_W1,0.0,686.0
Northern Wheatear,11,2,Nov_W2,0.0,662.0
Northern Wheatear,11,3,Nov_W3,0.0,428.0
Northern Wheatear,11,4,Nov_W4,0.0,339.0
Northern Wheatear,12,1,Dec_W1,0.0,213.0
Northern Wheatear,12,2,Dec_W2,0.0,275.0
Northern Wheatear,12,3,Dec_W3,0.0,318.0
Northern Wheatear,12,4,Dec_W4,0.0,931.0
Bohemian Waxwing,1,1,Jan_W1,0.0846304,1028.0
Bohemian Waxwing,1,2,Jan_W2,0.0432161,995.0
Bohemian Waxwing,1,3,Jan_W3,0.0511658,1544.0
Bohemian Waxwing,1,4,Jan_W4,0.0650636,1414.0
Bohemian Waxwing,2,1,Feb_W1,0.0398323,1431.0
Bohemian Waxwing,2,2,Feb_W2,0.0537859,1915.0
Bohemian Waxwing,2,3,Feb_W3,0.0318792,1788.0
Bohemian Waxwing,2,4,Feb_W4,0.038864,669.0
Bohemian Waxwing,3,1,Mar_W1,0.0331492,543.0
Bohemian Waxwing,3,2,Mar_W2,0.0164835,364.0
Bohemian Waxwing,3,3,Mar_W3,0.0381791,681.0
Bohemian Waxwing,3,4,Mar_W4,0.0364532,1015.0
Bohemian Waxwing,4,1,Apr_W1,0.0385638,752.0
Bohemian Waxwing,4,2,Apr_W2,0.0499076,1082.0
Bohemian Waxwing,4,3,Apr_W3,0.0577406,1195.0
Bohemian Waxwing,4,4,Apr_W4,0.0219031,2785.0
Bohemian Waxwing,5,1,May_W1,0.0150582,1461.0
Bohemian Waxwing,5,2,May_W2,0.0107143,1400.0
Bohemian Waxwing,5,3,May_W3,0.0,2046.0
Bohemian Waxwing,5,4,May_W4,0.0002536,3943.0
Bohemian Waxwing,6,1,Jun_W1,0.0,1548.0
Bohemian Waxwing,6,2,Jun_W2,0.0,1075.0
Bohemian Waxwing,6,3,Jun_W3,0.0,1107.0
Bohemian Waxwing,6,4,Jun_W4,0.0,1051.0
Bohemian Waxwing,7,1,Jul_W1,0.0,795.0
Bohemian Waxwing,7,2,Jul_W2,0.0,584.0
Bohemian Waxwing,7,3,Jul_W3,0.0,533.0
Bohemian Waxwing,7,4,Jul_W4,0.0,790.0
Bohemian Waxwing,8,1,Aug_W1,0.0,597.0
Bohemian Waxwing,8,2,Aug_W2,0.0,666.0
Bohemian Waxwing,8,3,Aug_W3,0.0,822.0
Bohemian Waxwing,8,4,Aug_W4,0.0,1123.0
Bohemian Waxwing,9,1,Sep_W1,0.0015,909.0
Bohemian Waxwing,9,2,Sep_W2,0.0020899,957.0
Bohemian Waxwing,9,3,Sep_W3,0.0051921,963.0
Bohemian Waxwing,9,4,Sep_W4,0.009908,1413.0
Bohemian Waxwing,10,1,Oct_W1,0.0163934,976.0
Bohemian Waxwing,10,2,Oct_W2,0.0218045,1330.0
Bohemian Waxwing,10,3,Oct_W3,0.0205033,1073.0
Bohemian Waxwing,10,4,Oct_W4,0.0347284,1123.0
Bohemian Waxwing,11,1,Nov_W1,0.0772595,686.0
Bohemian Waxwing,11,2,Nov_W2,0.1359517,662.0
Bohemian Waxwing,11,3,Nov_W3,0.1074766,428.0
Bohemian Waxwing,11,4,Nov_W4,0.1061947,339.0
Bohemian Waxwing,12,1,Dec_W1,0.0798122,213.0
Bohemian Waxwing,12,2,Dec_W2,0.0727273,275.0
Bohemian Waxwing,12,3,Dec_W3,0.081761,318.0
Bohemian Waxwing,12,4,Dec_W4,0.0504834,931.0
Cedar Waxwing,1,1,Jan_W1,0.020428,1028.0
Cedar Waxwing,1,2,Jan_W2,0.0170854,995.0
Cedar Waxwing,1,3,Jan_W3,0.0123057,1544.0
Cedar Waxwing,1,4,Jan_W4,0.0106082,1414.0
Cedar Waxwing,2,1,Feb_W1,0.0174703,1431.0
Cedar Waxwing,2,2,Feb_W2,0.0125326,1915.0
Cedar Waxwing,2,3,Feb_W3,0.0067114,1788.0
Cedar Waxwing,2,4,Feb_W4,0.0074738,669.0
Cedar Waxwing,3,1,Mar_W1,0.0092081,543.0
Cedar Waxwing,3,2,Mar_W2,0.010989,364.0
Cedar Waxwing,3,3,Mar_W3,0.0058737,681.0
Cedar Waxwing,3,4,Mar_W4,0.0078818,1015.0
Cedar Waxwing,4,1,Apr_W1,0.0079787,752.0
Cedar Waxwing,4,2,Apr_W2,0.0064695,1082.0
Cedar Waxwing,4,3,Apr_W3,0.0025105,1195.0
Cedar Waxwing,4,4,Apr_W4,0.0043088,2785.0
Cedar Waxwing,5,1,May_W1,0.0061602,1461.0
Cedar Waxwing,5,2,May_W2,0.0042857,1400.0
Cedar Waxwing,5,3,May_W3,0.0395894,2046.0
Cedar Waxwing,5,4,May_W4,0.1810804,3943.0
Cedar Waxwing,6,1,Jun_W1,0.2332041,1548.0
Cedar Waxwing,6,2,Jun_W2,0.32,1075.0
Cedar Waxwing,6,3,Jun_W3,0.3089431,1107.0
Cedar Waxwing,6,4,Jun_W4,0.2901998,1051.0
Cedar Waxwing,7,1,Jul_W1,0.3333333,795.0
Cedar Waxwing,7,2,Jul_W2,0.380137,584.0
Cedar Waxwing,7,3,Jul_W3,0.3452158,533.0
Cedar Waxwing,7,4,Jul_W4,0.3329114,790.0
Cedar Waxwing,8,1,Aug_W1,0.318258,597.0
Cedar Waxwing,8,2,Aug_W2,0.3258258,666.0
Cedar Waxwing,8,3,Aug_W3,0.336983,822.0
Cedar Waxwing,8,4,Aug_W4,0.3232413,1123.0
Cedar Waxwing,9,1,Sep_W1,0.3278328,909.0
Cedar Waxwing,9,2,Sep_W2,0.2560084,957.0
Cedar Waxwing,9,3,Sep_W3,0.2087227,963.0
Cedar Waxwing,9,4,Sep_W4,0.1627742,1413.0
Cedar Waxwing,10,1,Oct_W1,0.1055328,976.0
Cedar Waxwing,10,2,Oct_W2,0.0676692,1330.0
Cedar Waxwing,10,3,Oct_W3,0.0382106,1073.0
Cedar Waxwing,10,4,Oct_W4,0.0142476,1123.0
Cedar Waxwing,11,1,Nov_W1,0.0306122,686.0
Cedar Waxwing,11,2,Nov_W2,0.0302115,662.0
Cedar Waxwing,11,3,Nov_W3,0.0186916,428.0
Cedar Waxwing,11,4,Nov_W4,0.0117994,339.0
Cedar Waxwing,12,1,Dec_W1,0.0234742,213.0
Cedar Waxwing,12,2,Dec_W2,0.0290909,275.0
Cedar Waxwing,12,3,Dec_W3,0.0157233,318.0
Cedar Waxwing,12,4,Dec_W4,0.037594,931.0
House Sparrow,1,1,Jan_W1,0.0214008,1028.0
House Sparrow,1,2,Jan_W2,0.0241206,995.0
House Sparrow,1,3,Jan_W3,0.0207254,1544.0
House Sparrow,1,4,Jan_W4,0.0205092,1414.0
House Sparrow,2,1,Feb_W1,0.0167715,1431.0
House Sparrow,2,2,Feb_W2,0.0208877,1915.0
House Sparrow,2,3,Feb_W3,0.0173378,1788.0
House Sparrow,2,4,Feb_W4,0.019432,669.0
House Sparrow,3,1,Mar_W1,0.0202578,543.0
House Sparrow,3,2,Mar_W2,0.0274725,364.0
House Sparrow,3,3,Mar_W3,0.0073421,681.0
House Sparrow,3,4,Mar_W4,0.0098522,1015.0
House Sparrow,4,1,Apr_W1,0.0119681,752.0
House Sparrow,4,2,Apr_W2,0.0073937,1082.0
House Sparrow,4,3,Apr_W3,0.0083682,1195.0
House Sparrow,4,4,Apr_W4,0.0100539,2785.0
House Sparrow,5,1,May_W1,0.0109514,1461.0
House Sparrow,5,2,May_W2,0.0071429,1400.0
House Sparrow,5,3,May_W3,0.0078201,2046.0
House Sparrow,5,4,May_W4,0.0172458,3943.0
House Sparrow,6,1,Jun_W1,0.0090439,1548.0
House Sparrow,6,2,Jun_W2,0.012093,1075.0
House Sparrow,6,3,Jun_W3,0.0045167,1107.0
House Sparrow,6,4,Jun_W4,0.0085633,1051.0
House Sparrow,7,1,Jul_W1,0.0075472,795.0
House Sparrow,7,2,Jul_W2,0.005137,584.0
House Sparrow,7,3,Jul_W3,0.0131332,533.0
House Sparrow,7,4,Jul_W4,0.0037975,790.0
House Sparrow,8,1,Aug_W1,0.0083752,597.0
House Sparrow,8,2,Aug_W2,0.0075075,666.0
House Sparrow,8,3,Aug_W3,0.0085158,822.0
House Sparrow,8,4,Aug_W4,0.0044524,1123.0
House Sparrow,9,1,Sep_W1,0.0077008,909.0
House Sparrow,9,2,Sep_W2,0.0031348,957.0
House Sparrow,9,3,Sep_W3,0.0093458,963.0
House Sparrow,9,4,Sep_W4,0.0162774,1413.0
House Sparrow,10,1,Oct_W1,0.0471311,976.0
House Sparrow,10,2,Oct_W2,0.0984962,1330.0
House Sparrow,10,3,Oct_W3,0.0736253,1073.0
House Sparrow,10,4,Oct_W4,0.0997329,1123.0
House Sparrow,11,1,Nov_W1,0.048105,686.0
House Sparrow,11,2,Nov_W2,0.0287009,662.0
House Sparrow,11,3,Nov_W3,0.0140187,428.0
House Sparrow,11,4,Nov_W4,0.0058997,339.0
House Sparrow,12,1,Dec_W1,0.0187793,213.0
House Sparrow,12,2,Dec_W2,0.0036364,275.0
House Sparrow,12,3,Dec_W3,0.0345912,318.0
House Sparrow,12,4,Dec_W4,0.0236305,931.0
Eurasian Tree Sparrow,1,1,Jan_W1,0.0,1028.0
Eurasian Tree Sparrow,1,2,Jan_W2,0.0,995.0
Eurasian Tree Sparrow,1,3,Jan_W3,0.0,1544.0
Eurasian Tree Sparrow,1,4,Jan_W4,0.0,1414.0
Eurasian Tree Sparrow,2,1,Feb_W1,0.0,1431.0
Eurasian Tree Sparrow,2,2,Feb_W2,0.0,1915.0
Eurasian Tree Sparrow,2,3,Feb_W3,0.0,1788.0
Eurasian Tree Sparrow,2,4,Feb_W4,0.0,669.0
Eurasian Tree Sparrow,3,1,Mar_W1,0.0,543.0
Eurasian Tree Sparrow,3,2,Mar_W2,0.0,364.0
Eurasian Tree Sparrow,3,3,Mar_W3,0.0,681.0
Eurasian Tree Sparrow,3,4,Mar_W4,0.0108374,1015.0
Eurasian Tree Sparrow,4,1,Apr_W1,0.0053191,752.0
Eurasian Tree Sparrow,4,2,Apr_W2,0.0101664,1082.0
Eurasian Tree Sparrow,4,3,Apr_W3,0.0158996,1195.0
Eurasian Tree Sparrow,4,4,Apr_W4,0.0172352,2785.0
Eurasian Tree Sparrow,5,1,May_W1,0.0184805,1461.0
Eurasian Tree Sparrow,5,2,May_W2,0.03,1400.0
Eurasian Tree Sparrow,5,3,May_W3,0.0317693,2046.0
Eurasian Tree Sparrow,5,4,May_W4,0.0507228,3943.0
Eurasian Tree Sparrow,6,1,Jun_W1,0.0626615,1548.0
Eurasian Tree Sparrow,6,2,Jun_W2,0.0093023,1075.0
Eurasian Tree Sparrow,6,3,Jun_W3,0.0108401,1107.0
Eurasian Tree Sparrow,6,4,Jun_W4,0.0038059,1051.0
Eurasian Tree Sparrow,7,1,Jul_W1,0.0050314,795.0
Eurasian Tree Sparrow,7,2,Jul_W2,0.0,584.0
Eurasian Tree Sparrow,7,3,Jul_W3,0.0,533.0
Eurasian Tree Sparrow,7,4,Jul_W4,0.0,790.0
Eurasian Tree Sparrow,8,1,Aug_W1,0.0,597.0
Eurasian Tree Sparrow,8,2,Aug_W2,0.0,666.0
Eurasian Tree Sparrow,8,3,Aug_W3,0.0,822.0
Eurasian Tree Sparrow,8,4,Aug_W4,0.0,1123.0
Eurasian Tree Sparrow,9,1,Sep_W1,0.0,909.0
Eurasian Tree Sparrow,9,2,Sep_W2,0.0,957.0
Eurasian Tree Sparrow,9,3,Sep_W3,0.0,963.0
Eurasian Tree Sparrow,9,4,Sep_W4,0.0,1413.0
Eurasian Tree Sparrow,10,1,Oct_W1,0.0,976.0
Eurasian Tree Sparrow,10,2,Oct_W2,0.0,1330.0
Eurasian Tree Sparrow,10,3,Oct_W3,0.0,1073.0
Eurasian Tree Sparrow,10,4,Oct_W4,0.0,1123.0
Eurasian Tree Sparrow,11,1,Nov_W1,0.0,686.0
Eurasian Tree Sparrow,11,2,Nov_W2,0.0,662.0
Eurasian Tree Sparrow,11,3,Nov_W3,0.0,428.0
Eurasian Tree Sparrow,11,4,Nov_W4,0.0,339.0
Eurasian Tree Sparrow,12,1,Dec_W1,0.0,213.0
Eurasian Tree Sparrow,12,2,Dec_W2,0.0,275.0
Eurasian Tree Sparrow,12,3,Dec_W3,0.0,318.0
Eurasian Tree Sparrow,12,4,Dec_W4,0.0,931.0
American Pipit,1,1,Jan_W1,0.0,1028.0
American Pipit,1,2,Jan_W2,0.0,995.0
American Pipit,1,3,Jan_W3,0.0,1544.0
American Pipit,1,4,Jan_W4,0.0,1414.0
American Pipit,2,1,Feb_W1,0.0,1431.0
American Pipit,2,2,Feb_W2,0.0,1915.0
American Pipit,2,3,Feb_W3,0.0,1788.0
American Pipit,2,4,Feb_W4,0.0,669.0
American Pipit,3,1,Mar_W1,0.0,543.0
American Pipit,3,2,Mar_W2,0.0,364.0
American Pipit,3,3,Mar_W3,0.0,681.0
American Pipit,3,4,Mar_W4,0.0,1015.0
American Pipit,4,1,Apr_W1,0.0,752.0
American Pipit,4,2,Apr_W2,0.0,1082.0
American Pipit,4,3,Apr_W3,0.0025105,1195.0
American Pipit,4,4,Apr_W4,0.0104129,2785.0
American Pipit,5,1,May_W1,0.091718,1461.0
American Pipit,5,2,May_W2,0.1585714,1400.0
American Pipit,5,3,May_W3,0.143695,2046.0
American Pipit,5,4,May_W4,0.094598,3943.0
American Pipit,6,1,Jun_W1,0.0096899,1548.0
American Pipit,6,2,Jun_W2,0.0055814,1075.0
American Pipit,6,3,Jun_W3,0.0018067,1107.0
American Pipit,6,4,Jun_W4,0.0009515,1051.0
American Pipit,7,1,Jul_W1,0.0012579,795.0
American Pipit,7,2,Jul_W2,0.0017123,584.0
American Pipit,7,3,Jul_W3,0.0018762,533.0
American Pipit,7,4,Jul_W4,0.0050633,790.0
American Pipit,8,1,Aug_W1,0.001675,597.0
American Pipit,8,2,Aug_W2,0.0015015,666.0
American Pipit,8,3,Aug_W3,0.0036496,822.0
American Pipit,8,4,Aug_W4,0.0293856,1123.0
American Pipit,9,1,Sep_W1,0.1342134,909.0
American Pipit,9,2,Sep_W2,0.2988506,957.0
American Pipit,9,3,Sep_W3,0.3520249,963.0
American Pipit,9,4,Sep_W4,0.398443,1413.0
American Pipit,10,1,Oct_W1,0.3340164,976.0
American Pipit,10,2,Oct_W2,0.3203008,1330.0
American Pipit,10,3,Oct_W3,0.2050326,1073.0
American Pipit,10,4,Oct_W4,0.1175423,1123.0
American Pipit,11,1,Nov_W1,0.0510204,686.0
American Pipit,11,2,Nov_W2,0.0151057,662.0
American Pipit,11,3,Nov_W3,0.0023364,428.0
American Pipit,11,4,Nov_W4,0.0,339.0
American Pipit,12,1,Dec_W1,0.0,213.0
American Pipit,12,2,Dec_W2,0.0,275.0
American Pipit,12,3,Dec_W3,0.0,318.0
American Pipit,12,4,Dec_W4,0.0,931.0
Sprague's Pipit,1,1,Jan_W1,0.0,1028.0
Sprague's Pipit,1,2,Jan_W2,0.0,995.0
Sprague's Pipit,1,3,Jan_W3,0.0,1544.0
Sprague's Pipit,1,4,Jan_W4,0.0,1414.0
Sprague's Pipit,2,1,Feb_W1,0.0,1431.0
Sprague's Pipit,2,2,Feb_W2,0.0,1915.0
Sprague's Pipit,2,3,Feb_W3,0.0,1788.0
Sprague's Pipit,2,4,Feb_W4,0.0,669.0
Sprague's Pipit,3,1,Mar_W1,0.0,543.0
Sprague's Pipit,3,2,Mar_W2,0.0,364.0
Sprague's Pipit,3,3,Mar_W3,0.0,681.0
Sprague's Pipit,3,4,Mar_W4,0.0,1015.0
Sprague's Pipit,4,1,Apr_W1,0.0,752.0
Sprague's Pipit,4,2,Apr_W2,0.0,1082.0
Sprague's Pipit,4,3,Apr_W3,0.0,1195.0
Sprague's Pipit,4,4,Apr_W4,0.0,2785.0
Sprague's Pipit,5,1,May_W1,0.0,1461.0
Sprague's Pipit,5,2,May_W2,0.0,1400.0
Sprague's Pipit,5,3,May_W3,0.0,2046.0
Sprague's Pipit,5,4,May_W4,0.0,3943.0
Sprague's Pipit,6,1,Jun_W1,0.0,1548.0
Sprague's Pipit,6,2,Jun_W2,0.0,1075.0
Sprague's Pipit,6,3,Jun_W3,0.0,1107.0
Sprague's Pipit,6,4,Jun_W4,0.0,1051.0
Sprague's Pipit,7,1,Jul_W1,0.0,795.0
Sprague's Pipit,7,2,Jul_W2,0.0,584.0
Sprague's Pipit,7,3,Jul_W3,0.0,533.0
Sprague's Pipit,7,4,Jul_W4,0.0,790.0
Sprague's Pipit,8,1,Aug_W1,0.0,597.0
Sprague's Pipit,8,2,Aug_W2,0.0,666.0
Sprague's Pipit,8,3,Aug_W3,0.0,822.0
Sprague's Pipit,8,4,Aug_W4,0.0,1123.0
Sprague's Pipit,9,1,Sep_W1,0.0,909.0
Sprague's Pipit,9,2,Sep_W2,0.0,957.0
Sprague's Pipit,9,3,Sep_W3,0.0,963.0
Sprague's Pipit,9,4,Sep_W4,0.0,1413.0
Sprague's Pipit,10,1,Oct_W1,0.0,976.0
Sprague's Pipit,10,2,Oct_W2,0.0,1330.0
Sprague's Pipit,10,3,Oct_W3,0.0,1073.0
Sprague's Pipit,10,4,Oct_W4,0.0008905,1123.0
Sprague's Pipit,11,1,Nov_W1,0.0131195,686.0
Sprague's Pipit,11,2,Nov_W2,0.0347432,662.0
Sprague's Pipit,11,3,Nov_W3,0.0,428.0
Sprague's Pipit,11,4,Nov_W4,0.0,339.0
Sprague's Pipit,12,1,Dec_W1,0.0,213.0
Sprague's Pipit,12,2,Dec_W2,0.0,275.0
Sprague's Pipit,12,3,Dec_W3,0.0,318.0
Sprague's Pipit,12,4,Dec_W4,0.0,931.0
Common Chaffinch,1,1,Jan_W1,0.0,1028.0
Common Chaffinch,1,2,Jan_W2,0.0,995.0
Common Chaffinch,1,3,Jan_W3,0.0,1544.0
Common Chaffinch,1,4,Jan_W4,0.0,1414.0
Common Chaffinch,2,1,Feb_W1,0.0,1431.0
Common Chaffinch,2,2,Feb_W2,0.0,1915.0
Common Chaffinch,2,3,Feb_W3,0.0,1788.0
Common Chaffinch,2,4,Feb_W4,0.0,669.0
Common Chaffinch,3,1,Mar_W1,0.0,543.0
Common Chaffinch,3,2,Mar_W2,0.0,364.0
Common Chaffinch,3,3,Mar_W3,0.0,681.0
Common Chaffinch,3,4,Mar_W4,0.0,1015.0
Common Chaffinch,4,1,Apr_W1,0.0,752.0
Common Chaffinch,4,2,Apr_W2,0.0,1082.0
Common Chaffinch,4,3,Apr_W3,0.0,1195.0
Common Chaffinch,4,4,Apr_W4,0.0,2785.0
Common Chaffinch,5,1,May_W1,0.0,1461.0
Common Chaffinch,5,2,May_W2,0.0,1400.0
Common Chaffinch,5,3,May_W3,0.0,2046.0
Common Chaffinch,5,4,May_W4,0.0002536,3943.0
Common Chaffinch,6,1,Jun_W1,0.0,1548.0
Common Chaffinch,6,2,Jun_W2,0.0,1075.0
Common Chaffinch,6,3,Jun_W3,0.0,1107.0
Common Chaffinch,6,4,Jun_W4,0.0,1051.0
Common Chaffinch,7,1,Jul_W1,0.0,795.0
Common Chaffinch,7,2,Jul_W2,0.0,584.0
Common Chaffinch,7,3,Jul_W3,0.0,533.0
Common Chaffinch,7,4,Jul_W4,0.0,790.0
Common Chaffinch,8,1,Aug_W1,0.0,597.0
Common Chaffinch,8,2,Aug_W2,0.0,666.0
Common Chaffinch,8,3,Aug_W3,0.0,822.0
Common Chaffinch,8,4,Aug_W4,0.0,1123.0
Common Chaffinch,9,1,Sep_W1,0.0,909.0
Common Chaffinch,9,2,Sep_W2,0.0,957.0
Common Chaffinch,9,3,Sep_W3,0.0,963.0
Common Chaffinch,9,4,Sep_W4,0.0,1413.0
Common Chaffinch,10,1,Oct_W1,0.0,976.0
Common Chaffinch,10,2,Oct_W2,0.0,1330.0
Common Chaffinch,10,3,Oct_W3,0.0,1073.0
Common Chaffinch,10,4,Oct_W4,0.0,1123.0
Common Chaffinch,11,1,Nov_W1,0.0,686.0
Common Chaffinch,11,2,Nov_W2,0.0,662.0
Common Chaffinch,11,3,Nov_W3,0.0,428.0
Common Chaffinch,11,4,Nov_W4,0.0,339.0
Common Chaffinch,12,1,Dec_W1,0.0,213.0
Common Chaffinch,12,2,Dec_W2,0.0,275.0
Common Chaffinch,12,3,Dec_W3,0.0,318.0
Common Chaffinch,12,4,Dec_W4,0.0,931.0
Evening Grosbeak,1,1,Jan_W1,0.0505837,1028.0
Evening Grosbeak,1,2,Jan_W2,0.039196,995.0
Evening Grosbeak,1,3,Jan_W3,0.0382124,1544.0
Evening Grosbeak,1,4,Jan_W4,0.0516266,1414.0
Evening Grosbeak,2,1,Feb_W1,0.0440252,1431.0
Evening Grosbeak,2,2,Feb_W2,0.0642298,1915.0
Evening Grosbeak,2,3,Feb_W3,0.0559284,1788.0
Evening Grosbeak,2,4,Feb_W4,0.0313901,669.0
Evening Grosbeak,3,1,Mar_W1,0.0368324,543.0
Evening Grosbeak,3,2,Mar_W2,0.021978,364.0
Evening Grosbeak,3,3,Mar_W3,0.0161527,681.0
Evening Grosbeak,3,4,Mar_W4,0.0108374,1015.0
Evening Grosbeak,4,1,Apr_W1,0.0119681,752.0
Evening Grosbeak,4,2,Apr_W2,0.0304991,1082.0
Evening Grosbeak,4,3,Apr_W3,0.0301255,1195.0
Evening Grosbeak,4,4,Apr_W4,0.043447,2785.0
Evening Grosbeak,5,1,May_W1,0.100616,1461.0
Evening Grosbeak,5,2,May_W2,0.1314286,1400.0
Evening Grosbeak,5,3,May_W3,0.0801564,2046.0
Evening Grosbeak,5,4,May_W4,0.1024601,3943.0
Evening Grosbeak,6,1,Jun_W1,0.0620155,1548.0
Evening Grosbeak,6,2,Jun_W2,0.0409302,1075.0
Evening Grosbeak,6,3,Jun_W3,0.0271003,1107.0
Evening Grosbeak,6,4,Jun_W4,0.0209324,1051.0
Evening Grosbeak,7,1,Jul_W1,0.0125786,795.0
Evening Grosbeak,7,2,Jul_W2,0.0136986,584.0
Evening Grosbeak,7,3,Jul_W3,0.0075047,533.0
Evening Grosbeak,7,4,Jul_W4,0.0177215,790.0
Evening Grosbeak,8,1,Aug_W1,0.0234506,597.0
Evening Grosbeak,8,2,Aug_W2,0.0075075,666.0
Evening Grosbeak,8,3,Aug_W3,0.0218978,822.0
Evening Grosbeak,8,4,Aug_W4,0.0160285,1123.0
Evening Grosbeak,9,1,Sep_W1,0.0077008,909.0
Evening Grosbeak,9,2,Sep_W2,0.0073145,957.0
Evening Grosbeak,9,3,Sep_W3,0.007269,963.0
Evening Grosbeak,9,4,Sep_W4,0.0106157,1413.0
Evening Grosbeak,10,1,Oct_W1,0.0122951,976.0
Evening Grosbeak,10,2,Oct_W2,0.0203008,1330.0
Evening Grosbeak,10,3,Oct_W3,0.0754893,1073.0
Evening Grosbeak,10,4,Oct_W4,0.1228851,1123.0
Evening Grosbeak,11,1,Nov_W1,0.1734694,686.0
Evening Grosbeak,11,2,Nov_W2,0.1510574,662.0
Evening Grosbeak,11,3,Nov_W3,0.1565421,428.0
Evening Grosbeak,11,4,Nov_W4,0.079646,339.0
Evening Grosbeak,12,1,Dec_W1,0.0328638,213.0
Evening Grosbeak,12,2,Dec_W2,0.0290909,275.0
Evening Grosbeak,12,3,Dec_W3,0.0283019,318.0
Evening Grosbeak,12,4,Dec_W4,0.0268528,931.0
Pine Grosbeak,1,1,Jan_W1,0.213035,1028.0
Pine Grosbeak,1,2,Jan_W2,0.2361809,995.0
Pine Grosbeak,1,3,Jan_W3,0.1981865,1544.0
Pine Grosbeak,1,4,Jan_W4,0.2213579,1414.0
Pine Grosbeak,2,1,Feb_W1,0.1663173,1431.0
Pine Grosbeak,2,2,Feb_W2,0.2245431,1915.0
Pine Grosbeak,2,3,Feb_W3,0.2136465,1788.0
Pine Grosbeak,2,4,Feb_W4,0.1778774,669.0
Pine Grosbeak,3,1,Mar_W1,0.1675875,543.0
Pine Grosbeak,3,2,Mar_W2,0.0934066,364.0
Pine Grosbeak,3,3,Mar_W3,0.1321586,681.0
Pine Grosbeak,3,4,Mar_W4,0.0650246,1015.0
Pine Grosbeak,4,1,Apr_W1,0.0279255,752.0
Pine Grosbeak,4,2,Apr_W2,0.0194085,1082.0
Pine Grosbeak,4,3,Apr_W3,0.0041841,1195.0
Pine Grosbeak,4,4,Apr_W4,0.0021544,2785.0
Pine Grosbeak,5,1,May_W1,0.0006845,1461.0
Pine Grosbeak,5,2,May_W2,0.0,1400.0
Pine Grosbeak,5,3,May_W3,0.0,2046.0
Pine Grosbeak,5,4,May_W4,0.0,3943.0
Pine Grosbeak,6,1,Jun_W1,0.0,1548.0
Pine Grosbeak,6,2,Jun_W2,0.0,1075.0
Pine Grosbeak,6,3,Jun_W3,0.0,1107.0
Pine Grosbeak,6,4,Jun_W4,0.0,1051.0
Pine Grosbeak,7,1,Jul_W1,0.0,795.0
Pine Grosbeak,7,2,Jul_W2,0.0,584.0
Pine Grosbeak,7,3,Jul_W3,0.0,533.0
Pine Grosbeak,7,4,Jul_W4,0.0,790.0
Pine Grosbeak,8,1,Aug_W1,0.0,597.0
Pine Grosbeak,8,2,Aug_W2,0.0,666.0
Pine Grosbeak,8,3,Aug_W3,0.0,822.0
Pine Grosbeak,8,4,Aug_W4,0.0,1123.0
Pine Grosbeak,9,1,Sep_W1,0.0,909.0
Pine Grosbeak,9,2,Sep_W2,0.0,957.0
Pine Grosbeak,9,3,Sep_W3,0.0,963.0
Pine Grosbeak,9,4,Sep_W4,0.0,1413.0
Pine Grosbeak,10,1,Oct_W1,0.0030738,976.0
Pine Grosbeak,10,2,Oct_W2,0.0022556,1330.0
Pine Grosbeak,10,3,Oct_W3,0.0158434,1073.0
Pine Grosbeak,10,4,Oct_W4,0.1148709,1123.0
Pine Grosbeak,11,1,Nov_W1,0.2463557,686.0
Pine Grosbeak,11,2,Nov_W2,0.2537764,662.0
Pine Grosbeak,11,3,Nov_W3,0.1728972,428.0
Pine Grosbeak,11,4,Nov_W4,0.1681416,339.0
Pine Grosbeak,12,1,Dec_W1,0.1314554,213.0
Pine Grosbeak,12,2,Dec_W2,0.1163636,275.0
Pine Grosbeak,12,3,Dec_W3,0.1257862,318.0
Pine Grosbeak,12,4,Dec_W4,0.1707841,931.0
Gray-crowned Rosy-Finch,1,1,Jan_W1,0.0,1028.0
Gray-crowned Rosy-Finch,1,2,Jan_W2,0.0,995.0
Gray-crowned Rosy-Finch,1,3,Jan_W3,0.0,1544.0
Gray-crowned Rosy-Finch,1,4,Jan_W4,0.0,1414.0
Gray-crowned Rosy-Finch,2,1,Feb_W1,0.0,1431.0
Gray-crowned Rosy-Finch,2,2,Feb_W2,0.0005222,1915.0
Gray-crowned Rosy-Finch,2,3,Feb_W3,0.0015,1788.0
Gray-crowned Rosy-Finch,2,4,Feb_W4,0.0,669.0
Gray-crowned Rosy-Finch,3,1,Mar_W1,0.0,543.0
Gray-crowned Rosy-Finch,3,2,Mar_W2,0.0,364.0
Gray-crowned Rosy-Finch,3,3,Mar_W3,0.0,681.0
Gray-crowned Rosy-Finch,3,4,Mar_W4,0.0,1015.0
Gray-crowned Rosy-Finch,4,1,Apr_W1,0.0,752.0
Gray-crowned Rosy-Finch,4,2,Apr_W2,0.0,1082.0
Gray-crowned Rosy-Finch,4,3,Apr_W3,0.0,1195.0
Gray-crowned Rosy-Finch,4,4,Apr_W4,0.0,2785.0
Gray-crowned Rosy-Finch,5,1,May_W1,0.0,1461.0
Gray-crowned Rosy-Finch,5,2,May_W2,0.0,1400.0
Gray-crowned Rosy-Finch,5,3,May_W3,0.0,2046.0
Gray-crowned Rosy-Finch,5,4,May_W4,0.0,3943.0
Gray-crowned Rosy-Finch,6,1,Jun_W1,0.0,1548.0
Gray-crowned Rosy-Finch,6,2,Jun_W2,0.0,1075.0
Gray-crowned Rosy-Finch,6,3,Jun_W3,0.0,1107.0
Gray-crowned Rosy-Finch,6,4,Jun_W4,0.0,1051.0
Gray-crowned Rosy-Finch,7,1,Jul_W1,0.0,795.0
Gray-crowned Rosy-Finch,7,2,Jul_W2,0.0,584.0
Gray-crowned Rosy-Finch,7,3,Jul_W3,0.0,533.0
Gray-crowned Rosy-Finch,7,4,Jul_W4,0.0,790.0
Gray-crowned Rosy-Finch,8,1,Aug_W1,0.0,597.0
Gray-crowned Rosy-Finch,8,2,Aug_W2,0.0,666.0
Gray-crowned Rosy-Finch,8,3,Aug_W3,0.0,822.0
Gray-crowned Rosy-Finch,8,4,Aug_W4,0.0,1123.0
Gray-crowned Rosy-Finch,9,1,Sep_W1,0.0,909.0
Gray-crowned Rosy-Finch,9,2,Sep_W2,0.0,957.0
Gray-crowned Rosy-Finch,9,3,Sep_W3,0.0,963.0
Gray-crowned Rosy-Finch,9,4,Sep_W4,0.0,1413.0
Gray-crowned Rosy-Finch,10,1,Oct_W1,0.0,976.0
Gray-crowned Rosy-Finch,10,2,Oct_W2,0.0,1330.0
Gray-crowned Rosy-Finch,10,3,Oct_W3,0.0,1073.0
Gray-crowned Rosy-Finch,10,4,Oct_W4,0.0,1123.0
Gray-crowned Rosy-Finch,11,1,Nov_W1,0.0,686.0
Gray-crowned Rosy-Finch,11,2,Nov_W2,0.0,662.0
Gray-crowned Rosy-Finch,11,3,Nov_W3,0.0,428.0
Gray-crowned Rosy-Finch,11,4,Nov_W4,0.0,339.0
Gray-crowned Rosy-Finch,12,1,Dec_W1,0.0,213.0
Gray-crowned Rosy-Finch,12,2,Dec_W2,0.0,275.0
Gray-crowned Rosy-Finch,12,3,Dec_W3,0.0,318.0
Gray-crowned Rosy-Finch,12,4,Dec_W4,0.0,931.0
House Finch,1,1,Jan_W1,0.0,1028.0
House Finch,1,2,Jan_W2,0.001005,995.0
House Finch,1,3,Jan_W3,0.0012953,1544.0
House Finch,1,4,Jan_W4,0.0035361,1414.0
House Finch,2,1,Feb_W1,0.0,1431.0
House Finch,2,2,Feb_W2,0.0010444,1915.0
House Finch,2,3,Feb_W3,0.0005593,1788.0
House Finch,2,4,Feb_W4,0.0059791,669.0
House Finch,3,1,Mar_W1,0.0073665,543.0
House Finch,3,2,Mar_W2,0.0027473,364.0
House Finch,3,3,Mar_W3,0.0,681.0
House Finch,3,4,Mar_W4,0.0009852,1015.0
House Finch,4,1,Apr_W1,0.0039894,752.0
House Finch,4,2,Apr_W2,0.0073937,1082.0
House Finch,4,3,Apr_W3,0.0158996,1195.0
House Finch,4,4,Apr_W4,0.0096948,2785.0
House Finch,5,1,May_W1,0.0068446,1461.0
House Finch,5,2,May_W2,0.0092857,1400.0
House Finch,5,3,May_W3,0.0043988,2046.0
House Finch,5,4,May_W4,0.0053259,3943.0
House Finch,6,1,Jun_W1,0.003876,1548.0
House Finch,6,2,Jun_W2,0.0083721,1075.0
House Finch,6,3,Jun_W3,0.0009033,1107.0
House Finch,6,4,Jun_W4,0.0038059,1051.0
House Finch,7,1,Jul_W1,0.0050314,795.0
House Finch,7,2,Jul_W2,0.0068493,584.0
House Finch,7,3,Jul_W3,0.0056285,533.0
House Finch,7,4,Jul_W4,0.0037975,790.0
House Finch,8,1,Aug_W1,0.0033501,597.0
House Finch,8,2,Aug_W2,0.0045045,666.0
House Finch,8,3,Aug_W3,0.0072993,822.0
House Finch,8,4,Aug_W4,0.0026714,1123.0
House Finch,9,1,Sep_W1,0.0044004,909.0
House Finch,9,2,Sep_W2,0.0020899,957.0
House Finch,9,3,Sep_W3,0.0051921,963.0
House Finch,9,4,Sep_W4,0.0070771,1413.0
House Finch,10,1,Oct_W1,0.0020492,976.0
House Finch,10,2,Oct_W2,0.0075188,1330.0
House Finch,10,3,Oct_W3,0.0037279,1073.0
House Finch,10,4,Oct_W4,0.0044524,1123.0
House Finch,11,1,Nov_W1,0.0014577,686.0
House Finch,11,2,Nov_W2,0.0015106,662.0
House Finch,11,3,Nov_W3,0.0023364,428.0
House Finch,11,4,Nov_W4,0.0015,339.0
House Finch,12,1,Dec_W1,0.0,213.0
House Finch,12,2,Dec_W2,0.0,275.0
House Finch,12,3,Dec_W3,0.0062893,318.0
House Finch,12,4,Dec_W4,0.0010741,931.0
Purple Finch,1,1,Jan_W1,0.036965,1028.0
Purple Finch,1,2,Jan_W2,0.0291457,995.0
Purple Finch,1,3,Jan_W3,0.0608808,1544.0
Purple Finch,1,4,Jan_W4,0.0424328,1414.0
Purple Finch,2,1,Feb_W1,0.059399,1431.0
Purple Finch,2,2,Feb_W2,0.0668407,1915.0
Purple Finch,2,3,Feb_W3,0.0587248,1788.0
Purple Finch,2,4,Feb_W4,0.0807175,669.0
Purple Finch,3,1,Mar_W1,0.0460405,543.0
Purple Finch,3,2,Mar_W2,0.032967,364.0
Purple Finch,3,3,Mar_W3,0.0381791,681.0
Purple Finch,3,4,Mar_W4,0.0413793,1015.0
Purple Finch,4,1,Apr_W1,0.0518617,752.0
Purple Finch,4,2,Apr_W2,0.0831793,1082.0
Purple Finch,4,3,Apr_W3,0.1732218,1195.0
Purple Finch,4,4,Apr_W4,0.2089767,2785.0
Purple Finch,5,1,May_W1,0.2457221,1461.0
Purple Finch,5,2,May_W2,0.225,1400.0
Purple Finch,5,3,May_W3,0.1173021,2046.0
Purple Finch,5,4,May_W4,0.0984022,3943.0
Purple Finch,6,1,Jun_W1,0.0768734,1548.0
Purple Finch,6,2,Jun_W2,0.0651163,1075.0
Purple Finch,6,3,Jun_W3,0.065944,1107.0
Purple Finch,6,4,Jun_W4,0.0723121,1051.0
Purple Finch,7,1,Jul_W1,0.0691824,795.0
Purple Finch,7,2,Jul_W2,0.0616438,584.0
Purple Finch,7,3,Jul_W3,0.0769231,533.0
Purple Finch,7,4,Jul_W4,0.0772152,790.0
Purple Finch,8,1,Aug_W1,0.0971524,597.0
Purple Finch,8,2,Aug_W2,0.1186186,666.0
Purple Finch,8,3,Aug_W3,0.1301703,822.0
Purple Finch,8,4,Aug_W4,0.1353517,1123.0
Purple Finch,9,1,Sep_W1,0.1111111,909.0
Purple Finch,9,2,Sep_W2,0.123302,957.0
Purple Finch,9,3,Sep_W3,0.0872274,963.0
Purple Finch,9,4,Sep_W4,0.1302194,1413.0
Purple Finch,10,1,Oct_W1,0.2213115,976.0
Purple Finch,10,2,Oct_W2,0.306015,1330.0
Purple Finch,10,3,Oct_W3,0.3625349,1073.0
Purple Finch,10,4,Oct_W4,0.3446126,1123.0
Purple Finch,11,1,Nov_W1,0.1953353,686.0
Purple Finch,11,2,Nov_W2,0.1722054,662.0
Purple Finch,11,3,Nov_W3,0.1051402,428.0
Purple Finch,11,4,Nov_W4,0.0619469,339.0
Purple Finch,12,1,Dec_W1,0.0375587,213.0
Purple Finch,12,2,Dec_W2,0.0145455,275.0
Purple Finch,12,3,Dec_W3,0.0188679,318.0
Purple Finch,12,4,Dec_W4,0.0257787,931.0
Redpoll,1,1,Jan_W1,0.1177043,1028.0
Redpoll,1,2,Jan_W2,0.1075377,995.0
Redpoll,1,3,Jan_W3,0.0945596,1544.0
Redpoll,1,4,Jan_W4,0.1251768,1414.0
Redpoll,2,1,Feb_W1,0.1369672,1431.0
Redpoll,2,2,Feb_W2,0.1577023,1915.0
Redpoll,2,3,Feb_W3,0.1828859,1788.0
Redpoll,2,4,Feb_W4,0.1958146,669.0
Redpoll,3,1,Mar_W1,0.1620626,543.0
Redpoll,3,2,Mar_W2,0.1950549,364.0
Redpoll,3,3,Mar_W3,0.2099853,681.0
Redpoll,3,4,Mar_W4,0.217734,1015.0
Redpoll,4,1,Apr_W1,0.1901596,752.0
Redpoll,4,2,Apr_W2,0.1802218,1082.0
Redpoll,4,3,Apr_W3,0.1313808,1195.0
Redpoll,4,4,Apr_W4,0.075763,2785.0
Redpoll,5,1,May_W1,0.0485969,1461.0
Redpoll,5,2,May_W2,0.0192857,1400.0
Redpoll,5,3,May_W3,0.0004888,2046.0
Redpoll,5,4,May_W4,0.0002536,3943.0
Redpoll,6,1,Jun_W1,0.0,1548.0
Redpoll,6,2,Jun_W2,0.0,1075.0
Redpoll,6,3,Jun_W3,0.0,1107.0
Redpoll,6,4,Jun_W4,0.0,1051.0
Redpoll,7,1,Jul_W1,0.0,795.0
Redpoll,7,2,Jul_W2,0.0,584.0
Redpoll,7,3,Jul_W3,0.0,533.0
Redpoll,7,4,Jul_W4,0.0,790.0
Redpoll,8,1,Aug_W1,0.0,597.0
Redpoll,8,2,Aug_W2,0.0,666.0
Redpoll,8,3,Aug_W3,0.0,822.0
Redpoll,8,4,Aug_W4,0.0017809,1123.0
Redpoll,9,1,Sep_W1,0.0011001,909.0
Redpoll,9,2,Sep_W2,0.0062696,957.0
Redpoll,9,3,Sep_W3,0.0041537,963.0
Redpoll,9,4,Sep_W4,0.0007077,1413.0
Redpoll,10,1,Oct_W1,0.0184426,976.0
Redpoll,10,2,Oct_W2,0.0323308,1330.0
Redpoll,10,3,Oct_W3,0.1034483,1073.0
Redpoll,10,4,Oct_W4,0.239537,1123.0
Redpoll,11,1,Nov_W1,0.3483965,686.0
Redpoll,11,2,Nov_W2,0.4108761,662.0
Redpoll,11,3,Nov_W3,0.271028,428.0
Redpoll,11,4,Nov_W4,0.1976401,339.0
Redpoll,12,1,Dec_W1,0.1455399,213.0
Redpoll,12,2,Dec_W2,0.0872727,275.0
Redpoll,12,3,Dec_W3,0.0943396,318.0
Redpoll,12,4,Dec_W4,0.112782,931.0
Red Crossbill,1,1,Jan_W1,0.0243191,1028.0
Red Crossbill,1,2,Jan_W2,0.0140704,995.0
Red Crossbill,1,3,Jan_W3,0.011658,1544.0
Red Crossbill,1,4,Jan_W4,0.0155587,1414.0
Red Crossbill,2,1,Feb_W1,0.022362,1431.0
Red Crossbill,2,2,Feb_W2,0.0255875,1915.0
Red Crossbill,2,3,Feb_W3,0.037472,1788.0
Red Crossbill,2,4,Feb_W4,0.0433483,669.0
Red Crossbill,3,1,Mar_W1,0.0349908,543.0
Red Crossbill,3,2,Mar_W2,0.032967,364.0
Red Crossbill,3,3,Mar_W3,0.0969163,681.0
Red Crossbill,3,4,Mar_W4,0.062069,1015.0
Red Crossbill,4,1,Apr_W1,0.0345745,752.0
Red Crossbill,4,2,Apr_W2,0.0443623,1082.0
Red Crossbill,4,3,Apr_W3,0.0276151,1195.0
Red Crossbill,4,4,Apr_W4,0.0506284,2785.0
Red Crossbill,5,1,May_W1,0.026694,1461.0
Red Crossbill,5,2,May_W2,0.0307143,1400.0
Red Crossbill,5,3,May_W3,0.0293255,2046.0
Red Crossbill,5,4,May_W4,0.0329698,3943.0
Red Crossbill,6,1,Jun_W1,0.0445736,1548.0
Red Crossbill,6,2,Jun_W2,0.0334884,1075.0
Red Crossbill,6,3,Jun_W3,0.0397471,1107.0
Red Crossbill,6,4,Jun_W4,0.0285442,1051.0
Red Crossbill,7,1,Jul_W1,0.036478,795.0
Red Crossbill,7,2,Jul_W2,0.0410959,584.0
Red Crossbill,7,3,Jul_W3,0.0412758,533.0
Red Crossbill,7,4,Jul_W4,0.0443038,790.0
Red Crossbill,8,1,Aug_W1,0.041876,597.0
Red Crossbill,8,2,Aug_W2,0.0465465,666.0
Red Crossbill,8,3,Aug_W3,0.1009732,822.0
Red Crossbill,8,4,Aug_W4,0.0783615,1123.0
Red Crossbill,9,1,Sep_W1,0.0869087,909.0
Red Crossbill,9,2,Sep_W2,0.0626959,957.0
Red Crossbill,9,3,Sep_W3,0.03946,963.0
Red Crossbill,9,4,Sep_W4,0.0552017,1413.0
Red Crossbill,10,1,Oct_W1,0.0809426,976.0
Red Crossbill,10,2,Oct_W2,0.0864662,1330.0
Red Crossbill,10,3,Oct_W3,0.1164958,1073.0
Red Crossbill,10,4,Oct_W4,0.1460374,1123.0
Red Crossbill,11,1,Nov_W1,0.1836735,686.0
Red Crossbill,11,2,Nov_W2,0.1933535,662.0
Red Crossbill,11,3,Nov_W3,0.1238318,428.0
Red Crossbill,11,4,Nov_W4,0.0737463,339.0
Red Crossbill,12,1,Dec_W1,0.0610329,213.0
Red Crossbill,12,2,Dec_W2,0.04,275.0
Red Crossbill,12,3,Dec_W3,0.0220126,318.0
Red Crossbill,12,4,Dec_W4,0.0107411,931.0
White-winged Crossbill,1,1,Jan_W1,0.0233463,1028.0
White-winged Crossbill,1,2,Jan_W2,0.0201005,995.0
White-winged Crossbill,1,3,Jan_W3,0.0252591,1544.0
White-winged Crossbill,1,4,Jan_W4,0.0226308,1414.0
White-winged Crossbill,2,1,Feb_W1,0.0195667,1431.0
White-winged Crossbill,2,2,Feb_W2,0.0234987,1915.0
White-winged Crossbill,2,3,Feb_W3,0.0240492,1788.0
White-winged Crossbill,2,4,Feb_W4,0.0373692,669.0
White-winged Crossbill,3,1,Mar_W1,0.0165746,543.0
White-winged Crossbill,3,2,Mar_W2,0.0192308,364.0
White-winged Crossbill,3,3,Mar_W3,0.0543319,681.0
White-winged Crossbill,3,4,Mar_W4,0.0325123,1015.0
White-winged Crossbill,4,1,Apr_W1,0.0212766,752.0
White-winged Crossbill,4,2,Apr_W2,0.0138632,1082.0
White-winged Crossbill,4,3,Apr_W3,0.0167364,1195.0
White-winged Crossbill,4,4,Apr_W4,0.0093357,2785.0
White-winged Crossbill,5,1,May_W1,0.008898,1461.0
White-winged Crossbill,5,2,May_W2,0.0135714,1400.0
White-winged Crossbill,5,3,May_W3,0.0127077,2046.0
White-winged Crossbill,5,4,May_W4,0.0114126,3943.0
White-winged Crossbill,6,1,Jun_W1,0.0071059,1548.0
White-winged Crossbill,6,2,Jun_W2,0.0027907,1075.0
White-winged Crossbill,6,3,Jun_W3,0.0063234,1107.0
White-winged Crossbill,6,4,Jun_W4,0.0028544,1051.0
White-winged Crossbill,7,1,Jul_W1,0.008805,795.0
White-winged Crossbill,7,2,Jul_W2,0.0119863,584.0
White-winged Crossbill,7,3,Jul_W3,0.0093809,533.0
White-winged Crossbill,7,4,Jul_W4,0.0050633,790.0
White-winged Crossbill,8,1,Aug_W1,0.0083752,597.0
White-winged Crossbill,8,2,Aug_W2,0.0075075,666.0
White-winged Crossbill,8,3,Aug_W3,0.0231144,822.0
White-winged Crossbill,8,4,Aug_W4,0.0204809,1123.0
White-winged Crossbill,9,1,Sep_W1,0.0176018,909.0
White-winged Crossbill,9,2,Sep_W2,0.0188088,957.0
White-winged Crossbill,9,3,Sep_W3,0.0051921,963.0
White-winged Crossbill,9,4,Sep_W4,0.019816,1413.0
White-winged Crossbill,10,1,Oct_W1,0.0297131,976.0
White-winged Crossbill,10,2,Oct_W2,0.0406015,1330.0
White-winged Crossbill,10,3,Oct_W3,0.0652377,1073.0
White-winged Crossbill,10,4,Oct_W4,0.0872663,1123.0
White-winged Crossbill,11,1,Nov_W1,0.1865889,686.0
White-winged Crossbill,11,2,Nov_W2,0.1858006,662.0
White-winged Crossbill,11,3,Nov_W3,0.0911215,428.0
White-winged Crossbill,11,4,Nov_W4,0.0678466,339.0
White-winged Crossbill,12,1,Dec_W1,0.056338,213.0
White-winged Crossbill,12,2,Dec_W2,0.0036364,275.0
White-winged Crossbill,12,3,Dec_W3,0.0157233,318.0
White-winged Crossbill,12,4,Dec_W4,0.0257787,931.0
Pine Siskin,1,1,Jan_W1,0.0272374,1028.0
Pine Siskin,1,2,Jan_W2,0.0261307,995.0
Pine Siskin,1,3,Jan_W3,0.0356218,1544.0
Pine Siskin,1,4,Jan_W4,0.0622348,1414.0
Pine Siskin,2,1,Feb_W1,0.0908456,1431.0
Pine Siskin,2,2,Feb_W2,0.1039164,1915.0
Pine Siskin,2,3,Feb_W3,0.0911633,1788.0
Pine Siskin,2,4,Feb_W4,0.1330344,669.0
Pine Siskin,3,1,Mar_W1,0.1197053,543.0
Pine Siskin,3,2,Mar_W2,0.1291209,364.0
Pine Siskin,3,3,Mar_W3,0.1292217,681.0
Pine Siskin,3,4,Mar_W4,0.129064,1015.0
Pine Siskin,4,1,Apr_W1,0.1143617,752.0
Pine Siskin,4,2,Apr_W2,0.1118299,1082.0
Pine Siskin,4,3,Apr_W3,0.1439331,1195.0
Pine Siskin,4,4,Apr_W4,0.161939,2785.0
Pine Siskin,5,1,May_W1,0.1800137,1461.0
Pine Siskin,5,2,May_W2,0.205,1400.0
Pine Siskin,5,3,May_W3,0.1769306,2046.0
Pine Siskin,5,4,May_W4,0.2074563,3943.0
Pine Siskin,6,1,Jun_W1,0.124031,1548.0
Pine Siskin,6,2,Jun_W2,0.0539535,1075.0
Pine Siskin,6,3,Jun_W3,0.031617,1107.0
Pine Siskin,6,4,Jun_W4,0.0142721,1051.0
Pine Siskin,7,1,Jul_W1,0.0339623,795.0
Pine Siskin,7,2,Jul_W2,0.0445205,584.0
Pine Siskin,7,3,Jul_W3,0.0300188,533.0
Pine Siskin,7,4,Jul_W4,0.0531646,790.0
Pine Siskin,8,1,Aug_W1,0.041876,597.0
Pine Siskin,8,2,Aug_W2,0.0465465,666.0
Pine Siskin,8,3,Aug_W3,0.1107056,822.0
Pine Siskin,8,4,Aug_W4,0.0899377,1123.0
Pine Siskin,9,1,Sep_W1,0.1452145,909.0
Pine Siskin,9,2,Sep_W2,0.1828631,957.0
Pine Siskin,9,3,Sep_W3,0.2222222,963.0
Pine Siskin,9,4,Sep_W4,0.2830856,1413.0
Pine Siskin,10,1,Oct_W1,0.3206967,976.0
Pine Siskin,10,2,Oct_W2,0.3699248,1330.0
Pine Siskin,10,3,Oct_W3,0.3839702,1073.0
Pine Siskin,10,4,Oct_W4,0.349065,1123.0
Pine Siskin,11,1,Nov_W1,0.3221574,686.0
Pine Siskin,11,2,Nov_W2,0.2749245,662.0
Pine Siskin,11,3,Nov_W3,0.1682243,428.0
Pine Siskin,11,4,Nov_W4,0.0530973,339.0
Pine Siskin,12,1,Dec_W1,0.0375587,213.0
Pine Siskin,12,2,Dec_W2,0.04,275.0
Pine Siskin,12,3,Dec_W3,0.0314465,318.0
Pine Siskin,12,4,Dec_W4,0.019334,931.0
American Goldfinch,1,1,Jan_W1,0.1381323,1028.0
American Goldfinch,1,2,Jan_W2,0.1236181,995.0
American Goldfinch,1,3,Jan_W3,0.1534974,1544.0
American Goldfinch,1,4,Jan_W4,0.1386139,1414.0
American Goldfinch,2,1,Feb_W1,0.1362683,1431.0
American Goldfinch,2,2,Feb_W2,0.1629243,1915.0
American Goldfinch,2,3,Feb_W3,0.1717002,1788.0
American Goldfinch,2,4,Feb_W4,0.1763827,669.0
American Goldfinch,3,1,Mar_W1,0.1731123,543.0
American Goldfinch,3,2,Mar_W2,0.1510989,364.0
American Goldfinch,3,3,Mar_W3,0.0792952,681.0
American Goldfinch,3,4,Mar_W4,0.070936,1015.0
American Goldfinch,4,1,Apr_W1,0.0757979,752.0
American Goldfinch,4,2,Apr_W2,0.0739372,1082.0
American Goldfinch,4,3,Apr_W3,0.0694561,1195.0
American Goldfinch,4,4,Apr_W4,0.0836625,2785.0
American Goldfinch,5,1,May_W1,0.1457906,1461.0
American Goldfinch,5,2,May_W2,0.2392857,1400.0
American Goldfinch,5,3,May_W3,0.244868,2046.0
American Goldfinch,5,4,May_W4,0.2751712,3943.0
American Goldfinch,6,1,Jun_W1,0.2099483,1548.0
American Goldfinch,6,2,Jun_W2,0.1860465,1075.0
American Goldfinch,6,3,Jun_W3,0.1960253,1107.0
American Goldfinch,6,4,Jun_W4,0.1712655,1051.0
American Goldfinch,7,1,Jul_W1,0.1798742,795.0
American Goldfinch,7,2,Jul_W2,0.1849315,584.0
American Goldfinch,7,3,Jul_W3,0.1726079,533.0
American Goldfinch,7,4,Jul_W4,0.1670886,790.0
American Goldfinch,8,1,Aug_W1,0.160804,597.0
American Goldfinch,8,2,Aug_W2,0.2102102,666.0
American Goldfinch,8,3,Aug_W3,0.296837,822.0
American Goldfinch,8,4,Aug_W4,0.237756,1123.0
American Goldfinch,9,1,Sep_W1,0.1727173,909.0
American Goldfinch,9,2,Sep_W2,0.1650993,957.0
American Goldfinch,9,3,Sep_W3,0.1619938,963.0
American Goldfinch,9,4,Sep_W4,0.1464968,1413.0
American Goldfinch,10,1,Oct_W1,0.164959,976.0
American Goldfinch,10,2,Oct_W2,0.075188,1330.0
American Goldfinch,10,3,Oct_W3,0.0913327,1073.0
American Goldfinch,10,4,Oct_W4,0.3036509,1123.0
American Goldfinch,11,1,Nov_W1,0.425656,686.0
American Goldfinch,11,2,Nov_W2,0.3776435,662.0
American Goldfinch,11,3,Nov_W3,0.2313084,428.0
American Goldfinch,11,4,Nov_W4,0.1769912,339.0
American Goldfinch,12,1,Dec_W1,0.2253521,213.0
American Goldfinch,12,2,Dec_W2,0.1963636,275.0
American Goldfinch,12,3,Dec_W3,0.1509434,318.0
American Goldfinch,12,4,Dec_W4,0.1213749,931.0
Lapland Longspur,1,1,Jan_W1,0.0068093,1028.0
Lapland Longspur,1,2,Jan_W2,0.0050251,995.0
Lapland Longspur,1,3,Jan_W3,0.0071244,1544.0
Lapland Longspur,1,4,Jan_W4,0.0042433,1414.0
Lapland Longspur,2,1,Feb_W1,0.0034941,1431.0
Lapland Longspur,2,2,Feb_W2,0.0062663,1915.0
Lapland Longspur,2,3,Feb_W3,0.0067114,1788.0
Lapland Longspur,2,4,Feb_W4,0.0014948,669.0
Lapland Longspur,3,1,Mar_W1,0.0018416,543.0
Lapland Longspur,3,2,Mar_W2,0.0027473,364.0
Lapland Longspur,3,3,Mar_W3,0.0,681.0
Lapland Longspur,3,4,Mar_W4,0.0019704,1015.0
Lapland Longspur,4,1,Apr_W1,0.0013298,752.0
Lapland Longspur,4,2,Apr_W2,0.0055453,1082.0
Lapland Longspur,4,3,Apr_W3,0.0493724,1195.0
Lapland Longspur,4,4,Apr_W4,0.0391382,2785.0
Lapland Longspur,5,1,May_W1,0.0540726,1461.0
Lapland Longspur,5,2,May_W2,0.05,1400.0
Lapland Longspur,5,3,May_W3,0.0293255,2046.0
Lapland Longspur,5,4,May_W4,0.0142024,3943.0
Lapland Longspur,6,1,Jun_W1,0.0,1548.0
Lapland Longspur,6,2,Jun_W2,0.0,1075.0
Lapland Longspur,6,3,Jun_W3,0.0,1107.0
Lapland Longspur,6,4,Jun_W4,0.0,1051.0
Lapland Longspur,7,1,Jul_W1,0.0,795.0
Lapland Longspur,7,2,Jul_W2,0.0,584.0
Lapland Longspur,7,3,Jul_W3,0.0,533.0
Lapland Longspur,7,4,Jul_W4,0.0,790.0
Lapland Longspur,8,1,Aug_W1,0.0,597.0
Lapland Longspur,8,2,Aug_W2,0.0,666.0
Lapland Longspur,8,3,Aug_W3,0.0,822.0
Lapland Longspur,8,4,Aug_W4,0.0,1123.0
Lapland Longspur,9,1,Sep_W1,0.0264026,909.0
Lapland Longspur,9,2,Sep_W2,0.0856844,957.0
Lapland Longspur,9,3,Sep_W3,0.2429907,963.0
Lapland Longspur,9,4,Sep_W4,0.2547771,1413.0
Lapland Longspur,10,1,Oct_W1,0.2930328,976.0
Lapland Longspur,10,2,Oct_W2,0.3233083,1330.0
Lapland Longspur,10,3,Oct_W3,0.3000932,1073.0
Lapland Longspur,10,4,Oct_W4,0.1923419,1123.0
Lapland Longspur,11,1,Nov_W1,0.1195335,686.0
Lapland Longspur,11,2,Nov_W2,0.081571,662.0
Lapland Longspur,11,3,Nov_W3,0.046729,428.0
Lapland Longspur,11,4,Nov_W4,0.0029499,339.0
Lapland Longspur,12,1,Dec_W1,0.0046948,213.0
Lapland Longspur,12,2,Dec_W2,0.0145455,275.0
Lapland Longspur,12,3,Dec_W3,0.0125786,318.0
Lapland Longspur,12,4,Dec_W4,0.0064447,931.0
Chestnut-collared Longspur,1,1,Jan_W1,0.0,1028.0
Chestnut-collared Longspur,1,2,Jan_W2,0.0,995.0
Chestnut-collared Longspur,1,3,Jan_W3,0.0,1544.0
Chestnut-collared Longspur,1,4,Jan_W4,0.0,1414.0
Chestnut-collared Longspur,2,1,Feb_W1,0.0,1431.0
Chestnut-collared Longspur,2,2,Feb_W2,0.0,1915.0
Chestnut-collared Longspur,2,3,Feb_W3,0.0,1788.0
Chestnut-collared Longspur,2,4,Feb_W4,0.0,669.0
Chestnut-collared Longspur,3,1,Mar_W1,0.0,543.0
Chestnut-collared Longspur,3,2,Mar_W2,0.0,364.0
Chestnut-collared Longspur,3,3,Mar_W3,0.0,681.0
Chestnut-collared Longspur,3,4,Mar_W4,0.0,1015.0
Chestnut-collared Longspur,4,1,Apr_W1,0.0,752.0
Chestnut-collared Longspur,4,2,Apr_W2,0.0,1082.0
Chestnut-collared Longspur,4,3,Apr_W3,0.0,1195.0
Chestnut-collared Longspur,4,4,Apr_W4,0.0,2785.0
Chestnut-collared Longspur,5,1,May_W1,0.0,1461.0
Chestnut-collared Longspur,5,2,May_W2,0.0,1400.0
Chestnut-collared Longspur,5,3,May_W3,0.0015,2046.0
Chestnut-collared Longspur,5,4,May_W4,0.0,3943.0
Chestnut-collared Longspur,6,1,Jun_W1,0.0015,1548.0
Chestnut-collared Longspur,6,2,Jun_W2,0.0,1075.0
Chestnut-collared Longspur,6,3,Jun_W3,0.0,1107.0
Chestnut-collared Longspur,6,4,Jun_W4,0.0,1051.0
Chestnut-collared Longspur,7,1,Jul_W1,0.0,795.0
Chestnut-collared Longspur,7,2,Jul_W2,0.0,584.0
Chestnut-collared Longspur,7,3,Jul_W3,0.0,533.0
Chestnut-collared Longspur,7,4,Jul_W4,0.0,790.0
Chestnut-collared Longspur,8,1,Aug_W1,0.0,597.0
Chestnut-collared Longspur,8,2,Aug_W2,0.0,666.0
Chestnut-collared Longspur,8,3,Aug_W3,0.0,822.0
Chestnut-collared Longspur,8,4,Aug_W4,0.0,1123.0
Chestnut-collared Longspur,9,1,Sep_W1,0.0,909.0
Chestnut-collared Longspur,9,2,Sep_W2,0.0,957.0
Chestnut-collared Longspur,9,3,Sep_W3,0.0,963.0
Chestnut-collared Longspur,9,4,Sep_W4,0.0,1413.0
Chestnut-collared Longspur,10,1,Oct_W1,0.0,976.0
Chestnut-collared Longspur,10,2,Oct_W2,0.0210526,1330.0
Chestnut-collared Longspur,10,3,Oct_W3,0.0,1073.0
Chestnut-collared Longspur,10,4,Oct_W4,0.0015,1123.0
Chestnut-collared Longspur,11,1,Nov_W1,0.0,686.0
Chestnut-collared Longspur,11,2,Nov_W2,0.0,662.0
Chestnut-collared Longspur,11,3,Nov_W3,0.0,428.0
Chestnut-collared Longspur,11,4,Nov_W4,0.0,339.0
Chestnut-collared Longspur,12,1,Dec_W1,0.0,213.0
Chestnut-collared Longspur,12,2,Dec_W2,0.0,275.0
Chestnut-collared Longspur,12,3,Dec_W3,0.0,318.0
Chestnut-collared Longspur,12,4,Dec_W4,0.0,931.0
Smith's Longspur,1,1,Jan_W1,0.0,1028.0
Smith's Longspur,1,2,Jan_W2,0.0,995.0
Smith's Longspur,1,3,Jan_W3,0.0,1544.0
Smith's Longspur,1,4,Jan_W4,0.0,1414.0
Smith's Longspur,2,1,Feb_W1,0.0,1431.0
Smith's Longspur,2,2,Feb_W2,0.0,1915.0
Smith's Longspur,2,3,Feb_W3,0.0,1788.0
Smith's Longspur,2,4,Feb_W4,0.0,669.0
Smith's Longspur,3,1,Mar_W1,0.0,543.0
Smith's Longspur,3,2,Mar_W2,0.0,364.0
Smith's Longspur,3,3,Mar_W3,0.0,681.0
Smith's Longspur,3,4,Mar_W4,0.0,1015.0
Smith's Longspur,4,1,Apr_W1,0.0,752.0
Smith's Longspur,4,2,Apr_W2,0.0,1082.0
Smith's Longspur,4,3,Apr_W3,0.0,1195.0
Smith's Longspur,4,4,Apr_W4,0.0,2785.0
Smith's Longspur,5,1,May_W1,0.0,1461.0
Smith's Longspur,5,2,May_W2,0.0,1400.0
Smith's Longspur,5,3,May_W3,0.0,2046.0
Smith's Longspur,5,4,May_W4,0.0002536,3943.0
Smith's Longspur,6,1,Jun_W1,0.0,1548.0
Smith's Longspur,6,2,Jun_W2,0.0,1075.0
Smith's Longspur,6,3,Jun_W3,0.0,1107.0
Smith's Longspur,6,4,Jun_W4,0.0,1051.0
Smith's Longspur,7,1,Jul_W1,0.0,795.0
Smith's Longspur,7,2,Jul_W2,0.0,584.0
Smith's Longspur,7,3,Jul_W3,0.0,533.0
Smith's Longspur,7,4,Jul_W4,0.0,790.0
Smith's Longspur,8,1,Aug_W1,0.0,597.0
Smith's Longspur,8,2,Aug_W2,0.0,666.0
Smith's Longspur,8,3,Aug_W3,0.0,822.0
Smith's Longspur,8,4,Aug_W4,0.0,1123.0
Smith's Longspur,9,1,Sep_W1,0.0176018,909.0
Smith's Longspur,9,2,Sep_W2,0.031348,957.0
Smith's Longspur,9,3,Sep_W3,0.0020768,963.0
Smith's Longspur,9,4,Sep_W4,0.0015,1413.0
Smith's Longspur,10,1,Oct_W1,0.0,976.0
Smith's Longspur,10,2,Oct_W2,0.0007519,1330.0
Smith's Longspur,10,3,Oct_W3,0.0,1073.0
Smith's Longspur,10,4,Oct_W4,0.0,1123.0
Smith's Longspur,11,1,Nov_W1,0.0,686.0
Smith's Longspur,11,2,Nov_W2,0.0,662.0
Smith's Longspur,11,3,Nov_W3,0.0,428.0
Smith's Longspur,11,4,Nov_W4,0.0,339.0
Smith's Longspur,12,1,Dec_W1,0.0,213.0
Smith's Longspur,12,2,Dec_W2,0.0,275.0
Smith's Longspur,12,3,Dec_W3,0.0,318.0
Smith's Longspur,12,4,Dec_W4,0.0,931.0
Thick-billed Longspur,1,1,Jan_W1,0.0,1028.0
Thick-billed Longspur,1,2,Jan_W2,0.0,995.0
Thick-billed Longspur,1,3,Jan_W3,0.0,1544.0
Thick-billed Longspur,1,4,Jan_W4,0.0,1414.0
Thick-billed Longspur,2,1,Feb_W1,0.0,1431.0
Thick-billed Longspur,2,2,Feb_W2,0.0,1915.0
Thick-billed Longspur,2,3,Feb_W3,0.0,1788.0
Thick-billed Longspur,2,4,Feb_W4,0.0,669.0
Thick-billed Longspur,3,1,Mar_W1,0.0,543.0
Thick-billed Longspur,3,2,Mar_W2,0.0,364.0
Thick-billed Longspur,3,3,Mar_W3,0.0,681.0
Thick-billed Longspur,3,4,Mar_W4,0.0,1015.0
Thick-billed Longspur,4,1,Apr_W1,0.0,752.0
Thick-billed Longspur,4,2,Apr_W2,0.0,1082.0
Thick-billed Longspur,4,3,Apr_W3,0.0,1195.0
Thick-billed Longspur,4,4,Apr_W4,0.0,2785.0
Thick-billed Longspur,5,1,May_W1,0.0,1461.0
Thick-billed Longspur,5,2,May_W2,0.0,1400.0
Thick-billed Longspur,5,3,May_W3,0.0,2046.0
Thick-billed Longspur,5,4,May_W4,0.0002536,3943.0
Thick-billed Longspur,6,1,Jun_W1,0.0,1548.0
Thick-billed Longspur,6,2,Jun_W2,0.0,1075.0
Thick-billed Longspur,6,3,Jun_W3,0.0,1107.0
Thick-billed Longspur,6,4,Jun_W4,0.0,1051.0
Thick-billed Longspur,7,1,Jul_W1,0.0,795.0
Thick-billed Longspur,7,2,Jul_W2,0.0,584.0
Thick-billed Longspur,7,3,Jul_W3,0.0,533.0
Thick-billed Longspur,7,4,Jul_W4,0.0,790.0
Thick-billed Longspur,8,1,Aug_W1,0.0,597.0
Thick-billed Longspur,8,2,Aug_W2,0.0,666.0
Thick-billed Longspur,8,3,Aug_W3,0.0,822.0
Thick-billed Longspur,8,4,Aug_W4,0.0,1123.0
Thick-billed Longspur,9,1,Sep_W1,0.0,909.0
Thick-billed Longspur,9,2,Sep_W2,0.0,957.0
Thick-billed Longspur,9,3,Sep_W3,0.0,963.0
Thick-billed Longspur,9,4,Sep_W4,0.0,1413.0
Thick-billed Longspur,10,1,Oct_W1,0.0,976.0
Thick-billed Longspur,10,2,Oct_W2,0.0,1330.0
Thick-billed Longspur,10,3,Oct_W3,0.0,1073.0
Thick-billed Longspur,10,4,Oct_W4,0.0,1123.0
Thick-billed Longspur,11,1,Nov_W1,0.0,686.0
Thick-billed Longspur,11,2,Nov_W2,0.0,662.0
Thick-billed Longspur,11,3,Nov_W3,0.0,428.0
Thick-billed Longspur,11,4,Nov_W4,0.0,339.0
Thick-billed Longspur,12,1,Dec_W1,0.0,213.0
Thick-billed Longspur,12,2,Dec_W2,0.0,275.0
Thick-billed Longspur,12,3,Dec_W3,0.0,318.0
Thick-billed Longspur,12,4,Dec_W4,0.0,931.0
Snow Bunting,1,1,Jan_W1,0.0787938,1028.0
Snow Bunting,1,2,Jan_W2,0.0773869,995.0
Snow Bunting,1,3,Jan_W3,0.0848446,1544.0
Snow Bunting,1,4,Jan_W4,0.0799151,1414.0
Snow Bunting,2,1,Feb_W1,0.0726765,1431.0
Snow Bunting,2,2,Feb_W2,0.0772846,1915.0
Snow Bunting,2,3,Feb_W3,0.0693512,1788.0
Snow Bunting,2,4,Feb_W4,0.0896861,669.0
Snow Bunting,3,1,Mar_W1,0.0773481,543.0
Snow Bunting,3,2,Mar_W2,0.0824176,364.0
Snow Bunting,3,3,Mar_W3,0.0895742,681.0
Snow Bunting,3,4,Mar_W4,0.0955665,1015.0
Snow Bunting,4,1,Apr_W1,0.0970745,752.0
Snow Bunting,4,2,Apr_W2,0.0693161,1082.0
Snow Bunting,4,3,Apr_W3,0.1029289,1195.0
Snow Bunting,4,4,Apr_W4,0.0545781,2785.0
Snow Bunting,5,1,May_W1,0.026694,1461.0
Snow Bunting,5,2,May_W2,0.0071429,1400.0
Snow Bunting,5,3,May_W3,0.0014663,2046.0
Snow Bunting,5,4,May_W4,0.0002536,3943.0
Snow Bunting,6,1,Jun_W1,0.0,1548.0
Snow Bunting,6,2,Jun_W2,0.0,1075.0
Snow Bunting,6,3,Jun_W3,0.0,1107.0
Snow Bunting,6,4,Jun_W4,0.0,1051.0
Snow Bunting,7,1,Jul_W1,0.0,795.0
Snow Bunting,7,2,Jul_W2,0.0,584.0
Snow Bunting,7,3,Jul_W3,0.0,533.0
Snow Bunting,7,4,Jul_W4,0.0,790.0
Snow Bunting,8,1,Aug_W1,0.0,597.0
Snow Bunting,8,2,Aug_W2,0.0,666.0
Snow Bunting,8,3,Aug_W3,0.0,822.0
Snow Bunting,8,4,Aug_W4,0.0,1123.0
Snow Bunting,9,1,Sep_W1,0.0,909.0
Snow Bunting,9,2,Sep_W2,0.0,957.0
Snow Bunting,9,3,Sep_W3,0.0,963.0
Snow Bunting,9,4,Sep_W4,0.0015,1413.0
Snow Bunting,10,1,Oct_W1,0.005123,976.0
Snow Bunting,10,2,Oct_W2,0.0556391,1330.0
Snow Bunting,10,3,Oct_W3,0.2600186,1073.0
Snow Bunting,10,4,Oct_W4,0.4550312,1123.0
Snow Bunting,11,1,Nov_W1,0.5087464,686.0
Snow Bunting,11,2,Nov_W2,0.4607251,662.0
Snow Bunting,11,3,Nov_W3,0.2406542,428.0
Snow Bunting,11,4,Nov_W4,0.1120944,339.0
Snow Bunting,12,1,Dec_W1,0.0751174,213.0
Snow Bunting,12,2,Dec_W2,0.0945455,275.0
Snow Bunting,12,3,Dec_W3,0.0849057,318.0
Snow Bunting,12,4,Dec_W4,0.0773362,931.0
Grasshopper Sparrow,1,1,Jan_W1,0.0,1028.0
Grasshopper Sparrow,1,2,Jan_W2,0.0,995.0
Grasshopper Sparrow,1,3,Jan_W3,0.0,1544.0
Grasshopper Sparrow,1,4,Jan_W4,0.0,1414.0
Grasshopper Sparrow,2,1,Feb_W1,0.0,1431.0
Grasshopper Sparrow,2,2,Feb_W2,0.0,1915.0
Grasshopper Sparrow,2,3,Feb_W3,0.0,1788.0
Grasshopper Sparrow,2,4,Feb_W4,0.0,669.0
Grasshopper Sparrow,3,1,Mar_W1,0.0,543.0
Grasshopper Sparrow,3,2,Mar_W2,0.0,364.0
Grasshopper Sparrow,3,3,Mar_W3,0.0,681.0
Grasshopper Sparrow,3,4,Mar_W4,0.0,1015.0
Grasshopper Sparrow,4,1,Apr_W1,0.0,752.0
Grasshopper Sparrow,4,2,Apr_W2,0.0,1082.0
Grasshopper Sparrow,4,3,Apr_W3,0.0,1195.0
Grasshopper Sparrow,4,4,Apr_W4,0.0,2785.0
Grasshopper Sparrow,5,1,May_W1,0.0,1461.0
Grasshopper Sparrow,5,2,May_W2,0.0,1400.0
Grasshopper Sparrow,5,3,May_W3,0.0009775,2046.0
Grasshopper Sparrow,5,4,May_W4,0.0005072,3943.0
Grasshopper Sparrow,6,1,Jun_W1,0.000646,1548.0
Grasshopper Sparrow,6,2,Jun_W2,0.0027907,1075.0
Grasshopper Sparrow,6,3,Jun_W3,0.0009033,1107.0
Grasshopper Sparrow,6,4,Jun_W4,0.0076118,1051.0
Grasshopper Sparrow,7,1,Jul_W1,0.0,795.0
Grasshopper Sparrow,7,2,Jul_W2,0.0085616,584.0
Grasshopper Sparrow,7,3,Jul_W3,0.0,533.0
Grasshopper Sparrow,7,4,Jul_W4,0.0,790.0
Grasshopper Sparrow,8,1,Aug_W1,0.0,597.0
Grasshopper Sparrow,8,2,Aug_W2,0.003003,666.0
Grasshopper Sparrow,8,3,Aug_W3,0.0,822.0
Grasshopper Sparrow,8,4,Aug_W4,0.0,1123.0
Grasshopper Sparrow,9,1,Sep_W1,0.0,909.0
Grasshopper Sparrow,9,2,Sep_W2,0.0,957.0
Grasshopper Sparrow,9,3,Sep_W3,0.0010384,963.0
Grasshopper Sparrow,9,4,Sep_W4,0.0015,1413.0
Grasshopper Sparrow,10,1,Oct_W1,0.0,976.0
Grasshopper Sparrow,10,2,Oct_W2,0.0015038,1330.0
Grasshopper Sparrow,10,3,Oct_W3,0.0,1073.0
Grasshopper Sparrow,10,4,Oct_W4,0.0,1123.0
Grasshopper Sparrow,11,1,Nov_W1,0.0029155,686.0
Grasshopper Sparrow,11,2,Nov_W2,0.0,662.0
Grasshopper Sparrow,11,3,Nov_W3,0.0,428.0
Grasshopper Sparrow,11,4,Nov_W4,0.0,339.0
Grasshopper Sparrow,12,1,Dec_W1,0.0,213.0
Grasshopper Sparrow,12,2,Dec_W2,0.0,275.0
Grasshopper Sparrow,12,3,Dec_W3,0.0,318.0
Grasshopper Sparrow,12,4,Dec_W4,0.0,931.0
Chipping Sparrow,1,1,Jan_W1,0.0,1028.0
Chipping Sparrow,1,2,Jan_W2,0.0,995.0
Chipping Sparrow,1,3,Jan_W3,0.0,1544.0
Chipping Sparrow,1,4,Jan_W4,0.0,1414.0
Chipping Sparrow,2,1,Feb_W1,0.0,1431.0
Chipping Sparrow,2,2,Feb_W2,0.0,1915.0
Chipping Sparrow,2,3,Feb_W3,0.0,1788.0
Chipping Sparrow,2,4,Feb_W4,0.0,669.0
Chipping Sparrow,3,1,Mar_W1,0.0,543.0
Chipping Sparrow,3,2,Mar_W2,0.0,364.0
Chipping Sparrow,3,3,Mar_W3,0.0,681.0
Chipping Sparrow,3,4,Mar_W4,0.0,1015.0
Chipping Sparrow,4,1,Apr_W1,0.0013298,752.0
Chipping Sparrow,4,2,Apr_W2,0.0138632,1082.0
Chipping Sparrow,4,3,Apr_W3,0.0619247,1195.0
Chipping Sparrow,4,4,Apr_W4,0.1375224,2785.0
Chipping Sparrow,5,1,May_W1,0.2429843,1461.0
Chipping Sparrow,5,2,May_W2,0.3121429,1400.0
Chipping Sparrow,5,3,May_W3,0.2952102,2046.0
Chipping Sparrow,5,4,May_W4,0.2985037,3943.0
Chipping Sparrow,6,1,Jun_W1,0.2816537,1548.0
Chipping Sparrow,6,2,Jun_W2,0.2604651,1075.0
Chipping Sparrow,6,3,Jun_W3,0.2746161,1107.0
Chipping Sparrow,6,4,Jun_W4,0.2407231,1051.0
Chipping Sparrow,7,1,Jul_W1,0.2553459,795.0
Chipping Sparrow,7,2,Jul_W2,0.2688356,584.0
Chipping Sparrow,7,3,Jul_W3,0.2626642,533.0
Chipping Sparrow,7,4,Jul_W4,0.2493671,790.0
Chipping Sparrow,8,1,Aug_W1,0.2294807,597.0
Chipping Sparrow,8,2,Aug_W2,0.2072072,666.0
Chipping Sparrow,8,3,Aug_W3,0.256691,822.0
Chipping Sparrow,8,4,Aug_W4,0.2324132,1123.0
Chipping Sparrow,9,1,Sep_W1,0.259626,909.0
Chipping Sparrow,9,2,Sep_W2,0.2089864,957.0
Chipping Sparrow,9,3,Sep_W3,0.1806854,963.0
Chipping Sparrow,9,4,Sep_W4,0.1670205,1413.0
Chipping Sparrow,10,1,Oct_W1,0.1045082,976.0
Chipping Sparrow,10,2,Oct_W2,0.0819549,1330.0
Chipping Sparrow,10,3,Oct_W3,0.0400746,1073.0
Chipping Sparrow,10,4,Oct_W4,0.0293856,1123.0
Chipping Sparrow,11,1,Nov_W1,0.016035,686.0
Chipping Sparrow,11,2,Nov_W2,0.0302115,662.0
Chipping Sparrow,11,3,Nov_W3,0.0070093,428.0
Chipping Sparrow,11,4,Nov_W4,0.0029499,339.0
Chipping Sparrow,12,1,Dec_W1,0.0,213.0
Chipping Sparrow,12,2,Dec_W2,0.0,275.0
Chipping Sparrow,12,3,Dec_W3,0.0031447,318.0
Chipping Sparrow,12,4,Dec_W4,0.0010741,931.0
Clay-colored Sparrow,1,1,Jan_W1,0.0,1028.0
Clay-colored Sparrow,1,2,Jan_W2,0.0,995.0
Clay-colored Sparrow,1,3,Jan_W3,0.0,1544.0
Clay-colored Sparrow,1,4,Jan_W4,0.0,1414.0
Clay-colored Sparrow,2,1,Feb_W1,0.0,1431.0
Clay-colored Sparrow,2,2,Feb_W2,0.0,1915.0
Clay-colored Sparrow,2,3,Feb_W3,0.0,1788.0
Clay-colored Sparrow,2,4,Feb_W4,0.0,669.0
Clay-colored Sparrow,3,1,Mar_W1,0.0,543.0
Clay-colored Sparrow,3,2,Mar_W2,0.0,364.0
Clay-colored Sparrow,3,3,Mar_W3,0.0,681.0
Clay-colored Sparrow,3,4,Mar_W4,0.0,1015.0
Clay-colored Sparrow,4,1,Apr_W1,0.0,752.0
Clay-colored Sparrow,4,2,Apr_W2,0.0,1082.0
Clay-colored Sparrow,4,3,Apr_W3,0.0,1195.0
Clay-colored Sparrow,4,4,Apr_W4,0.0208259,2785.0
Clay-colored Sparrow,5,1,May_W1,0.0109514,1461.0
Clay-colored Sparrow,5,2,May_W2,0.0485714,1400.0
Clay-colored Sparrow,5,3,May_W3,0.0395894,2046.0
Clay-colored Sparrow,5,4,May_W4,0.0555415,3943.0
Clay-colored Sparrow,6,1,Jun_W1,0.0768734,1548.0
Clay-colored Sparrow,6,2,Jun_W2,0.0697674,1075.0
Clay-colored Sparrow,6,3,Jun_W3,0.0885276,1107.0
Clay-colored Sparrow,6,4,Jun_W4,0.0789724,1051.0
Clay-colored Sparrow,7,1,Jul_W1,0.0503145,795.0
Clay-colored Sparrow,7,2,Jul_W2,0.0565068,584.0
Clay-colored Sparrow,7,3,Jul_W3,0.0412758,533.0
Clay-colored Sparrow,7,4,Jul_W4,0.0291139,790.0
Clay-colored Sparrow,8,1,Aug_W1,0.0217755,597.0
Clay-colored Sparrow,8,2,Aug_W2,0.0345345,666.0
Clay-colored Sparrow,8,3,Aug_W3,0.0145985,822.0
Clay-colored Sparrow,8,4,Aug_W4,0.0178094,1123.0
Clay-colored Sparrow,9,1,Sep_W1,0.0253025,909.0
Clay-colored Sparrow,9,2,Sep_W2,0.0198537,957.0
Clay-colored Sparrow,9,3,Sep_W3,0.0207684,963.0
Clay-colored Sparrow,9,4,Sep_W4,0.0191083,1413.0
Clay-colored Sparrow,10,1,Oct_W1,0.017418,976.0
Clay-colored Sparrow,10,2,Oct_W2,0.0225564,1330.0
Clay-colored Sparrow,10,3,Oct_W3,0.0186393,1073.0
Clay-colored Sparrow,10,4,Oct_W4,0.0080142,1123.0
Clay-colored Sparrow,11,1,Nov_W1,0.0262391,686.0
Clay-colored Sparrow,11,2,Nov_W2,0.0166163,662.0
Clay-colored Sparrow,11,3,Nov_W3,0.0023364,428.0
Clay-colored Sparrow,11,4,Nov_W4,0.0,339.0
Clay-colored Sparrow,12,1,Dec_W1,0.0,213.0
Clay-colored Sparrow,12,2,Dec_W2,0.0,275.0
Clay-colored Sparrow,12,3,Dec_W3,0.0,318.0
Clay-colored Sparrow,12,4,Dec_W4,0.0,931.0
Field Sparrow,1,1,Jan_W1,0.0,1028.0
Field Sparrow,1,2,Jan_W2,0.0,995.0
Field Sparrow,1,3,Jan_W3,0.0,1544.0
Field Sparrow,1,4,Jan_W4,0.0,1414.0
Field Sparrow,2,1,Feb_W1,0.0,1431.0
Field Sparrow,2,2,Feb_W2,0.0,1915.0
Field Sparrow,2,3,Feb_W3,0.0,1788.0
Field Sparrow,2,4,Feb_W4,0.0,669.0
Field Sparrow,3,1,Mar_W1,0.0,543.0
Field Sparrow,3,2,Mar_W2,0.0,364.0
Field Sparrow,3,3,Mar_W3,0.0,681.0
Field Sparrow,3,4,Mar_W4,0.0,1015.0
Field Sparrow,4,1,Apr_W1,0.0,752.0
Field Sparrow,4,2,Apr_W2,0.0,1082.0
Field Sparrow,4,3,Apr_W3,0.0016736,1195.0
Field Sparrow,4,4,Apr_W4,0.0007181,2785.0
Field Sparrow,5,1,May_W1,0.0130048,1461.0
Field Sparrow,5,2,May_W2,0.0028571,1400.0
Field Sparrow,5,3,May_W3,0.0014663,2046.0
Field Sparrow,5,4,May_W4,0.0020289,3943.0
Field Sparrow,6,1,Jun_W1,0.002584,1548.0
Field Sparrow,6,2,Jun_W2,0.0027907,1075.0
Field Sparrow,6,3,Jun_W3,0.0036134,1107.0
Field Sparrow,6,4,Jun_W4,0.0028544,1051.0
Field Sparrow,7,1,Jul_W1,0.0012579,795.0
Field Sparrow,7,2,Jul_W2,0.0,584.0
Field Sparrow,7,3,Jul_W3,0.0018762,533.0
Field Sparrow,7,4,Jul_W4,0.0,790.0
Field Sparrow,8,1,Aug_W1,0.0,597.0
Field Sparrow,8,2,Aug_W2,0.0,666.0
Field Sparrow,8,3,Aug_W3,0.0,822.0
Field Sparrow,8,4,Aug_W4,0.0,1123.0
Field Sparrow,9,1,Sep_W1,0.0,909.0
Field Sparrow,9,2,Sep_W2,0.0020899,957.0
Field Sparrow,9,3,Sep_W3,0.0010384,963.0
Field Sparrow,9,4,Sep_W4,0.0056617,1413.0
Field Sparrow,10,1,Oct_W1,0.0015,976.0
Field Sparrow,10,2,Oct_W2,0.0015038,1330.0
Field Sparrow,10,3,Oct_W3,0.000932,1073.0
Field Sparrow,10,4,Oct_W4,0.0008905,1123.0
Field Sparrow,11,1,Nov_W1,0.0087464,686.0
Field Sparrow,11,2,Nov_W2,0.0,662.0
Field Sparrow,11,3,Nov_W3,0.0,428.0
Field Sparrow,11,4,Nov_W4,0.0,339.0
Field Sparrow,12,1,Dec_W1,0.0,213.0
Field Sparrow,12,2,Dec_W2,0.0,275.0
Field Sparrow,12,3,Dec_W3,0.0,318.0
Field Sparrow,12,4,Dec_W4,0.0,931.0
Brewer's Sparrow,1,1,Jan_W1,0.0,1028.0
Brewer's Sparrow,1,2,Jan_W2,0.0,995.0
Brewer's Sparrow,1,3,Jan_W3,0.0,1544.0
Brewer's Sparrow,1,4,Jan_W4,0.0,1414.0
Brewer's Sparrow,2,1,Feb_W1,0.0,1431.0
Brewer's Sparrow,2,2,Feb_W2,0.0,1915.0
Brewer's Sparrow,2,3,Feb_W3,0.0,1788.0
Brewer's Sparrow,2,4,Feb_W4,0.0,669.0
Brewer's Sparrow,3,1,Mar_W1,0.0,543.0
Brewer's Sparrow,3,2,Mar_W2,0.0,364.0
Brewer's Sparrow,3,3,Mar_W3,0.0,681.0
Brewer's Sparrow,3,4,Mar_W4,0.0,1015.0
Brewer's Sparrow,4,1,Apr_W1,0.0,752.0
Brewer's Sparrow,4,2,Apr_W2,0.0,1082.0
Brewer's Sparrow,4,3,Apr_W3,0.0,1195.0
Brewer's Sparrow,4,4,Apr_W4,0.0,2785.0
Brewer's Sparrow,5,1,May_W1,0.0,1461.0
Brewer's Sparrow,5,2,May_W2,0.0,1400.0
Brewer's Sparrow,5,3,May_W3,0.0,2046.0
Brewer's Sparrow,5,4,May_W4,0.0002536,3943.0
Brewer's Sparrow,6,1,Jun_W1,0.0,1548.0
Brewer's Sparrow,6,2,Jun_W2,0.0,1075.0
Brewer's Sparrow,6,3,Jun_W3,0.0,1107.0
Brewer's Sparrow,6,4,Jun_W4,0.0,1051.0
Brewer's Sparrow,7,1,Jul_W1,0.0,795.0
Brewer's Sparrow,7,2,Jul_W2,0.0,584.0
Brewer's Sparrow,7,3,Jul_W3,0.0,533.0
Brewer's Sparrow,7,4,Jul_W4,0.0,790.0
Brewer's Sparrow,8,1,Aug_W1,0.0,597.0
Brewer's Sparrow,8,2,Aug_W2,0.0,666.0
Brewer's Sparrow,8,3,Aug_W3,0.0,822.0
Brewer's Sparrow,8,4,Aug_W4,0.0,1123.0
Brewer's Sparrow,9,1,Sep_W1,0.0,909.0
Brewer's Sparrow,9,2,Sep_W2,0.0,957.0
Brewer's Sparrow,9,3,Sep_W3,0.0,963.0
Brewer's Sparrow,9,4,Sep_W4,0.0,1413.0
Brewer's Sparrow,10,1,Oct_W1,0.0,976.0
Brewer's Sparrow,10,2,Oct_W2,0.0,1330.0
Brewer's Sparrow,10,3,Oct_W3,0.0,1073.0
Brewer's Sparrow,10,4,Oct_W4,0.0,1123.0
Brewer's Sparrow,11,1,Nov_W1,0.0,686.0
Brewer's Sparrow,11,2,Nov_W2,0.0,662.0
Brewer's Sparrow,11,3,Nov_W3,0.0,428.0
Brewer's Sparrow,11,4,Nov_W4,0.0,339.0
Brewer's Sparrow,12,1,Dec_W1,0.0,213.0
Brewer's Sparrow,12,2,Dec_W2,0.0,275.0
Brewer's Sparrow,12,3,Dec_W3,0.0,318.0
Brewer's Sparrow,12,4,Dec_W4,0.0,931.0
Lark Sparrow,1,1,Jan_W1,0.0,1028.0
Lark Sparrow,1,2,Jan_W2,0.0,995.0
Lark Sparrow,1,3,Jan_W3,0.0,1544.0
Lark Sparrow,1,4,Jan_W4,0.0,1414.0
Lark Sparrow,2,1,Feb_W1,0.0,1431.0
Lark Sparrow,2,2,Feb_W2,0.0,1915.0
Lark Sparrow,2,3,Feb_W3,0.0,1788.0
Lark Sparrow,2,4,Feb_W4,0.0,669.0
Lark Sparrow,3,1,Mar_W1,0.0,543.0
Lark Sparrow,3,2,Mar_W2,0.0,364.0
Lark Sparrow,3,3,Mar_W3,0.0,681.0
Lark Sparrow,3,4,Mar_W4,0.0,1015.0
Lark Sparrow,4,1,Apr_W1,0.0,752.0
Lark Sparrow,4,2,Apr_W2,0.0,1082.0
Lark Sparrow,4,3,Apr_W3,0.0,1195.0
Lark Sparrow,4,4,Apr_W4,0.0014363,2785.0
Lark Sparrow,5,1,May_W1,0.0006845,1461.0
Lark Sparrow,5,2,May_W2,0.0028571,1400.0
Lark Sparrow,5,3,May_W3,0.0034213,2046.0
Lark Sparrow,5,4,May_W4,0.0015217,3943.0
Lark Sparrow,6,1,Jun_W1,0.0,1548.0
Lark Sparrow,6,2,Jun_W2,0.0,1075.0
Lark Sparrow,6,3,Jun_W3,0.0,1107.0
Lark Sparrow,6,4,Jun_W4,0.0,1051.0
Lark Sparrow,7,1,Jul_W1,0.0,795.0
Lark Sparrow,7,2,Jul_W2,0.0,584.0
Lark Sparrow,7,3,Jul_W3,0.0,533.0
Lark Sparrow,7,4,Jul_W4,0.0,790.0
Lark Sparrow,8,1,Aug_W1,0.0,597.0
Lark Sparrow,8,2,Aug_W2,0.0,666.0
Lark Sparrow,8,3,Aug_W3,0.0012165,822.0
Lark Sparrow,8,4,Aug_W4,0.0044524,1123.0
Lark Sparrow,9,1,Sep_W1,0.0088009,909.0
Lark Sparrow,9,2,Sep_W2,0.0,957.0
Lark Sparrow,9,3,Sep_W3,0.0,963.0
Lark Sparrow,9,4,Sep_W4,0.0014154,1413.0
Lark Sparrow,10,1,Oct_W1,0.0,976.0
Lark Sparrow,10,2,Oct_W2,0.0007519,1330.0
Lark Sparrow,10,3,Oct_W3,0.0037279,1073.0
Lark Sparrow,10,4,Oct_W4,0.0053428,1123.0
Lark Sparrow,11,1,Nov_W1,0.0189504,686.0
Lark Sparrow,11,2,Nov_W2,0.0362538,662.0
Lark Sparrow,11,3,Nov_W3,0.0093458,428.0
Lark Sparrow,11,4,Nov_W4,0.0117994,339.0
Lark Sparrow,12,1,Dec_W1,0.0,213.0
Lark Sparrow,12,2,Dec_W2,0.0015,275.0
Lark Sparrow,12,3,Dec_W3,0.0,318.0
Lark Sparrow,12,4,Dec_W4,0.0,931.0
Lark Bunting,1,1,Jan_W1,0.0,1028.0
Lark Bunting,1,2,Jan_W2,0.0,995.0
Lark Bunting,1,3,Jan_W3,0.0,1544.0
Lark Bunting,1,4,Jan_W4,0.0,1414.0
Lark Bunting,2,1,Feb_W1,0.0,1431.0
Lark Bunting,2,2,Feb_W2,0.0,1915.0
Lark Bunting,2,3,Feb_W3,0.0,1788.0
Lark Bunting,2,4,Feb_W4,0.0,669.0
Lark Bunting,3,1,Mar_W1,0.0,543.0
Lark Bunting,3,2,Mar_W2,0.0,364.0
Lark Bunting,3,3,Mar_W3,0.0,681.0
Lark Bunting,3,4,Mar_W4,0.0,1015.0
Lark Bunting,4,1,Apr_W1,0.0,752.0
Lark Bunting,4,2,Apr_W2,0.0,1082.0
Lark Bunting,4,3,Apr_W3,0.0,1195.0
Lark Bunting,4,4,Apr_W4,0.0,2785.0
Lark Bunting,5,1,May_W1,0.0,1461.0
Lark Bunting,5,2,May_W2,0.0007143,1400.0
Lark Bunting,5,3,May_W3,0.0015,2046.0
Lark Bunting,5,4,May_W4,0.0040578,3943.0
Lark Bunting,6,1,Jun_W1,0.0,1548.0
Lark Bunting,6,2,Jun_W2,0.0,1075.0
Lark Bunting,6,3,Jun_W3,0.0,1107.0
Lark Bunting,6,4,Jun_W4,0.0,1051.0
Lark Bunting,7,1,Jul_W1,0.0,795.0
Lark Bunting,7,2,Jul_W2,0.0,584.0
Lark Bunting,7,3,Jul_W3,0.0,533.0
Lark Bunting,7,4,Jul_W4,0.0,790.0
Lark Bunting,8,1,Aug_W1,0.0,597.0
Lark Bunting,8,2,Aug_W2,0.0,666.0
Lark Bunting,8,3,Aug_W3,0.0,822.0
Lark Bunting,8,4,Aug_W4,0.0,1123.0
Lark Bunting,9,1,Sep_W1,0.0,909.0
Lark Bunting,9,2,Sep_W2,0.0052247,957.0
Lark Bunting,9,3,Sep_W3,0.0020768,963.0
Lark Bunting,9,4,Sep_W4,0.0,1413.0
Lark Bunting,10,1,Oct_W1,0.0015,976.0
Lark Bunting,10,2,Oct_W2,0.0007519,1330.0
Lark Bunting,10,3,Oct_W3,0.0,1073.0
Lark Bunting,10,4,Oct_W4,0.0008905,1123.0
Lark Bunting,11,1,Nov_W1,0.0,686.0
Lark Bunting,11,2,Nov_W2,0.0,662.0
Lark Bunting,11,3,Nov_W3,0.0,428.0
Lark Bunting,11,4,Nov_W4,0.0,339.0
Lark Bunting,12,1,Dec_W1,0.0046948,213.0
Lark Bunting,12,2,Dec_W2,0.0,275.0
Lark Bunting,12,3,Dec_W3,0.0,318.0
Lark Bunting,12,4,Dec_W4,0.0,931.0
American Tree Sparrow,1,1,Jan_W1,0.0564202,1028.0
American Tree Sparrow,1,2,Jan_W2,0.0502513,995.0
American Tree Sparrow,1,3,Jan_W3,0.0628238,1544.0
American Tree Sparrow,1,4,Jan_W4,0.0381895,1414.0
American Tree Sparrow,2,1,Feb_W1,0.0531097,1431.0
American Tree Sparrow,2,2,Feb_W2,0.0663185,1915.0
American Tree Sparrow,2,3,Feb_W3,0.0486577,1788.0
American Tree Sparrow,2,4,Feb_W4,0.0568012,669.0
American Tree Sparrow,3,1,Mar_W1,0.0349908,543.0
American Tree Sparrow,3,2,Mar_W2,0.0247253,364.0
American Tree Sparrow,3,3,Mar_W3,0.0190896,681.0
American Tree Sparrow,3,4,Mar_W4,0.0492611,1015.0
American Tree Sparrow,4,1,Apr_W1,0.0585106,752.0
American Tree Sparrow,4,2,Apr_W2,0.1210721,1082.0
American Tree Sparrow,4,3,Apr_W3,0.2359833,1195.0
American Tree Sparrow,4,4,Apr_W4,0.2754039,2785.0
American Tree Sparrow,5,1,May_W1,0.1902806,1461.0
American Tree Sparrow,5,2,May_W2,0.0571429,1400.0
American Tree Sparrow,5,3,May_W3,0.0053763,2046.0
American Tree Sparrow,5,4,May_W4,0.0045651,3943.0
American Tree Sparrow,6,1,Jun_W1,0.003876,1548.0
American Tree Sparrow,6,2,Jun_W2,0.0,1075.0
American Tree Sparrow,6,3,Jun_W3,0.0009033,1107.0
American Tree Sparrow,6,4,Jun_W4,0.0,1051.0
American Tree Sparrow,7,1,Jul_W1,0.0,795.0
American Tree Sparrow,7,2,Jul_W2,0.0,584.0
American Tree Sparrow,7,3,Jul_W3,0.0,533.0
American Tree Sparrow,7,4,Jul_W4,0.0,790.0
American Tree Sparrow,8,1,Aug_W1,0.0,597.0
American Tree Sparrow,8,2,Aug_W2,0.0,666.0
American Tree Sparrow,8,3,Aug_W3,0.0,822.0
American Tree Sparrow,8,4,Aug_W4,0.0,1123.0
American Tree Sparrow,9,1,Sep_W1,0.0,909.0
American Tree Sparrow,9,2,Sep_W2,0.0,957.0
American Tree Sparrow,9,3,Sep_W3,0.0010384,963.0
American Tree Sparrow,9,4,Sep_W4,0.0056617,1413.0
American Tree Sparrow,10,1,Oct_W1,0.079918,976.0
American Tree Sparrow,10,2,Oct_W2,0.2676692,1330.0
American Tree Sparrow,10,3,Oct_W3,0.417521,1073.0
American Tree Sparrow,10,4,Oct_W4,0.4550312,1123.0
American Tree Sparrow,11,1,Nov_W1,0.2798834,686.0
American Tree Sparrow,11,2,Nov_W2,0.1540785,662.0
American Tree Sparrow,11,3,Nov_W3,0.0584112,428.0
American Tree Sparrow,11,4,Nov_W4,0.0471976,339.0
American Tree Sparrow,12,1,Dec_W1,0.0469484,213.0
American Tree Sparrow,12,2,Dec_W2,0.0509091,275.0
American Tree Sparrow,12,3,Dec_W3,0.0408805,318.0
American Tree Sparrow,12,4,Dec_W4,0.0461869,931.0
Fox Sparrow,1,1,Jan_W1,0.0,1028.0
Fox Sparrow,1,2,Jan_W2,0.0,995.0
Fox Sparrow,1,3,Jan_W3,0.0,1544.0
Fox Sparrow,1,4,Jan_W4,0.0,1414.0
Fox Sparrow,2,1,Feb_W1,0.0,1431.0
Fox Sparrow,2,2,Feb_W2,0.0,1915.0
Fox Sparrow,2,3,Feb_W3,0.0,1788.0
Fox Sparrow,2,4,Feb_W4,0.0,669.0
Fox Sparrow,3,1,Mar_W1,0.0,543.0
Fox Sparrow,3,2,Mar_W2,0.0,364.0
Fox Sparrow,3,3,Mar_W3,0.0,681.0
Fox Sparrow,3,4,Mar_W4,0.0019704,1015.0
Fox Sparrow,4,1,Apr_W1,0.0039894,752.0
Fox Sparrow,4,2,Apr_W2,0.0304991,1082.0
Fox Sparrow,4,3,Apr_W3,0.1079498,1195.0
Fox Sparrow,4,4,Apr_W4,0.0807899,2785.0
Fox Sparrow,5,1,May_W1,0.0095825,1461.0
Fox Sparrow,5,2,May_W2,0.0042857,1400.0
Fox Sparrow,5,3,May_W3,0.0004888,2046.0
Fox Sparrow,5,4,May_W4,0.0,3943.0
Fox Sparrow,6,1,Jun_W1,0.0,1548.0
Fox Sparrow,6,2,Jun_W2,0.0,1075.0
Fox Sparrow,6,3,Jun_W3,0.0,1107.0
Fox Sparrow,6,4,Jun_W4,0.0,1051.0
Fox Sparrow,7,1,Jul_W1,0.0,795.0
Fox Sparrow,7,2,Jul_W2,0.0,584.0
Fox Sparrow,7,3,Jul_W3,0.0,533.0
Fox Sparrow,7,4,Jul_W4,0.0,790.0
Fox Sparrow,8,1,Aug_W1,0.0,597.0
Fox Sparrow,8,2,Aug_W2,0.0,666.0
Fox Sparrow,8,3,Aug_W3,0.0,822.0
Fox Sparrow,8,4,Aug_W4,0.0,1123.0
Fox Sparrow,9,1,Sep_W1,0.0,909.0
Fox Sparrow,9,2,Sep_W2,0.0020899,957.0
Fox Sparrow,9,3,Sep_W3,0.0083074,963.0
Fox Sparrow,9,4,Sep_W4,0.0268931,1413.0
Fox Sparrow,10,1,Oct_W1,0.0686475,976.0
Fox Sparrow,10,2,Oct_W2,0.0962406,1330.0
Fox Sparrow,10,3,Oct_W3,0.1146319,1073.0
Fox Sparrow,10,4,Oct_W4,0.0587711,1123.0
Fox Sparrow,11,1,Nov_W1,0.0116618,686.0
Fox Sparrow,11,2,Nov_W2,0.0030211,662.0
Fox Sparrow,11,3,Nov_W3,0.0046729,428.0
Fox Sparrow,11,4,Nov_W4,0.0029499,339.0
Fox Sparrow,12,1,Dec_W1,0.0,213.0
Fox Sparrow,12,2,Dec_W2,0.0,275.0
Fox Sparrow,12,3,Dec_W3,0.0,318.0
Fox Sparrow,12,4,Dec_W4,0.0,931.0
Dark-eyed Junco,1,1,Jan_W1,0.0243191,1028.0
Dark-eyed Junco,1,2,Jan_W2,0.0271357,995.0
Dark-eyed Junco,1,3,Jan_W3,0.0252591,1544.0
Dark-eyed Junco,1,4,Jan_W4,0.0169731,1414.0
Dark-eyed Junco,2,1,Feb_W1,0.0125786,1431.0
Dark-eyed Junco,2,2,Feb_W2,0.0214099,1915.0
Dark-eyed Junco,2,3,Feb_W3,0.0229306,1788.0
Dark-eyed Junco,2,4,Feb_W4,0.0328849,669.0
Dark-eyed Junco,3,1,Mar_W1,0.0239411,543.0
Dark-eyed Junco,3,2,Mar_W2,0.0164835,364.0
Dark-eyed Junco,3,3,Mar_W3,0.0161527,681.0
Dark-eyed Junco,3,4,Mar_W4,0.0630542,1015.0
Dark-eyed Junco,4,1,Apr_W1,0.1276596,752.0
Dark-eyed Junco,4,2,Apr_W2,0.2402957,1082.0
Dark-eyed Junco,4,3,Apr_W3,0.3682008,1195.0
Dark-eyed Junco,4,4,Apr_W4,0.3791741,2785.0
Dark-eyed Junco,5,1,May_W1,0.2717317,1461.0
Dark-eyed Junco,5,2,May_W2,0.1321429,1400.0
Dark-eyed Junco,5,3,May_W3,0.0478983,2046.0
Dark-eyed Junco,5,4,May_W4,0.0431144,3943.0
Dark-eyed Junco,6,1,Jun_W1,0.0542636,1548.0
Dark-eyed Junco,6,2,Jun_W2,0.0427907,1075.0
Dark-eyed Junco,6,3,Jun_W3,0.0731707,1107.0
Dark-eyed Junco,6,4,Jun_W4,0.0390105,1051.0
Dark-eyed Junco,7,1,Jul_W1,0.0503145,795.0
Dark-eyed Junco,7,2,Jul_W2,0.0342466,584.0
Dark-eyed Junco,7,3,Jul_W3,0.0318949,533.0
Dark-eyed Junco,7,4,Jul_W4,0.0303797,790.0
Dark-eyed Junco,8,1,Aug_W1,0.038526,597.0
Dark-eyed Junco,8,2,Aug_W2,0.0465465,666.0
Dark-eyed Junco,8,3,Aug_W3,0.0364964,822.0
Dark-eyed Junco,8,4,Aug_W4,0.032057,1123.0
Dark-eyed Junco,9,1,Sep_W1,0.0759076,909.0
Dark-eyed Junco,9,2,Sep_W2,0.1462905,957.0
Dark-eyed Junco,9,3,Sep_W3,0.2128764,963.0
Dark-eyed Junco,9,4,Sep_W4,0.2958245,1413.0
Dark-eyed Junco,10,1,Oct_W1,0.4969262,976.0
Dark-eyed Junco,10,2,Oct_W2,0.5676692,1330.0
Dark-eyed Junco,10,3,Oct_W3,0.5321528,1073.0
Dark-eyed Junco,10,4,Oct_W4,0.428317,1123.0
Dark-eyed Junco,11,1,Nov_W1,0.2915452,686.0
Dark-eyed Junco,11,2,Nov_W2,0.194864,662.0
Dark-eyed Junco,11,3,Nov_W3,0.0794393,428.0
Dark-eyed Junco,11,4,Nov_W4,0.0412979,339.0
Dark-eyed Junco,12,1,Dec_W1,0.056338,213.0
Dark-eyed Junco,12,2,Dec_W2,0.0327273,275.0
Dark-eyed Junco,12,3,Dec_W3,0.0220126,318.0
Dark-eyed Junco,12,4,Dec_W4,0.0257787,931.0
White-crowned Sparrow,1,1,Jan_W1,0.0009728,1028.0
White-crowned Sparrow,1,2,Jan_W2,0.001005,995.0
White-crowned Sparrow,1,3,Jan_W3,0.0006477,1544.0
White-crowned Sparrow,1,4,Jan_W4,0.0007072,1414.0
White-crowned Sparrow,2,1,Feb_W1,0.0,1431.0
White-crowned Sparrow,2,2,Feb_W2,0.0,1915.0
White-crowned Sparrow,2,3,Feb_W3,0.0,1788.0
White-crowned Sparrow,2,4,Feb_W4,0.0,669.0
White-crowned Sparrow,3,1,Mar_W1,0.0,543.0
White-crowned Sparrow,3,2,Mar_W2,0.0,364.0
White-crowned Sparrow,3,3,Mar_W3,0.0,681.0
White-crowned Sparrow,3,4,Mar_W4,0.0,1015.0
White-crowned Sparrow,4,1,Apr_W1,0.0,752.0
White-crowned Sparrow,4,2,Apr_W2,0.0,1082.0
White-crowned Sparrow,4,3,Apr_W3,0.0167364,1195.0
White-crowned Sparrow,4,4,Apr_W4,0.0197487,2785.0
White-crowned Sparrow,5,1,May_W1,0.1416838,1461.0
White-crowned Sparrow,5,2,May_W2,0.2885714,1400.0
White-crowned Sparrow,5,3,May_W3,0.2688172,2046.0
White-crowned Sparrow,5,4,May_W4,0.1585087,3943.0
White-crowned Sparrow,6,1,Jun_W1,0.0788114,1548.0
White-crowned Sparrow,6,2,Jun_W2,0.027907,1075.0
White-crowned Sparrow,6,3,Jun_W3,0.0099368,1107.0
White-crowned Sparrow,6,4,Jun_W4,0.0047574,1051.0
White-crowned Sparrow,7,1,Jul_W1,0.008805,795.0
White-crowned Sparrow,7,2,Jul_W2,0.0015,584.0
White-crowned Sparrow,7,3,Jul_W3,0.0093809,533.0
White-crowned Sparrow,7,4,Jul_W4,0.0113924,790.0
White-crowned Sparrow,8,1,Aug_W1,0.0167504,597.0
White-crowned Sparrow,8,2,Aug_W2,0.0045045,666.0
White-crowned Sparrow,8,3,Aug_W3,0.013382,822.0
White-crowned Sparrow,8,4,Aug_W4,0.0195904,1123.0
White-crowned Sparrow,9,1,Sep_W1,0.0506051,909.0
White-crowned Sparrow,9,2,Sep_W2,0.0553814,957.0
White-crowned Sparrow,9,3,Sep_W3,0.1204569,963.0
White-crowned Sparrow,9,4,Sep_W4,0.3991507,1413.0
White-crowned Sparrow,10,1,Oct_W1,0.4989754,976.0
White-crowned Sparrow,10,2,Oct_W2,0.4526316,1330.0
White-crowned Sparrow,10,3,Oct_W3,0.3010252,1073.0
White-crowned Sparrow,10,4,Oct_W4,0.1825467,1123.0
White-crowned Sparrow,11,1,Nov_W1,0.0408163,686.0
White-crowned Sparrow,11,2,Nov_W2,0.0468278,662.0
White-crowned Sparrow,11,3,Nov_W3,0.0140187,428.0
White-crowned Sparrow,11,4,Nov_W4,0.0,339.0
White-crowned Sparrow,12,1,Dec_W1,0.0,213.0
White-crowned Sparrow,12,2,Dec_W2,0.0,275.0
White-crowned Sparrow,12,3,Dec_W3,0.0031447,318.0
White-crowned Sparrow,12,4,Dec_W4,0.0021482,931.0
Golden-crowned Sparrow,1,1,Jan_W1,0.0,1028.0
Golden-crowned Sparrow,1,2,Jan_W2,0.0,995.0
Golden-crowned Sparrow,1,3,Jan_W3,0.0,1544.0
Golden-crowned Sparrow,1,4,Jan_W4,0.0,1414.0
Golden-crowned Sparrow,2,1,Feb_W1,0.0,1431.0
Golden-crowned Sparrow,2,2,Feb_W2,0.0,1915.0
Golden-crowned Sparrow,2,3,Feb_W3,0.0,1788.0
Golden-crowned Sparrow,2,4,Feb_W4,0.0,669.0
Golden-crowned Sparrow,3,1,Mar_W1,0.0,543.0
Golden-crowned Sparrow,3,2,Mar_W2,0.0,364.0
Golden-crowned Sparrow,3,3,Mar_W3,0.0,681.0
Golden-crowned Sparrow,3,4,Mar_W4,0.0,1015.0
Golden-crowned Sparrow,4,1,Apr_W1,0.0,752.0
Golden-crowned Sparrow,4,2,Apr_W2,0.0,1082.0
Golden-crowned Sparrow,4,3,Apr_W3,0.0,1195.0
Golden-crowned Sparrow,4,4,Apr_W4,0.0,2785.0
Golden-crowned Sparrow,5,1,May_W1,0.0335387,1461.0
Golden-crowned Sparrow,5,2,May_W2,0.005,1400.0
Golden-crowned Sparrow,5,3,May_W3,0.0,2046.0
Golden-crowned Sparrow,5,4,May_W4,0.0,3943.0
Golden-crowned Sparrow,6,1,Jun_W1,0.0,1548.0
Golden-crowned Sparrow,6,2,Jun_W2,0.0,1075.0
Golden-crowned Sparrow,6,3,Jun_W3,0.0,1107.0
Golden-crowned Sparrow,6,4,Jun_W4,0.0,1051.0
Golden-crowned Sparrow,7,1,Jul_W1,0.0,795.0
Golden-crowned Sparrow,7,2,Jul_W2,0.0,584.0
Golden-crowned Sparrow,7,3,Jul_W3,0.0,533.0
Golden-crowned Sparrow,7,4,Jul_W4,0.0,790.0
Golden-crowned Sparrow,8,1,Aug_W1,0.0,597.0
Golden-crowned Sparrow,8,2,Aug_W2,0.0,666.0
Golden-crowned Sparrow,8,3,Aug_W3,0.0,822.0
Golden-crowned Sparrow,8,4,Aug_W4,0.0,1123.0
Golden-crowned Sparrow,9,1,Sep_W1,0.0,909.0
Golden-crowned Sparrow,9,2,Sep_W2,0.0,957.0
Golden-crowned Sparrow,9,3,Sep_W3,0.0,963.0
Golden-crowned Sparrow,9,4,Sep_W4,0.0,1413.0
Golden-crowned Sparrow,10,1,Oct_W1,0.0,976.0
Golden-crowned Sparrow,10,2,Oct_W2,0.0,1330.0
Golden-crowned Sparrow,10,3,Oct_W3,0.0,1073.0
Golden-crowned Sparrow,10,4,Oct_W4,0.0026714,1123.0
Golden-crowned Sparrow,11,1,Nov_W1,0.0,686.0
Golden-crowned Sparrow,11,2,Nov_W2,0.0,662.0
Golden-crowned Sparrow,11,3,Nov_W3,0.0,428.0
Golden-crowned Sparrow,11,4,Nov_W4,0.0,339.0
Golden-crowned Sparrow,12,1,Dec_W1,0.0,213.0
Golden-crowned Sparrow,12,2,Dec_W2,0.0,275.0
Golden-crowned Sparrow,12,3,Dec_W3,0.0,318.0
Golden-crowned Sparrow,12,4,Dec_W4,0.0,931.0
Harris's Sparrow,1,1,Jan_W1,0.0,1028.0
Harris's Sparrow,1,2,Jan_W2,0.0,995.0
Harris's Sparrow,1,3,Jan_W3,0.0,1544.0
Harris's Sparrow,1,4,Jan_W4,0.0,1414.0
Harris's Sparrow,2,1,Feb_W1,0.0,1431.0
Harris's Sparrow,2,2,Feb_W2,0.0,1915.0
Harris's Sparrow,2,3,Feb_W3,0.0,1788.0
Harris's Sparrow,2,4,Feb_W4,0.0,669.0
Harris's Sparrow,3,1,Mar_W1,0.0,543.0
Harris's Sparrow,3,2,Mar_W2,0.0,364.0
Harris's Sparrow,3,3,Mar_W3,0.0,681.0
Harris's Sparrow,3,4,Mar_W4,0.0,1015.0
Harris's Sparrow,4,1,Apr_W1,0.0,752.0
Harris's Sparrow,4,2,Apr_W2,0.0,1082.0
Harris's Sparrow,4,3,Apr_W3,0.0,1195.0
Harris's Sparrow,4,4,Apr_W4,0.0,2785.0
Harris's Sparrow,5,1,May_W1,0.0006845,1461.0
Harris's Sparrow,5,2,May_W2,0.0015,1400.0
Harris's Sparrow,5,3,May_W3,0.0,2046.0
Harris's Sparrow,5,4,May_W4,0.0,3943.0
Harris's Sparrow,6,1,Jun_W1,0.0,1548.0
Harris's Sparrow,6,2,Jun_W2,0.0,1075.0
Harris's Sparrow,6,3,Jun_W3,0.0,1107.0
Harris's Sparrow,6,4,Jun_W4,0.0,1051.0
Harris's Sparrow,7,1,Jul_W1,0.0,795.0
Harris's Sparrow,7,2,Jul_W2,0.0,584.0
Harris's Sparrow,7,3,Jul_W3,0.0,533.0
Harris's Sparrow,7,4,Jul_W4,0.0,790.0
Harris's Sparrow,8,1,Aug_W1,0.0,597.0
Harris's Sparrow,8,2,Aug_W2,0.0,666.0
Harris's Sparrow,8,3,Aug_W3,0.0,822.0
Harris's Sparrow,8,4,Aug_W4,0.0,1123.0
Harris's Sparrow,9,1,Sep_W1,0.0,909.0
Harris's Sparrow,9,2,Sep_W2,0.0,957.0
Harris's Sparrow,9,3,Sep_W3,0.0031153,963.0
Harris's Sparrow,9,4,Sep_W4,0.0268931,1413.0
Harris's Sparrow,10,1,Oct_W1,0.0594262,976.0
Harris's Sparrow,10,2,Oct_W2,0.0789474,1330.0
Harris's Sparrow,10,3,Oct_W3,0.0130475,1073.0
Harris's Sparrow,10,4,Oct_W4,0.0062333,1123.0
Harris's Sparrow,11,1,Nov_W1,0.0015,686.0
Harris's Sparrow,11,2,Nov_W2,0.0,662.0
Harris's Sparrow,11,3,Nov_W3,0.0,428.0
Harris's Sparrow,11,4,Nov_W4,0.0015,339.0
Harris's Sparrow,12,1,Dec_W1,0.0,213.0
Harris's Sparrow,12,2,Dec_W2,0.0,275.0
Harris's Sparrow,12,3,Dec_W3,0.0,318.0
Harris's Sparrow,12,4,Dec_W4,0.0,931.0
White-throated Sparrow,1,1,Jan_W1,0.0,1028.0
White-throated Sparrow,1,2,Jan_W2,0.001005,995.0
White-throated Sparrow,1,3,Jan_W3,0.0006477,1544.0
White-throated Sparrow,1,4,Jan_W4,0.0049505,1414.0
White-throated Sparrow,2,1,Feb_W1,0.0,1431.0
White-throated Sparrow,2,2,Feb_W2,0.0010444,1915.0
White-throated Sparrow,2,3,Feb_W3,0.0016779,1788.0
White-throated Sparrow,2,4,Feb_W4,0.0044843,669.0
White-throated Sparrow,3,1,Mar_W1,0.0,543.0
White-throated Sparrow,3,2,Mar_W2,0.0027473,364.0
White-throated Sparrow,3,3,Mar_W3,0.0,681.0
White-throated Sparrow,3,4,Mar_W4,0.0,1015.0
White-throated Sparrow,4,1,Apr_W1,0.0,752.0
White-throated Sparrow,4,2,Apr_W2,0.0064695,1082.0
White-throated Sparrow,4,3,Apr_W3,0.1029289,1195.0
White-throated Sparrow,4,4,Apr_W4,0.2545781,2785.0
White-throated Sparrow,5,1,May_W1,0.2867899,1461.0
White-throated Sparrow,5,2,May_W2,0.2642857,1400.0
White-throated Sparrow,5,3,May_W3,0.2096774,2046.0
White-throated Sparrow,5,4,May_W4,0.1904641,3943.0
White-throated Sparrow,6,1,Jun_W1,0.2041344,1548.0
White-throated Sparrow,6,2,Jun_W2,0.2455814,1075.0
White-throated Sparrow,6,3,Jun_W3,0.269196,1107.0
White-throated Sparrow,6,4,Jun_W4,0.2654615,1051.0
White-throated Sparrow,7,1,Jul_W1,0.1987421,795.0
White-throated Sparrow,7,2,Jul_W2,0.1592466,584.0
White-throated Sparrow,7,3,Jul_W3,0.1463415,533.0
White-throated Sparrow,7,4,Jul_W4,0.1291139,790.0
White-throated Sparrow,8,1,Aug_W1,0.0938023,597.0
White-throated Sparrow,8,2,Aug_W2,0.1201201,666.0
White-throated Sparrow,8,3,Aug_W3,0.1046229,822.0
White-throated Sparrow,8,4,Aug_W4,0.1371327,1123.0
White-throated Sparrow,9,1,Sep_W1,0.1991199,909.0
White-throated Sparrow,9,2,Sep_W2,0.2518286,957.0
White-throated Sparrow,9,3,Sep_W3,0.3219107,963.0
White-throated Sparrow,9,4,Sep_W4,0.3927813,1413.0
White-throated Sparrow,10,1,Oct_W1,0.3340164,976.0
White-throated Sparrow,10,2,Oct_W2,0.3112782,1330.0
White-throated Sparrow,10,3,Oct_W3,0.1966449,1073.0
White-throated Sparrow,10,4,Oct_W4,0.0934996,1123.0
White-throated Sparrow,11,1,Nov_W1,0.03207,686.0
White-throated Sparrow,11,2,Nov_W2,0.0166163,662.0
White-throated Sparrow,11,3,Nov_W3,0.0186916,428.0
White-throated Sparrow,11,4,Nov_W4,0.0117994,339.0
White-throated Sparrow,12,1,Dec_W1,0.0,213.0
White-throated Sparrow,12,2,Dec_W2,0.0036364,275.0
White-throated Sparrow,12,3,Dec_W3,0.0031447,318.0
White-throated Sparrow,12,4,Dec_W4,0.0,931.0
Sagebrush Sparrow,1,1,Jan_W1,0.0,1028.0
Sagebrush Sparrow,1,2,Jan_W2,0.0,995.0
Sagebrush Sparrow,1,3,Jan_W3,0.0,1544.0
Sagebrush Sparrow,1,4,Jan_W4,0.0,1414.0
Sagebrush Sparrow,2,1,Feb_W1,0.0,1431.0
Sagebrush Sparrow,2,2,Feb_W2,0.0,1915.0
Sagebrush Sparrow,2,3,Feb_W3,0.0,1788.0
Sagebrush Sparrow,2,4,Feb_W4,0.0,669.0
Sagebrush Sparrow,3,1,Mar_W1,0.0,543.0
Sagebrush Sparrow,3,2,Mar_W2,0.0,364.0
Sagebrush Sparrow,3,3,Mar_W3,0.0,681.0
Sagebrush Sparrow,3,4,Mar_W4,0.0,1015.0
Sagebrush Sparrow,4,1,Apr_W1,0.0,752.0
Sagebrush Sparrow,4,2,Apr_W2,0.0,1082.0
Sagebrush Sparrow,4,3,Apr_W3,0.0,1195.0
Sagebrush Sparrow,4,4,Apr_W4,0.0,2785.0
Sagebrush Sparrow,5,1,May_W1,0.0,1461.0
Sagebrush Sparrow,5,2,May_W2,0.0,1400.0
Sagebrush Sparrow,5,3,May_W3,0.0,2046.0
Sagebrush Sparrow,5,4,May_W4,0.0,3943.0
Sagebrush Sparrow,6,1,Jun_W1,0.0,1548.0
Sagebrush Sparrow,6,2,Jun_W2,0.0,1075.0
Sagebrush Sparrow,6,3,Jun_W3,0.0,1107.0
Sagebrush Sparrow,6,4,Jun_W4,0.0,1051.0
Sagebrush Sparrow,7,1,Jul_W1,0.0,795.0
Sagebrush Sparrow,7,2,Jul_W2,0.0,584.0
Sagebrush Sparrow,7,3,Jul_W3,0.0,533.0
Sagebrush Sparrow,7,4,Jul_W4,0.0,790.0
Sagebrush Sparrow,8,1,Aug_W1,0.0,597.0
Sagebrush Sparrow,8,2,Aug_W2,0.0,666.0
Sagebrush Sparrow,8,3,Aug_W3,0.0,822.0
Sagebrush Sparrow,8,4,Aug_W4,0.0,1123.0
Sagebrush Sparrow,9,1,Sep_W1,0.0,909.0
Sagebrush Sparrow,9,2,Sep_W2,0.0,957.0
Sagebrush Sparrow,9,3,Sep_W3,0.0,963.0
Sagebrush Sparrow,9,4,Sep_W4,0.0,1413.0
Sagebrush Sparrow,10,1,Oct_W1,0.0,976.0
Sagebrush Sparrow,10,2,Oct_W2,0.0,1330.0
Sagebrush Sparrow,10,3,Oct_W3,0.0,1073.0
Sagebrush Sparrow,10,4,Oct_W4,0.0,1123.0
Sagebrush Sparrow,11,1,Nov_W1,0.0,686.0
Sagebrush Sparrow,11,2,Nov_W2,0.0513595,662.0
Sagebrush Sparrow,11,3,Nov_W3,0.0,428.0
Sagebrush Sparrow,11,4,Nov_W4,0.0,339.0
Sagebrush Sparrow,12,1,Dec_W1,0.0,213.0
Sagebrush Sparrow,12,2,Dec_W2,0.0,275.0
Sagebrush Sparrow,12,3,Dec_W3,0.0,318.0
Sagebrush Sparrow,12,4,Dec_W4,0.0,931.0
Vesper Sparrow,1,1,Jan_W1,0.0,1028.0
Vesper Sparrow,1,2,Jan_W2,0.0,995.0
Vesper Sparrow,1,3,Jan_W3,0.0,1544.0
Vesper Sparrow,1,4,Jan_W4,0.0,1414.0
Vesper Sparrow,2,1,Feb_W1,0.0,1431.0
Vesper Sparrow,2,2,Feb_W2,0.0,1915.0
Vesper Sparrow,2,3,Feb_W3,0.0,1788.0
Vesper Sparrow,2,4,Feb_W4,0.0,669.0
Vesper Sparrow,3,1,Mar_W1,0.0,543.0
Vesper Sparrow,3,2,Mar_W2,0.0,364.0
Vesper Sparrow,3,3,Mar_W3,0.0,681.0
Vesper Sparrow,3,4,Mar_W4,0.0,1015.0
Vesper Sparrow,4,1,Apr_W1,0.0,752.0
Vesper Sparrow,4,2,Apr_W2,0.0018484,1082.0
Vesper Sparrow,4,3,Apr_W3,0.0108787,1195.0
Vesper Sparrow,4,4,Apr_W4,0.0362657,2785.0
Vesper Sparrow,5,1,May_W1,0.0301164,1461.0
Vesper Sparrow,5,2,May_W2,0.0178571,1400.0
Vesper Sparrow,5,3,May_W3,0.0210166,2046.0
Vesper Sparrow,5,4,May_W4,0.0182602,3943.0
Vesper Sparrow,6,1,Jun_W1,0.0251938,1548.0
Vesper Sparrow,6,2,Jun_W2,0.024186,1075.0
Vesper Sparrow,6,3,Jun_W3,0.0478771,1107.0
Vesper Sparrow,6,4,Jun_W4,0.0342531,1051.0
Vesper Sparrow,7,1,Jul_W1,0.0238994,795.0
Vesper Sparrow,7,2,Jul_W2,0.0325342,584.0
Vesper Sparrow,7,3,Jul_W3,0.0281426,533.0
Vesper Sparrow,7,4,Jul_W4,0.0316456,790.0
Vesper Sparrow,8,1,Aug_W1,0.0268007,597.0
Vesper Sparrow,8,2,Aug_W2,0.0165165,666.0
Vesper Sparrow,8,3,Aug_W3,0.0097324,822.0
Vesper Sparrow,8,4,Aug_W4,0.0276046,1123.0
Vesper Sparrow,9,1,Sep_W1,0.0308031,909.0
Vesper Sparrow,9,2,Sep_W2,0.0250784,957.0
Vesper Sparrow,9,3,Sep_W3,0.0228453,963.0
Vesper Sparrow,9,4,Sep_W4,0.0155697,1413.0
Vesper Sparrow,10,1,Oct_W1,0.0071721,976.0
Vesper Sparrow,10,2,Oct_W2,0.0090226,1330.0
Vesper Sparrow,10,3,Oct_W3,0.0055918,1073.0
Vesper Sparrow,10,4,Oct_W4,0.0017809,1123.0
Vesper Sparrow,11,1,Nov_W1,0.0,686.0
Vesper Sparrow,11,2,Nov_W2,0.0,662.0
Vesper Sparrow,11,3,Nov_W3,0.0,428.0
Vesper Sparrow,11,4,Nov_W4,0.0,339.0
Vesper Sparrow,12,1,Dec_W1,0.0,213.0
Vesper Sparrow,12,2,Dec_W2,0.0,275.0
Vesper Sparrow,12,3,Dec_W3,0.0,318.0
Vesper Sparrow,12,4,Dec_W4,0.0,931.0
LeConte's Sparrow,1,1,Jan_W1,0.0,1028.0
LeConte's Sparrow,1,2,Jan_W2,0.0,995.0
LeConte's Sparrow,1,3,Jan_W3,0.0,1544.0
LeConte's Sparrow,1,4,Jan_W4,0.0,1414.0
LeConte's Sparrow,2,1,Feb_W1,0.0,1431.0
LeConte's Sparrow,2,2,Feb_W2,0.0,1915.0
LeConte's Sparrow,2,3,Feb_W3,0.0,1788.0
LeConte's Sparrow,2,4,Feb_W4,0.0,669.0
LeConte's Sparrow,3,1,Mar_W1,0.0,543.0
LeConte's Sparrow,3,2,Mar_W2,0.0,364.0
LeConte's Sparrow,3,3,Mar_W3,0.0,681.0
LeConte's Sparrow,3,4,Mar_W4,0.0,1015.0
LeConte's Sparrow,4,1,Apr_W1,0.0,752.0
LeConte's Sparrow,4,2,Apr_W2,0.0,1082.0
LeConte's Sparrow,4,3,Apr_W3,0.0,1195.0
LeConte's Sparrow,4,4,Apr_W4,0.0007181,2785.0
LeConte's Sparrow,5,1,May_W1,0.0041068,1461.0
LeConte's Sparrow,5,2,May_W2,0.0028571,1400.0
LeConte's Sparrow,5,3,May_W3,0.0063539,2046.0
LeConte's Sparrow,5,4,May_W4,0.0218108,3943.0
LeConte's Sparrow,6,1,Jun_W1,0.0342377,1548.0
LeConte's Sparrow,6,2,Jun_W2,0.0409302,1075.0
LeConte's Sparrow,6,3,Jun_W3,0.0451671,1107.0
LeConte's Sparrow,6,4,Jun_W4,0.0342531,1051.0
LeConte's Sparrow,7,1,Jul_W1,0.0314465,795.0
LeConte's Sparrow,7,2,Jul_W2,0.0222603,584.0
LeConte's Sparrow,7,3,Jul_W3,0.0300188,533.0
LeConte's Sparrow,7,4,Jul_W4,0.0113924,790.0
LeConte's Sparrow,8,1,Aug_W1,0.0134003,597.0
LeConte's Sparrow,8,2,Aug_W2,0.018018,666.0
LeConte's Sparrow,8,3,Aug_W3,0.0085158,822.0
LeConte's Sparrow,8,4,Aug_W4,0.0044524,1123.0
LeConte's Sparrow,9,1,Sep_W1,0.0044004,909.0
LeConte's Sparrow,9,2,Sep_W2,0.0041797,957.0
LeConte's Sparrow,9,3,Sep_W3,0.0041537,963.0
LeConte's Sparrow,9,4,Sep_W4,0.0084926,1413.0
LeConte's Sparrow,10,1,Oct_W1,0.017418,976.0
LeConte's Sparrow,10,2,Oct_W2,0.0120301,1330.0
LeConte's Sparrow,10,3,Oct_W3,0.0,1073.0
LeConte's Sparrow,10,4,Oct_W4,0.0,1123.0
LeConte's Sparrow,11,1,Nov_W1,0.0,686.0
LeConte's Sparrow,11,2,Nov_W2,0.0,662.0
LeConte's Sparrow,11,3,Nov_W3,0.0,428.0
LeConte's Sparrow,11,4,Nov_W4,0.0,339.0
LeConte's Sparrow,12,1,Dec_W1,0.0,213.0
LeConte's Sparrow,12,2,Dec_W2,0.0,275.0
LeConte's Sparrow,12,3,Dec_W3,0.0,318.0
LeConte's Sparrow,12,4,Dec_W4,0.0,931.0
Nelson's Sparrow,1,1,Jan_W1,0.0,1028.0
Nelson's Sparrow,1,2,Jan_W2,0.0,995.0
Nelson's Sparrow,1,3,Jan_W3,0.0,1544.0
Nelson's Sparrow,1,4,Jan_W4,0.0,1414.0
Nelson's Sparrow,2,1,Feb_W1,0.0,1431.0
Nelson's Sparrow,2,2,Feb_W2,0.0,1915.0
Nelson's Sparrow,2,3,Feb_W3,0.0,1788.0
Nelson's Sparrow,2,4,Feb_W4,0.0,669.0
Nelson's Sparrow,3,1,Mar_W1,0.0,543.0
Nelson's Sparrow,3,2,Mar_W2,0.0,364.0
Nelson's Sparrow,3,3,Mar_W3,0.0,681.0
Nelson's Sparrow,3,4,Mar_W4,0.0,1015.0
Nelson's Sparrow,4,1,Apr_W1,0.0,752.0
Nelson's Sparrow,4,2,Apr_W2,0.0,1082.0
Nelson's Sparrow,4,3,Apr_W3,0.0,1195.0
Nelson's Sparrow,4,4,Apr_W4,0.0,2785.0
Nelson's Sparrow,5,1,May_W1,0.0,1461.0
Nelson's Sparrow,5,2,May_W2,0.0,1400.0
Nelson's Sparrow,5,3,May_W3,0.0,2046.0
Nelson's Sparrow,5,4,May_W4,0.0002536,3943.0
Nelson's Sparrow,6,1,Jun_W1,0.0,1548.0
Nelson's Sparrow,6,2,Jun_W2,0.0015,1075.0
Nelson's Sparrow,6,3,Jun_W3,0.0,1107.0
Nelson's Sparrow,6,4,Jun_W4,0.0,1051.0
Nelson's Sparrow,7,1,Jul_W1,0.0,795.0
Nelson's Sparrow,7,2,Jul_W2,0.0,584.0
Nelson's Sparrow,7,3,Jul_W3,0.0,533.0
Nelson's Sparrow,7,4,Jul_W4,0.0,790.0
Nelson's Sparrow,8,1,Aug_W1,0.0,597.0
Nelson's Sparrow,8,2,Aug_W2,0.0,666.0
Nelson's Sparrow,8,3,Aug_W3,0.0,822.0
Nelson's Sparrow,8,4,Aug_W4,0.0,1123.0
Nelson's Sparrow,9,1,Sep_W1,0.0,909.0
Nelson's Sparrow,9,2,Sep_W2,0.0,957.0
Nelson's Sparrow,9,3,Sep_W3,0.0,963.0
Nelson's Sparrow,9,4,Sep_W4,0.0028309,1413.0
Nelson's Sparrow,10,1,Oct_W1,0.0,976.0
Nelson's Sparrow,10,2,Oct_W2,0.0015,1330.0
Nelson's Sparrow,10,3,Oct_W3,0.0,1073.0
Nelson's Sparrow,10,4,Oct_W4,0.0,1123.0
Nelson's Sparrow,11,1,Nov_W1,0.0,686.0
Nelson's Sparrow,11,2,Nov_W2,0.0,662.0
Nelson's Sparrow,11,3,Nov_W3,0.0,428.0
Nelson's Sparrow,11,4,Nov_W4,0.0,339.0
Nelson's Sparrow,12,1,Dec_W1,0.0,213.0
Nelson's Sparrow,12,2,Dec_W2,0.0,275.0
Nelson's Sparrow,12,3,Dec_W3,0.0,318.0
Nelson's Sparrow,12,4,Dec_W4,0.0,931.0
Savannah Sparrow,1,1,Jan_W1,0.0,1028.0
Savannah Sparrow,1,2,Jan_W2,0.0,995.0
Savannah Sparrow,1,3,Jan_W3,0.0,1544.0
Savannah Sparrow,1,4,Jan_W4,0.0,1414.0
Savannah Sparrow,2,1,Feb_W1,0.0,1431.0
Savannah Sparrow,2,2,Feb_W2,0.0,1915.0
Savannah Sparrow,2,3,Feb_W3,0.0,1788.0
Savannah Sparrow,2,4,Feb_W4,0.0,669.0
Savannah Sparrow,3,1,Mar_W1,0.0,543.0
Savannah Sparrow,3,2,Mar_W2,0.0,364.0
Savannah Sparrow,3,3,Mar_W3,0.0,681.0
Savannah Sparrow,3,4,Mar_W4,0.0,1015.0
Savannah Sparrow,4,1,Apr_W1,0.0,752.0
Savannah Sparrow,4,2,Apr_W2,0.0009242,1082.0
Savannah Sparrow,4,3,Apr_W3,0.0384937,1195.0
Savannah Sparrow,4,4,Apr_W4,0.0394973,2785.0
Savannah Sparrow,5,1,May_W1,0.0540726,1461.0
Savannah Sparrow,5,2,May_W2,0.0885714,1400.0
Savannah Sparrow,5,3,May_W3,0.1212121,2046.0
Savannah Sparrow,5,4,May_W4,0.1257925,3943.0
Savannah Sparrow,6,1,Jun_W1,0.1350129,1548.0
Savannah Sparrow,6,2,Jun_W2,0.1302326,1075.0
Savannah Sparrow,6,3,Jun_W3,0.1770551,1107.0
Savannah Sparrow,6,4,Jun_W4,0.168411,1051.0
Savannah Sparrow,7,1,Jul_W1,0.1119497,795.0
Savannah Sparrow,7,2,Jul_W2,0.1267123,584.0
Savannah Sparrow,7,3,Jul_W3,0.1050657,533.0
Savannah Sparrow,7,4,Jul_W4,0.0670886,790.0
Savannah Sparrow,8,1,Aug_W1,0.0653266,597.0
Savannah Sparrow,8,2,Aug_W2,0.0735736,666.0
Savannah Sparrow,8,3,Aug_W3,0.0790754,822.0
Savannah Sparrow,8,4,Aug_W4,0.1219947,1123.0
Savannah Sparrow,9,1,Sep_W1,0.1881188,909.0
Savannah Sparrow,9,2,Sep_W2,0.2528736,957.0
Savannah Sparrow,9,3,Sep_W3,0.2772586,963.0
Savannah Sparrow,9,4,Sep_W4,0.2618542,1413.0
Savannah Sparrow,10,1,Oct_W1,0.1506148,976.0
Savannah Sparrow,10,2,Oct_W2,0.0879699,1330.0
Savannah Sparrow,10,3,Oct_W3,0.0410065,1073.0
Savannah Sparrow,10,4,Oct_W4,0.0249332,1123.0
Savannah Sparrow,11,1,Nov_W1,0.0087464,686.0
Savannah Sparrow,11,2,Nov_W2,0.0045317,662.0
Savannah Sparrow,11,3,Nov_W3,0.0,428.0
Savannah Sparrow,11,4,Nov_W4,0.0,339.0
Savannah Sparrow,12,1,Dec_W1,0.0046948,213.0
Savannah Sparrow,12,2,Dec_W2,0.0,275.0
Savannah Sparrow,12,3,Dec_W3,0.0,318.0
Savannah Sparrow,12,4,Dec_W4,0.0,931.0
Henslow's Sparrow,1,1,Jan_W1,0.0,1028.0
Henslow's Sparrow,1,2,Jan_W2,0.0,995.0
Henslow's Sparrow,1,3,Jan_W3,0.0,1544.0
Henslow's Sparrow,1,4,Jan_W4,0.0,1414.0
Henslow's Sparrow,2,1,Feb_W1,0.0,1431.0
Henslow's Sparrow,2,2,Feb_W2,0.0,1915.0
Henslow's Sparrow,2,3,Feb_W3,0.0,1788.0
Henslow's Sparrow,2,4,Feb_W4,0.0,669.0
Henslow's Sparrow,3,1,Mar_W1,0.0,543.0
Henslow's Sparrow,3,2,Mar_W2,0.0,364.0
Henslow's Sparrow,3,3,Mar_W3,0.0,681.0
Henslow's Sparrow,3,4,Mar_W4,0.0,1015.0
Henslow's Sparrow,4,1,Apr_W1,0.0,752.0
Henslow's Sparrow,4,2,Apr_W2,0.0,1082.0
Henslow's Sparrow,4,3,Apr_W3,0.0,1195.0
Henslow's Sparrow,4,4,Apr_W4,0.0,2785.0
Henslow's Sparrow,5,1,May_W1,0.0,1461.0
Henslow's Sparrow,5,2,May_W2,0.0,1400.0
Henslow's Sparrow,5,3,May_W3,0.0,2046.0
Henslow's Sparrow,5,4,May_W4,0.0002536,3943.0
Henslow's Sparrow,6,1,Jun_W1,0.0,1548.0
Henslow's Sparrow,6,2,Jun_W2,0.0,1075.0
Henslow's Sparrow,6,3,Jun_W3,0.0,1107.0
Henslow's Sparrow,6,4,Jun_W4,0.0,1051.0
Henslow's Sparrow,7,1,Jul_W1,0.0,795.0
Henslow's Sparrow,7,2,Jul_W2,0.0,584.0
Henslow's Sparrow,7,3,Jul_W3,0.0,533.0
Henslow's Sparrow,7,4,Jul_W4,0.0,790.0
Henslow's Sparrow,8,1,Aug_W1,0.0,597.0
Henslow's Sparrow,8,2,Aug_W2,0.0,666.0
Henslow's Sparrow,8,3,Aug_W3,0.0,822.0
Henslow's Sparrow,8,4,Aug_W4,0.0,1123.0
Henslow's Sparrow,9,1,Sep_W1,0.0,909.0
Henslow's Sparrow,9,2,Sep_W2,0.0,957.0
Henslow's Sparrow,9,3,Sep_W3,0.0,963.0
Henslow's Sparrow,9,4,Sep_W4,0.0,1413.0
Henslow's Sparrow,10,1,Oct_W1,0.0,976.0
Henslow's Sparrow,10,2,Oct_W2,0.0,1330.0
Henslow's Sparrow,10,3,Oct_W3,0.0,1073.0
Henslow's Sparrow,10,4,Oct_W4,0.0,1123.0
Henslow's Sparrow,11,1,Nov_W1,0.0,686.0
Henslow's Sparrow,11,2,Nov_W2,0.0,662.0
Henslow's Sparrow,11,3,Nov_W3,0.0,428.0
Henslow's Sparrow,11,4,Nov_W4,0.0,339.0
Henslow's Sparrow,12,1,Dec_W1,0.0,213.0
Henslow's Sparrow,12,2,Dec_W2,0.0,275.0
Henslow's Sparrow,12,3,Dec_W3,0.0,318.0
Henslow's Sparrow,12,4,Dec_W4,0.0,931.0
Song Sparrow,1,1,Jan_W1,0.0,1028.0
Song Sparrow,1,2,Jan_W2,0.0020101,995.0
Song Sparrow,1,3,Jan_W3,0.001943,1544.0
Song Sparrow,1,4,Jan_W4,0.0014144,1414.0
Song Sparrow,2,1,Feb_W1,0.0,1431.0
Song Sparrow,2,2,Feb_W2,0.0,1915.0
Song Sparrow,2,3,Feb_W3,0.0,1788.0
Song Sparrow,2,4,Feb_W4,0.0014948,669.0
Song Sparrow,3,1,Mar_W1,0.0018416,543.0
Song Sparrow,3,2,Mar_W2,0.0,364.0
Song Sparrow,3,3,Mar_W3,0.0058737,681.0
Song Sparrow,3,4,Mar_W4,0.0384236,1015.0
Song Sparrow,4,1,Apr_W1,0.1077128,752.0
Song Sparrow,4,2,Apr_W2,0.2449168,1082.0
Song Sparrow,4,3,Apr_W3,0.2937238,1195.0
Song Sparrow,4,4,Apr_W4,0.2987433,2785.0
Song Sparrow,5,1,May_W1,0.2614648,1461.0
Song Sparrow,5,2,May_W2,0.2235714,1400.0
Song Sparrow,5,3,May_W3,0.2184751,2046.0
Song Sparrow,5,4,May_W4,0.2285062,3943.0
Song Sparrow,6,1,Jun_W1,0.2764858,1548.0
Song Sparrow,6,2,Jun_W2,0.3302326,1075.0
Song Sparrow,6,3,Jun_W3,0.3703704,1107.0
Song Sparrow,6,4,Jun_W4,0.3520457,1051.0
Song Sparrow,7,1,Jul_W1,0.3786164,795.0
Song Sparrow,7,2,Jul_W2,0.3664384,584.0
Song Sparrow,7,3,Jul_W3,0.3358349,533.0
Song Sparrow,7,4,Jul_W4,0.3278481,790.0
Song Sparrow,8,1,Aug_W1,0.2948074,597.0
Song Sparrow,8,2,Aug_W2,0.2567568,666.0
Song Sparrow,8,3,Aug_W3,0.176399,822.0
Song Sparrow,8,4,Aug_W4,0.1513802,1123.0
Song Sparrow,9,1,Sep_W1,0.0946095,909.0
Song Sparrow,9,2,Sep_W2,0.1159875,957.0
Song Sparrow,9,3,Sep_W3,0.1183801,963.0
Song Sparrow,9,4,Sep_W4,0.1443737,1413.0
Song Sparrow,10,1,Oct_W1,0.1598361,976.0
Song Sparrow,10,2,Oct_W2,0.1172932,1330.0
Song Sparrow,10,3,Oct_W3,0.0717614,1073.0
Song Sparrow,10,4,Oct_W4,0.064114,1123.0
Song Sparrow,11,1,Nov_W1,0.0204082,686.0
Song Sparrow,11,2,Nov_W2,0.0226586,662.0
Song Sparrow,11,3,Nov_W3,0.0,428.0
Song Sparrow,11,4,Nov_W4,0.0029499,339.0
Song Sparrow,12,1,Dec_W1,0.0,213.0
Song Sparrow,12,2,Dec_W2,0.0,275.0
Song Sparrow,12,3,Dec_W3,0.0,318.0
Song Sparrow,12,4,Dec_W4,0.0,931.0
Lincoln's Sparrow,1,1,Jan_W1,0.0,1028.0
Lincoln's Sparrow,1,2,Jan_W2,0.0,995.0
Lincoln's Sparrow,1,3,Jan_W3,0.0,1544.0
Lincoln's Sparrow,1,4,Jan_W4,0.0,1414.0
Lincoln's Sparrow,2,1,Feb_W1,0.0,1431.0
Lincoln's Sparrow,2,2,Feb_W2,0.0,1915.0
Lincoln's Sparrow,2,3,Feb_W3,0.0,1788.0
Lincoln's Sparrow,2,4,Feb_W4,0.0,669.0
Lincoln's Sparrow,3,1,Mar_W1,0.0,543.0
Lincoln's Sparrow,3,2,Mar_W2,0.0,364.0
Lincoln's Sparrow,3,3,Mar_W3,0.0,681.0
Lincoln's Sparrow,3,4,Mar_W4,0.0,1015.0
Lincoln's Sparrow,4,1,Apr_W1,0.0,752.0
Lincoln's Sparrow,4,2,Apr_W2,0.0,1082.0
Lincoln's Sparrow,4,3,Apr_W3,0.0,1195.0
Lincoln's Sparrow,4,4,Apr_W4,0.0043088,2785.0
Lincoln's Sparrow,5,1,May_W1,0.0485969,1461.0
Lincoln's Sparrow,5,2,May_W2,0.0635714,1400.0
Lincoln's Sparrow,5,3,May_W3,0.0620723,2046.0
Lincoln's Sparrow,5,4,May_W4,0.0705047,3943.0
Lincoln's Sparrow,6,1,Jun_W1,0.0574935,1548.0
Lincoln's Sparrow,6,2,Jun_W2,0.0455814,1075.0
Lincoln's Sparrow,6,3,Jun_W3,0.0551039,1107.0
Lincoln's Sparrow,6,4,Jun_W4,0.0447193,1051.0
Lincoln's Sparrow,7,1,Jul_W1,0.0352201,795.0
Lincoln's Sparrow,7,2,Jul_W2,0.0205479,584.0
Lincoln's Sparrow,7,3,Jul_W3,0.0393996,533.0
Lincoln's Sparrow,7,4,Jul_W4,0.0278481,790.0
Lincoln's Sparrow,8,1,Aug_W1,0.0284757,597.0
Lincoln's Sparrow,8,2,Aug_W2,0.0165165,666.0
Lincoln's Sparrow,8,3,Aug_W3,0.0291971,822.0
Lincoln's Sparrow,8,4,Aug_W4,0.0284951,1123.0
Lincoln's Sparrow,9,1,Sep_W1,0.0836084,909.0
Lincoln's Sparrow,9,2,Sep_W2,0.1118077,957.0
Lincoln's Sparrow,9,3,Sep_W3,0.1121495,963.0
Lincoln's Sparrow,9,4,Sep_W4,0.1372965,1413.0
Lincoln's Sparrow,10,1,Oct_W1,0.1157787,976.0
Lincoln's Sparrow,10,2,Oct_W2,0.0729323,1330.0
Lincoln's Sparrow,10,3,Oct_W3,0.0307549,1073.0
Lincoln's Sparrow,10,4,Oct_W4,0.0044524,1123.0
Lincoln's Sparrow,11,1,Nov_W1,0.0014577,686.0
Lincoln's Sparrow,11,2,Nov_W2,0.0015,662.0
Lincoln's Sparrow,11,3,Nov_W3,0.0,428.0
Lincoln's Sparrow,11,4,Nov_W4,0.0,339.0
Lincoln's Sparrow,12,1,Dec_W1,0.0,213.0
Lincoln's Sparrow,12,2,Dec_W2,0.0,275.0
Lincoln's Sparrow,12,3,Dec_W3,0.0,318.0
Lincoln's Sparrow,12,4,Dec_W4,0.0,931.0
Swamp Sparrow,1,1,Jan_W1,0.0058366,1028.0
Swamp Sparrow,1,2,Jan_W2,0.001005,995.0
Swamp Sparrow,1,3,Jan_W3,0.0,1544.0
Swamp Sparrow,1,4,Jan_W4,0.0,1414.0
Swamp Sparrow,2,1,Feb_W1,0.0,1431.0
Swamp Sparrow,2,2,Feb_W2,0.0,1915.0
Swamp Sparrow,2,3,Feb_W3,0.0,1788.0
Swamp Sparrow,2,4,Feb_W4,0.0,669.0
Swamp Sparrow,3,1,Mar_W1,0.0,543.0
Swamp Sparrow,3,2,Mar_W2,0.0,364.0
Swamp Sparrow,3,3,Mar_W3,0.0,681.0
Swamp Sparrow,3,4,Mar_W4,0.0,1015.0
Swamp Sparrow,4,1,Apr_W1,0.0,752.0
Swamp Sparrow,4,2,Apr_W2,0.0,1082.0
Swamp Sparrow,4,3,Apr_W3,0.0142259,1195.0
Swamp Sparrow,4,4,Apr_W4,0.0405745,2785.0
Swamp Sparrow,5,1,May_W1,0.065024,1461.0
Swamp Sparrow,5,2,May_W2,0.0657143,1400.0
Swamp Sparrow,5,3,May_W3,0.0913978,2046.0
Swamp Sparrow,5,4,May_W4,0.1055034,3943.0
Swamp Sparrow,6,1,Jun_W1,0.1543928,1548.0
Swamp Sparrow,6,2,Jun_W2,0.1544186,1075.0
Swamp Sparrow,6,3,Jun_W3,0.1779584,1107.0
Swamp Sparrow,6,4,Jun_W4,0.2017127,1051.0
Swamp Sparrow,7,1,Jul_W1,0.1496855,795.0
Swamp Sparrow,7,2,Jul_W2,0.1438356,584.0
Swamp Sparrow,7,3,Jul_W3,0.1294559,533.0
Swamp Sparrow,7,4,Jul_W4,0.0987342,790.0
Swamp Sparrow,8,1,Aug_W1,0.0636516,597.0
Swamp Sparrow,8,2,Aug_W2,0.0525526,666.0
Swamp Sparrow,8,3,Aug_W3,0.0596107,822.0
Swamp Sparrow,8,4,Aug_W4,0.0516474,1123.0
Swamp Sparrow,9,1,Sep_W1,0.0924092,909.0
Swamp Sparrow,9,2,Sep_W2,0.107628,957.0
Swamp Sparrow,9,3,Sep_W3,0.0996885,963.0
Swamp Sparrow,9,4,Sep_W4,0.1464968,1413.0
Swamp Sparrow,10,1,Oct_W1,0.1895492,976.0
Swamp Sparrow,10,2,Oct_W2,0.1766917,1330.0
Swamp Sparrow,10,3,Oct_W3,0.0876048,1073.0
Swamp Sparrow,10,4,Oct_W4,0.0569902,1123.0
Swamp Sparrow,11,1,Nov_W1,0.0131195,686.0
Swamp Sparrow,11,2,Nov_W2,0.0045317,662.0
Swamp Sparrow,11,3,Nov_W3,0.0023364,428.0
Swamp Sparrow,11,4,Nov_W4,0.0,339.0
Swamp Sparrow,12,1,Dec_W1,0.0,213.0
Swamp Sparrow,12,2,Dec_W2,0.0,275.0
Swamp Sparrow,12,3,Dec_W3,0.0,318.0
Swamp Sparrow,12,4,Dec_W4,0.0053706,931.0
Green-tailed Towhee,1,1,Jan_W1,0.0,1028.0
Green-tailed Towhee,1,2,Jan_W2,0.0,995.0
Green-tailed Towhee,1,3,Jan_W3,0.0,1544.0
Green-tailed Towhee,1,4,Jan_W4,0.0,1414.0
Green-tailed Towhee,2,1,Feb_W1,0.0,1431.0
Green-tailed Towhee,2,2,Feb_W2,0.0,1915.0
Green-tailed Towhee,2,3,Feb_W3,0.0,1788.0
Green-tailed Towhee,2,4,Feb_W4,0.0,669.0
Green-tailed Towhee,3,1,Mar_W1,0.0,543.0
Green-tailed Towhee,3,2,Mar_W2,0.0,364.0
Green-tailed Towhee,3,3,Mar_W3,0.0,681.0
Green-tailed Towhee,3,4,Mar_W4,0.0,1015.0
Green-tailed Towhee,4,1,Apr_W1,0.0,752.0
Green-tailed Towhee,4,2,Apr_W2,0.0,1082.0
Green-tailed Towhee,4,3,Apr_W3,0.0,1195.0
Green-tailed Towhee,4,4,Apr_W4,0.0,2785.0
Green-tailed Towhee,5,1,May_W1,0.0,1461.0
Green-tailed Towhee,5,2,May_W2,0.0,1400.0
Green-tailed Towhee,5,3,May_W3,0.0,2046.0
Green-tailed Towhee,5,4,May_W4,0.0,3943.0
Green-tailed Towhee,6,1,Jun_W1,0.0,1548.0
Green-tailed Towhee,6,2,Jun_W2,0.0,1075.0
Green-tailed Towhee,6,3,Jun_W3,0.0,1107.0
Green-tailed Towhee,6,4,Jun_W4,0.0,1051.0
Green-tailed Towhee,7,1,Jul_W1,0.0,795.0
Green-tailed Towhee,7,2,Jul_W2,0.0,584.0
Green-tailed Towhee,7,3,Jul_W3,0.0,533.0
Green-tailed Towhee,7,4,Jul_W4,0.0,790.0
Green-tailed Towhee,8,1,Aug_W1,0.0,597.0
Green-tailed Towhee,8,2,Aug_W2,0.0,666.0
Green-tailed Towhee,8,3,Aug_W3,0.0,822.0
Green-tailed Towhee,8,4,Aug_W4,0.0,1123.0
Green-tailed Towhee,9,1,Sep_W1,0.0,909.0
Green-tailed Towhee,9,2,Sep_W2,0.0,957.0
Green-tailed Towhee,9,3,Sep_W3,0.0,963.0
Green-tailed Towhee,9,4,Sep_W4,0.0015,1413.0
Green-tailed Towhee,10,1,Oct_W1,0.0,976.0
Green-tailed Towhee,10,2,Oct_W2,0.0,1330.0
Green-tailed Towhee,10,3,Oct_W3,0.0027959,1073.0
Green-tailed Towhee,10,4,Oct_W4,0.0,1123.0
Green-tailed Towhee,11,1,Nov_W1,0.0,686.0
Green-tailed Towhee,11,2,Nov_W2,0.0,662.0
Green-tailed Towhee,11,3,Nov_W3,0.0,428.0
Green-tailed Towhee,11,4,Nov_W4,0.0,339.0
Green-tailed Towhee,12,1,Dec_W1,0.0,213.0
Green-tailed Towhee,12,2,Dec_W2,0.0,275.0
Green-tailed Towhee,12,3,Dec_W3,0.0,318.0
Green-tailed Towhee,12,4,Dec_W4,0.0,931.0
Spotted Towhee,1,1,Jan_W1,0.0,1028.0
Spotted Towhee,1,2,Jan_W2,0.0,995.0
Spotted Towhee,1,3,Jan_W3,0.0,1544.0
Spotted Towhee,1,4,Jan_W4,0.0,1414.0
Spotted Towhee,2,1,Feb_W1,0.0,1431.0
Spotted Towhee,2,2,Feb_W2,0.0,1915.0
Spotted Towhee,2,3,Feb_W3,0.0,1788.0
Spotted Towhee,2,4,Feb_W4,0.0,669.0
Spotted Towhee,3,1,Mar_W1,0.0,543.0
Spotted Towhee,3,2,Mar_W2,0.0,364.0
Spotted Towhee,3,3,Mar_W3,0.0,681.0
Spotted Towhee,3,4,Mar_W4,0.0,1015.0
Spotted Towhee,4,1,Apr_W1,0.0,752.0
Spotted Towhee,4,2,Apr_W2,0.0,1082.0
Spotted Towhee,4,3,Apr_W3,0.0,1195.0
Spotted Towhee,4,4,Apr_W4,0.0,2785.0
Spotted Towhee,5,1,May_W1,0.0,1461.0
Spotted Towhee,5,2,May_W2,0.0,1400.0
Spotted Towhee,5,3,May_W3,0.0,2046.0
Spotted Towhee,5,4,May_W4,0.0,3943.0
Spotted Towhee,6,1,Jun_W1,0.0,1548.0
Spotted Towhee,6,2,Jun_W2,0.0,1075.0
Spotted Towhee,6,3,Jun_W3,0.0,1107.0
Spotted Towhee,6,4,Jun_W4,0.0,1051.0
Spotted Towhee,7,1,Jul_W1,0.0,795.0
Spotted Towhee,7,2,Jul_W2,0.0,584.0
Spotted Towhee,7,3,Jul_W3,0.0,533.0
Spotted Towhee,7,4,Jul_W4,0.0,790.0
Spotted Towhee,8,1,Aug_W1,0.0,597.0
Spotted Towhee,8,2,Aug_W2,0.0,666.0
Spotted Towhee,8,3,Aug_W3,0.0,822.0
Spotted Towhee,8,4,Aug_W4,0.0,1123.0
Spotted Towhee,9,1,Sep_W1,0.0,909.0
Spotted Towhee,9,2,Sep_W2,0.0,957.0
Spotted Towhee,9,3,Sep_W3,0.0,963.0
Spotted Towhee,9,4,Sep_W4,0.0,1413.0
Spotted Towhee,10,1,Oct_W1,0.0071721,976.0
Spotted Towhee,10,2,Oct_W2,0.0,1330.0
Spotted Towhee,10,3,Oct_W3,0.0,1073.0
Spotted Towhee,10,4,Oct_W4,0.0525378,1123.0
Spotted Towhee,11,1,Nov_W1,0.0102041,686.0
Spotted Towhee,11,2,Nov_W2,0.0,662.0
Spotted Towhee,11,3,Nov_W3,0.0,428.0
Spotted Towhee,11,4,Nov_W4,0.0,339.0
Spotted Towhee,12,1,Dec_W1,0.0,213.0
Spotted Towhee,12,2,Dec_W2,0.0,275.0
Spotted Towhee,12,3,Dec_W3,0.0,318.0
Spotted Towhee,12,4,Dec_W4,0.0,931.0
Eastern Towhee,1,1,Jan_W1,0.0,1028.0
Eastern Towhee,1,2,Jan_W2,0.0,995.0
Eastern Towhee,1,3,Jan_W3,0.0,1544.0
Eastern Towhee,1,4,Jan_W4,0.0,1414.0
Eastern Towhee,2,1,Feb_W1,0.0,1431.0
Eastern Towhee,2,2,Feb_W2,0.0005222,1915.0
Eastern Towhee,2,3,Feb_W3,0.0005593,1788.0
Eastern Towhee,2,4,Feb_W4,0.0014948,669.0
Eastern Towhee,3,1,Mar_W1,0.0,543.0
Eastern Towhee,3,2,Mar_W2,0.0,364.0
Eastern Towhee,3,3,Mar_W3,0.0,681.0
Eastern Towhee,3,4,Mar_W4,0.0,1015.0
Eastern Towhee,4,1,Apr_W1,0.0,752.0
Eastern Towhee,4,2,Apr_W2,0.0009242,1082.0
Eastern Towhee,4,3,Apr_W3,0.0015,1195.0
Eastern Towhee,4,4,Apr_W4,0.0111311,2785.0
Eastern Towhee,5,1,May_W1,0.0102669,1461.0
Eastern Towhee,5,2,May_W2,0.0028571,1400.0
Eastern Towhee,5,3,May_W3,0.0053763,2046.0
Eastern Towhee,5,4,May_W4,0.0068476,3943.0
Eastern Towhee,6,1,Jun_W1,0.0064599,1548.0
Eastern Towhee,6,2,Jun_W2,0.0009302,1075.0
Eastern Towhee,6,3,Jun_W3,0.0063234,1107.0
Eastern Towhee,6,4,Jun_W4,0.0019029,1051.0
Eastern Towhee,7,1,Jul_W1,0.0025157,795.0
Eastern Towhee,7,2,Jul_W2,0.0034247,584.0
Eastern Towhee,7,3,Jul_W3,0.0,533.0
Eastern Towhee,7,4,Jul_W4,0.0025316,790.0
Eastern Towhee,8,1,Aug_W1,0.0,597.0
Eastern Towhee,8,2,Aug_W2,0.003003,666.0
Eastern Towhee,8,3,Aug_W3,0.0012165,822.0
Eastern Towhee,8,4,Aug_W4,0.0,1123.0
Eastern Towhee,9,1,Sep_W1,0.0011001,909.0
Eastern Towhee,9,2,Sep_W2,0.0,957.0
Eastern Towhee,9,3,Sep_W3,0.0010384,963.0
Eastern Towhee,9,4,Sep_W4,0.0015,1413.0
Eastern Towhee,10,1,Oct_W1,0.0,976.0
Eastern Towhee,10,2,Oct_W2,0.0015038,1330.0
Eastern Towhee,10,3,Oct_W3,0.0242311,1073.0
Eastern Towhee,10,4,Oct_W4,0.0062333,1123.0
Eastern Towhee,11,1,Nov_W1,0.0145773,686.0
Eastern Towhee,11,2,Nov_W2,0.0015106,662.0
Eastern Towhee,11,3,Nov_W3,0.0,428.0
Eastern Towhee,11,4,Nov_W4,0.0,339.0
Eastern Towhee,12,1,Dec_W1,0.0,213.0
Eastern Towhee,12,2,Dec_W2,0.0,275.0
Eastern Towhee,12,3,Dec_W3,0.0,318.0
Eastern Towhee,12,4,Dec_W4,0.0015,931.0
Yellow-breasted Chat,1,1,Jan_W1,0.0,1028.0
Yellow-breasted Chat,1,2,Jan_W2,0.0,995.0
Yellow-breasted Chat,1,3,Jan_W3,0.0,1544.0
Yellow-breasted Chat,1,4,Jan_W4,0.0,1414.0
Yellow-breasted Chat,2,1,Feb_W1,0.0,1431.0
Yellow-breasted Chat,2,2,Feb_W2,0.0,1915.0
Yellow-breasted Chat,2,3,Feb_W3,0.0,1788.0
Yellow-breasted Chat,2,4,Feb_W4,0.0,669.0
Yellow-breasted Chat,3,1,Mar_W1,0.0,543.0
Yellow-breasted Chat,3,2,Mar_W2,0.0,364.0
Yellow-breasted Chat,3,3,Mar_W3,0.0,681.0
Yellow-breasted Chat,3,4,Mar_W4,0.0,1015.0
Yellow-breasted Chat,4,1,Apr_W1,0.0,752.0
Yellow-breasted Chat,4,2,Apr_W2,0.0,1082.0
Yellow-breasted Chat,4,3,Apr_W3,0.0,1195.0
Yellow-breasted Chat,4,4,Apr_W4,0.0,2785.0
Yellow-breasted Chat,5,1,May_W1,0.0015,1461.0
Yellow-breasted Chat,5,2,May_W2,0.0,1400.0
Yellow-breasted Chat,5,3,May_W3,0.0,2046.0
Yellow-breasted Chat,5,4,May_W4,0.0015,3943.0
Yellow-breasted Chat,6,1,Jun_W1,0.0,1548.0
Yellow-breasted Chat,6,2,Jun_W2,0.0,1075.0
Yellow-breasted Chat,6,3,Jun_W3,0.0,1107.0
Yellow-breasted Chat,6,4,Jun_W4,0.0,1051.0
Yellow-breasted Chat,7,1,Jul_W1,0.0,795.0
Yellow-breasted Chat,7,2,Jul_W2,0.0,584.0
Yellow-breasted Chat,7,3,Jul_W3,0.0,533.0
Yellow-breasted Chat,7,4,Jul_W4,0.0,790.0
Yellow-breasted Chat,8,1,Aug_W1,0.0,597.0
Yellow-breasted Chat,8,2,Aug_W2,0.0,666.0
Yellow-breasted Chat,8,3,Aug_W3,0.0,822.0
Yellow-breasted Chat,8,4,Aug_W4,0.0,1123.0
Yellow-breasted Chat,9,1,Sep_W1,0.0,909.0
Yellow-breasted Chat,9,2,Sep_W2,0.0,957.0
Yellow-breasted Chat,9,3,Sep_W3,0.0015,963.0
Yellow-breasted Chat,9,4,Sep_W4,0.0,1413.0
Yellow-breasted Chat,10,1,Oct_W1,0.0,976.0
Yellow-breasted Chat,10,2,Oct_W2,0.0007519,1330.0
Yellow-breasted Chat,10,3,Oct_W3,0.0,1073.0
Yellow-breasted Chat,10,4,Oct_W4,0.0,1123.0
Yellow-breasted Chat,11,1,Nov_W1,0.0,686.0
Yellow-breasted Chat,11,2,Nov_W2,0.0,662.0
Yellow-breasted Chat,11,3,Nov_W3,0.0,428.0
Yellow-breasted Chat,11,4,Nov_W4,0.0,339.0
Yellow-breasted Chat,12,1,Dec_W1,0.0,213.0
Yellow-breasted Chat,12,2,Dec_W2,0.0,275.0
Yellow-breasted Chat,12,3,Dec_W3,0.0,318.0
Yellow-breasted Chat,12,4,Dec_W4,0.0,931.0
Yellow-headed Blackbird,1,1,Jan_W1,0.0,1028.0
Yellow-headed Blackbird,1,2,Jan_W2,0.0,995.0
Yellow-headed Blackbird,1,3,Jan_W3,0.0,1544.0
Yellow-headed Blackbird,1,4,Jan_W4,0.0,1414.0
Yellow-headed Blackbird,2,1,Feb_W1,0.0,1431.0
Yellow-headed Blackbird,2,2,Feb_W2,0.0,1915.0
Yellow-headed Blackbird,2,3,Feb_W3,0.0,1788.0
Yellow-headed Blackbird,2,4,Feb_W4,0.0,669.0
Yellow-headed Blackbird,3,1,Mar_W1,0.0,543.0
Yellow-headed Blackbird,3,2,Mar_W2,0.0,364.0
Yellow-headed Blackbird,3,3,Mar_W3,0.0,681.0
Yellow-headed Blackbird,3,4,Mar_W4,0.0,1015.0
Yellow-headed Blackbird,4,1,Apr_W1,0.0,752.0
Yellow-headed Blackbird,4,2,Apr_W2,0.0009242,1082.0
Yellow-headed Blackbird,4,3,Apr_W3,0.0016736,1195.0
Yellow-headed Blackbird,4,4,Apr_W4,0.0025135,2785.0
Yellow-headed Blackbird,5,1,May_W1,0.0,1461.0
Yellow-headed Blackbird,5,2,May_W2,0.0064286,1400.0
Yellow-headed Blackbird,5,3,May_W3,0.0004888,2046.0
Yellow-headed Blackbird,5,4,May_W4,0.0025361,3943.0
Yellow-headed Blackbird,6,1,Jun_W1,0.005168,1548.0
Yellow-headed Blackbird,6,2,Jun_W2,0.0,1075.0
Yellow-headed Blackbird,6,3,Jun_W3,0.0,1107.0
Yellow-headed Blackbird,6,4,Jun_W4,0.0,1051.0
Yellow-headed Blackbird,7,1,Jul_W1,0.0,795.0
Yellow-headed Blackbird,7,2,Jul_W2,0.0,584.0
Yellow-headed Blackbird,7,3,Jul_W3,0.0,533.0
Yellow-headed Blackbird,7,4,Jul_W4,0.0,790.0
Yellow-headed Blackbird,8,1,Aug_W1,0.0,597.0
Yellow-headed Blackbird,8,2,Aug_W2,0.0,666.0
Yellow-headed Blackbird,8,3,Aug_W3,0.0012165,822.0
Yellow-headed Blackbird,8,4,Aug_W4,0.0026714,1123.0
Yellow-headed Blackbird,9,1,Sep_W1,0.0055006,909.0
Yellow-headed Blackbird,9,2,Sep_W2,0.0031348,957.0
Yellow-headed Blackbird,9,3,Sep_W3,0.0015,963.0
Yellow-headed Blackbird,9,4,Sep_W4,0.0,1413.0
Yellow-headed Blackbird,10,1,Oct_W1,0.0,976.0
Yellow-headed Blackbird,10,2,Oct_W2,0.0,1330.0
Yellow-headed Blackbird,10,3,Oct_W3,0.0,1073.0
Yellow-headed Blackbird,10,4,Oct_W4,0.0,1123.0
Yellow-headed Blackbird,11,1,Nov_W1,0.0,686.0
Yellow-headed Blackbird,11,2,Nov_W2,0.0,662.0
Yellow-headed Blackbird,11,3,Nov_W3,0.0,428.0
Yellow-headed Blackbird,11,4,Nov_W4,0.0,339.0
Yellow-headed Blackbird,12,1,Dec_W1,0.0,213.0
Yellow-headed Blackbird,12,2,Dec_W2,0.0,275.0
Yellow-headed Blackbird,12,3,Dec_W3,0.0,318.0
Yellow-headed Blackbird,12,4,Dec_W4,0.0,931.0
Bobolink,1,1,Jan_W1,0.0,1028.0
Bobolink,1,2,Jan_W2,0.0,995.0
Bobolink,1,3,Jan_W3,0.0,1544.0
Bobolink,1,4,Jan_W4,0.0,1414.0
Bobolink,2,1,Feb_W1,0.0,1431.0
Bobolink,2,2,Feb_W2,0.0,1915.0
Bobolink,2,3,Feb_W3,0.0,1788.0
Bobolink,2,4,Feb_W4,0.0,669.0
Bobolink,3,1,Mar_W1,0.0,543.0
Bobolink,3,2,Mar_W2,0.0,364.0
Bobolink,3,3,Mar_W3,0.0,681.0
Bobolink,3,4,Mar_W4,0.0,1015.0
Bobolink,4,1,Apr_W1,0.0,752.0
Bobolink,4,2,Apr_W2,0.0,1082.0
Bobolink,4,3,Apr_W3,0.0,1195.0
Bobolink,4,4,Apr_W4,0.0,2785.0
Bobolink,5,1,May_W1,0.0006845,1461.0
Bobolink,5,2,May_W2,0.0414286,1400.0
Bobolink,5,3,May_W3,0.0713587,2046.0
Bobolink,5,4,May_W4,0.076845,3943.0
Bobolink,6,1,Jun_W1,0.1091731,1548.0
Bobolink,6,2,Jun_W2,0.1088372,1075.0
Bobolink,6,3,Jun_W3,0.1400181,1107.0
Bobolink,6,4,Jun_W4,0.1255947,1051.0
Bobolink,7,1,Jul_W1,0.0716981,795.0
Bobolink,7,2,Jul_W2,0.0753425,584.0
Bobolink,7,3,Jul_W3,0.0487805,533.0
Bobolink,7,4,Jul_W4,0.0329114,790.0
Bobolink,8,1,Aug_W1,0.0351759,597.0
Bobolink,8,2,Aug_W2,0.039039,666.0
Bobolink,8,3,Aug_W3,0.0170316,822.0
Bobolink,8,4,Aug_W4,0.0293856,1123.0
Bobolink,9,1,Sep_W1,0.0220022,909.0
Bobolink,9,2,Sep_W2,0.0135841,957.0
Bobolink,9,3,Sep_W3,0.0176532,963.0
Bobolink,9,4,Sep_W4,0.004954,1413.0
Bobolink,10,1,Oct_W1,0.0081967,976.0
Bobolink,10,2,Oct_W2,0.0,1330.0
Bobolink,10,3,Oct_W3,0.0,1073.0
Bobolink,10,4,Oct_W4,0.0,1123.0
Bobolink,11,1,Nov_W1,0.0,686.0
Bobolink,11,2,Nov_W2,0.0,662.0
Bobolink,11,3,Nov_W3,0.0,428.0
Bobolink,11,4,Nov_W4,0.0,339.0
Bobolink,12,1,Dec_W1,0.0,213.0
Bobolink,12,2,Dec_W2,0.0,275.0
Bobolink,12,3,Dec_W3,0.0,318.0
Bobolink,12,4,Dec_W4,0.0,931.0
Western Meadowlark,1,1,Jan_W1,0.0,1028.0
Western Meadowlark,1,2,Jan_W2,0.0,995.0
Western Meadowlark,1,3,Jan_W3,0.0006477,1544.0
Western Meadowlark,1,4,Jan_W4,0.0,1414.0
Western Meadowlark,2,1,Feb_W1,0.0013976,1431.0
Western Meadowlark,2,2,Feb_W2,0.002611,1915.0
Western Meadowlark,2,3,Feb_W3,0.0,1788.0
Western Meadowlark,2,4,Feb_W4,0.0,669.0
Western Meadowlark,3,1,Mar_W1,0.0,543.0
Western Meadowlark,3,2,Mar_W2,0.0,364.0
Western Meadowlark,3,3,Mar_W3,0.0,681.0
Western Meadowlark,3,4,Mar_W4,0.0009852,1015.0
Western Meadowlark,4,1,Apr_W1,0.0,752.0
Western Meadowlark,4,2,Apr_W2,0.0009242,1082.0
Western Meadowlark,4,3,Apr_W3,0.0050209,1195.0
Western Meadowlark,4,4,Apr_W4,0.0010772,2785.0
Western Meadowlark,5,1,May_W1,0.0,1461.0
Western Meadowlark,5,2,May_W2,0.0042857,1400.0
Western Meadowlark,5,3,May_W3,0.0024438,2046.0
Western Meadowlark,5,4,May_W4,0.0010145,3943.0
Western Meadowlark,6,1,Jun_W1,0.001938,1548.0
Western Meadowlark,6,2,Jun_W2,0.0015,1075.0
Western Meadowlark,6,3,Jun_W3,0.00271,1107.0
Western Meadowlark,6,4,Jun_W4,0.0047574,1051.0
Western Meadowlark,7,1,Jul_W1,0.0012579,795.0
Western Meadowlark,7,2,Jul_W2,0.0,584.0
Western Meadowlark,7,3,Jul_W3,0.0018762,533.0
Western Meadowlark,7,4,Jul_W4,0.0,790.0
Western Meadowlark,8,1,Aug_W1,0.001675,597.0
Western Meadowlark,8,2,Aug_W2,0.0,666.0
Western Meadowlark,8,3,Aug_W3,0.0,822.0
Western Meadowlark,8,4,Aug_W4,0.0,1123.0
Western Meadowlark,9,1,Sep_W1,0.0,909.0
Western Meadowlark,9,2,Sep_W2,0.0,957.0
Western Meadowlark,9,3,Sep_W3,0.0,963.0
Western Meadowlark,9,4,Sep_W4,0.0,1413.0
Western Meadowlark,10,1,Oct_W1,0.0,976.0
Western Meadowlark,10,2,Oct_W2,0.0007519,1330.0
Western Meadowlark,10,3,Oct_W3,0.0,1073.0
Western Meadowlark,10,4,Oct_W4,0.0015,1123.0
Western Meadowlark,11,1,Nov_W1,0.0058309,686.0
Western Meadowlark,11,2,Nov_W2,0.0,662.0
Western Meadowlark,11,3,Nov_W3,0.0,428.0
Western Meadowlark,11,4,Nov_W4,0.0,339.0
Western Meadowlark,12,1,Dec_W1,0.0,213.0
Western Meadowlark,12,2,Dec_W2,0.0,275.0
Western Meadowlark,12,3,Dec_W3,0.0,318.0
Western Meadowlark,12,4,Dec_W4,0.0,931.0
Eastern Meadowlark,1,1,Jan_W1,0.0,1028.0
Eastern Meadowlark,1,2,Jan_W2,0.0,995.0
Eastern Meadowlark,1,3,Jan_W3,0.0,1544.0
Eastern Meadowlark,1,4,Jan_W4,0.0,1414.0
Eastern Meadowlark,2,1,Feb_W1,0.0,1431.0
Eastern Meadowlark,2,2,Feb_W2,0.0,1915.0
Eastern Meadowlark,2,3,Feb_W3,0.0,1788.0
Eastern Meadowlark,2,4,Feb_W4,0.0,669.0
Eastern Meadowlark,3,1,Mar_W1,0.0,543.0
Eastern Meadowlark,3,2,Mar_W2,0.0,364.0
Eastern Meadowlark,3,3,Mar_W3,0.0058737,681.0
Eastern Meadowlark,3,4,Mar_W4,0.0157635,1015.0
Eastern Meadowlark,4,1,Apr_W1,0.043883,752.0
Eastern Meadowlark,4,2,Apr_W2,0.0425139,1082.0
Eastern Meadowlark,4,3,Apr_W3,0.0518828,1195.0
Eastern Meadowlark,4,4,Apr_W4,0.0294434,2785.0
Eastern Meadowlark,5,1,May_W1,0.0232717,1461.0
Eastern Meadowlark,5,2,May_W2,0.0185714,1400.0
Eastern Meadowlark,5,3,May_W3,0.026393,2046.0
Eastern Meadowlark,5,4,May_W4,0.0220644,3943.0
Eastern Meadowlark,6,1,Jun_W1,0.0497416,1548.0
Eastern Meadowlark,6,2,Jun_W2,0.0437209,1075.0
Eastern Meadowlark,6,3,Jun_W3,0.0587173,1107.0
Eastern Meadowlark,6,4,Jun_W4,0.0570885,1051.0
Eastern Meadowlark,7,1,Jul_W1,0.0415094,795.0
Eastern Meadowlark,7,2,Jul_W2,0.0342466,584.0
Eastern Meadowlark,7,3,Jul_W3,0.0318949,533.0
Eastern Meadowlark,7,4,Jul_W4,0.0050633,790.0
Eastern Meadowlark,8,1,Aug_W1,0.0067002,597.0
Eastern Meadowlark,8,2,Aug_W2,0.0045045,666.0
Eastern Meadowlark,8,3,Aug_W3,0.0024331,822.0
Eastern Meadowlark,8,4,Aug_W4,0.0026714,1123.0
Eastern Meadowlark,9,1,Sep_W1,0.0011001,909.0
Eastern Meadowlark,9,2,Sep_W2,0.0,957.0
Eastern Meadowlark,9,3,Sep_W3,0.0010384,963.0
Eastern Meadowlark,9,4,Sep_W4,0.0,1413.0
Eastern Meadowlark,10,1,Oct_W1,0.0010246,976.0
Eastern Meadowlark,10,2,Oct_W2,0.0007519,1330.0
Eastern Meadowlark,10,3,Oct_W3,0.0093197,1073.0
Eastern Meadowlark,10,4,Oct_W4,0.0044524,1123.0
Eastern Meadowlark,11,1,Nov_W1,0.0014577,686.0
Eastern Meadowlark,11,2,Nov_W2,0.0,662.0
Eastern Meadowlark,11,3,Nov_W3,0.0,428.0
Eastern Meadowlark,11,4,Nov_W4,0.0,339.0
Eastern Meadowlark,12,1,Dec_W1,0.0,213.0
Eastern Meadowlark,12,2,Dec_W2,0.0,275.0
Eastern Meadowlark,12,3,Dec_W3,0.0,318.0
Eastern Meadowlark,12,4,Dec_W4,0.0,931.0
Orchard Oriole,1,1,Jan_W1,0.0,1028.0
Orchard Oriole,1,2,Jan_W2,0.0,995.0
Orchard Oriole,1,3,Jan_W3,0.0,1544.0
Orchard Oriole,1,4,Jan_W4,0.0,1414.0
Orchard Oriole,2,1,Feb_W1,0.0,1431.0
Orchard Oriole,2,2,Feb_W2,0.0,1915.0
Orchard Oriole,2,3,Feb_W3,0.0,1788.0
Orchard Oriole,2,4,Feb_W4,0.0,669.0
Orchard Oriole,3,1,Mar_W1,0.0,543.0
Orchard Oriole,3,2,Mar_W2,0.0,364.0
Orchard Oriole,3,3,Mar_W3,0.0,681.0
Orchard Oriole,3,4,Mar_W4,0.0,1015.0
Orchard Oriole,4,1,Apr_W1,0.0,752.0
Orchard Oriole,4,2,Apr_W2,0.0,1082.0
Orchard Oriole,4,3,Apr_W3,0.0,1195.0
Orchard Oriole,4,4,Apr_W4,0.0,2785.0
Orchard Oriole,5,1,May_W1,0.0,1461.0
Orchard Oriole,5,2,May_W2,0.0,1400.0
Orchard Oriole,5,3,May_W3,0.0048876,2046.0
Orchard Oriole,5,4,May_W4,0.0005072,3943.0
Orchard Oriole,6,1,Jun_W1,0.001938,1548.0
Orchard Oriole,6,2,Jun_W2,0.0,1075.0
Orchard Oriole,6,3,Jun_W3,0.0015,1107.0
Orchard Oriole,6,4,Jun_W4,0.0,1051.0
Orchard Oriole,7,1,Jul_W1,0.0,795.0
Orchard Oriole,7,2,Jul_W2,0.0,584.0
Orchard Oriole,7,3,Jul_W3,0.0,533.0
Orchard Oriole,7,4,Jul_W4,0.0,790.0
Orchard Oriole,8,1,Aug_W1,0.0,597.0
Orchard Oriole,8,2,Aug_W2,0.0,666.0
Orchard Oriole,8,3,Aug_W3,0.0,822.0
Orchard Oriole,8,4,Aug_W4,0.0,1123.0
Orchard Oriole,9,1,Sep_W1,0.0015,909.0
Orchard Oriole,9,2,Sep_W2,0.0,957.0
Orchard Oriole,9,3,Sep_W3,0.0,963.0
Orchard Oriole,9,4,Sep_W4,0.0,1413.0
Orchard Oriole,10,1,Oct_W1,0.0,976.0
Orchard Oriole,10,2,Oct_W2,0.0,1330.0
Orchard Oriole,10,3,Oct_W3,0.0,1073.0
Orchard Oriole,10,4,Oct_W4,0.0,1123.0
Orchard Oriole,11,1,Nov_W1,0.0,686.0
Orchard Oriole,11,2,Nov_W2,0.0,662.0
Orchard Oriole,11,3,Nov_W3,0.0,428.0
Orchard Oriole,11,4,Nov_W4,0.0,339.0
Orchard Oriole,12,1,Dec_W1,0.0,213.0
Orchard Oriole,12,2,Dec_W2,0.0,275.0
Orchard Oriole,12,3,Dec_W3,0.0,318.0
Orchard Oriole,12,4,Dec_W4,0.0,931.0
Baltimore Oriole,1,1,Jan_W1,0.0,1028.0
Baltimore Oriole,1,2,Jan_W2,0.0,995.0
Baltimore Oriole,1,3,Jan_W3,0.0,1544.0
Baltimore Oriole,1,4,Jan_W4,0.0,1414.0
Baltimore Oriole,2,1,Feb_W1,0.0,1431.0
Baltimore Oriole,2,2,Feb_W2,0.0,1915.0
Baltimore Oriole,2,3,Feb_W3,0.0,1788.0
Baltimore Oriole,2,4,Feb_W4,0.0,669.0
Baltimore Oriole,3,1,Mar_W1,0.0,543.0
Baltimore Oriole,3,2,Mar_W2,0.0,364.0
Baltimore Oriole,3,3,Mar_W3,0.0,681.0
Baltimore Oriole,3,4,Mar_W4,0.0,1015.0
Baltimore Oriole,4,1,Apr_W1,0.0,752.0
Baltimore Oriole,4,2,Apr_W2,0.0,1082.0
Baltimore Oriole,4,3,Apr_W3,0.0,1195.0
Baltimore Oriole,4,4,Apr_W4,0.0,2785.0
Baltimore Oriole,5,1,May_W1,0.0013689,1461.0
Baltimore Oriole,5,2,May_W2,0.0321429,1400.0
Baltimore Oriole,5,3,May_W3,0.0498534,2046.0
Baltimore Oriole,5,4,May_W4,0.0537662,3943.0
Baltimore Oriole,6,1,Jun_W1,0.0290698,1548.0
Baltimore Oriole,6,2,Jun_W2,0.0176744,1075.0
Baltimore Oriole,6,3,Jun_W3,0.0153568,1107.0
Baltimore Oriole,6,4,Jun_W4,0.0209324,1051.0
Baltimore Oriole,7,1,Jul_W1,0.0150943,795.0
Baltimore Oriole,7,2,Jul_W2,0.005137,584.0
Baltimore Oriole,7,3,Jul_W3,0.0056285,533.0
Baltimore Oriole,7,4,Jul_W4,0.0075949,790.0
Baltimore Oriole,8,1,Aug_W1,0.0100503,597.0
Baltimore Oriole,8,2,Aug_W2,0.012012,666.0
Baltimore Oriole,8,3,Aug_W3,0.0072993,822.0
Baltimore Oriole,8,4,Aug_W4,0.0008905,1123.0
Baltimore Oriole,9,1,Sep_W1,0.0033003,909.0
Baltimore Oriole,9,2,Sep_W2,0.0,957.0
Baltimore Oriole,9,3,Sep_W3,0.0010384,963.0
Baltimore Oriole,9,4,Sep_W4,0.0,1413.0
Baltimore Oriole,10,1,Oct_W1,0.0,976.0
Baltimore Oriole,10,2,Oct_W2,0.0,1330.0
Baltimore Oriole,10,3,Oct_W3,0.0,1073.0
Baltimore Oriole,10,4,Oct_W4,0.0,1123.0
Baltimore Oriole,11,1,Nov_W1,0.0,686.0
Baltimore Oriole,11,2,Nov_W2,0.0,662.0
Baltimore Oriole,11,3,Nov_W3,0.0,428.0
Baltimore Oriole,11,4,Nov_W4,0.0,339.0
Baltimore Oriole,12,1,Dec_W1,0.0,213.0
Baltimore Oriole,12,2,Dec_W2,0.0,275.0
Baltimore Oriole,12,3,Dec_W3,0.0,318.0
Baltimore Oriole,12,4,Dec_W4,0.0,931.0
Red-winged Blackbird,1,1,Jan_W1,0.0291829,1028.0
Red-winged Blackbird,1,2,Jan_W2,0.0211055,995.0
Red-winged Blackbird,1,3,Jan_W3,0.0103627,1544.0
Red-winged Blackbird,1,4,Jan_W4,0.0091938,1414.0
Red-winged Blackbird,2,1,Feb_W1,0.0048917,1431.0
Red-winged Blackbird,2,2,Feb_W2,0.0093995,1915.0
Red-winged Blackbird,2,3,Feb_W3,0.0055928,1788.0
Red-winged Blackbird,2,4,Feb_W4,0.0044843,669.0
Red-winged Blackbird,3,1,Mar_W1,0.0036832,543.0
Red-winged Blackbird,3,2,Mar_W2,0.0357143,364.0
Red-winged Blackbird,3,3,Mar_W3,0.0631424,681.0
Red-winged Blackbird,3,4,Mar_W4,0.1310345,1015.0
Red-winged Blackbird,4,1,Apr_W1,0.2140957,752.0
Red-winged Blackbird,4,2,Apr_W2,0.2569316,1082.0
Red-winged Blackbird,4,3,Apr_W3,0.274477,1195.0
Red-winged Blackbird,4,4,Apr_W4,0.2262118,2785.0
Red-winged Blackbird,5,1,May_W1,0.2963723,1461.0
Red-winged Blackbird,5,2,May_W2,0.3057143,1400.0
Red-winged Blackbird,5,3,May_W3,0.3005865,2046.0
Red-winged Blackbird,5,4,May_W4,0.3104235,3943.0
Red-winged Blackbird,6,1,Jun_W1,0.2926357,1548.0
Red-winged Blackbird,6,2,Jun_W2,0.2930233,1075.0
Red-winged Blackbird,6,3,Jun_W3,0.2917796,1107.0
Red-winged Blackbird,6,4,Jun_W4,0.2882969,1051.0
Red-winged Blackbird,7,1,Jul_W1,0.2264151,795.0
Red-winged Blackbird,7,2,Jul_W2,0.1952055,584.0
Red-winged Blackbird,7,3,Jul_W3,0.2195122,533.0
Red-winged Blackbird,7,4,Jul_W4,0.1594937,790.0
Red-winged Blackbird,8,1,Aug_W1,0.1072027,597.0
Red-winged Blackbird,8,2,Aug_W2,0.0945946,666.0
Red-winged Blackbird,8,3,Aug_W3,0.0754258,822.0
Red-winged Blackbird,8,4,Aug_W4,0.0676759,1123.0
Red-winged Blackbird,9,1,Sep_W1,0.049505,909.0
Red-winged Blackbird,9,2,Sep_W2,0.030303,957.0
Red-winged Blackbird,9,3,Sep_W3,0.0519211,963.0
Red-winged Blackbird,9,4,Sep_W4,0.034678,1413.0
Red-winged Blackbird,10,1,Oct_W1,0.0286885,976.0
Red-winged Blackbird,10,2,Oct_W2,0.0308271,1330.0
Red-winged Blackbird,10,3,Oct_W3,0.0344828,1073.0
Red-winged Blackbird,10,4,Oct_W4,0.0249332,1123.0
Red-winged Blackbird,11,1,Nov_W1,0.0670554,686.0
Red-winged Blackbird,11,2,Nov_W2,0.1374622,662.0
Red-winged Blackbird,11,3,Nov_W3,0.0911215,428.0
Red-winged Blackbird,11,4,Nov_W4,0.0678466,339.0
Red-winged Blackbird,12,1,Dec_W1,0.0798122,213.0
Red-winged Blackbird,12,2,Dec_W2,0.0290909,275.0
Red-winged Blackbird,12,3,Dec_W3,0.0062893,318.0
Red-winged Blackbird,12,4,Dec_W4,0.0128894,931.0
Shiny Cowbird,1,1,Jan_W1,0.0,1028.0
Shiny Cowbird,1,2,Jan_W2,0.0,995.0
Shiny Cowbird,1,3,Jan_W3,0.0,1544.0
Shiny Cowbird,1,4,Jan_W4,0.0,1414.0
Shiny Cowbird,2,1,Feb_W1,0.0,1431.0
Shiny Cowbird,2,2,Feb_W2,0.0,1915.0
Shiny Cowbird,2,3,Feb_W3,0.0,1788.0
Shiny Cowbird,2,4,Feb_W4,0.0,669.0
Shiny Cowbird,3,1,Mar_W1,0.0,543.0
Shiny Cowbird,3,2,Mar_W2,0.0,364.0
Shiny Cowbird,3,3,Mar_W3,0.0,681.0
Shiny Cowbird,3,4,Mar_W4,0.0,1015.0
Shiny Cowbird,4,1,Apr_W1,0.0,752.0
Shiny Cowbird,4,2,Apr_W2,0.0,1082.0
Shiny Cowbird,4,3,Apr_W3,0.0,1195.0
Shiny Cowbird,4,4,Apr_W4,0.0,2785.0
Shiny Cowbird,5,1,May_W1,0.0,1461.0
Shiny Cowbird,5,2,May_W2,0.0,1400.0
Shiny Cowbird,5,3,May_W3,0.0,2046.0
Shiny Cowbird,5,4,May_W4,0.0,3943.0
Shiny Cowbird,6,1,Jun_W1,0.0251938,1548.0
Shiny Cowbird,6,2,Jun_W2,0.0,1075.0
Shiny Cowbird,6,3,Jun_W3,0.0,1107.0
Shiny Cowbird,6,4,Jun_W4,0.0,1051.0
Shiny Cowbird,7,1,Jul_W1,0.0,795.0
Shiny Cowbird,7,2,Jul_W2,0.0,584.0
Shiny Cowbird,7,3,Jul_W3,0.0,533.0
Shiny Cowbird,7,4,Jul_W4,0.0,790.0
Shiny Cowbird,8,1,Aug_W1,0.0,597.0
Shiny Cowbird,8,2,Aug_W2,0.0,666.0
Shiny Cowbird,8,3,Aug_W3,0.0,822.0
Shiny Cowbird,8,4,Aug_W4,0.0,1123.0
Shiny Cowbird,9,1,Sep_W1,0.0,909.0
Shiny Cowbird,9,2,Sep_W2,0.0,957.0
Shiny Cowbird,9,3,Sep_W3,0.0,963.0
Shiny Cowbird,9,4,Sep_W4,0.0,1413.0
Shiny Cowbird,10,1,Oct_W1,0.0,976.0
Shiny Cowbird,10,2,Oct_W2,0.0,1330.0
Shiny Cowbird,10,3,Oct_W3,0.0,1073.0
Shiny Cowbird,10,4,Oct_W4,0.0,1123.0
Shiny Cowbird,11,1,Nov_W1,0.0,686.0
Shiny Cowbird,11,2,Nov_W2,0.0,662.0
Shiny Cowbird,11,3,Nov_W3,0.0,428.0
Shiny Cowbird,11,4,Nov_W4,0.0,339.0
Shiny Cowbird,12,1,Dec_W1,0.0,213.0
Shiny Cowbird,12,2,Dec_W2,0.0,275.0
Shiny Cowbird,12,3,Dec_W3,0.0,318.0
Shiny Cowbird,12,4,Dec_W4,0.0,931.0
Brown-headed Cowbird,1,1,Jan_W1,0.0029183,1028.0
Brown-headed Cowbird,1,2,Jan_W2,0.0020101,995.0
Brown-headed Cowbird,1,3,Jan_W3,0.001943,1544.0
Brown-headed Cowbird,1,4,Jan_W4,0.0014144,1414.0
Brown-headed Cowbird,2,1,Feb_W1,0.0,1431.0
Brown-headed Cowbird,2,2,Feb_W2,0.0010444,1915.0
Brown-headed Cowbird,2,3,Feb_W3,0.0,1788.0
Brown-headed Cowbird,2,4,Feb_W4,0.0,669.0
Brown-headed Cowbird,3,1,Mar_W1,0.0,543.0
Brown-headed Cowbird,3,2,Mar_W2,0.0,364.0
Brown-headed Cowbird,3,3,Mar_W3,0.0029369,681.0
Brown-headed Cowbird,3,4,Mar_W4,0.0029557,1015.0
Brown-headed Cowbird,4,1,Apr_W1,0.0172872,752.0
Brown-headed Cowbird,4,2,Apr_W2,0.0739372,1082.0
Brown-headed Cowbird,4,3,Apr_W3,0.1297071,1195.0
Brown-headed Cowbird,4,4,Apr_W4,0.1184919,2785.0
Brown-headed Cowbird,5,1,May_W1,0.1232033,1461.0
Brown-headed Cowbird,5,2,May_W2,0.1064286,1400.0
Brown-headed Cowbird,5,3,May_W3,0.0581623,2046.0
Brown-headed Cowbird,5,4,May_W4,0.0740553,3943.0
Brown-headed Cowbird,6,1,Jun_W1,0.0400517,1548.0
Brown-headed Cowbird,6,2,Jun_W2,0.0269767,1075.0
Brown-headed Cowbird,6,3,Jun_W3,0.0261969,1107.0
Brown-headed Cowbird,6,4,Jun_W4,0.0333016,1051.0
Brown-headed Cowbird,7,1,Jul_W1,0.0251572,795.0
Brown-headed Cowbird,7,2,Jul_W2,0.0017123,584.0
Brown-headed Cowbird,7,3,Jul_W3,0.0056285,533.0
Brown-headed Cowbird,7,4,Jul_W4,0.0037975,790.0
Brown-headed Cowbird,8,1,Aug_W1,0.0050251,597.0
Brown-headed Cowbird,8,2,Aug_W2,0.006006,666.0
Brown-headed Cowbird,8,3,Aug_W3,0.0036496,822.0
Brown-headed Cowbird,8,4,Aug_W4,0.0080142,1123.0
Brown-headed Cowbird,9,1,Sep_W1,0.0154015,909.0
Brown-headed Cowbird,9,2,Sep_W2,0.0010449,957.0
Brown-headed Cowbird,9,3,Sep_W3,0.0010384,963.0
Brown-headed Cowbird,9,4,Sep_W4,0.0042463,1413.0
Brown-headed Cowbird,10,1,Oct_W1,0.0061475,976.0
Brown-headed Cowbird,10,2,Oct_W2,0.0015038,1330.0
Brown-headed Cowbird,10,3,Oct_W3,0.0065238,1073.0
Brown-headed Cowbird,10,4,Oct_W4,0.0115761,1123.0
Brown-headed Cowbird,11,1,Nov_W1,0.0072886,686.0
Brown-headed Cowbird,11,2,Nov_W2,0.0302115,662.0
Brown-headed Cowbird,11,3,Nov_W3,0.0093458,428.0
Brown-headed Cowbird,11,4,Nov_W4,0.0029499,339.0
Brown-headed Cowbird,12,1,Dec_W1,0.0,213.0
Brown-headed Cowbird,12,2,Dec_W2,0.0,275.0
Brown-headed Cowbird,12,3,Dec_W3,0.0,318.0
Brown-headed Cowbird,12,4,Dec_W4,0.0010741,931.0
Rusty Blackbird,1,1,Jan_W1,0.0038911,1028.0
Rusty Blackbird,1,2,Jan_W2,0.0020101,995.0
Rusty Blackbird,1,3,Jan_W3,0.0,1544.0
Rusty Blackbird,1,4,Jan_W4,0.0007072,1414.0
Rusty Blackbird,2,1,Feb_W1,0.0020964,1431.0
Rusty Blackbird,2,2,Feb_W2,0.0020888,1915.0
Rusty Blackbird,2,3,Feb_W3,0.003915,1788.0
Rusty Blackbird,2,4,Feb_W4,0.0014948,669.0
Rusty Blackbird,3,1,Mar_W1,0.0,543.0
Rusty Blackbird,3,2,Mar_W2,0.0,364.0
Rusty Blackbird,3,3,Mar_W3,0.0,681.0
Rusty Blackbird,3,4,Mar_W4,0.0019704,1015.0
Rusty Blackbird,4,1,Apr_W1,0.0066489,752.0
Rusty Blackbird,4,2,Apr_W2,0.0304991,1082.0
Rusty Blackbird,4,3,Apr_W3,0.0769874,1195.0
Rusty Blackbird,4,4,Apr_W4,0.0728905,2785.0
Rusty Blackbird,5,1,May_W1,0.0643395,1461.0
Rusty Blackbird,5,2,May_W2,0.065,1400.0
Rusty Blackbird,5,3,May_W3,0.0146628,2046.0
Rusty Blackbird,5,4,May_W4,0.0093837,3943.0
Rusty Blackbird,6,1,Jun_W1,0.0,1548.0
Rusty Blackbird,6,2,Jun_W2,0.0015,1075.0
Rusty Blackbird,6,3,Jun_W3,0.0,1107.0
Rusty Blackbird,6,4,Jun_W4,0.0,1051.0
Rusty Blackbird,7,1,Jul_W1,0.0,795.0
Rusty Blackbird,7,2,Jul_W2,0.0,584.0
Rusty Blackbird,7,3,Jul_W3,0.0,533.0
Rusty Blackbird,7,4,Jul_W4,0.0,790.0
Rusty Blackbird,8,1,Aug_W1,0.0,597.0
Rusty Blackbird,8,2,Aug_W2,0.0,666.0
Rusty Blackbird,8,3,Aug_W3,0.0,822.0
Rusty Blackbird,8,4,Aug_W4,0.0,1123.0
Rusty Blackbird,9,1,Sep_W1,0.0011001,909.0
Rusty Blackbird,9,2,Sep_W2,0.0292581,957.0
Rusty Blackbird,9,3,Sep_W3,0.1048806,963.0
Rusty Blackbird,9,4,Sep_W4,0.1358811,1413.0
Rusty Blackbird,10,1,Oct_W1,0.1629098,976.0
Rusty Blackbird,10,2,Oct_W2,0.1796992,1330.0
Rusty Blackbird,10,3,Oct_W3,0.2068966,1073.0
Rusty Blackbird,10,4,Oct_W4,0.1086376,1123.0
Rusty Blackbird,11,1,Nov_W1,0.0874636,686.0
Rusty Blackbird,11,2,Nov_W2,0.0422961,662.0
Rusty Blackbird,11,3,Nov_W3,0.021028,428.0
Rusty Blackbird,11,4,Nov_W4,0.0147493,339.0
Rusty Blackbird,12,1,Dec_W1,0.0046948,213.0
Rusty Blackbird,12,2,Dec_W2,0.0036364,275.0
Rusty Blackbird,12,3,Dec_W3,0.0,318.0
Rusty Blackbird,12,4,Dec_W4,0.0010741,931.0
Brewer's Blackbird,1,1,Jan_W1,0.0,1028.0
Brewer's Blackbird,1,2,Jan_W2,0.0,995.0
Brewer's Blackbird,1,3,Jan_W3,0.0,1544.0
Brewer's Blackbird,1,4,Jan_W4,0.0,1414.0
Brewer's Blackbird,2,1,Feb_W1,0.0,1431.0
Brewer's Blackbird,2,2,Feb_W2,0.0,1915.0
Brewer's Blackbird,2,3,Feb_W3,0.0,1788.0
Brewer's Blackbird,2,4,Feb_W4,0.0,669.0
Brewer's Blackbird,3,1,Mar_W1,0.0,543.0
Brewer's Blackbird,3,2,Mar_W2,0.0,364.0
Brewer's Blackbird,3,3,Mar_W3,0.0,681.0
Brewer's Blackbird,3,4,Mar_W4,0.0,1015.0
Brewer's Blackbird,4,1,Apr_W1,0.0,752.0
Brewer's Blackbird,4,2,Apr_W2,0.0015,1082.0
Brewer's Blackbird,4,3,Apr_W3,0.0041841,1195.0
Brewer's Blackbird,4,4,Apr_W4,0.005386,2785.0
Brewer's Blackbird,5,1,May_W1,0.0047912,1461.0
Brewer's Blackbird,5,2,May_W2,0.0035714,1400.0
Brewer's Blackbird,5,3,May_W3,0.0014663,2046.0
Brewer's Blackbird,5,4,May_W4,0.0043114,3943.0
Brewer's Blackbird,6,1,Jun_W1,0.00323,1548.0
Brewer's Blackbird,6,2,Jun_W2,0.0037209,1075.0
Brewer's Blackbird,6,3,Jun_W3,0.0162602,1107.0
Brewer's Blackbird,6,4,Jun_W4,0.0095147,1051.0
Brewer's Blackbird,7,1,Jul_W1,0.0062893,795.0
Brewer's Blackbird,7,2,Jul_W2,0.0068493,584.0
Brewer's Blackbird,7,3,Jul_W3,0.0093809,533.0
Brewer's Blackbird,7,4,Jul_W4,0.0063291,790.0
Brewer's Blackbird,8,1,Aug_W1,0.0050251,597.0
Brewer's Blackbird,8,2,Aug_W2,0.0075075,666.0
Brewer's Blackbird,8,3,Aug_W3,0.0024331,822.0
Brewer's Blackbird,8,4,Aug_W4,0.0008905,1123.0
Brewer's Blackbird,9,1,Sep_W1,0.0,909.0
Brewer's Blackbird,9,2,Sep_W2,0.0010449,957.0
Brewer's Blackbird,9,3,Sep_W3,0.0,963.0
Brewer's Blackbird,9,4,Sep_W4,0.0021231,1413.0
Brewer's Blackbird,10,1,Oct_W1,0.0020492,976.0
Brewer's Blackbird,10,2,Oct_W2,0.0052632,1330.0
Brewer's Blackbird,10,3,Oct_W3,0.000932,1073.0
Brewer's Blackbird,10,4,Oct_W4,0.0071238,1123.0
Brewer's Blackbird,11,1,Nov_W1,0.0014577,686.0
Brewer's Blackbird,11,2,Nov_W2,0.0,662.0
Brewer's Blackbird,11,3,Nov_W3,0.0015,428.0
Brewer's Blackbird,11,4,Nov_W4,0.0088496,339.0
Brewer's Blackbird,12,1,Dec_W1,0.0,213.0
Brewer's Blackbird,12,2,Dec_W2,0.0,275.0
Brewer's Blackbird,12,3,Dec_W3,0.0,318.0
Brewer's Blackbird,12,4,Dec_W4,0.0,931.0
Common Grackle,1,1,Jan_W1,0.0097276,1028.0
Common Grackle,1,2,Jan_W2,0.0060302,995.0
Common Grackle,1,3,Jan_W3,0.0025907,1544.0
Common Grackle,1,4,Jan_W4,0.0035361,1414.0
Common Grackle,2,1,Feb_W1,0.0027952,1431.0
Common Grackle,2,2,Feb_W2,0.0031332,1915.0
Common Grackle,2,3,Feb_W3,0.0044743,1788.0
Common Grackle,2,4,Feb_W4,0.0044843,669.0
Common Grackle,3,1,Mar_W1,0.0036832,543.0
Common Grackle,3,2,Mar_W2,0.0192308,364.0
Common Grackle,3,3,Mar_W3,0.0293686,681.0
Common Grackle,3,4,Mar_W4,0.0896552,1015.0
Common Grackle,4,1,Apr_W1,0.1928191,752.0
Common Grackle,4,2,Apr_W2,0.2615527,1082.0
Common Grackle,4,3,Apr_W3,0.2627615,1195.0
Common Grackle,4,4,Apr_W4,0.2635548,2785.0
Common Grackle,5,1,May_W1,0.3134839,1461.0
Common Grackle,5,2,May_W2,0.2992857,1400.0
Common Grackle,5,3,May_W3,0.2502444,2046.0
Common Grackle,5,4,May_W4,0.2285062,3943.0
Common Grackle,6,1,Jun_W1,0.2073643,1548.0
Common Grackle,6,2,Jun_W2,0.2362791,1075.0
Common Grackle,6,3,Jun_W3,0.2213189,1107.0
Common Grackle,6,4,Jun_W4,0.2235966,1051.0
Common Grackle,7,1,Jul_W1,0.1962264,795.0
Common Grackle,7,2,Jul_W2,0.1592466,584.0
Common Grackle,7,3,Jul_W3,0.1294559,533.0
Common Grackle,7,4,Jul_W4,0.1329114,790.0
Common Grackle,8,1,Aug_W1,0.1172529,597.0
Common Grackle,8,2,Aug_W2,0.1186186,666.0
Common Grackle,8,3,Aug_W3,0.0778589,822.0
Common Grackle,8,4,Aug_W4,0.0863758,1123.0
Common Grackle,9,1,Sep_W1,0.0583058,909.0
Common Grackle,9,2,Sep_W2,0.0564263,957.0
Common Grackle,9,3,Sep_W3,0.05919,963.0
Common Grackle,9,4,Sep_W4,0.0474168,1413.0
Common Grackle,10,1,Oct_W1,0.0563525,976.0
Common Grackle,10,2,Oct_W2,0.0406015,1330.0
Common Grackle,10,3,Oct_W3,0.0260951,1073.0
Common Grackle,10,4,Oct_W4,0.0231523,1123.0
Common Grackle,11,1,Nov_W1,0.0379009,686.0
Common Grackle,11,2,Nov_W2,0.0574018,662.0
Common Grackle,11,3,Nov_W3,0.0233645,428.0
Common Grackle,11,4,Nov_W4,0.020649,339.0
Common Grackle,12,1,Dec_W1,0.0140845,213.0
Common Grackle,12,2,Dec_W2,0.0072727,275.0
Common Grackle,12,3,Dec_W3,0.0031447,318.0
Common Grackle,12,4,Dec_W4,0.0064447,931.0
Great-tailed Grackle,1,1,Jan_W1,0.0,1028.0
Great-tailed Grackle,1,2,Jan_W2,0.0,995.0
Great-tailed Grackle,1,3,Jan_W3,0.0,1544.0
Great-tailed Grackle,1,4,Jan_W4,0.0,1414.0
Great-tailed Grackle,2,1,Feb_W1,0.0,1431.0
Great-tailed Grackle,2,2,Feb_W2,0.0,1915.0
Great-tailed Grackle,2,3,Feb_W3,0.0,1788.0
Great-tailed Grackle,2,4,Feb_W4,0.0,669.0
Great-tailed Grackle,3,1,Mar_W1,0.0,543.0
Great-tailed Grackle,3,2,Mar_W2,0.0,364.0
Great-tailed Grackle,3,3,Mar_W3,0.0,681.0
Great-tailed Grackle,3,4,Mar_W4,0.0,1015.0
Great-tailed Grackle,4,1,Apr_W1,0.0,752.0
Great-tailed Grackle,4,2,Apr_W2,0.0,1082.0
Great-tailed Grackle,4,3,Apr_W3,0.0,1195.0
Great-tailed Grackle,4,4,Apr_W4,0.0,2785.0
Great-tailed Grackle,5,1,May_W1,0.0,1461.0
Great-tailed Grackle,5,2,May_W2,0.0,1400.0
Great-tailed Grackle,5,3,May_W3,0.0,2046.0
Great-tailed Grackle,5,4,May_W4,0.0098909,3943.0
Great-tailed Grackle,6,1,Jun_W1,0.0083979,1548.0
Great-tailed Grackle,6,2,Jun_W2,0.0,1075.0
Great-tailed Grackle,6,3,Jun_W3,0.0,1107.0
Great-tailed Grackle,6,4,Jun_W4,0.0,1051.0
Great-tailed Grackle,7,1,Jul_W1,0.0,795.0
Great-tailed Grackle,7,2,Jul_W2,0.0,584.0
Great-tailed Grackle,7,3,Jul_W3,0.0,533.0
Great-tailed Grackle,7,4,Jul_W4,0.0,790.0
Great-tailed Grackle,8,1,Aug_W1,0.0,597.0
Great-tailed Grackle,8,2,Aug_W2,0.0,666.0
Great-tailed Grackle,8,3,Aug_W3,0.0,822.0
Great-tailed Grackle,8,4,Aug_W4,0.0,1123.0
Great-tailed Grackle,9,1,Sep_W1,0.0,909.0
Great-tailed Grackle,9,2,Sep_W2,0.0,957.0
Great-tailed Grackle,9,3,Sep_W3,0.0,963.0
Great-tailed Grackle,9,4,Sep_W4,0.0,1413.0
Great-tailed Grackle,10,1,Oct_W1,0.0,976.0
Great-tailed Grackle,10,2,Oct_W2,0.0,1330.0
Great-tailed Grackle,10,3,Oct_W3,0.0,1073.0
Great-tailed Grackle,10,4,Oct_W4,0.0,1123.0
Great-tailed Grackle,11,1,Nov_W1,0.0,686.0
Great-tailed Grackle,11,2,Nov_W2,0.0,662.0
Great-tailed Grackle,11,3,Nov_W3,0.0,428.0
Great-tailed Grackle,11,4,Nov_W4,0.0,339.0
Great-tailed Grackle,12,1,Dec_W1,0.0,213.0
Great-tailed Grackle,12,2,Dec_W2,0.0,275.0
Great-tailed Grackle,12,3,Dec_W3,0.0,318.0
Great-tailed Grackle,12,4,Dec_W4,0.0,931.0
Ovenbird,1,1,Jan_W1,0.0,1028.0
Ovenbird,1,2,Jan_W2,0.0,995.0
Ovenbird,1,3,Jan_W3,0.0,1544.0
Ovenbird,1,4,Jan_W4,0.0,1414.0
Ovenbird,2,1,Feb_W1,0.0,1431.0
Ovenbird,2,2,Feb_W2,0.0,1915.0
Ovenbird,2,3,Feb_W3,0.0,1788.0
Ovenbird,2,4,Feb_W4,0.0,669.0
Ovenbird,3,1,Mar_W1,0.0,543.0
Ovenbird,3,2,Mar_W2,0.0,364.0
Ovenbird,3,3,Mar_W3,0.0,681.0
Ovenbird,3,4,Mar_W4,0.0,1015.0
Ovenbird,4,1,Apr_W1,0.0,752.0
Ovenbird,4,2,Apr_W2,0.0,1082.0
Ovenbird,4,3,Apr_W3,0.0,1195.0
Ovenbird,4,4,Apr_W4,0.0,2785.0
Ovenbird,5,1,May_W1,0.0061602,1461.0
Ovenbird,5,2,May_W2,0.0742857,1400.0
Ovenbird,5,3,May_W3,0.1627566,2046.0
Ovenbird,5,4,May_W4,0.1932539,3943.0
Ovenbird,6,1,Jun_W1,0.2241602,1548.0
Ovenbird,6,2,Jun_W2,0.2846512,1075.0
Ovenbird,6,3,Jun_W3,0.2845528,1107.0
Ovenbird,6,4,Jun_W4,0.2607041,1051.0
Ovenbird,7,1,Jul_W1,0.2062893,795.0
Ovenbird,7,2,Jul_W2,0.1044521,584.0
Ovenbird,7,3,Jul_W3,0.0844278,533.0
Ovenbird,7,4,Jul_W4,0.0278481,790.0
Ovenbird,8,1,Aug_W1,0.0150754,597.0
Ovenbird,8,2,Aug_W2,0.0225225,666.0
Ovenbird,8,3,Aug_W3,0.0218978,822.0
Ovenbird,8,4,Aug_W4,0.0195904,1123.0
Ovenbird,9,1,Sep_W1,0.0132013,909.0
Ovenbird,9,2,Sep_W2,0.0104493,957.0
Ovenbird,9,3,Sep_W3,0.0041537,963.0
Ovenbird,9,4,Sep_W4,0.0063694,1413.0
Ovenbird,10,1,Oct_W1,0.0,976.0
Ovenbird,10,2,Oct_W2,0.0,1330.0
Ovenbird,10,3,Oct_W3,0.0,1073.0
Ovenbird,10,4,Oct_W4,0.0,1123.0
Ovenbird,11,1,Nov_W1,0.0,686.0
Ovenbird,11,2,Nov_W2,0.0,662.0
Ovenbird,11,3,Nov_W3,0.0,428.0
Ovenbird,11,4,Nov_W4,0.0,339.0
Ovenbird,12,1,Dec_W1,0.0,213.0
Ovenbird,12,2,Dec_W2,0.0,275.0
Ovenbird,12,3,Dec_W3,0.0,318.0
Ovenbird,12,4,Dec_W4,0.0,931.0
Northern Waterthrush,1,1,Jan_W1,0.0,1028.0
Northern Waterthrush,1,2,Jan_W2,0.0,995.0
Northern Waterthrush,1,3,Jan_W3,0.0,1544.0
Northern Waterthrush,1,4,Jan_W4,0.0,1414.0
Northern Waterthrush,2,1,Feb_W1,0.0,1431.0
Northern Waterthrush,2,2,Feb_W2,0.0,1915.0
Northern Waterthrush,2,3,Feb_W3,0.0,1788.0
Northern Waterthrush,2,4,Feb_W4,0.0,669.0
Northern Waterthrush,3,1,Mar_W1,0.0,543.0
Northern Waterthrush,3,2,Mar_W2,0.0,364.0
Northern Waterthrush,3,3,Mar_W3,0.0,681.0
Northern Waterthrush,3,4,Mar_W4,0.0,1015.0
Northern Waterthrush,4,1,Apr_W1,0.0,752.0
Northern Waterthrush,4,2,Apr_W2,0.0,1082.0
Northern Waterthrush,4,3,Apr_W3,0.0,1195.0
Northern Waterthrush,4,4,Apr_W4,0.0007181,2785.0
Northern Waterthrush,5,1,May_W1,0.0020534,1461.0
Northern Waterthrush,5,2,May_W2,0.0064286,1400.0
Northern Waterthrush,5,3,May_W3,0.0268817,2046.0
Northern Waterthrush,5,4,May_W4,0.0225716,3943.0
Northern Waterthrush,6,1,Jun_W1,0.0239018,1548.0
Northern Waterthrush,6,2,Jun_W2,0.0148837,1075.0
Northern Waterthrush,6,3,Jun_W3,0.0135501,1107.0
Northern Waterthrush,6,4,Jun_W4,0.0171265,1051.0
Northern Waterthrush,7,1,Jul_W1,0.0100629,795.0
Northern Waterthrush,7,2,Jul_W2,0.0015,584.0
Northern Waterthrush,7,3,Jul_W3,0.011257,533.0
Northern Waterthrush,7,4,Jul_W4,0.0101266,790.0
Northern Waterthrush,8,1,Aug_W1,0.0100503,597.0
Northern Waterthrush,8,2,Aug_W2,0.0105105,666.0
Northern Waterthrush,8,3,Aug_W3,0.0072993,822.0
Northern Waterthrush,8,4,Aug_W4,0.015138,1123.0
Northern Waterthrush,9,1,Sep_W1,0.0264026,909.0
Northern Waterthrush,9,2,Sep_W2,0.0229885,957.0
Northern Waterthrush,9,3,Sep_W3,0.0249221,963.0
Northern Waterthrush,9,4,Sep_W4,0.0056617,1413.0
Northern Waterthrush,10,1,Oct_W1,0.0081967,976.0
Northern Waterthrush,10,2,Oct_W2,0.0045113,1330.0
Northern Waterthrush,10,3,Oct_W3,0.0074557,1073.0
Northern Waterthrush,10,4,Oct_W4,0.0053428,1123.0
Northern Waterthrush,11,1,Nov_W1,0.0,686.0
Northern Waterthrush,11,2,Nov_W2,0.0,662.0
Northern Waterthrush,11,3,Nov_W3,0.0,428.0
Northern Waterthrush,11,4,Nov_W4,0.0,339.0
Northern Waterthrush,12,1,Dec_W1,0.0,213.0
Northern Waterthrush,12,2,Dec_W2,0.0,275.0
Northern Waterthrush,12,3,Dec_W3,0.0,318.0
Northern Waterthrush,12,4,Dec_W4,0.0,931.0
Golden-winged Warbler,1,1,Jan_W1,0.0,1028.0
Golden-winged Warbler,1,2,Jan_W2,0.0,995.0
Golden-winged Warbler,1,3,Jan_W3,0.0,1544.0
Golden-winged Warbler,1,4,Jan_W4,0.0,1414.0
Golden-winged Warbler,2,1,Feb_W1,0.0,1431.0
Golden-winged Warbler,2,2,Feb_W2,0.0,1915.0
Golden-winged Warbler,2,3,Feb_W3,0.0,1788.0
Golden-winged Warbler,2,4,Feb_W4,0.0,669.0
Golden-winged Warbler,3,1,Mar_W1,0.0,543.0
Golden-winged Warbler,3,2,Mar_W2,0.0,364.0
Golden-winged Warbler,3,3,Mar_W3,0.0,681.0
Golden-winged Warbler,3,4,Mar_W4,0.0,1015.0
Golden-winged Warbler,4,1,Apr_W1,0.0,752.0
Golden-winged Warbler,4,2,Apr_W2,0.0,1082.0
Golden-winged Warbler,4,3,Apr_W3,0.0,1195.0
Golden-winged Warbler,4,4,Apr_W4,0.0,2785.0
Golden-winged Warbler,5,1,May_W1,0.0006845,1461.0
Golden-winged Warbler,5,2,May_W2,0.0021429,1400.0
Golden-winged Warbler,5,3,May_W3,0.0102639,2046.0
Golden-winged Warbler,5,4,May_W4,0.0088765,3943.0
Golden-winged Warbler,6,1,Jun_W1,0.0161499,1548.0
Golden-winged Warbler,6,2,Jun_W2,0.0139535,1075.0
Golden-winged Warbler,6,3,Jun_W3,0.0135501,1107.0
Golden-winged Warbler,6,4,Jun_W4,0.0152236,1051.0
Golden-winged Warbler,7,1,Jul_W1,0.0075472,795.0
Golden-winged Warbler,7,2,Jul_W2,0.0017123,584.0
Golden-winged Warbler,7,3,Jul_W3,0.0037523,533.0
Golden-winged Warbler,7,4,Jul_W4,0.0037975,790.0
Golden-winged Warbler,8,1,Aug_W1,0.001675,597.0
Golden-winged Warbler,8,2,Aug_W2,0.0015015,666.0
Golden-winged Warbler,8,3,Aug_W3,0.0012165,822.0
Golden-winged Warbler,8,4,Aug_W4,0.0017809,1123.0
Golden-winged Warbler,9,1,Sep_W1,0.0015,909.0
Golden-winged Warbler,9,2,Sep_W2,0.0,957.0
Golden-winged Warbler,9,3,Sep_W3,0.0010384,963.0
Golden-winged Warbler,9,4,Sep_W4,0.0,1413.0
Golden-winged Warbler,10,1,Oct_W1,0.0,976.0
Golden-winged Warbler,10,2,Oct_W2,0.0,1330.0
Golden-winged Warbler,10,3,Oct_W3,0.0,1073.0
Golden-winged Warbler,10,4,Oct_W4,0.0,1123.0
Golden-winged Warbler,11,1,Nov_W1,0.0,686.0
Golden-winged Warbler,11,2,Nov_W2,0.0,662.0
Golden-winged Warbler,11,3,Nov_W3,0.0,428.0
Golden-winged Warbler,11,4,Nov_W4,0.0,339.0
Golden-winged Warbler,12,1,Dec_W1,0.0,213.0
Golden-winged Warbler,12,2,Dec_W2,0.0,275.0
Golden-winged Warbler,12,3,Dec_W3,0.0,318.0
Golden-winged Warbler,12,4,Dec_W4,0.0,931.0
Blue-winged Warbler,1,1,Jan_W1,0.0,1028.0
Blue-winged Warbler,1,2,Jan_W2,0.0,995.0
Blue-winged Warbler,1,3,Jan_W3,0.0,1544.0
Blue-winged Warbler,1,4,Jan_W4,0.0,1414.0
Blue-winged Warbler,2,1,Feb_W1,0.0,1431.0
Blue-winged Warbler,2,2,Feb_W2,0.0,1915.0
Blue-winged Warbler,2,3,Feb_W3,0.0,1788.0
Blue-winged Warbler,2,4,Feb_W4,0.0,669.0
Blue-winged Warbler,3,1,Mar_W1,0.0,543.0
Blue-winged Warbler,3,2,Mar_W2,0.0,364.0
Blue-winged Warbler,3,3,Mar_W3,0.0,681.0
Blue-winged Warbler,3,4,Mar_W4,0.0,1015.0
Blue-winged Warbler,4,1,Apr_W1,0.0,752.0
Blue-winged Warbler,4,2,Apr_W2,0.0,1082.0
Blue-winged Warbler,4,3,Apr_W3,0.0,1195.0
Blue-winged Warbler,4,4,Apr_W4,0.0,2785.0
Blue-winged Warbler,5,1,May_W1,0.0,1461.0
Blue-winged Warbler,5,2,May_W2,0.0014286,1400.0
Blue-winged Warbler,5,3,May_W3,0.0015,2046.0
Blue-winged Warbler,5,4,May_W4,0.0,3943.0
Blue-winged Warbler,6,1,Jun_W1,0.0,1548.0
Blue-winged Warbler,6,2,Jun_W2,0.0,1075.0
Blue-winged Warbler,6,3,Jun_W3,0.0,1107.0
Blue-winged Warbler,6,4,Jun_W4,0.0,1051.0
Blue-winged Warbler,7,1,Jul_W1,0.0,795.0
Blue-winged Warbler,7,2,Jul_W2,0.0,584.0
Blue-winged Warbler,7,3,Jul_W3,0.0,533.0
Blue-winged Warbler,7,4,Jul_W4,0.0,790.0
Blue-winged Warbler,8,1,Aug_W1,0.0,597.0
Blue-winged Warbler,8,2,Aug_W2,0.0,666.0
Blue-winged Warbler,8,3,Aug_W3,0.0,822.0
Blue-winged Warbler,8,4,Aug_W4,0.0,1123.0
Blue-winged Warbler,9,1,Sep_W1,0.0,909.0
Blue-winged Warbler,9,2,Sep_W2,0.0010449,957.0
Blue-winged Warbler,9,3,Sep_W3,0.0015,963.0
Blue-winged Warbler,9,4,Sep_W4,0.0,1413.0
Blue-winged Warbler,10,1,Oct_W1,0.0,976.0
Blue-winged Warbler,10,2,Oct_W2,0.0,1330.0
Blue-winged Warbler,10,3,Oct_W3,0.0,1073.0
Blue-winged Warbler,10,4,Oct_W4,0.0,1123.0
Blue-winged Warbler,11,1,Nov_W1,0.0,686.0
Blue-winged Warbler,11,2,Nov_W2,0.0,662.0
Blue-winged Warbler,11,3,Nov_W3,0.0,428.0
Blue-winged Warbler,11,4,Nov_W4,0.0,339.0
Blue-winged Warbler,12,1,Dec_W1,0.0,213.0
Blue-winged Warbler,12,2,Dec_W2,0.0,275.0
Blue-winged Warbler,12,3,Dec_W3,0.0,318.0
Blue-winged Warbler,12,4,Dec_W4,0.0,931.0
Black-and-white Warbler,1,1,Jan_W1,0.0,1028.0
Black-and-white Warbler,1,2,Jan_W2,0.0,995.0
Black-and-white Warbler,1,3,Jan_W3,0.0,1544.0
Black-and-white Warbler,1,4,Jan_W4,0.0,1414.0
Black-and-white Warbler,2,1,Feb_W1,0.0,1431.0
Black-and-white Warbler,2,2,Feb_W2,0.0,1915.0
Black-and-white Warbler,2,3,Feb_W3,0.0,1788.0
Black-and-white Warbler,2,4,Feb_W4,0.0,669.0
Black-and-white Warbler,3,1,Mar_W1,0.0,543.0
Black-and-white Warbler,3,2,Mar_W2,0.0,364.0
Black-and-white Warbler,3,3,Mar_W3,0.0,681.0
Black-and-white Warbler,3,4,Mar_W4,0.0,1015.0
Black-and-white Warbler,4,1,Apr_W1,0.0,752.0
Black-and-white Warbler,4,2,Apr_W2,0.0,1082.0
Black-and-white Warbler,4,3,Apr_W3,0.0,1195.0
Black-and-white Warbler,4,4,Apr_W4,0.0010772,2785.0
Black-and-white Warbler,5,1,May_W1,0.0342231,1461.0
Black-and-white Warbler,5,2,May_W2,0.1428571,1400.0
Black-and-white Warbler,5,3,May_W3,0.186217,2046.0
Black-and-white Warbler,5,4,May_W4,0.1549582,3943.0
Black-and-white Warbler,6,1,Jun_W1,0.1479328,1548.0
Black-and-white Warbler,6,2,Jun_W2,0.1534884,1075.0
Black-and-white Warbler,6,3,Jun_W3,0.1607949,1107.0
Black-and-white Warbler,6,4,Jun_W4,0.1474786,1051.0
Black-and-white Warbler,7,1,Jul_W1,0.1383648,795.0
Black-and-white Warbler,7,2,Jul_W2,0.0804795,584.0
Black-and-white Warbler,7,3,Jul_W3,0.0750469,533.0
Black-and-white Warbler,7,4,Jul_W4,0.0987342,790.0
Black-and-white Warbler,8,1,Aug_W1,0.0887772,597.0
Black-and-white Warbler,8,2,Aug_W2,0.1186186,666.0
Black-and-white Warbler,8,3,Aug_W3,0.1216545,822.0
Black-and-white Warbler,8,4,Aug_W4,0.0988424,1123.0
Black-and-white Warbler,9,1,Sep_W1,0.0748075,909.0
Black-and-white Warbler,9,2,Sep_W2,0.0438871,957.0
Black-and-white Warbler,9,3,Sep_W3,0.0353063,963.0
Black-and-white Warbler,9,4,Sep_W4,0.02477,1413.0
Black-and-white Warbler,10,1,Oct_W1,0.0030738,976.0
Black-and-white Warbler,10,2,Oct_W2,0.0037594,1330.0
Black-and-white Warbler,10,3,Oct_W3,0.0,1073.0
Black-and-white Warbler,10,4,Oct_W4,0.0,1123.0
Black-and-white Warbler,11,1,Nov_W1,0.0,686.0
Black-and-white Warbler,11,2,Nov_W2,0.0,662.0
Black-and-white Warbler,11,3,Nov_W3,0.0,428.0
Black-and-white Warbler,11,4,Nov_W4,0.0,339.0
Black-and-white Warbler,12,1,Dec_W1,0.0,213.0
Black-and-white Warbler,12,2,Dec_W2,0.0,275.0
Black-and-white Warbler,12,3,Dec_W3,0.0,318.0
Black-and-white Warbler,12,4,Dec_W4,0.0,931.0
Tennessee Warbler,1,1,Jan_W1,0.0,1028.0
Tennessee Warbler,1,2,Jan_W2,0.0,995.0
Tennessee Warbler,1,3,Jan_W3,0.0,1544.0
Tennessee Warbler,1,4,Jan_W4,0.0,1414.0
Tennessee Warbler,2,1,Feb_W1,0.0,1431.0
Tennessee Warbler,2,2,Feb_W2,0.0,1915.0
Tennessee Warbler,2,3,Feb_W3,0.0,1788.0
Tennessee Warbler,2,4,Feb_W4,0.0,669.0
Tennessee Warbler,3,1,Mar_W1,0.0,543.0
Tennessee Warbler,3,2,Mar_W2,0.0,364.0
Tennessee Warbler,3,3,Mar_W3,0.0,681.0
Tennessee Warbler,3,4,Mar_W4,0.0,1015.0
Tennessee Warbler,4,1,Apr_W1,0.0,752.0
Tennessee Warbler,4,2,Apr_W2,0.0,1082.0
Tennessee Warbler,4,3,Apr_W3,0.0,1195.0
Tennessee Warbler,4,4,Apr_W4,0.0,2785.0
Tennessee Warbler,5,1,May_W1,0.0020534,1461.0
Tennessee Warbler,5,2,May_W2,0.0157143,1400.0
Tennessee Warbler,5,3,May_W3,0.0840665,2046.0
Tennessee Warbler,5,4,May_W4,0.0705047,3943.0
Tennessee Warbler,6,1,Jun_W1,0.0174419,1548.0
Tennessee Warbler,6,2,Jun_W2,0.0046512,1075.0
Tennessee Warbler,6,3,Jun_W3,0.0036134,1107.0
Tennessee Warbler,6,4,Jun_W4,0.0019029,1051.0
Tennessee Warbler,7,1,Jul_W1,0.0075472,795.0
Tennessee Warbler,7,2,Jul_W2,0.0136986,584.0
Tennessee Warbler,7,3,Jul_W3,0.0131332,533.0
Tennessee Warbler,7,4,Jul_W4,0.0101266,790.0
Tennessee Warbler,8,1,Aug_W1,0.0150754,597.0
Tennessee Warbler,8,2,Aug_W2,0.033033,666.0
Tennessee Warbler,8,3,Aug_W3,0.0608273,822.0
Tennessee Warbler,8,4,Aug_W4,0.1077471,1123.0
Tennessee Warbler,9,1,Sep_W1,0.139714,909.0
Tennessee Warbler,9,2,Sep_W2,0.092999,957.0
Tennessee Warbler,9,3,Sep_W3,0.07892,963.0
Tennessee Warbler,9,4,Sep_W4,0.0537863,1413.0
Tennessee Warbler,10,1,Oct_W1,0.0092213,976.0
Tennessee Warbler,10,2,Oct_W2,0.0045113,1330.0
Tennessee Warbler,10,3,Oct_W3,0.0027959,1073.0
Tennessee Warbler,10,4,Oct_W4,0.0,1123.0
Tennessee Warbler,11,1,Nov_W1,0.0,686.0
Tennessee Warbler,11,2,Nov_W2,0.0,662.0
Tennessee Warbler,11,3,Nov_W3,0.0,428.0
Tennessee Warbler,11,4,Nov_W4,0.0,339.0
Tennessee Warbler,12,1,Dec_W1,0.0,213.0
Tennessee Warbler,12,2,Dec_W2,0.0,275.0
Tennessee Warbler,12,3,Dec_W3,0.0,318.0
Tennessee Warbler,12,4,Dec_W4,0.0,931.0
Orange-crowned Warbler,1,1,Jan_W1,0.0,1028.0
Orange-crowned Warbler,1,2,Jan_W2,0.0,995.0
Orange-crowned Warbler,1,3,Jan_W3,0.0,1544.0
Orange-crowned Warbler,1,4,Jan_W4,0.0,1414.0
Orange-crowned Warbler,2,1,Feb_W1,0.0,1431.0
Orange-crowned Warbler,2,2,Feb_W2,0.0,1915.0
Orange-crowned Warbler,2,3,Feb_W3,0.0,1788.0
Orange-crowned Warbler,2,4,Feb_W4,0.0,669.0
Orange-crowned Warbler,3,1,Mar_W1,0.0,543.0
Orange-crowned Warbler,3,2,Mar_W2,0.0,364.0
Orange-crowned Warbler,3,3,Mar_W3,0.0,681.0
Orange-crowned Warbler,3,4,Mar_W4,0.0,1015.0
Orange-crowned Warbler,4,1,Apr_W1,0.0,752.0
Orange-crowned Warbler,4,2,Apr_W2,0.0,1082.0
Orange-crowned Warbler,4,3,Apr_W3,0.0,1195.0
Orange-crowned Warbler,4,4,Apr_W4,0.0,2785.0
Orange-crowned Warbler,5,1,May_W1,0.0061602,1461.0
Orange-crowned Warbler,5,2,May_W2,0.0228571,1400.0
Orange-crowned Warbler,5,3,May_W3,0.0488759,2046.0
Orange-crowned Warbler,5,4,May_W4,0.0248542,3943.0
Orange-crowned Warbler,6,1,Jun_W1,0.000646,1548.0
Orange-crowned Warbler,6,2,Jun_W2,0.0,1075.0
Orange-crowned Warbler,6,3,Jun_W3,0.0,1107.0
Orange-crowned Warbler,6,4,Jun_W4,0.0,1051.0
Orange-crowned Warbler,7,1,Jul_W1,0.0,795.0
Orange-crowned Warbler,7,2,Jul_W2,0.0,584.0
Orange-crowned Warbler,7,3,Jul_W3,0.0,533.0
Orange-crowned Warbler,7,4,Jul_W4,0.0,790.0
Orange-crowned Warbler,8,1,Aug_W1,0.0,597.0
Orange-crowned Warbler,8,2,Aug_W2,0.0,666.0
Orange-crowned Warbler,8,3,Aug_W3,0.0,822.0
Orange-crowned Warbler,8,4,Aug_W4,0.0,1123.0
Orange-crowned Warbler,9,1,Sep_W1,0.0011001,909.0
Orange-crowned Warbler,9,2,Sep_W2,0.0052247,957.0
Orange-crowned Warbler,9,3,Sep_W3,0.0124611,963.0
Orange-crowned Warbler,9,4,Sep_W4,0.054494,1413.0
Orange-crowned Warbler,10,1,Oct_W1,0.0696721,976.0
Orange-crowned Warbler,10,2,Oct_W2,0.043609,1330.0
Orange-crowned Warbler,10,3,Oct_W3,0.0055918,1073.0
Orange-crowned Warbler,10,4,Oct_W4,0.0017809,1123.0
Orange-crowned Warbler,11,1,Nov_W1,0.0,686.0
Orange-crowned Warbler,11,2,Nov_W2,0.0,662.0
Orange-crowned Warbler,11,3,Nov_W3,0.0,428.0
Orange-crowned Warbler,11,4,Nov_W4,0.0,339.0
Orange-crowned Warbler,12,1,Dec_W1,0.0,213.0
Orange-crowned Warbler,12,2,Dec_W2,0.0036364,275.0
Orange-crowned Warbler,12,3,Dec_W3,0.0,318.0
Orange-crowned Warbler,12,4,Dec_W4,0.0,931.0
Lucy's Warbler,1,1,Jan_W1,0.0,1028.0
Lucy's Warbler,1,2,Jan_W2,0.0,995.0
Lucy's Warbler,1,3,Jan_W3,0.0,1544.0
Lucy's Warbler,1,4,Jan_W4,0.0,1414.0
Lucy's Warbler,2,1,Feb_W1,0.0,1431.0
Lucy's Warbler,2,2,Feb_W2,0.0,1915.0
Lucy's Warbler,2,3,Feb_W3,0.0,1788.0
Lucy's Warbler,2,4,Feb_W4,0.0,669.0
Lucy's Warbler,3,1,Mar_W1,0.0,543.0
Lucy's Warbler,3,2,Mar_W2,0.0,364.0
Lucy's Warbler,3,3,Mar_W3,0.0,681.0
Lucy's Warbler,3,4,Mar_W4,0.0,1015.0
Lucy's Warbler,4,1,Apr_W1,0.0,752.0
Lucy's Warbler,4,2,Apr_W2,0.0,1082.0
Lucy's Warbler,4,3,Apr_W3,0.0,1195.0
Lucy's Warbler,4,4,Apr_W4,0.0,2785.0
Lucy's Warbler,5,1,May_W1,0.0,1461.0
Lucy's Warbler,5,2,May_W2,0.0,1400.0
Lucy's Warbler,5,3,May_W3,0.0,2046.0
Lucy's Warbler,5,4,May_W4,0.0,3943.0
Lucy's Warbler,6,1,Jun_W1,0.0,1548.0
Lucy's Warbler,6,2,Jun_W2,0.0,1075.0
Lucy's Warbler,6,3,Jun_W3,0.0,1107.0
Lucy's Warbler,6,4,Jun_W4,0.0,1051.0
Lucy's Warbler,7,1,Jul_W1,0.0,795.0
Lucy's Warbler,7,2,Jul_W2,0.0,584.0
Lucy's Warbler,7,3,Jul_W3,0.0,533.0
Lucy's Warbler,7,4,Jul_W4,0.0,790.0
Lucy's Warbler,8,1,Aug_W1,0.0,597.0
Lucy's Warbler,8,2,Aug_W2,0.0,666.0
Lucy's Warbler,8,3,Aug_W3,0.0,822.0
Lucy's Warbler,8,4,Aug_W4,0.0,1123.0
Lucy's Warbler,9,1,Sep_W1,0.0,909.0
Lucy's Warbler,9,2,Sep_W2,0.0,957.0
Lucy's Warbler,9,3,Sep_W3,0.0,963.0
Lucy's Warbler,9,4,Sep_W4,0.0,1413.0
Lucy's Warbler,10,1,Oct_W1,0.0,976.0
Lucy's Warbler,10,2,Oct_W2,0.0,1330.0
Lucy's Warbler,10,3,Oct_W3,0.0,1073.0
Lucy's Warbler,10,4,Oct_W4,0.0,1123.0
Lucy's Warbler,11,1,Nov_W1,0.0,686.0
Lucy's Warbler,11,2,Nov_W2,0.0045317,662.0
Lucy's Warbler,11,3,Nov_W3,0.0,428.0
Lucy's Warbler,11,4,Nov_W4,0.0,339.0
Lucy's Warbler,12,1,Dec_W1,0.0,213.0
Lucy's Warbler,12,2,Dec_W2,0.0,275.0
Lucy's Warbler,12,3,Dec_W3,0.0,318.0
Lucy's Warbler,12,4,Dec_W4,0.0,931.0
Nashville Warbler,1,1,Jan_W1,0.0,1028.0
Nashville Warbler,1,2,Jan_W2,0.0,995.0
Nashville Warbler,1,3,Jan_W3,0.0,1544.0
Nashville Warbler,1,4,Jan_W4,0.0,1414.0
Nashville Warbler,2,1,Feb_W1,0.0,1431.0
Nashville Warbler,2,2,Feb_W2,0.0,1915.0
Nashville Warbler,2,3,Feb_W3,0.0,1788.0
Nashville Warbler,2,4,Feb_W4,0.0,669.0
Nashville Warbler,3,1,Mar_W1,0.0,543.0
Nashville Warbler,3,2,Mar_W2,0.0,364.0
Nashville Warbler,3,3,Mar_W3,0.0,681.0
Nashville Warbler,3,4,Mar_W4,0.0,1015.0
Nashville Warbler,4,1,Apr_W1,0.0,752.0
Nashville Warbler,4,2,Apr_W2,0.0,1082.0
Nashville Warbler,4,3,Apr_W3,0.0,1195.0
Nashville Warbler,4,4,Apr_W4,0.0025135,2785.0
Nashville Warbler,5,1,May_W1,0.0362765,1461.0
Nashville Warbler,5,2,May_W2,0.1771429,1400.0
Nashville Warbler,5,3,May_W3,0.2258065,2046.0
Nashville Warbler,5,4,May_W4,0.2485417,3943.0
Nashville Warbler,6,1,Jun_W1,0.3281654,1548.0
Nashville Warbler,6,2,Jun_W2,0.3702326,1075.0
Nashville Warbler,6,3,Jun_W3,0.3857272,1107.0
Nashville Warbler,6,4,Jun_W4,0.3177926,1051.0
Nashville Warbler,7,1,Jul_W1,0.2540881,795.0
Nashville Warbler,7,2,Jul_W2,0.1969178,584.0
Nashville Warbler,7,3,Jul_W3,0.1332083,533.0
Nashville Warbler,7,4,Jul_W4,0.1253165,790.0
Nashville Warbler,8,1,Aug_W1,0.1373534,597.0
Nashville Warbler,8,2,Aug_W2,0.1456456,666.0
Nashville Warbler,8,3,Aug_W3,0.1727494,822.0
Nashville Warbler,8,4,Aug_W4,0.2039181,1123.0
Nashville Warbler,9,1,Sep_W1,0.2486249,909.0
Nashville Warbler,9,2,Sep_W2,0.2027168,957.0
Nashville Warbler,9,3,Sep_W3,0.1360332,963.0
Nashville Warbler,9,4,Sep_W4,0.0856334,1413.0
Nashville Warbler,10,1,Oct_W1,0.0584016,976.0
Nashville Warbler,10,2,Oct_W2,0.0112782,1330.0
Nashville Warbler,10,3,Oct_W3,0.0037279,1073.0
Nashville Warbler,10,4,Oct_W4,0.0,1123.0
Nashville Warbler,11,1,Nov_W1,0.0,686.0
Nashville Warbler,11,2,Nov_W2,0.0,662.0
Nashville Warbler,11,3,Nov_W3,0.0,428.0
Nashville Warbler,11,4,Nov_W4,0.0,339.0
Nashville Warbler,12,1,Dec_W1,0.0,213.0
Nashville Warbler,12,2,Dec_W2,0.0,275.0
Nashville Warbler,12,3,Dec_W3,0.0,318.0
Nashville Warbler,12,4,Dec_W4,0.0,931.0
Virginia's Warbler,1,1,Jan_W1,0.0,1028.0
Virginia's Warbler,1,2,Jan_W2,0.0,995.0
Virginia's Warbler,1,3,Jan_W3,0.0,1544.0
Virginia's Warbler,1,4,Jan_W4,0.0,1414.0
Virginia's Warbler,2,1,Feb_W1,0.0,1431.0
Virginia's Warbler,2,2,Feb_W2,0.0,1915.0
Virginia's Warbler,2,3,Feb_W3,0.0,1788.0
Virginia's Warbler,2,4,Feb_W4,0.0,669.0
Virginia's Warbler,3,1,Mar_W1,0.0,543.0
Virginia's Warbler,3,2,Mar_W2,0.0,364.0
Virginia's Warbler,3,3,Mar_W3,0.0,681.0
Virginia's Warbler,3,4,Mar_W4,0.0,1015.0
Virginia's Warbler,4,1,Apr_W1,0.0,752.0
Virginia's Warbler,4,2,Apr_W2,0.0,1082.0
Virginia's Warbler,4,3,Apr_W3,0.0,1195.0
Virginia's Warbler,4,4,Apr_W4,0.0,2785.0
Virginia's Warbler,5,1,May_W1,0.0,1461.0
Virginia's Warbler,5,2,May_W2,0.0,1400.0
Virginia's Warbler,5,3,May_W3,0.0015,2046.0
Virginia's Warbler,5,4,May_W4,0.0,3943.0
Virginia's Warbler,6,1,Jun_W1,0.0,1548.0
Virginia's Warbler,6,2,Jun_W2,0.0,1075.0
Virginia's Warbler,6,3,Jun_W3,0.0,1107.0
Virginia's Warbler,6,4,Jun_W4,0.0,1051.0
Virginia's Warbler,7,1,Jul_W1,0.0,795.0
Virginia's Warbler,7,2,Jul_W2,0.0,584.0
Virginia's Warbler,7,3,Jul_W3,0.0,533.0
Virginia's Warbler,7,4,Jul_W4,0.0,790.0
Virginia's Warbler,8,1,Aug_W1,0.0,597.0
Virginia's Warbler,8,2,Aug_W2,0.0,666.0
Virginia's Warbler,8,3,Aug_W3,0.0,822.0
Virginia's Warbler,8,4,Aug_W4,0.0,1123.0
Virginia's Warbler,9,1,Sep_W1,0.0,909.0
Virginia's Warbler,9,2,Sep_W2,0.0,957.0
Virginia's Warbler,9,3,Sep_W3,0.0,963.0
Virginia's Warbler,9,4,Sep_W4,0.0,1413.0
Virginia's Warbler,10,1,Oct_W1,0.0,976.0
Virginia's Warbler,10,2,Oct_W2,0.0,1330.0
Virginia's Warbler,10,3,Oct_W3,0.0,1073.0
Virginia's Warbler,10,4,Oct_W4,0.0,1123.0
Virginia's Warbler,11,1,Nov_W1,0.0,686.0
Virginia's Warbler,11,2,Nov_W2,0.0,662.0
Virginia's Warbler,11,3,Nov_W3,0.0,428.0
Virginia's Warbler,11,4,Nov_W4,0.0,339.0
Virginia's Warbler,12,1,Dec_W1,0.0,213.0
Virginia's Warbler,12,2,Dec_W2,0.0,275.0
Virginia's Warbler,12,3,Dec_W3,0.0,318.0
Virginia's Warbler,12,4,Dec_W4,0.0,931.0
Connecticut Warbler,1,1,Jan_W1,0.0,1028.0
Connecticut Warbler,1,2,Jan_W2,0.0,995.0
Connecticut Warbler,1,3,Jan_W3,0.0,1544.0
Connecticut Warbler,1,4,Jan_W4,0.0,1414.0
Connecticut Warbler,2,1,Feb_W1,0.0,1431.0
Connecticut Warbler,2,2,Feb_W2,0.0,1915.0
Connecticut Warbler,2,3,Feb_W3,0.0,1788.0
Connecticut Warbler,2,4,Feb_W4,0.0,669.0
Connecticut Warbler,3,1,Mar_W1,0.0,543.0
Connecticut Warbler,3,2,Mar_W2,0.0,364.0
Connecticut Warbler,3,3,Mar_W3,0.0,681.0
Connecticut Warbler,3,4,Mar_W4,0.0,1015.0
Connecticut Warbler,4,1,Apr_W1,0.0,752.0
Connecticut Warbler,4,2,Apr_W2,0.0,1082.0
Connecticut Warbler,4,3,Apr_W3,0.0,1195.0
Connecticut Warbler,4,4,Apr_W4,0.0,2785.0
Connecticut Warbler,5,1,May_W1,0.0,1461.0
Connecticut Warbler,5,2,May_W2,0.0,1400.0
Connecticut Warbler,5,3,May_W3,0.0029326,2046.0
Connecticut Warbler,5,4,May_W4,0.0134415,3943.0
Connecticut Warbler,6,1,Jun_W1,0.0232558,1548.0
Connecticut Warbler,6,2,Jun_W2,0.0167442,1075.0
Connecticut Warbler,6,3,Jun_W3,0.0153568,1107.0
Connecticut Warbler,6,4,Jun_W4,0.0104662,1051.0
Connecticut Warbler,7,1,Jul_W1,0.0025157,795.0
Connecticut Warbler,7,2,Jul_W2,0.0,584.0
Connecticut Warbler,7,3,Jul_W3,0.0,533.0
Connecticut Warbler,7,4,Jul_W4,0.0012658,790.0
Connecticut Warbler,8,1,Aug_W1,0.0015,597.0
Connecticut Warbler,8,2,Aug_W2,0.0,666.0
Connecticut Warbler,8,3,Aug_W3,0.0,822.0
Connecticut Warbler,8,4,Aug_W4,0.0008905,1123.0
Connecticut Warbler,9,1,Sep_W1,0.0077008,909.0
Connecticut Warbler,9,2,Sep_W2,0.0041797,957.0
Connecticut Warbler,9,3,Sep_W3,0.0010384,963.0
Connecticut Warbler,9,4,Sep_W4,0.0015,1413.0
Connecticut Warbler,10,1,Oct_W1,0.0,976.0
Connecticut Warbler,10,2,Oct_W2,0.0,1330.0
Connecticut Warbler,10,3,Oct_W3,0.0,1073.0
Connecticut Warbler,10,4,Oct_W4,0.0,1123.0
Connecticut Warbler,11,1,Nov_W1,0.0,686.0
Connecticut Warbler,11,2,Nov_W2,0.0,662.0
Connecticut Warbler,11,3,Nov_W3,0.0,428.0
Connecticut Warbler,11,4,Nov_W4,0.0,339.0
Connecticut Warbler,12,1,Dec_W1,0.0,213.0
Connecticut Warbler,12,2,Dec_W2,0.0,275.0
Connecticut Warbler,12,3,Dec_W3,0.0,318.0
Connecticut Warbler,12,4,Dec_W4,0.0,931.0
Mourning Warbler,1,1,Jan_W1,0.0,1028.0
Mourning Warbler,1,2,Jan_W2,0.0,995.0
Mourning Warbler,1,3,Jan_W3,0.0,1544.0
Mourning Warbler,1,4,Jan_W4,0.0,1414.0
Mourning Warbler,2,1,Feb_W1,0.0,1431.0
Mourning Warbler,2,2,Feb_W2,0.0,1915.0
Mourning Warbler,2,3,Feb_W3,0.0,1788.0
Mourning Warbler,2,4,Feb_W4,0.0,669.0
Mourning Warbler,3,1,Mar_W1,0.0,543.0
Mourning Warbler,3,2,Mar_W2,0.0,364.0
Mourning Warbler,3,3,Mar_W3,0.0,681.0
Mourning Warbler,3,4,Mar_W4,0.0,1015.0
Mourning Warbler,4,1,Apr_W1,0.0,752.0
Mourning Warbler,4,2,Apr_W2,0.0,1082.0
Mourning Warbler,4,3,Apr_W3,0.0,1195.0
Mourning Warbler,4,4,Apr_W4,0.0,2785.0
Mourning Warbler,5,1,May_W1,0.0,1461.0
Mourning Warbler,5,2,May_W2,0.0007143,1400.0
Mourning Warbler,5,3,May_W3,0.0087977,2046.0
Mourning Warbler,5,4,May_W4,0.0527517,3943.0
Mourning Warbler,6,1,Jun_W1,0.0839793,1548.0
Mourning Warbler,6,2,Jun_W2,0.1032558,1075.0
Mourning Warbler,6,3,Jun_W3,0.1020777,1107.0
Mourning Warbler,6,4,Jun_W4,0.056137,1051.0
Mourning Warbler,7,1,Jul_W1,0.0415094,795.0
Mourning Warbler,7,2,Jul_W2,0.015411,584.0
Mourning Warbler,7,3,Jul_W3,0.0093809,533.0
Mourning Warbler,7,4,Jul_W4,0.0113924,790.0
Mourning Warbler,8,1,Aug_W1,0.0083752,597.0
Mourning Warbler,8,2,Aug_W2,0.015015,666.0
Mourning Warbler,8,3,Aug_W3,0.0121655,822.0
Mourning Warbler,8,4,Aug_W4,0.0115761,1123.0
Mourning Warbler,9,1,Sep_W1,0.0088009,909.0
Mourning Warbler,9,2,Sep_W2,0.0052247,957.0
Mourning Warbler,9,3,Sep_W3,0.0,963.0
Mourning Warbler,9,4,Sep_W4,0.0,1413.0
Mourning Warbler,10,1,Oct_W1,0.0,976.0
Mourning Warbler,10,2,Oct_W2,0.0,1330.0
Mourning Warbler,10,3,Oct_W3,0.0,1073.0
Mourning Warbler,10,4,Oct_W4,0.0,1123.0
Mourning Warbler,11,1,Nov_W1,0.0,686.0
Mourning Warbler,11,2,Nov_W2,0.0,662.0
Mourning Warbler,11,3,Nov_W3,0.0,428.0
Mourning Warbler,11,4,Nov_W4,0.0,339.0
Mourning Warbler,12,1,Dec_W1,0.0,213.0
Mourning Warbler,12,2,Dec_W2,0.0,275.0
Mourning Warbler,12,3,Dec_W3,0.0,318.0
Mourning Warbler,12,4,Dec_W4,0.0,931.0
Common Yellowthroat,1,1,Jan_W1,0.0,1028.0
Common Yellowthroat,1,2,Jan_W2,0.0,995.0
Common Yellowthroat,1,3,Jan_W3,0.0,1544.0
Common Yellowthroat,1,4,Jan_W4,0.0,1414.0
Common Yellowthroat,2,1,Feb_W1,0.0,1431.0
Common Yellowthroat,2,2,Feb_W2,0.0,1915.0
Common Yellowthroat,2,3,Feb_W3,0.0,1788.0
Common Yellowthroat,2,4,Feb_W4,0.0,669.0
Common Yellowthroat,3,1,Mar_W1,0.0,543.0
Common Yellowthroat,3,2,Mar_W2,0.0,364.0
Common Yellowthroat,3,3,Mar_W3,0.0,681.0
Common Yellowthroat,3,4,Mar_W4,0.0,1015.0
Common Yellowthroat,4,1,Apr_W1,0.0,752.0
Common Yellowthroat,4,2,Apr_W2,0.0,1082.0
Common Yellowthroat,4,3,Apr_W3,0.0,1195.0
Common Yellowthroat,4,4,Apr_W4,0.0003591,2785.0
Common Yellowthroat,5,1,May_W1,0.0041068,1461.0
Common Yellowthroat,5,2,May_W2,0.0428571,1400.0
Common Yellowthroat,5,3,May_W3,0.1764418,2046.0
Common Yellowthroat,5,4,May_W4,0.3076338,3943.0
Common Yellowthroat,6,1,Jun_W1,0.3598191,1548.0
Common Yellowthroat,6,2,Jun_W2,0.3581395,1075.0
Common Yellowthroat,6,3,Jun_W3,0.3785005,1107.0
Common Yellowthroat,6,4,Jun_W4,0.378687,1051.0
Common Yellowthroat,7,1,Jul_W1,0.3622642,795.0
Common Yellowthroat,7,2,Jul_W2,0.3150685,584.0
Common Yellowthroat,7,3,Jul_W3,0.2757974,533.0
Common Yellowthroat,7,4,Jul_W4,0.2101266,790.0
Common Yellowthroat,8,1,Aug_W1,0.1440536,597.0
Common Yellowthroat,8,2,Aug_W2,0.1546547,666.0
Common Yellowthroat,8,3,Aug_W3,0.1605839,822.0
Common Yellowthroat,8,4,Aug_W4,0.158504,1123.0
Common Yellowthroat,9,1,Sep_W1,0.2024202,909.0
Common Yellowthroat,9,2,Sep_W2,0.1765935,957.0
Common Yellowthroat,9,3,Sep_W3,0.1547248,963.0
Common Yellowthroat,9,4,Sep_W4,0.0955414,1413.0
Common Yellowthroat,10,1,Oct_W1,0.0379098,976.0
Common Yellowthroat,10,2,Oct_W2,0.0082707,1330.0
Common Yellowthroat,10,3,Oct_W3,0.0074557,1073.0
Common Yellowthroat,10,4,Oct_W4,0.0044524,1123.0
Common Yellowthroat,11,1,Nov_W1,0.0014577,686.0
Common Yellowthroat,11,2,Nov_W2,0.0,662.0
Common Yellowthroat,11,3,Nov_W3,0.0023364,428.0
Common Yellowthroat,11,4,Nov_W4,0.0,339.0
Common Yellowthroat,12,1,Dec_W1,0.0,213.0
Common Yellowthroat,12,2,Dec_W2,0.0,275.0
Common Yellowthroat,12,3,Dec_W3,0.0,318.0
Common Yellowthroat,12,4,Dec_W4,0.0,931.0
American Redstart,1,1,Jan_W1,0.0,1028.0
American Redstart,1,2,Jan_W2,0.0,995.0
American Redstart,1,3,Jan_W3,0.0,1544.0
American Redstart,1,4,Jan_W4,0.0,1414.0
American Redstart,2,1,Feb_W1,0.0,1431.0
American Redstart,2,2,Feb_W2,0.0,1915.0
American Redstart,2,3,Feb_W3,0.0,1788.0
American Redstart,2,4,Feb_W4,0.0,669.0
American Redstart,3,1,Mar_W1,0.0,543.0
American Redstart,3,2,Mar_W2,0.0,364.0
American Redstart,3,3,Mar_W3,0.0,681.0
American Redstart,3,4,Mar_W4,0.0,1015.0
American Redstart,4,1,Apr_W1,0.0,752.0
American Redstart,4,2,Apr_W2,0.0,1082.0
American Redstart,4,3,Apr_W3,0.0,1195.0
American Redstart,4,4,Apr_W4,0.0,2785.0
American Redstart,5,1,May_W1,0.0006845,1461.0
American Redstart,5,2,May_W2,0.0714286,1400.0
American Redstart,5,3,May_W3,0.2781036,2046.0
American Redstart,5,4,May_W4,0.3811818,3943.0
American Redstart,6,1,Jun_W1,0.381137,1548.0
American Redstart,6,2,Jun_W2,0.4148837,1075.0
American Redstart,6,3,Jun_W3,0.3866305,1107.0
American Redstart,6,4,Jun_W4,0.3815414,1051.0
American Redstart,7,1,Jul_W1,0.3672956,795.0
American Redstart,7,2,Jul_W2,0.2619863,584.0
American Redstart,7,3,Jul_W3,0.195122,533.0
American Redstart,7,4,Jul_W4,0.1759494,790.0
American Redstart,8,1,Aug_W1,0.1825796,597.0
American Redstart,8,2,Aug_W2,0.2312312,666.0
American Redstart,8,3,Aug_W3,0.2226277,822.0
American Redstart,8,4,Aug_W4,0.2422084,1123.0
American Redstart,9,1,Sep_W1,0.2211221,909.0
American Redstart,9,2,Sep_W2,0.2016719,957.0
American Redstart,9,3,Sep_W3,0.1100727,963.0
American Redstart,9,4,Sep_W4,0.0488323,1413.0
American Redstart,10,1,Oct_W1,0.0215164,976.0
American Redstart,10,2,Oct_W2,0.0067669,1330.0
American Redstart,10,3,Oct_W3,0.0065238,1073.0
American Redstart,10,4,Oct_W4,0.0,1123.0
American Redstart,11,1,Nov_W1,0.0,686.0
American Redstart,11,2,Nov_W2,0.0,662.0
American Redstart,11,3,Nov_W3,0.0,428.0
American Redstart,11,4,Nov_W4,0.0,339.0
American Redstart,12,1,Dec_W1,0.0,213.0
American Redstart,12,2,Dec_W2,0.0,275.0
American Redstart,12,3,Dec_W3,0.0,318.0
American Redstart,12,4,Dec_W4,0.0,931.0
Kirtland's Warbler,1,1,Jan_W1,0.0,1028.0
Kirtland's Warbler,1,2,Jan_W2,0.0,995.0
Kirtland's Warbler,1,3,Jan_W3,0.0,1544.0
Kirtland's Warbler,1,4,Jan_W4,0.0,1414.0
Kirtland's Warbler,2,1,Feb_W1,0.0,1431.0
Kirtland's Warbler,2,2,Feb_W2,0.0,1915.0
Kirtland's Warbler,2,3,Feb_W3,0.0,1788.0
Kirtland's Warbler,2,4,Feb_W4,0.0,669.0
Kirtland's Warbler,3,1,Mar_W1,0.0,543.0
Kirtland's Warbler,3,2,Mar_W2,0.0,364.0
Kirtland's Warbler,3,3,Mar_W3,0.0,681.0
Kirtland's Warbler,3,4,Mar_W4,0.0,1015.0
Kirtland's Warbler,4,1,Apr_W1,0.0,752.0
Kirtland's Warbler,4,2,Apr_W2,0.0,1082.0
Kirtland's Warbler,4,3,Apr_W3,0.0,1195.0
Kirtland's Warbler,4,4,Apr_W4,0.0,2785.0
Kirtland's Warbler,5,1,May_W1,0.0,1461.0
Kirtland's Warbler,5,2,May_W2,0.0028571,1400.0
Kirtland's Warbler,5,3,May_W3,0.0058651,2046.0
Kirtland's Warbler,5,4,May_W4,0.0048187,3943.0
Kirtland's Warbler,6,1,Jun_W1,0.005814,1548.0
Kirtland's Warbler,6,2,Jun_W2,0.0074419,1075.0
Kirtland's Warbler,6,3,Jun_W3,0.0280036,1107.0
Kirtland's Warbler,6,4,Jun_W4,0.0161751,1051.0
Kirtland's Warbler,7,1,Jul_W1,0.008805,795.0
Kirtland's Warbler,7,2,Jul_W2,0.0068493,584.0
Kirtland's Warbler,7,3,Jul_W3,0.0037523,533.0
Kirtland's Warbler,7,4,Jul_W4,0.0050633,790.0
Kirtland's Warbler,8,1,Aug_W1,0.0033501,597.0
Kirtland's Warbler,8,2,Aug_W2,0.0,666.0
Kirtland's Warbler,8,3,Aug_W3,0.0,822.0
Kirtland's Warbler,8,4,Aug_W4,0.0,1123.0
Kirtland's Warbler,9,1,Sep_W1,0.0,909.0
Kirtland's Warbler,9,2,Sep_W2,0.0,957.0
Kirtland's Warbler,9,3,Sep_W3,0.0,963.0
Kirtland's Warbler,9,4,Sep_W4,0.0,1413.0
Kirtland's Warbler,10,1,Oct_W1,0.0,976.0
Kirtland's Warbler,10,2,Oct_W2,0.0,1330.0
Kirtland's Warbler,10,3,Oct_W3,0.0,1073.0
Kirtland's Warbler,10,4,Oct_W4,0.0,1123.0
Kirtland's Warbler,11,1,Nov_W1,0.0,686.0
Kirtland's Warbler,11,2,Nov_W2,0.0,662.0
Kirtland's Warbler,11,3,Nov_W3,0.0,428.0
Kirtland's Warbler,11,4,Nov_W4,0.0,339.0
Kirtland's Warbler,12,1,Dec_W1,0.0,213.0
Kirtland's Warbler,12,2,Dec_W2,0.0,275.0
Kirtland's Warbler,12,3,Dec_W3,0.0,318.0
Kirtland's Warbler,12,4,Dec_W4,0.0,931.0
Cape May Warbler,1,1,Jan_W1,0.0,1028.0
Cape May Warbler,1,2,Jan_W2,0.0,995.0
Cape May Warbler,1,3,Jan_W3,0.0,1544.0
Cape May Warbler,1,4,Jan_W4,0.0,1414.0
Cape May Warbler,2,1,Feb_W1,0.0,1431.0
Cape May Warbler,2,2,Feb_W2,0.0,1915.0
Cape May Warbler,2,3,Feb_W3,0.0,1788.0
Cape May Warbler,2,4,Feb_W4,0.0,669.0
Cape May Warbler,3,1,Mar_W1,0.0,543.0
Cape May Warbler,3,2,Mar_W2,0.0,364.0
Cape May Warbler,3,3,Mar_W3,0.0,681.0
Cape May Warbler,3,4,Mar_W4,0.0,1015.0
Cape May Warbler,4,1,Apr_W1,0.0,752.0
Cape May Warbler,4,2,Apr_W2,0.0,1082.0
Cape May Warbler,4,3,Apr_W3,0.0,1195.0
Cape May Warbler,4,4,Apr_W4,0.0,2785.0
Cape May Warbler,5,1,May_W1,0.0143737,1461.0
Cape May Warbler,5,2,May_W2,0.08,1400.0
Cape May Warbler,5,3,May_W3,0.1006843,2046.0
Cape May Warbler,5,4,May_W4,0.062389,3943.0
Cape May Warbler,6,1,Jun_W1,0.0322997,1548.0
Cape May Warbler,6,2,Jun_W2,0.0269767,1075.0
Cape May Warbler,6,3,Jun_W3,0.0189702,1107.0
Cape May Warbler,6,4,Jun_W4,0.0114177,1051.0
Cape May Warbler,7,1,Jul_W1,0.0201258,795.0
Cape May Warbler,7,2,Jul_W2,0.0034247,584.0
Cape May Warbler,7,3,Jul_W3,0.0187617,533.0
Cape May Warbler,7,4,Jul_W4,0.0253165,790.0
Cape May Warbler,8,1,Aug_W1,0.0586265,597.0
Cape May Warbler,8,2,Aug_W2,0.1036036,666.0
Cape May Warbler,8,3,Aug_W3,0.1046229,822.0
Cape May Warbler,8,4,Aug_W4,0.128228,1123.0
Cape May Warbler,9,1,Sep_W1,0.1485149,909.0
Cape May Warbler,9,2,Sep_W2,0.1003135,957.0
Cape May Warbler,9,3,Sep_W3,0.0353063,963.0
Cape May Warbler,9,4,Sep_W4,0.0162774,1413.0
Cape May Warbler,10,1,Oct_W1,0.0010246,976.0
Cape May Warbler,10,2,Oct_W2,0.0082707,1330.0
Cape May Warbler,10,3,Oct_W3,0.0037279,1073.0
Cape May Warbler,10,4,Oct_W4,0.0,1123.0
Cape May Warbler,11,1,Nov_W1,0.0,686.0
Cape May Warbler,11,2,Nov_W2,0.0,662.0
Cape May Warbler,11,3,Nov_W3,0.0,428.0
Cape May Warbler,11,4,Nov_W4,0.0,339.0
Cape May Warbler,12,1,Dec_W1,0.0,213.0
Cape May Warbler,12,2,Dec_W2,0.0,275.0
Cape May Warbler,12,3,Dec_W3,0.0,318.0
Cape May Warbler,12,4,Dec_W4,0.0,931.0
Cerulean Warbler,1,1,Jan_W1,0.0,1028.0
Cerulean Warbler,1,2,Jan_W2,0.0,995.0
Cerulean Warbler,1,3,Jan_W3,0.0,1544.0
Cerulean Warbler,1,4,Jan_W4,0.0,1414.0
Cerulean Warbler,2,1,Feb_W1,0.0,1431.0
Cerulean Warbler,2,2,Feb_W2,0.0,1915.0
Cerulean Warbler,2,3,Feb_W3,0.0,1788.0
Cerulean Warbler,2,4,Feb_W4,0.0,669.0
Cerulean Warbler,3,1,Mar_W1,0.0,543.0
Cerulean Warbler,3,2,Mar_W2,0.0,364.0
Cerulean Warbler,3,3,Mar_W3,0.0,681.0
Cerulean Warbler,3,4,Mar_W4,0.0,1015.0
Cerulean Warbler,4,1,Apr_W1,0.0,752.0
Cerulean Warbler,4,2,Apr_W2,0.0,1082.0
Cerulean Warbler,4,3,Apr_W3,0.0,1195.0
Cerulean Warbler,4,4,Apr_W4,0.0,2785.0
Cerulean Warbler,5,1,May_W1,0.0,1461.0
Cerulean Warbler,5,2,May_W2,0.0,1400.0
Cerulean Warbler,5,3,May_W3,0.0004888,2046.0
Cerulean Warbler,5,4,May_W4,0.0015,3943.0
Cerulean Warbler,6,1,Jun_W1,0.0,1548.0
Cerulean Warbler,6,2,Jun_W2,0.0,1075.0
Cerulean Warbler,6,3,Jun_W3,0.0,1107.0
Cerulean Warbler,6,4,Jun_W4,0.0,1051.0
Cerulean Warbler,7,1,Jul_W1,0.0,795.0
Cerulean Warbler,7,2,Jul_W2,0.0,584.0
Cerulean Warbler,7,3,Jul_W3,0.0018762,533.0
Cerulean Warbler,7,4,Jul_W4,0.0,790.0
Cerulean Warbler,8,1,Aug_W1,0.0,597.0
Cerulean Warbler,8,2,Aug_W2,0.0,666.0
Cerulean Warbler,8,3,Aug_W3,0.0,822.0
Cerulean Warbler,8,4,Aug_W4,0.0,1123.0
Cerulean Warbler,9,1,Sep_W1,0.0,909.0
Cerulean Warbler,9,2,Sep_W2,0.0,957.0
Cerulean Warbler,9,3,Sep_W3,0.0,963.0
Cerulean Warbler,9,4,Sep_W4,0.0,1413.0
Cerulean Warbler,10,1,Oct_W1,0.0,976.0
Cerulean Warbler,10,2,Oct_W2,0.0,1330.0
Cerulean Warbler,10,3,Oct_W3,0.0,1073.0
Cerulean Warbler,10,4,Oct_W4,0.0,1123.0
Cerulean Warbler,11,1,Nov_W1,0.0,686.0
Cerulean Warbler,11,2,Nov_W2,0.0,662.0
Cerulean Warbler,11,3,Nov_W3,0.0,428.0
Cerulean Warbler,11,4,Nov_W4,0.0,339.0
Cerulean Warbler,12,1,Dec_W1,0.0,213.0
Cerulean Warbler,12,2,Dec_W2,0.0,275.0
Cerulean Warbler,12,3,Dec_W3,0.0,318.0
Cerulean Warbler,12,4,Dec_W4,0.0,931.0
Northern Parula,1,1,Jan_W1,0.0,1028.0
Northern Parula,1,2,Jan_W2,0.0,995.0
Northern Parula,1,3,Jan_W3,0.0,1544.0
Northern Parula,1,4,Jan_W4,0.0,1414.0
Northern Parula,2,1,Feb_W1,0.0,1431.0
Northern Parula,2,2,Feb_W2,0.0,1915.0
Northern Parula,2,3,Feb_W3,0.0,1788.0
Northern Parula,2,4,Feb_W4,0.0,669.0
Northern Parula,3,1,Mar_W1,0.0,543.0
Northern Parula,3,2,Mar_W2,0.0,364.0
Northern Parula,3,3,Mar_W3,0.0,681.0
Northern Parula,3,4,Mar_W4,0.0,1015.0
Northern Parula,4,1,Apr_W1,0.0,752.0
Northern Parula,4,2,Apr_W2,0.0,1082.0
Northern Parula,4,3,Apr_W3,0.0,1195.0
Northern Parula,4,4,Apr_W4,0.0017953,2785.0
Northern Parula,5,1,May_W1,0.008898,1461.0
Northern Parula,5,2,May_W2,0.0878571,1400.0
Northern Parula,5,3,May_W3,0.1461388,2046.0
Northern Parula,5,4,May_W4,0.1384732,3943.0
Northern Parula,6,1,Jun_W1,0.0981912,1548.0
Northern Parula,6,2,Jun_W2,0.1051163,1075.0
Northern Parula,6,3,Jun_W3,0.1201445,1107.0
Northern Parula,6,4,Jun_W4,0.1189343,1051.0
Northern Parula,7,1,Jul_W1,0.0968553,795.0
Northern Parula,7,2,Jul_W2,0.0479452,584.0
Northern Parula,7,3,Jul_W3,0.0206379,533.0
Northern Parula,7,4,Jul_W4,0.0253165,790.0
Northern Parula,8,1,Aug_W1,0.0217755,597.0
Northern Parula,8,2,Aug_W2,0.033033,666.0
Northern Parula,8,3,Aug_W3,0.040146,822.0
Northern Parula,8,4,Aug_W4,0.0400712,1123.0
Northern Parula,9,1,Sep_W1,0.0605061,909.0
Northern Parula,9,2,Sep_W2,0.0491118,957.0
Northern Parula,9,3,Sep_W3,0.03946,963.0
Northern Parula,9,4,Sep_W4,0.0460014,1413.0
Northern Parula,10,1,Oct_W1,0.0133197,976.0
Northern Parula,10,2,Oct_W2,0.0172932,1330.0
Northern Parula,10,3,Oct_W3,0.0027959,1073.0
Northern Parula,10,4,Oct_W4,0.0015,1123.0
Northern Parula,11,1,Nov_W1,0.0,686.0
Northern Parula,11,2,Nov_W2,0.0,662.0
Northern Parula,11,3,Nov_W3,0.0,428.0
Northern Parula,11,4,Nov_W4,0.0,339.0
Northern Parula,12,1,Dec_W1,0.0,213.0
Northern Parula,12,2,Dec_W2,0.0,275.0
Northern Parula,12,3,Dec_W3,0.0,318.0
Northern Parula,12,4,Dec_W4,0.0,931.0
Magnolia Warbler,1,1,Jan_W1,0.0,1028.0
Magnolia Warbler,1,2,Jan_W2,0.0,995.0
Magnolia Warbler,1,3,Jan_W3,0.0,1544.0
Magnolia Warbler,1,4,Jan_W4,0.0,1414.0
Magnolia Warbler,2,1,Feb_W1,0.0,1431.0
Magnolia Warbler,2,2,Feb_W2,0.0,1915.0
Magnolia Warbler,2,3,Feb_W3,0.0,1788.0
Magnolia Warbler,2,4,Feb_W4,0.0,669.0
Magnolia Warbler,3,1,Mar_W1,0.0,543.0
Magnolia Warbler,3,2,Mar_W2,0.0,364.0
Magnolia Warbler,3,3,Mar_W3,0.0,681.0
Magnolia Warbler,3,4,Mar_W4,0.0,1015.0
Magnolia Warbler,4,1,Apr_W1,0.0,752.0
Magnolia Warbler,4,2,Apr_W2,0.0,1082.0
Magnolia Warbler,4,3,Apr_W3,0.0,1195.0
Magnolia Warbler,4,4,Apr_W4,0.0,2785.0
Magnolia Warbler,5,1,May_W1,0.0082136,1461.0
Magnolia Warbler,5,2,May_W2,0.0564286,1400.0
Magnolia Warbler,5,3,May_W3,0.1676442,2046.0
Magnolia Warbler,5,4,May_W4,0.1800659,3943.0
Magnolia Warbler,6,1,Jun_W1,0.1124031,1548.0
Magnolia Warbler,6,2,Jun_W2,0.08,1075.0
Magnolia Warbler,6,3,Jun_W3,0.0532972,1107.0
Magnolia Warbler,6,4,Jun_W4,0.0551855,1051.0
Magnolia Warbler,7,1,Jul_W1,0.0402516,795.0
Magnolia Warbler,7,2,Jul_W2,0.0205479,584.0
Magnolia Warbler,7,3,Jul_W3,0.0150094,533.0
Magnolia Warbler,7,4,Jul_W4,0.021519,790.0
Magnolia Warbler,8,1,Aug_W1,0.0217755,597.0
Magnolia Warbler,8,2,Aug_W2,0.0495495,666.0
Magnolia Warbler,8,3,Aug_W3,0.0632603,822.0
Magnolia Warbler,8,4,Aug_W4,0.0801425,1123.0
Magnolia Warbler,9,1,Sep_W1,0.1287129,909.0
Magnolia Warbler,9,2,Sep_W2,0.0971787,957.0
Magnolia Warbler,9,3,Sep_W3,0.1121495,963.0
Magnolia Warbler,9,4,Sep_W4,0.0750177,1413.0
Magnolia Warbler,10,1,Oct_W1,0.0276639,976.0
Magnolia Warbler,10,2,Oct_W2,0.0097744,1330.0
Magnolia Warbler,10,3,Oct_W3,0.000932,1073.0
Magnolia Warbler,10,4,Oct_W4,0.0,1123.0
Magnolia Warbler,11,1,Nov_W1,0.0,686.0
Magnolia Warbler,11,2,Nov_W2,0.0,662.0
Magnolia Warbler,11,3,Nov_W3,0.0,428.0
Magnolia Warbler,11,4,Nov_W4,0.0,339.0
Magnolia Warbler,12,1,Dec_W1,0.0,213.0
Magnolia Warbler,12,2,Dec_W2,0.0,275.0
Magnolia Warbler,12,3,Dec_W3,0.0,318.0
Magnolia Warbler,12,4,Dec_W4,0.0,931.0
Bay-breasted Warbler,1,1,Jan_W1,0.0,1028.0
Bay-breasted Warbler,1,2,Jan_W2,0.0,995.0
Bay-breasted Warbler,1,3,Jan_W3,0.0,1544.0
Bay-breasted Warbler,1,4,Jan_W4,0.0,1414.0
Bay-breasted Warbler,2,1,Feb_W1,0.0,1431.0
Bay-breasted Warbler,2,2,Feb_W2,0.0,1915.0
Bay-breasted Warbler,2,3,Feb_W3,0.0,1788.0
Bay-breasted Warbler,2,4,Feb_W4,0.0,669.0
Bay-breasted Warbler,3,1,Mar_W1,0.0,543.0
Bay-breasted Warbler,3,2,Mar_W2,0.0,364.0
Bay-breasted Warbler,3,3,Mar_W3,0.0,681.0
Bay-breasted Warbler,3,4,Mar_W4,0.0,1015.0
Bay-breasted Warbler,4,1,Apr_W1,0.0,752.0
Bay-breasted Warbler,4,2,Apr_W2,0.0,1082.0
Bay-breasted Warbler,4,3,Apr_W3,0.0,1195.0
Bay-breasted Warbler,4,4,Apr_W4,0.0,2785.0
Bay-breasted Warbler,5,1,May_W1,0.0006845,1461.0
Bay-breasted Warbler,5,2,May_W2,0.0107143,1400.0
Bay-breasted Warbler,5,3,May_W3,0.0513196,2046.0
Bay-breasted Warbler,5,4,May_W4,0.043368,3943.0
Bay-breasted Warbler,6,1,Jun_W1,0.0148579,1548.0
Bay-breasted Warbler,6,2,Jun_W2,0.0018605,1075.0
Bay-breasted Warbler,6,3,Jun_W3,0.00271,1107.0
Bay-breasted Warbler,6,4,Jun_W4,0.0028544,1051.0
Bay-breasted Warbler,7,1,Jul_W1,0.0025157,795.0
Bay-breasted Warbler,7,2,Jul_W2,0.0068493,584.0
Bay-breasted Warbler,7,3,Jul_W3,0.0018762,533.0
Bay-breasted Warbler,7,4,Jul_W4,0.0012658,790.0
Bay-breasted Warbler,8,1,Aug_W1,0.0033501,597.0
Bay-breasted Warbler,8,2,Aug_W2,0.0285285,666.0
Bay-breasted Warbler,8,3,Aug_W3,0.0352798,822.0
Bay-breasted Warbler,8,4,Aug_W4,0.0543188,1123.0
Bay-breasted Warbler,9,1,Sep_W1,0.0649065,909.0
Bay-breasted Warbler,9,2,Sep_W2,0.0721003,957.0
Bay-breasted Warbler,9,3,Sep_W3,0.01973,963.0
Bay-breasted Warbler,9,4,Sep_W4,0.0127389,1413.0
Bay-breasted Warbler,10,1,Oct_W1,0.0010246,976.0
Bay-breasted Warbler,10,2,Oct_W2,0.0,1330.0
Bay-breasted Warbler,10,3,Oct_W3,0.0130475,1073.0
Bay-breasted Warbler,10,4,Oct_W4,0.0008905,1123.0
Bay-breasted Warbler,11,1,Nov_W1,0.0,686.0
Bay-breasted Warbler,11,2,Nov_W2,0.0,662.0
Bay-breasted Warbler,11,3,Nov_W3,0.0,428.0
Bay-breasted Warbler,11,4,Nov_W4,0.0,339.0
Bay-breasted Warbler,12,1,Dec_W1,0.0,213.0
Bay-breasted Warbler,12,2,Dec_W2,0.0,275.0
Bay-breasted Warbler,12,3,Dec_W3,0.0,318.0
Bay-breasted Warbler,12,4,Dec_W4,0.0,931.0
Blackburnian Warbler,1,1,Jan_W1,0.0,1028.0
Blackburnian Warbler,1,2,Jan_W2,0.0,995.0
Blackburnian Warbler,1,3,Jan_W3,0.0,1544.0
Blackburnian Warbler,1,4,Jan_W4,0.0,1414.0
Blackburnian Warbler,2,1,Feb_W1,0.0,1431.0
Blackburnian Warbler,2,2,Feb_W2,0.0,1915.0
Blackburnian Warbler,2,3,Feb_W3,0.0,1788.0
Blackburnian Warbler,2,4,Feb_W4,0.0,669.0
Blackburnian Warbler,3,1,Mar_W1,0.0,543.0
Blackburnian Warbler,3,2,Mar_W2,0.0,364.0
Blackburnian Warbler,3,3,Mar_W3,0.0,681.0
Blackburnian Warbler,3,4,Mar_W4,0.0,1015.0
Blackburnian Warbler,4,1,Apr_W1,0.0,752.0
Blackburnian Warbler,4,2,Apr_W2,0.0,1082.0
Blackburnian Warbler,4,3,Apr_W3,0.0,1195.0
Blackburnian Warbler,4,4,Apr_W4,0.0,2785.0
Blackburnian Warbler,5,1,May_W1,0.0047912,1461.0
Blackburnian Warbler,5,2,May_W2,0.0557143,1400.0
Blackburnian Warbler,5,3,May_W3,0.1466276,2046.0
Blackburnian Warbler,5,4,May_W4,0.1742328,3943.0
Blackburnian Warbler,6,1,Jun_W1,0.125969,1548.0
Blackburnian Warbler,6,2,Jun_W2,0.0939535,1075.0
Blackburnian Warbler,6,3,Jun_W3,0.1147245,1107.0
Blackburnian Warbler,6,4,Jun_W4,0.0989534,1051.0
Blackburnian Warbler,7,1,Jul_W1,0.0641509,795.0
Blackburnian Warbler,7,2,Jul_W2,0.0359589,584.0
Blackburnian Warbler,7,3,Jul_W3,0.0225141,533.0
Blackburnian Warbler,7,4,Jul_W4,0.0291139,790.0
Blackburnian Warbler,8,1,Aug_W1,0.0351759,597.0
Blackburnian Warbler,8,2,Aug_W2,0.0660661,666.0
Blackburnian Warbler,8,3,Aug_W3,0.0875912,822.0
Blackburnian Warbler,8,4,Aug_W4,0.0730187,1123.0
Blackburnian Warbler,9,1,Sep_W1,0.0550055,909.0
Blackburnian Warbler,9,2,Sep_W2,0.0177638,957.0
Blackburnian Warbler,9,3,Sep_W3,0.0134995,963.0
Blackburnian Warbler,9,4,Sep_W4,0.0028309,1413.0
Blackburnian Warbler,10,1,Oct_W1,0.0010246,976.0
Blackburnian Warbler,10,2,Oct_W2,0.0015,1330.0
Blackburnian Warbler,10,3,Oct_W3,0.0,1073.0
Blackburnian Warbler,10,4,Oct_W4,0.0,1123.0
Blackburnian Warbler,11,1,Nov_W1,0.0,686.0
Blackburnian Warbler,11,2,Nov_W2,0.0,662.0
Blackburnian Warbler,11,3,Nov_W3,0.0,428.0
Blackburnian Warbler,11,4,Nov_W4,0.0,339.0
Blackburnian Warbler,12,1,Dec_W1,0.0,213.0
Blackburnian Warbler,12,2,Dec_W2,0.0,275.0
Blackburnian Warbler,12,3,Dec_W3,0.0,318.0
Blackburnian Warbler,12,4,Dec_W4,0.0,931.0
Northern Yellow Warbler,1,1,Jan_W1,0.0,1028.0
Northern Yellow Warbler,1,2,Jan_W2,0.0,995.0
Northern Yellow Warbler,1,3,Jan_W3,0.0,1544.0
Northern Yellow Warbler,1,4,Jan_W4,0.0,1414.0
Northern Yellow Warbler,2,1,Feb_W1,0.0,1431.0
Northern Yellow Warbler,2,2,Feb_W2,0.0,1915.0
Northern Yellow Warbler,2,3,Feb_W3,0.0,1788.0
Northern Yellow Warbler,2,4,Feb_W4,0.0,669.0
Northern Yellow Warbler,3,1,Mar_W1,0.0,543.0
Northern Yellow Warbler,3,2,Mar_W2,0.0,364.0
Northern Yellow Warbler,3,3,Mar_W3,0.0,681.0
Northern Yellow Warbler,3,4,Mar_W4,0.0,1015.0
Northern Yellow Warbler,4,1,Apr_W1,0.0,752.0
Northern Yellow Warbler,4,2,Apr_W2,0.0,1082.0
Northern Yellow Warbler,4,3,Apr_W3,0.0,1195.0
Northern Yellow Warbler,4,4,Apr_W4,0.0003591,2785.0
Northern Yellow Warbler,5,1,May_W1,0.008898,1461.0
Northern Yellow Warbler,5,2,May_W2,0.0621429,1400.0
Northern Yellow Warbler,5,3,May_W3,0.1505376,2046.0
Northern Yellow Warbler,5,4,May_W4,0.2061882,3943.0
Northern Yellow Warbler,6,1,Jun_W1,0.255168,1548.0
Northern Yellow Warbler,6,2,Jun_W2,0.2511628,1075.0
Northern Yellow Warbler,6,3,Jun_W3,0.2339657,1107.0
Northern Yellow Warbler,6,4,Jun_W4,0.2007612,1051.0
Northern Yellow Warbler,7,1,Jul_W1,0.1798742,795.0
Northern Yellow Warbler,7,2,Jul_W2,0.0976027,584.0
Northern Yellow Warbler,7,3,Jul_W3,0.0825516,533.0
Northern Yellow Warbler,7,4,Jul_W4,0.0746835,790.0
Northern Yellow Warbler,8,1,Aug_W1,0.0569514,597.0
Northern Yellow Warbler,8,2,Aug_W2,0.0870871,666.0
Northern Yellow Warbler,8,3,Aug_W3,0.0498783,822.0
Northern Yellow Warbler,8,4,Aug_W4,0.0284951,1123.0
Northern Yellow Warbler,9,1,Sep_W1,0.0319032,909.0
Northern Yellow Warbler,9,2,Sep_W2,0.0167189,957.0
Northern Yellow Warbler,9,3,Sep_W3,0.0041537,963.0
Northern Yellow Warbler,9,4,Sep_W4,0.004954,1413.0
Northern Yellow Warbler,10,1,Oct_W1,0.0030738,976.0
Northern Yellow Warbler,10,2,Oct_W2,0.0,1330.0
Northern Yellow Warbler,10,3,Oct_W3,0.0,1073.0
Northern Yellow Warbler,10,4,Oct_W4,0.0,1123.0
Northern Yellow Warbler,11,1,Nov_W1,0.0,686.0
Northern Yellow Warbler,11,2,Nov_W2,0.0,662.0
Northern Yellow Warbler,11,3,Nov_W3,0.0,428.0
Northern Yellow Warbler,11,4,Nov_W4,0.0,339.0
Northern Yellow Warbler,12,1,Dec_W1,0.0,213.0
Northern Yellow Warbler,12,2,Dec_W2,0.0,275.0
Northern Yellow Warbler,12,3,Dec_W3,0.0,318.0
Northern Yellow Warbler,12,4,Dec_W4,0.0,931.0
Chestnut-sided Warbler,1,1,Jan_W1,0.0,1028.0
Chestnut-sided Warbler,1,2,Jan_W2,0.0,995.0
Chestnut-sided Warbler,1,3,Jan_W3,0.0,1544.0
Chestnut-sided Warbler,1,4,Jan_W4,0.0,1414.0
Chestnut-sided Warbler,2,1,Feb_W1,0.0,1431.0
Chestnut-sided Warbler,2,2,Feb_W2,0.0,1915.0
Chestnut-sided Warbler,2,3,Feb_W3,0.0,1788.0
Chestnut-sided Warbler,2,4,Feb_W4,0.0,669.0
Chestnut-sided Warbler,3,1,Mar_W1,0.0,543.0
Chestnut-sided Warbler,3,2,Mar_W2,0.0,364.0
Chestnut-sided Warbler,3,3,Mar_W3,0.0,681.0
Chestnut-sided Warbler,3,4,Mar_W4,0.0,1015.0
Chestnut-sided Warbler,4,1,Apr_W1,0.0,752.0
Chestnut-sided Warbler,4,2,Apr_W2,0.0,1082.0
Chestnut-sided Warbler,4,3,Apr_W3,0.0,1195.0
Chestnut-sided Warbler,4,4,Apr_W4,0.0,2785.0
Chestnut-sided Warbler,5,1,May_W1,0.0013689,1461.0
Chestnut-sided Warbler,5,2,May_W2,0.04,1400.0
Chestnut-sided Warbler,5,3,May_W3,0.1309873,2046.0
Chestnut-sided Warbler,5,4,May_W4,0.1694142,3943.0
Chestnut-sided Warbler,6,1,Jun_W1,0.1498708,1548.0
Chestnut-sided Warbler,6,2,Jun_W2,0.1544186,1075.0
Chestnut-sided Warbler,6,3,Jun_W3,0.1644083,1107.0
Chestnut-sided Warbler,6,4,Jun_W4,0.130352,1051.0
Chestnut-sided Warbler,7,1,Jul_W1,0.0918239,795.0
Chestnut-sided Warbler,7,2,Jul_W2,0.0547945,584.0
Chestnut-sided Warbler,7,3,Jul_W3,0.0487805,533.0
Chestnut-sided Warbler,7,4,Jul_W4,0.0392405,790.0
Chestnut-sided Warbler,8,1,Aug_W1,0.0301508,597.0
Chestnut-sided Warbler,8,2,Aug_W2,0.0435435,666.0
Chestnut-sided Warbler,8,3,Aug_W3,0.0364964,822.0
Chestnut-sided Warbler,8,4,Aug_W4,0.0391808,1123.0
Chestnut-sided Warbler,9,1,Sep_W1,0.0286029,909.0
Chestnut-sided Warbler,9,2,Sep_W2,0.031348,957.0
Chestnut-sided Warbler,9,3,Sep_W3,0.0186916,963.0
Chestnut-sided Warbler,9,4,Sep_W4,0.0092003,1413.0
Chestnut-sided Warbler,10,1,Oct_W1,0.0,976.0
Chestnut-sided Warbler,10,2,Oct_W2,0.0,1330.0
Chestnut-sided Warbler,10,3,Oct_W3,0.0,1073.0
Chestnut-sided Warbler,10,4,Oct_W4,0.0,1123.0
Chestnut-sided Warbler,11,1,Nov_W1,0.0,686.0
Chestnut-sided Warbler,11,2,Nov_W2,0.0,662.0
Chestnut-sided Warbler,11,3,Nov_W3,0.0,428.0
Chestnut-sided Warbler,11,4,Nov_W4,0.0,339.0
Chestnut-sided Warbler,12,1,Dec_W1,0.0,213.0
Chestnut-sided Warbler,12,2,Dec_W2,0.0,275.0
Chestnut-sided Warbler,12,3,Dec_W3,0.0,318.0
Chestnut-sided Warbler,12,4,Dec_W4,0.0,931.0
Blackpoll Warbler,1,1,Jan_W1,0.0,1028.0
Blackpoll Warbler,1,2,Jan_W2,0.0,995.0
Blackpoll Warbler,1,3,Jan_W3,0.0,1544.0
Blackpoll Warbler,1,4,Jan_W4,0.0,1414.0
Blackpoll Warbler,2,1,Feb_W1,0.0,1431.0
Blackpoll Warbler,2,2,Feb_W2,0.0,1915.0
Blackpoll Warbler,2,3,Feb_W3,0.0,1788.0
Blackpoll Warbler,2,4,Feb_W4,0.0,669.0
Blackpoll Warbler,3,1,Mar_W1,0.0,543.0
Blackpoll Warbler,3,2,Mar_W2,0.0,364.0
Blackpoll Warbler,3,3,Mar_W3,0.0,681.0
Blackpoll Warbler,3,4,Mar_W4,0.0,1015.0
Blackpoll Warbler,4,1,Apr_W1,0.0,752.0
Blackpoll Warbler,4,2,Apr_W2,0.0,1082.0
Blackpoll Warbler,4,3,Apr_W3,0.0,1195.0
Blackpoll Warbler,4,4,Apr_W4,0.0,2785.0
Blackpoll Warbler,5,1,May_W1,0.0015,1461.0
Blackpoll Warbler,5,2,May_W2,0.0042857,1400.0
Blackpoll Warbler,5,3,May_W3,0.0229717,2046.0
Blackpoll Warbler,5,4,May_W4,0.0314481,3943.0
Blackpoll Warbler,6,1,Jun_W1,0.005814,1548.0
Blackpoll Warbler,6,2,Jun_W2,0.0,1075.0
Blackpoll Warbler,6,3,Jun_W3,0.0009033,1107.0
Blackpoll Warbler,6,4,Jun_W4,0.0,1051.0
Blackpoll Warbler,7,1,Jul_W1,0.0012579,795.0
Blackpoll Warbler,7,2,Jul_W2,0.0,584.0
Blackpoll Warbler,7,3,Jul_W3,0.0,533.0
Blackpoll Warbler,7,4,Jul_W4,0.0,790.0
Blackpoll Warbler,8,1,Aug_W1,0.001675,597.0
Blackpoll Warbler,8,2,Aug_W2,0.0015015,666.0
Blackpoll Warbler,8,3,Aug_W3,0.0048662,822.0
Blackpoll Warbler,8,4,Aug_W4,0.0480855,1123.0
Blackpoll Warbler,9,1,Sep_W1,0.1925193,909.0
Blackpoll Warbler,9,2,Sep_W2,0.2142111,957.0
Blackpoll Warbler,9,3,Sep_W3,0.1339564,963.0
Blackpoll Warbler,9,4,Sep_W4,0.0608634,1413.0
Blackpoll Warbler,10,1,Oct_W1,0.0338115,976.0
Blackpoll Warbler,10,2,Oct_W2,0.0022556,1330.0
Blackpoll Warbler,10,3,Oct_W3,0.0018639,1073.0
Blackpoll Warbler,10,4,Oct_W4,0.0,1123.0
Blackpoll Warbler,11,1,Nov_W1,0.0,686.0
Blackpoll Warbler,11,2,Nov_W2,0.0,662.0
Blackpoll Warbler,11,3,Nov_W3,0.0,428.0
Blackpoll Warbler,11,4,Nov_W4,0.0,339.0
Blackpoll Warbler,12,1,Dec_W1,0.0,213.0
Blackpoll Warbler,12,2,Dec_W2,0.0,275.0
Blackpoll Warbler,12,3,Dec_W3,0.0,318.0
Blackpoll Warbler,12,4,Dec_W4,0.0,931.0
Black-throated Blue Warbler,1,1,Jan_W1,0.0,1028.0
Black-throated Blue Warbler,1,2,Jan_W2,0.0,995.0
Black-throated Blue Warbler,1,3,Jan_W3,0.0,1544.0
Black-throated Blue Warbler,1,4,Jan_W4,0.0,1414.0
Black-throated Blue Warbler,2,1,Feb_W1,0.0,1431.0
Black-throated Blue Warbler,2,2,Feb_W2,0.0,1915.0
Black-throated Blue Warbler,2,3,Feb_W3,0.0,1788.0
Black-throated Blue Warbler,2,4,Feb_W4,0.0,669.0
Black-throated Blue Warbler,3,1,Mar_W1,0.0,543.0
Black-throated Blue Warbler,3,2,Mar_W2,0.0,364.0
Black-throated Blue Warbler,3,3,Mar_W3,0.0,681.0
Black-throated Blue Warbler,3,4,Mar_W4,0.0,1015.0
Black-throated Blue Warbler,4,1,Apr_W1,0.0,752.0
Black-throated Blue Warbler,4,2,Apr_W2,0.0,1082.0
Black-throated Blue Warbler,4,3,Apr_W3,0.0,1195.0
Black-throated Blue Warbler,4,4,Apr_W4,0.0,2785.0
Black-throated Blue Warbler,5,1,May_W1,0.0041068,1461.0
Black-throated Blue Warbler,5,2,May_W2,0.05,1400.0
Black-throated Blue Warbler,5,3,May_W3,0.0928641,2046.0
Black-throated Blue Warbler,5,4,May_W4,0.0667005,3943.0
Black-throated Blue Warbler,6,1,Jun_W1,0.0348837,1548.0
Black-throated Blue Warbler,6,2,Jun_W2,0.0344186,1075.0
Black-throated Blue Warbler,6,3,Jun_W3,0.0271003,1107.0
Black-throated Blue Warbler,6,4,Jun_W4,0.0218839,1051.0
Black-throated Blue Warbler,7,1,Jul_W1,0.0201258,795.0
Black-throated Blue Warbler,7,2,Jul_W2,0.0171233,584.0
Black-throated Blue Warbler,7,3,Jul_W3,0.0093809,533.0
Black-throated Blue Warbler,7,4,Jul_W4,0.0012658,790.0
Black-throated Blue Warbler,8,1,Aug_W1,0.0117253,597.0
Black-throated Blue Warbler,8,2,Aug_W2,0.0165165,666.0
Black-throated Blue Warbler,8,3,Aug_W3,0.0182482,822.0
Black-throated Blue Warbler,8,4,Aug_W4,0.0222618,1123.0
Black-throated Blue Warbler,9,1,Sep_W1,0.0187019,909.0
Black-throated Blue Warbler,9,2,Sep_W2,0.014629,957.0
Black-throated Blue Warbler,9,3,Sep_W3,0.0114226,963.0
Black-throated Blue Warbler,9,4,Sep_W4,0.0141543,1413.0
Black-throated Blue Warbler,10,1,Oct_W1,0.0184426,976.0
Black-throated Blue Warbler,10,2,Oct_W2,0.0007519,1330.0
Black-throated Blue Warbler,10,3,Oct_W3,0.000932,1073.0
Black-throated Blue Warbler,10,4,Oct_W4,0.0,1123.0
Black-throated Blue Warbler,11,1,Nov_W1,0.0,686.0
Black-throated Blue Warbler,11,2,Nov_W2,0.0,662.0
Black-throated Blue Warbler,11,3,Nov_W3,0.0,428.0
Black-throated Blue Warbler,11,4,Nov_W4,0.0,339.0
Black-throated Blue Warbler,12,1,Dec_W1,0.0,213.0
Black-throated Blue Warbler,12,2,Dec_W2,0.0,275.0
Black-throated Blue Warbler,12,3,Dec_W3,0.0,318.0
Black-throated Blue Warbler,12,4,Dec_W4,0.0,931.0
Palm Warbler,1,1,Jan_W1,0.0,1028.0
Palm Warbler,1,2,Jan_W2,0.0,995.0
Palm Warbler,1,3,Jan_W3,0.0,1544.0
Palm Warbler,1,4,Jan_W4,0.0,1414.0
Palm Warbler,2,1,Feb_W1,0.0,1431.0
Palm Warbler,2,2,Feb_W2,0.0,1915.0
Palm Warbler,2,3,Feb_W3,0.0,1788.0
Palm Warbler,2,4,Feb_W4,0.0,669.0
Palm Warbler,3,1,Mar_W1,0.0,543.0
Palm Warbler,3,2,Mar_W2,0.0,364.0
Palm Warbler,3,3,Mar_W3,0.0,681.0
Palm Warbler,3,4,Mar_W4,0.0,1015.0
Palm Warbler,4,1,Apr_W1,0.0,752.0
Palm Warbler,4,2,Apr_W2,0.0,1082.0
Palm Warbler,4,3,Apr_W3,0.0016736,1195.0
Palm Warbler,4,4,Apr_W4,0.0201077,2785.0
Palm Warbler,5,1,May_W1,0.100616,1461.0
Palm Warbler,5,2,May_W2,0.18,1400.0
Palm Warbler,5,3,May_W3,0.1666667,2046.0
Palm Warbler,5,4,May_W4,0.0984022,3943.0
Palm Warbler,6,1,Jun_W1,0.0555556,1548.0
Palm Warbler,6,2,Jun_W2,0.055814,1075.0
Palm Warbler,6,3,Jun_W3,0.0695574,1107.0
Palm Warbler,6,4,Jun_W4,0.0523311,1051.0
Palm Warbler,7,1,Jul_W1,0.027673,795.0
Palm Warbler,7,2,Jul_W2,0.0256849,584.0
Palm Warbler,7,3,Jul_W3,0.0225141,533.0
Palm Warbler,7,4,Jul_W4,0.0493671,790.0
Palm Warbler,8,1,Aug_W1,0.0753769,597.0
Palm Warbler,8,2,Aug_W2,0.0900901,666.0
Palm Warbler,8,3,Aug_W3,0.120438,822.0
Palm Warbler,8,4,Aug_W4,0.1896705,1123.0
Palm Warbler,9,1,Sep_W1,0.3157316,909.0
Palm Warbler,9,2,Sep_W2,0.368861,957.0
Palm Warbler,9,3,Sep_W3,0.3239875,963.0
Palm Warbler,9,4,Sep_W4,0.3814579,1413.0
Palm Warbler,10,1,Oct_W1,0.3186475,976.0
Palm Warbler,10,2,Oct_W2,0.2165414,1330.0
Palm Warbler,10,3,Oct_W3,0.0456664,1073.0
Palm Warbler,10,4,Oct_W4,0.0097952,1123.0
Palm Warbler,11,1,Nov_W1,0.0014577,686.0
Palm Warbler,11,2,Nov_W2,0.0,662.0
Palm Warbler,11,3,Nov_W3,0.0,428.0
Palm Warbler,11,4,Nov_W4,0.0,339.0
Palm Warbler,12,1,Dec_W1,0.0,213.0
Palm Warbler,12,2,Dec_W2,0.0,275.0
Palm Warbler,12,3,Dec_W3,0.0,318.0
Palm Warbler,12,4,Dec_W4,0.0,931.0
Pine Warbler,1,1,Jan_W1,0.0,1028.0
Pine Warbler,1,2,Jan_W2,0.0,995.0
Pine Warbler,1,3,Jan_W3,0.0,1544.0
Pine Warbler,1,4,Jan_W4,0.0,1414.0
Pine Warbler,2,1,Feb_W1,0.0,1431.0
Pine Warbler,2,2,Feb_W2,0.0,1915.0
Pine Warbler,2,3,Feb_W3,0.0,1788.0
Pine Warbler,2,4,Feb_W4,0.0,669.0
Pine Warbler,3,1,Mar_W1,0.0,543.0
Pine Warbler,3,2,Mar_W2,0.0,364.0
Pine Warbler,3,3,Mar_W3,0.0,681.0
Pine Warbler,3,4,Mar_W4,0.0,1015.0
Pine Warbler,4,1,Apr_W1,0.0,752.0
Pine Warbler,4,2,Apr_W2,0.0009242,1082.0
Pine Warbler,4,3,Apr_W3,0.0050209,1195.0
Pine Warbler,4,4,Apr_W4,0.0517056,2785.0
Pine Warbler,5,1,May_W1,0.1149897,1461.0
Pine Warbler,5,2,May_W2,0.1642857,1400.0
Pine Warbler,5,3,May_W3,0.1676442,2046.0
Pine Warbler,5,4,May_W4,0.1562262,3943.0
Pine Warbler,6,1,Jun_W1,0.1750646,1548.0
Pine Warbler,6,2,Jun_W2,0.187907,1075.0
Pine Warbler,6,3,Jun_W3,0.2023487,1107.0
Pine Warbler,6,4,Jun_W4,0.1607992,1051.0
Pine Warbler,7,1,Jul_W1,0.1471698,795.0
Pine Warbler,7,2,Jul_W2,0.1438356,584.0
Pine Warbler,7,3,Jul_W3,0.1163227,533.0
Pine Warbler,7,4,Jul_W4,0.0936709,790.0
Pine Warbler,8,1,Aug_W1,0.0720268,597.0
Pine Warbler,8,2,Aug_W2,0.0585586,666.0
Pine Warbler,8,3,Aug_W3,0.0729927,822.0
Pine Warbler,8,4,Aug_W4,0.0578807,1123.0
Pine Warbler,9,1,Sep_W1,0.1166117,909.0
Pine Warbler,9,2,Sep_W2,0.1358412,957.0
Pine Warbler,9,3,Sep_W3,0.113188,963.0
Pine Warbler,9,4,Sep_W4,0.1096957,1413.0
Pine Warbler,10,1,Oct_W1,0.0502049,976.0
Pine Warbler,10,2,Oct_W2,0.0067669,1330.0
Pine Warbler,10,3,Oct_W3,0.0,1073.0
Pine Warbler,10,4,Oct_W4,0.0008905,1123.0
Pine Warbler,11,1,Nov_W1,0.0014577,686.0
Pine Warbler,11,2,Nov_W2,0.0030211,662.0
Pine Warbler,11,3,Nov_W3,0.0,428.0
Pine Warbler,11,4,Nov_W4,0.0,339.0
Pine Warbler,12,1,Dec_W1,0.0,213.0
Pine Warbler,12,2,Dec_W2,0.0,275.0
Pine Warbler,12,3,Dec_W3,0.0,318.0
Pine Warbler,12,4,Dec_W4,0.0,931.0
Yellow-rumped Warbler,1,1,Jan_W1,0.0,1028.0
Yellow-rumped Warbler,1,2,Jan_W2,0.0,995.0
Yellow-rumped Warbler,1,3,Jan_W3,0.0,1544.0
Yellow-rumped Warbler,1,4,Jan_W4,0.0,1414.0
Yellow-rumped Warbler,2,1,Feb_W1,0.0,1431.0
Yellow-rumped Warbler,2,2,Feb_W2,0.0,1915.0
Yellow-rumped Warbler,2,3,Feb_W3,0.0,1788.0
Yellow-rumped Warbler,2,4,Feb_W4,0.0,669.0
Yellow-rumped Warbler,3,1,Mar_W1,0.0,543.0
Yellow-rumped Warbler,3,2,Mar_W2,0.0,364.0
Yellow-rumped Warbler,3,3,Mar_W3,0.0,681.0
Yellow-rumped Warbler,3,4,Mar_W4,0.0019704,1015.0
Yellow-rumped Warbler,4,1,Apr_W1,0.0079787,752.0
Yellow-rumped Warbler,4,2,Apr_W2,0.0332717,1082.0
Yellow-rumped Warbler,4,3,Apr_W3,0.0987448,1195.0
Yellow-rumped Warbler,4,4,Apr_W4,0.1608618,2785.0
Yellow-rumped Warbler,5,1,May_W1,0.3162218,1461.0
Yellow-rumped Warbler,5,2,May_W2,0.3671429,1400.0
Yellow-rumped Warbler,5,3,May_W3,0.3460411,2046.0
Yellow-rumped Warbler,5,4,May_W4,0.2744103,3943.0
Yellow-rumped Warbler,6,1,Jun_W1,0.2209302,1548.0
Yellow-rumped Warbler,6,2,Jun_W2,0.2130233,1075.0
Yellow-rumped Warbler,6,3,Jun_W3,0.2520325,1107.0
Yellow-rumped Warbler,6,4,Jun_W4,0.1807802,1051.0
Yellow-rumped Warbler,7,1,Jul_W1,0.2251572,795.0
Yellow-rumped Warbler,7,2,Jul_W2,0.1609589,584.0
Yellow-rumped Warbler,7,3,Jul_W3,0.1913696,533.0
Yellow-rumped Warbler,7,4,Jul_W4,0.2177215,790.0
Yellow-rumped Warbler,8,1,Aug_W1,0.2479062,597.0
Yellow-rumped Warbler,8,2,Aug_W2,0.2747748,666.0
Yellow-rumped Warbler,8,3,Aug_W3,0.3698297,822.0
Yellow-rumped Warbler,8,4,Aug_W4,0.4122885,1123.0
Yellow-rumped Warbler,9,1,Sep_W1,0.4928493,909.0
Yellow-rumped Warbler,9,2,Sep_W2,0.4952978,957.0
Yellow-rumped Warbler,9,3,Sep_W3,0.4849429,963.0
Yellow-rumped Warbler,9,4,Sep_W4,0.5194621,1413.0
Yellow-rumped Warbler,10,1,Oct_W1,0.494877,976.0
Yellow-rumped Warbler,10,2,Oct_W2,0.3774436,1330.0
Yellow-rumped Warbler,10,3,Oct_W3,0.2003728,1073.0
Yellow-rumped Warbler,10,4,Oct_W4,0.0516474,1123.0
Yellow-rumped Warbler,11,1,Nov_W1,0.0495627,686.0
Yellow-rumped Warbler,11,2,Nov_W2,0.0256798,662.0
Yellow-rumped Warbler,11,3,Nov_W3,0.0070093,428.0
Yellow-rumped Warbler,11,4,Nov_W4,0.0088496,339.0
Yellow-rumped Warbler,12,1,Dec_W1,0.0,213.0
Yellow-rumped Warbler,12,2,Dec_W2,0.0,275.0
Yellow-rumped Warbler,12,3,Dec_W3,0.0,318.0
Yellow-rumped Warbler,12,4,Dec_W4,0.0,931.0
Yellow-throated Warbler,1,1,Jan_W1,0.0,1028.0
Yellow-throated Warbler,1,2,Jan_W2,0.0,995.0
Yellow-throated Warbler,1,3,Jan_W3,0.0,1544.0
Yellow-throated Warbler,1,4,Jan_W4,0.0,1414.0
Yellow-throated Warbler,2,1,Feb_W1,0.0,1431.0
Yellow-throated Warbler,2,2,Feb_W2,0.0,1915.0
Yellow-throated Warbler,2,3,Feb_W3,0.0,1788.0
Yellow-throated Warbler,2,4,Feb_W4,0.0,669.0
Yellow-throated Warbler,3,1,Mar_W1,0.0,543.0
Yellow-throated Warbler,3,2,Mar_W2,0.0,364.0
Yellow-throated Warbler,3,3,Mar_W3,0.0,681.0
Yellow-throated Warbler,3,4,Mar_W4,0.0,1015.0
Yellow-throated Warbler,4,1,Apr_W1,0.0,752.0
Yellow-throated Warbler,4,2,Apr_W2,0.0,1082.0
Yellow-throated Warbler,4,3,Apr_W3,0.0,1195.0
Yellow-throated Warbler,4,4,Apr_W4,0.0,2785.0
Yellow-throated Warbler,5,1,May_W1,0.0,1461.0
Yellow-throated Warbler,5,2,May_W2,0.0,1400.0
Yellow-throated Warbler,5,3,May_W3,0.0015,2046.0
Yellow-throated Warbler,5,4,May_W4,0.0012681,3943.0
Yellow-throated Warbler,6,1,Jun_W1,0.0,1548.0
Yellow-throated Warbler,6,2,Jun_W2,0.0,1075.0
Yellow-throated Warbler,6,3,Jun_W3,0.0,1107.0
Yellow-throated Warbler,6,4,Jun_W4,0.0,1051.0
Yellow-throated Warbler,7,1,Jul_W1,0.0,795.0
Yellow-throated Warbler,7,2,Jul_W2,0.0,584.0
Yellow-throated Warbler,7,3,Jul_W3,0.0,533.0
Yellow-throated Warbler,7,4,Jul_W4,0.0,790.0
Yellow-throated Warbler,8,1,Aug_W1,0.0,597.0
Yellow-throated Warbler,8,2,Aug_W2,0.0,666.0
Yellow-throated Warbler,8,3,Aug_W3,0.0012165,822.0
Yellow-throated Warbler,8,4,Aug_W4,0.0,1123.0
Yellow-throated Warbler,9,1,Sep_W1,0.0022002,909.0
Yellow-throated Warbler,9,2,Sep_W2,0.0,957.0
Yellow-throated Warbler,9,3,Sep_W3,0.0,963.0
Yellow-throated Warbler,9,4,Sep_W4,0.0,1413.0
Yellow-throated Warbler,10,1,Oct_W1,0.0,976.0
Yellow-throated Warbler,10,2,Oct_W2,0.0120301,1330.0
Yellow-throated Warbler,10,3,Oct_W3,0.0,1073.0
Yellow-throated Warbler,10,4,Oct_W4,0.0,1123.0
Yellow-throated Warbler,11,1,Nov_W1,0.0,686.0
Yellow-throated Warbler,11,2,Nov_W2,0.0015,662.0
Yellow-throated Warbler,11,3,Nov_W3,0.0,428.0
Yellow-throated Warbler,11,4,Nov_W4,0.0,339.0
Yellow-throated Warbler,12,1,Dec_W1,0.0,213.0
Yellow-throated Warbler,12,2,Dec_W2,0.0,275.0
Yellow-throated Warbler,12,3,Dec_W3,0.0,318.0
Yellow-throated Warbler,12,4,Dec_W4,0.0,931.0
Prairie Warbler,1,1,Jan_W1,0.0,1028.0
Prairie Warbler,1,2,Jan_W2,0.0,995.0
Prairie Warbler,1,3,Jan_W3,0.0,1544.0
Prairie Warbler,1,4,Jan_W4,0.0,1414.0
Prairie Warbler,2,1,Feb_W1,0.0,1431.0
Prairie Warbler,2,2,Feb_W2,0.0,1915.0
Prairie Warbler,2,3,Feb_W3,0.0,1788.0
Prairie Warbler,2,4,Feb_W4,0.0,669.0
Prairie Warbler,3,1,Mar_W1,0.0,543.0
Prairie Warbler,3,2,Mar_W2,0.0,364.0
Prairie Warbler,3,3,Mar_W3,0.0,681.0
Prairie Warbler,3,4,Mar_W4,0.0,1015.0
Prairie Warbler,4,1,Apr_W1,0.0,752.0
Prairie Warbler,4,2,Apr_W2,0.0,1082.0
Prairie Warbler,4,3,Apr_W3,0.0,1195.0
Prairie Warbler,4,4,Apr_W4,0.0,2785.0
Prairie Warbler,5,1,May_W1,0.0,1461.0
Prairie Warbler,5,2,May_W2,0.0007143,1400.0
Prairie Warbler,5,3,May_W3,0.0,2046.0
Prairie Warbler,5,4,May_W4,0.0007608,3943.0
Prairie Warbler,6,1,Jun_W1,0.0015,1548.0
Prairie Warbler,6,2,Jun_W2,0.0015,1075.0
Prairie Warbler,6,3,Jun_W3,0.0018067,1107.0
Prairie Warbler,6,4,Jun_W4,0.0,1051.0
Prairie Warbler,7,1,Jul_W1,0.0,795.0
Prairie Warbler,7,2,Jul_W2,0.0,584.0
Prairie Warbler,7,3,Jul_W3,0.0,533.0
Prairie Warbler,7,4,Jul_W4,0.0,790.0
Prairie Warbler,8,1,Aug_W1,0.0,597.0
Prairie Warbler,8,2,Aug_W2,0.0,666.0
Prairie Warbler,8,3,Aug_W3,0.0015,822.0
Prairie Warbler,8,4,Aug_W4,0.0017809,1123.0
Prairie Warbler,9,1,Sep_W1,0.0,909.0
Prairie Warbler,9,2,Sep_W2,0.0,957.0
Prairie Warbler,9,3,Sep_W3,0.0010384,963.0
Prairie Warbler,9,4,Sep_W4,0.0,1413.0
Prairie Warbler,10,1,Oct_W1,0.0,976.0
Prairie Warbler,10,2,Oct_W2,0.0015,1330.0
Prairie Warbler,10,3,Oct_W3,0.0015,1073.0
Prairie Warbler,10,4,Oct_W4,0.0044524,1123.0
Prairie Warbler,11,1,Nov_W1,0.0014577,686.0
Prairie Warbler,11,2,Nov_W2,0.0030211,662.0
Prairie Warbler,11,3,Nov_W3,0.0,428.0
Prairie Warbler,11,4,Nov_W4,0.0,339.0
Prairie Warbler,12,1,Dec_W1,0.0,213.0
Prairie Warbler,12,2,Dec_W2,0.0,275.0
Prairie Warbler,12,3,Dec_W3,0.0,318.0
Prairie Warbler,12,4,Dec_W4,0.0,931.0
Black-throated Green Warbler,1,1,Jan_W1,0.0,1028.0
Black-throated Green Warbler,1,2,Jan_W2,0.0,995.0
Black-throated Green Warbler,1,3,Jan_W3,0.0,1544.0
Black-throated Green Warbler,1,4,Jan_W4,0.0,1414.0
Black-throated Green Warbler,2,1,Feb_W1,0.0,1431.0
Black-throated Green Warbler,2,2,Feb_W2,0.0,1915.0
Black-throated Green Warbler,2,3,Feb_W3,0.0,1788.0
Black-throated Green Warbler,2,4,Feb_W4,0.0,669.0
Black-throated Green Warbler,3,1,Mar_W1,0.0,543.0
Black-throated Green Warbler,3,2,Mar_W2,0.0,364.0
Black-throated Green Warbler,3,3,Mar_W3,0.0,681.0
Black-throated Green Warbler,3,4,Mar_W4,0.0,1015.0
Black-throated Green Warbler,4,1,Apr_W1,0.0,752.0
Black-throated Green Warbler,4,2,Apr_W2,0.0,1082.0
Black-throated Green Warbler,4,3,Apr_W3,0.0,1195.0
Black-throated Green Warbler,4,4,Apr_W4,0.0017953,2785.0
Black-throated Green Warbler,5,1,May_W1,0.0417522,1461.0
Black-throated Green Warbler,5,2,May_W2,0.2035714,1400.0
Black-throated Green Warbler,5,3,May_W3,0.2883675,2046.0
Black-throated Green Warbler,5,4,May_W4,0.3132133,3943.0
Black-throated Green Warbler,6,1,Jun_W1,0.2344961,1548.0
Black-throated Green Warbler,6,2,Jun_W2,0.215814,1075.0
Black-throated Green Warbler,6,3,Jun_W3,0.2285456,1107.0
Black-throated Green Warbler,6,4,Jun_W4,0.2235966,1051.0
Black-throated Green Warbler,7,1,Jul_W1,0.1962264,795.0
Black-throated Green Warbler,7,2,Jul_W2,0.1335616,584.0
Black-throated Green Warbler,7,3,Jul_W3,0.1069418,533.0
Black-throated Green Warbler,7,4,Jul_W4,0.0949367,790.0
Black-throated Green Warbler,8,1,Aug_W1,0.0854271,597.0
Black-throated Green Warbler,8,2,Aug_W2,0.0900901,666.0
Black-throated Green Warbler,8,3,Aug_W3,0.1240876,822.0
Black-throated Green Warbler,8,4,Aug_W4,0.1656278,1123.0
Black-throated Green Warbler,9,1,Sep_W1,0.1573157,909.0
Black-throated Green Warbler,9,2,Sep_W2,0.091954,957.0
Black-throated Green Warbler,9,3,Sep_W3,0.066459,963.0
Black-throated Green Warbler,9,4,Sep_W4,0.0318471,1413.0
Black-throated Green Warbler,10,1,Oct_W1,0.0112705,976.0
Black-throated Green Warbler,10,2,Oct_W2,0.0067669,1330.0
Black-throated Green Warbler,10,3,Oct_W3,0.0018639,1073.0
Black-throated Green Warbler,10,4,Oct_W4,0.0,1123.0
Black-throated Green Warbler,11,1,Nov_W1,0.0,686.0
Black-throated Green Warbler,11,2,Nov_W2,0.0,662.0
Black-throated Green Warbler,11,3,Nov_W3,0.0,428.0
Black-throated Green Warbler,11,4,Nov_W4,0.0,339.0
Black-throated Green Warbler,12,1,Dec_W1,0.0,213.0
Black-throated Green Warbler,12,2,Dec_W2,0.0,275.0
Black-throated Green Warbler,12,3,Dec_W3,0.0,318.0
Black-throated Green Warbler,12,4,Dec_W4,0.0,931.0
Canada Warbler,1,1,Jan_W1,0.0,1028.0
Canada Warbler,1,2,Jan_W2,0.0,995.0
Canada Warbler,1,3,Jan_W3,0.0,1544.0
Canada Warbler,1,4,Jan_W4,0.0,1414.0
Canada Warbler,2,1,Feb_W1,0.0,1431.0
Canada Warbler,2,2,Feb_W2,0.0,1915.0
Canada Warbler,2,3,Feb_W3,0.0,1788.0
Canada Warbler,2,4,Feb_W4,0.0,669.0
Canada Warbler,3,1,Mar_W1,0.0,543.0
Canada Warbler,3,2,Mar_W2,0.0,364.0
Canada Warbler,3,3,Mar_W3,0.0,681.0
Canada Warbler,3,4,Mar_W4,0.0,1015.0
Canada Warbler,4,1,Apr_W1,0.0,752.0
Canada Warbler,4,2,Apr_W2,0.0,1082.0
Canada Warbler,4,3,Apr_W3,0.0,1195.0
Canada Warbler,4,4,Apr_W4,0.0,2785.0
Canada Warbler,5,1,May_W1,0.0,1461.0
Canada Warbler,5,2,May_W2,0.0014286,1400.0
Canada Warbler,5,3,May_W3,0.0219941,2046.0
Canada Warbler,5,4,May_W4,0.0806493,3943.0
Canada Warbler,6,1,Jun_W1,0.0562016,1548.0
Canada Warbler,6,2,Jun_W2,0.0344186,1075.0
Canada Warbler,6,3,Jun_W3,0.0225836,1107.0
Canada Warbler,6,4,Jun_W4,0.0209324,1051.0
Canada Warbler,7,1,Jul_W1,0.0150943,795.0
Canada Warbler,7,2,Jul_W2,0.0034247,584.0
Canada Warbler,7,3,Jul_W3,0.0056285,533.0
Canada Warbler,7,4,Jul_W4,0.0126582,790.0
Canada Warbler,8,1,Aug_W1,0.0134003,597.0
Canada Warbler,8,2,Aug_W2,0.0255255,666.0
Canada Warbler,8,3,Aug_W3,0.0206813,822.0
Canada Warbler,8,4,Aug_W4,0.0204809,1123.0
Canada Warbler,9,1,Sep_W1,0.0121012,909.0
Canada Warbler,9,2,Sep_W2,0.0052247,957.0
Canada Warbler,9,3,Sep_W3,0.0015,963.0
Canada Warbler,9,4,Sep_W4,0.0,1413.0
Canada Warbler,10,1,Oct_W1,0.0,976.0
Canada Warbler,10,2,Oct_W2,0.0,1330.0
Canada Warbler,10,3,Oct_W3,0.0,1073.0
Canada Warbler,10,4,Oct_W4,0.0,1123.0
Canada Warbler,11,1,Nov_W1,0.0,686.0
Canada Warbler,11,2,Nov_W2,0.0,662.0
Canada Warbler,11,3,Nov_W3,0.0,428.0
Canada Warbler,11,4,Nov_W4,0.0,339.0
Canada Warbler,12,1,Dec_W1,0.0,213.0
Canada Warbler,12,2,Dec_W2,0.0,275.0
Canada Warbler,12,3,Dec_W3,0.0,318.0
Canada Warbler,12,4,Dec_W4,0.0,931.0
Wilson's Warbler,1,1,Jan_W1,0.0,1028.0
Wilson's Warbler,1,2,Jan_W2,0.0,995.0
Wilson's Warbler,1,3,Jan_W3,0.0,1544.0
Wilson's Warbler,1,4,Jan_W4,0.0,1414.0
Wilson's Warbler,2,1,Feb_W1,0.0,1431.0
Wilson's Warbler,2,2,Feb_W2,0.0,1915.0
Wilson's Warbler,2,3,Feb_W3,0.0,1788.0
Wilson's Warbler,2,4,Feb_W4,0.0,669.0
Wilson's Warbler,3,1,Mar_W1,0.0,543.0
Wilson's Warbler,3,2,Mar_W2,0.0,364.0
Wilson's Warbler,3,3,Mar_W3,0.0,681.0
Wilson's Warbler,3,4,Mar_W4,0.0,1015.0
Wilson's Warbler,4,1,Apr_W1,0.0,752.0
Wilson's Warbler,4,2,Apr_W2,0.0,1082.0
Wilson's Warbler,4,3,Apr_W3,0.0,1195.0
Wilson's Warbler,4,4,Apr_W4,0.0,2785.0
Wilson's Warbler,5,1,May_W1,0.0027379,1461.0
Wilson's Warbler,5,2,May_W2,0.0071429,1400.0
Wilson's Warbler,5,3,May_W3,0.0571848,2046.0
Wilson's Warbler,5,4,May_W4,0.1273142,3943.0
Wilson's Warbler,6,1,Jun_W1,0.0762274,1548.0
Wilson's Warbler,6,2,Jun_W2,0.0130233,1075.0
Wilson's Warbler,6,3,Jun_W3,0.0045167,1107.0
Wilson's Warbler,6,4,Jun_W4,0.0047574,1051.0
Wilson's Warbler,7,1,Jul_W1,0.0062893,795.0
Wilson's Warbler,7,2,Jul_W2,0.0015,584.0
Wilson's Warbler,7,3,Jul_W3,0.0037523,533.0
Wilson's Warbler,7,4,Jul_W4,0.0012658,790.0
Wilson's Warbler,8,1,Aug_W1,0.0050251,597.0
Wilson's Warbler,8,2,Aug_W2,0.0045045,666.0
Wilson's Warbler,8,3,Aug_W3,0.0218978,822.0
Wilson's Warbler,8,4,Aug_W4,0.0436331,1123.0
Wilson's Warbler,9,1,Sep_W1,0.0407041,909.0
Wilson's Warbler,9,2,Sep_W2,0.0271682,957.0
Wilson's Warbler,9,3,Sep_W3,0.0207684,963.0
Wilson's Warbler,9,4,Sep_W4,0.0070771,1413.0
Wilson's Warbler,10,1,Oct_W1,0.0,976.0
Wilson's Warbler,10,2,Oct_W2,0.0,1330.0
Wilson's Warbler,10,3,Oct_W3,0.0,1073.0
Wilson's Warbler,10,4,Oct_W4,0.0,1123.0
Wilson's Warbler,11,1,Nov_W1,0.0,686.0
Wilson's Warbler,11,2,Nov_W2,0.0,662.0
Wilson's Warbler,11,3,Nov_W3,0.0,428.0
Wilson's Warbler,11,4,Nov_W4,0.0,339.0
Wilson's Warbler,12,1,Dec_W1,0.0,213.0
Wilson's Warbler,12,2,Dec_W2,0.0,275.0
Wilson's Warbler,12,3,Dec_W3,0.0,318.0
Wilson's Warbler,12,4,Dec_W4,0.0,931.0
Hepatic Tanager,1,1,Jan_W1,0.0,1028.0
Hepatic Tanager,1,2,Jan_W2,0.0,995.0
Hepatic Tanager,1,3,Jan_W3,0.0,1544.0
Hepatic Tanager,1,4,Jan_W4,0.0,1414.0
Hepatic Tanager,2,1,Feb_W1,0.0,1431.0
Hepatic Tanager,2,2,Feb_W2,0.0,1915.0
Hepatic Tanager,2,3,Feb_W3,0.0,1788.0
Hepatic Tanager,2,4,Feb_W4,0.0,669.0
Hepatic Tanager,3,1,Mar_W1,0.0,543.0
Hepatic Tanager,3,2,Mar_W2,0.0,364.0
Hepatic Tanager,3,3,Mar_W3,0.0,681.0
Hepatic Tanager,3,4,Mar_W4,0.0,1015.0
Hepatic Tanager,4,1,Apr_W1,0.0,752.0
Hepatic Tanager,4,2,Apr_W2,0.0,1082.0
Hepatic Tanager,4,3,Apr_W3,0.0,1195.0
Hepatic Tanager,4,4,Apr_W4,0.0,2785.0
Hepatic Tanager,5,1,May_W1,0.0,1461.0
Hepatic Tanager,5,2,May_W2,0.0,1400.0
Hepatic Tanager,5,3,May_W3,0.0,2046.0
Hepatic Tanager,5,4,May_W4,0.0,3943.0
Hepatic Tanager,6,1,Jun_W1,0.0,1548.0
Hepatic Tanager,6,2,Jun_W2,0.0,1075.0
Hepatic Tanager,6,3,Jun_W3,0.0,1107.0
Hepatic Tanager,6,4,Jun_W4,0.0,1051.0
Hepatic Tanager,7,1,Jul_W1,0.0,795.0
Hepatic Tanager,7,2,Jul_W2,0.0,584.0
Hepatic Tanager,7,3,Jul_W3,0.0,533.0
Hepatic Tanager,7,4,Jul_W4,0.0,790.0
Hepatic Tanager,8,1,Aug_W1,0.0,597.0
Hepatic Tanager,8,2,Aug_W2,0.0,666.0
Hepatic Tanager,8,3,Aug_W3,0.0,822.0
Hepatic Tanager,8,4,Aug_W4,0.0,1123.0
Hepatic Tanager,9,1,Sep_W1,0.0,909.0
Hepatic Tanager,9,2,Sep_W2,0.0,957.0
Hepatic Tanager,9,3,Sep_W3,0.0,963.0
Hepatic Tanager,9,4,Sep_W4,0.0,1413.0
Hepatic Tanager,10,1,Oct_W1,0.0,976.0
Hepatic Tanager,10,2,Oct_W2,0.0,1330.0
Hepatic Tanager,10,3,Oct_W3,0.0037279,1073.0
Hepatic Tanager,10,4,Oct_W4,0.0,1123.0
Hepatic Tanager,11,1,Nov_W1,0.0,686.0
Hepatic Tanager,11,2,Nov_W2,0.0,662.0
Hepatic Tanager,11,3,Nov_W3,0.0,428.0
Hepatic Tanager,11,4,Nov_W4,0.0,339.0
Hepatic Tanager,12,1,Dec_W1,0.0,213.0
Hepatic Tanager,12,2,Dec_W2,0.0,275.0
Hepatic Tanager,12,3,Dec_W3,0.0,318.0
Hepatic Tanager,12,4,Dec_W4,0.0,931.0
Summer Tanager,1,1,Jan_W1,0.0,1028.0
Summer Tanager,1,2,Jan_W2,0.0,995.0
Summer Tanager,1,3,Jan_W3,0.0,1544.0
Summer Tanager,1,4,Jan_W4,0.0,1414.0
Summer Tanager,2,1,Feb_W1,0.0,1431.0
Summer Tanager,2,2,Feb_W2,0.0,1915.0
Summer Tanager,2,3,Feb_W3,0.0,1788.0
Summer Tanager,2,4,Feb_W4,0.0,669.0
Summer Tanager,3,1,Mar_W1,0.0,543.0
Summer Tanager,3,2,Mar_W2,0.0,364.0
Summer Tanager,3,3,Mar_W3,0.0,681.0
Summer Tanager,3,4,Mar_W4,0.0,1015.0
Summer Tanager,4,1,Apr_W1,0.0,752.0
Summer Tanager,4,2,Apr_W2,0.0,1082.0
Summer Tanager,4,3,Apr_W3,0.0,1195.0
Summer Tanager,4,4,Apr_W4,0.0,2785.0
Summer Tanager,5,1,May_W1,0.0,1461.0
Summer Tanager,5,2,May_W2,0.0042857,1400.0
Summer Tanager,5,3,May_W3,0.0,2046.0
Summer Tanager,5,4,May_W4,0.0,3943.0
Summer Tanager,6,1,Jun_W1,0.0,1548.0
Summer Tanager,6,2,Jun_W2,0.0,1075.0
Summer Tanager,6,3,Jun_W3,0.0,1107.0
Summer Tanager,6,4,Jun_W4,0.0,1051.0
Summer Tanager,7,1,Jul_W1,0.0,795.0
Summer Tanager,7,2,Jul_W2,0.0,584.0
Summer Tanager,7,3,Jul_W3,0.0,533.0
Summer Tanager,7,4,Jul_W4,0.0,790.0
Summer Tanager,8,1,Aug_W1,0.0,597.0
Summer Tanager,8,2,Aug_W2,0.0,666.0
Summer Tanager,8,3,Aug_W3,0.0,822.0
Summer Tanager,8,4,Aug_W4,0.0,1123.0
Summer Tanager,9,1,Sep_W1,0.0,909.0
Summer Tanager,9,2,Sep_W2,0.0,957.0
Summer Tanager,9,3,Sep_W3,0.0010384,963.0
Summer Tanager,9,4,Sep_W4,0.0035386,1413.0
Summer Tanager,10,1,Oct_W1,0.0040984,976.0
Summer Tanager,10,2,Oct_W2,0.0,1330.0
Summer Tanager,10,3,Oct_W3,0.0,1073.0
Summer Tanager,10,4,Oct_W4,0.0,1123.0
Summer Tanager,11,1,Nov_W1,0.0,686.0
Summer Tanager,11,2,Nov_W2,0.0,662.0
Summer Tanager,11,3,Nov_W3,0.0,428.0
Summer Tanager,11,4,Nov_W4,0.0,339.0
Summer Tanager,12,1,Dec_W1,0.0,213.0
Summer Tanager,12,2,Dec_W2,0.0,275.0
Summer Tanager,12,3,Dec_W3,0.0,318.0
Summer Tanager,12,4,Dec_W4,0.0,931.0
Scarlet Tanager,1,1,Jan_W1,0.0,1028.0
Scarlet Tanager,1,2,Jan_W2,0.0,995.0
Scarlet Tanager,1,3,Jan_W3,0.0,1544.0
Scarlet Tanager,1,4,Jan_W4,0.0,1414.0
Scarlet Tanager,2,1,Feb_W1,0.0,1431.0
Scarlet Tanager,2,2,Feb_W2,0.0,1915.0
Scarlet Tanager,2,3,Feb_W3,0.0,1788.0
Scarlet Tanager,2,4,Feb_W4,0.0,669.0
Scarlet Tanager,3,1,Mar_W1,0.0,543.0
Scarlet Tanager,3,2,Mar_W2,0.0,364.0
Scarlet Tanager,3,3,Mar_W3,0.0,681.0
Scarlet Tanager,3,4,Mar_W4,0.0,1015.0
Scarlet Tanager,4,1,Apr_W1,0.0,752.0
Scarlet Tanager,4,2,Apr_W2,0.0,1082.0
Scarlet Tanager,4,3,Apr_W3,0.0,1195.0
Scarlet Tanager,4,4,Apr_W4,0.0,2785.0
Scarlet Tanager,5,1,May_W1,0.0015,1461.0
Scarlet Tanager,5,2,May_W2,0.0085714,1400.0
Scarlet Tanager,5,3,May_W3,0.0395894,2046.0
Scarlet Tanager,5,4,May_W4,0.0509764,3943.0
Scarlet Tanager,6,1,Jun_W1,0.0245478,1548.0
Scarlet Tanager,6,2,Jun_W2,0.0167442,1075.0
Scarlet Tanager,6,3,Jun_W3,0.0207769,1107.0
Scarlet Tanager,6,4,Jun_W4,0.0142721,1051.0
Scarlet Tanager,7,1,Jul_W1,0.0201258,795.0
Scarlet Tanager,7,2,Jul_W2,0.010274,584.0
Scarlet Tanager,7,3,Jul_W3,0.0056285,533.0
Scarlet Tanager,7,4,Jul_W4,0.0012658,790.0
Scarlet Tanager,8,1,Aug_W1,0.0033501,597.0
Scarlet Tanager,8,2,Aug_W2,0.018018,666.0
Scarlet Tanager,8,3,Aug_W3,0.0097324,822.0
Scarlet Tanager,8,4,Aug_W4,0.0071238,1123.0
Scarlet Tanager,9,1,Sep_W1,0.0143014,909.0
Scarlet Tanager,9,2,Sep_W2,0.0114943,957.0
Scarlet Tanager,9,3,Sep_W3,0.0051921,963.0
Scarlet Tanager,9,4,Sep_W4,0.0084926,1413.0
Scarlet Tanager,10,1,Oct_W1,0.0030738,976.0
Scarlet Tanager,10,2,Oct_W2,0.0,1330.0
Scarlet Tanager,10,3,Oct_W3,0.0046598,1073.0
Scarlet Tanager,10,4,Oct_W4,0.0,1123.0
Scarlet Tanager,11,1,Nov_W1,0.0,686.0
Scarlet Tanager,11,2,Nov_W2,0.0,662.0
Scarlet Tanager,11,3,Nov_W3,0.0,428.0
Scarlet Tanager,11,4,Nov_W4,0.0,339.0
Scarlet Tanager,12,1,Dec_W1,0.0,213.0
Scarlet Tanager,12,2,Dec_W2,0.0,275.0
Scarlet Tanager,12,3,Dec_W3,0.0,318.0
Scarlet Tanager,12,4,Dec_W4,0.0,931.0
Western Tanager,1,1,Jan_W1,0.0,1028.0
Western Tanager,1,2,Jan_W2,0.0,995.0
Western Tanager,1,3,Jan_W3,0.0,1544.0
Western Tanager,1,4,Jan_W4,0.0,1414.0
Western Tanager,2,1,Feb_W1,0.0,1431.0
Western Tanager,2,2,Feb_W2,0.0,1915.0
Western Tanager,2,3,Feb_W3,0.0,1788.0
Western Tanager,2,4,Feb_W4,0.0,669.0
Western Tanager,3,1,Mar_W1,0.0,543.0
Western Tanager,3,2,Mar_W2,0.0,364.0
Western Tanager,3,3,Mar_W3,0.0,681.0
Western Tanager,3,4,Mar_W4,0.0,1015.0
Western Tanager,4,1,Apr_W1,0.0,752.0
Western Tanager,4,2,Apr_W2,0.0,1082.0
Western Tanager,4,3,Apr_W3,0.0,1195.0
Western Tanager,4,4,Apr_W4,0.0,2785.0
Western Tanager,5,1,May_W1,0.0015,1461.0
Western Tanager,5,2,May_W2,0.0007143,1400.0
Western Tanager,5,3,May_W3,0.0015,2046.0
Western Tanager,5,4,May_W4,0.0,3943.0
Western Tanager,6,1,Jun_W1,0.0,1548.0
Western Tanager,6,2,Jun_W2,0.0,1075.0
Western Tanager,6,3,Jun_W3,0.0015,1107.0
Western Tanager,6,4,Jun_W4,0.0,1051.0
Western Tanager,7,1,Jul_W1,0.0,795.0
Western Tanager,7,2,Jul_W2,0.0,584.0
Western Tanager,7,3,Jul_W3,0.0,533.0
Western Tanager,7,4,Jul_W4,0.0,790.0
Western Tanager,8,1,Aug_W1,0.0,597.0
Western Tanager,8,2,Aug_W2,0.0,666.0
Western Tanager,8,3,Aug_W3,0.0,822.0
Western Tanager,8,4,Aug_W4,0.0,1123.0
Western Tanager,9,1,Sep_W1,0.0,909.0
Western Tanager,9,2,Sep_W2,0.0,957.0
Western Tanager,9,3,Sep_W3,0.0,963.0
Western Tanager,9,4,Sep_W4,0.0,1413.0
Western Tanager,10,1,Oct_W1,0.0,976.0
Western Tanager,10,2,Oct_W2,0.0,1330.0
Western Tanager,10,3,Oct_W3,0.0,1073.0
Western Tanager,10,4,Oct_W4,0.0,1123.0
Western Tanager,11,1,Nov_W1,0.0,686.0
Western Tanager,11,2,Nov_W2,0.0,662.0
Western Tanager,11,3,Nov_W3,0.0,428.0
Western Tanager,11,4,Nov_W4,0.0,339.0
Western Tanager,12,1,Dec_W1,0.0,213.0
Western Tanager,12,2,Dec_W2,0.0,275.0
Western Tanager,12,3,Dec_W3,0.0,318.0
Western Tanager,12,4,Dec_W4,0.0,931.0
Northern Cardinal,1,1,Jan_W1,0.016537,1028.0
Northern Cardinal,1,2,Jan_W2,0.0130653,995.0
Northern Cardinal,1,3,Jan_W3,0.0181347,1544.0
Northern Cardinal,1,4,Jan_W4,0.009901,1414.0
Northern Cardinal,2,1,Feb_W1,0.0097834,1431.0
Northern Cardinal,2,2,Feb_W2,0.0156658,1915.0
Northern Cardinal,2,3,Feb_W3,0.0167785,1788.0
Northern Cardinal,2,4,Feb_W4,0.0224215,669.0
Northern Cardinal,3,1,Mar_W1,0.0202578,543.0
Northern Cardinal,3,2,Mar_W2,0.0082418,364.0
Northern Cardinal,3,3,Mar_W3,0.0146843,681.0
Northern Cardinal,3,4,Mar_W4,0.0137931,1015.0
Northern Cardinal,4,1,Apr_W1,0.0119681,752.0
Northern Cardinal,4,2,Apr_W2,0.0231054,1082.0
Northern Cardinal,4,3,Apr_W3,0.0083682,1195.0
Northern Cardinal,4,4,Apr_W4,0.0111311,2785.0
Northern Cardinal,5,1,May_W1,0.0102669,1461.0
Northern Cardinal,5,2,May_W2,0.0157143,1400.0
Northern Cardinal,5,3,May_W3,0.0136852,2046.0
Northern Cardinal,5,4,May_W4,0.0215572,3943.0
Northern Cardinal,6,1,Jun_W1,0.0374677,1548.0
Northern Cardinal,6,2,Jun_W2,0.0213953,1075.0
Northern Cardinal,6,3,Jun_W3,0.0171635,1107.0
Northern Cardinal,6,4,Jun_W4,0.0304472,1051.0
Northern Cardinal,7,1,Jul_W1,0.0201258,795.0
Northern Cardinal,7,2,Jul_W2,0.0222603,584.0
Northern Cardinal,7,3,Jul_W3,0.0375235,533.0
Northern Cardinal,7,4,Jul_W4,0.0240506,790.0
Northern Cardinal,8,1,Aug_W1,0.0217755,597.0
Northern Cardinal,8,2,Aug_W2,0.0285285,666.0
Northern Cardinal,8,3,Aug_W3,0.0218978,822.0
Northern Cardinal,8,4,Aug_W4,0.0097952,1123.0
Northern Cardinal,9,1,Sep_W1,0.0088009,909.0
Northern Cardinal,9,2,Sep_W2,0.0114943,957.0
Northern Cardinal,9,3,Sep_W3,0.0093458,963.0
Northern Cardinal,9,4,Sep_W4,0.0092003,1413.0
Northern Cardinal,10,1,Oct_W1,0.0133197,976.0
Northern Cardinal,10,2,Oct_W2,0.0082707,1330.0
Northern Cardinal,10,3,Oct_W3,0.0167754,1073.0
Northern Cardinal,10,4,Oct_W4,0.0552093,1123.0
Northern Cardinal,11,1,Nov_W1,0.0451895,686.0
Northern Cardinal,11,2,Nov_W2,0.0543807,662.0
Northern Cardinal,11,3,Nov_W3,0.067757,428.0
Northern Cardinal,11,4,Nov_W4,0.0265487,339.0
Northern Cardinal,12,1,Dec_W1,0.0093897,213.0
Northern Cardinal,12,2,Dec_W2,0.0327273,275.0
Northern Cardinal,12,3,Dec_W3,0.0314465,318.0
Northern Cardinal,12,4,Dec_W4,0.0225564,931.0
Rose-breasted Grosbeak,1,1,Jan_W1,0.0,1028.0
Rose-breasted Grosbeak,1,2,Jan_W2,0.0,995.0
Rose-breasted Grosbeak,1,3,Jan_W3,0.0,1544.0
Rose-breasted Grosbeak,1,4,Jan_W4,0.0,1414.0
Rose-breasted Grosbeak,2,1,Feb_W1,0.0,1431.0
Rose-breasted Grosbeak,2,2,Feb_W2,0.0,1915.0
Rose-breasted Grosbeak,2,3,Feb_W3,0.0,1788.0
Rose-breasted Grosbeak,2,4,Feb_W4,0.0,669.0
Rose-breasted Grosbeak,3,1,Mar_W1,0.0,543.0
Rose-breasted Grosbeak,3,2,Mar_W2,0.0,364.0
Rose-breasted Grosbeak,3,3,Mar_W3,0.0,681.0
Rose-breasted Grosbeak,3,4,Mar_W4,0.0,1015.0
Rose-breasted Grosbeak,4,1,Apr_W1,0.0,752.0
Rose-breasted Grosbeak,4,2,Apr_W2,0.0,1082.0
Rose-breasted Grosbeak,4,3,Apr_W3,0.0,1195.0
Rose-breasted Grosbeak,4,4,Apr_W4,0.0003591,2785.0
Rose-breasted Grosbeak,5,1,May_W1,0.0109514,1461.0
Rose-breasted Grosbeak,5,2,May_W2,0.075,1400.0
Rose-breasted Grosbeak,5,3,May_W3,0.1168133,2046.0
Rose-breasted Grosbeak,5,4,May_W4,0.0996703,3943.0
Rose-breasted Grosbeak,6,1,Jun_W1,0.0574935,1548.0
Rose-breasted Grosbeak,6,2,Jun_W2,0.052093,1075.0
Rose-breasted Grosbeak,6,3,Jun_W3,0.0505872,1107.0
Rose-breasted Grosbeak,6,4,Jun_W4,0.0542341,1051.0
Rose-breasted Grosbeak,7,1,Jul_W1,0.0289308,795.0
Rose-breasted Grosbeak,7,2,Jul_W2,0.0171233,584.0
Rose-breasted Grosbeak,7,3,Jul_W3,0.0412758,533.0
Rose-breasted Grosbeak,7,4,Jul_W4,0.0303797,790.0
Rose-breasted Grosbeak,8,1,Aug_W1,0.0502513,597.0
Rose-breasted Grosbeak,8,2,Aug_W2,0.039039,666.0
Rose-breasted Grosbeak,8,3,Aug_W3,0.0316302,822.0
Rose-breasted Grosbeak,8,4,Aug_W4,0.0204809,1123.0
Rose-breasted Grosbeak,9,1,Sep_W1,0.019802,909.0
Rose-breasted Grosbeak,9,2,Sep_W2,0.0062696,957.0
Rose-breasted Grosbeak,9,3,Sep_W3,0.007269,963.0
Rose-breasted Grosbeak,9,4,Sep_W4,0.009908,1413.0
Rose-breasted Grosbeak,10,1,Oct_W1,0.0010246,976.0
Rose-breasted Grosbeak,10,2,Oct_W2,0.0007519,1330.0
Rose-breasted Grosbeak,10,3,Oct_W3,0.000932,1073.0
Rose-breasted Grosbeak,10,4,Oct_W4,0.0,1123.0
Rose-breasted Grosbeak,11,1,Nov_W1,0.0043732,686.0
Rose-breasted Grosbeak,11,2,Nov_W2,0.0,662.0
Rose-breasted Grosbeak,11,3,Nov_W3,0.0,428.0
Rose-breasted Grosbeak,11,4,Nov_W4,0.0,339.0
Rose-breasted Grosbeak,12,1,Dec_W1,0.0,213.0
Rose-breasted Grosbeak,12,2,Dec_W2,0.0,275.0
Rose-breasted Grosbeak,12,3,Dec_W3,0.0,318.0
Rose-breasted Grosbeak,12,4,Dec_W4,0.0,931.0
Blue Grosbeak,1,1,Jan_W1,0.0,1028.0
Blue Grosbeak,1,2,Jan_W2,0.0,995.0
Blue Grosbeak,1,3,Jan_W3,0.0,1544.0
Blue Grosbeak,1,4,Jan_W4,0.0,1414.0
Blue Grosbeak,2,1,Feb_W1,0.0,1431.0
Blue Grosbeak,2,2,Feb_W2,0.0,1915.0
Blue Grosbeak,2,3,Feb_W3,0.0,1788.0
Blue Grosbeak,2,4,Feb_W4,0.0,669.0
Blue Grosbeak,3,1,Mar_W1,0.0,543.0
Blue Grosbeak,3,2,Mar_W2,0.0,364.0
Blue Grosbeak,3,3,Mar_W3,0.0,681.0
Blue Grosbeak,3,4,Mar_W4,0.0,1015.0
Blue Grosbeak,4,1,Apr_W1,0.0,752.0
Blue Grosbeak,4,2,Apr_W2,0.0,1082.0
Blue Grosbeak,4,3,Apr_W3,0.0,1195.0
Blue Grosbeak,4,4,Apr_W4,0.0,2785.0
Blue Grosbeak,5,1,May_W1,0.0,1461.0
Blue Grosbeak,5,2,May_W2,0.0028571,1400.0
Blue Grosbeak,5,3,May_W3,0.0004888,2046.0
Blue Grosbeak,5,4,May_W4,0.0015,3943.0
Blue Grosbeak,6,1,Jun_W1,0.0,1548.0
Blue Grosbeak,6,2,Jun_W2,0.0,1075.0
Blue Grosbeak,6,3,Jun_W3,0.0,1107.0
Blue Grosbeak,6,4,Jun_W4,0.0,1051.0
Blue Grosbeak,7,1,Jul_W1,0.0,795.0
Blue Grosbeak,7,2,Jul_W2,0.0,584.0
Blue Grosbeak,7,3,Jul_W3,0.0,533.0
Blue Grosbeak,7,4,Jul_W4,0.0,790.0
Blue Grosbeak,8,1,Aug_W1,0.0,597.0
Blue Grosbeak,8,2,Aug_W2,0.0,666.0
Blue Grosbeak,8,3,Aug_W3,0.0,822.0
Blue Grosbeak,8,4,Aug_W4,0.0,1123.0
Blue Grosbeak,9,1,Sep_W1,0.0,909.0
Blue Grosbeak,9,2,Sep_W2,0.0,957.0
Blue Grosbeak,9,3,Sep_W3,0.0010384,963.0
Blue Grosbeak,9,4,Sep_W4,0.0,1413.0
Blue Grosbeak,10,1,Oct_W1,0.0,976.0
Blue Grosbeak,10,2,Oct_W2,0.0,1330.0
Blue Grosbeak,10,3,Oct_W3,0.0,1073.0
Blue Grosbeak,10,4,Oct_W4,0.0,1123.0
Blue Grosbeak,11,1,Nov_W1,0.0,686.0
Blue Grosbeak,11,2,Nov_W2,0.0,662.0
Blue Grosbeak,11,3,Nov_W3,0.0,428.0
Blue Grosbeak,11,4,Nov_W4,0.0,339.0
Blue Grosbeak,12,1,Dec_W1,0.0,213.0
Blue Grosbeak,12,2,Dec_W2,0.0,275.0
Blue Grosbeak,12,3,Dec_W3,0.0,318.0
Blue Grosbeak,12,4,Dec_W4,0.0,931.0
Lazuli Bunting,1,1,Jan_W1,0.0,1028.0
Lazuli Bunting,1,2,Jan_W2,0.0,995.0
Lazuli Bunting,1,3,Jan_W3,0.0,1544.0
Lazuli Bunting,1,4,Jan_W4,0.0,1414.0
Lazuli Bunting,2,1,Feb_W1,0.0,1431.0
Lazuli Bunting,2,2,Feb_W2,0.0,1915.0
Lazuli Bunting,2,3,Feb_W3,0.0,1788.0
Lazuli Bunting,2,4,Feb_W4,0.0,669.0
Lazuli Bunting,3,1,Mar_W1,0.0,543.0
Lazuli Bunting,3,2,Mar_W2,0.0,364.0
Lazuli Bunting,3,3,Mar_W3,0.0,681.0
Lazuli Bunting,3,4,Mar_W4,0.0,1015.0
Lazuli Bunting,4,1,Apr_W1,0.0,752.0
Lazuli Bunting,4,2,Apr_W2,0.0,1082.0
Lazuli Bunting,4,3,Apr_W3,0.0,1195.0
Lazuli Bunting,4,4,Apr_W4,0.0,2785.0
Lazuli Bunting,5,1,May_W1,0.0,1461.0
Lazuli Bunting,5,2,May_W2,0.0,1400.0
Lazuli Bunting,5,3,May_W3,0.0,2046.0
Lazuli Bunting,5,4,May_W4,0.0136952,3943.0
Lazuli Bunting,6,1,Jun_W1,0.0116279,1548.0
Lazuli Bunting,6,2,Jun_W2,0.0,1075.0
Lazuli Bunting,6,3,Jun_W3,0.0,1107.0
Lazuli Bunting,6,4,Jun_W4,0.0,1051.0
Lazuli Bunting,7,1,Jul_W1,0.0,795.0
Lazuli Bunting,7,2,Jul_W2,0.0,584.0
Lazuli Bunting,7,3,Jul_W3,0.0,533.0
Lazuli Bunting,7,4,Jul_W4,0.0,790.0
Lazuli Bunting,8,1,Aug_W1,0.0,597.0
Lazuli Bunting,8,2,Aug_W2,0.0,666.0
Lazuli Bunting,8,3,Aug_W3,0.0,822.0
Lazuli Bunting,8,4,Aug_W4,0.0,1123.0
Lazuli Bunting,9,1,Sep_W1,0.0,909.0
Lazuli Bunting,9,2,Sep_W2,0.0,957.0
Lazuli Bunting,9,3,Sep_W3,0.0,963.0
Lazuli Bunting,9,4,Sep_W4,0.0,1413.0
Lazuli Bunting,10,1,Oct_W1,0.0,976.0
Lazuli Bunting,10,2,Oct_W2,0.0,1330.0
Lazuli Bunting,10,3,Oct_W3,0.0,1073.0
Lazuli Bunting,10,4,Oct_W4,0.0,1123.0
Lazuli Bunting,11,1,Nov_W1,0.0,686.0
Lazuli Bunting,11,2,Nov_W2,0.0,662.0
Lazuli Bunting,11,3,Nov_W3,0.0,428.0
Lazuli Bunting,11,4,Nov_W4,0.0,339.0
Lazuli Bunting,12,1,Dec_W1,0.0,213.0
Lazuli Bunting,12,2,Dec_W2,0.0,275.0
Lazuli Bunting,12,3,Dec_W3,0.0,318.0
Lazuli Bunting,12,4,Dec_W4,0.0,931.0
Indigo Bunting,1,1,Jan_W1,0.0,1028.0
Indigo Bunting,1,2,Jan_W2,0.0,995.0
Indigo Bunting,1,3,Jan_W3,0.0,1544.0
Indigo Bunting,1,4,Jan_W4,0.0,1414.0
Indigo Bunting,2,1,Feb_W1,0.0,1431.0
Indigo Bunting,2,2,Feb_W2,0.0,1915.0
Indigo Bunting,2,3,Feb_W3,0.0,1788.0
Indigo Bunting,2,4,Feb_W4,0.0,669.0
Indigo Bunting,3,1,Mar_W1,0.0,543.0
Indigo Bunting,3,2,Mar_W2,0.0,364.0
Indigo Bunting,3,3,Mar_W3,0.0,681.0
Indigo Bunting,3,4,Mar_W4,0.0,1015.0
Indigo Bunting,4,1,Apr_W1,0.0,752.0
Indigo Bunting,4,2,Apr_W2,0.0,1082.0
Indigo Bunting,4,3,Apr_W3,0.0,1195.0
Indigo Bunting,4,4,Apr_W4,0.0,2785.0
Indigo Bunting,5,1,May_W1,0.0,1461.0
Indigo Bunting,5,2,May_W2,0.0107143,1400.0
Indigo Bunting,5,3,May_W3,0.0347019,2046.0
Indigo Bunting,5,4,May_W4,0.0672077,3943.0
Indigo Bunting,6,1,Jun_W1,0.0859173,1548.0
Indigo Bunting,6,2,Jun_W2,0.1209302,1075.0
Indigo Bunting,6,3,Jun_W3,0.1508582,1107.0
Indigo Bunting,6,4,Jun_W4,0.1360609,1051.0
Indigo Bunting,7,1,Jul_W1,0.0943396,795.0
Indigo Bunting,7,2,Jul_W2,0.1113014,584.0
Indigo Bunting,7,3,Jul_W3,0.0881801,533.0
Indigo Bunting,7,4,Jul_W4,0.056962,790.0
Indigo Bunting,8,1,Aug_W1,0.0268007,597.0
Indigo Bunting,8,2,Aug_W2,0.036036,666.0
Indigo Bunting,8,3,Aug_W3,0.0279805,822.0
Indigo Bunting,8,4,Aug_W4,0.0178094,1123.0
Indigo Bunting,9,1,Sep_W1,0.0165017,909.0
Indigo Bunting,9,2,Sep_W2,0.0104493,957.0
Indigo Bunting,9,3,Sep_W3,0.0103842,963.0
Indigo Bunting,9,4,Sep_W4,0.0268931,1413.0
Indigo Bunting,10,1,Oct_W1,0.0092213,976.0
Indigo Bunting,10,2,Oct_W2,0.0052632,1330.0
Indigo Bunting,10,3,Oct_W3,0.0102516,1073.0
Indigo Bunting,10,4,Oct_W4,0.0276046,1123.0
Indigo Bunting,11,1,Nov_W1,0.0058309,686.0
Indigo Bunting,11,2,Nov_W2,0.0,662.0
Indigo Bunting,11,3,Nov_W3,0.0,428.0
Indigo Bunting,11,4,Nov_W4,0.0,339.0
Indigo Bunting,12,1,Dec_W1,0.0,213.0
Indigo Bunting,12,2,Dec_W2,0.0,275.0
Indigo Bunting,12,3,Dec_W3,0.0,318.0
Indigo Bunting,12,4,Dec_W4,0.0,931.0
Painted Bunting,1,1,Jan_W1,0.0,1028.0
Painted Bunting,1,2,Jan_W2,0.0,995.0
Painted Bunting,1,3,Jan_W3,0.0,1544.0
Painted Bunting,1,4,Jan_W4,0.0,1414.0
Painted Bunting,2,1,Feb_W1,0.0,1431.0
Painted Bunting,2,2,Feb_W2,0.0,1915.0
Painted Bunting,2,3,Feb_W3,0.0,1788.0
Painted Bunting,2,4,Feb_W4,0.0,669.0
Painted Bunting,3,1,Mar_W1,0.0,543.0
Painted Bunting,3,2,Mar_W2,0.0,364.0
Painted Bunting,3,3,Mar_W3,0.0,681.0
Painted Bunting,3,4,Mar_W4,0.0,1015.0
Painted Bunting,4,1,Apr_W1,0.0,752.0
Painted Bunting,4,2,Apr_W2,0.0,1082.0
Painted Bunting,4,3,Apr_W3,0.0,1195.0
Painted Bunting,4,4,Apr_W4,0.0,2785.0
Painted Bunting,5,1,May_W1,0.0,1461.0
Painted Bunting,5,2,May_W2,0.0,1400.0
Painted Bunting,5,3,May_W3,0.0004888,2046.0
Painted Bunting,5,4,May_W4,0.0,3943.0
Painted Bunting,6,1,Jun_W1,0.000646,1548.0
Painted Bunting,6,2,Jun_W2,0.0,1075.0
Painted Bunting,6,3,Jun_W3,0.0,1107.0
Painted Bunting,6,4,Jun_W4,0.0,1051.0
Painted Bunting,7,1,Jul_W1,0.0,795.0
Painted Bunting,7,2,Jul_W2,0.0,584.0
Painted Bunting,7,3,Jul_W3,0.0,533.0
Painted Bunting,7,4,Jul_W4,0.0,790.0
Painted Bunting,8,1,Aug_W1,0.0,597.0
Painted Bunting,8,2,Aug_W2,0.0,666.0
Painted Bunting,8,3,Aug_W3,0.0,822.0
Painted Bunting,8,4,Aug_W4,0.0,1123.0
Painted Bunting,9,1,Sep_W1,0.0,909.0
Painted Bunting,9,2,Sep_W2,0.0,957.0
Painted Bunting,9,3,Sep_W3,0.0,963.0
Painted Bunting,9,4,Sep_W4,0.0,1413.0
Painted Bunting,10,1,Oct_W1,0.0,976.0
Painted Bunting,10,2,Oct_W2,0.0,1330.0
Painted Bunting,10,3,Oct_W3,0.0,1073.0
Painted Bunting,10,4,Oct_W4,0.0,1123.0
Painted Bunting,11,1,Nov_W1,0.0087464,686.0
Painted Bunting,11,2,Nov_W2,0.0,662.0
Painted Bunting,11,3,Nov_W3,0.0257009,428.0
Painted Bunting,11,4,Nov_W4,0.0353982,339.0
Painted Bunting,12,1,Dec_W1,0.0,213.0
Painted Bunting,12,2,Dec_W2,0.0,275.0
Painted Bunting,12,3,Dec_W3,0.0,318.0
Painted Bunting,12,4,Dec_W4,0.0,931.0
Dickcissel,1,1,Jan_W1,0.0,1028.0
Dickcissel,1,2,Jan_W2,0.0,995.0
Dickcissel,1,3,Jan_W3,0.0,1544.0
Dickcissel,1,4,Jan_W4,0.0,1414.0
Dickcissel,2,1,Feb_W1,0.0,1431.0
Dickcissel,2,2,Feb_W2,0.0,1915.0
Dickcissel,2,3,Feb_W3,0.0,1788.0
Dickcissel,2,4,Feb_W4,0.0,669.0
Dickcissel,3,1,Mar_W1,0.0,543.0
Dickcissel,3,2,Mar_W2,0.0,364.0
Dickcissel,3,3,Mar_W3,0.0,681.0
Dickcissel,3,4,Mar_W4,0.0,1015.0
Dickcissel,4,1,Apr_W1,0.0,752.0
Dickcissel,4,2,Apr_W2,0.0,1082.0
Dickcissel,4,3,Apr_W3,0.0,1195.0
Dickcissel,4,4,Apr_W4,0.0,2785.0
Dickcissel,5,1,May_W1,0.0,1461.0
Dickcissel,5,2,May_W2,0.0028571,1400.0
Dickcissel,5,3,May_W3,0.0015,2046.0
Dickcissel,5,4,May_W4,0.0002536,3943.0
Dickcissel,6,1,Jun_W1,0.00323,1548.0
Dickcissel,6,2,Jun_W2,0.0139535,1075.0
Dickcissel,6,3,Jun_W3,0.0117435,1107.0
Dickcissel,6,4,Jun_W4,0.0142721,1051.0
Dickcissel,7,1,Jul_W1,0.008805,795.0
Dickcissel,7,2,Jul_W2,0.010274,584.0
Dickcissel,7,3,Jul_W3,0.0018762,533.0
Dickcissel,7,4,Jul_W4,0.0012658,790.0
Dickcissel,8,1,Aug_W1,0.0,597.0
Dickcissel,8,2,Aug_W2,0.0,666.0
Dickcissel,8,3,Aug_W3,0.0024331,822.0
Dickcissel,8,4,Aug_W4,0.0044524,1123.0
Dickcissel,9,1,Sep_W1,0.0088009,909.0
Dickcissel,9,2,Sep_W2,0.0167189,957.0
Dickcissel,9,3,Sep_W3,0.0051921,963.0
Dickcissel,9,4,Sep_W4,0.0056617,1413.0
Dickcissel,10,1,Oct_W1,0.0020492,976.0
Dickcissel,10,2,Oct_W2,0.0037594,1330.0
Dickcissel,10,3,Oct_W3,0.000932,1073.0
Dickcissel,10,4,Oct_W4,0.0,1123.0
Dickcissel,11,1,Nov_W1,0.0,686.0
Dickcissel,11,2,Nov_W2,0.0,662.0
Dickcissel,11,3,Nov_W3,0.0,428.0
Dickcissel,11,4,Nov_W4,0.0015,339.0
Dickcissel,12,1,Dec_W1,0.0,213.0
Dickcissel,12,2,Dec_W2,0.0,275.0
Dickcissel,12,3,Dec_W3,0.0,318.0
Dickcissel,12,4,Dec_W4,0.0,931.0
