Species,Month,Week,Week_Label,Frequency,Sample_Size
Snow Goose,1,1,Jan_W1,0.0,823.0
Snow Goose,1,2,Jan_W2,0.0,535.0
Snow Goose,1,3,Jan_W3,0.0,472.0
Snow Goose,1,4,Jan_W4,0.0,644.0
Snow Goose,2,1,Feb_W1,0.0,490.0
Snow Goose,2,2,Feb_W2,0.0,589.0
Snow Goose,2,3,Feb_W3,0.0012706,787.0
Snow Goose,2,4,Feb_W4,0.0,427.0
Snow Goose,3,1,Mar_W1,0.0,558.0
Snow Goose,3,2,Mar_W2,0.0,649.0
Snow Goose,3,3,Mar_W3,0.0014085,710.0
Snow Goose,3,4,Mar_W4,0.009009,1110.0
Snow Goose,4,1,Apr_W1,0.0077864,899.0
Snow Goose,4,2,Apr_W2,0.0104167,1344.0
Snow Goose,4,3,Apr_W3,0.0,1035.0
Snow Goose,4,4,Apr_W4,0.0,1332.0
Snow Goose,5,1,May_W1,0.0,1283.0
Snow Goose,5,2,May_W2,0.0,1542.0
Snow Goose,5,3,May_W3,0.0,1501.0
Snow Goose,5,4,May_W4,0.0,2282.0
Snow Goose,6,1,Jun_W1,0.0,1513.0
Snow Goose,6,2,Jun_W2,0.0,1400.0
Snow Goose,6,3,Jun_W3,0.0,1497.0
Snow Goose,6,4,Jun_W4,0.0,1607.0
Snow Goose,7,1,Jul_W1,0.0,1280.0
Snow Goose,7,2,Jul_W2,0.0,1137.0
Snow Goose,7,3,Jul_W3,0.0,1132.0
Snow Goose,7,4,Jul_W4,0.0,1448.0
Snow Goose,8,1,Aug_W1,0.0,1001.0
Snow Goose,8,2,Aug_W2,0.0,804.0
Snow Goose,8,3,Aug_W3,0.0,836.0
Snow Goose,8,4,Aug_W4,0.0,1035.0
Snow Goose,9,1,Sep_W1,0.0,634.0
Snow Goose,9,2,Sep_W2,0.001221,819.0
Snow Goose,9,3,Sep_W3,0.0,657.0
Snow Goose,9,4,Sep_W4,0.0013055,766.0
Snow Goose,10,1,Oct_W1,0.0,505.0
Snow Goose,10,2,Oct_W2,0.0015,568.0
Snow Goose,10,3,Oct_W3,0.0015,523.0
Snow Goose,10,4,Oct_W4,0.0,632.0
Snow Goose,11,1,Nov_W1,0.0,369.0
Snow Goose,11,2,Nov_W2,0.0,337.0
Snow Goose,11,3,Nov_W3,0.0,346.0
Snow Goose,11,4,Nov_W4,0.0,492.0
Snow Goose,12,1,Dec_W1,0.0033003,303.0
Snow Goose,12,2,Dec_W2,0.0029851,335.0
Snow Goose,12,3,Dec_W3,0.0,681.0
Snow Goose,12,4,Dec_W4,0.0,600.0
Ross's Goose,1,1,Jan_W1,0.0,823.0
Ross's Goose,1,2,Jan_W2,0.0,535.0
Ross's Goose,1,3,Jan_W3,0.0,472.0
Ross's Goose,1,4,Jan_W4,0.0,644.0
Ross's Goose,2,1,Feb_W1,0.0,490.0
Ross's Goose,2,2,Feb_W2,0.0,589.0
Ross's Goose,2,3,Feb_W3,0.0,787.0
Ross's Goose,2,4,Feb_W4,0.0,427.0
Ross's Goose,3,1,Mar_W1,0.0,558.0
Ross's Goose,3,2,Mar_W2,0.0,649.0
Ross's Goose,3,3,Mar_W3,0.0,710.0
Ross's Goose,3,4,Mar_W4,0.0018018,1110.0
Ross's Goose,4,1,Apr_W1,0.0,899.0
Ross's Goose,4,2,Apr_W2,0.0,1344.0
Ross's Goose,4,3,Apr_W3,0.0,1035.0
Ross's Goose,4,4,Apr_W4,0.0,1332.0
Ross's Goose,5,1,May_W1,0.0,1283.0
Ross's Goose,5,2,May_W2,0.0,1542.0
Ross's Goose,5,3,May_W3,0.0,1501.0
Ross's Goose,5,4,May_W4,0.0,2282.0
Ross's Goose,6,1,Jun_W1,0.0,1513.0
Ross's Goose,6,2,Jun_W2,0.0,1400.0
Ross's Goose,6,3,Jun_W3,0.0,1497.0
Ross's Goose,6,4,Jun_W4,0.0,1607.0
Ross's Goose,7,1,Jul_W1,0.0,1280.0
Ross's Goose,7,2,Jul_W2,0.0,1137.0
Ross's Goose,7,3,Jul_W3,0.0,1132.0
Ross's Goose,7,4,Jul_W4,0.0,1448.0
Ross's Goose,8,1,Aug_W1,0.0,1001.0
Ross's Goose,8,2,Aug_W2,0.0,804.0
Ross's Goose,8,3,Aug_W3,0.0,836.0
Ross's Goose,8,4,Aug_W4,0.0,1035.0
Ross's Goose,9,1,Sep_W1,0.0,634.0
Ross's Goose,9,2,Sep_W2,0.0,819.0
Ross's Goose,9,3,Sep_W3,0.0,657.0
Ross's Goose,9,4,Sep_W4,0.0,766.0
Ross's Goose,10,1,Oct_W1,0.0,505.0
Ross's Goose,10,2,Oct_W2,0.0,568.0
Ross's Goose,10,3,Oct_W3,0.0,523.0
Ross's Goose,10,4,Oct_W4,0.0,632.0
Ross's Goose,11,1,Nov_W1,0.0,369.0
Ross's Goose,11,2,Nov_W2,0.0089021,337.0
Ross's Goose,11,3,Nov_W3,0.0,346.0
Ross's Goose,11,4,Nov_W4,0.0,492.0
Ross's Goose,12,1,Dec_W1,0.0,303.0
Ross's Goose,12,2,Dec_W2,0.0,335.0
Ross's Goose,12,3,Dec_W3,0.0,681.0
Ross's Goose,12,4,Dec_W4,0.0,600.0
Cackling Goose,1,1,Jan_W1,0.0,823.0
Cackling Goose,1,2,Jan_W2,0.0,535.0
Cackling Goose,1,3,Jan_W3,0.0,472.0
Cackling Goose,1,4,Jan_W4,0.0,644.0
Cackling Goose,2,1,Feb_W1,0.0,490.0
Cackling Goose,2,2,Feb_W2,0.0,589.0
Cackling Goose,2,3,Feb_W3,0.0,787.0
Cackling Goose,2,4,Feb_W4,0.0,427.0
Cackling Goose,3,1,Mar_W1,0.0,558.0
Cackling Goose,3,2,Mar_W2,0.0,649.0
Cackling Goose,3,3,Mar_W3,0.0,710.0
Cackling Goose,3,4,Mar_W4,0.0027027,1110.0
Cackling Goose,4,1,Apr_W1,0.0055617,899.0
Cackling Goose,4,2,Apr_W2,0.0014881,1344.0
Cackling Goose,4,3,Apr_W3,0.0019324,1035.0
Cackling Goose,4,4,Apr_W4,0.0,1332.0
Cackling Goose,5,1,May_W1,0.0,1283.0
Cackling Goose,5,2,May_W2,0.0,1542.0
Cackling Goose,5,3,May_W3,0.0,1501.0
Cackling Goose,5,4,May_W4,0.0,2282.0
Cackling Goose,6,1,Jun_W1,0.0,1513.0
Cackling Goose,6,2,Jun_W2,0.0,1400.0
Cackling Goose,6,3,Jun_W3,0.0,1497.0
Cackling Goose,6,4,Jun_W4,0.0,1607.0
Cackling Goose,7,1,Jul_W1,0.0,1280.0
Cackling Goose,7,2,Jul_W2,0.0,1137.0
Cackling Goose,7,3,Jul_W3,0.0,1132.0
Cackling Goose,7,4,Jul_W4,0.0,1448.0
Cackling Goose,8,1,Aug_W1,0.0,1001.0
Cackling Goose,8,2,Aug_W2,0.0,804.0
Cackling Goose,8,3,Aug_W3,0.0,836.0
Cackling Goose,8,4,Aug_W4,0.0,1035.0
Cackling Goose,9,1,Sep_W1,0.0,634.0
Cackling Goose,9,2,Sep_W2,0.001221,819.0
Cackling Goose,9,3,Sep_W3,0.0,657.0
Cackling Goose,9,4,Sep_W4,0.0,766.0
Cackling Goose,10,1,Oct_W1,0.0,505.0
Cackling Goose,10,2,Oct_W2,0.0017606,568.0
Cackling Goose,10,3,Oct_W3,0.0,523.0
Cackling Goose,10,4,Oct_W4,0.0,632.0
Cackling Goose,11,1,Nov_W1,0.0,369.0
Cackling Goose,11,2,Nov_W2,0.0,337.0
Cackling Goose,11,3,Nov_W3,0.0,346.0
Cackling Goose,11,4,Nov_W4,0.0,492.0
Cackling Goose,12,1,Dec_W1,0.0033003,303.0
Cackling Goose,12,2,Dec_W2,0.0,335.0
Cackling Goose,12,3,Dec_W3,0.0,681.0
Cackling Goose,12,4,Dec_W4,0.0,600.0
Canada Goose,1,1,Jan_W1,0.0789793,823.0
Canada Goose,1,2,Jan_W2,0.0616822,535.0
Canada Goose,1,3,Jan_W3,0.0699153,472.0
Canada Goose,1,4,Jan_W4,0.0822981,644.0
Canada Goose,2,1,Feb_W1,0.0489796,490.0
Canada Goose,2,2,Feb_W2,0.049236,589.0
Canada Goose,2,3,Feb_W3,0.0279543,787.0
Canada Goose,2,4,Feb_W4,0.0772834,427.0
Canada Goose,3,1,Mar_W1,0.1182796,558.0
Canada Goose,3,2,Mar_W2,0.2157165,649.0
Canada Goose,3,3,Mar_W3,0.3169014,710.0
Canada Goose,3,4,Mar_W4,0.3243243,1110.0
Canada Goose,4,1,Apr_W1,0.3859844,899.0
Canada Goose,4,2,Apr_W2,0.3712798,1344.0
Canada Goose,4,3,Apr_W3,0.3623188,1035.0
Canada Goose,4,4,Apr_W4,0.3768769,1332.0
Canada Goose,5,1,May_W1,0.3328137,1283.0
Canada Goose,5,2,May_W2,0.267834,1542.0
Canada Goose,5,3,May_W3,0.194537,1501.0
Canada Goose,5,4,May_W4,0.2256792,2282.0
Canada Goose,6,1,Jun_W1,0.1249174,1513.0
Canada Goose,6,2,Jun_W2,0.0707143,1400.0
Canada Goose,6,3,Jun_W3,0.0420842,1497.0
Canada Goose,6,4,Jun_W4,0.033603,1607.0
Canada Goose,7,1,Jul_W1,0.0273438,1280.0
Canada Goose,7,2,Jul_W2,0.0290237,1137.0
Canada Goose,7,3,Jul_W3,0.0556537,1132.0
Canada Goose,7,4,Jul_W4,0.0504144,1448.0
Canada Goose,8,1,Aug_W1,0.0589411,1001.0
Canada Goose,8,2,Aug_W2,0.0634328,804.0
Canada Goose,8,3,Aug_W3,0.0382775,836.0
Canada Goose,8,4,Aug_W4,0.0647343,1035.0
Canada Goose,9,1,Sep_W1,0.0914826,634.0
Canada Goose,9,2,Sep_W2,0.1416361,819.0
Canada Goose,9,3,Sep_W3,0.196347,657.0
Canada Goose,9,4,Sep_W4,0.2101828,766.0
Canada Goose,10,1,Oct_W1,0.1584158,505.0
Canada Goose,10,2,Oct_W2,0.1056338,568.0
Canada Goose,10,3,Oct_W3,0.0936902,523.0
Canada Goose,10,4,Oct_W4,0.0886076,632.0
Canada Goose,11,1,Nov_W1,0.0596206,369.0
Canada Goose,11,2,Nov_W2,0.1364985,337.0
Canada Goose,11,3,Nov_W3,0.0953757,346.0
Canada Goose,11,4,Nov_W4,0.1260163,492.0
Canada Goose,12,1,Dec_W1,0.0627063,303.0
Canada Goose,12,2,Dec_W2,0.0656716,335.0
Canada Goose,12,3,Dec_W3,0.0543319,681.0
Canada Goose,12,4,Dec_W4,0.0583333,600.0
Mute Swan,1,1,Jan_W1,0.0534629,823.0
Mute Swan,1,2,Jan_W2,0.046729,535.0
Mute Swan,1,3,Jan_W3,0.0466102,472.0
Mute Swan,1,4,Jan_W4,0.0776398,644.0
Mute Swan,2,1,Feb_W1,0.0387755,490.0
Mute Swan,2,2,Feb_W2,0.0458404,589.0
Mute Swan,2,3,Feb_W3,0.025413,787.0
Mute Swan,2,4,Feb_W4,0.028103,427.0
Mute Swan,3,1,Mar_W1,0.0340502,558.0
Mute Swan,3,2,Mar_W2,0.0261941,649.0
Mute Swan,3,3,Mar_W3,0.0253521,710.0
Mute Swan,3,4,Mar_W4,0.0207207,1110.0
Mute Swan,4,1,Apr_W1,0.0233593,899.0
Mute Swan,4,2,Apr_W2,0.0282738,1344.0
Mute Swan,4,3,Apr_W3,0.0280193,1035.0
Mute Swan,4,4,Apr_W4,0.0315315,1332.0
Mute Swan,5,1,May_W1,0.0241621,1283.0
Mute Swan,5,2,May_W2,0.0265888,1542.0
Mute Swan,5,3,May_W3,0.0193205,1501.0
Mute Swan,5,4,May_W4,0.0188431,2282.0
Mute Swan,6,1,Jun_W1,0.0191672,1513.0
Mute Swan,6,2,Jun_W2,0.015,1400.0
Mute Swan,6,3,Jun_W3,0.012024,1497.0
Mute Swan,6,4,Jun_W4,0.0143124,1607.0
Mute Swan,7,1,Jul_W1,0.0078125,1280.0
Mute Swan,7,2,Jul_W2,0.0184697,1137.0
Mute Swan,7,3,Jul_W3,0.0185512,1132.0
Mute Swan,7,4,Jul_W4,0.0227901,1448.0
Mute Swan,8,1,Aug_W1,0.007992,1001.0
Mute Swan,8,2,Aug_W2,0.0049751,804.0
Mute Swan,8,3,Aug_W3,0.0047847,836.0
Mute Swan,8,4,Aug_W4,0.010628,1035.0
Mute Swan,9,1,Sep_W1,0.0157729,634.0
Mute Swan,9,2,Sep_W2,0.01221,819.0
Mute Swan,9,3,Sep_W3,0.0167428,657.0
Mute Swan,9,4,Sep_W4,0.0156658,766.0
Mute Swan,10,1,Oct_W1,0.0237624,505.0
Mute Swan,10,2,Oct_W2,0.0316901,568.0
Mute Swan,10,3,Oct_W3,0.0267686,523.0
Mute Swan,10,4,Oct_W4,0.0189873,632.0
Mute Swan,11,1,Nov_W1,0.0054201,369.0
Mute Swan,11,2,Nov_W2,0.0207715,337.0
Mute Swan,11,3,Nov_W3,0.017341,346.0
Mute Swan,11,4,Nov_W4,0.0223577,492.0
Mute Swan,12,1,Dec_W1,0.0264026,303.0
Mute Swan,12,2,Dec_W2,0.0149254,335.0
Mute Swan,12,3,Dec_W3,0.0337739,681.0
Mute Swan,12,4,Dec_W4,0.0283333,600.0
Trumpeter Swan,1,1,Jan_W1,0.0243013,823.0
Trumpeter Swan,1,2,Jan_W2,0.0130841,535.0
Trumpeter Swan,1,3,Jan_W3,0.0127119,472.0
Trumpeter Swan,1,4,Jan_W4,0.0046584,644.0
Trumpeter Swan,2,1,Feb_W1,0.0142857,490.0
Trumpeter Swan,2,2,Feb_W2,0.0186757,589.0
Trumpeter Swan,2,3,Feb_W3,0.0127065,787.0
Trumpeter Swan,2,4,Feb_W4,0.0163934,427.0
Trumpeter Swan,3,1,Mar_W1,0.0215054,558.0
Trumpeter Swan,3,2,Mar_W2,0.0539291,649.0
Trumpeter Swan,3,3,Mar_W3,0.056338,710.0
Trumpeter Swan,3,4,Mar_W4,0.0558559,1110.0
Trumpeter Swan,4,1,Apr_W1,0.0812013,899.0
Trumpeter Swan,4,2,Apr_W2,0.0602679,1344.0
Trumpeter Swan,4,3,Apr_W3,0.0676329,1035.0
Trumpeter Swan,4,4,Apr_W4,0.0908408,1332.0
Trumpeter Swan,5,1,May_W1,0.0779423,1283.0
Trumpeter Swan,5,2,May_W2,0.0557717,1542.0
Trumpeter Swan,5,3,May_W3,0.0373085,1501.0
Trumpeter Swan,5,4,May_W4,0.0613497,2282.0
Trumpeter Swan,6,1,Jun_W1,0.0568407,1513.0
Trumpeter Swan,6,2,Jun_W2,0.035,1400.0
Trumpeter Swan,6,3,Jun_W3,0.0474282,1497.0
Trumpeter Swan,6,4,Jun_W4,0.0273802,1607.0
Trumpeter Swan,7,1,Jul_W1,0.028125,1280.0
Trumpeter Swan,7,2,Jul_W2,0.0334213,1137.0
Trumpeter Swan,7,3,Jul_W3,0.0362191,1132.0
Trumpeter Swan,7,4,Jul_W4,0.0338398,1448.0
Trumpeter Swan,8,1,Aug_W1,0.041958,1001.0
Trumpeter Swan,8,2,Aug_W2,0.0385572,804.0
Trumpeter Swan,8,3,Aug_W3,0.041866,836.0
Trumpeter Swan,8,4,Aug_W4,0.0463768,1035.0
Trumpeter Swan,9,1,Sep_W1,0.033123,634.0
Trumpeter Swan,9,2,Sep_W2,0.045177,819.0
Trumpeter Swan,9,3,Sep_W3,0.0273973,657.0
Trumpeter Swan,9,4,Sep_W4,0.0313316,766.0
Trumpeter Swan,10,1,Oct_W1,0.0534653,505.0
Trumpeter Swan,10,2,Oct_W2,0.0352113,568.0
Trumpeter Swan,10,3,Oct_W3,0.0286807,523.0
Trumpeter Swan,10,4,Oct_W4,0.0142405,632.0
Trumpeter Swan,11,1,Nov_W1,0.0108401,369.0
Trumpeter Swan,11,2,Nov_W2,0.0029674,337.0
Trumpeter Swan,11,3,Nov_W3,0.017341,346.0
Trumpeter Swan,11,4,Nov_W4,0.0081301,492.0
Trumpeter Swan,12,1,Dec_W1,0.0165017,303.0
Trumpeter Swan,12,2,Dec_W2,0.0059701,335.0
Trumpeter Swan,12,3,Dec_W3,0.0176211,681.0
Trumpeter Swan,12,4,Dec_W4,0.01,600.0
Tundra Swan,1,1,Jan_W1,0.0,823.0
Tundra Swan,1,2,Jan_W2,0.0018692,535.0
Tundra Swan,1,3,Jan_W3,0.0042373,472.0
Tundra Swan,1,4,Jan_W4,0.0108696,644.0
Tundra Swan,2,1,Feb_W1,0.0061224,490.0
Tundra Swan,2,2,Feb_W2,0.0,589.0
Tundra Swan,2,3,Feb_W3,0.0,787.0
Tundra Swan,2,4,Feb_W4,0.0,427.0
Tundra Swan,3,1,Mar_W1,0.0,558.0
Tundra Swan,3,2,Mar_W2,0.0061633,649.0
Tundra Swan,3,3,Mar_W3,0.0183099,710.0
Tundra Swan,3,4,Mar_W4,0.0144144,1110.0
Tundra Swan,4,1,Apr_W1,0.025584,899.0
Tundra Swan,4,2,Apr_W2,0.0096726,1344.0
Tundra Swan,4,3,Apr_W3,0.0057971,1035.0
Tundra Swan,4,4,Apr_W4,0.0022523,1332.0
Tundra Swan,5,1,May_W1,0.0,1283.0
Tundra Swan,5,2,May_W2,0.0,1542.0
Tundra Swan,5,3,May_W3,0.0015,1501.0
Tundra Swan,5,4,May_W4,0.0004382,2282.0
Tundra Swan,6,1,Jun_W1,0.0006609,1513.0
Tundra Swan,6,2,Jun_W2,0.0,1400.0
Tundra Swan,6,3,Jun_W3,0.0,1497.0
Tundra Swan,6,4,Jun_W4,0.0,1607.0
Tundra Swan,7,1,Jul_W1,0.0,1280.0
Tundra Swan,7,2,Jul_W2,0.0,1137.0
Tundra Swan,7,3,Jul_W3,0.0,1132.0
Tundra Swan,7,4,Jul_W4,0.0,1448.0
Tundra Swan,8,1,Aug_W1,0.0,1001.0
Tundra Swan,8,2,Aug_W2,0.0,804.0
Tundra Swan,8,3,Aug_W3,0.0,836.0
Tundra Swan,8,4,Aug_W4,0.0,1035.0
Tundra Swan,9,1,Sep_W1,0.0,634.0
Tundra Swan,9,2,Sep_W2,0.0,819.0
Tundra Swan,9,3,Sep_W3,0.0,657.0
Tundra Swan,9,4,Sep_W4,0.0,766.0
Tundra Swan,10,1,Oct_W1,0.0,505.0
Tundra Swan,10,2,Oct_W2,0.0,568.0
Tundra Swan,10,3,Oct_W3,0.001912,523.0
Tundra Swan,10,4,Oct_W4,0.0,632.0
Tundra Swan,11,1,Nov_W1,0.0,369.0
Tundra Swan,11,2,Nov_W2,0.0178042,337.0
Tundra Swan,11,3,Nov_W3,0.0028902,346.0
Tundra Swan,11,4,Nov_W4,0.0101626,492.0
Tundra Swan,12,1,Dec_W1,0.0,303.0
Tundra Swan,12,2,Dec_W2,0.0,335.0
Tundra Swan,12,3,Dec_W3,0.0015,681.0
Tundra Swan,12,4,Dec_W4,0.0015,600.0
Muscovy Duck,1,1,Jan_W1,0.0,823.0
Muscovy Duck,1,2,Jan_W2,0.0,535.0
Muscovy Duck,1,3,Jan_W3,0.0,472.0
Muscovy Duck,1,4,Jan_W4,0.0,644.0
Muscovy Duck,2,1,Feb_W1,0.0,490.0
Muscovy Duck,2,2,Feb_W2,0.0,589.0
Muscovy Duck,2,3,Feb_W3,0.0,787.0
Muscovy Duck,2,4,Feb_W4,0.0,427.0
Muscovy Duck,3,1,Mar_W1,0.0015,558.0
Muscovy Duck,3,2,Mar_W2,0.0,649.0
Muscovy Duck,3,3,Mar_W3,0.0,710.0
Muscovy Duck,3,4,Mar_W4,0.0,1110.0
Muscovy Duck,4,1,Apr_W1,0.0,899.0
Muscovy Duck,4,2,Apr_W2,0.0,1344.0
Muscovy Duck,4,3,Apr_W3,0.0,1035.0
Muscovy Duck,4,4,Apr_W4,0.0,1332.0
Muscovy Duck,5,1,May_W1,0.0,1283.0
Muscovy Duck,5,2,May_W2,0.0,1542.0
Muscovy Duck,5,3,May_W3,0.0,1501.0
Muscovy Duck,5,4,May_W4,0.0,2282.0
Muscovy Duck,6,1,Jun_W1,0.0,1513.0
Muscovy Duck,6,2,Jun_W2,0.0,1400.0
Muscovy Duck,6,3,Jun_W3,0.0,1497.0
Muscovy Duck,6,4,Jun_W4,0.0,1607.0
Muscovy Duck,7,1,Jul_W1,0.0,1280.0
Muscovy Duck,7,2,Jul_W2,0.0,1137.0
Muscovy Duck,7,3,Jul_W3,0.0,1132.0
Muscovy Duck,7,4,Jul_W4,0.0,1448.0
Muscovy Duck,8,1,Aug_W1,0.0,1001.0
Muscovy Duck,8,2,Aug_W2,0.0,804.0
Muscovy Duck,8,3,Aug_W3,0.0,836.0
Muscovy Duck,8,4,Aug_W4,0.0,1035.0
Muscovy Duck,9,1,Sep_W1,0.0,634.0
Muscovy Duck,9,2,Sep_W2,0.0015,819.0
Muscovy Duck,9,3,Sep_W3,0.0,657.0
Muscovy Duck,9,4,Sep_W4,0.0,766.0
Muscovy Duck,10,1,Oct_W1,0.0,505.0
Muscovy Duck,10,2,Oct_W2,0.0,568.0
Muscovy Duck,10,3,Oct_W3,0.0,523.0
Muscovy Duck,10,4,Oct_W4,0.0,632.0
Muscovy Duck,11,1,Nov_W1,0.0,369.0
Muscovy Duck,11,2,Nov_W2,0.0,337.0
Muscovy Duck,11,3,Nov_W3,0.0,346.0
Muscovy Duck,11,4,Nov_W4,0.0,492.0
Muscovy Duck,12,1,Dec_W1,0.0,303.0
Muscovy Duck,12,2,Dec_W2,0.0,335.0
Muscovy Duck,12,3,Dec_W3,0.0,681.0
Muscovy Duck,12,4,Dec_W4,0.0,600.0
Wood Duck,1,1,Jan_W1,0.0,823.0
Wood Duck,1,2,Jan_W2,0.0,535.0
Wood Duck,1,3,Jan_W3,0.0,472.0
Wood Duck,1,4,Jan_W4,0.0015528,644.0
Wood Duck,2,1,Feb_W1,0.0,490.0
Wood Duck,2,2,Feb_W2,0.0016978,589.0
Wood Duck,2,3,Feb_W3,0.0,787.0
Wood Duck,2,4,Feb_W4,0.0070258,427.0
Wood Duck,3,1,Mar_W1,0.0035842,558.0
Wood Duck,3,2,Mar_W2,0.0046225,649.0
Wood Duck,3,3,Mar_W3,0.0169014,710.0
Wood Duck,3,4,Mar_W4,0.0666667,1110.0
Wood Duck,4,1,Apr_W1,0.10901,899.0
Wood Duck,4,2,Apr_W2,0.1369048,1344.0
Wood Duck,4,3,Apr_W3,0.1352657,1035.0
Wood Duck,4,4,Apr_W4,0.1238739,1332.0
Wood Duck,5,1,May_W1,0.1122369,1283.0
Wood Duck,5,2,May_W2,0.080415,1542.0
Wood Duck,5,3,May_W3,0.0532978,1501.0
Wood Duck,5,4,May_W4,0.0687993,2282.0
Wood Duck,6,1,Jun_W1,0.0733642,1513.0
Wood Duck,6,2,Jun_W2,0.085,1400.0
Wood Duck,6,3,Jun_W3,0.0915164,1497.0
Wood Duck,6,4,Jun_W4,0.0914748,1607.0
Wood Duck,7,1,Jul_W1,0.0875,1280.0
Wood Duck,7,2,Jul_W2,0.0985048,1137.0
Wood Duck,7,3,Jul_W3,0.1219081,1132.0
Wood Duck,7,4,Jul_W4,0.1388122,1448.0
Wood Duck,8,1,Aug_W1,0.1628372,1001.0
Wood Duck,8,2,Aug_W2,0.1492537,804.0
Wood Duck,8,3,Aug_W3,0.1782297,836.0
Wood Duck,8,4,Aug_W4,0.1652174,1035.0
Wood Duck,9,1,Sep_W1,0.20347,634.0
Wood Duck,9,2,Sep_W2,0.1562882,819.0
Wood Duck,9,3,Sep_W3,0.130898,657.0
Wood Duck,9,4,Sep_W4,0.151436,766.0
Wood Duck,10,1,Oct_W1,0.1267327,505.0
Wood Duck,10,2,Oct_W2,0.0880282,568.0
Wood Duck,10,3,Oct_W3,0.0688337,523.0
Wood Duck,10,4,Oct_W4,0.0268987,632.0
Wood Duck,11,1,Nov_W1,0.0189702,369.0
Wood Duck,11,2,Nov_W2,0.0089021,337.0
Wood Duck,11,3,Nov_W3,0.0,346.0
Wood Duck,11,4,Nov_W4,0.0,492.0
Wood Duck,12,1,Dec_W1,0.0,303.0
Wood Duck,12,2,Dec_W2,0.0,335.0
Wood Duck,12,3,Dec_W3,0.0,681.0
Wood Duck,12,4,Dec_W4,0.0,600.0
Blue-winged Teal,1,1,Jan_W1,0.0,823.0
Blue-winged Teal,1,2,Jan_W2,0.0,535.0
Blue-winged Teal,1,3,Jan_W3,0.0,472.0
Blue-winged Teal,1,4,Jan_W4,0.0,644.0
Blue-winged Teal,2,1,Feb_W1,0.0,490.0
Blue-winged Teal,2,2,Feb_W2,0.0,589.0
Blue-winged Teal,2,3,Feb_W3,0.0,787.0
Blue-winged Teal,2,4,Feb_W4,0.0,427.0
Blue-winged Teal,3,1,Mar_W1,0.0,558.0
Blue-winged Teal,3,2,Mar_W2,0.0015408,649.0
Blue-winged Teal,3,3,Mar_W3,0.0014085,710.0
Blue-winged Teal,3,4,Mar_W4,0.0135135,1110.0
Blue-winged Teal,4,1,Apr_W1,0.0355951,899.0
Blue-winged Teal,4,2,Apr_W2,0.0751488,1344.0
Blue-winged Teal,4,3,Apr_W3,0.1014493,1035.0
Blue-winged Teal,4,4,Apr_W4,0.1043544,1332.0
Blue-winged Teal,5,1,May_W1,0.0756041,1283.0
Blue-winged Teal,5,2,May_W2,0.0473411,1542.0
Blue-winged Teal,5,3,May_W3,0.0333111,1501.0
Blue-winged Teal,5,4,May_W4,0.0280456,2282.0
Blue-winged Teal,6,1,Jun_W1,0.0165235,1513.0
Blue-winged Teal,6,2,Jun_W2,0.01,1400.0
Blue-winged Teal,6,3,Jun_W3,0.008016,1497.0
Blue-winged Teal,6,4,Jun_W4,0.0024891,1607.0
Blue-winged Teal,7,1,Jul_W1,0.0023437,1280.0
Blue-winged Teal,7,2,Jul_W2,0.0008795,1137.0
Blue-winged Teal,7,3,Jul_W3,0.0053004,1132.0
Blue-winged Teal,7,4,Jul_W4,0.0041436,1448.0
Blue-winged Teal,8,1,Aug_W1,0.008991,1001.0
Blue-winged Teal,8,2,Aug_W2,0.0074627,804.0
Blue-winged Teal,8,3,Aug_W3,0.0167464,836.0
Blue-winged Teal,8,4,Aug_W4,0.0183575,1035.0
Blue-winged Teal,9,1,Sep_W1,0.0268139,634.0
Blue-winged Teal,9,2,Sep_W2,0.013431,819.0
Blue-winged Teal,9,3,Sep_W3,0.0076104,657.0
Blue-winged Teal,9,4,Sep_W4,0.0117493,766.0
Blue-winged Teal,10,1,Oct_W1,0.0019802,505.0
Blue-winged Teal,10,2,Oct_W2,0.0052817,568.0
Blue-winged Teal,10,3,Oct_W3,0.0015,523.0
Blue-winged Teal,10,4,Oct_W4,0.0031646,632.0
Blue-winged Teal,11,1,Nov_W1,0.00271,369.0
Blue-winged Teal,11,2,Nov_W2,0.0,337.0
Blue-winged Teal,11,3,Nov_W3,0.0,346.0
Blue-winged Teal,11,4,Nov_W4,0.0,492.0
Blue-winged Teal,12,1,Dec_W1,0.0,303.0
Blue-winged Teal,12,2,Dec_W2,0.0,335.0
Blue-winged Teal,12,3,Dec_W3,0.0,681.0
Blue-winged Teal,12,4,Dec_W4,0.0,600.0
Northern Shoveler,1,1,Jan_W1,0.0,823.0
Northern Shoveler,1,2,Jan_W2,0.0,535.0
Northern Shoveler,1,3,Jan_W3,0.0,472.0
Northern Shoveler,1,4,Jan_W4,0.0015528,644.0
Northern Shoveler,2,1,Feb_W1,0.0,490.0
Northern Shoveler,2,2,Feb_W2,0.0,589.0
Northern Shoveler,2,3,Feb_W3,0.0,787.0
Northern Shoveler,2,4,Feb_W4,0.0,427.0
Northern Shoveler,3,1,Mar_W1,0.0,558.0
Northern Shoveler,3,2,Mar_W2,0.0,649.0
Northern Shoveler,3,3,Mar_W3,0.0,710.0
Northern Shoveler,3,4,Mar_W4,0.0018018,1110.0
Northern Shoveler,4,1,Apr_W1,0.0189099,899.0
Northern Shoveler,4,2,Apr_W2,0.0282738,1344.0
Northern Shoveler,4,3,Apr_W3,0.021256,1035.0
Northern Shoveler,4,4,Apr_W4,0.0262763,1332.0
Northern Shoveler,5,1,May_W1,0.014809,1283.0
Northern Shoveler,5,2,May_W2,0.0058366,1542.0
Northern Shoveler,5,3,May_W3,0.0026649,1501.0
Northern Shoveler,5,4,May_W4,0.0013146,2282.0
Northern Shoveler,6,1,Jun_W1,0.0006609,1513.0
Northern Shoveler,6,2,Jun_W2,0.0,1400.0
Northern Shoveler,6,3,Jun_W3,0.0,1497.0
Northern Shoveler,6,4,Jun_W4,0.0,1607.0
Northern Shoveler,7,1,Jul_W1,0.0,1280.0
Northern Shoveler,7,2,Jul_W2,0.0,1137.0
Northern Shoveler,7,3,Jul_W3,0.0,1132.0
Northern Shoveler,7,4,Jul_W4,0.0,1448.0
Northern Shoveler,8,1,Aug_W1,0.0,1001.0
Northern Shoveler,8,2,Aug_W2,0.0,804.0
Northern Shoveler,8,3,Aug_W3,0.0,836.0
Northern Shoveler,8,4,Aug_W4,0.0015,1035.0
Northern Shoveler,9,1,Sep_W1,0.0031546,634.0
Northern Shoveler,9,2,Sep_W2,0.001221,819.0
Northern Shoveler,9,3,Sep_W3,0.0015221,657.0
Northern Shoveler,9,4,Sep_W4,0.0039164,766.0
Northern Shoveler,10,1,Oct_W1,0.0,505.0
Northern Shoveler,10,2,Oct_W2,0.0,568.0
Northern Shoveler,10,3,Oct_W3,0.0,523.0
Northern Shoveler,10,4,Oct_W4,0.0015,632.0
Northern Shoveler,11,1,Nov_W1,0.00271,369.0
Northern Shoveler,11,2,Nov_W2,0.0,337.0
Northern Shoveler,11,3,Nov_W3,0.0028902,346.0
Northern Shoveler,11,4,Nov_W4,0.0,492.0
Northern Shoveler,12,1,Dec_W1,0.0,303.0
Northern Shoveler,12,2,Dec_W2,0.0,335.0
Northern Shoveler,12,3,Dec_W3,0.0,681.0
Northern Shoveler,12,4,Dec_W4,0.0,600.0
Gadwall,1,1,Jan_W1,0.0,823.0
Gadwall,1,2,Jan_W2,0.0,535.0
Gadwall,1,3,Jan_W3,0.0042373,472.0
Gadwall,1,4,Jan_W4,0.0031056,644.0
Gadwall,2,1,Feb_W1,0.0,490.0
Gadwall,2,2,Feb_W2,0.0016978,589.0
Gadwall,2,3,Feb_W3,0.0012706,787.0
Gadwall,2,4,Feb_W4,0.0046838,427.0
Gadwall,3,1,Mar_W1,0.0071685,558.0
Gadwall,3,2,Mar_W2,0.0015,649.0
Gadwall,3,3,Mar_W3,0.0056338,710.0
Gadwall,3,4,Mar_W4,0.0117117,1110.0
Gadwall,4,1,Apr_W1,0.0177976,899.0
Gadwall,4,2,Apr_W2,0.031994,1344.0
Gadwall,4,3,Apr_W3,0.0415459,1035.0
Gadwall,4,4,Apr_W4,0.0375375,1332.0
Gadwall,5,1,May_W1,0.005456,1283.0
Gadwall,5,2,May_W2,0.0032425,1542.0
Gadwall,5,3,May_W3,0.0019987,1501.0
Gadwall,5,4,May_W4,0.0015,2282.0
Gadwall,6,1,Jun_W1,0.0013219,1513.0
Gadwall,6,2,Jun_W2,0.0,1400.0
Gadwall,6,3,Jun_W3,0.0015,1497.0
Gadwall,6,4,Jun_W4,0.0015,1607.0
Gadwall,7,1,Jul_W1,0.0,1280.0
Gadwall,7,2,Jul_W2,0.0,1137.0
Gadwall,7,3,Jul_W3,0.0,1132.0
Gadwall,7,4,Jul_W4,0.0027624,1448.0
Gadwall,8,1,Aug_W1,0.0,1001.0
Gadwall,8,2,Aug_W2,0.0,804.0
Gadwall,8,3,Aug_W3,0.0,836.0
Gadwall,8,4,Aug_W4,0.0,1035.0
Gadwall,9,1,Sep_W1,0.0015773,634.0
Gadwall,9,2,Sep_W2,0.0,819.0
Gadwall,9,3,Sep_W3,0.0030441,657.0
Gadwall,9,4,Sep_W4,0.002611,766.0
Gadwall,10,1,Oct_W1,0.0079208,505.0
Gadwall,10,2,Oct_W2,0.0052817,568.0
Gadwall,10,3,Oct_W3,0.0114723,523.0
Gadwall,10,4,Oct_W4,0.0047468,632.0
Gadwall,11,1,Nov_W1,0.0015,369.0
Gadwall,11,2,Nov_W2,0.0059347,337.0
Gadwall,11,3,Nov_W3,0.0,346.0
Gadwall,11,4,Nov_W4,0.0020325,492.0
Gadwall,12,1,Dec_W1,0.0,303.0
Gadwall,12,2,Dec_W2,0.0,335.0
Gadwall,12,3,Dec_W3,0.0,681.0
Gadwall,12,4,Dec_W4,0.0,600.0
American Wigeon,1,1,Jan_W1,0.0,823.0
American Wigeon,1,2,Jan_W2,0.0,535.0
American Wigeon,1,3,Jan_W3,0.0021186,472.0
American Wigeon,1,4,Jan_W4,0.0,644.0
American Wigeon,2,1,Feb_W1,0.0,490.0
American Wigeon,2,2,Feb_W2,0.0015,589.0
American Wigeon,2,3,Feb_W3,0.0,787.0
American Wigeon,2,4,Feb_W4,0.0,427.0
American Wigeon,3,1,Mar_W1,0.0053763,558.0
American Wigeon,3,2,Mar_W2,0.0015408,649.0
American Wigeon,3,3,Mar_W3,0.0070423,710.0
American Wigeon,3,4,Mar_W4,0.0423423,1110.0
American Wigeon,4,1,Apr_W1,0.051168,899.0
American Wigeon,4,2,Apr_W2,0.0669643,1344.0
American Wigeon,4,3,Apr_W3,0.0647343,1035.0
American Wigeon,4,4,Apr_W4,0.0427928,1332.0
American Wigeon,5,1,May_W1,0.0124708,1283.0
American Wigeon,5,2,May_W2,0.0032425,1542.0
American Wigeon,5,3,May_W3,0.0013324,1501.0
American Wigeon,5,4,May_W4,0.0008764,2282.0
American Wigeon,6,1,Jun_W1,0.0,1513.0
American Wigeon,6,2,Jun_W2,0.0,1400.0
American Wigeon,6,3,Jun_W3,0.0,1497.0
American Wigeon,6,4,Jun_W4,0.0,1607.0
American Wigeon,7,1,Jul_W1,0.0007813,1280.0
American Wigeon,7,2,Jul_W2,0.0008795,1137.0
American Wigeon,7,3,Jul_W3,0.0017668,1132.0
American Wigeon,7,4,Jul_W4,0.0,1448.0
American Wigeon,8,1,Aug_W1,0.0,1001.0
American Wigeon,8,2,Aug_W2,0.0,804.0
American Wigeon,8,3,Aug_W3,0.0023923,836.0
American Wigeon,8,4,Aug_W4,0.0019324,1035.0
American Wigeon,9,1,Sep_W1,0.0015773,634.0
American Wigeon,9,2,Sep_W2,0.004884,819.0
American Wigeon,9,3,Sep_W3,0.0045662,657.0
American Wigeon,9,4,Sep_W4,0.0078329,766.0
American Wigeon,10,1,Oct_W1,0.0079208,505.0
American Wigeon,10,2,Oct_W2,0.0070423,568.0
American Wigeon,10,3,Oct_W3,0.001912,523.0
American Wigeon,10,4,Oct_W4,0.0015,632.0
American Wigeon,11,1,Nov_W1,0.0054201,369.0
American Wigeon,11,2,Nov_W2,0.0029674,337.0
American Wigeon,11,3,Nov_W3,0.0,346.0
American Wigeon,11,4,Nov_W4,0.0,492.0
American Wigeon,12,1,Dec_W1,0.0,303.0
American Wigeon,12,2,Dec_W2,0.0029851,335.0
American Wigeon,12,3,Dec_W3,0.0015,681.0
American Wigeon,12,4,Dec_W4,0.0016667,600.0
Mallard,1,1,Jan_W1,0.1433779,823.0
Mallard,1,2,Jan_W2,0.1420561,535.0
Mallard,1,3,Jan_W3,0.1525424,472.0
Mallard,1,4,Jan_W4,0.1599379,644.0
Mallard,2,1,Feb_W1,0.1040816,490.0
Mallard,2,2,Feb_W2,0.1188455,589.0
Mallard,2,3,Feb_W3,0.111817,787.0
Mallard,2,4,Feb_W4,0.1405152,427.0
Mallard,3,1,Mar_W1,0.1451613,558.0
Mallard,3,2,Mar_W2,0.174114,649.0
Mallard,3,3,Mar_W3,0.1873239,710.0
Mallard,3,4,Mar_W4,0.2765766,1110.0
Mallard,4,1,Apr_W1,0.323693,899.0
Mallard,4,2,Apr_W2,0.328869,1344.0
Mallard,4,3,Apr_W3,0.3458937,1035.0
Mallard,4,4,Apr_W4,0.3190691,1332.0
Mallard,5,1,May_W1,0.2533125,1283.0
Mallard,5,2,May_W2,0.2483787,1542.0
Mallard,5,3,May_W3,0.1972019,1501.0
Mallard,5,4,May_W4,0.2221735,2282.0
Mallard,6,1,Jun_W1,0.1705221,1513.0
Mallard,6,2,Jun_W2,0.1557143,1400.0
Mallard,6,3,Jun_W3,0.1342685,1497.0
Mallard,6,4,Jun_W4,0.11201,1607.0
Mallard,7,1,Jul_W1,0.1109375,1280.0
Mallard,7,2,Jul_W2,0.119613,1137.0
Mallard,7,3,Jul_W3,0.1263251,1132.0
Mallard,7,4,Jul_W4,0.1346685,1448.0
Mallard,8,1,Aug_W1,0.1688312,1001.0
Mallard,8,2,Aug_W2,0.1343284,804.0
Mallard,8,3,Aug_W3,0.1519139,836.0
Mallard,8,4,Aug_W4,0.1661836,1035.0
Mallard,9,1,Sep_W1,0.1766562,634.0
Mallard,9,2,Sep_W2,0.1465201,819.0
Mallard,9,3,Sep_W3,0.1582953,657.0
Mallard,9,4,Sep_W4,0.1671018,766.0
Mallard,10,1,Oct_W1,0.1920792,505.0
Mallard,10,2,Oct_W2,0.1566901,568.0
Mallard,10,3,Oct_W3,0.16826,523.0
Mallard,10,4,Oct_W4,0.1329114,632.0
Mallard,11,1,Nov_W1,0.1382114,369.0
Mallard,11,2,Nov_W2,0.1275964,337.0
Mallard,11,3,Nov_W3,0.1213873,346.0
Mallard,11,4,Nov_W4,0.1422764,492.0
Mallard,12,1,Dec_W1,0.1023102,303.0
Mallard,12,2,Dec_W2,0.1164179,335.0
Mallard,12,3,Dec_W3,0.1894273,681.0
Mallard,12,4,Dec_W4,0.1416667,600.0
American Black Duck,1,1,Jan_W1,0.0121507,823.0
American Black Duck,1,2,Jan_W2,0.0130841,535.0
American Black Duck,1,3,Jan_W3,0.0254237,472.0
American Black Duck,1,4,Jan_W4,0.015528,644.0
American Black Duck,2,1,Feb_W1,0.0102041,490.0
American Black Duck,2,2,Feb_W2,0.0237691,589.0
American Black Duck,2,3,Feb_W3,0.0076239,787.0
American Black Duck,2,4,Feb_W4,0.0187354,427.0
American Black Duck,3,1,Mar_W1,0.0053763,558.0
American Black Duck,3,2,Mar_W2,0.0138675,649.0
American Black Duck,3,3,Mar_W3,0.0098592,710.0
American Black Duck,3,4,Mar_W4,0.0297297,1110.0
American Black Duck,4,1,Apr_W1,0.0344828,899.0
American Black Duck,4,2,Apr_W2,0.0438988,1344.0
American Black Duck,4,3,Apr_W3,0.0309179,1035.0
American Black Duck,4,4,Apr_W4,0.0112613,1332.0
American Black Duck,5,1,May_W1,0.0023383,1283.0
American Black Duck,5,2,May_W2,0.0019455,1542.0
American Black Duck,5,3,May_W3,0.0015,1501.0
American Black Duck,5,4,May_W4,0.0013146,2282.0
American Black Duck,6,1,Jun_W1,0.0,1513.0
American Black Duck,6,2,Jun_W2,0.0007143,1400.0
American Black Duck,6,3,Jun_W3,0.002004,1497.0
American Black Duck,6,4,Jun_W4,0.0024891,1607.0
American Black Duck,7,1,Jul_W1,0.0,1280.0
American Black Duck,7,2,Jul_W2,0.0026385,1137.0
American Black Duck,7,3,Jul_W3,0.0061837,1132.0
American Black Duck,7,4,Jul_W4,0.003453,1448.0
American Black Duck,8,1,Aug_W1,0.0,1001.0
American Black Duck,8,2,Aug_W2,0.0062189,804.0
American Black Duck,8,3,Aug_W3,0.0011962,836.0
American Black Duck,8,4,Aug_W4,0.0057971,1035.0
American Black Duck,9,1,Sep_W1,0.0157729,634.0
American Black Duck,9,2,Sep_W2,0.002442,819.0
American Black Duck,9,3,Sep_W3,0.0106545,657.0
American Black Duck,9,4,Sep_W4,0.0091384,766.0
American Black Duck,10,1,Oct_W1,0.0138614,505.0
American Black Duck,10,2,Oct_W2,0.0070423,568.0
American Black Duck,10,3,Oct_W3,0.0133843,523.0
American Black Duck,10,4,Oct_W4,0.0047468,632.0
American Black Duck,11,1,Nov_W1,0.0135501,369.0
American Black Duck,11,2,Nov_W2,0.0148368,337.0
American Black Duck,11,3,Nov_W3,0.0202312,346.0
American Black Duck,11,4,Nov_W4,0.0081301,492.0
American Black Duck,12,1,Dec_W1,0.009901,303.0
American Black Duck,12,2,Dec_W2,0.0208955,335.0
American Black Duck,12,3,Dec_W3,0.0190896,681.0
American Black Duck,12,4,Dec_W4,0.0133333,600.0
Northern Pintail,1,1,Jan_W1,0.0,823.0
Northern Pintail,1,2,Jan_W2,0.0018692,535.0
Northern Pintail,1,3,Jan_W3,0.0021186,472.0
Northern Pintail,1,4,Jan_W4,0.0015528,644.0
Northern Pintail,2,1,Feb_W1,0.0061224,490.0
Northern Pintail,2,2,Feb_W2,0.0,589.0
Northern Pintail,2,3,Feb_W3,0.0076239,787.0
Northern Pintail,2,4,Feb_W4,0.0023419,427.0
Northern Pintail,3,1,Mar_W1,0.0,558.0
Northern Pintail,3,2,Mar_W2,0.0,649.0
Northern Pintail,3,3,Mar_W3,0.0014085,710.0
Northern Pintail,3,4,Mar_W4,0.0072072,1110.0
Northern Pintail,4,1,Apr_W1,0.0077864,899.0
Northern Pintail,4,2,Apr_W2,0.015625,1344.0
Northern Pintail,4,3,Apr_W3,0.0096618,1035.0
Northern Pintail,4,4,Apr_W4,0.0015015,1332.0
Northern Pintail,5,1,May_W1,0.0,1283.0
Northern Pintail,5,2,May_W2,0.0006485,1542.0
Northern Pintail,5,3,May_W3,0.0,1501.0
Northern Pintail,5,4,May_W4,0.0,2282.0
Northern Pintail,6,1,Jun_W1,0.0006609,1513.0
Northern Pintail,6,2,Jun_W2,0.0,1400.0
Northern Pintail,6,3,Jun_W3,0.0,1497.0
Northern Pintail,6,4,Jun_W4,0.0,1607.0
Northern Pintail,7,1,Jul_W1,0.0,1280.0
Northern Pintail,7,2,Jul_W2,0.0,1137.0
Northern Pintail,7,3,Jul_W3,0.0,1132.0
Northern Pintail,7,4,Jul_W4,0.0,1448.0
Northern Pintail,8,1,Aug_W1,0.0,1001.0
Northern Pintail,8,2,Aug_W2,0.0,804.0
Northern Pintail,8,3,Aug_W3,0.0,836.0
Northern Pintail,8,4,Aug_W4,0.0,1035.0
Northern Pintail,9,1,Sep_W1,0.0,634.0
Northern Pintail,9,2,Sep_W2,0.002442,819.0
Northern Pintail,9,3,Sep_W3,0.0015221,657.0
Northern Pintail,9,4,Sep_W4,0.0091384,766.0
Northern Pintail,10,1,Oct_W1,0.0059406,505.0
Northern Pintail,10,2,Oct_W2,0.0,568.0
Northern Pintail,10,3,Oct_W3,0.0038241,523.0
Northern Pintail,10,4,Oct_W4,0.0015823,632.0
Northern Pintail,11,1,Nov_W1,0.00271,369.0
Northern Pintail,11,2,Nov_W2,0.0059347,337.0
Northern Pintail,11,3,Nov_W3,0.0057803,346.0
Northern Pintail,11,4,Nov_W4,0.0,492.0
Northern Pintail,12,1,Dec_W1,0.0,303.0
Northern Pintail,12,2,Dec_W2,0.0,335.0
Northern Pintail,12,3,Dec_W3,0.0,681.0
Northern Pintail,12,4,Dec_W4,0.0,600.0
Green-winged Teal,1,1,Jan_W1,0.0,823.0
Green-winged Teal,1,2,Jan_W2,0.0,535.0
Green-winged Teal,1,3,Jan_W3,0.0,472.0
Green-winged Teal,1,4,Jan_W4,0.0,644.0
Green-winged Teal,2,1,Feb_W1,0.0,490.0
Green-winged Teal,2,2,Feb_W2,0.0,589.0
Green-winged Teal,2,3,Feb_W3,0.0,787.0
Green-winged Teal,2,4,Feb_W4,0.0,427.0
Green-winged Teal,3,1,Mar_W1,0.0017921,558.0
Green-winged Teal,3,2,Mar_W2,0.0,649.0
Green-winged Teal,3,3,Mar_W3,0.0042254,710.0
Green-winged Teal,3,4,Mar_W4,0.0171171,1110.0
Green-winged Teal,4,1,Apr_W1,0.0166852,899.0
Green-winged Teal,4,2,Apr_W2,0.0550595,1344.0
Green-winged Teal,4,3,Apr_W3,0.0454106,1035.0
Green-winged Teal,4,4,Apr_W4,0.0225225,1332.0
Green-winged Teal,5,1,May_W1,0.0155885,1283.0
Green-winged Teal,5,2,May_W2,0.0051881,1542.0
Green-winged Teal,5,3,May_W3,0.0053298,1501.0
Green-winged Teal,5,4,May_W4,0.0030675,2282.0
Green-winged Teal,6,1,Jun_W1,0.0033047,1513.0
Green-winged Teal,6,2,Jun_W2,0.0014286,1400.0
Green-winged Teal,6,3,Jun_W3,0.001336,1497.0
Green-winged Teal,6,4,Jun_W4,0.0015,1607.0
Green-winged Teal,7,1,Jul_W1,0.0015625,1280.0
Green-winged Teal,7,2,Jul_W2,0.0,1137.0
Green-winged Teal,7,3,Jul_W3,0.0,1132.0
Green-winged Teal,7,4,Jul_W4,0.0,1448.0
Green-winged Teal,8,1,Aug_W1,0.000999,1001.0
Green-winged Teal,8,2,Aug_W2,0.0024876,804.0
Green-winged Teal,8,3,Aug_W3,0.007177,836.0
Green-winged Teal,8,4,Aug_W4,0.0173913,1035.0
Green-winged Teal,9,1,Sep_W1,0.0126183,634.0
Green-winged Teal,9,2,Sep_W2,0.004884,819.0
Green-winged Teal,9,3,Sep_W3,0.0076104,657.0
Green-winged Teal,9,4,Sep_W4,0.0182768,766.0
Green-winged Teal,10,1,Oct_W1,0.0158416,505.0
Green-winged Teal,10,2,Oct_W2,0.0140845,568.0
Green-winged Teal,10,3,Oct_W3,0.0095602,523.0
Green-winged Teal,10,4,Oct_W4,0.0031646,632.0
Green-winged Teal,11,1,Nov_W1,0.0081301,369.0
Green-winged Teal,11,2,Nov_W2,0.0029674,337.0
Green-winged Teal,11,3,Nov_W3,0.0,346.0
Green-winged Teal,11,4,Nov_W4,0.0,492.0
Green-winged Teal,12,1,Dec_W1,0.0033003,303.0
Green-winged Teal,12,2,Dec_W2,0.0029851,335.0
Green-winged Teal,12,3,Dec_W3,0.0,681.0
Green-winged Teal,12,4,Dec_W4,0.0,600.0
Canvasback,1,1,Jan_W1,0.0015,823.0
Canvasback,1,2,Jan_W2,0.0015,535.0
Canvasback,1,3,Jan_W3,0.0042373,472.0
Canvasback,1,4,Jan_W4,0.0108696,644.0
Canvasback,2,1,Feb_W1,0.0020408,490.0
Canvasback,2,2,Feb_W2,0.0015,589.0
Canvasback,2,3,Feb_W3,0.0,787.0
Canvasback,2,4,Feb_W4,0.0,427.0
Canvasback,3,1,Mar_W1,0.0035842,558.0
Canvasback,3,2,Mar_W2,0.0,649.0
Canvasback,3,3,Mar_W3,0.0,710.0
Canvasback,3,4,Mar_W4,0.0009009,1110.0
Canvasback,4,1,Apr_W1,0.0011123,899.0
Canvasback,4,2,Apr_W2,0.0022321,1344.0
Canvasback,4,3,Apr_W3,0.0038647,1035.0
Canvasback,4,4,Apr_W4,0.0022523,1332.0
Canvasback,5,1,May_W1,0.0,1283.0
Canvasback,5,2,May_W2,0.0,1542.0
Canvasback,5,3,May_W3,0.0006662,1501.0
Canvasback,5,4,May_W4,0.0,2282.0
Canvasback,6,1,Jun_W1,0.0,1513.0
Canvasback,6,2,Jun_W2,0.0,1400.0
Canvasback,6,3,Jun_W3,0.0,1497.0
Canvasback,6,4,Jun_W4,0.0,1607.0
Canvasback,7,1,Jul_W1,0.0,1280.0
Canvasback,7,2,Jul_W2,0.0,1137.0
Canvasback,7,3,Jul_W3,0.0,1132.0
Canvasback,7,4,Jul_W4,0.0,1448.0
Canvasback,8,1,Aug_W1,0.0,1001.0
Canvasback,8,2,Aug_W2,0.0,804.0
Canvasback,8,3,Aug_W3,0.0,836.0
Canvasback,8,4,Aug_W4,0.0,1035.0
Canvasback,9,1,Sep_W1,0.0,634.0
Canvasback,9,2,Sep_W2,0.0,819.0
Canvasback,9,3,Sep_W3,0.0,657.0
Canvasback,9,4,Sep_W4,0.0,766.0
Canvasback,10,1,Oct_W1,0.0,505.0
Canvasback,10,2,Oct_W2,0.0,568.0
Canvasback,10,3,Oct_W3,0.0,523.0
Canvasback,10,4,Oct_W4,0.0015823,632.0
Canvasback,11,1,Nov_W1,0.0,369.0
Canvasback,11,2,Nov_W2,0.0029674,337.0
Canvasback,11,3,Nov_W3,0.0,346.0
Canvasback,11,4,Nov_W4,0.0020325,492.0
Canvasback,12,1,Dec_W1,0.0,303.0
Canvasback,12,2,Dec_W2,0.0,335.0
Canvasback,12,3,Dec_W3,0.0,681.0
Canvasback,12,4,Dec_W4,0.0016667,600.0
Redhead,1,1,Jan_W1,0.0534629,823.0
Redhead,1,2,Jan_W2,0.0504673,535.0
Redhead,1,3,Jan_W3,0.095339,472.0
Redhead,1,4,Jan_W4,0.1319876,644.0
Redhead,2,1,Feb_W1,0.0612245,490.0
Redhead,2,2,Feb_W2,0.0933786,589.0
Redhead,2,3,Feb_W3,0.0736976,787.0
Redhead,2,4,Feb_W4,0.0843091,427.0
Redhead,3,1,Mar_W1,0.0842294,558.0
Redhead,3,2,Mar_W2,0.0431433,649.0
Redhead,3,3,Mar_W3,0.0267606,710.0
Redhead,3,4,Mar_W4,0.0495495,1110.0
Redhead,4,1,Apr_W1,0.0589544,899.0
Redhead,4,2,Apr_W2,0.0721726,1344.0
Redhead,4,3,Apr_W3,0.0608696,1035.0
Redhead,4,4,Apr_W4,0.048048,1332.0
Redhead,5,1,May_W1,0.0265004,1283.0
Redhead,5,2,May_W2,0.0136187,1542.0
Redhead,5,3,May_W3,0.0039973,1501.0
Redhead,5,4,May_W4,0.0021911,2282.0
Redhead,6,1,Jun_W1,0.0015,1513.0
Redhead,6,2,Jun_W2,0.0,1400.0
Redhead,6,3,Jun_W3,0.0,1497.0
Redhead,6,4,Jun_W4,0.0,1607.0
Redhead,7,1,Jul_W1,0.0007813,1280.0
Redhead,7,2,Jul_W2,0.0008795,1137.0
Redhead,7,3,Jul_W3,0.0008834,1132.0
Redhead,7,4,Jul_W4,0.0,1448.0
Redhead,8,1,Aug_W1,0.0,1001.0
Redhead,8,2,Aug_W2,0.0,804.0
Redhead,8,3,Aug_W3,0.0,836.0
Redhead,8,4,Aug_W4,0.0009662,1035.0
Redhead,9,1,Sep_W1,0.0078864,634.0
Redhead,9,2,Sep_W2,0.003663,819.0
Redhead,9,3,Sep_W3,0.0,657.0
Redhead,9,4,Sep_W4,0.0091384,766.0
Redhead,10,1,Oct_W1,0.0138614,505.0
Redhead,10,2,Oct_W2,0.0105634,568.0
Redhead,10,3,Oct_W3,0.0267686,523.0
Redhead,10,4,Oct_W4,0.0063291,632.0
Redhead,11,1,Nov_W1,0.0216802,369.0
Redhead,11,2,Nov_W2,0.0089021,337.0
Redhead,11,3,Nov_W3,0.0086705,346.0
Redhead,11,4,Nov_W4,0.0081301,492.0
Redhead,12,1,Dec_W1,0.009901,303.0
Redhead,12,2,Dec_W2,0.0119403,335.0
Redhead,12,3,Dec_W3,0.0234949,681.0
Redhead,12,4,Dec_W4,0.03,600.0
Ring-necked Duck,1,1,Jan_W1,0.0024301,823.0
Ring-necked Duck,1,2,Jan_W2,0.0,535.0
Ring-necked Duck,1,3,Jan_W3,0.0,472.0
Ring-necked Duck,1,4,Jan_W4,0.0046584,644.0
Ring-necked Duck,2,1,Feb_W1,0.0020408,490.0
Ring-necked Duck,2,2,Feb_W2,0.0,589.0
Ring-necked Duck,2,3,Feb_W3,0.0038119,787.0
Ring-necked Duck,2,4,Feb_W4,0.0023419,427.0
Ring-necked Duck,3,1,Mar_W1,0.0017921,558.0
Ring-necked Duck,3,2,Mar_W2,0.0077042,649.0
Ring-necked Duck,3,3,Mar_W3,0.0197183,710.0
Ring-necked Duck,3,4,Mar_W4,0.0684685,1110.0
Ring-necked Duck,4,1,Apr_W1,0.1624027,899.0
Ring-necked Duck,4,2,Apr_W2,0.1852679,1344.0
Ring-necked Duck,4,3,Apr_W3,0.1652174,1035.0
Ring-necked Duck,4,4,Apr_W4,0.1621622,1332.0
Ring-necked Duck,5,1,May_W1,0.1052221,1283.0
Ring-necked Duck,5,2,May_W2,0.0525292,1542.0
Ring-necked Duck,5,3,May_W3,0.0139907,1501.0
Ring-necked Duck,5,4,May_W4,0.0017528,2282.0
Ring-necked Duck,6,1,Jun_W1,0.0006609,1513.0
Ring-necked Duck,6,2,Jun_W2,0.0,1400.0
Ring-necked Duck,6,3,Jun_W3,0.0,1497.0
Ring-necked Duck,6,4,Jun_W4,0.0018668,1607.0
Ring-necked Duck,7,1,Jul_W1,0.0015625,1280.0
Ring-necked Duck,7,2,Jul_W2,0.0,1137.0
Ring-necked Duck,7,3,Jul_W3,0.0017668,1132.0
Ring-necked Duck,7,4,Jul_W4,0.0013812,1448.0
Ring-necked Duck,8,1,Aug_W1,0.0,1001.0
Ring-necked Duck,8,2,Aug_W2,0.0024876,804.0
Ring-necked Duck,8,3,Aug_W3,0.0011962,836.0
Ring-necked Duck,8,4,Aug_W4,0.0019324,1035.0
Ring-necked Duck,9,1,Sep_W1,0.0031546,634.0
Ring-necked Duck,9,2,Sep_W2,0.001221,819.0
Ring-necked Duck,9,3,Sep_W3,0.0076104,657.0
Ring-necked Duck,9,4,Sep_W4,0.0143603,766.0
Ring-necked Duck,10,1,Oct_W1,0.0257426,505.0
Ring-necked Duck,10,2,Oct_W2,0.0088028,568.0
Ring-necked Duck,10,3,Oct_W3,0.0248566,523.0
Ring-necked Duck,10,4,Oct_W4,0.0142405,632.0
Ring-necked Duck,11,1,Nov_W1,0.0135501,369.0
Ring-necked Duck,11,2,Nov_W2,0.0,337.0
Ring-necked Duck,11,3,Nov_W3,0.0057803,346.0
Ring-necked Duck,11,4,Nov_W4,0.0020325,492.0
Ring-necked Duck,12,1,Dec_W1,0.0,303.0
Ring-necked Duck,12,2,Dec_W2,0.0029851,335.0
Ring-necked Duck,12,3,Dec_W3,0.0,681.0
Ring-necked Duck,12,4,Dec_W4,0.0033333,600.0
Greater Scaup,1,1,Jan_W1,0.0388821,823.0
Greater Scaup,1,2,Jan_W2,0.0448598,535.0
Greater Scaup,1,3,Jan_W3,0.0847458,472.0
Greater Scaup,1,4,Jan_W4,0.1009317,644.0
Greater Scaup,2,1,Feb_W1,0.0795918,490.0
Greater Scaup,2,2,Feb_W2,0.1001698,589.0
Greater Scaup,2,3,Feb_W3,0.1003812,787.0
Greater Scaup,2,4,Feb_W4,0.0866511,427.0
Greater Scaup,3,1,Mar_W1,0.109319,558.0
Greater Scaup,3,2,Mar_W2,0.0570108,649.0
Greater Scaup,3,3,Mar_W3,0.056338,710.0
Greater Scaup,3,4,Mar_W4,0.0252252,1110.0
Greater Scaup,4,1,Apr_W1,0.0189099,899.0
Greater Scaup,4,2,Apr_W2,0.0282738,1344.0
Greater Scaup,4,3,Apr_W3,0.0135266,1035.0
Greater Scaup,4,4,Apr_W4,0.0165165,1332.0
Greater Scaup,5,1,May_W1,0.0070148,1283.0
Greater Scaup,5,2,May_W2,0.0038911,1542.0
Greater Scaup,5,3,May_W3,0.0,1501.0
Greater Scaup,5,4,May_W4,0.0013146,2282.0
Greater Scaup,6,1,Jun_W1,0.0,1513.0
Greater Scaup,6,2,Jun_W2,0.0,1400.0
Greater Scaup,6,3,Jun_W3,0.0,1497.0
Greater Scaup,6,4,Jun_W4,0.0,1607.0
Greater Scaup,7,1,Jul_W1,0.0,1280.0
Greater Scaup,7,2,Jul_W2,0.0,1137.0
Greater Scaup,7,3,Jul_W3,0.0,1132.0
Greater Scaup,7,4,Jul_W4,0.0,1448.0
Greater Scaup,8,1,Aug_W1,0.0,1001.0
Greater Scaup,8,2,Aug_W2,0.0,804.0
Greater Scaup,8,3,Aug_W3,0.0,836.0
Greater Scaup,8,4,Aug_W4,0.0009662,1035.0
Greater Scaup,9,1,Sep_W1,0.0,634.0
Greater Scaup,9,2,Sep_W2,0.0,819.0
Greater Scaup,9,3,Sep_W3,0.0,657.0
Greater Scaup,9,4,Sep_W4,0.002611,766.0
Greater Scaup,10,1,Oct_W1,0.0019802,505.0
Greater Scaup,10,2,Oct_W2,0.0105634,568.0
Greater Scaup,10,3,Oct_W3,0.0076482,523.0
Greater Scaup,10,4,Oct_W4,0.0094937,632.0
Greater Scaup,11,1,Nov_W1,0.0108401,369.0
Greater Scaup,11,2,Nov_W2,0.0089021,337.0
Greater Scaup,11,3,Nov_W3,0.0086705,346.0
Greater Scaup,11,4,Nov_W4,0.0020325,492.0
Greater Scaup,12,1,Dec_W1,0.009901,303.0
Greater Scaup,12,2,Dec_W2,0.0119403,335.0
Greater Scaup,12,3,Dec_W3,0.0190896,681.0
Greater Scaup,12,4,Dec_W4,0.025,600.0
Lesser Scaup,1,1,Jan_W1,0.0036452,823.0
Lesser Scaup,1,2,Jan_W2,0.0,535.0
Lesser Scaup,1,3,Jan_W3,0.0,472.0
Lesser Scaup,1,4,Jan_W4,0.0108696,644.0
Lesser Scaup,2,1,Feb_W1,0.0020408,490.0
Lesser Scaup,2,2,Feb_W2,0.0033956,589.0
Lesser Scaup,2,3,Feb_W3,0.0038119,787.0
Lesser Scaup,2,4,Feb_W4,0.0117096,427.0
Lesser Scaup,3,1,Mar_W1,0.0125448,558.0
Lesser Scaup,3,2,Mar_W2,0.009245,649.0
Lesser Scaup,3,3,Mar_W3,0.0028169,710.0
Lesser Scaup,3,4,Mar_W4,0.0189189,1110.0
Lesser Scaup,4,1,Apr_W1,0.0244716,899.0
Lesser Scaup,4,2,Apr_W2,0.0416667,1344.0
Lesser Scaup,4,3,Apr_W3,0.0270531,1035.0
Lesser Scaup,4,4,Apr_W4,0.0307808,1332.0
Lesser Scaup,5,1,May_W1,0.0226033,1283.0
Lesser Scaup,5,2,May_W2,0.0097276,1542.0
Lesser Scaup,5,3,May_W3,0.0066622,1501.0
Lesser Scaup,5,4,May_W4,0.0043821,2282.0
Lesser Scaup,6,1,Jun_W1,0.0026438,1513.0
Lesser Scaup,6,2,Jun_W2,0.0015,1400.0
Lesser Scaup,6,3,Jun_W3,0.002004,1497.0
Lesser Scaup,6,4,Jun_W4,0.0,1607.0
Lesser Scaup,7,1,Jul_W1,0.0,1280.0
Lesser Scaup,7,2,Jul_W2,0.0,1137.0
Lesser Scaup,7,3,Jul_W3,0.0,1132.0
Lesser Scaup,7,4,Jul_W4,0.0,1448.0
Lesser Scaup,8,1,Aug_W1,0.0,1001.0
Lesser Scaup,8,2,Aug_W2,0.0,804.0
Lesser Scaup,8,3,Aug_W3,0.0,836.0
Lesser Scaup,8,4,Aug_W4,0.0,1035.0
Lesser Scaup,9,1,Sep_W1,0.0015773,634.0
Lesser Scaup,9,2,Sep_W2,0.001221,819.0
Lesser Scaup,9,3,Sep_W3,0.0,657.0
Lesser Scaup,9,4,Sep_W4,0.0,766.0
Lesser Scaup,10,1,Oct_W1,0.0,505.0
Lesser Scaup,10,2,Oct_W2,0.0035211,568.0
Lesser Scaup,10,3,Oct_W3,0.0114723,523.0
Lesser Scaup,10,4,Oct_W4,0.0015823,632.0
Lesser Scaup,11,1,Nov_W1,0.00271,369.0
Lesser Scaup,11,2,Nov_W2,0.0089021,337.0
Lesser Scaup,11,3,Nov_W3,0.0028902,346.0
Lesser Scaup,11,4,Nov_W4,0.004065,492.0
Lesser Scaup,12,1,Dec_W1,0.0,303.0
Lesser Scaup,12,2,Dec_W2,0.0029851,335.0
Lesser Scaup,12,3,Dec_W3,0.0029369,681.0
Lesser Scaup,12,4,Dec_W4,0.0133333,600.0
Harlequin Duck,1,1,Jan_W1,0.0,823.0
Harlequin Duck,1,2,Jan_W2,0.0,535.0
Harlequin Duck,1,3,Jan_W3,0.0,472.0
Harlequin Duck,1,4,Jan_W4,0.0,644.0
Harlequin Duck,2,1,Feb_W1,0.0,490.0
Harlequin Duck,2,2,Feb_W2,0.0,589.0
Harlequin Duck,2,3,Feb_W3,0.0,787.0
Harlequin Duck,2,4,Feb_W4,0.0,427.0
Harlequin Duck,3,1,Mar_W1,0.0,558.0
Harlequin Duck,3,2,Mar_W2,0.0,649.0
Harlequin Duck,3,3,Mar_W3,0.0,710.0
Harlequin Duck,3,4,Mar_W4,0.0,1110.0
Harlequin Duck,4,1,Apr_W1,0.0,899.0
Harlequin Duck,4,2,Apr_W2,0.0,1344.0
Harlequin Duck,4,3,Apr_W3,0.0,1035.0
Harlequin Duck,4,4,Apr_W4,0.0007508,1332.0
Harlequin Duck,5,1,May_W1,0.0,1283.0
Harlequin Duck,5,2,May_W2,0.0,1542.0
Harlequin Duck,5,3,May_W3,0.0,1501.0
Harlequin Duck,5,4,May_W4,0.0,2282.0
Harlequin Duck,6,1,Jun_W1,0.0,1513.0
Harlequin Duck,6,2,Jun_W2,0.0,1400.0
Harlequin Duck,6,3,Jun_W3,0.0,1497.0
Harlequin Duck,6,4,Jun_W4,0.0,1607.0
Harlequin Duck,7,1,Jul_W1,0.0,1280.0
Harlequin Duck,7,2,Jul_W2,0.0,1137.0
Harlequin Duck,7,3,Jul_W3,0.0,1132.0
Harlequin Duck,7,4,Jul_W4,0.0,1448.0
Harlequin Duck,8,1,Aug_W1,0.0,1001.0
Harlequin Duck,8,2,Aug_W2,0.0,804.0
Harlequin Duck,8,3,Aug_W3,0.0,836.0
Harlequin Duck,8,4,Aug_W4,0.0,1035.0
Harlequin Duck,9,1,Sep_W1,0.0,634.0
Harlequin Duck,9,2,Sep_W2,0.0,819.0
Harlequin Duck,9,3,Sep_W3,0.0,657.0
Harlequin Duck,9,4,Sep_W4,0.0,766.0
Harlequin Duck,10,1,Oct_W1,0.0,505.0
Harlequin Duck,10,2,Oct_W2,0.0,568.0
Harlequin Duck,10,3,Oct_W3,0.0,523.0
Harlequin Duck,10,4,Oct_W4,0.0,632.0
Harlequin Duck,11,1,Nov_W1,0.0,369.0
Harlequin Duck,11,2,Nov_W2,0.0,337.0
Harlequin Duck,11,3,Nov_W3,0.0,346.0
Harlequin Duck,11,4,Nov_W4,0.0,492.0
Harlequin Duck,12,1,Dec_W1,0.0,303.0
Harlequin Duck,12,2,Dec_W2,0.0,335.0
Harlequin Duck,12,3,Dec_W3,0.0,681.0
Harlequin Duck,12,4,Dec_W4,0.0,600.0
Surf Scoter,1,1,Jan_W1,0.0,823.0
Surf Scoter,1,2,Jan_W2,0.0,535.0
Surf Scoter,1,3,Jan_W3,0.0,472.0
Surf Scoter,1,4,Jan_W4,0.0031056,644.0
Surf Scoter,2,1,Feb_W1,0.0510204,490.0
Surf Scoter,2,2,Feb_W2,0.0033956,589.0
Surf Scoter,2,3,Feb_W3,0.0076239,787.0
Surf Scoter,2,4,Feb_W4,0.0023419,427.0
Surf Scoter,3,1,Mar_W1,0.0017921,558.0
Surf Scoter,3,2,Mar_W2,0.0061633,649.0
Surf Scoter,3,3,Mar_W3,0.0,710.0
Surf Scoter,3,4,Mar_W4,0.0009009,1110.0
Surf Scoter,4,1,Apr_W1,0.003337,899.0
Surf Scoter,4,2,Apr_W2,0.0014881,1344.0
Surf Scoter,4,3,Apr_W3,0.0,1035.0
Surf Scoter,4,4,Apr_W4,0.0037538,1332.0
Surf Scoter,5,1,May_W1,0.0,1283.0
Surf Scoter,5,2,May_W2,0.0006485,1542.0
Surf Scoter,5,3,May_W3,0.0006662,1501.0
Surf Scoter,5,4,May_W4,0.0,2282.0
Surf Scoter,6,1,Jun_W1,0.0,1513.0
Surf Scoter,6,2,Jun_W2,0.0,1400.0
Surf Scoter,6,3,Jun_W3,0.0,1497.0
Surf Scoter,6,4,Jun_W4,0.0,1607.0
Surf Scoter,7,1,Jul_W1,0.0,1280.0
Surf Scoter,7,2,Jul_W2,0.0,1137.0
Surf Scoter,7,3,Jul_W3,0.0,1132.0
Surf Scoter,7,4,Jul_W4,0.0,1448.0
Surf Scoter,8,1,Aug_W1,0.0,1001.0
Surf Scoter,8,2,Aug_W2,0.0,804.0
Surf Scoter,8,3,Aug_W3,0.0,836.0
Surf Scoter,8,4,Aug_W4,0.0,1035.0
Surf Scoter,9,1,Sep_W1,0.0,634.0
Surf Scoter,9,2,Sep_W2,0.0,819.0
Surf Scoter,9,3,Sep_W3,0.0,657.0
Surf Scoter,9,4,Sep_W4,0.0,766.0
Surf Scoter,10,1,Oct_W1,0.0039604,505.0
Surf Scoter,10,2,Oct_W2,0.0088028,568.0
Surf Scoter,10,3,Oct_W3,0.0038241,523.0
Surf Scoter,10,4,Oct_W4,0.0142405,632.0
Surf Scoter,11,1,Nov_W1,0.00271,369.0
Surf Scoter,11,2,Nov_W2,0.0,337.0
Surf Scoter,11,3,Nov_W3,0.0,346.0
Surf Scoter,11,4,Nov_W4,0.0020325,492.0
Surf Scoter,12,1,Dec_W1,0.0,303.0
Surf Scoter,12,2,Dec_W2,0.0,335.0
Surf Scoter,12,3,Dec_W3,0.0,681.0
Surf Scoter,12,4,Dec_W4,0.0,600.0
White-winged Scoter,1,1,Jan_W1,0.0255164,823.0
White-winged Scoter,1,2,Jan_W2,0.0429907,535.0
White-winged Scoter,1,3,Jan_W3,0.0444915,472.0
White-winged Scoter,1,4,Jan_W4,0.0559006,644.0
White-winged Scoter,2,1,Feb_W1,0.1265306,490.0
White-winged Scoter,2,2,Feb_W2,0.0628183,589.0
White-winged Scoter,2,3,Feb_W3,0.0660737,787.0
White-winged Scoter,2,4,Feb_W4,0.0327869,427.0
White-winged Scoter,3,1,Mar_W1,0.0645161,558.0
White-winged Scoter,3,2,Mar_W2,0.0446841,649.0
White-winged Scoter,3,3,Mar_W3,0.0859155,710.0
White-winged Scoter,3,4,Mar_W4,0.0585586,1110.0
White-winged Scoter,4,1,Apr_W1,0.0478309,899.0
White-winged Scoter,4,2,Apr_W2,0.0758929,1344.0
White-winged Scoter,4,3,Apr_W3,0.0328502,1035.0
White-winged Scoter,4,4,Apr_W4,0.027027,1332.0
White-winged Scoter,5,1,May_W1,0.0085737,1283.0
White-winged Scoter,5,2,May_W2,0.0032425,1542.0
White-winged Scoter,5,3,May_W3,0.0006662,1501.0
White-winged Scoter,5,4,May_W4,0.0004382,2282.0
White-winged Scoter,6,1,Jun_W1,0.0,1513.0
White-winged Scoter,6,2,Jun_W2,0.0,1400.0
White-winged Scoter,6,3,Jun_W3,0.0,1497.0
White-winged Scoter,6,4,Jun_W4,0.0,1607.0
White-winged Scoter,7,1,Jul_W1,0.0,1280.0
White-winged Scoter,7,2,Jul_W2,0.0,1137.0
White-winged Scoter,7,3,Jul_W3,0.0,1132.0
White-winged Scoter,7,4,Jul_W4,0.0,1448.0
White-winged Scoter,8,1,Aug_W1,0.0,1001.0
White-winged Scoter,8,2,Aug_W2,0.0,804.0
White-winged Scoter,8,3,Aug_W3,0.0,836.0
White-winged Scoter,8,4,Aug_W4,0.0,1035.0
White-winged Scoter,9,1,Sep_W1,0.0,634.0
White-winged Scoter,9,2,Sep_W2,0.0015,819.0
White-winged Scoter,9,3,Sep_W3,0.0,657.0
White-winged Scoter,9,4,Sep_W4,0.002611,766.0
White-winged Scoter,10,1,Oct_W1,0.0079208,505.0
White-winged Scoter,10,2,Oct_W2,0.0316901,568.0
White-winged Scoter,10,3,Oct_W3,0.0267686,523.0
White-winged Scoter,10,4,Oct_W4,0.0537975,632.0
White-winged Scoter,11,1,Nov_W1,0.0623306,369.0
White-winged Scoter,11,2,Nov_W2,0.0563798,337.0
White-winged Scoter,11,3,Nov_W3,0.017341,346.0
White-winged Scoter,11,4,Nov_W4,0.0325203,492.0
White-winged Scoter,12,1,Dec_W1,0.0231023,303.0
White-winged Scoter,12,2,Dec_W2,0.0179104,335.0
White-winged Scoter,12,3,Dec_W3,0.020558,681.0
White-winged Scoter,12,4,Dec_W4,0.0216667,600.0
Black Scoter,1,1,Jan_W1,0.0,823.0
Black Scoter,1,2,Jan_W2,0.0,535.0
Black Scoter,1,3,Jan_W3,0.0169492,472.0
Black Scoter,1,4,Jan_W4,0.0,644.0
Black Scoter,2,1,Feb_W1,0.0040816,490.0
Black Scoter,2,2,Feb_W2,0.0016978,589.0
Black Scoter,2,3,Feb_W3,0.0,787.0
Black Scoter,2,4,Feb_W4,0.0046838,427.0
Black Scoter,3,1,Mar_W1,0.0035842,558.0
Black Scoter,3,2,Mar_W2,0.0,649.0
Black Scoter,3,3,Mar_W3,0.0084507,710.0
Black Scoter,3,4,Mar_W4,0.0018018,1110.0
Black Scoter,4,1,Apr_W1,0.0011123,899.0
Black Scoter,4,2,Apr_W2,0.0,1344.0
Black Scoter,4,3,Apr_W3,0.0009662,1035.0
Black Scoter,4,4,Apr_W4,0.0,1332.0
Black Scoter,5,1,May_W1,0.0015588,1283.0
Black Scoter,5,2,May_W2,0.0006485,1542.0
Black Scoter,5,3,May_W3,0.0,1501.0
Black Scoter,5,4,May_W4,0.0,2282.0
Black Scoter,6,1,Jun_W1,0.0,1513.0
Black Scoter,6,2,Jun_W2,0.0,1400.0
Black Scoter,6,3,Jun_W3,0.0,1497.0
Black Scoter,6,4,Jun_W4,0.0,1607.0
Black Scoter,7,1,Jul_W1,0.0,1280.0
Black Scoter,7,2,Jul_W2,0.0,1137.0
Black Scoter,7,3,Jul_W3,0.0,1132.0
Black Scoter,7,4,Jul_W4,0.0,1448.0
Black Scoter,8,1,Aug_W1,0.0,1001.0
Black Scoter,8,2,Aug_W2,0.0,804.0
Black Scoter,8,3,Aug_W3,0.0,836.0
Black Scoter,8,4,Aug_W4,0.0,1035.0
Black Scoter,9,1,Sep_W1,0.0,634.0
Black Scoter,9,2,Sep_W2,0.0,819.0
Black Scoter,9,3,Sep_W3,0.0,657.0
Black Scoter,9,4,Sep_W4,0.002611,766.0
Black Scoter,10,1,Oct_W1,0.0015,505.0
Black Scoter,10,2,Oct_W2,0.0017606,568.0
Black Scoter,10,3,Oct_W3,0.0038241,523.0
Black Scoter,10,4,Oct_W4,0.0031646,632.0
Black Scoter,11,1,Nov_W1,0.0081301,369.0
Black Scoter,11,2,Nov_W2,0.0,337.0
Black Scoter,11,3,Nov_W3,0.0028902,346.0
Black Scoter,11,4,Nov_W4,0.0,492.0
Black Scoter,12,1,Dec_W1,0.0,303.0
Black Scoter,12,2,Dec_W2,0.0,335.0
Black Scoter,12,3,Dec_W3,0.0014684,681.0
Black Scoter,12,4,Dec_W4,0.0,600.0
Long-tailed Duck,1,1,Jan_W1,0.0340219,823.0
Long-tailed Duck,1,2,Jan_W2,0.0448598,535.0
Long-tailed Duck,1,3,Jan_W3,0.0466102,472.0
Long-tailed Duck,1,4,Jan_W4,0.052795,644.0
Long-tailed Duck,2,1,Feb_W1,0.1265306,490.0
Long-tailed Duck,2,2,Feb_W2,0.0594228,589.0
Long-tailed Duck,2,3,Feb_W3,0.0508259,787.0
Long-tailed Duck,2,4,Feb_W4,0.0327869,427.0
Long-tailed Duck,3,1,Mar_W1,0.0663082,558.0
Long-tailed Duck,3,2,Mar_W2,0.0570108,649.0
Long-tailed Duck,3,3,Mar_W3,0.0788732,710.0
Long-tailed Duck,3,4,Mar_W4,0.0351351,1110.0
Long-tailed Duck,4,1,Apr_W1,0.0166852,899.0
Long-tailed Duck,4,2,Apr_W2,0.0498512,1344.0
Long-tailed Duck,4,3,Apr_W3,0.0144928,1035.0
Long-tailed Duck,4,4,Apr_W4,0.0172673,1332.0
Long-tailed Duck,5,1,May_W1,0.005456,1283.0
Long-tailed Duck,5,2,May_W2,0.0032425,1542.0
Long-tailed Duck,5,3,May_W3,0.0015,1501.0
Long-tailed Duck,5,4,May_W4,0.0004382,2282.0
Long-tailed Duck,6,1,Jun_W1,0.0,1513.0
Long-tailed Duck,6,2,Jun_W2,0.0,1400.0
Long-tailed Duck,6,3,Jun_W3,0.0,1497.0
Long-tailed Duck,6,4,Jun_W4,0.0,1607.0
Long-tailed Duck,7,1,Jul_W1,0.0023437,1280.0
Long-tailed Duck,7,2,Jul_W2,0.0123131,1137.0
Long-tailed Duck,7,3,Jul_W3,0.0053004,1132.0
Long-tailed Duck,7,4,Jul_W4,0.0,1448.0
Long-tailed Duck,8,1,Aug_W1,0.0,1001.0
Long-tailed Duck,8,2,Aug_W2,0.0,804.0
Long-tailed Duck,8,3,Aug_W3,0.0,836.0
Long-tailed Duck,8,4,Aug_W4,0.0,1035.0
Long-tailed Duck,9,1,Sep_W1,0.0,634.0
Long-tailed Duck,9,2,Sep_W2,0.0,819.0
Long-tailed Duck,9,3,Sep_W3,0.0,657.0
Long-tailed Duck,9,4,Sep_W4,0.0,766.0
Long-tailed Duck,10,1,Oct_W1,0.0,505.0
Long-tailed Duck,10,2,Oct_W2,0.0088028,568.0
Long-tailed Duck,10,3,Oct_W3,0.0114723,523.0
Long-tailed Duck,10,4,Oct_W4,0.0300633,632.0
Long-tailed Duck,11,1,Nov_W1,0.0731707,369.0
Long-tailed Duck,11,2,Nov_W2,0.0385757,337.0
Long-tailed Duck,11,3,Nov_W3,0.0144509,346.0
Long-tailed Duck,11,4,Nov_W4,0.0325203,492.0
Long-tailed Duck,12,1,Dec_W1,0.039604,303.0
Long-tailed Duck,12,2,Dec_W2,0.0238806,335.0
Long-tailed Duck,12,3,Dec_W3,0.0234949,681.0
Long-tailed Duck,12,4,Dec_W4,0.0216667,600.0
Bufflehead,1,1,Jan_W1,0.0996355,823.0
Bufflehead,1,2,Jan_W2,0.0915888,535.0
Bufflehead,1,3,Jan_W3,0.1165254,472.0
Bufflehead,1,4,Jan_W4,0.128882,644.0
Bufflehead,2,1,Feb_W1,0.144898,490.0
Bufflehead,2,2,Feb_W2,0.0814941,589.0
Bufflehead,2,3,Feb_W3,0.0698856,787.0
Bufflehead,2,4,Feb_W4,0.0796253,427.0
Bufflehead,3,1,Mar_W1,0.0967742,558.0
Bufflehead,3,2,Mar_W2,0.0585516,649.0
Bufflehead,3,3,Mar_W3,0.0816901,710.0
Bufflehead,3,4,Mar_W4,0.1189189,1110.0
Bufflehead,4,1,Apr_W1,0.214683,899.0
Bufflehead,4,2,Apr_W2,0.2827381,1344.0
Bufflehead,4,3,Apr_W3,0.2251208,1035.0
Bufflehead,4,4,Apr_W4,0.2057057,1332.0
Bufflehead,5,1,May_W1,0.1075604,1283.0
Bufflehead,5,2,May_W2,0.0473411,1542.0
Bufflehead,5,3,May_W3,0.0073284,1501.0
Bufflehead,5,4,May_W4,0.0039439,2282.0
Bufflehead,6,1,Jun_W1,0.0013219,1513.0
Bufflehead,6,2,Jun_W2,0.0,1400.0
Bufflehead,6,3,Jun_W3,0.0,1497.0
Bufflehead,6,4,Jun_W4,0.0,1607.0
Bufflehead,7,1,Jul_W1,0.0,1280.0
Bufflehead,7,2,Jul_W2,0.0,1137.0
Bufflehead,7,3,Jul_W3,0.0,1132.0
Bufflehead,7,4,Jul_W4,0.0006906,1448.0
Bufflehead,8,1,Aug_W1,0.0,1001.0
Bufflehead,8,2,Aug_W2,0.0,804.0
Bufflehead,8,3,Aug_W3,0.0,836.0
Bufflehead,8,4,Aug_W4,0.0019324,1035.0
Bufflehead,9,1,Sep_W1,0.0,634.0
Bufflehead,9,2,Sep_W2,0.002442,819.0
Bufflehead,9,3,Sep_W3,0.0,657.0
Bufflehead,9,4,Sep_W4,0.0013055,766.0
Bufflehead,10,1,Oct_W1,0.0059406,505.0
Bufflehead,10,2,Oct_W2,0.0052817,568.0
Bufflehead,10,3,Oct_W3,0.0439771,523.0
Bufflehead,10,4,Oct_W4,0.0648734,632.0
Bufflehead,11,1,Nov_W1,0.0894309,369.0
Bufflehead,11,2,Nov_W2,0.1246291,337.0
Bufflehead,11,3,Nov_W3,0.1040462,346.0
Bufflehead,11,4,Nov_W4,0.1036585,492.0
Bufflehead,12,1,Dec_W1,0.0990099,303.0
Bufflehead,12,2,Dec_W2,0.0656716,335.0
Bufflehead,12,3,Dec_W3,0.0675477,681.0
Bufflehead,12,4,Dec_W4,0.08,600.0
Common Goldeneye,1,1,Jan_W1,0.1433779,823.0
Common Goldeneye,1,2,Jan_W2,0.1401869,535.0
Common Goldeneye,1,3,Jan_W3,0.1927966,472.0
Common Goldeneye,1,4,Jan_W4,0.2142857,644.0
Common Goldeneye,2,1,Feb_W1,0.2265306,490.0
Common Goldeneye,2,2,Feb_W2,0.179966,589.0
Common Goldeneye,2,3,Feb_W3,0.1512071,787.0
Common Goldeneye,2,4,Feb_W4,0.1522248,427.0
Common Goldeneye,3,1,Mar_W1,0.172043,558.0
Common Goldeneye,3,2,Mar_W2,0.1140216,649.0
Common Goldeneye,3,3,Mar_W3,0.1211268,710.0
Common Goldeneye,3,4,Mar_W4,0.1207207,1110.0
Common Goldeneye,4,1,Apr_W1,0.0945495,899.0
Common Goldeneye,4,2,Apr_W2,0.0825893,1344.0
Common Goldeneye,4,3,Apr_W3,0.0376812,1035.0
Common Goldeneye,4,4,Apr_W4,0.0427928,1332.0
Common Goldeneye,5,1,May_W1,0.0077942,1283.0
Common Goldeneye,5,2,May_W2,0.0051881,1542.0
Common Goldeneye,5,3,May_W3,0.0,1501.0
Common Goldeneye,5,4,May_W4,0.0004382,2282.0
Common Goldeneye,6,1,Jun_W1,0.0006609,1513.0
Common Goldeneye,6,2,Jun_W2,0.0007143,1400.0
Common Goldeneye,6,3,Jun_W3,0.0,1497.0
Common Goldeneye,6,4,Jun_W4,0.0,1607.0
Common Goldeneye,7,1,Jul_W1,0.0,1280.0
Common Goldeneye,7,2,Jul_W2,0.0008795,1137.0
Common Goldeneye,7,3,Jul_W3,0.0008834,1132.0
Common Goldeneye,7,4,Jul_W4,0.0013812,1448.0
Common Goldeneye,8,1,Aug_W1,0.000999,1001.0
Common Goldeneye,8,2,Aug_W2,0.0,804.0
Common Goldeneye,8,3,Aug_W3,0.0,836.0
Common Goldeneye,8,4,Aug_W4,0.0,1035.0
Common Goldeneye,9,1,Sep_W1,0.0,634.0
Common Goldeneye,9,2,Sep_W2,0.0,819.0
Common Goldeneye,9,3,Sep_W3,0.0015221,657.0
Common Goldeneye,9,4,Sep_W4,0.0013055,766.0
Common Goldeneye,10,1,Oct_W1,0.0,505.0
Common Goldeneye,10,2,Oct_W2,0.0052817,568.0
Common Goldeneye,10,3,Oct_W3,0.001912,523.0
Common Goldeneye,10,4,Oct_W4,0.0142405,632.0
Common Goldeneye,11,1,Nov_W1,0.0352304,369.0
Common Goldeneye,11,2,Nov_W2,0.0652819,337.0
Common Goldeneye,11,3,Nov_W3,0.0809249,346.0
Common Goldeneye,11,4,Nov_W4,0.0955285,492.0
Common Goldeneye,12,1,Dec_W1,0.1089109,303.0
Common Goldeneye,12,2,Dec_W2,0.0895522,335.0
Common Goldeneye,12,3,Dec_W3,0.1160059,681.0
Common Goldeneye,12,4,Dec_W4,0.1383333,600.0
Barrow's Goldeneye,1,1,Jan_W1,0.0,823.0
Barrow's Goldeneye,1,2,Jan_W2,0.0,535.0
Barrow's Goldeneye,1,3,Jan_W3,0.0,472.0
Barrow's Goldeneye,1,4,Jan_W4,0.0,644.0
Barrow's Goldeneye,2,1,Feb_W1,0.0,490.0
Barrow's Goldeneye,2,2,Feb_W2,0.0,589.0
Barrow's Goldeneye,2,3,Feb_W3,0.0,787.0
Barrow's Goldeneye,2,4,Feb_W4,0.0015,427.0
Barrow's Goldeneye,3,1,Mar_W1,0.0,558.0
Barrow's Goldeneye,3,2,Mar_W2,0.0,649.0
Barrow's Goldeneye,3,3,Mar_W3,0.0,710.0
Barrow's Goldeneye,3,4,Mar_W4,0.0,1110.0
Barrow's Goldeneye,4,1,Apr_W1,0.0,899.0
Barrow's Goldeneye,4,2,Apr_W2,0.0,1344.0
Barrow's Goldeneye,4,3,Apr_W3,0.0,1035.0
Barrow's Goldeneye,4,4,Apr_W4,0.0,1332.0
Barrow's Goldeneye,5,1,May_W1,0.0,1283.0
Barrow's Goldeneye,5,2,May_W2,0.0,1542.0
Barrow's Goldeneye,5,3,May_W3,0.0,1501.0
Barrow's Goldeneye,5,4,May_W4,0.0,2282.0
Barrow's Goldeneye,6,1,Jun_W1,0.0,1513.0
Barrow's Goldeneye,6,2,Jun_W2,0.0,1400.0
Barrow's Goldeneye,6,3,Jun_W3,0.0,1497.0
Barrow's Goldeneye,6,4,Jun_W4,0.0,1607.0
Barrow's Goldeneye,7,1,Jul_W1,0.0,1280.0
Barrow's Goldeneye,7,2,Jul_W2,0.0,1137.0
Barrow's Goldeneye,7,3,Jul_W3,0.0,1132.0
Barrow's Goldeneye,7,4,Jul_W4,0.0,1448.0
Barrow's Goldeneye,8,1,Aug_W1,0.0,1001.0
Barrow's Goldeneye,8,2,Aug_W2,0.0,804.0
Barrow's Goldeneye,8,3,Aug_W3,0.0,836.0
Barrow's Goldeneye,8,4,Aug_W4,0.0,1035.0
Barrow's Goldeneye,9,1,Sep_W1,0.0,634.0
Barrow's Goldeneye,9,2,Sep_W2,0.0,819.0
Barrow's Goldeneye,9,3,Sep_W3,0.0,657.0
Barrow's Goldeneye,9,4,Sep_W4,0.0,766.0
Barrow's Goldeneye,10,1,Oct_W1,0.0,505.0
Barrow's Goldeneye,10,2,Oct_W2,0.0,568.0
Barrow's Goldeneye,10,3,Oct_W3,0.0,523.0
Barrow's Goldeneye,10,4,Oct_W4,0.0015,632.0
Barrow's Goldeneye,11,1,Nov_W1,0.0,369.0
Barrow's Goldeneye,11,2,Nov_W2,0.0,337.0
Barrow's Goldeneye,11,3,Nov_W3,0.0,346.0
Barrow's Goldeneye,11,4,Nov_W4,0.0,492.0
Barrow's Goldeneye,12,1,Dec_W1,0.0,303.0
Barrow's Goldeneye,12,2,Dec_W2,0.0,335.0
Barrow's Goldeneye,12,3,Dec_W3,0.0,681.0
Barrow's Goldeneye,12,4,Dec_W4,0.0,600.0
Hooded Merganser,1,1,Jan_W1,0.0303767,823.0
Hooded Merganser,1,2,Jan_W2,0.0242991,535.0
Hooded Merganser,1,3,Jan_W3,0.0487288,472.0
Hooded Merganser,1,4,Jan_W4,0.052795,644.0
Hooded Merganser,2,1,Feb_W1,0.0265306,490.0
Hooded Merganser,2,2,Feb_W2,0.0271647,589.0
Hooded Merganser,2,3,Feb_W3,0.0304956,787.0
Hooded Merganser,2,4,Feb_W4,0.0117096,427.0
Hooded Merganser,3,1,Mar_W1,0.0089606,558.0
Hooded Merganser,3,2,Mar_W2,0.0323575,649.0
Hooded Merganser,3,3,Mar_W3,0.0478873,710.0
Hooded Merganser,3,4,Mar_W4,0.0837838,1110.0
Hooded Merganser,4,1,Apr_W1,0.1012236,899.0
Hooded Merganser,4,2,Apr_W2,0.0907738,1344.0
Hooded Merganser,4,3,Apr_W3,0.0550725,1035.0
Hooded Merganser,4,4,Apr_W4,0.042042,1332.0
Hooded Merganser,5,1,May_W1,0.0389712,1283.0
Hooded Merganser,5,2,May_W2,0.0220493,1542.0
Hooded Merganser,5,3,May_W3,0.0106596,1501.0
Hooded Merganser,5,4,May_W4,0.0140228,2282.0
Hooded Merganser,6,1,Jun_W1,0.011236,1513.0
Hooded Merganser,6,2,Jun_W2,0.0042857,1400.0
Hooded Merganser,6,3,Jun_W3,0.009352,1497.0
Hooded Merganser,6,4,Jun_W4,0.0143124,1607.0
Hooded Merganser,7,1,Jul_W1,0.0070313,1280.0
Hooded Merganser,7,2,Jul_W2,0.0105541,1137.0
Hooded Merganser,7,3,Jul_W3,0.0132509,1132.0
Hooded Merganser,7,4,Jul_W4,0.0186464,1448.0
Hooded Merganser,8,1,Aug_W1,0.033966,1001.0
Hooded Merganser,8,2,Aug_W2,0.0298507,804.0
Hooded Merganser,8,3,Aug_W3,0.0370813,836.0
Hooded Merganser,8,4,Aug_W4,0.0280193,1035.0
Hooded Merganser,9,1,Sep_W1,0.0252366,634.0
Hooded Merganser,9,2,Sep_W2,0.031746,819.0
Hooded Merganser,9,3,Sep_W3,0.0167428,657.0
Hooded Merganser,9,4,Sep_W4,0.0221932,766.0
Hooded Merganser,10,1,Oct_W1,0.029703,505.0
Hooded Merganser,10,2,Oct_W2,0.0123239,568.0
Hooded Merganser,10,3,Oct_W3,0.0286807,523.0
Hooded Merganser,10,4,Oct_W4,0.0632911,632.0
Hooded Merganser,11,1,Nov_W1,0.0867209,369.0
Hooded Merganser,11,2,Nov_W2,0.0652819,337.0
Hooded Merganser,11,3,Nov_W3,0.0895954,346.0
Hooded Merganser,11,4,Nov_W4,0.0650407,492.0
Hooded Merganser,12,1,Dec_W1,0.029703,303.0
Hooded Merganser,12,2,Dec_W2,0.0208955,335.0
Hooded Merganser,12,3,Dec_W3,0.030837,681.0
Hooded Merganser,12,4,Dec_W4,0.0233333,600.0
Common Merganser,1,1,Jan_W1,0.0984204,823.0
Common Merganser,1,2,Jan_W2,0.1028037,535.0
Common Merganser,1,3,Jan_W3,0.1228814,472.0
Common Merganser,1,4,Jan_W4,0.1195652,644.0
Common Merganser,2,1,Feb_W1,0.0877551,490.0
Common Merganser,2,2,Feb_W2,0.0933786,589.0
Common Merganser,2,3,Feb_W3,0.0927573,787.0
Common Merganser,2,4,Feb_W4,0.0866511,427.0
Common Merganser,3,1,Mar_W1,0.1146953,558.0
Common Merganser,3,2,Mar_W2,0.0986133,649.0
Common Merganser,3,3,Mar_W3,0.1394366,710.0
Common Merganser,3,4,Mar_W4,0.1603604,1110.0
Common Merganser,4,1,Apr_W1,0.1968854,899.0
Common Merganser,4,2,Apr_W2,0.2165179,1344.0
Common Merganser,4,3,Apr_W3,0.1913043,1035.0
Common Merganser,4,4,Apr_W4,0.237988,1332.0
Common Merganser,5,1,May_W1,0.1808262,1283.0
Common Merganser,5,2,May_W2,0.1459144,1542.0
Common Merganser,5,3,May_W3,0.1179214,1501.0
Common Merganser,5,4,May_W4,0.1200701,2282.0
Common Merganser,6,1,Jun_W1,0.1196299,1513.0
Common Merganser,6,2,Jun_W2,0.0971429,1400.0
Common Merganser,6,3,Jun_W3,0.0761523,1497.0
Common Merganser,6,4,Jun_W4,0.0833852,1607.0
Common Merganser,7,1,Jul_W1,0.09375,1280.0
Common Merganser,7,2,Jul_W2,0.0765172,1137.0
Common Merganser,7,3,Jul_W3,0.0547703,1132.0
Common Merganser,7,4,Jul_W4,0.0469613,1448.0
Common Merganser,8,1,Aug_W1,0.0549451,1001.0
Common Merganser,8,2,Aug_W2,0.0410448,804.0
Common Merganser,8,3,Aug_W3,0.041866,836.0
Common Merganser,8,4,Aug_W4,0.0396135,1035.0
Common Merganser,9,1,Sep_W1,0.0583596,634.0
Common Merganser,9,2,Sep_W2,0.0525031,819.0
Common Merganser,9,3,Sep_W3,0.0761035,657.0
Common Merganser,9,4,Sep_W4,0.0913838,766.0
Common Merganser,10,1,Oct_W1,0.0950495,505.0
Common Merganser,10,2,Oct_W2,0.1390845,568.0
Common Merganser,10,3,Oct_W3,0.1300191,523.0
Common Merganser,10,4,Oct_W4,0.1297468,632.0
Common Merganser,11,1,Nov_W1,0.1436314,369.0
Common Merganser,11,2,Nov_W2,0.1780415,337.0
Common Merganser,11,3,Nov_W3,0.1300578,346.0
Common Merganser,11,4,Nov_W4,0.1341463,492.0
Common Merganser,12,1,Dec_W1,0.1023102,303.0
Common Merganser,12,2,Dec_W2,0.080597,335.0
Common Merganser,12,3,Dec_W3,0.0998532,681.0
Common Merganser,12,4,Dec_W4,0.1066667,600.0
Red-breasted Merganser,1,1,Jan_W1,0.0486027,823.0
Red-breasted Merganser,1,2,Jan_W2,0.0616822,535.0
Red-breasted Merganser,1,3,Jan_W3,0.0614407,472.0
Red-breasted Merganser,1,4,Jan_W4,0.060559,644.0
Red-breasted Merganser,2,1,Feb_W1,0.0734694,490.0
Red-breasted Merganser,2,2,Feb_W2,0.0509338,589.0
Red-breasted Merganser,2,3,Feb_W3,0.047014,787.0
Red-breasted Merganser,2,4,Feb_W4,0.0374707,427.0
Red-breasted Merganser,3,1,Mar_W1,0.0609319,558.0
Red-breasted Merganser,3,2,Mar_W2,0.0416025,649.0
Red-breasted Merganser,3,3,Mar_W3,0.0619718,710.0
Red-breasted Merganser,3,4,Mar_W4,0.0540541,1110.0
Red-breasted Merganser,4,1,Apr_W1,0.0533927,899.0
Red-breasted Merganser,4,2,Apr_W2,0.1331845,1344.0
Red-breasted Merganser,4,3,Apr_W3,0.0821256,1035.0
Red-breasted Merganser,4,4,Apr_W4,0.1216216,1332.0
Red-breasted Merganser,5,1,May_W1,0.0919719,1283.0
Red-breasted Merganser,5,2,May_W2,0.075227,1542.0
Red-breasted Merganser,5,3,May_W3,0.0552965,1501.0
Red-breasted Merganser,5,4,May_W4,0.0381245,2282.0
Red-breasted Merganser,6,1,Jun_W1,0.0165235,1513.0
Red-breasted Merganser,6,2,Jun_W2,0.015,1400.0
Red-breasted Merganser,6,3,Jun_W3,0.00668,1497.0
Red-breasted Merganser,6,4,Jun_W4,0.0124456,1607.0
Red-breasted Merganser,7,1,Jul_W1,0.0046875,1280.0
Red-breasted Merganser,7,2,Jul_W2,0.0043975,1137.0
Red-breasted Merganser,7,3,Jul_W3,0.0079505,1132.0
Red-breasted Merganser,7,4,Jul_W4,0.0255525,1448.0
Red-breasted Merganser,8,1,Aug_W1,0.011988,1001.0
Red-breasted Merganser,8,2,Aug_W2,0.0087065,804.0
Red-breasted Merganser,8,3,Aug_W3,0.0035885,836.0
Red-breasted Merganser,8,4,Aug_W4,0.0067633,1035.0
Red-breasted Merganser,9,1,Sep_W1,0.0078864,634.0
Red-breasted Merganser,9,2,Sep_W2,0.004884,819.0
Red-breasted Merganser,9,3,Sep_W3,0.0136986,657.0
Red-breasted Merganser,9,4,Sep_W4,0.0130548,766.0
Red-breasted Merganser,10,1,Oct_W1,0.0118812,505.0
Red-breasted Merganser,10,2,Oct_W2,0.0176056,568.0
Red-breasted Merganser,10,3,Oct_W3,0.0248566,523.0
Red-breasted Merganser,10,4,Oct_W4,0.0300633,632.0
Red-breasted Merganser,11,1,Nov_W1,0.0785908,369.0
Red-breasted Merganser,11,2,Nov_W2,0.0534125,337.0
Red-breasted Merganser,11,3,Nov_W3,0.0520231,346.0
Red-breasted Merganser,11,4,Nov_W4,0.0406504,492.0
Red-breasted Merganser,12,1,Dec_W1,0.0429043,303.0
Red-breasted Merganser,12,2,Dec_W2,0.0447761,335.0
Red-breasted Merganser,12,3,Dec_W3,0.0484581,681.0
Red-breasted Merganser,12,4,Dec_W4,0.035,600.0
Ruddy Duck,1,1,Jan_W1,0.0,823.0
Ruddy Duck,1,2,Jan_W2,0.0037383,535.0
Ruddy Duck,1,3,Jan_W3,0.0063559,472.0
Ruddy Duck,1,4,Jan_W4,0.0139752,644.0
Ruddy Duck,2,1,Feb_W1,0.0020408,490.0
Ruddy Duck,2,2,Feb_W2,0.0,589.0
Ruddy Duck,2,3,Feb_W3,0.0,787.0
Ruddy Duck,2,4,Feb_W4,0.0015,427.0
Ruddy Duck,3,1,Mar_W1,0.0,558.0
Ruddy Duck,3,2,Mar_W2,0.0,649.0
Ruddy Duck,3,3,Mar_W3,0.0,710.0
Ruddy Duck,3,4,Mar_W4,0.0,1110.0
Ruddy Duck,4,1,Apr_W1,0.0011123,899.0
Ruddy Duck,4,2,Apr_W2,0.0081845,1344.0
Ruddy Duck,4,3,Apr_W3,0.0183575,1035.0
Ruddy Duck,4,4,Apr_W4,0.009009,1332.0
Ruddy Duck,5,1,May_W1,0.0031177,1283.0
Ruddy Duck,5,2,May_W2,0.001297,1542.0
Ruddy Duck,5,3,May_W3,0.0013324,1501.0
Ruddy Duck,5,4,May_W4,0.0008764,2282.0
Ruddy Duck,6,1,Jun_W1,0.0,1513.0
Ruddy Duck,6,2,Jun_W2,0.0,1400.0
Ruddy Duck,6,3,Jun_W3,0.000668,1497.0
Ruddy Duck,6,4,Jun_W4,0.0,1607.0
Ruddy Duck,7,1,Jul_W1,0.0,1280.0
Ruddy Duck,7,2,Jul_W2,0.0,1137.0
Ruddy Duck,7,3,Jul_W3,0.0,1132.0
Ruddy Duck,7,4,Jul_W4,0.0,1448.0
Ruddy Duck,8,1,Aug_W1,0.0,1001.0
Ruddy Duck,8,2,Aug_W2,0.0,804.0
Ruddy Duck,8,3,Aug_W3,0.0,836.0
Ruddy Duck,8,4,Aug_W4,0.0,1035.0
Ruddy Duck,9,1,Sep_W1,0.0,634.0
Ruddy Duck,9,2,Sep_W2,0.0,819.0
Ruddy Duck,9,3,Sep_W3,0.0,657.0
Ruddy Duck,9,4,Sep_W4,0.0,766.0
Ruddy Duck,10,1,Oct_W1,0.0,505.0
Ruddy Duck,10,2,Oct_W2,0.0,568.0
Ruddy Duck,10,3,Oct_W3,0.001912,523.0
Ruddy Duck,10,4,Oct_W4,0.0015823,632.0
Ruddy Duck,11,1,Nov_W1,0.00271,369.0
Ruddy Duck,11,2,Nov_W2,0.0,337.0
Ruddy Duck,11,3,Nov_W3,0.0,346.0
Ruddy Duck,11,4,Nov_W4,0.0,492.0
Ruddy Duck,12,1,Dec_W1,0.0,303.0
Ruddy Duck,12,2,Dec_W2,0.0,335.0
Ruddy Duck,12,3,Dec_W3,0.0,681.0
Ruddy Duck,12,4,Dec_W4,0.0,600.0
Helmeted Guineafowl,1,1,Jan_W1,0.0,823.0
Helmeted Guineafowl,1,2,Jan_W2,0.0,535.0
Helmeted Guineafowl,1,3,Jan_W3,0.0,472.0
Helmeted Guineafowl,1,4,Jan_W4,0.0,644.0
Helmeted Guineafowl,2,1,Feb_W1,0.0,490.0
Helmeted Guineafowl,2,2,Feb_W2,0.0,589.0
Helmeted Guineafowl,2,3,Feb_W3,0.0,787.0
Helmeted Guineafowl,2,4,Feb_W4,0.0,427.0
Helmeted Guineafowl,3,1,Mar_W1,0.0,558.0
Helmeted Guineafowl,3,2,Mar_W2,0.0,649.0
Helmeted Guineafowl,3,3,Mar_W3,0.0,710.0
Helmeted Guineafowl,3,4,Mar_W4,0.0,1110.0
Helmeted Guineafowl,4,1,Apr_W1,0.0,899.0
Helmeted Guineafowl,4,2,Apr_W2,0.0,1344.0
Helmeted Guineafowl,4,3,Apr_W3,0.0,1035.0
Helmeted Guineafowl,4,4,Apr_W4,0.0,1332.0
Helmeted Guineafowl,5,1,May_W1,0.0,1283.0
Helmeted Guineafowl,5,2,May_W2,0.0,1542.0
Helmeted Guineafowl,5,3,May_W3,0.0,1501.0
Helmeted Guineafowl,5,4,May_W4,0.0,2282.0
Helmeted Guineafowl,6,1,Jun_W1,0.0,1513.0
Helmeted Guineafowl,6,2,Jun_W2,0.0,1400.0
Helmeted Guineafowl,6,3,Jun_W3,0.0,1497.0
Helmeted Guineafowl,6,4,Jun_W4,0.0,1607.0
Helmeted Guineafowl,7,1,Jul_W1,0.0007813,1280.0
Helmeted Guineafowl,7,2,Jul_W2,0.0,1137.0
Helmeted Guineafowl,7,3,Jul_W3,0.0,1132.0
Helmeted Guineafowl,7,4,Jul_W4,0.0,1448.0
Helmeted Guineafowl,8,1,Aug_W1,0.0,1001.0
Helmeted Guineafowl,8,2,Aug_W2,0.0,804.0
Helmeted Guineafowl,8,3,Aug_W3,0.0,836.0
Helmeted Guineafowl,8,4,Aug_W4,0.0,1035.0
Helmeted Guineafowl,9,1,Sep_W1,0.0,634.0
Helmeted Guineafowl,9,2,Sep_W2,0.0,819.0
Helmeted Guineafowl,9,3,Sep_W3,0.0,657.0
Helmeted Guineafowl,9,4,Sep_W4,0.0,766.0
Helmeted Guineafowl,10,1,Oct_W1,0.0,505.0
Helmeted Guineafowl,10,2,Oct_W2,0.0,568.0
Helmeted Guineafowl,10,3,Oct_W3,0.0,523.0
Helmeted Guineafowl,10,4,Oct_W4,0.0,632.0
Helmeted Guineafowl,11,1,Nov_W1,0.0,369.0
Helmeted Guineafowl,11,2,Nov_W2,0.0,337.0
Helmeted Guineafowl,11,3,Nov_W3,0.0,346.0
Helmeted Guineafowl,11,4,Nov_W4,0.0,492.0
Helmeted Guineafowl,12,1,Dec_W1,0.0,303.0
Helmeted Guineafowl,12,2,Dec_W2,0.0,335.0
Helmeted Guineafowl,12,3,Dec_W3,0.0,681.0
Helmeted Guineafowl,12,4,Dec_W4,0.0,600.0
Northern Bobwhite,1,1,Jan_W1,0.0,823.0
Northern Bobwhite,1,2,Jan_W2,0.0,535.0
Northern Bobwhite,1,3,Jan_W3,0.0,472.0
Northern Bobwhite,1,4,Jan_W4,0.0,644.0
Northern Bobwhite,2,1,Feb_W1,0.0,490.0
Northern Bobwhite,2,2,Feb_W2,0.0,589.0
Northern Bobwhite,2,3,Feb_W3,0.0,787.0
Northern Bobwhite,2,4,Feb_W4,0.0,427.0
Northern Bobwhite,3,1,Mar_W1,0.0,558.0
Northern Bobwhite,3,2,Mar_W2,0.0,649.0
Northern Bobwhite,3,3,Mar_W3,0.0,710.0
Northern Bobwhite,3,4,Mar_W4,0.0,1110.0
Northern Bobwhite,4,1,Apr_W1,0.0,899.0
Northern Bobwhite,4,2,Apr_W2,0.0,1344.0
Northern Bobwhite,4,3,Apr_W3,0.0,1035.0
Northern Bobwhite,4,4,Apr_W4,0.0,1332.0
Northern Bobwhite,5,1,May_W1,0.0,1283.0
Northern Bobwhite,5,2,May_W2,0.0015,1542.0
Northern Bobwhite,5,3,May_W3,0.0,1501.0
Northern Bobwhite,5,4,May_W4,0.0,2282.0
Northern Bobwhite,6,1,Jun_W1,0.0006609,1513.0
Northern Bobwhite,6,2,Jun_W2,0.0007143,1400.0
Northern Bobwhite,6,3,Jun_W3,0.0,1497.0
Northern Bobwhite,6,4,Jun_W4,0.0006223,1607.0
Northern Bobwhite,7,1,Jul_W1,0.0,1280.0
Northern Bobwhite,7,2,Jul_W2,0.0,1137.0
Northern Bobwhite,7,3,Jul_W3,0.0,1132.0
Northern Bobwhite,7,4,Jul_W4,0.0,1448.0
Northern Bobwhite,8,1,Aug_W1,0.0,1001.0
Northern Bobwhite,8,2,Aug_W2,0.0,804.0
Northern Bobwhite,8,3,Aug_W3,0.0,836.0
Northern Bobwhite,8,4,Aug_W4,0.0,1035.0
Northern Bobwhite,9,1,Sep_W1,0.0,634.0
Northern Bobwhite,9,2,Sep_W2,0.0,819.0
Northern Bobwhite,9,3,Sep_W3,0.0,657.0
Northern Bobwhite,9,4,Sep_W4,0.0015,766.0
Northern Bobwhite,10,1,Oct_W1,0.0,505.0
Northern Bobwhite,10,2,Oct_W2,0.0,568.0
Northern Bobwhite,10,3,Oct_W3,0.0,523.0
Northern Bobwhite,10,4,Oct_W4,0.0,632.0
Northern Bobwhite,11,1,Nov_W1,0.0,369.0
Northern Bobwhite,11,2,Nov_W2,0.0,337.0
Northern Bobwhite,11,3,Nov_W3,0.0,346.0
Northern Bobwhite,11,4,Nov_W4,0.0,492.0
Northern Bobwhite,12,1,Dec_W1,0.0,303.0
Northern Bobwhite,12,2,Dec_W2,0.0,335.0
Northern Bobwhite,12,3,Dec_W3,0.0,681.0
Northern Bobwhite,12,4,Dec_W4,0.0,600.0
Wild Turkey,1,1,Jan_W1,0.0449575,823.0
Wild Turkey,1,2,Jan_W2,0.0616822,535.0
Wild Turkey,1,3,Jan_W3,0.0847458,472.0
Wild Turkey,1,4,Jan_W4,0.0745342,644.0
Wild Turkey,2,1,Feb_W1,0.0510204,490.0
Wild Turkey,2,2,Feb_W2,0.0764007,589.0
Wild Turkey,2,3,Feb_W3,0.0749682,787.0
Wild Turkey,2,4,Feb_W4,0.1288056,427.0
Wild Turkey,3,1,Mar_W1,0.0824373,558.0
Wild Turkey,3,2,Mar_W2,0.0924499,649.0
Wild Turkey,3,3,Mar_W3,0.0788732,710.0
Wild Turkey,3,4,Mar_W4,0.0954955,1110.0
Wild Turkey,4,1,Apr_W1,0.1112347,899.0
Wild Turkey,4,2,Apr_W2,0.1183036,1344.0
Wild Turkey,4,3,Apr_W3,0.1246377,1035.0
Wild Turkey,4,4,Apr_W4,0.1096096,1332.0
Wild Turkey,5,1,May_W1,0.1036633,1283.0
Wild Turkey,5,2,May_W2,0.1024643,1542.0
Wild Turkey,5,3,May_W3,0.0939374,1501.0
Wild Turkey,5,4,May_W4,0.0819457,2282.0
Wild Turkey,6,1,Jun_W1,0.0667548,1513.0
Wild Turkey,6,2,Jun_W2,0.0542857,1400.0
Wild Turkey,6,3,Jun_W3,0.0574482,1497.0
Wild Turkey,6,4,Jun_W4,0.040448,1607.0
Wild Turkey,7,1,Jul_W1,0.04375,1280.0
Wild Turkey,7,2,Jul_W2,0.0360598,1137.0
Wild Turkey,7,3,Jul_W3,0.040636,1132.0
Wild Turkey,7,4,Jul_W4,0.0393646,1448.0
Wild Turkey,8,1,Aug_W1,0.044955,1001.0
Wild Turkey,8,2,Aug_W2,0.039801,804.0
Wild Turkey,8,3,Aug_W3,0.0550239,836.0
Wild Turkey,8,4,Aug_W4,0.0512077,1035.0
Wild Turkey,9,1,Sep_W1,0.0678233,634.0
Wild Turkey,9,2,Sep_W2,0.047619,819.0
Wild Turkey,9,3,Sep_W3,0.0487062,657.0
Wild Turkey,9,4,Sep_W4,0.0522193,766.0
Wild Turkey,10,1,Oct_W1,0.0435644,505.0
Wild Turkey,10,2,Oct_W2,0.028169,568.0
Wild Turkey,10,3,Oct_W3,0.0267686,523.0
Wild Turkey,10,4,Oct_W4,0.0300633,632.0
Wild Turkey,11,1,Nov_W1,0.0325203,369.0
Wild Turkey,11,2,Nov_W2,0.0356083,337.0
Wild Turkey,11,3,Nov_W3,0.0346821,346.0
Wild Turkey,11,4,Nov_W4,0.050813,492.0
Wild Turkey,12,1,Dec_W1,0.0561056,303.0
Wild Turkey,12,2,Dec_W2,0.0925373,335.0
Wild Turkey,12,3,Dec_W3,0.0528634,681.0
Wild Turkey,12,4,Dec_W4,0.0583333,600.0
Ruffed Grouse,1,1,Jan_W1,0.0230863,823.0
Ruffed Grouse,1,2,Jan_W2,0.011215,535.0
Ruffed Grouse,1,3,Jan_W3,0.0105932,472.0
Ruffed Grouse,1,4,Jan_W4,0.0201863,644.0
Ruffed Grouse,2,1,Feb_W1,0.0142857,490.0
Ruffed Grouse,2,2,Feb_W2,0.0220713,589.0
Ruffed Grouse,2,3,Feb_W3,0.0114358,787.0
Ruffed Grouse,2,4,Feb_W4,0.0163934,427.0
Ruffed Grouse,3,1,Mar_W1,0.0268817,558.0
Ruffed Grouse,3,2,Mar_W2,0.01849,649.0
Ruffed Grouse,3,3,Mar_W3,0.0338028,710.0
Ruffed Grouse,3,4,Mar_W4,0.0423423,1110.0
Ruffed Grouse,4,1,Apr_W1,0.0700779,899.0
Ruffed Grouse,4,2,Apr_W2,0.0729167,1344.0
Ruffed Grouse,4,3,Apr_W3,0.1033816,1035.0
Ruffed Grouse,4,4,Apr_W4,0.1006006,1332.0
Ruffed Grouse,5,1,May_W1,0.1208106,1283.0
Ruffed Grouse,5,2,May_W2,0.1290532,1542.0
Ruffed Grouse,5,3,May_W3,0.1239174,1501.0
Ruffed Grouse,5,4,May_W4,0.1029798,2282.0
Ruffed Grouse,6,1,Jun_W1,0.0436219,1513.0
Ruffed Grouse,6,2,Jun_W2,0.0192857,1400.0
Ruffed Grouse,6,3,Jun_W3,0.0160321,1497.0
Ruffed Grouse,6,4,Jun_W4,0.0161792,1607.0
Ruffed Grouse,7,1,Jul_W1,0.009375,1280.0
Ruffed Grouse,7,2,Jul_W2,0.0140721,1137.0
Ruffed Grouse,7,3,Jul_W3,0.0106007,1132.0
Ruffed Grouse,7,4,Jul_W4,0.0082873,1448.0
Ruffed Grouse,8,1,Aug_W1,0.010989,1001.0
Ruffed Grouse,8,2,Aug_W2,0.011194,804.0
Ruffed Grouse,8,3,Aug_W3,0.0107656,836.0
Ruffed Grouse,8,4,Aug_W4,0.0086957,1035.0
Ruffed Grouse,9,1,Sep_W1,0.0094637,634.0
Ruffed Grouse,9,2,Sep_W2,0.009768,819.0
Ruffed Grouse,9,3,Sep_W3,0.0106545,657.0
Ruffed Grouse,9,4,Sep_W4,0.0208877,766.0
Ruffed Grouse,10,1,Oct_W1,0.029703,505.0
Ruffed Grouse,10,2,Oct_W2,0.0352113,568.0
Ruffed Grouse,10,3,Oct_W3,0.0172084,523.0
Ruffed Grouse,10,4,Oct_W4,0.0411392,632.0
Ruffed Grouse,11,1,Nov_W1,0.0325203,369.0
Ruffed Grouse,11,2,Nov_W2,0.0089021,337.0
Ruffed Grouse,11,3,Nov_W3,0.0260116,346.0
Ruffed Grouse,11,4,Nov_W4,0.0325203,492.0
Ruffed Grouse,12,1,Dec_W1,0.029703,303.0
Ruffed Grouse,12,2,Dec_W2,0.0149254,335.0
Ruffed Grouse,12,3,Dec_W3,0.030837,681.0
Ruffed Grouse,12,4,Dec_W4,0.0266667,600.0
Ring-necked Pheasant,1,1,Jan_W1,0.0024301,823.0
Ring-necked Pheasant,1,2,Jan_W2,0.0,535.0
Ring-necked Pheasant,1,3,Jan_W3,0.0,472.0
Ring-necked Pheasant,1,4,Jan_W4,0.0,644.0
Ring-necked Pheasant,2,1,Feb_W1,0.0,490.0
Ring-necked Pheasant,2,2,Feb_W2,0.0,589.0
Ring-necked Pheasant,2,3,Feb_W3,0.0015,787.0
Ring-necked Pheasant,2,4,Feb_W4,0.0015,427.0
Ring-necked Pheasant,3,1,Mar_W1,0.0015,558.0
Ring-necked Pheasant,3,2,Mar_W2,0.0015,649.0
Ring-necked Pheasant,3,3,Mar_W3,0.0,710.0
Ring-necked Pheasant,3,4,Mar_W4,0.0009009,1110.0
Ring-necked Pheasant,4,1,Apr_W1,0.0015,899.0
Ring-necked Pheasant,4,2,Apr_W2,0.0,1344.0
Ring-necked Pheasant,4,3,Apr_W3,0.0,1035.0
Ring-necked Pheasant,4,4,Apr_W4,0.0,1332.0
Ring-necked Pheasant,5,1,May_W1,0.0007794,1283.0
Ring-necked Pheasant,5,2,May_W2,0.0,1542.0
Ring-necked Pheasant,5,3,May_W3,0.0015,1501.0
Ring-necked Pheasant,5,4,May_W4,0.0,2282.0
Ring-necked Pheasant,6,1,Jun_W1,0.0,1513.0
Ring-necked Pheasant,6,2,Jun_W2,0.0,1400.0
Ring-necked Pheasant,6,3,Jun_W3,0.0,1497.0
Ring-necked Pheasant,6,4,Jun_W4,0.0,1607.0
Ring-necked Pheasant,7,1,Jul_W1,0.0,1280.0
Ring-necked Pheasant,7,2,Jul_W2,0.0,1137.0
Ring-necked Pheasant,7,3,Jul_W3,0.0,1132.0
Ring-necked Pheasant,7,4,Jul_W4,0.0,1448.0
Ring-necked Pheasant,8,1,Aug_W1,0.0,1001.0
Ring-necked Pheasant,8,2,Aug_W2,0.0,804.0
Ring-necked Pheasant,8,3,Aug_W3,0.0,836.0
Ring-necked Pheasant,8,4,Aug_W4,0.0,1035.0
Ring-necked Pheasant,9,1,Sep_W1,0.0,634.0
Ring-necked Pheasant,9,2,Sep_W2,0.001221,819.0
Ring-necked Pheasant,9,3,Sep_W3,0.0,657.0
Ring-necked Pheasant,9,4,Sep_W4,0.0,766.0
Ring-necked Pheasant,10,1,Oct_W1,0.0,505.0
Ring-necked Pheasant,10,2,Oct_W2,0.0,568.0
Ring-necked Pheasant,10,3,Oct_W3,0.0,523.0
Ring-necked Pheasant,10,4,Oct_W4,0.0,632.0
Ring-necked Pheasant,11,1,Nov_W1,0.0,369.0
Ring-necked Pheasant,11,2,Nov_W2,0.0,337.0
Ring-necked Pheasant,11,3,Nov_W3,0.0,346.0
Ring-necked Pheasant,11,4,Nov_W4,0.0,492.0
Ring-necked Pheasant,12,1,Dec_W1,0.0033003,303.0
Ring-necked Pheasant,12,2,Dec_W2,0.0015,335.0
Ring-necked Pheasant,12,3,Dec_W3,0.0,681.0
Ring-necked Pheasant,12,4,Dec_W4,0.0,600.0
Indian Peafowl,1,1,Jan_W1,0.0,823.0
Indian Peafowl,1,2,Jan_W2,0.0,535.0
Indian Peafowl,1,3,Jan_W3,0.0,472.0
Indian Peafowl,1,4,Jan_W4,0.0,644.0
Indian Peafowl,2,1,Feb_W1,0.0,490.0
Indian Peafowl,2,2,Feb_W2,0.0,589.0
Indian Peafowl,2,3,Feb_W3,0.0,787.0
Indian Peafowl,2,4,Feb_W4,0.0,427.0
Indian Peafowl,3,1,Mar_W1,0.0,558.0
Indian Peafowl,3,2,Mar_W2,0.0,649.0
Indian Peafowl,3,3,Mar_W3,0.0,710.0
Indian Peafowl,3,4,Mar_W4,0.0,1110.0
Indian Peafowl,4,1,Apr_W1,0.0,899.0
Indian Peafowl,4,2,Apr_W2,0.0,1344.0
Indian Peafowl,4,3,Apr_W3,0.0,1035.0
Indian Peafowl,4,4,Apr_W4,0.0,1332.0
Indian Peafowl,5,1,May_W1,0.0,1283.0
Indian Peafowl,5,2,May_W2,0.0,1542.0
Indian Peafowl,5,3,May_W3,0.0,1501.0
Indian Peafowl,5,4,May_W4,0.0,2282.0
Indian Peafowl,6,1,Jun_W1,0.0,1513.0
Indian Peafowl,6,2,Jun_W2,0.0,1400.0
Indian Peafowl,6,3,Jun_W3,0.0,1497.0
Indian Peafowl,6,4,Jun_W4,0.0,1607.0
Indian Peafowl,7,1,Jul_W1,0.0,1280.0
Indian Peafowl,7,2,Jul_W2,0.0,1137.0
Indian Peafowl,7,3,Jul_W3,0.0,1132.0
Indian Peafowl,7,4,Jul_W4,0.0,1448.0
Indian Peafowl,8,1,Aug_W1,0.0,1001.0
Indian Peafowl,8,2,Aug_W2,0.0,804.0
Indian Peafowl,8,3,Aug_W3,0.0,836.0
Indian Peafowl,8,4,Aug_W4,0.0,1035.0
Indian Peafowl,9,1,Sep_W1,0.0,634.0
Indian Peafowl,9,2,Sep_W2,0.0,819.0
Indian Peafowl,9,3,Sep_W3,0.0015,657.0
Indian Peafowl,9,4,Sep_W4,0.0,766.0
Indian Peafowl,10,1,Oct_W1,0.0,505.0
Indian Peafowl,10,2,Oct_W2,0.0,568.0
Indian Peafowl,10,3,Oct_W3,0.0,523.0
Indian Peafowl,10,4,Oct_W4,0.0,632.0
Indian Peafowl,11,1,Nov_W1,0.0,369.0
Indian Peafowl,11,2,Nov_W2,0.0,337.0
Indian Peafowl,11,3,Nov_W3,0.0,346.0
Indian Peafowl,11,4,Nov_W4,0.0,492.0
Indian Peafowl,12,1,Dec_W1,0.0,303.0
Indian Peafowl,12,2,Dec_W2,0.0,335.0
Indian Peafowl,12,3,Dec_W3,0.0,681.0
Indian Peafowl,12,4,Dec_W4,0.0,600.0
Rock Pigeon,1,1,Jan_W1,0.0437424,823.0
Rock Pigeon,1,2,Jan_W2,0.035514,535.0
Rock Pigeon,1,3,Jan_W3,0.0211864,472.0
Rock Pigeon,1,4,Jan_W4,0.0186335,644.0
Rock Pigeon,2,1,Feb_W1,0.0102041,490.0
Rock Pigeon,2,2,Feb_W2,0.0169779,589.0
Rock Pigeon,2,3,Feb_W3,0.0127065,787.0
Rock Pigeon,2,4,Feb_W4,0.0187354,427.0
Rock Pigeon,3,1,Mar_W1,0.0215054,558.0
Rock Pigeon,3,2,Mar_W2,0.0231125,649.0
Rock Pigeon,3,3,Mar_W3,0.0323944,710.0
Rock Pigeon,3,4,Mar_W4,0.0486486,1110.0
Rock Pigeon,4,1,Apr_W1,0.0533927,899.0
Rock Pigeon,4,2,Apr_W2,0.0513393,1344.0
Rock Pigeon,4,3,Apr_W3,0.0463768,1035.0
Rock Pigeon,4,4,Apr_W4,0.039039,1332.0
Rock Pigeon,5,1,May_W1,0.0311769,1283.0
Rock Pigeon,5,2,May_W2,0.0311284,1542.0
Rock Pigeon,5,3,May_W3,0.0153231,1501.0
Rock Pigeon,5,4,May_W4,0.022787,2282.0
Rock Pigeon,6,1,Jun_W1,0.0204891,1513.0
Rock Pigeon,6,2,Jun_W2,0.0164286,1400.0
Rock Pigeon,6,3,Jun_W3,0.0247161,1497.0
Rock Pigeon,6,4,Jun_W4,0.0149347,1607.0
Rock Pigeon,7,1,Jul_W1,0.0125,1280.0
Rock Pigeon,7,2,Jul_W2,0.0167106,1137.0
Rock Pigeon,7,3,Jul_W3,0.0079505,1132.0
Rock Pigeon,7,4,Jul_W4,0.0151934,1448.0
Rock Pigeon,8,1,Aug_W1,0.028971,1001.0
Rock Pigeon,8,2,Aug_W2,0.0348259,804.0
Rock Pigeon,8,3,Aug_W3,0.0311005,836.0
Rock Pigeon,8,4,Aug_W4,0.0280193,1035.0
Rock Pigeon,9,1,Sep_W1,0.0299685,634.0
Rock Pigeon,9,2,Sep_W2,0.03663,819.0
Rock Pigeon,9,3,Sep_W3,0.0273973,657.0
Rock Pigeon,9,4,Sep_W4,0.0248042,766.0
Rock Pigeon,10,1,Oct_W1,0.0257426,505.0
Rock Pigeon,10,2,Oct_W2,0.0140845,568.0
Rock Pigeon,10,3,Oct_W3,0.0267686,523.0
Rock Pigeon,10,4,Oct_W4,0.0079114,632.0
Rock Pigeon,11,1,Nov_W1,0.0162602,369.0
Rock Pigeon,11,2,Nov_W2,0.0118694,337.0
Rock Pigeon,11,3,Nov_W3,0.017341,346.0
Rock Pigeon,11,4,Nov_W4,0.0182927,492.0
Rock Pigeon,12,1,Dec_W1,0.019802,303.0
Rock Pigeon,12,2,Dec_W2,0.0268657,335.0
Rock Pigeon,12,3,Dec_W3,0.0675477,681.0
Rock Pigeon,12,4,Dec_W4,0.03,600.0
Eurasian Collared-Dove,1,1,Jan_W1,0.0,823.0
Eurasian Collared-Dove,1,2,Jan_W2,0.0,535.0
Eurasian Collared-Dove,1,3,Jan_W3,0.0,472.0
Eurasian Collared-Dove,1,4,Jan_W4,0.0,644.0
Eurasian Collared-Dove,2,1,Feb_W1,0.0,490.0
Eurasian Collared-Dove,2,2,Feb_W2,0.0,589.0
Eurasian Collared-Dove,2,3,Feb_W3,0.0,787.0
Eurasian Collared-Dove,2,4,Feb_W4,0.0,427.0
Eurasian Collared-Dove,3,1,Mar_W1,0.0,558.0
Eurasian Collared-Dove,3,2,Mar_W2,0.0,649.0
Eurasian Collared-Dove,3,3,Mar_W3,0.0,710.0
Eurasian Collared-Dove,3,4,Mar_W4,0.0,1110.0
Eurasian Collared-Dove,4,1,Apr_W1,0.0,899.0
Eurasian Collared-Dove,4,2,Apr_W2,0.0,1344.0
Eurasian Collared-Dove,4,3,Apr_W3,0.0,1035.0
Eurasian Collared-Dove,4,4,Apr_W4,0.0,1332.0
Eurasian Collared-Dove,5,1,May_W1,0.0,1283.0
Eurasian Collared-Dove,5,2,May_W2,0.0006485,1542.0
Eurasian Collared-Dove,5,3,May_W3,0.0,1501.0
Eurasian Collared-Dove,5,4,May_W4,0.0,2282.0
Eurasian Collared-Dove,6,1,Jun_W1,0.0,1513.0
Eurasian Collared-Dove,6,2,Jun_W2,0.0,1400.0
Eurasian Collared-Dove,6,3,Jun_W3,0.0,1497.0
Eurasian Collared-Dove,6,4,Jun_W4,0.0,1607.0
Eurasian Collared-Dove,7,1,Jul_W1,0.0,1280.0
Eurasian Collared-Dove,7,2,Jul_W2,0.0,1137.0
Eurasian Collared-Dove,7,3,Jul_W3,0.0,1132.0
Eurasian Collared-Dove,7,4,Jul_W4,0.0,1448.0
Eurasian Collared-Dove,8,1,Aug_W1,0.0,1001.0
Eurasian Collared-Dove,8,2,Aug_W2,0.0,804.0
Eurasian Collared-Dove,8,3,Aug_W3,0.0,836.0
Eurasian Collared-Dove,8,4,Aug_W4,0.0,1035.0
Eurasian Collared-Dove,9,1,Sep_W1,0.0,634.0
Eurasian Collared-Dove,9,2,Sep_W2,0.0,819.0
Eurasian Collared-Dove,9,3,Sep_W3,0.0,657.0
Eurasian Collared-Dove,9,4,Sep_W4,0.0,766.0
Eurasian Collared-Dove,10,1,Oct_W1,0.0,505.0
Eurasian Collared-Dove,10,2,Oct_W2,0.0,568.0
Eurasian Collared-Dove,10,3,Oct_W3,0.0,523.0
Eurasian Collared-Dove,10,4,Oct_W4,0.0,632.0
Eurasian Collared-Dove,11,1,Nov_W1,0.0,369.0
Eurasian Collared-Dove,11,2,Nov_W2,0.0,337.0
Eurasian Collared-Dove,11,3,Nov_W3,0.0,346.0
Eurasian Collared-Dove,11,4,Nov_W4,0.0,492.0
Eurasian Collared-Dove,12,1,Dec_W1,0.0,303.0
Eurasian Collared-Dove,12,2,Dec_W2,0.0,335.0
Eurasian Collared-Dove,12,3,Dec_W3,0.0,681.0
Eurasian Collared-Dove,12,4,Dec_W4,0.0,600.0
White-winged Dove,1,1,Jan_W1,0.0,823.0
White-winged Dove,1,2,Jan_W2,0.0,535.0
White-winged Dove,1,3,Jan_W3,0.0,472.0
White-winged Dove,1,4,Jan_W4,0.0,644.0
White-winged Dove,2,1,Feb_W1,0.0,490.0
White-winged Dove,2,2,Feb_W2,0.0,589.0
White-winged Dove,2,3,Feb_W3,0.0,787.0
White-winged Dove,2,4,Feb_W4,0.0,427.0
White-winged Dove,3,1,Mar_W1,0.0,558.0
White-winged Dove,3,2,Mar_W2,0.0,649.0
White-winged Dove,3,3,Mar_W3,0.0,710.0
White-winged Dove,3,4,Mar_W4,0.0,1110.0
White-winged Dove,4,1,Apr_W1,0.0,899.0
White-winged Dove,4,2,Apr_W2,0.0,1344.0
White-winged Dove,4,3,Apr_W3,0.0,1035.0
White-winged Dove,4,4,Apr_W4,0.0,1332.0
White-winged Dove,5,1,May_W1,0.0,1283.0
White-winged Dove,5,2,May_W2,0.0,1542.0
White-winged Dove,5,3,May_W3,0.0,1501.0
White-winged Dove,5,4,May_W4,0.0,2282.0
White-winged Dove,6,1,Jun_W1,0.0,1513.0
White-winged Dove,6,2,Jun_W2,0.0,1400.0
White-winged Dove,6,3,Jun_W3,0.0,1497.0
White-winged Dove,6,4,Jun_W4,0.0,1607.0
White-winged Dove,7,1,Jul_W1,0.0,1280.0
White-winged Dove,7,2,Jul_W2,0.0,1137.0
White-winged Dove,7,3,Jul_W3,0.0,1132.0
White-winged Dove,7,4,Jul_W4,0.0,1448.0
White-winged Dove,8,1,Aug_W1,0.0015,1001.0
White-winged Dove,8,2,Aug_W2,0.0,804.0
White-winged Dove,8,3,Aug_W3,0.0,836.0
White-winged Dove,8,4,Aug_W4,0.0,1035.0
White-winged Dove,9,1,Sep_W1,0.0,634.0
White-winged Dove,9,2,Sep_W2,0.0,819.0
White-winged Dove,9,3,Sep_W3,0.0,657.0
White-winged Dove,9,4,Sep_W4,0.0,766.0
White-winged Dove,10,1,Oct_W1,0.0,505.0
White-winged Dove,10,2,Oct_W2,0.0,568.0
White-winged Dove,10,3,Oct_W3,0.0,523.0
White-winged Dove,10,4,Oct_W4,0.0,632.0
White-winged Dove,11,1,Nov_W1,0.0,369.0
White-winged Dove,11,2,Nov_W2,0.0,337.0
White-winged Dove,11,3,Nov_W3,0.0,346.0
White-winged Dove,11,4,Nov_W4,0.0,492.0
White-winged Dove,12,1,Dec_W1,0.0,303.0
White-winged Dove,12,2,Dec_W2,0.0,335.0
White-winged Dove,12,3,Dec_W3,0.0,681.0
White-winged Dove,12,4,Dec_W4,0.0,600.0
Mourning Dove,1,1,Jan_W1,0.2308627,823.0
Mourning Dove,1,2,Jan_W2,0.2542056,535.0
Mourning Dove,1,3,Jan_W3,0.3177966,472.0
Mourning Dove,1,4,Jan_W4,0.3462733,644.0
Mourning Dove,2,1,Feb_W1,0.3387755,490.0
Mourning Dove,2,2,Feb_W2,0.3548387,589.0
Mourning Dove,2,3,Feb_W3,0.3697586,787.0
Mourning Dove,2,4,Feb_W4,0.3723653,427.0
Mourning Dove,3,1,Mar_W1,0.3602151,558.0
Mourning Dove,3,2,Mar_W2,0.3374422,649.0
Mourning Dove,3,3,Mar_W3,0.3394366,710.0
Mourning Dove,3,4,Mar_W4,0.3504505,1110.0
Mourning Dove,4,1,Apr_W1,0.3737486,899.0
Mourning Dove,4,2,Apr_W2,0.3407738,1344.0
Mourning Dove,4,3,Apr_W3,0.3661836,1035.0
Mourning Dove,4,4,Apr_W4,0.3648649,1332.0
Mourning Dove,5,1,May_W1,0.3374903,1283.0
Mourning Dove,5,2,May_W2,0.349546,1542.0
Mourning Dove,5,3,May_W3,0.3464357,1501.0
Mourning Dove,5,4,May_W4,0.3496933,2282.0
Mourning Dove,6,1,Jun_W1,0.354924,1513.0
Mourning Dove,6,2,Jun_W2,0.3557143,1400.0
Mourning Dove,6,3,Jun_W3,0.3139613,1497.0
Mourning Dove,6,4,Jun_W4,0.3279403,1607.0
Mourning Dove,7,1,Jul_W1,0.334375,1280.0
Mourning Dove,7,2,Jul_W2,0.3359719,1137.0
Mourning Dove,7,3,Jul_W3,0.3330389,1132.0
Mourning Dove,7,4,Jul_W4,0.3466851,1448.0
Mourning Dove,8,1,Aug_W1,0.3346653,1001.0
Mourning Dove,8,2,Aug_W2,0.3059701,804.0
Mourning Dove,8,3,Aug_W3,0.312201,836.0
Mourning Dove,8,4,Aug_W4,0.2695652,1035.0
Mourning Dove,9,1,Sep_W1,0.2634069,634.0
Mourning Dove,9,2,Sep_W2,0.2380952,819.0
Mourning Dove,9,3,Sep_W3,0.2633181,657.0
Mourning Dove,9,4,Sep_W4,0.2284595,766.0
Mourning Dove,10,1,Oct_W1,0.219802,505.0
Mourning Dove,10,2,Oct_W2,0.1602113,568.0
Mourning Dove,10,3,Oct_W3,0.1720841,523.0
Mourning Dove,10,4,Oct_W4,0.1740506,632.0
Mourning Dove,11,1,Nov_W1,0.2059621,369.0
Mourning Dove,11,2,Nov_W2,0.2551929,337.0
Mourning Dove,11,3,Nov_W3,0.2803468,346.0
Mourning Dove,11,4,Nov_W4,0.2682927,492.0
Mourning Dove,12,1,Dec_W1,0.349835,303.0
Mourning Dove,12,2,Dec_W2,0.3791045,335.0
Mourning Dove,12,3,Dec_W3,0.2643172,681.0
Mourning Dove,12,4,Dec_W4,0.2833333,600.0
Yellow-billed Cuckoo,1,1,Jan_W1,0.0,823.0
Yellow-billed Cuckoo,1,2,Jan_W2,0.0,535.0
Yellow-billed Cuckoo,1,3,Jan_W3,0.0,472.0
Yellow-billed Cuckoo,1,4,Jan_W4,0.0,644.0
Yellow-billed Cuckoo,2,1,Feb_W1,0.0,490.0
Yellow-billed Cuckoo,2,2,Feb_W2,0.0,589.0
Yellow-billed Cuckoo,2,3,Feb_W3,0.0,787.0
Yellow-billed Cuckoo,2,4,Feb_W4,0.0,427.0
Yellow-billed Cuckoo,3,1,Mar_W1,0.0,558.0
Yellow-billed Cuckoo,3,2,Mar_W2,0.0,649.0
Yellow-billed Cuckoo,3,3,Mar_W3,0.0,710.0
Yellow-billed Cuckoo,3,4,Mar_W4,0.0,1110.0
Yellow-billed Cuckoo,4,1,Apr_W1,0.0,899.0
Yellow-billed Cuckoo,4,2,Apr_W2,0.0,1344.0
Yellow-billed Cuckoo,4,3,Apr_W3,0.0,1035.0
Yellow-billed Cuckoo,4,4,Apr_W4,0.0,1332.0
Yellow-billed Cuckoo,5,1,May_W1,0.0,1283.0
Yellow-billed Cuckoo,5,2,May_W2,0.0015,1542.0
Yellow-billed Cuckoo,5,3,May_W3,0.0079947,1501.0
Yellow-billed Cuckoo,5,4,May_W4,0.014461,2282.0
Yellow-billed Cuckoo,6,1,Jun_W1,0.0125578,1513.0
Yellow-billed Cuckoo,6,2,Jun_W2,0.0264286,1400.0
Yellow-billed Cuckoo,6,3,Jun_W3,0.0126921,1497.0
Yellow-billed Cuckoo,6,4,Jun_W4,0.0105787,1607.0
Yellow-billed Cuckoo,7,1,Jul_W1,0.0117188,1280.0
Yellow-billed Cuckoo,7,2,Jul_W2,0.0087951,1137.0
Yellow-billed Cuckoo,7,3,Jul_W3,0.0061837,1132.0
Yellow-billed Cuckoo,7,4,Jul_W4,0.0041436,1448.0
Yellow-billed Cuckoo,8,1,Aug_W1,0.005994,1001.0
Yellow-billed Cuckoo,8,2,Aug_W2,0.0037313,804.0
Yellow-billed Cuckoo,8,3,Aug_W3,0.0047847,836.0
Yellow-billed Cuckoo,8,4,Aug_W4,0.0028986,1035.0
Yellow-billed Cuckoo,9,1,Sep_W1,0.0,634.0
Yellow-billed Cuckoo,9,2,Sep_W2,0.001221,819.0
Yellow-billed Cuckoo,9,3,Sep_W3,0.0,657.0
Yellow-billed Cuckoo,9,4,Sep_W4,0.0,766.0
Yellow-billed Cuckoo,10,1,Oct_W1,0.0019802,505.0
Yellow-billed Cuckoo,10,2,Oct_W2,0.0,568.0
Yellow-billed Cuckoo,10,3,Oct_W3,0.0,523.0
Yellow-billed Cuckoo,10,4,Oct_W4,0.0,632.0
Yellow-billed Cuckoo,11,1,Nov_W1,0.0,369.0
Yellow-billed Cuckoo,11,2,Nov_W2,0.0,337.0
Yellow-billed Cuckoo,11,3,Nov_W3,0.0,346.0
Yellow-billed Cuckoo,11,4,Nov_W4,0.0,492.0
Yellow-billed Cuckoo,12,1,Dec_W1,0.0,303.0
Yellow-billed Cuckoo,12,2,Dec_W2,0.0,335.0
Yellow-billed Cuckoo,12,3,Dec_W3,0.0,681.0
Yellow-billed Cuckoo,12,4,Dec_W4,0.0,600.0
Black-billed Cuckoo,1,1,Jan_W1,0.0,823.0
Black-billed Cuckoo,1,2,Jan_W2,0.0,535.0
Black-billed Cuckoo,1,3,Jan_W3,0.0,472.0
Black-billed Cuckoo,1,4,Jan_W4,0.0,644.0
Black-billed Cuckoo,2,1,Feb_W1,0.0,490.0
Black-billed Cuckoo,2,2,Feb_W2,0.0,589.0
Black-billed Cuckoo,2,3,Feb_W3,0.0,787.0
Black-billed Cuckoo,2,4,Feb_W4,0.0,427.0
Black-billed Cuckoo,3,1,Mar_W1,0.0,558.0
Black-billed Cuckoo,3,2,Mar_W2,0.0,649.0
Black-billed Cuckoo,3,3,Mar_W3,0.0,710.0
Black-billed Cuckoo,3,4,Mar_W4,0.0,1110.0
Black-billed Cuckoo,4,1,Apr_W1,0.0,899.0
Black-billed Cuckoo,4,2,Apr_W2,0.0,1344.0
Black-billed Cuckoo,4,3,Apr_W3,0.0,1035.0
Black-billed Cuckoo,4,4,Apr_W4,0.0,1332.0
Black-billed Cuckoo,5,1,May_W1,0.0,1283.0
Black-billed Cuckoo,5,2,May_W2,0.0032425,1542.0
Black-billed Cuckoo,5,3,May_W3,0.0146569,1501.0
Black-billed Cuckoo,5,4,May_W4,0.0385627,2282.0
Black-billed Cuckoo,6,1,Jun_W1,0.0304032,1513.0
Black-billed Cuckoo,6,2,Jun_W2,0.0214286,1400.0
Black-billed Cuckoo,6,3,Jun_W3,0.0126921,1497.0
Black-billed Cuckoo,6,4,Jun_W4,0.0130678,1607.0
Black-billed Cuckoo,7,1,Jul_W1,0.0117188,1280.0
Black-billed Cuckoo,7,2,Jul_W2,0.0105541,1137.0
Black-billed Cuckoo,7,3,Jul_W3,0.0159011,1132.0
Black-billed Cuckoo,7,4,Jul_W4,0.0062155,1448.0
Black-billed Cuckoo,8,1,Aug_W1,0.004995,1001.0
Black-billed Cuckoo,8,2,Aug_W2,0.0049751,804.0
Black-billed Cuckoo,8,3,Aug_W3,0.0011962,836.0
Black-billed Cuckoo,8,4,Aug_W4,0.0015,1035.0
Black-billed Cuckoo,9,1,Sep_W1,0.0,634.0
Black-billed Cuckoo,9,2,Sep_W2,0.001221,819.0
Black-billed Cuckoo,9,3,Sep_W3,0.0045662,657.0
Black-billed Cuckoo,9,4,Sep_W4,0.0,766.0
Black-billed Cuckoo,10,1,Oct_W1,0.0,505.0
Black-billed Cuckoo,10,2,Oct_W2,0.0,568.0
Black-billed Cuckoo,10,3,Oct_W3,0.0,523.0
Black-billed Cuckoo,10,4,Oct_W4,0.0,632.0
Black-billed Cuckoo,11,1,Nov_W1,0.0,369.0
Black-billed Cuckoo,11,2,Nov_W2,0.0,337.0
Black-billed Cuckoo,11,3,Nov_W3,0.0,346.0
Black-billed Cuckoo,11,4,Nov_W4,0.0,492.0
Black-billed Cuckoo,12,1,Dec_W1,0.0,303.0
Black-billed Cuckoo,12,2,Dec_W2,0.0,335.0
Black-billed Cuckoo,12,3,Dec_W3,0.0,681.0
Black-billed Cuckoo,12,4,Dec_W4,0.0,600.0
Common Nighthawk,1,1,Jan_W1,0.0,823.0
Common Nighthawk,1,2,Jan_W2,0.0,535.0
Common Nighthawk,1,3,Jan_W3,0.0,472.0
Common Nighthawk,1,4,Jan_W4,0.0,644.0
Common Nighthawk,2,1,Feb_W1,0.0,490.0
Common Nighthawk,2,2,Feb_W2,0.0,589.0
Common Nighthawk,2,3,Feb_W3,0.0,787.0
Common Nighthawk,2,4,Feb_W4,0.0,427.0
Common Nighthawk,3,1,Mar_W1,0.0,558.0
Common Nighthawk,3,2,Mar_W2,0.0,649.0
Common Nighthawk,3,3,Mar_W3,0.0,710.0
Common Nighthawk,3,4,Mar_W4,0.0,1110.0
Common Nighthawk,4,1,Apr_W1,0.0,899.0
Common Nighthawk,4,2,Apr_W2,0.0,1344.0
Common Nighthawk,4,3,Apr_W3,0.0,1035.0
Common Nighthawk,4,4,Apr_W4,0.0,1332.0
Common Nighthawk,5,1,May_W1,0.0,1283.0
Common Nighthawk,5,2,May_W2,0.0,1542.0
Common Nighthawk,5,3,May_W3,0.0053298,1501.0
Common Nighthawk,5,4,May_W4,0.0135846,2282.0
Common Nighthawk,6,1,Jun_W1,0.0085922,1513.0
Common Nighthawk,6,2,Jun_W2,0.005,1400.0
Common Nighthawk,6,3,Jun_W3,0.001336,1497.0
Common Nighthawk,6,4,Jun_W4,0.0012446,1607.0
Common Nighthawk,7,1,Jul_W1,0.0023437,1280.0
Common Nighthawk,7,2,Jul_W2,0.0015,1137.0
Common Nighthawk,7,3,Jul_W3,0.0008834,1132.0
Common Nighthawk,7,4,Jul_W4,0.0020718,1448.0
Common Nighthawk,8,1,Aug_W1,0.000999,1001.0
Common Nighthawk,8,2,Aug_W2,0.0012438,804.0
Common Nighthawk,8,3,Aug_W3,0.0035885,836.0
Common Nighthawk,8,4,Aug_W4,0.0086957,1035.0
Common Nighthawk,9,1,Sep_W1,0.0047319,634.0
Common Nighthawk,9,2,Sep_W2,0.008547,819.0
Common Nighthawk,9,3,Sep_W3,0.0,657.0
Common Nighthawk,9,4,Sep_W4,0.0,766.0
Common Nighthawk,10,1,Oct_W1,0.0,505.0
Common Nighthawk,10,2,Oct_W2,0.0,568.0
Common Nighthawk,10,3,Oct_W3,0.0,523.0
Common Nighthawk,10,4,Oct_W4,0.0,632.0
Common Nighthawk,11,1,Nov_W1,0.0,369.0
Common Nighthawk,11,2,Nov_W2,0.0,337.0
Common Nighthawk,11,3,Nov_W3,0.0,346.0
Common Nighthawk,11,4,Nov_W4,0.0,492.0
Common Nighthawk,12,1,Dec_W1,0.0,303.0
Common Nighthawk,12,2,Dec_W2,0.0,335.0
Common Nighthawk,12,3,Dec_W3,0.0,681.0
Common Nighthawk,12,4,Dec_W4,0.0,600.0
Eastern Whip-poor-will,1,1,Jan_W1,0.0,823.0
Eastern Whip-poor-will,1,2,Jan_W2,0.0,535.0
Eastern Whip-poor-will,1,3,Jan_W3,0.0,472.0
Eastern Whip-poor-will,1,4,Jan_W4,0.0,644.0
Eastern Whip-poor-will,2,1,Feb_W1,0.0,490.0
Eastern Whip-poor-will,2,2,Feb_W2,0.0,589.0
Eastern Whip-poor-will,2,3,Feb_W3,0.0,787.0
Eastern Whip-poor-will,2,4,Feb_W4,0.0,427.0
Eastern Whip-poor-will,3,1,Mar_W1,0.0,558.0
Eastern Whip-poor-will,3,2,Mar_W2,0.0,649.0
Eastern Whip-poor-will,3,3,Mar_W3,0.0,710.0
Eastern Whip-poor-will,3,4,Mar_W4,0.0,1110.0
Eastern Whip-poor-will,4,1,Apr_W1,0.0,899.0
Eastern Whip-poor-will,4,2,Apr_W2,0.0,1344.0
Eastern Whip-poor-will,4,3,Apr_W3,0.0,1035.0
Eastern Whip-poor-will,4,4,Apr_W4,0.0022523,1332.0
Eastern Whip-poor-will,5,1,May_W1,0.0023383,1283.0
Eastern Whip-poor-will,5,2,May_W2,0.0006485,1542.0
Eastern Whip-poor-will,5,3,May_W3,0.0053298,1501.0
Eastern Whip-poor-will,5,4,May_W4,0.0109553,2282.0
Eastern Whip-poor-will,6,1,Jun_W1,0.0145406,1513.0
Eastern Whip-poor-will,6,2,Jun_W2,0.0071429,1400.0
Eastern Whip-poor-will,6,3,Jun_W3,0.004008,1497.0
Eastern Whip-poor-will,6,4,Jun_W4,0.0049782,1607.0
Eastern Whip-poor-will,7,1,Jul_W1,0.0007813,1280.0
Eastern Whip-poor-will,7,2,Jul_W2,0.0026385,1137.0
Eastern Whip-poor-will,7,3,Jul_W3,0.0026502,1132.0
Eastern Whip-poor-will,7,4,Jul_W4,0.0027624,1448.0
Eastern Whip-poor-will,8,1,Aug_W1,0.003996,1001.0
Eastern Whip-poor-will,8,2,Aug_W2,0.0049751,804.0
Eastern Whip-poor-will,8,3,Aug_W3,0.0035885,836.0
Eastern Whip-poor-will,8,4,Aug_W4,0.0009662,1035.0
Eastern Whip-poor-will,9,1,Sep_W1,0.0015773,634.0
Eastern Whip-poor-will,9,2,Sep_W2,0.001221,819.0
Eastern Whip-poor-will,9,3,Sep_W3,0.0,657.0
Eastern Whip-poor-will,9,4,Sep_W4,0.0,766.0
Eastern Whip-poor-will,10,1,Oct_W1,0.0,505.0
Eastern Whip-poor-will,10,2,Oct_W2,0.0,568.0
Eastern Whip-poor-will,10,3,Oct_W3,0.0,523.0
Eastern Whip-poor-will,10,4,Oct_W4,0.0,632.0
Eastern Whip-poor-will,11,1,Nov_W1,0.0,369.0
Eastern Whip-poor-will,11,2,Nov_W2,0.0,337.0
Eastern Whip-poor-will,11,3,Nov_W3,0.0,346.0
Eastern Whip-poor-will,11,4,Nov_W4,0.0,492.0
Eastern Whip-poor-will,12,1,Dec_W1,0.0,303.0
Eastern Whip-poor-will,12,2,Dec_W2,0.0,335.0
Eastern Whip-poor-will,12,3,Dec_W3,0.0,681.0
Eastern Whip-poor-will,12,4,Dec_W4,0.0,600.0
Chimney Swift,1,1,Jan_W1,0.0,823.0
Chimney Swift,1,2,Jan_W2,0.0,535.0
Chimney Swift,1,3,Jan_W3,0.0,472.0
Chimney Swift,1,4,Jan_W4,0.0,644.0
Chimney Swift,2,1,Feb_W1,0.0,490.0
Chimney Swift,2,2,Feb_W2,0.0,589.0
Chimney Swift,2,3,Feb_W3,0.0,787.0
Chimney Swift,2,4,Feb_W4,0.0,427.0
Chimney Swift,3,1,Mar_W1,0.0,558.0
Chimney Swift,3,2,Mar_W2,0.0,649.0
Chimney Swift,3,3,Mar_W3,0.0,710.0
Chimney Swift,3,4,Mar_W4,0.0,1110.0
Chimney Swift,4,1,Apr_W1,0.0,899.0
Chimney Swift,4,2,Apr_W2,0.0,1344.0
Chimney Swift,4,3,Apr_W3,0.0,1035.0
Chimney Swift,4,4,Apr_W4,0.0,1332.0
Chimney Swift,5,1,May_W1,0.0023383,1283.0
Chimney Swift,5,2,May_W2,0.0285344,1542.0
Chimney Swift,5,3,May_W3,0.0326449,1501.0
Chimney Swift,5,4,May_W4,0.0512708,2282.0
Chimney Swift,6,1,Jun_W1,0.053536,1513.0
Chimney Swift,6,2,Jun_W2,0.0528571,1400.0
Chimney Swift,6,3,Jun_W3,0.0534402,1497.0
Chimney Swift,6,4,Jun_W4,0.0597386,1607.0
Chimney Swift,7,1,Jul_W1,0.0515625,1280.0
Chimney Swift,7,2,Jul_W2,0.0395778,1137.0
Chimney Swift,7,3,Jul_W3,0.0273852,1132.0
Chimney Swift,7,4,Jul_W4,0.0504144,1448.0
Chimney Swift,8,1,Aug_W1,0.043956,1001.0
Chimney Swift,8,2,Aug_W2,0.0236318,804.0
Chimney Swift,8,3,Aug_W3,0.0167464,836.0
Chimney Swift,8,4,Aug_W4,0.0067633,1035.0
Chimney Swift,9,1,Sep_W1,0.0015773,634.0
Chimney Swift,9,2,Sep_W2,0.002442,819.0
Chimney Swift,9,3,Sep_W3,0.0,657.0
Chimney Swift,9,4,Sep_W4,0.0,766.0
Chimney Swift,10,1,Oct_W1,0.0019802,505.0
Chimney Swift,10,2,Oct_W2,0.0,568.0
Chimney Swift,10,3,Oct_W3,0.0,523.0
Chimney Swift,10,4,Oct_W4,0.0,632.0
Chimney Swift,11,1,Nov_W1,0.0,369.0
Chimney Swift,11,2,Nov_W2,0.0,337.0
Chimney Swift,11,3,Nov_W3,0.0,346.0
Chimney Swift,11,4,Nov_W4,0.0,492.0
Chimney Swift,12,1,Dec_W1,0.0,303.0
Chimney Swift,12,2,Dec_W2,0.0,335.0
Chimney Swift,12,3,Dec_W3,0.0,681.0
Chimney Swift,12,4,Dec_W4,0.0,600.0
Ruby-throated Hummingbird,1,1,Jan_W1,0.0,823.0
Ruby-throated Hummingbird,1,2,Jan_W2,0.0,535.0
Ruby-throated Hummingbird,1,3,Jan_W3,0.0,472.0
Ruby-throated Hummingbird,1,4,Jan_W4,0.0,644.0
Ruby-throated Hummingbird,2,1,Feb_W1,0.0,490.0
Ruby-throated Hummingbird,2,2,Feb_W2,0.0,589.0
Ruby-throated Hummingbird,2,3,Feb_W3,0.0,787.0
Ruby-throated Hummingbird,2,4,Feb_W4,0.0,427.0
Ruby-throated Hummingbird,3,1,Mar_W1,0.0,558.0
Ruby-throated Hummingbird,3,2,Mar_W2,0.0,649.0
Ruby-throated Hummingbird,3,3,Mar_W3,0.0,710.0
Ruby-throated Hummingbird,3,4,Mar_W4,0.0,1110.0
Ruby-throated Hummingbird,4,1,Apr_W1,0.0,899.0
Ruby-throated Hummingbird,4,2,Apr_W2,0.0,1344.0
Ruby-throated Hummingbird,4,3,Apr_W3,0.0,1035.0
Ruby-throated Hummingbird,4,4,Apr_W4,0.0015015,1332.0
Ruby-throated Hummingbird,5,1,May_W1,0.0085737,1283.0
Ruby-throated Hummingbird,5,2,May_W2,0.0538262,1542.0
Ruby-throated Hummingbird,5,3,May_W3,0.1112592,1501.0
Ruby-throated Hummingbird,5,4,May_W4,0.1459246,2282.0
Ruby-throated Hummingbird,6,1,Jun_W1,0.107072,1513.0
Ruby-throated Hummingbird,6,2,Jun_W2,0.1192857,1400.0
Ruby-throated Hummingbird,6,3,Jun_W3,0.0888444,1497.0
Ruby-throated Hummingbird,6,4,Jun_W4,0.1157436,1607.0
Ruby-throated Hummingbird,7,1,Jul_W1,0.1296875,1280.0
Ruby-throated Hummingbird,7,2,Jul_W2,0.116095,1137.0
Ruby-throated Hummingbird,7,3,Jul_W3,0.130742,1132.0
Ruby-throated Hummingbird,7,4,Jul_W4,0.160221,1448.0
Ruby-throated Hummingbird,8,1,Aug_W1,0.1698302,1001.0
Ruby-throated Hummingbird,8,2,Aug_W2,0.2077114,804.0
Ruby-throated Hummingbird,8,3,Aug_W3,0.2177033,836.0
Ruby-throated Hummingbird,8,4,Aug_W4,0.2299517,1035.0
Ruby-throated Hummingbird,9,1,Sep_W1,0.2018927,634.0
Ruby-throated Hummingbird,9,2,Sep_W2,0.1404151,819.0
Ruby-throated Hummingbird,9,3,Sep_W3,0.0365297,657.0
Ruby-throated Hummingbird,9,4,Sep_W4,0.002611,766.0
Ruby-throated Hummingbird,10,1,Oct_W1,0.0,505.0
Ruby-throated Hummingbird,10,2,Oct_W2,0.0,568.0
Ruby-throated Hummingbird,10,3,Oct_W3,0.0,523.0
Ruby-throated Hummingbird,10,4,Oct_W4,0.0,632.0
Ruby-throated Hummingbird,11,1,Nov_W1,0.00271,369.0
Ruby-throated Hummingbird,11,2,Nov_W2,0.0,337.0
Ruby-throated Hummingbird,11,3,Nov_W3,0.0,346.0
Ruby-throated Hummingbird,11,4,Nov_W4,0.0,492.0
Ruby-throated Hummingbird,12,1,Dec_W1,0.0,303.0
Ruby-throated Hummingbird,12,2,Dec_W2,0.0,335.0
Ruby-throated Hummingbird,12,3,Dec_W3,0.0,681.0
Ruby-throated Hummingbird,12,4,Dec_W4,0.0,600.0
Rufous Hummingbird,1,1,Jan_W1,0.0,823.0
Rufous Hummingbird,1,2,Jan_W2,0.0,535.0
Rufous Hummingbird,1,3,Jan_W3,0.0,472.0
Rufous Hummingbird,1,4,Jan_W4,0.0,644.0
Rufous Hummingbird,2,1,Feb_W1,0.0,490.0
Rufous Hummingbird,2,2,Feb_W2,0.0,589.0
Rufous Hummingbird,2,3,Feb_W3,0.0,787.0
Rufous Hummingbird,2,4,Feb_W4,0.0,427.0
Rufous Hummingbird,3,1,Mar_W1,0.0,558.0
Rufous Hummingbird,3,2,Mar_W2,0.0,649.0
Rufous Hummingbird,3,3,Mar_W3,0.0,710.0
Rufous Hummingbird,3,4,Mar_W4,0.0,1110.0
Rufous Hummingbird,4,1,Apr_W1,0.0,899.0
Rufous Hummingbird,4,2,Apr_W2,0.0,1344.0
Rufous Hummingbird,4,3,Apr_W3,0.0,1035.0
Rufous Hummingbird,4,4,Apr_W4,0.0,1332.0
Rufous Hummingbird,5,1,May_W1,0.0,1283.0
Rufous Hummingbird,5,2,May_W2,0.0,1542.0
Rufous Hummingbird,5,3,May_W3,0.0,1501.0
Rufous Hummingbird,5,4,May_W4,0.0,2282.0
Rufous Hummingbird,6,1,Jun_W1,0.0,1513.0
Rufous Hummingbird,6,2,Jun_W2,0.0,1400.0
Rufous Hummingbird,6,3,Jun_W3,0.0,1497.0
Rufous Hummingbird,6,4,Jun_W4,0.0,1607.0
Rufous Hummingbird,7,1,Jul_W1,0.0,1280.0
Rufous Hummingbird,7,2,Jul_W2,0.0,1137.0
Rufous Hummingbird,7,3,Jul_W3,0.0,1132.0
Rufous Hummingbird,7,4,Jul_W4,0.0,1448.0
Rufous Hummingbird,8,1,Aug_W1,0.0,1001.0
Rufous Hummingbird,8,2,Aug_W2,0.0015,804.0
Rufous Hummingbird,8,3,Aug_W3,0.0,836.0
Rufous Hummingbird,8,4,Aug_W4,0.0,1035.0
Rufous Hummingbird,9,1,Sep_W1,0.0,634.0
Rufous Hummingbird,9,2,Sep_W2,0.0,819.0
Rufous Hummingbird,9,3,Sep_W3,0.0,657.0
Rufous Hummingbird,9,4,Sep_W4,0.0,766.0
Rufous Hummingbird,10,1,Oct_W1,0.0,505.0
Rufous Hummingbird,10,2,Oct_W2,0.0,568.0
Rufous Hummingbird,10,3,Oct_W3,0.0,523.0
Rufous Hummingbird,10,4,Oct_W4,0.0,632.0
Rufous Hummingbird,11,1,Nov_W1,0.0,369.0
Rufous Hummingbird,11,2,Nov_W2,0.0,337.0
Rufous Hummingbird,11,3,Nov_W3,0.0,346.0
Rufous Hummingbird,11,4,Nov_W4,0.0,492.0
Rufous Hummingbird,12,1,Dec_W1,0.0,303.0
Rufous Hummingbird,12,2,Dec_W2,0.0,335.0
Rufous Hummingbird,12,3,Dec_W3,0.0,681.0
Rufous Hummingbird,12,4,Dec_W4,0.0,600.0
Virginia Rail,1,1,Jan_W1,0.0,823.0
Virginia Rail,1,2,Jan_W2,0.0,535.0
Virginia Rail,1,3,Jan_W3,0.0,472.0
Virginia Rail,1,4,Jan_W4,0.0,644.0
Virginia Rail,2,1,Feb_W1,0.0,490.0
Virginia Rail,2,2,Feb_W2,0.0,589.0
Virginia Rail,2,3,Feb_W3,0.0,787.0
Virginia Rail,2,4,Feb_W4,0.0,427.0
Virginia Rail,3,1,Mar_W1,0.0,558.0
Virginia Rail,3,2,Mar_W2,0.0,649.0
Virginia Rail,3,3,Mar_W3,0.0,710.0
Virginia Rail,3,4,Mar_W4,0.0,1110.0
Virginia Rail,4,1,Apr_W1,0.0011123,899.0
Virginia Rail,4,2,Apr_W2,0.0014881,1344.0
Virginia Rail,4,3,Apr_W3,0.0067633,1035.0
Virginia Rail,4,4,Apr_W4,0.0165165,1332.0
Virginia Rail,5,1,May_W1,0.0210444,1283.0
Virginia Rail,5,2,May_W2,0.0149157,1542.0
Virginia Rail,5,3,May_W3,0.011992,1501.0
Virginia Rail,5,4,May_W4,0.0214724,2282.0
Virginia Rail,6,1,Jun_W1,0.0085922,1513.0
Virginia Rail,6,2,Jun_W2,0.0078571,1400.0
Virginia Rail,6,3,Jun_W3,0.009352,1497.0
Virginia Rail,6,4,Jun_W4,0.0118233,1607.0
Virginia Rail,7,1,Jul_W1,0.0117188,1280.0
Virginia Rail,7,2,Jul_W2,0.0079156,1137.0
Virginia Rail,7,3,Jul_W3,0.0097173,1132.0
Virginia Rail,7,4,Jul_W4,0.0082873,1448.0
Virginia Rail,8,1,Aug_W1,0.012987,1001.0
Virginia Rail,8,2,Aug_W2,0.0062189,804.0
Virginia Rail,8,3,Aug_W3,0.0107656,836.0
Virginia Rail,8,4,Aug_W4,0.0009662,1035.0
Virginia Rail,9,1,Sep_W1,0.0031546,634.0
Virginia Rail,9,2,Sep_W2,0.001221,819.0
Virginia Rail,9,3,Sep_W3,0.0,657.0
Virginia Rail,9,4,Sep_W4,0.0,766.0
Virginia Rail,10,1,Oct_W1,0.0,505.0
Virginia Rail,10,2,Oct_W2,0.0,568.0
Virginia Rail,10,3,Oct_W3,0.0,523.0
Virginia Rail,10,4,Oct_W4,0.0,632.0
Virginia Rail,11,1,Nov_W1,0.0,369.0
Virginia Rail,11,2,Nov_W2,0.0,337.0
Virginia Rail,11,3,Nov_W3,0.0,346.0
Virginia Rail,11,4,Nov_W4,0.0,492.0
Virginia Rail,12,1,Dec_W1,0.0,303.0
Virginia Rail,12,2,Dec_W2,0.0,335.0
Virginia Rail,12,3,Dec_W3,0.0,681.0
Virginia Rail,12,4,Dec_W4,0.0,600.0
Sora,1,1,Jan_W1,0.0,823.0
Sora,1,2,Jan_W2,0.0,535.0
Sora,1,3,Jan_W3,0.0,472.0
Sora,1,4,Jan_W4,0.0,644.0
Sora,2,1,Feb_W1,0.0,490.0
Sora,2,2,Feb_W2,0.0,589.0
Sora,2,3,Feb_W3,0.0,787.0
Sora,2,4,Feb_W4,0.0,427.0
Sora,3,1,Mar_W1,0.0,558.0
Sora,3,2,Mar_W2,0.0,649.0
Sora,3,3,Mar_W3,0.0,710.0
Sora,3,4,Mar_W4,0.0,1110.0
Sora,4,1,Apr_W1,0.0,899.0
Sora,4,2,Apr_W2,0.0,1344.0
Sora,4,3,Apr_W3,0.0009662,1035.0
Sora,4,4,Apr_W4,0.0225225,1332.0
Sora,5,1,May_W1,0.0467654,1283.0
Sora,5,2,May_W2,0.0499351,1542.0
Sora,5,3,May_W3,0.047968,1501.0
Sora,5,4,May_W4,0.0442594,2282.0
Sora,6,1,Jun_W1,0.0257766,1513.0
Sora,6,2,Jun_W2,0.0135714,1400.0
Sora,6,3,Jun_W3,0.0213761,1497.0
Sora,6,4,Jun_W4,0.0205352,1607.0
Sora,7,1,Jul_W1,0.0109375,1280.0
Sora,7,2,Jul_W2,0.0061566,1137.0
Sora,7,3,Jul_W3,0.0070671,1132.0
Sora,7,4,Jul_W4,0.0075967,1448.0
Sora,8,1,Aug_W1,0.005994,1001.0
Sora,8,2,Aug_W2,0.0099502,804.0
Sora,8,3,Aug_W3,0.0107656,836.0
Sora,8,4,Aug_W4,0.0067633,1035.0
Sora,9,1,Sep_W1,0.0047319,634.0
Sora,9,2,Sep_W2,0.001221,819.0
Sora,9,3,Sep_W3,0.0045662,657.0
Sora,9,4,Sep_W4,0.002611,766.0
Sora,10,1,Oct_W1,0.0015,505.0
Sora,10,2,Oct_W2,0.0,568.0
Sora,10,3,Oct_W3,0.001912,523.0
Sora,10,4,Oct_W4,0.0015823,632.0
Sora,11,1,Nov_W1,0.0,369.0
Sora,11,2,Nov_W2,0.0,337.0
Sora,11,3,Nov_W3,0.0,346.0
Sora,11,4,Nov_W4,0.0,492.0
Sora,12,1,Dec_W1,0.0,303.0
Sora,12,2,Dec_W2,0.0,335.0
Sora,12,3,Dec_W3,0.0,681.0
Sora,12,4,Dec_W4,0.0,600.0
Common Gallinule,1,1,Jan_W1,0.0,823.0
Common Gallinule,1,2,Jan_W2,0.0,535.0
Common Gallinule,1,3,Jan_W3,0.0,472.0
Common Gallinule,1,4,Jan_W4,0.0,644.0
Common Gallinule,2,1,Feb_W1,0.0,490.0
Common Gallinule,2,2,Feb_W2,0.0,589.0
Common Gallinule,2,3,Feb_W3,0.0,787.0
Common Gallinule,2,4,Feb_W4,0.0,427.0
Common Gallinule,3,1,Mar_W1,0.0,558.0
Common Gallinule,3,2,Mar_W2,0.0,649.0
Common Gallinule,3,3,Mar_W3,0.0,710.0
Common Gallinule,3,4,Mar_W4,0.0,1110.0
Common Gallinule,4,1,Apr_W1,0.0,899.0
Common Gallinule,4,2,Apr_W2,0.0,1344.0
Common Gallinule,4,3,Apr_W3,0.0,1035.0
Common Gallinule,4,4,Apr_W4,0.0,1332.0
Common Gallinule,5,1,May_W1,0.0,1283.0
Common Gallinule,5,2,May_W2,0.0006485,1542.0
Common Gallinule,5,3,May_W3,0.0006662,1501.0
Common Gallinule,5,4,May_W4,0.0008764,2282.0
Common Gallinule,6,1,Jun_W1,0.0052875,1513.0
Common Gallinule,6,2,Jun_W2,0.0021429,1400.0
Common Gallinule,6,3,Jun_W3,0.0,1497.0
Common Gallinule,6,4,Jun_W4,0.0,1607.0
Common Gallinule,7,1,Jul_W1,0.0007813,1280.0
Common Gallinule,7,2,Jul_W2,0.0,1137.0
Common Gallinule,7,3,Jul_W3,0.0017668,1132.0
Common Gallinule,7,4,Jul_W4,0.0027624,1448.0
Common Gallinule,8,1,Aug_W1,0.000999,1001.0
Common Gallinule,8,2,Aug_W2,0.0012438,804.0
Common Gallinule,8,3,Aug_W3,0.0011962,836.0
Common Gallinule,8,4,Aug_W4,0.0009662,1035.0
Common Gallinule,9,1,Sep_W1,0.0015773,634.0
Common Gallinule,9,2,Sep_W2,0.003663,819.0
Common Gallinule,9,3,Sep_W3,0.0015221,657.0
Common Gallinule,9,4,Sep_W4,0.0013055,766.0
Common Gallinule,10,1,Oct_W1,0.0,505.0
Common Gallinule,10,2,Oct_W2,0.0,568.0
Common Gallinule,10,3,Oct_W3,0.0,523.0
Common Gallinule,10,4,Oct_W4,0.0,632.0
Common Gallinule,11,1,Nov_W1,0.0,369.0
Common Gallinule,11,2,Nov_W2,0.0,337.0
Common Gallinule,11,3,Nov_W3,0.0,346.0
Common Gallinule,11,4,Nov_W4,0.0,492.0
Common Gallinule,12,1,Dec_W1,0.0,303.0
Common Gallinule,12,2,Dec_W2,0.0,335.0
Common Gallinule,12,3,Dec_W3,0.0,681.0
Common Gallinule,12,4,Dec_W4,0.0,600.0
American Coot,1,1,Jan_W1,0.0012151,823.0
American Coot,1,2,Jan_W2,0.0,535.0
American Coot,1,3,Jan_W3,0.0,472.0
American Coot,1,4,Jan_W4,0.0,644.0
American Coot,2,1,Feb_W1,0.0,490.0
American Coot,2,2,Feb_W2,0.0,589.0
American Coot,2,3,Feb_W3,0.0,787.0
American Coot,2,4,Feb_W4,0.0,427.0
American Coot,3,1,Mar_W1,0.0,558.0
American Coot,3,2,Mar_W2,0.0,649.0
American Coot,3,3,Mar_W3,0.0,710.0
American Coot,3,4,Mar_W4,0.0045045,1110.0
American Coot,4,1,Apr_W1,0.0100111,899.0
American Coot,4,2,Apr_W2,0.0208333,1344.0
American Coot,4,3,Apr_W3,0.0328502,1035.0
American Coot,4,4,Apr_W4,0.0247748,1332.0
American Coot,5,1,May_W1,0.0187062,1283.0
American Coot,5,2,May_W2,0.0084306,1542.0
American Coot,5,3,May_W3,0.005996,1501.0
American Coot,5,4,May_W4,0.0043821,2282.0
American Coot,6,1,Jun_W1,0.0013219,1513.0
American Coot,6,2,Jun_W2,0.0007143,1400.0
American Coot,6,3,Jun_W3,0.002672,1497.0
American Coot,6,4,Jun_W4,0.0006223,1607.0
American Coot,7,1,Jul_W1,0.0,1280.0
American Coot,7,2,Jul_W2,0.0008795,1137.0
American Coot,7,3,Jul_W3,0.0,1132.0
American Coot,7,4,Jul_W4,0.0006906,1448.0
American Coot,8,1,Aug_W1,0.0,1001.0
American Coot,8,2,Aug_W2,0.0012438,804.0
American Coot,8,3,Aug_W3,0.0,836.0
American Coot,8,4,Aug_W4,0.0009662,1035.0
American Coot,9,1,Sep_W1,0.0,634.0
American Coot,9,2,Sep_W2,0.001221,819.0
American Coot,9,3,Sep_W3,0.0015221,657.0
American Coot,9,4,Sep_W4,0.002611,766.0
American Coot,10,1,Oct_W1,0.0039604,505.0
American Coot,10,2,Oct_W2,0.0105634,568.0
American Coot,10,3,Oct_W3,0.0095602,523.0
American Coot,10,4,Oct_W4,0.0031646,632.0
American Coot,11,1,Nov_W1,0.0108401,369.0
American Coot,11,2,Nov_W2,0.0059347,337.0
American Coot,11,3,Nov_W3,0.0115607,346.0
American Coot,11,4,Nov_W4,0.0,492.0
American Coot,12,1,Dec_W1,0.0,303.0
American Coot,12,2,Dec_W2,0.0029851,335.0
American Coot,12,3,Dec_W3,0.0,681.0
American Coot,12,4,Dec_W4,0.0,600.0
Yellow Rail,1,1,Jan_W1,0.0,823.0
Yellow Rail,1,2,Jan_W2,0.0,535.0
Yellow Rail,1,3,Jan_W3,0.0,472.0
Yellow Rail,1,4,Jan_W4,0.0,644.0
Yellow Rail,2,1,Feb_W1,0.0,490.0
Yellow Rail,2,2,Feb_W2,0.0,589.0
Yellow Rail,2,3,Feb_W3,0.0,787.0
Yellow Rail,2,4,Feb_W4,0.0,427.0
Yellow Rail,3,1,Mar_W1,0.0,558.0
Yellow Rail,3,2,Mar_W2,0.0,649.0
Yellow Rail,3,3,Mar_W3,0.0,710.0
Yellow Rail,3,4,Mar_W4,0.0,1110.0
Yellow Rail,4,1,Apr_W1,0.0,899.0
Yellow Rail,4,2,Apr_W2,0.0,1344.0
Yellow Rail,4,3,Apr_W3,0.0009662,1035.0
Yellow Rail,4,4,Apr_W4,0.0,1332.0
Yellow Rail,5,1,May_W1,0.0,1283.0
Yellow Rail,5,2,May_W2,0.0,1542.0
Yellow Rail,5,3,May_W3,0.0,1501.0
Yellow Rail,5,4,May_W4,0.0,2282.0
Yellow Rail,6,1,Jun_W1,0.0,1513.0
Yellow Rail,6,2,Jun_W2,0.0,1400.0
Yellow Rail,6,3,Jun_W3,0.0,1497.0
Yellow Rail,6,4,Jun_W4,0.0,1607.0
Yellow Rail,7,1,Jul_W1,0.0,1280.0
Yellow Rail,7,2,Jul_W2,0.0,1137.0
Yellow Rail,7,3,Jul_W3,0.0,1132.0
Yellow Rail,7,4,Jul_W4,0.0,1448.0
Yellow Rail,8,1,Aug_W1,0.0,1001.0
Yellow Rail,8,2,Aug_W2,0.0,804.0
Yellow Rail,8,3,Aug_W3,0.0,836.0
Yellow Rail,8,4,Aug_W4,0.0,1035.0
Yellow Rail,9,1,Sep_W1,0.0,634.0
Yellow Rail,9,2,Sep_W2,0.0,819.0
Yellow Rail,9,3,Sep_W3,0.0,657.0
Yellow Rail,9,4,Sep_W4,0.0,766.0
Yellow Rail,10,1,Oct_W1,0.0,505.0
Yellow Rail,10,2,Oct_W2,0.0,568.0
Yellow Rail,10,3,Oct_W3,0.0,523.0
Yellow Rail,10,4,Oct_W4,0.0,632.0
Yellow Rail,11,1,Nov_W1,0.0,369.0
Yellow Rail,11,2,Nov_W2,0.0,337.0
Yellow Rail,11,3,Nov_W3,0.0,346.0
Yellow Rail,11,4,Nov_W4,0.0,492.0
Yellow Rail,12,1,Dec_W1,0.0,303.0
Yellow Rail,12,2,Dec_W2,0.0,335.0
Yellow Rail,12,3,Dec_W3,0.0,681.0
Yellow Rail,12,4,Dec_W4,0.0,600.0
Sandhill Crane,1,1,Jan_W1,0.0,823.0
Sandhill Crane,1,2,Jan_W2,0.0,535.0
Sandhill Crane,1,3,Jan_W3,0.0,472.0
Sandhill Crane,1,4,Jan_W4,0.0,644.0
Sandhill Crane,2,1,Feb_W1,0.0,490.0
Sandhill Crane,2,2,Feb_W2,0.0,589.0
Sandhill Crane,2,3,Feb_W3,0.0,787.0
Sandhill Crane,2,4,Feb_W4,0.0,427.0
Sandhill Crane,3,1,Mar_W1,0.0125448,558.0
Sandhill Crane,3,2,Mar_W2,0.0585516,649.0
Sandhill Crane,3,3,Mar_W3,0.1084507,710.0
Sandhill Crane,3,4,Mar_W4,0.2162162,1110.0
Sandhill Crane,4,1,Apr_W1,0.2480534,899.0
Sandhill Crane,4,2,Apr_W2,0.2581845,1344.0
Sandhill Crane,4,3,Apr_W3,0.2772947,1035.0
Sandhill Crane,4,4,Apr_W4,0.2282282,1332.0
Sandhill Crane,5,1,May_W1,0.2159002,1283.0
Sandhill Crane,5,2,May_W2,0.1692607,1542.0
Sandhill Crane,5,3,May_W3,0.1292472,1501.0
Sandhill Crane,5,4,May_W4,0.1340929,2282.0
Sandhill Crane,6,1,Jun_W1,0.096497,1513.0
Sandhill Crane,6,2,Jun_W2,0.0942857,1400.0
Sandhill Crane,6,3,Jun_W3,0.0961924,1497.0
Sandhill Crane,6,4,Jun_W4,0.0528936,1607.0
Sandhill Crane,7,1,Jul_W1,0.06875,1280.0
Sandhill Crane,7,2,Jul_W2,0.0712401,1137.0
Sandhill Crane,7,3,Jul_W3,0.0680212,1132.0
Sandhill Crane,7,4,Jul_W4,0.0725138,1448.0
Sandhill Crane,8,1,Aug_W1,0.0649351,1001.0
Sandhill Crane,8,2,Aug_W2,0.0833333,804.0
Sandhill Crane,8,3,Aug_W3,0.0837321,836.0
Sandhill Crane,8,4,Aug_W4,0.0850242,1035.0
Sandhill Crane,9,1,Sep_W1,0.0914826,634.0
Sandhill Crane,9,2,Sep_W2,0.1123321,819.0
Sandhill Crane,9,3,Sep_W3,0.0806697,657.0
Sandhill Crane,9,4,Sep_W4,0.0887728,766.0
Sandhill Crane,10,1,Oct_W1,0.0653465,505.0
Sandhill Crane,10,2,Oct_W2,0.0510563,568.0
Sandhill Crane,10,3,Oct_W3,0.0554493,523.0
Sandhill Crane,10,4,Oct_W4,0.0142405,632.0
Sandhill Crane,11,1,Nov_W1,0.0216802,369.0
Sandhill Crane,11,2,Nov_W2,0.0059347,337.0
Sandhill Crane,11,3,Nov_W3,0.0028902,346.0
Sandhill Crane,11,4,Nov_W4,0.0020325,492.0
Sandhill Crane,12,1,Dec_W1,0.0,303.0
Sandhill Crane,12,2,Dec_W2,0.0015,335.0
Sandhill Crane,12,3,Dec_W3,0.0,681.0
Sandhill Crane,12,4,Dec_W4,0.0,600.0
American Avocet,1,1,Jan_W1,0.0,823.0
American Avocet,1,2,Jan_W2,0.0,535.0
American Avocet,1,3,Jan_W3,0.0,472.0
American Avocet,1,4,Jan_W4,0.0,644.0
American Avocet,2,1,Feb_W1,0.0,490.0
American Avocet,2,2,Feb_W2,0.0,589.0
American Avocet,2,3,Feb_W3,0.0,787.0
American Avocet,2,4,Feb_W4,0.0,427.0
American Avocet,3,1,Mar_W1,0.0,558.0
American Avocet,3,2,Mar_W2,0.0,649.0
American Avocet,3,3,Mar_W3,0.0,710.0
American Avocet,3,4,Mar_W4,0.0,1110.0
American Avocet,4,1,Apr_W1,0.0,899.0
American Avocet,4,2,Apr_W2,0.0,1344.0
American Avocet,4,3,Apr_W3,0.0,1035.0
American Avocet,4,4,Apr_W4,0.0,1332.0
American Avocet,5,1,May_W1,0.0,1283.0
American Avocet,5,2,May_W2,0.0,1542.0
American Avocet,5,3,May_W3,0.0,1501.0
American Avocet,5,4,May_W4,0.0,2282.0
American Avocet,6,1,Jun_W1,0.0,1513.0
American Avocet,6,2,Jun_W2,0.0,1400.0
American Avocet,6,3,Jun_W3,0.0,1497.0
American Avocet,6,4,Jun_W4,0.0006223,1607.0
American Avocet,7,1,Jul_W1,0.0015625,1280.0
American Avocet,7,2,Jul_W2,0.0,1137.0
American Avocet,7,3,Jul_W3,0.0026502,1132.0
American Avocet,7,4,Jul_W4,0.0,1448.0
American Avocet,8,1,Aug_W1,0.0,1001.0
American Avocet,8,2,Aug_W2,0.0012438,804.0
American Avocet,8,3,Aug_W3,0.0,836.0
American Avocet,8,4,Aug_W4,0.0,1035.0
American Avocet,9,1,Sep_W1,0.0,634.0
American Avocet,9,2,Sep_W2,0.0,819.0
American Avocet,9,3,Sep_W3,0.0,657.0
American Avocet,9,4,Sep_W4,0.0,766.0
American Avocet,10,1,Oct_W1,0.0,505.0
American Avocet,10,2,Oct_W2,0.0,568.0
American Avocet,10,3,Oct_W3,0.0,523.0
American Avocet,10,4,Oct_W4,0.0,632.0
American Avocet,11,1,Nov_W1,0.0,369.0
American Avocet,11,2,Nov_W2,0.0,337.0
American Avocet,11,3,Nov_W3,0.0,346.0
American Avocet,11,4,Nov_W4,0.0,492.0
American Avocet,12,1,Dec_W1,0.0,303.0
American Avocet,12,2,Dec_W2,0.0,335.0
American Avocet,12,3,Dec_W3,0.0,681.0
American Avocet,12,4,Dec_W4,0.0,600.0
Black-bellied Plover,1,1,Jan_W1,0.0,823.0
Black-bellied Plover,1,2,Jan_W2,0.0,535.0
Black-bellied Plover,1,3,Jan_W3,0.0,472.0
Black-bellied Plover,1,4,Jan_W4,0.0,644.0
Black-bellied Plover,2,1,Feb_W1,0.0,490.0
Black-bellied Plover,2,2,Feb_W2,0.0,589.0
Black-bellied Plover,2,3,Feb_W3,0.0,787.0
Black-bellied Plover,2,4,Feb_W4,0.0,427.0
Black-bellied Plover,3,1,Mar_W1,0.0,558.0
Black-bellied Plover,3,2,Mar_W2,0.0,649.0
Black-bellied Plover,3,3,Mar_W3,0.0,710.0
Black-bellied Plover,3,4,Mar_W4,0.0,1110.0
Black-bellied Plover,4,1,Apr_W1,0.0,899.0
Black-bellied Plover,4,2,Apr_W2,0.0,1344.0
Black-bellied Plover,4,3,Apr_W3,0.0,1035.0
Black-bellied Plover,4,4,Apr_W4,0.0,1332.0
Black-bellied Plover,5,1,May_W1,0.0007794,1283.0
Black-bellied Plover,5,2,May_W2,0.002594,1542.0
Black-bellied Plover,5,3,May_W3,0.0026649,1501.0
Black-bellied Plover,5,4,May_W4,0.006135,2282.0
Black-bellied Plover,6,1,Jun_W1,0.0013219,1513.0
Black-bellied Plover,6,2,Jun_W2,0.0007143,1400.0
Black-bellied Plover,6,3,Jun_W3,0.000668,1497.0
Black-bellied Plover,6,4,Jun_W4,0.0015,1607.0
Black-bellied Plover,7,1,Jul_W1,0.0,1280.0
Black-bellied Plover,7,2,Jul_W2,0.0,1137.0
Black-bellied Plover,7,3,Jul_W3,0.0,1132.0
Black-bellied Plover,7,4,Jul_W4,0.0,1448.0
Black-bellied Plover,8,1,Aug_W1,0.0,1001.0
Black-bellied Plover,8,2,Aug_W2,0.0,804.0
Black-bellied Plover,8,3,Aug_W3,0.0059809,836.0
Black-bellied Plover,8,4,Aug_W4,0.0009662,1035.0
Black-bellied Plover,9,1,Sep_W1,0.0,634.0
Black-bellied Plover,9,2,Sep_W2,0.004884,819.0
Black-bellied Plover,9,3,Sep_W3,0.0015221,657.0
Black-bellied Plover,9,4,Sep_W4,0.0039164,766.0
Black-bellied Plover,10,1,Oct_W1,0.0015,505.0
Black-bellied Plover,10,2,Oct_W2,0.0017606,568.0
Black-bellied Plover,10,3,Oct_W3,0.001912,523.0
Black-bellied Plover,10,4,Oct_W4,0.0,632.0
Black-bellied Plover,11,1,Nov_W1,0.0,369.0
Black-bellied Plover,11,2,Nov_W2,0.0,337.0
Black-bellied Plover,11,3,Nov_W3,0.0,346.0
Black-bellied Plover,11,4,Nov_W4,0.0,492.0
Black-bellied Plover,12,1,Dec_W1,0.0,303.0
Black-bellied Plover,12,2,Dec_W2,0.0,335.0
Black-bellied Plover,12,3,Dec_W3,0.0,681.0
Black-bellied Plover,12,4,Dec_W4,0.0,600.0
American Golden-Plover,1,1,Jan_W1,0.0,823.0
American Golden-Plover,1,2,Jan_W2,0.0,535.0
American Golden-Plover,1,3,Jan_W3,0.0,472.0
American Golden-Plover,1,4,Jan_W4,0.0,644.0
American Golden-Plover,2,1,Feb_W1,0.0,490.0
American Golden-Plover,2,2,Feb_W2,0.0,589.0
American Golden-Plover,2,3,Feb_W3,0.0,787.0
American Golden-Plover,2,4,Feb_W4,0.0,427.0
American Golden-Plover,3,1,Mar_W1,0.0,558.0
American Golden-Plover,3,2,Mar_W2,0.0,649.0
American Golden-Plover,3,3,Mar_W3,0.0,710.0
American Golden-Plover,3,4,Mar_W4,0.0,1110.0
American Golden-Plover,4,1,Apr_W1,0.0,899.0
American Golden-Plover,4,2,Apr_W2,0.0,1344.0
American Golden-Plover,4,3,Apr_W3,0.0,1035.0
American Golden-Plover,4,4,Apr_W4,0.0,1332.0
American Golden-Plover,5,1,May_W1,0.0,1283.0
American Golden-Plover,5,2,May_W2,0.0,1542.0
American Golden-Plover,5,3,May_W3,0.0006662,1501.0
American Golden-Plover,5,4,May_W4,0.0,2282.0
American Golden-Plover,6,1,Jun_W1,0.0,1513.0
American Golden-Plover,6,2,Jun_W2,0.0,1400.0
American Golden-Plover,6,3,Jun_W3,0.0015,1497.0
American Golden-Plover,6,4,Jun_W4,0.0,1607.0
American Golden-Plover,7,1,Jul_W1,0.0,1280.0
American Golden-Plover,7,2,Jul_W2,0.0,1137.0
American Golden-Plover,7,3,Jul_W3,0.0,1132.0
American Golden-Plover,7,4,Jul_W4,0.0,1448.0
American Golden-Plover,8,1,Aug_W1,0.0,1001.0
American Golden-Plover,8,2,Aug_W2,0.0,804.0
American Golden-Plover,8,3,Aug_W3,0.0,836.0
American Golden-Plover,8,4,Aug_W4,0.0,1035.0
American Golden-Plover,9,1,Sep_W1,0.0,634.0
American Golden-Plover,9,2,Sep_W2,0.007326,819.0
American Golden-Plover,9,3,Sep_W3,0.0121766,657.0
American Golden-Plover,9,4,Sep_W4,0.0039164,766.0
American Golden-Plover,10,1,Oct_W1,0.0,505.0
American Golden-Plover,10,2,Oct_W2,0.0035211,568.0
American Golden-Plover,10,3,Oct_W3,0.0,523.0
American Golden-Plover,10,4,Oct_W4,0.0,632.0
American Golden-Plover,11,1,Nov_W1,0.0,369.0
American Golden-Plover,11,2,Nov_W2,0.0,337.0
American Golden-Plover,11,3,Nov_W3,0.0,346.0
American Golden-Plover,11,4,Nov_W4,0.0,492.0
American Golden-Plover,12,1,Dec_W1,0.0,303.0
American Golden-Plover,12,2,Dec_W2,0.0,335.0
American Golden-Plover,12,3,Dec_W3,0.0,681.0
American Golden-Plover,12,4,Dec_W4,0.0,600.0
Killdeer,1,1,Jan_W1,0.0,823.0
Killdeer,1,2,Jan_W2,0.0,535.0
Killdeer,1,3,Jan_W3,0.0,472.0
Killdeer,1,4,Jan_W4,0.0,644.0
Killdeer,2,1,Feb_W1,0.0,490.0
Killdeer,2,2,Feb_W2,0.0,589.0
Killdeer,2,3,Feb_W3,0.0,787.0
Killdeer,2,4,Feb_W4,0.0023419,427.0
Killdeer,3,1,Mar_W1,0.0125448,558.0
Killdeer,3,2,Mar_W2,0.01849,649.0
Killdeer,3,3,Mar_W3,0.0422535,710.0
Killdeer,3,4,Mar_W4,0.0648649,1110.0
Killdeer,4,1,Apr_W1,0.1323693,899.0
Killdeer,4,2,Apr_W2,0.1622024,1344.0
Killdeer,4,3,Apr_W3,0.152657,1035.0
Killdeer,4,4,Apr_W4,0.1756757,1332.0
Killdeer,5,1,May_W1,0.1613406,1283.0
Killdeer,5,2,May_W2,0.1627756,1542.0
Killdeer,5,3,May_W3,0.1512325,1501.0
Killdeer,5,4,May_W4,0.1560035,2282.0
Killdeer,6,1,Jun_W1,0.1625909,1513.0
Killdeer,6,2,Jun_W2,0.1278571,1400.0
Killdeer,6,3,Jun_W3,0.1275885,1497.0
Killdeer,6,4,Jun_W4,0.100809,1607.0
Killdeer,7,1,Jul_W1,0.1015625,1280.0
Killdeer,7,2,Jul_W2,0.0844327,1137.0
Killdeer,7,3,Jul_W3,0.0724382,1132.0
Killdeer,7,4,Jul_W4,0.0690608,1448.0
Killdeer,8,1,Aug_W1,0.0819181,1001.0
Killdeer,8,2,Aug_W2,0.0758706,804.0
Killdeer,8,3,Aug_W3,0.0490431,836.0
Killdeer,8,4,Aug_W4,0.0289855,1035.0
Killdeer,9,1,Sep_W1,0.0362776,634.0
Killdeer,9,2,Sep_W2,0.04884,819.0
Killdeer,9,3,Sep_W3,0.0304414,657.0
Killdeer,9,4,Sep_W4,0.0365535,766.0
Killdeer,10,1,Oct_W1,0.0277228,505.0
Killdeer,10,2,Oct_W2,0.0264085,568.0
Killdeer,10,3,Oct_W3,0.0152964,523.0
Killdeer,10,4,Oct_W4,0.0063291,632.0
Killdeer,11,1,Nov_W1,0.0054201,369.0
Killdeer,11,2,Nov_W2,0.0029674,337.0
Killdeer,11,3,Nov_W3,0.0,346.0
Killdeer,11,4,Nov_W4,0.0,492.0
Killdeer,12,1,Dec_W1,0.0,303.0
Killdeer,12,2,Dec_W2,0.0,335.0
Killdeer,12,3,Dec_W3,0.0,681.0
Killdeer,12,4,Dec_W4,0.0,600.0
Semipalmated Plover,1,1,Jan_W1,0.0,823.0
Semipalmated Plover,1,2,Jan_W2,0.0,535.0
Semipalmated Plover,1,3,Jan_W3,0.0,472.0
Semipalmated Plover,1,4,Jan_W4,0.0,644.0
Semipalmated Plover,2,1,Feb_W1,0.0,490.0
Semipalmated Plover,2,2,Feb_W2,0.0,589.0
Semipalmated Plover,2,3,Feb_W3,0.0,787.0
Semipalmated Plover,2,4,Feb_W4,0.0,427.0
Semipalmated Plover,3,1,Mar_W1,0.0,558.0
Semipalmated Plover,3,2,Mar_W2,0.0,649.0
Semipalmated Plover,3,3,Mar_W3,0.0,710.0
Semipalmated Plover,3,4,Mar_W4,0.0,1110.0
Semipalmated Plover,4,1,Apr_W1,0.0,899.0
Semipalmated Plover,4,2,Apr_W2,0.0,1344.0
Semipalmated Plover,4,3,Apr_W3,0.0,1035.0
Semipalmated Plover,4,4,Apr_W4,0.0,1332.0
Semipalmated Plover,5,1,May_W1,0.0,1283.0
Semipalmated Plover,5,2,May_W2,0.0058366,1542.0
Semipalmated Plover,5,3,May_W3,0.0166556,1501.0
Semipalmated Plover,5,4,May_W4,0.0223488,2282.0
Semipalmated Plover,6,1,Jun_W1,0.02115,1513.0
Semipalmated Plover,6,2,Jun_W2,0.0085714,1400.0
Semipalmated Plover,6,3,Jun_W3,0.004008,1497.0
Semipalmated Plover,6,4,Jun_W4,0.0024891,1607.0
Semipalmated Plover,7,1,Jul_W1,0.0,1280.0
Semipalmated Plover,7,2,Jul_W2,0.0,1137.0
Semipalmated Plover,7,3,Jul_W3,0.0008834,1132.0
Semipalmated Plover,7,4,Jul_W4,0.0089779,1448.0
Semipalmated Plover,8,1,Aug_W1,0.003996,1001.0
Semipalmated Plover,8,2,Aug_W2,0.0136816,804.0
Semipalmated Plover,8,3,Aug_W3,0.0263158,836.0
Semipalmated Plover,8,4,Aug_W4,0.0231884,1035.0
Semipalmated Plover,9,1,Sep_W1,0.044164,634.0
Semipalmated Plover,9,2,Sep_W2,0.023199,819.0
Semipalmated Plover,9,3,Sep_W3,0.0182648,657.0
Semipalmated Plover,9,4,Sep_W4,0.0117493,766.0
Semipalmated Plover,10,1,Oct_W1,0.009901,505.0
Semipalmated Plover,10,2,Oct_W2,0.0035211,568.0
Semipalmated Plover,10,3,Oct_W3,0.0,523.0
Semipalmated Plover,10,4,Oct_W4,0.0,632.0
Semipalmated Plover,11,1,Nov_W1,0.0,369.0
Semipalmated Plover,11,2,Nov_W2,0.0,337.0
Semipalmated Plover,11,3,Nov_W3,0.0,346.0
Semipalmated Plover,11,4,Nov_W4,0.0,492.0
Semipalmated Plover,12,1,Dec_W1,0.0,303.0
Semipalmated Plover,12,2,Dec_W2,0.0,335.0
Semipalmated Plover,12,3,Dec_W3,0.0,681.0
Semipalmated Plover,12,4,Dec_W4,0.0,600.0
Piping Plover,1,1,Jan_W1,0.0,823.0
Piping Plover,1,2,Jan_W2,0.0,535.0
Piping Plover,1,3,Jan_W3,0.0,472.0
Piping Plover,1,4,Jan_W4,0.0,644.0
Piping Plover,2,1,Feb_W1,0.0,490.0
Piping Plover,2,2,Feb_W2,0.0,589.0
Piping Plover,2,3,Feb_W3,0.0,787.0
Piping Plover,2,4,Feb_W4,0.0,427.0
Piping Plover,3,1,Mar_W1,0.0,558.0
Piping Plover,3,2,Mar_W2,0.0,649.0
Piping Plover,3,3,Mar_W3,0.0,710.0
Piping Plover,3,4,Mar_W4,0.0,1110.0
Piping Plover,4,1,Apr_W1,0.0,899.0
Piping Plover,4,2,Apr_W2,0.016369,1344.0
Piping Plover,4,3,Apr_W3,0.0231884,1035.0
Piping Plover,4,4,Apr_W4,0.0495495,1332.0
Piping Plover,5,1,May_W1,0.0428683,1283.0
Piping Plover,5,2,May_W2,0.0440986,1542.0
Piping Plover,5,3,May_W3,0.0493005,1501.0
Piping Plover,5,4,May_W4,0.0670465,2282.0
Piping Plover,6,1,Jun_W1,0.0839392,1513.0
Piping Plover,6,2,Jun_W2,0.0757143,1400.0
Piping Plover,6,3,Jun_W3,0.0734803,1497.0
Piping Plover,6,4,Jun_W4,0.0715619,1607.0
Piping Plover,7,1,Jul_W1,0.0859375,1280.0
Piping Plover,7,2,Jul_W2,0.0861917,1137.0
Piping Plover,7,3,Jul_W3,0.0759717,1132.0
Piping Plover,7,4,Jul_W4,0.0469613,1448.0
Piping Plover,8,1,Aug_W1,0.020979,1001.0
Piping Plover,8,2,Aug_W2,0.0161692,804.0
Piping Plover,8,3,Aug_W3,0.0167464,836.0
Piping Plover,8,4,Aug_W4,0.0164251,1035.0
Piping Plover,9,1,Sep_W1,0.0205047,634.0
Piping Plover,9,2,Sep_W2,0.004884,819.0
Piping Plover,9,3,Sep_W3,0.0045662,657.0
Piping Plover,9,4,Sep_W4,0.0,766.0
Piping Plover,10,1,Oct_W1,0.0,505.0
Piping Plover,10,2,Oct_W2,0.0,568.0
Piping Plover,10,3,Oct_W3,0.0,523.0
Piping Plover,10,4,Oct_W4,0.0,632.0
Piping Plover,11,1,Nov_W1,0.0,369.0
Piping Plover,11,2,Nov_W2,0.0,337.0
Piping Plover,11,3,Nov_W3,0.0,346.0
Piping Plover,11,4,Nov_W4,0.0,492.0
Piping Plover,12,1,Dec_W1,0.0,303.0
Piping Plover,12,2,Dec_W2,0.0,335.0
Piping Plover,12,3,Dec_W3,0.0,681.0
Piping Plover,12,4,Dec_W4,0.0,600.0
Upland Sandpiper,1,1,Jan_W1,0.0,823.0
Upland Sandpiper,1,2,Jan_W2,0.0,535.0
Upland Sandpiper,1,3,Jan_W3,0.0,472.0
Upland Sandpiper,1,4,Jan_W4,0.0,644.0
Upland Sandpiper,2,1,Feb_W1,0.0,490.0
Upland Sandpiper,2,2,Feb_W2,0.0,589.0
Upland Sandpiper,2,3,Feb_W3,0.0,787.0
Upland Sandpiper,2,4,Feb_W4,0.0,427.0
Upland Sandpiper,3,1,Mar_W1,0.0,558.0
Upland Sandpiper,3,2,Mar_W2,0.0,649.0
Upland Sandpiper,3,3,Mar_W3,0.0,710.0
Upland Sandpiper,3,4,Mar_W4,0.0,1110.0
Upland Sandpiper,4,1,Apr_W1,0.0,899.0
Upland Sandpiper,4,2,Apr_W2,0.0,1344.0
Upland Sandpiper,4,3,Apr_W3,0.0019324,1035.0
Upland Sandpiper,4,4,Apr_W4,0.0142643,1332.0
Upland Sandpiper,5,1,May_W1,0.014809,1283.0
Upland Sandpiper,5,2,May_W2,0.0110246,1542.0
Upland Sandpiper,5,3,May_W3,0.0153231,1501.0
Upland Sandpiper,5,4,May_W4,0.0100789,2282.0
Upland Sandpiper,6,1,Jun_W1,0.0158625,1513.0
Upland Sandpiper,6,2,Jun_W2,0.0171429,1400.0
Upland Sandpiper,6,3,Jun_W3,0.0153641,1497.0
Upland Sandpiper,6,4,Jun_W4,0.0149347,1607.0
Upland Sandpiper,7,1,Jul_W1,0.0101563,1280.0
Upland Sandpiper,7,2,Jul_W2,0.0087951,1137.0
Upland Sandpiper,7,3,Jul_W3,0.0017668,1132.0
Upland Sandpiper,7,4,Jul_W4,0.0027624,1448.0
Upland Sandpiper,8,1,Aug_W1,0.002997,1001.0
Upland Sandpiper,8,2,Aug_W2,0.0,804.0
Upland Sandpiper,8,3,Aug_W3,0.0,836.0
Upland Sandpiper,8,4,Aug_W4,0.0,1035.0
Upland Sandpiper,9,1,Sep_W1,0.0,634.0
Upland Sandpiper,9,2,Sep_W2,0.0,819.0
Upland Sandpiper,9,3,Sep_W3,0.0,657.0
Upland Sandpiper,9,4,Sep_W4,0.0,766.0
Upland Sandpiper,10,1,Oct_W1,0.0,505.0
Upland Sandpiper,10,2,Oct_W2,0.0,568.0
Upland Sandpiper,10,3,Oct_W3,0.0,523.0
Upland Sandpiper,10,4,Oct_W4,0.0,632.0
Upland Sandpiper,11,1,Nov_W1,0.0,369.0
Upland Sandpiper,11,2,Nov_W2,0.0,337.0
Upland Sandpiper,11,3,Nov_W3,0.0,346.0
Upland Sandpiper,11,4,Nov_W4,0.0,492.0
Upland Sandpiper,12,1,Dec_W1,0.0,303.0
Upland Sandpiper,12,2,Dec_W2,0.0,335.0
Upland Sandpiper,12,3,Dec_W3,0.0,681.0
Upland Sandpiper,12,4,Dec_W4,0.0,600.0
Hudsonian Whimbrel,1,1,Jan_W1,0.0,823.0
Hudsonian Whimbrel,1,2,Jan_W2,0.0,535.0
Hudsonian Whimbrel,1,3,Jan_W3,0.0,472.0
Hudsonian Whimbrel,1,4,Jan_W4,0.0,644.0
Hudsonian Whimbrel,2,1,Feb_W1,0.0,490.0
Hudsonian Whimbrel,2,2,Feb_W2,0.0,589.0
Hudsonian Whimbrel,2,3,Feb_W3,0.0,787.0
Hudsonian Whimbrel,2,4,Feb_W4,0.0,427.0
Hudsonian Whimbrel,3,1,Mar_W1,0.0,558.0
Hudsonian Whimbrel,3,2,Mar_W2,0.0,649.0
Hudsonian Whimbrel,3,3,Mar_W3,0.0,710.0
Hudsonian Whimbrel,3,4,Mar_W4,0.0,1110.0
Hudsonian Whimbrel,4,1,Apr_W1,0.0,899.0
Hudsonian Whimbrel,4,2,Apr_W2,0.0,1344.0
Hudsonian Whimbrel,4,3,Apr_W3,0.0,1035.0
Hudsonian Whimbrel,4,4,Apr_W4,0.0,1332.0
Hudsonian Whimbrel,5,1,May_W1,0.0,1283.0
Hudsonian Whimbrel,5,2,May_W2,0.0,1542.0
Hudsonian Whimbrel,5,3,May_W3,0.0015,1501.0
Hudsonian Whimbrel,5,4,May_W4,0.0035057,2282.0
Hudsonian Whimbrel,6,1,Jun_W1,0.0006609,1513.0
Hudsonian Whimbrel,6,2,Jun_W2,0.0,1400.0
Hudsonian Whimbrel,6,3,Jun_W3,0.001336,1497.0
Hudsonian Whimbrel,6,4,Jun_W4,0.0,1607.0
Hudsonian Whimbrel,7,1,Jul_W1,0.0,1280.0
Hudsonian Whimbrel,7,2,Jul_W2,0.0,1137.0
Hudsonian Whimbrel,7,3,Jul_W3,0.0,1132.0
Hudsonian Whimbrel,7,4,Jul_W4,0.0,1448.0
Hudsonian Whimbrel,8,1,Aug_W1,0.0,1001.0
Hudsonian Whimbrel,8,2,Aug_W2,0.0,804.0
Hudsonian Whimbrel,8,3,Aug_W3,0.0,836.0
Hudsonian Whimbrel,8,4,Aug_W4,0.0,1035.0
Hudsonian Whimbrel,9,1,Sep_W1,0.0,634.0
Hudsonian Whimbrel,9,2,Sep_W2,0.0,819.0
Hudsonian Whimbrel,9,3,Sep_W3,0.0,657.0
Hudsonian Whimbrel,9,4,Sep_W4,0.0,766.0
Hudsonian Whimbrel,10,1,Oct_W1,0.0,505.0
Hudsonian Whimbrel,10,2,Oct_W2,0.0,568.0
Hudsonian Whimbrel,10,3,Oct_W3,0.0,523.0
Hudsonian Whimbrel,10,4,Oct_W4,0.0,632.0
Hudsonian Whimbrel,11,1,Nov_W1,0.0,369.0
Hudsonian Whimbrel,11,2,Nov_W2,0.0,337.0
Hudsonian Whimbrel,11,3,Nov_W3,0.0,346.0
Hudsonian Whimbrel,11,4,Nov_W4,0.0,492.0
Hudsonian Whimbrel,12,1,Dec_W1,0.0,303.0
Hudsonian Whimbrel,12,2,Dec_W2,0.0,335.0
Hudsonian Whimbrel,12,3,Dec_W3,0.0,681.0
Hudsonian Whimbrel,12,4,Dec_W4,0.0,600.0
Marbled Godwit,1,1,Jan_W1,0.0,823.0
Marbled Godwit,1,2,Jan_W2,0.0,535.0
Marbled Godwit,1,3,Jan_W3,0.0,472.0
Marbled Godwit,1,4,Jan_W4,0.0,644.0
Marbled Godwit,2,1,Feb_W1,0.0,490.0
Marbled Godwit,2,2,Feb_W2,0.0,589.0
Marbled Godwit,2,3,Feb_W3,0.0,787.0
Marbled Godwit,2,4,Feb_W4,0.0,427.0
Marbled Godwit,3,1,Mar_W1,0.0,558.0
Marbled Godwit,3,2,Mar_W2,0.0,649.0
Marbled Godwit,3,3,Mar_W3,0.0,710.0
Marbled Godwit,3,4,Mar_W4,0.0,1110.0
Marbled Godwit,4,1,Apr_W1,0.0,899.0
Marbled Godwit,4,2,Apr_W2,0.0,1344.0
Marbled Godwit,4,3,Apr_W3,0.0,1035.0
Marbled Godwit,4,4,Apr_W4,0.0,1332.0
Marbled Godwit,5,1,May_W1,0.0,1283.0
Marbled Godwit,5,2,May_W2,0.0,1542.0
Marbled Godwit,5,3,May_W3,0.0015,1501.0
Marbled Godwit,5,4,May_W4,0.0,2282.0
Marbled Godwit,6,1,Jun_W1,0.0006609,1513.0
Marbled Godwit,6,2,Jun_W2,0.0007143,1400.0
Marbled Godwit,6,3,Jun_W3,0.0,1497.0
Marbled Godwit,6,4,Jun_W4,0.0,1607.0
Marbled Godwit,7,1,Jul_W1,0.0,1280.0
Marbled Godwit,7,2,Jul_W2,0.0015,1137.0
Marbled Godwit,7,3,Jul_W3,0.0,1132.0
Marbled Godwit,7,4,Jul_W4,0.0,1448.0
Marbled Godwit,8,1,Aug_W1,0.0,1001.0
Marbled Godwit,8,2,Aug_W2,0.0,804.0
Marbled Godwit,8,3,Aug_W3,0.0,836.0
Marbled Godwit,8,4,Aug_W4,0.0,1035.0
Marbled Godwit,9,1,Sep_W1,0.0,634.0
Marbled Godwit,9,2,Sep_W2,0.0,819.0
Marbled Godwit,9,3,Sep_W3,0.0,657.0
Marbled Godwit,9,4,Sep_W4,0.0,766.0
Marbled Godwit,10,1,Oct_W1,0.0,505.0
Marbled Godwit,10,2,Oct_W2,0.0,568.0
Marbled Godwit,10,3,Oct_W3,0.0,523.0
Marbled Godwit,10,4,Oct_W4,0.0,632.0
Marbled Godwit,11,1,Nov_W1,0.0,369.0
Marbled Godwit,11,2,Nov_W2,0.0,337.0
Marbled Godwit,11,3,Nov_W3,0.0,346.0
Marbled Godwit,11,4,Nov_W4,0.0,492.0
Marbled Godwit,12,1,Dec_W1,0.0,303.0
Marbled Godwit,12,2,Dec_W2,0.0,335.0
Marbled Godwit,12,3,Dec_W3,0.0,681.0
Marbled Godwit,12,4,Dec_W4,0.0,600.0
Short-billed Dowitcher,1,1,Jan_W1,0.0,823.0
Short-billed Dowitcher,1,2,Jan_W2,0.0,535.0
Short-billed Dowitcher,1,3,Jan_W3,0.0,472.0
Short-billed Dowitcher,1,4,Jan_W4,0.0,644.0
Short-billed Dowitcher,2,1,Feb_W1,0.0,490.0
Short-billed Dowitcher,2,2,Feb_W2,0.0,589.0
Short-billed Dowitcher,2,3,Feb_W3,0.0,787.0
Short-billed Dowitcher,2,4,Feb_W4,0.0,427.0
Short-billed Dowitcher,3,1,Mar_W1,0.0,558.0
Short-billed Dowitcher,3,2,Mar_W2,0.0,649.0
Short-billed Dowitcher,3,3,Mar_W3,0.0,710.0
Short-billed Dowitcher,3,4,Mar_W4,0.0,1110.0
Short-billed Dowitcher,4,1,Apr_W1,0.0,899.0
Short-billed Dowitcher,4,2,Apr_W2,0.0,1344.0
Short-billed Dowitcher,4,3,Apr_W3,0.0,1035.0
Short-billed Dowitcher,4,4,Apr_W4,0.0,1332.0
Short-billed Dowitcher,5,1,May_W1,0.0,1283.0
Short-billed Dowitcher,5,2,May_W2,0.0071336,1542.0
Short-billed Dowitcher,5,3,May_W3,0.0046636,1501.0
Short-billed Dowitcher,5,4,May_W4,0.0,2282.0
Short-billed Dowitcher,6,1,Jun_W1,0.0,1513.0
Short-billed Dowitcher,6,2,Jun_W2,0.0,1400.0
Short-billed Dowitcher,6,3,Jun_W3,0.0,1497.0
Short-billed Dowitcher,6,4,Jun_W4,0.0,1607.0
Short-billed Dowitcher,7,1,Jul_W1,0.0015,1280.0
Short-billed Dowitcher,7,2,Jul_W2,0.0015,1137.0
Short-billed Dowitcher,7,3,Jul_W3,0.0035336,1132.0
Short-billed Dowitcher,7,4,Jul_W4,0.0,1448.0
Short-billed Dowitcher,8,1,Aug_W1,0.0,1001.0
Short-billed Dowitcher,8,2,Aug_W2,0.0,804.0
Short-billed Dowitcher,8,3,Aug_W3,0.0,836.0
Short-billed Dowitcher,8,4,Aug_W4,0.0019324,1035.0
Short-billed Dowitcher,9,1,Sep_W1,0.0,634.0
Short-billed Dowitcher,9,2,Sep_W2,0.0,819.0
Short-billed Dowitcher,9,3,Sep_W3,0.0,657.0
Short-billed Dowitcher,9,4,Sep_W4,0.0,766.0
Short-billed Dowitcher,10,1,Oct_W1,0.0,505.0
Short-billed Dowitcher,10,2,Oct_W2,0.0,568.0
Short-billed Dowitcher,10,3,Oct_W3,0.0,523.0
Short-billed Dowitcher,10,4,Oct_W4,0.0,632.0
Short-billed Dowitcher,11,1,Nov_W1,0.0,369.0
Short-billed Dowitcher,11,2,Nov_W2,0.0,337.0
Short-billed Dowitcher,11,3,Nov_W3,0.0,346.0
Short-billed Dowitcher,11,4,Nov_W4,0.0,492.0
Short-billed Dowitcher,12,1,Dec_W1,0.0,303.0
Short-billed Dowitcher,12,2,Dec_W2,0.0,335.0
Short-billed Dowitcher,12,3,Dec_W3,0.0,681.0
Short-billed Dowitcher,12,4,Dec_W4,0.0,600.0
Long-billed Dowitcher,1,1,Jan_W1,0.0,823.0
Long-billed Dowitcher,1,2,Jan_W2,0.0,535.0
Long-billed Dowitcher,1,3,Jan_W3,0.0,472.0
Long-billed Dowitcher,1,4,Jan_W4,0.0,644.0
Long-billed Dowitcher,2,1,Feb_W1,0.0,490.0
Long-billed Dowitcher,2,2,Feb_W2,0.0,589.0
Long-billed Dowitcher,2,3,Feb_W3,0.0,787.0
Long-billed Dowitcher,2,4,Feb_W4,0.0,427.0
Long-billed Dowitcher,3,1,Mar_W1,0.0,558.0
Long-billed Dowitcher,3,2,Mar_W2,0.0,649.0
Long-billed Dowitcher,3,3,Mar_W3,0.0,710.0
Long-billed Dowitcher,3,4,Mar_W4,0.0,1110.0
Long-billed Dowitcher,4,1,Apr_W1,0.0,899.0
Long-billed Dowitcher,4,2,Apr_W2,0.0,1344.0
Long-billed Dowitcher,4,3,Apr_W3,0.0,1035.0
Long-billed Dowitcher,4,4,Apr_W4,0.0,1332.0
Long-billed Dowitcher,5,1,May_W1,0.0,1283.0
Long-billed Dowitcher,5,2,May_W2,0.0,1542.0
Long-billed Dowitcher,5,3,May_W3,0.0,1501.0
Long-billed Dowitcher,5,4,May_W4,0.0,2282.0
Long-billed Dowitcher,6,1,Jun_W1,0.0,1513.0
Long-billed Dowitcher,6,2,Jun_W2,0.0,1400.0
Long-billed Dowitcher,6,3,Jun_W3,0.0,1497.0
Long-billed Dowitcher,6,4,Jun_W4,0.0,1607.0
Long-billed Dowitcher,7,1,Jul_W1,0.0,1280.0
Long-billed Dowitcher,7,2,Jul_W2,0.0008795,1137.0
Long-billed Dowitcher,7,3,Jul_W3,0.0,1132.0
Long-billed Dowitcher,7,4,Jul_W4,0.0,1448.0
Long-billed Dowitcher,8,1,Aug_W1,0.0,1001.0
Long-billed Dowitcher,8,2,Aug_W2,0.0,804.0
Long-billed Dowitcher,8,3,Aug_W3,0.0,836.0
Long-billed Dowitcher,8,4,Aug_W4,0.0,1035.0
Long-billed Dowitcher,9,1,Sep_W1,0.0,634.0
Long-billed Dowitcher,9,2,Sep_W2,0.0,819.0
Long-billed Dowitcher,9,3,Sep_W3,0.0,657.0
Long-billed Dowitcher,9,4,Sep_W4,0.0,766.0
Long-billed Dowitcher,10,1,Oct_W1,0.0,505.0
Long-billed Dowitcher,10,2,Oct_W2,0.0,568.0
Long-billed Dowitcher,10,3,Oct_W3,0.0,523.0
Long-billed Dowitcher,10,4,Oct_W4,0.0,632.0
Long-billed Dowitcher,11,1,Nov_W1,0.0,369.0
Long-billed Dowitcher,11,2,Nov_W2,0.0,337.0
Long-billed Dowitcher,11,3,Nov_W3,0.0,346.0
Long-billed Dowitcher,11,4,Nov_W4,0.0,492.0
Long-billed Dowitcher,12,1,Dec_W1,0.0,303.0
Long-billed Dowitcher,12,2,Dec_W2,0.0,335.0
Long-billed Dowitcher,12,3,Dec_W3,0.0,681.0
Long-billed Dowitcher,12,4,Dec_W4,0.0,600.0
American Woodcock,1,1,Jan_W1,0.0,823.0
American Woodcock,1,2,Jan_W2,0.0,535.0
American Woodcock,1,3,Jan_W3,0.0,472.0
American Woodcock,1,4,Jan_W4,0.0,644.0
American Woodcock,2,1,Feb_W1,0.0,490.0
American Woodcock,2,2,Feb_W2,0.0,589.0
American Woodcock,2,3,Feb_W3,0.0,787.0
American Woodcock,2,4,Feb_W4,0.0,427.0
American Woodcock,3,1,Mar_W1,0.0015,558.0
American Woodcock,3,2,Mar_W2,0.0246533,649.0
American Woodcock,3,3,Mar_W3,0.0112676,710.0
American Woodcock,3,4,Mar_W4,0.027027,1110.0
American Woodcock,4,1,Apr_W1,0.025584,899.0
American Woodcock,4,2,Apr_W2,0.0238095,1344.0
American Woodcock,4,3,Apr_W3,0.0173913,1035.0
American Woodcock,4,4,Apr_W4,0.0195195,1332.0
American Woodcock,5,1,May_W1,0.0187062,1283.0
American Woodcock,5,2,May_W2,0.0162127,1542.0
American Woodcock,5,3,May_W3,0.0153231,1501.0
American Woodcock,5,4,May_W4,0.0127082,2282.0
American Woodcock,6,1,Jun_W1,0.0092531,1513.0
American Woodcock,6,2,Jun_W2,0.005,1400.0
American Woodcock,6,3,Jun_W3,0.004676,1497.0
American Woodcock,6,4,Jun_W4,0.0062228,1607.0
American Woodcock,7,1,Jul_W1,0.0046875,1280.0
American Woodcock,7,2,Jul_W2,0.0061566,1137.0
American Woodcock,7,3,Jul_W3,0.0008834,1132.0
American Woodcock,7,4,Jul_W4,0.0027624,1448.0
American Woodcock,8,1,Aug_W1,0.004995,1001.0
American Woodcock,8,2,Aug_W2,0.0087065,804.0
American Woodcock,8,3,Aug_W3,0.0023923,836.0
American Woodcock,8,4,Aug_W4,0.0009662,1035.0
American Woodcock,9,1,Sep_W1,0.0015773,634.0
American Woodcock,9,2,Sep_W2,0.004884,819.0
American Woodcock,9,3,Sep_W3,0.0030441,657.0
American Woodcock,9,4,Sep_W4,0.0130548,766.0
American Woodcock,10,1,Oct_W1,0.009901,505.0
American Woodcock,10,2,Oct_W2,0.0017606,568.0
American Woodcock,10,3,Oct_W3,0.0038241,523.0
American Woodcock,10,4,Oct_W4,0.0047468,632.0
American Woodcock,11,1,Nov_W1,0.0,369.0
American Woodcock,11,2,Nov_W2,0.0,337.0
American Woodcock,11,3,Nov_W3,0.0,346.0
American Woodcock,11,4,Nov_W4,0.0,492.0
American Woodcock,12,1,Dec_W1,0.0,303.0
American Woodcock,12,2,Dec_W2,0.0,335.0
American Woodcock,12,3,Dec_W3,0.0,681.0
American Woodcock,12,4,Dec_W4,0.0,600.0
Wilson's Snipe,1,1,Jan_W1,0.0,823.0
Wilson's Snipe,1,2,Jan_W2,0.0,535.0
Wilson's Snipe,1,3,Jan_W3,0.0,472.0
Wilson's Snipe,1,4,Jan_W4,0.0,644.0
Wilson's Snipe,2,1,Feb_W1,0.0,490.0
Wilson's Snipe,2,2,Feb_W2,0.0,589.0
Wilson's Snipe,2,3,Feb_W3,0.0,787.0
Wilson's Snipe,2,4,Feb_W4,0.0,427.0
Wilson's Snipe,3,1,Mar_W1,0.0,558.0
Wilson's Snipe,3,2,Mar_W2,0.0,649.0
Wilson's Snipe,3,3,Mar_W3,0.0,710.0
Wilson's Snipe,3,4,Mar_W4,0.0045045,1110.0
Wilson's Snipe,4,1,Apr_W1,0.0189099,899.0
Wilson's Snipe,4,2,Apr_W2,0.0401786,1344.0
Wilson's Snipe,4,3,Apr_W3,0.0782609,1035.0
Wilson's Snipe,4,4,Apr_W4,0.0735736,1332.0
Wilson's Snipe,5,1,May_W1,0.0639127,1283.0
Wilson's Snipe,5,2,May_W2,0.0246433,1542.0
Wilson's Snipe,5,3,May_W3,0.0086609,1501.0
Wilson's Snipe,5,4,May_W4,0.0021911,2282.0
Wilson's Snipe,6,1,Jun_W1,0.0066094,1513.0
Wilson's Snipe,6,2,Jun_W2,0.0071429,1400.0
Wilson's Snipe,6,3,Jun_W3,0.002672,1497.0
Wilson's Snipe,6,4,Jun_W4,0.0031114,1607.0
Wilson's Snipe,7,1,Jul_W1,0.0046875,1280.0
Wilson's Snipe,7,2,Jul_W2,0.0,1137.0
Wilson's Snipe,7,3,Jul_W3,0.0008834,1132.0
Wilson's Snipe,7,4,Jul_W4,0.0020718,1448.0
Wilson's Snipe,8,1,Aug_W1,0.0,1001.0
Wilson's Snipe,8,2,Aug_W2,0.0037313,804.0
Wilson's Snipe,8,3,Aug_W3,0.0011962,836.0
Wilson's Snipe,8,4,Aug_W4,0.0009662,1035.0
Wilson's Snipe,9,1,Sep_W1,0.0031546,634.0
Wilson's Snipe,9,2,Sep_W2,0.01221,819.0
Wilson's Snipe,9,3,Sep_W3,0.0136986,657.0
Wilson's Snipe,9,4,Sep_W4,0.0078329,766.0
Wilson's Snipe,10,1,Oct_W1,0.0217822,505.0
Wilson's Snipe,10,2,Oct_W2,0.0070423,568.0
Wilson's Snipe,10,3,Oct_W3,0.001912,523.0
Wilson's Snipe,10,4,Oct_W4,0.0031646,632.0
Wilson's Snipe,11,1,Nov_W1,0.0,369.0
Wilson's Snipe,11,2,Nov_W2,0.0,337.0
Wilson's Snipe,11,3,Nov_W3,0.0,346.0
Wilson's Snipe,11,4,Nov_W4,0.0,492.0
Wilson's Snipe,12,1,Dec_W1,0.0,303.0
Wilson's Snipe,12,2,Dec_W2,0.0,335.0
Wilson's Snipe,12,3,Dec_W3,0.0014684,681.0
Wilson's Snipe,12,4,Dec_W4,0.0,600.0
Wilson's Phalarope,1,1,Jan_W1,0.0,823.0
Wilson's Phalarope,1,2,Jan_W2,0.0,535.0
Wilson's Phalarope,1,3,Jan_W3,0.0,472.0
Wilson's Phalarope,1,4,Jan_W4,0.0,644.0
Wilson's Phalarope,2,1,Feb_W1,0.0,490.0
Wilson's Phalarope,2,2,Feb_W2,0.0,589.0
Wilson's Phalarope,2,3,Feb_W3,0.0,787.0
Wilson's Phalarope,2,4,Feb_W4,0.0,427.0
Wilson's Phalarope,3,1,Mar_W1,0.0,558.0
Wilson's Phalarope,3,2,Mar_W2,0.0,649.0
Wilson's Phalarope,3,3,Mar_W3,0.0,710.0
Wilson's Phalarope,3,4,Mar_W4,0.0,1110.0
Wilson's Phalarope,4,1,Apr_W1,0.0,899.0
Wilson's Phalarope,4,2,Apr_W2,0.0,1344.0
Wilson's Phalarope,4,3,Apr_W3,0.0,1035.0
Wilson's Phalarope,4,4,Apr_W4,0.0,1332.0
Wilson's Phalarope,5,1,May_W1,0.0,1283.0
Wilson's Phalarope,5,2,May_W2,0.0,1542.0
Wilson's Phalarope,5,3,May_W3,0.0006662,1501.0
Wilson's Phalarope,5,4,May_W4,0.0,2282.0
Wilson's Phalarope,6,1,Jun_W1,0.0015,1513.0
Wilson's Phalarope,6,2,Jun_W2,0.0,1400.0
Wilson's Phalarope,6,3,Jun_W3,0.0,1497.0
Wilson's Phalarope,6,4,Jun_W4,0.0,1607.0
Wilson's Phalarope,7,1,Jul_W1,0.0,1280.0
Wilson's Phalarope,7,2,Jul_W2,0.0,1137.0
Wilson's Phalarope,7,3,Jul_W3,0.0,1132.0
Wilson's Phalarope,7,4,Jul_W4,0.0,1448.0
Wilson's Phalarope,8,1,Aug_W1,0.0,1001.0
Wilson's Phalarope,8,2,Aug_W2,0.0,804.0
Wilson's Phalarope,8,3,Aug_W3,0.0,836.0
Wilson's Phalarope,8,4,Aug_W4,0.0,1035.0
Wilson's Phalarope,9,1,Sep_W1,0.0,634.0
Wilson's Phalarope,9,2,Sep_W2,0.0,819.0
Wilson's Phalarope,9,3,Sep_W3,0.0,657.0
Wilson's Phalarope,9,4,Sep_W4,0.0,766.0
Wilson's Phalarope,10,1,Oct_W1,0.0,505.0
Wilson's Phalarope,10,2,Oct_W2,0.0,568.0
Wilson's Phalarope,10,3,Oct_W3,0.0,523.0
Wilson's Phalarope,10,4,Oct_W4,0.0,632.0
Wilson's Phalarope,11,1,Nov_W1,0.0,369.0
Wilson's Phalarope,11,2,Nov_W2,0.0,337.0
Wilson's Phalarope,11,3,Nov_W3,0.0,346.0
Wilson's Phalarope,11,4,Nov_W4,0.0,492.0
Wilson's Phalarope,12,1,Dec_W1,0.0,303.0
Wilson's Phalarope,12,2,Dec_W2,0.0,335.0
Wilson's Phalarope,12,3,Dec_W3,0.0,681.0
Wilson's Phalarope,12,4,Dec_W4,0.0,600.0
Red-necked Phalarope,1,1,Jan_W1,0.0,823.0
Red-necked Phalarope,1,2,Jan_W2,0.0,535.0
Red-necked Phalarope,1,3,Jan_W3,0.0,472.0
Red-necked Phalarope,1,4,Jan_W4,0.0,644.0
Red-necked Phalarope,2,1,Feb_W1,0.0,490.0
Red-necked Phalarope,2,2,Feb_W2,0.0,589.0
Red-necked Phalarope,2,3,Feb_W3,0.0,787.0
Red-necked Phalarope,2,4,Feb_W4,0.0,427.0
Red-necked Phalarope,3,1,Mar_W1,0.0,558.0
Red-necked Phalarope,3,2,Mar_W2,0.0,649.0
Red-necked Phalarope,3,3,Mar_W3,0.0,710.0
Red-necked Phalarope,3,4,Mar_W4,0.0,1110.0
Red-necked Phalarope,4,1,Apr_W1,0.0,899.0
Red-necked Phalarope,4,2,Apr_W2,0.0,1344.0
Red-necked Phalarope,4,3,Apr_W3,0.0,1035.0
Red-necked Phalarope,4,4,Apr_W4,0.0,1332.0
Red-necked Phalarope,5,1,May_W1,0.0,1283.0
Red-necked Phalarope,5,2,May_W2,0.0,1542.0
Red-necked Phalarope,5,3,May_W3,0.0,1501.0
Red-necked Phalarope,5,4,May_W4,0.0,2282.0
Red-necked Phalarope,6,1,Jun_W1,0.0,1513.0
Red-necked Phalarope,6,2,Jun_W2,0.0,1400.0
Red-necked Phalarope,6,3,Jun_W3,0.0,1497.0
Red-necked Phalarope,6,4,Jun_W4,0.0,1607.0
Red-necked Phalarope,7,1,Jul_W1,0.0,1280.0
Red-necked Phalarope,7,2,Jul_W2,0.0,1137.0
Red-necked Phalarope,7,3,Jul_W3,0.0,1132.0
Red-necked Phalarope,7,4,Jul_W4,0.0,1448.0
Red-necked Phalarope,8,1,Aug_W1,0.0,1001.0
Red-necked Phalarope,8,2,Aug_W2,0.0012438,804.0
Red-necked Phalarope,8,3,Aug_W3,0.0,836.0
Red-necked Phalarope,8,4,Aug_W4,0.0,1035.0
Red-necked Phalarope,9,1,Sep_W1,0.0,634.0
Red-necked Phalarope,9,2,Sep_W2,0.0,819.0
Red-necked Phalarope,9,3,Sep_W3,0.0,657.0
Red-necked Phalarope,9,4,Sep_W4,0.0,766.0
Red-necked Phalarope,10,1,Oct_W1,0.0,505.0
Red-necked Phalarope,10,2,Oct_W2,0.0,568.0
Red-necked Phalarope,10,3,Oct_W3,0.0,523.0
Red-necked Phalarope,10,4,Oct_W4,0.0,632.0
Red-necked Phalarope,11,1,Nov_W1,0.0,369.0
Red-necked Phalarope,11,2,Nov_W2,0.0,337.0
Red-necked Phalarope,11,3,Nov_W3,0.0,346.0
Red-necked Phalarope,11,4,Nov_W4,0.0,492.0
Red-necked Phalarope,12,1,Dec_W1,0.0,303.0
Red-necked Phalarope,12,2,Dec_W2,0.0,335.0
Red-necked Phalarope,12,3,Dec_W3,0.0,681.0
Red-necked Phalarope,12,4,Dec_W4,0.0,600.0
Spotted Sandpiper,1,1,Jan_W1,0.0,823.0
Spotted Sandpiper,1,2,Jan_W2,0.0,535.0
Spotted Sandpiper,1,3,Jan_W3,0.0,472.0
Spotted Sandpiper,1,4,Jan_W4,0.0,644.0
Spotted Sandpiper,2,1,Feb_W1,0.0,490.0
Spotted Sandpiper,2,2,Feb_W2,0.0,589.0
Spotted Sandpiper,2,3,Feb_W3,0.0,787.0
Spotted Sandpiper,2,4,Feb_W4,0.0,427.0
Spotted Sandpiper,3,1,Mar_W1,0.0,558.0
Spotted Sandpiper,3,2,Mar_W2,0.0,649.0
Spotted Sandpiper,3,3,Mar_W3,0.0,710.0
Spotted Sandpiper,3,4,Mar_W4,0.0,1110.0
Spotted Sandpiper,4,1,Apr_W1,0.0,899.0
Spotted Sandpiper,4,2,Apr_W2,0.0,1344.0
Spotted Sandpiper,4,3,Apr_W3,0.0,1035.0
Spotted Sandpiper,4,4,Apr_W4,0.0052553,1332.0
Spotted Sandpiper,5,1,May_W1,0.0335152,1283.0
Spotted Sandpiper,5,2,May_W2,0.0557717,1542.0
Spotted Sandpiper,5,3,May_W3,0.0799467,1501.0
Spotted Sandpiper,5,4,May_W4,0.0819457,2282.0
Spotted Sandpiper,6,1,Jun_W1,0.0489095,1513.0
Spotted Sandpiper,6,2,Jun_W2,0.0571429,1400.0
Spotted Sandpiper,6,3,Jun_W3,0.0360721,1497.0
Spotted Sandpiper,6,4,Jun_W4,0.0236465,1607.0
Spotted Sandpiper,7,1,Jul_W1,0.0304687,1280.0
Spotted Sandpiper,7,2,Jul_W2,0.0492524,1137.0
Spotted Sandpiper,7,3,Jul_W3,0.0521201,1132.0
Spotted Sandpiper,7,4,Jul_W4,0.0497238,1448.0
Spotted Sandpiper,8,1,Aug_W1,0.028971,1001.0
Spotted Sandpiper,8,2,Aug_W2,0.0447761,804.0
Spotted Sandpiper,8,3,Aug_W3,0.0466507,836.0
Spotted Sandpiper,8,4,Aug_W4,0.0289855,1035.0
Spotted Sandpiper,9,1,Sep_W1,0.022082,634.0
Spotted Sandpiper,9,2,Sep_W2,0.021978,819.0
Spotted Sandpiper,9,3,Sep_W3,0.0060883,657.0
Spotted Sandpiper,9,4,Sep_W4,0.0013055,766.0
Spotted Sandpiper,10,1,Oct_W1,0.0,505.0
Spotted Sandpiper,10,2,Oct_W2,0.0017606,568.0
Spotted Sandpiper,10,3,Oct_W3,0.0,523.0
Spotted Sandpiper,10,4,Oct_W4,0.0,632.0
Spotted Sandpiper,11,1,Nov_W1,0.0,369.0
Spotted Sandpiper,11,2,Nov_W2,0.0,337.0
Spotted Sandpiper,11,3,Nov_W3,0.0,346.0
Spotted Sandpiper,11,4,Nov_W4,0.0,492.0
Spotted Sandpiper,12,1,Dec_W1,0.0,303.0
Spotted Sandpiper,12,2,Dec_W2,0.0,335.0
Spotted Sandpiper,12,3,Dec_W3,0.0,681.0
Spotted Sandpiper,12,4,Dec_W4,0.0,600.0
Solitary Sandpiper,1,1,Jan_W1,0.0,823.0
Solitary Sandpiper,1,2,Jan_W2,0.0,535.0
Solitary Sandpiper,1,3,Jan_W3,0.0,472.0
Solitary Sandpiper,1,4,Jan_W4,0.0,644.0
Solitary Sandpiper,2,1,Feb_W1,0.0,490.0
Solitary Sandpiper,2,2,Feb_W2,0.0,589.0
Solitary Sandpiper,2,3,Feb_W3,0.0,787.0
Solitary Sandpiper,2,4,Feb_W4,0.0,427.0
Solitary Sandpiper,3,1,Mar_W1,0.0,558.0
Solitary Sandpiper,3,2,Mar_W2,0.0,649.0
Solitary Sandpiper,3,3,Mar_W3,0.0,710.0
Solitary Sandpiper,3,4,Mar_W4,0.0,1110.0
Solitary Sandpiper,4,1,Apr_W1,0.0,899.0
Solitary Sandpiper,4,2,Apr_W2,0.0,1344.0
Solitary Sandpiper,4,3,Apr_W3,0.0009662,1035.0
Solitary Sandpiper,4,4,Apr_W4,0.0067568,1332.0
Solitary Sandpiper,5,1,May_W1,0.0179267,1283.0
Solitary Sandpiper,5,2,May_W2,0.036965,1542.0
Solitary Sandpiper,5,3,May_W3,0.0246502,1501.0
Solitary Sandpiper,5,4,May_W4,0.0039439,2282.0
Solitary Sandpiper,6,1,Jun_W1,0.0013219,1513.0
Solitary Sandpiper,6,2,Jun_W2,0.0007143,1400.0
Solitary Sandpiper,6,3,Jun_W3,0.0,1497.0
Solitary Sandpiper,6,4,Jun_W4,0.0,1607.0
Solitary Sandpiper,7,1,Jul_W1,0.0015,1280.0
Solitary Sandpiper,7,2,Jul_W2,0.0043975,1137.0
Solitary Sandpiper,7,3,Jul_W3,0.0026502,1132.0
Solitary Sandpiper,7,4,Jul_W4,0.0145028,1448.0
Solitary Sandpiper,8,1,Aug_W1,0.011988,1001.0
Solitary Sandpiper,8,2,Aug_W2,0.0248756,804.0
Solitary Sandpiper,8,3,Aug_W3,0.0514354,836.0
Solitary Sandpiper,8,4,Aug_W4,0.0425121,1035.0
Solitary Sandpiper,9,1,Sep_W1,0.0583596,634.0
Solitary Sandpiper,9,2,Sep_W2,0.037851,819.0
Solitary Sandpiper,9,3,Sep_W3,0.021309,657.0
Solitary Sandpiper,9,4,Sep_W4,0.0039164,766.0
Solitary Sandpiper,10,1,Oct_W1,0.0079208,505.0
Solitary Sandpiper,10,2,Oct_W2,0.0035211,568.0
Solitary Sandpiper,10,3,Oct_W3,0.0,523.0
Solitary Sandpiper,10,4,Oct_W4,0.0,632.0
Solitary Sandpiper,11,1,Nov_W1,0.0,369.0
Solitary Sandpiper,11,2,Nov_W2,0.0,337.0
Solitary Sandpiper,11,3,Nov_W3,0.0,346.0
Solitary Sandpiper,11,4,Nov_W4,0.0,492.0
Solitary Sandpiper,12,1,Dec_W1,0.0,303.0
Solitary Sandpiper,12,2,Dec_W2,0.0,335.0
Solitary Sandpiper,12,3,Dec_W3,0.0,681.0
Solitary Sandpiper,12,4,Dec_W4,0.0,600.0
Lesser Yellowlegs,1,1,Jan_W1,0.0,823.0
Lesser Yellowlegs,1,2,Jan_W2,0.0,535.0
Lesser Yellowlegs,1,3,Jan_W3,0.0,472.0
Lesser Yellowlegs,1,4,Jan_W4,0.0,644.0
Lesser Yellowlegs,2,1,Feb_W1,0.0,490.0
Lesser Yellowlegs,2,2,Feb_W2,0.0,589.0
Lesser Yellowlegs,2,3,Feb_W3,0.0,787.0
Lesser Yellowlegs,2,4,Feb_W4,0.0,427.0
Lesser Yellowlegs,3,1,Mar_W1,0.0,558.0
Lesser Yellowlegs,3,2,Mar_W2,0.0,649.0
Lesser Yellowlegs,3,3,Mar_W3,0.0,710.0
Lesser Yellowlegs,3,4,Mar_W4,0.0,1110.0
Lesser Yellowlegs,4,1,Apr_W1,0.0011123,899.0
Lesser Yellowlegs,4,2,Apr_W2,0.0044643,1344.0
Lesser Yellowlegs,4,3,Apr_W3,0.0057971,1035.0
Lesser Yellowlegs,4,4,Apr_W4,0.018018,1332.0
Lesser Yellowlegs,5,1,May_W1,0.025721,1283.0
Lesser Yellowlegs,5,2,May_W2,0.0278859,1542.0
Lesser Yellowlegs,5,3,May_W3,0.0126582,1501.0
Lesser Yellowlegs,5,4,May_W4,0.0021911,2282.0
Lesser Yellowlegs,6,1,Jun_W1,0.0,1513.0
Lesser Yellowlegs,6,2,Jun_W2,0.0,1400.0
Lesser Yellowlegs,6,3,Jun_W3,0.0,1497.0
Lesser Yellowlegs,6,4,Jun_W4,0.0,1607.0
Lesser Yellowlegs,7,1,Jul_W1,0.0015,1280.0
Lesser Yellowlegs,7,2,Jul_W2,0.0,1137.0
Lesser Yellowlegs,7,3,Jul_W3,0.0106007,1132.0
Lesser Yellowlegs,7,4,Jul_W4,0.0055249,1448.0
Lesser Yellowlegs,8,1,Aug_W1,0.015984,1001.0
Lesser Yellowlegs,8,2,Aug_W2,0.0310945,804.0
Lesser Yellowlegs,8,3,Aug_W3,0.041866,836.0
Lesser Yellowlegs,8,4,Aug_W4,0.0164251,1035.0
Lesser Yellowlegs,9,1,Sep_W1,0.0315457,634.0
Lesser Yellowlegs,9,2,Sep_W2,0.010989,819.0
Lesser Yellowlegs,9,3,Sep_W3,0.0030441,657.0
Lesser Yellowlegs,9,4,Sep_W4,0.0,766.0
Lesser Yellowlegs,10,1,Oct_W1,0.0,505.0
Lesser Yellowlegs,10,2,Oct_W2,0.0,568.0
Lesser Yellowlegs,10,3,Oct_W3,0.0,523.0
Lesser Yellowlegs,10,4,Oct_W4,0.0,632.0
Lesser Yellowlegs,11,1,Nov_W1,0.0,369.0
Lesser Yellowlegs,11,2,Nov_W2,0.0,337.0
Lesser Yellowlegs,11,3,Nov_W3,0.0,346.0
Lesser Yellowlegs,11,4,Nov_W4,0.0,492.0
Lesser Yellowlegs,12,1,Dec_W1,0.0,303.0
Lesser Yellowlegs,12,2,Dec_W2,0.0,335.0
Lesser Yellowlegs,12,3,Dec_W3,0.0,681.0
Lesser Yellowlegs,12,4,Dec_W4,0.0,600.0
Willet,1,1,Jan_W1,0.0,823.0
Willet,1,2,Jan_W2,0.0,535.0
Willet,1,3,Jan_W3,0.0,472.0
Willet,1,4,Jan_W4,0.0,644.0
Willet,2,1,Feb_W1,0.0,490.0
Willet,2,2,Feb_W2,0.0,589.0
Willet,2,3,Feb_W3,0.0,787.0
Willet,2,4,Feb_W4,0.0,427.0
Willet,3,1,Mar_W1,0.0,558.0
Willet,3,2,Mar_W2,0.0,649.0
Willet,3,3,Mar_W3,0.0,710.0
Willet,3,4,Mar_W4,0.0,1110.0
Willet,4,1,Apr_W1,0.0,899.0
Willet,4,2,Apr_W2,0.0,1344.0
Willet,4,3,Apr_W3,0.0,1035.0
Willet,4,4,Apr_W4,0.0,1332.0
Willet,5,1,May_W1,0.0015,1283.0
Willet,5,2,May_W2,0.0006485,1542.0
Willet,5,3,May_W3,0.0015,1501.0
Willet,5,4,May_W4,0.0,2282.0
Willet,6,1,Jun_W1,0.0,1513.0
Willet,6,2,Jun_W2,0.0,1400.0
Willet,6,3,Jun_W3,0.0,1497.0
Willet,6,4,Jun_W4,0.0,1607.0
Willet,7,1,Jul_W1,0.003125,1280.0
Willet,7,2,Jul_W2,0.001759,1137.0
Willet,7,3,Jul_W3,0.0008834,1132.0
Willet,7,4,Jul_W4,0.0006906,1448.0
Willet,8,1,Aug_W1,0.000999,1001.0
Willet,8,2,Aug_W2,0.0024876,804.0
Willet,8,3,Aug_W3,0.0011962,836.0
Willet,8,4,Aug_W4,0.0,1035.0
Willet,9,1,Sep_W1,0.0,634.0
Willet,9,2,Sep_W2,0.0,819.0
Willet,9,3,Sep_W3,0.0,657.0
Willet,9,4,Sep_W4,0.0,766.0
Willet,10,1,Oct_W1,0.0,505.0
Willet,10,2,Oct_W2,0.0,568.0
Willet,10,3,Oct_W3,0.0,523.0
Willet,10,4,Oct_W4,0.0,632.0
Willet,11,1,Nov_W1,0.0,369.0
Willet,11,2,Nov_W2,0.0,337.0
Willet,11,3,Nov_W3,0.0,346.0
Willet,11,4,Nov_W4,0.0,492.0
Willet,12,1,Dec_W1,0.0,303.0
Willet,12,2,Dec_W2,0.0,335.0
Willet,12,3,Dec_W3,0.0,681.0
Willet,12,4,Dec_W4,0.0,600.0
Greater Yellowlegs,1,1,Jan_W1,0.0,823.0
Greater Yellowlegs,1,2,Jan_W2,0.0,535.0
Greater Yellowlegs,1,3,Jan_W3,0.0,472.0
Greater Yellowlegs,1,4,Jan_W4,0.0,644.0
Greater Yellowlegs,2,1,Feb_W1,0.0,490.0
Greater Yellowlegs,2,2,Feb_W2,0.0,589.0
Greater Yellowlegs,2,3,Feb_W3,0.0,787.0
Greater Yellowlegs,2,4,Feb_W4,0.0,427.0
Greater Yellowlegs,3,1,Mar_W1,0.0,558.0
Greater Yellowlegs,3,2,Mar_W2,0.0,649.0
Greater Yellowlegs,3,3,Mar_W3,0.0,710.0
Greater Yellowlegs,3,4,Mar_W4,0.0,1110.0
Greater Yellowlegs,4,1,Apr_W1,0.003337,899.0
Greater Yellowlegs,4,2,Apr_W2,0.0111607,1344.0
Greater Yellowlegs,4,3,Apr_W3,0.0193237,1035.0
Greater Yellowlegs,4,4,Apr_W4,0.0578078,1332.0
Greater Yellowlegs,5,1,May_W1,0.0358535,1283.0
Greater Yellowlegs,5,2,May_W2,0.0168612,1542.0
Greater Yellowlegs,5,3,May_W3,0.0073284,1501.0
Greater Yellowlegs,5,4,May_W4,0.0048203,2282.0
Greater Yellowlegs,6,1,Jun_W1,0.0,1513.0
Greater Yellowlegs,6,2,Jun_W2,0.0,1400.0
Greater Yellowlegs,6,3,Jun_W3,0.0,1497.0
Greater Yellowlegs,6,4,Jun_W4,0.0,1607.0
Greater Yellowlegs,7,1,Jul_W1,0.0,1280.0
Greater Yellowlegs,7,2,Jul_W2,0.0008795,1137.0
Greater Yellowlegs,7,3,Jul_W3,0.004417,1132.0
Greater Yellowlegs,7,4,Jul_W4,0.003453,1448.0
Greater Yellowlegs,8,1,Aug_W1,0.010989,1001.0
Greater Yellowlegs,8,2,Aug_W2,0.0261194,804.0
Greater Yellowlegs,8,3,Aug_W3,0.0287081,836.0
Greater Yellowlegs,8,4,Aug_W4,0.0173913,1035.0
Greater Yellowlegs,9,1,Sep_W1,0.0031546,634.0
Greater Yellowlegs,9,2,Sep_W2,0.01221,819.0
Greater Yellowlegs,9,3,Sep_W3,0.0015221,657.0
Greater Yellowlegs,9,4,Sep_W4,0.0052219,766.0
Greater Yellowlegs,10,1,Oct_W1,0.0019802,505.0
Greater Yellowlegs,10,2,Oct_W2,0.0052817,568.0
Greater Yellowlegs,10,3,Oct_W3,0.0057361,523.0
Greater Yellowlegs,10,4,Oct_W4,0.0031646,632.0
Greater Yellowlegs,11,1,Nov_W1,0.00271,369.0
Greater Yellowlegs,11,2,Nov_W2,0.0,337.0
Greater Yellowlegs,11,3,Nov_W3,0.0,346.0
Greater Yellowlegs,11,4,Nov_W4,0.0,492.0
Greater Yellowlegs,12,1,Dec_W1,0.0,303.0
Greater Yellowlegs,12,2,Dec_W2,0.0,335.0
Greater Yellowlegs,12,3,Dec_W3,0.0,681.0
Greater Yellowlegs,12,4,Dec_W4,0.0,600.0
Ruddy Turnstone,1,1,Jan_W1,0.0,823.0
Ruddy Turnstone,1,2,Jan_W2,0.0,535.0
Ruddy Turnstone,1,3,Jan_W3,0.0,472.0
Ruddy Turnstone,1,4,Jan_W4,0.0,644.0
Ruddy Turnstone,2,1,Feb_W1,0.0,490.0
Ruddy Turnstone,2,2,Feb_W2,0.0,589.0
Ruddy Turnstone,2,3,Feb_W3,0.0,787.0
Ruddy Turnstone,2,4,Feb_W4,0.0,427.0
Ruddy Turnstone,3,1,Mar_W1,0.0,558.0
Ruddy Turnstone,3,2,Mar_W2,0.0,649.0
Ruddy Turnstone,3,3,Mar_W3,0.0,710.0
Ruddy Turnstone,3,4,Mar_W4,0.0,1110.0
Ruddy Turnstone,4,1,Apr_W1,0.0,899.0
Ruddy Turnstone,4,2,Apr_W2,0.0,1344.0
Ruddy Turnstone,4,3,Apr_W3,0.0,1035.0
Ruddy Turnstone,4,4,Apr_W4,0.0,1332.0
Ruddy Turnstone,5,1,May_W1,0.0023383,1283.0
Ruddy Turnstone,5,2,May_W2,0.0032425,1542.0
Ruddy Turnstone,5,3,May_W3,0.0039973,1501.0
Ruddy Turnstone,5,4,May_W4,0.0105171,2282.0
Ruddy Turnstone,6,1,Jun_W1,0.0026438,1513.0
Ruddy Turnstone,6,2,Jun_W2,0.0,1400.0
Ruddy Turnstone,6,3,Jun_W3,0.0,1497.0
Ruddy Turnstone,6,4,Jun_W4,0.0,1607.0
Ruddy Turnstone,7,1,Jul_W1,0.0,1280.0
Ruddy Turnstone,7,2,Jul_W2,0.0,1137.0
Ruddy Turnstone,7,3,Jul_W3,0.0,1132.0
Ruddy Turnstone,7,4,Jul_W4,0.0006906,1448.0
Ruddy Turnstone,8,1,Aug_W1,0.0,1001.0
Ruddy Turnstone,8,2,Aug_W2,0.0012438,804.0
Ruddy Turnstone,8,3,Aug_W3,0.0023923,836.0
Ruddy Turnstone,8,4,Aug_W4,0.0009662,1035.0
Ruddy Turnstone,9,1,Sep_W1,0.0015773,634.0
Ruddy Turnstone,9,2,Sep_W2,0.0,819.0
Ruddy Turnstone,9,3,Sep_W3,0.0,657.0
Ruddy Turnstone,9,4,Sep_W4,0.0013055,766.0
Ruddy Turnstone,10,1,Oct_W1,0.0015,505.0
Ruddy Turnstone,10,2,Oct_W2,0.0,568.0
Ruddy Turnstone,10,3,Oct_W3,0.0,523.0
Ruddy Turnstone,10,4,Oct_W4,0.0,632.0
Ruddy Turnstone,11,1,Nov_W1,0.0,369.0
Ruddy Turnstone,11,2,Nov_W2,0.0,337.0
Ruddy Turnstone,11,3,Nov_W3,0.0,346.0
Ruddy Turnstone,11,4,Nov_W4,0.0,492.0
Ruddy Turnstone,12,1,Dec_W1,0.0,303.0
Ruddy Turnstone,12,2,Dec_W2,0.0,335.0
Ruddy Turnstone,12,3,Dec_W3,0.0,681.0
Ruddy Turnstone,12,4,Dec_W4,0.0,600.0
Red Knot,1,1,Jan_W1,0.0,823.0
Red Knot,1,2,Jan_W2,0.0,535.0
Red Knot,1,3,Jan_W3,0.0,472.0
Red Knot,1,4,Jan_W4,0.0,644.0
Red Knot,2,1,Feb_W1,0.0,490.0
Red Knot,2,2,Feb_W2,0.0,589.0
Red Knot,2,3,Feb_W3,0.0,787.0
Red Knot,2,4,Feb_W4,0.0,427.0
Red Knot,3,1,Mar_W1,0.0,558.0
Red Knot,3,2,Mar_W2,0.0,649.0
Red Knot,3,3,Mar_W3,0.0,710.0
Red Knot,3,4,Mar_W4,0.0,1110.0
Red Knot,4,1,Apr_W1,0.0,899.0
Red Knot,4,2,Apr_W2,0.0,1344.0
Red Knot,4,3,Apr_W3,0.0,1035.0
Red Knot,4,4,Apr_W4,0.0,1332.0
Red Knot,5,1,May_W1,0.0,1283.0
Red Knot,5,2,May_W2,0.0,1542.0
Red Knot,5,3,May_W3,0.0006662,1501.0
Red Knot,5,4,May_W4,0.0,2282.0
Red Knot,6,1,Jun_W1,0.0,1513.0
Red Knot,6,2,Jun_W2,0.0007143,1400.0
Red Knot,6,3,Jun_W3,0.0,1497.0
Red Knot,6,4,Jun_W4,0.0,1607.0
Red Knot,7,1,Jul_W1,0.0,1280.0
Red Knot,7,2,Jul_W2,0.0,1137.0
Red Knot,7,3,Jul_W3,0.0,1132.0
Red Knot,7,4,Jul_W4,0.0,1448.0
Red Knot,8,1,Aug_W1,0.0,1001.0
Red Knot,8,2,Aug_W2,0.0,804.0
Red Knot,8,3,Aug_W3,0.0,836.0
Red Knot,8,4,Aug_W4,0.0,1035.0
Red Knot,9,1,Sep_W1,0.0,634.0
Red Knot,9,2,Sep_W2,0.0,819.0
Red Knot,9,3,Sep_W3,0.0,657.0
Red Knot,9,4,Sep_W4,0.0,766.0
Red Knot,10,1,Oct_W1,0.0,505.0
Red Knot,10,2,Oct_W2,0.0,568.0
Red Knot,10,3,Oct_W3,0.0,523.0
Red Knot,10,4,Oct_W4,0.0,632.0
Red Knot,11,1,Nov_W1,0.0,369.0
Red Knot,11,2,Nov_W2,0.0,337.0
Red Knot,11,3,Nov_W3,0.0,346.0
Red Knot,11,4,Nov_W4,0.0,492.0
Red Knot,12,1,Dec_W1,0.0,303.0
Red Knot,12,2,Dec_W2,0.0,335.0
Red Knot,12,3,Dec_W3,0.0,681.0
Red Knot,12,4,Dec_W4,0.0,600.0
Stilt Sandpiper,1,1,Jan_W1,0.0,823.0
Stilt Sandpiper,1,2,Jan_W2,0.0,535.0
Stilt Sandpiper,1,3,Jan_W3,0.0,472.0
Stilt Sandpiper,1,4,Jan_W4,0.0,644.0
Stilt Sandpiper,2,1,Feb_W1,0.0,490.0
Stilt Sandpiper,2,2,Feb_W2,0.0,589.0
Stilt Sandpiper,2,3,Feb_W3,0.0,787.0
Stilt Sandpiper,2,4,Feb_W4,0.0,427.0
Stilt Sandpiper,3,1,Mar_W1,0.0,558.0
Stilt Sandpiper,3,2,Mar_W2,0.0,649.0
Stilt Sandpiper,3,3,Mar_W3,0.0,710.0
Stilt Sandpiper,3,4,Mar_W4,0.0,1110.0
Stilt Sandpiper,4,1,Apr_W1,0.0,899.0
Stilt Sandpiper,4,2,Apr_W2,0.0,1344.0
Stilt Sandpiper,4,3,Apr_W3,0.0,1035.0
Stilt Sandpiper,4,4,Apr_W4,0.0,1332.0
Stilt Sandpiper,5,1,May_W1,0.0,1283.0
Stilt Sandpiper,5,2,May_W2,0.0,1542.0
Stilt Sandpiper,5,3,May_W3,0.0,1501.0
Stilt Sandpiper,5,4,May_W4,0.0,2282.0
Stilt Sandpiper,6,1,Jun_W1,0.0,1513.0
Stilt Sandpiper,6,2,Jun_W2,0.0,1400.0
Stilt Sandpiper,6,3,Jun_W3,0.0,1497.0
Stilt Sandpiper,6,4,Jun_W4,0.0,1607.0
Stilt Sandpiper,7,1,Jul_W1,0.0,1280.0
Stilt Sandpiper,7,2,Jul_W2,0.0,1137.0
Stilt Sandpiper,7,3,Jul_W3,0.0,1132.0
Stilt Sandpiper,7,4,Jul_W4,0.0,1448.0
Stilt Sandpiper,8,1,Aug_W1,0.0,1001.0
Stilt Sandpiper,8,2,Aug_W2,0.0024876,804.0
Stilt Sandpiper,8,3,Aug_W3,0.0095694,836.0
Stilt Sandpiper,8,4,Aug_W4,0.0086957,1035.0
Stilt Sandpiper,9,1,Sep_W1,0.0063091,634.0
Stilt Sandpiper,9,2,Sep_W2,0.008547,819.0
Stilt Sandpiper,9,3,Sep_W3,0.0,657.0
Stilt Sandpiper,9,4,Sep_W4,0.0,766.0
Stilt Sandpiper,10,1,Oct_W1,0.0,505.0
Stilt Sandpiper,10,2,Oct_W2,0.0,568.0
Stilt Sandpiper,10,3,Oct_W3,0.0,523.0
Stilt Sandpiper,10,4,Oct_W4,0.0,632.0
Stilt Sandpiper,11,1,Nov_W1,0.0,369.0
Stilt Sandpiper,11,2,Nov_W2,0.0,337.0
Stilt Sandpiper,11,3,Nov_W3,0.0,346.0
Stilt Sandpiper,11,4,Nov_W4,0.0,492.0
Stilt Sandpiper,12,1,Dec_W1,0.0,303.0
Stilt Sandpiper,12,2,Dec_W2,0.0,335.0
Stilt Sandpiper,12,3,Dec_W3,0.0,681.0
Stilt Sandpiper,12,4,Dec_W4,0.0,600.0
Buff-breasted Sandpiper,1,1,Jan_W1,0.0,823.0
Buff-breasted Sandpiper,1,2,Jan_W2,0.0,535.0
Buff-breasted Sandpiper,1,3,Jan_W3,0.0,472.0
Buff-breasted Sandpiper,1,4,Jan_W4,0.0,644.0
Buff-breasted Sandpiper,2,1,Feb_W1,0.0,490.0
Buff-breasted Sandpiper,2,2,Feb_W2,0.0,589.0
Buff-breasted Sandpiper,2,3,Feb_W3,0.0,787.0
Buff-breasted Sandpiper,2,4,Feb_W4,0.0,427.0
Buff-breasted Sandpiper,3,1,Mar_W1,0.0,558.0
Buff-breasted Sandpiper,3,2,Mar_W2,0.0,649.0
Buff-breasted Sandpiper,3,3,Mar_W3,0.0,710.0
Buff-breasted Sandpiper,3,4,Mar_W4,0.0,1110.0
Buff-breasted Sandpiper,4,1,Apr_W1,0.0,899.0
Buff-breasted Sandpiper,4,2,Apr_W2,0.0,1344.0
Buff-breasted Sandpiper,4,3,Apr_W3,0.0,1035.0
Buff-breasted Sandpiper,4,4,Apr_W4,0.0,1332.0
Buff-breasted Sandpiper,5,1,May_W1,0.0,1283.0
Buff-breasted Sandpiper,5,2,May_W2,0.0,1542.0
Buff-breasted Sandpiper,5,3,May_W3,0.0,1501.0
Buff-breasted Sandpiper,5,4,May_W4,0.0,2282.0
Buff-breasted Sandpiper,6,1,Jun_W1,0.0,1513.0
Buff-breasted Sandpiper,6,2,Jun_W2,0.0,1400.0
Buff-breasted Sandpiper,6,3,Jun_W3,0.0,1497.0
Buff-breasted Sandpiper,6,4,Jun_W4,0.0,1607.0
Buff-breasted Sandpiper,7,1,Jul_W1,0.0,1280.0
Buff-breasted Sandpiper,7,2,Jul_W2,0.0,1137.0
Buff-breasted Sandpiper,7,3,Jul_W3,0.0,1132.0
Buff-breasted Sandpiper,7,4,Jul_W4,0.0,1448.0
Buff-breasted Sandpiper,8,1,Aug_W1,0.0,1001.0
Buff-breasted Sandpiper,8,2,Aug_W2,0.0,804.0
Buff-breasted Sandpiper,8,3,Aug_W3,0.0015,836.0
Buff-breasted Sandpiper,8,4,Aug_W4,0.0,1035.0
Buff-breasted Sandpiper,9,1,Sep_W1,0.0,634.0
Buff-breasted Sandpiper,9,2,Sep_W2,0.001221,819.0
Buff-breasted Sandpiper,9,3,Sep_W3,0.0015221,657.0
Buff-breasted Sandpiper,9,4,Sep_W4,0.0,766.0
Buff-breasted Sandpiper,10,1,Oct_W1,0.0,505.0
Buff-breasted Sandpiper,10,2,Oct_W2,0.0,568.0
Buff-breasted Sandpiper,10,3,Oct_W3,0.0,523.0
Buff-breasted Sandpiper,10,4,Oct_W4,0.0,632.0
Buff-breasted Sandpiper,11,1,Nov_W1,0.0,369.0
Buff-breasted Sandpiper,11,2,Nov_W2,0.0,337.0
Buff-breasted Sandpiper,11,3,Nov_W3,0.0,346.0
Buff-breasted Sandpiper,11,4,Nov_W4,0.0,492.0
Buff-breasted Sandpiper,12,1,Dec_W1,0.0,303.0
Buff-breasted Sandpiper,12,2,Dec_W2,0.0,335.0
Buff-breasted Sandpiper,12,3,Dec_W3,0.0,681.0
Buff-breasted Sandpiper,12,4,Dec_W4,0.0,600.0
Sanderling,1,1,Jan_W1,0.0,823.0
Sanderling,1,2,Jan_W2,0.0,535.0
Sanderling,1,3,Jan_W3,0.0,472.0
Sanderling,1,4,Jan_W4,0.0,644.0
Sanderling,2,1,Feb_W1,0.0,490.0
Sanderling,2,2,Feb_W2,0.0,589.0
Sanderling,2,3,Feb_W3,0.0,787.0
Sanderling,2,4,Feb_W4,0.0,427.0
Sanderling,3,1,Mar_W1,0.0,558.0
Sanderling,3,2,Mar_W2,0.0,649.0
Sanderling,3,3,Mar_W3,0.0,710.0
Sanderling,3,4,Mar_W4,0.0,1110.0
Sanderling,4,1,Apr_W1,0.0,899.0
Sanderling,4,2,Apr_W2,0.0,1344.0
Sanderling,4,3,Apr_W3,0.0009662,1035.0
Sanderling,4,4,Apr_W4,0.0015,1332.0
Sanderling,5,1,May_W1,0.005456,1283.0
Sanderling,5,2,May_W2,0.0032425,1542.0
Sanderling,5,3,May_W3,0.0033311,1501.0
Sanderling,5,4,May_W4,0.0157756,2282.0
Sanderling,6,1,Jun_W1,0.0092531,1513.0
Sanderling,6,2,Jun_W2,0.0057143,1400.0
Sanderling,6,3,Jun_W3,0.000668,1497.0
Sanderling,6,4,Jun_W4,0.0,1607.0
Sanderling,7,1,Jul_W1,0.0,1280.0
Sanderling,7,2,Jul_W2,0.0008795,1137.0
Sanderling,7,3,Jul_W3,0.0114841,1132.0
Sanderling,7,4,Jul_W4,0.0145028,1448.0
Sanderling,8,1,Aug_W1,0.005994,1001.0
Sanderling,8,2,Aug_W2,0.0161692,804.0
Sanderling,8,3,Aug_W3,0.0107656,836.0
Sanderling,8,4,Aug_W4,0.0251208,1035.0
Sanderling,9,1,Sep_W1,0.0315457,634.0
Sanderling,9,2,Sep_W2,0.034188,819.0
Sanderling,9,3,Sep_W3,0.0365297,657.0
Sanderling,9,4,Sep_W4,0.0313316,766.0
Sanderling,10,1,Oct_W1,0.0257426,505.0
Sanderling,10,2,Oct_W2,0.0334507,568.0
Sanderling,10,3,Oct_W3,0.0133843,523.0
Sanderling,10,4,Oct_W4,0.0221519,632.0
Sanderling,11,1,Nov_W1,0.0054201,369.0
Sanderling,11,2,Nov_W2,0.0029674,337.0
Sanderling,11,3,Nov_W3,0.0,346.0
Sanderling,11,4,Nov_W4,0.0,492.0
Sanderling,12,1,Dec_W1,0.0,303.0
Sanderling,12,2,Dec_W2,0.0,335.0
Sanderling,12,3,Dec_W3,0.0,681.0
Sanderling,12,4,Dec_W4,0.0,600.0
Dunlin,1,1,Jan_W1,0.0,823.0
Dunlin,1,2,Jan_W2,0.0,535.0
Dunlin,1,3,Jan_W3,0.0,472.0
Dunlin,1,4,Jan_W4,0.0,644.0
Dunlin,2,1,Feb_W1,0.0,490.0
Dunlin,2,2,Feb_W2,0.0,589.0
Dunlin,2,3,Feb_W3,0.0,787.0
Dunlin,2,4,Feb_W4,0.0,427.0
Dunlin,3,1,Mar_W1,0.0,558.0
Dunlin,3,2,Mar_W2,0.0,649.0
Dunlin,3,3,Mar_W3,0.0,710.0
Dunlin,3,4,Mar_W4,0.0,1110.0
Dunlin,4,1,Apr_W1,0.0,899.0
Dunlin,4,2,Apr_W2,0.000744,1344.0
Dunlin,4,3,Apr_W3,0.0,1035.0
Dunlin,4,4,Apr_W4,0.0037538,1332.0
Dunlin,5,1,May_W1,0.0015588,1283.0
Dunlin,5,2,May_W2,0.0090791,1542.0
Dunlin,5,3,May_W3,0.0139907,1501.0
Dunlin,5,4,May_W4,0.0236635,2282.0
Dunlin,6,1,Jun_W1,0.0072703,1513.0
Dunlin,6,2,Jun_W2,0.0014286,1400.0
Dunlin,6,3,Jun_W3,0.0,1497.0
Dunlin,6,4,Jun_W4,0.0,1607.0
Dunlin,7,1,Jul_W1,0.0015,1280.0
Dunlin,7,2,Jul_W2,0.0,1137.0
Dunlin,7,3,Jul_W3,0.0,1132.0
Dunlin,7,4,Jul_W4,0.0,1448.0
Dunlin,8,1,Aug_W1,0.0,1001.0
Dunlin,8,2,Aug_W2,0.0,804.0
Dunlin,8,3,Aug_W3,0.0,836.0
Dunlin,8,4,Aug_W4,0.0,1035.0
Dunlin,9,1,Sep_W1,0.0,634.0
Dunlin,9,2,Sep_W2,0.0,819.0
Dunlin,9,3,Sep_W3,0.0,657.0
Dunlin,9,4,Sep_W4,0.0,766.0
Dunlin,10,1,Oct_W1,0.0,505.0
Dunlin,10,2,Oct_W2,0.0035211,568.0
Dunlin,10,3,Oct_W3,0.0,523.0
Dunlin,10,4,Oct_W4,0.0047468,632.0
Dunlin,11,1,Nov_W1,0.0,369.0
Dunlin,11,2,Nov_W2,0.0,337.0
Dunlin,11,3,Nov_W3,0.0,346.0
Dunlin,11,4,Nov_W4,0.0,492.0
Dunlin,12,1,Dec_W1,0.0,303.0
Dunlin,12,2,Dec_W2,0.0,335.0
Dunlin,12,3,Dec_W3,0.0,681.0
Dunlin,12,4,Dec_W4,0.0,600.0
Baird's Sandpiper,1,1,Jan_W1,0.0,823.0
Baird's Sandpiper,1,2,Jan_W2,0.0,535.0
Baird's Sandpiper,1,3,Jan_W3,0.0,472.0
Baird's Sandpiper,1,4,Jan_W4,0.0,644.0
Baird's Sandpiper,2,1,Feb_W1,0.0,490.0
Baird's Sandpiper,2,2,Feb_W2,0.0,589.0
Baird's Sandpiper,2,3,Feb_W3,0.0,787.0
Baird's Sandpiper,2,4,Feb_W4,0.0,427.0
Baird's Sandpiper,3,1,Mar_W1,0.0,558.0
Baird's Sandpiper,3,2,Mar_W2,0.0,649.0
Baird's Sandpiper,3,3,Mar_W3,0.0,710.0
Baird's Sandpiper,3,4,Mar_W4,0.0,1110.0
Baird's Sandpiper,4,1,Apr_W1,0.0,899.0
Baird's Sandpiper,4,2,Apr_W2,0.0,1344.0
Baird's Sandpiper,4,3,Apr_W3,0.0,1035.0
Baird's Sandpiper,4,4,Apr_W4,0.0,1332.0
Baird's Sandpiper,5,1,May_W1,0.0,1283.0
Baird's Sandpiper,5,2,May_W2,0.0,1542.0
Baird's Sandpiper,5,3,May_W3,0.0,1501.0
Baird's Sandpiper,5,4,May_W4,0.0,2282.0
Baird's Sandpiper,6,1,Jun_W1,0.0,1513.0
Baird's Sandpiper,6,2,Jun_W2,0.0,1400.0
Baird's Sandpiper,6,3,Jun_W3,0.0,1497.0
Baird's Sandpiper,6,4,Jun_W4,0.0,1607.0
Baird's Sandpiper,7,1,Jul_W1,0.0,1280.0
Baird's Sandpiper,7,2,Jul_W2,0.001759,1137.0
Baird's Sandpiper,7,3,Jul_W3,0.0026502,1132.0
Baird's Sandpiper,7,4,Jul_W4,0.0013812,1448.0
Baird's Sandpiper,8,1,Aug_W1,0.001998,1001.0
Baird's Sandpiper,8,2,Aug_W2,0.0049751,804.0
Baird's Sandpiper,8,3,Aug_W3,0.0191388,836.0
Baird's Sandpiper,8,4,Aug_W4,0.021256,1035.0
Baird's Sandpiper,9,1,Sep_W1,0.0047319,634.0
Baird's Sandpiper,9,2,Sep_W2,0.010989,819.0
Baird's Sandpiper,9,3,Sep_W3,0.0030441,657.0
Baird's Sandpiper,9,4,Sep_W4,0.0013055,766.0
Baird's Sandpiper,10,1,Oct_W1,0.0,505.0
Baird's Sandpiper,10,2,Oct_W2,0.0,568.0
Baird's Sandpiper,10,3,Oct_W3,0.0,523.0
Baird's Sandpiper,10,4,Oct_W4,0.0,632.0
Baird's Sandpiper,11,1,Nov_W1,0.0,369.0
Baird's Sandpiper,11,2,Nov_W2,0.0,337.0
Baird's Sandpiper,11,3,Nov_W3,0.0,346.0
Baird's Sandpiper,11,4,Nov_W4,0.0,492.0
Baird's Sandpiper,12,1,Dec_W1,0.0,303.0
Baird's Sandpiper,12,2,Dec_W2,0.0,335.0
Baird's Sandpiper,12,3,Dec_W3,0.0,681.0
Baird's Sandpiper,12,4,Dec_W4,0.0,600.0
White-rumped Sandpiper,1,1,Jan_W1,0.0,823.0
White-rumped Sandpiper,1,2,Jan_W2,0.0,535.0
White-rumped Sandpiper,1,3,Jan_W3,0.0,472.0
White-rumped Sandpiper,1,4,Jan_W4,0.0,644.0
White-rumped Sandpiper,2,1,Feb_W1,0.0,490.0
White-rumped Sandpiper,2,2,Feb_W2,0.0,589.0
White-rumped Sandpiper,2,3,Feb_W3,0.0,787.0
White-rumped Sandpiper,2,4,Feb_W4,0.0,427.0
White-rumped Sandpiper,3,1,Mar_W1,0.0,558.0
White-rumped Sandpiper,3,2,Mar_W2,0.0,649.0
White-rumped Sandpiper,3,3,Mar_W3,0.0,710.0
White-rumped Sandpiper,3,4,Mar_W4,0.0,1110.0
White-rumped Sandpiper,4,1,Apr_W1,0.0,899.0
White-rumped Sandpiper,4,2,Apr_W2,0.0,1344.0
White-rumped Sandpiper,4,3,Apr_W3,0.0,1035.0
White-rumped Sandpiper,4,4,Apr_W4,0.0,1332.0
White-rumped Sandpiper,5,1,May_W1,0.0,1283.0
White-rumped Sandpiper,5,2,May_W2,0.0,1542.0
White-rumped Sandpiper,5,3,May_W3,0.0,1501.0
White-rumped Sandpiper,5,4,May_W4,0.0015,2282.0
White-rumped Sandpiper,6,1,Jun_W1,0.0013219,1513.0
White-rumped Sandpiper,6,2,Jun_W2,0.0014286,1400.0
White-rumped Sandpiper,6,3,Jun_W3,0.0015,1497.0
White-rumped Sandpiper,6,4,Jun_W4,0.0,1607.0
White-rumped Sandpiper,7,1,Jul_W1,0.0,1280.0
White-rumped Sandpiper,7,2,Jul_W2,0.0,1137.0
White-rumped Sandpiper,7,3,Jul_W3,0.0,1132.0
White-rumped Sandpiper,7,4,Jul_W4,0.0,1448.0
White-rumped Sandpiper,8,1,Aug_W1,0.0,1001.0
White-rumped Sandpiper,8,2,Aug_W2,0.0,804.0
White-rumped Sandpiper,8,3,Aug_W3,0.0,836.0
White-rumped Sandpiper,8,4,Aug_W4,0.0,1035.0
White-rumped Sandpiper,9,1,Sep_W1,0.0,634.0
White-rumped Sandpiper,9,2,Sep_W2,0.0,819.0
White-rumped Sandpiper,9,3,Sep_W3,0.0,657.0
White-rumped Sandpiper,9,4,Sep_W4,0.0,766.0
White-rumped Sandpiper,10,1,Oct_W1,0.0,505.0
White-rumped Sandpiper,10,2,Oct_W2,0.0,568.0
White-rumped Sandpiper,10,3,Oct_W3,0.0,523.0
White-rumped Sandpiper,10,4,Oct_W4,0.0,632.0
White-rumped Sandpiper,11,1,Nov_W1,0.0,369.0
White-rumped Sandpiper,11,2,Nov_W2,0.0,337.0
White-rumped Sandpiper,11,3,Nov_W3,0.0,346.0
White-rumped Sandpiper,11,4,Nov_W4,0.0,492.0
White-rumped Sandpiper,12,1,Dec_W1,0.0,303.0
White-rumped Sandpiper,12,2,Dec_W2,0.0,335.0
White-rumped Sandpiper,12,3,Dec_W3,0.0,681.0
White-rumped Sandpiper,12,4,Dec_W4,0.0,600.0
Least Sandpiper,1,1,Jan_W1,0.0,823.0
Least Sandpiper,1,2,Jan_W2,0.0,535.0
Least Sandpiper,1,3,Jan_W3,0.0,472.0
Least Sandpiper,1,4,Jan_W4,0.0,644.0
Least Sandpiper,2,1,Feb_W1,0.0,490.0
Least Sandpiper,2,2,Feb_W2,0.0,589.0
Least Sandpiper,2,3,Feb_W3,0.0,787.0
Least Sandpiper,2,4,Feb_W4,0.0,427.0
Least Sandpiper,3,1,Mar_W1,0.0,558.0
Least Sandpiper,3,2,Mar_W2,0.0,649.0
Least Sandpiper,3,3,Mar_W3,0.0,710.0
Least Sandpiper,3,4,Mar_W4,0.0,1110.0
Least Sandpiper,4,1,Apr_W1,0.0,899.0
Least Sandpiper,4,2,Apr_W2,0.0,1344.0
Least Sandpiper,4,3,Apr_W3,0.0,1035.0
Least Sandpiper,4,4,Apr_W4,0.0,1332.0
Least Sandpiper,5,1,May_W1,0.0023383,1283.0
Least Sandpiper,5,2,May_W2,0.0090791,1542.0
Least Sandpiper,5,3,May_W3,0.0166556,1501.0
Least Sandpiper,5,4,May_W4,0.0131464,2282.0
Least Sandpiper,6,1,Jun_W1,0.0006609,1513.0
Least Sandpiper,6,2,Jun_W2,0.0014286,1400.0
Least Sandpiper,6,3,Jun_W3,0.0,1497.0
Least Sandpiper,6,4,Jun_W4,0.0006223,1607.0
Least Sandpiper,7,1,Jul_W1,0.0101563,1280.0
Least Sandpiper,7,2,Jul_W2,0.0123131,1137.0
Least Sandpiper,7,3,Jul_W3,0.0150177,1132.0
Least Sandpiper,7,4,Jul_W4,0.0110497,1448.0
Least Sandpiper,8,1,Aug_W1,0.023976,1001.0
Least Sandpiper,8,2,Aug_W2,0.0223881,804.0
Least Sandpiper,8,3,Aug_W3,0.0574163,836.0
Least Sandpiper,8,4,Aug_W4,0.0251208,1035.0
Least Sandpiper,9,1,Sep_W1,0.0236593,634.0
Least Sandpiper,9,2,Sep_W2,0.008547,819.0
Least Sandpiper,9,3,Sep_W3,0.0030441,657.0
Least Sandpiper,9,4,Sep_W4,0.0,766.0
Least Sandpiper,10,1,Oct_W1,0.0,505.0
Least Sandpiper,10,2,Oct_W2,0.0,568.0
Least Sandpiper,10,3,Oct_W3,0.0,523.0
Least Sandpiper,10,4,Oct_W4,0.0,632.0
Least Sandpiper,11,1,Nov_W1,0.0,369.0
Least Sandpiper,11,2,Nov_W2,0.0,337.0
Least Sandpiper,11,3,Nov_W3,0.0,346.0
Least Sandpiper,11,4,Nov_W4,0.0,492.0
Least Sandpiper,12,1,Dec_W1,0.0,303.0
Least Sandpiper,12,2,Dec_W2,0.0,335.0
Least Sandpiper,12,3,Dec_W3,0.0,681.0
Least Sandpiper,12,4,Dec_W4,0.0,600.0
Pectoral Sandpiper,1,1,Jan_W1,0.0,823.0
Pectoral Sandpiper,1,2,Jan_W2,0.0,535.0
Pectoral Sandpiper,1,3,Jan_W3,0.0,472.0
Pectoral Sandpiper,1,4,Jan_W4,0.0,644.0
Pectoral Sandpiper,2,1,Feb_W1,0.0,490.0
Pectoral Sandpiper,2,2,Feb_W2,0.0,589.0
Pectoral Sandpiper,2,3,Feb_W3,0.0,787.0
Pectoral Sandpiper,2,4,Feb_W4,0.0,427.0
Pectoral Sandpiper,3,1,Mar_W1,0.0,558.0
Pectoral Sandpiper,3,2,Mar_W2,0.0,649.0
Pectoral Sandpiper,3,3,Mar_W3,0.0,710.0
Pectoral Sandpiper,3,4,Mar_W4,0.0,1110.0
Pectoral Sandpiper,4,1,Apr_W1,0.0,899.0
Pectoral Sandpiper,4,2,Apr_W2,0.0,1344.0
Pectoral Sandpiper,4,3,Apr_W3,0.0,1035.0
Pectoral Sandpiper,4,4,Apr_W4,0.003003,1332.0
Pectoral Sandpiper,5,1,May_W1,0.0015588,1283.0
Pectoral Sandpiper,5,2,May_W2,0.001297,1542.0
Pectoral Sandpiper,5,3,May_W3,0.0006662,1501.0
Pectoral Sandpiper,5,4,May_W4,0.0008764,2282.0
Pectoral Sandpiper,6,1,Jun_W1,0.0,1513.0
Pectoral Sandpiper,6,2,Jun_W2,0.0,1400.0
Pectoral Sandpiper,6,3,Jun_W3,0.0,1497.0
Pectoral Sandpiper,6,4,Jun_W4,0.0,1607.0
Pectoral Sandpiper,7,1,Jul_W1,0.0,1280.0
Pectoral Sandpiper,7,2,Jul_W2,0.0008795,1137.0
Pectoral Sandpiper,7,3,Jul_W3,0.0,1132.0
Pectoral Sandpiper,7,4,Jul_W4,0.0006906,1448.0
Pectoral Sandpiper,8,1,Aug_W1,0.002997,1001.0
Pectoral Sandpiper,8,2,Aug_W2,0.0037313,804.0
Pectoral Sandpiper,8,3,Aug_W3,0.0107656,836.0
Pectoral Sandpiper,8,4,Aug_W4,0.0077295,1035.0
Pectoral Sandpiper,9,1,Sep_W1,0.0126183,634.0
Pectoral Sandpiper,9,2,Sep_W2,0.007326,819.0
Pectoral Sandpiper,9,3,Sep_W3,0.0030441,657.0
Pectoral Sandpiper,9,4,Sep_W4,0.002611,766.0
Pectoral Sandpiper,10,1,Oct_W1,0.0039604,505.0
Pectoral Sandpiper,10,2,Oct_W2,0.0015,568.0
Pectoral Sandpiper,10,3,Oct_W3,0.0,523.0
Pectoral Sandpiper,10,4,Oct_W4,0.0,632.0
Pectoral Sandpiper,11,1,Nov_W1,0.0,369.0
Pectoral Sandpiper,11,2,Nov_W2,0.0,337.0
Pectoral Sandpiper,11,3,Nov_W3,0.0,346.0
Pectoral Sandpiper,11,4,Nov_W4,0.0,492.0
Pectoral Sandpiper,12,1,Dec_W1,0.0,303.0
Pectoral Sandpiper,12,2,Dec_W2,0.0,335.0
Pectoral Sandpiper,12,3,Dec_W3,0.0,681.0
Pectoral Sandpiper,12,4,Dec_W4,0.0,600.0
Semipalmated Sandpiper,1,1,Jan_W1,0.0,823.0
Semipalmated Sandpiper,1,2,Jan_W2,0.0,535.0
Semipalmated Sandpiper,1,3,Jan_W3,0.0,472.0
Semipalmated Sandpiper,1,4,Jan_W4,0.0,644.0
Semipalmated Sandpiper,2,1,Feb_W1,0.0,490.0
Semipalmated Sandpiper,2,2,Feb_W2,0.0,589.0
Semipalmated Sandpiper,2,3,Feb_W3,0.0,787.0
Semipalmated Sandpiper,2,4,Feb_W4,0.0,427.0
Semipalmated Sandpiper,3,1,Mar_W1,0.0,558.0
Semipalmated Sandpiper,3,2,Mar_W2,0.0,649.0
Semipalmated Sandpiper,3,3,Mar_W3,0.0,710.0
Semipalmated Sandpiper,3,4,Mar_W4,0.0,1110.0
Semipalmated Sandpiper,4,1,Apr_W1,0.0,899.0
Semipalmated Sandpiper,4,2,Apr_W2,0.0,1344.0
Semipalmated Sandpiper,4,3,Apr_W3,0.0,1035.0
Semipalmated Sandpiper,4,4,Apr_W4,0.0007508,1332.0
Semipalmated Sandpiper,5,1,May_W1,0.0,1283.0
Semipalmated Sandpiper,5,2,May_W2,0.002594,1542.0
Semipalmated Sandpiper,5,3,May_W3,0.0066622,1501.0
Semipalmated Sandpiper,5,4,May_W4,0.0148992,2282.0
Semipalmated Sandpiper,6,1,Jun_W1,0.0158625,1513.0
Semipalmated Sandpiper,6,2,Jun_W2,0.0142857,1400.0
Semipalmated Sandpiper,6,3,Jun_W3,0.000668,1497.0
Semipalmated Sandpiper,6,4,Jun_W4,0.0,1607.0
Semipalmated Sandpiper,7,1,Jul_W1,0.0,1280.0
Semipalmated Sandpiper,7,2,Jul_W2,0.0026385,1137.0
Semipalmated Sandpiper,7,3,Jul_W3,0.0079505,1132.0
Semipalmated Sandpiper,7,4,Jul_W4,0.0110497,1448.0
Semipalmated Sandpiper,8,1,Aug_W1,0.003996,1001.0
Semipalmated Sandpiper,8,2,Aug_W2,0.0149254,804.0
Semipalmated Sandpiper,8,3,Aug_W3,0.0239234,836.0
Semipalmated Sandpiper,8,4,Aug_W4,0.0096618,1035.0
Semipalmated Sandpiper,9,1,Sep_W1,0.0173502,634.0
Semipalmated Sandpiper,9,2,Sep_W2,0.008547,819.0
Semipalmated Sandpiper,9,3,Sep_W3,0.0,657.0
Semipalmated Sandpiper,9,4,Sep_W4,0.0,766.0
Semipalmated Sandpiper,10,1,Oct_W1,0.0,505.0
Semipalmated Sandpiper,10,2,Oct_W2,0.0,568.0
Semipalmated Sandpiper,10,3,Oct_W3,0.0,523.0
Semipalmated Sandpiper,10,4,Oct_W4,0.0,632.0
Semipalmated Sandpiper,11,1,Nov_W1,0.0,369.0
Semipalmated Sandpiper,11,2,Nov_W2,0.0,337.0
Semipalmated Sandpiper,11,3,Nov_W3,0.0,346.0
Semipalmated Sandpiper,11,4,Nov_W4,0.0,492.0
Semipalmated Sandpiper,12,1,Dec_W1,0.0,303.0
Semipalmated Sandpiper,12,2,Dec_W2,0.0,335.0
Semipalmated Sandpiper,12,3,Dec_W3,0.0,681.0
Semipalmated Sandpiper,12,4,Dec_W4,0.0,600.0
Parasitic Jaeger,1,1,Jan_W1,0.0,823.0
Parasitic Jaeger,1,2,Jan_W2,0.0,535.0
Parasitic Jaeger,1,3,Jan_W3,0.0,472.0
Parasitic Jaeger,1,4,Jan_W4,0.0,644.0
Parasitic Jaeger,2,1,Feb_W1,0.0,490.0
Parasitic Jaeger,2,2,Feb_W2,0.0,589.0
Parasitic Jaeger,2,3,Feb_W3,0.0,787.0
Parasitic Jaeger,2,4,Feb_W4,0.0,427.0
Parasitic Jaeger,3,1,Mar_W1,0.0,558.0
Parasitic Jaeger,3,2,Mar_W2,0.0,649.0
Parasitic Jaeger,3,3,Mar_W3,0.0,710.0
Parasitic Jaeger,3,4,Mar_W4,0.0,1110.0
Parasitic Jaeger,4,1,Apr_W1,0.0,899.0
Parasitic Jaeger,4,2,Apr_W2,0.0,1344.0
Parasitic Jaeger,4,3,Apr_W3,0.0,1035.0
Parasitic Jaeger,4,4,Apr_W4,0.0,1332.0
Parasitic Jaeger,5,1,May_W1,0.0,1283.0
Parasitic Jaeger,5,2,May_W2,0.0,1542.0
Parasitic Jaeger,5,3,May_W3,0.0,1501.0
Parasitic Jaeger,5,4,May_W4,0.0,2282.0
Parasitic Jaeger,6,1,Jun_W1,0.0,1513.0
Parasitic Jaeger,6,2,Jun_W2,0.0,1400.0
Parasitic Jaeger,6,3,Jun_W3,0.0,1497.0
Parasitic Jaeger,6,4,Jun_W4,0.0,1607.0
Parasitic Jaeger,7,1,Jul_W1,0.0,1280.0
Parasitic Jaeger,7,2,Jul_W2,0.0,1137.0
Parasitic Jaeger,7,3,Jul_W3,0.0,1132.0
Parasitic Jaeger,7,4,Jul_W4,0.0,1448.0
Parasitic Jaeger,8,1,Aug_W1,0.0,1001.0
Parasitic Jaeger,8,2,Aug_W2,0.0,804.0
Parasitic Jaeger,8,3,Aug_W3,0.0,836.0
Parasitic Jaeger,8,4,Aug_W4,0.0,1035.0
Parasitic Jaeger,9,1,Sep_W1,0.0,634.0
Parasitic Jaeger,9,2,Sep_W2,0.001221,819.0
Parasitic Jaeger,9,3,Sep_W3,0.0,657.0
Parasitic Jaeger,9,4,Sep_W4,0.0,766.0
Parasitic Jaeger,10,1,Oct_W1,0.0,505.0
Parasitic Jaeger,10,2,Oct_W2,0.0,568.0
Parasitic Jaeger,10,3,Oct_W3,0.0,523.0
Parasitic Jaeger,10,4,Oct_W4,0.0,632.0
Parasitic Jaeger,11,1,Nov_W1,0.0,369.0
Parasitic Jaeger,11,2,Nov_W2,0.0,337.0
Parasitic Jaeger,11,3,Nov_W3,0.0,346.0
Parasitic Jaeger,11,4,Nov_W4,0.0,492.0
Parasitic Jaeger,12,1,Dec_W1,0.0,303.0
Parasitic Jaeger,12,2,Dec_W2,0.0,335.0
Parasitic Jaeger,12,3,Dec_W3,0.0,681.0
Parasitic Jaeger,12,4,Dec_W4,0.0,600.0
Little Gull,1,1,Jan_W1,0.0,823.0
Little Gull,1,2,Jan_W2,0.0,535.0
Little Gull,1,3,Jan_W3,0.0,472.0
Little Gull,1,4,Jan_W4,0.0,644.0
Little Gull,2,1,Feb_W1,0.0,490.0
Little Gull,2,2,Feb_W2,0.0,589.0
Little Gull,2,3,Feb_W3,0.0,787.0
Little Gull,2,4,Feb_W4,0.0,427.0
Little Gull,3,1,Mar_W1,0.0,558.0
Little Gull,3,2,Mar_W2,0.0,649.0
Little Gull,3,3,Mar_W3,0.0,710.0
Little Gull,3,4,Mar_W4,0.0,1110.0
Little Gull,4,1,Apr_W1,0.0,899.0
Little Gull,4,2,Apr_W2,0.0,1344.0
Little Gull,4,3,Apr_W3,0.0,1035.0
Little Gull,4,4,Apr_W4,0.0,1332.0
Little Gull,5,1,May_W1,0.0,1283.0
Little Gull,5,2,May_W2,0.0,1542.0
Little Gull,5,3,May_W3,0.0,1501.0
Little Gull,5,4,May_W4,0.0,2282.0
Little Gull,6,1,Jun_W1,0.0006609,1513.0
Little Gull,6,2,Jun_W2,0.0,1400.0
Little Gull,6,3,Jun_W3,0.0,1497.0
Little Gull,6,4,Jun_W4,0.0,1607.0
Little Gull,7,1,Jul_W1,0.0,1280.0
Little Gull,7,2,Jul_W2,0.0,1137.0
Little Gull,7,3,Jul_W3,0.0,1132.0
Little Gull,7,4,Jul_W4,0.0,1448.0
Little Gull,8,1,Aug_W1,0.0,1001.0
Little Gull,8,2,Aug_W2,0.0,804.0
Little Gull,8,3,Aug_W3,0.0,836.0
Little Gull,8,4,Aug_W4,0.0,1035.0
Little Gull,9,1,Sep_W1,0.0,634.0
Little Gull,9,2,Sep_W2,0.0,819.0
Little Gull,9,3,Sep_W3,0.0,657.0
Little Gull,9,4,Sep_W4,0.0,766.0
Little Gull,10,1,Oct_W1,0.0,505.0
Little Gull,10,2,Oct_W2,0.0,568.0
Little Gull,10,3,Oct_W3,0.0,523.0
Little Gull,10,4,Oct_W4,0.0,632.0
Little Gull,11,1,Nov_W1,0.00271,369.0
Little Gull,11,2,Nov_W2,0.0029674,337.0
Little Gull,11,3,Nov_W3,0.0,346.0
Little Gull,11,4,Nov_W4,0.0020325,492.0
Little Gull,12,1,Dec_W1,0.0,303.0
Little Gull,12,2,Dec_W2,0.0,335.0
Little Gull,12,3,Dec_W3,0.0,681.0
Little Gull,12,4,Dec_W4,0.0,600.0
Black-legged Kittiwake,1,1,Jan_W1,0.0,823.0
Black-legged Kittiwake,1,2,Jan_W2,0.0,535.0
Black-legged Kittiwake,1,3,Jan_W3,0.0,472.0
Black-legged Kittiwake,1,4,Jan_W4,0.0,644.0
Black-legged Kittiwake,2,1,Feb_W1,0.0,490.0
Black-legged Kittiwake,2,2,Feb_W2,0.0,589.0
Black-legged Kittiwake,2,3,Feb_W3,0.0,787.0
Black-legged Kittiwake,2,4,Feb_W4,0.0,427.0
Black-legged Kittiwake,3,1,Mar_W1,0.0,558.0
Black-legged Kittiwake,3,2,Mar_W2,0.0,649.0
Black-legged Kittiwake,3,3,Mar_W3,0.0,710.0
Black-legged Kittiwake,3,4,Mar_W4,0.0,1110.0
Black-legged Kittiwake,4,1,Apr_W1,0.0,899.0
Black-legged Kittiwake,4,2,Apr_W2,0.0,1344.0
Black-legged Kittiwake,4,3,Apr_W3,0.0,1035.0
Black-legged Kittiwake,4,4,Apr_W4,0.0,1332.0
Black-legged Kittiwake,5,1,May_W1,0.0,1283.0
Black-legged Kittiwake,5,2,May_W2,0.0,1542.0
Black-legged Kittiwake,5,3,May_W3,0.0,1501.0
Black-legged Kittiwake,5,4,May_W4,0.0,2282.0
Black-legged Kittiwake,6,1,Jun_W1,0.0,1513.0
Black-legged Kittiwake,6,2,Jun_W2,0.0,1400.0
Black-legged Kittiwake,6,3,Jun_W3,0.0,1497.0
Black-legged Kittiwake,6,4,Jun_W4,0.0,1607.0
Black-legged Kittiwake,7,1,Jul_W1,0.0,1280.0
Black-legged Kittiwake,7,2,Jul_W2,0.0015,1137.0
Black-legged Kittiwake,7,3,Jul_W3,0.0,1132.0
Black-legged Kittiwake,7,4,Jul_W4,0.0,1448.0
Black-legged Kittiwake,8,1,Aug_W1,0.0,1001.0
Black-legged Kittiwake,8,2,Aug_W2,0.0,804.0
Black-legged Kittiwake,8,3,Aug_W3,0.0,836.0
Black-legged Kittiwake,8,4,Aug_W4,0.0,1035.0
Black-legged Kittiwake,9,1,Sep_W1,0.0,634.0
Black-legged Kittiwake,9,2,Sep_W2,0.0,819.0
Black-legged Kittiwake,9,3,Sep_W3,0.0,657.0
Black-legged Kittiwake,9,4,Sep_W4,0.0,766.0
Black-legged Kittiwake,10,1,Oct_W1,0.0,505.0
Black-legged Kittiwake,10,2,Oct_W2,0.0,568.0
Black-legged Kittiwake,10,3,Oct_W3,0.0,523.0
Black-legged Kittiwake,10,4,Oct_W4,0.0,632.0
Black-legged Kittiwake,11,1,Nov_W1,0.0,369.0
Black-legged Kittiwake,11,2,Nov_W2,0.0,337.0
Black-legged Kittiwake,11,3,Nov_W3,0.0,346.0
Black-legged Kittiwake,11,4,Nov_W4,0.0,492.0
Black-legged Kittiwake,12,1,Dec_W1,0.0,303.0
Black-legged Kittiwake,12,2,Dec_W2,0.0,335.0
Black-legged Kittiwake,12,3,Dec_W3,0.0,681.0
Black-legged Kittiwake,12,4,Dec_W4,0.0,600.0
Bonaparte's Gull,1,1,Jan_W1,0.0072904,823.0
Bonaparte's Gull,1,2,Jan_W2,0.0037383,535.0
Bonaparte's Gull,1,3,Jan_W3,0.0063559,472.0
Bonaparte's Gull,1,4,Jan_W4,0.0,644.0
Bonaparte's Gull,2,1,Feb_W1,0.0,490.0
Bonaparte's Gull,2,2,Feb_W2,0.0,589.0
Bonaparte's Gull,2,3,Feb_W3,0.0,787.0
Bonaparte's Gull,2,4,Feb_W4,0.0,427.0
Bonaparte's Gull,3,1,Mar_W1,0.0017921,558.0
Bonaparte's Gull,3,2,Mar_W2,0.0,649.0
Bonaparte's Gull,3,3,Mar_W3,0.0,710.0
Bonaparte's Gull,3,4,Mar_W4,0.0,1110.0
Bonaparte's Gull,4,1,Apr_W1,0.0015,899.0
Bonaparte's Gull,4,2,Apr_W2,0.0223214,1344.0
Bonaparte's Gull,4,3,Apr_W3,0.0222222,1035.0
Bonaparte's Gull,4,4,Apr_W4,0.0322823,1332.0
Bonaparte's Gull,5,1,May_W1,0.0038971,1283.0
Bonaparte's Gull,5,2,May_W2,0.0038911,1542.0
Bonaparte's Gull,5,3,May_W3,0.0046636,1501.0
Bonaparte's Gull,5,4,May_W4,0.0013146,2282.0
Bonaparte's Gull,6,1,Jun_W1,0.0006609,1513.0
Bonaparte's Gull,6,2,Jun_W2,0.0,1400.0
Bonaparte's Gull,6,3,Jun_W3,0.0,1497.0
Bonaparte's Gull,6,4,Jun_W4,0.0,1607.0
Bonaparte's Gull,7,1,Jul_W1,0.0,1280.0
Bonaparte's Gull,7,2,Jul_W2,0.0,1137.0
Bonaparte's Gull,7,3,Jul_W3,0.0017668,1132.0
Bonaparte's Gull,7,4,Jul_W4,0.0027624,1448.0
Bonaparte's Gull,8,1,Aug_W1,0.002997,1001.0
Bonaparte's Gull,8,2,Aug_W2,0.0124378,804.0
Bonaparte's Gull,8,3,Aug_W3,0.0011962,836.0
Bonaparte's Gull,8,4,Aug_W4,0.0038647,1035.0
Bonaparte's Gull,9,1,Sep_W1,0.0063091,634.0
Bonaparte's Gull,9,2,Sep_W2,0.006105,819.0
Bonaparte's Gull,9,3,Sep_W3,0.0015221,657.0
Bonaparte's Gull,9,4,Sep_W4,0.0117493,766.0
Bonaparte's Gull,10,1,Oct_W1,0.0237624,505.0
Bonaparte's Gull,10,2,Oct_W2,0.056338,568.0
Bonaparte's Gull,10,3,Oct_W3,0.0592734,523.0
Bonaparte's Gull,10,4,Oct_W4,0.0917722,632.0
Bonaparte's Gull,11,1,Nov_W1,0.1111111,369.0
Bonaparte's Gull,11,2,Nov_W2,0.115727,337.0
Bonaparte's Gull,11,3,Nov_W3,0.0809249,346.0
Bonaparte's Gull,11,4,Nov_W4,0.0813008,492.0
Bonaparte's Gull,12,1,Dec_W1,0.0561056,303.0
Bonaparte's Gull,12,2,Dec_W2,0.0268657,335.0
Bonaparte's Gull,12,3,Dec_W3,0.0146843,681.0
Bonaparte's Gull,12,4,Dec_W4,0.0033333,600.0
Laughing Gull,1,1,Jan_W1,0.0,823.0
Laughing Gull,1,2,Jan_W2,0.0,535.0
Laughing Gull,1,3,Jan_W3,0.0,472.0
Laughing Gull,1,4,Jan_W4,0.0,644.0
Laughing Gull,2,1,Feb_W1,0.0,490.0
Laughing Gull,2,2,Feb_W2,0.0,589.0
Laughing Gull,2,3,Feb_W3,0.0,787.0
Laughing Gull,2,4,Feb_W4,0.0,427.0
Laughing Gull,3,1,Mar_W1,0.0,558.0
Laughing Gull,3,2,Mar_W2,0.0,649.0
Laughing Gull,3,3,Mar_W3,0.0,710.0
Laughing Gull,3,4,Mar_W4,0.0,1110.0
Laughing Gull,4,1,Apr_W1,0.0,899.0
Laughing Gull,4,2,Apr_W2,0.0,1344.0
Laughing Gull,4,3,Apr_W3,0.0,1035.0
Laughing Gull,4,4,Apr_W4,0.0,1332.0
Laughing Gull,5,1,May_W1,0.0,1283.0
Laughing Gull,5,2,May_W2,0.0,1542.0
Laughing Gull,5,3,May_W3,0.0,1501.0
Laughing Gull,5,4,May_W4,0.0,2282.0
Laughing Gull,6,1,Jun_W1,0.0,1513.0
Laughing Gull,6,2,Jun_W2,0.0,1400.0
Laughing Gull,6,3,Jun_W3,0.0,1497.0
Laughing Gull,6,4,Jun_W4,0.0,1607.0
Laughing Gull,7,1,Jul_W1,0.0,1280.0
Laughing Gull,7,2,Jul_W2,0.0,1137.0
Laughing Gull,7,3,Jul_W3,0.0,1132.0
Laughing Gull,7,4,Jul_W4,0.0,1448.0
Laughing Gull,8,1,Aug_W1,0.0,1001.0
Laughing Gull,8,2,Aug_W2,0.0,804.0
Laughing Gull,8,3,Aug_W3,0.0,836.0
Laughing Gull,8,4,Aug_W4,0.0,1035.0
Laughing Gull,9,1,Sep_W1,0.0,634.0
Laughing Gull,9,2,Sep_W2,0.0,819.0
Laughing Gull,9,3,Sep_W3,0.0015221,657.0
Laughing Gull,9,4,Sep_W4,0.0,766.0
Laughing Gull,10,1,Oct_W1,0.0,505.0
Laughing Gull,10,2,Oct_W2,0.0,568.0
Laughing Gull,10,3,Oct_W3,0.0,523.0
Laughing Gull,10,4,Oct_W4,0.0,632.0
Laughing Gull,11,1,Nov_W1,0.0,369.0
Laughing Gull,11,2,Nov_W2,0.0,337.0
Laughing Gull,11,3,Nov_W3,0.0,346.0
Laughing Gull,11,4,Nov_W4,0.0,492.0
Laughing Gull,12,1,Dec_W1,0.0,303.0
Laughing Gull,12,2,Dec_W2,0.0,335.0
Laughing Gull,12,3,Dec_W3,0.0,681.0
Laughing Gull,12,4,Dec_W4,0.0,600.0
Franklin's Gull,1,1,Jan_W1,0.0,823.0
Franklin's Gull,1,2,Jan_W2,0.0,535.0
Franklin's Gull,1,3,Jan_W3,0.0,472.0
Franklin's Gull,1,4,Jan_W4,0.0,644.0
Franklin's Gull,2,1,Feb_W1,0.0,490.0
Franklin's Gull,2,2,Feb_W2,0.0,589.0
Franklin's Gull,2,3,Feb_W3,0.0,787.0
Franklin's Gull,2,4,Feb_W4,0.0,427.0
Franklin's Gull,3,1,Mar_W1,0.0,558.0
Franklin's Gull,3,2,Mar_W2,0.0,649.0
Franklin's Gull,3,3,Mar_W3,0.0,710.0
Franklin's Gull,3,4,Mar_W4,0.0,1110.0
Franklin's Gull,4,1,Apr_W1,0.0,899.0
Franklin's Gull,4,2,Apr_W2,0.0,1344.0
Franklin's Gull,4,3,Apr_W3,0.0,1035.0
Franklin's Gull,4,4,Apr_W4,0.0,1332.0
Franklin's Gull,5,1,May_W1,0.0,1283.0
Franklin's Gull,5,2,May_W2,0.0,1542.0
Franklin's Gull,5,3,May_W3,0.0006662,1501.0
Franklin's Gull,5,4,May_W4,0.0,2282.0
Franklin's Gull,6,1,Jun_W1,0.0,1513.0
Franklin's Gull,6,2,Jun_W2,0.0,1400.0
Franklin's Gull,6,3,Jun_W3,0.0,1497.0
Franklin's Gull,6,4,Jun_W4,0.0,1607.0
Franklin's Gull,7,1,Jul_W1,0.0,1280.0
Franklin's Gull,7,2,Jul_W2,0.0,1137.0
Franklin's Gull,7,3,Jul_W3,0.0,1132.0
Franklin's Gull,7,4,Jul_W4,0.0027624,1448.0
Franklin's Gull,8,1,Aug_W1,0.0,1001.0
Franklin's Gull,8,2,Aug_W2,0.0,804.0
Franklin's Gull,8,3,Aug_W3,0.0,836.0
Franklin's Gull,8,4,Aug_W4,0.0,1035.0
Franklin's Gull,9,1,Sep_W1,0.0,634.0
Franklin's Gull,9,2,Sep_W2,0.0,819.0
Franklin's Gull,9,3,Sep_W3,0.0,657.0
Franklin's Gull,9,4,Sep_W4,0.0,766.0
Franklin's Gull,10,1,Oct_W1,0.0,505.0
Franklin's Gull,10,2,Oct_W2,0.0,568.0
Franklin's Gull,10,3,Oct_W3,0.001912,523.0
Franklin's Gull,10,4,Oct_W4,0.0,632.0
Franklin's Gull,11,1,Nov_W1,0.0,369.0
Franklin's Gull,11,2,Nov_W2,0.0,337.0
Franklin's Gull,11,3,Nov_W3,0.0,346.0
Franklin's Gull,11,4,Nov_W4,0.0,492.0
Franklin's Gull,12,1,Dec_W1,0.0,303.0
Franklin's Gull,12,2,Dec_W2,0.0,335.0
Franklin's Gull,12,3,Dec_W3,0.0,681.0
Franklin's Gull,12,4,Dec_W4,0.0,600.0
Ring-billed Gull,1,1,Jan_W1,0.1190765,823.0
Ring-billed Gull,1,2,Jan_W2,0.1158879,535.0
Ring-billed Gull,1,3,Jan_W3,0.0995763,472.0
Ring-billed Gull,1,4,Jan_W4,0.0714286,644.0
Ring-billed Gull,2,1,Feb_W1,0.0714286,490.0
Ring-billed Gull,2,2,Feb_W2,0.089983,589.0
Ring-billed Gull,2,3,Feb_W3,0.0597205,787.0
Ring-billed Gull,2,4,Feb_W4,0.0725995,427.0
Ring-billed Gull,3,1,Mar_W1,0.0860215,558.0
Ring-billed Gull,3,2,Mar_W2,0.1494607,649.0
Ring-billed Gull,3,3,Mar_W3,0.2056338,710.0
Ring-billed Gull,3,4,Mar_W4,0.272973,1110.0
Ring-billed Gull,4,1,Apr_W1,0.3136819,899.0
Ring-billed Gull,4,2,Apr_W2,0.343006,1344.0
Ring-billed Gull,4,3,Apr_W3,0.2724638,1035.0
Ring-billed Gull,4,4,Apr_W4,0.298048,1332.0
Ring-billed Gull,5,1,May_W1,0.2057677,1283.0
Ring-billed Gull,5,2,May_W2,0.1854734,1542.0
Ring-billed Gull,5,3,May_W3,0.206529,1501.0
Ring-billed Gull,5,4,May_W4,0.2291849,2282.0
Ring-billed Gull,6,1,Jun_W1,0.2630535,1513.0
Ring-billed Gull,6,2,Jun_W2,0.2607143,1400.0
Ring-billed Gull,6,3,Jun_W3,0.257181,1497.0
Ring-billed Gull,6,4,Jun_W4,0.2626011,1607.0
Ring-billed Gull,7,1,Jul_W1,0.2429688,1280.0
Ring-billed Gull,7,2,Jul_W2,0.2656113,1137.0
Ring-billed Gull,7,3,Jul_W3,0.2464664,1132.0
Ring-billed Gull,7,4,Jul_W4,0.2783149,1448.0
Ring-billed Gull,8,1,Aug_W1,0.3036963,1001.0
Ring-billed Gull,8,2,Aug_W2,0.2736318,804.0
Ring-billed Gull,8,3,Aug_W3,0.2763158,836.0
Ring-billed Gull,8,4,Aug_W4,0.2647343,1035.0
Ring-billed Gull,9,1,Sep_W1,0.2271293,634.0
Ring-billed Gull,9,2,Sep_W2,0.2295482,819.0
Ring-billed Gull,9,3,Sep_W3,0.2283105,657.0
Ring-billed Gull,9,4,Sep_W4,0.227154,766.0
Ring-billed Gull,10,1,Oct_W1,0.2554455,505.0
Ring-billed Gull,10,2,Oct_W2,0.278169,568.0
Ring-billed Gull,10,3,Oct_W3,0.2313576,523.0
Ring-billed Gull,10,4,Oct_W4,0.2231013,632.0
Ring-billed Gull,11,1,Nov_W1,0.2140921,369.0
Ring-billed Gull,11,2,Nov_W2,0.2017804,337.0
Ring-billed Gull,11,3,Nov_W3,0.1936416,346.0
Ring-billed Gull,11,4,Nov_W4,0.2012195,492.0
Ring-billed Gull,12,1,Dec_W1,0.1419142,303.0
Ring-billed Gull,12,2,Dec_W2,0.1253731,335.0
Ring-billed Gull,12,3,Dec_W3,0.1674009,681.0
Ring-billed Gull,12,4,Dec_W4,0.125,600.0
American Herring Gull,1,1,Jan_W1,0.0959903,823.0
American Herring Gull,1,2,Jan_W2,0.117757,535.0
American Herring Gull,1,3,Jan_W3,0.1080508,472.0
American Herring Gull,1,4,Jan_W4,0.1164596,644.0
American Herring Gull,2,1,Feb_W1,0.1346939,490.0
American Herring Gull,2,2,Feb_W2,0.0848896,589.0
American Herring Gull,2,3,Feb_W3,0.0813215,787.0
American Herring Gull,2,4,Feb_W4,0.0702576,427.0
American Herring Gull,3,1,Mar_W1,0.09319,558.0
American Herring Gull,3,2,Mar_W2,0.0677966,649.0
American Herring Gull,3,3,Mar_W3,0.1112676,710.0
American Herring Gull,3,4,Mar_W4,0.1126126,1110.0
American Herring Gull,4,1,Apr_W1,0.0967742,899.0
American Herring Gull,4,2,Apr_W2,0.1376488,1344.0
American Herring Gull,4,3,Apr_W3,0.1024155,1035.0
American Herring Gull,4,4,Apr_W4,0.1088589,1332.0
American Herring Gull,5,1,May_W1,0.0966485,1283.0
American Herring Gull,5,2,May_W2,0.1011673,1542.0
American Herring Gull,5,3,May_W3,0.1072618,1501.0
American Herring Gull,5,4,May_W4,0.1205083,2282.0
American Herring Gull,6,1,Jun_W1,0.1308658,1513.0
American Herring Gull,6,2,Jun_W2,0.1,1400.0
American Herring Gull,6,3,Jun_W3,0.1022044,1497.0
American Herring Gull,6,4,Jun_W4,0.0983199,1607.0
American Herring Gull,7,1,Jul_W1,0.0882813,1280.0
American Herring Gull,7,2,Jul_W2,0.1108179,1137.0
American Herring Gull,7,3,Jul_W3,0.1280919,1132.0
American Herring Gull,7,4,Jul_W4,0.1353591,1448.0
American Herring Gull,8,1,Aug_W1,0.1478521,1001.0
American Herring Gull,8,2,Aug_W2,0.130597,804.0
American Herring Gull,8,3,Aug_W3,0.1483254,836.0
American Herring Gull,8,4,Aug_W4,0.1449275,1035.0
American Herring Gull,9,1,Sep_W1,0.1214511,634.0
American Herring Gull,9,2,Sep_W2,0.1245421,819.0
American Herring Gull,9,3,Sep_W3,0.130898,657.0
American Herring Gull,9,4,Sep_W4,0.1227154,766.0
American Herring Gull,10,1,Oct_W1,0.1247525,505.0
American Herring Gull,10,2,Oct_W2,0.1426056,568.0
American Herring Gull,10,3,Oct_W3,0.1051625,523.0
American Herring Gull,10,4,Oct_W4,0.1186709,632.0
American Herring Gull,11,1,Nov_W1,0.1273713,369.0
American Herring Gull,11,2,Nov_W2,0.1305638,337.0
American Herring Gull,11,3,Nov_W3,0.1531792,346.0
American Herring Gull,11,4,Nov_W4,0.1239837,492.0
American Herring Gull,12,1,Dec_W1,0.1023102,303.0
American Herring Gull,12,2,Dec_W2,0.0895522,335.0
American Herring Gull,12,3,Dec_W3,0.0983847,681.0
American Herring Gull,12,4,Dec_W4,0.1083333,600.0
Great Black-backed Gull,1,1,Jan_W1,0.0,823.0
Great Black-backed Gull,1,2,Jan_W2,0.0,535.0
Great Black-backed Gull,1,3,Jan_W3,0.0,472.0
Great Black-backed Gull,1,4,Jan_W4,0.0015,644.0
Great Black-backed Gull,2,1,Feb_W1,0.0020408,490.0
Great Black-backed Gull,2,2,Feb_W2,0.0,589.0
Great Black-backed Gull,2,3,Feb_W3,0.0,787.0
Great Black-backed Gull,2,4,Feb_W4,0.0023419,427.0
Great Black-backed Gull,3,1,Mar_W1,0.0,558.0
Great Black-backed Gull,3,2,Mar_W2,0.0,649.0
Great Black-backed Gull,3,3,Mar_W3,0.0,710.0
Great Black-backed Gull,3,4,Mar_W4,0.0,1110.0
Great Black-backed Gull,4,1,Apr_W1,0.0022247,899.0
Great Black-backed Gull,4,2,Apr_W2,0.000744,1344.0
Great Black-backed Gull,4,3,Apr_W3,0.0028986,1035.0
Great Black-backed Gull,4,4,Apr_W4,0.0007508,1332.0
Great Black-backed Gull,5,1,May_W1,0.0038971,1283.0
Great Black-backed Gull,5,2,May_W2,0.0006485,1542.0
Great Black-backed Gull,5,3,May_W3,0.0013324,1501.0
Great Black-backed Gull,5,4,May_W4,0.0008764,2282.0
Great Black-backed Gull,6,1,Jun_W1,0.0019828,1513.0
Great Black-backed Gull,6,2,Jun_W2,0.0014286,1400.0
Great Black-backed Gull,6,3,Jun_W3,0.0,1497.0
Great Black-backed Gull,6,4,Jun_W4,0.0006223,1607.0
Great Black-backed Gull,7,1,Jul_W1,0.0,1280.0
Great Black-backed Gull,7,2,Jul_W2,0.0008795,1137.0
Great Black-backed Gull,7,3,Jul_W3,0.0,1132.0
Great Black-backed Gull,7,4,Jul_W4,0.0006906,1448.0
Great Black-backed Gull,8,1,Aug_W1,0.0,1001.0
Great Black-backed Gull,8,2,Aug_W2,0.0,804.0
Great Black-backed Gull,8,3,Aug_W3,0.0015,836.0
Great Black-backed Gull,8,4,Aug_W4,0.0,1035.0
Great Black-backed Gull,9,1,Sep_W1,0.0015773,634.0
Great Black-backed Gull,9,2,Sep_W2,0.0,819.0
Great Black-backed Gull,9,3,Sep_W3,0.0,657.0
Great Black-backed Gull,9,4,Sep_W4,0.0013055,766.0
Great Black-backed Gull,10,1,Oct_W1,0.0,505.0
Great Black-backed Gull,10,2,Oct_W2,0.0017606,568.0
Great Black-backed Gull,10,3,Oct_W3,0.0,523.0
Great Black-backed Gull,10,4,Oct_W4,0.0,632.0
Great Black-backed Gull,11,1,Nov_W1,0.00271,369.0
Great Black-backed Gull,11,2,Nov_W2,0.0,337.0
Great Black-backed Gull,11,3,Nov_W3,0.0,346.0
Great Black-backed Gull,11,4,Nov_W4,0.0,492.0
Great Black-backed Gull,12,1,Dec_W1,0.0,303.0
Great Black-backed Gull,12,2,Dec_W2,0.0,335.0
Great Black-backed Gull,12,3,Dec_W3,0.0,681.0
Great Black-backed Gull,12,4,Dec_W4,0.0015,600.0
Glaucous Gull,1,1,Jan_W1,0.0,823.0
Glaucous Gull,1,2,Jan_W2,0.0,535.0
Glaucous Gull,1,3,Jan_W3,0.0015,472.0
Glaucous Gull,1,4,Jan_W4,0.0015,644.0
Glaucous Gull,2,1,Feb_W1,0.0015,490.0
Glaucous Gull,2,2,Feb_W2,0.0,589.0
Glaucous Gull,2,3,Feb_W3,0.0012706,787.0
Glaucous Gull,2,4,Feb_W4,0.0070258,427.0
Glaucous Gull,3,1,Mar_W1,0.0035842,558.0
Glaucous Gull,3,2,Mar_W2,0.0015408,649.0
Glaucous Gull,3,3,Mar_W3,0.0014085,710.0
Glaucous Gull,3,4,Mar_W4,0.0,1110.0
Glaucous Gull,4,1,Apr_W1,0.0011123,899.0
Glaucous Gull,4,2,Apr_W2,0.0022321,1344.0
Glaucous Gull,4,3,Apr_W3,0.0,1035.0
Glaucous Gull,4,4,Apr_W4,0.0015015,1332.0
Glaucous Gull,5,1,May_W1,0.0015588,1283.0
Glaucous Gull,5,2,May_W2,0.001297,1542.0
Glaucous Gull,5,3,May_W3,0.0,1501.0
Glaucous Gull,5,4,May_W4,0.0,2282.0
Glaucous Gull,6,1,Jun_W1,0.0046266,1513.0
Glaucous Gull,6,2,Jun_W2,0.0015,1400.0
Glaucous Gull,6,3,Jun_W3,0.0,1497.0
Glaucous Gull,6,4,Jun_W4,0.0018668,1607.0
Glaucous Gull,7,1,Jul_W1,0.003125,1280.0
Glaucous Gull,7,2,Jul_W2,0.0015,1137.0
Glaucous Gull,7,3,Jul_W3,0.0,1132.0
Glaucous Gull,7,4,Jul_W4,0.0,1448.0
Glaucous Gull,8,1,Aug_W1,0.0,1001.0
Glaucous Gull,8,2,Aug_W2,0.0,804.0
Glaucous Gull,8,3,Aug_W3,0.0,836.0
Glaucous Gull,8,4,Aug_W4,0.0,1035.0
Glaucous Gull,9,1,Sep_W1,0.0,634.0
Glaucous Gull,9,2,Sep_W2,0.0,819.0
Glaucous Gull,9,3,Sep_W3,0.0,657.0
Glaucous Gull,9,4,Sep_W4,0.0,766.0
Glaucous Gull,10,1,Oct_W1,0.0,505.0
Glaucous Gull,10,2,Oct_W2,0.0,568.0
Glaucous Gull,10,3,Oct_W3,0.0,523.0
Glaucous Gull,10,4,Oct_W4,0.0,632.0
Glaucous Gull,11,1,Nov_W1,0.0,369.0
Glaucous Gull,11,2,Nov_W2,0.0,337.0
Glaucous Gull,11,3,Nov_W3,0.0,346.0
Glaucous Gull,11,4,Nov_W4,0.0,492.0
Glaucous Gull,12,1,Dec_W1,0.0,303.0
Glaucous Gull,12,2,Dec_W2,0.0,335.0
Glaucous Gull,12,3,Dec_W3,0.0,681.0
Glaucous Gull,12,4,Dec_W4,0.0066667,600.0
Lesser Black-backed Gull,1,1,Jan_W1,0.0,823.0
Lesser Black-backed Gull,1,2,Jan_W2,0.0,535.0
Lesser Black-backed Gull,1,3,Jan_W3,0.0,472.0
Lesser Black-backed Gull,1,4,Jan_W4,0.0015528,644.0
Lesser Black-backed Gull,2,1,Feb_W1,0.0,490.0
Lesser Black-backed Gull,2,2,Feb_W2,0.0,589.0
Lesser Black-backed Gull,2,3,Feb_W3,0.0,787.0
Lesser Black-backed Gull,2,4,Feb_W4,0.0,427.0
Lesser Black-backed Gull,3,1,Mar_W1,0.0,558.0
Lesser Black-backed Gull,3,2,Mar_W2,0.0,649.0
Lesser Black-backed Gull,3,3,Mar_W3,0.0,710.0
Lesser Black-backed Gull,3,4,Mar_W4,0.0,1110.0
Lesser Black-backed Gull,4,1,Apr_W1,0.0,899.0
Lesser Black-backed Gull,4,2,Apr_W2,0.0022321,1344.0
Lesser Black-backed Gull,4,3,Apr_W3,0.0,1035.0
Lesser Black-backed Gull,4,4,Apr_W4,0.0015015,1332.0
Lesser Black-backed Gull,5,1,May_W1,0.0007794,1283.0
Lesser Black-backed Gull,5,2,May_W2,0.0006485,1542.0
Lesser Black-backed Gull,5,3,May_W3,0.0033311,1501.0
Lesser Black-backed Gull,5,4,May_W4,0.0026293,2282.0
Lesser Black-backed Gull,6,1,Jun_W1,0.0026438,1513.0
Lesser Black-backed Gull,6,2,Jun_W2,0.0,1400.0
Lesser Black-backed Gull,6,3,Jun_W3,0.0,1497.0
Lesser Black-backed Gull,6,4,Jun_W4,0.0006223,1607.0
Lesser Black-backed Gull,7,1,Jul_W1,0.0,1280.0
Lesser Black-backed Gull,7,2,Jul_W2,0.001759,1137.0
Lesser Black-backed Gull,7,3,Jul_W3,0.0,1132.0
Lesser Black-backed Gull,7,4,Jul_W4,0.0,1448.0
Lesser Black-backed Gull,8,1,Aug_W1,0.0,1001.0
Lesser Black-backed Gull,8,2,Aug_W2,0.0,804.0
Lesser Black-backed Gull,8,3,Aug_W3,0.0,836.0
Lesser Black-backed Gull,8,4,Aug_W4,0.0009662,1035.0
Lesser Black-backed Gull,9,1,Sep_W1,0.0,634.0
Lesser Black-backed Gull,9,2,Sep_W2,0.001221,819.0
Lesser Black-backed Gull,9,3,Sep_W3,0.0015221,657.0
Lesser Black-backed Gull,9,4,Sep_W4,0.0,766.0
Lesser Black-backed Gull,10,1,Oct_W1,0.0,505.0
Lesser Black-backed Gull,10,2,Oct_W2,0.0,568.0
Lesser Black-backed Gull,10,3,Oct_W3,0.0,523.0
Lesser Black-backed Gull,10,4,Oct_W4,0.0,632.0
Lesser Black-backed Gull,11,1,Nov_W1,0.0,369.0
Lesser Black-backed Gull,11,2,Nov_W2,0.0,337.0
Lesser Black-backed Gull,11,3,Nov_W3,0.0,346.0
Lesser Black-backed Gull,11,4,Nov_W4,0.0,492.0
Lesser Black-backed Gull,12,1,Dec_W1,0.0,303.0
Lesser Black-backed Gull,12,2,Dec_W2,0.0,335.0
Lesser Black-backed Gull,12,3,Dec_W3,0.0,681.0
Lesser Black-backed Gull,12,4,Dec_W4,0.0,600.0
Iceland Gull,1,1,Jan_W1,0.0,823.0
Iceland Gull,1,2,Jan_W2,0.0056075,535.0
Iceland Gull,1,3,Jan_W3,0.0,472.0
Iceland Gull,1,4,Jan_W4,0.0,644.0
Iceland Gull,2,1,Feb_W1,0.0,490.0
Iceland Gull,2,2,Feb_W2,0.0,589.0
Iceland Gull,2,3,Feb_W3,0.0,787.0
Iceland Gull,2,4,Feb_W4,0.0,427.0
Iceland Gull,3,1,Mar_W1,0.0,558.0
Iceland Gull,3,2,Mar_W2,0.0,649.0
Iceland Gull,3,3,Mar_W3,0.0014085,710.0
Iceland Gull,3,4,Mar_W4,0.0,1110.0
Iceland Gull,4,1,Apr_W1,0.0,899.0
Iceland Gull,4,2,Apr_W2,0.0,1344.0
Iceland Gull,4,3,Apr_W3,0.0019324,1035.0
Iceland Gull,4,4,Apr_W4,0.0007508,1332.0
Iceland Gull,5,1,May_W1,0.0007794,1283.0
Iceland Gull,5,2,May_W2,0.0,1542.0
Iceland Gull,5,3,May_W3,0.0,1501.0
Iceland Gull,5,4,May_W4,0.0,2282.0
Iceland Gull,6,1,Jun_W1,0.0,1513.0
Iceland Gull,6,2,Jun_W2,0.0,1400.0
Iceland Gull,6,3,Jun_W3,0.0,1497.0
Iceland Gull,6,4,Jun_W4,0.0,1607.0
Iceland Gull,7,1,Jul_W1,0.0,1280.0
Iceland Gull,7,2,Jul_W2,0.0,1137.0
Iceland Gull,7,3,Jul_W3,0.0,1132.0
Iceland Gull,7,4,Jul_W4,0.0,1448.0
Iceland Gull,8,1,Aug_W1,0.0,1001.0
Iceland Gull,8,2,Aug_W2,0.0,804.0
Iceland Gull,8,3,Aug_W3,0.0,836.0
Iceland Gull,8,4,Aug_W4,0.0,1035.0
Iceland Gull,9,1,Sep_W1,0.0,634.0
Iceland Gull,9,2,Sep_W2,0.0,819.0
Iceland Gull,9,3,Sep_W3,0.0,657.0
Iceland Gull,9,4,Sep_W4,0.0,766.0
Iceland Gull,10,1,Oct_W1,0.0,505.0
Iceland Gull,10,2,Oct_W2,0.0,568.0
Iceland Gull,10,3,Oct_W3,0.0,523.0
Iceland Gull,10,4,Oct_W4,0.0,632.0
Iceland Gull,11,1,Nov_W1,0.0,369.0
Iceland Gull,11,2,Nov_W2,0.0015,337.0
Iceland Gull,11,3,Nov_W3,0.0,346.0
Iceland Gull,11,4,Nov_W4,0.0,492.0
Iceland Gull,12,1,Dec_W1,0.0,303.0
Iceland Gull,12,2,Dec_W2,0.0,335.0
Iceland Gull,12,3,Dec_W3,0.0,681.0
Iceland Gull,12,4,Dec_W4,0.0,600.0
Caspian Tern,1,1,Jan_W1,0.0,823.0
Caspian Tern,1,2,Jan_W2,0.0,535.0
Caspian Tern,1,3,Jan_W3,0.0,472.0
Caspian Tern,1,4,Jan_W4,0.0,644.0
Caspian Tern,2,1,Feb_W1,0.0,490.0
Caspian Tern,2,2,Feb_W2,0.0,589.0
Caspian Tern,2,3,Feb_W3,0.0,787.0
Caspian Tern,2,4,Feb_W4,0.0,427.0
Caspian Tern,3,1,Mar_W1,0.0,558.0
Caspian Tern,3,2,Mar_W2,0.0,649.0
Caspian Tern,3,3,Mar_W3,0.0,710.0
Caspian Tern,3,4,Mar_W4,0.0,1110.0
Caspian Tern,4,1,Apr_W1,0.0,899.0
Caspian Tern,4,2,Apr_W2,0.0066964,1344.0
Caspian Tern,4,3,Apr_W3,0.0173913,1035.0
Caspian Tern,4,4,Apr_W4,0.0405405,1332.0
Caspian Tern,5,1,May_W1,0.0342946,1283.0
Caspian Tern,5,2,May_W2,0.0402075,1542.0
Caspian Tern,5,3,May_W3,0.0426382,1501.0
Caspian Tern,5,4,May_W4,0.0482033,2282.0
Caspian Tern,6,1,Jun_W1,0.0356907,1513.0
Caspian Tern,6,2,Jun_W2,0.0392857,1400.0
Caspian Tern,6,3,Jun_W3,0.0581162,1497.0
Caspian Tern,6,4,Jun_W4,0.0603609,1607.0
Caspian Tern,7,1,Jul_W1,0.0695313,1280.0
Caspian Tern,7,2,Jul_W2,0.0650836,1137.0
Caspian Tern,7,3,Jul_W3,0.0609541,1132.0
Caspian Tern,7,4,Jul_W4,0.0877072,1448.0
Caspian Tern,8,1,Aug_W1,0.0999001,1001.0
Caspian Tern,8,2,Aug_W2,0.0671642,804.0
Caspian Tern,8,3,Aug_W3,0.0550239,836.0
Caspian Tern,8,4,Aug_W4,0.0270531,1035.0
Caspian Tern,9,1,Sep_W1,0.0047319,634.0
Caspian Tern,9,2,Sep_W2,0.0,819.0
Caspian Tern,9,3,Sep_W3,0.0,657.0
Caspian Tern,9,4,Sep_W4,0.0,766.0
Caspian Tern,10,1,Oct_W1,0.0,505.0
Caspian Tern,10,2,Oct_W2,0.0017606,568.0
Caspian Tern,10,3,Oct_W3,0.0,523.0
Caspian Tern,10,4,Oct_W4,0.0,632.0
Caspian Tern,11,1,Nov_W1,0.0,369.0
Caspian Tern,11,2,Nov_W2,0.0,337.0
Caspian Tern,11,3,Nov_W3,0.0,346.0
Caspian Tern,11,4,Nov_W4,0.0,492.0
Caspian Tern,12,1,Dec_W1,0.0,303.0
Caspian Tern,12,2,Dec_W2,0.0,335.0
Caspian Tern,12,3,Dec_W3,0.0,681.0
Caspian Tern,12,4,Dec_W4,0.0,600.0
Black Tern,1,1,Jan_W1,0.0,823.0
Black Tern,1,2,Jan_W2,0.0,535.0
Black Tern,1,3,Jan_W3,0.0,472.0
Black Tern,1,4,Jan_W4,0.0,644.0
Black Tern,2,1,Feb_W1,0.0,490.0
Black Tern,2,2,Feb_W2,0.0,589.0
Black Tern,2,3,Feb_W3,0.0,787.0
Black Tern,2,4,Feb_W4,0.0,427.0
Black Tern,3,1,Mar_W1,0.0,558.0
Black Tern,3,2,Mar_W2,0.0,649.0
Black Tern,3,3,Mar_W3,0.0,710.0
Black Tern,3,4,Mar_W4,0.0,1110.0
Black Tern,4,1,Apr_W1,0.0,899.0
Black Tern,4,2,Apr_W2,0.0,1344.0
Black Tern,4,3,Apr_W3,0.0,1035.0
Black Tern,4,4,Apr_W4,0.0,1332.0
Black Tern,5,1,May_W1,0.0,1283.0
Black Tern,5,2,May_W2,0.0,1542.0
Black Tern,5,3,May_W3,0.0,1501.0
Black Tern,5,4,May_W4,0.0,2282.0
Black Tern,6,1,Jun_W1,0.0,1513.0
Black Tern,6,2,Jun_W2,0.0015,1400.0
Black Tern,6,3,Jun_W3,0.0015,1497.0
Black Tern,6,4,Jun_W4,0.0006223,1607.0
Black Tern,7,1,Jul_W1,0.0,1280.0
Black Tern,7,2,Jul_W2,0.0,1137.0
Black Tern,7,3,Jul_W3,0.0015,1132.0
Black Tern,7,4,Jul_W4,0.0,1448.0
Black Tern,8,1,Aug_W1,0.0,1001.0
Black Tern,8,2,Aug_W2,0.0,804.0
Black Tern,8,3,Aug_W3,0.0,836.0
Black Tern,8,4,Aug_W4,0.0,1035.0
Black Tern,9,1,Sep_W1,0.0,634.0
Black Tern,9,2,Sep_W2,0.0,819.0
Black Tern,9,3,Sep_W3,0.0,657.0
Black Tern,9,4,Sep_W4,0.0,766.0
Black Tern,10,1,Oct_W1,0.0,505.0
Black Tern,10,2,Oct_W2,0.0,568.0
Black Tern,10,3,Oct_W3,0.0,523.0
Black Tern,10,4,Oct_W4,0.0,632.0
Black Tern,11,1,Nov_W1,0.0,369.0
Black Tern,11,2,Nov_W2,0.0,337.0
Black Tern,11,3,Nov_W3,0.0,346.0
Black Tern,11,4,Nov_W4,0.0,492.0
Black Tern,12,1,Dec_W1,0.0,303.0
Black Tern,12,2,Dec_W2,0.0,335.0
Black Tern,12,3,Dec_W3,0.0,681.0
Black Tern,12,4,Dec_W4,0.0,600.0
Forster's Tern,1,1,Jan_W1,0.0,823.0
Forster's Tern,1,2,Jan_W2,0.0,535.0
Forster's Tern,1,3,Jan_W3,0.0,472.0
Forster's Tern,1,4,Jan_W4,0.0,644.0
Forster's Tern,2,1,Feb_W1,0.0,490.0
Forster's Tern,2,2,Feb_W2,0.0,589.0
Forster's Tern,2,3,Feb_W3,0.0,787.0
Forster's Tern,2,4,Feb_W4,0.0,427.0
Forster's Tern,3,1,Mar_W1,0.0,558.0
Forster's Tern,3,2,Mar_W2,0.0,649.0
Forster's Tern,3,3,Mar_W3,0.0,710.0
Forster's Tern,3,4,Mar_W4,0.0,1110.0
Forster's Tern,4,1,Apr_W1,0.0,899.0
Forster's Tern,4,2,Apr_W2,0.0,1344.0
Forster's Tern,4,3,Apr_W3,0.0,1035.0
Forster's Tern,4,4,Apr_W4,0.0007508,1332.0
Forster's Tern,5,1,May_W1,0.0007794,1283.0
Forster's Tern,5,2,May_W2,0.0,1542.0
Forster's Tern,5,3,May_W3,0.0,1501.0
Forster's Tern,5,4,May_W4,0.0008764,2282.0
Forster's Tern,6,1,Jun_W1,0.0015,1513.0
Forster's Tern,6,2,Jun_W2,0.0,1400.0
Forster's Tern,6,3,Jun_W3,0.0,1497.0
Forster's Tern,6,4,Jun_W4,0.0,1607.0
Forster's Tern,7,1,Jul_W1,0.0,1280.0
Forster's Tern,7,2,Jul_W2,0.0,1137.0
Forster's Tern,7,3,Jul_W3,0.0017668,1132.0
Forster's Tern,7,4,Jul_W4,0.0,1448.0
Forster's Tern,8,1,Aug_W1,0.000999,1001.0
Forster's Tern,8,2,Aug_W2,0.0,804.0
Forster's Tern,8,3,Aug_W3,0.0,836.0
Forster's Tern,8,4,Aug_W4,0.0019324,1035.0
Forster's Tern,9,1,Sep_W1,0.0,634.0
Forster's Tern,9,2,Sep_W2,0.0,819.0
Forster's Tern,9,3,Sep_W3,0.0,657.0
Forster's Tern,9,4,Sep_W4,0.0,766.0
Forster's Tern,10,1,Oct_W1,0.0,505.0
Forster's Tern,10,2,Oct_W2,0.0015,568.0
Forster's Tern,10,3,Oct_W3,0.0038241,523.0
Forster's Tern,10,4,Oct_W4,0.0,632.0
Forster's Tern,11,1,Nov_W1,0.0,369.0
Forster's Tern,11,2,Nov_W2,0.0,337.0
Forster's Tern,11,3,Nov_W3,0.0,346.0
Forster's Tern,11,4,Nov_W4,0.0,492.0
Forster's Tern,12,1,Dec_W1,0.0,303.0
Forster's Tern,12,2,Dec_W2,0.0,335.0
Forster's Tern,12,3,Dec_W3,0.0,681.0
Forster's Tern,12,4,Dec_W4,0.0,600.0
Common Tern,1,1,Jan_W1,0.0,823.0
Common Tern,1,2,Jan_W2,0.0,535.0
Common Tern,1,3,Jan_W3,0.0,472.0
Common Tern,1,4,Jan_W4,0.0,644.0
Common Tern,2,1,Feb_W1,0.0,490.0
Common Tern,2,2,Feb_W2,0.0,589.0
Common Tern,2,3,Feb_W3,0.0,787.0
Common Tern,2,4,Feb_W4,0.0,427.0
Common Tern,3,1,Mar_W1,0.0,558.0
Common Tern,3,2,Mar_W2,0.0,649.0
Common Tern,3,3,Mar_W3,0.0,710.0
Common Tern,3,4,Mar_W4,0.0,1110.0
Common Tern,4,1,Apr_W1,0.0,899.0
Common Tern,4,2,Apr_W2,0.0,1344.0
Common Tern,4,3,Apr_W3,0.0,1035.0
Common Tern,4,4,Apr_W4,0.0,1332.0
Common Tern,5,1,May_W1,0.0015588,1283.0
Common Tern,5,2,May_W2,0.0045396,1542.0
Common Tern,5,3,May_W3,0.0013324,1501.0
Common Tern,5,4,May_W4,0.0021911,2282.0
Common Tern,6,1,Jun_W1,0.0046266,1513.0
Common Tern,6,2,Jun_W2,0.0028571,1400.0
Common Tern,6,3,Jun_W3,0.000668,1497.0
Common Tern,6,4,Jun_W4,0.0018668,1607.0
Common Tern,7,1,Jul_W1,0.0023437,1280.0
Common Tern,7,2,Jul_W2,0.0070361,1137.0
Common Tern,7,3,Jul_W3,0.004417,1132.0
Common Tern,7,4,Jul_W4,0.0041436,1448.0
Common Tern,8,1,Aug_W1,0.004995,1001.0
Common Tern,8,2,Aug_W2,0.0049751,804.0
Common Tern,8,3,Aug_W3,0.0015,836.0
Common Tern,8,4,Aug_W4,0.0028986,1035.0
Common Tern,9,1,Sep_W1,0.0047319,634.0
Common Tern,9,2,Sep_W2,0.003663,819.0
Common Tern,9,3,Sep_W3,0.0030441,657.0
Common Tern,9,4,Sep_W4,0.002611,766.0
Common Tern,10,1,Oct_W1,0.0019802,505.0
Common Tern,10,2,Oct_W2,0.0,568.0
Common Tern,10,3,Oct_W3,0.0,523.0
Common Tern,10,4,Oct_W4,0.0,632.0
Common Tern,11,1,Nov_W1,0.0,369.0
Common Tern,11,2,Nov_W2,0.0,337.0
Common Tern,11,3,Nov_W3,0.0,346.0
Common Tern,11,4,Nov_W4,0.0,492.0
Common Tern,12,1,Dec_W1,0.0,303.0
Common Tern,12,2,Dec_W2,0.0,335.0
Common Tern,12,3,Dec_W3,0.0,681.0
Common Tern,12,4,Dec_W4,0.0,600.0
Pied-billed Grebe,1,1,Jan_W1,0.0012151,823.0
Pied-billed Grebe,1,2,Jan_W2,0.0037383,535.0
Pied-billed Grebe,1,3,Jan_W3,0.0021186,472.0
Pied-billed Grebe,1,4,Jan_W4,0.0015,644.0
Pied-billed Grebe,2,1,Feb_W1,0.0,490.0
Pied-billed Grebe,2,2,Feb_W2,0.0,589.0
Pied-billed Grebe,2,3,Feb_W3,0.0,787.0
Pied-billed Grebe,2,4,Feb_W4,0.0,427.0
Pied-billed Grebe,3,1,Mar_W1,0.0,558.0
Pied-billed Grebe,3,2,Mar_W2,0.0,649.0
Pied-billed Grebe,3,3,Mar_W3,0.0014085,710.0
Pied-billed Grebe,3,4,Mar_W4,0.018018,1110.0
Pied-billed Grebe,4,1,Apr_W1,0.0556174,899.0
Pied-billed Grebe,4,2,Apr_W2,0.1116071,1344.0
Pied-billed Grebe,4,3,Apr_W3,0.1236715,1035.0
Pied-billed Grebe,4,4,Apr_W4,0.1148649,1332.0
Pied-billed Grebe,5,1,May_W1,0.0413094,1283.0
Pied-billed Grebe,5,2,May_W2,0.0363165,1542.0
Pied-billed Grebe,5,3,May_W3,0.0166556,1501.0
Pied-billed Grebe,5,4,May_W4,0.0162138,2282.0
Pied-billed Grebe,6,1,Jun_W1,0.0145406,1513.0
Pied-billed Grebe,6,2,Jun_W2,0.0092857,1400.0
Pied-billed Grebe,6,3,Jun_W3,0.0126921,1497.0
Pied-billed Grebe,6,4,Jun_W4,0.0043559,1607.0
Pied-billed Grebe,7,1,Jul_W1,0.0015625,1280.0
Pied-billed Grebe,7,2,Jul_W2,0.0131926,1137.0
Pied-billed Grebe,7,3,Jul_W3,0.0150177,1132.0
Pied-billed Grebe,7,4,Jul_W4,0.015884,1448.0
Pied-billed Grebe,8,1,Aug_W1,0.01998,1001.0
Pied-billed Grebe,8,2,Aug_W2,0.0149254,804.0
Pied-billed Grebe,8,3,Aug_W3,0.0119617,836.0
Pied-billed Grebe,8,4,Aug_W4,0.0173913,1035.0
Pied-billed Grebe,9,1,Sep_W1,0.011041,634.0
Pied-billed Grebe,9,2,Sep_W2,0.030525,819.0
Pied-billed Grebe,9,3,Sep_W3,0.0456621,657.0
Pied-billed Grebe,9,4,Sep_W4,0.035248,766.0
Pied-billed Grebe,10,1,Oct_W1,0.0237624,505.0
Pied-billed Grebe,10,2,Oct_W2,0.0352113,568.0
Pied-billed Grebe,10,3,Oct_W3,0.0478011,523.0
Pied-billed Grebe,10,4,Oct_W4,0.039557,632.0
Pied-billed Grebe,11,1,Nov_W1,0.0189702,369.0
Pied-billed Grebe,11,2,Nov_W2,0.0207715,337.0
Pied-billed Grebe,11,3,Nov_W3,0.0057803,346.0
Pied-billed Grebe,11,4,Nov_W4,0.0020325,492.0
Pied-billed Grebe,12,1,Dec_W1,0.0033003,303.0
Pied-billed Grebe,12,2,Dec_W2,0.0,335.0
Pied-billed Grebe,12,3,Dec_W3,0.0029369,681.0
Pied-billed Grebe,12,4,Dec_W4,0.0,600.0
Horned Grebe,1,1,Jan_W1,0.0206561,823.0
Horned Grebe,1,2,Jan_W2,0.0485981,535.0
Horned Grebe,1,3,Jan_W3,0.029661,472.0
Horned Grebe,1,4,Jan_W4,0.052795,644.0
Horned Grebe,2,1,Feb_W1,0.0714286,490.0
Horned Grebe,2,2,Feb_W2,0.0373514,589.0
Horned Grebe,2,3,Feb_W3,0.0343075,787.0
Horned Grebe,2,4,Feb_W4,0.0421546,427.0
Horned Grebe,3,1,Mar_W1,0.0394265,558.0
Horned Grebe,3,2,Mar_W2,0.0431433,649.0
Horned Grebe,3,3,Mar_W3,0.056338,710.0
Horned Grebe,3,4,Mar_W4,0.0423423,1110.0
Horned Grebe,4,1,Apr_W1,0.0400445,899.0
Horned Grebe,4,2,Apr_W2,0.078125,1344.0
Horned Grebe,4,3,Apr_W3,0.0405797,1035.0
Horned Grebe,4,4,Apr_W4,0.0510511,1332.0
Horned Grebe,5,1,May_W1,0.0272798,1283.0
Horned Grebe,5,2,May_W2,0.0045396,1542.0
Horned Grebe,5,3,May_W3,0.0,1501.0
Horned Grebe,5,4,May_W4,0.0004382,2282.0
Horned Grebe,6,1,Jun_W1,0.0,1513.0
Horned Grebe,6,2,Jun_W2,0.0,1400.0
Horned Grebe,6,3,Jun_W3,0.0,1497.0
Horned Grebe,6,4,Jun_W4,0.0,1607.0
Horned Grebe,7,1,Jul_W1,0.0,1280.0
Horned Grebe,7,2,Jul_W2,0.0,1137.0
Horned Grebe,7,3,Jul_W3,0.0,1132.0
Horned Grebe,7,4,Jul_W4,0.0,1448.0
Horned Grebe,8,1,Aug_W1,0.0,1001.0
Horned Grebe,8,2,Aug_W2,0.0012438,804.0
Horned Grebe,8,3,Aug_W3,0.0059809,836.0
Horned Grebe,8,4,Aug_W4,0.0048309,1035.0
Horned Grebe,9,1,Sep_W1,0.0047319,634.0
Horned Grebe,9,2,Sep_W2,0.009768,819.0
Horned Grebe,9,3,Sep_W3,0.0121766,657.0
Horned Grebe,9,4,Sep_W4,0.0326371,766.0
Horned Grebe,10,1,Oct_W1,0.049505,505.0
Horned Grebe,10,2,Oct_W2,0.0897887,568.0
Horned Grebe,10,3,Oct_W3,0.0688337,523.0
Horned Grebe,10,4,Oct_W4,0.1044304,632.0
Horned Grebe,11,1,Nov_W1,0.1165312,369.0
Horned Grebe,11,2,Nov_W2,0.0890208,337.0
Horned Grebe,11,3,Nov_W3,0.0867052,346.0
Horned Grebe,11,4,Nov_W4,0.0650407,492.0
Horned Grebe,12,1,Dec_W1,0.0594059,303.0
Horned Grebe,12,2,Dec_W2,0.0328358,335.0
Horned Grebe,12,3,Dec_W3,0.0352423,681.0
Horned Grebe,12,4,Dec_W4,0.0316667,600.0
Red-necked Grebe,1,1,Jan_W1,0.0170109,823.0
Red-necked Grebe,1,2,Jan_W2,0.0130841,535.0
Red-necked Grebe,1,3,Jan_W3,0.0105932,472.0
Red-necked Grebe,1,4,Jan_W4,0.0232919,644.0
Red-necked Grebe,2,1,Feb_W1,0.055102,490.0
Red-necked Grebe,2,2,Feb_W2,0.0220713,589.0
Red-necked Grebe,2,3,Feb_W3,0.0177891,787.0
Red-necked Grebe,2,4,Feb_W4,0.0093677,427.0
Red-necked Grebe,3,1,Mar_W1,0.0215054,558.0
Red-necked Grebe,3,2,Mar_W2,0.01849,649.0
Red-necked Grebe,3,3,Mar_W3,0.0450704,710.0
Red-necked Grebe,3,4,Mar_W4,0.0423423,1110.0
Red-necked Grebe,4,1,Apr_W1,0.0422692,899.0
Red-necked Grebe,4,2,Apr_W2,0.094494,1344.0
Red-necked Grebe,4,3,Apr_W3,0.0463768,1035.0
Red-necked Grebe,4,4,Apr_W4,0.0518018,1332.0
Red-necked Grebe,5,1,May_W1,0.0194856,1283.0
Red-necked Grebe,5,2,May_W2,0.002594,1542.0
Red-necked Grebe,5,3,May_W3,0.0006662,1501.0
Red-necked Grebe,5,4,May_W4,0.0,2282.0
Red-necked Grebe,6,1,Jun_W1,0.0,1513.0
Red-necked Grebe,6,2,Jun_W2,0.0,1400.0
Red-necked Grebe,6,3,Jun_W3,0.0,1497.0
Red-necked Grebe,6,4,Jun_W4,0.0,1607.0
Red-necked Grebe,7,1,Jul_W1,0.0,1280.0
Red-necked Grebe,7,2,Jul_W2,0.0,1137.0
Red-necked Grebe,7,3,Jul_W3,0.0,1132.0
Red-necked Grebe,7,4,Jul_W4,0.0006906,1448.0
Red-necked Grebe,8,1,Aug_W1,0.0,1001.0
Red-necked Grebe,8,2,Aug_W2,0.0,804.0
Red-necked Grebe,8,3,Aug_W3,0.0015,836.0
Red-necked Grebe,8,4,Aug_W4,0.0038647,1035.0
Red-necked Grebe,9,1,Sep_W1,0.0015773,634.0
Red-necked Grebe,9,2,Sep_W2,0.001221,819.0
Red-necked Grebe,9,3,Sep_W3,0.0030441,657.0
Red-necked Grebe,9,4,Sep_W4,0.0169713,766.0
Red-necked Grebe,10,1,Oct_W1,0.0158416,505.0
Red-necked Grebe,10,2,Oct_W2,0.0387324,568.0
Red-necked Grebe,10,3,Oct_W3,0.0248566,523.0
Red-necked Grebe,10,4,Oct_W4,0.056962,632.0
Red-necked Grebe,11,1,Nov_W1,0.0650407,369.0
Red-necked Grebe,11,2,Nov_W2,0.0504451,337.0
Red-necked Grebe,11,3,Nov_W3,0.0260116,346.0
Red-necked Grebe,11,4,Nov_W4,0.0345528,492.0
Red-necked Grebe,12,1,Dec_W1,0.0363036,303.0
Red-necked Grebe,12,2,Dec_W2,0.0119403,335.0
Red-necked Grebe,12,3,Dec_W3,0.0132159,681.0
Red-necked Grebe,12,4,Dec_W4,0.0116667,600.0
Eared Grebe,1,1,Jan_W1,0.0,823.0
Eared Grebe,1,2,Jan_W2,0.0,535.0
Eared Grebe,1,3,Jan_W3,0.0,472.0
Eared Grebe,1,4,Jan_W4,0.0,644.0
Eared Grebe,2,1,Feb_W1,0.0,490.0
Eared Grebe,2,2,Feb_W2,0.0,589.0
Eared Grebe,2,3,Feb_W3,0.0,787.0
Eared Grebe,2,4,Feb_W4,0.0,427.0
Eared Grebe,3,1,Mar_W1,0.0,558.0
Eared Grebe,3,2,Mar_W2,0.0,649.0
Eared Grebe,3,3,Mar_W3,0.0,710.0
Eared Grebe,3,4,Mar_W4,0.0,1110.0
Eared Grebe,4,1,Apr_W1,0.0,899.0
Eared Grebe,4,2,Apr_W2,0.000744,1344.0
Eared Grebe,4,3,Apr_W3,0.0,1035.0
Eared Grebe,4,4,Apr_W4,0.0,1332.0
Eared Grebe,5,1,May_W1,0.0,1283.0
Eared Grebe,5,2,May_W2,0.0,1542.0
Eared Grebe,5,3,May_W3,0.0,1501.0
Eared Grebe,5,4,May_W4,0.0,2282.0
Eared Grebe,6,1,Jun_W1,0.0,1513.0
Eared Grebe,6,2,Jun_W2,0.0,1400.0
Eared Grebe,6,3,Jun_W3,0.0,1497.0
Eared Grebe,6,4,Jun_W4,0.0,1607.0
Eared Grebe,7,1,Jul_W1,0.0,1280.0
Eared Grebe,7,2,Jul_W2,0.0,1137.0
Eared Grebe,7,3,Jul_W3,0.0,1132.0
Eared Grebe,7,4,Jul_W4,0.0,1448.0
Eared Grebe,8,1,Aug_W1,0.0,1001.0
Eared Grebe,8,2,Aug_W2,0.0,804.0
Eared Grebe,8,3,Aug_W3,0.0,836.0
Eared Grebe,8,4,Aug_W4,0.0,1035.0
Eared Grebe,9,1,Sep_W1,0.0,634.0
Eared Grebe,9,2,Sep_W2,0.0,819.0
Eared Grebe,9,3,Sep_W3,0.0,657.0
Eared Grebe,9,4,Sep_W4,0.0,766.0
Eared Grebe,10,1,Oct_W1,0.0,505.0
Eared Grebe,10,2,Oct_W2,0.0,568.0
Eared Grebe,10,3,Oct_W3,0.0,523.0
Eared Grebe,10,4,Oct_W4,0.0,632.0
Eared Grebe,11,1,Nov_W1,0.0,369.0
Eared Grebe,11,2,Nov_W2,0.0,337.0
Eared Grebe,11,3,Nov_W3,0.0,346.0
Eared Grebe,11,4,Nov_W4,0.0,492.0
Eared Grebe,12,1,Dec_W1,0.0,303.0
Eared Grebe,12,2,Dec_W2,0.0,335.0
Eared Grebe,12,3,Dec_W3,0.0,681.0
Eared Grebe,12,4,Dec_W4,0.0,600.0
Western Grebe,1,1,Jan_W1,0.0,823.0
Western Grebe,1,2,Jan_W2,0.0,535.0
Western Grebe,1,3,Jan_W3,0.0,472.0
Western Grebe,1,4,Jan_W4,0.0031056,644.0
Western Grebe,2,1,Feb_W1,0.0408163,490.0
Western Grebe,2,2,Feb_W2,0.0016978,589.0
Western Grebe,2,3,Feb_W3,0.0038119,787.0
Western Grebe,2,4,Feb_W4,0.0,427.0
Western Grebe,3,1,Mar_W1,0.0,558.0
Western Grebe,3,2,Mar_W2,0.0,649.0
Western Grebe,3,3,Mar_W3,0.0,710.0
Western Grebe,3,4,Mar_W4,0.0,1110.0
Western Grebe,4,1,Apr_W1,0.0044494,899.0
Western Grebe,4,2,Apr_W2,0.0386905,1344.0
Western Grebe,4,3,Apr_W3,0.0086957,1035.0
Western Grebe,4,4,Apr_W4,0.015015,1332.0
Western Grebe,5,1,May_W1,0.0015588,1283.0
Western Grebe,5,2,May_W2,0.0,1542.0
Western Grebe,5,3,May_W3,0.0,1501.0
Western Grebe,5,4,May_W4,0.0,2282.0
Western Grebe,6,1,Jun_W1,0.0,1513.0
Western Grebe,6,2,Jun_W2,0.0,1400.0
Western Grebe,6,3,Jun_W3,0.0,1497.0
Western Grebe,6,4,Jun_W4,0.0,1607.0
Western Grebe,7,1,Jul_W1,0.0,1280.0
Western Grebe,7,2,Jul_W2,0.0,1137.0
Western Grebe,7,3,Jul_W3,0.0,1132.0
Western Grebe,7,4,Jul_W4,0.0,1448.0
Western Grebe,8,1,Aug_W1,0.0,1001.0
Western Grebe,8,2,Aug_W2,0.0,804.0
Western Grebe,8,3,Aug_W3,0.0,836.0
Western Grebe,8,4,Aug_W4,0.0,1035.0
Western Grebe,9,1,Sep_W1,0.0,634.0
Western Grebe,9,2,Sep_W2,0.0,819.0
Western Grebe,9,3,Sep_W3,0.0,657.0
Western Grebe,9,4,Sep_W4,0.0,766.0
Western Grebe,10,1,Oct_W1,0.0,505.0
Western Grebe,10,2,Oct_W2,0.0,568.0
Western Grebe,10,3,Oct_W3,0.0,523.0
Western Grebe,10,4,Oct_W4,0.0,632.0
Western Grebe,11,1,Nov_W1,0.0,369.0
Western Grebe,11,2,Nov_W2,0.0,337.0
Western Grebe,11,3,Nov_W3,0.0,346.0
Western Grebe,11,4,Nov_W4,0.0,492.0
Western Grebe,12,1,Dec_W1,0.0,303.0
Western Grebe,12,2,Dec_W2,0.0,335.0
Western Grebe,12,3,Dec_W3,0.0,681.0
Western Grebe,12,4,Dec_W4,0.0,600.0
Red-throated Loon,1,1,Jan_W1,0.0,823.0
Red-throated Loon,1,2,Jan_W2,0.0018692,535.0
Red-throated Loon,1,3,Jan_W3,0.0,472.0
Red-throated Loon,1,4,Jan_W4,0.0015528,644.0
Red-throated Loon,2,1,Feb_W1,0.0163265,490.0
Red-throated Loon,2,2,Feb_W2,0.0,589.0
Red-throated Loon,2,3,Feb_W3,0.0,787.0
Red-throated Loon,2,4,Feb_W4,0.0023419,427.0
Red-throated Loon,3,1,Mar_W1,0.0,558.0
Red-throated Loon,3,2,Mar_W2,0.0,649.0
Red-throated Loon,3,3,Mar_W3,0.0,710.0
Red-throated Loon,3,4,Mar_W4,0.0,1110.0
Red-throated Loon,4,1,Apr_W1,0.0,899.0
Red-throated Loon,4,2,Apr_W2,0.0,1344.0
Red-throated Loon,4,3,Apr_W3,0.0,1035.0
Red-throated Loon,4,4,Apr_W4,0.0,1332.0
Red-throated Loon,5,1,May_W1,0.0007794,1283.0
Red-throated Loon,5,2,May_W2,0.0006485,1542.0
Red-throated Loon,5,3,May_W3,0.0,1501.0
Red-throated Loon,5,4,May_W4,0.0,2282.0
Red-throated Loon,6,1,Jun_W1,0.0,1513.0
Red-throated Loon,6,2,Jun_W2,0.0,1400.0
Red-throated Loon,6,3,Jun_W3,0.0,1497.0
Red-throated Loon,6,4,Jun_W4,0.0,1607.0
Red-throated Loon,7,1,Jul_W1,0.0,1280.0
Red-throated Loon,7,2,Jul_W2,0.0,1137.0
Red-throated Loon,7,3,Jul_W3,0.0,1132.0
Red-throated Loon,7,4,Jul_W4,0.0,1448.0
Red-throated Loon,8,1,Aug_W1,0.0,1001.0
Red-throated Loon,8,2,Aug_W2,0.0,804.0
Red-throated Loon,8,3,Aug_W3,0.0,836.0
Red-throated Loon,8,4,Aug_W4,0.0,1035.0
Red-throated Loon,9,1,Sep_W1,0.0,634.0
Red-throated Loon,9,2,Sep_W2,0.0,819.0
Red-throated Loon,9,3,Sep_W3,0.0,657.0
Red-throated Loon,9,4,Sep_W4,0.0,766.0
Red-throated Loon,10,1,Oct_W1,0.0019802,505.0
Red-throated Loon,10,2,Oct_W2,0.0017606,568.0
Red-throated Loon,10,3,Oct_W3,0.001912,523.0
Red-throated Loon,10,4,Oct_W4,0.0047468,632.0
Red-throated Loon,11,1,Nov_W1,0.0054201,369.0
Red-throated Loon,11,2,Nov_W2,0.0029674,337.0
Red-throated Loon,11,3,Nov_W3,0.0028902,346.0
Red-throated Loon,11,4,Nov_W4,0.0,492.0
Red-throated Loon,12,1,Dec_W1,0.0,303.0
Red-throated Loon,12,2,Dec_W2,0.0,335.0
Red-throated Loon,12,3,Dec_W3,0.0,681.0
Red-throated Loon,12,4,Dec_W4,0.0,600.0
Pacific Loon,1,1,Jan_W1,0.0,823.0
Pacific Loon,1,2,Jan_W2,0.0,535.0
Pacific Loon,1,3,Jan_W3,0.0,472.0
Pacific Loon,1,4,Jan_W4,0.0,644.0
Pacific Loon,2,1,Feb_W1,0.0,490.0
Pacific Loon,2,2,Feb_W2,0.0,589.0
Pacific Loon,2,3,Feb_W3,0.0,787.0
Pacific Loon,2,4,Feb_W4,0.0,427.0
Pacific Loon,3,1,Mar_W1,0.0,558.0
Pacific Loon,3,2,Mar_W2,0.0,649.0
Pacific Loon,3,3,Mar_W3,0.0,710.0
Pacific Loon,3,4,Mar_W4,0.0,1110.0
Pacific Loon,4,1,Apr_W1,0.0,899.0
Pacific Loon,4,2,Apr_W2,0.0,1344.0
Pacific Loon,4,3,Apr_W3,0.0,1035.0
Pacific Loon,4,4,Apr_W4,0.0,1332.0
Pacific Loon,5,1,May_W1,0.0,1283.0
Pacific Loon,5,2,May_W2,0.0,1542.0
Pacific Loon,5,3,May_W3,0.0,1501.0
Pacific Loon,5,4,May_W4,0.0,2282.0
Pacific Loon,6,1,Jun_W1,0.0,1513.0
Pacific Loon,6,2,Jun_W2,0.0,1400.0
Pacific Loon,6,3,Jun_W3,0.0,1497.0
Pacific Loon,6,4,Jun_W4,0.0,1607.0
Pacific Loon,7,1,Jul_W1,0.0,1280.0
Pacific Loon,7,2,Jul_W2,0.0,1137.0
Pacific Loon,7,3,Jul_W3,0.0,1132.0
Pacific Loon,7,4,Jul_W4,0.0,1448.0
Pacific Loon,8,1,Aug_W1,0.0,1001.0
Pacific Loon,8,2,Aug_W2,0.0,804.0
Pacific Loon,8,3,Aug_W3,0.0,836.0
Pacific Loon,8,4,Aug_W4,0.0,1035.0
Pacific Loon,9,1,Sep_W1,0.0,634.0
Pacific Loon,9,2,Sep_W2,0.0,819.0
Pacific Loon,9,3,Sep_W3,0.0,657.0
Pacific Loon,9,4,Sep_W4,0.0,766.0
Pacific Loon,10,1,Oct_W1,0.0,505.0
Pacific Loon,10,2,Oct_W2,0.0,568.0
Pacific Loon,10,3,Oct_W3,0.0,523.0
Pacific Loon,10,4,Oct_W4,0.0,632.0
Pacific Loon,11,1,Nov_W1,0.0,369.0
Pacific Loon,11,2,Nov_W2,0.0,337.0
Pacific Loon,11,3,Nov_W3,0.0057803,346.0
Pacific Loon,11,4,Nov_W4,0.0,492.0
Pacific Loon,12,1,Dec_W1,0.0,303.0
Pacific Loon,12,2,Dec_W2,0.0,335.0
Pacific Loon,12,3,Dec_W3,0.0,681.0
Pacific Loon,12,4,Dec_W4,0.0,600.0
Common Loon,1,1,Jan_W1,0.0060753,823.0
Common Loon,1,2,Jan_W2,0.0093458,535.0
Common Loon,1,3,Jan_W3,0.0105932,472.0
Common Loon,1,4,Jan_W4,0.0170807,644.0
Common Loon,2,1,Feb_W1,0.0469388,490.0
Common Loon,2,2,Feb_W2,0.0135823,589.0
Common Loon,2,3,Feb_W3,0.0025413,787.0
Common Loon,2,4,Feb_W4,0.0023419,427.0
Common Loon,3,1,Mar_W1,0.0017921,558.0
Common Loon,3,2,Mar_W2,0.0030817,649.0
Common Loon,3,3,Mar_W3,0.0084507,710.0
Common Loon,3,4,Mar_W4,0.0153153,1110.0
Common Loon,4,1,Apr_W1,0.0789766,899.0
Common Loon,4,2,Apr_W2,0.1502976,1344.0
Common Loon,4,3,Apr_W3,0.1111111,1035.0
Common Loon,4,4,Apr_W4,0.1441441,1332.0
Common Loon,5,1,May_W1,0.1301637,1283.0
Common Loon,5,2,May_W2,0.077821,1542.0
Common Loon,5,3,May_W3,0.0806129,1501.0
Common Loon,5,4,May_W4,0.092901,2282.0
Common Loon,6,1,Jun_W1,0.0766689,1513.0
Common Loon,6,2,Jun_W2,0.0742857,1400.0
Common Loon,6,3,Jun_W3,0.0768203,1497.0
Common Loon,6,4,Jun_W4,0.0746733,1607.0
Common Loon,7,1,Jul_W1,0.078125,1280.0
Common Loon,7,2,Jul_W2,0.064204,1137.0
Common Loon,7,3,Jul_W3,0.0750883,1132.0
Common Loon,7,4,Jul_W4,0.0966851,1448.0
Common Loon,8,1,Aug_W1,0.0979021,1001.0
Common Loon,8,2,Aug_W2,0.1057214,804.0
Common Loon,8,3,Aug_W3,0.0741627,836.0
Common Loon,8,4,Aug_W4,0.0724638,1035.0
Common Loon,9,1,Sep_W1,0.0473186,634.0
Common Loon,9,2,Sep_W2,0.043956,819.0
Common Loon,9,3,Sep_W3,0.042618,657.0
Common Loon,9,4,Sep_W4,0.04047,766.0
Common Loon,10,1,Oct_W1,0.0455446,505.0
Common Loon,10,2,Oct_W2,0.0651408,568.0
Common Loon,10,3,Oct_W3,0.0630975,523.0
Common Loon,10,4,Oct_W4,0.0886076,632.0
Common Loon,11,1,Nov_W1,0.0894309,369.0
Common Loon,11,2,Nov_W2,0.0830861,337.0
Common Loon,11,3,Nov_W3,0.0404624,346.0
Common Loon,11,4,Nov_W4,0.0345528,492.0
Common Loon,12,1,Dec_W1,0.0165017,303.0
Common Loon,12,2,Dec_W2,0.0059701,335.0
Common Loon,12,3,Dec_W3,0.0058737,681.0
Common Loon,12,4,Dec_W4,0.0,600.0
Double-crested Cormorant,1,1,Jan_W1,0.0024301,823.0
Double-crested Cormorant,1,2,Jan_W2,0.0,535.0
Double-crested Cormorant,1,3,Jan_W3,0.0063559,472.0
Double-crested Cormorant,1,4,Jan_W4,0.0015528,644.0
Double-crested Cormorant,2,1,Feb_W1,0.0,490.0
Double-crested Cormorant,2,2,Feb_W2,0.0015,589.0
Double-crested Cormorant,2,3,Feb_W3,0.0,787.0
Double-crested Cormorant,2,4,Feb_W4,0.0,427.0
Double-crested Cormorant,3,1,Mar_W1,0.0,558.0
Double-crested Cormorant,3,2,Mar_W2,0.0,649.0
Double-crested Cormorant,3,3,Mar_W3,0.0014085,710.0
Double-crested Cormorant,3,4,Mar_W4,0.0,1110.0
Double-crested Cormorant,4,1,Apr_W1,0.0200222,899.0
Double-crested Cormorant,4,2,Apr_W2,0.110119,1344.0
Double-crested Cormorant,4,3,Apr_W3,0.1371981,1035.0
Double-crested Cormorant,4,4,Apr_W4,0.1996997,1332.0
Double-crested Cormorant,5,1,May_W1,0.1519875,1283.0
Double-crested Cormorant,5,2,May_W2,0.118677,1542.0
Double-crested Cormorant,5,3,May_W3,0.0926049,1501.0
Double-crested Cormorant,5,4,May_W4,0.0823839,2282.0
Double-crested Cormorant,6,1,Jun_W1,0.0687376,1513.0
Double-crested Cormorant,6,2,Jun_W2,0.0664286,1400.0
Double-crested Cormorant,6,3,Jun_W3,0.0681363,1497.0
Double-crested Cormorant,6,4,Jun_W4,0.0522713,1607.0
Double-crested Cormorant,7,1,Jul_W1,0.0570312,1280.0
Double-crested Cormorant,7,2,Jul_W2,0.0756376,1137.0
Double-crested Cormorant,7,3,Jul_W3,0.0759717,1132.0
Double-crested Cormorant,7,4,Jul_W4,0.0856354,1448.0
Double-crested Cormorant,8,1,Aug_W1,0.0969031,1001.0
Double-crested Cormorant,8,2,Aug_W2,0.1156716,804.0
Double-crested Cormorant,8,3,Aug_W3,0.1519139,836.0
Double-crested Cormorant,8,4,Aug_W4,0.1487923,1035.0
Double-crested Cormorant,9,1,Sep_W1,0.1750789,634.0
Double-crested Cormorant,9,2,Sep_W2,0.1648352,819.0
Double-crested Cormorant,9,3,Sep_W3,0.130898,657.0
Double-crested Cormorant,9,4,Sep_W4,0.1475196,766.0
Double-crested Cormorant,10,1,Oct_W1,0.1445545,505.0
Double-crested Cormorant,10,2,Oct_W2,0.1126761,568.0
Double-crested Cormorant,10,3,Oct_W3,0.0975143,523.0
Double-crested Cormorant,10,4,Oct_W4,0.0348101,632.0
Double-crested Cormorant,11,1,Nov_W1,0.0135501,369.0
Double-crested Cormorant,11,2,Nov_W2,0.0148368,337.0
Double-crested Cormorant,11,3,Nov_W3,0.0057803,346.0
Double-crested Cormorant,11,4,Nov_W4,0.0020325,492.0
Double-crested Cormorant,12,1,Dec_W1,0.0033003,303.0
Double-crested Cormorant,12,2,Dec_W2,0.0059701,335.0
Double-crested Cormorant,12,3,Dec_W3,0.0044053,681.0
Double-crested Cormorant,12,4,Dec_W4,0.005,600.0
American Bittern,1,1,Jan_W1,0.0,823.0
American Bittern,1,2,Jan_W2,0.0,535.0
American Bittern,1,3,Jan_W3,0.0,472.0
American Bittern,1,4,Jan_W4,0.0,644.0
American Bittern,2,1,Feb_W1,0.0,490.0
American Bittern,2,2,Feb_W2,0.0,589.0
American Bittern,2,3,Feb_W3,0.0,787.0
American Bittern,2,4,Feb_W4,0.0,427.0
American Bittern,3,1,Mar_W1,0.0,558.0
American Bittern,3,2,Mar_W2,0.0,649.0
American Bittern,3,3,Mar_W3,0.0,710.0
American Bittern,3,4,Mar_W4,0.0,1110.0
American Bittern,4,1,Apr_W1,0.0,899.0
American Bittern,4,2,Apr_W2,0.0029762,1344.0
American Bittern,4,3,Apr_W3,0.0048309,1035.0
American Bittern,4,4,Apr_W4,0.0172673,1332.0
American Bittern,5,1,May_W1,0.0163679,1283.0
American Bittern,5,2,May_W2,0.0162127,1542.0
American Bittern,5,3,May_W3,0.011992,1501.0
American Bittern,5,4,May_W4,0.0131464,2282.0
American Bittern,6,1,Jun_W1,0.0085922,1513.0
American Bittern,6,2,Jun_W2,0.0014286,1400.0
American Bittern,6,3,Jun_W3,0.00334,1497.0
American Bittern,6,4,Jun_W4,0.0031114,1607.0
American Bittern,7,1,Jul_W1,0.003125,1280.0
American Bittern,7,2,Jul_W2,0.003518,1137.0
American Bittern,7,3,Jul_W3,0.0035336,1132.0
American Bittern,7,4,Jul_W4,0.0048343,1448.0
American Bittern,8,1,Aug_W1,0.000999,1001.0
American Bittern,8,2,Aug_W2,0.0024876,804.0
American Bittern,8,3,Aug_W3,0.0011962,836.0
American Bittern,8,4,Aug_W4,0.0009662,1035.0
American Bittern,9,1,Sep_W1,0.0031546,634.0
American Bittern,9,2,Sep_W2,0.001221,819.0
American Bittern,9,3,Sep_W3,0.0015,657.0
American Bittern,9,4,Sep_W4,0.0015,766.0
American Bittern,10,1,Oct_W1,0.0,505.0
American Bittern,10,2,Oct_W2,0.0,568.0
American Bittern,10,3,Oct_W3,0.001912,523.0
American Bittern,10,4,Oct_W4,0.0,632.0
American Bittern,11,1,Nov_W1,0.0,369.0
American Bittern,11,2,Nov_W2,0.0,337.0
American Bittern,11,3,Nov_W3,0.0,346.0
American Bittern,11,4,Nov_W4,0.0,492.0
American Bittern,12,1,Dec_W1,0.0,303.0
American Bittern,12,2,Dec_W2,0.0,335.0
American Bittern,12,3,Dec_W3,0.0,681.0
American Bittern,12,4,Dec_W4,0.0,600.0
Least Bittern,1,1,Jan_W1,0.0,823.0
Least Bittern,1,2,Jan_W2,0.0,535.0
Least Bittern,1,3,Jan_W3,0.0,472.0
Least Bittern,1,4,Jan_W4,0.0,644.0
Least Bittern,2,1,Feb_W1,0.0,490.0
Least Bittern,2,2,Feb_W2,0.0,589.0
Least Bittern,2,3,Feb_W3,0.0,787.0
Least Bittern,2,4,Feb_W4,0.0,427.0
Least Bittern,3,1,Mar_W1,0.0,558.0
Least Bittern,3,2,Mar_W2,0.0,649.0
Least Bittern,3,3,Mar_W3,0.0,710.0
Least Bittern,3,4,Mar_W4,0.0,1110.0
Least Bittern,4,1,Apr_W1,0.0,899.0
Least Bittern,4,2,Apr_W2,0.0,1344.0
Least Bittern,4,3,Apr_W3,0.0,1035.0
Least Bittern,4,4,Apr_W4,0.0,1332.0
Least Bittern,5,1,May_W1,0.0007794,1283.0
Least Bittern,5,2,May_W2,0.0019455,1542.0
Least Bittern,5,3,May_W3,0.0026649,1501.0
Least Bittern,5,4,May_W4,0.0039439,2282.0
Least Bittern,6,1,Jun_W1,0.0052875,1513.0
Least Bittern,6,2,Jun_W2,0.0042857,1400.0
Least Bittern,6,3,Jun_W3,0.005344,1497.0
Least Bittern,6,4,Jun_W4,0.0031114,1607.0
Least Bittern,7,1,Jul_W1,0.0039063,1280.0
Least Bittern,7,2,Jul_W2,0.0043975,1137.0
Least Bittern,7,3,Jul_W3,0.0061837,1132.0
Least Bittern,7,4,Jul_W4,0.0110497,1448.0
Least Bittern,8,1,Aug_W1,0.011988,1001.0
Least Bittern,8,2,Aug_W2,0.011194,804.0
Least Bittern,8,3,Aug_W3,0.0131579,836.0
Least Bittern,8,4,Aug_W4,0.0028986,1035.0
Least Bittern,9,1,Sep_W1,0.0094637,634.0
Least Bittern,9,2,Sep_W2,0.0,819.0
Least Bittern,9,3,Sep_W3,0.0015221,657.0
Least Bittern,9,4,Sep_W4,0.0,766.0
Least Bittern,10,1,Oct_W1,0.0,505.0
Least Bittern,10,2,Oct_W2,0.0,568.0
Least Bittern,10,3,Oct_W3,0.0,523.0
Least Bittern,10,4,Oct_W4,0.0,632.0
Least Bittern,11,1,Nov_W1,0.0,369.0
Least Bittern,11,2,Nov_W2,0.0,337.0
Least Bittern,11,3,Nov_W3,0.0,346.0
Least Bittern,11,4,Nov_W4,0.0,492.0
Least Bittern,12,1,Dec_W1,0.0,303.0
Least Bittern,12,2,Dec_W2,0.0,335.0
Least Bittern,12,3,Dec_W3,0.0,681.0
Least Bittern,12,4,Dec_W4,0.0,600.0
Black-crowned Night Heron,1,1,Jan_W1,0.0,823.0
Black-crowned Night Heron,1,2,Jan_W2,0.0,535.0
Black-crowned Night Heron,1,3,Jan_W3,0.0,472.0
Black-crowned Night Heron,1,4,Jan_W4,0.0,644.0
Black-crowned Night Heron,2,1,Feb_W1,0.0,490.0
Black-crowned Night Heron,2,2,Feb_W2,0.0,589.0
Black-crowned Night Heron,2,3,Feb_W3,0.0,787.0
Black-crowned Night Heron,2,4,Feb_W4,0.0,427.0
Black-crowned Night Heron,3,1,Mar_W1,0.0,558.0
Black-crowned Night Heron,3,2,Mar_W2,0.0,649.0
Black-crowned Night Heron,3,3,Mar_W3,0.0,710.0
Black-crowned Night Heron,3,4,Mar_W4,0.0,1110.0
Black-crowned Night Heron,4,1,Apr_W1,0.0,899.0
Black-crowned Night Heron,4,2,Apr_W2,0.0,1344.0
Black-crowned Night Heron,4,3,Apr_W3,0.0019324,1035.0
Black-crowned Night Heron,4,4,Apr_W4,0.0,1332.0
Black-crowned Night Heron,5,1,May_W1,0.0007794,1283.0
Black-crowned Night Heron,5,2,May_W2,0.0,1542.0
Black-crowned Night Heron,5,3,May_W3,0.0,1501.0
Black-crowned Night Heron,5,4,May_W4,0.0004382,2282.0
Black-crowned Night Heron,6,1,Jun_W1,0.0,1513.0
Black-crowned Night Heron,6,2,Jun_W2,0.0,1400.0
Black-crowned Night Heron,6,3,Jun_W3,0.0,1497.0
Black-crowned Night Heron,6,4,Jun_W4,0.0015,1607.0
Black-crowned Night Heron,7,1,Jul_W1,0.0,1280.0
Black-crowned Night Heron,7,2,Jul_W2,0.0,1137.0
Black-crowned Night Heron,7,3,Jul_W3,0.0008834,1132.0
Black-crowned Night Heron,7,4,Jul_W4,0.0,1448.0
Black-crowned Night Heron,8,1,Aug_W1,0.0,1001.0
Black-crowned Night Heron,8,2,Aug_W2,0.0012438,804.0
Black-crowned Night Heron,8,3,Aug_W3,0.0,836.0
Black-crowned Night Heron,8,4,Aug_W4,0.0,1035.0
Black-crowned Night Heron,9,1,Sep_W1,0.0,634.0
Black-crowned Night Heron,9,2,Sep_W2,0.0,819.0
Black-crowned Night Heron,9,3,Sep_W3,0.0,657.0
Black-crowned Night Heron,9,4,Sep_W4,0.0,766.0
Black-crowned Night Heron,10,1,Oct_W1,0.0,505.0
Black-crowned Night Heron,10,2,Oct_W2,0.0,568.0
Black-crowned Night Heron,10,3,Oct_W3,0.0,523.0
Black-crowned Night Heron,10,4,Oct_W4,0.0,632.0
Black-crowned Night Heron,11,1,Nov_W1,0.0,369.0
Black-crowned Night Heron,11,2,Nov_W2,0.0,337.0
Black-crowned Night Heron,11,3,Nov_W3,0.0,346.0
Black-crowned Night Heron,11,4,Nov_W4,0.0,492.0
Black-crowned Night Heron,12,1,Dec_W1,0.0,303.0
Black-crowned Night Heron,12,2,Dec_W2,0.0,335.0
Black-crowned Night Heron,12,3,Dec_W3,0.0,681.0
Black-crowned Night Heron,12,4,Dec_W4,0.0,600.0
Little Blue Heron,1,1,Jan_W1,0.0,823.0
Little Blue Heron,1,2,Jan_W2,0.0,535.0
Little Blue Heron,1,3,Jan_W3,0.0,472.0
Little Blue Heron,1,4,Jan_W4,0.0,644.0
Little Blue Heron,2,1,Feb_W1,0.0,490.0
Little Blue Heron,2,2,Feb_W2,0.0,589.0
Little Blue Heron,2,3,Feb_W3,0.0,787.0
Little Blue Heron,2,4,Feb_W4,0.0,427.0
Little Blue Heron,3,1,Mar_W1,0.0,558.0
Little Blue Heron,3,2,Mar_W2,0.0,649.0
Little Blue Heron,3,3,Mar_W3,0.0,710.0
Little Blue Heron,3,4,Mar_W4,0.0,1110.0
Little Blue Heron,4,1,Apr_W1,0.0,899.0
Little Blue Heron,4,2,Apr_W2,0.0,1344.0
Little Blue Heron,4,3,Apr_W3,0.0173913,1035.0
Little Blue Heron,4,4,Apr_W4,0.0187688,1332.0
Little Blue Heron,5,1,May_W1,0.0,1283.0
Little Blue Heron,5,2,May_W2,0.0,1542.0
Little Blue Heron,5,3,May_W3,0.0,1501.0
Little Blue Heron,5,4,May_W4,0.0,2282.0
Little Blue Heron,6,1,Jun_W1,0.0,1513.0
Little Blue Heron,6,2,Jun_W2,0.0,1400.0
Little Blue Heron,6,3,Jun_W3,0.0,1497.0
Little Blue Heron,6,4,Jun_W4,0.0,1607.0
Little Blue Heron,7,1,Jul_W1,0.0,1280.0
Little Blue Heron,7,2,Jul_W2,0.0,1137.0
Little Blue Heron,7,3,Jul_W3,0.0,1132.0
Little Blue Heron,7,4,Jul_W4,0.0,1448.0
Little Blue Heron,8,1,Aug_W1,0.0,1001.0
Little Blue Heron,8,2,Aug_W2,0.0,804.0
Little Blue Heron,8,3,Aug_W3,0.0,836.0
Little Blue Heron,8,4,Aug_W4,0.0,1035.0
Little Blue Heron,9,1,Sep_W1,0.0,634.0
Little Blue Heron,9,2,Sep_W2,0.0,819.0
Little Blue Heron,9,3,Sep_W3,0.0,657.0
Little Blue Heron,9,4,Sep_W4,0.0,766.0
Little Blue Heron,10,1,Oct_W1,0.0,505.0
Little Blue Heron,10,2,Oct_W2,0.0,568.0
Little Blue Heron,10,3,Oct_W3,0.0,523.0
Little Blue Heron,10,4,Oct_W4,0.0,632.0
Little Blue Heron,11,1,Nov_W1,0.0,369.0
Little Blue Heron,11,2,Nov_W2,0.0,337.0
Little Blue Heron,11,3,Nov_W3,0.0,346.0
Little Blue Heron,11,4,Nov_W4,0.0,492.0
Little Blue Heron,12,1,Dec_W1,0.0,303.0
Little Blue Heron,12,2,Dec_W2,0.0,335.0
Little Blue Heron,12,3,Dec_W3,0.0,681.0
Little Blue Heron,12,4,Dec_W4,0.0,600.0
Green Heron,1,1,Jan_W1,0.0,823.0
Green Heron,1,2,Jan_W2,0.0,535.0
Green Heron,1,3,Jan_W3,0.0,472.0
Green Heron,1,4,Jan_W4,0.0,644.0
Green Heron,2,1,Feb_W1,0.0,490.0
Green Heron,2,2,Feb_W2,0.0,589.0
Green Heron,2,3,Feb_W3,0.0,787.0
Green Heron,2,4,Feb_W4,0.0,427.0
Green Heron,3,1,Mar_W1,0.0,558.0
Green Heron,3,2,Mar_W2,0.0,649.0
Green Heron,3,3,Mar_W3,0.0,710.0
Green Heron,3,4,Mar_W4,0.0,1110.0
Green Heron,4,1,Apr_W1,0.0,899.0
Green Heron,4,2,Apr_W2,0.0015,1344.0
Green Heron,4,3,Apr_W3,0.0009662,1035.0
Green Heron,4,4,Apr_W4,0.018018,1332.0
Green Heron,5,1,May_W1,0.045986,1283.0
Green Heron,5,2,May_W2,0.0616083,1542.0
Green Heron,5,3,May_W3,0.0772818,1501.0
Green Heron,5,4,May_W4,0.0968449,2282.0
Green Heron,6,1,Jun_W1,0.0826173,1513.0
Green Heron,6,2,Jun_W2,0.0821429,1400.0
Green Heron,6,3,Jun_W3,0.0915164,1497.0
Green Heron,6,4,Jun_W4,0.0746733,1607.0
Green Heron,7,1,Jul_W1,0.0898438,1280.0
Green Heron,7,2,Jul_W2,0.0800352,1137.0
Green Heron,7,3,Jul_W3,0.0909894,1132.0
Green Heron,7,4,Jul_W4,0.1118785,1448.0
Green Heron,8,1,Aug_W1,0.1218781,1001.0
Green Heron,8,2,Aug_W2,0.1243781,804.0
Green Heron,8,3,Aug_W3,0.15311,836.0
Green Heron,8,4,Aug_W4,0.105314,1035.0
Green Heron,9,1,Sep_W1,0.1009464,634.0
Green Heron,9,2,Sep_W2,0.0744811,819.0
Green Heron,9,3,Sep_W3,0.065449,657.0
Green Heron,9,4,Sep_W4,0.0456919,766.0
Green Heron,10,1,Oct_W1,0.019802,505.0
Green Heron,10,2,Oct_W2,0.0017606,568.0
Green Heron,10,3,Oct_W3,0.0,523.0
Green Heron,10,4,Oct_W4,0.0,632.0
Green Heron,11,1,Nov_W1,0.0,369.0
Green Heron,11,2,Nov_W2,0.0,337.0
Green Heron,11,3,Nov_W3,0.0,346.0
Green Heron,11,4,Nov_W4,0.0,492.0
Green Heron,12,1,Dec_W1,0.0,303.0
Green Heron,12,2,Dec_W2,0.0,335.0
Green Heron,12,3,Dec_W3,0.0,681.0
Green Heron,12,4,Dec_W4,0.0,600.0
Western Cattle-Egret,1,1,Jan_W1,0.0,823.0
Western Cattle-Egret,1,2,Jan_W2,0.0,535.0
Western Cattle-Egret,1,3,Jan_W3,0.0,472.0
Western Cattle-Egret,1,4,Jan_W4,0.0,644.0
Western Cattle-Egret,2,1,Feb_W1,0.0,490.0
Western Cattle-Egret,2,2,Feb_W2,0.0,589.0
Western Cattle-Egret,2,3,Feb_W3,0.0,787.0
Western Cattle-Egret,2,4,Feb_W4,0.0,427.0
Western Cattle-Egret,3,1,Mar_W1,0.0,558.0
Western Cattle-Egret,3,2,Mar_W2,0.0,649.0
Western Cattle-Egret,3,3,Mar_W3,0.0,710.0
Western Cattle-Egret,3,4,Mar_W4,0.0,1110.0
Western Cattle-Egret,4,1,Apr_W1,0.0,899.0
Western Cattle-Egret,4,2,Apr_W2,0.0,1344.0
Western Cattle-Egret,4,3,Apr_W3,0.0,1035.0
Western Cattle-Egret,4,4,Apr_W4,0.0,1332.0
Western Cattle-Egret,5,1,May_W1,0.0,1283.0
Western Cattle-Egret,5,2,May_W2,0.0038911,1542.0
Western Cattle-Egret,5,3,May_W3,0.0,1501.0
Western Cattle-Egret,5,4,May_W4,0.0,2282.0
Western Cattle-Egret,6,1,Jun_W1,0.0,1513.0
Western Cattle-Egret,6,2,Jun_W2,0.0,1400.0
Western Cattle-Egret,6,3,Jun_W3,0.0,1497.0
Western Cattle-Egret,6,4,Jun_W4,0.0,1607.0
Western Cattle-Egret,7,1,Jul_W1,0.0,1280.0
Western Cattle-Egret,7,2,Jul_W2,0.0,1137.0
Western Cattle-Egret,7,3,Jul_W3,0.0,1132.0
Western Cattle-Egret,7,4,Jul_W4,0.0,1448.0
Western Cattle-Egret,8,1,Aug_W1,0.0,1001.0
Western Cattle-Egret,8,2,Aug_W2,0.0,804.0
Western Cattle-Egret,8,3,Aug_W3,0.0,836.0
Western Cattle-Egret,8,4,Aug_W4,0.0,1035.0
Western Cattle-Egret,9,1,Sep_W1,0.0,634.0
Western Cattle-Egret,9,2,Sep_W2,0.0,819.0
Western Cattle-Egret,9,3,Sep_W3,0.0,657.0
Western Cattle-Egret,9,4,Sep_W4,0.0,766.0
Western Cattle-Egret,10,1,Oct_W1,0.0,505.0
Western Cattle-Egret,10,2,Oct_W2,0.0,568.0
Western Cattle-Egret,10,3,Oct_W3,0.0,523.0
Western Cattle-Egret,10,4,Oct_W4,0.0,632.0
Western Cattle-Egret,11,1,Nov_W1,0.0,369.0
Western Cattle-Egret,11,2,Nov_W2,0.0,337.0
Western Cattle-Egret,11,3,Nov_W3,0.0,346.0
Western Cattle-Egret,11,4,Nov_W4,0.0,492.0
Western Cattle-Egret,12,1,Dec_W1,0.0,303.0
Western Cattle-Egret,12,2,Dec_W2,0.0,335.0
Western Cattle-Egret,12,3,Dec_W3,0.0,681.0
Western Cattle-Egret,12,4,Dec_W4,0.0,600.0
Great Egret,1,1,Jan_W1,0.0,823.0
Great Egret,1,2,Jan_W2,0.0,535.0
Great Egret,1,3,Jan_W3,0.0,472.0
Great Egret,1,4,Jan_W4,0.0,644.0
Great Egret,2,1,Feb_W1,0.0,490.0
Great Egret,2,2,Feb_W2,0.0,589.0
Great Egret,2,3,Feb_W3,0.0,787.0
Great Egret,2,4,Feb_W4,0.0,427.0
Great Egret,3,1,Mar_W1,0.0,558.0
Great Egret,3,2,Mar_W2,0.0,649.0
Great Egret,3,3,Mar_W3,0.0,710.0
Great Egret,3,4,Mar_W4,0.0,1110.0
Great Egret,4,1,Apr_W1,0.0,899.0
Great Egret,4,2,Apr_W2,0.0029762,1344.0
Great Egret,4,3,Apr_W3,0.0077295,1035.0
Great Egret,4,4,Apr_W4,0.0052553,1332.0
Great Egret,5,1,May_W1,0.0015,1283.0
Great Egret,5,2,May_W2,0.0,1542.0
Great Egret,5,3,May_W3,0.0006662,1501.0
Great Egret,5,4,May_W4,0.0017528,2282.0
Great Egret,6,1,Jun_W1,0.0019828,1513.0
Great Egret,6,2,Jun_W2,0.0014286,1400.0
Great Egret,6,3,Jun_W3,0.000668,1497.0
Great Egret,6,4,Jun_W4,0.0015,1607.0
Great Egret,7,1,Jul_W1,0.0007813,1280.0
Great Egret,7,2,Jul_W2,0.0008795,1137.0
Great Egret,7,3,Jul_W3,0.0008834,1132.0
Great Egret,7,4,Jul_W4,0.0075967,1448.0
Great Egret,8,1,Aug_W1,0.016983,1001.0
Great Egret,8,2,Aug_W2,0.0161692,804.0
Great Egret,8,3,Aug_W3,0.0287081,836.0
Great Egret,8,4,Aug_W4,0.021256,1035.0
Great Egret,9,1,Sep_W1,0.022082,634.0
Great Egret,9,2,Sep_W2,0.017094,819.0
Great Egret,9,3,Sep_W3,0.0091324,657.0
Great Egret,9,4,Sep_W4,0.0143603,766.0
Great Egret,10,1,Oct_W1,0.0178218,505.0
Great Egret,10,2,Oct_W2,0.0,568.0
Great Egret,10,3,Oct_W3,0.0,523.0
Great Egret,10,4,Oct_W4,0.0015823,632.0
Great Egret,11,1,Nov_W1,0.0,369.0
Great Egret,11,2,Nov_W2,0.0,337.0
Great Egret,11,3,Nov_W3,0.0,346.0
Great Egret,11,4,Nov_W4,0.0,492.0
Great Egret,12,1,Dec_W1,0.0,303.0
Great Egret,12,2,Dec_W2,0.0,335.0
Great Egret,12,3,Dec_W3,0.0,681.0
Great Egret,12,4,Dec_W4,0.0,600.0
Great Blue Heron,1,1,Jan_W1,0.0,823.0
Great Blue Heron,1,2,Jan_W2,0.0,535.0
Great Blue Heron,1,3,Jan_W3,0.0,472.0
Great Blue Heron,1,4,Jan_W4,0.0,644.0
Great Blue Heron,2,1,Feb_W1,0.0,490.0
Great Blue Heron,2,2,Feb_W2,0.0,589.0
Great Blue Heron,2,3,Feb_W3,0.0,787.0
Great Blue Heron,2,4,Feb_W4,0.0,427.0
Great Blue Heron,3,1,Mar_W1,0.0,558.0
Great Blue Heron,3,2,Mar_W2,0.0,649.0
Great Blue Heron,3,3,Mar_W3,0.0014085,710.0
Great Blue Heron,3,4,Mar_W4,0.0018018,1110.0
Great Blue Heron,4,1,Apr_W1,0.0044494,899.0
Great Blue Heron,4,2,Apr_W2,0.0126488,1344.0
Great Blue Heron,4,3,Apr_W3,0.0115942,1035.0
Great Blue Heron,4,4,Apr_W4,0.0165165,1332.0
Great Blue Heron,5,1,May_W1,0.0187062,1283.0
Great Blue Heron,5,2,May_W2,0.0149157,1542.0
Great Blue Heron,5,3,May_W3,0.0093271,1501.0
Great Blue Heron,5,4,May_W4,0.0219106,2282.0
Great Blue Heron,6,1,Jun_W1,0.0178453,1513.0
Great Blue Heron,6,2,Jun_W2,0.0228571,1400.0
Great Blue Heron,6,3,Jun_W3,0.0293921,1497.0
Great Blue Heron,6,4,Jun_W4,0.0280025,1607.0
Great Blue Heron,7,1,Jul_W1,0.05625,1280.0
Great Blue Heron,7,2,Jul_W2,0.1011434,1137.0
Great Blue Heron,7,3,Jul_W3,0.1537102,1132.0
Great Blue Heron,7,4,Jul_W4,0.1546961,1448.0
Great Blue Heron,8,1,Aug_W1,0.1758242,1001.0
Great Blue Heron,8,2,Aug_W2,0.1554726,804.0
Great Blue Heron,8,3,Aug_W3,0.1590909,836.0
Great Blue Heron,8,4,Aug_W4,0.1536232,1035.0
Great Blue Heron,9,1,Sep_W1,0.1388013,634.0
Great Blue Heron,9,2,Sep_W2,0.1245421,819.0
Great Blue Heron,9,3,Sep_W3,0.1171994,657.0
Great Blue Heron,9,4,Sep_W4,0.0979112,766.0
Great Blue Heron,10,1,Oct_W1,0.1089109,505.0
Great Blue Heron,10,2,Oct_W2,0.0510563,568.0
Great Blue Heron,10,3,Oct_W3,0.0478011,523.0
Great Blue Heron,10,4,Oct_W4,0.0332278,632.0
Great Blue Heron,11,1,Nov_W1,0.0216802,369.0
Great Blue Heron,11,2,Nov_W2,0.0118694,337.0
Great Blue Heron,11,3,Nov_W3,0.0086705,346.0
Great Blue Heron,11,4,Nov_W4,0.0015,492.0
Great Blue Heron,12,1,Dec_W1,0.0,303.0
Great Blue Heron,12,2,Dec_W2,0.0029851,335.0
Great Blue Heron,12,3,Dec_W3,0.0014684,681.0
Great Blue Heron,12,4,Dec_W4,0.0,600.0
American White Pelican,1,1,Jan_W1,0.0,823.0
American White Pelican,1,2,Jan_W2,0.0,535.0
American White Pelican,1,3,Jan_W3,0.0,472.0
American White Pelican,1,4,Jan_W4,0.0,644.0
American White Pelican,2,1,Feb_W1,0.0,490.0
American White Pelican,2,2,Feb_W2,0.0,589.0
American White Pelican,2,3,Feb_W3,0.0,787.0
American White Pelican,2,4,Feb_W4,0.0,427.0
American White Pelican,3,1,Mar_W1,0.0,558.0
American White Pelican,3,2,Mar_W2,0.0,649.0
American White Pelican,3,3,Mar_W3,0.0,710.0
American White Pelican,3,4,Mar_W4,0.0,1110.0
American White Pelican,4,1,Apr_W1,0.0011123,899.0
American White Pelican,4,2,Apr_W2,0.0015,1344.0
American White Pelican,4,3,Apr_W3,0.0015,1035.0
American White Pelican,4,4,Apr_W4,0.0007508,1332.0
American White Pelican,5,1,May_W1,0.0015588,1283.0
American White Pelican,5,2,May_W2,0.0045396,1542.0
American White Pelican,5,3,May_W3,0.0019987,1501.0
American White Pelican,5,4,May_W4,0.0015,2282.0
American White Pelican,6,1,Jun_W1,0.0046266,1513.0
American White Pelican,6,2,Jun_W2,0.0035714,1400.0
American White Pelican,6,3,Jun_W3,0.004676,1497.0
American White Pelican,6,4,Jun_W4,0.0037337,1607.0
American White Pelican,7,1,Jul_W1,0.0015,1280.0
American White Pelican,7,2,Jul_W2,0.0008795,1137.0
American White Pelican,7,3,Jul_W3,0.0008834,1132.0
American White Pelican,7,4,Jul_W4,0.0006906,1448.0
American White Pelican,8,1,Aug_W1,0.0,1001.0
American White Pelican,8,2,Aug_W2,0.0,804.0
American White Pelican,8,3,Aug_W3,0.0,836.0
American White Pelican,8,4,Aug_W4,0.0,1035.0
American White Pelican,9,1,Sep_W1,0.0,634.0
American White Pelican,9,2,Sep_W2,0.0,819.0
American White Pelican,9,3,Sep_W3,0.0,657.0
American White Pelican,9,4,Sep_W4,0.0039164,766.0
American White Pelican,10,1,Oct_W1,0.0019802,505.0
American White Pelican,10,2,Oct_W2,0.0,568.0
American White Pelican,10,3,Oct_W3,0.0,523.0
American White Pelican,10,4,Oct_W4,0.0,632.0
American White Pelican,11,1,Nov_W1,0.0,369.0
American White Pelican,11,2,Nov_W2,0.0,337.0
American White Pelican,11,3,Nov_W3,0.0,346.0
American White Pelican,11,4,Nov_W4,0.0,492.0
American White Pelican,12,1,Dec_W1,0.0,303.0
American White Pelican,12,2,Dec_W2,0.0,335.0
American White Pelican,12,3,Dec_W3,0.0,681.0
American White Pelican,12,4,Dec_W4,0.0,600.0
Turkey Vulture,1,1,Jan_W1,0.0,823.0
Turkey Vulture,1,2,Jan_W2,0.0,535.0
Turkey Vulture,1,3,Jan_W3,0.0,472.0
Turkey Vulture,1,4,Jan_W4,0.0,644.0
Turkey Vulture,2,1,Feb_W1,0.0,490.0
Turkey Vulture,2,2,Feb_W2,0.0,589.0
Turkey Vulture,2,3,Feb_W3,0.0,787.0
Turkey Vulture,2,4,Feb_W4,0.0,427.0
Turkey Vulture,3,1,Mar_W1,0.0,558.0
Turkey Vulture,3,2,Mar_W2,0.0061633,649.0
Turkey Vulture,3,3,Mar_W3,0.0084507,710.0
Turkey Vulture,3,4,Mar_W4,0.0828829,1110.0
Turkey Vulture,4,1,Apr_W1,0.2057842,899.0
Turkey Vulture,4,2,Apr_W2,0.2604167,1344.0
Turkey Vulture,4,3,Apr_W3,0.2531401,1035.0
Turkey Vulture,4,4,Apr_W4,0.2492492,1332.0
Turkey Vulture,5,1,May_W1,0.2190179,1283.0
Turkey Vulture,5,2,May_W2,0.228275,1542.0
Turkey Vulture,5,3,May_W3,0.2165223,1501.0
Turkey Vulture,5,4,May_W4,0.2326906,2282.0
Turkey Vulture,6,1,Jun_W1,0.2200925,1513.0
Turkey Vulture,6,2,Jun_W2,0.185,1400.0
Turkey Vulture,6,3,Jun_W3,0.1569806,1497.0
Turkey Vulture,6,4,Jun_W4,0.1537026,1607.0
Turkey Vulture,7,1,Jul_W1,0.1710937,1280.0
Turkey Vulture,7,2,Jul_W2,0.1530343,1137.0
Turkey Vulture,7,3,Jul_W3,0.155477,1132.0
Turkey Vulture,7,4,Jul_W4,0.1705801,1448.0
Turkey Vulture,8,1,Aug_W1,0.1528472,1001.0
Turkey Vulture,8,2,Aug_W2,0.1604478,804.0
Turkey Vulture,8,3,Aug_W3,0.1614833,836.0
Turkey Vulture,8,4,Aug_W4,0.1719807,1035.0
Turkey Vulture,9,1,Sep_W1,0.1955836,634.0
Turkey Vulture,9,2,Sep_W2,0.1550672,819.0
Turkey Vulture,9,3,Sep_W3,0.1613394,657.0
Turkey Vulture,9,4,Sep_W4,0.1475196,766.0
Turkey Vulture,10,1,Oct_W1,0.1247525,505.0
Turkey Vulture,10,2,Oct_W2,0.0545775,568.0
Turkey Vulture,10,3,Oct_W3,0.0382409,523.0
Turkey Vulture,10,4,Oct_W4,0.0031646,632.0
Turkey Vulture,11,1,Nov_W1,0.0,369.0
Turkey Vulture,11,2,Nov_W2,0.0029674,337.0
Turkey Vulture,11,3,Nov_W3,0.0028902,346.0
Turkey Vulture,11,4,Nov_W4,0.0,492.0
Turkey Vulture,12,1,Dec_W1,0.0,303.0
Turkey Vulture,12,2,Dec_W2,0.0,335.0
Turkey Vulture,12,3,Dec_W3,0.0,681.0
Turkey Vulture,12,4,Dec_W4,0.0,600.0
Osprey,1,1,Jan_W1,0.0,823.0
Osprey,1,2,Jan_W2,0.0,535.0
Osprey,1,3,Jan_W3,0.0,472.0
Osprey,1,4,Jan_W4,0.0,644.0
Osprey,2,1,Feb_W1,0.0,490.0
Osprey,2,2,Feb_W2,0.0,589.0
Osprey,2,3,Feb_W3,0.0,787.0
Osprey,2,4,Feb_W4,0.0,427.0
Osprey,3,1,Mar_W1,0.0,558.0
Osprey,3,2,Mar_W2,0.0,649.0
Osprey,3,3,Mar_W3,0.0,710.0
Osprey,3,4,Mar_W4,0.0015,1110.0
Osprey,4,1,Apr_W1,0.0,899.0
Osprey,4,2,Apr_W2,0.0014881,1344.0
Osprey,4,3,Apr_W3,0.0057971,1035.0
Osprey,4,4,Apr_W4,0.0127628,1332.0
Osprey,5,1,May_W1,0.0116913,1283.0
Osprey,5,2,May_W2,0.0110246,1542.0
Osprey,5,3,May_W3,0.005996,1501.0
Osprey,5,4,May_W4,0.0039439,2282.0
Osprey,6,1,Jun_W1,0.0052875,1513.0
Osprey,6,2,Jun_W2,0.0028571,1400.0
Osprey,6,3,Jun_W3,0.005344,1497.0
Osprey,6,4,Jun_W4,0.0006223,1607.0
Osprey,7,1,Jul_W1,0.0015625,1280.0
Osprey,7,2,Jul_W2,0.0026385,1137.0
Osprey,7,3,Jul_W3,0.0008834,1132.0
Osprey,7,4,Jul_W4,0.0013812,1448.0
Osprey,8,1,Aug_W1,0.002997,1001.0
Osprey,8,2,Aug_W2,0.0012438,804.0
Osprey,8,3,Aug_W3,0.0035885,836.0
Osprey,8,4,Aug_W4,0.0038647,1035.0
Osprey,9,1,Sep_W1,0.0078864,634.0
Osprey,9,2,Sep_W2,0.003663,819.0
Osprey,9,3,Sep_W3,0.0015221,657.0
Osprey,9,4,Sep_W4,0.0052219,766.0
Osprey,10,1,Oct_W1,0.0019802,505.0
Osprey,10,2,Oct_W2,0.0017606,568.0
Osprey,10,3,Oct_W3,0.0076482,523.0
Osprey,10,4,Oct_W4,0.0015823,632.0
Osprey,11,1,Nov_W1,0.0,369.0
Osprey,11,2,Nov_W2,0.0,337.0
Osprey,11,3,Nov_W3,0.0,346.0
Osprey,11,4,Nov_W4,0.0,492.0
Osprey,12,1,Dec_W1,0.0,303.0
Osprey,12,2,Dec_W2,0.0,335.0
Osprey,12,3,Dec_W3,0.0,681.0
Osprey,12,4,Dec_W4,0.0,600.0
Swallow-tailed Kite,1,1,Jan_W1,0.0,823.0
Swallow-tailed Kite,1,2,Jan_W2,0.0,535.0
Swallow-tailed Kite,1,3,Jan_W3,0.0,472.0
Swallow-tailed Kite,1,4,Jan_W4,0.0,644.0
Swallow-tailed Kite,2,1,Feb_W1,0.0,490.0
Swallow-tailed Kite,2,2,Feb_W2,0.0,589.0
Swallow-tailed Kite,2,3,Feb_W3,0.0,787.0
Swallow-tailed Kite,2,4,Feb_W4,0.0,427.0
Swallow-tailed Kite,3,1,Mar_W1,0.0,558.0
Swallow-tailed Kite,3,2,Mar_W2,0.0,649.0
Swallow-tailed Kite,3,3,Mar_W3,0.0,710.0
Swallow-tailed Kite,3,4,Mar_W4,0.0,1110.0
Swallow-tailed Kite,4,1,Apr_W1,0.0,899.0
Swallow-tailed Kite,4,2,Apr_W2,0.0,1344.0
Swallow-tailed Kite,4,3,Apr_W3,0.0,1035.0
Swallow-tailed Kite,4,4,Apr_W4,0.0,1332.0
Swallow-tailed Kite,5,1,May_W1,0.0,1283.0
Swallow-tailed Kite,5,2,May_W2,0.0,1542.0
Swallow-tailed Kite,5,3,May_W3,0.0,1501.0
Swallow-tailed Kite,5,4,May_W4,0.0,2282.0
Swallow-tailed Kite,6,1,Jun_W1,0.0,1513.0
Swallow-tailed Kite,6,2,Jun_W2,0.0,1400.0
Swallow-tailed Kite,6,3,Jun_W3,0.0,1497.0
Swallow-tailed Kite,6,4,Jun_W4,0.0,1607.0
Swallow-tailed Kite,7,1,Jul_W1,0.0,1280.0
Swallow-tailed Kite,7,2,Jul_W2,0.0,1137.0
Swallow-tailed Kite,7,3,Jul_W3,0.0,1132.0
Swallow-tailed Kite,7,4,Jul_W4,0.0,1448.0
Swallow-tailed Kite,8,1,Aug_W1,0.0,1001.0
Swallow-tailed Kite,8,2,Aug_W2,0.0,804.0
Swallow-tailed Kite,8,3,Aug_W3,0.0,836.0
Swallow-tailed Kite,8,4,Aug_W4,0.0015,1035.0
Swallow-tailed Kite,9,1,Sep_W1,0.0,634.0
Swallow-tailed Kite,9,2,Sep_W2,0.0,819.0
Swallow-tailed Kite,9,3,Sep_W3,0.0,657.0
Swallow-tailed Kite,9,4,Sep_W4,0.0,766.0
Swallow-tailed Kite,10,1,Oct_W1,0.0,505.0
Swallow-tailed Kite,10,2,Oct_W2,0.0,568.0
Swallow-tailed Kite,10,3,Oct_W3,0.0,523.0
Swallow-tailed Kite,10,4,Oct_W4,0.0,632.0
Swallow-tailed Kite,11,1,Nov_W1,0.0,369.0
Swallow-tailed Kite,11,2,Nov_W2,0.0,337.0
Swallow-tailed Kite,11,3,Nov_W3,0.0,346.0
Swallow-tailed Kite,11,4,Nov_W4,0.0,492.0
Swallow-tailed Kite,12,1,Dec_W1,0.0,303.0
Swallow-tailed Kite,12,2,Dec_W2,0.0,335.0
Swallow-tailed Kite,12,3,Dec_W3,0.0,681.0
Swallow-tailed Kite,12,4,Dec_W4,0.0,600.0
Golden Eagle,1,1,Jan_W1,0.0,823.0
Golden Eagle,1,2,Jan_W2,0.0,535.0
Golden Eagle,1,3,Jan_W3,0.0,472.0
Golden Eagle,1,4,Jan_W4,0.0,644.0
Golden Eagle,2,1,Feb_W1,0.0,490.0
Golden Eagle,2,2,Feb_W2,0.0,589.0
Golden Eagle,2,3,Feb_W3,0.0,787.0
Golden Eagle,2,4,Feb_W4,0.0,427.0
Golden Eagle,3,1,Mar_W1,0.0015,558.0
Golden Eagle,3,2,Mar_W2,0.0030817,649.0
Golden Eagle,3,3,Mar_W3,0.0015,710.0
Golden Eagle,3,4,Mar_W4,0.0027027,1110.0
Golden Eagle,4,1,Apr_W1,0.0,899.0
Golden Eagle,4,2,Apr_W2,0.0014881,1344.0
Golden Eagle,4,3,Apr_W3,0.0019324,1035.0
Golden Eagle,4,4,Apr_W4,0.0015015,1332.0
Golden Eagle,5,1,May_W1,0.0,1283.0
Golden Eagle,5,2,May_W2,0.0006485,1542.0
Golden Eagle,5,3,May_W3,0.0,1501.0
Golden Eagle,5,4,May_W4,0.0004382,2282.0
Golden Eagle,6,1,Jun_W1,0.0,1513.0
Golden Eagle,6,2,Jun_W2,0.0,1400.0
Golden Eagle,6,3,Jun_W3,0.0,1497.0
Golden Eagle,6,4,Jun_W4,0.0,1607.0
Golden Eagle,7,1,Jul_W1,0.0,1280.0
Golden Eagle,7,2,Jul_W2,0.0,1137.0
Golden Eagle,7,3,Jul_W3,0.0,1132.0
Golden Eagle,7,4,Jul_W4,0.0,1448.0
Golden Eagle,8,1,Aug_W1,0.0,1001.0
Golden Eagle,8,2,Aug_W2,0.0,804.0
Golden Eagle,8,3,Aug_W3,0.0,836.0
Golden Eagle,8,4,Aug_W4,0.0,1035.0
Golden Eagle,9,1,Sep_W1,0.0,634.0
Golden Eagle,9,2,Sep_W2,0.001221,819.0
Golden Eagle,9,3,Sep_W3,0.0015221,657.0
Golden Eagle,9,4,Sep_W4,0.0,766.0
Golden Eagle,10,1,Oct_W1,0.0,505.0
Golden Eagle,10,2,Oct_W2,0.0,568.0
Golden Eagle,10,3,Oct_W3,0.0015,523.0
Golden Eagle,10,4,Oct_W4,0.0015823,632.0
Golden Eagle,11,1,Nov_W1,0.00271,369.0
Golden Eagle,11,2,Nov_W2,0.0,337.0
Golden Eagle,11,3,Nov_W3,0.0,346.0
Golden Eagle,11,4,Nov_W4,0.0,492.0
Golden Eagle,12,1,Dec_W1,0.0,303.0
Golden Eagle,12,2,Dec_W2,0.0,335.0
Golden Eagle,12,3,Dec_W3,0.0,681.0
Golden Eagle,12,4,Dec_W4,0.0,600.0
Sharp-shinned Hawk,1,1,Jan_W1,0.018226,823.0
Sharp-shinned Hawk,1,2,Jan_W2,0.0205607,535.0
Sharp-shinned Hawk,1,3,Jan_W3,0.0233051,472.0
Sharp-shinned Hawk,1,4,Jan_W4,0.0201863,644.0
Sharp-shinned Hawk,2,1,Feb_W1,0.0142857,490.0
Sharp-shinned Hawk,2,2,Feb_W2,0.0118846,589.0
Sharp-shinned Hawk,2,3,Feb_W3,0.0038119,787.0
Sharp-shinned Hawk,2,4,Feb_W4,0.0234192,427.0
Sharp-shinned Hawk,3,1,Mar_W1,0.0107527,558.0
Sharp-shinned Hawk,3,2,Mar_W2,0.0107858,649.0
Sharp-shinned Hawk,3,3,Mar_W3,0.0112676,710.0
Sharp-shinned Hawk,3,4,Mar_W4,0.0099099,1110.0
Sharp-shinned Hawk,4,1,Apr_W1,0.0166852,899.0
Sharp-shinned Hawk,4,2,Apr_W2,0.0230655,1344.0
Sharp-shinned Hawk,4,3,Apr_W3,0.0202899,1035.0
Sharp-shinned Hawk,4,4,Apr_W4,0.0322823,1332.0
Sharp-shinned Hawk,5,1,May_W1,0.0319564,1283.0
Sharp-shinned Hawk,5,2,May_W2,0.0194553,1542.0
Sharp-shinned Hawk,5,3,May_W3,0.017988,1501.0
Sharp-shinned Hawk,5,4,May_W4,0.008326,2282.0
Sharp-shinned Hawk,6,1,Jun_W1,0.0013219,1513.0
Sharp-shinned Hawk,6,2,Jun_W2,0.0035714,1400.0
Sharp-shinned Hawk,6,3,Jun_W3,0.00668,1497.0
Sharp-shinned Hawk,6,4,Jun_W4,0.0024891,1607.0
Sharp-shinned Hawk,7,1,Jul_W1,0.003125,1280.0
Sharp-shinned Hawk,7,2,Jul_W2,0.005277,1137.0
Sharp-shinned Hawk,7,3,Jul_W3,0.0035336,1132.0
Sharp-shinned Hawk,7,4,Jul_W4,0.0117403,1448.0
Sharp-shinned Hawk,8,1,Aug_W1,0.002997,1001.0
Sharp-shinned Hawk,8,2,Aug_W2,0.0174129,804.0
Sharp-shinned Hawk,8,3,Aug_W3,0.0251196,836.0
Sharp-shinned Hawk,8,4,Aug_W4,0.0096618,1035.0
Sharp-shinned Hawk,9,1,Sep_W1,0.011041,634.0
Sharp-shinned Hawk,9,2,Sep_W2,0.013431,819.0
Sharp-shinned Hawk,9,3,Sep_W3,0.0182648,657.0
Sharp-shinned Hawk,9,4,Sep_W4,0.0182768,766.0
Sharp-shinned Hawk,10,1,Oct_W1,0.0178218,505.0
Sharp-shinned Hawk,10,2,Oct_W2,0.0123239,568.0
Sharp-shinned Hawk,10,3,Oct_W3,0.0133843,523.0
Sharp-shinned Hawk,10,4,Oct_W4,0.0174051,632.0
Sharp-shinned Hawk,11,1,Nov_W1,0.0108401,369.0
Sharp-shinned Hawk,11,2,Nov_W2,0.0267062,337.0
Sharp-shinned Hawk,11,3,Nov_W3,0.0086705,346.0
Sharp-shinned Hawk,11,4,Nov_W4,0.0060976,492.0
Sharp-shinned Hawk,12,1,Dec_W1,0.0066007,303.0
Sharp-shinned Hawk,12,2,Dec_W2,0.0238806,335.0
Sharp-shinned Hawk,12,3,Dec_W3,0.0146843,681.0
Sharp-shinned Hawk,12,4,Dec_W4,0.0216667,600.0
Cooper's Hawk,1,1,Jan_W1,0.0194411,823.0
Cooper's Hawk,1,2,Jan_W2,0.0205607,535.0
Cooper's Hawk,1,3,Jan_W3,0.0105932,472.0
Cooper's Hawk,1,4,Jan_W4,0.0124224,644.0
Cooper's Hawk,2,1,Feb_W1,0.0020408,490.0
Cooper's Hawk,2,2,Feb_W2,0.008489,589.0
Cooper's Hawk,2,3,Feb_W3,0.0101652,787.0
Cooper's Hawk,2,4,Feb_W4,0.0070258,427.0
Cooper's Hawk,3,1,Mar_W1,0.0017921,558.0
Cooper's Hawk,3,2,Mar_W2,0.0030817,649.0
Cooper's Hawk,3,3,Mar_W3,0.0028169,710.0
Cooper's Hawk,3,4,Mar_W4,0.009009,1110.0
Cooper's Hawk,4,1,Apr_W1,0.0166852,899.0
Cooper's Hawk,4,2,Apr_W2,0.0074405,1344.0
Cooper's Hawk,4,3,Apr_W3,0.0135266,1035.0
Cooper's Hawk,4,4,Apr_W4,0.0165165,1332.0
Cooper's Hawk,5,1,May_W1,0.014809,1283.0
Cooper's Hawk,5,2,May_W2,0.0110246,1542.0
Cooper's Hawk,5,3,May_W3,0.0073284,1501.0
Cooper's Hawk,5,4,May_W4,0.0056968,2282.0
Cooper's Hawk,6,1,Jun_W1,0.0033047,1513.0
Cooper's Hawk,6,2,Jun_W2,0.0028571,1400.0
Cooper's Hawk,6,3,Jun_W3,0.004676,1497.0
Cooper's Hawk,6,4,Jun_W4,0.0024891,1607.0
Cooper's Hawk,7,1,Jul_W1,0.009375,1280.0
Cooper's Hawk,7,2,Jul_W2,0.0043975,1137.0
Cooper's Hawk,7,3,Jul_W3,0.0061837,1132.0
Cooper's Hawk,7,4,Jul_W4,0.003453,1448.0
Cooper's Hawk,8,1,Aug_W1,0.003996,1001.0
Cooper's Hawk,8,2,Aug_W2,0.0174129,804.0
Cooper's Hawk,8,3,Aug_W3,0.0227273,836.0
Cooper's Hawk,8,4,Aug_W4,0.0135266,1035.0
Cooper's Hawk,9,1,Sep_W1,0.0173502,634.0
Cooper's Hawk,9,2,Sep_W2,0.009768,819.0
Cooper's Hawk,9,3,Sep_W3,0.0106545,657.0
Cooper's Hawk,9,4,Sep_W4,0.0143603,766.0
Cooper's Hawk,10,1,Oct_W1,0.0158416,505.0
Cooper's Hawk,10,2,Oct_W2,0.0140845,568.0
Cooper's Hawk,10,3,Oct_W3,0.0114723,523.0
Cooper's Hawk,10,4,Oct_W4,0.0142405,632.0
Cooper's Hawk,11,1,Nov_W1,0.0054201,369.0
Cooper's Hawk,11,2,Nov_W2,0.0,337.0
Cooper's Hawk,11,3,Nov_W3,0.0115607,346.0
Cooper's Hawk,11,4,Nov_W4,0.0081301,492.0
Cooper's Hawk,12,1,Dec_W1,0.0066007,303.0
Cooper's Hawk,12,2,Dec_W2,0.0149254,335.0
Cooper's Hawk,12,3,Dec_W3,0.0161527,681.0
Cooper's Hawk,12,4,Dec_W4,0.0216667,600.0
American Goshawk,1,1,Jan_W1,0.0024301,823.0
American Goshawk,1,2,Jan_W2,0.0037383,535.0
American Goshawk,1,3,Jan_W3,0.0021186,472.0
American Goshawk,1,4,Jan_W4,0.015528,644.0
American Goshawk,2,1,Feb_W1,0.0061224,490.0
American Goshawk,2,2,Feb_W2,0.0118846,589.0
American Goshawk,2,3,Feb_W3,0.0025413,787.0
American Goshawk,2,4,Feb_W4,0.0070258,427.0
American Goshawk,3,1,Mar_W1,0.0035842,558.0
American Goshawk,3,2,Mar_W2,0.0030817,649.0
American Goshawk,3,3,Mar_W3,0.0042254,710.0
American Goshawk,3,4,Mar_W4,0.0045045,1110.0
American Goshawk,4,1,Apr_W1,0.0011123,899.0
American Goshawk,4,2,Apr_W2,0.000744,1344.0
American Goshawk,4,3,Apr_W3,0.0009662,1035.0
American Goshawk,4,4,Apr_W4,0.0015015,1332.0
American Goshawk,5,1,May_W1,0.0046765,1283.0
American Goshawk,5,2,May_W2,0.001297,1542.0
American Goshawk,5,3,May_W3,0.0019987,1501.0
American Goshawk,5,4,May_W4,0.0026293,2282.0
American Goshawk,6,1,Jun_W1,0.0026438,1513.0
American Goshawk,6,2,Jun_W2,0.0007143,1400.0
American Goshawk,6,3,Jun_W3,0.0,1497.0
American Goshawk,6,4,Jun_W4,0.0018668,1607.0
American Goshawk,7,1,Jul_W1,0.0,1280.0
American Goshawk,7,2,Jul_W2,0.0015,1137.0
American Goshawk,7,3,Jul_W3,0.0017668,1132.0
American Goshawk,7,4,Jul_W4,0.0,1448.0
American Goshawk,8,1,Aug_W1,0.001998,1001.0
American Goshawk,8,2,Aug_W2,0.0074627,804.0
American Goshawk,8,3,Aug_W3,0.0023923,836.0
American Goshawk,8,4,Aug_W4,0.0067633,1035.0
American Goshawk,9,1,Sep_W1,0.0,634.0
American Goshawk,9,2,Sep_W2,0.001221,819.0
American Goshawk,9,3,Sep_W3,0.0,657.0
American Goshawk,9,4,Sep_W4,0.0039164,766.0
American Goshawk,10,1,Oct_W1,0.0,505.0
American Goshawk,10,2,Oct_W2,0.0017606,568.0
American Goshawk,10,3,Oct_W3,0.001912,523.0
American Goshawk,10,4,Oct_W4,0.0047468,632.0
American Goshawk,11,1,Nov_W1,0.0054201,369.0
American Goshawk,11,2,Nov_W2,0.0015,337.0
American Goshawk,11,3,Nov_W3,0.0028902,346.0
American Goshawk,11,4,Nov_W4,0.0081301,492.0
American Goshawk,12,1,Dec_W1,0.0033003,303.0
American Goshawk,12,2,Dec_W2,0.0059701,335.0
American Goshawk,12,3,Dec_W3,0.0029369,681.0
American Goshawk,12,4,Dec_W4,0.005,600.0
Northern Harrier,1,1,Jan_W1,0.0,823.0
Northern Harrier,1,2,Jan_W2,0.0,535.0
Northern Harrier,1,3,Jan_W3,0.0,472.0
Northern Harrier,1,4,Jan_W4,0.0,644.0
Northern Harrier,2,1,Feb_W1,0.0,490.0
Northern Harrier,2,2,Feb_W2,0.0016978,589.0
Northern Harrier,2,3,Feb_W3,0.0025413,787.0
Northern Harrier,2,4,Feb_W4,0.0,427.0
Northern Harrier,3,1,Mar_W1,0.0,558.0
Northern Harrier,3,2,Mar_W2,0.0061633,649.0
Northern Harrier,3,3,Mar_W3,0.0098592,710.0
Northern Harrier,3,4,Mar_W4,0.0153153,1110.0
Northern Harrier,4,1,Apr_W1,0.0300334,899.0
Northern Harrier,4,2,Apr_W2,0.0342262,1344.0
Northern Harrier,4,3,Apr_W3,0.0463768,1035.0
Northern Harrier,4,4,Apr_W4,0.0352853,1332.0
Northern Harrier,5,1,May_W1,0.0374123,1283.0
Northern Harrier,5,2,May_W2,0.0129702,1542.0
Northern Harrier,5,3,May_W3,0.0113258,1501.0
Northern Harrier,5,4,May_W4,0.0096407,2282.0
Northern Harrier,6,1,Jun_W1,0.0099141,1513.0
Northern Harrier,6,2,Jun_W2,0.01,1400.0
Northern Harrier,6,3,Jun_W3,0.004008,1497.0
Northern Harrier,6,4,Jun_W4,0.0068451,1607.0
Northern Harrier,7,1,Jul_W1,0.0078125,1280.0
Northern Harrier,7,2,Jul_W2,0.0079156,1137.0
Northern Harrier,7,3,Jul_W3,0.0114841,1132.0
Northern Harrier,7,4,Jul_W4,0.0131215,1448.0
Northern Harrier,8,1,Aug_W1,0.007992,1001.0
Northern Harrier,8,2,Aug_W2,0.0136816,804.0
Northern Harrier,8,3,Aug_W3,0.0095694,836.0
Northern Harrier,8,4,Aug_W4,0.0096618,1035.0
Northern Harrier,9,1,Sep_W1,0.0047319,634.0
Northern Harrier,9,2,Sep_W2,0.007326,819.0
Northern Harrier,9,3,Sep_W3,0.0076104,657.0
Northern Harrier,9,4,Sep_W4,0.0052219,766.0
Northern Harrier,10,1,Oct_W1,0.0039604,505.0
Northern Harrier,10,2,Oct_W2,0.0105634,568.0
Northern Harrier,10,3,Oct_W3,0.001912,523.0
Northern Harrier,10,4,Oct_W4,0.0047468,632.0
Northern Harrier,11,1,Nov_W1,0.0054201,369.0
Northern Harrier,11,2,Nov_W2,0.0015,337.0
Northern Harrier,11,3,Nov_W3,0.0028902,346.0
Northern Harrier,11,4,Nov_W4,0.0121951,492.0
Northern Harrier,12,1,Dec_W1,0.0033003,303.0
Northern Harrier,12,2,Dec_W2,0.0059701,335.0
Northern Harrier,12,3,Dec_W3,0.0,681.0
Northern Harrier,12,4,Dec_W4,0.0,600.0
Bald Eagle,1,1,Jan_W1,0.1020656,823.0
Bald Eagle,1,2,Jan_W2,0.0934579,535.0
Bald Eagle,1,3,Jan_W3,0.0847458,472.0
Bald Eagle,1,4,Jan_W4,0.0978261,644.0
Bald Eagle,2,1,Feb_W1,0.0979592,490.0
Bald Eagle,2,2,Feb_W2,0.0865874,589.0
Bald Eagle,2,3,Feb_W3,0.0749682,787.0
Bald Eagle,2,4,Feb_W4,0.1007026,427.0
Bald Eagle,3,1,Mar_W1,0.1039427,558.0
Bald Eagle,3,2,Mar_W2,0.1232666,649.0
Bald Eagle,3,3,Mar_W3,0.1253521,710.0
Bald Eagle,3,4,Mar_W4,0.136036,1110.0
Bald Eagle,4,1,Apr_W1,0.1290323,899.0
Bald Eagle,4,2,Apr_W2,0.1220238,1344.0
Bald Eagle,4,3,Apr_W3,0.105314,1035.0
Bald Eagle,4,4,Apr_W4,0.1388889,1332.0
Bald Eagle,5,1,May_W1,0.1402962,1283.0
Bald Eagle,5,2,May_W2,0.1251621,1542.0
Bald Eagle,5,3,May_W3,0.1119254,1501.0
Bald Eagle,5,4,May_W4,0.1134969,2282.0
Bald Eagle,6,1,Jun_W1,0.0773298,1513.0
Bald Eagle,6,2,Jun_W2,0.0771429,1400.0
Bald Eagle,6,3,Jun_W3,0.0587842,1497.0
Bald Eagle,6,4,Jun_W4,0.0497822,1607.0
Bald Eagle,7,1,Jul_W1,0.0828125,1280.0
Bald Eagle,7,2,Jul_W2,0.0826737,1137.0
Bald Eagle,7,3,Jul_W3,0.0848057,1132.0
Bald Eagle,7,4,Jul_W4,0.1201657,1448.0
Bald Eagle,8,1,Aug_W1,0.1328671,1001.0
Bald Eagle,8,2,Aug_W2,0.1567164,804.0
Bald Eagle,8,3,Aug_W3,0.1315789,836.0
Bald Eagle,8,4,Aug_W4,0.1391304,1035.0
Bald Eagle,9,1,Sep_W1,0.1214511,634.0
Bald Eagle,9,2,Sep_W2,0.1269841,819.0
Bald Eagle,9,3,Sep_W3,0.1065449,657.0
Bald Eagle,9,4,Sep_W4,0.1344648,766.0
Bald Eagle,10,1,Oct_W1,0.0871287,505.0
Bald Eagle,10,2,Oct_W2,0.1038732,568.0
Bald Eagle,10,3,Oct_W3,0.0917782,523.0
Bald Eagle,10,4,Oct_W4,0.1329114,632.0
Bald Eagle,11,1,Nov_W1,0.1138211,369.0
Bald Eagle,11,2,Nov_W2,0.15727,337.0
Bald Eagle,11,3,Nov_W3,0.0953757,346.0
Bald Eagle,11,4,Nov_W4,0.1077236,492.0
Bald Eagle,12,1,Dec_W1,0.0858086,303.0
Bald Eagle,12,2,Dec_W2,0.0835821,335.0
Bald Eagle,12,3,Dec_W3,0.1116006,681.0
Bald Eagle,12,4,Dec_W4,0.1,600.0
Broad-winged Hawk,1,1,Jan_W1,0.0,823.0
Broad-winged Hawk,1,2,Jan_W2,0.0,535.0
Broad-winged Hawk,1,3,Jan_W3,0.0,472.0
Broad-winged Hawk,1,4,Jan_W4,0.0,644.0
Broad-winged Hawk,2,1,Feb_W1,0.0,490.0
Broad-winged Hawk,2,2,Feb_W2,0.0,589.0
Broad-winged Hawk,2,3,Feb_W3,0.0,787.0
Broad-winged Hawk,2,4,Feb_W4,0.0,427.0
Broad-winged Hawk,3,1,Mar_W1,0.0,558.0
Broad-winged Hawk,3,2,Mar_W2,0.0,649.0
Broad-winged Hawk,3,3,Mar_W3,0.0,710.0
Broad-winged Hawk,3,4,Mar_W4,0.0,1110.0
Broad-winged Hawk,4,1,Apr_W1,0.0,899.0
Broad-winged Hawk,4,2,Apr_W2,0.000744,1344.0
Broad-winged Hawk,4,3,Apr_W3,0.0057971,1035.0
Broad-winged Hawk,4,4,Apr_W4,0.0165165,1332.0
Broad-winged Hawk,5,1,May_W1,0.0210444,1283.0
Broad-winged Hawk,5,2,May_W2,0.0207523,1542.0
Broad-winged Hawk,5,3,May_W3,0.0213191,1501.0
Broad-winged Hawk,5,4,May_W4,0.0113935,2282.0
Broad-winged Hawk,6,1,Jun_W1,0.0066094,1513.0
Broad-winged Hawk,6,2,Jun_W2,0.0142857,1400.0
Broad-winged Hawk,6,3,Jun_W3,0.005344,1497.0
Broad-winged Hawk,6,4,Jun_W4,0.0037337,1607.0
Broad-winged Hawk,7,1,Jul_W1,0.0046875,1280.0
Broad-winged Hawk,7,2,Jul_W2,0.0105541,1137.0
Broad-winged Hawk,7,3,Jul_W3,0.0070671,1132.0
Broad-winged Hawk,7,4,Jul_W4,0.0048343,1448.0
Broad-winged Hawk,8,1,Aug_W1,0.016983,1001.0
Broad-winged Hawk,8,2,Aug_W2,0.0186567,804.0
Broad-winged Hawk,8,3,Aug_W3,0.0311005,836.0
Broad-winged Hawk,8,4,Aug_W4,0.021256,1035.0
Broad-winged Hawk,9,1,Sep_W1,0.0141956,634.0
Broad-winged Hawk,9,2,Sep_W2,0.015873,819.0
Broad-winged Hawk,9,3,Sep_W3,0.0106545,657.0
Broad-winged Hawk,9,4,Sep_W4,0.0039164,766.0
Broad-winged Hawk,10,1,Oct_W1,0.0015,505.0
Broad-winged Hawk,10,2,Oct_W2,0.0,568.0
Broad-winged Hawk,10,3,Oct_W3,0.0,523.0
Broad-winged Hawk,10,4,Oct_W4,0.0,632.0
Broad-winged Hawk,11,1,Nov_W1,0.0,369.0
Broad-winged Hawk,11,2,Nov_W2,0.0,337.0
Broad-winged Hawk,11,3,Nov_W3,0.0,346.0
Broad-winged Hawk,11,4,Nov_W4,0.0,492.0
Broad-winged Hawk,12,1,Dec_W1,0.0,303.0
Broad-winged Hawk,12,2,Dec_W2,0.0,335.0
Broad-winged Hawk,12,3,Dec_W3,0.0,681.0
Broad-winged Hawk,12,4,Dec_W4,0.0,600.0
Red-shouldered Hawk,1,1,Jan_W1,0.0121507,823.0
Red-shouldered Hawk,1,2,Jan_W2,0.0224299,535.0
Red-shouldered Hawk,1,3,Jan_W3,0.0042373,472.0
Red-shouldered Hawk,1,4,Jan_W4,0.0031056,644.0
Red-shouldered Hawk,2,1,Feb_W1,0.0040816,490.0
Red-shouldered Hawk,2,2,Feb_W2,0.008489,589.0
Red-shouldered Hawk,2,3,Feb_W3,0.0025413,787.0
Red-shouldered Hawk,2,4,Feb_W4,0.0093677,427.0
Red-shouldered Hawk,3,1,Mar_W1,0.0322581,558.0
Red-shouldered Hawk,3,2,Mar_W2,0.0539291,649.0
Red-shouldered Hawk,3,3,Mar_W3,0.0704225,710.0
Red-shouldered Hawk,3,4,Mar_W4,0.0423423,1110.0
Red-shouldered Hawk,4,1,Apr_W1,0.0444939,899.0
Red-shouldered Hawk,4,2,Apr_W2,0.0438988,1344.0
Red-shouldered Hawk,4,3,Apr_W3,0.0376812,1035.0
Red-shouldered Hawk,4,4,Apr_W4,0.0465465,1332.0
Red-shouldered Hawk,5,1,May_W1,0.0319564,1283.0
Red-shouldered Hawk,5,2,May_W2,0.0298314,1542.0
Red-shouldered Hawk,5,3,May_W3,0.0433045,1501.0
Red-shouldered Hawk,5,4,May_W4,0.0280456,2282.0
Red-shouldered Hawk,6,1,Jun_W1,0.0297422,1513.0
Red-shouldered Hawk,6,2,Jun_W2,0.03,1400.0
Red-shouldered Hawk,6,3,Jun_W3,0.0200401,1497.0
Red-shouldered Hawk,6,4,Jun_W4,0.0186683,1607.0
Red-shouldered Hawk,7,1,Jul_W1,0.0257812,1280.0
Red-shouldered Hawk,7,2,Jul_W2,0.0228672,1137.0
Red-shouldered Hawk,7,3,Jul_W3,0.0291519,1132.0
Red-shouldered Hawk,7,4,Jul_W4,0.0200276,1448.0
Red-shouldered Hawk,8,1,Aug_W1,0.044955,1001.0
Red-shouldered Hawk,8,2,Aug_W2,0.0323383,804.0
Red-shouldered Hawk,8,3,Aug_W3,0.0263158,836.0
Red-shouldered Hawk,8,4,Aug_W4,0.0347826,1035.0
Red-shouldered Hawk,9,1,Sep_W1,0.033123,634.0
Red-shouldered Hawk,9,2,Sep_W2,0.04884,819.0
Red-shouldered Hawk,9,3,Sep_W3,0.0532725,657.0
Red-shouldered Hawk,9,4,Sep_W4,0.0509138,766.0
Red-shouldered Hawk,10,1,Oct_W1,0.0455446,505.0
Red-shouldered Hawk,10,2,Oct_W2,0.0176056,568.0
Red-shouldered Hawk,10,3,Oct_W3,0.0133843,523.0
Red-shouldered Hawk,10,4,Oct_W4,0.0205696,632.0
Red-shouldered Hawk,11,1,Nov_W1,0.0081301,369.0
Red-shouldered Hawk,11,2,Nov_W2,0.0148368,337.0
Red-shouldered Hawk,11,3,Nov_W3,0.0086705,346.0
Red-shouldered Hawk,11,4,Nov_W4,0.0081301,492.0
Red-shouldered Hawk,12,1,Dec_W1,0.0066007,303.0
Red-shouldered Hawk,12,2,Dec_W2,0.0208955,335.0
Red-shouldered Hawk,12,3,Dec_W3,0.0190896,681.0
Red-shouldered Hawk,12,4,Dec_W4,0.01,600.0
Red-tailed Hawk,1,1,Jan_W1,0.0461725,823.0
Red-tailed Hawk,1,2,Jan_W2,0.0523364,535.0
Red-tailed Hawk,1,3,Jan_W3,0.0423729,472.0
Red-tailed Hawk,1,4,Jan_W4,0.0201863,644.0
Red-tailed Hawk,2,1,Feb_W1,0.0387755,490.0
Red-tailed Hawk,2,2,Feb_W2,0.0390492,589.0
Red-tailed Hawk,2,3,Feb_W3,0.0317662,787.0
Red-tailed Hawk,2,4,Feb_W4,0.0327869,427.0
Red-tailed Hawk,3,1,Mar_W1,0.0573477,558.0
Red-tailed Hawk,3,2,Mar_W2,0.0600924,649.0
Red-tailed Hawk,3,3,Mar_W3,0.0535211,710.0
Red-tailed Hawk,3,4,Mar_W4,0.0531532,1110.0
Red-tailed Hawk,4,1,Apr_W1,0.0867631,899.0
Red-tailed Hawk,4,2,Apr_W2,0.0639881,1344.0
Red-tailed Hawk,4,3,Apr_W3,0.068599,1035.0
Red-tailed Hawk,4,4,Apr_W4,0.0698198,1332.0
Red-tailed Hawk,5,1,May_W1,0.0475448,1283.0
Red-tailed Hawk,5,2,May_W2,0.0603113,1542.0
Red-tailed Hawk,5,3,May_W3,0.0519654,1501.0
Red-tailed Hawk,5,4,May_W4,0.0477651,2282.0
Red-tailed Hawk,6,1,Jun_W1,0.0456048,1513.0
Red-tailed Hawk,6,2,Jun_W2,0.0457143,1400.0
Red-tailed Hawk,6,3,Jun_W3,0.0474282,1497.0
Red-tailed Hawk,6,4,Jun_W4,0.0466708,1607.0
Red-tailed Hawk,7,1,Jul_W1,0.040625,1280.0
Red-tailed Hawk,7,2,Jul_W2,0.05365,1137.0
Red-tailed Hawk,7,3,Jul_W3,0.0477032,1132.0
Red-tailed Hawk,7,4,Jul_W4,0.0635359,1448.0
Red-tailed Hawk,8,1,Aug_W1,0.1068931,1001.0
Red-tailed Hawk,8,2,Aug_W2,0.1281095,804.0
Red-tailed Hawk,8,3,Aug_W3,0.1447368,836.0
Red-tailed Hawk,8,4,Aug_W4,0.1468599,1035.0
Red-tailed Hawk,9,1,Sep_W1,0.126183,634.0
Red-tailed Hawk,9,2,Sep_W2,0.0915751,819.0
Red-tailed Hawk,9,3,Sep_W3,0.0761035,657.0
Red-tailed Hawk,9,4,Sep_W4,0.073107,766.0
Red-tailed Hawk,10,1,Oct_W1,0.0891089,505.0
Red-tailed Hawk,10,2,Oct_W2,0.0545775,568.0
Red-tailed Hawk,10,3,Oct_W3,0.0478011,523.0
Red-tailed Hawk,10,4,Oct_W4,0.0348101,632.0
Red-tailed Hawk,11,1,Nov_W1,0.0704607,369.0
Red-tailed Hawk,11,2,Nov_W2,0.0356083,337.0
Red-tailed Hawk,11,3,Nov_W3,0.0202312,346.0
Red-tailed Hawk,11,4,Nov_W4,0.0243902,492.0
Red-tailed Hawk,12,1,Dec_W1,0.0462046,303.0
Red-tailed Hawk,12,2,Dec_W2,0.0238806,335.0
Red-tailed Hawk,12,3,Dec_W3,0.061674,681.0
Red-tailed Hawk,12,4,Dec_W4,0.055,600.0
Rough-legged Hawk,1,1,Jan_W1,0.0291616,823.0
Rough-legged Hawk,1,2,Jan_W2,0.0186916,535.0
Rough-legged Hawk,1,3,Jan_W3,0.0211864,472.0
Rough-legged Hawk,1,4,Jan_W4,0.0232919,644.0
Rough-legged Hawk,2,1,Feb_W1,0.0081633,490.0
Rough-legged Hawk,2,2,Feb_W2,0.0101868,589.0
Rough-legged Hawk,2,3,Feb_W3,0.0038119,787.0
Rough-legged Hawk,2,4,Feb_W4,0.0070258,427.0
Rough-legged Hawk,3,1,Mar_W1,0.016129,558.0
Rough-legged Hawk,3,2,Mar_W2,0.0231125,649.0
Rough-legged Hawk,3,3,Mar_W3,0.0521127,710.0
Rough-legged Hawk,3,4,Mar_W4,0.036036,1110.0
Rough-legged Hawk,4,1,Apr_W1,0.0400445,899.0
Rough-legged Hawk,4,2,Apr_W2,0.0357143,1344.0
Rough-legged Hawk,4,3,Apr_W3,0.0173913,1035.0
Rough-legged Hawk,4,4,Apr_W4,0.024024,1332.0
Rough-legged Hawk,5,1,May_W1,0.0171473,1283.0
Rough-legged Hawk,5,2,May_W2,0.0090791,1542.0
Rough-legged Hawk,5,3,May_W3,0.0013324,1501.0
Rough-legged Hawk,5,4,May_W4,0.0013146,2282.0
Rough-legged Hawk,6,1,Jun_W1,0.0006609,1513.0
Rough-legged Hawk,6,2,Jun_W2,0.0007143,1400.0
Rough-legged Hawk,6,3,Jun_W3,0.0,1497.0
Rough-legged Hawk,6,4,Jun_W4,0.0,1607.0
Rough-legged Hawk,7,1,Jul_W1,0.0,1280.0
Rough-legged Hawk,7,2,Jul_W2,0.0,1137.0
Rough-legged Hawk,7,3,Jul_W3,0.0,1132.0
Rough-legged Hawk,7,4,Jul_W4,0.0013812,1448.0
Rough-legged Hawk,8,1,Aug_W1,0.0,1001.0
Rough-legged Hawk,8,2,Aug_W2,0.0,804.0
Rough-legged Hawk,8,3,Aug_W3,0.0,836.0
Rough-legged Hawk,8,4,Aug_W4,0.0,1035.0
Rough-legged Hawk,9,1,Sep_W1,0.0,634.0
Rough-legged Hawk,9,2,Sep_W2,0.001221,819.0
Rough-legged Hawk,9,3,Sep_W3,0.0,657.0
Rough-legged Hawk,9,4,Sep_W4,0.0,766.0
Rough-legged Hawk,10,1,Oct_W1,0.0015,505.0
Rough-legged Hawk,10,2,Oct_W2,0.0017606,568.0
Rough-legged Hawk,10,3,Oct_W3,0.0095602,523.0
Rough-legged Hawk,10,4,Oct_W4,0.0363924,632.0
Rough-legged Hawk,11,1,Nov_W1,0.0542005,369.0
Rough-legged Hawk,11,2,Nov_W2,0.0326409,337.0
Rough-legged Hawk,11,3,Nov_W3,0.0491329,346.0
Rough-legged Hawk,11,4,Nov_W4,0.0162602,492.0
Rough-legged Hawk,12,1,Dec_W1,0.0132013,303.0
Rough-legged Hawk,12,2,Dec_W2,0.0119403,335.0
Rough-legged Hawk,12,3,Dec_W3,0.0293686,681.0
Rough-legged Hawk,12,4,Dec_W4,0.0383333,600.0
Eastern Screech-Owl,1,1,Jan_W1,0.0,823.0
Eastern Screech-Owl,1,2,Jan_W2,0.0,535.0
Eastern Screech-Owl,1,3,Jan_W3,0.0,472.0
Eastern Screech-Owl,1,4,Jan_W4,0.0015528,644.0
Eastern Screech-Owl,2,1,Feb_W1,0.0,490.0
Eastern Screech-Owl,2,2,Feb_W2,0.0033956,589.0
Eastern Screech-Owl,2,3,Feb_W3,0.0012706,787.0
Eastern Screech-Owl,2,4,Feb_W4,0.0046838,427.0
Eastern Screech-Owl,3,1,Mar_W1,0.0017921,558.0
Eastern Screech-Owl,3,2,Mar_W2,0.0,649.0
Eastern Screech-Owl,3,3,Mar_W3,0.0,710.0
Eastern Screech-Owl,3,4,Mar_W4,0.0015,1110.0
Eastern Screech-Owl,4,1,Apr_W1,0.0,899.0
Eastern Screech-Owl,4,2,Apr_W2,0.0015,1344.0
Eastern Screech-Owl,4,3,Apr_W3,0.0,1035.0
Eastern Screech-Owl,4,4,Apr_W4,0.0015,1332.0
Eastern Screech-Owl,5,1,May_W1,0.0015588,1283.0
Eastern Screech-Owl,5,2,May_W2,0.001297,1542.0
Eastern Screech-Owl,5,3,May_W3,0.0,1501.0
Eastern Screech-Owl,5,4,May_W4,0.0,2282.0
Eastern Screech-Owl,6,1,Jun_W1,0.0,1513.0
Eastern Screech-Owl,6,2,Jun_W2,0.0007143,1400.0
Eastern Screech-Owl,6,3,Jun_W3,0.000668,1497.0
Eastern Screech-Owl,6,4,Jun_W4,0.0006223,1607.0
Eastern Screech-Owl,7,1,Jul_W1,0.0007813,1280.0
Eastern Screech-Owl,7,2,Jul_W2,0.0015,1137.0
Eastern Screech-Owl,7,3,Jul_W3,0.0008834,1132.0
Eastern Screech-Owl,7,4,Jul_W4,0.0013812,1448.0
Eastern Screech-Owl,8,1,Aug_W1,0.001998,1001.0
Eastern Screech-Owl,8,2,Aug_W2,0.0024876,804.0
Eastern Screech-Owl,8,3,Aug_W3,0.0011962,836.0
Eastern Screech-Owl,8,4,Aug_W4,0.0028986,1035.0
Eastern Screech-Owl,9,1,Sep_W1,0.0015773,634.0
Eastern Screech-Owl,9,2,Sep_W2,0.004884,819.0
Eastern Screech-Owl,9,3,Sep_W3,0.0015221,657.0
Eastern Screech-Owl,9,4,Sep_W4,0.0,766.0
Eastern Screech-Owl,10,1,Oct_W1,0.0,505.0
Eastern Screech-Owl,10,2,Oct_W2,0.0052817,568.0
Eastern Screech-Owl,10,3,Oct_W3,0.0015,523.0
Eastern Screech-Owl,10,4,Oct_W4,0.0015823,632.0
Eastern Screech-Owl,11,1,Nov_W1,0.0054201,369.0
Eastern Screech-Owl,11,2,Nov_W2,0.0029674,337.0
Eastern Screech-Owl,11,3,Nov_W3,0.0,346.0
Eastern Screech-Owl,11,4,Nov_W4,0.004065,492.0
Eastern Screech-Owl,12,1,Dec_W1,0.0033003,303.0
Eastern Screech-Owl,12,2,Dec_W2,0.0,335.0
Eastern Screech-Owl,12,3,Dec_W3,0.0058737,681.0
Eastern Screech-Owl,12,4,Dec_W4,0.0016667,600.0
Snowy Owl,1,1,Jan_W1,0.0121507,823.0
Snowy Owl,1,2,Jan_W2,0.0093458,535.0
Snowy Owl,1,3,Jan_W3,0.0169492,472.0
Snowy Owl,1,4,Jan_W4,0.0093168,644.0
Snowy Owl,2,1,Feb_W1,0.0020408,490.0
Snowy Owl,2,2,Feb_W2,0.0118846,589.0
Snowy Owl,2,3,Feb_W3,0.0050826,787.0
Snowy Owl,2,4,Feb_W4,0.0070258,427.0
Snowy Owl,3,1,Mar_W1,0.0053763,558.0
Snowy Owl,3,2,Mar_W2,0.0061633,649.0
Snowy Owl,3,3,Mar_W3,0.0015,710.0
Snowy Owl,3,4,Mar_W4,0.0009009,1110.0
Snowy Owl,4,1,Apr_W1,0.0022247,899.0
Snowy Owl,4,2,Apr_W2,0.000744,1344.0
Snowy Owl,4,3,Apr_W3,0.0019324,1035.0
Snowy Owl,4,4,Apr_W4,0.0007508,1332.0
Snowy Owl,5,1,May_W1,0.0007794,1283.0
Snowy Owl,5,2,May_W2,0.0006485,1542.0
Snowy Owl,5,3,May_W3,0.0,1501.0
Snowy Owl,5,4,May_W4,0.0,2282.0
Snowy Owl,6,1,Jun_W1,0.0,1513.0
Snowy Owl,6,2,Jun_W2,0.0,1400.0
Snowy Owl,6,3,Jun_W3,0.0,1497.0
Snowy Owl,6,4,Jun_W4,0.0,1607.0
Snowy Owl,7,1,Jul_W1,0.0,1280.0
Snowy Owl,7,2,Jul_W2,0.0,1137.0
Snowy Owl,7,3,Jul_W3,0.0,1132.0
Snowy Owl,7,4,Jul_W4,0.0,1448.0
Snowy Owl,8,1,Aug_W1,0.0,1001.0
Snowy Owl,8,2,Aug_W2,0.0,804.0
Snowy Owl,8,3,Aug_W3,0.0,836.0
Snowy Owl,8,4,Aug_W4,0.0,1035.0
Snowy Owl,9,1,Sep_W1,0.0,634.0
Snowy Owl,9,2,Sep_W2,0.0,819.0
Snowy Owl,9,3,Sep_W3,0.0,657.0
Snowy Owl,9,4,Sep_W4,0.0,766.0
Snowy Owl,10,1,Oct_W1,0.0,505.0
Snowy Owl,10,2,Oct_W2,0.0,568.0
Snowy Owl,10,3,Oct_W3,0.0,523.0
Snowy Owl,10,4,Oct_W4,0.0015823,632.0
Snowy Owl,11,1,Nov_W1,0.0,369.0
Snowy Owl,11,2,Nov_W2,0.0,337.0
Snowy Owl,11,3,Nov_W3,0.0,346.0
Snowy Owl,11,4,Nov_W4,0.0060976,492.0
Snowy Owl,12,1,Dec_W1,0.0264026,303.0
Snowy Owl,12,2,Dec_W2,0.0208955,335.0
Snowy Owl,12,3,Dec_W3,0.0029369,681.0
Snowy Owl,12,4,Dec_W4,0.035,600.0
Great Horned Owl,1,1,Jan_W1,0.0048603,823.0
Great Horned Owl,1,2,Jan_W2,0.0018692,535.0
Great Horned Owl,1,3,Jan_W3,0.0021186,472.0
Great Horned Owl,1,4,Jan_W4,0.0046584,644.0
Great Horned Owl,2,1,Feb_W1,0.0,490.0
Great Horned Owl,2,2,Feb_W2,0.0067912,589.0
Great Horned Owl,2,3,Feb_W3,0.0038119,787.0
Great Horned Owl,2,4,Feb_W4,0.0023419,427.0
Great Horned Owl,3,1,Mar_W1,0.0017921,558.0
Great Horned Owl,3,2,Mar_W2,0.0046225,649.0
Great Horned Owl,3,3,Mar_W3,0.0056338,710.0
Great Horned Owl,3,4,Mar_W4,0.0045045,1110.0
Great Horned Owl,4,1,Apr_W1,0.0022247,899.0
Great Horned Owl,4,2,Apr_W2,0.0014881,1344.0
Great Horned Owl,4,3,Apr_W3,0.0009662,1035.0
Great Horned Owl,4,4,Apr_W4,0.0022523,1332.0
Great Horned Owl,5,1,May_W1,0.0015588,1283.0
Great Horned Owl,5,2,May_W2,0.002594,1542.0
Great Horned Owl,5,3,May_W3,0.0079947,1501.0
Great Horned Owl,5,4,May_W4,0.0017528,2282.0
Great Horned Owl,6,1,Jun_W1,0.0019828,1513.0
Great Horned Owl,6,2,Jun_W2,0.0014286,1400.0
Great Horned Owl,6,3,Jun_W3,0.000668,1497.0
Great Horned Owl,6,4,Jun_W4,0.0018668,1607.0
Great Horned Owl,7,1,Jul_W1,0.0007813,1280.0
Great Horned Owl,7,2,Jul_W2,0.0026385,1137.0
Great Horned Owl,7,3,Jul_W3,0.0,1132.0
Great Horned Owl,7,4,Jul_W4,0.0006906,1448.0
Great Horned Owl,8,1,Aug_W1,0.002997,1001.0
Great Horned Owl,8,2,Aug_W2,0.0015,804.0
Great Horned Owl,8,3,Aug_W3,0.0011962,836.0
Great Horned Owl,8,4,Aug_W4,0.0038647,1035.0
Great Horned Owl,9,1,Sep_W1,0.0047319,634.0
Great Horned Owl,9,2,Sep_W2,0.002442,819.0
Great Horned Owl,9,3,Sep_W3,0.0,657.0
Great Horned Owl,9,4,Sep_W4,0.0052219,766.0
Great Horned Owl,10,1,Oct_W1,0.0015,505.0
Great Horned Owl,10,2,Oct_W2,0.0017606,568.0
Great Horned Owl,10,3,Oct_W3,0.0038241,523.0
Great Horned Owl,10,4,Oct_W4,0.0015823,632.0
Great Horned Owl,11,1,Nov_W1,0.0015,369.0
Great Horned Owl,11,2,Nov_W2,0.0059347,337.0
Great Horned Owl,11,3,Nov_W3,0.0,346.0
Great Horned Owl,11,4,Nov_W4,0.0020325,492.0
Great Horned Owl,12,1,Dec_W1,0.0066007,303.0
Great Horned Owl,12,2,Dec_W2,0.0,335.0
Great Horned Owl,12,3,Dec_W3,0.0,681.0
Great Horned Owl,12,4,Dec_W4,0.0016667,600.0
Barred Owl,1,1,Jan_W1,0.0121507,823.0
Barred Owl,1,2,Jan_W2,0.0074766,535.0
Barred Owl,1,3,Jan_W3,0.0042373,472.0
Barred Owl,1,4,Jan_W4,0.0062112,644.0
Barred Owl,2,1,Feb_W1,0.0040816,490.0
Barred Owl,2,2,Feb_W2,0.008489,589.0
Barred Owl,2,3,Feb_W3,0.0050826,787.0
Barred Owl,2,4,Feb_W4,0.0140515,427.0
Barred Owl,3,1,Mar_W1,0.0125448,558.0
Barred Owl,3,2,Mar_W2,0.0123267,649.0
Barred Owl,3,3,Mar_W3,0.015493,710.0
Barred Owl,3,4,Mar_W4,0.0135135,1110.0
Barred Owl,4,1,Apr_W1,0.0266963,899.0
Barred Owl,4,2,Apr_W2,0.0193452,1344.0
Barred Owl,4,3,Apr_W3,0.0299517,1035.0
Barred Owl,4,4,Apr_W4,0.0202703,1332.0
Barred Owl,5,1,May_W1,0.0374123,1283.0
Barred Owl,5,2,May_W2,0.0239948,1542.0
Barred Owl,5,3,May_W3,0.0253165,1501.0
Barred Owl,5,4,May_W4,0.0157756,2282.0
Barred Owl,6,1,Jun_W1,0.0178453,1513.0
Barred Owl,6,2,Jun_W2,0.0185714,1400.0
Barred Owl,6,3,Jun_W3,0.0146961,1497.0
Barred Owl,6,4,Jun_W4,0.0124456,1607.0
Barred Owl,7,1,Jul_W1,0.0140625,1280.0
Barred Owl,7,2,Jul_W2,0.0175901,1137.0
Barred Owl,7,3,Jul_W3,0.024735,1132.0
Barred Owl,7,4,Jul_W4,0.0234807,1448.0
Barred Owl,8,1,Aug_W1,0.015984,1001.0
Barred Owl,8,2,Aug_W2,0.0298507,804.0
Barred Owl,8,3,Aug_W3,0.0239234,836.0
Barred Owl,8,4,Aug_W4,0.0251208,1035.0
Barred Owl,9,1,Sep_W1,0.0252366,634.0
Barred Owl,9,2,Sep_W2,0.034188,819.0
Barred Owl,9,3,Sep_W3,0.0350076,657.0
Barred Owl,9,4,Sep_W4,0.0248042,766.0
Barred Owl,10,1,Oct_W1,0.0277228,505.0
Barred Owl,10,2,Oct_W2,0.0264085,568.0
Barred Owl,10,3,Oct_W3,0.0076482,523.0
Barred Owl,10,4,Oct_W4,0.0142405,632.0
Barred Owl,11,1,Nov_W1,0.0054201,369.0
Barred Owl,11,2,Nov_W2,0.0148368,337.0
Barred Owl,11,3,Nov_W3,0.0015,346.0
Barred Owl,11,4,Nov_W4,0.0060976,492.0
Barred Owl,12,1,Dec_W1,0.0066007,303.0
Barred Owl,12,2,Dec_W2,0.0089552,335.0
Barred Owl,12,3,Dec_W3,0.0234949,681.0
Barred Owl,12,4,Dec_W4,0.0216667,600.0
Great Gray Owl,1,1,Jan_W1,0.0,823.0
Great Gray Owl,1,2,Jan_W2,0.0,535.0
Great Gray Owl,1,3,Jan_W3,0.0,472.0
Great Gray Owl,1,4,Jan_W4,0.0,644.0
Great Gray Owl,2,1,Feb_W1,0.0,490.0
Great Gray Owl,2,2,Feb_W2,0.0,589.0
Great Gray Owl,2,3,Feb_W3,0.0015,787.0
Great Gray Owl,2,4,Feb_W4,0.0,427.0
Great Gray Owl,3,1,Mar_W1,0.0,558.0
Great Gray Owl,3,2,Mar_W2,0.0,649.0
Great Gray Owl,3,3,Mar_W3,0.0,710.0
Great Gray Owl,3,4,Mar_W4,0.0,1110.0
Great Gray Owl,4,1,Apr_W1,0.0,899.0
Great Gray Owl,4,2,Apr_W2,0.0,1344.0
Great Gray Owl,4,3,Apr_W3,0.0,1035.0
Great Gray Owl,4,4,Apr_W4,0.0,1332.0
Great Gray Owl,5,1,May_W1,0.0,1283.0
Great Gray Owl,5,2,May_W2,0.0,1542.0
Great Gray Owl,5,3,May_W3,0.0,1501.0
Great Gray Owl,5,4,May_W4,0.0,2282.0
Great Gray Owl,6,1,Jun_W1,0.0,1513.0
Great Gray Owl,6,2,Jun_W2,0.0,1400.0
Great Gray Owl,6,3,Jun_W3,0.0,1497.0
Great Gray Owl,6,4,Jun_W4,0.0,1607.0
Great Gray Owl,7,1,Jul_W1,0.0,1280.0
Great Gray Owl,7,2,Jul_W2,0.0,1137.0
Great Gray Owl,7,3,Jul_W3,0.0,1132.0
Great Gray Owl,7,4,Jul_W4,0.0,1448.0
Great Gray Owl,8,1,Aug_W1,0.0,1001.0
Great Gray Owl,8,2,Aug_W2,0.0,804.0
Great Gray Owl,8,3,Aug_W3,0.0,836.0
Great Gray Owl,8,4,Aug_W4,0.0,1035.0
Great Gray Owl,9,1,Sep_W1,0.0,634.0
Great Gray Owl,9,2,Sep_W2,0.0,819.0
Great Gray Owl,9,3,Sep_W3,0.0,657.0
Great Gray Owl,9,4,Sep_W4,0.0,766.0
Great Gray Owl,10,1,Oct_W1,0.0,505.0
Great Gray Owl,10,2,Oct_W2,0.0,568.0
Great Gray Owl,10,3,Oct_W3,0.0,523.0
Great Gray Owl,10,4,Oct_W4,0.0,632.0
Great Gray Owl,11,1,Nov_W1,0.0,369.0
Great Gray Owl,11,2,Nov_W2,0.0,337.0
Great Gray Owl,11,3,Nov_W3,0.0,346.0
Great Gray Owl,11,4,Nov_W4,0.0,492.0
Great Gray Owl,12,1,Dec_W1,0.0,303.0
Great Gray Owl,12,2,Dec_W2,0.0,335.0
Great Gray Owl,12,3,Dec_W3,0.0,681.0
Great Gray Owl,12,4,Dec_W4,0.0,600.0
Long-eared Owl,1,1,Jan_W1,0.0,823.0
Long-eared Owl,1,2,Jan_W2,0.0,535.0
Long-eared Owl,1,3,Jan_W3,0.0,472.0
Long-eared Owl,1,4,Jan_W4,0.0,644.0
Long-eared Owl,2,1,Feb_W1,0.0,490.0
Long-eared Owl,2,2,Feb_W2,0.0,589.0
Long-eared Owl,2,3,Feb_W3,0.0,787.0
Long-eared Owl,2,4,Feb_W4,0.0,427.0
Long-eared Owl,3,1,Mar_W1,0.0,558.0
Long-eared Owl,3,2,Mar_W2,0.0015408,649.0
Long-eared Owl,3,3,Mar_W3,0.0,710.0
Long-eared Owl,3,4,Mar_W4,0.0,1110.0
Long-eared Owl,4,1,Apr_W1,0.0,899.0
Long-eared Owl,4,2,Apr_W2,0.0,1344.0
Long-eared Owl,4,3,Apr_W3,0.0,1035.0
Long-eared Owl,4,4,Apr_W4,0.0,1332.0
Long-eared Owl,5,1,May_W1,0.0,1283.0
Long-eared Owl,5,2,May_W2,0.0,1542.0
Long-eared Owl,5,3,May_W3,0.0,1501.0
Long-eared Owl,5,4,May_W4,0.0,2282.0
Long-eared Owl,6,1,Jun_W1,0.0,1513.0
Long-eared Owl,6,2,Jun_W2,0.0,1400.0
Long-eared Owl,6,3,Jun_W3,0.0,1497.0
Long-eared Owl,6,4,Jun_W4,0.0,1607.0
Long-eared Owl,7,1,Jul_W1,0.0,1280.0
Long-eared Owl,7,2,Jul_W2,0.0,1137.0
Long-eared Owl,7,3,Jul_W3,0.0,1132.0
Long-eared Owl,7,4,Jul_W4,0.0015,1448.0
Long-eared Owl,8,1,Aug_W1,0.0,1001.0
Long-eared Owl,8,2,Aug_W2,0.0,804.0
Long-eared Owl,8,3,Aug_W3,0.0,836.0
Long-eared Owl,8,4,Aug_W4,0.0,1035.0
Long-eared Owl,9,1,Sep_W1,0.0,634.0
Long-eared Owl,9,2,Sep_W2,0.0,819.0
Long-eared Owl,9,3,Sep_W3,0.0,657.0
Long-eared Owl,9,4,Sep_W4,0.0,766.0
Long-eared Owl,10,1,Oct_W1,0.0,505.0
Long-eared Owl,10,2,Oct_W2,0.0,568.0
Long-eared Owl,10,3,Oct_W3,0.0,523.0
Long-eared Owl,10,4,Oct_W4,0.0,632.0
Long-eared Owl,11,1,Nov_W1,0.0,369.0
Long-eared Owl,11,2,Nov_W2,0.0,337.0
Long-eared Owl,11,3,Nov_W3,0.0,346.0
Long-eared Owl,11,4,Nov_W4,0.0,492.0
Long-eared Owl,12,1,Dec_W1,0.0,303.0
Long-eared Owl,12,2,Dec_W2,0.0,335.0
Long-eared Owl,12,3,Dec_W3,0.0,681.0
Long-eared Owl,12,4,Dec_W4,0.0,600.0
Short-eared Owl,1,1,Jan_W1,0.0,823.0
Short-eared Owl,1,2,Jan_W2,0.0,535.0
Short-eared Owl,1,3,Jan_W3,0.0,472.0
Short-eared Owl,1,4,Jan_W4,0.0,644.0
Short-eared Owl,2,1,Feb_W1,0.0,490.0
Short-eared Owl,2,2,Feb_W2,0.0,589.0
Short-eared Owl,2,3,Feb_W3,0.0,787.0
Short-eared Owl,2,4,Feb_W4,0.0,427.0
Short-eared Owl,3,1,Mar_W1,0.0,558.0
Short-eared Owl,3,2,Mar_W2,0.0,649.0
Short-eared Owl,3,3,Mar_W3,0.0,710.0
Short-eared Owl,3,4,Mar_W4,0.0,1110.0
Short-eared Owl,4,1,Apr_W1,0.0,899.0
Short-eared Owl,4,2,Apr_W2,0.0029762,1344.0
Short-eared Owl,4,3,Apr_W3,0.0,1035.0
Short-eared Owl,4,4,Apr_W4,0.0,1332.0
Short-eared Owl,5,1,May_W1,0.0,1283.0
Short-eared Owl,5,2,May_W2,0.0,1542.0
Short-eared Owl,5,3,May_W3,0.0,1501.0
Short-eared Owl,5,4,May_W4,0.0,2282.0
Short-eared Owl,6,1,Jun_W1,0.0,1513.0
Short-eared Owl,6,2,Jun_W2,0.0,1400.0
Short-eared Owl,6,3,Jun_W3,0.0,1497.0
Short-eared Owl,6,4,Jun_W4,0.0,1607.0
Short-eared Owl,7,1,Jul_W1,0.0,1280.0
Short-eared Owl,7,2,Jul_W2,0.0,1137.0
Short-eared Owl,7,3,Jul_W3,0.0,1132.0
Short-eared Owl,7,4,Jul_W4,0.0,1448.0
Short-eared Owl,8,1,Aug_W1,0.0,1001.0
Short-eared Owl,8,2,Aug_W2,0.0,804.0
Short-eared Owl,8,3,Aug_W3,0.0,836.0
Short-eared Owl,8,4,Aug_W4,0.0,1035.0
Short-eared Owl,9,1,Sep_W1,0.0,634.0
Short-eared Owl,9,2,Sep_W2,0.0,819.0
Short-eared Owl,9,3,Sep_W3,0.0,657.0
Short-eared Owl,9,4,Sep_W4,0.0,766.0
Short-eared Owl,10,1,Oct_W1,0.0,505.0
Short-eared Owl,10,2,Oct_W2,0.0,568.0
Short-eared Owl,10,3,Oct_W3,0.0057361,523.0
Short-eared Owl,10,4,Oct_W4,0.0015,632.0
Short-eared Owl,11,1,Nov_W1,0.00271,369.0
Short-eared Owl,11,2,Nov_W2,0.0,337.0
Short-eared Owl,11,3,Nov_W3,0.0,346.0
Short-eared Owl,11,4,Nov_W4,0.0,492.0
Short-eared Owl,12,1,Dec_W1,0.0,303.0
Short-eared Owl,12,2,Dec_W2,0.0,335.0
Short-eared Owl,12,3,Dec_W3,0.0,681.0
Short-eared Owl,12,4,Dec_W4,0.0,600.0
Boreal Owl,1,1,Jan_W1,0.0,823.0
Boreal Owl,1,2,Jan_W2,0.0,535.0
Boreal Owl,1,3,Jan_W3,0.0,472.0
Boreal Owl,1,4,Jan_W4,0.0,644.0
Boreal Owl,2,1,Feb_W1,0.0,490.0
Boreal Owl,2,2,Feb_W2,0.0,589.0
Boreal Owl,2,3,Feb_W3,0.0,787.0
Boreal Owl,2,4,Feb_W4,0.0023419,427.0
Boreal Owl,3,1,Mar_W1,0.0,558.0
Boreal Owl,3,2,Mar_W2,0.0,649.0
Boreal Owl,3,3,Mar_W3,0.0,710.0
Boreal Owl,3,4,Mar_W4,0.0,1110.0
Boreal Owl,4,1,Apr_W1,0.0,899.0
Boreal Owl,4,2,Apr_W2,0.0,1344.0
Boreal Owl,4,3,Apr_W3,0.0,1035.0
Boreal Owl,4,4,Apr_W4,0.0,1332.0
Boreal Owl,5,1,May_W1,0.0,1283.0
Boreal Owl,5,2,May_W2,0.0,1542.0
Boreal Owl,5,3,May_W3,0.0,1501.0
Boreal Owl,5,4,May_W4,0.0,2282.0
Boreal Owl,6,1,Jun_W1,0.0,1513.0
Boreal Owl,6,2,Jun_W2,0.0,1400.0
Boreal Owl,6,3,Jun_W3,0.0,1497.0
Boreal Owl,6,4,Jun_W4,0.0,1607.0
Boreal Owl,7,1,Jul_W1,0.0,1280.0
Boreal Owl,7,2,Jul_W2,0.0,1137.0
Boreal Owl,7,3,Jul_W3,0.0,1132.0
Boreal Owl,7,4,Jul_W4,0.0,1448.0
Boreal Owl,8,1,Aug_W1,0.0,1001.0
Boreal Owl,8,2,Aug_W2,0.0,804.0
Boreal Owl,8,3,Aug_W3,0.0,836.0
Boreal Owl,8,4,Aug_W4,0.0,1035.0
Boreal Owl,9,1,Sep_W1,0.0,634.0
Boreal Owl,9,2,Sep_W2,0.0,819.0
Boreal Owl,9,3,Sep_W3,0.0,657.0
Boreal Owl,9,4,Sep_W4,0.0,766.0
Boreal Owl,10,1,Oct_W1,0.0,505.0
Boreal Owl,10,2,Oct_W2,0.0,568.0
Boreal Owl,10,3,Oct_W3,0.0,523.0
Boreal Owl,10,4,Oct_W4,0.0,632.0
Boreal Owl,11,1,Nov_W1,0.0,369.0
Boreal Owl,11,2,Nov_W2,0.0,337.0
Boreal Owl,11,3,Nov_W3,0.0,346.0
Boreal Owl,11,4,Nov_W4,0.0,492.0
Boreal Owl,12,1,Dec_W1,0.0,303.0
Boreal Owl,12,2,Dec_W2,0.0,335.0
Boreal Owl,12,3,Dec_W3,0.0,681.0
Boreal Owl,12,4,Dec_W4,0.0,600.0
Northern Saw-whet Owl,1,1,Jan_W1,0.0015,823.0
Northern Saw-whet Owl,1,2,Jan_W2,0.0015,535.0
Northern Saw-whet Owl,1,3,Jan_W3,0.0,472.0
Northern Saw-whet Owl,1,4,Jan_W4,0.0,644.0
Northern Saw-whet Owl,2,1,Feb_W1,0.0,490.0
Northern Saw-whet Owl,2,2,Feb_W2,0.0015,589.0
Northern Saw-whet Owl,2,3,Feb_W3,0.0,787.0
Northern Saw-whet Owl,2,4,Feb_W4,0.0023419,427.0
Northern Saw-whet Owl,3,1,Mar_W1,0.0053763,558.0
Northern Saw-whet Owl,3,2,Mar_W2,0.0046225,649.0
Northern Saw-whet Owl,3,3,Mar_W3,0.0,710.0
Northern Saw-whet Owl,3,4,Mar_W4,0.0027027,1110.0
Northern Saw-whet Owl,4,1,Apr_W1,0.0022247,899.0
Northern Saw-whet Owl,4,2,Apr_W2,0.000744,1344.0
Northern Saw-whet Owl,4,3,Apr_W3,0.0015,1035.0
Northern Saw-whet Owl,4,4,Apr_W4,0.0022523,1332.0
Northern Saw-whet Owl,5,1,May_W1,0.0,1283.0
Northern Saw-whet Owl,5,2,May_W2,0.0,1542.0
Northern Saw-whet Owl,5,3,May_W3,0.0,1501.0
Northern Saw-whet Owl,5,4,May_W4,0.0,2282.0
Northern Saw-whet Owl,6,1,Jun_W1,0.0006609,1513.0
Northern Saw-whet Owl,6,2,Jun_W2,0.0,1400.0
Northern Saw-whet Owl,6,3,Jun_W3,0.0,1497.0
Northern Saw-whet Owl,6,4,Jun_W4,0.0015,1607.0
Northern Saw-whet Owl,7,1,Jul_W1,0.0,1280.0
Northern Saw-whet Owl,7,2,Jul_W2,0.0,1137.0
Northern Saw-whet Owl,7,3,Jul_W3,0.0,1132.0
Northern Saw-whet Owl,7,4,Jul_W4,0.0,1448.0
Northern Saw-whet Owl,8,1,Aug_W1,0.0,1001.0
Northern Saw-whet Owl,8,2,Aug_W2,0.0,804.0
Northern Saw-whet Owl,8,3,Aug_W3,0.0,836.0
Northern Saw-whet Owl,8,4,Aug_W4,0.0,1035.0
Northern Saw-whet Owl,9,1,Sep_W1,0.0,634.0
Northern Saw-whet Owl,9,2,Sep_W2,0.0,819.0
Northern Saw-whet Owl,9,3,Sep_W3,0.0015221,657.0
Northern Saw-whet Owl,9,4,Sep_W4,0.0,766.0
Northern Saw-whet Owl,10,1,Oct_W1,0.0019802,505.0
Northern Saw-whet Owl,10,2,Oct_W2,0.0,568.0
Northern Saw-whet Owl,10,3,Oct_W3,0.0,523.0
Northern Saw-whet Owl,10,4,Oct_W4,0.0,632.0
Northern Saw-whet Owl,11,1,Nov_W1,0.0,369.0
Northern Saw-whet Owl,11,2,Nov_W2,0.0,337.0
Northern Saw-whet Owl,11,3,Nov_W3,0.0015,346.0
Northern Saw-whet Owl,11,4,Nov_W4,0.0020325,492.0
Northern Saw-whet Owl,12,1,Dec_W1,0.0,303.0
Northern Saw-whet Owl,12,2,Dec_W2,0.0015,335.0
Northern Saw-whet Owl,12,3,Dec_W3,0.0014684,681.0
Northern Saw-whet Owl,12,4,Dec_W4,0.0016667,600.0
Belted Kingfisher,1,1,Jan_W1,0.0072904,823.0
Belted Kingfisher,1,2,Jan_W2,0.0130841,535.0
Belted Kingfisher,1,3,Jan_W3,0.0,472.0
Belted Kingfisher,1,4,Jan_W4,0.0031056,644.0
Belted Kingfisher,2,1,Feb_W1,0.0040816,490.0
Belted Kingfisher,2,2,Feb_W2,0.0016978,589.0
Belted Kingfisher,2,3,Feb_W3,0.0012706,787.0
Belted Kingfisher,2,4,Feb_W4,0.0070258,427.0
Belted Kingfisher,3,1,Mar_W1,0.0017921,558.0
Belted Kingfisher,3,2,Mar_W2,0.0061633,649.0
Belted Kingfisher,3,3,Mar_W3,0.0112676,710.0
Belted Kingfisher,3,4,Mar_W4,0.0216216,1110.0
Belted Kingfisher,4,1,Apr_W1,0.0867631,899.0
Belted Kingfisher,4,2,Apr_W2,0.1644345,1344.0
Belted Kingfisher,4,3,Apr_W3,0.1922705,1035.0
Belted Kingfisher,4,4,Apr_W4,0.2042042,1332.0
Belted Kingfisher,5,1,May_W1,0.1590023,1283.0
Belted Kingfisher,5,2,May_W2,0.1212711,1542.0
Belted Kingfisher,5,3,May_W3,0.0932712,1501.0
Belted Kingfisher,5,4,May_W4,0.0898335,2282.0
Belted Kingfisher,6,1,Jun_W1,0.0680767,1513.0
Belted Kingfisher,6,2,Jun_W2,0.115,1400.0
Belted Kingfisher,6,3,Jun_W3,0.0921844,1497.0
Belted Kingfisher,6,4,Jun_W4,0.1113877,1607.0
Belted Kingfisher,7,1,Jul_W1,0.1226562,1280.0
Belted Kingfisher,7,2,Jul_W2,0.1486368,1137.0
Belted Kingfisher,7,3,Jul_W3,0.1687279,1132.0
Belted Kingfisher,7,4,Jul_W4,0.198895,1448.0
Belted Kingfisher,8,1,Aug_W1,0.2067932,1001.0
Belted Kingfisher,8,2,Aug_W2,0.1902985,804.0
Belted Kingfisher,8,3,Aug_W3,0.2141148,836.0
Belted Kingfisher,8,4,Aug_W4,0.1951691,1035.0
Belted Kingfisher,9,1,Sep_W1,0.2003155,634.0
Belted Kingfisher,9,2,Sep_W2,0.1746032,819.0
Belted Kingfisher,9,3,Sep_W3,0.1567732,657.0
Belted Kingfisher,9,4,Sep_W4,0.1436031,766.0
Belted Kingfisher,10,1,Oct_W1,0.150495,505.0
Belted Kingfisher,10,2,Oct_W2,0.0985915,568.0
Belted Kingfisher,10,3,Oct_W3,0.0554493,523.0
Belted Kingfisher,10,4,Oct_W4,0.0316456,632.0
Belted Kingfisher,11,1,Nov_W1,0.0189702,369.0
Belted Kingfisher,11,2,Nov_W2,0.0207715,337.0
Belted Kingfisher,11,3,Nov_W3,0.017341,346.0
Belted Kingfisher,11,4,Nov_W4,0.0020325,492.0
Belted Kingfisher,12,1,Dec_W1,0.0033003,303.0
Belted Kingfisher,12,2,Dec_W2,0.0238806,335.0
Belted Kingfisher,12,3,Dec_W3,0.0176211,681.0
Belted Kingfisher,12,4,Dec_W4,0.0166667,600.0
Yellow-bellied Sapsucker,1,1,Jan_W1,0.0,823.0
Yellow-bellied Sapsucker,1,2,Jan_W2,0.0,535.0
Yellow-bellied Sapsucker,1,3,Jan_W3,0.0,472.0
Yellow-bellied Sapsucker,1,4,Jan_W4,0.0015,644.0
Yellow-bellied Sapsucker,2,1,Feb_W1,0.0015,490.0
Yellow-bellied Sapsucker,2,2,Feb_W2,0.0016978,589.0
Yellow-bellied Sapsucker,2,3,Feb_W3,0.0012706,787.0
Yellow-bellied Sapsucker,2,4,Feb_W4,0.0,427.0
Yellow-bellied Sapsucker,3,1,Mar_W1,0.0,558.0
Yellow-bellied Sapsucker,3,2,Mar_W2,0.0015408,649.0
Yellow-bellied Sapsucker,3,3,Mar_W3,0.0014085,710.0
Yellow-bellied Sapsucker,3,4,Mar_W4,0.0018018,1110.0
Yellow-bellied Sapsucker,4,1,Apr_W1,0.0300334,899.0
Yellow-bellied Sapsucker,4,2,Apr_W2,0.108631,1344.0
Yellow-bellied Sapsucker,4,3,Apr_W3,0.1816425,1035.0
Yellow-bellied Sapsucker,4,4,Apr_W4,0.1509009,1332.0
Yellow-bellied Sapsucker,5,1,May_W1,0.1371785,1283.0
Yellow-bellied Sapsucker,5,2,May_W2,0.1335927,1542.0
Yellow-bellied Sapsucker,5,3,May_W3,0.1025983,1501.0
Yellow-bellied Sapsucker,5,4,May_W4,0.0740578,2282.0
Yellow-bellied Sapsucker,6,1,Jun_W1,0.053536,1513.0
Yellow-bellied Sapsucker,6,2,Jun_W2,0.05,1400.0
Yellow-bellied Sapsucker,6,3,Jun_W3,0.0601202,1497.0
Yellow-bellied Sapsucker,6,4,Jun_W4,0.0665837,1607.0
Yellow-bellied Sapsucker,7,1,Jul_W1,0.0742188,1280.0
Yellow-bellied Sapsucker,7,2,Jul_W2,0.058927,1137.0
Yellow-bellied Sapsucker,7,3,Jul_W3,0.04947,1132.0
Yellow-bellied Sapsucker,7,4,Jul_W4,0.0428177,1448.0
Yellow-bellied Sapsucker,8,1,Aug_W1,0.042957,1001.0
Yellow-bellied Sapsucker,8,2,Aug_W2,0.0348259,804.0
Yellow-bellied Sapsucker,8,3,Aug_W3,0.0334928,836.0
Yellow-bellied Sapsucker,8,4,Aug_W4,0.0415459,1035.0
Yellow-bellied Sapsucker,9,1,Sep_W1,0.033123,634.0
Yellow-bellied Sapsucker,9,2,Sep_W2,0.039072,819.0
Yellow-bellied Sapsucker,9,3,Sep_W3,0.0593607,657.0
Yellow-bellied Sapsucker,9,4,Sep_W4,0.0678851,766.0
Yellow-bellied Sapsucker,10,1,Oct_W1,0.029703,505.0
Yellow-bellied Sapsucker,10,2,Oct_W2,0.0088028,568.0
Yellow-bellied Sapsucker,10,3,Oct_W3,0.001912,523.0
Yellow-bellied Sapsucker,10,4,Oct_W4,0.0,632.0
Yellow-bellied Sapsucker,11,1,Nov_W1,0.0,369.0
Yellow-bellied Sapsucker,11,2,Nov_W2,0.0,337.0
Yellow-bellied Sapsucker,11,3,Nov_W3,0.0028902,346.0
Yellow-bellied Sapsucker,11,4,Nov_W4,0.0,492.0
Yellow-bellied Sapsucker,12,1,Dec_W1,0.0015,303.0
Yellow-bellied Sapsucker,12,2,Dec_W2,0.0,335.0
Yellow-bellied Sapsucker,12,3,Dec_W3,0.0,681.0
Yellow-bellied Sapsucker,12,4,Dec_W4,0.0,600.0
Red-headed Woodpecker,1,1,Jan_W1,0.0036452,823.0
Red-headed Woodpecker,1,2,Jan_W2,0.0037383,535.0
Red-headed Woodpecker,1,3,Jan_W3,0.0021186,472.0
Red-headed Woodpecker,1,4,Jan_W4,0.0124224,644.0
Red-headed Woodpecker,2,1,Feb_W1,0.0020408,490.0
Red-headed Woodpecker,2,2,Feb_W2,0.0,589.0
Red-headed Woodpecker,2,3,Feb_W3,0.0038119,787.0
Red-headed Woodpecker,2,4,Feb_W4,0.0023419,427.0
Red-headed Woodpecker,3,1,Mar_W1,0.0,558.0
Red-headed Woodpecker,3,2,Mar_W2,0.0030817,649.0
Red-headed Woodpecker,3,3,Mar_W3,0.0,710.0
Red-headed Woodpecker,3,4,Mar_W4,0.0,1110.0
Red-headed Woodpecker,4,1,Apr_W1,0.0022247,899.0
Red-headed Woodpecker,4,2,Apr_W2,0.0052083,1344.0
Red-headed Woodpecker,4,3,Apr_W3,0.0009662,1035.0
Red-headed Woodpecker,4,4,Apr_W4,0.006006,1332.0
Red-headed Woodpecker,5,1,May_W1,0.0140296,1283.0
Red-headed Woodpecker,5,2,May_W2,0.0337224,1542.0
Red-headed Woodpecker,5,3,May_W3,0.0459694,1501.0
Red-headed Woodpecker,5,4,May_W4,0.0411919,2282.0
Red-headed Woodpecker,6,1,Jun_W1,0.0198282,1513.0
Red-headed Woodpecker,6,2,Jun_W2,0.0228571,1400.0
Red-headed Woodpecker,6,3,Jun_W3,0.0233801,1497.0
Red-headed Woodpecker,6,4,Jun_W4,0.0174238,1607.0
Red-headed Woodpecker,7,1,Jul_W1,0.0203125,1280.0
Red-headed Woodpecker,7,2,Jul_W2,0.0228672,1137.0
Red-headed Woodpecker,7,3,Jul_W3,0.0141343,1132.0
Red-headed Woodpecker,7,4,Jul_W4,0.0227901,1448.0
Red-headed Woodpecker,8,1,Aug_W1,0.026973,1001.0
Red-headed Woodpecker,8,2,Aug_W2,0.0136816,804.0
Red-headed Woodpecker,8,3,Aug_W3,0.0251196,836.0
Red-headed Woodpecker,8,4,Aug_W4,0.0299517,1035.0
Red-headed Woodpecker,9,1,Sep_W1,0.0252366,634.0
Red-headed Woodpecker,9,2,Sep_W2,0.025641,819.0
Red-headed Woodpecker,9,3,Sep_W3,0.0091324,657.0
Red-headed Woodpecker,9,4,Sep_W4,0.0182768,766.0
Red-headed Woodpecker,10,1,Oct_W1,0.0079208,505.0
Red-headed Woodpecker,10,2,Oct_W2,0.0140845,568.0
Red-headed Woodpecker,10,3,Oct_W3,0.0015,523.0
Red-headed Woodpecker,10,4,Oct_W4,0.0015823,632.0
Red-headed Woodpecker,11,1,Nov_W1,0.00271,369.0
Red-headed Woodpecker,11,2,Nov_W2,0.0029674,337.0
Red-headed Woodpecker,11,3,Nov_W3,0.0015,346.0
Red-headed Woodpecker,11,4,Nov_W4,0.0015,492.0
Red-headed Woodpecker,12,1,Dec_W1,0.0,303.0
Red-headed Woodpecker,12,2,Dec_W2,0.0029851,335.0
Red-headed Woodpecker,12,3,Dec_W3,0.0058737,681.0
Red-headed Woodpecker,12,4,Dec_W4,0.0,600.0
Red-bellied Woodpecker,1,1,Jan_W1,0.2782503,823.0
Red-bellied Woodpecker,1,2,Jan_W2,0.271028,535.0
Red-bellied Woodpecker,1,3,Jan_W3,0.3411017,472.0
Red-bellied Woodpecker,1,4,Jan_W4,0.3509317,644.0
Red-bellied Woodpecker,2,1,Feb_W1,0.2979592,490.0
Red-bellied Woodpecker,2,2,Feb_W2,0.3599321,589.0
Red-bellied Woodpecker,2,3,Feb_W3,0.386277,787.0
Red-bellied Woodpecker,2,4,Feb_W4,0.4028103,427.0
Red-bellied Woodpecker,3,1,Mar_W1,0.3422939,558.0
Red-bellied Woodpecker,3,2,Mar_W2,0.2927581,649.0
Red-bellied Woodpecker,3,3,Mar_W3,0.2971831,710.0
Red-bellied Woodpecker,3,4,Mar_W4,0.2756757,1110.0
Red-bellied Woodpecker,4,1,Apr_W1,0.2636263,899.0
Red-bellied Woodpecker,4,2,Apr_W2,0.2306548,1344.0
Red-bellied Woodpecker,4,3,Apr_W3,0.2647343,1035.0
Red-bellied Woodpecker,4,4,Apr_W4,0.2665165,1332.0
Red-bellied Woodpecker,5,1,May_W1,0.3070928,1283.0
Red-bellied Woodpecker,5,2,May_W2,0.3190661,1542.0
Red-bellied Woodpecker,5,3,May_W3,0.3077948,1501.0
Red-bellied Woodpecker,5,4,May_W4,0.27695,2282.0
Red-bellied Woodpecker,6,1,Jun_W1,0.2280238,1513.0
Red-bellied Woodpecker,6,2,Jun_W2,0.1964286,1400.0
Red-bellied Woodpecker,6,3,Jun_W3,0.1456246,1497.0
Red-bellied Woodpecker,6,4,Jun_W4,0.1698818,1607.0
Red-bellied Woodpecker,7,1,Jul_W1,0.1554687,1280.0
Red-bellied Woodpecker,7,2,Jul_W2,0.1459982,1137.0
Red-bellied Woodpecker,7,3,Jul_W3,0.1280919,1132.0
Red-bellied Woodpecker,7,4,Jul_W4,0.1236188,1448.0
Red-bellied Woodpecker,8,1,Aug_W1,0.1348651,1001.0
Red-bellied Woodpecker,8,2,Aug_W2,0.1218905,804.0
Red-bellied Woodpecker,8,3,Aug_W3,0.1220096,836.0
Red-bellied Woodpecker,8,4,Aug_W4,0.1111111,1035.0
Red-bellied Woodpecker,9,1,Sep_W1,0.1561514,634.0
Red-bellied Woodpecker,9,2,Sep_W2,0.2063492,819.0
Red-bellied Woodpecker,9,3,Sep_W3,0.2557078,657.0
Red-bellied Woodpecker,9,4,Sep_W4,0.3002611,766.0
Red-bellied Woodpecker,10,1,Oct_W1,0.2910891,505.0
Red-bellied Woodpecker,10,2,Oct_W2,0.290493,568.0
Red-bellied Woodpecker,10,3,Oct_W3,0.2829828,523.0
Red-bellied Woodpecker,10,4,Oct_W4,0.278481,632.0
Red-bellied Woodpecker,11,1,Nov_W1,0.2710027,369.0
Red-bellied Woodpecker,11,2,Nov_W2,0.2997033,337.0
Red-bellied Woodpecker,11,3,Nov_W3,0.3236994,346.0
Red-bellied Woodpecker,11,4,Nov_W4,0.2642276,492.0
Red-bellied Woodpecker,12,1,Dec_W1,0.330033,303.0
Red-bellied Woodpecker,12,2,Dec_W2,0.3671642,335.0
Red-bellied Woodpecker,12,3,Dec_W3,0.2848752,681.0
Red-bellied Woodpecker,12,4,Dec_W4,0.2783333,600.0
Downy Woodpecker,1,1,Jan_W1,0.3232078,823.0
Downy Woodpecker,1,2,Jan_W2,0.3626168,535.0
Downy Woodpecker,1,3,Jan_W3,0.4025424,472.0
Downy Woodpecker,1,4,Jan_W4,0.4208075,644.0
Downy Woodpecker,2,1,Feb_W1,0.4387755,490.0
Downy Woodpecker,2,2,Feb_W2,0.4159593,589.0
Downy Woodpecker,2,3,Feb_W3,0.4675985,787.0
Downy Woodpecker,2,4,Feb_W4,0.4637002,427.0
Downy Woodpecker,3,1,Mar_W1,0.3942652,558.0
Downy Woodpecker,3,2,Mar_W2,0.3251156,649.0
Downy Woodpecker,3,3,Mar_W3,0.328169,710.0
Downy Woodpecker,3,4,Mar_W4,0.2711712,1110.0
Downy Woodpecker,4,1,Apr_W1,0.2591769,899.0
Downy Woodpecker,4,2,Apr_W2,0.21875,1344.0
Downy Woodpecker,4,3,Apr_W3,0.2183575,1035.0
Downy Woodpecker,4,4,Apr_W4,0.2064565,1332.0
Downy Woodpecker,5,1,May_W1,0.2065472,1283.0
Downy Woodpecker,5,2,May_W2,0.1796368,1542.0
Downy Woodpecker,5,3,May_W3,0.1372418,1501.0
Downy Woodpecker,5,4,May_W4,0.1025416,2282.0
Downy Woodpecker,6,1,Jun_W1,0.0925314,1513.0
Downy Woodpecker,6,2,Jun_W2,0.085,1400.0
Downy Woodpecker,6,3,Jun_W3,0.0814963,1497.0
Downy Woodpecker,6,4,Jun_W4,0.1225887,1607.0
Downy Woodpecker,7,1,Jul_W1,0.1351563,1280.0
Downy Woodpecker,7,2,Jul_W2,0.1380827,1137.0
Downy Woodpecker,7,3,Jul_W3,0.1519435,1132.0
Downy Woodpecker,7,4,Jul_W4,0.1754144,1448.0
Downy Woodpecker,8,1,Aug_W1,0.1968032,1001.0
Downy Woodpecker,8,2,Aug_W2,0.1865672,804.0
Downy Woodpecker,8,3,Aug_W3,0.222488,836.0
Downy Woodpecker,8,4,Aug_W4,0.2019324,1035.0
Downy Woodpecker,9,1,Sep_W1,0.2365931,634.0
Downy Woodpecker,9,2,Sep_W2,0.2576313,819.0
Downy Woodpecker,9,3,Sep_W3,0.2998478,657.0
Downy Woodpecker,9,4,Sep_W4,0.3002611,766.0
Downy Woodpecker,10,1,Oct_W1,0.2990099,505.0
Downy Woodpecker,10,2,Oct_W2,0.278169,568.0
Downy Woodpecker,10,3,Oct_W3,0.2887189,523.0
Downy Woodpecker,10,4,Oct_W4,0.3212025,632.0
Downy Woodpecker,11,1,Nov_W1,0.303523,369.0
Downy Woodpecker,11,2,Nov_W2,0.4035608,337.0
Downy Woodpecker,11,3,Nov_W3,0.3728324,346.0
Downy Woodpecker,11,4,Nov_W4,0.3678862,492.0
Downy Woodpecker,12,1,Dec_W1,0.4521452,303.0
Downy Woodpecker,12,2,Dec_W2,0.438806,335.0
Downy Woodpecker,12,3,Dec_W3,0.3215859,681.0
Downy Woodpecker,12,4,Dec_W4,0.3333333,600.0
Hairy Woodpecker,1,1,Jan_W1,0.2770352,823.0
Hairy Woodpecker,1,2,Jan_W2,0.3401869,535.0
Hairy Woodpecker,1,3,Jan_W3,0.3411017,472.0
Hairy Woodpecker,1,4,Jan_W4,0.3742236,644.0
Hairy Woodpecker,2,1,Feb_W1,0.3857143,490.0
Hairy Woodpecker,2,2,Feb_W2,0.3650255,589.0
Hairy Woodpecker,2,3,Feb_W3,0.3811944,787.0
Hairy Woodpecker,2,4,Feb_W4,0.4004684,427.0
Hairy Woodpecker,3,1,Mar_W1,0.3602151,558.0
Hairy Woodpecker,3,2,Mar_W2,0.2804314,649.0
Hairy Woodpecker,3,3,Mar_W3,0.2478873,710.0
Hairy Woodpecker,3,4,Mar_W4,0.2279279,1110.0
Hairy Woodpecker,4,1,Apr_W1,0.2191324,899.0
Hairy Woodpecker,4,2,Apr_W2,0.1875,1344.0
Hairy Woodpecker,4,3,Apr_W3,0.2144928,1035.0
Hairy Woodpecker,4,4,Apr_W4,0.1831832,1332.0
Hairy Woodpecker,5,1,May_W1,0.2003118,1283.0
Hairy Woodpecker,5,2,May_W2,0.2055772,1542.0
Hairy Woodpecker,5,3,May_W3,0.1845436,1501.0
Hairy Woodpecker,5,4,May_W4,0.175723,2282.0
Hairy Woodpecker,6,1,Jun_W1,0.1447455,1513.0
Hairy Woodpecker,6,2,Jun_W2,0.1407143,1400.0
Hairy Woodpecker,6,3,Jun_W3,0.1249165,1497.0
Hairy Woodpecker,6,4,Jun_W4,0.1555694,1607.0
Hairy Woodpecker,7,1,Jul_W1,0.175,1280.0
Hairy Woodpecker,7,2,Jul_W2,0.171504,1137.0
Hairy Woodpecker,7,3,Jul_W3,0.1616608,1132.0
Hairy Woodpecker,7,4,Jul_W4,0.163674,1448.0
Hairy Woodpecker,8,1,Aug_W1,0.1798202,1001.0
Hairy Woodpecker,8,2,Aug_W2,0.1803483,804.0
Hairy Woodpecker,8,3,Aug_W3,0.1985646,836.0
Hairy Woodpecker,8,4,Aug_W4,0.2231884,1035.0
Hairy Woodpecker,9,1,Sep_W1,0.2176656,634.0
Hairy Woodpecker,9,2,Sep_W2,0.2393162,819.0
Hairy Woodpecker,9,3,Sep_W3,0.3089802,657.0
Hairy Woodpecker,9,4,Sep_W4,0.2689295,766.0
Hairy Woodpecker,10,1,Oct_W1,0.2693069,505.0
Hairy Woodpecker,10,2,Oct_W2,0.2711268,568.0
Hairy Woodpecker,10,3,Oct_W3,0.2217973,523.0
Hairy Woodpecker,10,4,Oct_W4,0.2721519,632.0
Hairy Woodpecker,11,1,Nov_W1,0.300813,369.0
Hairy Woodpecker,11,2,Nov_W2,0.3382789,337.0
Hairy Woodpecker,11,3,Nov_W3,0.3468208,346.0
Hairy Woodpecker,11,4,Nov_W4,0.2947154,492.0
Hairy Woodpecker,12,1,Dec_W1,0.3861386,303.0
Hairy Woodpecker,12,2,Dec_W2,0.4179104,335.0
Hairy Woodpecker,12,3,Dec_W3,0.2687225,681.0
Hairy Woodpecker,12,4,Dec_W4,0.3,600.0
Pileated Woodpecker,1,1,Jan_W1,0.1834751,823.0
Pileated Woodpecker,1,2,Jan_W2,0.1925234,535.0
Pileated Woodpecker,1,3,Jan_W3,0.2161017,472.0
Pileated Woodpecker,1,4,Jan_W4,0.2142857,644.0
Pileated Woodpecker,2,1,Feb_W1,0.222449,490.0
Pileated Woodpecker,2,2,Feb_W2,0.2224109,589.0
Pileated Woodpecker,2,3,Feb_W3,0.2566709,787.0
Pileated Woodpecker,2,4,Feb_W4,0.2318501,427.0
Pileated Woodpecker,3,1,Mar_W1,0.2222222,558.0
Pileated Woodpecker,3,2,Mar_W2,0.1694915,649.0
Pileated Woodpecker,3,3,Mar_W3,0.2014085,710.0
Pileated Woodpecker,3,4,Mar_W4,0.1621622,1110.0
Pileated Woodpecker,4,1,Apr_W1,0.1824249,899.0
Pileated Woodpecker,4,2,Apr_W2,0.1525298,1344.0
Pileated Woodpecker,4,3,Apr_W3,0.1719807,1035.0
Pileated Woodpecker,4,4,Apr_W4,0.1824324,1332.0
Pileated Woodpecker,5,1,May_W1,0.2003118,1283.0
Pileated Woodpecker,5,2,May_W2,0.2075227,1542.0
Pileated Woodpecker,5,3,May_W3,0.1845436,1501.0
Pileated Woodpecker,5,4,May_W4,0.1726556,2282.0
Pileated Woodpecker,6,1,Jun_W1,0.1606081,1513.0
Pileated Woodpecker,6,2,Jun_W2,0.1335714,1400.0
Pileated Woodpecker,6,3,Jun_W3,0.1102204,1497.0
Pileated Woodpecker,6,4,Jun_W4,0.1113877,1607.0
Pileated Woodpecker,7,1,Jul_W1,0.1140625,1280.0
Pileated Woodpecker,7,2,Jul_W2,0.1029024,1137.0
Pileated Woodpecker,7,3,Jul_W3,0.0874558,1132.0
Pileated Woodpecker,7,4,Jul_W4,0.0966851,1448.0
Pileated Woodpecker,8,1,Aug_W1,0.1368631,1001.0
Pileated Woodpecker,8,2,Aug_W2,0.1243781,804.0
Pileated Woodpecker,8,3,Aug_W3,0.1423445,836.0
Pileated Woodpecker,8,4,Aug_W4,0.1487923,1035.0
Pileated Woodpecker,9,1,Sep_W1,0.1545741,634.0
Pileated Woodpecker,9,2,Sep_W2,0.1794872,819.0
Pileated Woodpecker,9,3,Sep_W3,0.2070015,657.0
Pileated Woodpecker,9,4,Sep_W4,0.2114883,766.0
Pileated Woodpecker,10,1,Oct_W1,0.170297,505.0
Pileated Woodpecker,10,2,Oct_W2,0.181338,568.0
Pileated Woodpecker,10,3,Oct_W3,0.1644359,523.0
Pileated Woodpecker,10,4,Oct_W4,0.1693038,632.0
Pileated Woodpecker,11,1,Nov_W1,0.1490515,369.0
Pileated Woodpecker,11,2,Nov_W2,0.1602374,337.0
Pileated Woodpecker,11,3,Nov_W3,0.1242775,346.0
Pileated Woodpecker,11,4,Nov_W4,0.1382114,492.0
Pileated Woodpecker,12,1,Dec_W1,0.2277228,303.0
Pileated Woodpecker,12,2,Dec_W2,0.1850746,335.0
Pileated Woodpecker,12,3,Dec_W3,0.174743,681.0
Pileated Woodpecker,12,4,Dec_W4,0.1616667,600.0
Northern Flicker,1,1,Jan_W1,0.0328068,823.0
Northern Flicker,1,2,Jan_W2,0.0205607,535.0
Northern Flicker,1,3,Jan_W3,0.029661,472.0
Northern Flicker,1,4,Jan_W4,0.0357143,644.0
Northern Flicker,2,1,Feb_W1,0.0408163,490.0
Northern Flicker,2,2,Feb_W2,0.0186757,589.0
Northern Flicker,2,3,Feb_W3,0.0165184,787.0
Northern Flicker,2,4,Feb_W4,0.0351288,427.0
Northern Flicker,3,1,Mar_W1,0.0304659,558.0
Northern Flicker,3,2,Mar_W2,0.0508475,649.0
Northern Flicker,3,3,Mar_W3,0.043662,710.0
Northern Flicker,3,4,Mar_W4,0.0603604,1110.0
Northern Flicker,4,1,Apr_W1,0.137931,899.0
Northern Flicker,4,2,Apr_W2,0.3735119,1344.0
Northern Flicker,4,3,Apr_W3,0.4869565,1035.0
Northern Flicker,4,4,Apr_W4,0.5067568,1332.0
Northern Flicker,5,1,May_W1,0.4489478,1283.0
Northern Flicker,5,2,May_W2,0.3845655,1542.0
Northern Flicker,5,3,May_W3,0.3431046,1501.0
Northern Flicker,5,4,May_W4,0.2997371,2282.0
Northern Flicker,6,1,Jun_W1,0.2557832,1513.0
Northern Flicker,6,2,Jun_W2,0.2514286,1400.0
Northern Flicker,6,3,Jun_W3,0.2297929,1497.0
Northern Flicker,6,4,Jun_W4,0.2731798,1607.0
Northern Flicker,7,1,Jul_W1,0.3,1280.0
Northern Flicker,7,2,Jul_W2,0.3175022,1137.0
Northern Flicker,7,3,Jul_W3,0.3012367,1132.0
Northern Flicker,7,4,Jul_W4,0.3073204,1448.0
Northern Flicker,8,1,Aug_W1,0.3016983,1001.0
Northern Flicker,8,2,Aug_W2,0.2798507,804.0
Northern Flicker,8,3,Aug_W3,0.2930622,836.0
Northern Flicker,8,4,Aug_W4,0.2927536,1035.0
Northern Flicker,9,1,Sep_W1,0.3690852,634.0
Northern Flicker,9,2,Sep_W2,0.3858364,819.0
Northern Flicker,9,3,Sep_W3,0.3394216,657.0
Northern Flicker,9,4,Sep_W4,0.3028721,766.0
Northern Flicker,10,1,Oct_W1,0.1584158,505.0
Northern Flicker,10,2,Oct_W2,0.0915493,568.0
Northern Flicker,10,3,Oct_W3,0.0344168,523.0
Northern Flicker,10,4,Oct_W4,0.0332278,632.0
Northern Flicker,11,1,Nov_W1,0.0162602,369.0
Northern Flicker,11,2,Nov_W2,0.0267062,337.0
Northern Flicker,11,3,Nov_W3,0.017341,346.0
Northern Flicker,11,4,Nov_W4,0.0264228,492.0
Northern Flicker,12,1,Dec_W1,0.0264026,303.0
Northern Flicker,12,2,Dec_W2,0.0477612,335.0
Northern Flicker,12,3,Dec_W3,0.0469897,681.0
Northern Flicker,12,4,Dec_W4,0.035,600.0
American Kestrel,1,1,Jan_W1,0.0012151,823.0
American Kestrel,1,2,Jan_W2,0.0018692,535.0
American Kestrel,1,3,Jan_W3,0.0021186,472.0
American Kestrel,1,4,Jan_W4,0.0062112,644.0
American Kestrel,2,1,Feb_W1,0.0015,490.0
American Kestrel,2,2,Feb_W2,0.0,589.0
American Kestrel,2,3,Feb_W3,0.0,787.0
American Kestrel,2,4,Feb_W4,0.0093677,427.0
American Kestrel,3,1,Mar_W1,0.0017921,558.0
American Kestrel,3,2,Mar_W2,0.009245,649.0
American Kestrel,3,3,Mar_W3,0.0267606,710.0
American Kestrel,3,4,Mar_W4,0.045045,1110.0
American Kestrel,4,1,Apr_W1,0.0778643,899.0
American Kestrel,4,2,Apr_W2,0.0691964,1344.0
American Kestrel,4,3,Apr_W3,0.0666667,1035.0
American Kestrel,4,4,Apr_W4,0.0698198,1332.0
American Kestrel,5,1,May_W1,0.0444271,1283.0
American Kestrel,5,2,May_W2,0.0285344,1542.0
American Kestrel,5,3,May_W3,0.017988,1501.0
American Kestrel,5,4,May_W4,0.0192813,2282.0
American Kestrel,6,1,Jun_W1,0.0277594,1513.0
American Kestrel,6,2,Jun_W2,0.0228571,1400.0
American Kestrel,6,3,Jun_W3,0.0293921,1497.0
American Kestrel,6,4,Jun_W4,0.029247,1607.0
American Kestrel,7,1,Jul_W1,0.0289063,1280.0
American Kestrel,7,2,Jul_W2,0.0325418,1137.0
American Kestrel,7,3,Jul_W3,0.0273852,1132.0
American Kestrel,7,4,Jul_W4,0.0366022,1448.0
American Kestrel,8,1,Aug_W1,0.036963,1001.0
American Kestrel,8,2,Aug_W2,0.0410448,804.0
American Kestrel,8,3,Aug_W3,0.0251196,836.0
American Kestrel,8,4,Aug_W4,0.0357488,1035.0
American Kestrel,9,1,Sep_W1,0.0347003,634.0
American Kestrel,9,2,Sep_W2,0.017094,819.0
American Kestrel,9,3,Sep_W3,0.0228311,657.0
American Kestrel,9,4,Sep_W4,0.0208877,766.0
American Kestrel,10,1,Oct_W1,0.0138614,505.0
American Kestrel,10,2,Oct_W2,0.0035211,568.0
American Kestrel,10,3,Oct_W3,0.0057361,523.0
American Kestrel,10,4,Oct_W4,0.0031646,632.0
American Kestrel,11,1,Nov_W1,0.00271,369.0
American Kestrel,11,2,Nov_W2,0.0,337.0
American Kestrel,11,3,Nov_W3,0.0,346.0
American Kestrel,11,4,Nov_W4,0.0020325,492.0
American Kestrel,12,1,Dec_W1,0.0015,303.0
American Kestrel,12,2,Dec_W2,0.0029851,335.0
American Kestrel,12,3,Dec_W3,0.0014684,681.0
American Kestrel,12,4,Dec_W4,0.0033333,600.0
Merlin,1,1,Jan_W1,0.0015,823.0
Merlin,1,2,Jan_W2,0.0,535.0
Merlin,1,3,Jan_W3,0.0021186,472.0
Merlin,1,4,Jan_W4,0.0015,644.0
Merlin,2,1,Feb_W1,0.0020408,490.0
Merlin,2,2,Feb_W2,0.0050934,589.0
Merlin,2,3,Feb_W3,0.0012706,787.0
Merlin,2,4,Feb_W4,0.0046838,427.0
Merlin,3,1,Mar_W1,0.0053763,558.0
Merlin,3,2,Mar_W2,0.0107858,649.0
Merlin,3,3,Mar_W3,0.0140845,710.0
Merlin,3,4,Mar_W4,0.0135135,1110.0
Merlin,4,1,Apr_W1,0.0244716,899.0
Merlin,4,2,Apr_W2,0.0267857,1344.0
Merlin,4,3,Apr_W3,0.021256,1035.0
Merlin,4,4,Apr_W4,0.0405405,1332.0
Merlin,5,1,May_W1,0.0413094,1283.0
Merlin,5,2,May_W2,0.0350195,1542.0
Merlin,5,3,May_W3,0.023984,1501.0
Merlin,5,4,May_W4,0.0197195,2282.0
Merlin,6,1,Jun_W1,0.0125578,1513.0
Merlin,6,2,Jun_W2,0.0128571,1400.0
Merlin,6,3,Jun_W3,0.0180361,1497.0
Merlin,6,4,Jun_W4,0.0161792,1607.0
Merlin,7,1,Jul_W1,0.0257812,1280.0
Merlin,7,2,Jul_W2,0.0395778,1137.0
Merlin,7,3,Jul_W3,0.0300353,1132.0
Merlin,7,4,Jul_W4,0.0379834,1448.0
Merlin,8,1,Aug_W1,0.0509491,1001.0
Merlin,8,2,Aug_W2,0.050995,804.0
Merlin,8,3,Aug_W3,0.0490431,836.0
Merlin,8,4,Aug_W4,0.0589372,1035.0
Merlin,9,1,Sep_W1,0.0567823,634.0
Merlin,9,2,Sep_W2,0.03663,819.0
Merlin,9,3,Sep_W3,0.0380518,657.0
Merlin,9,4,Sep_W4,0.0456919,766.0
Merlin,10,1,Oct_W1,0.0574257,505.0
Merlin,10,2,Oct_W2,0.0299296,568.0
Merlin,10,3,Oct_W3,0.0210325,523.0
Merlin,10,4,Oct_W4,0.0142405,632.0
Merlin,11,1,Nov_W1,0.0243902,369.0
Merlin,11,2,Nov_W2,0.0059347,337.0
Merlin,11,3,Nov_W3,0.0,346.0
Merlin,11,4,Nov_W4,0.0020325,492.0
Merlin,12,1,Dec_W1,0.0033003,303.0
Merlin,12,2,Dec_W2,0.0,335.0
Merlin,12,3,Dec_W3,0.0161527,681.0
Merlin,12,4,Dec_W4,0.0016667,600.0
Peregrine Falcon,1,1,Jan_W1,0.0,823.0
Peregrine Falcon,1,2,Jan_W2,0.0,535.0
Peregrine Falcon,1,3,Jan_W3,0.0,472.0
Peregrine Falcon,1,4,Jan_W4,0.0,644.0
Peregrine Falcon,2,1,Feb_W1,0.0,490.0
Peregrine Falcon,2,2,Feb_W2,0.0,589.0
Peregrine Falcon,2,3,Feb_W3,0.0,787.0
Peregrine Falcon,2,4,Feb_W4,0.0,427.0
Peregrine Falcon,3,1,Mar_W1,0.0,558.0
Peregrine Falcon,3,2,Mar_W2,0.0,649.0
Peregrine Falcon,3,3,Mar_W3,0.0014085,710.0
Peregrine Falcon,3,4,Mar_W4,0.0,1110.0
Peregrine Falcon,4,1,Apr_W1,0.0011123,899.0
Peregrine Falcon,4,2,Apr_W2,0.000744,1344.0
Peregrine Falcon,4,3,Apr_W3,0.0028986,1035.0
Peregrine Falcon,4,4,Apr_W4,0.003003,1332.0
Peregrine Falcon,5,1,May_W1,0.0038971,1283.0
Peregrine Falcon,5,2,May_W2,0.0019455,1542.0
Peregrine Falcon,5,3,May_W3,0.0046636,1501.0
Peregrine Falcon,5,4,May_W4,0.0013146,2282.0
Peregrine Falcon,6,1,Jun_W1,0.0,1513.0
Peregrine Falcon,6,2,Jun_W2,0.0035714,1400.0
Peregrine Falcon,6,3,Jun_W3,0.000668,1497.0
Peregrine Falcon,6,4,Jun_W4,0.0006223,1607.0
Peregrine Falcon,7,1,Jul_W1,0.0007813,1280.0
Peregrine Falcon,7,2,Jul_W2,0.0015,1137.0
Peregrine Falcon,7,3,Jul_W3,0.0015,1132.0
Peregrine Falcon,7,4,Jul_W4,0.0006906,1448.0
Peregrine Falcon,8,1,Aug_W1,0.001998,1001.0
Peregrine Falcon,8,2,Aug_W2,0.0012438,804.0
Peregrine Falcon,8,3,Aug_W3,0.0015,836.0
Peregrine Falcon,8,4,Aug_W4,0.0015,1035.0
Peregrine Falcon,9,1,Sep_W1,0.0,634.0
Peregrine Falcon,9,2,Sep_W2,0.0,819.0
Peregrine Falcon,9,3,Sep_W3,0.0045662,657.0
Peregrine Falcon,9,4,Sep_W4,0.0130548,766.0
Peregrine Falcon,10,1,Oct_W1,0.0019802,505.0
Peregrine Falcon,10,2,Oct_W2,0.0123239,568.0
Peregrine Falcon,10,3,Oct_W3,0.001912,523.0
Peregrine Falcon,10,4,Oct_W4,0.0,632.0
Peregrine Falcon,11,1,Nov_W1,0.0,369.0
Peregrine Falcon,11,2,Nov_W2,0.0,337.0
Peregrine Falcon,11,3,Nov_W3,0.0028902,346.0
Peregrine Falcon,11,4,Nov_W4,0.0,492.0
Peregrine Falcon,12,1,Dec_W1,0.0,303.0
Peregrine Falcon,12,2,Dec_W2,0.0,335.0
Peregrine Falcon,12,3,Dec_W3,0.0014684,681.0
Peregrine Falcon,12,4,Dec_W4,0.0016667,600.0
Olive-sided Flycatcher,1,1,Jan_W1,0.0,823.0
Olive-sided Flycatcher,1,2,Jan_W2,0.0,535.0
Olive-sided Flycatcher,1,3,Jan_W3,0.0,472.0
Olive-sided Flycatcher,1,4,Jan_W4,0.0,644.0
Olive-sided Flycatcher,2,1,Feb_W1,0.0,490.0
Olive-sided Flycatcher,2,2,Feb_W2,0.0,589.0
Olive-sided Flycatcher,2,3,Feb_W3,0.0,787.0
Olive-sided Flycatcher,2,4,Feb_W4,0.0,427.0
Olive-sided Flycatcher,3,1,Mar_W1,0.0,558.0
Olive-sided Flycatcher,3,2,Mar_W2,0.0,649.0
Olive-sided Flycatcher,3,3,Mar_W3,0.0,710.0
Olive-sided Flycatcher,3,4,Mar_W4,0.0,1110.0
Olive-sided Flycatcher,4,1,Apr_W1,0.0,899.0
Olive-sided Flycatcher,4,2,Apr_W2,0.0,1344.0
Olive-sided Flycatcher,4,3,Apr_W3,0.0,1035.0
Olive-sided Flycatcher,4,4,Apr_W4,0.0,1332.0
Olive-sided Flycatcher,5,1,May_W1,0.0,1283.0
Olive-sided Flycatcher,5,2,May_W2,0.002594,1542.0
Olive-sided Flycatcher,5,3,May_W3,0.0079947,1501.0
Olive-sided Flycatcher,5,4,May_W4,0.0140228,2282.0
Olive-sided Flycatcher,6,1,Jun_W1,0.0125578,1513.0
Olive-sided Flycatcher,6,2,Jun_W2,0.0021429,1400.0
Olive-sided Flycatcher,6,3,Jun_W3,0.002672,1497.0
Olive-sided Flycatcher,6,4,Jun_W4,0.0018668,1607.0
Olive-sided Flycatcher,7,1,Jul_W1,0.0,1280.0
Olive-sided Flycatcher,7,2,Jul_W2,0.0,1137.0
Olive-sided Flycatcher,7,3,Jul_W3,0.0,1132.0
Olive-sided Flycatcher,7,4,Jul_W4,0.0,1448.0
Olive-sided Flycatcher,8,1,Aug_W1,0.006993,1001.0
Olive-sided Flycatcher,8,2,Aug_W2,0.0049751,804.0
Olive-sided Flycatcher,8,3,Aug_W3,0.0131579,836.0
Olive-sided Flycatcher,8,4,Aug_W4,0.0154589,1035.0
Olive-sided Flycatcher,9,1,Sep_W1,0.0173502,634.0
Olive-sided Flycatcher,9,2,Sep_W2,0.013431,819.0
Olive-sided Flycatcher,9,3,Sep_W3,0.0,657.0
Olive-sided Flycatcher,9,4,Sep_W4,0.0,766.0
Olive-sided Flycatcher,10,1,Oct_W1,0.0,505.0
Olive-sided Flycatcher,10,2,Oct_W2,0.0,568.0
Olive-sided Flycatcher,10,3,Oct_W3,0.0,523.0
Olive-sided Flycatcher,10,4,Oct_W4,0.0,632.0
Olive-sided Flycatcher,11,1,Nov_W1,0.0,369.0
Olive-sided Flycatcher,11,2,Nov_W2,0.0,337.0
Olive-sided Flycatcher,11,3,Nov_W3,0.0,346.0
Olive-sided Flycatcher,11,4,Nov_W4,0.0,492.0
Olive-sided Flycatcher,12,1,Dec_W1,0.0,303.0
Olive-sided Flycatcher,12,2,Dec_W2,0.0,335.0
Olive-sided Flycatcher,12,3,Dec_W3,0.0,681.0
Olive-sided Flycatcher,12,4,Dec_W4,0.0,600.0
Eastern Wood-Pewee,1,1,Jan_W1,0.0,823.0
Eastern Wood-Pewee,1,2,Jan_W2,0.0,535.0
Eastern Wood-Pewee,1,3,Jan_W3,0.0,472.0
Eastern Wood-Pewee,1,4,Jan_W4,0.0,644.0
Eastern Wood-Pewee,2,1,Feb_W1,0.0,490.0
Eastern Wood-Pewee,2,2,Feb_W2,0.0,589.0
Eastern Wood-Pewee,2,3,Feb_W3,0.0,787.0
Eastern Wood-Pewee,2,4,Feb_W4,0.0,427.0
Eastern Wood-Pewee,3,1,Mar_W1,0.0,558.0
Eastern Wood-Pewee,3,2,Mar_W2,0.0,649.0
Eastern Wood-Pewee,3,3,Mar_W3,0.0,710.0
Eastern Wood-Pewee,3,4,Mar_W4,0.0,1110.0
Eastern Wood-Pewee,4,1,Apr_W1,0.0,899.0
Eastern Wood-Pewee,4,2,Apr_W2,0.0,1344.0
Eastern Wood-Pewee,4,3,Apr_W3,0.0,1035.0
Eastern Wood-Pewee,4,4,Apr_W4,0.0,1332.0
Eastern Wood-Pewee,5,1,May_W1,0.0,1283.0
Eastern Wood-Pewee,5,2,May_W2,0.0149157,1542.0
Eastern Wood-Pewee,5,3,May_W3,0.0919387,1501.0
Eastern Wood-Pewee,5,4,May_W4,0.2760736,2282.0
Eastern Wood-Pewee,6,1,Jun_W1,0.2921348,1513.0
Eastern Wood-Pewee,6,2,Jun_W2,0.3007143,1400.0
Eastern Wood-Pewee,6,3,Jun_W3,0.2264529,1497.0
Eastern Wood-Pewee,6,4,Jun_W4,0.2358432,1607.0
Eastern Wood-Pewee,7,1,Jul_W1,0.2609375,1280.0
Eastern Wood-Pewee,7,2,Jul_W2,0.233949,1137.0
Eastern Wood-Pewee,7,3,Jul_W3,0.2305654,1132.0
Eastern Wood-Pewee,7,4,Jul_W4,0.2085635,1448.0
Eastern Wood-Pewee,8,1,Aug_W1,0.2417582,1001.0
Eastern Wood-Pewee,8,2,Aug_W2,0.2338308,804.0
Eastern Wood-Pewee,8,3,Aug_W3,0.2547847,836.0
Eastern Wood-Pewee,8,4,Aug_W4,0.2202899,1035.0
Eastern Wood-Pewee,9,1,Sep_W1,0.1451104,634.0
Eastern Wood-Pewee,9,2,Sep_W2,0.0720391,819.0
Eastern Wood-Pewee,9,3,Sep_W3,0.0243531,657.0
Eastern Wood-Pewee,9,4,Sep_W4,0.0156658,766.0
Eastern Wood-Pewee,10,1,Oct_W1,0.0,505.0
Eastern Wood-Pewee,10,2,Oct_W2,0.0,568.0
Eastern Wood-Pewee,10,3,Oct_W3,0.0,523.0
Eastern Wood-Pewee,10,4,Oct_W4,0.0,632.0
Eastern Wood-Pewee,11,1,Nov_W1,0.0,369.0
Eastern Wood-Pewee,11,2,Nov_W2,0.0,337.0
Eastern Wood-Pewee,11,3,Nov_W3,0.0,346.0
Eastern Wood-Pewee,11,4,Nov_W4,0.0,492.0
Eastern Wood-Pewee,12,1,Dec_W1,0.0,303.0
Eastern Wood-Pewee,12,2,Dec_W2,0.0,335.0
Eastern Wood-Pewee,12,3,Dec_W3,0.0,681.0
Eastern Wood-Pewee,12,4,Dec_W4,0.0,600.0
Yellow-bellied Flycatcher,1,1,Jan_W1,0.0,823.0
Yellow-bellied Flycatcher,1,2,Jan_W2,0.0,535.0
Yellow-bellied Flycatcher,1,3,Jan_W3,0.0,472.0
Yellow-bellied Flycatcher,1,4,Jan_W4,0.0,644.0
Yellow-bellied Flycatcher,2,1,Feb_W1,0.0,490.0
Yellow-bellied Flycatcher,2,2,Feb_W2,0.0,589.0
Yellow-bellied Flycatcher,2,3,Feb_W3,0.0,787.0
Yellow-bellied Flycatcher,2,4,Feb_W4,0.0,427.0
Yellow-bellied Flycatcher,3,1,Mar_W1,0.0,558.0
Yellow-bellied Flycatcher,3,2,Mar_W2,0.0,649.0
Yellow-bellied Flycatcher,3,3,Mar_W3,0.0,710.0
Yellow-bellied Flycatcher,3,4,Mar_W4,0.0,1110.0
Yellow-bellied Flycatcher,4,1,Apr_W1,0.0,899.0
Yellow-bellied Flycatcher,4,2,Apr_W2,0.0,1344.0
Yellow-bellied Flycatcher,4,3,Apr_W3,0.0,1035.0
Yellow-bellied Flycatcher,4,4,Apr_W4,0.0,1332.0
Yellow-bellied Flycatcher,5,1,May_W1,0.0,1283.0
Yellow-bellied Flycatcher,5,2,May_W2,0.0,1542.0
Yellow-bellied Flycatcher,5,3,May_W3,0.0013324,1501.0
Yellow-bellied Flycatcher,5,4,May_W4,0.0021911,2282.0
Yellow-bellied Flycatcher,6,1,Jun_W1,0.0019828,1513.0
Yellow-bellied Flycatcher,6,2,Jun_W2,0.0007143,1400.0
Yellow-bellied Flycatcher,6,3,Jun_W3,0.0,1497.0
Yellow-bellied Flycatcher,6,4,Jun_W4,0.0,1607.0
Yellow-bellied Flycatcher,7,1,Jul_W1,0.0,1280.0
Yellow-bellied Flycatcher,7,2,Jul_W2,0.0008795,1137.0
Yellow-bellied Flycatcher,7,3,Jul_W3,0.0,1132.0
Yellow-bellied Flycatcher,7,4,Jul_W4,0.0,1448.0
Yellow-bellied Flycatcher,8,1,Aug_W1,0.0,1001.0
Yellow-bellied Flycatcher,8,2,Aug_W2,0.0,804.0
Yellow-bellied Flycatcher,8,3,Aug_W3,0.0,836.0
Yellow-bellied Flycatcher,8,4,Aug_W4,0.0009662,1035.0
Yellow-bellied Flycatcher,9,1,Sep_W1,0.0,634.0
Yellow-bellied Flycatcher,9,2,Sep_W2,0.001221,819.0
Yellow-bellied Flycatcher,9,3,Sep_W3,0.0015,657.0
Yellow-bellied Flycatcher,9,4,Sep_W4,0.0013055,766.0
Yellow-bellied Flycatcher,10,1,Oct_W1,0.0,505.0
Yellow-bellied Flycatcher,10,2,Oct_W2,0.0,568.0
Yellow-bellied Flycatcher,10,3,Oct_W3,0.0,523.0
Yellow-bellied Flycatcher,10,4,Oct_W4,0.0,632.0
Yellow-bellied Flycatcher,11,1,Nov_W1,0.0,369.0
Yellow-bellied Flycatcher,11,2,Nov_W2,0.0,337.0
Yellow-bellied Flycatcher,11,3,Nov_W3,0.0,346.0
Yellow-bellied Flycatcher,11,4,Nov_W4,0.0,492.0
Yellow-bellied Flycatcher,12,1,Dec_W1,0.0,303.0
Yellow-bellied Flycatcher,12,2,Dec_W2,0.0,335.0
Yellow-bellied Flycatcher,12,3,Dec_W3,0.0,681.0
Yellow-bellied Flycatcher,12,4,Dec_W4,0.0,600.0
Acadian Flycatcher,1,1,Jan_W1,0.0,823.0
Acadian Flycatcher,1,2,Jan_W2,0.0,535.0
Acadian Flycatcher,1,3,Jan_W3,0.0,472.0
Acadian Flycatcher,1,4,Jan_W4,0.0,644.0
Acadian Flycatcher,2,1,Feb_W1,0.0,490.0
Acadian Flycatcher,2,2,Feb_W2,0.0,589.0
Acadian Flycatcher,2,3,Feb_W3,0.0,787.0
Acadian Flycatcher,2,4,Feb_W4,0.0,427.0
Acadian Flycatcher,3,1,Mar_W1,0.0,558.0
Acadian Flycatcher,3,2,Mar_W2,0.0,649.0
Acadian Flycatcher,3,3,Mar_W3,0.0,710.0
Acadian Flycatcher,3,4,Mar_W4,0.0,1110.0
Acadian Flycatcher,4,1,Apr_W1,0.0,899.0
Acadian Flycatcher,4,2,Apr_W2,0.0,1344.0
Acadian Flycatcher,4,3,Apr_W3,0.0,1035.0
Acadian Flycatcher,4,4,Apr_W4,0.0,1332.0
Acadian Flycatcher,5,1,May_W1,0.0,1283.0
Acadian Flycatcher,5,2,May_W2,0.0,1542.0
Acadian Flycatcher,5,3,May_W3,0.0,1501.0
Acadian Flycatcher,5,4,May_W4,0.0015,2282.0
Acadian Flycatcher,6,1,Jun_W1,0.0,1513.0
Acadian Flycatcher,6,2,Jun_W2,0.0007143,1400.0
Acadian Flycatcher,6,3,Jun_W3,0.0,1497.0
Acadian Flycatcher,6,4,Jun_W4,0.0,1607.0
Acadian Flycatcher,7,1,Jul_W1,0.0,1280.0
Acadian Flycatcher,7,2,Jul_W2,0.0,1137.0
Acadian Flycatcher,7,3,Jul_W3,0.0,1132.0
Acadian Flycatcher,7,4,Jul_W4,0.0,1448.0
Acadian Flycatcher,8,1,Aug_W1,0.0,1001.0
Acadian Flycatcher,8,2,Aug_W2,0.0,804.0
Acadian Flycatcher,8,3,Aug_W3,0.0,836.0
Acadian Flycatcher,8,4,Aug_W4,0.0,1035.0
Acadian Flycatcher,9,1,Sep_W1,0.0,634.0
Acadian Flycatcher,9,2,Sep_W2,0.0,819.0
Acadian Flycatcher,9,3,Sep_W3,0.0,657.0
Acadian Flycatcher,9,4,Sep_W4,0.0,766.0
Acadian Flycatcher,10,1,Oct_W1,0.0,505.0
Acadian Flycatcher,10,2,Oct_W2,0.0,568.0
Acadian Flycatcher,10,3,Oct_W3,0.0,523.0
Acadian Flycatcher,10,4,Oct_W4,0.0,632.0
Acadian Flycatcher,11,1,Nov_W1,0.0,369.0
Acadian Flycatcher,11,2,Nov_W2,0.0,337.0
Acadian Flycatcher,11,3,Nov_W3,0.0,346.0
Acadian Flycatcher,11,4,Nov_W4,0.0,492.0
Acadian Flycatcher,12,1,Dec_W1,0.0,303.0
Acadian Flycatcher,12,2,Dec_W2,0.0,335.0
Acadian Flycatcher,12,3,Dec_W3,0.0,681.0
Acadian Flycatcher,12,4,Dec_W4,0.0,600.0
Alder Flycatcher,1,1,Jan_W1,0.0,823.0
Alder Flycatcher,1,2,Jan_W2,0.0,535.0
Alder Flycatcher,1,3,Jan_W3,0.0,472.0
Alder Flycatcher,1,4,Jan_W4,0.0,644.0
Alder Flycatcher,2,1,Feb_W1,0.0,490.0
Alder Flycatcher,2,2,Feb_W2,0.0,589.0
Alder Flycatcher,2,3,Feb_W3,0.0,787.0
Alder Flycatcher,2,4,Feb_W4,0.0,427.0
Alder Flycatcher,3,1,Mar_W1,0.0,558.0
Alder Flycatcher,3,2,Mar_W2,0.0,649.0
Alder Flycatcher,3,3,Mar_W3,0.0,710.0
Alder Flycatcher,3,4,Mar_W4,0.0,1110.0
Alder Flycatcher,4,1,Apr_W1,0.0,899.0
Alder Flycatcher,4,2,Apr_W2,0.0,1344.0
Alder Flycatcher,4,3,Apr_W3,0.0,1035.0
Alder Flycatcher,4,4,Apr_W4,0.0,1332.0
Alder Flycatcher,5,1,May_W1,0.0,1283.0
Alder Flycatcher,5,2,May_W2,0.0032425,1542.0
Alder Flycatcher,5,3,May_W3,0.0126582,1501.0
Alder Flycatcher,5,4,May_W4,0.0701139,2282.0
Alder Flycatcher,6,1,Jun_W1,0.085922,1513.0
Alder Flycatcher,6,2,Jun_W2,0.0528571,1400.0
Alder Flycatcher,6,3,Jun_W3,0.0380762,1497.0
Alder Flycatcher,6,4,Jun_W4,0.0255134,1607.0
Alder Flycatcher,7,1,Jul_W1,0.01875,1280.0
Alder Flycatcher,7,2,Jul_W2,0.0131926,1137.0
Alder Flycatcher,7,3,Jul_W3,0.0070671,1132.0
Alder Flycatcher,7,4,Jul_W4,0.0186464,1448.0
Alder Flycatcher,8,1,Aug_W1,0.024975,1001.0
Alder Flycatcher,8,2,Aug_W2,0.0062189,804.0
Alder Flycatcher,8,3,Aug_W3,0.0,836.0
Alder Flycatcher,8,4,Aug_W4,0.0009662,1035.0
Alder Flycatcher,9,1,Sep_W1,0.0015773,634.0
Alder Flycatcher,9,2,Sep_W2,0.0,819.0
Alder Flycatcher,9,3,Sep_W3,0.0,657.0
Alder Flycatcher,9,4,Sep_W4,0.0,766.0
Alder Flycatcher,10,1,Oct_W1,0.0,505.0
Alder Flycatcher,10,2,Oct_W2,0.0,568.0
Alder Flycatcher,10,3,Oct_W3,0.0,523.0
Alder Flycatcher,10,4,Oct_W4,0.0,632.0
Alder Flycatcher,11,1,Nov_W1,0.0,369.0
Alder Flycatcher,11,2,Nov_W2,0.0,337.0
Alder Flycatcher,11,3,Nov_W3,0.0,346.0
Alder Flycatcher,11,4,Nov_W4,0.0,492.0
Alder Flycatcher,12,1,Dec_W1,0.0,303.0
Alder Flycatcher,12,2,Dec_W2,0.0,335.0
Alder Flycatcher,12,3,Dec_W3,0.0,681.0
Alder Flycatcher,12,4,Dec_W4,0.0,600.0
Willow Flycatcher,1,1,Jan_W1,0.0,823.0
Willow Flycatcher,1,2,Jan_W2,0.0,535.0
Willow Flycatcher,1,3,Jan_W3,0.0,472.0
Willow Flycatcher,1,4,Jan_W4,0.0,644.0
Willow Flycatcher,2,1,Feb_W1,0.0,490.0
Willow Flycatcher,2,2,Feb_W2,0.0,589.0
Willow Flycatcher,2,3,Feb_W3,0.0,787.0
Willow Flycatcher,2,4,Feb_W4,0.0,427.0
Willow Flycatcher,3,1,Mar_W1,0.0,558.0
Willow Flycatcher,3,2,Mar_W2,0.0,649.0
Willow Flycatcher,3,3,Mar_W3,0.0,710.0
Willow Flycatcher,3,4,Mar_W4,0.0,1110.0
Willow Flycatcher,4,1,Apr_W1,0.0,899.0
Willow Flycatcher,4,2,Apr_W2,0.0,1344.0
Willow Flycatcher,4,3,Apr_W3,0.0,1035.0
Willow Flycatcher,4,4,Apr_W4,0.0,1332.0
Willow Flycatcher,5,1,May_W1,0.0,1283.0
Willow Flycatcher,5,2,May_W2,0.0,1542.0
Willow Flycatcher,5,3,May_W3,0.0046636,1501.0
Willow Flycatcher,5,4,May_W4,0.0105171,2282.0
Willow Flycatcher,6,1,Jun_W1,0.0099141,1513.0
Willow Flycatcher,6,2,Jun_W2,0.005,1400.0
Willow Flycatcher,6,3,Jun_W3,0.008016,1497.0
Willow Flycatcher,6,4,Jun_W4,0.0037337,1607.0
Willow Flycatcher,7,1,Jul_W1,0.0007813,1280.0
Willow Flycatcher,7,2,Jul_W2,0.0008795,1137.0
Willow Flycatcher,7,3,Jul_W3,0.0017668,1132.0
Willow Flycatcher,7,4,Jul_W4,0.0,1448.0
Willow Flycatcher,8,1,Aug_W1,0.002997,1001.0
Willow Flycatcher,8,2,Aug_W2,0.0,804.0
Willow Flycatcher,8,3,Aug_W3,0.0,836.0
Willow Flycatcher,8,4,Aug_W4,0.0009662,1035.0
Willow Flycatcher,9,1,Sep_W1,0.0,634.0
Willow Flycatcher,9,2,Sep_W2,0.0,819.0
Willow Flycatcher,9,3,Sep_W3,0.0,657.0
Willow Flycatcher,9,4,Sep_W4,0.0,766.0
Willow Flycatcher,10,1,Oct_W1,0.0,505.0
Willow Flycatcher,10,2,Oct_W2,0.0,568.0
Willow Flycatcher,10,3,Oct_W3,0.0,523.0
Willow Flycatcher,10,4,Oct_W4,0.0,632.0
Willow Flycatcher,11,1,Nov_W1,0.0,369.0
Willow Flycatcher,11,2,Nov_W2,0.0,337.0
Willow Flycatcher,11,3,Nov_W3,0.0,346.0
Willow Flycatcher,11,4,Nov_W4,0.0,492.0
Willow Flycatcher,12,1,Dec_W1,0.0,303.0
Willow Flycatcher,12,2,Dec_W2,0.0,335.0
Willow Flycatcher,12,3,Dec_W3,0.0,681.0
Willow Flycatcher,12,4,Dec_W4,0.0,600.0
Least Flycatcher,1,1,Jan_W1,0.0,823.0
Least Flycatcher,1,2,Jan_W2,0.0,535.0
Least Flycatcher,1,3,Jan_W3,0.0,472.0
Least Flycatcher,1,4,Jan_W4,0.0,644.0
Least Flycatcher,2,1,Feb_W1,0.0,490.0
Least Flycatcher,2,2,Feb_W2,0.0,589.0
Least Flycatcher,2,3,Feb_W3,0.0,787.0
Least Flycatcher,2,4,Feb_W4,0.0,427.0
Least Flycatcher,3,1,Mar_W1,0.0,558.0
Least Flycatcher,3,2,Mar_W2,0.0,649.0
Least Flycatcher,3,3,Mar_W3,0.0,710.0
Least Flycatcher,3,4,Mar_W4,0.0,1110.0
Least Flycatcher,4,1,Apr_W1,0.0,899.0
Least Flycatcher,4,2,Apr_W2,0.0,1344.0
Least Flycatcher,4,3,Apr_W3,0.0,1035.0
Least Flycatcher,4,4,Apr_W4,0.0015,1332.0
Least Flycatcher,5,1,May_W1,0.020265,1283.0
Least Flycatcher,5,2,May_W2,0.0830091,1542.0
Least Flycatcher,5,3,May_W3,0.1678881,1501.0
Least Flycatcher,5,4,May_W4,0.1564417,2282.0
Least Flycatcher,6,1,Jun_W1,0.0819564,1513.0
Least Flycatcher,6,2,Jun_W2,0.08,1400.0
Least Flycatcher,6,3,Jun_W3,0.0541082,1497.0
Least Flycatcher,6,4,Jun_W4,0.0416926,1607.0
Least Flycatcher,7,1,Jul_W1,0.0414062,1280.0
Least Flycatcher,7,2,Jul_W2,0.0272647,1137.0
Least Flycatcher,7,3,Jul_W3,0.0141343,1132.0
Least Flycatcher,7,4,Jul_W4,0.0055249,1448.0
Least Flycatcher,8,1,Aug_W1,0.008991,1001.0
Least Flycatcher,8,2,Aug_W2,0.0074627,804.0
Least Flycatcher,8,3,Aug_W3,0.0119617,836.0
Least Flycatcher,8,4,Aug_W4,0.0270531,1035.0
Least Flycatcher,9,1,Sep_W1,0.0094637,634.0
Least Flycatcher,9,2,Sep_W2,0.014652,819.0
Least Flycatcher,9,3,Sep_W3,0.0030441,657.0
Least Flycatcher,9,4,Sep_W4,0.0,766.0
Least Flycatcher,10,1,Oct_W1,0.0,505.0
Least Flycatcher,10,2,Oct_W2,0.0,568.0
Least Flycatcher,10,3,Oct_W3,0.0,523.0
Least Flycatcher,10,4,Oct_W4,0.0,632.0
Least Flycatcher,11,1,Nov_W1,0.0,369.0
Least Flycatcher,11,2,Nov_W2,0.0,337.0
Least Flycatcher,11,3,Nov_W3,0.0,346.0
Least Flycatcher,11,4,Nov_W4,0.0,492.0
Least Flycatcher,12,1,Dec_W1,0.0,303.0
Least Flycatcher,12,2,Dec_W2,0.0,335.0
Least Flycatcher,12,3,Dec_W3,0.0,681.0
Least Flycatcher,12,4,Dec_W4,0.0,600.0
Eastern Phoebe,1,1,Jan_W1,0.0,823.0
Eastern Phoebe,1,2,Jan_W2,0.0,535.0
Eastern Phoebe,1,3,Jan_W3,0.0,472.0
Eastern Phoebe,1,4,Jan_W4,0.0,644.0
Eastern Phoebe,2,1,Feb_W1,0.0,490.0
Eastern Phoebe,2,2,Feb_W2,0.0,589.0
Eastern Phoebe,2,3,Feb_W3,0.0,787.0
Eastern Phoebe,2,4,Feb_W4,0.0,427.0
Eastern Phoebe,3,1,Mar_W1,0.0,558.0
Eastern Phoebe,3,2,Mar_W2,0.0015408,649.0
Eastern Phoebe,3,3,Mar_W3,0.0098592,710.0
Eastern Phoebe,3,4,Mar_W4,0.0243243,1110.0
Eastern Phoebe,4,1,Apr_W1,0.0845384,899.0
Eastern Phoebe,4,2,Apr_W2,0.1979167,1344.0
Eastern Phoebe,4,3,Apr_W3,0.226087,1035.0
Eastern Phoebe,4,4,Apr_W4,0.2072072,1332.0
Eastern Phoebe,5,1,May_W1,0.1808262,1283.0
Eastern Phoebe,5,2,May_W2,0.2023346,1542.0
Eastern Phoebe,5,3,May_W3,0.1738841,1501.0
Eastern Phoebe,5,4,May_W4,0.1722174,2282.0
Eastern Phoebe,6,1,Jun_W1,0.1460674,1513.0
Eastern Phoebe,6,2,Jun_W2,0.1485714,1400.0
Eastern Phoebe,6,3,Jun_W3,0.1235805,1497.0
Eastern Phoebe,6,4,Jun_W4,0.1169882,1607.0
Eastern Phoebe,7,1,Jul_W1,0.1492188,1280.0
Eastern Phoebe,7,2,Jul_W2,0.119613,1137.0
Eastern Phoebe,7,3,Jul_W3,0.1077739,1132.0
Eastern Phoebe,7,4,Jul_W4,0.121547,1448.0
Eastern Phoebe,8,1,Aug_W1,0.1058941,1001.0
Eastern Phoebe,8,2,Aug_W2,0.1007463,804.0
Eastern Phoebe,8,3,Aug_W3,0.0933014,836.0
Eastern Phoebe,8,4,Aug_W4,0.1043478,1035.0
Eastern Phoebe,9,1,Sep_W1,0.1135647,634.0
Eastern Phoebe,9,2,Sep_W2,0.1196581,819.0
Eastern Phoebe,9,3,Sep_W3,0.129376,657.0
Eastern Phoebe,9,4,Sep_W4,0.1018277,766.0
Eastern Phoebe,10,1,Oct_W1,0.0772277,505.0
Eastern Phoebe,10,2,Oct_W2,0.0193662,568.0
Eastern Phoebe,10,3,Oct_W3,0.0057361,523.0
Eastern Phoebe,10,4,Oct_W4,0.0,632.0
Eastern Phoebe,11,1,Nov_W1,0.0,369.0
Eastern Phoebe,11,2,Nov_W2,0.0,337.0
Eastern Phoebe,11,3,Nov_W3,0.0,346.0
Eastern Phoebe,11,4,Nov_W4,0.0,492.0
Eastern Phoebe,12,1,Dec_W1,0.0,303.0
Eastern Phoebe,12,2,Dec_W2,0.0,335.0
Eastern Phoebe,12,3,Dec_W3,0.0,681.0
Eastern Phoebe,12,4,Dec_W4,0.0,600.0
Say's Phoebe,1,1,Jan_W1,0.0,823.0
Say's Phoebe,1,2,Jan_W2,0.0,535.0
Say's Phoebe,1,3,Jan_W3,0.0,472.0
Say's Phoebe,1,4,Jan_W4,0.0,644.0
Say's Phoebe,2,1,Feb_W1,0.0,490.0
Say's Phoebe,2,2,Feb_W2,0.0,589.0
Say's Phoebe,2,3,Feb_W3,0.0,787.0
Say's Phoebe,2,4,Feb_W4,0.0,427.0
Say's Phoebe,3,1,Mar_W1,0.0,558.0
Say's Phoebe,3,2,Mar_W2,0.0,649.0
Say's Phoebe,3,3,Mar_W3,0.0,710.0
Say's Phoebe,3,4,Mar_W4,0.0,1110.0
Say's Phoebe,4,1,Apr_W1,0.0,899.0
Say's Phoebe,4,2,Apr_W2,0.0,1344.0
Say's Phoebe,4,3,Apr_W3,0.0,1035.0
Say's Phoebe,4,4,Apr_W4,0.0,1332.0
Say's Phoebe,5,1,May_W1,0.0,1283.0
Say's Phoebe,5,2,May_W2,0.0,1542.0
Say's Phoebe,5,3,May_W3,0.0006662,1501.0
Say's Phoebe,5,4,May_W4,0.0,2282.0
Say's Phoebe,6,1,Jun_W1,0.0,1513.0
Say's Phoebe,6,2,Jun_W2,0.0,1400.0
Say's Phoebe,6,3,Jun_W3,0.0,1497.0
Say's Phoebe,6,4,Jun_W4,0.0,1607.0
Say's Phoebe,7,1,Jul_W1,0.0,1280.0
Say's Phoebe,7,2,Jul_W2,0.0,1137.0
Say's Phoebe,7,3,Jul_W3,0.0,1132.0
Say's Phoebe,7,4,Jul_W4,0.0,1448.0
Say's Phoebe,8,1,Aug_W1,0.0,1001.0
Say's Phoebe,8,2,Aug_W2,0.0,804.0
Say's Phoebe,8,3,Aug_W3,0.0,836.0
Say's Phoebe,8,4,Aug_W4,0.0,1035.0
Say's Phoebe,9,1,Sep_W1,0.0,634.0
Say's Phoebe,9,2,Sep_W2,0.0,819.0
Say's Phoebe,9,3,Sep_W3,0.0,657.0
Say's Phoebe,9,4,Sep_W4,0.0,766.0
Say's Phoebe,10,1,Oct_W1,0.0,505.0
Say's Phoebe,10,2,Oct_W2,0.0,568.0
Say's Phoebe,10,3,Oct_W3,0.0,523.0
Say's Phoebe,10,4,Oct_W4,0.0,632.0
Say's Phoebe,11,1,Nov_W1,0.0,369.0
Say's Phoebe,11,2,Nov_W2,0.0,337.0
Say's Phoebe,11,3,Nov_W3,0.0,346.0
Say's Phoebe,11,4,Nov_W4,0.0,492.0
Say's Phoebe,12,1,Dec_W1,0.0,303.0
Say's Phoebe,12,2,Dec_W2,0.0,335.0
Say's Phoebe,12,3,Dec_W3,0.0,681.0
Say's Phoebe,12,4,Dec_W4,0.0,600.0
Great Crested Flycatcher,1,1,Jan_W1,0.0,823.0
Great Crested Flycatcher,1,2,Jan_W2,0.0,535.0
Great Crested Flycatcher,1,3,Jan_W3,0.0,472.0
Great Crested Flycatcher,1,4,Jan_W4,0.0,644.0
Great Crested Flycatcher,2,1,Feb_W1,0.0,490.0
Great Crested Flycatcher,2,2,Feb_W2,0.0,589.0
Great Crested Flycatcher,2,3,Feb_W3,0.0,787.0
Great Crested Flycatcher,2,4,Feb_W4,0.0,427.0
Great Crested Flycatcher,3,1,Mar_W1,0.0,558.0
Great Crested Flycatcher,3,2,Mar_W2,0.0,649.0
Great Crested Flycatcher,3,3,Mar_W3,0.0,710.0
Great Crested Flycatcher,3,4,Mar_W4,0.0,1110.0
Great Crested Flycatcher,4,1,Apr_W1,0.0,899.0
Great Crested Flycatcher,4,2,Apr_W2,0.0,1344.0
Great Crested Flycatcher,4,3,Apr_W3,0.0,1035.0
Great Crested Flycatcher,4,4,Apr_W4,0.0,1332.0
Great Crested Flycatcher,5,1,May_W1,0.0303975,1283.0
Great Crested Flycatcher,5,2,May_W2,0.1498054,1542.0
Great Crested Flycatcher,5,3,May_W3,0.2838108,1501.0
Great Crested Flycatcher,5,4,May_W4,0.3431201,2282.0
Great Crested Flycatcher,6,1,Jun_W1,0.2769332,1513.0
Great Crested Flycatcher,6,2,Jun_W2,0.2435714,1400.0
Great Crested Flycatcher,6,3,Jun_W3,0.2024048,1497.0
Great Crested Flycatcher,6,4,Jun_W4,0.1711263,1607.0
Great Crested Flycatcher,7,1,Jul_W1,0.1578125,1280.0
Great Crested Flycatcher,7,2,Jul_W2,0.1187335,1137.0
Great Crested Flycatcher,7,3,Jul_W3,0.1033569,1132.0
Great Crested Flycatcher,7,4,Jul_W4,0.086326,1448.0
Great Crested Flycatcher,8,1,Aug_W1,0.0809191,1001.0
Great Crested Flycatcher,8,2,Aug_W2,0.0671642,804.0
Great Crested Flycatcher,8,3,Aug_W3,0.0406699,836.0
Great Crested Flycatcher,8,4,Aug_W4,0.0328502,1035.0
Great Crested Flycatcher,9,1,Sep_W1,0.022082,634.0
Great Crested Flycatcher,9,2,Sep_W2,0.014652,819.0
Great Crested Flycatcher,9,3,Sep_W3,0.0015221,657.0
Great Crested Flycatcher,9,4,Sep_W4,0.0013055,766.0
Great Crested Flycatcher,10,1,Oct_W1,0.0,505.0
Great Crested Flycatcher,10,2,Oct_W2,0.0,568.0
Great Crested Flycatcher,10,3,Oct_W3,0.0,523.0
Great Crested Flycatcher,10,4,Oct_W4,0.0,632.0
Great Crested Flycatcher,11,1,Nov_W1,0.0,369.0
Great Crested Flycatcher,11,2,Nov_W2,0.0,337.0
Great Crested Flycatcher,11,3,Nov_W3,0.0,346.0
Great Crested Flycatcher,11,4,Nov_W4,0.0,492.0
Great Crested Flycatcher,12,1,Dec_W1,0.0,303.0
Great Crested Flycatcher,12,2,Dec_W2,0.0,335.0
Great Crested Flycatcher,12,3,Dec_W3,0.0,681.0
Great Crested Flycatcher,12,4,Dec_W4,0.0,600.0
Cassin's Kingbird,1,1,Jan_W1,0.0,823.0
Cassin's Kingbird,1,2,Jan_W2,0.0,535.0
Cassin's Kingbird,1,3,Jan_W3,0.0,472.0
Cassin's Kingbird,1,4,Jan_W4,0.0,644.0
Cassin's Kingbird,2,1,Feb_W1,0.0,490.0
Cassin's Kingbird,2,2,Feb_W2,0.0,589.0
Cassin's Kingbird,2,3,Feb_W3,0.0,787.0
Cassin's Kingbird,2,4,Feb_W4,0.0,427.0
Cassin's Kingbird,3,1,Mar_W1,0.0,558.0
Cassin's Kingbird,3,2,Mar_W2,0.0,649.0
Cassin's Kingbird,3,3,Mar_W3,0.0,710.0
Cassin's Kingbird,3,4,Mar_W4,0.0,1110.0
Cassin's Kingbird,4,1,Apr_W1,0.0,899.0
Cassin's Kingbird,4,2,Apr_W2,0.0,1344.0
Cassin's Kingbird,4,3,Apr_W3,0.0,1035.0
Cassin's Kingbird,4,4,Apr_W4,0.0,1332.0
Cassin's Kingbird,5,1,May_W1,0.0,1283.0
Cassin's Kingbird,5,2,May_W2,0.0,1542.0
Cassin's Kingbird,5,3,May_W3,0.0,1501.0
Cassin's Kingbird,5,4,May_W4,0.0,2282.0
Cassin's Kingbird,6,1,Jun_W1,0.0006609,1513.0
Cassin's Kingbird,6,2,Jun_W2,0.0,1400.0
Cassin's Kingbird,6,3,Jun_W3,0.0,1497.0
Cassin's Kingbird,6,4,Jun_W4,0.0,1607.0
Cassin's Kingbird,7,1,Jul_W1,0.0,1280.0
Cassin's Kingbird,7,2,Jul_W2,0.0,1137.0
Cassin's Kingbird,7,3,Jul_W3,0.0,1132.0
Cassin's Kingbird,7,4,Jul_W4,0.0,1448.0
Cassin's Kingbird,8,1,Aug_W1,0.0,1001.0
Cassin's Kingbird,8,2,Aug_W2,0.0,804.0
Cassin's Kingbird,8,3,Aug_W3,0.0,836.0
Cassin's Kingbird,8,4,Aug_W4,0.0,1035.0
Cassin's Kingbird,9,1,Sep_W1,0.0,634.0
Cassin's Kingbird,9,2,Sep_W2,0.0,819.0
Cassin's Kingbird,9,3,Sep_W3,0.0,657.0
Cassin's Kingbird,9,4,Sep_W4,0.0,766.0
Cassin's Kingbird,10,1,Oct_W1,0.0,505.0
Cassin's Kingbird,10,2,Oct_W2,0.0,568.0
Cassin's Kingbird,10,3,Oct_W3,0.0,523.0
Cassin's Kingbird,10,4,Oct_W4,0.0,632.0
Cassin's Kingbird,11,1,Nov_W1,0.0,369.0
Cassin's Kingbird,11,2,Nov_W2,0.0,337.0
Cassin's Kingbird,11,3,Nov_W3,0.0,346.0
Cassin's Kingbird,11,4,Nov_W4,0.0,492.0
Cassin's Kingbird,12,1,Dec_W1,0.0,303.0
Cassin's Kingbird,12,2,Dec_W2,0.0,335.0
Cassin's Kingbird,12,3,Dec_W3,0.0,681.0
Cassin's Kingbird,12,4,Dec_W4,0.0,600.0
Western Kingbird,1,1,Jan_W1,0.0,823.0
Western Kingbird,1,2,Jan_W2,0.0,535.0
Western Kingbird,1,3,Jan_W3,0.0,472.0
Western Kingbird,1,4,Jan_W4,0.0,644.0
Western Kingbird,2,1,Feb_W1,0.0,490.0
Western Kingbird,2,2,Feb_W2,0.0,589.0
Western Kingbird,2,3,Feb_W3,0.0,787.0
Western Kingbird,2,4,Feb_W4,0.0,427.0
Western Kingbird,3,1,Mar_W1,0.0,558.0
Western Kingbird,3,2,Mar_W2,0.0,649.0
Western Kingbird,3,3,Mar_W3,0.0,710.0
Western Kingbird,3,4,Mar_W4,0.0,1110.0
Western Kingbird,4,1,Apr_W1,0.0,899.0
Western Kingbird,4,2,Apr_W2,0.0,1344.0
Western Kingbird,4,3,Apr_W3,0.0,1035.0
Western Kingbird,4,4,Apr_W4,0.0,1332.0
Western Kingbird,5,1,May_W1,0.0,1283.0
Western Kingbird,5,2,May_W2,0.0006485,1542.0
Western Kingbird,5,3,May_W3,0.0,1501.0
Western Kingbird,5,4,May_W4,0.0,2282.0
Western Kingbird,6,1,Jun_W1,0.0,1513.0
Western Kingbird,6,2,Jun_W2,0.0,1400.0
Western Kingbird,6,3,Jun_W3,0.0,1497.0
Western Kingbird,6,4,Jun_W4,0.0,1607.0
Western Kingbird,7,1,Jul_W1,0.0,1280.0
Western Kingbird,7,2,Jul_W2,0.0,1137.0
Western Kingbird,7,3,Jul_W3,0.0,1132.0
Western Kingbird,7,4,Jul_W4,0.0,1448.0
Western Kingbird,8,1,Aug_W1,0.0,1001.0
Western Kingbird,8,2,Aug_W2,0.0,804.0
Western Kingbird,8,3,Aug_W3,0.0011962,836.0
Western Kingbird,8,4,Aug_W4,0.0,1035.0
Western Kingbird,9,1,Sep_W1,0.0,634.0
Western Kingbird,9,2,Sep_W2,0.0,819.0
Western Kingbird,9,3,Sep_W3,0.0,657.0
Western Kingbird,9,4,Sep_W4,0.0,766.0
Western Kingbird,10,1,Oct_W1,0.0,505.0
Western Kingbird,10,2,Oct_W2,0.0,568.0
Western Kingbird,10,3,Oct_W3,0.0,523.0
Western Kingbird,10,4,Oct_W4,0.0,632.0
Western Kingbird,11,1,Nov_W1,0.0,369.0
Western Kingbird,11,2,Nov_W2,0.0,337.0
Western Kingbird,11,3,Nov_W3,0.0,346.0
Western Kingbird,11,4,Nov_W4,0.0,492.0
Western Kingbird,12,1,Dec_W1,0.0,303.0
Western Kingbird,12,2,Dec_W2,0.0,335.0
Western Kingbird,12,3,Dec_W3,0.0,681.0
Western Kingbird,12,4,Dec_W4,0.0,600.0
Eastern Kingbird,1,1,Jan_W1,0.0,823.0
Eastern Kingbird,1,2,Jan_W2,0.0,535.0
Eastern Kingbird,1,3,Jan_W3,0.0,472.0
Eastern Kingbird,1,4,Jan_W4,0.0,644.0
Eastern Kingbird,2,1,Feb_W1,0.0,490.0
Eastern Kingbird,2,2,Feb_W2,0.0,589.0
Eastern Kingbird,2,3,Feb_W3,0.0,787.0
Eastern Kingbird,2,4,Feb_W4,0.0,427.0
Eastern Kingbird,3,1,Mar_W1,0.0,558.0
Eastern Kingbird,3,2,Mar_W2,0.0,649.0
Eastern Kingbird,3,3,Mar_W3,0.0,710.0
Eastern Kingbird,3,4,Mar_W4,0.0,1110.0
Eastern Kingbird,4,1,Apr_W1,0.0,899.0
Eastern Kingbird,4,2,Apr_W2,0.0,1344.0
Eastern Kingbird,4,3,Apr_W3,0.0,1035.0
Eastern Kingbird,4,4,Apr_W4,0.0007508,1332.0
Eastern Kingbird,5,1,May_W1,0.0280592,1283.0
Eastern Kingbird,5,2,May_W2,0.1433204,1542.0
Eastern Kingbird,5,3,May_W3,0.2285143,1501.0
Eastern Kingbird,5,4,May_W4,0.2966696,2282.0
Eastern Kingbird,6,1,Jun_W1,0.2855254,1513.0
Eastern Kingbird,6,2,Jun_W2,0.2392857,1400.0
Eastern Kingbird,6,3,Jun_W3,0.2137609,1497.0
Eastern Kingbird,6,4,Jun_W4,0.1879278,1607.0
Eastern Kingbird,7,1,Jul_W1,0.2304688,1280.0
Eastern Kingbird,7,2,Jul_W2,0.2559367,1137.0
Eastern Kingbird,7,3,Jul_W3,0.2385159,1132.0
Eastern Kingbird,7,4,Jul_W4,0.2368785,1448.0
Eastern Kingbird,8,1,Aug_W1,0.2267732,1001.0
Eastern Kingbird,8,2,Aug_W2,0.1915423,804.0
Eastern Kingbird,8,3,Aug_W3,0.1339713,836.0
Eastern Kingbird,8,4,Aug_W4,0.0541063,1035.0
Eastern Kingbird,9,1,Sep_W1,0.0126183,634.0
Eastern Kingbird,9,2,Sep_W2,0.004884,819.0
Eastern Kingbird,9,3,Sep_W3,0.0,657.0
Eastern Kingbird,9,4,Sep_W4,0.0,766.0
Eastern Kingbird,10,1,Oct_W1,0.0,505.0
Eastern Kingbird,10,2,Oct_W2,0.0,568.0
Eastern Kingbird,10,3,Oct_W3,0.0,523.0
Eastern Kingbird,10,4,Oct_W4,0.0,632.0
Eastern Kingbird,11,1,Nov_W1,0.0,369.0
Eastern Kingbird,11,2,Nov_W2,0.0,337.0
Eastern Kingbird,11,3,Nov_W3,0.0,346.0
Eastern Kingbird,11,4,Nov_W4,0.0,492.0
Eastern Kingbird,12,1,Dec_W1,0.0,303.0
Eastern Kingbird,12,2,Dec_W2,0.0,335.0
Eastern Kingbird,12,3,Dec_W3,0.0,681.0
Eastern Kingbird,12,4,Dec_W4,0.0,600.0
Scissor-tailed Flycatcher,1,1,Jan_W1,0.0,823.0
Scissor-tailed Flycatcher,1,2,Jan_W2,0.0,535.0
Scissor-tailed Flycatcher,1,3,Jan_W3,0.0,472.0
Scissor-tailed Flycatcher,1,4,Jan_W4,0.0,644.0
Scissor-tailed Flycatcher,2,1,Feb_W1,0.0,490.0
Scissor-tailed Flycatcher,2,2,Feb_W2,0.0,589.0
Scissor-tailed Flycatcher,2,3,Feb_W3,0.0,787.0
Scissor-tailed Flycatcher,2,4,Feb_W4,0.0,427.0
Scissor-tailed Flycatcher,3,1,Mar_W1,0.0,558.0
Scissor-tailed Flycatcher,3,2,Mar_W2,0.0,649.0
Scissor-tailed Flycatcher,3,3,Mar_W3,0.0,710.0
Scissor-tailed Flycatcher,3,4,Mar_W4,0.0,1110.0
Scissor-tailed Flycatcher,4,1,Apr_W1,0.0,899.0
Scissor-tailed Flycatcher,4,2,Apr_W2,0.0,1344.0
Scissor-tailed Flycatcher,4,3,Apr_W3,0.0,1035.0
Scissor-tailed Flycatcher,4,4,Apr_W4,0.0,1332.0
Scissor-tailed Flycatcher,5,1,May_W1,0.0007794,1283.0
Scissor-tailed Flycatcher,5,2,May_W2,0.0,1542.0
Scissor-tailed Flycatcher,5,3,May_W3,0.0,1501.0
Scissor-tailed Flycatcher,5,4,May_W4,0.0,2282.0
Scissor-tailed Flycatcher,6,1,Jun_W1,0.0,1513.0
Scissor-tailed Flycatcher,6,2,Jun_W2,0.0,1400.0
Scissor-tailed Flycatcher,6,3,Jun_W3,0.0,1497.0
Scissor-tailed Flycatcher,6,4,Jun_W4,0.0,1607.0
Scissor-tailed Flycatcher,7,1,Jul_W1,0.0,1280.0
Scissor-tailed Flycatcher,7,2,Jul_W2,0.0,1137.0
Scissor-tailed Flycatcher,7,3,Jul_W3,0.0,1132.0
Scissor-tailed Flycatcher,7,4,Jul_W4,0.0,1448.0
Scissor-tailed Flycatcher,8,1,Aug_W1,0.0,1001.0
Scissor-tailed Flycatcher,8,2,Aug_W2,0.0,804.0
Scissor-tailed Flycatcher,8,3,Aug_W3,0.0,836.0
Scissor-tailed Flycatcher,8,4,Aug_W4,0.0,1035.0
Scissor-tailed Flycatcher,9,1,Sep_W1,0.0,634.0
Scissor-tailed Flycatcher,9,2,Sep_W2,0.0,819.0
Scissor-tailed Flycatcher,9,3,Sep_W3,0.0,657.0
Scissor-tailed Flycatcher,9,4,Sep_W4,0.0,766.0
Scissor-tailed Flycatcher,10,1,Oct_W1,0.0,505.0
Scissor-tailed Flycatcher,10,2,Oct_W2,0.0035211,568.0
Scissor-tailed Flycatcher,10,3,Oct_W3,0.0,523.0
Scissor-tailed Flycatcher,10,4,Oct_W4,0.0,632.0
Scissor-tailed Flycatcher,11,1,Nov_W1,0.0,369.0
Scissor-tailed Flycatcher,11,2,Nov_W2,0.0,337.0
Scissor-tailed Flycatcher,11,3,Nov_W3,0.0,346.0
Scissor-tailed Flycatcher,11,4,Nov_W4,0.0,492.0
Scissor-tailed Flycatcher,12,1,Dec_W1,0.0,303.0
Scissor-tailed Flycatcher,12,2,Dec_W2,0.0,335.0
Scissor-tailed Flycatcher,12,3,Dec_W3,0.0,681.0
Scissor-tailed Flycatcher,12,4,Dec_W4,0.0,600.0
Yellow-throated Vireo,1,1,Jan_W1,0.0,823.0
Yellow-throated Vireo,1,2,Jan_W2,0.0,535.0
Yellow-throated Vireo,1,3,Jan_W3,0.0,472.0
Yellow-throated Vireo,1,4,Jan_W4,0.0,644.0
Yellow-throated Vireo,2,1,Feb_W1,0.0,490.0
Yellow-throated Vireo,2,2,Feb_W2,0.0,589.0
Yellow-throated Vireo,2,3,Feb_W3,0.0,787.0
Yellow-throated Vireo,2,4,Feb_W4,0.0,427.0
Yellow-throated Vireo,3,1,Mar_W1,0.0,558.0
Yellow-throated Vireo,3,2,Mar_W2,0.0,649.0
Yellow-throated Vireo,3,3,Mar_W3,0.0,710.0
Yellow-throated Vireo,3,4,Mar_W4,0.0,1110.0
Yellow-throated Vireo,4,1,Apr_W1,0.0,899.0
Yellow-throated Vireo,4,2,Apr_W2,0.0,1344.0
Yellow-throated Vireo,4,3,Apr_W3,0.0,1035.0
Yellow-throated Vireo,4,4,Apr_W4,0.0,1332.0
Yellow-throated Vireo,5,1,May_W1,0.0109119,1283.0
Yellow-throated Vireo,5,2,May_W2,0.0265888,1542.0
Yellow-throated Vireo,5,3,May_W3,0.041972,1501.0
Yellow-throated Vireo,5,4,May_W4,0.0666082,2282.0
Yellow-throated Vireo,6,1,Jun_W1,0.0462657,1513.0
Yellow-throated Vireo,6,2,Jun_W2,0.04,1400.0
Yellow-throated Vireo,6,3,Jun_W3,0.0327321,1497.0
Yellow-throated Vireo,6,4,Jun_W4,0.033603,1607.0
Yellow-throated Vireo,7,1,Jul_W1,0.028125,1280.0
Yellow-throated Vireo,7,2,Jul_W2,0.0281442,1137.0
Yellow-throated Vireo,7,3,Jul_W3,0.0150177,1132.0
Yellow-throated Vireo,7,4,Jul_W4,0.0103591,1448.0
Yellow-throated Vireo,8,1,Aug_W1,0.016983,1001.0
Yellow-throated Vireo,8,2,Aug_W2,0.0074627,804.0
Yellow-throated Vireo,8,3,Aug_W3,0.0047847,836.0
Yellow-throated Vireo,8,4,Aug_W4,0.0086957,1035.0
Yellow-throated Vireo,9,1,Sep_W1,0.0141956,634.0
Yellow-throated Vireo,9,2,Sep_W2,0.013431,819.0
Yellow-throated Vireo,9,3,Sep_W3,0.0091324,657.0
Yellow-throated Vireo,9,4,Sep_W4,0.0,766.0
Yellow-throated Vireo,10,1,Oct_W1,0.0,505.0
Yellow-throated Vireo,10,2,Oct_W2,0.0,568.0
Yellow-throated Vireo,10,3,Oct_W3,0.0,523.0
Yellow-throated Vireo,10,4,Oct_W4,0.0,632.0
Yellow-throated Vireo,11,1,Nov_W1,0.0,369.0
Yellow-throated Vireo,11,2,Nov_W2,0.0,337.0
Yellow-throated Vireo,11,3,Nov_W3,0.0,346.0
Yellow-throated Vireo,11,4,Nov_W4,0.0,492.0
Yellow-throated Vireo,12,1,Dec_W1,0.0,303.0
Yellow-throated Vireo,12,2,Dec_W2,0.0,335.0
Yellow-throated Vireo,12,3,Dec_W3,0.0,681.0
Yellow-throated Vireo,12,4,Dec_W4,0.0,600.0
Blue-headed Vireo,1,1,Jan_W1,0.0,823.0
Blue-headed Vireo,1,2,Jan_W2,0.0,535.0
Blue-headed Vireo,1,3,Jan_W3,0.0,472.0
Blue-headed Vireo,1,4,Jan_W4,0.0,644.0
Blue-headed Vireo,2,1,Feb_W1,0.0,490.0
Blue-headed Vireo,2,2,Feb_W2,0.0,589.0
Blue-headed Vireo,2,3,Feb_W3,0.0,787.0
Blue-headed Vireo,2,4,Feb_W4,0.0,427.0
Blue-headed Vireo,3,1,Mar_W1,0.0,558.0
Blue-headed Vireo,3,2,Mar_W2,0.0,649.0
Blue-headed Vireo,3,3,Mar_W3,0.0,710.0
Blue-headed Vireo,3,4,Mar_W4,0.0,1110.0
Blue-headed Vireo,4,1,Apr_W1,0.0,899.0
Blue-headed Vireo,4,2,Apr_W2,0.0,1344.0
Blue-headed Vireo,4,3,Apr_W3,0.0,1035.0
Blue-headed Vireo,4,4,Apr_W4,0.0067568,1332.0
Blue-headed Vireo,5,1,May_W1,0.0303975,1283.0
Blue-headed Vireo,5,2,May_W2,0.0479896,1542.0
Blue-headed Vireo,5,3,May_W3,0.071952,1501.0
Blue-headed Vireo,5,4,May_W4,0.0390009,2282.0
Blue-headed Vireo,6,1,Jun_W1,0.031725,1513.0
Blue-headed Vireo,6,2,Jun_W2,0.0207143,1400.0
Blue-headed Vireo,6,3,Jun_W3,0.0193721,1497.0
Blue-headed Vireo,6,4,Jun_W4,0.0211574,1607.0
Blue-headed Vireo,7,1,Jul_W1,0.0171875,1280.0
Blue-headed Vireo,7,2,Jul_W2,0.0123131,1137.0
Blue-headed Vireo,7,3,Jul_W3,0.0159011,1132.0
Blue-headed Vireo,7,4,Jul_W4,0.0186464,1448.0
Blue-headed Vireo,8,1,Aug_W1,0.012987,1001.0
Blue-headed Vireo,8,2,Aug_W2,0.0062189,804.0
Blue-headed Vireo,8,3,Aug_W3,0.0095694,836.0
Blue-headed Vireo,8,4,Aug_W4,0.0067633,1035.0
Blue-headed Vireo,9,1,Sep_W1,0.0078864,634.0
Blue-headed Vireo,9,2,Sep_W2,0.01221,819.0
Blue-headed Vireo,9,3,Sep_W3,0.0167428,657.0
Blue-headed Vireo,9,4,Sep_W4,0.0117493,766.0
Blue-headed Vireo,10,1,Oct_W1,0.0059406,505.0
Blue-headed Vireo,10,2,Oct_W2,0.0035211,568.0
Blue-headed Vireo,10,3,Oct_W3,0.0,523.0
Blue-headed Vireo,10,4,Oct_W4,0.0,632.0
Blue-headed Vireo,11,1,Nov_W1,0.0,369.0
Blue-headed Vireo,11,2,Nov_W2,0.0,337.0
Blue-headed Vireo,11,3,Nov_W3,0.0,346.0
Blue-headed Vireo,11,4,Nov_W4,0.0,492.0
Blue-headed Vireo,12,1,Dec_W1,0.0,303.0
Blue-headed Vireo,12,2,Dec_W2,0.0,335.0
Blue-headed Vireo,12,3,Dec_W3,0.0,681.0
Blue-headed Vireo,12,4,Dec_W4,0.0,600.0
Philadelphia Vireo,1,1,Jan_W1,0.0,823.0
Philadelphia Vireo,1,2,Jan_W2,0.0,535.0
Philadelphia Vireo,1,3,Jan_W3,0.0,472.0
Philadelphia Vireo,1,4,Jan_W4,0.0,644.0
Philadelphia Vireo,2,1,Feb_W1,0.0,490.0
Philadelphia Vireo,2,2,Feb_W2,0.0,589.0
Philadelphia Vireo,2,3,Feb_W3,0.0,787.0
Philadelphia Vireo,2,4,Feb_W4,0.0,427.0
Philadelphia Vireo,3,1,Mar_W1,0.0,558.0
Philadelphia Vireo,3,2,Mar_W2,0.0,649.0
Philadelphia Vireo,3,3,Mar_W3,0.0,710.0
Philadelphia Vireo,3,4,Mar_W4,0.0,1110.0
Philadelphia Vireo,4,1,Apr_W1,0.0,899.0
Philadelphia Vireo,4,2,Apr_W2,0.0,1344.0
Philadelphia Vireo,4,3,Apr_W3,0.0,1035.0
Philadelphia Vireo,4,4,Apr_W4,0.0,1332.0
Philadelphia Vireo,5,1,May_W1,0.0,1283.0
Philadelphia Vireo,5,2,May_W2,0.001297,1542.0
Philadelphia Vireo,5,3,May_W3,0.0106596,1501.0
Philadelphia Vireo,5,4,May_W4,0.0056968,2282.0
Philadelphia Vireo,6,1,Jun_W1,0.0033047,1513.0
Philadelphia Vireo,6,2,Jun_W2,0.0007143,1400.0
Philadelphia Vireo,6,3,Jun_W3,0.000668,1497.0
Philadelphia Vireo,6,4,Jun_W4,0.0,1607.0
Philadelphia Vireo,7,1,Jul_W1,0.0,1280.0
Philadelphia Vireo,7,2,Jul_W2,0.0,1137.0
Philadelphia Vireo,7,3,Jul_W3,0.0,1132.0
Philadelphia Vireo,7,4,Jul_W4,0.0,1448.0
Philadelphia Vireo,8,1,Aug_W1,0.0,1001.0
Philadelphia Vireo,8,2,Aug_W2,0.0,804.0
Philadelphia Vireo,8,3,Aug_W3,0.0035885,836.0
Philadelphia Vireo,8,4,Aug_W4,0.0067633,1035.0
Philadelphia Vireo,9,1,Sep_W1,0.0063091,634.0
Philadelphia Vireo,9,2,Sep_W2,0.006105,819.0
Philadelphia Vireo,9,3,Sep_W3,0.0076104,657.0
Philadelphia Vireo,9,4,Sep_W4,0.002611,766.0
Philadelphia Vireo,10,1,Oct_W1,0.0,505.0
Philadelphia Vireo,10,2,Oct_W2,0.0,568.0
Philadelphia Vireo,10,3,Oct_W3,0.0,523.0
Philadelphia Vireo,10,4,Oct_W4,0.0,632.0
Philadelphia Vireo,11,1,Nov_W1,0.0,369.0
Philadelphia Vireo,11,2,Nov_W2,0.0,337.0
Philadelphia Vireo,11,3,Nov_W3,0.0,346.0
Philadelphia Vireo,11,4,Nov_W4,0.0,492.0
Philadelphia Vireo,12,1,Dec_W1,0.0,303.0
Philadelphia Vireo,12,2,Dec_W2,0.0,335.0
Philadelphia Vireo,12,3,Dec_W3,0.0,681.0
Philadelphia Vireo,12,4,Dec_W4,0.0,600.0
Eastern Warbling Vireo,1,1,Jan_W1,0.0,823.0
Eastern Warbling Vireo,1,2,Jan_W2,0.0,535.0
Eastern Warbling Vireo,1,3,Jan_W3,0.0,472.0
Eastern Warbling Vireo,1,4,Jan_W4,0.0,644.0
Eastern Warbling Vireo,2,1,Feb_W1,0.0,490.0
Eastern Warbling Vireo,2,2,Feb_W2,0.0,589.0
Eastern Warbling Vireo,2,3,Feb_W3,0.0,787.0
Eastern Warbling Vireo,2,4,Feb_W4,0.0,427.0
Eastern Warbling Vireo,3,1,Mar_W1,0.0,558.0
Eastern Warbling Vireo,3,2,Mar_W2,0.0,649.0
Eastern Warbling Vireo,3,3,Mar_W3,0.0,710.0
Eastern Warbling Vireo,3,4,Mar_W4,0.0,1110.0
Eastern Warbling Vireo,4,1,Apr_W1,0.0,899.0
Eastern Warbling Vireo,4,2,Apr_W2,0.0,1344.0
Eastern Warbling Vireo,4,3,Apr_W3,0.0,1035.0
Eastern Warbling Vireo,4,4,Apr_W4,0.0007508,1332.0
Eastern Warbling Vireo,5,1,May_W1,0.014809,1283.0
Eastern Warbling Vireo,5,2,May_W2,0.0648508,1542.0
Eastern Warbling Vireo,5,3,May_W3,0.095936,1501.0
Eastern Warbling Vireo,5,4,May_W4,0.1235758,2282.0
Eastern Warbling Vireo,6,1,Jun_W1,0.1123596,1513.0
Eastern Warbling Vireo,6,2,Jun_W2,0.0857143,1400.0
Eastern Warbling Vireo,6,3,Jun_W3,0.0714763,1497.0
Eastern Warbling Vireo,6,4,Jun_W4,0.0609832,1607.0
Eastern Warbling Vireo,7,1,Jul_W1,0.0507813,1280.0
Eastern Warbling Vireo,7,2,Jul_W2,0.0281442,1137.0
Eastern Warbling Vireo,7,3,Jul_W3,0.0282686,1132.0
Eastern Warbling Vireo,7,4,Jul_W4,0.0220994,1448.0
Eastern Warbling Vireo,8,1,Aug_W1,0.011988,1001.0
Eastern Warbling Vireo,8,2,Aug_W2,0.011194,804.0
Eastern Warbling Vireo,8,3,Aug_W3,0.0083732,836.0
Eastern Warbling Vireo,8,4,Aug_W4,0.0183575,1035.0
Eastern Warbling Vireo,9,1,Sep_W1,0.0189274,634.0
Eastern Warbling Vireo,9,2,Sep_W2,0.007326,819.0
Eastern Warbling Vireo,9,3,Sep_W3,0.0030441,657.0
Eastern Warbling Vireo,9,4,Sep_W4,0.0,766.0
Eastern Warbling Vireo,10,1,Oct_W1,0.0019802,505.0
Eastern Warbling Vireo,10,2,Oct_W2,0.0,568.0
Eastern Warbling Vireo,10,3,Oct_W3,0.0,523.0
Eastern Warbling Vireo,10,4,Oct_W4,0.0,632.0
Eastern Warbling Vireo,11,1,Nov_W1,0.0,369.0
Eastern Warbling Vireo,11,2,Nov_W2,0.0,337.0
Eastern Warbling Vireo,11,3,Nov_W3,0.0,346.0
Eastern Warbling Vireo,11,4,Nov_W4,0.0,492.0
Eastern Warbling Vireo,12,1,Dec_W1,0.0,303.0
Eastern Warbling Vireo,12,2,Dec_W2,0.0,335.0
Eastern Warbling Vireo,12,3,Dec_W3,0.0,681.0
Eastern Warbling Vireo,12,4,Dec_W4,0.0,600.0
Red-eyed Vireo,1,1,Jan_W1,0.0,823.0
Red-eyed Vireo,1,2,Jan_W2,0.0,535.0
Red-eyed Vireo,1,3,Jan_W3,0.0,472.0
Red-eyed Vireo,1,4,Jan_W4,0.0,644.0
Red-eyed Vireo,2,1,Feb_W1,0.0,490.0
Red-eyed Vireo,2,2,Feb_W2,0.0,589.0
Red-eyed Vireo,2,3,Feb_W3,0.0,787.0
Red-eyed Vireo,2,4,Feb_W4,0.0,427.0
Red-eyed Vireo,3,1,Mar_W1,0.0,558.0
Red-eyed Vireo,3,2,Mar_W2,0.0,649.0
Red-eyed Vireo,3,3,Mar_W3,0.0,710.0
Red-eyed Vireo,3,4,Mar_W4,0.0,1110.0
Red-eyed Vireo,4,1,Apr_W1,0.0,899.0
Red-eyed Vireo,4,2,Apr_W2,0.0,1344.0
Red-eyed Vireo,4,3,Apr_W3,0.0,1035.0
Red-eyed Vireo,4,4,Apr_W4,0.0,1332.0
Red-eyed Vireo,5,1,May_W1,0.0085737,1283.0
Red-eyed Vireo,5,2,May_W2,0.1037613,1542.0
Red-eyed Vireo,5,3,May_W3,0.3530979,1501.0
Red-eyed Vireo,5,4,May_W4,0.5368098,2282.0
Red-eyed Vireo,6,1,Jun_W1,0.5584931,1513.0
Red-eyed Vireo,6,2,Jun_W2,0.5742857,1400.0
Red-eyed Vireo,6,3,Jun_W3,0.5430862,1497.0
Red-eyed Vireo,6,4,Jun_W4,0.5233354,1607.0
Red-eyed Vireo,7,1,Jul_W1,0.5664063,1280.0
Red-eyed Vireo,7,2,Jul_W2,0.5347405,1137.0
Red-eyed Vireo,7,3,Jul_W3,0.4575972,1132.0
Red-eyed Vireo,7,4,Jul_W4,0.4053867,1448.0
Red-eyed Vireo,8,1,Aug_W1,0.3596404,1001.0
Red-eyed Vireo,8,2,Aug_W2,0.289801,804.0
Red-eyed Vireo,8,3,Aug_W3,0.2882775,836.0
Red-eyed Vireo,8,4,Aug_W4,0.2869565,1035.0
Red-eyed Vireo,9,1,Sep_W1,0.2302839,634.0
Red-eyed Vireo,9,2,Sep_W2,0.1587302,819.0
Red-eyed Vireo,9,3,Sep_W3,0.0593607,657.0
Red-eyed Vireo,9,4,Sep_W4,0.0143603,766.0
Red-eyed Vireo,10,1,Oct_W1,0.0,505.0
Red-eyed Vireo,10,2,Oct_W2,0.0017606,568.0
Red-eyed Vireo,10,3,Oct_W3,0.0,523.0
Red-eyed Vireo,10,4,Oct_W4,0.0,632.0
Red-eyed Vireo,11,1,Nov_W1,0.0,369.0
Red-eyed Vireo,11,2,Nov_W2,0.0,337.0
Red-eyed Vireo,11,3,Nov_W3,0.0,346.0
Red-eyed Vireo,11,4,Nov_W4,0.0,492.0
Red-eyed Vireo,12,1,Dec_W1,0.0,303.0
Red-eyed Vireo,12,2,Dec_W2,0.0,335.0
Red-eyed Vireo,12,3,Dec_W3,0.0,681.0
Red-eyed Vireo,12,4,Dec_W4,0.0,600.0
Loggerhead Shrike,1,1,Jan_W1,0.0,823.0
Loggerhead Shrike,1,2,Jan_W2,0.0,535.0
Loggerhead Shrike,1,3,Jan_W3,0.0,472.0
Loggerhead Shrike,1,4,Jan_W4,0.0,644.0
Loggerhead Shrike,2,1,Feb_W1,0.0,490.0
Loggerhead Shrike,2,2,Feb_W2,0.0,589.0
Loggerhead Shrike,2,3,Feb_W3,0.0,787.0
Loggerhead Shrike,2,4,Feb_W4,0.0,427.0
Loggerhead Shrike,3,1,Mar_W1,0.0,558.0
Loggerhead Shrike,3,2,Mar_W2,0.0,649.0
Loggerhead Shrike,3,3,Mar_W3,0.0,710.0
Loggerhead Shrike,3,4,Mar_W4,0.0,1110.0
Loggerhead Shrike,4,1,Apr_W1,0.0,899.0
Loggerhead Shrike,4,2,Apr_W2,0.0,1344.0
Loggerhead Shrike,4,3,Apr_W3,0.0,1035.0
Loggerhead Shrike,4,4,Apr_W4,0.0,1332.0
Loggerhead Shrike,5,1,May_W1,0.0023383,1283.0
Loggerhead Shrike,5,2,May_W2,0.0,1542.0
Loggerhead Shrike,5,3,May_W3,0.0015,1501.0
Loggerhead Shrike,5,4,May_W4,0.0,2282.0
Loggerhead Shrike,6,1,Jun_W1,0.0033047,1513.0
Loggerhead Shrike,6,2,Jun_W2,0.0,1400.0
Loggerhead Shrike,6,3,Jun_W3,0.0,1497.0
Loggerhead Shrike,6,4,Jun_W4,0.0,1607.0
Loggerhead Shrike,7,1,Jul_W1,0.0,1280.0
Loggerhead Shrike,7,2,Jul_W2,0.0,1137.0
Loggerhead Shrike,7,3,Jul_W3,0.0,1132.0
Loggerhead Shrike,7,4,Jul_W4,0.0,1448.0
Loggerhead Shrike,8,1,Aug_W1,0.0,1001.0
Loggerhead Shrike,8,2,Aug_W2,0.0,804.0
Loggerhead Shrike,8,3,Aug_W3,0.0,836.0
Loggerhead Shrike,8,4,Aug_W4,0.0,1035.0
Loggerhead Shrike,9,1,Sep_W1,0.0,634.0
Loggerhead Shrike,9,2,Sep_W2,0.0,819.0
Loggerhead Shrike,9,3,Sep_W3,0.0,657.0
Loggerhead Shrike,9,4,Sep_W4,0.0,766.0
Loggerhead Shrike,10,1,Oct_W1,0.0,505.0
Loggerhead Shrike,10,2,Oct_W2,0.0,568.0
Loggerhead Shrike,10,3,Oct_W3,0.0,523.0
Loggerhead Shrike,10,4,Oct_W4,0.0,632.0
Loggerhead Shrike,11,1,Nov_W1,0.0,369.0
Loggerhead Shrike,11,2,Nov_W2,0.0,337.0
Loggerhead Shrike,11,3,Nov_W3,0.0,346.0
Loggerhead Shrike,11,4,Nov_W4,0.0,492.0
Loggerhead Shrike,12,1,Dec_W1,0.0,303.0
Loggerhead Shrike,12,2,Dec_W2,0.0,335.0
Loggerhead Shrike,12,3,Dec_W3,0.0,681.0
Loggerhead Shrike,12,4,Dec_W4,0.0,600.0
Northern Shrike,1,1,Jan_W1,0.0206561,823.0
Northern Shrike,1,2,Jan_W2,0.0149533,535.0
Northern Shrike,1,3,Jan_W3,0.0127119,472.0
Northern Shrike,1,4,Jan_W4,0.0108696,644.0
Northern Shrike,2,1,Feb_W1,0.0183673,490.0
Northern Shrike,2,2,Feb_W2,0.0033956,589.0
Northern Shrike,2,3,Feb_W3,0.0088945,787.0
Northern Shrike,2,4,Feb_W4,0.0117096,427.0
Northern Shrike,3,1,Mar_W1,0.0215054,558.0
Northern Shrike,3,2,Mar_W2,0.0107858,649.0
Northern Shrike,3,3,Mar_W3,0.0197183,710.0
Northern Shrike,3,4,Mar_W4,0.0198198,1110.0
Northern Shrike,4,1,Apr_W1,0.0233593,899.0
Northern Shrike,4,2,Apr_W2,0.0074405,1344.0
Northern Shrike,4,3,Apr_W3,0.0009662,1035.0
Northern Shrike,4,4,Apr_W4,0.0,1332.0
Northern Shrike,5,1,May_W1,0.0,1283.0
Northern Shrike,5,2,May_W2,0.0,1542.0
Northern Shrike,5,3,May_W3,0.0,1501.0
Northern Shrike,5,4,May_W4,0.0,2282.0
Northern Shrike,6,1,Jun_W1,0.0,1513.0
Northern Shrike,6,2,Jun_W2,0.0,1400.0
Northern Shrike,6,3,Jun_W3,0.0,1497.0
Northern Shrike,6,4,Jun_W4,0.0,1607.0
Northern Shrike,7,1,Jul_W1,0.0,1280.0
Northern Shrike,7,2,Jul_W2,0.0,1137.0
Northern Shrike,7,3,Jul_W3,0.0,1132.0
Northern Shrike,7,4,Jul_W4,0.0,1448.0
Northern Shrike,8,1,Aug_W1,0.0,1001.0
Northern Shrike,8,2,Aug_W2,0.0,804.0
Northern Shrike,8,3,Aug_W3,0.0,836.0
Northern Shrike,8,4,Aug_W4,0.0,1035.0
Northern Shrike,9,1,Sep_W1,0.0,634.0
Northern Shrike,9,2,Sep_W2,0.0,819.0
Northern Shrike,9,3,Sep_W3,0.0,657.0
Northern Shrike,9,4,Sep_W4,0.0,766.0
Northern Shrike,10,1,Oct_W1,0.0,505.0
Northern Shrike,10,2,Oct_W2,0.0,568.0
Northern Shrike,10,3,Oct_W3,0.0,523.0
Northern Shrike,10,4,Oct_W4,0.0126582,632.0
Northern Shrike,11,1,Nov_W1,0.0108401,369.0
Northern Shrike,11,2,Nov_W2,0.0089021,337.0
Northern Shrike,11,3,Nov_W3,0.0115607,346.0
Northern Shrike,11,4,Nov_W4,0.0121951,492.0
Northern Shrike,12,1,Dec_W1,0.0132013,303.0
Northern Shrike,12,2,Dec_W2,0.0238806,335.0
Northern Shrike,12,3,Dec_W3,0.0176211,681.0
Northern Shrike,12,4,Dec_W4,0.03,600.0
Blue Jay,1,1,Jan_W1,0.3839611,823.0
Blue Jay,1,2,Jan_W2,0.446729,535.0
Blue Jay,1,3,Jan_W3,0.4766949,472.0
Blue Jay,1,4,Jan_W4,0.4767081,644.0
Blue Jay,2,1,Feb_W1,0.4836735,490.0
Blue Jay,2,2,Feb_W2,0.5059423,589.0
Blue Jay,2,3,Feb_W3,0.476493,787.0
Blue Jay,2,4,Feb_W4,0.4824356,427.0
Blue Jay,3,1,Mar_W1,0.4283154,558.0
Blue Jay,3,2,Mar_W2,0.4576271,649.0
Blue Jay,3,3,Mar_W3,0.4985915,710.0
Blue Jay,3,4,Mar_W4,0.4342342,1110.0
Blue Jay,4,1,Apr_W1,0.4349277,899.0
Blue Jay,4,2,Apr_W2,0.4151786,1344.0
Blue Jay,4,3,Apr_W3,0.47343,1035.0
Blue Jay,4,4,Apr_W4,0.4737237,1332.0
Blue Jay,5,1,May_W1,0.5339049,1283.0
Blue Jay,5,2,May_W2,0.5953307,1542.0
Blue Jay,5,3,May_W3,0.6042638,1501.0
Blue Jay,5,4,May_W4,0.5390009,2282.0
Blue Jay,6,1,Jun_W1,0.4871117,1513.0
Blue Jay,6,2,Jun_W2,0.4664286,1400.0
Blue Jay,6,3,Jun_W3,0.4081496,1497.0
Blue Jay,6,4,Jun_W4,0.4617299,1607.0
Blue Jay,7,1,Jul_W1,0.475,1280.0
Blue Jay,7,2,Jul_W2,0.4758135,1137.0
Blue Jay,7,3,Jul_W3,0.4611307,1132.0
Blue Jay,7,4,Jul_W4,0.4779006,1448.0
Blue Jay,8,1,Aug_W1,0.5344655,1001.0
Blue Jay,8,2,Aug_W2,0.5447761,804.0
Blue Jay,8,3,Aug_W3,0.5370813,836.0
Blue Jay,8,4,Aug_W4,0.5961353,1035.0
Blue Jay,9,1,Sep_W1,0.6861199,634.0
Blue Jay,9,2,Sep_W2,0.7228327,819.0
Blue Jay,9,3,Sep_W3,0.7853881,657.0
Blue Jay,9,4,Sep_W4,0.767624,766.0
Blue Jay,10,1,Oct_W1,0.6732673,505.0
Blue Jay,10,2,Oct_W2,0.6954225,568.0
Blue Jay,10,3,Oct_W3,0.6806883,523.0
Blue Jay,10,4,Oct_W4,0.6471519,632.0
Blue Jay,11,1,Nov_W1,0.6178862,369.0
Blue Jay,11,2,Nov_W2,0.6290801,337.0
Blue Jay,11,3,Nov_W3,0.5260116,346.0
Blue Jay,11,4,Nov_W4,0.4979675,492.0
Blue Jay,12,1,Dec_W1,0.5676568,303.0
Blue Jay,12,2,Dec_W2,0.5104478,335.0
Blue Jay,12,3,Dec_W3,0.4933921,681.0
Blue Jay,12,4,Dec_W4,0.4483333,600.0
Black-billed Magpie,1,1,Jan_W1,0.0,823.0
Black-billed Magpie,1,2,Jan_W2,0.0,535.0
Black-billed Magpie,1,3,Jan_W3,0.0,472.0
Black-billed Magpie,1,4,Jan_W4,0.0,644.0
Black-billed Magpie,2,1,Feb_W1,0.0,490.0
Black-billed Magpie,2,2,Feb_W2,0.0,589.0
Black-billed Magpie,2,3,Feb_W3,0.0,787.0
Black-billed Magpie,2,4,Feb_W4,0.0,427.0
Black-billed Magpie,3,1,Mar_W1,0.0,558.0
Black-billed Magpie,3,2,Mar_W2,0.0,649.0
Black-billed Magpie,3,3,Mar_W3,0.0,710.0
Black-billed Magpie,3,4,Mar_W4,0.0,1110.0
Black-billed Magpie,4,1,Apr_W1,0.0,899.0
Black-billed Magpie,4,2,Apr_W2,0.0,1344.0
Black-billed Magpie,4,3,Apr_W3,0.0,1035.0
Black-billed Magpie,4,4,Apr_W4,0.0,1332.0
Black-billed Magpie,5,1,May_W1,0.0,1283.0
Black-billed Magpie,5,2,May_W2,0.0,1542.0
Black-billed Magpie,5,3,May_W3,0.0,1501.0
Black-billed Magpie,5,4,May_W4,0.0,2282.0
Black-billed Magpie,6,1,Jun_W1,0.0015,1513.0
Black-billed Magpie,6,2,Jun_W2,0.0,1400.0
Black-billed Magpie,6,3,Jun_W3,0.0,1497.0
Black-billed Magpie,6,4,Jun_W4,0.0,1607.0
Black-billed Magpie,7,1,Jul_W1,0.0,1280.0
Black-billed Magpie,7,2,Jul_W2,0.0,1137.0
Black-billed Magpie,7,3,Jul_W3,0.0,1132.0
Black-billed Magpie,7,4,Jul_W4,0.0,1448.0
Black-billed Magpie,8,1,Aug_W1,0.0,1001.0
Black-billed Magpie,8,2,Aug_W2,0.0,804.0
Black-billed Magpie,8,3,Aug_W3,0.0,836.0
Black-billed Magpie,8,4,Aug_W4,0.0,1035.0
Black-billed Magpie,9,1,Sep_W1,0.0,634.0
Black-billed Magpie,9,2,Sep_W2,0.0,819.0
Black-billed Magpie,9,3,Sep_W3,0.0,657.0
Black-billed Magpie,9,4,Sep_W4,0.0,766.0
Black-billed Magpie,10,1,Oct_W1,0.0,505.0
Black-billed Magpie,10,2,Oct_W2,0.0,568.0
Black-billed Magpie,10,3,Oct_W3,0.0,523.0
Black-billed Magpie,10,4,Oct_W4,0.0,632.0
Black-billed Magpie,11,1,Nov_W1,0.0,369.0
Black-billed Magpie,11,2,Nov_W2,0.0,337.0
Black-billed Magpie,11,3,Nov_W3,0.0,346.0
Black-billed Magpie,11,4,Nov_W4,0.0,492.0
Black-billed Magpie,12,1,Dec_W1,0.0,303.0
Black-billed Magpie,12,2,Dec_W2,0.0,335.0
Black-billed Magpie,12,3,Dec_W3,0.0,681.0
Black-billed Magpie,12,4,Dec_W4,0.0,600.0
American Crow,1,1,Jan_W1,0.4167679,823.0
American Crow,1,2,Jan_W2,0.4654206,535.0
American Crow,1,3,Jan_W3,0.3983051,472.0
American Crow,1,4,Jan_W4,0.4363354,644.0
American Crow,2,1,Feb_W1,0.4918367,490.0
American Crow,2,2,Feb_W2,0.4923599,589.0
American Crow,2,3,Feb_W3,0.498094,787.0
American Crow,2,4,Feb_W4,0.5644028,427.0
American Crow,3,1,Mar_W1,0.5860215,558.0
American Crow,3,2,Mar_W2,0.633282,649.0
American Crow,3,3,Mar_W3,0.6661972,710.0
American Crow,3,4,Mar_W4,0.6207207,1110.0
American Crow,4,1,Apr_W1,0.6362625,899.0
American Crow,4,2,Apr_W2,0.5848214,1344.0
American Crow,4,3,Apr_W3,0.5690821,1035.0
American Crow,4,4,Apr_W4,0.5690691,1332.0
American Crow,5,1,May_W1,0.5557288,1283.0
American Crow,5,2,May_W2,0.5538262,1542.0
American Crow,5,3,May_W3,0.532978,1501.0
American Crow,5,4,May_W4,0.5521472,2282.0
American Crow,6,1,Jun_W1,0.494382,1513.0
American Crow,6,2,Jun_W2,0.4935714,1400.0
American Crow,6,3,Jun_W3,0.4502338,1497.0
American Crow,6,4,Jun_W4,0.4660859,1607.0
American Crow,7,1,Jul_W1,0.4609375,1280.0
American Crow,7,2,Jul_W2,0.4705365,1137.0
American Crow,7,3,Jul_W3,0.4567138,1132.0
American Crow,7,4,Jul_W4,0.4433702,1448.0
American Crow,8,1,Aug_W1,0.4515485,1001.0
American Crow,8,2,Aug_W2,0.4539801,804.0
American Crow,8,3,Aug_W3,0.4557416,836.0
American Crow,8,4,Aug_W4,0.4657005,1035.0
American Crow,9,1,Sep_W1,0.4589905,634.0
American Crow,9,2,Sep_W2,0.5201465,819.0
American Crow,9,3,Sep_W3,0.5585997,657.0
American Crow,9,4,Sep_W4,0.5326371,766.0
American Crow,10,1,Oct_W1,0.5683168,505.0
American Crow,10,2,Oct_W2,0.5246479,568.0
American Crow,10,3,Oct_W3,0.5506692,523.0
American Crow,10,4,Oct_W4,0.5063291,632.0
American Crow,11,1,Nov_W1,0.4498645,369.0
American Crow,11,2,Nov_W2,0.5133531,337.0
American Crow,11,3,Nov_W3,0.4682081,346.0
American Crow,11,4,Nov_W4,0.4776423,492.0
American Crow,12,1,Dec_W1,0.4752475,303.0
American Crow,12,2,Dec_W2,0.4776119,335.0
American Crow,12,3,Dec_W3,0.5903084,681.0
American Crow,12,4,Dec_W4,0.4383333,600.0
Pied Crow,1,1,Jan_W1,0.0,823.0
Pied Crow,1,2,Jan_W2,0.0,535.0
Pied Crow,1,3,Jan_W3,0.0,472.0
Pied Crow,1,4,Jan_W4,0.0,644.0
Pied Crow,2,1,Feb_W1,0.0,490.0
Pied Crow,2,2,Feb_W2,0.0,589.0
Pied Crow,2,3,Feb_W3,0.0,787.0
Pied Crow,2,4,Feb_W4,0.0,427.0
Pied Crow,3,1,Mar_W1,0.0,558.0
Pied Crow,3,2,Mar_W2,0.0,649.0
Pied Crow,3,3,Mar_W3,0.0,710.0
Pied Crow,3,4,Mar_W4,0.0,1110.0
Pied Crow,4,1,Apr_W1,0.0,899.0
Pied Crow,4,2,Apr_W2,0.0,1344.0
Pied Crow,4,3,Apr_W3,0.0,1035.0
Pied Crow,4,4,Apr_W4,0.0,1332.0
Pied Crow,5,1,May_W1,0.0,1283.0
Pied Crow,5,2,May_W2,0.0,1542.0
Pied Crow,5,3,May_W3,0.0,1501.0
Pied Crow,5,4,May_W4,0.0,2282.0
Pied Crow,6,1,Jun_W1,0.0,1513.0
Pied Crow,6,2,Jun_W2,0.0,1400.0
Pied Crow,6,3,Jun_W3,0.0,1497.0
Pied Crow,6,4,Jun_W4,0.0,1607.0
Pied Crow,7,1,Jul_W1,0.0,1280.0
Pied Crow,7,2,Jul_W2,0.0015,1137.0
Pied Crow,7,3,Jul_W3,0.0,1132.0
Pied Crow,7,4,Jul_W4,0.0,1448.0
Pied Crow,8,1,Aug_W1,0.0,1001.0
Pied Crow,8,2,Aug_W2,0.0,804.0
Pied Crow,8,3,Aug_W3,0.0,836.0
Pied Crow,8,4,Aug_W4,0.0,1035.0
Pied Crow,9,1,Sep_W1,0.0,634.0
Pied Crow,9,2,Sep_W2,0.0,819.0
Pied Crow,9,3,Sep_W3,0.0,657.0
Pied Crow,9,4,Sep_W4,0.0,766.0
Pied Crow,10,1,Oct_W1,0.0,505.0
Pied Crow,10,2,Oct_W2,0.0,568.0
Pied Crow,10,3,Oct_W3,0.0,523.0
Pied Crow,10,4,Oct_W4,0.0,632.0
Pied Crow,11,1,Nov_W1,0.0,369.0
Pied Crow,11,2,Nov_W2,0.0,337.0
Pied Crow,11,3,Nov_W3,0.0,346.0
Pied Crow,11,4,Nov_W4,0.0,492.0
Pied Crow,12,1,Dec_W1,0.0,303.0
Pied Crow,12,2,Dec_W2,0.0,335.0
Pied Crow,12,3,Dec_W3,0.0,681.0
Pied Crow,12,4,Dec_W4,0.0,600.0
Common Raven,1,1,Jan_W1,0.1506683,823.0
Common Raven,1,2,Jan_W2,0.1588785,535.0
Common Raven,1,3,Jan_W3,0.1334746,472.0
Common Raven,1,4,Jan_W4,0.1071429,644.0
Common Raven,2,1,Feb_W1,0.1346939,490.0
Common Raven,2,2,Feb_W2,0.147708,589.0
Common Raven,2,3,Feb_W3,0.1346887,787.0
Common Raven,2,4,Feb_W4,0.1100703,427.0
Common Raven,3,1,Mar_W1,0.1200717,558.0
Common Raven,3,2,Mar_W2,0.1540832,649.0
Common Raven,3,3,Mar_W3,0.1633803,710.0
Common Raven,3,4,Mar_W4,0.1540541,1110.0
Common Raven,4,1,Apr_W1,0.1813126,899.0
Common Raven,4,2,Apr_W2,0.1659226,1344.0
Common Raven,4,3,Apr_W3,0.1768116,1035.0
Common Raven,4,4,Apr_W4,0.201952,1332.0
Common Raven,5,1,May_W1,0.2143414,1283.0
Common Raven,5,2,May_W2,0.1971466,1542.0
Common Raven,5,3,May_W3,0.1778814,1501.0
Common Raven,5,4,May_W4,0.159071,2282.0
Common Raven,6,1,Jun_W1,0.1348315,1513.0
Common Raven,6,2,Jun_W2,0.115,1400.0
Common Raven,6,3,Jun_W3,0.0901804,1497.0
Common Raven,6,4,Jun_W4,0.0871189,1607.0
Common Raven,7,1,Jul_W1,0.0773438,1280.0
Common Raven,7,2,Jul_W2,0.0870712,1137.0
Common Raven,7,3,Jul_W3,0.0848057,1132.0
Common Raven,7,4,Jul_W4,0.0883978,1448.0
Common Raven,8,1,Aug_W1,0.0969031,1001.0
Common Raven,8,2,Aug_W2,0.1318408,804.0
Common Raven,8,3,Aug_W3,0.1279904,836.0
Common Raven,8,4,Aug_W4,0.1371981,1035.0
Common Raven,9,1,Sep_W1,0.1293375,634.0
Common Raven,9,2,Sep_W2,0.1550672,819.0
Common Raven,9,3,Sep_W3,0.1917808,657.0
Common Raven,9,4,Sep_W4,0.1657963,766.0
Common Raven,10,1,Oct_W1,0.1861386,505.0
Common Raven,10,2,Oct_W2,0.1690141,568.0
Common Raven,10,3,Oct_W3,0.1739962,523.0
Common Raven,10,4,Oct_W4,0.1787975,632.0
Common Raven,11,1,Nov_W1,0.1598916,369.0
Common Raven,11,2,Nov_W2,0.1661721,337.0
Common Raven,11,3,Nov_W3,0.1271676,346.0
Common Raven,11,4,Nov_W4,0.1239837,492.0
Common Raven,12,1,Dec_W1,0.1650165,303.0
Common Raven,12,2,Dec_W2,0.1313433,335.0
Common Raven,12,3,Dec_W3,0.1556535,681.0
Common Raven,12,4,Dec_W4,0.13,600.0
Black-capped Chickadee,1,1,Jan_W1,0.5030377,823.0
Black-capped Chickadee,1,2,Jan_W2,0.5700935,535.0
Black-capped Chickadee,1,3,Jan_W3,0.565678,472.0
Black-capped Chickadee,1,4,Jan_W4,0.6086957,644.0
Black-capped Chickadee,2,1,Feb_W1,0.6081633,490.0
Black-capped Chickadee,2,2,Feb_W2,0.6112054,589.0
Black-capped Chickadee,2,3,Feb_W3,0.6620076,787.0
Black-capped Chickadee,2,4,Feb_W4,0.6697892,427.0
Black-capped Chickadee,3,1,Mar_W1,0.6326165,558.0
Black-capped Chickadee,3,2,Mar_W2,0.5793529,649.0
Black-capped Chickadee,3,3,Mar_W3,0.584507,710.0
Black-capped Chickadee,3,4,Mar_W4,0.5585586,1110.0
Black-capped Chickadee,4,1,Apr_W1,0.5539488,899.0
Black-capped Chickadee,4,2,Apr_W2,0.5238095,1344.0
Black-capped Chickadee,4,3,Apr_W3,0.5584541,1035.0
Black-capped Chickadee,4,4,Apr_W4,0.5097598,1332.0
Black-capped Chickadee,5,1,May_W1,0.5370226,1283.0
Black-capped Chickadee,5,2,May_W2,0.5693904,1542.0
Black-capped Chickadee,5,3,May_W3,0.5129913,1501.0
Black-capped Chickadee,5,4,May_W4,0.4728309,2282.0
Black-capped Chickadee,6,1,Jun_W1,0.4044944,1513.0
Black-capped Chickadee,6,2,Jun_W2,0.4,1400.0
Black-capped Chickadee,6,3,Jun_W3,0.3700735,1497.0
Black-capped Chickadee,6,4,Jun_W4,0.4075918,1607.0
Black-capped Chickadee,7,1,Jul_W1,0.4578125,1280.0
Black-capped Chickadee,7,2,Jul_W2,0.4863676,1137.0
Black-capped Chickadee,7,3,Jul_W3,0.4664311,1132.0
Black-capped Chickadee,7,4,Jul_W4,0.5006906,1448.0
Black-capped Chickadee,8,1,Aug_W1,0.5234765,1001.0
Black-capped Chickadee,8,2,Aug_W2,0.5671642,804.0
Black-capped Chickadee,8,3,Aug_W3,0.5705742,836.0
Black-capped Chickadee,8,4,Aug_W4,0.5603865,1035.0
Black-capped Chickadee,9,1,Sep_W1,0.6198738,634.0
Black-capped Chickadee,9,2,Sep_W2,0.6483516,819.0
Black-capped Chickadee,9,3,Sep_W3,0.6590563,657.0
Black-capped Chickadee,9,4,Sep_W4,0.656658,766.0
Black-capped Chickadee,10,1,Oct_W1,0.6475248,505.0
Black-capped Chickadee,10,2,Oct_W2,0.6390845,568.0
Black-capped Chickadee,10,3,Oct_W3,0.6711281,523.0
Black-capped Chickadee,10,4,Oct_W4,0.6677215,632.0
Black-capped Chickadee,11,1,Nov_W1,0.6422764,369.0
Black-capped Chickadee,11,2,Nov_W2,0.7299703,337.0
Black-capped Chickadee,11,3,Nov_W3,0.6647399,346.0
Black-capped Chickadee,11,4,Nov_W4,0.6686992,492.0
Black-capped Chickadee,12,1,Dec_W1,0.689769,303.0
Black-capped Chickadee,12,2,Dec_W2,0.6955224,335.0
Black-capped Chickadee,12,3,Dec_W3,0.6549192,681.0
Black-capped Chickadee,12,4,Dec_W4,0.585,600.0
Tufted Titmouse,1,1,Jan_W1,0.2126367,823.0
Tufted Titmouse,1,2,Jan_W2,0.2542056,535.0
Tufted Titmouse,1,3,Jan_W3,0.2775424,472.0
Tufted Titmouse,1,4,Jan_W4,0.3121118,644.0
Tufted Titmouse,2,1,Feb_W1,0.3142857,490.0
Tufted Titmouse,2,2,Feb_W2,0.2920204,589.0
Tufted Titmouse,2,3,Feb_W3,0.3545108,787.0
Tufted Titmouse,2,4,Feb_W4,0.3723653,427.0
Tufted Titmouse,3,1,Mar_W1,0.311828,558.0
Tufted Titmouse,3,2,Mar_W2,0.2742681,649.0
Tufted Titmouse,3,3,Mar_W3,0.2915493,710.0
Tufted Titmouse,3,4,Mar_W4,0.2279279,1110.0
Tufted Titmouse,4,1,Apr_W1,0.2046719,899.0
Tufted Titmouse,4,2,Apr_W2,0.1949405,1344.0
Tufted Titmouse,4,3,Apr_W3,0.2048309,1035.0
Tufted Titmouse,4,4,Apr_W4,0.1726727,1332.0
Tufted Titmouse,5,1,May_W1,0.2112237,1283.0
Tufted Titmouse,5,2,May_W2,0.2224384,1542.0
Tufted Titmouse,5,3,May_W3,0.1938708,1501.0
Tufted Titmouse,5,4,May_W4,0.1744084,2282.0
Tufted Titmouse,6,1,Jun_W1,0.1599471,1513.0
Tufted Titmouse,6,2,Jun_W2,0.1414286,1400.0
Tufted Titmouse,6,3,Jun_W3,0.1262525,1497.0
Tufted Titmouse,6,4,Jun_W4,0.1306783,1607.0
Tufted Titmouse,7,1,Jul_W1,0.1515625,1280.0
Tufted Titmouse,7,2,Jul_W2,0.1372032,1137.0
Tufted Titmouse,7,3,Jul_W3,0.1422261,1132.0
Tufted Titmouse,7,4,Jul_W4,0.1429558,1448.0
Tufted Titmouse,8,1,Aug_W1,0.1738262,1001.0
Tufted Titmouse,8,2,Aug_W2,0.1393035,804.0
Tufted Titmouse,8,3,Aug_W3,0.1279904,836.0
Tufted Titmouse,8,4,Aug_W4,0.1391304,1035.0
Tufted Titmouse,9,1,Sep_W1,0.1388013,634.0
Tufted Titmouse,9,2,Sep_W2,0.1355311,819.0
Tufted Titmouse,9,3,Sep_W3,0.1552511,657.0
Tufted Titmouse,9,4,Sep_W4,0.1749347,766.0
Tufted Titmouse,10,1,Oct_W1,0.1762376,505.0
Tufted Titmouse,10,2,Oct_W2,0.1514085,568.0
Tufted Titmouse,10,3,Oct_W3,0.1873805,523.0
Tufted Titmouse,10,4,Oct_W4,0.1914557,632.0
Tufted Titmouse,11,1,Nov_W1,0.195122,369.0
Tufted Titmouse,11,2,Nov_W2,0.2522255,337.0
Tufted Titmouse,11,3,Nov_W3,0.2601156,346.0
Tufted Titmouse,11,4,Nov_W4,0.2723577,492.0
Tufted Titmouse,12,1,Dec_W1,0.290429,303.0
Tufted Titmouse,12,2,Dec_W2,0.3402985,335.0
Tufted Titmouse,12,3,Dec_W3,0.2217327,681.0
Tufted Titmouse,12,4,Dec_W4,0.2466667,600.0
Horned Lark,1,1,Jan_W1,0.0,823.0
Horned Lark,1,2,Jan_W2,0.0015,535.0
Horned Lark,1,3,Jan_W3,0.0,472.0
Horned Lark,1,4,Jan_W4,0.0,644.0
Horned Lark,2,1,Feb_W1,0.0020408,490.0
Horned Lark,2,2,Feb_W2,0.0033956,589.0
Horned Lark,2,3,Feb_W3,0.0015,787.0
Horned Lark,2,4,Feb_W4,0.0046838,427.0
Horned Lark,3,1,Mar_W1,0.0053763,558.0
Horned Lark,3,2,Mar_W2,0.0138675,649.0
Horned Lark,3,3,Mar_W3,0.0070423,710.0
Horned Lark,3,4,Mar_W4,0.0054054,1110.0
Horned Lark,4,1,Apr_W1,0.003337,899.0
Horned Lark,4,2,Apr_W2,0.0029762,1344.0
Horned Lark,4,3,Apr_W3,0.0048309,1035.0
Horned Lark,4,4,Apr_W4,0.0082583,1332.0
Horned Lark,5,1,May_W1,0.0077942,1283.0
Horned Lark,5,2,May_W2,0.0051881,1542.0
Horned Lark,5,3,May_W3,0.0039973,1501.0
Horned Lark,5,4,May_W4,0.0039439,2282.0
Horned Lark,6,1,Jun_W1,0.0046266,1513.0
Horned Lark,6,2,Jun_W2,0.0014286,1400.0
Horned Lark,6,3,Jun_W3,0.001336,1497.0
Horned Lark,6,4,Jun_W4,0.0012446,1607.0
Horned Lark,7,1,Jul_W1,0.0015625,1280.0
Horned Lark,7,2,Jul_W2,0.0015,1137.0
Horned Lark,7,3,Jul_W3,0.0015,1132.0
Horned Lark,7,4,Jul_W4,0.0013812,1448.0
Horned Lark,8,1,Aug_W1,0.000999,1001.0
Horned Lark,8,2,Aug_W2,0.0015,804.0
Horned Lark,8,3,Aug_W3,0.0,836.0
Horned Lark,8,4,Aug_W4,0.0009662,1035.0
Horned Lark,9,1,Sep_W1,0.0,634.0
Horned Lark,9,2,Sep_W2,0.004884,819.0
Horned Lark,9,3,Sep_W3,0.0030441,657.0
Horned Lark,9,4,Sep_W4,0.0182768,766.0
Horned Lark,10,1,Oct_W1,0.0435644,505.0
Horned Lark,10,2,Oct_W2,0.0545775,568.0
Horned Lark,10,3,Oct_W3,0.0229446,523.0
Horned Lark,10,4,Oct_W4,0.0268987,632.0
Horned Lark,11,1,Nov_W1,0.0081301,369.0
Horned Lark,11,2,Nov_W2,0.0059347,337.0
Horned Lark,11,3,Nov_W3,0.0028902,346.0
Horned Lark,11,4,Nov_W4,0.0060976,492.0
Horned Lark,12,1,Dec_W1,0.0,303.0
Horned Lark,12,2,Dec_W2,0.0,335.0
Horned Lark,12,3,Dec_W3,0.0,681.0
Horned Lark,12,4,Dec_W4,0.0016667,600.0
Bank Swallow,1,1,Jan_W1,0.0,823.0
Bank Swallow,1,2,Jan_W2,0.0,535.0
Bank Swallow,1,3,Jan_W3,0.0,472.0
Bank Swallow,1,4,Jan_W4,0.0,644.0
Bank Swallow,2,1,Feb_W1,0.0,490.0
Bank Swallow,2,2,Feb_W2,0.0,589.0
Bank Swallow,2,3,Feb_W3,0.0,787.0
Bank Swallow,2,4,Feb_W4,0.0,427.0
Bank Swallow,3,1,Mar_W1,0.0,558.0
Bank Swallow,3,2,Mar_W2,0.0,649.0
Bank Swallow,3,3,Mar_W3,0.0,710.0
Bank Swallow,3,4,Mar_W4,0.0,1110.0
Bank Swallow,4,1,Apr_W1,0.0,899.0
Bank Swallow,4,2,Apr_W2,0.0,1344.0
Bank Swallow,4,3,Apr_W3,0.0,1035.0
Bank Swallow,4,4,Apr_W4,0.003003,1332.0
Bank Swallow,5,1,May_W1,0.0124708,1283.0
Bank Swallow,5,2,May_W2,0.0201038,1542.0
Bank Swallow,5,3,May_W3,0.0219853,1501.0
Bank Swallow,5,4,May_W4,0.0346188,2282.0
Bank Swallow,6,1,Jun_W1,0.0389954,1513.0
Bank Swallow,6,2,Jun_W2,0.0328571,1400.0
Bank Swallow,6,3,Jun_W3,0.0327321,1497.0
Bank Swallow,6,4,Jun_W4,0.022402,1607.0
Bank Swallow,7,1,Jul_W1,0.025,1280.0
Bank Swallow,7,2,Jul_W2,0.0334213,1137.0
Bank Swallow,7,3,Jul_W3,0.0176678,1132.0
Bank Swallow,7,4,Jul_W4,0.0082873,1448.0
Bank Swallow,8,1,Aug_W1,0.008991,1001.0
Bank Swallow,8,2,Aug_W2,0.0037313,804.0
Bank Swallow,8,3,Aug_W3,0.0035885,836.0
Bank Swallow,8,4,Aug_W4,0.0,1035.0
Bank Swallow,9,1,Sep_W1,0.0,634.0
Bank Swallow,9,2,Sep_W2,0.0015,819.0
Bank Swallow,9,3,Sep_W3,0.0,657.0
Bank Swallow,9,4,Sep_W4,0.0,766.0
Bank Swallow,10,1,Oct_W1,0.0,505.0
Bank Swallow,10,2,Oct_W2,0.0,568.0
Bank Swallow,10,3,Oct_W3,0.0,523.0
Bank Swallow,10,4,Oct_W4,0.0,632.0
Bank Swallow,11,1,Nov_W1,0.0,369.0
Bank Swallow,11,2,Nov_W2,0.0,337.0
Bank Swallow,11,3,Nov_W3,0.0,346.0
Bank Swallow,11,4,Nov_W4,0.0,492.0
Bank Swallow,12,1,Dec_W1,0.0,303.0
Bank Swallow,12,2,Dec_W2,0.0,335.0
Bank Swallow,12,3,Dec_W3,0.0,681.0
Bank Swallow,12,4,Dec_W4,0.0,600.0
Tree Swallow,1,1,Jan_W1,0.0,823.0
Tree Swallow,1,2,Jan_W2,0.0,535.0
Tree Swallow,1,3,Jan_W3,0.0,472.0
Tree Swallow,1,4,Jan_W4,0.0,644.0
Tree Swallow,2,1,Feb_W1,0.0,490.0
Tree Swallow,2,2,Feb_W2,0.0,589.0
Tree Swallow,2,3,Feb_W3,0.0,787.0
Tree Swallow,2,4,Feb_W4,0.0,427.0
Tree Swallow,3,1,Mar_W1,0.0,558.0
Tree Swallow,3,2,Mar_W2,0.0,649.0
Tree Swallow,3,3,Mar_W3,0.0014085,710.0
Tree Swallow,3,4,Mar_W4,0.0036036,1110.0
Tree Swallow,4,1,Apr_W1,0.0300334,899.0
Tree Swallow,4,2,Apr_W2,0.1205357,1344.0
Tree Swallow,4,3,Apr_W3,0.1362319,1035.0
Tree Swallow,4,4,Apr_W4,0.2515015,1332.0
Tree Swallow,5,1,May_W1,0.2774747,1283.0
Tree Swallow,5,2,May_W2,0.271725,1542.0
Tree Swallow,5,3,May_W3,0.236509,1501.0
Tree Swallow,5,4,May_W4,0.2134093,2282.0
Tree Swallow,6,1,Jun_W1,0.1969597,1513.0
Tree Swallow,6,2,Jun_W2,0.1664286,1400.0
Tree Swallow,6,3,Jun_W3,0.1656647,1497.0
Tree Swallow,6,4,Jun_W4,0.1331674,1607.0
Tree Swallow,7,1,Jul_W1,0.1101562,1280.0
Tree Swallow,7,2,Jul_W2,0.0686016,1137.0
Tree Swallow,7,3,Jul_W3,0.0388693,1132.0
Tree Swallow,7,4,Jul_W4,0.019337,1448.0
Tree Swallow,8,1,Aug_W1,0.024975,1001.0
Tree Swallow,8,2,Aug_W2,0.0136816,804.0
Tree Swallow,8,3,Aug_W3,0.0059809,836.0
Tree Swallow,8,4,Aug_W4,0.0028986,1035.0
Tree Swallow,9,1,Sep_W1,0.0015773,634.0
Tree Swallow,9,2,Sep_W2,0.002442,819.0
Tree Swallow,9,3,Sep_W3,0.0015221,657.0
Tree Swallow,9,4,Sep_W4,0.0,766.0
Tree Swallow,10,1,Oct_W1,0.0,505.0
Tree Swallow,10,2,Oct_W2,0.0017606,568.0
Tree Swallow,10,3,Oct_W3,0.0,523.0
Tree Swallow,10,4,Oct_W4,0.0,632.0
Tree Swallow,11,1,Nov_W1,0.0,369.0
Tree Swallow,11,2,Nov_W2,0.0,337.0
Tree Swallow,11,3,Nov_W3,0.0,346.0
Tree Swallow,11,4,Nov_W4,0.0,492.0
Tree Swallow,12,1,Dec_W1,0.0,303.0
Tree Swallow,12,2,Dec_W2,0.0,335.0
Tree Swallow,12,3,Dec_W3,0.0,681.0
Tree Swallow,12,4,Dec_W4,0.0,600.0
Purple Martin,1,1,Jan_W1,0.0,823.0
Purple Martin,1,2,Jan_W2,0.0,535.0
Purple Martin,1,3,Jan_W3,0.0,472.0
Purple Martin,1,4,Jan_W4,0.0,644.0
Purple Martin,2,1,Feb_W1,0.0,490.0
Purple Martin,2,2,Feb_W2,0.0,589.0
Purple Martin,2,3,Feb_W3,0.0,787.0
Purple Martin,2,4,Feb_W4,0.0,427.0
Purple Martin,3,1,Mar_W1,0.0,558.0
Purple Martin,3,2,Mar_W2,0.0,649.0
Purple Martin,3,3,Mar_W3,0.0,710.0
Purple Martin,3,4,Mar_W4,0.0,1110.0
Purple Martin,4,1,Apr_W1,0.0,899.0
Purple Martin,4,2,Apr_W2,0.0,1344.0
Purple Martin,4,3,Apr_W3,0.0,1035.0
Purple Martin,4,4,Apr_W4,0.0015015,1332.0
Purple Martin,5,1,May_W1,0.0077942,1283.0
Purple Martin,5,2,May_W2,0.0064851,1542.0
Purple Martin,5,3,May_W3,0.0046636,1501.0
Purple Martin,5,4,May_W4,0.0052585,2282.0
Purple Martin,6,1,Jun_W1,0.0066094,1513.0
Purple Martin,6,2,Jun_W2,0.005,1400.0
Purple Martin,6,3,Jun_W3,0.00334,1497.0
Purple Martin,6,4,Jun_W4,0.0018668,1607.0
Purple Martin,7,1,Jul_W1,0.0007813,1280.0
Purple Martin,7,2,Jul_W2,0.0061566,1137.0
Purple Martin,7,3,Jul_W3,0.0061837,1132.0
Purple Martin,7,4,Jul_W4,0.0103591,1448.0
Purple Martin,8,1,Aug_W1,0.007992,1001.0
Purple Martin,8,2,Aug_W2,0.0049751,804.0
Purple Martin,8,3,Aug_W3,0.0023923,836.0
Purple Martin,8,4,Aug_W4,0.0009662,1035.0
Purple Martin,9,1,Sep_W1,0.0,634.0
Purple Martin,9,2,Sep_W2,0.0,819.0
Purple Martin,9,3,Sep_W3,0.0,657.0
Purple Martin,9,4,Sep_W4,0.0,766.0
Purple Martin,10,1,Oct_W1,0.0,505.0
Purple Martin,10,2,Oct_W2,0.0,568.0
Purple Martin,10,3,Oct_W3,0.0,523.0
Purple Martin,10,4,Oct_W4,0.0,632.0
Purple Martin,11,1,Nov_W1,0.0,369.0
Purple Martin,11,2,Nov_W2,0.0,337.0
Purple Martin,11,3,Nov_W3,0.0,346.0
Purple Martin,11,4,Nov_W4,0.0,492.0
Purple Martin,12,1,Dec_W1,0.0,303.0
Purple Martin,12,2,Dec_W2,0.0,335.0
Purple Martin,12,3,Dec_W3,0.0,681.0
Purple Martin,12,4,Dec_W4,0.0,600.0
Northern Rough-winged Swallow,1,1,Jan_W1,0.0,823.0
Northern Rough-winged Swallow,1,2,Jan_W2,0.0,535.0
Northern Rough-winged Swallow,1,3,Jan_W3,0.0,472.0
Northern Rough-winged Swallow,1,4,Jan_W4,0.0,644.0
Northern Rough-winged Swallow,2,1,Feb_W1,0.0,490.0
Northern Rough-winged Swallow,2,2,Feb_W2,0.0,589.0
Northern Rough-winged Swallow,2,3,Feb_W3,0.0,787.0
Northern Rough-winged Swallow,2,4,Feb_W4,0.0,427.0
Northern Rough-winged Swallow,3,1,Mar_W1,0.0,558.0
Northern Rough-winged Swallow,3,2,Mar_W2,0.0,649.0
Northern Rough-winged Swallow,3,3,Mar_W3,0.0,710.0
Northern Rough-winged Swallow,3,4,Mar_W4,0.0,1110.0
Northern Rough-winged Swallow,4,1,Apr_W1,0.0,899.0
Northern Rough-winged Swallow,4,2,Apr_W2,0.0,1344.0
Northern Rough-winged Swallow,4,3,Apr_W3,0.0,1035.0
Northern Rough-winged Swallow,4,4,Apr_W4,0.0067568,1332.0
Northern Rough-winged Swallow,5,1,May_W1,0.0241621,1283.0
Northern Rough-winged Swallow,5,2,May_W2,0.0285344,1542.0
Northern Rough-winged Swallow,5,3,May_W3,0.02998,1501.0
Northern Rough-winged Swallow,5,4,May_W4,0.0254163,2282.0
Northern Rough-winged Swallow,6,1,Jun_W1,0.0330469,1513.0
Northern Rough-winged Swallow,6,2,Jun_W2,0.0185714,1400.0
Northern Rough-winged Swallow,6,3,Jun_W3,0.0253841,1497.0
Northern Rough-winged Swallow,6,4,Jun_W4,0.011201,1607.0
Northern Rough-winged Swallow,7,1,Jul_W1,0.0078125,1280.0
Northern Rough-winged Swallow,7,2,Jul_W2,0.0140721,1137.0
Northern Rough-winged Swallow,7,3,Jul_W3,0.0176678,1132.0
Northern Rough-winged Swallow,7,4,Jul_W4,0.003453,1448.0
Northern Rough-winged Swallow,8,1,Aug_W1,0.002997,1001.0
Northern Rough-winged Swallow,8,2,Aug_W2,0.0049751,804.0
Northern Rough-winged Swallow,8,3,Aug_W3,0.0023923,836.0
Northern Rough-winged Swallow,8,4,Aug_W4,0.0019324,1035.0
Northern Rough-winged Swallow,9,1,Sep_W1,0.0,634.0
Northern Rough-winged Swallow,9,2,Sep_W2,0.0,819.0
Northern Rough-winged Swallow,9,3,Sep_W3,0.0,657.0
Northern Rough-winged Swallow,9,4,Sep_W4,0.0,766.0
Northern Rough-winged Swallow,10,1,Oct_W1,0.0,505.0
Northern Rough-winged Swallow,10,2,Oct_W2,0.0,568.0
Northern Rough-winged Swallow,10,3,Oct_W3,0.0,523.0
Northern Rough-winged Swallow,10,4,Oct_W4,0.0,632.0
Northern Rough-winged Swallow,11,1,Nov_W1,0.0,369.0
Northern Rough-winged Swallow,11,2,Nov_W2,0.0,337.0
Northern Rough-winged Swallow,11,3,Nov_W3,0.0,346.0
Northern Rough-winged Swallow,11,4,Nov_W4,0.0,492.0
Northern Rough-winged Swallow,12,1,Dec_W1,0.0,303.0
Northern Rough-winged Swallow,12,2,Dec_W2,0.0,335.0
Northern Rough-winged Swallow,12,3,Dec_W3,0.0,681.0
Northern Rough-winged Swallow,12,4,Dec_W4,0.0,600.0
Barn Swallow,1,1,Jan_W1,0.0,823.0
Barn Swallow,1,2,Jan_W2,0.0,535.0
Barn Swallow,1,3,Jan_W3,0.0,472.0
Barn Swallow,1,4,Jan_W4,0.0,644.0
Barn Swallow,2,1,Feb_W1,0.0,490.0
Barn Swallow,2,2,Feb_W2,0.0,589.0
Barn Swallow,2,3,Feb_W3,0.0,787.0
Barn Swallow,2,4,Feb_W4,0.0,427.0
Barn Swallow,3,1,Mar_W1,0.0,558.0
Barn Swallow,3,2,Mar_W2,0.0,649.0
Barn Swallow,3,3,Mar_W3,0.0,710.0
Barn Swallow,3,4,Mar_W4,0.0,1110.0
Barn Swallow,4,1,Apr_W1,0.0022247,899.0
Barn Swallow,4,2,Apr_W2,0.0044643,1344.0
Barn Swallow,4,3,Apr_W3,0.0096618,1035.0
Barn Swallow,4,4,Apr_W4,0.0578078,1332.0
Barn Swallow,5,1,May_W1,0.0685892,1283.0
Barn Swallow,5,2,May_W2,0.1057069,1542.0
Barn Swallow,5,3,May_W3,0.1172552,1501.0
Barn Swallow,5,4,May_W4,0.1468011,2282.0
Barn Swallow,6,1,Jun_W1,0.150694,1513.0
Barn Swallow,6,2,Jun_W2,0.1278571,1400.0
Barn Swallow,6,3,Jun_W3,0.1195725,1497.0
Barn Swallow,6,4,Jun_W4,0.0976976,1607.0
Barn Swallow,7,1,Jul_W1,0.125,1280.0
Barn Swallow,7,2,Jul_W2,0.1486368,1137.0
Barn Swallow,7,3,Jul_W3,0.0971731,1132.0
Barn Swallow,7,4,Jul_W4,0.1029006,1448.0
Barn Swallow,8,1,Aug_W1,0.1118881,1001.0
Barn Swallow,8,2,Aug_W2,0.0783582,804.0
Barn Swallow,8,3,Aug_W3,0.0657895,836.0
Barn Swallow,8,4,Aug_W4,0.026087,1035.0
Barn Swallow,9,1,Sep_W1,0.0094637,634.0
Barn Swallow,9,2,Sep_W2,0.002442,819.0
Barn Swallow,9,3,Sep_W3,0.0,657.0
Barn Swallow,9,4,Sep_W4,0.0,766.0
Barn Swallow,10,1,Oct_W1,0.0,505.0
Barn Swallow,10,2,Oct_W2,0.0,568.0
Barn Swallow,10,3,Oct_W3,0.0,523.0
Barn Swallow,10,4,Oct_W4,0.0,632.0
Barn Swallow,11,1,Nov_W1,0.0,369.0
Barn Swallow,11,2,Nov_W2,0.0,337.0
Barn Swallow,11,3,Nov_W3,0.0,346.0
Barn Swallow,11,4,Nov_W4,0.0,492.0
Barn Swallow,12,1,Dec_W1,0.0,303.0
Barn Swallow,12,2,Dec_W2,0.0,335.0
Barn Swallow,12,3,Dec_W3,0.0,681.0
Barn Swallow,12,4,Dec_W4,0.0,600.0
Cliff Swallow,1,1,Jan_W1,0.0,823.0
Cliff Swallow,1,2,Jan_W2,0.0,535.0
Cliff Swallow,1,3,Jan_W3,0.0,472.0
Cliff Swallow,1,4,Jan_W4,0.0,644.0
Cliff Swallow,2,1,Feb_W1,0.0,490.0
Cliff Swallow,2,2,Feb_W2,0.0,589.0
Cliff Swallow,2,3,Feb_W3,0.0,787.0
Cliff Swallow,2,4,Feb_W4,0.0,427.0
Cliff Swallow,3,1,Mar_W1,0.0,558.0
Cliff Swallow,3,2,Mar_W2,0.0,649.0
Cliff Swallow,3,3,Mar_W3,0.0,710.0
Cliff Swallow,3,4,Mar_W4,0.0,1110.0
Cliff Swallow,4,1,Apr_W1,0.0,899.0
Cliff Swallow,4,2,Apr_W2,0.0,1344.0
Cliff Swallow,4,3,Apr_W3,0.0,1035.0
Cliff Swallow,4,4,Apr_W4,0.0015,1332.0
Cliff Swallow,5,1,May_W1,0.0031177,1283.0
Cliff Swallow,5,2,May_W2,0.0038911,1542.0
Cliff Swallow,5,3,May_W3,0.0046636,1501.0
Cliff Swallow,5,4,May_W4,0.0056968,2282.0
Cliff Swallow,6,1,Jun_W1,0.0066094,1513.0
Cliff Swallow,6,2,Jun_W2,0.0071429,1400.0
Cliff Swallow,6,3,Jun_W3,0.004008,1497.0
Cliff Swallow,6,4,Jun_W4,0.0056005,1607.0
Cliff Swallow,7,1,Jul_W1,0.0085938,1280.0
Cliff Swallow,7,2,Jul_W2,0.001759,1137.0
Cliff Swallow,7,3,Jul_W3,0.0026502,1132.0
Cliff Swallow,7,4,Jul_W4,0.0,1448.0
Cliff Swallow,8,1,Aug_W1,0.002997,1001.0
Cliff Swallow,8,2,Aug_W2,0.0024876,804.0
Cliff Swallow,8,3,Aug_W3,0.0011962,836.0
Cliff Swallow,8,4,Aug_W4,0.0,1035.0
Cliff Swallow,9,1,Sep_W1,0.0,634.0
Cliff Swallow,9,2,Sep_W2,0.0,819.0
Cliff Swallow,9,3,Sep_W3,0.0,657.0
Cliff Swallow,9,4,Sep_W4,0.0,766.0
Cliff Swallow,10,1,Oct_W1,0.0,505.0
Cliff Swallow,10,2,Oct_W2,0.0,568.0
Cliff Swallow,10,3,Oct_W3,0.0,523.0
Cliff Swallow,10,4,Oct_W4,0.0,632.0
Cliff Swallow,11,1,Nov_W1,0.0,369.0
Cliff Swallow,11,2,Nov_W2,0.0,337.0
Cliff Swallow,11,3,Nov_W3,0.0,346.0
Cliff Swallow,11,4,Nov_W4,0.0,492.0
Cliff Swallow,12,1,Dec_W1,0.0,303.0
Cliff Swallow,12,2,Dec_W2,0.0,335.0
Cliff Swallow,12,3,Dec_W3,0.0,681.0
Cliff Swallow,12,4,Dec_W4,0.0,600.0
Ruby-crowned Kinglet,1,1,Jan_W1,0.0,823.0
Ruby-crowned Kinglet,1,2,Jan_W2,0.0,535.0
Ruby-crowned Kinglet,1,3,Jan_W3,0.0,472.0
Ruby-crowned Kinglet,1,4,Jan_W4,0.0,644.0
Ruby-crowned Kinglet,2,1,Feb_W1,0.0,490.0
Ruby-crowned Kinglet,2,2,Feb_W2,0.0,589.0
Ruby-crowned Kinglet,2,3,Feb_W3,0.0,787.0
Ruby-crowned Kinglet,2,4,Feb_W4,0.0,427.0
Ruby-crowned Kinglet,3,1,Mar_W1,0.0,558.0
Ruby-crowned Kinglet,3,2,Mar_W2,0.0,649.0
Ruby-crowned Kinglet,3,3,Mar_W3,0.0,710.0
Ruby-crowned Kinglet,3,4,Mar_W4,0.0009009,1110.0
Ruby-crowned Kinglet,4,1,Apr_W1,0.0055617,899.0
Ruby-crowned Kinglet,4,2,Apr_W2,0.0736607,1344.0
Ruby-crowned Kinglet,4,3,Apr_W3,0.1429952,1035.0
Ruby-crowned Kinglet,4,4,Apr_W4,0.25,1332.0
Ruby-crowned Kinglet,5,1,May_W1,0.2143414,1283.0
Ruby-crowned Kinglet,5,2,May_W2,0.1063554,1542.0
Ruby-crowned Kinglet,5,3,May_W3,0.0579614,1501.0
Ruby-crowned Kinglet,5,4,May_W4,0.0070114,2282.0
Ruby-crowned Kinglet,6,1,Jun_W1,0.0,1513.0
Ruby-crowned Kinglet,6,2,Jun_W2,0.0,1400.0
Ruby-crowned Kinglet,6,3,Jun_W3,0.0,1497.0
Ruby-crowned Kinglet,6,4,Jun_W4,0.0,1607.0
Ruby-crowned Kinglet,7,1,Jul_W1,0.0,1280.0
Ruby-crowned Kinglet,7,2,Jul_W2,0.0,1137.0
Ruby-crowned Kinglet,7,3,Jul_W3,0.0,1132.0
Ruby-crowned Kinglet,7,4,Jul_W4,0.0,1448.0
Ruby-crowned Kinglet,8,1,Aug_W1,0.0,1001.0
Ruby-crowned Kinglet,8,2,Aug_W2,0.0,804.0
Ruby-crowned Kinglet,8,3,Aug_W3,0.0,836.0
Ruby-crowned Kinglet,8,4,Aug_W4,0.0,1035.0
Ruby-crowned Kinglet,9,1,Sep_W1,0.0015773,634.0
Ruby-crowned Kinglet,9,2,Sep_W2,0.007326,819.0
Ruby-crowned Kinglet,9,3,Sep_W3,0.0167428,657.0
Ruby-crowned Kinglet,9,4,Sep_W4,0.075718,766.0
Ruby-crowned Kinglet,10,1,Oct_W1,0.0950495,505.0
Ruby-crowned Kinglet,10,2,Oct_W2,0.0827465,568.0
Ruby-crowned Kinglet,10,3,Oct_W3,0.0554493,523.0
Ruby-crowned Kinglet,10,4,Oct_W4,0.0268987,632.0
Ruby-crowned Kinglet,11,1,Nov_W1,0.0135501,369.0
Ruby-crowned Kinglet,11,2,Nov_W2,0.0059347,337.0
Ruby-crowned Kinglet,11,3,Nov_W3,0.0,346.0
Ruby-crowned Kinglet,11,4,Nov_W4,0.0,492.0
Ruby-crowned Kinglet,12,1,Dec_W1,0.0,303.0
Ruby-crowned Kinglet,12,2,Dec_W2,0.0,335.0
Ruby-crowned Kinglet,12,3,Dec_W3,0.0,681.0
Ruby-crowned Kinglet,12,4,Dec_W4,0.0,600.0
Golden-crowned Kinglet,1,1,Jan_W1,0.0376671,823.0
Golden-crowned Kinglet,1,2,Jan_W2,0.035514,535.0
Golden-crowned Kinglet,1,3,Jan_W3,0.0381356,472.0
Golden-crowned Kinglet,1,4,Jan_W4,0.0341615,644.0
Golden-crowned Kinglet,2,1,Feb_W1,0.0367347,490.0
Golden-crowned Kinglet,2,2,Feb_W2,0.0186757,589.0
Golden-crowned Kinglet,2,3,Feb_W3,0.0152478,787.0
Golden-crowned Kinglet,2,4,Feb_W4,0.0351288,427.0
Golden-crowned Kinglet,3,1,Mar_W1,0.0430108,558.0
Golden-crowned Kinglet,3,2,Mar_W2,0.0385208,649.0
Golden-crowned Kinglet,3,3,Mar_W3,0.0323944,710.0
Golden-crowned Kinglet,3,4,Mar_W4,0.0441441,1110.0
Golden-crowned Kinglet,4,1,Apr_W1,0.1390434,899.0
Golden-crowned Kinglet,4,2,Apr_W2,0.202381,1344.0
Golden-crowned Kinglet,4,3,Apr_W3,0.1980676,1035.0
Golden-crowned Kinglet,4,4,Apr_W4,0.1133634,1332.0
Golden-crowned Kinglet,5,1,May_W1,0.0561185,1283.0
Golden-crowned Kinglet,5,2,May_W2,0.0103761,1542.0
Golden-crowned Kinglet,5,3,May_W3,0.0106596,1501.0
Golden-crowned Kinglet,5,4,May_W4,0.0039439,2282.0
Golden-crowned Kinglet,6,1,Jun_W1,0.0019828,1513.0
Golden-crowned Kinglet,6,2,Jun_W2,0.0007143,1400.0
Golden-crowned Kinglet,6,3,Jun_W3,0.002672,1497.0
Golden-crowned Kinglet,6,4,Jun_W4,0.0018668,1607.0
Golden-crowned Kinglet,7,1,Jul_W1,0.0,1280.0
Golden-crowned Kinglet,7,2,Jul_W2,0.001759,1137.0
Golden-crowned Kinglet,7,3,Jul_W3,0.0035336,1132.0
Golden-crowned Kinglet,7,4,Jul_W4,0.003453,1448.0
Golden-crowned Kinglet,8,1,Aug_W1,0.003996,1001.0
Golden-crowned Kinglet,8,2,Aug_W2,0.0049751,804.0
Golden-crowned Kinglet,8,3,Aug_W3,0.0035885,836.0
Golden-crowned Kinglet,8,4,Aug_W4,0.0038647,1035.0
Golden-crowned Kinglet,9,1,Sep_W1,0.0063091,634.0
Golden-crowned Kinglet,9,2,Sep_W2,0.004884,819.0
Golden-crowned Kinglet,9,3,Sep_W3,0.0197869,657.0
Golden-crowned Kinglet,9,4,Sep_W4,0.1292428,766.0
Golden-crowned Kinglet,10,1,Oct_W1,0.2079208,505.0
Golden-crowned Kinglet,10,2,Oct_W2,0.2200704,568.0
Golden-crowned Kinglet,10,3,Oct_W3,0.2657744,523.0
Golden-crowned Kinglet,10,4,Oct_W4,0.2136076,632.0
Golden-crowned Kinglet,11,1,Nov_W1,0.1382114,369.0
Golden-crowned Kinglet,11,2,Nov_W2,0.1097923,337.0
Golden-crowned Kinglet,11,3,Nov_W3,0.0722543,346.0
Golden-crowned Kinglet,11,4,Nov_W4,0.0528455,492.0
Golden-crowned Kinglet,12,1,Dec_W1,0.0660066,303.0
Golden-crowned Kinglet,12,2,Dec_W2,0.0507463,335.0
Golden-crowned Kinglet,12,3,Dec_W3,0.0748899,681.0
Golden-crowned Kinglet,12,4,Dec_W4,0.0583333,600.0
White-breasted Nuthatch,1,1,Jan_W1,0.2478736,823.0
White-breasted Nuthatch,1,2,Jan_W2,0.2971963,535.0
White-breasted Nuthatch,1,3,Jan_W3,0.3177966,472.0
White-breasted Nuthatch,1,4,Jan_W4,0.3555901,644.0
White-breasted Nuthatch,2,1,Feb_W1,0.3918367,490.0
White-breasted Nuthatch,2,2,Feb_W2,0.3565365,589.0
White-breasted Nuthatch,2,3,Feb_W3,0.3913596,787.0
White-breasted Nuthatch,2,4,Feb_W4,0.4215457,427.0
White-breasted Nuthatch,3,1,Mar_W1,0.3405018,558.0
White-breasted Nuthatch,3,2,Mar_W2,0.2850539,649.0
White-breasted Nuthatch,3,3,Mar_W3,0.2605634,710.0
White-breasted Nuthatch,3,4,Mar_W4,0.2207207,1110.0
White-breasted Nuthatch,4,1,Apr_W1,0.2135706,899.0
White-breasted Nuthatch,4,2,Apr_W2,0.1644345,1344.0
White-breasted Nuthatch,4,3,Apr_W3,0.1855072,1035.0
White-breasted Nuthatch,4,4,Apr_W4,0.1478979,1332.0
White-breasted Nuthatch,5,1,May_W1,0.1512081,1283.0
White-breasted Nuthatch,5,2,May_W2,0.1582361,1542.0
White-breasted Nuthatch,5,3,May_W3,0.1399067,1501.0
White-breasted Nuthatch,5,4,May_W4,0.0907099,2282.0
White-breasted Nuthatch,6,1,Jun_W1,0.0773298,1513.0
White-breasted Nuthatch,6,2,Jun_W2,0.0821429,1400.0
White-breasted Nuthatch,6,3,Jun_W3,0.0761523,1497.0
White-breasted Nuthatch,6,4,Jun_W4,0.1101431,1607.0
White-breasted Nuthatch,7,1,Jul_W1,0.125,1280.0
White-breasted Nuthatch,7,2,Jul_W2,0.1644679,1137.0
White-breasted Nuthatch,7,3,Jul_W3,0.1439929,1132.0
White-breasted Nuthatch,7,4,Jul_W4,0.1650552,1448.0
White-breasted Nuthatch,8,1,Aug_W1,0.1758242,1001.0
White-breasted Nuthatch,8,2,Aug_W2,0.1666667,804.0
White-breasted Nuthatch,8,3,Aug_W3,0.1937799,836.0
White-breasted Nuthatch,8,4,Aug_W4,0.2009662,1035.0
White-breasted Nuthatch,9,1,Sep_W1,0.2318612,634.0
White-breasted Nuthatch,9,2,Sep_W2,0.2454212,819.0
White-breasted Nuthatch,9,3,Sep_W3,0.2876712,657.0
White-breasted Nuthatch,9,4,Sep_W4,0.2663185,766.0
White-breasted Nuthatch,10,1,Oct_W1,0.2851485,505.0
White-breasted Nuthatch,10,2,Oct_W2,0.2288732,568.0
White-breasted Nuthatch,10,3,Oct_W3,0.2523901,523.0
White-breasted Nuthatch,10,4,Oct_W4,0.2737342,632.0
White-breasted Nuthatch,11,1,Nov_W1,0.298103,369.0
White-breasted Nuthatch,11,2,Nov_W2,0.3709199,337.0
White-breasted Nuthatch,11,3,Nov_W3,0.3265896,346.0
White-breasted Nuthatch,11,4,Nov_W4,0.2845528,492.0
White-breasted Nuthatch,12,1,Dec_W1,0.4191419,303.0
White-breasted Nuthatch,12,2,Dec_W2,0.4268657,335.0
White-breasted Nuthatch,12,3,Dec_W3,0.2687225,681.0
White-breasted Nuthatch,12,4,Dec_W4,0.2866667,600.0
Red-breasted Nuthatch,1,1,Jan_W1,0.1688943,823.0
Red-breasted Nuthatch,1,2,Jan_W2,0.2,535.0
Red-breasted Nuthatch,1,3,Jan_W3,0.2118644,472.0
Red-breasted Nuthatch,1,4,Jan_W4,0.2313665,644.0
Red-breasted Nuthatch,2,1,Feb_W1,0.2408163,490.0
Red-breasted Nuthatch,2,2,Feb_W2,0.2325976,589.0
Red-breasted Nuthatch,2,3,Feb_W3,0.252859,787.0
Red-breasted Nuthatch,2,4,Feb_W4,0.2622951,427.0
Red-breasted Nuthatch,3,1,Mar_W1,0.2419355,558.0
Red-breasted Nuthatch,3,2,Mar_W2,0.2033898,649.0
Red-breasted Nuthatch,3,3,Mar_W3,0.1859155,710.0
Red-breasted Nuthatch,3,4,Mar_W4,0.1594595,1110.0
Red-breasted Nuthatch,4,1,Apr_W1,0.1423804,899.0
Red-breasted Nuthatch,4,2,Apr_W2,0.1116071,1344.0
Red-breasted Nuthatch,4,3,Apr_W3,0.1352657,1035.0
Red-breasted Nuthatch,4,4,Apr_W4,0.1388889,1332.0
Red-breasted Nuthatch,5,1,May_W1,0.1761496,1283.0
Red-breasted Nuthatch,5,2,May_W2,0.1744488,1542.0
Red-breasted Nuthatch,5,3,May_W3,0.1778814,1501.0
Red-breasted Nuthatch,5,4,May_W4,0.1288344,2282.0
Red-breasted Nuthatch,6,1,Jun_W1,0.0819564,1513.0
Red-breasted Nuthatch,6,2,Jun_W2,0.105,1400.0
Red-breasted Nuthatch,6,3,Jun_W3,0.0855043,1497.0
Red-breasted Nuthatch,6,4,Jun_W4,0.1001867,1607.0
Red-breasted Nuthatch,7,1,Jul_W1,0.1070312,1280.0
Red-breasted Nuthatch,7,2,Jul_W2,0.0985048,1137.0
Red-breasted Nuthatch,7,3,Jul_W3,0.0971731,1132.0
Red-breasted Nuthatch,7,4,Jul_W4,0.1029006,1448.0
Red-breasted Nuthatch,8,1,Aug_W1,0.1208791,1001.0
Red-breasted Nuthatch,8,2,Aug_W2,0.1492537,804.0
Red-breasted Nuthatch,8,3,Aug_W3,0.2093301,836.0
Red-breasted Nuthatch,8,4,Aug_W4,0.2415459,1035.0
Red-breasted Nuthatch,9,1,Sep_W1,0.2649842,634.0
Red-breasted Nuthatch,9,2,Sep_W2,0.3247863,819.0
Red-breasted Nuthatch,9,3,Sep_W3,0.3105023,657.0
Red-breasted Nuthatch,9,4,Sep_W4,0.2898172,766.0
Red-breasted Nuthatch,10,1,Oct_W1,0.2950495,505.0
Red-breasted Nuthatch,10,2,Oct_W2,0.2640845,568.0
Red-breasted Nuthatch,10,3,Oct_W3,0.2294455,523.0
Red-breasted Nuthatch,10,4,Oct_W4,0.2183544,632.0
Red-breasted Nuthatch,11,1,Nov_W1,0.2520325,369.0
Red-breasted Nuthatch,11,2,Nov_W2,0.2818991,337.0
Red-breasted Nuthatch,11,3,Nov_W3,0.2398844,346.0
Red-breasted Nuthatch,11,4,Nov_W4,0.2398374,492.0
Red-breasted Nuthatch,12,1,Dec_W1,0.2640264,303.0
Red-breasted Nuthatch,12,2,Dec_W2,0.2746269,335.0
Red-breasted Nuthatch,12,3,Dec_W3,0.2334802,681.0
Red-breasted Nuthatch,12,4,Dec_W4,0.2366667,600.0
Brown Creeper,1,1,Jan_W1,0.0218712,823.0
Brown Creeper,1,2,Jan_W2,0.0224299,535.0
Brown Creeper,1,3,Jan_W3,0.0233051,472.0
Brown Creeper,1,4,Jan_W4,0.0310559,644.0
Brown Creeper,2,1,Feb_W1,0.0469388,490.0
Brown Creeper,2,2,Feb_W2,0.0441426,589.0
Brown Creeper,2,3,Feb_W3,0.0381194,787.0
Brown Creeper,2,4,Feb_W4,0.0632319,427.0
Brown Creeper,3,1,Mar_W1,0.0501792,558.0
Brown Creeper,3,2,Mar_W2,0.046225,649.0
Brown Creeper,3,3,Mar_W3,0.0760563,710.0
Brown Creeper,3,4,Mar_W4,0.0630631,1110.0
Brown Creeper,4,1,Apr_W1,0.0856507,899.0
Brown Creeper,4,2,Apr_W2,0.1450893,1344.0
Brown Creeper,4,3,Apr_W3,0.1352657,1035.0
Brown Creeper,4,4,Apr_W4,0.1171171,1332.0
Brown Creeper,5,1,May_W1,0.086516,1283.0
Brown Creeper,5,2,May_W2,0.0525292,1542.0
Brown Creeper,5,3,May_W3,0.0386409,1501.0
Brown Creeper,5,4,May_W4,0.0276074,2282.0
Brown Creeper,6,1,Jun_W1,0.0165235,1513.0
Brown Creeper,6,2,Jun_W2,0.0264286,1400.0
Brown Creeper,6,3,Jun_W3,0.0267201,1497.0
Brown Creeper,6,4,Jun_W4,0.0211574,1607.0
Brown Creeper,7,1,Jul_W1,0.0148437,1280.0
Brown Creeper,7,2,Jul_W2,0.0175901,1137.0
Brown Creeper,7,3,Jul_W3,0.020318,1132.0
Brown Creeper,7,4,Jul_W4,0.0303867,1448.0
Brown Creeper,8,1,Aug_W1,0.042957,1001.0
Brown Creeper,8,2,Aug_W2,0.028607,804.0
Brown Creeper,8,3,Aug_W3,0.0215311,836.0
Brown Creeper,8,4,Aug_W4,0.0270531,1035.0
Brown Creeper,9,1,Sep_W1,0.033123,634.0
Brown Creeper,9,2,Sep_W2,0.037851,819.0
Brown Creeper,9,3,Sep_W3,0.0502283,657.0
Brown Creeper,9,4,Sep_W4,0.0809399,766.0
Brown Creeper,10,1,Oct_W1,0.0970297,505.0
Brown Creeper,10,2,Oct_W2,0.0580986,568.0
Brown Creeper,10,3,Oct_W3,0.0669216,523.0
Brown Creeper,10,4,Oct_W4,0.0585443,632.0
Brown Creeper,11,1,Nov_W1,0.0514905,369.0
Brown Creeper,11,2,Nov_W2,0.0534125,337.0
Brown Creeper,11,3,Nov_W3,0.0289017,346.0
Brown Creeper,11,4,Nov_W4,0.0386179,492.0
Brown Creeper,12,1,Dec_W1,0.0363036,303.0
Brown Creeper,12,2,Dec_W2,0.0626866,335.0
Brown Creeper,12,3,Dec_W3,0.0440529,681.0
Brown Creeper,12,4,Dec_W4,0.03,600.0
Blue-gray Gnatcatcher,1,1,Jan_W1,0.0,823.0
Blue-gray Gnatcatcher,1,2,Jan_W2,0.0,535.0
Blue-gray Gnatcatcher,1,3,Jan_W3,0.0,472.0
Blue-gray Gnatcatcher,1,4,Jan_W4,0.0,644.0
Blue-gray Gnatcatcher,2,1,Feb_W1,0.0,490.0
Blue-gray Gnatcatcher,2,2,Feb_W2,0.0,589.0
Blue-gray Gnatcatcher,2,3,Feb_W3,0.0,787.0
Blue-gray Gnatcatcher,2,4,Feb_W4,0.0,427.0
Blue-gray Gnatcatcher,3,1,Mar_W1,0.0,558.0
Blue-gray Gnatcatcher,3,2,Mar_W2,0.0,649.0
Blue-gray Gnatcatcher,3,3,Mar_W3,0.0,710.0
Blue-gray Gnatcatcher,3,4,Mar_W4,0.0,1110.0
Blue-gray Gnatcatcher,4,1,Apr_W1,0.0,899.0
Blue-gray Gnatcatcher,4,2,Apr_W2,0.0,1344.0
Blue-gray Gnatcatcher,4,3,Apr_W3,0.0,1035.0
Blue-gray Gnatcatcher,4,4,Apr_W4,0.0052553,1332.0
Blue-gray Gnatcatcher,5,1,May_W1,0.0070148,1283.0
Blue-gray Gnatcatcher,5,2,May_W2,0.0097276,1542.0
Blue-gray Gnatcatcher,5,3,May_W3,0.0213191,1501.0
Blue-gray Gnatcatcher,5,4,May_W4,0.0100789,2282.0
Blue-gray Gnatcatcher,6,1,Jun_W1,0.0046266,1513.0
Blue-gray Gnatcatcher,6,2,Jun_W2,0.0028571,1400.0
Blue-gray Gnatcatcher,6,3,Jun_W3,0.004676,1497.0
Blue-gray Gnatcatcher,6,4,Jun_W4,0.0068451,1607.0
Blue-gray Gnatcatcher,7,1,Jul_W1,0.0085938,1280.0
Blue-gray Gnatcatcher,7,2,Jul_W2,0.0026385,1137.0
Blue-gray Gnatcatcher,7,3,Jul_W3,0.0061837,1132.0
Blue-gray Gnatcatcher,7,4,Jul_W4,0.0048343,1448.0
Blue-gray Gnatcatcher,8,1,Aug_W1,0.003996,1001.0
Blue-gray Gnatcatcher,8,2,Aug_W2,0.0037313,804.0
Blue-gray Gnatcatcher,8,3,Aug_W3,0.0011962,836.0
Blue-gray Gnatcatcher,8,4,Aug_W4,0.0038647,1035.0
Blue-gray Gnatcatcher,9,1,Sep_W1,0.0031546,634.0
Blue-gray Gnatcatcher,9,2,Sep_W2,0.001221,819.0
Blue-gray Gnatcatcher,9,3,Sep_W3,0.0015221,657.0
Blue-gray Gnatcatcher,9,4,Sep_W4,0.0,766.0
Blue-gray Gnatcatcher,10,1,Oct_W1,0.0,505.0
Blue-gray Gnatcatcher,10,2,Oct_W2,0.0,568.0
Blue-gray Gnatcatcher,10,3,Oct_W3,0.001912,523.0
Blue-gray Gnatcatcher,10,4,Oct_W4,0.0,632.0
Blue-gray Gnatcatcher,11,1,Nov_W1,0.0,369.0
Blue-gray Gnatcatcher,11,2,Nov_W2,0.0,337.0
Blue-gray Gnatcatcher,11,3,Nov_W3,0.0,346.0
Blue-gray Gnatcatcher,11,4,Nov_W4,0.0,492.0
Blue-gray Gnatcatcher,12,1,Dec_W1,0.0,303.0
Blue-gray Gnatcatcher,12,2,Dec_W2,0.0,335.0
Blue-gray Gnatcatcher,12,3,Dec_W3,0.0,681.0
Blue-gray Gnatcatcher,12,4,Dec_W4,0.0,600.0
Northern House Wren,1,1,Jan_W1,0.0,823.0
Northern House Wren,1,2,Jan_W2,0.0,535.0
Northern House Wren,1,3,Jan_W3,0.0,472.0
Northern House Wren,1,4,Jan_W4,0.0,644.0
Northern House Wren,2,1,Feb_W1,0.0,490.0
Northern House Wren,2,2,Feb_W2,0.0,589.0
Northern House Wren,2,3,Feb_W3,0.0,787.0
Northern House Wren,2,4,Feb_W4,0.0,427.0
Northern House Wren,3,1,Mar_W1,0.0,558.0
Northern House Wren,3,2,Mar_W2,0.0,649.0
Northern House Wren,3,3,Mar_W3,0.0,710.0
Northern House Wren,3,4,Mar_W4,0.0,1110.0
Northern House Wren,4,1,Apr_W1,0.0,899.0
Northern House Wren,4,2,Apr_W2,0.0,1344.0
Northern House Wren,4,3,Apr_W3,0.0028986,1035.0
Northern House Wren,4,4,Apr_W4,0.0225225,1332.0
Northern House Wren,5,1,May_W1,0.0467654,1283.0
Northern House Wren,5,2,May_W2,0.1076524,1542.0
Northern House Wren,5,3,May_W3,0.1625583,1501.0
Northern House Wren,5,4,May_W4,0.1564417,2282.0
Northern House Wren,6,1,Jun_W1,0.1546596,1513.0
Northern House Wren,6,2,Jun_W2,0.1492857,1400.0
Northern House Wren,6,3,Jun_W3,0.1209085,1497.0
Northern House Wren,6,4,Jun_W4,0.1194773,1607.0
Northern House Wren,7,1,Jul_W1,0.1242188,1280.0
Northern House Wren,7,2,Jul_W2,0.1389622,1137.0
Northern House Wren,7,3,Jul_W3,0.1174912,1132.0
Northern House Wren,7,4,Jul_W4,0.0821823,1448.0
Northern House Wren,8,1,Aug_W1,0.0519481,1001.0
Northern House Wren,8,2,Aug_W2,0.0410448,804.0
Northern House Wren,8,3,Aug_W3,0.0334928,836.0
Northern House Wren,8,4,Aug_W4,0.0492754,1035.0
Northern House Wren,9,1,Sep_W1,0.0504732,634.0
Northern House Wren,9,2,Sep_W2,0.035409,819.0
Northern House Wren,9,3,Sep_W3,0.0273973,657.0
Northern House Wren,9,4,Sep_W4,0.0248042,766.0
Northern House Wren,10,1,Oct_W1,0.0178218,505.0
Northern House Wren,10,2,Oct_W2,0.0017606,568.0
Northern House Wren,10,3,Oct_W3,0.001912,523.0
Northern House Wren,10,4,Oct_W4,0.0,632.0
Northern House Wren,11,1,Nov_W1,0.0,369.0
Northern House Wren,11,2,Nov_W2,0.0,337.0
Northern House Wren,11,3,Nov_W3,0.0,346.0
Northern House Wren,11,4,Nov_W4,0.0,492.0
Northern House Wren,12,1,Dec_W1,0.0,303.0
Northern House Wren,12,2,Dec_W2,0.0,335.0
Northern House Wren,12,3,Dec_W3,0.0,681.0
Northern House Wren,12,4,Dec_W4,0.0,600.0
Winter Wren,1,1,Jan_W1,0.0024301,823.0
Winter Wren,1,2,Jan_W2,0.0,535.0
Winter Wren,1,3,Jan_W3,0.0,472.0
Winter Wren,1,4,Jan_W4,0.0015528,644.0
Winter Wren,2,1,Feb_W1,0.0,490.0
Winter Wren,2,2,Feb_W2,0.0,589.0
Winter Wren,2,3,Feb_W3,0.0,787.0
Winter Wren,2,4,Feb_W4,0.0023419,427.0
Winter Wren,3,1,Mar_W1,0.0035842,558.0
Winter Wren,3,2,Mar_W2,0.0015408,649.0
Winter Wren,3,3,Mar_W3,0.0056338,710.0
Winter Wren,3,4,Mar_W4,0.0108108,1110.0
Winter Wren,4,1,Apr_W1,0.0333704,899.0
Winter Wren,4,2,Apr_W2,0.0535714,1344.0
Winter Wren,4,3,Apr_W3,0.084058,1035.0
Winter Wren,4,4,Apr_W4,0.0923423,1332.0
Winter Wren,5,1,May_W1,0.0997662,1283.0
Winter Wren,5,2,May_W2,0.0927367,1542.0
Winter Wren,5,3,May_W3,0.0799467,1501.0
Winter Wren,5,4,May_W4,0.0644172,2282.0
Winter Wren,6,1,Jun_W1,0.0627892,1513.0
Winter Wren,6,2,Jun_W2,0.0664286,1400.0
Winter Wren,6,3,Jun_W3,0.0748163,1497.0
Winter Wren,6,4,Jun_W4,0.0846297,1607.0
Winter Wren,7,1,Jul_W1,0.0851563,1280.0
Winter Wren,7,2,Jul_W2,0.0756376,1137.0
Winter Wren,7,3,Jul_W3,0.0662544,1132.0
Winter Wren,7,4,Jul_W4,0.0455801,1448.0
Winter Wren,8,1,Aug_W1,0.021978,1001.0
Winter Wren,8,2,Aug_W2,0.0099502,804.0
Winter Wren,8,3,Aug_W3,0.0059809,836.0
Winter Wren,8,4,Aug_W4,0.0077295,1035.0
Winter Wren,9,1,Sep_W1,0.0031546,634.0
Winter Wren,9,2,Sep_W2,0.007326,819.0
Winter Wren,9,3,Sep_W3,0.0045662,657.0
Winter Wren,9,4,Sep_W4,0.0117493,766.0
Winter Wren,10,1,Oct_W1,0.009901,505.0
Winter Wren,10,2,Oct_W2,0.0246479,568.0
Winter Wren,10,3,Oct_W3,0.0191205,523.0
Winter Wren,10,4,Oct_W4,0.0174051,632.0
Winter Wren,11,1,Nov_W1,0.00271,369.0
Winter Wren,11,2,Nov_W2,0.0089021,337.0
Winter Wren,11,3,Nov_W3,0.0,346.0
Winter Wren,11,4,Nov_W4,0.0020325,492.0
Winter Wren,12,1,Dec_W1,0.0033003,303.0
Winter Wren,12,2,Dec_W2,0.0,335.0
Winter Wren,12,3,Dec_W3,0.0117474,681.0
Winter Wren,12,4,Dec_W4,0.0015,600.0
Sedge Wren,1,1,Jan_W1,0.0,823.0
Sedge Wren,1,2,Jan_W2,0.0,535.0
Sedge Wren,1,3,Jan_W3,0.0,472.0
Sedge Wren,1,4,Jan_W4,0.0,644.0
Sedge Wren,2,1,Feb_W1,0.0,490.0
Sedge Wren,2,2,Feb_W2,0.0,589.0
Sedge Wren,2,3,Feb_W3,0.0,787.0
Sedge Wren,2,4,Feb_W4,0.0,427.0
Sedge Wren,3,1,Mar_W1,0.0,558.0
Sedge Wren,3,2,Mar_W2,0.0,649.0
Sedge Wren,3,3,Mar_W3,0.0,710.0
Sedge Wren,3,4,Mar_W4,0.0,1110.0
Sedge Wren,4,1,Apr_W1,0.0,899.0
Sedge Wren,4,2,Apr_W2,0.0,1344.0
Sedge Wren,4,3,Apr_W3,0.0,1035.0
Sedge Wren,4,4,Apr_W4,0.0007508,1332.0
Sedge Wren,5,1,May_W1,0.0163679,1283.0
Sedge Wren,5,2,May_W2,0.0181582,1542.0
Sedge Wren,5,3,May_W3,0.0146569,1501.0
Sedge Wren,5,4,May_W4,0.0157756,2282.0
Sedge Wren,6,1,Jun_W1,0.0158625,1513.0
Sedge Wren,6,2,Jun_W2,0.0085714,1400.0
Sedge Wren,6,3,Jun_W3,0.010688,1497.0
Sedge Wren,6,4,Jun_W4,0.0056005,1607.0
Sedge Wren,7,1,Jul_W1,0.00625,1280.0
Sedge Wren,7,2,Jul_W2,0.0043975,1137.0
Sedge Wren,7,3,Jul_W3,0.0017668,1132.0
Sedge Wren,7,4,Jul_W4,0.0006906,1448.0
Sedge Wren,8,1,Aug_W1,0.001998,1001.0
Sedge Wren,8,2,Aug_W2,0.0012438,804.0
Sedge Wren,8,3,Aug_W3,0.0,836.0
Sedge Wren,8,4,Aug_W4,0.0,1035.0
Sedge Wren,9,1,Sep_W1,0.0,634.0
Sedge Wren,9,2,Sep_W2,0.0,819.0
Sedge Wren,9,3,Sep_W3,0.0030441,657.0
Sedge Wren,9,4,Sep_W4,0.0,766.0
Sedge Wren,10,1,Oct_W1,0.0,505.0
Sedge Wren,10,2,Oct_W2,0.0,568.0
Sedge Wren,10,3,Oct_W3,0.0,523.0
Sedge Wren,10,4,Oct_W4,0.0,632.0
Sedge Wren,11,1,Nov_W1,0.0,369.0
Sedge Wren,11,2,Nov_W2,0.0,337.0
Sedge Wren,11,3,Nov_W3,0.0,346.0
Sedge Wren,11,4,Nov_W4,0.0,492.0
Sedge Wren,12,1,Dec_W1,0.0,303.0
Sedge Wren,12,2,Dec_W2,0.0,335.0
Sedge Wren,12,3,Dec_W3,0.0,681.0
Sedge Wren,12,4,Dec_W4,0.0,600.0
Marsh Wren,1,1,Jan_W1,0.0,823.0
Marsh Wren,1,2,Jan_W2,0.0,535.0
Marsh Wren,1,3,Jan_W3,0.0,472.0
Marsh Wren,1,4,Jan_W4,0.0,644.0
Marsh Wren,2,1,Feb_W1,0.0,490.0
Marsh Wren,2,2,Feb_W2,0.0,589.0
Marsh Wren,2,3,Feb_W3,0.0,787.0
Marsh Wren,2,4,Feb_W4,0.0,427.0
Marsh Wren,3,1,Mar_W1,0.0,558.0
Marsh Wren,3,2,Mar_W2,0.0,649.0
Marsh Wren,3,3,Mar_W3,0.0,710.0
Marsh Wren,3,4,Mar_W4,0.0,1110.0
Marsh Wren,4,1,Apr_W1,0.0,899.0
Marsh Wren,4,2,Apr_W2,0.0,1344.0
Marsh Wren,4,3,Apr_W3,0.0,1035.0
Marsh Wren,4,4,Apr_W4,0.0,1332.0
Marsh Wren,5,1,May_W1,0.0007794,1283.0
Marsh Wren,5,2,May_W2,0.0084306,1542.0
Marsh Wren,5,3,May_W3,0.0126582,1501.0
Marsh Wren,5,4,May_W4,0.0109553,2282.0
Marsh Wren,6,1,Jun_W1,0.0171844,1513.0
Marsh Wren,6,2,Jun_W2,0.0064286,1400.0
Marsh Wren,6,3,Jun_W3,0.012024,1497.0
Marsh Wren,6,4,Jun_W4,0.0099564,1607.0
Marsh Wren,7,1,Jul_W1,0.00625,1280.0
Marsh Wren,7,2,Jul_W2,0.0043975,1137.0
Marsh Wren,7,3,Jul_W3,0.004417,1132.0
Marsh Wren,7,4,Jul_W4,0.0075967,1448.0
Marsh Wren,8,1,Aug_W1,0.004995,1001.0
Marsh Wren,8,2,Aug_W2,0.0012438,804.0
Marsh Wren,8,3,Aug_W3,0.0,836.0
Marsh Wren,8,4,Aug_W4,0.0009662,1035.0
Marsh Wren,9,1,Sep_W1,0.0,634.0
Marsh Wren,9,2,Sep_W2,0.001221,819.0
Marsh Wren,9,3,Sep_W3,0.0045662,657.0
Marsh Wren,9,4,Sep_W4,0.0,766.0
Marsh Wren,10,1,Oct_W1,0.0,505.0
Marsh Wren,10,2,Oct_W2,0.0,568.0
Marsh Wren,10,3,Oct_W3,0.0,523.0
Marsh Wren,10,4,Oct_W4,0.0,632.0
Marsh Wren,11,1,Nov_W1,0.0,369.0
Marsh Wren,11,2,Nov_W2,0.0,337.0
Marsh Wren,11,3,Nov_W3,0.0,346.0
Marsh Wren,11,4,Nov_W4,0.0,492.0
Marsh Wren,12,1,Dec_W1,0.0,303.0
Marsh Wren,12,2,Dec_W2,0.0,335.0
Marsh Wren,12,3,Dec_W3,0.0,681.0
Marsh Wren,12,4,Dec_W4,0.0,600.0
Carolina Wren,1,1,Jan_W1,0.0012151,823.0
Carolina Wren,1,2,Jan_W2,0.0,535.0
Carolina Wren,1,3,Jan_W3,0.0,472.0
Carolina Wren,1,4,Jan_W4,0.0,644.0
Carolina Wren,2,1,Feb_W1,0.0,490.0
Carolina Wren,2,2,Feb_W2,0.0015,589.0
Carolina Wren,2,3,Feb_W3,0.0012706,787.0
Carolina Wren,2,4,Feb_W4,0.0,427.0
Carolina Wren,3,1,Mar_W1,0.0017921,558.0
Carolina Wren,3,2,Mar_W2,0.0,649.0
Carolina Wren,3,3,Mar_W3,0.0,710.0
Carolina Wren,3,4,Mar_W4,0.0015,1110.0
Carolina Wren,4,1,Apr_W1,0.0011123,899.0
Carolina Wren,4,2,Apr_W2,0.0044643,1344.0
Carolina Wren,4,3,Apr_W3,0.0009662,1035.0
Carolina Wren,4,4,Apr_W4,0.0045045,1332.0
Carolina Wren,5,1,May_W1,0.0070148,1283.0
Carolina Wren,5,2,May_W2,0.0051881,1542.0
Carolina Wren,5,3,May_W3,0.0086609,1501.0
Carolina Wren,5,4,May_W4,0.0035057,2282.0
Carolina Wren,6,1,Jun_W1,0.0052875,1513.0
Carolina Wren,6,2,Jun_W2,0.0014286,1400.0
Carolina Wren,6,3,Jun_W3,0.004008,1497.0
Carolina Wren,6,4,Jun_W4,0.0018668,1607.0
Carolina Wren,7,1,Jul_W1,0.0015625,1280.0
Carolina Wren,7,2,Jul_W2,0.0026385,1137.0
Carolina Wren,7,3,Jul_W3,0.004417,1132.0
Carolina Wren,7,4,Jul_W4,0.0013812,1448.0
Carolina Wren,8,1,Aug_W1,0.004995,1001.0
Carolina Wren,8,2,Aug_W2,0.0024876,804.0
Carolina Wren,8,3,Aug_W3,0.0011962,836.0
Carolina Wren,8,4,Aug_W4,0.0,1035.0
Carolina Wren,9,1,Sep_W1,0.0015773,634.0
Carolina Wren,9,2,Sep_W2,0.002442,819.0
Carolina Wren,9,3,Sep_W3,0.0045662,657.0
Carolina Wren,9,4,Sep_W4,0.0104439,766.0
Carolina Wren,10,1,Oct_W1,0.009901,505.0
Carolina Wren,10,2,Oct_W2,0.0070423,568.0
Carolina Wren,10,3,Oct_W3,0.0057361,523.0
Carolina Wren,10,4,Oct_W4,0.0015823,632.0
Carolina Wren,11,1,Nov_W1,0.0,369.0
Carolina Wren,11,2,Nov_W2,0.0029674,337.0
Carolina Wren,11,3,Nov_W3,0.0015,346.0
Carolina Wren,11,4,Nov_W4,0.0,492.0
Carolina Wren,12,1,Dec_W1,0.0,303.0
Carolina Wren,12,2,Dec_W2,0.0015,335.0
Carolina Wren,12,3,Dec_W3,0.0,681.0
Carolina Wren,12,4,Dec_W4,0.0,600.0
European Starling,1,1,Jan_W1,0.1044957,823.0
European Starling,1,2,Jan_W2,0.0859813,535.0
European Starling,1,3,Jan_W3,0.0932203,472.0
European Starling,1,4,Jan_W4,0.0993789,644.0
European Starling,2,1,Feb_W1,0.0816327,490.0
European Starling,2,2,Feb_W2,0.0831919,589.0
European Starling,2,3,Feb_W3,0.0952986,787.0
European Starling,2,4,Feb_W4,0.1147541,427.0
European Starling,3,1,Mar_W1,0.1415771,558.0
European Starling,3,2,Mar_W2,0.1987673,649.0
European Starling,3,3,Mar_W3,0.2492958,710.0
European Starling,3,4,Mar_W4,0.2162162,1110.0
European Starling,4,1,Apr_W1,0.2358176,899.0
European Starling,4,2,Apr_W2,0.2202381,1344.0
European Starling,4,3,Apr_W3,0.2463768,1035.0
European Starling,4,4,Apr_W4,0.262012,1332.0
European Starling,5,1,May_W1,0.2236945,1283.0
European Starling,5,2,May_W2,0.2198444,1542.0
European Starling,5,3,May_W3,0.1858761,1501.0
European Starling,5,4,May_W4,0.1919369,2282.0
European Starling,6,1,Jun_W1,0.2108394,1513.0
European Starling,6,2,Jun_W2,0.2192857,1400.0
European Starling,6,3,Jun_W3,0.1816967,1497.0
European Starling,6,4,Jun_W4,0.1281892,1607.0
European Starling,7,1,Jul_W1,0.1148437,1280.0
European Starling,7,2,Jul_W2,0.1108179,1137.0
European Starling,7,3,Jul_W3,0.0812721,1132.0
European Starling,7,4,Jul_W4,0.0877072,1448.0
European Starling,8,1,Aug_W1,0.0989011,1001.0
European Starling,8,2,Aug_W2,0.1007463,804.0
European Starling,8,3,Aug_W3,0.0992823,836.0
European Starling,8,4,Aug_W4,0.0975845,1035.0
European Starling,9,1,Sep_W1,0.1230284,634.0
European Starling,9,2,Sep_W2,0.1196581,819.0
European Starling,9,3,Sep_W3,0.1476408,657.0
European Starling,9,4,Sep_W4,0.1618799,766.0
European Starling,10,1,Oct_W1,0.1584158,505.0
European Starling,10,2,Oct_W2,0.1514085,568.0
European Starling,10,3,Oct_W3,0.1300191,523.0
European Starling,10,4,Oct_W4,0.1107595,632.0
European Starling,11,1,Nov_W1,0.102981,369.0
European Starling,11,2,Nov_W2,0.0979228,337.0
European Starling,11,3,Nov_W3,0.0895954,346.0
European Starling,11,4,Nov_W4,0.0650407,492.0
European Starling,12,1,Dec_W1,0.1056106,303.0
European Starling,12,2,Dec_W2,0.0716418,335.0
European Starling,12,3,Dec_W3,0.1556535,681.0
European Starling,12,4,Dec_W4,0.0883333,600.0
Gray Catbird,1,1,Jan_W1,0.0,823.0
Gray Catbird,1,2,Jan_W2,0.0015,535.0
Gray Catbird,1,3,Jan_W3,0.0,472.0
Gray Catbird,1,4,Jan_W4,0.0,644.0
Gray Catbird,2,1,Feb_W1,0.0020408,490.0
Gray Catbird,2,2,Feb_W2,0.0,589.0
Gray Catbird,2,3,Feb_W3,0.0025413,787.0
Gray Catbird,2,4,Feb_W4,0.0,427.0
Gray Catbird,3,1,Mar_W1,0.0,558.0
Gray Catbird,3,2,Mar_W2,0.0,649.0
Gray Catbird,3,3,Mar_W3,0.0,710.0
Gray Catbird,3,4,Mar_W4,0.0,1110.0
Gray Catbird,4,1,Apr_W1,0.0015,899.0
Gray Catbird,4,2,Apr_W2,0.0,1344.0
Gray Catbird,4,3,Apr_W3,0.0,1035.0
Gray Catbird,4,4,Apr_W4,0.0037538,1332.0
Gray Catbird,5,1,May_W1,0.0444271,1283.0
Gray Catbird,5,2,May_W2,0.1686122,1542.0
Gray Catbird,5,3,May_W3,0.314457,1501.0
Gray Catbird,5,4,May_W4,0.2944785,2282.0
Gray Catbird,6,1,Jun_W1,0.2267019,1513.0
Gray Catbird,6,2,Jun_W2,0.1835714,1400.0
Gray Catbird,6,3,Jun_W3,0.1583166,1497.0
Gray Catbird,6,4,Jun_W4,0.1997511,1607.0
Gray Catbird,7,1,Jul_W1,0.2046875,1280.0
Gray Catbird,7,2,Jul_W2,0.1978892,1137.0
Gray Catbird,7,3,Jul_W3,0.1678445,1132.0
Gray Catbird,7,4,Jul_W4,0.1643646,1448.0
Gray Catbird,8,1,Aug_W1,0.1988012,1001.0
Gray Catbird,8,2,Aug_W2,0.1927861,804.0
Gray Catbird,8,3,Aug_W3,0.1866029,836.0
Gray Catbird,8,4,Aug_W4,0.2,1035.0
Gray Catbird,9,1,Sep_W1,0.2066246,634.0
Gray Catbird,9,2,Sep_W2,0.2039072,819.0
Gray Catbird,9,3,Sep_W3,0.2024353,657.0
Gray Catbird,9,4,Sep_W4,0.1527415,766.0
Gray Catbird,10,1,Oct_W1,0.0673267,505.0
Gray Catbird,10,2,Oct_W2,0.0123239,568.0
Gray Catbird,10,3,Oct_W3,0.0133843,523.0
Gray Catbird,10,4,Oct_W4,0.0015823,632.0
Gray Catbird,11,1,Nov_W1,0.0,369.0
Gray Catbird,11,2,Nov_W2,0.0,337.0
Gray Catbird,11,3,Nov_W3,0.0,346.0
Gray Catbird,11,4,Nov_W4,0.0,492.0
Gray Catbird,12,1,Dec_W1,0.0015,303.0
Gray Catbird,12,2,Dec_W2,0.0029851,335.0
Gray Catbird,12,3,Dec_W3,0.0073421,681.0
Gray Catbird,12,4,Dec_W4,0.0015,600.0
Brown Thrasher,1,1,Jan_W1,0.0,823.0
Brown Thrasher,1,2,Jan_W2,0.0037383,535.0
Brown Thrasher,1,3,Jan_W3,0.0084746,472.0
Brown Thrasher,1,4,Jan_W4,0.0093168,644.0
Brown Thrasher,2,1,Feb_W1,0.0122449,490.0
Brown Thrasher,2,2,Feb_W2,0.0016978,589.0
Brown Thrasher,2,3,Feb_W3,0.0,787.0
Brown Thrasher,2,4,Feb_W4,0.0,427.0
Brown Thrasher,3,1,Mar_W1,0.0,558.0
Brown Thrasher,3,2,Mar_W2,0.0,649.0
Brown Thrasher,3,3,Mar_W3,0.0,710.0
Brown Thrasher,3,4,Mar_W4,0.0018018,1110.0
Brown Thrasher,4,1,Apr_W1,0.0011123,899.0
Brown Thrasher,4,2,Apr_W2,0.0104167,1344.0
Brown Thrasher,4,3,Apr_W3,0.0444444,1035.0
Brown Thrasher,4,4,Apr_W4,0.1433934,1332.0
Brown Thrasher,5,1,May_W1,0.213562,1283.0
Brown Thrasher,5,2,May_W2,0.2068742,1542.0
Brown Thrasher,5,3,May_W3,0.2025316,1501.0
Brown Thrasher,5,4,May_W4,0.1805434,2282.0
Brown Thrasher,6,1,Jun_W1,0.1348315,1513.0
Brown Thrasher,6,2,Jun_W2,0.1371429,1400.0
Brown Thrasher,6,3,Jun_W3,0.1382766,1497.0
Brown Thrasher,6,4,Jun_W4,0.1101431,1607.0
Brown Thrasher,7,1,Jul_W1,0.0882813,1280.0
Brown Thrasher,7,2,Jul_W2,0.0861917,1137.0
Brown Thrasher,7,3,Jul_W3,0.0521201,1132.0
Brown Thrasher,7,4,Jul_W4,0.0441989,1448.0
Brown Thrasher,8,1,Aug_W1,0.037962,1001.0
Brown Thrasher,8,2,Aug_W2,0.0298507,804.0
Brown Thrasher,8,3,Aug_W3,0.0203349,836.0
Brown Thrasher,8,4,Aug_W4,0.0338164,1035.0
Brown Thrasher,9,1,Sep_W1,0.0536278,634.0
Brown Thrasher,9,2,Sep_W2,0.0537241,819.0
Brown Thrasher,9,3,Sep_W3,0.0471842,657.0
Brown Thrasher,9,4,Sep_W4,0.0143603,766.0
Brown Thrasher,10,1,Oct_W1,0.0039604,505.0
Brown Thrasher,10,2,Oct_W2,0.0,568.0
Brown Thrasher,10,3,Oct_W3,0.0,523.0
Brown Thrasher,10,4,Oct_W4,0.0,632.0
Brown Thrasher,11,1,Nov_W1,0.0,369.0
Brown Thrasher,11,2,Nov_W2,0.0,337.0
Brown Thrasher,11,3,Nov_W3,0.0,346.0
Brown Thrasher,11,4,Nov_W4,0.0,492.0
Brown Thrasher,12,1,Dec_W1,0.0,303.0
Brown Thrasher,12,2,Dec_W2,0.0,335.0
Brown Thrasher,12,3,Dec_W3,0.0,681.0
Brown Thrasher,12,4,Dec_W4,0.0,600.0
Northern Mockingbird,1,1,Jan_W1,0.0,823.0
Northern Mockingbird,1,2,Jan_W2,0.0,535.0
Northern Mockingbird,1,3,Jan_W3,0.0,472.0
Northern Mockingbird,1,4,Jan_W4,0.0,644.0
Northern Mockingbird,2,1,Feb_W1,0.0,490.0
Northern Mockingbird,2,2,Feb_W2,0.0,589.0
Northern Mockingbird,2,3,Feb_W3,0.0012706,787.0
Northern Mockingbird,2,4,Feb_W4,0.0023419,427.0
Northern Mockingbird,3,1,Mar_W1,0.0,558.0
Northern Mockingbird,3,2,Mar_W2,0.0015,649.0
Northern Mockingbird,3,3,Mar_W3,0.0,710.0
Northern Mockingbird,3,4,Mar_W4,0.0,1110.0
Northern Mockingbird,4,1,Apr_W1,0.0,899.0
Northern Mockingbird,4,2,Apr_W2,0.0,1344.0
Northern Mockingbird,4,3,Apr_W3,0.0009662,1035.0
Northern Mockingbird,4,4,Apr_W4,0.0015015,1332.0
Northern Mockingbird,5,1,May_W1,0.0007794,1283.0
Northern Mockingbird,5,2,May_W2,0.002594,1542.0
Northern Mockingbird,5,3,May_W3,0.0106596,1501.0
Northern Mockingbird,5,4,May_W4,0.0043821,2282.0
Northern Mockingbird,6,1,Jun_W1,0.0033047,1513.0
Northern Mockingbird,6,2,Jun_W2,0.0114286,1400.0
Northern Mockingbird,6,3,Jun_W3,0.009352,1497.0
Northern Mockingbird,6,4,Jun_W4,0.0043559,1607.0
Northern Mockingbird,7,1,Jul_W1,0.0046875,1280.0
Northern Mockingbird,7,2,Jul_W2,0.001759,1137.0
Northern Mockingbird,7,3,Jul_W3,0.004417,1132.0
Northern Mockingbird,7,4,Jul_W4,0.0027624,1448.0
Northern Mockingbird,8,1,Aug_W1,0.000999,1001.0
Northern Mockingbird,8,2,Aug_W2,0.0049751,804.0
Northern Mockingbird,8,3,Aug_W3,0.0059809,836.0
Northern Mockingbird,8,4,Aug_W4,0.0028986,1035.0
Northern Mockingbird,9,1,Sep_W1,0.0015773,634.0
Northern Mockingbird,9,2,Sep_W2,0.0,819.0
Northern Mockingbird,9,3,Sep_W3,0.0015,657.0
Northern Mockingbird,9,4,Sep_W4,0.0,766.0
Northern Mockingbird,10,1,Oct_W1,0.0,505.0
Northern Mockingbird,10,2,Oct_W2,0.0,568.0
Northern Mockingbird,10,3,Oct_W3,0.0,523.0
Northern Mockingbird,10,4,Oct_W4,0.0015823,632.0
Northern Mockingbird,11,1,Nov_W1,0.0054201,369.0
Northern Mockingbird,11,2,Nov_W2,0.0029674,337.0
Northern Mockingbird,11,3,Nov_W3,0.0,346.0
Northern Mockingbird,11,4,Nov_W4,0.0,492.0
Northern Mockingbird,12,1,Dec_W1,0.0,303.0
Northern Mockingbird,12,2,Dec_W2,0.0,335.0
Northern Mockingbird,12,3,Dec_W3,0.0,681.0
Northern Mockingbird,12,4,Dec_W4,0.0,600.0
Eastern Bluebird,1,1,Jan_W1,0.0194411,823.0
Eastern Bluebird,1,2,Jan_W2,0.0224299,535.0
Eastern Bluebird,1,3,Jan_W3,0.0105932,472.0
Eastern Bluebird,1,4,Jan_W4,0.0031056,644.0
Eastern Bluebird,2,1,Feb_W1,0.0081633,490.0
Eastern Bluebird,2,2,Feb_W2,0.008489,589.0
Eastern Bluebird,2,3,Feb_W3,0.0152478,787.0
Eastern Bluebird,2,4,Feb_W4,0.0117096,427.0
Eastern Bluebird,3,1,Mar_W1,0.0286738,558.0
Eastern Bluebird,3,2,Mar_W2,0.0570108,649.0
Eastern Bluebird,3,3,Mar_W3,0.0816901,710.0
Eastern Bluebird,3,4,Mar_W4,0.0693694,1110.0
Eastern Bluebird,4,1,Apr_W1,0.1179088,899.0
Eastern Bluebird,4,2,Apr_W2,0.1235119,1344.0
Eastern Bluebird,4,3,Apr_W3,0.1004831,1035.0
Eastern Bluebird,4,4,Apr_W4,0.1343844,1332.0
Eastern Bluebird,5,1,May_W1,0.1512081,1283.0
Eastern Bluebird,5,2,May_W2,0.1848249,1542.0
Eastern Bluebird,5,3,May_W3,0.1838774,1501.0
Eastern Bluebird,5,4,May_W4,0.1967572,2282.0
Eastern Bluebird,6,1,Jun_W1,0.1738268,1513.0
Eastern Bluebird,6,2,Jun_W2,0.16,1400.0
Eastern Bluebird,6,3,Jun_W3,0.1249165,1497.0
Eastern Bluebird,6,4,Jun_W4,0.1138768,1607.0
Eastern Bluebird,7,1,Jul_W1,0.1,1280.0
Eastern Bluebird,7,2,Jul_W2,0.1108179,1137.0
Eastern Bluebird,7,3,Jul_W3,0.0954064,1132.0
Eastern Bluebird,7,4,Jul_W4,0.0711326,1448.0
Eastern Bluebird,8,1,Aug_W1,0.0579421,1001.0
Eastern Bluebird,8,2,Aug_W2,0.0534826,804.0
Eastern Bluebird,8,3,Aug_W3,0.0526316,836.0
Eastern Bluebird,8,4,Aug_W4,0.0521739,1035.0
Eastern Bluebird,9,1,Sep_W1,0.0662461,634.0
Eastern Bluebird,9,2,Sep_W2,0.0549451,819.0
Eastern Bluebird,9,3,Sep_W3,0.0715373,657.0
Eastern Bluebird,9,4,Sep_W4,0.1109661,766.0
Eastern Bluebird,10,1,Oct_W1,0.0910891,505.0
Eastern Bluebird,10,2,Oct_W2,0.096831,568.0
Eastern Bluebird,10,3,Oct_W3,0.0745698,523.0
Eastern Bluebird,10,4,Oct_W4,0.0553797,632.0
Eastern Bluebird,11,1,Nov_W1,0.0243902,369.0
Eastern Bluebird,11,2,Nov_W2,0.0118694,337.0
Eastern Bluebird,11,3,Nov_W3,0.0115607,346.0
Eastern Bluebird,11,4,Nov_W4,0.0264228,492.0
Eastern Bluebird,12,1,Dec_W1,0.009901,303.0
Eastern Bluebird,12,2,Dec_W2,0.0149254,335.0
Eastern Bluebird,12,3,Dec_W3,0.0455213,681.0
Eastern Bluebird,12,4,Dec_W4,0.0116667,600.0
Townsend's Solitaire,1,1,Jan_W1,0.0015,823.0
Townsend's Solitaire,1,2,Jan_W2,0.0,535.0
Townsend's Solitaire,1,3,Jan_W3,0.0,472.0
Townsend's Solitaire,1,4,Jan_W4,0.0,644.0
Townsend's Solitaire,2,1,Feb_W1,0.0,490.0
Townsend's Solitaire,2,2,Feb_W2,0.0,589.0
Townsend's Solitaire,2,3,Feb_W3,0.0,787.0
Townsend's Solitaire,2,4,Feb_W4,0.0,427.0
Townsend's Solitaire,3,1,Mar_W1,0.0,558.0
Townsend's Solitaire,3,2,Mar_W2,0.0,649.0
Townsend's Solitaire,3,3,Mar_W3,0.0,710.0
Townsend's Solitaire,3,4,Mar_W4,0.0,1110.0
Townsend's Solitaire,4,1,Apr_W1,0.0011123,899.0
Townsend's Solitaire,4,2,Apr_W2,0.0,1344.0
Townsend's Solitaire,4,3,Apr_W3,0.0009662,1035.0
Townsend's Solitaire,4,4,Apr_W4,0.0,1332.0
Townsend's Solitaire,5,1,May_W1,0.0,1283.0
Townsend's Solitaire,5,2,May_W2,0.0,1542.0
Townsend's Solitaire,5,3,May_W3,0.0,1501.0
Townsend's Solitaire,5,4,May_W4,0.0,2282.0
Townsend's Solitaire,6,1,Jun_W1,0.0,1513.0
Townsend's Solitaire,6,2,Jun_W2,0.0,1400.0
Townsend's Solitaire,6,3,Jun_W3,0.0,1497.0
Townsend's Solitaire,6,4,Jun_W4,0.0,1607.0
Townsend's Solitaire,7,1,Jul_W1,0.0,1280.0
Townsend's Solitaire,7,2,Jul_W2,0.0,1137.0
Townsend's Solitaire,7,3,Jul_W3,0.0,1132.0
Townsend's Solitaire,7,4,Jul_W4,0.0,1448.0
Townsend's Solitaire,8,1,Aug_W1,0.0,1001.0
Townsend's Solitaire,8,2,Aug_W2,0.0,804.0
Townsend's Solitaire,8,3,Aug_W3,0.0,836.0
Townsend's Solitaire,8,4,Aug_W4,0.0,1035.0
Townsend's Solitaire,9,1,Sep_W1,0.0,634.0
Townsend's Solitaire,9,2,Sep_W2,0.0,819.0
Townsend's Solitaire,9,3,Sep_W3,0.0,657.0
Townsend's Solitaire,9,4,Sep_W4,0.0,766.0
Townsend's Solitaire,10,1,Oct_W1,0.0,505.0
Townsend's Solitaire,10,2,Oct_W2,0.0,568.0
Townsend's Solitaire,10,3,Oct_W3,0.0,523.0
Townsend's Solitaire,10,4,Oct_W4,0.0,632.0
Townsend's Solitaire,11,1,Nov_W1,0.0,369.0
Townsend's Solitaire,11,2,Nov_W2,0.0,337.0
Townsend's Solitaire,11,3,Nov_W3,0.0,346.0
Townsend's Solitaire,11,4,Nov_W4,0.0,492.0
Townsend's Solitaire,12,1,Dec_W1,0.0,303.0
Townsend's Solitaire,12,2,Dec_W2,0.0,335.0
Townsend's Solitaire,12,3,Dec_W3,0.0,681.0
Townsend's Solitaire,12,4,Dec_W4,0.0015,600.0
Varied Thrush,1,1,Jan_W1,0.0,823.0
Varied Thrush,1,2,Jan_W2,0.0,535.0
Varied Thrush,1,3,Jan_W3,0.0,472.0
Varied Thrush,1,4,Jan_W4,0.0,644.0
Varied Thrush,2,1,Feb_W1,0.0020408,490.0
Varied Thrush,2,2,Feb_W2,0.0,589.0
Varied Thrush,2,3,Feb_W3,0.0,787.0
Varied Thrush,2,4,Feb_W4,0.0,427.0
Varied Thrush,3,1,Mar_W1,0.0,558.0
Varied Thrush,3,2,Mar_W2,0.0,649.0
Varied Thrush,3,3,Mar_W3,0.0,710.0
Varied Thrush,3,4,Mar_W4,0.0,1110.0
Varied Thrush,4,1,Apr_W1,0.0,899.0
Varied Thrush,4,2,Apr_W2,0.0,1344.0
Varied Thrush,4,3,Apr_W3,0.0,1035.0
Varied Thrush,4,4,Apr_W4,0.0,1332.0
Varied Thrush,5,1,May_W1,0.0,1283.0
Varied Thrush,5,2,May_W2,0.0,1542.0
Varied Thrush,5,3,May_W3,0.0,1501.0
Varied Thrush,5,4,May_W4,0.0,2282.0
Varied Thrush,6,1,Jun_W1,0.0,1513.0
Varied Thrush,6,2,Jun_W2,0.0,1400.0
Varied Thrush,6,3,Jun_W3,0.0,1497.0
Varied Thrush,6,4,Jun_W4,0.0,1607.0
Varied Thrush,7,1,Jul_W1,0.0,1280.0
Varied Thrush,7,2,Jul_W2,0.0,1137.0
Varied Thrush,7,3,Jul_W3,0.0,1132.0
Varied Thrush,7,4,Jul_W4,0.0,1448.0
Varied Thrush,8,1,Aug_W1,0.0,1001.0
Varied Thrush,8,2,Aug_W2,0.0,804.0
Varied Thrush,8,3,Aug_W3,0.0,836.0
Varied Thrush,8,4,Aug_W4,0.0,1035.0
Varied Thrush,9,1,Sep_W1,0.0,634.0
Varied Thrush,9,2,Sep_W2,0.0,819.0
Varied Thrush,9,3,Sep_W3,0.0,657.0
Varied Thrush,9,4,Sep_W4,0.0,766.0
Varied Thrush,10,1,Oct_W1,0.0,505.0
Varied Thrush,10,2,Oct_W2,0.0,568.0
Varied Thrush,10,3,Oct_W3,0.0,523.0
Varied Thrush,10,4,Oct_W4,0.0,632.0
Varied Thrush,11,1,Nov_W1,0.0,369.0
Varied Thrush,11,2,Nov_W2,0.0,337.0
Varied Thrush,11,3,Nov_W3,0.0,346.0
Varied Thrush,11,4,Nov_W4,0.0,492.0
Varied Thrush,12,1,Dec_W1,0.0,303.0
Varied Thrush,12,2,Dec_W2,0.0,335.0
Varied Thrush,12,3,Dec_W3,0.0015,681.0
Varied Thrush,12,4,Dec_W4,0.0,600.0
Veery,1,1,Jan_W1,0.0,823.0
Veery,1,2,Jan_W2,0.0,535.0
Veery,1,3,Jan_W3,0.0,472.0
Veery,1,4,Jan_W4,0.0,644.0
Veery,2,1,Feb_W1,0.0,490.0
Veery,2,2,Feb_W2,0.0,589.0
Veery,2,3,Feb_W3,0.0,787.0
Veery,2,4,Feb_W4,0.0,427.0
Veery,3,1,Mar_W1,0.0,558.0
Veery,3,2,Mar_W2,0.0,649.0
Veery,3,3,Mar_W3,0.0,710.0
Veery,3,4,Mar_W4,0.0,1110.0
Veery,4,1,Apr_W1,0.0,899.0
Veery,4,2,Apr_W2,0.0,1344.0
Veery,4,3,Apr_W3,0.0,1035.0
Veery,4,4,Apr_W4,0.0,1332.0
Veery,5,1,May_W1,0.0031177,1283.0
Veery,5,2,May_W2,0.0194553,1542.0
Veery,5,3,May_W3,0.0512991,1501.0
Veery,5,4,May_W4,0.0617879,2282.0
Veery,6,1,Jun_W1,0.0495704,1513.0
Veery,6,2,Jun_W2,0.05,1400.0
Veery,6,3,Jun_W3,0.0447562,1497.0
Veery,6,4,Jun_W4,0.0497822,1607.0
Veery,7,1,Jul_W1,0.0609375,1280.0
Veery,7,2,Jul_W2,0.0466139,1137.0
Veery,7,3,Jul_W3,0.0326855,1132.0
Veery,7,4,Jul_W4,0.0117403,1448.0
Veery,8,1,Aug_W1,0.006993,1001.0
Veery,8,2,Aug_W2,0.0074627,804.0
Veery,8,3,Aug_W3,0.0,836.0
Veery,8,4,Aug_W4,0.0028986,1035.0
Veery,9,1,Sep_W1,0.0063091,634.0
Veery,9,2,Sep_W2,0.001221,819.0
Veery,9,3,Sep_W3,0.0015221,657.0
Veery,9,4,Sep_W4,0.0,766.0
Veery,10,1,Oct_W1,0.0,505.0
Veery,10,2,Oct_W2,0.0,568.0
Veery,10,3,Oct_W3,0.0,523.0
Veery,10,4,Oct_W4,0.0,632.0
Veery,11,1,Nov_W1,0.0,369.0
Veery,11,2,Nov_W2,0.0,337.0
Veery,11,3,Nov_W3,0.0,346.0
Veery,11,4,Nov_W4,0.0,492.0
Veery,12,1,Dec_W1,0.0,303.0
Veery,12,2,Dec_W2,0.0,335.0
Veery,12,3,Dec_W3,0.0,681.0
Veery,12,4,Dec_W4,0.0,600.0
Gray-cheeked Thrush,1,1,Jan_W1,0.0,823.0
Gray-cheeked Thrush,1,2,Jan_W2,0.0,535.0
Gray-cheeked Thrush,1,3,Jan_W3,0.0,472.0
Gray-cheeked Thrush,1,4,Jan_W4,0.0,644.0
Gray-cheeked Thrush,2,1,Feb_W1,0.0,490.0
Gray-cheeked Thrush,2,2,Feb_W2,0.0,589.0
Gray-cheeked Thrush,2,3,Feb_W3,0.0,787.0
Gray-cheeked Thrush,2,4,Feb_W4,0.0,427.0
Gray-cheeked Thrush,3,1,Mar_W1,0.0,558.0
Gray-cheeked Thrush,3,2,Mar_W2,0.0,649.0
Gray-cheeked Thrush,3,3,Mar_W3,0.0,710.0
Gray-cheeked Thrush,3,4,Mar_W4,0.0,1110.0
Gray-cheeked Thrush,4,1,Apr_W1,0.0,899.0
Gray-cheeked Thrush,4,2,Apr_W2,0.0,1344.0
Gray-cheeked Thrush,4,3,Apr_W3,0.0,1035.0
Gray-cheeked Thrush,4,4,Apr_W4,0.0,1332.0
Gray-cheeked Thrush,5,1,May_W1,0.0023383,1283.0
Gray-cheeked Thrush,5,2,May_W2,0.0071336,1542.0
Gray-cheeked Thrush,5,3,May_W3,0.005996,1501.0
Gray-cheeked Thrush,5,4,May_W4,0.0070114,2282.0
Gray-cheeked Thrush,6,1,Jun_W1,0.0,1513.0
Gray-cheeked Thrush,6,2,Jun_W2,0.0,1400.0
Gray-cheeked Thrush,6,3,Jun_W3,0.0,1497.0
Gray-cheeked Thrush,6,4,Jun_W4,0.0,1607.0
Gray-cheeked Thrush,7,1,Jul_W1,0.0,1280.0
Gray-cheeked Thrush,7,2,Jul_W2,0.0,1137.0
Gray-cheeked Thrush,7,3,Jul_W3,0.0,1132.0
Gray-cheeked Thrush,7,4,Jul_W4,0.0,1448.0
Gray-cheeked Thrush,8,1,Aug_W1,0.0,1001.0
Gray-cheeked Thrush,8,2,Aug_W2,0.0,804.0
Gray-cheeked Thrush,8,3,Aug_W3,0.0,836.0
Gray-cheeked Thrush,8,4,Aug_W4,0.0,1035.0
Gray-cheeked Thrush,9,1,Sep_W1,0.0063091,634.0
Gray-cheeked Thrush,9,2,Sep_W2,0.02442,819.0
Gray-cheeked Thrush,9,3,Sep_W3,0.0152207,657.0
Gray-cheeked Thrush,9,4,Sep_W4,0.0104439,766.0
Gray-cheeked Thrush,10,1,Oct_W1,0.0039604,505.0
Gray-cheeked Thrush,10,2,Oct_W2,0.0,568.0
Gray-cheeked Thrush,10,3,Oct_W3,0.001912,523.0
Gray-cheeked Thrush,10,4,Oct_W4,0.0,632.0
Gray-cheeked Thrush,11,1,Nov_W1,0.0,369.0
Gray-cheeked Thrush,11,2,Nov_W2,0.0,337.0
Gray-cheeked Thrush,11,3,Nov_W3,0.0,346.0
Gray-cheeked Thrush,11,4,Nov_W4,0.0,492.0
Gray-cheeked Thrush,12,1,Dec_W1,0.0,303.0
Gray-cheeked Thrush,12,2,Dec_W2,0.0,335.0
Gray-cheeked Thrush,12,3,Dec_W3,0.0,681.0
Gray-cheeked Thrush,12,4,Dec_W4,0.0,600.0
Swainson's Thrush,1,1,Jan_W1,0.0,823.0
Swainson's Thrush,1,2,Jan_W2,0.0,535.0
Swainson's Thrush,1,3,Jan_W3,0.0,472.0
Swainson's Thrush,1,4,Jan_W4,0.0,644.0
Swainson's Thrush,2,1,Feb_W1,0.0,490.0
Swainson's Thrush,2,2,Feb_W2,0.0,589.0
Swainson's Thrush,2,3,Feb_W3,0.0,787.0
Swainson's Thrush,2,4,Feb_W4,0.0,427.0
Swainson's Thrush,3,1,Mar_W1,0.0,558.0
Swainson's Thrush,3,2,Mar_W2,0.0,649.0
Swainson's Thrush,3,3,Mar_W3,0.0,710.0
Swainson's Thrush,3,4,Mar_W4,0.0,1110.0
Swainson's Thrush,4,1,Apr_W1,0.0,899.0
Swainson's Thrush,4,2,Apr_W2,0.0,1344.0
Swainson's Thrush,4,3,Apr_W3,0.0,1035.0
Swainson's Thrush,4,4,Apr_W4,0.0007508,1332.0
Swainson's Thrush,5,1,May_W1,0.0070148,1283.0
Swainson's Thrush,5,2,May_W2,0.0149157,1542.0
Swainson's Thrush,5,3,May_W3,0.053964,1501.0
Swainson's Thrush,5,4,May_W4,0.028922,2282.0
Swainson's Thrush,6,1,Jun_W1,0.0039656,1513.0
Swainson's Thrush,6,2,Jun_W2,0.0007143,1400.0
Swainson's Thrush,6,3,Jun_W3,0.000668,1497.0
Swainson's Thrush,6,4,Jun_W4,0.0,1607.0
Swainson's Thrush,7,1,Jul_W1,0.0007813,1280.0
Swainson's Thrush,7,2,Jul_W2,0.001759,1137.0
Swainson's Thrush,7,3,Jul_W3,0.0,1132.0
Swainson's Thrush,7,4,Jul_W4,0.0,1448.0
Swainson's Thrush,8,1,Aug_W1,0.001998,1001.0
Swainson's Thrush,8,2,Aug_W2,0.0012438,804.0
Swainson's Thrush,8,3,Aug_W3,0.0,836.0
Swainson's Thrush,8,4,Aug_W4,0.0009662,1035.0
Swainson's Thrush,9,1,Sep_W1,0.0520505,634.0
Swainson's Thrush,9,2,Sep_W2,0.0818071,819.0
Swainson's Thrush,9,3,Sep_W3,0.0471842,657.0
Swainson's Thrush,9,4,Sep_W4,0.0365535,766.0
Swainson's Thrush,10,1,Oct_W1,0.0138614,505.0
Swainson's Thrush,10,2,Oct_W2,0.0,568.0
Swainson's Thrush,10,3,Oct_W3,0.0038241,523.0
Swainson's Thrush,10,4,Oct_W4,0.0,632.0
Swainson's Thrush,11,1,Nov_W1,0.0,369.0
Swainson's Thrush,11,2,Nov_W2,0.0,337.0
Swainson's Thrush,11,3,Nov_W3,0.0,346.0
Swainson's Thrush,11,4,Nov_W4,0.0,492.0
Swainson's Thrush,12,1,Dec_W1,0.0,303.0
Swainson's Thrush,12,2,Dec_W2,0.0,335.0
Swainson's Thrush,12,3,Dec_W3,0.0,681.0
Swainson's Thrush,12,4,Dec_W4,0.0,600.0
Hermit Thrush,1,1,Jan_W1,0.0,823.0
Hermit Thrush,1,2,Jan_W2,0.0,535.0
Hermit Thrush,1,3,Jan_W3,0.0042373,472.0
Hermit Thrush,1,4,Jan_W4,0.0015528,644.0
Hermit Thrush,2,1,Feb_W1,0.0,490.0
Hermit Thrush,2,2,Feb_W2,0.0,589.0
Hermit Thrush,2,3,Feb_W3,0.0,787.0
Hermit Thrush,2,4,Feb_W4,0.0,427.0
Hermit Thrush,3,1,Mar_W1,0.0,558.0
Hermit Thrush,3,2,Mar_W2,0.0,649.0
Hermit Thrush,3,3,Mar_W3,0.0,710.0
Hermit Thrush,3,4,Mar_W4,0.0,1110.0
Hermit Thrush,4,1,Apr_W1,0.0077864,899.0
Hermit Thrush,4,2,Apr_W2,0.0446429,1344.0
Hermit Thrush,4,3,Apr_W3,0.1178744,1035.0
Hermit Thrush,4,4,Apr_W4,0.1141141,1332.0
Hermit Thrush,5,1,May_W1,0.1098987,1283.0
Hermit Thrush,5,2,May_W2,0.0771725,1542.0
Hermit Thrush,5,3,May_W3,0.0926049,1501.0
Hermit Thrush,5,4,May_W4,0.0815074,2282.0
Hermit Thrush,6,1,Jun_W1,0.0806345,1513.0
Hermit Thrush,6,2,Jun_W2,0.0778571,1400.0
Hermit Thrush,6,3,Jun_W3,0.0688043,1497.0
Hermit Thrush,6,4,Jun_W4,0.1144991,1607.0
Hermit Thrush,7,1,Jul_W1,0.1140625,1280.0
Hermit Thrush,7,2,Jul_W2,0.0967458,1137.0
Hermit Thrush,7,3,Jul_W3,0.1060071,1132.0
Hermit Thrush,7,4,Jul_W4,0.1077348,1448.0
Hermit Thrush,8,1,Aug_W1,0.0739261,1001.0
Hermit Thrush,8,2,Aug_W2,0.0360697,804.0
Hermit Thrush,8,3,Aug_W3,0.0083732,836.0
Hermit Thrush,8,4,Aug_W4,0.0115942,1035.0
Hermit Thrush,9,1,Sep_W1,0.0126183,634.0
Hermit Thrush,9,2,Sep_W2,0.013431,819.0
Hermit Thrush,9,3,Sep_W3,0.021309,657.0
Hermit Thrush,9,4,Sep_W4,0.0221932,766.0
Hermit Thrush,10,1,Oct_W1,0.049505,505.0
Hermit Thrush,10,2,Oct_W2,0.0598592,568.0
Hermit Thrush,10,3,Oct_W3,0.0478011,523.0
Hermit Thrush,10,4,Oct_W4,0.0079114,632.0
Hermit Thrush,11,1,Nov_W1,0.00271,369.0
Hermit Thrush,11,2,Nov_W2,0.0,337.0
Hermit Thrush,11,3,Nov_W3,0.0,346.0
Hermit Thrush,11,4,Nov_W4,0.0,492.0
Hermit Thrush,12,1,Dec_W1,0.0,303.0
Hermit Thrush,12,2,Dec_W2,0.0,335.0
Hermit Thrush,12,3,Dec_W3,0.0014684,681.0
Hermit Thrush,12,4,Dec_W4,0.0,600.0
Wood Thrush,1,1,Jan_W1,0.0,823.0
Wood Thrush,1,2,Jan_W2,0.0,535.0
Wood Thrush,1,3,Jan_W3,0.0,472.0
Wood Thrush,1,4,Jan_W4,0.0,644.0
Wood Thrush,2,1,Feb_W1,0.0,490.0
Wood Thrush,2,2,Feb_W2,0.0,589.0
Wood Thrush,2,3,Feb_W3,0.0,787.0
Wood Thrush,2,4,Feb_W4,0.0,427.0
Wood Thrush,3,1,Mar_W1,0.0,558.0
Wood Thrush,3,2,Mar_W2,0.0,649.0
Wood Thrush,3,3,Mar_W3,0.0,710.0
Wood Thrush,3,4,Mar_W4,0.0,1110.0
Wood Thrush,4,1,Apr_W1,0.0,899.0
Wood Thrush,4,2,Apr_W2,0.0,1344.0
Wood Thrush,4,3,Apr_W3,0.0,1035.0
Wood Thrush,4,4,Apr_W4,0.0015015,1332.0
Wood Thrush,5,1,May_W1,0.0187062,1283.0
Wood Thrush,5,2,May_W2,0.0706874,1542.0
Wood Thrush,5,3,May_W3,0.1159227,1501.0
Wood Thrush,5,4,May_W4,0.0990359,2282.0
Wood Thrush,6,1,Jun_W1,0.0713814,1513.0
Wood Thrush,6,2,Jun_W2,0.095,1400.0
Wood Thrush,6,3,Jun_W3,0.0881764,1497.0
Wood Thrush,6,4,Jun_W4,0.0840075,1607.0
Wood Thrush,7,1,Jul_W1,0.078125,1280.0
Wood Thrush,7,2,Jul_W2,0.0650836,1137.0
Wood Thrush,7,3,Jul_W3,0.0424028,1132.0
Wood Thrush,7,4,Jul_W4,0.0283149,1448.0
Wood Thrush,8,1,Aug_W1,0.017982,1001.0
Wood Thrush,8,2,Aug_W2,0.0099502,804.0
Wood Thrush,8,3,Aug_W3,0.0015,836.0
Wood Thrush,8,4,Aug_W4,0.0057971,1035.0
Wood Thrush,9,1,Sep_W1,0.0094637,634.0
Wood Thrush,9,2,Sep_W2,0.006105,819.0
Wood Thrush,9,3,Sep_W3,0.0015221,657.0
Wood Thrush,9,4,Sep_W4,0.0013055,766.0
Wood Thrush,10,1,Oct_W1,0.0,505.0
Wood Thrush,10,2,Oct_W2,0.0,568.0
Wood Thrush,10,3,Oct_W3,0.0,523.0
Wood Thrush,10,4,Oct_W4,0.0,632.0
Wood Thrush,11,1,Nov_W1,0.0,369.0
Wood Thrush,11,2,Nov_W2,0.0,337.0
Wood Thrush,11,3,Nov_W3,0.0,346.0
Wood Thrush,11,4,Nov_W4,0.0,492.0
Wood Thrush,12,1,Dec_W1,0.0,303.0
Wood Thrush,12,2,Dec_W2,0.0,335.0
Wood Thrush,12,3,Dec_W3,0.0,681.0
Wood Thrush,12,4,Dec_W4,0.0,600.0
American Robin,1,1,Jan_W1,0.0522479,823.0
American Robin,1,2,Jan_W2,0.0841121,535.0
American Robin,1,3,Jan_W3,0.0508475,472.0
American Robin,1,4,Jan_W4,0.0419255,644.0
American Robin,2,1,Feb_W1,0.044898,490.0
American Robin,2,2,Feb_W2,0.0713073,589.0
American Robin,2,3,Feb_W3,0.0609911,787.0
American Robin,2,4,Feb_W4,0.117096,427.0
American Robin,3,1,Mar_W1,0.1541219,558.0
American Robin,3,2,Mar_W2,0.2218798,649.0
American Robin,3,3,Mar_W3,0.3267606,710.0
American Robin,3,4,Mar_W4,0.4333333,1110.0
American Robin,4,1,Apr_W1,0.5583982,899.0
American Robin,4,2,Apr_W2,0.5848214,1344.0
American Robin,4,3,Apr_W3,0.5835749,1035.0
American Robin,4,4,Apr_W4,0.6261261,1332.0
American Robin,5,1,May_W1,0.5939205,1283.0
American Robin,5,2,May_W2,0.6731518,1542.0
American Robin,5,3,May_W3,0.6668887,1501.0
American Robin,5,4,May_W4,0.6560035,2282.0
American Robin,6,1,Jun_W1,0.6292135,1513.0
American Robin,6,2,Jun_W2,0.6464286,1400.0
American Robin,6,3,Jun_W3,0.5918504,1497.0
American Robin,6,4,Jun_W4,0.6141879,1607.0
American Robin,7,1,Jul_W1,0.6335937,1280.0
American Robin,7,2,Jul_W2,0.6191733,1137.0
American Robin,7,3,Jul_W3,0.5777385,1132.0
American Robin,7,4,Jul_W4,0.5096685,1448.0
American Robin,8,1,Aug_W1,0.4775225,1001.0
American Robin,8,2,Aug_W2,0.391791,804.0
American Robin,8,3,Aug_W3,0.3229665,836.0
American Robin,8,4,Aug_W4,0.2425121,1035.0
American Robin,9,1,Sep_W1,0.2555205,634.0
American Robin,9,2,Sep_W2,0.2735043,819.0
American Robin,9,3,Sep_W3,0.3378995,657.0
American Robin,9,4,Sep_W4,0.3681462,766.0
American Robin,10,1,Oct_W1,0.4059406,505.0
American Robin,10,2,Oct_W2,0.3644366,568.0
American Robin,10,3,Oct_W3,0.3441683,523.0
American Robin,10,4,Oct_W4,0.2863924,632.0
American Robin,11,1,Nov_W1,0.2357724,369.0
American Robin,11,2,Nov_W2,0.1246291,337.0
American Robin,11,3,Nov_W3,0.0751445,346.0
American Robin,11,4,Nov_W4,0.0569106,492.0
American Robin,12,1,Dec_W1,0.0990099,303.0
American Robin,12,2,Dec_W2,0.0597015,335.0
American Robin,12,3,Dec_W3,0.1101322,681.0
American Robin,12,4,Dec_W4,0.0533333,600.0
Bohemian Waxwing,1,1,Jan_W1,0.018226,823.0
Bohemian Waxwing,1,2,Jan_W2,0.0280374,535.0
Bohemian Waxwing,1,3,Jan_W3,0.029661,472.0
Bohemian Waxwing,1,4,Jan_W4,0.0031056,644.0
Bohemian Waxwing,2,1,Feb_W1,0.0015,490.0
Bohemian Waxwing,2,2,Feb_W2,0.0067912,589.0
Bohemian Waxwing,2,3,Feb_W3,0.0050826,787.0
Bohemian Waxwing,2,4,Feb_W4,0.0117096,427.0
Bohemian Waxwing,3,1,Mar_W1,0.0071685,558.0
Bohemian Waxwing,3,2,Mar_W2,0.0046225,649.0
Bohemian Waxwing,3,3,Mar_W3,0.0056338,710.0
Bohemian Waxwing,3,4,Mar_W4,0.0036036,1110.0
Bohemian Waxwing,4,1,Apr_W1,0.0,899.0
Bohemian Waxwing,4,2,Apr_W2,0.000744,1344.0
Bohemian Waxwing,4,3,Apr_W3,0.0009662,1035.0
Bohemian Waxwing,4,4,Apr_W4,0.0,1332.0
Bohemian Waxwing,5,1,May_W1,0.0,1283.0
Bohemian Waxwing,5,2,May_W2,0.0,1542.0
Bohemian Waxwing,5,3,May_W3,0.0,1501.0
Bohemian Waxwing,5,4,May_W4,0.0,2282.0
Bohemian Waxwing,6,1,Jun_W1,0.0,1513.0
Bohemian Waxwing,6,2,Jun_W2,0.0,1400.0
Bohemian Waxwing,6,3,Jun_W3,0.0,1497.0
Bohemian Waxwing,6,4,Jun_W4,0.0,1607.0
Bohemian Waxwing,7,1,Jul_W1,0.0,1280.0
Bohemian Waxwing,7,2,Jul_W2,0.0,1137.0
Bohemian Waxwing,7,3,Jul_W3,0.0,1132.0
Bohemian Waxwing,7,4,Jul_W4,0.0,1448.0
Bohemian Waxwing,8,1,Aug_W1,0.0,1001.0
Bohemian Waxwing,8,2,Aug_W2,0.0,804.0
Bohemian Waxwing,8,3,Aug_W3,0.0,836.0
Bohemian Waxwing,8,4,Aug_W4,0.0,1035.0
Bohemian Waxwing,9,1,Sep_W1,0.0,634.0
Bohemian Waxwing,9,2,Sep_W2,0.0,819.0
Bohemian Waxwing,9,3,Sep_W3,0.0,657.0
Bohemian Waxwing,9,4,Sep_W4,0.0,766.0
Bohemian Waxwing,10,1,Oct_W1,0.0,505.0
Bohemian Waxwing,10,2,Oct_W2,0.0,568.0
Bohemian Waxwing,10,3,Oct_W3,0.0,523.0
Bohemian Waxwing,10,4,Oct_W4,0.0,632.0
Bohemian Waxwing,11,1,Nov_W1,0.0081301,369.0
Bohemian Waxwing,11,2,Nov_W2,0.0089021,337.0
Bohemian Waxwing,11,3,Nov_W3,0.017341,346.0
Bohemian Waxwing,11,4,Nov_W4,0.0182927,492.0
Bohemian Waxwing,12,1,Dec_W1,0.0132013,303.0
Bohemian Waxwing,12,2,Dec_W2,0.0149254,335.0
Bohemian Waxwing,12,3,Dec_W3,0.0029369,681.0
Bohemian Waxwing,12,4,Dec_W4,0.0183333,600.0
Cedar Waxwing,1,1,Jan_W1,0.0279465,823.0
Cedar Waxwing,1,2,Jan_W2,0.0485981,535.0
Cedar Waxwing,1,3,Jan_W3,0.0466102,472.0
Cedar Waxwing,1,4,Jan_W4,0.0263975,644.0
Cedar Waxwing,2,1,Feb_W1,0.0367347,490.0
Cedar Waxwing,2,2,Feb_W2,0.057725,589.0
Cedar Waxwing,2,3,Feb_W3,0.0419314,787.0
Cedar Waxwing,2,4,Feb_W4,0.0374707,427.0
Cedar Waxwing,3,1,Mar_W1,0.0430108,558.0
Cedar Waxwing,3,2,Mar_W2,0.0261941,649.0
Cedar Waxwing,3,3,Mar_W3,0.0225352,710.0
Cedar Waxwing,3,4,Mar_W4,0.0207207,1110.0
Cedar Waxwing,4,1,Apr_W1,0.0133482,899.0
Cedar Waxwing,4,2,Apr_W2,0.0245536,1344.0
Cedar Waxwing,4,3,Apr_W3,0.021256,1035.0
Cedar Waxwing,4,4,Apr_W4,0.0255255,1332.0
Cedar Waxwing,5,1,May_W1,0.025721,1283.0
Cedar Waxwing,5,2,May_W2,0.0291829,1542.0
Cedar Waxwing,5,3,May_W3,0.0686209,1501.0
Cedar Waxwing,5,4,May_W4,0.202454,2282.0
Cedar Waxwing,6,1,Jun_W1,0.2934567,1513.0
Cedar Waxwing,6,2,Jun_W2,0.3257143,1400.0
Cedar Waxwing,6,3,Jun_W3,0.3326653,1497.0
Cedar Waxwing,6,4,Jun_W4,0.4113255,1607.0
Cedar Waxwing,7,1,Jul_W1,0.5054688,1280.0
Cedar Waxwing,7,2,Jul_W2,0.467898,1137.0
Cedar Waxwing,7,3,Jul_W3,0.4408127,1132.0
Cedar Waxwing,7,4,Jul_W4,0.410221,1448.0
Cedar Waxwing,8,1,Aug_W1,0.3976024,1001.0
Cedar Waxwing,8,2,Aug_W2,0.3271144,804.0
Cedar Waxwing,8,3,Aug_W3,0.2870813,836.0
Cedar Waxwing,8,4,Aug_W4,0.2492754,1035.0
Cedar Waxwing,9,1,Sep_W1,0.2239748,634.0
Cedar Waxwing,9,2,Sep_W2,0.1489621,819.0
Cedar Waxwing,9,3,Sep_W3,0.1278539,657.0
Cedar Waxwing,9,4,Sep_W4,0.0939948,766.0
Cedar Waxwing,10,1,Oct_W1,0.0455446,505.0
Cedar Waxwing,10,2,Oct_W2,0.040493,568.0
Cedar Waxwing,10,3,Oct_W3,0.0497132,523.0
Cedar Waxwing,10,4,Oct_W4,0.028481,632.0
Cedar Waxwing,11,1,Nov_W1,0.0352304,369.0
Cedar Waxwing,11,2,Nov_W2,0.0237389,337.0
Cedar Waxwing,11,3,Nov_W3,0.0404624,346.0
Cedar Waxwing,11,4,Nov_W4,0.0365854,492.0
Cedar Waxwing,12,1,Dec_W1,0.0693069,303.0
Cedar Waxwing,12,2,Dec_W2,0.0268657,335.0
Cedar Waxwing,12,3,Dec_W3,0.0484581,681.0
Cedar Waxwing,12,4,Dec_W4,0.0333333,600.0
House Sparrow,1,1,Jan_W1,0.0170109,823.0
House Sparrow,1,2,Jan_W2,0.0224299,535.0
House Sparrow,1,3,Jan_W3,0.0105932,472.0
House Sparrow,1,4,Jan_W4,0.0124224,644.0
House Sparrow,2,1,Feb_W1,0.0061224,490.0
House Sparrow,2,2,Feb_W2,0.0254669,589.0
House Sparrow,2,3,Feb_W3,0.0304956,787.0
House Sparrow,2,4,Feb_W4,0.0351288,427.0
House Sparrow,3,1,Mar_W1,0.0430108,558.0
House Sparrow,3,2,Mar_W2,0.0354391,649.0
House Sparrow,3,3,Mar_W3,0.0394366,710.0
House Sparrow,3,4,Mar_W4,0.0306306,1110.0
House Sparrow,4,1,Apr_W1,0.0211346,899.0
House Sparrow,4,2,Apr_W2,0.0275298,1344.0
House Sparrow,4,3,Apr_W3,0.0183575,1035.0
House Sparrow,4,4,Apr_W4,0.027027,1332.0
House Sparrow,5,1,May_W1,0.0272798,1283.0
House Sparrow,5,2,May_W2,0.0272374,1542.0
House Sparrow,5,3,May_W3,0.0233178,1501.0
House Sparrow,5,4,May_W4,0.0201578,2282.0
House Sparrow,6,1,Jun_W1,0.0383344,1513.0
House Sparrow,6,2,Jun_W2,0.03,1400.0
House Sparrow,6,3,Jun_W3,0.0347361,1497.0
House Sparrow,6,4,Jun_W4,0.0217797,1607.0
House Sparrow,7,1,Jul_W1,0.0304687,1280.0
House Sparrow,7,2,Jul_W2,0.0299033,1137.0
House Sparrow,7,3,Jul_W3,0.0220848,1132.0
House Sparrow,7,4,Jul_W4,0.0179558,1448.0
House Sparrow,8,1,Aug_W1,0.014985,1001.0
House Sparrow,8,2,Aug_W2,0.011194,804.0
House Sparrow,8,3,Aug_W3,0.007177,836.0
House Sparrow,8,4,Aug_W4,0.0154589,1035.0
House Sparrow,9,1,Sep_W1,0.022082,634.0
House Sparrow,9,2,Sep_W2,0.01221,819.0
House Sparrow,9,3,Sep_W3,0.0030441,657.0
House Sparrow,9,4,Sep_W4,0.0104439,766.0
House Sparrow,10,1,Oct_W1,0.0138614,505.0
House Sparrow,10,2,Oct_W2,0.0140845,568.0
House Sparrow,10,3,Oct_W3,0.0114723,523.0
House Sparrow,10,4,Oct_W4,0.0079114,632.0
House Sparrow,11,1,Nov_W1,0.0081301,369.0
House Sparrow,11,2,Nov_W2,0.0118694,337.0
House Sparrow,11,3,Nov_W3,0.017341,346.0
House Sparrow,11,4,Nov_W4,0.0121951,492.0
House Sparrow,12,1,Dec_W1,0.0132013,303.0
House Sparrow,12,2,Dec_W2,0.0,335.0
House Sparrow,12,3,Dec_W3,0.0234949,681.0
House Sparrow,12,4,Dec_W4,0.0083333,600.0
Eurasian Tree Sparrow,1,1,Jan_W1,0.0,823.0
Eurasian Tree Sparrow,1,2,Jan_W2,0.0,535.0
Eurasian Tree Sparrow,1,3,Jan_W3,0.0,472.0
Eurasian Tree Sparrow,1,4,Jan_W4,0.0,644.0
Eurasian Tree Sparrow,2,1,Feb_W1,0.0,490.0
Eurasian Tree Sparrow,2,2,Feb_W2,0.0,589.0
Eurasian Tree Sparrow,2,3,Feb_W3,0.0,787.0
Eurasian Tree Sparrow,2,4,Feb_W4,0.0,427.0
Eurasian Tree Sparrow,3,1,Mar_W1,0.0,558.0
Eurasian Tree Sparrow,3,2,Mar_W2,0.0,649.0
Eurasian Tree Sparrow,3,3,Mar_W3,0.0,710.0
Eurasian Tree Sparrow,3,4,Mar_W4,0.0,1110.0
Eurasian Tree Sparrow,4,1,Apr_W1,0.0,899.0
Eurasian Tree Sparrow,4,2,Apr_W2,0.0,1344.0
Eurasian Tree Sparrow,4,3,Apr_W3,0.0,1035.0
Eurasian Tree Sparrow,4,4,Apr_W4,0.0,1332.0
Eurasian Tree Sparrow,5,1,May_W1,0.0007794,1283.0
Eurasian Tree Sparrow,5,2,May_W2,0.0,1542.0
Eurasian Tree Sparrow,5,3,May_W3,0.0,1501.0
Eurasian Tree Sparrow,5,4,May_W4,0.0004382,2282.0
Eurasian Tree Sparrow,6,1,Jun_W1,0.0,1513.0
Eurasian Tree Sparrow,6,2,Jun_W2,0.0,1400.0
Eurasian Tree Sparrow,6,3,Jun_W3,0.0,1497.0
Eurasian Tree Sparrow,6,4,Jun_W4,0.0,1607.0
Eurasian Tree Sparrow,7,1,Jul_W1,0.0,1280.0
Eurasian Tree Sparrow,7,2,Jul_W2,0.0,1137.0
Eurasian Tree Sparrow,7,3,Jul_W3,0.0,1132.0
Eurasian Tree Sparrow,7,4,Jul_W4,0.0,1448.0
Eurasian Tree Sparrow,8,1,Aug_W1,0.0,1001.0
Eurasian Tree Sparrow,8,2,Aug_W2,0.0,804.0
Eurasian Tree Sparrow,8,3,Aug_W3,0.0,836.0
Eurasian Tree Sparrow,8,4,Aug_W4,0.0,1035.0
Eurasian Tree Sparrow,9,1,Sep_W1,0.0,634.0
Eurasian Tree Sparrow,9,2,Sep_W2,0.0,819.0
Eurasian Tree Sparrow,9,3,Sep_W3,0.0,657.0
Eurasian Tree Sparrow,9,4,Sep_W4,0.0,766.0
Eurasian Tree Sparrow,10,1,Oct_W1,0.0,505.0
Eurasian Tree Sparrow,10,2,Oct_W2,0.0,568.0
Eurasian Tree Sparrow,10,3,Oct_W3,0.0,523.0
Eurasian Tree Sparrow,10,4,Oct_W4,0.0,632.0
Eurasian Tree Sparrow,11,1,Nov_W1,0.0,369.0
Eurasian Tree Sparrow,11,2,Nov_W2,0.0,337.0
Eurasian Tree Sparrow,11,3,Nov_W3,0.0,346.0
Eurasian Tree Sparrow,11,4,Nov_W4,0.0,492.0
Eurasian Tree Sparrow,12,1,Dec_W1,0.0,303.0
Eurasian Tree Sparrow,12,2,Dec_W2,0.0,335.0
Eurasian Tree Sparrow,12,3,Dec_W3,0.0,681.0
Eurasian Tree Sparrow,12,4,Dec_W4,0.0,600.0
American Pipit,1,1,Jan_W1,0.0,823.0
American Pipit,1,2,Jan_W2,0.0,535.0
American Pipit,1,3,Jan_W3,0.0,472.0
American Pipit,1,4,Jan_W4,0.0,644.0
American Pipit,2,1,Feb_W1,0.0,490.0
American Pipit,2,2,Feb_W2,0.0,589.0
American Pipit,2,3,Feb_W3,0.0,787.0
American Pipit,2,4,Feb_W4,0.0,427.0
American Pipit,3,1,Mar_W1,0.0,558.0
American Pipit,3,2,Mar_W2,0.0,649.0
American Pipit,3,3,Mar_W3,0.0,710.0
American Pipit,3,4,Mar_W4,0.0,1110.0
American Pipit,4,1,Apr_W1,0.0,899.0
American Pipit,4,2,Apr_W2,0.0022321,1344.0
American Pipit,4,3,Apr_W3,0.0,1035.0
American Pipit,4,4,Apr_W4,0.003003,1332.0
American Pipit,5,1,May_W1,0.0124708,1283.0
American Pipit,5,2,May_W2,0.0194553,1542.0
American Pipit,5,3,May_W3,0.0066622,1501.0
American Pipit,5,4,May_W4,0.0017528,2282.0
American Pipit,6,1,Jun_W1,0.0006609,1513.0
American Pipit,6,2,Jun_W2,0.0007143,1400.0
American Pipit,6,3,Jun_W3,0.0015,1497.0
American Pipit,6,4,Jun_W4,0.0,1607.0
American Pipit,7,1,Jul_W1,0.0007813,1280.0
American Pipit,7,2,Jul_W2,0.0008795,1137.0
American Pipit,7,3,Jul_W3,0.0,1132.0
American Pipit,7,4,Jul_W4,0.0,1448.0
American Pipit,8,1,Aug_W1,0.0,1001.0
American Pipit,8,2,Aug_W2,0.0,804.0
American Pipit,8,3,Aug_W3,0.0,836.0
American Pipit,8,4,Aug_W4,0.0,1035.0
American Pipit,9,1,Sep_W1,0.0015773,634.0
American Pipit,9,2,Sep_W2,0.013431,819.0
American Pipit,9,3,Sep_W3,0.0563166,657.0
American Pipit,9,4,Sep_W4,0.0979112,766.0
American Pipit,10,1,Oct_W1,0.0772277,505.0
American Pipit,10,2,Oct_W2,0.0528169,568.0
American Pipit,10,3,Oct_W3,0.0458891,523.0
American Pipit,10,4,Oct_W4,0.0268987,632.0
American Pipit,11,1,Nov_W1,0.0216802,369.0
American Pipit,11,2,Nov_W2,0.0029674,337.0
American Pipit,11,3,Nov_W3,0.0,346.0
American Pipit,11,4,Nov_W4,0.0,492.0
American Pipit,12,1,Dec_W1,0.0,303.0
American Pipit,12,2,Dec_W2,0.0,335.0
American Pipit,12,3,Dec_W3,0.0,681.0
American Pipit,12,4,Dec_W4,0.0,600.0
Evening Grosbeak,1,1,Jan_W1,0.0024301,823.0
Evening Grosbeak,1,2,Jan_W2,0.0018692,535.0
Evening Grosbeak,1,3,Jan_W3,0.0,472.0
Evening Grosbeak,1,4,Jan_W4,0.0015528,644.0
Evening Grosbeak,2,1,Feb_W1,0.0040816,490.0
Evening Grosbeak,2,2,Feb_W2,0.0033956,589.0
Evening Grosbeak,2,3,Feb_W3,0.0015,787.0
Evening Grosbeak,2,4,Feb_W4,0.0,427.0
Evening Grosbeak,3,1,Mar_W1,0.0015,558.0
Evening Grosbeak,3,2,Mar_W2,0.0030817,649.0
Evening Grosbeak,3,3,Mar_W3,0.0,710.0
Evening Grosbeak,3,4,Mar_W4,0.0018018,1110.0
Evening Grosbeak,4,1,Apr_W1,0.0,899.0
Evening Grosbeak,4,2,Apr_W2,0.0015,1344.0
Evening Grosbeak,4,3,Apr_W3,0.0015,1035.0
Evening Grosbeak,4,4,Apr_W4,0.0007508,1332.0
Evening Grosbeak,5,1,May_W1,0.0031177,1283.0
Evening Grosbeak,5,2,May_W2,0.0006485,1542.0
Evening Grosbeak,5,3,May_W3,0.0013324,1501.0
Evening Grosbeak,5,4,May_W4,0.0,2282.0
Evening Grosbeak,6,1,Jun_W1,0.0,1513.0
Evening Grosbeak,6,2,Jun_W2,0.0,1400.0
Evening Grosbeak,6,3,Jun_W3,0.0,1497.0
Evening Grosbeak,6,4,Jun_W4,0.0015,1607.0
Evening Grosbeak,7,1,Jul_W1,0.0,1280.0
Evening Grosbeak,7,2,Jul_W2,0.0,1137.0
Evening Grosbeak,7,3,Jul_W3,0.0,1132.0
Evening Grosbeak,7,4,Jul_W4,0.0,1448.0
Evening Grosbeak,8,1,Aug_W1,0.0,1001.0
Evening Grosbeak,8,2,Aug_W2,0.0,804.0
Evening Grosbeak,8,3,Aug_W3,0.0,836.0
Evening Grosbeak,8,4,Aug_W4,0.0009662,1035.0
Evening Grosbeak,9,1,Sep_W1,0.0015773,634.0
Evening Grosbeak,9,2,Sep_W2,0.0,819.0
Evening Grosbeak,9,3,Sep_W3,0.0,657.0
Evening Grosbeak,9,4,Sep_W4,0.0,766.0
Evening Grosbeak,10,1,Oct_W1,0.0,505.0
Evening Grosbeak,10,2,Oct_W2,0.0,568.0
Evening Grosbeak,10,3,Oct_W3,0.0015,523.0
Evening Grosbeak,10,4,Oct_W4,0.0174051,632.0
Evening Grosbeak,11,1,Nov_W1,0.0406504,369.0
Evening Grosbeak,11,2,Nov_W2,0.0474777,337.0
Evening Grosbeak,11,3,Nov_W3,0.0015,346.0
Evening Grosbeak,11,4,Nov_W4,0.0142276,492.0
Evening Grosbeak,12,1,Dec_W1,0.0033003,303.0
Evening Grosbeak,12,2,Dec_W2,0.0,335.0
Evening Grosbeak,12,3,Dec_W3,0.0029369,681.0
Evening Grosbeak,12,4,Dec_W4,0.005,600.0
Pine Grosbeak,1,1,Jan_W1,0.0255164,823.0
Pine Grosbeak,1,2,Jan_W2,0.0299065,535.0
Pine Grosbeak,1,3,Jan_W3,0.0254237,472.0
Pine Grosbeak,1,4,Jan_W4,0.0139752,644.0
Pine Grosbeak,2,1,Feb_W1,0.0081633,490.0
Pine Grosbeak,2,2,Feb_W2,0.0050934,589.0
Pine Grosbeak,2,3,Feb_W3,0.0050826,787.0
Pine Grosbeak,2,4,Feb_W4,0.0140515,427.0
Pine Grosbeak,3,1,Mar_W1,0.0035842,558.0
Pine Grosbeak,3,2,Mar_W2,0.0046225,649.0
Pine Grosbeak,3,3,Mar_W3,0.0056338,710.0
Pine Grosbeak,3,4,Mar_W4,0.0018018,1110.0
Pine Grosbeak,4,1,Apr_W1,0.0,899.0
Pine Grosbeak,4,2,Apr_W2,0.0,1344.0
Pine Grosbeak,4,3,Apr_W3,0.0,1035.0
Pine Grosbeak,4,4,Apr_W4,0.0,1332.0
Pine Grosbeak,5,1,May_W1,0.0,1283.0
Pine Grosbeak,5,2,May_W2,0.0,1542.0
Pine Grosbeak,5,3,May_W3,0.0,1501.0
Pine Grosbeak,5,4,May_W4,0.0,2282.0
Pine Grosbeak,6,1,Jun_W1,0.0,1513.0
Pine Grosbeak,6,2,Jun_W2,0.0,1400.0
Pine Grosbeak,6,3,Jun_W3,0.0,1497.0
Pine Grosbeak,6,4,Jun_W4,0.0,1607.0
Pine Grosbeak,7,1,Jul_W1,0.0,1280.0
Pine Grosbeak,7,2,Jul_W2,0.0,1137.0
Pine Grosbeak,7,3,Jul_W3,0.0,1132.0
Pine Grosbeak,7,4,Jul_W4,0.0,1448.0
Pine Grosbeak,8,1,Aug_W1,0.0,1001.0
Pine Grosbeak,8,2,Aug_W2,0.0,804.0
Pine Grosbeak,8,3,Aug_W3,0.0,836.0
Pine Grosbeak,8,4,Aug_W4,0.0,1035.0
Pine Grosbeak,9,1,Sep_W1,0.0,634.0
Pine Grosbeak,9,2,Sep_W2,0.0,819.0
Pine Grosbeak,9,3,Sep_W3,0.0,657.0
Pine Grosbeak,9,4,Sep_W4,0.0,766.0
Pine Grosbeak,10,1,Oct_W1,0.0,505.0
Pine Grosbeak,10,2,Oct_W2,0.0,568.0
Pine Grosbeak,10,3,Oct_W3,0.0,523.0
Pine Grosbeak,10,4,Oct_W4,0.0,632.0
Pine Grosbeak,11,1,Nov_W1,0.0054201,369.0
Pine Grosbeak,11,2,Nov_W2,0.0029674,337.0
Pine Grosbeak,11,3,Nov_W3,0.0231214,346.0
Pine Grosbeak,11,4,Nov_W4,0.0182927,492.0
Pine Grosbeak,12,1,Dec_W1,0.0066007,303.0
Pine Grosbeak,12,2,Dec_W2,0.0,335.0
Pine Grosbeak,12,3,Dec_W3,0.0176211,681.0
Pine Grosbeak,12,4,Dec_W4,0.0166667,600.0
House Finch,1,1,Jan_W1,0.0704739,823.0
House Finch,1,2,Jan_W2,0.0803738,535.0
House Finch,1,3,Jan_W3,0.0741525,472.0
House Finch,1,4,Jan_W4,0.0652174,644.0
House Finch,2,1,Feb_W1,0.0836735,490.0
House Finch,2,2,Feb_W2,0.0747029,589.0
House Finch,2,3,Feb_W3,0.1092757,787.0
House Finch,2,4,Feb_W4,0.117096,427.0
House Finch,3,1,Mar_W1,0.1236559,558.0
House Finch,3,2,Mar_W2,0.1032357,649.0
House Finch,3,3,Mar_W3,0.0873239,710.0
House Finch,3,4,Mar_W4,0.0801802,1110.0
House Finch,4,1,Apr_W1,0.0645161,899.0
House Finch,4,2,Apr_W2,0.0959821,1344.0
House Finch,4,3,Apr_W3,0.0705314,1035.0
House Finch,4,4,Apr_W4,0.0623123,1332.0
House Finch,5,1,May_W1,0.0748246,1283.0
House Finch,5,2,May_W2,0.0667964,1542.0
House Finch,5,3,May_W3,0.0652898,1501.0
House Finch,5,4,May_W4,0.0543383,2282.0
House Finch,6,1,Jun_W1,0.0634501,1513.0
House Finch,6,2,Jun_W2,0.0564286,1400.0
House Finch,6,3,Jun_W3,0.0541082,1497.0
House Finch,6,4,Jun_W4,0.0342253,1607.0
House Finch,7,1,Jul_W1,0.0460938,1280.0
House Finch,7,2,Jul_W2,0.055409,1137.0
House Finch,7,3,Jul_W3,0.045053,1132.0
House Finch,7,4,Jul_W4,0.0428177,1448.0
House Finch,8,1,Aug_W1,0.043956,1001.0
House Finch,8,2,Aug_W2,0.0298507,804.0
House Finch,8,3,Aug_W3,0.0406699,836.0
House Finch,8,4,Aug_W4,0.0483092,1035.0
House Finch,9,1,Sep_W1,0.0394322,634.0
House Finch,9,2,Sep_W2,0.043956,819.0
House Finch,9,3,Sep_W3,0.0456621,657.0
House Finch,9,4,Sep_W4,0.0626632,766.0
House Finch,10,1,Oct_W1,0.0336634,505.0
House Finch,10,2,Oct_W2,0.040493,568.0
House Finch,10,3,Oct_W3,0.0458891,523.0
House Finch,10,4,Oct_W4,0.0427215,632.0
House Finch,11,1,Nov_W1,0.0325203,369.0
House Finch,11,2,Nov_W2,0.0860534,337.0
House Finch,11,3,Nov_W3,0.066474,346.0
House Finch,11,4,Nov_W4,0.0589431,492.0
House Finch,12,1,Dec_W1,0.0594059,303.0
House Finch,12,2,Dec_W2,0.0865672,335.0
House Finch,12,3,Dec_W3,0.1174743,681.0
House Finch,12,4,Dec_W4,0.0383333,600.0
Purple Finch,1,1,Jan_W1,0.0279465,823.0
Purple Finch,1,2,Jan_W2,0.0429907,535.0
Purple Finch,1,3,Jan_W3,0.0614407,472.0
Purple Finch,1,4,Jan_W4,0.0419255,644.0
Purple Finch,2,1,Feb_W1,0.044898,490.0
Purple Finch,2,2,Feb_W2,0.0373514,589.0
Purple Finch,2,3,Feb_W3,0.0419314,787.0
Purple Finch,2,4,Feb_W4,0.0538642,427.0
Purple Finch,3,1,Mar_W1,0.0376344,558.0
Purple Finch,3,2,Mar_W2,0.0523883,649.0
Purple Finch,3,3,Mar_W3,0.0521127,710.0
Purple Finch,3,4,Mar_W4,0.0648649,1110.0
Purple Finch,4,1,Apr_W1,0.0745273,899.0
Purple Finch,4,2,Apr_W2,0.0803571,1344.0
Purple Finch,4,3,Apr_W3,0.1140097,1035.0
Purple Finch,4,4,Apr_W4,0.1366366,1332.0
Purple Finch,5,1,May_W1,0.1574435,1283.0
Purple Finch,5,2,May_W2,0.1206226,1542.0
Purple Finch,5,3,May_W3,0.0999334,1501.0
Purple Finch,5,4,May_W4,0.0823839,2282.0
Purple Finch,6,1,Jun_W1,0.0654329,1513.0
Purple Finch,6,2,Jun_W2,0.0614286,1400.0
Purple Finch,6,3,Jun_W3,0.0674683,1497.0
Purple Finch,6,4,Jun_W4,0.0958307,1607.0
Purple Finch,7,1,Jul_W1,0.0765625,1280.0
Purple Finch,7,2,Jul_W2,0.0615655,1137.0
Purple Finch,7,3,Jul_W3,0.0591873,1132.0
Purple Finch,7,4,Jul_W4,0.0517956,1448.0
Purple Finch,8,1,Aug_W1,0.047952,1001.0
Purple Finch,8,2,Aug_W2,0.0497512,804.0
Purple Finch,8,3,Aug_W3,0.0358852,836.0
Purple Finch,8,4,Aug_W4,0.0328502,1035.0
Purple Finch,9,1,Sep_W1,0.0252366,634.0
Purple Finch,9,2,Sep_W2,0.03663,819.0
Purple Finch,9,3,Sep_W3,0.0350076,657.0
Purple Finch,9,4,Sep_W4,0.035248,766.0
Purple Finch,10,1,Oct_W1,0.0475248,505.0
Purple Finch,10,2,Oct_W2,0.0422535,568.0
Purple Finch,10,3,Oct_W3,0.0554493,523.0
Purple Finch,10,4,Oct_W4,0.0268987,632.0
Purple Finch,11,1,Nov_W1,0.0433604,369.0
Purple Finch,11,2,Nov_W2,0.0267062,337.0
Purple Finch,11,3,Nov_W3,0.0144509,346.0
Purple Finch,11,4,Nov_W4,0.050813,492.0
Purple Finch,12,1,Dec_W1,0.0594059,303.0
Purple Finch,12,2,Dec_W2,0.0537313,335.0
Purple Finch,12,3,Dec_W3,0.0425844,681.0
Purple Finch,12,4,Dec_W4,0.0333333,600.0
Redpoll,1,1,Jan_W1,0.0243013,823.0
Redpoll,1,2,Jan_W2,0.0224299,535.0
Redpoll,1,3,Jan_W3,0.0190678,472.0
Redpoll,1,4,Jan_W4,0.0217391,644.0
Redpoll,2,1,Feb_W1,0.055102,490.0
Redpoll,2,2,Feb_W2,0.0662139,589.0
Redpoll,2,3,Feb_W3,0.0775095,787.0
Redpoll,2,4,Feb_W4,0.0632319,427.0
Redpoll,3,1,Mar_W1,0.078853,558.0
Redpoll,3,2,Mar_W2,0.0677966,649.0
Redpoll,3,3,Mar_W3,0.0605634,710.0
Redpoll,3,4,Mar_W4,0.0621622,1110.0
Redpoll,4,1,Apr_W1,0.0478309,899.0
Redpoll,4,2,Apr_W2,0.0267857,1344.0
Redpoll,4,3,Apr_W3,0.0347826,1035.0
Redpoll,4,4,Apr_W4,0.0157658,1332.0
Redpoll,5,1,May_W1,0.0023383,1283.0
Redpoll,5,2,May_W2,0.0006485,1542.0
Redpoll,5,3,May_W3,0.0,1501.0
Redpoll,5,4,May_W4,0.0,2282.0
Redpoll,6,1,Jun_W1,0.0,1513.0
Redpoll,6,2,Jun_W2,0.0,1400.0
Redpoll,6,3,Jun_W3,0.0,1497.0
Redpoll,6,4,Jun_W4,0.0,1607.0
Redpoll,7,1,Jul_W1,0.0,1280.0
Redpoll,7,2,Jul_W2,0.0,1137.0
Redpoll,7,3,Jul_W3,0.0,1132.0
Redpoll,7,4,Jul_W4,0.0,1448.0
Redpoll,8,1,Aug_W1,0.0,1001.0
Redpoll,8,2,Aug_W2,0.0,804.0
Redpoll,8,3,Aug_W3,0.0,836.0
Redpoll,8,4,Aug_W4,0.0,1035.0
Redpoll,9,1,Sep_W1,0.0,634.0
Redpoll,9,2,Sep_W2,0.0,819.0
Redpoll,9,3,Sep_W3,0.0,657.0
Redpoll,9,4,Sep_W4,0.0,766.0
Redpoll,10,1,Oct_W1,0.0,505.0
Redpoll,10,2,Oct_W2,0.0015,568.0
Redpoll,10,3,Oct_W3,0.0,523.0
Redpoll,10,4,Oct_W4,0.0047468,632.0
Redpoll,11,1,Nov_W1,0.0460705,369.0
Redpoll,11,2,Nov_W2,0.0801187,337.0
Redpoll,11,3,Nov_W3,0.0346821,346.0
Redpoll,11,4,Nov_W4,0.0487805,492.0
Redpoll,12,1,Dec_W1,0.0264026,303.0
Redpoll,12,2,Dec_W2,0.038806,335.0
Redpoll,12,3,Dec_W3,0.0425844,681.0
Redpoll,12,4,Dec_W4,0.025,600.0
Red Crossbill,1,1,Jan_W1,0.0012151,823.0
Red Crossbill,1,2,Jan_W2,0.0,535.0
Red Crossbill,1,3,Jan_W3,0.0021186,472.0
Red Crossbill,1,4,Jan_W4,0.0015528,644.0
Red Crossbill,2,1,Feb_W1,0.0,490.0
Red Crossbill,2,2,Feb_W2,0.0,589.0
Red Crossbill,2,3,Feb_W3,0.0,787.0
Red Crossbill,2,4,Feb_W4,0.0,427.0
Red Crossbill,3,1,Mar_W1,0.0,558.0
Red Crossbill,3,2,Mar_W2,0.0015408,649.0
Red Crossbill,3,3,Mar_W3,0.0,710.0
Red Crossbill,3,4,Mar_W4,0.0045045,1110.0
Red Crossbill,4,1,Apr_W1,0.003337,899.0
Red Crossbill,4,2,Apr_W2,0.0,1344.0
Red Crossbill,4,3,Apr_W3,0.0,1035.0
Red Crossbill,4,4,Apr_W4,0.0,1332.0
Red Crossbill,5,1,May_W1,0.0,1283.0
Red Crossbill,5,2,May_W2,0.0,1542.0
Red Crossbill,5,3,May_W3,0.0013324,1501.0
Red Crossbill,5,4,May_W4,0.0004382,2282.0
Red Crossbill,6,1,Jun_W1,0.0013219,1513.0
Red Crossbill,6,2,Jun_W2,0.0007143,1400.0
Red Crossbill,6,3,Jun_W3,0.0,1497.0
Red Crossbill,6,4,Jun_W4,0.0,1607.0
Red Crossbill,7,1,Jul_W1,0.0015625,1280.0
Red Crossbill,7,2,Jul_W2,0.0,1137.0
Red Crossbill,7,3,Jul_W3,0.0,1132.0
Red Crossbill,7,4,Jul_W4,0.0013812,1448.0
Red Crossbill,8,1,Aug_W1,0.000999,1001.0
Red Crossbill,8,2,Aug_W2,0.0012438,804.0
Red Crossbill,8,3,Aug_W3,0.0011962,836.0
Red Crossbill,8,4,Aug_W4,0.0009662,1035.0
Red Crossbill,9,1,Sep_W1,0.0015773,634.0
Red Crossbill,9,2,Sep_W2,0.0015,819.0
Red Crossbill,9,3,Sep_W3,0.0015221,657.0
Red Crossbill,9,4,Sep_W4,0.0,766.0
Red Crossbill,10,1,Oct_W1,0.0,505.0
Red Crossbill,10,2,Oct_W2,0.0,568.0
Red Crossbill,10,3,Oct_W3,0.0,523.0
Red Crossbill,10,4,Oct_W4,0.0031646,632.0
Red Crossbill,11,1,Nov_W1,0.0,369.0
Red Crossbill,11,2,Nov_W2,0.0,337.0
Red Crossbill,11,3,Nov_W3,0.0086705,346.0
Red Crossbill,11,4,Nov_W4,0.0,492.0
Red Crossbill,12,1,Dec_W1,0.0,303.0
Red Crossbill,12,2,Dec_W2,0.0,335.0
Red Crossbill,12,3,Dec_W3,0.0,681.0
Red Crossbill,12,4,Dec_W4,0.0016667,600.0
White-winged Crossbill,1,1,Jan_W1,0.0036452,823.0
White-winged Crossbill,1,2,Jan_W2,0.0056075,535.0
White-winged Crossbill,1,3,Jan_W3,0.0063559,472.0
White-winged Crossbill,1,4,Jan_W4,0.0139752,644.0
White-winged Crossbill,2,1,Feb_W1,0.0061224,490.0
White-winged Crossbill,2,2,Feb_W2,0.0,589.0
White-winged Crossbill,2,3,Feb_W3,0.0012706,787.0
White-winged Crossbill,2,4,Feb_W4,0.0117096,427.0
White-winged Crossbill,3,1,Mar_W1,0.0035842,558.0
White-winged Crossbill,3,2,Mar_W2,0.009245,649.0
White-winged Crossbill,3,3,Mar_W3,0.0028169,710.0
White-winged Crossbill,3,4,Mar_W4,0.0,1110.0
White-winged Crossbill,4,1,Apr_W1,0.0022247,899.0
White-winged Crossbill,4,2,Apr_W2,0.0015,1344.0
White-winged Crossbill,4,3,Apr_W3,0.0,1035.0
White-winged Crossbill,4,4,Apr_W4,0.0,1332.0
White-winged Crossbill,5,1,May_W1,0.0,1283.0
White-winged Crossbill,5,2,May_W2,0.0,1542.0
White-winged Crossbill,5,3,May_W3,0.0,1501.0
White-winged Crossbill,5,4,May_W4,0.0,2282.0
White-winged Crossbill,6,1,Jun_W1,0.0013219,1513.0
White-winged Crossbill,6,2,Jun_W2,0.0,1400.0
White-winged Crossbill,6,3,Jun_W3,0.0,1497.0
White-winged Crossbill,6,4,Jun_W4,0.0,1607.0
White-winged Crossbill,7,1,Jul_W1,0.0007813,1280.0
White-winged Crossbill,7,2,Jul_W2,0.0,1137.0
White-winged Crossbill,7,3,Jul_W3,0.0,1132.0
White-winged Crossbill,7,4,Jul_W4,0.0,1448.0
White-winged Crossbill,8,1,Aug_W1,0.0,1001.0
White-winged Crossbill,8,2,Aug_W2,0.0,804.0
White-winged Crossbill,8,3,Aug_W3,0.0,836.0
White-winged Crossbill,8,4,Aug_W4,0.0,1035.0
White-winged Crossbill,9,1,Sep_W1,0.0,634.0
White-winged Crossbill,9,2,Sep_W2,0.0,819.0
White-winged Crossbill,9,3,Sep_W3,0.0,657.0
White-winged Crossbill,9,4,Sep_W4,0.0,766.0
White-winged Crossbill,10,1,Oct_W1,0.0,505.0
White-winged Crossbill,10,2,Oct_W2,0.0,568.0
White-winged Crossbill,10,3,Oct_W3,0.0,523.0
White-winged Crossbill,10,4,Oct_W4,0.0015,632.0
White-winged Crossbill,11,1,Nov_W1,0.00271,369.0
White-winged Crossbill,11,2,Nov_W2,0.0029674,337.0
White-winged Crossbill,11,3,Nov_W3,0.0028902,346.0
White-winged Crossbill,11,4,Nov_W4,0.004065,492.0
White-winged Crossbill,12,1,Dec_W1,0.0033003,303.0
White-winged Crossbill,12,2,Dec_W2,0.0029851,335.0
White-winged Crossbill,12,3,Dec_W3,0.0132159,681.0
White-winged Crossbill,12,4,Dec_W4,0.0116667,600.0
Pine Siskin,1,1,Jan_W1,0.036452,823.0
Pine Siskin,1,2,Jan_W2,0.0878505,535.0
Pine Siskin,1,3,Jan_W3,0.0911017,472.0
Pine Siskin,1,4,Jan_W4,0.1118012,644.0
Pine Siskin,2,1,Feb_W1,0.1040816,490.0
Pine Siskin,2,2,Feb_W2,0.1052632,589.0
Pine Siskin,2,3,Feb_W3,0.1270648,787.0
Pine Siskin,2,4,Feb_W4,0.1451991,427.0
Pine Siskin,3,1,Mar_W1,0.1272401,558.0
Pine Siskin,3,2,Mar_W2,0.1355932,649.0
Pine Siskin,3,3,Mar_W3,0.1309859,710.0
Pine Siskin,3,4,Mar_W4,0.1108108,1110.0
Pine Siskin,4,1,Apr_W1,0.0867631,899.0
Pine Siskin,4,2,Apr_W2,0.0706845,1344.0
Pine Siskin,4,3,Apr_W3,0.0714976,1035.0
Pine Siskin,4,4,Apr_W4,0.0683183,1332.0
Pine Siskin,5,1,May_W1,0.0670304,1283.0
Pine Siskin,5,2,May_W2,0.0687419,1542.0
Pine Siskin,5,3,May_W3,0.0532978,1501.0
Pine Siskin,5,4,May_W4,0.022787,2282.0
Pine Siskin,6,1,Jun_W1,0.0019828,1513.0
Pine Siskin,6,2,Jun_W2,0.0064286,1400.0
Pine Siskin,6,3,Jun_W3,0.002672,1497.0
Pine Siskin,6,4,Jun_W4,0.0012446,1607.0
Pine Siskin,7,1,Jul_W1,0.0015625,1280.0
Pine Siskin,7,2,Jul_W2,0.0026385,1137.0
Pine Siskin,7,3,Jul_W3,0.0015,1132.0
Pine Siskin,7,4,Jul_W4,0.0020718,1448.0
Pine Siskin,8,1,Aug_W1,0.003996,1001.0
Pine Siskin,8,2,Aug_W2,0.0037313,804.0
Pine Siskin,8,3,Aug_W3,0.0035885,836.0
Pine Siskin,8,4,Aug_W4,0.0028986,1035.0
Pine Siskin,9,1,Sep_W1,0.0015773,634.0
Pine Siskin,9,2,Sep_W2,0.001221,819.0
Pine Siskin,9,3,Sep_W3,0.0045662,657.0
Pine Siskin,9,4,Sep_W4,0.0287206,766.0
Pine Siskin,10,1,Oct_W1,0.0534653,505.0
Pine Siskin,10,2,Oct_W2,0.0545775,568.0
Pine Siskin,10,3,Oct_W3,0.0611855,523.0
Pine Siskin,10,4,Oct_W4,0.0981013,632.0
Pine Siskin,11,1,Nov_W1,0.0894309,369.0
Pine Siskin,11,2,Nov_W2,0.0979228,337.0
Pine Siskin,11,3,Nov_W3,0.0722543,346.0
Pine Siskin,11,4,Nov_W4,0.0406504,492.0
Pine Siskin,12,1,Dec_W1,0.0726073,303.0
Pine Siskin,12,2,Dec_W2,0.0925373,335.0
Pine Siskin,12,3,Dec_W3,0.0748899,681.0
Pine Siskin,12,4,Dec_W4,0.0533333,600.0
American Goldfinch,1,1,Jan_W1,0.3365735,823.0
American Goldfinch,1,2,Jan_W2,0.3626168,535.0
American Goldfinch,1,3,Jan_W3,0.4004237,472.0
American Goldfinch,1,4,Jan_W4,0.4285714,644.0
American Goldfinch,2,1,Feb_W1,0.4428571,490.0
American Goldfinch,2,2,Feb_W2,0.3921902,589.0
American Goldfinch,2,3,Feb_W3,0.4396442,787.0
American Goldfinch,2,4,Feb_W4,0.4637002,427.0
American Goldfinch,3,1,Mar_W1,0.3870968,558.0
American Goldfinch,3,2,Mar_W2,0.3497689,649.0
American Goldfinch,3,3,Mar_W3,0.3323944,710.0
American Goldfinch,3,4,Mar_W4,0.309009,1110.0
American Goldfinch,4,1,Apr_W1,0.3036707,899.0
American Goldfinch,4,2,Apr_W2,0.3184524,1344.0
American Goldfinch,4,3,Apr_W3,0.3555556,1035.0
American Goldfinch,4,4,Apr_W4,0.3723724,1332.0
American Goldfinch,5,1,May_W1,0.4481684,1283.0
American Goldfinch,5,2,May_W2,0.497406,1542.0
American Goldfinch,5,3,May_W3,0.4563624,1501.0
American Goldfinch,5,4,May_W4,0.4246275,2282.0
American Goldfinch,6,1,Jun_W1,0.3747521,1513.0
American Goldfinch,6,2,Jun_W2,0.3521429,1400.0
American Goldfinch,6,3,Jun_W3,0.3206413,1497.0
American Goldfinch,6,4,Jun_W4,0.3982576,1607.0
American Goldfinch,7,1,Jul_W1,0.4351563,1280.0
American Goldfinch,7,2,Jul_W2,0.4450308,1137.0
American Goldfinch,7,3,Jul_W3,0.4408127,1132.0
American Goldfinch,7,4,Jul_W4,0.468232,1448.0
American Goldfinch,8,1,Aug_W1,0.4995005,1001.0
American Goldfinch,8,2,Aug_W2,0.5074627,804.0
American Goldfinch,8,3,Aug_W3,0.5011962,836.0
American Goldfinch,8,4,Aug_W4,0.3951691,1035.0
American Goldfinch,9,1,Sep_W1,0.3706625,634.0
American Goldfinch,9,2,Sep_W2,0.3601954,819.0
American Goldfinch,9,3,Sep_W3,0.3805175,657.0
American Goldfinch,9,4,Sep_W4,0.3590078,766.0
American Goldfinch,10,1,Oct_W1,0.380198,505.0
American Goldfinch,10,2,Oct_W2,0.2447183,568.0
American Goldfinch,10,3,Oct_W3,0.2715105,523.0
American Goldfinch,10,4,Oct_W4,0.3386076,632.0
American Goldfinch,11,1,Nov_W1,0.4308943,369.0
American Goldfinch,11,2,Nov_W2,0.504451,337.0
American Goldfinch,11,3,Nov_W3,0.4682081,346.0
American Goldfinch,11,4,Nov_W4,0.453252,492.0
American Goldfinch,12,1,Dec_W1,0.5511551,303.0
American Goldfinch,12,2,Dec_W2,0.5134328,335.0
American Goldfinch,12,3,Dec_W3,0.3891336,681.0
American Goldfinch,12,4,Dec_W4,0.3583333,600.0
Lapland Longspur,1,1,Jan_W1,0.0,823.0
Lapland Longspur,1,2,Jan_W2,0.0,535.0
Lapland Longspur,1,3,Jan_W3,0.0,472.0
Lapland Longspur,1,4,Jan_W4,0.0,644.0
Lapland Longspur,2,1,Feb_W1,0.0,490.0
Lapland Longspur,2,2,Feb_W2,0.0,589.0
Lapland Longspur,2,3,Feb_W3,0.0,787.0
Lapland Longspur,2,4,Feb_W4,0.0,427.0
Lapland Longspur,3,1,Mar_W1,0.0,558.0
Lapland Longspur,3,2,Mar_W2,0.0,649.0
Lapland Longspur,3,3,Mar_W3,0.0,710.0
Lapland Longspur,3,4,Mar_W4,0.0,1110.0
Lapland Longspur,4,1,Apr_W1,0.0,899.0
Lapland Longspur,4,2,Apr_W2,0.000744,1344.0
Lapland Longspur,4,3,Apr_W3,0.0,1035.0
Lapland Longspur,4,4,Apr_W4,0.0022523,1332.0
Lapland Longspur,5,1,May_W1,0.0023383,1283.0
Lapland Longspur,5,2,May_W2,0.002594,1542.0
Lapland Longspur,5,3,May_W3,0.0006662,1501.0
Lapland Longspur,5,4,May_W4,0.0013146,2282.0
Lapland Longspur,6,1,Jun_W1,0.0015,1513.0
Lapland Longspur,6,2,Jun_W2,0.0007143,1400.0
Lapland Longspur,6,3,Jun_W3,0.0,1497.0
Lapland Longspur,6,4,Jun_W4,0.0,1607.0
Lapland Longspur,7,1,Jul_W1,0.0,1280.0
Lapland Longspur,7,2,Jul_W2,0.0,1137.0
Lapland Longspur,7,3,Jul_W3,0.0,1132.0
Lapland Longspur,7,4,Jul_W4,0.0,1448.0
Lapland Longspur,8,1,Aug_W1,0.0,1001.0
Lapland Longspur,8,2,Aug_W2,0.0,804.0
Lapland Longspur,8,3,Aug_W3,0.0,836.0
Lapland Longspur,8,4,Aug_W4,0.0,1035.0
Lapland Longspur,9,1,Sep_W1,0.0,634.0
Lapland Longspur,9,2,Sep_W2,0.0,819.0
Lapland Longspur,9,3,Sep_W3,0.0015221,657.0
Lapland Longspur,9,4,Sep_W4,0.0078329,766.0
Lapland Longspur,10,1,Oct_W1,0.0079208,505.0
Lapland Longspur,10,2,Oct_W2,0.0246479,568.0
Lapland Longspur,10,3,Oct_W3,0.0133843,523.0
Lapland Longspur,10,4,Oct_W4,0.0110759,632.0
Lapland Longspur,11,1,Nov_W1,0.0054201,369.0
Lapland Longspur,11,2,Nov_W2,0.0029674,337.0
Lapland Longspur,11,3,Nov_W3,0.0028902,346.0
Lapland Longspur,11,4,Nov_W4,0.004065,492.0
Lapland Longspur,12,1,Dec_W1,0.0,303.0
Lapland Longspur,12,2,Dec_W2,0.0,335.0
Lapland Longspur,12,3,Dec_W3,0.0,681.0
Lapland Longspur,12,4,Dec_W4,0.0,600.0
Snow Bunting,1,1,Jan_W1,0.0194411,823.0
Snow Bunting,1,2,Jan_W2,0.0205607,535.0
Snow Bunting,1,3,Jan_W3,0.0084746,472.0
Snow Bunting,1,4,Jan_W4,0.0170807,644.0
Snow Bunting,2,1,Feb_W1,0.0142857,490.0
Snow Bunting,2,2,Feb_W2,0.0169779,589.0
Snow Bunting,2,3,Feb_W3,0.0076239,787.0
Snow Bunting,2,4,Feb_W4,0.0093677,427.0
Snow Bunting,3,1,Mar_W1,0.0125448,558.0
Snow Bunting,3,2,Mar_W2,0.0077042,649.0
Snow Bunting,3,3,Mar_W3,0.0084507,710.0
Snow Bunting,3,4,Mar_W4,0.0099099,1110.0
Snow Bunting,4,1,Apr_W1,0.0066741,899.0
Snow Bunting,4,2,Apr_W2,0.0037202,1344.0
Snow Bunting,4,3,Apr_W3,0.0038647,1035.0
Snow Bunting,4,4,Apr_W4,0.0037538,1332.0
Snow Bunting,5,1,May_W1,0.0015588,1283.0
Snow Bunting,5,2,May_W2,0.0015,1542.0
Snow Bunting,5,3,May_W3,0.0006662,1501.0
Snow Bunting,5,4,May_W4,0.0,2282.0
Snow Bunting,6,1,Jun_W1,0.0,1513.0
Snow Bunting,6,2,Jun_W2,0.0,1400.0
Snow Bunting,6,3,Jun_W3,0.0,1497.0
Snow Bunting,6,4,Jun_W4,0.0,1607.0
Snow Bunting,7,1,Jul_W1,0.0,1280.0
Snow Bunting,7,2,Jul_W2,0.0,1137.0
Snow Bunting,7,3,Jul_W3,0.0,1132.0
Snow Bunting,7,4,Jul_W4,0.0,1448.0
Snow Bunting,8,1,Aug_W1,0.0,1001.0
Snow Bunting,8,2,Aug_W2,0.0,804.0
Snow Bunting,8,3,Aug_W3,0.0,836.0
Snow Bunting,8,4,Aug_W4,0.0,1035.0
Snow Bunting,9,1,Sep_W1,0.0,634.0
Snow Bunting,9,2,Sep_W2,0.0,819.0
Snow Bunting,9,3,Sep_W3,0.0,657.0
Snow Bunting,9,4,Sep_W4,0.0,766.0
Snow Bunting,10,1,Oct_W1,0.0,505.0
Snow Bunting,10,2,Oct_W2,0.0,568.0
Snow Bunting,10,3,Oct_W3,0.0095602,523.0
Snow Bunting,10,4,Oct_W4,0.0775316,632.0
Snow Bunting,11,1,Nov_W1,0.097561,369.0
Snow Bunting,11,2,Nov_W2,0.0652819,337.0
Snow Bunting,11,3,Nov_W3,0.0289017,346.0
Snow Bunting,11,4,Nov_W4,0.0304878,492.0
Snow Bunting,12,1,Dec_W1,0.0264026,303.0
Snow Bunting,12,2,Dec_W2,0.0179104,335.0
Snow Bunting,12,3,Dec_W3,0.0176211,681.0
Snow Bunting,12,4,Dec_W4,0.0133333,600.0
Grasshopper Sparrow,1,1,Jan_W1,0.0,823.0
Grasshopper Sparrow,1,2,Jan_W2,0.0,535.0
Grasshopper Sparrow,1,3,Jan_W3,0.0,472.0
Grasshopper Sparrow,1,4,Jan_W4,0.0,644.0
Grasshopper Sparrow,2,1,Feb_W1,0.0,490.0
Grasshopper Sparrow,2,2,Feb_W2,0.0,589.0
Grasshopper Sparrow,2,3,Feb_W3,0.0,787.0
Grasshopper Sparrow,2,4,Feb_W4,0.0,427.0
Grasshopper Sparrow,3,1,Mar_W1,0.0,558.0
Grasshopper Sparrow,3,2,Mar_W2,0.0,649.0
Grasshopper Sparrow,3,3,Mar_W3,0.0,710.0
Grasshopper Sparrow,3,4,Mar_W4,0.0,1110.0
Grasshopper Sparrow,4,1,Apr_W1,0.0,899.0
Grasshopper Sparrow,4,2,Apr_W2,0.0,1344.0
Grasshopper Sparrow,4,3,Apr_W3,0.0,1035.0
Grasshopper Sparrow,4,4,Apr_W4,0.0082583,1332.0
Grasshopper Sparrow,5,1,May_W1,0.0241621,1283.0
Grasshopper Sparrow,5,2,May_W2,0.0389105,1542.0
Grasshopper Sparrow,5,3,May_W3,0.0612925,1501.0
Grasshopper Sparrow,5,4,May_W4,0.0556529,2282.0
Grasshopper Sparrow,6,1,Jun_W1,0.064111,1513.0
Grasshopper Sparrow,6,2,Jun_W2,0.0621429,1400.0
Grasshopper Sparrow,6,3,Jun_W3,0.0527722,1497.0
Grasshopper Sparrow,6,4,Jun_W4,0.0466708,1607.0
Grasshopper Sparrow,7,1,Jul_W1,0.053125,1280.0
Grasshopper Sparrow,7,2,Jul_W2,0.0369393,1137.0
Grasshopper Sparrow,7,3,Jul_W3,0.0238516,1132.0
Grasshopper Sparrow,7,4,Jul_W4,0.019337,1448.0
Grasshopper Sparrow,8,1,Aug_W1,0.007992,1001.0
Grasshopper Sparrow,8,2,Aug_W2,0.0012438,804.0
Grasshopper Sparrow,8,3,Aug_W3,0.0,836.0
Grasshopper Sparrow,8,4,Aug_W4,0.0,1035.0
Grasshopper Sparrow,9,1,Sep_W1,0.0015773,634.0
Grasshopper Sparrow,9,2,Sep_W2,0.0,819.0
Grasshopper Sparrow,9,3,Sep_W3,0.0,657.0
Grasshopper Sparrow,9,4,Sep_W4,0.0013055,766.0
Grasshopper Sparrow,10,1,Oct_W1,0.0,505.0
Grasshopper Sparrow,10,2,Oct_W2,0.0,568.0
Grasshopper Sparrow,10,3,Oct_W3,0.0,523.0
Grasshopper Sparrow,10,4,Oct_W4,0.0,632.0
Grasshopper Sparrow,11,1,Nov_W1,0.0,369.0
Grasshopper Sparrow,11,2,Nov_W2,0.0,337.0
Grasshopper Sparrow,11,3,Nov_W3,0.0,346.0
Grasshopper Sparrow,11,4,Nov_W4,0.0,492.0
Grasshopper Sparrow,12,1,Dec_W1,0.0,303.0
Grasshopper Sparrow,12,2,Dec_W2,0.0,335.0
Grasshopper Sparrow,12,3,Dec_W3,0.0,681.0
Grasshopper Sparrow,12,4,Dec_W4,0.0,600.0
Chipping Sparrow,1,1,Jan_W1,0.0,823.0
Chipping Sparrow,1,2,Jan_W2,0.0,535.0
Chipping Sparrow,1,3,Jan_W3,0.0,472.0
Chipping Sparrow,1,4,Jan_W4,0.0,644.0
Chipping Sparrow,2,1,Feb_W1,0.0,490.0
Chipping Sparrow,2,2,Feb_W2,0.0,589.0
Chipping Sparrow,2,3,Feb_W3,0.0,787.0
Chipping Sparrow,2,4,Feb_W4,0.0,427.0
Chipping Sparrow,3,1,Mar_W1,0.0,558.0
Chipping Sparrow,3,2,Mar_W2,0.0,649.0
Chipping Sparrow,3,3,Mar_W3,0.0,710.0
Chipping Sparrow,3,4,Mar_W4,0.0009009,1110.0
Chipping Sparrow,4,1,Apr_W1,0.0077864,899.0
Chipping Sparrow,4,2,Apr_W2,0.0349702,1344.0
Chipping Sparrow,4,3,Apr_W3,0.1082126,1035.0
Chipping Sparrow,4,4,Apr_W4,0.277027,1332.0
Chipping Sparrow,5,1,May_W1,0.3803585,1283.0
Chipping Sparrow,5,2,May_W2,0.4111543,1542.0
Chipping Sparrow,5,3,May_W3,0.4363757,1501.0
Chipping Sparrow,5,4,May_W4,0.4285714,2282.0
Chipping Sparrow,6,1,Jun_W1,0.3522802,1513.0
Chipping Sparrow,6,2,Jun_W2,0.3564286,1400.0
Chipping Sparrow,6,3,Jun_W3,0.3066132,1497.0
Chipping Sparrow,6,4,Jun_W4,0.3210952,1607.0
Chipping Sparrow,7,1,Jul_W1,0.3117187,1280.0
Chipping Sparrow,7,2,Jul_W2,0.2849604,1137.0
Chipping Sparrow,7,3,Jul_W3,0.2305654,1132.0
Chipping Sparrow,7,4,Jul_W4,0.1940608,1448.0
Chipping Sparrow,8,1,Aug_W1,0.1378621,1001.0
Chipping Sparrow,8,2,Aug_W2,0.1169154,804.0
Chipping Sparrow,8,3,Aug_W3,0.1052632,836.0
Chipping Sparrow,8,4,Aug_W4,0.0705314,1035.0
Chipping Sparrow,9,1,Sep_W1,0.0930599,634.0
Chipping Sparrow,9,2,Sep_W2,0.0927961,819.0
Chipping Sparrow,9,3,Sep_W3,0.0974125,657.0
Chipping Sparrow,9,4,Sep_W4,0.1005222,766.0
Chipping Sparrow,10,1,Oct_W1,0.0950495,505.0
Chipping Sparrow,10,2,Oct_W2,0.040493,568.0
Chipping Sparrow,10,3,Oct_W3,0.0095602,523.0
Chipping Sparrow,10,4,Oct_W4,0.0,632.0
Chipping Sparrow,11,1,Nov_W1,0.0,369.0
Chipping Sparrow,11,2,Nov_W2,0.0,337.0
Chipping Sparrow,11,3,Nov_W3,0.0,346.0
Chipping Sparrow,11,4,Nov_W4,0.0,492.0
Chipping Sparrow,12,1,Dec_W1,0.0,303.0
Chipping Sparrow,12,2,Dec_W2,0.0,335.0
Chipping Sparrow,12,3,Dec_W3,0.0,681.0
Chipping Sparrow,12,4,Dec_W4,0.0,600.0
Clay-colored Sparrow,1,1,Jan_W1,0.0,823.0
Clay-colored Sparrow,1,2,Jan_W2,0.0,535.0
Clay-colored Sparrow,1,3,Jan_W3,0.0,472.0
Clay-colored Sparrow,1,4,Jan_W4,0.0,644.0
Clay-colored Sparrow,2,1,Feb_W1,0.0,490.0
Clay-colored Sparrow,2,2,Feb_W2,0.0,589.0
Clay-colored Sparrow,2,3,Feb_W3,0.0,787.0
Clay-colored Sparrow,2,4,Feb_W4,0.0,427.0
Clay-colored Sparrow,3,1,Mar_W1,0.0,558.0
Clay-colored Sparrow,3,2,Mar_W2,0.0,649.0
Clay-colored Sparrow,3,3,Mar_W3,0.0,710.0
Clay-colored Sparrow,3,4,Mar_W4,0.0,1110.0
Clay-colored Sparrow,4,1,Apr_W1,0.0,899.0
Clay-colored Sparrow,4,2,Apr_W2,0.0,1344.0
Clay-colored Sparrow,4,3,Apr_W3,0.0,1035.0
Clay-colored Sparrow,4,4,Apr_W4,0.0022523,1332.0
Clay-colored Sparrow,5,1,May_W1,0.0046765,1283.0
Clay-colored Sparrow,5,2,May_W2,0.0129702,1542.0
Clay-colored Sparrow,5,3,May_W3,0.0193205,1501.0
Clay-colored Sparrow,5,4,May_W4,0.0148992,2282.0
Clay-colored Sparrow,6,1,Jun_W1,0.0138797,1513.0
Clay-colored Sparrow,6,2,Jun_W2,0.01,1400.0
Clay-colored Sparrow,6,3,Jun_W3,0.008684,1497.0
Clay-colored Sparrow,6,4,Jun_W4,0.011201,1607.0
Clay-colored Sparrow,7,1,Jul_W1,0.00625,1280.0
Clay-colored Sparrow,7,2,Jul_W2,0.005277,1137.0
Clay-colored Sparrow,7,3,Jul_W3,0.0035336,1132.0
Clay-colored Sparrow,7,4,Jul_W4,0.003453,1448.0
Clay-colored Sparrow,8,1,Aug_W1,0.001998,1001.0
Clay-colored Sparrow,8,2,Aug_W2,0.0024876,804.0
Clay-colored Sparrow,8,3,Aug_W3,0.0011962,836.0
Clay-colored Sparrow,8,4,Aug_W4,0.0038647,1035.0
Clay-colored Sparrow,9,1,Sep_W1,0.0031546,634.0
Clay-colored Sparrow,9,2,Sep_W2,0.003663,819.0
Clay-colored Sparrow,9,3,Sep_W3,0.0045662,657.0
Clay-colored Sparrow,9,4,Sep_W4,0.0,766.0
Clay-colored Sparrow,10,1,Oct_W1,0.0,505.0
Clay-colored Sparrow,10,2,Oct_W2,0.0,568.0
Clay-colored Sparrow,10,3,Oct_W3,0.0,523.0
Clay-colored Sparrow,10,4,Oct_W4,0.0,632.0
Clay-colored Sparrow,11,1,Nov_W1,0.0,369.0
Clay-colored Sparrow,11,2,Nov_W2,0.0,337.0
Clay-colored Sparrow,11,3,Nov_W3,0.0,346.0
Clay-colored Sparrow,11,4,Nov_W4,0.0,492.0
Clay-colored Sparrow,12,1,Dec_W1,0.0,303.0
Clay-colored Sparrow,12,2,Dec_W2,0.0,335.0
Clay-colored Sparrow,12,3,Dec_W3,0.0,681.0
Clay-colored Sparrow,12,4,Dec_W4,0.0,600.0
Field Sparrow,1,1,Jan_W1,0.0,823.0
Field Sparrow,1,2,Jan_W2,0.0,535.0
Field Sparrow,1,3,Jan_W3,0.0,472.0
Field Sparrow,1,4,Jan_W4,0.0,644.0
Field Sparrow,2,1,Feb_W1,0.0,490.0
Field Sparrow,2,2,Feb_W2,0.0,589.0
Field Sparrow,2,3,Feb_W3,0.0,787.0
Field Sparrow,2,4,Feb_W4,0.0,427.0
Field Sparrow,3,1,Mar_W1,0.0,558.0
Field Sparrow,3,2,Mar_W2,0.0,649.0
Field Sparrow,3,3,Mar_W3,0.0,710.0
Field Sparrow,3,4,Mar_W4,0.0,1110.0
Field Sparrow,4,1,Apr_W1,0.0022247,899.0
Field Sparrow,4,2,Apr_W2,0.0096726,1344.0
Field Sparrow,4,3,Apr_W3,0.036715,1035.0
Field Sparrow,4,4,Apr_W4,0.0563063,1332.0
Field Sparrow,5,1,May_W1,0.0724864,1283.0
Field Sparrow,5,2,May_W2,0.0596628,1542.0
Field Sparrow,5,3,May_W3,0.0639574,1501.0
Field Sparrow,5,4,May_W4,0.0775635,2282.0
Field Sparrow,6,1,Jun_W1,0.0588235,1513.0
Field Sparrow,6,2,Jun_W2,0.0635714,1400.0
Field Sparrow,6,3,Jun_W3,0.0607882,1497.0
Field Sparrow,6,4,Jun_W4,0.0647169,1607.0
Field Sparrow,7,1,Jul_W1,0.0804688,1280.0
Field Sparrow,7,2,Jul_W2,0.0483729,1137.0
Field Sparrow,7,3,Jul_W3,0.0600707,1132.0
Field Sparrow,7,4,Jul_W4,0.0421271,1448.0
Field Sparrow,8,1,Aug_W1,0.028971,1001.0
Field Sparrow,8,2,Aug_W2,0.0248756,804.0
Field Sparrow,8,3,Aug_W3,0.0143541,836.0
Field Sparrow,8,4,Aug_W4,0.0135266,1035.0
Field Sparrow,9,1,Sep_W1,0.011041,634.0
Field Sparrow,9,2,Sep_W2,0.009768,819.0
Field Sparrow,9,3,Sep_W3,0.0121766,657.0
Field Sparrow,9,4,Sep_W4,0.0182768,766.0
Field Sparrow,10,1,Oct_W1,0.0039604,505.0
Field Sparrow,10,2,Oct_W2,0.0088028,568.0
Field Sparrow,10,3,Oct_W3,0.0,523.0
Field Sparrow,10,4,Oct_W4,0.0,632.0
Field Sparrow,11,1,Nov_W1,0.0,369.0
Field Sparrow,11,2,Nov_W2,0.0,337.0
Field Sparrow,11,3,Nov_W3,0.0,346.0
Field Sparrow,11,4,Nov_W4,0.0,492.0
Field Sparrow,12,1,Dec_W1,0.0,303.0
Field Sparrow,12,2,Dec_W2,0.0,335.0
Field Sparrow,12,3,Dec_W3,0.0,681.0
Field Sparrow,12,4,Dec_W4,0.0,600.0
Black-throated Sparrow,1,1,Jan_W1,0.0,823.0
Black-throated Sparrow,1,2,Jan_W2,0.0,535.0
Black-throated Sparrow,1,3,Jan_W3,0.0,472.0
Black-throated Sparrow,1,4,Jan_W4,0.0,644.0
Black-throated Sparrow,2,1,Feb_W1,0.0,490.0
Black-throated Sparrow,2,2,Feb_W2,0.0,589.0
Black-throated Sparrow,2,3,Feb_W3,0.0,787.0
Black-throated Sparrow,2,4,Feb_W4,0.0,427.0
Black-throated Sparrow,3,1,Mar_W1,0.0,558.0
Black-throated Sparrow,3,2,Mar_W2,0.0,649.0
Black-throated Sparrow,3,3,Mar_W3,0.0,710.0
Black-throated Sparrow,3,4,Mar_W4,0.0,1110.0
Black-throated Sparrow,4,1,Apr_W1,0.0,899.0
Black-throated Sparrow,4,2,Apr_W2,0.0,1344.0
Black-throated Sparrow,4,3,Apr_W3,0.0,1035.0
Black-throated Sparrow,4,4,Apr_W4,0.0,1332.0
Black-throated Sparrow,5,1,May_W1,0.0,1283.0
Black-throated Sparrow,5,2,May_W2,0.0,1542.0
Black-throated Sparrow,5,3,May_W3,0.0,1501.0
Black-throated Sparrow,5,4,May_W4,0.0,2282.0
Black-throated Sparrow,6,1,Jun_W1,0.0,1513.0
Black-throated Sparrow,6,2,Jun_W2,0.0,1400.0
Black-throated Sparrow,6,3,Jun_W3,0.0,1497.0
Black-throated Sparrow,6,4,Jun_W4,0.0,1607.0
Black-throated Sparrow,7,1,Jul_W1,0.0,1280.0
Black-throated Sparrow,7,2,Jul_W2,0.0,1137.0
Black-throated Sparrow,7,3,Jul_W3,0.0,1132.0
Black-throated Sparrow,7,4,Jul_W4,0.0,1448.0
Black-throated Sparrow,8,1,Aug_W1,0.0,1001.0
Black-throated Sparrow,8,2,Aug_W2,0.0,804.0
Black-throated Sparrow,8,3,Aug_W3,0.0,836.0
Black-throated Sparrow,8,4,Aug_W4,0.0,1035.0
Black-throated Sparrow,9,1,Sep_W1,0.0,634.0
Black-throated Sparrow,9,2,Sep_W2,0.0,819.0
Black-throated Sparrow,9,3,Sep_W3,0.0,657.0
Black-throated Sparrow,9,4,Sep_W4,0.0013055,766.0
Black-throated Sparrow,10,1,Oct_W1,0.0,505.0
Black-throated Sparrow,10,2,Oct_W2,0.0,568.0
Black-throated Sparrow,10,3,Oct_W3,0.0,523.0
Black-throated Sparrow,10,4,Oct_W4,0.0,632.0
Black-throated Sparrow,11,1,Nov_W1,0.0,369.0
Black-throated Sparrow,11,2,Nov_W2,0.0,337.0
Black-throated Sparrow,11,3,Nov_W3,0.0,346.0
Black-throated Sparrow,11,4,Nov_W4,0.0,492.0
Black-throated Sparrow,12,1,Dec_W1,0.0,303.0
Black-throated Sparrow,12,2,Dec_W2,0.0,335.0
Black-throated Sparrow,12,3,Dec_W3,0.0,681.0
Black-throated Sparrow,12,4,Dec_W4,0.0,600.0
Lark Sparrow,1,1,Jan_W1,0.0,823.0
Lark Sparrow,1,2,Jan_W2,0.0,535.0
Lark Sparrow,1,3,Jan_W3,0.0,472.0
Lark Sparrow,1,4,Jan_W4,0.0,644.0
Lark Sparrow,2,1,Feb_W1,0.0,490.0
Lark Sparrow,2,2,Feb_W2,0.0,589.0
Lark Sparrow,2,3,Feb_W3,0.0,787.0
Lark Sparrow,2,4,Feb_W4,0.0,427.0
Lark Sparrow,3,1,Mar_W1,0.0,558.0
Lark Sparrow,3,2,Mar_W2,0.0,649.0
Lark Sparrow,3,3,Mar_W3,0.0,710.0
Lark Sparrow,3,4,Mar_W4,0.0,1110.0
Lark Sparrow,4,1,Apr_W1,0.0,899.0
Lark Sparrow,4,2,Apr_W2,0.0,1344.0
Lark Sparrow,4,3,Apr_W3,0.0,1035.0
Lark Sparrow,4,4,Apr_W4,0.0,1332.0
Lark Sparrow,5,1,May_W1,0.0,1283.0
Lark Sparrow,5,2,May_W2,0.0,1542.0
Lark Sparrow,5,3,May_W3,0.0,1501.0
Lark Sparrow,5,4,May_W4,0.0,2282.0
Lark Sparrow,6,1,Jun_W1,0.0,1513.0
Lark Sparrow,6,2,Jun_W2,0.0,1400.0
Lark Sparrow,6,3,Jun_W3,0.0,1497.0
Lark Sparrow,6,4,Jun_W4,0.0,1607.0
Lark Sparrow,7,1,Jul_W1,0.0,1280.0
Lark Sparrow,7,2,Jul_W2,0.0,1137.0
Lark Sparrow,7,3,Jul_W3,0.0,1132.0
Lark Sparrow,7,4,Jul_W4,0.0,1448.0
Lark Sparrow,8,1,Aug_W1,0.0,1001.0
Lark Sparrow,8,2,Aug_W2,0.0,804.0
Lark Sparrow,8,3,Aug_W3,0.0015,836.0
Lark Sparrow,8,4,Aug_W4,0.0,1035.0
Lark Sparrow,9,1,Sep_W1,0.0,634.0
Lark Sparrow,9,2,Sep_W2,0.0,819.0
Lark Sparrow,9,3,Sep_W3,0.0,657.0
Lark Sparrow,9,4,Sep_W4,0.0,766.0
Lark Sparrow,10,1,Oct_W1,0.0,505.0
Lark Sparrow,10,2,Oct_W2,0.0017606,568.0
Lark Sparrow,10,3,Oct_W3,0.0,523.0
Lark Sparrow,10,4,Oct_W4,0.0,632.0
Lark Sparrow,11,1,Nov_W1,0.0,369.0
Lark Sparrow,11,2,Nov_W2,0.0,337.0
Lark Sparrow,11,3,Nov_W3,0.0,346.0
Lark Sparrow,11,4,Nov_W4,0.0,492.0
Lark Sparrow,12,1,Dec_W1,0.0,303.0
Lark Sparrow,12,2,Dec_W2,0.0,335.0
Lark Sparrow,12,3,Dec_W3,0.0,681.0
Lark Sparrow,12,4,Dec_W4,0.0,600.0
Lark Bunting,1,1,Jan_W1,0.0,823.0
Lark Bunting,1,2,Jan_W2,0.0,535.0
Lark Bunting,1,3,Jan_W3,0.0,472.0
Lark Bunting,1,4,Jan_W4,0.0,644.0
Lark Bunting,2,1,Feb_W1,0.0,490.0
Lark Bunting,2,2,Feb_W2,0.0,589.0
Lark Bunting,2,3,Feb_W3,0.0,787.0
Lark Bunting,2,4,Feb_W4,0.0,427.0
Lark Bunting,3,1,Mar_W1,0.0,558.0
Lark Bunting,3,2,Mar_W2,0.0,649.0
Lark Bunting,3,3,Mar_W3,0.0,710.0
Lark Bunting,3,4,Mar_W4,0.0,1110.0
Lark Bunting,4,1,Apr_W1,0.0,899.0
Lark Bunting,4,2,Apr_W2,0.0,1344.0
Lark Bunting,4,3,Apr_W3,0.0,1035.0
Lark Bunting,4,4,Apr_W4,0.0,1332.0
Lark Bunting,5,1,May_W1,0.0,1283.0
Lark Bunting,5,2,May_W2,0.0,1542.0
Lark Bunting,5,3,May_W3,0.0,1501.0
Lark Bunting,5,4,May_W4,0.0,2282.0
Lark Bunting,6,1,Jun_W1,0.0,1513.0
Lark Bunting,6,2,Jun_W2,0.0,1400.0
Lark Bunting,6,3,Jun_W3,0.0,1497.0
Lark Bunting,6,4,Jun_W4,0.0,1607.0
Lark Bunting,7,1,Jul_W1,0.0,1280.0
Lark Bunting,7,2,Jul_W2,0.0,1137.0
Lark Bunting,7,3,Jul_W3,0.0,1132.0
Lark Bunting,7,4,Jul_W4,0.0,1448.0
Lark Bunting,8,1,Aug_W1,0.0,1001.0
Lark Bunting,8,2,Aug_W2,0.0,804.0
Lark Bunting,8,3,Aug_W3,0.0059809,836.0
Lark Bunting,8,4,Aug_W4,0.0,1035.0
Lark Bunting,9,1,Sep_W1,0.0,634.0
Lark Bunting,9,2,Sep_W2,0.0,819.0
Lark Bunting,9,3,Sep_W3,0.0,657.0
Lark Bunting,9,4,Sep_W4,0.0,766.0
Lark Bunting,10,1,Oct_W1,0.0,505.0
Lark Bunting,10,2,Oct_W2,0.0,568.0
Lark Bunting,10,3,Oct_W3,0.0,523.0
Lark Bunting,10,4,Oct_W4,0.0,632.0
Lark Bunting,11,1,Nov_W1,0.0,369.0
Lark Bunting,11,2,Nov_W2,0.0,337.0
Lark Bunting,11,3,Nov_W3,0.0,346.0
Lark Bunting,11,4,Nov_W4,0.0,492.0
Lark Bunting,12,1,Dec_W1,0.0,303.0
Lark Bunting,12,2,Dec_W2,0.0,335.0
Lark Bunting,12,3,Dec_W3,0.0,681.0
Lark Bunting,12,4,Dec_W4,0.0,600.0
American Tree Sparrow,1,1,Jan_W1,0.0996355,823.0
American Tree Sparrow,1,2,Jan_W2,0.0990654,535.0
American Tree Sparrow,1,3,Jan_W3,0.1313559,472.0
American Tree Sparrow,1,4,Jan_W4,0.1397516,644.0
American Tree Sparrow,2,1,Feb_W1,0.155102,490.0
American Tree Sparrow,2,2,Feb_W2,0.1222411,589.0
American Tree Sparrow,2,3,Feb_W3,0.0889454,787.0
American Tree Sparrow,2,4,Feb_W4,0.1241218,427.0
American Tree Sparrow,3,1,Mar_W1,0.1326165,558.0
American Tree Sparrow,3,2,Mar_W2,0.1124807,649.0
American Tree Sparrow,3,3,Mar_W3,0.1352113,710.0
American Tree Sparrow,3,4,Mar_W4,0.1504505,1110.0
American Tree Sparrow,4,1,Apr_W1,0.160178,899.0
American Tree Sparrow,4,2,Apr_W2,0.1741071,1344.0
American Tree Sparrow,4,3,Apr_W3,0.1758454,1035.0
American Tree Sparrow,4,4,Apr_W4,0.1396396,1332.0
American Tree Sparrow,5,1,May_W1,0.035074,1283.0
American Tree Sparrow,5,2,May_W2,0.0097276,1542.0
American Tree Sparrow,5,3,May_W3,0.0013324,1501.0
American Tree Sparrow,5,4,May_W4,0.0004382,2282.0
American Tree Sparrow,6,1,Jun_W1,0.0,1513.0
American Tree Sparrow,6,2,Jun_W2,0.0,1400.0
American Tree Sparrow,6,3,Jun_W3,0.0,1497.0
American Tree Sparrow,6,4,Jun_W4,0.0,1607.0
American Tree Sparrow,7,1,Jul_W1,0.0,1280.0
American Tree Sparrow,7,2,Jul_W2,0.0,1137.0
American Tree Sparrow,7,3,Jul_W3,0.0,1132.0
American Tree Sparrow,7,4,Jul_W4,0.0,1448.0
American Tree Sparrow,8,1,Aug_W1,0.0,1001.0
American Tree Sparrow,8,2,Aug_W2,0.0,804.0
American Tree Sparrow,8,3,Aug_W3,0.0,836.0
American Tree Sparrow,8,4,Aug_W4,0.0,1035.0
American Tree Sparrow,9,1,Sep_W1,0.0,634.0
American Tree Sparrow,9,2,Sep_W2,0.0,819.0
American Tree Sparrow,9,3,Sep_W3,0.0,657.0
American Tree Sparrow,9,4,Sep_W4,0.0052219,766.0
American Tree Sparrow,10,1,Oct_W1,0.0158416,505.0
American Tree Sparrow,10,2,Oct_W2,0.0475352,568.0
American Tree Sparrow,10,3,Oct_W3,0.0783939,523.0
American Tree Sparrow,10,4,Oct_W4,0.1139241,632.0
American Tree Sparrow,11,1,Nov_W1,0.1192412,369.0
American Tree Sparrow,11,2,Nov_W2,0.0919881,337.0
American Tree Sparrow,11,3,Nov_W3,0.0693642,346.0
American Tree Sparrow,11,4,Nov_W4,0.0711382,492.0
American Tree Sparrow,12,1,Dec_W1,0.1155116,303.0
American Tree Sparrow,12,2,Dec_W2,0.1552239,335.0
American Tree Sparrow,12,3,Dec_W3,0.1116006,681.0
American Tree Sparrow,12,4,Dec_W4,0.11,600.0
Fox Sparrow,1,1,Jan_W1,0.0,823.0
Fox Sparrow,1,2,Jan_W2,0.0,535.0
Fox Sparrow,1,3,Jan_W3,0.0,472.0
Fox Sparrow,1,4,Jan_W4,0.0,644.0
Fox Sparrow,2,1,Feb_W1,0.0,490.0
Fox Sparrow,2,2,Feb_W2,0.0,589.0
Fox Sparrow,2,3,Feb_W3,0.0,787.0
Fox Sparrow,2,4,Feb_W4,0.0,427.0
Fox Sparrow,3,1,Mar_W1,0.0,558.0
Fox Sparrow,3,2,Mar_W2,0.0,649.0
Fox Sparrow,3,3,Mar_W3,0.0084507,710.0
Fox Sparrow,3,4,Mar_W4,0.0117117,1110.0
Fox Sparrow,4,1,Apr_W1,0.0400445,899.0
Fox Sparrow,4,2,Apr_W2,0.0952381,1344.0
Fox Sparrow,4,3,Apr_W3,0.0985507,1035.0
Fox Sparrow,4,4,Apr_W4,0.0292793,1332.0
Fox Sparrow,5,1,May_W1,0.0085737,1283.0
Fox Sparrow,5,2,May_W2,0.0019455,1542.0
Fox Sparrow,5,3,May_W3,0.0,1501.0
Fox Sparrow,5,4,May_W4,0.0,2282.0
Fox Sparrow,6,1,Jun_W1,0.0,1513.0
Fox Sparrow,6,2,Jun_W2,0.0,1400.0
Fox Sparrow,6,3,Jun_W3,0.0,1497.0
Fox Sparrow,6,4,Jun_W4,0.0,1607.0
Fox Sparrow,7,1,Jul_W1,0.0,1280.0
Fox Sparrow,7,2,Jul_W2,0.0,1137.0
Fox Sparrow,7,3,Jul_W3,0.0,1132.0
Fox Sparrow,7,4,Jul_W4,0.0,1448.0
Fox Sparrow,8,1,Aug_W1,0.0,1001.0
Fox Sparrow,8,2,Aug_W2,0.0,804.0
Fox Sparrow,8,3,Aug_W3,0.0,836.0
Fox Sparrow,8,4,Aug_W4,0.0,1035.0
Fox Sparrow,9,1,Sep_W1,0.0,634.0
Fox Sparrow,9,2,Sep_W2,0.0,819.0
Fox Sparrow,9,3,Sep_W3,0.0,657.0
Fox Sparrow,9,4,Sep_W4,0.0,766.0
Fox Sparrow,10,1,Oct_W1,0.0079208,505.0
Fox Sparrow,10,2,Oct_W2,0.0140845,568.0
Fox Sparrow,10,3,Oct_W3,0.0172084,523.0
Fox Sparrow,10,4,Oct_W4,0.0253165,632.0
Fox Sparrow,11,1,Nov_W1,0.0135501,369.0
Fox Sparrow,11,2,Nov_W2,0.0029674,337.0
Fox Sparrow,11,3,Nov_W3,0.0086705,346.0
Fox Sparrow,11,4,Nov_W4,0.0015,492.0
Fox Sparrow,12,1,Dec_W1,0.0,303.0
Fox Sparrow,12,2,Dec_W2,0.0,335.0
Fox Sparrow,12,3,Dec_W3,0.0,681.0
Fox Sparrow,12,4,Dec_W4,0.0,600.0
Dark-eyed Junco,1,1,Jan_W1,0.217497,823.0
Dark-eyed Junco,1,2,Jan_W2,0.2635514,535.0
Dark-eyed Junco,1,3,Jan_W3,0.2733051,472.0
Dark-eyed Junco,1,4,Jan_W4,0.2670807,644.0
Dark-eyed Junco,2,1,Feb_W1,0.2469388,490.0
Dark-eyed Junco,2,2,Feb_W2,0.2614601,589.0
Dark-eyed Junco,2,3,Feb_W3,0.3036849,787.0
Dark-eyed Junco,2,4,Feb_W4,0.2669789,427.0
Dark-eyed Junco,3,1,Mar_W1,0.2437276,558.0
Dark-eyed Junco,3,2,Mar_W2,0.2064715,649.0
Dark-eyed Junco,3,3,Mar_W3,0.1985915,710.0
Dark-eyed Junco,3,4,Mar_W4,0.2378378,1110.0
Dark-eyed Junco,4,1,Apr_W1,0.2814238,899.0
Dark-eyed Junco,4,2,Apr_W2,0.3236607,1344.0
Dark-eyed Junco,4,3,Apr_W3,0.342029,1035.0
Dark-eyed Junco,4,4,Apr_W4,0.231982,1332.0
Dark-eyed Junco,5,1,May_W1,0.1083398,1283.0
Dark-eyed Junco,5,2,May_W2,0.0544747,1542.0
Dark-eyed Junco,5,3,May_W3,0.017988,1501.0
Dark-eyed Junco,5,4,May_W4,0.0100789,2282.0
Dark-eyed Junco,6,1,Jun_W1,0.0033047,1513.0
Dark-eyed Junco,6,2,Jun_W2,0.0007143,1400.0
Dark-eyed Junco,6,3,Jun_W3,0.002004,1497.0
Dark-eyed Junco,6,4,Jun_W4,0.0043559,1607.0
Dark-eyed Junco,7,1,Jul_W1,0.0023437,1280.0
Dark-eyed Junco,7,2,Jul_W2,0.0043975,1137.0
Dark-eyed Junco,7,3,Jul_W3,0.0017668,1132.0
Dark-eyed Junco,7,4,Jul_W4,0.0013812,1448.0
Dark-eyed Junco,8,1,Aug_W1,0.003996,1001.0
Dark-eyed Junco,8,2,Aug_W2,0.0024876,804.0
Dark-eyed Junco,8,3,Aug_W3,0.0011962,836.0
Dark-eyed Junco,8,4,Aug_W4,0.0048309,1035.0
Dark-eyed Junco,9,1,Sep_W1,0.0031546,634.0
Dark-eyed Junco,9,2,Sep_W2,0.008547,819.0
Dark-eyed Junco,9,3,Sep_W3,0.0243531,657.0
Dark-eyed Junco,9,4,Sep_W4,0.0678851,766.0
Dark-eyed Junco,10,1,Oct_W1,0.1841584,505.0
Dark-eyed Junco,10,2,Oct_W2,0.3010563,568.0
Dark-eyed Junco,10,3,Oct_W3,0.3843212,523.0
Dark-eyed Junco,10,4,Oct_W4,0.3655063,632.0
Dark-eyed Junco,11,1,Nov_W1,0.3252033,369.0
Dark-eyed Junco,11,2,Nov_W2,0.3442136,337.0
Dark-eyed Junco,11,3,Nov_W3,0.3323699,346.0
Dark-eyed Junco,11,4,Nov_W4,0.2947154,492.0
Dark-eyed Junco,12,1,Dec_W1,0.2970297,303.0
Dark-eyed Junco,12,2,Dec_W2,0.3104478,335.0
Dark-eyed Junco,12,3,Dec_W3,0.2540382,681.0
Dark-eyed Junco,12,4,Dec_W4,0.2366667,600.0
White-crowned Sparrow,1,1,Jan_W1,0.0012151,823.0
White-crowned Sparrow,1,2,Jan_W2,0.0,535.0
White-crowned Sparrow,1,3,Jan_W3,0.0,472.0
White-crowned Sparrow,1,4,Jan_W4,0.0015528,644.0
White-crowned Sparrow,2,1,Feb_W1,0.0020408,490.0
White-crowned Sparrow,2,2,Feb_W2,0.0,589.0
White-crowned Sparrow,2,3,Feb_W3,0.0015,787.0
White-crowned Sparrow,2,4,Feb_W4,0.0046838,427.0
White-crowned Sparrow,3,1,Mar_W1,0.0,558.0
White-crowned Sparrow,3,2,Mar_W2,0.0,649.0
White-crowned Sparrow,3,3,Mar_W3,0.0,710.0
White-crowned Sparrow,3,4,Mar_W4,0.0,1110.0
White-crowned Sparrow,4,1,Apr_W1,0.0,899.0
White-crowned Sparrow,4,2,Apr_W2,0.0,1344.0
White-crowned Sparrow,4,3,Apr_W3,0.0057971,1035.0
White-crowned Sparrow,4,4,Apr_W4,0.0127628,1332.0
White-crowned Sparrow,5,1,May_W1,0.1176929,1283.0
White-crowned Sparrow,5,2,May_W2,0.2302205,1542.0
White-crowned Sparrow,5,3,May_W3,0.1339107,1501.0
White-crowned Sparrow,5,4,May_W4,0.0179667,2282.0
White-crowned Sparrow,6,1,Jun_W1,0.0013219,1513.0
White-crowned Sparrow,6,2,Jun_W2,0.0007143,1400.0
White-crowned Sparrow,6,3,Jun_W3,0.0,1497.0
White-crowned Sparrow,6,4,Jun_W4,0.0,1607.0
White-crowned Sparrow,7,1,Jul_W1,0.0,1280.0
White-crowned Sparrow,7,2,Jul_W2,0.0,1137.0
White-crowned Sparrow,7,3,Jul_W3,0.0015,1132.0
White-crowned Sparrow,7,4,Jul_W4,0.0,1448.0
White-crowned Sparrow,8,1,Aug_W1,0.0,1001.0
White-crowned Sparrow,8,2,Aug_W2,0.0,804.0
White-crowned Sparrow,8,3,Aug_W3,0.0,836.0
White-crowned Sparrow,8,4,Aug_W4,0.0,1035.0
White-crowned Sparrow,9,1,Sep_W1,0.0,634.0
White-crowned Sparrow,9,2,Sep_W2,0.001221,819.0
White-crowned Sparrow,9,3,Sep_W3,0.0076104,657.0
White-crowned Sparrow,9,4,Sep_W4,0.1279373,766.0
White-crowned Sparrow,10,1,Oct_W1,0.2237624,505.0
White-crowned Sparrow,10,2,Oct_W2,0.1461268,568.0
White-crowned Sparrow,10,3,Oct_W3,0.0783939,523.0
White-crowned Sparrow,10,4,Oct_W4,0.0443038,632.0
White-crowned Sparrow,11,1,Nov_W1,0.0054201,369.0
White-crowned Sparrow,11,2,Nov_W2,0.0178042,337.0
White-crowned Sparrow,11,3,Nov_W3,0.0015,346.0
White-crowned Sparrow,11,4,Nov_W4,0.004065,492.0
White-crowned Sparrow,12,1,Dec_W1,0.0,303.0
White-crowned Sparrow,12,2,Dec_W2,0.0,335.0
White-crowned Sparrow,12,3,Dec_W3,0.0,681.0
White-crowned Sparrow,12,4,Dec_W4,0.0,600.0
Harris's Sparrow,1,1,Jan_W1,0.0,823.0
Harris's Sparrow,1,2,Jan_W2,0.0,535.0
Harris's Sparrow,1,3,Jan_W3,0.0,472.0
Harris's Sparrow,1,4,Jan_W4,0.0,644.0
Harris's Sparrow,2,1,Feb_W1,0.0015,490.0
Harris's Sparrow,2,2,Feb_W2,0.0,589.0
Harris's Sparrow,2,3,Feb_W3,0.0,787.0
Harris's Sparrow,2,4,Feb_W4,0.0,427.0
Harris's Sparrow,3,1,Mar_W1,0.0017921,558.0
Harris's Sparrow,3,2,Mar_W2,0.0,649.0
Harris's Sparrow,3,3,Mar_W3,0.0,710.0
Harris's Sparrow,3,4,Mar_W4,0.0,1110.0
Harris's Sparrow,4,1,Apr_W1,0.0,899.0
Harris's Sparrow,4,2,Apr_W2,0.0,1344.0
Harris's Sparrow,4,3,Apr_W3,0.0015,1035.0
Harris's Sparrow,4,4,Apr_W4,0.0,1332.0
Harris's Sparrow,5,1,May_W1,0.0,1283.0
Harris's Sparrow,5,2,May_W2,0.0,1542.0
Harris's Sparrow,5,3,May_W3,0.0,1501.0
Harris's Sparrow,5,4,May_W4,0.0,2282.0
Harris's Sparrow,6,1,Jun_W1,0.0,1513.0
Harris's Sparrow,6,2,Jun_W2,0.0,1400.0
Harris's Sparrow,6,3,Jun_W3,0.0,1497.0
Harris's Sparrow,6,4,Jun_W4,0.0,1607.0
Harris's Sparrow,7,1,Jul_W1,0.0,1280.0
Harris's Sparrow,7,2,Jul_W2,0.0,1137.0
Harris's Sparrow,7,3,Jul_W3,0.0,1132.0
Harris's Sparrow,7,4,Jul_W4,0.0,1448.0
Harris's Sparrow,8,1,Aug_W1,0.0,1001.0
Harris's Sparrow,8,2,Aug_W2,0.0,804.0
Harris's Sparrow,8,3,Aug_W3,0.0,836.0
Harris's Sparrow,8,4,Aug_W4,0.0,1035.0
Harris's Sparrow,9,1,Sep_W1,0.0,634.0
Harris's Sparrow,9,2,Sep_W2,0.0,819.0
Harris's Sparrow,9,3,Sep_W3,0.0,657.0
Harris's Sparrow,9,4,Sep_W4,0.0,766.0
Harris's Sparrow,10,1,Oct_W1,0.0019802,505.0
Harris's Sparrow,10,2,Oct_W2,0.0015,568.0
Harris's Sparrow,10,3,Oct_W3,0.001912,523.0
Harris's Sparrow,10,4,Oct_W4,0.0,632.0
Harris's Sparrow,11,1,Nov_W1,0.0,369.0
Harris's Sparrow,11,2,Nov_W2,0.0,337.0
Harris's Sparrow,11,3,Nov_W3,0.0,346.0
Harris's Sparrow,11,4,Nov_W4,0.0,492.0
Harris's Sparrow,12,1,Dec_W1,0.0,303.0
Harris's Sparrow,12,2,Dec_W2,0.0,335.0
Harris's Sparrow,12,3,Dec_W3,0.0,681.0
Harris's Sparrow,12,4,Dec_W4,0.0015,600.0
White-throated Sparrow,1,1,Jan_W1,0.0097205,823.0
White-throated Sparrow,1,2,Jan_W2,0.0015,535.0
White-throated Sparrow,1,3,Jan_W3,0.0063559,472.0
White-throated Sparrow,1,4,Jan_W4,0.0062112,644.0
White-throated Sparrow,2,1,Feb_W1,0.0061224,490.0
White-throated Sparrow,2,2,Feb_W2,0.0016978,589.0
White-throated Sparrow,2,3,Feb_W3,0.0063532,787.0
White-throated Sparrow,2,4,Feb_W4,0.0163934,427.0
White-throated Sparrow,3,1,Mar_W1,0.0107527,558.0
White-throated Sparrow,3,2,Mar_W2,0.0015408,649.0
White-throated Sparrow,3,3,Mar_W3,0.0014085,710.0
White-throated Sparrow,3,4,Mar_W4,0.0,1110.0
White-throated Sparrow,4,1,Apr_W1,0.0011123,899.0
White-throated Sparrow,4,2,Apr_W2,0.0111607,1344.0
White-throated Sparrow,4,3,Apr_W3,0.0714976,1035.0
White-throated Sparrow,4,4,Apr_W4,0.1854354,1332.0
White-throated Sparrow,5,1,May_W1,0.2657833,1283.0
White-throated Sparrow,5,2,May_W2,0.229572,1542.0
White-throated Sparrow,5,3,May_W3,0.1459027,1501.0
White-throated Sparrow,5,4,May_W4,0.0898335,2282.0
White-throated Sparrow,6,1,Jun_W1,0.0502313,1513.0
White-throated Sparrow,6,2,Jun_W2,0.0364286,1400.0
White-throated Sparrow,6,3,Jun_W3,0.0487642,1497.0
White-throated Sparrow,6,4,Jun_W4,0.0547604,1607.0
White-throated Sparrow,7,1,Jul_W1,0.0414062,1280.0
White-throated Sparrow,7,2,Jul_W2,0.0466139,1137.0
White-throated Sparrow,7,3,Jul_W3,0.0238516,1132.0
White-throated Sparrow,7,4,Jul_W4,0.0283149,1448.0
White-throated Sparrow,8,1,Aug_W1,0.022977,1001.0
White-throated Sparrow,8,2,Aug_W2,0.0174129,804.0
White-throated Sparrow,8,3,Aug_W3,0.007177,836.0
White-throated Sparrow,8,4,Aug_W4,0.0135266,1035.0
White-throated Sparrow,9,1,Sep_W1,0.0362776,634.0
White-throated Sparrow,9,2,Sep_W2,0.0903541,819.0
White-throated Sparrow,9,3,Sep_W3,0.1369863,657.0
White-throated Sparrow,9,4,Sep_W4,0.2375979,766.0
White-throated Sparrow,10,1,Oct_W1,0.2514851,505.0
White-throated Sparrow,10,2,Oct_W2,0.1426056,568.0
White-throated Sparrow,10,3,Oct_W3,0.0917782,523.0
White-throated Sparrow,10,4,Oct_W4,0.028481,632.0
White-throated Sparrow,11,1,Nov_W1,0.0081301,369.0
White-throated Sparrow,11,2,Nov_W2,0.0118694,337.0
White-throated Sparrow,11,3,Nov_W3,0.0028902,346.0
White-throated Sparrow,11,4,Nov_W4,0.0,492.0
White-throated Sparrow,12,1,Dec_W1,0.0,303.0
White-throated Sparrow,12,2,Dec_W2,0.0029851,335.0
White-throated Sparrow,12,3,Dec_W3,0.0,681.0
White-throated Sparrow,12,4,Dec_W4,0.0,600.0
Vesper Sparrow,1,1,Jan_W1,0.0,823.0
Vesper Sparrow,1,2,Jan_W2,0.0,535.0
Vesper Sparrow,1,3,Jan_W3,0.0,472.0
Vesper Sparrow,1,4,Jan_W4,0.0,644.0
Vesper Sparrow,2,1,Feb_W1,0.0,490.0
Vesper Sparrow,2,2,Feb_W2,0.0,589.0
Vesper Sparrow,2,3,Feb_W3,0.0,787.0
Vesper Sparrow,2,4,Feb_W4,0.0,427.0
Vesper Sparrow,3,1,Mar_W1,0.0,558.0
Vesper Sparrow,3,2,Mar_W2,0.0,649.0
Vesper Sparrow,3,3,Mar_W3,0.0,710.0
Vesper Sparrow,3,4,Mar_W4,0.0009009,1110.0
Vesper Sparrow,4,1,Apr_W1,0.0189099,899.0
Vesper Sparrow,4,2,Apr_W2,0.0498512,1344.0
Vesper Sparrow,4,3,Apr_W3,0.0782609,1035.0
Vesper Sparrow,4,4,Apr_W4,0.0848348,1332.0
Vesper Sparrow,5,1,May_W1,0.0826189,1283.0
Vesper Sparrow,5,2,May_W2,0.0674449,1542.0
Vesper Sparrow,5,3,May_W3,0.0759494,1501.0
Vesper Sparrow,5,4,May_W4,0.0692375,2282.0
Vesper Sparrow,6,1,Jun_W1,0.0707204,1513.0
Vesper Sparrow,6,2,Jun_W2,0.0807143,1400.0
Vesper Sparrow,6,3,Jun_W3,0.0774883,1497.0
Vesper Sparrow,6,4,Jun_W4,0.0833852,1607.0
Vesper Sparrow,7,1,Jul_W1,0.08125,1280.0
Vesper Sparrow,7,2,Jul_W2,0.0659631,1137.0
Vesper Sparrow,7,3,Jul_W3,0.0388693,1132.0
Vesper Sparrow,7,4,Jul_W4,0.0290055,1448.0
Vesper Sparrow,8,1,Aug_W1,0.021978,1001.0
Vesper Sparrow,8,2,Aug_W2,0.0472637,804.0
Vesper Sparrow,8,3,Aug_W3,0.0191388,836.0
Vesper Sparrow,8,4,Aug_W4,0.0096618,1035.0
Vesper Sparrow,9,1,Sep_W1,0.0141956,634.0
Vesper Sparrow,9,2,Sep_W2,0.023199,819.0
Vesper Sparrow,9,3,Sep_W3,0.0532725,657.0
Vesper Sparrow,9,4,Sep_W4,0.0313316,766.0
Vesper Sparrow,10,1,Oct_W1,0.049505,505.0
Vesper Sparrow,10,2,Oct_W2,0.0211268,568.0
Vesper Sparrow,10,3,Oct_W3,0.0038241,523.0
Vesper Sparrow,10,4,Oct_W4,0.0,632.0
Vesper Sparrow,11,1,Nov_W1,0.0,369.0
Vesper Sparrow,11,2,Nov_W2,0.0,337.0
Vesper Sparrow,11,3,Nov_W3,0.0,346.0
Vesper Sparrow,11,4,Nov_W4,0.0,492.0
Vesper Sparrow,12,1,Dec_W1,0.0,303.0
Vesper Sparrow,12,2,Dec_W2,0.0,335.0
Vesper Sparrow,12,3,Dec_W3,0.0,681.0
Vesper Sparrow,12,4,Dec_W4,0.0,600.0
LeConte's Sparrow,1,1,Jan_W1,0.0,823.0
LeConte's Sparrow,1,2,Jan_W2,0.0,535.0
LeConte's Sparrow,1,3,Jan_W3,0.0,472.0
LeConte's Sparrow,1,4,Jan_W4,0.0,644.0
LeConte's Sparrow,2,1,Feb_W1,0.0,490.0
LeConte's Sparrow,2,2,Feb_W2,0.0,589.0
LeConte's Sparrow,2,3,Feb_W3,0.0,787.0
LeConte's Sparrow,2,4,Feb_W4,0.0,427.0
LeConte's Sparrow,3,1,Mar_W1,0.0,558.0
LeConte's Sparrow,3,2,Mar_W2,0.0,649.0
LeConte's Sparrow,3,3,Mar_W3,0.0,710.0
LeConte's Sparrow,3,4,Mar_W4,0.0,1110.0
LeConte's Sparrow,4,1,Apr_W1,0.0,899.0
LeConte's Sparrow,4,2,Apr_W2,0.0,1344.0
LeConte's Sparrow,4,3,Apr_W3,0.0,1035.0
LeConte's Sparrow,4,4,Apr_W4,0.0,1332.0
LeConte's Sparrow,5,1,May_W1,0.0,1283.0
LeConte's Sparrow,5,2,May_W2,0.0006485,1542.0
LeConte's Sparrow,5,3,May_W3,0.0,1501.0
LeConte's Sparrow,5,4,May_W4,0.0,2282.0
LeConte's Sparrow,6,1,Jun_W1,0.0,1513.0
LeConte's Sparrow,6,2,Jun_W2,0.0,1400.0
LeConte's Sparrow,6,3,Jun_W3,0.0,1497.0
LeConte's Sparrow,6,4,Jun_W4,0.0,1607.0
LeConte's Sparrow,7,1,Jul_W1,0.0,1280.0
LeConte's Sparrow,7,2,Jul_W2,0.0,1137.0
LeConte's Sparrow,7,3,Jul_W3,0.0,1132.0
LeConte's Sparrow,7,4,Jul_W4,0.0,1448.0
LeConte's Sparrow,8,1,Aug_W1,0.0,1001.0
LeConte's Sparrow,8,2,Aug_W2,0.0,804.0
LeConte's Sparrow,8,3,Aug_W3,0.0,836.0
LeConte's Sparrow,8,4,Aug_W4,0.0,1035.0
LeConte's Sparrow,9,1,Sep_W1,0.0,634.0
LeConte's Sparrow,9,2,Sep_W2,0.0,819.0
LeConte's Sparrow,9,3,Sep_W3,0.0,657.0
LeConte's Sparrow,9,4,Sep_W4,0.0,766.0
LeConte's Sparrow,10,1,Oct_W1,0.0,505.0
LeConte's Sparrow,10,2,Oct_W2,0.0,568.0
LeConte's Sparrow,10,3,Oct_W3,0.0,523.0
LeConte's Sparrow,10,4,Oct_W4,0.0,632.0
LeConte's Sparrow,11,1,Nov_W1,0.0,369.0
LeConte's Sparrow,11,2,Nov_W2,0.0,337.0
LeConte's Sparrow,11,3,Nov_W3,0.0,346.0
LeConte's Sparrow,11,4,Nov_W4,0.0,492.0
LeConte's Sparrow,12,1,Dec_W1,0.0,303.0
LeConte's Sparrow,12,2,Dec_W2,0.0,335.0
LeConte's Sparrow,12,3,Dec_W3,0.0,681.0
LeConte's Sparrow,12,4,Dec_W4,0.0,600.0
Savannah Sparrow,1,1,Jan_W1,0.0,823.0
Savannah Sparrow,1,2,Jan_W2,0.0,535.0
Savannah Sparrow,1,3,Jan_W3,0.0,472.0
Savannah Sparrow,1,4,Jan_W4,0.0,644.0
Savannah Sparrow,2,1,Feb_W1,0.0,490.0
Savannah Sparrow,2,2,Feb_W2,0.0,589.0
Savannah Sparrow,2,3,Feb_W3,0.0,787.0
Savannah Sparrow,2,4,Feb_W4,0.0,427.0
Savannah Sparrow,3,1,Mar_W1,0.0,558.0
Savannah Sparrow,3,2,Mar_W2,0.0,649.0
Savannah Sparrow,3,3,Mar_W3,0.0,710.0
Savannah Sparrow,3,4,Mar_W4,0.0,1110.0
Savannah Sparrow,4,1,Apr_W1,0.0011123,899.0
Savannah Sparrow,4,2,Apr_W2,0.0059524,1344.0
Savannah Sparrow,4,3,Apr_W3,0.0125604,1035.0
Savannah Sparrow,4,4,Apr_W4,0.0247748,1332.0
Savannah Sparrow,5,1,May_W1,0.0342946,1283.0
Savannah Sparrow,5,2,May_W2,0.0544747,1542.0
Savannah Sparrow,5,3,May_W3,0.0692871,1501.0
Savannah Sparrow,5,4,May_W4,0.0407537,2282.0
Savannah Sparrow,6,1,Jun_W1,0.0350297,1513.0
Savannah Sparrow,6,2,Jun_W2,0.0371429,1400.0
Savannah Sparrow,6,3,Jun_W3,0.0387442,1497.0
Savannah Sparrow,6,4,Jun_W4,0.0317362,1607.0
Savannah Sparrow,7,1,Jul_W1,0.03125,1280.0
Savannah Sparrow,7,2,Jul_W2,0.0202287,1137.0
Savannah Sparrow,7,3,Jul_W3,0.0123675,1132.0
Savannah Sparrow,7,4,Jul_W4,0.0110497,1448.0
Savannah Sparrow,8,1,Aug_W1,0.0015,1001.0
Savannah Sparrow,8,2,Aug_W2,0.0049751,804.0
Savannah Sparrow,8,3,Aug_W3,0.0059809,836.0
Savannah Sparrow,8,4,Aug_W4,0.010628,1035.0
Savannah Sparrow,9,1,Sep_W1,0.0063091,634.0
Savannah Sparrow,9,2,Sep_W2,0.02442,819.0
Savannah Sparrow,9,3,Sep_W3,0.0380518,657.0
Savannah Sparrow,9,4,Sep_W4,0.0339426,766.0
Savannah Sparrow,10,1,Oct_W1,0.0376238,505.0
Savannah Sparrow,10,2,Oct_W2,0.0158451,568.0
Savannah Sparrow,10,3,Oct_W3,0.0038241,523.0
Savannah Sparrow,10,4,Oct_W4,0.0015823,632.0
Savannah Sparrow,11,1,Nov_W1,0.0,369.0
Savannah Sparrow,11,2,Nov_W2,0.0,337.0
Savannah Sparrow,11,3,Nov_W3,0.0,346.0
Savannah Sparrow,11,4,Nov_W4,0.0,492.0
Savannah Sparrow,12,1,Dec_W1,0.0,303.0
Savannah Sparrow,12,2,Dec_W2,0.0,335.0
Savannah Sparrow,12,3,Dec_W3,0.0,681.0
Savannah Sparrow,12,4,Dec_W4,0.0,600.0
Henslow's Sparrow,1,1,Jan_W1,0.0,823.0
Henslow's Sparrow,1,2,Jan_W2,0.0,535.0
Henslow's Sparrow,1,3,Jan_W3,0.0,472.0
Henslow's Sparrow,1,4,Jan_W4,0.0,644.0
Henslow's Sparrow,2,1,Feb_W1,0.0,490.0
Henslow's Sparrow,2,2,Feb_W2,0.0,589.0
Henslow's Sparrow,2,3,Feb_W3,0.0,787.0
Henslow's Sparrow,2,4,Feb_W4,0.0,427.0
Henslow's Sparrow,3,1,Mar_W1,0.0,558.0
Henslow's Sparrow,3,2,Mar_W2,0.0,649.0
Henslow's Sparrow,3,3,Mar_W3,0.0,710.0
Henslow's Sparrow,3,4,Mar_W4,0.0,1110.0
Henslow's Sparrow,4,1,Apr_W1,0.0,899.0
Henslow's Sparrow,4,2,Apr_W2,0.0,1344.0
Henslow's Sparrow,4,3,Apr_W3,0.0,1035.0
Henslow's Sparrow,4,4,Apr_W4,0.0,1332.0
Henslow's Sparrow,5,1,May_W1,0.0,1283.0
Henslow's Sparrow,5,2,May_W2,0.0006485,1542.0
Henslow's Sparrow,5,3,May_W3,0.0,1501.0
Henslow's Sparrow,5,4,May_W4,0.0017528,2282.0
Henslow's Sparrow,6,1,Jun_W1,0.0052875,1513.0
Henslow's Sparrow,6,2,Jun_W2,0.0057143,1400.0
Henslow's Sparrow,6,3,Jun_W3,0.002672,1497.0
Henslow's Sparrow,6,4,Jun_W4,0.0062228,1607.0
Henslow's Sparrow,7,1,Jul_W1,0.0015625,1280.0
Henslow's Sparrow,7,2,Jul_W2,0.0,1137.0
Henslow's Sparrow,7,3,Jul_W3,0.0,1132.0
Henslow's Sparrow,7,4,Jul_W4,0.0,1448.0
Henslow's Sparrow,8,1,Aug_W1,0.0,1001.0
Henslow's Sparrow,8,2,Aug_W2,0.0,804.0
Henslow's Sparrow,8,3,Aug_W3,0.0,836.0
Henslow's Sparrow,8,4,Aug_W4,0.0,1035.0
Henslow's Sparrow,9,1,Sep_W1,0.0,634.0
Henslow's Sparrow,9,2,Sep_W2,0.0,819.0
Henslow's Sparrow,9,3,Sep_W3,0.0,657.0
Henslow's Sparrow,9,4,Sep_W4,0.0,766.0
Henslow's Sparrow,10,1,Oct_W1,0.0,505.0
Henslow's Sparrow,10,2,Oct_W2,0.0,568.0
Henslow's Sparrow,10,3,Oct_W3,0.0,523.0
Henslow's Sparrow,10,4,Oct_W4,0.0,632.0
Henslow's Sparrow,11,1,Nov_W1,0.0,369.0
Henslow's Sparrow,11,2,Nov_W2,0.0,337.0
Henslow's Sparrow,11,3,Nov_W3,0.0,346.0
Henslow's Sparrow,11,4,Nov_W4,0.0,492.0
Henslow's Sparrow,12,1,Dec_W1,0.0,303.0
Henslow's Sparrow,12,2,Dec_W2,0.0,335.0
Henslow's Sparrow,12,3,Dec_W3,0.0,681.0
Henslow's Sparrow,12,4,Dec_W4,0.0,600.0
Song Sparrow,1,1,Jan_W1,0.0012151,823.0
Song Sparrow,1,2,Jan_W2,0.0015,535.0
Song Sparrow,1,3,Jan_W3,0.0042373,472.0
Song Sparrow,1,4,Jan_W4,0.0015528,644.0
Song Sparrow,2,1,Feb_W1,0.0020408,490.0
Song Sparrow,2,2,Feb_W2,0.0016978,589.0
Song Sparrow,2,3,Feb_W3,0.0012706,787.0
Song Sparrow,2,4,Feb_W4,0.0,427.0
Song Sparrow,3,1,Mar_W1,0.0071685,558.0
Song Sparrow,3,2,Mar_W2,0.0385208,649.0
Song Sparrow,3,3,Mar_W3,0.1309859,710.0
Song Sparrow,3,4,Mar_W4,0.2126126,1110.0
Song Sparrow,4,1,Apr_W1,0.4115684,899.0
Song Sparrow,4,2,Apr_W2,0.5089286,1344.0
Song Sparrow,4,3,Apr_W3,0.4714976,1035.0
Song Sparrow,4,4,Apr_W4,0.4752252,1332.0
Song Sparrow,5,1,May_W1,0.4497272,1283.0
Song Sparrow,5,2,May_W2,0.4876783,1542.0
Song Sparrow,5,3,May_W3,0.4996669,1501.0
Song Sparrow,5,4,May_W4,0.522787,2282.0
Song Sparrow,6,1,Jun_W1,0.5254461,1513.0
Song Sparrow,6,2,Jun_W2,0.5371429,1400.0
Song Sparrow,6,3,Jun_W3,0.496326,1497.0
Song Sparrow,6,4,Jun_W4,0.5432483,1607.0
Song Sparrow,7,1,Jul_W1,0.5265625,1280.0
Song Sparrow,7,2,Jul_W2,0.4995602,1137.0
Song Sparrow,7,3,Jul_W3,0.5088339,1132.0
Song Sparrow,7,4,Jul_W4,0.4440608,1448.0
Song Sparrow,8,1,Aug_W1,0.3586414,1001.0
Song Sparrow,8,2,Aug_W2,0.2773632,804.0
Song Sparrow,8,3,Aug_W3,0.2129187,836.0
Song Sparrow,8,4,Aug_W4,0.2038647,1035.0
Song Sparrow,9,1,Sep_W1,0.2113565,634.0
Song Sparrow,9,2,Sep_W2,0.1807082,819.0
Song Sparrow,9,3,Sep_W3,0.194825,657.0
Song Sparrow,9,4,Sep_W4,0.2519582,766.0
Song Sparrow,10,1,Oct_W1,0.2514851,505.0
Song Sparrow,10,2,Oct_W2,0.1778169,568.0
Song Sparrow,10,3,Oct_W3,0.124283,523.0
Song Sparrow,10,4,Oct_W4,0.039557,632.0
Song Sparrow,11,1,Nov_W1,0.0135501,369.0
Song Sparrow,11,2,Nov_W2,0.0,337.0
Song Sparrow,11,3,Nov_W3,0.0015,346.0
Song Sparrow,11,4,Nov_W4,0.0,492.0
Song Sparrow,12,1,Dec_W1,0.0,303.0
Song Sparrow,12,2,Dec_W2,0.0,335.0
Song Sparrow,12,3,Dec_W3,0.0044053,681.0
Song Sparrow,12,4,Dec_W4,0.0,600.0
Lincoln's Sparrow,1,1,Jan_W1,0.0,823.0
Lincoln's Sparrow,1,2,Jan_W2,0.0,535.0
Lincoln's Sparrow,1,3,Jan_W3,0.0,472.0
Lincoln's Sparrow,1,4,Jan_W4,0.0,644.0
Lincoln's Sparrow,2,1,Feb_W1,0.0,490.0
Lincoln's Sparrow,2,2,Feb_W2,0.0,589.0
Lincoln's Sparrow,2,3,Feb_W3,0.0,787.0
Lincoln's Sparrow,2,4,Feb_W4,0.0,427.0
Lincoln's Sparrow,3,1,Mar_W1,0.0,558.0
Lincoln's Sparrow,3,2,Mar_W2,0.0,649.0
Lincoln's Sparrow,3,3,Mar_W3,0.0,710.0
Lincoln's Sparrow,3,4,Mar_W4,0.0,1110.0
Lincoln's Sparrow,4,1,Apr_W1,0.0,899.0
Lincoln's Sparrow,4,2,Apr_W2,0.0,1344.0
Lincoln's Sparrow,4,3,Apr_W3,0.0,1035.0
Lincoln's Sparrow,4,4,Apr_W4,0.0045045,1332.0
Lincoln's Sparrow,5,1,May_W1,0.0077942,1283.0
Lincoln's Sparrow,5,2,May_W2,0.0246433,1542.0
Lincoln's Sparrow,5,3,May_W3,0.017988,1501.0
Lincoln's Sparrow,5,4,May_W4,0.0039439,2282.0
Lincoln's Sparrow,6,1,Jun_W1,0.0,1513.0
Lincoln's Sparrow,6,2,Jun_W2,0.0015,1400.0
Lincoln's Sparrow,6,3,Jun_W3,0.0,1497.0
Lincoln's Sparrow,6,4,Jun_W4,0.0,1607.0
Lincoln's Sparrow,7,1,Jul_W1,0.0,1280.0
Lincoln's Sparrow,7,2,Jul_W2,0.0,1137.0
Lincoln's Sparrow,7,3,Jul_W3,0.0008834,1132.0
Lincoln's Sparrow,7,4,Jul_W4,0.0,1448.0
Lincoln's Sparrow,8,1,Aug_W1,0.0,1001.0
Lincoln's Sparrow,8,2,Aug_W2,0.0,804.0
Lincoln's Sparrow,8,3,Aug_W3,0.0,836.0
Lincoln's Sparrow,8,4,Aug_W4,0.0019324,1035.0
Lincoln's Sparrow,9,1,Sep_W1,0.0078864,634.0
Lincoln's Sparrow,9,2,Sep_W2,0.021978,819.0
Lincoln's Sparrow,9,3,Sep_W3,0.0228311,657.0
Lincoln's Sparrow,9,4,Sep_W4,0.0430809,766.0
Lincoln's Sparrow,10,1,Oct_W1,0.0277228,505.0
Lincoln's Sparrow,10,2,Oct_W2,0.0088028,568.0
Lincoln's Sparrow,10,3,Oct_W3,0.0133843,523.0
Lincoln's Sparrow,10,4,Oct_W4,0.0,632.0
Lincoln's Sparrow,11,1,Nov_W1,0.0,369.0
Lincoln's Sparrow,11,2,Nov_W2,0.0,337.0
Lincoln's Sparrow,11,3,Nov_W3,0.0,346.0
Lincoln's Sparrow,11,4,Nov_W4,0.0,492.0
Lincoln's Sparrow,12,1,Dec_W1,0.0,303.0
Lincoln's Sparrow,12,2,Dec_W2,0.0,335.0
Lincoln's Sparrow,12,3,Dec_W3,0.0,681.0
Lincoln's Sparrow,12,4,Dec_W4,0.0,600.0
Swamp Sparrow,1,1,Jan_W1,0.0,823.0
Swamp Sparrow,1,2,Jan_W2,0.0,535.0
Swamp Sparrow,1,3,Jan_W3,0.0,472.0
Swamp Sparrow,1,4,Jan_W4,0.0,644.0
Swamp Sparrow,2,1,Feb_W1,0.0,490.0
Swamp Sparrow,2,2,Feb_W2,0.0,589.0
Swamp Sparrow,2,3,Feb_W3,0.0,787.0
Swamp Sparrow,2,4,Feb_W4,0.0,427.0
Swamp Sparrow,3,1,Mar_W1,0.0,558.0
Swamp Sparrow,3,2,Mar_W2,0.0,649.0
Swamp Sparrow,3,3,Mar_W3,0.0014085,710.0
Swamp Sparrow,3,4,Mar_W4,0.0,1110.0
Swamp Sparrow,4,1,Apr_W1,0.0044494,899.0
Swamp Sparrow,4,2,Apr_W2,0.0245536,1344.0
Swamp Sparrow,4,3,Apr_W3,0.0415459,1035.0
Swamp Sparrow,4,4,Apr_W4,0.0960961,1332.0
Swamp Sparrow,5,1,May_W1,0.1348402,1283.0
Swamp Sparrow,5,2,May_W2,0.1031128,1542.0
Swamp Sparrow,5,3,May_W3,0.0912725,1501.0
Swamp Sparrow,5,4,May_W4,0.0841367,2282.0
Swamp Sparrow,6,1,Jun_W1,0.053536,1513.0
Swamp Sparrow,6,2,Jun_W2,0.0557143,1400.0
Swamp Sparrow,6,3,Jun_W3,0.0487642,1497.0
Swamp Sparrow,6,4,Jun_W4,0.0609832,1607.0
Swamp Sparrow,7,1,Jul_W1,0.0601563,1280.0
Swamp Sparrow,7,2,Jul_W2,0.0448549,1137.0
Swamp Sparrow,7,3,Jul_W3,0.0556537,1132.0
Swamp Sparrow,7,4,Jul_W4,0.0504144,1448.0
Swamp Sparrow,8,1,Aug_W1,0.04995,1001.0
Swamp Sparrow,8,2,Aug_W2,0.0348259,804.0
Swamp Sparrow,8,3,Aug_W3,0.0119617,836.0
Swamp Sparrow,8,4,Aug_W4,0.0241546,1035.0
Swamp Sparrow,9,1,Sep_W1,0.033123,634.0
Swamp Sparrow,9,2,Sep_W2,0.043956,819.0
Swamp Sparrow,9,3,Sep_W3,0.0365297,657.0
Swamp Sparrow,9,4,Sep_W4,0.0652742,766.0
Swamp Sparrow,10,1,Oct_W1,0.0693069,505.0
Swamp Sparrow,10,2,Oct_W2,0.0352113,568.0
Swamp Sparrow,10,3,Oct_W3,0.0191205,523.0
Swamp Sparrow,10,4,Oct_W4,0.0031646,632.0
Swamp Sparrow,11,1,Nov_W1,0.00271,369.0
Swamp Sparrow,11,2,Nov_W2,0.0,337.0
Swamp Sparrow,11,3,Nov_W3,0.0,346.0
Swamp Sparrow,11,4,Nov_W4,0.0,492.0
Swamp Sparrow,12,1,Dec_W1,0.0,303.0
Swamp Sparrow,12,2,Dec_W2,0.0,335.0
Swamp Sparrow,12,3,Dec_W3,0.0,681.0
Swamp Sparrow,12,4,Dec_W4,0.0,600.0
Eastern Towhee,1,1,Jan_W1,0.0,823.0
Eastern Towhee,1,2,Jan_W2,0.0,535.0
Eastern Towhee,1,3,Jan_W3,0.0,472.0
Eastern Towhee,1,4,Jan_W4,0.0,644.0
Eastern Towhee,2,1,Feb_W1,0.0,490.0
Eastern Towhee,2,2,Feb_W2,0.0,589.0
Eastern Towhee,2,3,Feb_W3,0.0,787.0
Eastern Towhee,2,4,Feb_W4,0.0,427.0
Eastern Towhee,3,1,Mar_W1,0.0,558.0
Eastern Towhee,3,2,Mar_W2,0.0,649.0
Eastern Towhee,3,3,Mar_W3,0.0,710.0
Eastern Towhee,3,4,Mar_W4,0.0,1110.0
Eastern Towhee,4,1,Apr_W1,0.0077864,899.0
Eastern Towhee,4,2,Apr_W2,0.0104167,1344.0
Eastern Towhee,4,3,Apr_W3,0.0270531,1035.0
Eastern Towhee,4,4,Apr_W4,0.0743243,1332.0
Eastern Towhee,5,1,May_W1,0.0904131,1283.0
Eastern Towhee,5,2,May_W2,0.1031128,1542.0
Eastern Towhee,5,3,May_W3,0.1225849,1501.0
Eastern Towhee,5,4,May_W4,0.1235758,2282.0
Eastern Towhee,6,1,Jun_W1,0.0832783,1513.0
Eastern Towhee,6,2,Jun_W2,0.0957143,1400.0
Eastern Towhee,6,3,Jun_W3,0.0828323,1497.0
Eastern Towhee,6,4,Jun_W4,0.0889857,1607.0
Eastern Towhee,7,1,Jul_W1,0.1078125,1280.0
Eastern Towhee,7,2,Jul_W2,0.1055409,1137.0
Eastern Towhee,7,3,Jul_W3,0.0812721,1132.0
Eastern Towhee,7,4,Jul_W4,0.0711326,1448.0
Eastern Towhee,8,1,Aug_W1,0.041958,1001.0
Eastern Towhee,8,2,Aug_W2,0.0497512,804.0
Eastern Towhee,8,3,Aug_W3,0.0227273,836.0
Eastern Towhee,8,4,Aug_W4,0.0289855,1035.0
Eastern Towhee,9,1,Sep_W1,0.0252366,634.0
Eastern Towhee,9,2,Sep_W2,0.019536,819.0
Eastern Towhee,9,3,Sep_W3,0.0289193,657.0
Eastern Towhee,9,4,Sep_W4,0.0313316,766.0
Eastern Towhee,10,1,Oct_W1,0.0316832,505.0
Eastern Towhee,10,2,Oct_W2,0.0105634,568.0
Eastern Towhee,10,3,Oct_W3,0.0057361,523.0
Eastern Towhee,10,4,Oct_W4,0.0,632.0
Eastern Towhee,11,1,Nov_W1,0.0,369.0
Eastern Towhee,11,2,Nov_W2,0.0,337.0
Eastern Towhee,11,3,Nov_W3,0.0,346.0
Eastern Towhee,11,4,Nov_W4,0.0,492.0
Eastern Towhee,12,1,Dec_W1,0.0,303.0
Eastern Towhee,12,2,Dec_W2,0.0,335.0
Eastern Towhee,12,3,Dec_W3,0.0,681.0
Eastern Towhee,12,4,Dec_W4,0.0,600.0
Yellow-headed Blackbird,1,1,Jan_W1,0.0,823.0
Yellow-headed Blackbird,1,2,Jan_W2,0.0,535.0
Yellow-headed Blackbird,1,3,Jan_W3,0.0,472.0
Yellow-headed Blackbird,1,4,Jan_W4,0.0,644.0
Yellow-headed Blackbird,2,1,Feb_W1,0.0,490.0
Yellow-headed Blackbird,2,2,Feb_W2,0.0,589.0
Yellow-headed Blackbird,2,3,Feb_W3,0.0,787.0
Yellow-headed Blackbird,2,4,Feb_W4,0.0,427.0
Yellow-headed Blackbird,3,1,Mar_W1,0.0,558.0
Yellow-headed Blackbird,3,2,Mar_W2,0.0,649.0
Yellow-headed Blackbird,3,3,Mar_W3,0.0,710.0
Yellow-headed Blackbird,3,4,Mar_W4,0.0,1110.0
Yellow-headed Blackbird,4,1,Apr_W1,0.0,899.0
Yellow-headed Blackbird,4,2,Apr_W2,0.0,1344.0
Yellow-headed Blackbird,4,3,Apr_W3,0.0,1035.0
Yellow-headed Blackbird,4,4,Apr_W4,0.0015,1332.0
Yellow-headed Blackbird,5,1,May_W1,0.0,1283.0
Yellow-headed Blackbird,5,2,May_W2,0.0,1542.0
Yellow-headed Blackbird,5,3,May_W3,0.0,1501.0
Yellow-headed Blackbird,5,4,May_W4,0.0004382,2282.0
Yellow-headed Blackbird,6,1,Jun_W1,0.0006609,1513.0
Yellow-headed Blackbird,6,2,Jun_W2,0.0,1400.0
Yellow-headed Blackbird,6,3,Jun_W3,0.0,1497.0
Yellow-headed Blackbird,6,4,Jun_W4,0.0,1607.0
Yellow-headed Blackbird,7,1,Jul_W1,0.0,1280.0
Yellow-headed Blackbird,7,2,Jul_W2,0.0,1137.0
Yellow-headed Blackbird,7,3,Jul_W3,0.0008834,1132.0
Yellow-headed Blackbird,7,4,Jul_W4,0.0,1448.0
Yellow-headed Blackbird,8,1,Aug_W1,0.0,1001.0
Yellow-headed Blackbird,8,2,Aug_W2,0.0,804.0
Yellow-headed Blackbird,8,3,Aug_W3,0.0,836.0
Yellow-headed Blackbird,8,4,Aug_W4,0.0,1035.0
Yellow-headed Blackbird,9,1,Sep_W1,0.0,634.0
Yellow-headed Blackbird,9,2,Sep_W2,0.0,819.0
Yellow-headed Blackbird,9,3,Sep_W3,0.0,657.0
Yellow-headed Blackbird,9,4,Sep_W4,0.0,766.0
Yellow-headed Blackbird,10,1,Oct_W1,0.0,505.0
Yellow-headed Blackbird,10,2,Oct_W2,0.0,568.0
Yellow-headed Blackbird,10,3,Oct_W3,0.0,523.0
Yellow-headed Blackbird,10,4,Oct_W4,0.0,632.0
Yellow-headed Blackbird,11,1,Nov_W1,0.0,369.0
Yellow-headed Blackbird,11,2,Nov_W2,0.0,337.0
Yellow-headed Blackbird,11,3,Nov_W3,0.0,346.0
Yellow-headed Blackbird,11,4,Nov_W4,0.0,492.0
Yellow-headed Blackbird,12,1,Dec_W1,0.0,303.0
Yellow-headed Blackbird,12,2,Dec_W2,0.0,335.0
Yellow-headed Blackbird,12,3,Dec_W3,0.0,681.0
Yellow-headed Blackbird,12,4,Dec_W4,0.0,600.0
Bobolink,1,1,Jan_W1,0.0,823.0
Bobolink,1,2,Jan_W2,0.0,535.0
Bobolink,1,3,Jan_W3,0.0,472.0
Bobolink,1,4,Jan_W4,0.0,644.0
Bobolink,2,1,Feb_W1,0.0,490.0
Bobolink,2,2,Feb_W2,0.0,589.0
Bobolink,2,3,Feb_W3,0.0,787.0
Bobolink,2,4,Feb_W4,0.0,427.0
Bobolink,3,1,Mar_W1,0.0,558.0
Bobolink,3,2,Mar_W2,0.0,649.0
Bobolink,3,3,Mar_W3,0.0,710.0
Bobolink,3,4,Mar_W4,0.0,1110.0
Bobolink,4,1,Apr_W1,0.0,899.0
Bobolink,4,2,Apr_W2,0.0,1344.0
Bobolink,4,3,Apr_W3,0.0,1035.0
Bobolink,4,4,Apr_W4,0.0,1332.0
Bobolink,5,1,May_W1,0.0023383,1283.0
Bobolink,5,2,May_W2,0.0181582,1542.0
Bobolink,5,3,May_W3,0.035976,1501.0
Bobolink,5,4,May_W4,0.0407537,2282.0
Bobolink,6,1,Jun_W1,0.0693985,1513.0
Bobolink,6,2,Jun_W2,0.0707143,1400.0
Bobolink,6,3,Jun_W3,0.0561122,1497.0
Bobolink,6,4,Jun_W4,0.022402,1607.0
Bobolink,7,1,Jul_W1,0.01875,1280.0
Bobolink,7,2,Jul_W2,0.0131926,1137.0
Bobolink,7,3,Jul_W3,0.004417,1132.0
Bobolink,7,4,Jul_W4,0.003453,1448.0
Bobolink,8,1,Aug_W1,0.000999,1001.0
Bobolink,8,2,Aug_W2,0.0024876,804.0
Bobolink,8,3,Aug_W3,0.0011962,836.0
Bobolink,8,4,Aug_W4,0.0019324,1035.0
Bobolink,9,1,Sep_W1,0.0015773,634.0
Bobolink,9,2,Sep_W2,0.0,819.0
Bobolink,9,3,Sep_W3,0.0,657.0
Bobolink,9,4,Sep_W4,0.0,766.0
Bobolink,10,1,Oct_W1,0.0,505.0
Bobolink,10,2,Oct_W2,0.0,568.0
Bobolink,10,3,Oct_W3,0.0,523.0
Bobolink,10,4,Oct_W4,0.0,632.0
Bobolink,11,1,Nov_W1,0.0,369.0
Bobolink,11,2,Nov_W2,0.0,337.0
Bobolink,11,3,Nov_W3,0.0,346.0
Bobolink,11,4,Nov_W4,0.0,492.0
Bobolink,12,1,Dec_W1,0.0,303.0
Bobolink,12,2,Dec_W2,0.0,335.0
Bobolink,12,3,Dec_W3,0.0,681.0
Bobolink,12,4,Dec_W4,0.0,600.0
Western Meadowlark,1,1,Jan_W1,0.0,823.0
Western Meadowlark,1,2,Jan_W2,0.0,535.0
Western Meadowlark,1,3,Jan_W3,0.0,472.0
Western Meadowlark,1,4,Jan_W4,0.0,644.0
Western Meadowlark,2,1,Feb_W1,0.0,490.0
Western Meadowlark,2,2,Feb_W2,0.0,589.0
Western Meadowlark,2,3,Feb_W3,0.0,787.0
Western Meadowlark,2,4,Feb_W4,0.0,427.0
Western Meadowlark,3,1,Mar_W1,0.0,558.0
Western Meadowlark,3,2,Mar_W2,0.0,649.0
Western Meadowlark,3,3,Mar_W3,0.0,710.0
Western Meadowlark,3,4,Mar_W4,0.0,1110.0
Western Meadowlark,4,1,Apr_W1,0.0,899.0
Western Meadowlark,4,2,Apr_W2,0.0,1344.0
Western Meadowlark,4,3,Apr_W3,0.0019324,1035.0
Western Meadowlark,4,4,Apr_W4,0.0007508,1332.0
Western Meadowlark,5,1,May_W1,0.0031177,1283.0
Western Meadowlark,5,2,May_W2,0.0006485,1542.0
Western Meadowlark,5,3,May_W3,0.0019987,1501.0
Western Meadowlark,5,4,May_W4,0.0030675,2282.0
Western Meadowlark,6,1,Jun_W1,0.0059484,1513.0
Western Meadowlark,6,2,Jun_W2,0.005,1400.0
Western Meadowlark,6,3,Jun_W3,0.004676,1497.0
Western Meadowlark,6,4,Jun_W4,0.0018668,1607.0
Western Meadowlark,7,1,Jul_W1,0.0023437,1280.0
Western Meadowlark,7,2,Jul_W2,0.0,1137.0
Western Meadowlark,7,3,Jul_W3,0.0,1132.0
Western Meadowlark,7,4,Jul_W4,0.0,1448.0
Western Meadowlark,8,1,Aug_W1,0.0,1001.0
Western Meadowlark,8,2,Aug_W2,0.0,804.0
Western Meadowlark,8,3,Aug_W3,0.0,836.0
Western Meadowlark,8,4,Aug_W4,0.0009662,1035.0
Western Meadowlark,9,1,Sep_W1,0.0,634.0
Western Meadowlark,9,2,Sep_W2,0.0,819.0
Western Meadowlark,9,3,Sep_W3,0.0,657.0
Western Meadowlark,9,4,Sep_W4,0.0,766.0
Western Meadowlark,10,1,Oct_W1,0.0,505.0
Western Meadowlark,10,2,Oct_W2,0.0,568.0
Western Meadowlark,10,3,Oct_W3,0.0,523.0
Western Meadowlark,10,4,Oct_W4,0.0,632.0
Western Meadowlark,11,1,Nov_W1,0.0,369.0
Western Meadowlark,11,2,Nov_W2,0.0,337.0
Western Meadowlark,11,3,Nov_W3,0.0,346.0
Western Meadowlark,11,4,Nov_W4,0.0,492.0
Western Meadowlark,12,1,Dec_W1,0.0,303.0
Western Meadowlark,12,2,Dec_W2,0.0,335.0
Western Meadowlark,12,3,Dec_W3,0.0,681.0
Western Meadowlark,12,4,Dec_W4,0.0,600.0
Eastern Meadowlark,1,1,Jan_W1,0.0,823.0
Eastern Meadowlark,1,2,Jan_W2,0.0,535.0
Eastern Meadowlark,1,3,Jan_W3,0.0,472.0
Eastern Meadowlark,1,4,Jan_W4,0.0,644.0
Eastern Meadowlark,2,1,Feb_W1,0.0,490.0
Eastern Meadowlark,2,2,Feb_W2,0.0,589.0
Eastern Meadowlark,2,3,Feb_W3,0.0,787.0
Eastern Meadowlark,2,4,Feb_W4,0.0,427.0
Eastern Meadowlark,3,1,Mar_W1,0.0071685,558.0
Eastern Meadowlark,3,2,Mar_W2,0.027735,649.0
Eastern Meadowlark,3,3,Mar_W3,0.0901408,710.0
Eastern Meadowlark,3,4,Mar_W4,0.0900901,1110.0
Eastern Meadowlark,4,1,Apr_W1,0.1690768,899.0
Eastern Meadowlark,4,2,Apr_W2,0.1830357,1344.0
Eastern Meadowlark,4,3,Apr_W3,0.1855072,1035.0
Eastern Meadowlark,4,4,Apr_W4,0.1861862,1332.0
Eastern Meadowlark,5,1,May_W1,0.1808262,1283.0
Eastern Meadowlark,5,2,May_W2,0.150454,1542.0
Eastern Meadowlark,5,3,May_W3,0.1459027,1501.0
Eastern Meadowlark,5,4,May_W4,0.1419807,2282.0
Eastern Meadowlark,6,1,Jun_W1,0.1546596,1513.0
Eastern Meadowlark,6,2,Jun_W2,0.1607143,1400.0
Eastern Meadowlark,6,3,Jun_W3,0.1362725,1497.0
Eastern Meadowlark,6,4,Jun_W4,0.1057872,1607.0
Eastern Meadowlark,7,1,Jul_W1,0.1117188,1280.0
Eastern Meadowlark,7,2,Jul_W2,0.0765172,1137.0
Eastern Meadowlark,7,3,Jul_W3,0.0565371,1132.0
Eastern Meadowlark,7,4,Jul_W4,0.0455801,1448.0
Eastern Meadowlark,8,1,Aug_W1,0.025974,1001.0
Eastern Meadowlark,8,2,Aug_W2,0.0199005,804.0
Eastern Meadowlark,8,3,Aug_W3,0.0191388,836.0
Eastern Meadowlark,8,4,Aug_W4,0.0183575,1035.0
Eastern Meadowlark,9,1,Sep_W1,0.0173502,634.0
Eastern Meadowlark,9,2,Sep_W2,0.007326,819.0
Eastern Meadowlark,9,3,Sep_W3,0.0410959,657.0
Eastern Meadowlark,9,4,Sep_W4,0.04047,766.0
Eastern Meadowlark,10,1,Oct_W1,0.0237624,505.0
Eastern Meadowlark,10,2,Oct_W2,0.0052817,568.0
Eastern Meadowlark,10,3,Oct_W3,0.001912,523.0
Eastern Meadowlark,10,4,Oct_W4,0.0015823,632.0
Eastern Meadowlark,11,1,Nov_W1,0.0,369.0
Eastern Meadowlark,11,2,Nov_W2,0.0,337.0
Eastern Meadowlark,11,3,Nov_W3,0.0,346.0
Eastern Meadowlark,11,4,Nov_W4,0.0,492.0
Eastern Meadowlark,12,1,Dec_W1,0.0,303.0
Eastern Meadowlark,12,2,Dec_W2,0.0,335.0
Eastern Meadowlark,12,3,Dec_W3,0.0,681.0
Eastern Meadowlark,12,4,Dec_W4,0.0,600.0
Orchard Oriole,1,1,Jan_W1,0.0,823.0
Orchard Oriole,1,2,Jan_W2,0.0,535.0
Orchard Oriole,1,3,Jan_W3,0.0,472.0
Orchard Oriole,1,4,Jan_W4,0.0,644.0
Orchard Oriole,2,1,Feb_W1,0.0,490.0
Orchard Oriole,2,2,Feb_W2,0.0,589.0
Orchard Oriole,2,3,Feb_W3,0.0,787.0
Orchard Oriole,2,4,Feb_W4,0.0,427.0
Orchard Oriole,3,1,Mar_W1,0.0,558.0
Orchard Oriole,3,2,Mar_W2,0.0,649.0
Orchard Oriole,3,3,Mar_W3,0.0,710.0
Orchard Oriole,3,4,Mar_W4,0.0,1110.0
Orchard Oriole,4,1,Apr_W1,0.0,899.0
Orchard Oriole,4,2,Apr_W2,0.0,1344.0
Orchard Oriole,4,3,Apr_W3,0.0,1035.0
Orchard Oriole,4,4,Apr_W4,0.0007508,1332.0
Orchard Oriole,5,1,May_W1,0.0,1283.0
Orchard Oriole,5,2,May_W2,0.001297,1542.0
Orchard Oriole,5,3,May_W3,0.0013324,1501.0
Orchard Oriole,5,4,May_W4,0.0013146,2282.0
Orchard Oriole,6,1,Jun_W1,0.0013219,1513.0
Orchard Oriole,6,2,Jun_W2,0.0042857,1400.0
Orchard Oriole,6,3,Jun_W3,0.004676,1497.0
Orchard Oriole,6,4,Jun_W4,0.0012446,1607.0
Orchard Oriole,7,1,Jul_W1,0.0015625,1280.0
Orchard Oriole,7,2,Jul_W2,0.003518,1137.0
Orchard Oriole,7,3,Jul_W3,0.0,1132.0
Orchard Oriole,7,4,Jul_W4,0.0013812,1448.0
Orchard Oriole,8,1,Aug_W1,0.0,1001.0
Orchard Oriole,8,2,Aug_W2,0.0,804.0
Orchard Oriole,8,3,Aug_W3,0.0,836.0
Orchard Oriole,8,4,Aug_W4,0.0,1035.0
Orchard Oriole,9,1,Sep_W1,0.0,634.0
Orchard Oriole,9,2,Sep_W2,0.0,819.0
Orchard Oriole,9,3,Sep_W3,0.0,657.0
Orchard Oriole,9,4,Sep_W4,0.0,766.0
Orchard Oriole,10,1,Oct_W1,0.0,505.0
Orchard Oriole,10,2,Oct_W2,0.0,568.0
Orchard Oriole,10,3,Oct_W3,0.0,523.0
Orchard Oriole,10,4,Oct_W4,0.0,632.0
Orchard Oriole,11,1,Nov_W1,0.0,369.0
Orchard Oriole,11,2,Nov_W2,0.0,337.0
Orchard Oriole,11,3,Nov_W3,0.0,346.0
Orchard Oriole,11,4,Nov_W4,0.0,492.0
Orchard Oriole,12,1,Dec_W1,0.0,303.0
Orchard Oriole,12,2,Dec_W2,0.0,335.0
Orchard Oriole,12,3,Dec_W3,0.0,681.0
Orchard Oriole,12,4,Dec_W4,0.0,600.0
Baltimore Oriole,1,1,Jan_W1,0.0,823.0
Baltimore Oriole,1,2,Jan_W2,0.0,535.0
Baltimore Oriole,1,3,Jan_W3,0.0,472.0
Baltimore Oriole,1,4,Jan_W4,0.0,644.0
Baltimore Oriole,2,1,Feb_W1,0.0,490.0
Baltimore Oriole,2,2,Feb_W2,0.0,589.0
Baltimore Oriole,2,3,Feb_W3,0.0,787.0
Baltimore Oriole,2,4,Feb_W4,0.0,427.0
Baltimore Oriole,3,1,Mar_W1,0.0,558.0
Baltimore Oriole,3,2,Mar_W2,0.0,649.0
Baltimore Oriole,3,3,Mar_W3,0.0,710.0
Baltimore Oriole,3,4,Mar_W4,0.0,1110.0
Baltimore Oriole,4,1,Apr_W1,0.0,899.0
Baltimore Oriole,4,2,Apr_W2,0.0,1344.0
Baltimore Oriole,4,3,Apr_W3,0.0,1035.0
Baltimore Oriole,4,4,Apr_W4,0.003003,1332.0
Baltimore Oriole,5,1,May_W1,0.0358535,1283.0
Baltimore Oriole,5,2,May_W2,0.2243839,1542.0
Baltimore Oriole,5,3,May_W3,0.3217855,1501.0
Baltimore Oriole,5,4,May_W4,0.2716915,2282.0
Baltimore Oriole,6,1,Jun_W1,0.1758096,1513.0
Baltimore Oriole,6,2,Jun_W2,0.1571429,1400.0
Baltimore Oriole,6,3,Jun_W3,0.1309285,1497.0
Baltimore Oriole,6,4,Jun_W4,0.0864966,1607.0
Baltimore Oriole,7,1,Jul_W1,0.04375,1280.0
Baltimore Oriole,7,2,Jul_W2,0.0334213,1137.0
Baltimore Oriole,7,3,Jul_W3,0.045053,1132.0
Baltimore Oriole,7,4,Jul_W4,0.0338398,1448.0
Baltimore Oriole,8,1,Aug_W1,0.044955,1001.0
Baltimore Oriole,8,2,Aug_W2,0.0373134,804.0
Baltimore Oriole,8,3,Aug_W3,0.0645933,836.0
Baltimore Oriole,8,4,Aug_W4,0.0376812,1035.0
Baltimore Oriole,9,1,Sep_W1,0.0141956,634.0
Baltimore Oriole,9,2,Sep_W2,0.0,819.0
Baltimore Oriole,9,3,Sep_W3,0.0030441,657.0
Baltimore Oriole,9,4,Sep_W4,0.0,766.0
Baltimore Oriole,10,1,Oct_W1,0.0,505.0
Baltimore Oriole,10,2,Oct_W2,0.0,568.0
Baltimore Oriole,10,3,Oct_W3,0.0,523.0
Baltimore Oriole,10,4,Oct_W4,0.0,632.0
Baltimore Oriole,11,1,Nov_W1,0.0,369.0
Baltimore Oriole,11,2,Nov_W2,0.0,337.0
Baltimore Oriole,11,3,Nov_W3,0.0,346.0
Baltimore Oriole,11,4,Nov_W4,0.0,492.0
Baltimore Oriole,12,1,Dec_W1,0.0,303.0
Baltimore Oriole,12,2,Dec_W2,0.0,335.0
Baltimore Oriole,12,3,Dec_W3,0.0,681.0
Baltimore Oriole,12,4,Dec_W4,0.0,600.0
Red-winged Blackbird,1,1,Jan_W1,0.0012151,823.0
Red-winged Blackbird,1,2,Jan_W2,0.0015,535.0
Red-winged Blackbird,1,3,Jan_W3,0.0,472.0
Red-winged Blackbird,1,4,Jan_W4,0.0,644.0
Red-winged Blackbird,2,1,Feb_W1,0.0015,490.0
Red-winged Blackbird,2,2,Feb_W2,0.0016978,589.0
Red-winged Blackbird,2,3,Feb_W3,0.0038119,787.0
Red-winged Blackbird,2,4,Feb_W4,0.0163934,427.0
Red-winged Blackbird,3,1,Mar_W1,0.1344086,558.0
Red-winged Blackbird,3,2,Mar_W2,0.2496148,649.0
Red-winged Blackbird,3,3,Mar_W3,0.371831,710.0
Red-winged Blackbird,3,4,Mar_W4,0.4288288,1110.0
Red-winged Blackbird,4,1,Apr_W1,0.516129,899.0
Red-winged Blackbird,4,2,Apr_W2,0.5111607,1344.0
Red-winged Blackbird,4,3,Apr_W3,0.531401,1035.0
Red-winged Blackbird,4,4,Apr_W4,0.5788288,1332.0
Red-winged Blackbird,5,1,May_W1,0.5752143,1283.0
Red-winged Blackbird,5,2,May_W2,0.5648508,1542.0
Red-winged Blackbird,5,3,May_W3,0.5349767,1501.0
Red-winged Blackbird,5,4,May_W4,0.5403155,2282.0
Red-winged Blackbird,6,1,Jun_W1,0.5168539,1513.0
Red-winged Blackbird,6,2,Jun_W2,0.4657143,1400.0
Red-winged Blackbird,6,3,Jun_W3,0.4362057,1497.0
Red-winged Blackbird,6,4,Jun_W4,0.4343497,1607.0
Red-winged Blackbird,7,1,Jul_W1,0.4007812,1280.0
Red-winged Blackbird,7,2,Jul_W2,0.348285,1137.0
Red-winged Blackbird,7,3,Jul_W3,0.3330389,1132.0
Red-winged Blackbird,7,4,Jul_W4,0.269337,1448.0
Red-winged Blackbird,8,1,Aug_W1,0.2077922,1001.0
Red-winged Blackbird,8,2,Aug_W2,0.119403,804.0
Red-winged Blackbird,8,3,Aug_W3,0.0837321,836.0
Red-winged Blackbird,8,4,Aug_W4,0.0695652,1035.0
Red-winged Blackbird,9,1,Sep_W1,0.0410095,634.0
Red-winged Blackbird,9,2,Sep_W2,0.0537241,819.0
Red-winged Blackbird,9,3,Sep_W3,0.0517504,657.0
Red-winged Blackbird,9,4,Sep_W4,0.0665796,766.0
Red-winged Blackbird,10,1,Oct_W1,0.0792079,505.0
Red-winged Blackbird,10,2,Oct_W2,0.0792254,568.0
Red-winged Blackbird,10,3,Oct_W3,0.1128107,523.0
Red-winged Blackbird,10,4,Oct_W4,0.0522152,632.0
Red-winged Blackbird,11,1,Nov_W1,0.0189702,369.0
Red-winged Blackbird,11,2,Nov_W2,0.0029674,337.0
Red-winged Blackbird,11,3,Nov_W3,0.0,346.0
Red-winged Blackbird,11,4,Nov_W4,0.004065,492.0
Red-winged Blackbird,12,1,Dec_W1,0.0,303.0
Red-winged Blackbird,12,2,Dec_W2,0.0029851,335.0
Red-winged Blackbird,12,3,Dec_W3,0.0015,681.0
Red-winged Blackbird,12,4,Dec_W4,0.0,600.0
Brown-headed Cowbird,1,1,Jan_W1,0.0,823.0
Brown-headed Cowbird,1,2,Jan_W2,0.0,535.0
Brown-headed Cowbird,1,3,Jan_W3,0.0,472.0
Brown-headed Cowbird,1,4,Jan_W4,0.0,644.0
Brown-headed Cowbird,2,1,Feb_W1,0.0,490.0
Brown-headed Cowbird,2,2,Feb_W2,0.0,589.0
Brown-headed Cowbird,2,3,Feb_W3,0.0,787.0
Brown-headed Cowbird,2,4,Feb_W4,0.0,427.0
Brown-headed Cowbird,3,1,Mar_W1,0.0,558.0
Brown-headed Cowbird,3,2,Mar_W2,0.0,649.0
Brown-headed Cowbird,3,3,Mar_W3,0.0126761,710.0
Brown-headed Cowbird,3,4,Mar_W4,0.0243243,1110.0
Brown-headed Cowbird,4,1,Apr_W1,0.0645161,899.0
Brown-headed Cowbird,4,2,Apr_W2,0.1302083,1344.0
Brown-headed Cowbird,4,3,Apr_W3,0.1613527,1035.0
Brown-headed Cowbird,4,4,Apr_W4,0.1966967,1332.0
Brown-headed Cowbird,5,1,May_W1,0.1886204,1283.0
Brown-headed Cowbird,5,2,May_W2,0.1776913,1542.0
Brown-headed Cowbird,5,3,May_W3,0.1798801,1501.0
Brown-headed Cowbird,5,4,May_W4,0.1476775,2282.0
Brown-headed Cowbird,6,1,Jun_W1,0.1387971,1513.0
Brown-headed Cowbird,6,2,Jun_W2,0.1014286,1400.0
Brown-headed Cowbird,6,3,Jun_W3,0.0788243,1497.0
Brown-headed Cowbird,6,4,Jun_W4,0.0808961,1607.0
Brown-headed Cowbird,7,1,Jul_W1,0.0609375,1280.0
Brown-headed Cowbird,7,2,Jul_W2,0.0334213,1137.0
Brown-headed Cowbird,7,3,Jul_W3,0.0185512,1132.0
Brown-headed Cowbird,7,4,Jul_W4,0.0069061,1448.0
Brown-headed Cowbird,8,1,Aug_W1,0.007992,1001.0
Brown-headed Cowbird,8,2,Aug_W2,0.0149254,804.0
Brown-headed Cowbird,8,3,Aug_W3,0.0035885,836.0
Brown-headed Cowbird,8,4,Aug_W4,0.0028986,1035.0
Brown-headed Cowbird,9,1,Sep_W1,0.0047319,634.0
Brown-headed Cowbird,9,2,Sep_W2,0.002442,819.0
Brown-headed Cowbird,9,3,Sep_W3,0.0,657.0
Brown-headed Cowbird,9,4,Sep_W4,0.0039164,766.0
Brown-headed Cowbird,10,1,Oct_W1,0.0059406,505.0
Brown-headed Cowbird,10,2,Oct_W2,0.0017606,568.0
Brown-headed Cowbird,10,3,Oct_W3,0.0,523.0
Brown-headed Cowbird,10,4,Oct_W4,0.0015823,632.0
Brown-headed Cowbird,11,1,Nov_W1,0.0,369.0
Brown-headed Cowbird,11,2,Nov_W2,0.0,337.0
Brown-headed Cowbird,11,3,Nov_W3,0.0,346.0
Brown-headed Cowbird,11,4,Nov_W4,0.0,492.0
Brown-headed Cowbird,12,1,Dec_W1,0.0,303.0
Brown-headed Cowbird,12,2,Dec_W2,0.0,335.0
Brown-headed Cowbird,12,3,Dec_W3,0.0015,681.0
Brown-headed Cowbird,12,4,Dec_W4,0.0,600.0
Rusty Blackbird,1,1,Jan_W1,0.0,823.0
Rusty Blackbird,1,2,Jan_W2,0.0,535.0
Rusty Blackbird,1,3,Jan_W3,0.0,472.0
Rusty Blackbird,1,4,Jan_W4,0.0,644.0
Rusty Blackbird,2,1,Feb_W1,0.0,490.0
Rusty Blackbird,2,2,Feb_W2,0.0,589.0
Rusty Blackbird,2,3,Feb_W3,0.0,787.0
Rusty Blackbird,2,4,Feb_W4,0.0,427.0
Rusty Blackbird,3,1,Mar_W1,0.0,558.0
Rusty Blackbird,3,2,Mar_W2,0.0015408,649.0
Rusty Blackbird,3,3,Mar_W3,0.0028169,710.0
Rusty Blackbird,3,4,Mar_W4,0.0054054,1110.0
Rusty Blackbird,4,1,Apr_W1,0.0044494,899.0
Rusty Blackbird,4,2,Apr_W2,0.0372024,1344.0
Rusty Blackbird,4,3,Apr_W3,0.0434783,1035.0
Rusty Blackbird,4,4,Apr_W4,0.0412913,1332.0
Rusty Blackbird,5,1,May_W1,0.0241621,1283.0
Rusty Blackbird,5,2,May_W2,0.0071336,1542.0
Rusty Blackbird,5,3,May_W3,0.0019987,1501.0
Rusty Blackbird,5,4,May_W4,0.0004382,2282.0
Rusty Blackbird,6,1,Jun_W1,0.0,1513.0
Rusty Blackbird,6,2,Jun_W2,0.0,1400.0
Rusty Blackbird,6,3,Jun_W3,0.0,1497.0
Rusty Blackbird,6,4,Jun_W4,0.0,1607.0
Rusty Blackbird,7,1,Jul_W1,0.0,1280.0
Rusty Blackbird,7,2,Jul_W2,0.0,1137.0
Rusty Blackbird,7,3,Jul_W3,0.0,1132.0
Rusty Blackbird,7,4,Jul_W4,0.0,1448.0
Rusty Blackbird,8,1,Aug_W1,0.0,1001.0
Rusty Blackbird,8,2,Aug_W2,0.0,804.0
Rusty Blackbird,8,3,Aug_W3,0.0035885,836.0
Rusty Blackbird,8,4,Aug_W4,0.0019324,1035.0
Rusty Blackbird,9,1,Sep_W1,0.0015773,634.0
Rusty Blackbird,9,2,Sep_W2,0.002442,819.0
Rusty Blackbird,9,3,Sep_W3,0.0045662,657.0
Rusty Blackbird,9,4,Sep_W4,0.0365535,766.0
Rusty Blackbird,10,1,Oct_W1,0.0475248,505.0
Rusty Blackbird,10,2,Oct_W2,0.040493,568.0
Rusty Blackbird,10,3,Oct_W3,0.0382409,523.0
Rusty Blackbird,10,4,Oct_W4,0.0158228,632.0
Rusty Blackbird,11,1,Nov_W1,0.00271,369.0
Rusty Blackbird,11,2,Nov_W2,0.0029674,337.0
Rusty Blackbird,11,3,Nov_W3,0.0028902,346.0
Rusty Blackbird,11,4,Nov_W4,0.0,492.0
Rusty Blackbird,12,1,Dec_W1,0.0,303.0
Rusty Blackbird,12,2,Dec_W2,0.0,335.0
Rusty Blackbird,12,3,Dec_W3,0.0,681.0
Rusty Blackbird,12,4,Dec_W4,0.0,600.0
Brewer's Blackbird,1,1,Jan_W1,0.0,823.0
Brewer's Blackbird,1,2,Jan_W2,0.0,535.0
Brewer's Blackbird,1,3,Jan_W3,0.0,472.0
Brewer's Blackbird,1,4,Jan_W4,0.0,644.0
Brewer's Blackbird,2,1,Feb_W1,0.0,490.0
Brewer's Blackbird,2,2,Feb_W2,0.0,589.0
Brewer's Blackbird,2,3,Feb_W3,0.0,787.0
Brewer's Blackbird,2,4,Feb_W4,0.0,427.0
Brewer's Blackbird,3,1,Mar_W1,0.0,558.0
Brewer's Blackbird,3,2,Mar_W2,0.0,649.0
Brewer's Blackbird,3,3,Mar_W3,0.0,710.0
Brewer's Blackbird,3,4,Mar_W4,0.0,1110.0
Brewer's Blackbird,4,1,Apr_W1,0.0,899.0
Brewer's Blackbird,4,2,Apr_W2,0.0037202,1344.0
Brewer's Blackbird,4,3,Apr_W3,0.0086957,1035.0
Brewer's Blackbird,4,4,Apr_W4,0.012012,1332.0
Brewer's Blackbird,5,1,May_W1,0.0093531,1283.0
Brewer's Blackbird,5,2,May_W2,0.0019455,1542.0
Brewer's Blackbird,5,3,May_W3,0.0039973,1501.0
Brewer's Blackbird,5,4,May_W4,0.0017528,2282.0
Brewer's Blackbird,6,1,Jun_W1,0.0026438,1513.0
Brewer's Blackbird,6,2,Jun_W2,0.0014286,1400.0
Brewer's Blackbird,6,3,Jun_W3,0.004008,1497.0
Brewer's Blackbird,6,4,Jun_W4,0.0037337,1607.0
Brewer's Blackbird,7,1,Jul_W1,0.0015625,1280.0
Brewer's Blackbird,7,2,Jul_W2,0.0043975,1137.0
Brewer's Blackbird,7,3,Jul_W3,0.0017668,1132.0
Brewer's Blackbird,7,4,Jul_W4,0.0027624,1448.0
Brewer's Blackbird,8,1,Aug_W1,0.002997,1001.0
Brewer's Blackbird,8,2,Aug_W2,0.0037313,804.0
Brewer's Blackbird,8,3,Aug_W3,0.0,836.0
Brewer's Blackbird,8,4,Aug_W4,0.0038647,1035.0
Brewer's Blackbird,9,1,Sep_W1,0.0,634.0
Brewer's Blackbird,9,2,Sep_W2,0.0,819.0
Brewer's Blackbird,9,3,Sep_W3,0.0,657.0
Brewer's Blackbird,9,4,Sep_W4,0.002611,766.0
Brewer's Blackbird,10,1,Oct_W1,0.0,505.0
Brewer's Blackbird,10,2,Oct_W2,0.0,568.0
Brewer's Blackbird,10,3,Oct_W3,0.0,523.0
Brewer's Blackbird,10,4,Oct_W4,0.0,632.0
Brewer's Blackbird,11,1,Nov_W1,0.0,369.0
Brewer's Blackbird,11,2,Nov_W2,0.0,337.0
Brewer's Blackbird,11,3,Nov_W3,0.0,346.0
Brewer's Blackbird,11,4,Nov_W4,0.0,492.0
Brewer's Blackbird,12,1,Dec_W1,0.0,303.0
Brewer's Blackbird,12,2,Dec_W2,0.0,335.0
Brewer's Blackbird,12,3,Dec_W3,0.0,681.0
Brewer's Blackbird,12,4,Dec_W4,0.0016667,600.0
Common Grackle,1,1,Jan_W1,0.0015,823.0
Common Grackle,1,2,Jan_W2,0.0,535.0
Common Grackle,1,3,Jan_W3,0.0,472.0
Common Grackle,1,4,Jan_W4,0.0,644.0
Common Grackle,2,1,Feb_W1,0.0020408,490.0
Common Grackle,2,2,Feb_W2,0.0,589.0
Common Grackle,2,3,Feb_W3,0.0,787.0
Common Grackle,2,4,Feb_W4,0.0117096,427.0
Common Grackle,3,1,Mar_W1,0.0268817,558.0
Common Grackle,3,2,Mar_W2,0.1510015,649.0
Common Grackle,3,3,Mar_W3,0.2760563,710.0
Common Grackle,3,4,Mar_W4,0.3495495,1110.0
Common Grackle,4,1,Apr_W1,0.4160178,899.0
Common Grackle,4,2,Apr_W2,0.4308036,1344.0
Common Grackle,4,3,Apr_W3,0.4222222,1035.0
Common Grackle,4,4,Apr_W4,0.4527027,1332.0
Common Grackle,5,1,May_W1,0.4123149,1283.0
Common Grackle,5,2,May_W2,0.424773,1542.0
Common Grackle,5,3,May_W3,0.3830779,1501.0
Common Grackle,5,4,May_W4,0.4057844,2282.0
Common Grackle,6,1,Jun_W1,0.4157303,1513.0
Common Grackle,6,2,Jun_W2,0.3807143,1400.0
Common Grackle,6,3,Jun_W3,0.3740815,1497.0
Common Grackle,6,4,Jun_W4,0.4026136,1607.0
Common Grackle,7,1,Jul_W1,0.3945313,1280.0
Common Grackle,7,2,Jul_W2,0.3491645,1137.0
Common Grackle,7,3,Jul_W3,0.3268551,1132.0
Common Grackle,7,4,Jul_W4,0.2734807,1448.0
Common Grackle,8,1,Aug_W1,0.2607393,1001.0
Common Grackle,8,2,Aug_W2,0.2089552,804.0
Common Grackle,8,3,Aug_W3,0.1997608,836.0
Common Grackle,8,4,Aug_W4,0.1487923,1035.0
Common Grackle,9,1,Sep_W1,0.0914826,634.0
Common Grackle,9,2,Sep_W2,0.0634921,819.0
Common Grackle,9,3,Sep_W3,0.0456621,657.0
Common Grackle,9,4,Sep_W4,0.0548303,766.0
Common Grackle,10,1,Oct_W1,0.0871287,505.0
Common Grackle,10,2,Oct_W2,0.1038732,568.0
Common Grackle,10,3,Oct_W3,0.1032505,523.0
Common Grackle,10,4,Oct_W4,0.0363924,632.0
Common Grackle,11,1,Nov_W1,0.0352304,369.0
Common Grackle,11,2,Nov_W2,0.0118694,337.0
Common Grackle,11,3,Nov_W3,0.0,346.0
Common Grackle,11,4,Nov_W4,0.0,492.0
Common Grackle,12,1,Dec_W1,0.0066007,303.0
Common Grackle,12,2,Dec_W2,0.0119403,335.0
Common Grackle,12,3,Dec_W3,0.0014684,681.0
Common Grackle,12,4,Dec_W4,0.0,600.0
Ovenbird,1,1,Jan_W1,0.0,823.0
Ovenbird,1,2,Jan_W2,0.0,535.0
Ovenbird,1,3,Jan_W3,0.0,472.0
Ovenbird,1,4,Jan_W4,0.0,644.0
Ovenbird,2,1,Feb_W1,0.0,490.0
Ovenbird,2,2,Feb_W2,0.0,589.0
Ovenbird,2,3,Feb_W3,0.0,787.0
Ovenbird,2,4,Feb_W4,0.0,427.0
Ovenbird,3,1,Mar_W1,0.0,558.0
Ovenbird,3,2,Mar_W2,0.0,649.0
Ovenbird,3,3,Mar_W3,0.0,710.0
Ovenbird,3,4,Mar_W4,0.0,1110.0
Ovenbird,4,1,Apr_W1,0.0,899.0
Ovenbird,4,2,Apr_W2,0.0,1344.0
Ovenbird,4,3,Apr_W3,0.0,1035.0
Ovenbird,4,4,Apr_W4,0.0007508,1332.0
Ovenbird,5,1,May_W1,0.0833983,1283.0
Ovenbird,5,2,May_W2,0.2561608,1542.0
Ovenbird,5,3,May_W3,0.3784144,1501.0
Ovenbird,5,4,May_W4,0.3518843,2282.0
Ovenbird,6,1,Jun_W1,0.2782551,1513.0
Ovenbird,6,2,Jun_W2,0.2885714,1400.0
Ovenbird,6,3,Jun_W3,0.2758851,1497.0
Ovenbird,6,4,Jun_W4,0.2738021,1607.0
Ovenbird,7,1,Jul_W1,0.2515625,1280.0
Ovenbird,7,2,Jul_W2,0.1873351,1137.0
Ovenbird,7,3,Jul_W3,0.1086572,1132.0
Ovenbird,7,4,Jul_W4,0.0331492,1448.0
Ovenbird,8,1,Aug_W1,0.016983,1001.0
Ovenbird,8,2,Aug_W2,0.0136816,804.0
Ovenbird,8,3,Aug_W3,0.0227273,836.0
Ovenbird,8,4,Aug_W4,0.0328502,1035.0
Ovenbird,9,1,Sep_W1,0.022082,634.0
Ovenbird,9,2,Sep_W2,0.028083,819.0
Ovenbird,9,3,Sep_W3,0.0045662,657.0
Ovenbird,9,4,Sep_W4,0.0039164,766.0
Ovenbird,10,1,Oct_W1,0.0,505.0
Ovenbird,10,2,Oct_W2,0.0,568.0
Ovenbird,10,3,Oct_W3,0.0,523.0
Ovenbird,10,4,Oct_W4,0.0,632.0
Ovenbird,11,1,Nov_W1,0.0,369.0
Ovenbird,11,2,Nov_W2,0.0,337.0
Ovenbird,11,3,Nov_W3,0.0,346.0
Ovenbird,11,4,Nov_W4,0.0,492.0
Ovenbird,12,1,Dec_W1,0.0,303.0
Ovenbird,12,2,Dec_W2,0.0,335.0
Ovenbird,12,3,Dec_W3,0.0,681.0
Ovenbird,12,4,Dec_W4,0.0,600.0
Northern Waterthrush,1,1,Jan_W1,0.0,823.0
Northern Waterthrush,1,2,Jan_W2,0.0,535.0
Northern Waterthrush,1,3,Jan_W3,0.0,472.0
Northern Waterthrush,1,4,Jan_W4,0.0,644.0
Northern Waterthrush,2,1,Feb_W1,0.0,490.0
Northern Waterthrush,2,2,Feb_W2,0.0,589.0
Northern Waterthrush,2,3,Feb_W3,0.0,787.0
Northern Waterthrush,2,4,Feb_W4,0.0,427.0
Northern Waterthrush,3,1,Mar_W1,0.0,558.0
Northern Waterthrush,3,2,Mar_W2,0.0,649.0
Northern Waterthrush,3,3,Mar_W3,0.0,710.0
Northern Waterthrush,3,4,Mar_W4,0.0,1110.0
Northern Waterthrush,4,1,Apr_W1,0.0,899.0
Northern Waterthrush,4,2,Apr_W2,0.0,1344.0
Northern Waterthrush,4,3,Apr_W3,0.0,1035.0
Northern Waterthrush,4,4,Apr_W4,0.0082583,1332.0
Northern Waterthrush,5,1,May_W1,0.0623539,1283.0
Northern Waterthrush,5,2,May_W2,0.0732815,1542.0
Northern Waterthrush,5,3,May_W3,0.0906063,1501.0
Northern Waterthrush,5,4,May_W4,0.0604733,2282.0
Northern Waterthrush,6,1,Jun_W1,0.0304032,1513.0
Northern Waterthrush,6,2,Jun_W2,0.015,1400.0
Northern Waterthrush,6,3,Jun_W3,0.0173681,1497.0
Northern Waterthrush,6,4,Jun_W4,0.0118233,1607.0
Northern Waterthrush,7,1,Jul_W1,0.009375,1280.0
Northern Waterthrush,7,2,Jul_W2,0.0043975,1137.0
Northern Waterthrush,7,3,Jul_W3,0.0088339,1132.0
Northern Waterthrush,7,4,Jul_W4,0.0075967,1448.0
Northern Waterthrush,8,1,Aug_W1,0.006993,1001.0
Northern Waterthrush,8,2,Aug_W2,0.0037313,804.0
Northern Waterthrush,8,3,Aug_W3,0.007177,836.0
Northern Waterthrush,8,4,Aug_W4,0.0115942,1035.0
Northern Waterthrush,9,1,Sep_W1,0.011041,634.0
Northern Waterthrush,9,2,Sep_W2,0.014652,819.0
Northern Waterthrush,9,3,Sep_W3,0.0106545,657.0
Northern Waterthrush,9,4,Sep_W4,0.002611,766.0
Northern Waterthrush,10,1,Oct_W1,0.0,505.0
Northern Waterthrush,10,2,Oct_W2,0.0,568.0
Northern Waterthrush,10,3,Oct_W3,0.0,523.0
Northern Waterthrush,10,4,Oct_W4,0.0,632.0
Northern Waterthrush,11,1,Nov_W1,0.0,369.0
Northern Waterthrush,11,2,Nov_W2,0.0,337.0
Northern Waterthrush,11,3,Nov_W3,0.0,346.0
Northern Waterthrush,11,4,Nov_W4,0.0,492.0
Northern Waterthrush,12,1,Dec_W1,0.0,303.0
Northern Waterthrush,12,2,Dec_W2,0.0,335.0
Northern Waterthrush,12,3,Dec_W3,0.0,681.0
Northern Waterthrush,12,4,Dec_W4,0.0,600.0
Golden-winged Warbler,1,1,Jan_W1,0.0,823.0
Golden-winged Warbler,1,2,Jan_W2,0.0,535.0
Golden-winged Warbler,1,3,Jan_W3,0.0,472.0
Golden-winged Warbler,1,4,Jan_W4,0.0,644.0
Golden-winged Warbler,2,1,Feb_W1,0.0,490.0
Golden-winged Warbler,2,2,Feb_W2,0.0,589.0
Golden-winged Warbler,2,3,Feb_W3,0.0,787.0
Golden-winged Warbler,2,4,Feb_W4,0.0,427.0
Golden-winged Warbler,3,1,Mar_W1,0.0,558.0
Golden-winged Warbler,3,2,Mar_W2,0.0,649.0
Golden-winged Warbler,3,3,Mar_W3,0.0,710.0
Golden-winged Warbler,3,4,Mar_W4,0.0,1110.0
Golden-winged Warbler,4,1,Apr_W1,0.0,899.0
Golden-winged Warbler,4,2,Apr_W2,0.0,1344.0
Golden-winged Warbler,4,3,Apr_W3,0.0,1035.0
Golden-winged Warbler,4,4,Apr_W4,0.0,1332.0
Golden-winged Warbler,5,1,May_W1,0.0007794,1283.0
Golden-winged Warbler,5,2,May_W2,0.0084306,1542.0
Golden-winged Warbler,5,3,May_W3,0.0206529,1501.0
Golden-winged Warbler,5,4,May_W4,0.0048203,2282.0
Golden-winged Warbler,6,1,Jun_W1,0.0039656,1513.0
Golden-winged Warbler,6,2,Jun_W2,0.0007143,1400.0
Golden-winged Warbler,6,3,Jun_W3,0.000668,1497.0
Golden-winged Warbler,6,4,Jun_W4,0.0006223,1607.0
Golden-winged Warbler,7,1,Jul_W1,0.0,1280.0
Golden-winged Warbler,7,2,Jul_W2,0.001759,1137.0
Golden-winged Warbler,7,3,Jul_W3,0.0,1132.0
Golden-winged Warbler,7,4,Jul_W4,0.0006906,1448.0
Golden-winged Warbler,8,1,Aug_W1,0.0,1001.0
Golden-winged Warbler,8,2,Aug_W2,0.0012438,804.0
Golden-winged Warbler,8,3,Aug_W3,0.0023923,836.0
Golden-winged Warbler,8,4,Aug_W4,0.0028986,1035.0
Golden-winged Warbler,9,1,Sep_W1,0.0,634.0
Golden-winged Warbler,9,2,Sep_W2,0.0,819.0
Golden-winged Warbler,9,3,Sep_W3,0.0,657.0
Golden-winged Warbler,9,4,Sep_W4,0.0,766.0
Golden-winged Warbler,10,1,Oct_W1,0.0,505.0
Golden-winged Warbler,10,2,Oct_W2,0.0,568.0
Golden-winged Warbler,10,3,Oct_W3,0.0,523.0
Golden-winged Warbler,10,4,Oct_W4,0.0,632.0
Golden-winged Warbler,11,1,Nov_W1,0.0,369.0
Golden-winged Warbler,11,2,Nov_W2,0.0,337.0
Golden-winged Warbler,11,3,Nov_W3,0.0,346.0
Golden-winged Warbler,11,4,Nov_W4,0.0,492.0
Golden-winged Warbler,12,1,Dec_W1,0.0,303.0
Golden-winged Warbler,12,2,Dec_W2,0.0,335.0
Golden-winged Warbler,12,3,Dec_W3,0.0,681.0
Golden-winged Warbler,12,4,Dec_W4,0.0,600.0
Blue-winged Warbler,1,1,Jan_W1,0.0,823.0
Blue-winged Warbler,1,2,Jan_W2,0.0,535.0
Blue-winged Warbler,1,3,Jan_W3,0.0,472.0
Blue-winged Warbler,1,4,Jan_W4,0.0,644.0
Blue-winged Warbler,2,1,Feb_W1,0.0,490.0
Blue-winged Warbler,2,2,Feb_W2,0.0,589.0
Blue-winged Warbler,2,3,Feb_W3,0.0,787.0
Blue-winged Warbler,2,4,Feb_W4,0.0,427.0
Blue-winged Warbler,3,1,Mar_W1,0.0,558.0
Blue-winged Warbler,3,2,Mar_W2,0.0,649.0
Blue-winged Warbler,3,3,Mar_W3,0.0,710.0
Blue-winged Warbler,3,4,Mar_W4,0.0,1110.0
Blue-winged Warbler,4,1,Apr_W1,0.0,899.0
Blue-winged Warbler,4,2,Apr_W2,0.0,1344.0
Blue-winged Warbler,4,3,Apr_W3,0.0,1035.0
Blue-winged Warbler,4,4,Apr_W4,0.0015,1332.0
Blue-winged Warbler,5,1,May_W1,0.0007794,1283.0
Blue-winged Warbler,5,2,May_W2,0.0064851,1542.0
Blue-winged Warbler,5,3,May_W3,0.0093271,1501.0
Blue-winged Warbler,5,4,May_W4,0.0048203,2282.0
Blue-winged Warbler,6,1,Jun_W1,0.0026438,1513.0
Blue-winged Warbler,6,2,Jun_W2,0.0028571,1400.0
Blue-winged Warbler,6,3,Jun_W3,0.000668,1497.0
Blue-winged Warbler,6,4,Jun_W4,0.0,1607.0
Blue-winged Warbler,7,1,Jul_W1,0.0007813,1280.0
Blue-winged Warbler,7,2,Jul_W2,0.0,1137.0
Blue-winged Warbler,7,3,Jul_W3,0.0008834,1132.0
Blue-winged Warbler,7,4,Jul_W4,0.0,1448.0
Blue-winged Warbler,8,1,Aug_W1,0.000999,1001.0
Blue-winged Warbler,8,2,Aug_W2,0.0,804.0
Blue-winged Warbler,8,3,Aug_W3,0.0015,836.0
Blue-winged Warbler,8,4,Aug_W4,0.0019324,1035.0
Blue-winged Warbler,9,1,Sep_W1,0.0015773,634.0
Blue-winged Warbler,9,2,Sep_W2,0.001221,819.0
Blue-winged Warbler,9,3,Sep_W3,0.0015221,657.0
Blue-winged Warbler,9,4,Sep_W4,0.0,766.0
Blue-winged Warbler,10,1,Oct_W1,0.0,505.0
Blue-winged Warbler,10,2,Oct_W2,0.0,568.0
Blue-winged Warbler,10,3,Oct_W3,0.0,523.0
Blue-winged Warbler,10,4,Oct_W4,0.0,632.0
Blue-winged Warbler,11,1,Nov_W1,0.0,369.0
Blue-winged Warbler,11,2,Nov_W2,0.0,337.0
Blue-winged Warbler,11,3,Nov_W3,0.0,346.0
Blue-winged Warbler,11,4,Nov_W4,0.0,492.0
Blue-winged Warbler,12,1,Dec_W1,0.0,303.0
Blue-winged Warbler,12,2,Dec_W2,0.0,335.0
Blue-winged Warbler,12,3,Dec_W3,0.0,681.0
Blue-winged Warbler,12,4,Dec_W4,0.0,600.0
Black-and-white Warbler,1,1,Jan_W1,0.0,823.0
Black-and-white Warbler,1,2,Jan_W2,0.0,535.0
Black-and-white Warbler,1,3,Jan_W3,0.0,472.0
Black-and-white Warbler,1,4,Jan_W4,0.0,644.0
Black-and-white Warbler,2,1,Feb_W1,0.0,490.0
Black-and-white Warbler,2,2,Feb_W2,0.0,589.0
Black-and-white Warbler,2,3,Feb_W3,0.0,787.0
Black-and-white Warbler,2,4,Feb_W4,0.0,427.0
Black-and-white Warbler,3,1,Mar_W1,0.0,558.0
Black-and-white Warbler,3,2,Mar_W2,0.0,649.0
Black-and-white Warbler,3,3,Mar_W3,0.0,710.0
Black-and-white Warbler,3,4,Mar_W4,0.0,1110.0
Black-and-white Warbler,4,1,Apr_W1,0.0,899.0
Black-and-white Warbler,4,2,Apr_W2,0.0,1344.0
Black-and-white Warbler,4,3,Apr_W3,0.0,1035.0
Black-and-white Warbler,4,4,Apr_W4,0.0015015,1332.0
Black-and-white Warbler,5,1,May_W1,0.0795012,1283.0
Black-and-white Warbler,5,2,May_W2,0.1906615,1542.0
Black-and-white Warbler,5,3,May_W3,0.2618254,1501.0
Black-and-white Warbler,5,4,May_W4,0.2129711,2282.0
Black-and-white Warbler,6,1,Jun_W1,0.1520159,1513.0
Black-and-white Warbler,6,2,Jun_W2,0.1214286,1400.0
Black-and-white Warbler,6,3,Jun_W3,0.1235805,1497.0
Black-and-white Warbler,6,4,Jun_W4,0.0970753,1607.0
Black-and-white Warbler,7,1,Jul_W1,0.0898438,1280.0
Black-and-white Warbler,7,2,Jul_W2,0.0474934,1137.0
Black-and-white Warbler,7,3,Jul_W3,0.0362191,1132.0
Black-and-white Warbler,7,4,Jul_W4,0.0400552,1448.0
Black-and-white Warbler,8,1,Aug_W1,0.027972,1001.0
Black-and-white Warbler,8,2,Aug_W2,0.0447761,804.0
Black-and-white Warbler,8,3,Aug_W3,0.034689,836.0
Black-and-white Warbler,8,4,Aug_W4,0.0483092,1035.0
Black-and-white Warbler,9,1,Sep_W1,0.0315457,634.0
Black-and-white Warbler,9,2,Sep_W2,0.013431,819.0
Black-and-white Warbler,9,3,Sep_W3,0.0030441,657.0
Black-and-white Warbler,9,4,Sep_W4,0.002611,766.0
Black-and-white Warbler,10,1,Oct_W1,0.0019802,505.0
Black-and-white Warbler,10,2,Oct_W2,0.0,568.0
Black-and-white Warbler,10,3,Oct_W3,0.0,523.0
Black-and-white Warbler,10,4,Oct_W4,0.0,632.0
Black-and-white Warbler,11,1,Nov_W1,0.0,369.0
Black-and-white Warbler,11,2,Nov_W2,0.0,337.0
Black-and-white Warbler,11,3,Nov_W3,0.0,346.0
Black-and-white Warbler,11,4,Nov_W4,0.0,492.0
Black-and-white Warbler,12,1,Dec_W1,0.0,303.0
Black-and-white Warbler,12,2,Dec_W2,0.0,335.0
Black-and-white Warbler,12,3,Dec_W3,0.0,681.0
Black-and-white Warbler,12,4,Dec_W4,0.0,600.0
Tennessee Warbler,1,1,Jan_W1,0.0,823.0
Tennessee Warbler,1,2,Jan_W2,0.0,535.0
Tennessee Warbler,1,3,Jan_W3,0.0,472.0
Tennessee Warbler,1,4,Jan_W4,0.0,644.0
Tennessee Warbler,2,1,Feb_W1,0.0,490.0
Tennessee Warbler,2,2,Feb_W2,0.0,589.0
Tennessee Warbler,2,3,Feb_W3,0.0,787.0
Tennessee Warbler,2,4,Feb_W4,0.0,427.0
Tennessee Warbler,3,1,Mar_W1,0.0,558.0
Tennessee Warbler,3,2,Mar_W2,0.0,649.0
Tennessee Warbler,3,3,Mar_W3,0.0,710.0
Tennessee Warbler,3,4,Mar_W4,0.0,1110.0
Tennessee Warbler,4,1,Apr_W1,0.0,899.0
Tennessee Warbler,4,2,Apr_W2,0.0,1344.0
Tennessee Warbler,4,3,Apr_W3,0.0,1035.0
Tennessee Warbler,4,4,Apr_W4,0.0,1332.0
Tennessee Warbler,5,1,May_W1,0.0023383,1283.0
Tennessee Warbler,5,2,May_W2,0.0479896,1542.0
Tennessee Warbler,5,3,May_W3,0.1399067,1501.0
Tennessee Warbler,5,4,May_W4,0.0574058,2282.0
Tennessee Warbler,6,1,Jun_W1,0.0039656,1513.0
Tennessee Warbler,6,2,Jun_W2,0.0,1400.0
Tennessee Warbler,6,3,Jun_W3,0.0,1497.0
Tennessee Warbler,6,4,Jun_W4,0.0,1607.0
Tennessee Warbler,7,1,Jul_W1,0.0,1280.0
Tennessee Warbler,7,2,Jul_W2,0.0,1137.0
Tennessee Warbler,7,3,Jul_W3,0.0,1132.0
Tennessee Warbler,7,4,Jul_W4,0.0,1448.0
Tennessee Warbler,8,1,Aug_W1,0.002997,1001.0
Tennessee Warbler,8,2,Aug_W2,0.0037313,804.0
Tennessee Warbler,8,3,Aug_W3,0.0227273,836.0
Tennessee Warbler,8,4,Aug_W4,0.0531401,1035.0
Tennessee Warbler,9,1,Sep_W1,0.0630915,634.0
Tennessee Warbler,9,2,Sep_W2,0.046398,819.0
Tennessee Warbler,9,3,Sep_W3,0.0152207,657.0
Tennessee Warbler,9,4,Sep_W4,0.0182768,766.0
Tennessee Warbler,10,1,Oct_W1,0.0118812,505.0
Tennessee Warbler,10,2,Oct_W2,0.0015,568.0
Tennessee Warbler,10,3,Oct_W3,0.001912,523.0
Tennessee Warbler,10,4,Oct_W4,0.0,632.0
Tennessee Warbler,11,1,Nov_W1,0.0,369.0
Tennessee Warbler,11,2,Nov_W2,0.0,337.0
Tennessee Warbler,11,3,Nov_W3,0.0,346.0
Tennessee Warbler,11,4,Nov_W4,0.0,492.0
Tennessee Warbler,12,1,Dec_W1,0.0,303.0
Tennessee Warbler,12,2,Dec_W2,0.0,335.0
Tennessee Warbler,12,3,Dec_W3,0.0,681.0
Tennessee Warbler,12,4,Dec_W4,0.0,600.0
Orange-crowned Warbler,1,1,Jan_W1,0.0,823.0
Orange-crowned Warbler,1,2,Jan_W2,0.0,535.0
Orange-crowned Warbler,1,3,Jan_W3,0.0,472.0
Orange-crowned Warbler,1,4,Jan_W4,0.0,644.0
Orange-crowned Warbler,2,1,Feb_W1,0.0,490.0
Orange-crowned Warbler,2,2,Feb_W2,0.0,589.0
Orange-crowned Warbler,2,3,Feb_W3,0.0,787.0
Orange-crowned Warbler,2,4,Feb_W4,0.0,427.0
Orange-crowned Warbler,3,1,Mar_W1,0.0,558.0
Orange-crowned Warbler,3,2,Mar_W2,0.0,649.0
Orange-crowned Warbler,3,3,Mar_W3,0.0,710.0
Orange-crowned Warbler,3,4,Mar_W4,0.0,1110.0
Orange-crowned Warbler,4,1,Apr_W1,0.0,899.0
Orange-crowned Warbler,4,2,Apr_W2,0.0,1344.0
Orange-crowned Warbler,4,3,Apr_W3,0.0,1035.0
Orange-crowned Warbler,4,4,Apr_W4,0.0015015,1332.0
Orange-crowned Warbler,5,1,May_W1,0.0070148,1283.0
Orange-crowned Warbler,5,2,May_W2,0.0168612,1542.0
Orange-crowned Warbler,5,3,May_W3,0.0139907,1501.0
Orange-crowned Warbler,5,4,May_W4,0.0030675,2282.0
Orange-crowned Warbler,6,1,Jun_W1,0.0006609,1513.0
Orange-crowned Warbler,6,2,Jun_W2,0.0,1400.0
Orange-crowned Warbler,6,3,Jun_W3,0.0,1497.0
Orange-crowned Warbler,6,4,Jun_W4,0.0,1607.0
Orange-crowned Warbler,7,1,Jul_W1,0.0,1280.0
Orange-crowned Warbler,7,2,Jul_W2,0.0,1137.0
Orange-crowned Warbler,7,3,Jul_W3,0.0,1132.0
Orange-crowned Warbler,7,4,Jul_W4,0.0,1448.0
Orange-crowned Warbler,8,1,Aug_W1,0.0,1001.0
Orange-crowned Warbler,8,2,Aug_W2,0.0,804.0
Orange-crowned Warbler,8,3,Aug_W3,0.0,836.0
Orange-crowned Warbler,8,4,Aug_W4,0.0,1035.0
Orange-crowned Warbler,9,1,Sep_W1,0.0,634.0
Orange-crowned Warbler,9,2,Sep_W2,0.001221,819.0
Orange-crowned Warbler,9,3,Sep_W3,0.0091324,657.0
Orange-crowned Warbler,9,4,Sep_W4,0.0104439,766.0
Orange-crowned Warbler,10,1,Oct_W1,0.0178218,505.0
Orange-crowned Warbler,10,2,Oct_W2,0.0228873,568.0
Orange-crowned Warbler,10,3,Oct_W3,0.0057361,523.0
Orange-crowned Warbler,10,4,Oct_W4,0.0031646,632.0
Orange-crowned Warbler,11,1,Nov_W1,0.0,369.0
Orange-crowned Warbler,11,2,Nov_W2,0.0,337.0
Orange-crowned Warbler,11,3,Nov_W3,0.0,346.0
Orange-crowned Warbler,11,4,Nov_W4,0.0,492.0
Orange-crowned Warbler,12,1,Dec_W1,0.0,303.0
Orange-crowned Warbler,12,2,Dec_W2,0.0,335.0
Orange-crowned Warbler,12,3,Dec_W3,0.0,681.0
Orange-crowned Warbler,12,4,Dec_W4,0.0,600.0
Nashville Warbler,1,1,Jan_W1,0.0,823.0
Nashville Warbler,1,2,Jan_W2,0.0,535.0
Nashville Warbler,1,3,Jan_W3,0.0,472.0
Nashville Warbler,1,4,Jan_W4,0.0,644.0
Nashville Warbler,2,1,Feb_W1,0.0,490.0
Nashville Warbler,2,2,Feb_W2,0.0,589.0
Nashville Warbler,2,3,Feb_W3,0.0,787.0
Nashville Warbler,2,4,Feb_W4,0.0,427.0
Nashville Warbler,3,1,Mar_W1,0.0,558.0
Nashville Warbler,3,2,Mar_W2,0.0,649.0
Nashville Warbler,3,3,Mar_W3,0.0,710.0
Nashville Warbler,3,4,Mar_W4,0.0,1110.0
Nashville Warbler,4,1,Apr_W1,0.0,899.0
Nashville Warbler,4,2,Apr_W2,0.0,1344.0
Nashville Warbler,4,3,Apr_W3,0.0,1035.0
Nashville Warbler,4,4,Apr_W4,0.003003,1332.0
Nashville Warbler,5,1,May_W1,0.08106,1283.0
Nashville Warbler,5,2,May_W2,0.2237354,1542.0
Nashville Warbler,5,3,May_W3,0.2504997,1501.0
Nashville Warbler,5,4,May_W4,0.181858,2282.0
Nashville Warbler,6,1,Jun_W1,0.0945142,1513.0
Nashville Warbler,6,2,Jun_W2,0.0478571,1400.0
Nashville Warbler,6,3,Jun_W3,0.0374081,1497.0
Nashville Warbler,6,4,Jun_W4,0.0348475,1607.0
Nashville Warbler,7,1,Jul_W1,0.0234375,1280.0
Nashville Warbler,7,2,Jul_W2,0.0193492,1137.0
Nashville Warbler,7,3,Jul_W3,0.0167845,1132.0
Nashville Warbler,7,4,Jul_W4,0.0103591,1448.0
Nashville Warbler,8,1,Aug_W1,0.013986,1001.0
Nashville Warbler,8,2,Aug_W2,0.0211443,804.0
Nashville Warbler,8,3,Aug_W3,0.034689,836.0
Nashville Warbler,8,4,Aug_W4,0.0676329,1035.0
Nashville Warbler,9,1,Sep_W1,0.0757098,634.0
Nashville Warbler,9,2,Sep_W2,0.0573871,819.0
Nashville Warbler,9,3,Sep_W3,0.0380518,657.0
Nashville Warbler,9,4,Sep_W4,0.0221932,766.0
Nashville Warbler,10,1,Oct_W1,0.0138614,505.0
Nashville Warbler,10,2,Oct_W2,0.0070423,568.0
Nashville Warbler,10,3,Oct_W3,0.0,523.0
Nashville Warbler,10,4,Oct_W4,0.0,632.0
Nashville Warbler,11,1,Nov_W1,0.0,369.0
Nashville Warbler,11,2,Nov_W2,0.0,337.0
Nashville Warbler,11,3,Nov_W3,0.0,346.0
Nashville Warbler,11,4,Nov_W4,0.0,492.0
Nashville Warbler,12,1,Dec_W1,0.0,303.0
Nashville Warbler,12,2,Dec_W2,0.0,335.0
Nashville Warbler,12,3,Dec_W3,0.0,681.0
Nashville Warbler,12,4,Dec_W4,0.0,600.0
Connecticut Warbler,1,1,Jan_W1,0.0,823.0
Connecticut Warbler,1,2,Jan_W2,0.0,535.0
Connecticut Warbler,1,3,Jan_W3,0.0,472.0
Connecticut Warbler,1,4,Jan_W4,0.0,644.0
Connecticut Warbler,2,1,Feb_W1,0.0,490.0
Connecticut Warbler,2,2,Feb_W2,0.0,589.0
Connecticut Warbler,2,3,Feb_W3,0.0,787.0
Connecticut Warbler,2,4,Feb_W4,0.0,427.0
Connecticut Warbler,3,1,Mar_W1,0.0,558.0
Connecticut Warbler,3,2,Mar_W2,0.0,649.0
Connecticut Warbler,3,3,Mar_W3,0.0,710.0
Connecticut Warbler,3,4,Mar_W4,0.0,1110.0
Connecticut Warbler,4,1,Apr_W1,0.0,899.0
Connecticut Warbler,4,2,Apr_W2,0.0,1344.0
Connecticut Warbler,4,3,Apr_W3,0.0,1035.0
Connecticut Warbler,4,4,Apr_W4,0.0,1332.0
Connecticut Warbler,5,1,May_W1,0.0,1283.0
Connecticut Warbler,5,2,May_W2,0.0,1542.0
Connecticut Warbler,5,3,May_W3,0.0,1501.0
Connecticut Warbler,5,4,May_W4,0.0013146,2282.0
Connecticut Warbler,6,1,Jun_W1,0.0006609,1513.0
Connecticut Warbler,6,2,Jun_W2,0.0,1400.0
Connecticut Warbler,6,3,Jun_W3,0.0,1497.0
Connecticut Warbler,6,4,Jun_W4,0.0,1607.0
Connecticut Warbler,7,1,Jul_W1,0.0,1280.0
Connecticut Warbler,7,2,Jul_W2,0.0,1137.0
Connecticut Warbler,7,3,Jul_W3,0.0,1132.0
Connecticut Warbler,7,4,Jul_W4,0.0,1448.0
Connecticut Warbler,8,1,Aug_W1,0.0,1001.0
Connecticut Warbler,8,2,Aug_W2,0.0,804.0
Connecticut Warbler,8,3,Aug_W3,0.0,836.0
Connecticut Warbler,8,4,Aug_W4,0.0,1035.0
Connecticut Warbler,9,1,Sep_W1,0.0,634.0
Connecticut Warbler,9,2,Sep_W2,0.0,819.0
Connecticut Warbler,9,3,Sep_W3,0.0030441,657.0
Connecticut Warbler,9,4,Sep_W4,0.0,766.0
Connecticut Warbler,10,1,Oct_W1,0.0019802,505.0
Connecticut Warbler,10,2,Oct_W2,0.0,568.0
Connecticut Warbler,10,3,Oct_W3,0.0,523.0
Connecticut Warbler,10,4,Oct_W4,0.0,632.0
Connecticut Warbler,11,1,Nov_W1,0.0,369.0
Connecticut Warbler,11,2,Nov_W2,0.0,337.0
Connecticut Warbler,11,3,Nov_W3,0.0,346.0
Connecticut Warbler,11,4,Nov_W4,0.0,492.0
Connecticut Warbler,12,1,Dec_W1,0.0,303.0
Connecticut Warbler,12,2,Dec_W2,0.0,335.0
Connecticut Warbler,12,3,Dec_W3,0.0,681.0
Connecticut Warbler,12,4,Dec_W4,0.0,600.0
Mourning Warbler,1,1,Jan_W1,0.0,823.0
Mourning Warbler,1,2,Jan_W2,0.0,535.0
Mourning Warbler,1,3,Jan_W3,0.0,472.0
Mourning Warbler,1,4,Jan_W4,0.0,644.0
Mourning Warbler,2,1,Feb_W1,0.0,490.0
Mourning Warbler,2,2,Feb_W2,0.0,589.0
Mourning Warbler,2,3,Feb_W3,0.0,787.0
Mourning Warbler,2,4,Feb_W4,0.0,427.0
Mourning Warbler,3,1,Mar_W1,0.0,558.0
Mourning Warbler,3,2,Mar_W2,0.0,649.0
Mourning Warbler,3,3,Mar_W3,0.0,710.0
Mourning Warbler,3,4,Mar_W4,0.0,1110.0
Mourning Warbler,4,1,Apr_W1,0.0,899.0
Mourning Warbler,4,2,Apr_W2,0.0,1344.0
Mourning Warbler,4,3,Apr_W3,0.0,1035.0
Mourning Warbler,4,4,Apr_W4,0.0,1332.0
Mourning Warbler,5,1,May_W1,0.0,1283.0
Mourning Warbler,5,2,May_W2,0.0038911,1542.0
Mourning Warbler,5,3,May_W3,0.011992,1501.0
Mourning Warbler,5,4,May_W4,0.0328659,2282.0
Mourning Warbler,6,1,Jun_W1,0.0237938,1513.0
Mourning Warbler,6,2,Jun_W2,0.0128571,1400.0
Mourning Warbler,6,3,Jun_W3,0.0167001,1497.0
Mourning Warbler,6,4,Jun_W4,0.0174238,1607.0
Mourning Warbler,7,1,Jul_W1,0.01875,1280.0
Mourning Warbler,7,2,Jul_W2,0.0140721,1137.0
Mourning Warbler,7,3,Jul_W3,0.0035336,1132.0
Mourning Warbler,7,4,Jul_W4,0.0027624,1448.0
Mourning Warbler,8,1,Aug_W1,0.005994,1001.0
Mourning Warbler,8,2,Aug_W2,0.0024876,804.0
Mourning Warbler,8,3,Aug_W3,0.0015,836.0
Mourning Warbler,8,4,Aug_W4,0.0086957,1035.0
Mourning Warbler,9,1,Sep_W1,0.0063091,634.0
Mourning Warbler,9,2,Sep_W2,0.002442,819.0
Mourning Warbler,9,3,Sep_W3,0.0030441,657.0
Mourning Warbler,9,4,Sep_W4,0.0,766.0
Mourning Warbler,10,1,Oct_W1,0.0,505.0
Mourning Warbler,10,2,Oct_W2,0.0,568.0
Mourning Warbler,10,3,Oct_W3,0.0,523.0
Mourning Warbler,10,4,Oct_W4,0.0,632.0
Mourning Warbler,11,1,Nov_W1,0.0,369.0
Mourning Warbler,11,2,Nov_W2,0.0,337.0
Mourning Warbler,11,3,Nov_W3,0.0,346.0
Mourning Warbler,11,4,Nov_W4,0.0,492.0
Mourning Warbler,12,1,Dec_W1,0.0,303.0
Mourning Warbler,12,2,Dec_W2,0.0,335.0
Mourning Warbler,12,3,Dec_W3,0.0,681.0
Mourning Warbler,12,4,Dec_W4,0.0,600.0
Kentucky Warbler,1,1,Jan_W1,0.0,823.0
Kentucky Warbler,1,2,Jan_W2,0.0,535.0
Kentucky Warbler,1,3,Jan_W3,0.0,472.0
Kentucky Warbler,1,4,Jan_W4,0.0,644.0
Kentucky Warbler,2,1,Feb_W1,0.0,490.0
Kentucky Warbler,2,2,Feb_W2,0.0,589.0
Kentucky Warbler,2,3,Feb_W3,0.0,787.0
Kentucky Warbler,2,4,Feb_W4,0.0,427.0
Kentucky Warbler,3,1,Mar_W1,0.0,558.0
Kentucky Warbler,3,2,Mar_W2,0.0,649.0
Kentucky Warbler,3,3,Mar_W3,0.0,710.0
Kentucky Warbler,3,4,Mar_W4,0.0,1110.0
Kentucky Warbler,4,1,Apr_W1,0.0,899.0
Kentucky Warbler,4,2,Apr_W2,0.0,1344.0
Kentucky Warbler,4,3,Apr_W3,0.0,1035.0
Kentucky Warbler,4,4,Apr_W4,0.0,1332.0
Kentucky Warbler,5,1,May_W1,0.0,1283.0
Kentucky Warbler,5,2,May_W2,0.0015,1542.0
Kentucky Warbler,5,3,May_W3,0.0,1501.0
Kentucky Warbler,5,4,May_W4,0.0004382,2282.0
Kentucky Warbler,6,1,Jun_W1,0.0,1513.0
Kentucky Warbler,6,2,Jun_W2,0.0,1400.0
Kentucky Warbler,6,3,Jun_W3,0.0,1497.0
Kentucky Warbler,6,4,Jun_W4,0.0,1607.0
Kentucky Warbler,7,1,Jul_W1,0.0,1280.0
Kentucky Warbler,7,2,Jul_W2,0.0,1137.0
Kentucky Warbler,7,3,Jul_W3,0.0,1132.0
Kentucky Warbler,7,4,Jul_W4,0.0,1448.0
Kentucky Warbler,8,1,Aug_W1,0.0,1001.0
Kentucky Warbler,8,2,Aug_W2,0.0,804.0
Kentucky Warbler,8,3,Aug_W3,0.0,836.0
Kentucky Warbler,8,4,Aug_W4,0.0,1035.0
Kentucky Warbler,9,1,Sep_W1,0.0,634.0
Kentucky Warbler,9,2,Sep_W2,0.0,819.0
Kentucky Warbler,9,3,Sep_W3,0.0,657.0
Kentucky Warbler,9,4,Sep_W4,0.0,766.0
Kentucky Warbler,10,1,Oct_W1,0.0,505.0
Kentucky Warbler,10,2,Oct_W2,0.0,568.0
Kentucky Warbler,10,3,Oct_W3,0.0,523.0
Kentucky Warbler,10,4,Oct_W4,0.0,632.0
Kentucky Warbler,11,1,Nov_W1,0.0,369.0
Kentucky Warbler,11,2,Nov_W2,0.0,337.0
Kentucky Warbler,11,3,Nov_W3,0.0,346.0
Kentucky Warbler,11,4,Nov_W4,0.0,492.0
Kentucky Warbler,12,1,Dec_W1,0.0,303.0
Kentucky Warbler,12,2,Dec_W2,0.0,335.0
Kentucky Warbler,12,3,Dec_W3,0.0,681.0
Kentucky Warbler,12,4,Dec_W4,0.0,600.0
Common Yellowthroat,1,1,Jan_W1,0.0,823.0
Common Yellowthroat,1,2,Jan_W2,0.0,535.0
Common Yellowthroat,1,3,Jan_W3,0.0,472.0
Common Yellowthroat,1,4,Jan_W4,0.0,644.0
Common Yellowthroat,2,1,Feb_W1,0.0,490.0
Common Yellowthroat,2,2,Feb_W2,0.0,589.0
Common Yellowthroat,2,3,Feb_W3,0.0,787.0
Common Yellowthroat,2,4,Feb_W4,0.0,427.0
Common Yellowthroat,3,1,Mar_W1,0.0,558.0
Common Yellowthroat,3,2,Mar_W2,0.0,649.0
Common Yellowthroat,3,3,Mar_W3,0.0,710.0
Common Yellowthroat,3,4,Mar_W4,0.0,1110.0
Common Yellowthroat,4,1,Apr_W1,0.0,899.0
Common Yellowthroat,4,2,Apr_W2,0.0,1344.0
Common Yellowthroat,4,3,Apr_W3,0.0,1035.0
Common Yellowthroat,4,4,Apr_W4,0.0015015,1332.0
Common Yellowthroat,5,1,May_W1,0.0475448,1283.0
Common Yellowthroat,5,2,May_W2,0.1854734,1542.0
Common Yellowthroat,5,3,May_W3,0.3424384,1501.0
Common Yellowthroat,5,4,May_W4,0.3567046,2282.0
Common Yellowthroat,6,1,Jun_W1,0.2994052,1513.0
Common Yellowthroat,6,2,Jun_W2,0.2678571,1400.0
Common Yellowthroat,6,3,Jun_W3,0.240481,1497.0
Common Yellowthroat,6,4,Jun_W4,0.2433105,1607.0
Common Yellowthroat,7,1,Jul_W1,0.2523437,1280.0
Common Yellowthroat,7,2,Jul_W2,0.2145998,1137.0
Common Yellowthroat,7,3,Jul_W3,0.1881625,1132.0
Common Yellowthroat,7,4,Jul_W4,0.1574586,1448.0
Common Yellowthroat,8,1,Aug_W1,0.1248751,1001.0
Common Yellowthroat,8,2,Aug_W2,0.0758706,804.0
Common Yellowthroat,8,3,Aug_W3,0.0837321,836.0
Common Yellowthroat,8,4,Aug_W4,0.0850242,1035.0
Common Yellowthroat,9,1,Sep_W1,0.1119874,634.0
Common Yellowthroat,9,2,Sep_W2,0.1123321,819.0
Common Yellowthroat,9,3,Sep_W3,0.0684932,657.0
Common Yellowthroat,9,4,Sep_W4,0.0469974,766.0
Common Yellowthroat,10,1,Oct_W1,0.0178218,505.0
Common Yellowthroat,10,2,Oct_W2,0.0017606,568.0
Common Yellowthroat,10,3,Oct_W3,0.0,523.0
Common Yellowthroat,10,4,Oct_W4,0.0031646,632.0
Common Yellowthroat,11,1,Nov_W1,0.0,369.0
Common Yellowthroat,11,2,Nov_W2,0.0,337.0
Common Yellowthroat,11,3,Nov_W3,0.0,346.0
Common Yellowthroat,11,4,Nov_W4,0.0,492.0
Common Yellowthroat,12,1,Dec_W1,0.0,303.0
Common Yellowthroat,12,2,Dec_W2,0.0,335.0
Common Yellowthroat,12,3,Dec_W3,0.0,681.0
Common Yellowthroat,12,4,Dec_W4,0.0,600.0
Hooded Warbler,1,1,Jan_W1,0.0,823.0
Hooded Warbler,1,2,Jan_W2,0.0,535.0
Hooded Warbler,1,3,Jan_W3,0.0,472.0
Hooded Warbler,1,4,Jan_W4,0.0,644.0
Hooded Warbler,2,1,Feb_W1,0.0,490.0
Hooded Warbler,2,2,Feb_W2,0.0,589.0
Hooded Warbler,2,3,Feb_W3,0.0,787.0
Hooded Warbler,2,4,Feb_W4,0.0,427.0
Hooded Warbler,3,1,Mar_W1,0.0,558.0
Hooded Warbler,3,2,Mar_W2,0.0,649.0
Hooded Warbler,3,3,Mar_W3,0.0,710.0
Hooded Warbler,3,4,Mar_W4,0.0,1110.0
Hooded Warbler,4,1,Apr_W1,0.0,899.0
Hooded Warbler,4,2,Apr_W2,0.0,1344.0
Hooded Warbler,4,3,Apr_W3,0.0,1035.0
Hooded Warbler,4,4,Apr_W4,0.0,1332.0
Hooded Warbler,5,1,May_W1,0.0007794,1283.0
Hooded Warbler,5,2,May_W2,0.002594,1542.0
Hooded Warbler,5,3,May_W3,0.005996,1501.0
Hooded Warbler,5,4,May_W4,0.0109553,2282.0
Hooded Warbler,6,1,Jun_W1,0.0138797,1513.0
Hooded Warbler,6,2,Jun_W2,0.0092857,1400.0
Hooded Warbler,6,3,Jun_W3,0.010688,1497.0
Hooded Warbler,6,4,Jun_W4,0.0043559,1607.0
Hooded Warbler,7,1,Jul_W1,0.0078125,1280.0
Hooded Warbler,7,2,Jul_W2,0.0043975,1137.0
Hooded Warbler,7,3,Jul_W3,0.0053004,1132.0
Hooded Warbler,7,4,Jul_W4,0.0013812,1448.0
Hooded Warbler,8,1,Aug_W1,0.000999,1001.0
Hooded Warbler,8,2,Aug_W2,0.0024876,804.0
Hooded Warbler,8,3,Aug_W3,0.0011962,836.0
Hooded Warbler,8,4,Aug_W4,0.0019324,1035.0
Hooded Warbler,9,1,Sep_W1,0.0,634.0
Hooded Warbler,9,2,Sep_W2,0.0,819.0
Hooded Warbler,9,3,Sep_W3,0.0,657.0
Hooded Warbler,9,4,Sep_W4,0.0,766.0
Hooded Warbler,10,1,Oct_W1,0.0,505.0
Hooded Warbler,10,2,Oct_W2,0.0,568.0
Hooded Warbler,10,3,Oct_W3,0.0,523.0
Hooded Warbler,10,4,Oct_W4,0.0,632.0
Hooded Warbler,11,1,Nov_W1,0.0,369.0
Hooded Warbler,11,2,Nov_W2,0.0,337.0
Hooded Warbler,11,3,Nov_W3,0.0,346.0
Hooded Warbler,11,4,Nov_W4,0.0,492.0
Hooded Warbler,12,1,Dec_W1,0.0,303.0
Hooded Warbler,12,2,Dec_W2,0.0,335.0
Hooded Warbler,12,3,Dec_W3,0.0,681.0
Hooded Warbler,12,4,Dec_W4,0.0,600.0
American Redstart,1,1,Jan_W1,0.0,823.0
American Redstart,1,2,Jan_W2,0.0,535.0
American Redstart,1,3,Jan_W3,0.0,472.0
American Redstart,1,4,Jan_W4,0.0,644.0
American Redstart,2,1,Feb_W1,0.0,490.0
American Redstart,2,2,Feb_W2,0.0,589.0
American Redstart,2,3,Feb_W3,0.0,787.0
American Redstart,2,4,Feb_W4,0.0,427.0
American Redstart,3,1,Mar_W1,0.0,558.0
American Redstart,3,2,Mar_W2,0.0,649.0
American Redstart,3,3,Mar_W3,0.0,710.0
American Redstart,3,4,Mar_W4,0.0,1110.0
American Redstart,4,1,Apr_W1,0.0,899.0
American Redstart,4,2,Apr_W2,0.0,1344.0
American Redstart,4,3,Apr_W3,0.0,1035.0
American Redstart,4,4,Apr_W4,0.0015,1332.0
American Redstart,5,1,May_W1,0.0265004,1283.0
American Redstart,5,2,May_W2,0.271725,1542.0
American Redstart,5,3,May_W3,0.5649567,1501.0
American Redstart,5,4,May_W4,0.5753725,2282.0
American Redstart,6,1,Jun_W1,0.5234633,1513.0
American Redstart,6,2,Jun_W2,0.505,1400.0
American Redstart,6,3,Jun_W3,0.4649299,1497.0
American Redstart,6,4,Jun_W4,0.4492844,1607.0
American Redstart,7,1,Jul_W1,0.4328125,1280.0
American Redstart,7,2,Jul_W2,0.3817062,1137.0
American Redstart,7,3,Jul_W3,0.3171378,1132.0
American Redstart,7,4,Jul_W4,0.1878453,1448.0
American Redstart,8,1,Aug_W1,0.1818182,1001.0
American Redstart,8,2,Aug_W2,0.1467662,804.0
American Redstart,8,3,Aug_W3,0.145933,836.0
American Redstart,8,4,Aug_W4,0.1681159,1035.0
American Redstart,9,1,Sep_W1,0.1561514,634.0
American Redstart,9,2,Sep_W2,0.1306471,819.0
American Redstart,9,3,Sep_W3,0.0502283,657.0
American Redstart,9,4,Sep_W4,0.0169713,766.0
American Redstart,10,1,Oct_W1,0.0039604,505.0
American Redstart,10,2,Oct_W2,0.0,568.0
American Redstart,10,3,Oct_W3,0.001912,523.0
American Redstart,10,4,Oct_W4,0.0,632.0
American Redstart,11,1,Nov_W1,0.0,369.0
American Redstart,11,2,Nov_W2,0.0,337.0
American Redstart,11,3,Nov_W3,0.0,346.0
American Redstart,11,4,Nov_W4,0.0,492.0
American Redstart,12,1,Dec_W1,0.0,303.0
American Redstart,12,2,Dec_W2,0.0,335.0
American Redstart,12,3,Dec_W3,0.0,681.0
American Redstart,12,4,Dec_W4,0.0,600.0
Cape May Warbler,1,1,Jan_W1,0.0,823.0
Cape May Warbler,1,2,Jan_W2,0.0,535.0
Cape May Warbler,1,3,Jan_W3,0.0,472.0
Cape May Warbler,1,4,Jan_W4,0.0,644.0
Cape May Warbler,2,1,Feb_W1,0.0,490.0
Cape May Warbler,2,2,Feb_W2,0.0,589.0
Cape May Warbler,2,3,Feb_W3,0.0,787.0
Cape May Warbler,2,4,Feb_W4,0.0,427.0
Cape May Warbler,3,1,Mar_W1,0.0,558.0
Cape May Warbler,3,2,Mar_W2,0.0,649.0
Cape May Warbler,3,3,Mar_W3,0.0,710.0
Cape May Warbler,3,4,Mar_W4,0.0,1110.0
Cape May Warbler,4,1,Apr_W1,0.0,899.0
Cape May Warbler,4,2,Apr_W2,0.0,1344.0
Cape May Warbler,4,3,Apr_W3,0.0,1035.0
Cape May Warbler,4,4,Apr_W4,0.0015015,1332.0
Cape May Warbler,5,1,May_W1,0.0194856,1283.0
Cape May Warbler,5,2,May_W2,0.0661479,1542.0
Cape May Warbler,5,3,May_W3,0.0852765,1501.0
Cape May Warbler,5,4,May_W4,0.0232252,2282.0
Cape May Warbler,6,1,Jun_W1,0.0019828,1513.0
Cape May Warbler,6,2,Jun_W2,0.0,1400.0
Cape May Warbler,6,3,Jun_W3,0.0,1497.0
Cape May Warbler,6,4,Jun_W4,0.0,1607.0
Cape May Warbler,7,1,Jul_W1,0.0,1280.0
Cape May Warbler,7,2,Jul_W2,0.0,1137.0
Cape May Warbler,7,3,Jul_W3,0.0,1132.0
Cape May Warbler,7,4,Jul_W4,0.0,1448.0
Cape May Warbler,8,1,Aug_W1,0.000999,1001.0
Cape May Warbler,8,2,Aug_W2,0.0024876,804.0
Cape May Warbler,8,3,Aug_W3,0.0143541,836.0
Cape May Warbler,8,4,Aug_W4,0.0425121,1035.0
Cape May Warbler,9,1,Sep_W1,0.0299685,634.0
Cape May Warbler,9,2,Sep_W2,0.023199,819.0
Cape May Warbler,9,3,Sep_W3,0.0060883,657.0
Cape May Warbler,9,4,Sep_W4,0.0013055,766.0
Cape May Warbler,10,1,Oct_W1,0.0,505.0
Cape May Warbler,10,2,Oct_W2,0.0,568.0
Cape May Warbler,10,3,Oct_W3,0.0,523.0
Cape May Warbler,10,4,Oct_W4,0.0,632.0
Cape May Warbler,11,1,Nov_W1,0.0,369.0
Cape May Warbler,11,2,Nov_W2,0.0,337.0
Cape May Warbler,11,3,Nov_W3,0.0,346.0
Cape May Warbler,11,4,Nov_W4,0.0,492.0
Cape May Warbler,12,1,Dec_W1,0.0,303.0
Cape May Warbler,12,2,Dec_W2,0.0,335.0
Cape May Warbler,12,3,Dec_W3,0.0,681.0
Cape May Warbler,12,4,Dec_W4,0.0,600.0
Cerulean Warbler,1,1,Jan_W1,0.0,823.0
Cerulean Warbler,1,2,Jan_W2,0.0,535.0
Cerulean Warbler,1,3,Jan_W3,0.0,472.0
Cerulean Warbler,1,4,Jan_W4,0.0,644.0
Cerulean Warbler,2,1,Feb_W1,0.0,490.0
Cerulean Warbler,2,2,Feb_W2,0.0,589.0
Cerulean Warbler,2,3,Feb_W3,0.0,787.0
Cerulean Warbler,2,4,Feb_W4,0.0,427.0
Cerulean Warbler,3,1,Mar_W1,0.0,558.0
Cerulean Warbler,3,2,Mar_W2,0.0,649.0
Cerulean Warbler,3,3,Mar_W3,0.0,710.0
Cerulean Warbler,3,4,Mar_W4,0.0,1110.0
Cerulean Warbler,4,1,Apr_W1,0.0,899.0
Cerulean Warbler,4,2,Apr_W2,0.0,1344.0
Cerulean Warbler,4,3,Apr_W3,0.0,1035.0
Cerulean Warbler,4,4,Apr_W4,0.0,1332.0
Cerulean Warbler,5,1,May_W1,0.0,1283.0
Cerulean Warbler,5,2,May_W2,0.0,1542.0
Cerulean Warbler,5,3,May_W3,0.0006662,1501.0
Cerulean Warbler,5,4,May_W4,0.0004382,2282.0
Cerulean Warbler,6,1,Jun_W1,0.0006609,1513.0
Cerulean Warbler,6,2,Jun_W2,0.0015,1400.0
Cerulean Warbler,6,3,Jun_W3,0.000668,1497.0
Cerulean Warbler,6,4,Jun_W4,0.0024891,1607.0
Cerulean Warbler,7,1,Jul_W1,0.0,1280.0
Cerulean Warbler,7,2,Jul_W2,0.0,1137.0
Cerulean Warbler,7,3,Jul_W3,0.0,1132.0
Cerulean Warbler,7,4,Jul_W4,0.0,1448.0
Cerulean Warbler,8,1,Aug_W1,0.0,1001.0
Cerulean Warbler,8,2,Aug_W2,0.0,804.0
Cerulean Warbler,8,3,Aug_W3,0.0,836.0
Cerulean Warbler,8,4,Aug_W4,0.0,1035.0
Cerulean Warbler,9,1,Sep_W1,0.0,634.0
Cerulean Warbler,9,2,Sep_W2,0.0,819.0
Cerulean Warbler,9,3,Sep_W3,0.0,657.0
Cerulean Warbler,9,4,Sep_W4,0.0,766.0
Cerulean Warbler,10,1,Oct_W1,0.0,505.0
Cerulean Warbler,10,2,Oct_W2,0.0,568.0
Cerulean Warbler,10,3,Oct_W3,0.0,523.0
Cerulean Warbler,10,4,Oct_W4,0.0,632.0
Cerulean Warbler,11,1,Nov_W1,0.0,369.0
Cerulean Warbler,11,2,Nov_W2,0.0,337.0
Cerulean Warbler,11,3,Nov_W3,0.0,346.0
Cerulean Warbler,11,4,Nov_W4,0.0,492.0
Cerulean Warbler,12,1,Dec_W1,0.0,303.0
Cerulean Warbler,12,2,Dec_W2,0.0,335.0
Cerulean Warbler,12,3,Dec_W3,0.0,681.0
Cerulean Warbler,12,4,Dec_W4,0.0,600.0
Northern Parula,1,1,Jan_W1,0.0,823.0
Northern Parula,1,2,Jan_W2,0.0,535.0
Northern Parula,1,3,Jan_W3,0.0,472.0
Northern Parula,1,4,Jan_W4,0.0,644.0
Northern Parula,2,1,Feb_W1,0.0,490.0
Northern Parula,2,2,Feb_W2,0.0,589.0
Northern Parula,2,3,Feb_W3,0.0,787.0
Northern Parula,2,4,Feb_W4,0.0,427.0
Northern Parula,3,1,Mar_W1,0.0,558.0
Northern Parula,3,2,Mar_W2,0.0,649.0
Northern Parula,3,3,Mar_W3,0.0,710.0
Northern Parula,3,4,Mar_W4,0.0,1110.0
Northern Parula,4,1,Apr_W1,0.0,899.0
Northern Parula,4,2,Apr_W2,0.0,1344.0
Northern Parula,4,3,Apr_W3,0.0,1035.0
Northern Parula,4,4,Apr_W4,0.0,1332.0
Northern Parula,5,1,May_W1,0.0038971,1283.0
Northern Parula,5,2,May_W2,0.0557717,1542.0
Northern Parula,5,3,May_W3,0.0846103,1501.0
Northern Parula,5,4,May_W4,0.0368098,2282.0
Northern Parula,6,1,Jun_W1,0.0052875,1513.0
Northern Parula,6,2,Jun_W2,0.0021429,1400.0
Northern Parula,6,3,Jun_W3,0.001336,1497.0
Northern Parula,6,4,Jun_W4,0.0049782,1607.0
Northern Parula,7,1,Jul_W1,0.0007813,1280.0
Northern Parula,7,2,Jul_W2,0.0,1137.0
Northern Parula,7,3,Jul_W3,0.0008834,1132.0
Northern Parula,7,4,Jul_W4,0.0006906,1448.0
Northern Parula,8,1,Aug_W1,0.0,1001.0
Northern Parula,8,2,Aug_W2,0.0,804.0
Northern Parula,8,3,Aug_W3,0.0047847,836.0
Northern Parula,8,4,Aug_W4,0.0048309,1035.0
Northern Parula,9,1,Sep_W1,0.0047319,634.0
Northern Parula,9,2,Sep_W2,0.009768,819.0
Northern Parula,9,3,Sep_W3,0.0,657.0
Northern Parula,9,4,Sep_W4,0.002611,766.0
Northern Parula,10,1,Oct_W1,0.0015,505.0
Northern Parula,10,2,Oct_W2,0.0,568.0
Northern Parula,10,3,Oct_W3,0.0,523.0
Northern Parula,10,4,Oct_W4,0.0,632.0
Northern Parula,11,1,Nov_W1,0.0,369.0
Northern Parula,11,2,Nov_W2,0.0,337.0
Northern Parula,11,3,Nov_W3,0.0,346.0
Northern Parula,11,4,Nov_W4,0.0,492.0
Northern Parula,12,1,Dec_W1,0.0,303.0
Northern Parula,12,2,Dec_W2,0.0,335.0
Northern Parula,12,3,Dec_W3,0.0,681.0
Northern Parula,12,4,Dec_W4,0.0,600.0
Magnolia Warbler,1,1,Jan_W1,0.0,823.0
Magnolia Warbler,1,2,Jan_W2,0.0,535.0
Magnolia Warbler,1,3,Jan_W3,0.0,472.0
Magnolia Warbler,1,4,Jan_W4,0.0,644.0
Magnolia Warbler,2,1,Feb_W1,0.0,490.0
Magnolia Warbler,2,2,Feb_W2,0.0,589.0
Magnolia Warbler,2,3,Feb_W3,0.0,787.0
Magnolia Warbler,2,4,Feb_W4,0.0,427.0
Magnolia Warbler,3,1,Mar_W1,0.0,558.0
Magnolia Warbler,3,2,Mar_W2,0.0,649.0
Magnolia Warbler,3,3,Mar_W3,0.0,710.0
Magnolia Warbler,3,4,Mar_W4,0.0,1110.0
Magnolia Warbler,4,1,Apr_W1,0.0,899.0
Magnolia Warbler,4,2,Apr_W2,0.0,1344.0
Magnolia Warbler,4,3,Apr_W3,0.0,1035.0
Magnolia Warbler,4,4,Apr_W4,0.0,1332.0
Magnolia Warbler,5,1,May_W1,0.0038971,1283.0
Magnolia Warbler,5,2,May_W2,0.0544747,1542.0
Magnolia Warbler,5,3,May_W3,0.1379081,1501.0
Magnolia Warbler,5,4,May_W4,0.0705521,2282.0
Magnolia Warbler,6,1,Jun_W1,0.0191672,1513.0
Magnolia Warbler,6,2,Jun_W2,0.0164286,1400.0
Magnolia Warbler,6,3,Jun_W3,0.0167001,1497.0
Magnolia Warbler,6,4,Jun_W4,0.0080896,1607.0
Magnolia Warbler,7,1,Jul_W1,0.0085938,1280.0
Magnolia Warbler,7,2,Jul_W2,0.0096746,1137.0
Magnolia Warbler,7,3,Jul_W3,0.0070671,1132.0
Magnolia Warbler,7,4,Jul_W4,0.0089779,1448.0
Magnolia Warbler,8,1,Aug_W1,0.001998,1001.0
Magnolia Warbler,8,2,Aug_W2,0.0024876,804.0
Magnolia Warbler,8,3,Aug_W3,0.0191388,836.0
Magnolia Warbler,8,4,Aug_W4,0.0347826,1035.0
Magnolia Warbler,9,1,Sep_W1,0.0283912,634.0
Magnolia Warbler,9,2,Sep_W2,0.020757,819.0
Magnolia Warbler,9,3,Sep_W3,0.0091324,657.0
Magnolia Warbler,9,4,Sep_W4,0.0091384,766.0
Magnolia Warbler,10,1,Oct_W1,0.0019802,505.0
Magnolia Warbler,10,2,Oct_W2,0.0015,568.0
Magnolia Warbler,10,3,Oct_W3,0.0,523.0
Magnolia Warbler,10,4,Oct_W4,0.0,632.0
Magnolia Warbler,11,1,Nov_W1,0.0,369.0
Magnolia Warbler,11,2,Nov_W2,0.0,337.0
Magnolia Warbler,11,3,Nov_W3,0.0,346.0
Magnolia Warbler,11,4,Nov_W4,0.0,492.0
Magnolia Warbler,12,1,Dec_W1,0.0,303.0
Magnolia Warbler,12,2,Dec_W2,0.0,335.0
Magnolia Warbler,12,3,Dec_W3,0.0,681.0
Magnolia Warbler,12,4,Dec_W4,0.0,600.0
Bay-breasted Warbler,1,1,Jan_W1,0.0,823.0
Bay-breasted Warbler,1,2,Jan_W2,0.0,535.0
Bay-breasted Warbler,1,3,Jan_W3,0.0,472.0
Bay-breasted Warbler,1,4,Jan_W4,0.0,644.0
Bay-breasted Warbler,2,1,Feb_W1,0.0,490.0
Bay-breasted Warbler,2,2,Feb_W2,0.0,589.0
Bay-breasted Warbler,2,3,Feb_W3,0.0,787.0
Bay-breasted Warbler,2,4,Feb_W4,0.0,427.0
Bay-breasted Warbler,3,1,Mar_W1,0.0,558.0
Bay-breasted Warbler,3,2,Mar_W2,0.0,649.0
Bay-breasted Warbler,3,3,Mar_W3,0.0,710.0
Bay-breasted Warbler,3,4,Mar_W4,0.0,1110.0
Bay-breasted Warbler,4,1,Apr_W1,0.0,899.0
Bay-breasted Warbler,4,2,Apr_W2,0.0,1344.0
Bay-breasted Warbler,4,3,Apr_W3,0.0,1035.0
Bay-breasted Warbler,4,4,Apr_W4,0.0,1332.0
Bay-breasted Warbler,5,1,May_W1,0.0015588,1283.0
Bay-breasted Warbler,5,2,May_W2,0.0188067,1542.0
Bay-breasted Warbler,5,3,May_W3,0.0519654,1501.0
Bay-breasted Warbler,5,4,May_W4,0.0276074,2282.0
Bay-breasted Warbler,6,1,Jun_W1,0.0,1513.0
Bay-breasted Warbler,6,2,Jun_W2,0.0,1400.0
Bay-breasted Warbler,6,3,Jun_W3,0.0,1497.0
Bay-breasted Warbler,6,4,Jun_W4,0.0,1607.0
Bay-breasted Warbler,7,1,Jul_W1,0.0,1280.0
Bay-breasted Warbler,7,2,Jul_W2,0.0,1137.0
Bay-breasted Warbler,7,3,Jul_W3,0.0,1132.0
Bay-breasted Warbler,7,4,Jul_W4,0.0,1448.0
Bay-breasted Warbler,8,1,Aug_W1,0.0,1001.0
Bay-breasted Warbler,8,2,Aug_W2,0.0,804.0
Bay-breasted Warbler,8,3,Aug_W3,0.0119617,836.0
Bay-breasted Warbler,8,4,Aug_W4,0.0396135,1035.0
Bay-breasted Warbler,9,1,Sep_W1,0.0347003,634.0
Bay-breasted Warbler,9,2,Sep_W2,0.020757,819.0
Bay-breasted Warbler,9,3,Sep_W3,0.0076104,657.0
Bay-breasted Warbler,9,4,Sep_W4,0.0039164,766.0
Bay-breasted Warbler,10,1,Oct_W1,0.0019802,505.0
Bay-breasted Warbler,10,2,Oct_W2,0.0,568.0
Bay-breasted Warbler,10,3,Oct_W3,0.0,523.0
Bay-breasted Warbler,10,4,Oct_W4,0.0,632.0
Bay-breasted Warbler,11,1,Nov_W1,0.0,369.0
Bay-breasted Warbler,11,2,Nov_W2,0.0,337.0
Bay-breasted Warbler,11,3,Nov_W3,0.0,346.0
Bay-breasted Warbler,11,4,Nov_W4,0.0,492.0
Bay-breasted Warbler,12,1,Dec_W1,0.0,303.0
Bay-breasted Warbler,12,2,Dec_W2,0.0,335.0
Bay-breasted Warbler,12,3,Dec_W3,0.0,681.0
Bay-breasted Warbler,12,4,Dec_W4,0.0,600.0
Blackburnian Warbler,1,1,Jan_W1,0.0,823.0
Blackburnian Warbler,1,2,Jan_W2,0.0,535.0
Blackburnian Warbler,1,3,Jan_W3,0.0,472.0
Blackburnian Warbler,1,4,Jan_W4,0.0,644.0
Blackburnian Warbler,2,1,Feb_W1,0.0,490.0
Blackburnian Warbler,2,2,Feb_W2,0.0,589.0
Blackburnian Warbler,2,3,Feb_W3,0.0,787.0
Blackburnian Warbler,2,4,Feb_W4,0.0,427.0
Blackburnian Warbler,3,1,Mar_W1,0.0,558.0
Blackburnian Warbler,3,2,Mar_W2,0.0,649.0
Blackburnian Warbler,3,3,Mar_W3,0.0,710.0
Blackburnian Warbler,3,4,Mar_W4,0.0,1110.0
Blackburnian Warbler,4,1,Apr_W1,0.0,899.0
Blackburnian Warbler,4,2,Apr_W2,0.0,1344.0
Blackburnian Warbler,4,3,Apr_W3,0.0,1035.0
Blackburnian Warbler,4,4,Apr_W4,0.0,1332.0
Blackburnian Warbler,5,1,May_W1,0.0070148,1283.0
Blackburnian Warbler,5,2,May_W2,0.0525292,1542.0
Blackburnian Warbler,5,3,May_W3,0.0992672,1501.0
Blackburnian Warbler,5,4,May_W4,0.0692375,2282.0
Blackburnian Warbler,6,1,Jun_W1,0.0508923,1513.0
Blackburnian Warbler,6,2,Jun_W2,0.0492857,1400.0
Blackburnian Warbler,6,3,Jun_W3,0.0414162,1497.0
Blackburnian Warbler,6,4,Jun_W4,0.0323584,1607.0
Blackburnian Warbler,7,1,Jul_W1,0.028125,1280.0
Blackburnian Warbler,7,2,Jul_W2,0.0158311,1137.0
Blackburnian Warbler,7,3,Jul_W3,0.0088339,1132.0
Blackburnian Warbler,7,4,Jul_W4,0.0062155,1448.0
Blackburnian Warbler,8,1,Aug_W1,0.000999,1001.0
Blackburnian Warbler,8,2,Aug_W2,0.0049751,804.0
Blackburnian Warbler,8,3,Aug_W3,0.0095694,836.0
Blackburnian Warbler,8,4,Aug_W4,0.0222222,1035.0
Blackburnian Warbler,9,1,Sep_W1,0.0173502,634.0
Blackburnian Warbler,9,2,Sep_W2,0.004884,819.0
Blackburnian Warbler,9,3,Sep_W3,0.0030441,657.0
Blackburnian Warbler,9,4,Sep_W4,0.0013055,766.0
Blackburnian Warbler,10,1,Oct_W1,0.0019802,505.0
Blackburnian Warbler,10,2,Oct_W2,0.0,568.0
Blackburnian Warbler,10,3,Oct_W3,0.0,523.0
Blackburnian Warbler,10,4,Oct_W4,0.0,632.0
Blackburnian Warbler,11,1,Nov_W1,0.0,369.0
Blackburnian Warbler,11,2,Nov_W2,0.0,337.0
Blackburnian Warbler,11,3,Nov_W3,0.0,346.0
Blackburnian Warbler,11,4,Nov_W4,0.0,492.0
Blackburnian Warbler,12,1,Dec_W1,0.0,303.0
Blackburnian Warbler,12,2,Dec_W2,0.0,335.0
Blackburnian Warbler,12,3,Dec_W3,0.0,681.0
Blackburnian Warbler,12,4,Dec_W4,0.0,600.0
Northern Yellow Warbler,1,1,Jan_W1,0.0,823.0
Northern Yellow Warbler,1,2,Jan_W2,0.0,535.0
Northern Yellow Warbler,1,3,Jan_W3,0.0,472.0
Northern Yellow Warbler,1,4,Jan_W4,0.0,644.0
Northern Yellow Warbler,2,1,Feb_W1,0.0,490.0
Northern Yellow Warbler,2,2,Feb_W2,0.0,589.0
Northern Yellow Warbler,2,3,Feb_W3,0.0,787.0
Northern Yellow Warbler,2,4,Feb_W4,0.0,427.0
Northern Yellow Warbler,3,1,Mar_W1,0.0,558.0
Northern Yellow Warbler,3,2,Mar_W2,0.0,649.0
Northern Yellow Warbler,3,3,Mar_W3,0.0,710.0
Northern Yellow Warbler,3,4,Mar_W4,0.0,1110.0
Northern Yellow Warbler,4,1,Apr_W1,0.0,899.0
Northern Yellow Warbler,4,2,Apr_W2,0.0,1344.0
Northern Yellow Warbler,4,3,Apr_W3,0.0,1035.0
Northern Yellow Warbler,4,4,Apr_W4,0.003003,1332.0
Northern Yellow Warbler,5,1,May_W1,0.0717069,1283.0
Northern Yellow Warbler,5,2,May_W2,0.2185473,1542.0
Northern Yellow Warbler,5,3,May_W3,0.3064624,1501.0
Northern Yellow Warbler,5,4,May_W4,0.3220859,2282.0
Northern Yellow Warbler,6,1,Jun_W1,0.2676801,1513.0
Northern Yellow Warbler,6,2,Jun_W2,0.2228571,1400.0
Northern Yellow Warbler,6,3,Jun_W3,0.1917168,1497.0
Northern Yellow Warbler,6,4,Jun_W4,0.1630367,1607.0
Northern Yellow Warbler,7,1,Jul_W1,0.1226562,1280.0
Northern Yellow Warbler,7,2,Jul_W2,0.0615655,1137.0
Northern Yellow Warbler,7,3,Jul_W3,0.0627208,1132.0
Northern Yellow Warbler,7,4,Jul_W4,0.0607735,1448.0
Northern Yellow Warbler,8,1,Aug_W1,0.0649351,1001.0
Northern Yellow Warbler,8,2,Aug_W2,0.0335821,804.0
Northern Yellow Warbler,8,3,Aug_W3,0.0227273,836.0
Northern Yellow Warbler,8,4,Aug_W4,0.0144928,1035.0
Northern Yellow Warbler,9,1,Sep_W1,0.0094637,634.0
Northern Yellow Warbler,9,2,Sep_W2,0.004884,819.0
Northern Yellow Warbler,9,3,Sep_W3,0.0,657.0
Northern Yellow Warbler,9,4,Sep_W4,0.0,766.0
Northern Yellow Warbler,10,1,Oct_W1,0.0,505.0
Northern Yellow Warbler,10,2,Oct_W2,0.0,568.0
Northern Yellow Warbler,10,3,Oct_W3,0.0,523.0
Northern Yellow Warbler,10,4,Oct_W4,0.0,632.0
Northern Yellow Warbler,11,1,Nov_W1,0.0,369.0
Northern Yellow Warbler,11,2,Nov_W2,0.0,337.0
Northern Yellow Warbler,11,3,Nov_W3,0.0,346.0
Northern Yellow Warbler,11,4,Nov_W4,0.0,492.0
Northern Yellow Warbler,12,1,Dec_W1,0.0,303.0
Northern Yellow Warbler,12,2,Dec_W2,0.0,335.0
Northern Yellow Warbler,12,3,Dec_W3,0.0,681.0
Northern Yellow Warbler,12,4,Dec_W4,0.0,600.0
Chestnut-sided Warbler,1,1,Jan_W1,0.0,823.0
Chestnut-sided Warbler,1,2,Jan_W2,0.0,535.0
Chestnut-sided Warbler,1,3,Jan_W3,0.0,472.0
Chestnut-sided Warbler,1,4,Jan_W4,0.0,644.0
Chestnut-sided Warbler,2,1,Feb_W1,0.0,490.0
Chestnut-sided Warbler,2,2,Feb_W2,0.0,589.0
Chestnut-sided Warbler,2,3,Feb_W3,0.0,787.0
Chestnut-sided Warbler,2,4,Feb_W4,0.0,427.0
Chestnut-sided Warbler,3,1,Mar_W1,0.0,558.0
Chestnut-sided Warbler,3,2,Mar_W2,0.0,649.0
Chestnut-sided Warbler,3,3,Mar_W3,0.0,710.0
Chestnut-sided Warbler,3,4,Mar_W4,0.0,1110.0
Chestnut-sided Warbler,4,1,Apr_W1,0.0,899.0
Chestnut-sided Warbler,4,2,Apr_W2,0.0,1344.0
Chestnut-sided Warbler,4,3,Apr_W3,0.0,1035.0
Chestnut-sided Warbler,4,4,Apr_W4,0.0,1332.0
Chestnut-sided Warbler,5,1,May_W1,0.0046765,1283.0
Chestnut-sided Warbler,5,2,May_W2,0.0596628,1542.0
Chestnut-sided Warbler,5,3,May_W3,0.1712192,1501.0
Chestnut-sided Warbler,5,4,May_W4,0.1257669,2282.0
Chestnut-sided Warbler,6,1,Jun_W1,0.0984798,1513.0
Chestnut-sided Warbler,6,2,Jun_W2,0.0785714,1400.0
Chestnut-sided Warbler,6,3,Jun_W3,0.0674683,1497.0
Chestnut-sided Warbler,6,4,Jun_W4,0.0703174,1607.0
Chestnut-sided Warbler,7,1,Jul_W1,0.0710937,1280.0
Chestnut-sided Warbler,7,2,Jul_W2,0.058927,1137.0
Chestnut-sided Warbler,7,3,Jul_W3,0.040636,1132.0
Chestnut-sided Warbler,7,4,Jul_W4,0.0138122,1448.0
Chestnut-sided Warbler,8,1,Aug_W1,0.021978,1001.0
Chestnut-sided Warbler,8,2,Aug_W2,0.0211443,804.0
Chestnut-sided Warbler,8,3,Aug_W3,0.0143541,836.0
Chestnut-sided Warbler,8,4,Aug_W4,0.0270531,1035.0
Chestnut-sided Warbler,9,1,Sep_W1,0.0252366,634.0
Chestnut-sided Warbler,9,2,Sep_W2,0.003663,819.0
Chestnut-sided Warbler,9,3,Sep_W3,0.0030441,657.0
Chestnut-sided Warbler,9,4,Sep_W4,0.0013055,766.0
Chestnut-sided Warbler,10,1,Oct_W1,0.0,505.0
Chestnut-sided Warbler,10,2,Oct_W2,0.0,568.0
Chestnut-sided Warbler,10,3,Oct_W3,0.0,523.0
Chestnut-sided Warbler,10,4,Oct_W4,0.0,632.0
Chestnut-sided Warbler,11,1,Nov_W1,0.0,369.0
Chestnut-sided Warbler,11,2,Nov_W2,0.0,337.0
Chestnut-sided Warbler,11,3,Nov_W3,0.0,346.0
Chestnut-sided Warbler,11,4,Nov_W4,0.0,492.0
Chestnut-sided Warbler,12,1,Dec_W1,0.0,303.0
Chestnut-sided Warbler,12,2,Dec_W2,0.0,335.0
Chestnut-sided Warbler,12,3,Dec_W3,0.0,681.0
Chestnut-sided Warbler,12,4,Dec_W4,0.0,600.0
Blackpoll Warbler,1,1,Jan_W1,0.0,823.0
Blackpoll Warbler,1,2,Jan_W2,0.0,535.0
Blackpoll Warbler,1,3,Jan_W3,0.0,472.0
Blackpoll Warbler,1,4,Jan_W4,0.0,644.0
Blackpoll Warbler,2,1,Feb_W1,0.0,490.0
Blackpoll Warbler,2,2,Feb_W2,0.0,589.0
Blackpoll Warbler,2,3,Feb_W3,0.0,787.0
Blackpoll Warbler,2,4,Feb_W4,0.0,427.0
Blackpoll Warbler,3,1,Mar_W1,0.0,558.0
Blackpoll Warbler,3,2,Mar_W2,0.0,649.0
Blackpoll Warbler,3,3,Mar_W3,0.0,710.0
Blackpoll Warbler,3,4,Mar_W4,0.0,1110.0
Blackpoll Warbler,4,1,Apr_W1,0.0,899.0
Blackpoll Warbler,4,2,Apr_W2,0.0,1344.0
Blackpoll Warbler,4,3,Apr_W3,0.0,1035.0
Blackpoll Warbler,4,4,Apr_W4,0.0,1332.0
Blackpoll Warbler,5,1,May_W1,0.0023383,1283.0
Blackpoll Warbler,5,2,May_W2,0.0129702,1542.0
Blackpoll Warbler,5,3,May_W3,0.0499667,1501.0
Blackpoll Warbler,5,4,May_W4,0.0302366,2282.0
Blackpoll Warbler,6,1,Jun_W1,0.0,1513.0
Blackpoll Warbler,6,2,Jun_W2,0.0,1400.0
Blackpoll Warbler,6,3,Jun_W3,0.0,1497.0
Blackpoll Warbler,6,4,Jun_W4,0.0,1607.0
Blackpoll Warbler,7,1,Jul_W1,0.0,1280.0
Blackpoll Warbler,7,2,Jul_W2,0.0,1137.0
Blackpoll Warbler,7,3,Jul_W3,0.0,1132.0
Blackpoll Warbler,7,4,Jul_W4,0.0,1448.0
Blackpoll Warbler,8,1,Aug_W1,0.0,1001.0
Blackpoll Warbler,8,2,Aug_W2,0.0,804.0
Blackpoll Warbler,8,3,Aug_W3,0.0023923,836.0
Blackpoll Warbler,8,4,Aug_W4,0.0048309,1035.0
Blackpoll Warbler,9,1,Sep_W1,0.0252366,634.0
Blackpoll Warbler,9,2,Sep_W2,0.035409,819.0
Blackpoll Warbler,9,3,Sep_W3,0.0167428,657.0
Blackpoll Warbler,9,4,Sep_W4,0.0065274,766.0
Blackpoll Warbler,10,1,Oct_W1,0.0059406,505.0
Blackpoll Warbler,10,2,Oct_W2,0.0035211,568.0
Blackpoll Warbler,10,3,Oct_W3,0.0,523.0
Blackpoll Warbler,10,4,Oct_W4,0.0,632.0
Blackpoll Warbler,11,1,Nov_W1,0.0,369.0
Blackpoll Warbler,11,2,Nov_W2,0.0,337.0
Blackpoll Warbler,11,3,Nov_W3,0.0,346.0
Blackpoll Warbler,11,4,Nov_W4,0.0,492.0
Blackpoll Warbler,12,1,Dec_W1,0.0,303.0
Blackpoll Warbler,12,2,Dec_W2,0.0,335.0
Blackpoll Warbler,12,3,Dec_W3,0.0,681.0
Blackpoll Warbler,12,4,Dec_W4,0.0,600.0
Black-throated Blue Warbler,1,1,Jan_W1,0.0,823.0
Black-throated Blue Warbler,1,2,Jan_W2,0.0,535.0
Black-throated Blue Warbler,1,3,Jan_W3,0.0,472.0
Black-throated Blue Warbler,1,4,Jan_W4,0.0,644.0
Black-throated Blue Warbler,2,1,Feb_W1,0.0,490.0
Black-throated Blue Warbler,2,2,Feb_W2,0.0,589.0
Black-throated Blue Warbler,2,3,Feb_W3,0.0,787.0
Black-throated Blue Warbler,2,4,Feb_W4,0.0,427.0
Black-throated Blue Warbler,3,1,Mar_W1,0.0,558.0
Black-throated Blue Warbler,3,2,Mar_W2,0.0,649.0
Black-throated Blue Warbler,3,3,Mar_W3,0.0,710.0
Black-throated Blue Warbler,3,4,Mar_W4,0.0,1110.0
Black-throated Blue Warbler,4,1,Apr_W1,0.0,899.0
Black-throated Blue Warbler,4,2,Apr_W2,0.0,1344.0
Black-throated Blue Warbler,4,3,Apr_W3,0.0,1035.0
Black-throated Blue Warbler,4,4,Apr_W4,0.0007508,1332.0
Black-throated Blue Warbler,5,1,May_W1,0.0093531,1283.0
Black-throated Blue Warbler,5,2,May_W2,0.0609598,1542.0
Black-throated Blue Warbler,5,3,May_W3,0.1072618,1501.0
Black-throated Blue Warbler,5,4,May_W4,0.0670465,2282.0
Black-throated Blue Warbler,6,1,Jun_W1,0.0555188,1513.0
Black-throated Blue Warbler,6,2,Jun_W2,0.0407143,1400.0
Black-throated Blue Warbler,6,3,Jun_W3,0.0467602,1497.0
Black-throated Blue Warbler,6,4,Jun_W4,0.0385812,1607.0
Black-throated Blue Warbler,7,1,Jul_W1,0.046875,1280.0
Black-throated Blue Warbler,7,2,Jul_W2,0.0307828,1137.0
Black-throated Blue Warbler,7,3,Jul_W3,0.0309187,1132.0
Black-throated Blue Warbler,7,4,Jul_W4,0.015884,1448.0
Black-throated Blue Warbler,8,1,Aug_W1,0.005994,1001.0
Black-throated Blue Warbler,8,2,Aug_W2,0.0049751,804.0
Black-throated Blue Warbler,8,3,Aug_W3,0.0035885,836.0
Black-throated Blue Warbler,8,4,Aug_W4,0.0183575,1035.0
Black-throated Blue Warbler,9,1,Sep_W1,0.0141956,634.0
Black-throated Blue Warbler,9,2,Sep_W2,0.007326,819.0
Black-throated Blue Warbler,9,3,Sep_W3,0.0106545,657.0
Black-throated Blue Warbler,9,4,Sep_W4,0.002611,766.0
Black-throated Blue Warbler,10,1,Oct_W1,0.0059406,505.0
Black-throated Blue Warbler,10,2,Oct_W2,0.0017606,568.0
Black-throated Blue Warbler,10,3,Oct_W3,0.0,523.0
Black-throated Blue Warbler,10,4,Oct_W4,0.0,632.0
Black-throated Blue Warbler,11,1,Nov_W1,0.0,369.0
Black-throated Blue Warbler,11,2,Nov_W2,0.0,337.0
Black-throated Blue Warbler,11,3,Nov_W3,0.0,346.0
Black-throated Blue Warbler,11,4,Nov_W4,0.0,492.0
Black-throated Blue Warbler,12,1,Dec_W1,0.0,303.0
Black-throated Blue Warbler,12,2,Dec_W2,0.0,335.0
Black-throated Blue Warbler,12,3,Dec_W3,0.0,681.0
Black-throated Blue Warbler,12,4,Dec_W4,0.0,600.0
Palm Warbler,1,1,Jan_W1,0.0,823.0
Palm Warbler,1,2,Jan_W2,0.0,535.0
Palm Warbler,1,3,Jan_W3,0.0,472.0
Palm Warbler,1,4,Jan_W4,0.0,644.0
Palm Warbler,2,1,Feb_W1,0.0,490.0
Palm Warbler,2,2,Feb_W2,0.0,589.0
Palm Warbler,2,3,Feb_W3,0.0,787.0
Palm Warbler,2,4,Feb_W4,0.0,427.0
Palm Warbler,3,1,Mar_W1,0.0,558.0
Palm Warbler,3,2,Mar_W2,0.0,649.0
Palm Warbler,3,3,Mar_W3,0.0,710.0
Palm Warbler,3,4,Mar_W4,0.0,1110.0
Palm Warbler,4,1,Apr_W1,0.0011123,899.0
Palm Warbler,4,2,Apr_W2,0.000744,1344.0
Palm Warbler,4,3,Apr_W3,0.0038647,1035.0
Palm Warbler,4,4,Apr_W4,0.0533033,1332.0
Palm Warbler,5,1,May_W1,0.1745908,1283.0
Palm Warbler,5,2,May_W2,0.1984436,1542.0
Palm Warbler,5,3,May_W3,0.1572285,1501.0
Palm Warbler,5,4,May_W4,0.0236635,2282.0
Palm Warbler,6,1,Jun_W1,0.0019828,1513.0
Palm Warbler,6,2,Jun_W2,0.0,1400.0
Palm Warbler,6,3,Jun_W3,0.0,1497.0
Palm Warbler,6,4,Jun_W4,0.0,1607.0
Palm Warbler,7,1,Jul_W1,0.0,1280.0
Palm Warbler,7,2,Jul_W2,0.0,1137.0
Palm Warbler,7,3,Jul_W3,0.0,1132.0
Palm Warbler,7,4,Jul_W4,0.0,1448.0
Palm Warbler,8,1,Aug_W1,0.0,1001.0
Palm Warbler,8,2,Aug_W2,0.0,804.0
Palm Warbler,8,3,Aug_W3,0.0059809,836.0
Palm Warbler,8,4,Aug_W4,0.0038647,1035.0
Palm Warbler,9,1,Sep_W1,0.022082,634.0
Palm Warbler,9,2,Sep_W2,0.04884,819.0
Palm Warbler,9,3,Sep_W3,0.065449,657.0
Palm Warbler,9,4,Sep_W4,0.0691906,766.0
Palm Warbler,10,1,Oct_W1,0.1148515,505.0
Palm Warbler,10,2,Oct_W2,0.0264085,568.0
Palm Warbler,10,3,Oct_W3,0.0057361,523.0
Palm Warbler,10,4,Oct_W4,0.0015823,632.0
Palm Warbler,11,1,Nov_W1,0.00271,369.0
Palm Warbler,11,2,Nov_W2,0.0,337.0
Palm Warbler,11,3,Nov_W3,0.0,346.0
Palm Warbler,11,4,Nov_W4,0.0,492.0
Palm Warbler,12,1,Dec_W1,0.0,303.0
Palm Warbler,12,2,Dec_W2,0.0,335.0
Palm Warbler,12,3,Dec_W3,0.0,681.0
Palm Warbler,12,4,Dec_W4,0.0,600.0
Pine Warbler,1,1,Jan_W1,0.0,823.0
Pine Warbler,1,2,Jan_W2,0.0,535.0
Pine Warbler,1,3,Jan_W3,0.0,472.0
Pine Warbler,1,4,Jan_W4,0.0,644.0
Pine Warbler,2,1,Feb_W1,0.0,490.0
Pine Warbler,2,2,Feb_W2,0.0,589.0
Pine Warbler,2,3,Feb_W3,0.0,787.0
Pine Warbler,2,4,Feb_W4,0.0,427.0
Pine Warbler,3,1,Mar_W1,0.0,558.0
Pine Warbler,3,2,Mar_W2,0.0,649.0
Pine Warbler,3,3,Mar_W3,0.0,710.0
Pine Warbler,3,4,Mar_W4,0.0,1110.0
Pine Warbler,4,1,Apr_W1,0.0,899.0
Pine Warbler,4,2,Apr_W2,0.016369,1344.0
Pine Warbler,4,3,Apr_W3,0.0618357,1035.0
Pine Warbler,4,4,Apr_W4,0.1448949,1332.0
Pine Warbler,5,1,May_W1,0.2166797,1283.0
Pine Warbler,5,2,May_W2,0.2140078,1542.0
Pine Warbler,5,3,May_W3,0.1805463,1501.0
Pine Warbler,5,4,May_W4,0.179667,2282.0
Pine Warbler,6,1,Jun_W1,0.1890284,1513.0
Pine Warbler,6,2,Jun_W2,0.1878571,1400.0
Pine Warbler,6,3,Jun_W3,0.1837007,1497.0
Pine Warbler,6,4,Jun_W4,0.1785937,1607.0
Pine Warbler,7,1,Jul_W1,0.203125,1280.0
Pine Warbler,7,2,Jul_W2,0.1424802,1137.0
Pine Warbler,7,3,Jul_W3,0.1121908,1132.0
Pine Warbler,7,4,Jul_W4,0.0732044,1448.0
Pine Warbler,8,1,Aug_W1,0.023976,1001.0
Pine Warbler,8,2,Aug_W2,0.0223881,804.0
Pine Warbler,8,3,Aug_W3,0.0430622,836.0
Pine Warbler,8,4,Aug_W4,0.0560386,1035.0
Pine Warbler,9,1,Sep_W1,0.0457413,634.0
Pine Warbler,9,2,Sep_W2,0.0622711,819.0
Pine Warbler,9,3,Sep_W3,0.0745814,657.0
Pine Warbler,9,4,Sep_W4,0.0522193,766.0
Pine Warbler,10,1,Oct_W1,0.019802,505.0
Pine Warbler,10,2,Oct_W2,0.0017606,568.0
Pine Warbler,10,3,Oct_W3,0.0,523.0
Pine Warbler,10,4,Oct_W4,0.0,632.0
Pine Warbler,11,1,Nov_W1,0.0,369.0
Pine Warbler,11,2,Nov_W2,0.0,337.0
Pine Warbler,11,3,Nov_W3,0.0,346.0
Pine Warbler,11,4,Nov_W4,0.0,492.0
Pine Warbler,12,1,Dec_W1,0.0,303.0
Pine Warbler,12,2,Dec_W2,0.0,335.0
Pine Warbler,12,3,Dec_W3,0.0,681.0
Pine Warbler,12,4,Dec_W4,0.0,600.0
Yellow-rumped Warbler,1,1,Jan_W1,0.0,823.0
Yellow-rumped Warbler,1,2,Jan_W2,0.0,535.0
Yellow-rumped Warbler,1,3,Jan_W3,0.0015,472.0
Yellow-rumped Warbler,1,4,Jan_W4,0.0,644.0
Yellow-rumped Warbler,2,1,Feb_W1,0.0,490.0
Yellow-rumped Warbler,2,2,Feb_W2,0.0,589.0
Yellow-rumped Warbler,2,3,Feb_W3,0.0,787.0
Yellow-rumped Warbler,2,4,Feb_W4,0.0,427.0
Yellow-rumped Warbler,3,1,Mar_W1,0.0,558.0
Yellow-rumped Warbler,3,2,Mar_W2,0.0,649.0
Yellow-rumped Warbler,3,3,Mar_W3,0.0,710.0
Yellow-rumped Warbler,3,4,Mar_W4,0.0036036,1110.0
Yellow-rumped Warbler,4,1,Apr_W1,0.0111235,899.0
Yellow-rumped Warbler,4,2,Apr_W2,0.094494,1344.0
Yellow-rumped Warbler,4,3,Apr_W3,0.1140097,1035.0
Yellow-rumped Warbler,4,4,Apr_W4,0.1771772,1332.0
Yellow-rumped Warbler,5,1,May_W1,0.274357,1283.0
Yellow-rumped Warbler,5,2,May_W2,0.307393,1542.0
Yellow-rumped Warbler,5,3,May_W3,0.2571619,1501.0
Yellow-rumped Warbler,5,4,May_W4,0.107362,2282.0
Yellow-rumped Warbler,6,1,Jun_W1,0.0693985,1513.0
Yellow-rumped Warbler,6,2,Jun_W2,0.0564286,1400.0
Yellow-rumped Warbler,6,3,Jun_W3,0.0494322,1497.0
Yellow-rumped Warbler,6,4,Jun_W4,0.0553827,1607.0
Yellow-rumped Warbler,7,1,Jul_W1,0.053125,1280.0
Yellow-rumped Warbler,7,2,Jul_W2,0.0518909,1137.0
Yellow-rumped Warbler,7,3,Jul_W3,0.0556537,1132.0
Yellow-rumped Warbler,7,4,Jul_W4,0.031768,1448.0
Yellow-rumped Warbler,8,1,Aug_W1,0.023976,1001.0
Yellow-rumped Warbler,8,2,Aug_W2,0.0310945,804.0
Yellow-rumped Warbler,8,3,Aug_W3,0.0514354,836.0
Yellow-rumped Warbler,8,4,Aug_W4,0.0618357,1035.0
Yellow-rumped Warbler,9,1,Sep_W1,0.0835962,634.0
Yellow-rumped Warbler,9,2,Sep_W2,0.1086691,819.0
Yellow-rumped Warbler,9,3,Sep_W3,0.1567732,657.0
Yellow-rumped Warbler,9,4,Sep_W4,0.2624021,766.0
Yellow-rumped Warbler,10,1,Oct_W1,0.3247525,505.0
Yellow-rumped Warbler,10,2,Oct_W2,0.2570423,568.0
Yellow-rumped Warbler,10,3,Oct_W3,0.1376673,523.0
Yellow-rumped Warbler,10,4,Oct_W4,0.0189873,632.0
Yellow-rumped Warbler,11,1,Nov_W1,0.0054201,369.0
Yellow-rumped Warbler,11,2,Nov_W2,0.0029674,337.0
Yellow-rumped Warbler,11,3,Nov_W3,0.0,346.0
Yellow-rumped Warbler,11,4,Nov_W4,0.0020325,492.0
Yellow-rumped Warbler,12,1,Dec_W1,0.0,303.0
Yellow-rumped Warbler,12,2,Dec_W2,0.0,335.0
Yellow-rumped Warbler,12,3,Dec_W3,0.0,681.0
Yellow-rumped Warbler,12,4,Dec_W4,0.0,600.0
Prairie Warbler,1,1,Jan_W1,0.0,823.0
Prairie Warbler,1,2,Jan_W2,0.0,535.0
Prairie Warbler,1,3,Jan_W3,0.0,472.0
Prairie Warbler,1,4,Jan_W4,0.0,644.0
Prairie Warbler,2,1,Feb_W1,0.0,490.0
Prairie Warbler,2,2,Feb_W2,0.0,589.0
Prairie Warbler,2,3,Feb_W3,0.0,787.0
Prairie Warbler,2,4,Feb_W4,0.0,427.0
Prairie Warbler,3,1,Mar_W1,0.0,558.0
Prairie Warbler,3,2,Mar_W2,0.0,649.0
Prairie Warbler,3,3,Mar_W3,0.0,710.0
Prairie Warbler,3,4,Mar_W4,0.0,1110.0
Prairie Warbler,4,1,Apr_W1,0.0,899.0
Prairie Warbler,4,2,Apr_W2,0.0,1344.0
Prairie Warbler,4,3,Apr_W3,0.0,1035.0
Prairie Warbler,4,4,Apr_W4,0.0015015,1332.0
Prairie Warbler,5,1,May_W1,0.0007794,1283.0
Prairie Warbler,5,2,May_W2,0.0058366,1542.0
Prairie Warbler,5,3,May_W3,0.0146569,1501.0
Prairie Warbler,5,4,May_W4,0.022787,2282.0
Prairie Warbler,6,1,Jun_W1,0.0251157,1513.0
Prairie Warbler,6,2,Jun_W2,0.0235714,1400.0
Prairie Warbler,6,3,Jun_W3,0.0160321,1497.0
Prairie Warbler,6,4,Jun_W4,0.0130678,1607.0
Prairie Warbler,7,1,Jul_W1,0.0085938,1280.0
Prairie Warbler,7,2,Jul_W2,0.003518,1137.0
Prairie Warbler,7,3,Jul_W3,0.0008834,1132.0
Prairie Warbler,7,4,Jul_W4,0.0006906,1448.0
Prairie Warbler,8,1,Aug_W1,0.002997,1001.0
Prairie Warbler,8,2,Aug_W2,0.0012438,804.0
Prairie Warbler,8,3,Aug_W3,0.0,836.0
Prairie Warbler,8,4,Aug_W4,0.0009662,1035.0
Prairie Warbler,9,1,Sep_W1,0.0,634.0
Prairie Warbler,9,2,Sep_W2,0.001221,819.0
Prairie Warbler,9,3,Sep_W3,0.0,657.0
Prairie Warbler,9,4,Sep_W4,0.0,766.0
Prairie Warbler,10,1,Oct_W1,0.0,505.0
Prairie Warbler,10,2,Oct_W2,0.0,568.0
Prairie Warbler,10,3,Oct_W3,0.0,523.0
Prairie Warbler,10,4,Oct_W4,0.0,632.0
Prairie Warbler,11,1,Nov_W1,0.0,369.0
Prairie Warbler,11,2,Nov_W2,0.0,337.0
Prairie Warbler,11,3,Nov_W3,0.0,346.0
Prairie Warbler,11,4,Nov_W4,0.0,492.0
Prairie Warbler,12,1,Dec_W1,0.0,303.0
Prairie Warbler,12,2,Dec_W2,0.0,335.0
Prairie Warbler,12,3,Dec_W3,0.0,681.0
Prairie Warbler,12,4,Dec_W4,0.0,600.0
Black-throated Gray Warbler,1,1,Jan_W1,0.0,823.0
Black-throated Gray Warbler,1,2,Jan_W2,0.0,535.0
Black-throated Gray Warbler,1,3,Jan_W3,0.0,472.0
Black-throated Gray Warbler,1,4,Jan_W4,0.0,644.0
Black-throated Gray Warbler,2,1,Feb_W1,0.0,490.0
Black-throated Gray Warbler,2,2,Feb_W2,0.0,589.0
Black-throated Gray Warbler,2,3,Feb_W3,0.0,787.0
Black-throated Gray Warbler,2,4,Feb_W4,0.0,427.0
Black-throated Gray Warbler,3,1,Mar_W1,0.0,558.0
Black-throated Gray Warbler,3,2,Mar_W2,0.0,649.0
Black-throated Gray Warbler,3,3,Mar_W3,0.0,710.0
Black-throated Gray Warbler,3,4,Mar_W4,0.0,1110.0
Black-throated Gray Warbler,4,1,Apr_W1,0.0,899.0
Black-throated Gray Warbler,4,2,Apr_W2,0.0,1344.0
Black-throated Gray Warbler,4,3,Apr_W3,0.0,1035.0
Black-throated Gray Warbler,4,4,Apr_W4,0.0,1332.0
Black-throated Gray Warbler,5,1,May_W1,0.0,1283.0
Black-throated Gray Warbler,5,2,May_W2,0.0,1542.0
Black-throated Gray Warbler,5,3,May_W3,0.0,1501.0
Black-throated Gray Warbler,5,4,May_W4,0.0,2282.0
Black-throated Gray Warbler,6,1,Jun_W1,0.0,1513.0
Black-throated Gray Warbler,6,2,Jun_W2,0.0,1400.0
Black-throated Gray Warbler,6,3,Jun_W3,0.0,1497.0
Black-throated Gray Warbler,6,4,Jun_W4,0.0,1607.0
Black-throated Gray Warbler,7,1,Jul_W1,0.0,1280.0
Black-throated Gray Warbler,7,2,Jul_W2,0.0,1137.0
Black-throated Gray Warbler,7,3,Jul_W3,0.0,1132.0
Black-throated Gray Warbler,7,4,Jul_W4,0.0,1448.0
Black-throated Gray Warbler,8,1,Aug_W1,0.0,1001.0
Black-throated Gray Warbler,8,2,Aug_W2,0.0,804.0
Black-throated Gray Warbler,8,3,Aug_W3,0.0,836.0
Black-throated Gray Warbler,8,4,Aug_W4,0.0,1035.0
Black-throated Gray Warbler,9,1,Sep_W1,0.0,634.0
Black-throated Gray Warbler,9,2,Sep_W2,0.0,819.0
Black-throated Gray Warbler,9,3,Sep_W3,0.0,657.0
Black-throated Gray Warbler,9,4,Sep_W4,0.0,766.0
Black-throated Gray Warbler,10,1,Oct_W1,0.0,505.0
Black-throated Gray Warbler,10,2,Oct_W2,0.0,568.0
Black-throated Gray Warbler,10,3,Oct_W3,0.0,523.0
Black-throated Gray Warbler,10,4,Oct_W4,0.0,632.0
Black-throated Gray Warbler,11,1,Nov_W1,0.0,369.0
Black-throated Gray Warbler,11,2,Nov_W2,0.0,337.0
Black-throated Gray Warbler,11,3,Nov_W3,0.0,346.0
Black-throated Gray Warbler,11,4,Nov_W4,0.0020325,492.0
Black-throated Gray Warbler,12,1,Dec_W1,0.0,303.0
Black-throated Gray Warbler,12,2,Dec_W2,0.0,335.0
Black-throated Gray Warbler,12,3,Dec_W3,0.0,681.0
Black-throated Gray Warbler,12,4,Dec_W4,0.0,600.0
Black-throated Green Warbler,1,1,Jan_W1,0.0,823.0
Black-throated Green Warbler,1,2,Jan_W2,0.0,535.0
Black-throated Green Warbler,1,3,Jan_W3,0.0,472.0
Black-throated Green Warbler,1,4,Jan_W4,0.0,644.0
Black-throated Green Warbler,2,1,Feb_W1,0.0,490.0
Black-throated Green Warbler,2,2,Feb_W2,0.0,589.0
Black-throated Green Warbler,2,3,Feb_W3,0.0,787.0
Black-throated Green Warbler,2,4,Feb_W4,0.0,427.0
Black-throated Green Warbler,3,1,Mar_W1,0.0,558.0
Black-throated Green Warbler,3,2,Mar_W2,0.0,649.0
Black-throated Green Warbler,3,3,Mar_W3,0.0,710.0
Black-throated Green Warbler,3,4,Mar_W4,0.0,1110.0
Black-throated Green Warbler,4,1,Apr_W1,0.0,899.0
Black-throated Green Warbler,4,2,Apr_W2,0.0,1344.0
Black-throated Green Warbler,4,3,Apr_W3,0.0,1035.0
Black-throated Green Warbler,4,4,Apr_W4,0.009009,1332.0
Black-throated Green Warbler,5,1,May_W1,0.1200312,1283.0
Black-throated Green Warbler,5,2,May_W2,0.2399481,1542.0
Black-throated Green Warbler,5,3,May_W3,0.2931379,1501.0
Black-throated Green Warbler,5,4,May_W4,0.2217353,2282.0
Black-throated Green Warbler,6,1,Jun_W1,0.1844019,1513.0
Black-throated Green Warbler,6,2,Jun_W2,0.1557143,1400.0
Black-throated Green Warbler,6,3,Jun_W3,0.1536406,1497.0
Black-throated Green Warbler,6,4,Jun_W4,0.1642813,1607.0
Black-throated Green Warbler,7,1,Jul_W1,0.15,1280.0
Black-throated Green Warbler,7,2,Jul_W2,0.1372032,1137.0
Black-throated Green Warbler,7,3,Jul_W3,0.1007067,1132.0
Black-throated Green Warbler,7,4,Jul_W4,0.0662983,1448.0
Black-throated Green Warbler,8,1,Aug_W1,0.015984,1001.0
Black-throated Green Warbler,8,2,Aug_W2,0.011194,804.0
Black-throated Green Warbler,8,3,Aug_W3,0.0251196,836.0
Black-throated Green Warbler,8,4,Aug_W4,0.0492754,1035.0
Black-throated Green Warbler,9,1,Sep_W1,0.0268139,634.0
Black-throated Green Warbler,9,2,Sep_W2,0.035409,819.0
Black-throated Green Warbler,9,3,Sep_W3,0.0167428,657.0
Black-throated Green Warbler,9,4,Sep_W4,0.0130548,766.0
Black-throated Green Warbler,10,1,Oct_W1,0.009901,505.0
Black-throated Green Warbler,10,2,Oct_W2,0.0017606,568.0
Black-throated Green Warbler,10,3,Oct_W3,0.0,523.0
Black-throated Green Warbler,10,4,Oct_W4,0.0,632.0
Black-throated Green Warbler,11,1,Nov_W1,0.0,369.0
Black-throated Green Warbler,11,2,Nov_W2,0.0,337.0
Black-throated Green Warbler,11,3,Nov_W3,0.0,346.0
Black-throated Green Warbler,11,4,Nov_W4,0.0,492.0
Black-throated Green Warbler,12,1,Dec_W1,0.0,303.0
Black-throated Green Warbler,12,2,Dec_W2,0.0,335.0
Black-throated Green Warbler,12,3,Dec_W3,0.0,681.0
Black-throated Green Warbler,12,4,Dec_W4,0.0,600.0
Canada Warbler,1,1,Jan_W1,0.0,823.0
Canada Warbler,1,2,Jan_W2,0.0,535.0
Canada Warbler,1,3,Jan_W3,0.0,472.0
Canada Warbler,1,4,Jan_W4,0.0,644.0
Canada Warbler,2,1,Feb_W1,0.0,490.0
Canada Warbler,2,2,Feb_W2,0.0,589.0
Canada Warbler,2,3,Feb_W3,0.0,787.0
Canada Warbler,2,4,Feb_W4,0.0,427.0
Canada Warbler,3,1,Mar_W1,0.0,558.0
Canada Warbler,3,2,Mar_W2,0.0,649.0
Canada Warbler,3,3,Mar_W3,0.0,710.0
Canada Warbler,3,4,Mar_W4,0.0,1110.0
Canada Warbler,4,1,Apr_W1,0.0,899.0
Canada Warbler,4,2,Apr_W2,0.0,1344.0
Canada Warbler,4,3,Apr_W3,0.0,1035.0
Canada Warbler,4,4,Apr_W4,0.0,1332.0
Canada Warbler,5,1,May_W1,0.0,1283.0
Canada Warbler,5,2,May_W2,0.002594,1542.0
Canada Warbler,5,3,May_W3,0.0286476,1501.0
Canada Warbler,5,4,May_W4,0.0525855,2282.0
Canada Warbler,6,1,Jun_W1,0.0171844,1513.0
Canada Warbler,6,2,Jun_W2,0.0128571,1400.0
Canada Warbler,6,3,Jun_W3,0.0153641,1497.0
Canada Warbler,6,4,Jun_W4,0.0062228,1607.0
Canada Warbler,7,1,Jul_W1,0.0101563,1280.0
Canada Warbler,7,2,Jul_W2,0.001759,1137.0
Canada Warbler,7,3,Jul_W3,0.0026502,1132.0
Canada Warbler,7,4,Jul_W4,0.0048343,1448.0
Canada Warbler,8,1,Aug_W1,0.001998,1001.0
Canada Warbler,8,2,Aug_W2,0.0049751,804.0
Canada Warbler,8,3,Aug_W3,0.0023923,836.0
Canada Warbler,8,4,Aug_W4,0.0077295,1035.0
Canada Warbler,9,1,Sep_W1,0.0078864,634.0
Canada Warbler,9,2,Sep_W2,0.002442,819.0
Canada Warbler,9,3,Sep_W3,0.0,657.0
Canada Warbler,9,4,Sep_W4,0.0,766.0
Canada Warbler,10,1,Oct_W1,0.0,505.0
Canada Warbler,10,2,Oct_W2,0.0,568.0
Canada Warbler,10,3,Oct_W3,0.0,523.0
Canada Warbler,10,4,Oct_W4,0.0,632.0
Canada Warbler,11,1,Nov_W1,0.0,369.0
Canada Warbler,11,2,Nov_W2,0.0,337.0
Canada Warbler,11,3,Nov_W3,0.0,346.0
Canada Warbler,11,4,Nov_W4,0.0,492.0
Canada Warbler,12,1,Dec_W1,0.0,303.0
Canada Warbler,12,2,Dec_W2,0.0,335.0
Canada Warbler,12,3,Dec_W3,0.0,681.0
Canada Warbler,12,4,Dec_W4,0.0,600.0
Wilson's Warbler,1,1,Jan_W1,0.0,823.0
Wilson's Warbler,1,2,Jan_W2,0.0,535.0
Wilson's Warbler,1,3,Jan_W3,0.0,472.0
Wilson's Warbler,1,4,Jan_W4,0.0,644.0
Wilson's Warbler,2,1,Feb_W1,0.0,490.0
Wilson's Warbler,2,2,Feb_W2,0.0,589.0
Wilson's Warbler,2,3,Feb_W3,0.0,787.0
Wilson's Warbler,2,4,Feb_W4,0.0,427.0
Wilson's Warbler,3,1,Mar_W1,0.0,558.0
Wilson's Warbler,3,2,Mar_W2,0.0,649.0
Wilson's Warbler,3,3,Mar_W3,0.0,710.0
Wilson's Warbler,3,4,Mar_W4,0.0,1110.0
Wilson's Warbler,4,1,Apr_W1,0.0,899.0
Wilson's Warbler,4,2,Apr_W2,0.0,1344.0
Wilson's Warbler,4,3,Apr_W3,0.0,1035.0
Wilson's Warbler,4,4,Apr_W4,0.0,1332.0
Wilson's Warbler,5,1,May_W1,0.0,1283.0
Wilson's Warbler,5,2,May_W2,0.0214008,1542.0
Wilson's Warbler,5,3,May_W3,0.0732845,1501.0
Wilson's Warbler,5,4,May_W4,0.0503944,2282.0
Wilson's Warbler,6,1,Jun_W1,0.0033047,1513.0
Wilson's Warbler,6,2,Jun_W2,0.0014286,1400.0
Wilson's Warbler,6,3,Jun_W3,0.0,1497.0
Wilson's Warbler,6,4,Jun_W4,0.0,1607.0
Wilson's Warbler,7,1,Jul_W1,0.0,1280.0
Wilson's Warbler,7,2,Jul_W2,0.0,1137.0
Wilson's Warbler,7,3,Jul_W3,0.0,1132.0
Wilson's Warbler,7,4,Jul_W4,0.0,1448.0
Wilson's Warbler,8,1,Aug_W1,0.0,1001.0
Wilson's Warbler,8,2,Aug_W2,0.0012438,804.0
Wilson's Warbler,8,3,Aug_W3,0.0095694,836.0
Wilson's Warbler,8,4,Aug_W4,0.0173913,1035.0
Wilson's Warbler,9,1,Sep_W1,0.0205047,634.0
Wilson's Warbler,9,2,Sep_W2,0.017094,819.0
Wilson's Warbler,9,3,Sep_W3,0.0091324,657.0
Wilson's Warbler,9,4,Sep_W4,0.0039164,766.0
Wilson's Warbler,10,1,Oct_W1,0.0,505.0
Wilson's Warbler,10,2,Oct_W2,0.0,568.0
Wilson's Warbler,10,3,Oct_W3,0.0,523.0
Wilson's Warbler,10,4,Oct_W4,0.0,632.0
Wilson's Warbler,11,1,Nov_W1,0.0,369.0
Wilson's Warbler,11,2,Nov_W2,0.0,337.0
Wilson's Warbler,11,3,Nov_W3,0.0,346.0
Wilson's Warbler,11,4,Nov_W4,0.0,492.0
Wilson's Warbler,12,1,Dec_W1,0.0,303.0
Wilson's Warbler,12,2,Dec_W2,0.0,335.0
Wilson's Warbler,12,3,Dec_W3,0.0,681.0
Wilson's Warbler,12,4,Dec_W4,0.0,600.0
Summer Tanager,1,1,Jan_W1,0.0,823.0
Summer Tanager,1,2,Jan_W2,0.0,535.0
Summer Tanager,1,3,Jan_W3,0.0,472.0
Summer Tanager,1,4,Jan_W4,0.0,644.0
Summer Tanager,2,1,Feb_W1,0.0,490.0
Summer Tanager,2,2,Feb_W2,0.0,589.0
Summer Tanager,2,3,Feb_W3,0.0,787.0
Summer Tanager,2,4,Feb_W4,0.0,427.0
Summer Tanager,3,1,Mar_W1,0.0,558.0
Summer Tanager,3,2,Mar_W2,0.0,649.0
Summer Tanager,3,3,Mar_W3,0.0,710.0
Summer Tanager,3,4,Mar_W4,0.0,1110.0
Summer Tanager,4,1,Apr_W1,0.0,899.0
Summer Tanager,4,2,Apr_W2,0.0,1344.0
Summer Tanager,4,3,Apr_W3,0.0,1035.0
Summer Tanager,4,4,Apr_W4,0.0,1332.0
Summer Tanager,5,1,May_W1,0.0,1283.0
Summer Tanager,5,2,May_W2,0.0006485,1542.0
Summer Tanager,5,3,May_W3,0.0,1501.0
Summer Tanager,5,4,May_W4,0.0,2282.0
Summer Tanager,6,1,Jun_W1,0.0,1513.0
Summer Tanager,6,2,Jun_W2,0.0,1400.0
Summer Tanager,6,3,Jun_W3,0.0,1497.0
Summer Tanager,6,4,Jun_W4,0.0,1607.0
Summer Tanager,7,1,Jul_W1,0.0,1280.0
Summer Tanager,7,2,Jul_W2,0.0,1137.0
Summer Tanager,7,3,Jul_W3,0.0,1132.0
Summer Tanager,7,4,Jul_W4,0.0,1448.0
Summer Tanager,8,1,Aug_W1,0.0,1001.0
Summer Tanager,8,2,Aug_W2,0.0,804.0
Summer Tanager,8,3,Aug_W3,0.0,836.0
Summer Tanager,8,4,Aug_W4,0.0,1035.0
Summer Tanager,9,1,Sep_W1,0.0,634.0
Summer Tanager,9,2,Sep_W2,0.0,819.0
Summer Tanager,9,3,Sep_W3,0.0,657.0
Summer Tanager,9,4,Sep_W4,0.0,766.0
Summer Tanager,10,1,Oct_W1,0.0,505.0
Summer Tanager,10,2,Oct_W2,0.0,568.0
Summer Tanager,10,3,Oct_W3,0.0,523.0
Summer Tanager,10,4,Oct_W4,0.0,632.0
Summer Tanager,11,1,Nov_W1,0.0,369.0
Summer Tanager,11,2,Nov_W2,0.0,337.0
Summer Tanager,11,3,Nov_W3,0.0,346.0
Summer Tanager,11,4,Nov_W4,0.0,492.0
Summer Tanager,12,1,Dec_W1,0.0,303.0
Summer Tanager,12,2,Dec_W2,0.0,335.0
Summer Tanager,12,3,Dec_W3,0.0,681.0
Summer Tanager,12,4,Dec_W4,0.0,600.0
Scarlet Tanager,1,1,Jan_W1,0.0,823.0
Scarlet Tanager,1,2,Jan_W2,0.0,535.0
Scarlet Tanager,1,3,Jan_W3,0.0,472.0
Scarlet Tanager,1,4,Jan_W4,0.0,644.0
Scarlet Tanager,2,1,Feb_W1,0.0,490.0
Scarlet Tanager,2,2,Feb_W2,0.0,589.0
Scarlet Tanager,2,3,Feb_W3,0.0,787.0
Scarlet Tanager,2,4,Feb_W4,0.0,427.0
Scarlet Tanager,3,1,Mar_W1,0.0,558.0
Scarlet Tanager,3,2,Mar_W2,0.0,649.0
Scarlet Tanager,3,3,Mar_W3,0.0,710.0
Scarlet Tanager,3,4,Mar_W4,0.0,1110.0
Scarlet Tanager,4,1,Apr_W1,0.0,899.0
Scarlet Tanager,4,2,Apr_W2,0.0,1344.0
Scarlet Tanager,4,3,Apr_W3,0.0,1035.0
Scarlet Tanager,4,4,Apr_W4,0.0,1332.0
Scarlet Tanager,5,1,May_W1,0.0070148,1283.0
Scarlet Tanager,5,2,May_W2,0.075227,1542.0
Scarlet Tanager,5,3,May_W3,0.2085276,1501.0
Scarlet Tanager,5,4,May_W4,0.2414549,2282.0
Scarlet Tanager,6,1,Jun_W1,0.1810972,1513.0
Scarlet Tanager,6,2,Jun_W2,0.1507143,1400.0
Scarlet Tanager,6,3,Jun_W3,0.1576486,1497.0
Scarlet Tanager,6,4,Jun_W4,0.1686372,1607.0
Scarlet Tanager,7,1,Jul_W1,0.1539062,1280.0
Scarlet Tanager,7,2,Jul_W2,0.1389622,1137.0
Scarlet Tanager,7,3,Jul_W3,0.1077739,1132.0
Scarlet Tanager,7,4,Jul_W4,0.0759669,1448.0
Scarlet Tanager,8,1,Aug_W1,0.0509491,1001.0
Scarlet Tanager,8,2,Aug_W2,0.0373134,804.0
Scarlet Tanager,8,3,Aug_W3,0.034689,836.0
Scarlet Tanager,8,4,Aug_W4,0.0425121,1035.0
Scarlet Tanager,9,1,Sep_W1,0.0268139,634.0
Scarlet Tanager,9,2,Sep_W2,0.037851,819.0
Scarlet Tanager,9,3,Sep_W3,0.0258752,657.0
Scarlet Tanager,9,4,Sep_W4,0.0039164,766.0
Scarlet Tanager,10,1,Oct_W1,0.0019802,505.0
Scarlet Tanager,10,2,Oct_W2,0.0,568.0
Scarlet Tanager,10,3,Oct_W3,0.0,523.0
Scarlet Tanager,10,4,Oct_W4,0.0,632.0
Scarlet Tanager,11,1,Nov_W1,0.0,369.0
Scarlet Tanager,11,2,Nov_W2,0.0,337.0
Scarlet Tanager,11,3,Nov_W3,0.0,346.0
Scarlet Tanager,11,4,Nov_W4,0.0,492.0
Scarlet Tanager,12,1,Dec_W1,0.0,303.0
Scarlet Tanager,12,2,Dec_W2,0.0,335.0
Scarlet Tanager,12,3,Dec_W3,0.0,681.0
Scarlet Tanager,12,4,Dec_W4,0.0,600.0
Northern Cardinal,1,1,Jan_W1,0.199271,823.0
Northern Cardinal,1,2,Jan_W2,0.2411215,535.0
Northern Cardinal,1,3,Jan_W3,0.2584746,472.0
Northern Cardinal,1,4,Jan_W4,0.2826087,644.0
Northern Cardinal,2,1,Feb_W1,0.2734694,490.0
Northern Cardinal,2,2,Feb_W2,0.2818336,589.0
Northern Cardinal,2,3,Feb_W3,0.3405337,787.0
Northern Cardinal,2,4,Feb_W4,0.3559719,427.0
Northern Cardinal,3,1,Mar_W1,0.3422939,558.0
Northern Cardinal,3,2,Mar_W2,0.3220339,649.0
Northern Cardinal,3,3,Mar_W3,0.3084507,710.0
Northern Cardinal,3,4,Mar_W4,0.2846847,1110.0
Northern Cardinal,4,1,Apr_W1,0.2969967,899.0
Northern Cardinal,4,2,Apr_W2,0.2916667,1344.0
Northern Cardinal,4,3,Apr_W3,0.315942,1035.0
Northern Cardinal,4,4,Apr_W4,0.3055556,1332.0
Northern Cardinal,5,1,May_W1,0.3289166,1283.0
Northern Cardinal,5,2,May_W2,0.3476005,1542.0
Northern Cardinal,5,3,May_W3,0.3224517,1501.0
Northern Cardinal,5,4,May_W4,0.2852761,2282.0
Northern Cardinal,6,1,Jun_W1,0.2742895,1513.0
Northern Cardinal,6,2,Jun_W2,0.2614286,1400.0
Northern Cardinal,6,3,Jun_W3,0.251837,1497.0
Northern Cardinal,6,4,Jun_W4,0.2756689,1607.0
Northern Cardinal,7,1,Jul_W1,0.2953125,1280.0
Northern Cardinal,7,2,Jul_W2,0.2647318,1137.0
Northern Cardinal,7,3,Jul_W3,0.2606007,1132.0
Northern Cardinal,7,4,Jul_W4,0.2948895,1448.0
Northern Cardinal,8,1,Aug_W1,0.3086913,1001.0
Northern Cardinal,8,2,Aug_W2,0.2972637,804.0
Northern Cardinal,8,3,Aug_W3,0.2942584,836.0
Northern Cardinal,8,4,Aug_W4,0.2618357,1035.0
Northern Cardinal,9,1,Sep_W1,0.2791798,634.0
Northern Cardinal,9,2,Sep_W2,0.2673993,819.0
Northern Cardinal,9,3,Sep_W3,0.2480974,657.0
Northern Cardinal,9,4,Sep_W4,0.2375979,766.0
Northern Cardinal,10,1,Oct_W1,0.2118812,505.0
Northern Cardinal,10,2,Oct_W2,0.2165493,568.0
Northern Cardinal,10,3,Oct_W3,0.2007648,523.0
Northern Cardinal,10,4,Oct_W4,0.1772152,632.0
Northern Cardinal,11,1,Nov_W1,0.1897019,369.0
Northern Cardinal,11,2,Nov_W2,0.1810089,337.0
Northern Cardinal,11,3,Nov_W3,0.1618497,346.0
Northern Cardinal,11,4,Nov_W4,0.1890244,492.0
Northern Cardinal,12,1,Dec_W1,0.2079208,303.0
Northern Cardinal,12,2,Dec_W2,0.2149254,335.0
Northern Cardinal,12,3,Dec_W3,0.277533,681.0
Northern Cardinal,12,4,Dec_W4,0.19,600.0
Rose-breasted Grosbeak,1,1,Jan_W1,0.0,823.0
Rose-breasted Grosbeak,1,2,Jan_W2,0.0,535.0
Rose-breasted Grosbeak,1,3,Jan_W3,0.0,472.0
Rose-breasted Grosbeak,1,4,Jan_W4,0.0,644.0
Rose-breasted Grosbeak,2,1,Feb_W1,0.0,490.0
Rose-breasted Grosbeak,2,2,Feb_W2,0.0,589.0
Rose-breasted Grosbeak,2,3,Feb_W3,0.0,787.0
Rose-breasted Grosbeak,2,4,Feb_W4,0.0,427.0
Rose-breasted Grosbeak,3,1,Mar_W1,0.0,558.0
Rose-breasted Grosbeak,3,2,Mar_W2,0.0,649.0
Rose-breasted Grosbeak,3,3,Mar_W3,0.0,710.0
Rose-breasted Grosbeak,3,4,Mar_W4,0.0,1110.0
Rose-breasted Grosbeak,4,1,Apr_W1,0.0,899.0
Rose-breasted Grosbeak,4,2,Apr_W2,0.0,1344.0
Rose-breasted Grosbeak,4,3,Apr_W3,0.0,1035.0
Rose-breasted Grosbeak,4,4,Apr_W4,0.0127628,1332.0
Rose-breasted Grosbeak,5,1,May_W1,0.1644583,1283.0
Rose-breasted Grosbeak,5,2,May_W2,0.3748379,1542.0
Rose-breasted Grosbeak,5,3,May_W3,0.4437042,1501.0
Rose-breasted Grosbeak,5,4,May_W4,0.3650307,2282.0
Rose-breasted Grosbeak,6,1,Jun_W1,0.2637145,1513.0
Rose-breasted Grosbeak,6,2,Jun_W2,0.2607143,1400.0
Rose-breasted Grosbeak,6,3,Jun_W3,0.2244489,1497.0
Rose-breasted Grosbeak,6,4,Jun_W4,0.2352209,1607.0
Rose-breasted Grosbeak,7,1,Jul_W1,0.2132813,1280.0
Rose-breasted Grosbeak,7,2,Jul_W2,0.1917326,1137.0
Rose-breasted Grosbeak,7,3,Jul_W3,0.1855124,1132.0
Rose-breasted Grosbeak,7,4,Jul_W4,0.160221,1448.0
Rose-breasted Grosbeak,8,1,Aug_W1,0.1638362,1001.0
Rose-breasted Grosbeak,8,2,Aug_W2,0.1828358,804.0
Rose-breasted Grosbeak,8,3,Aug_W3,0.1626794,836.0
Rose-breasted Grosbeak,8,4,Aug_W4,0.1507246,1035.0
Rose-breasted Grosbeak,9,1,Sep_W1,0.115142,634.0
Rose-breasted Grosbeak,9,2,Sep_W2,0.1282051,819.0
Rose-breasted Grosbeak,9,3,Sep_W3,0.1217656,657.0
Rose-breasted Grosbeak,9,4,Sep_W4,0.0365535,766.0
Rose-breasted Grosbeak,10,1,Oct_W1,0.0019802,505.0
Rose-breasted Grosbeak,10,2,Oct_W2,0.0,568.0
Rose-breasted Grosbeak,10,3,Oct_W3,0.0,523.0
Rose-breasted Grosbeak,10,4,Oct_W4,0.0015823,632.0
Rose-breasted Grosbeak,11,1,Nov_W1,0.0,369.0
Rose-breasted Grosbeak,11,2,Nov_W2,0.0,337.0
Rose-breasted Grosbeak,11,3,Nov_W3,0.0,346.0
Rose-breasted Grosbeak,11,4,Nov_W4,0.0,492.0
Rose-breasted Grosbeak,12,1,Dec_W1,0.0,303.0
Rose-breasted Grosbeak,12,2,Dec_W2,0.0,335.0
Rose-breasted Grosbeak,12,3,Dec_W3,0.0,681.0
Rose-breasted Grosbeak,12,4,Dec_W4,0.0,600.0
Lazuli Bunting,1,1,Jan_W1,0.0,823.0
Lazuli Bunting,1,2,Jan_W2,0.0,535.0
Lazuli Bunting,1,3,Jan_W3,0.0,472.0
Lazuli Bunting,1,4,Jan_W4,0.0,644.0
Lazuli Bunting,2,1,Feb_W1,0.0,490.0
Lazuli Bunting,2,2,Feb_W2,0.0,589.0
Lazuli Bunting,2,3,Feb_W3,0.0,787.0
Lazuli Bunting,2,4,Feb_W4,0.0,427.0
Lazuli Bunting,3,1,Mar_W1,0.0,558.0
Lazuli Bunting,3,2,Mar_W2,0.0,649.0
Lazuli Bunting,3,3,Mar_W3,0.0,710.0
Lazuli Bunting,3,4,Mar_W4,0.0,1110.0
Lazuli Bunting,4,1,Apr_W1,0.0,899.0
Lazuli Bunting,4,2,Apr_W2,0.0,1344.0
Lazuli Bunting,4,3,Apr_W3,0.0,1035.0
Lazuli Bunting,4,4,Apr_W4,0.0,1332.0
Lazuli Bunting,5,1,May_W1,0.0,1283.0
Lazuli Bunting,5,2,May_W2,0.0,1542.0
Lazuli Bunting,5,3,May_W3,0.0015,1501.0
Lazuli Bunting,5,4,May_W4,0.0015,2282.0
Lazuli Bunting,6,1,Jun_W1,0.0,1513.0
Lazuli Bunting,6,2,Jun_W2,0.0,1400.0
Lazuli Bunting,6,3,Jun_W3,0.0,1497.0
Lazuli Bunting,6,4,Jun_W4,0.0,1607.0
Lazuli Bunting,7,1,Jul_W1,0.0,1280.0
Lazuli Bunting,7,2,Jul_W2,0.0,1137.0
Lazuli Bunting,7,3,Jul_W3,0.0,1132.0
Lazuli Bunting,7,4,Jul_W4,0.0,1448.0
Lazuli Bunting,8,1,Aug_W1,0.0,1001.0
Lazuli Bunting,8,2,Aug_W2,0.0,804.0
Lazuli Bunting,8,3,Aug_W3,0.0,836.0
Lazuli Bunting,8,4,Aug_W4,0.0,1035.0
Lazuli Bunting,9,1,Sep_W1,0.0,634.0
Lazuli Bunting,9,2,Sep_W2,0.0,819.0
Lazuli Bunting,9,3,Sep_W3,0.0,657.0
Lazuli Bunting,9,4,Sep_W4,0.0,766.0
Lazuli Bunting,10,1,Oct_W1,0.0,505.0
Lazuli Bunting,10,2,Oct_W2,0.0,568.0
Lazuli Bunting,10,3,Oct_W3,0.0,523.0
Lazuli Bunting,10,4,Oct_W4,0.0,632.0
Lazuli Bunting,11,1,Nov_W1,0.0,369.0
Lazuli Bunting,11,2,Nov_W2,0.0,337.0
Lazuli Bunting,11,3,Nov_W3,0.0,346.0
Lazuli Bunting,11,4,Nov_W4,0.0,492.0
Lazuli Bunting,12,1,Dec_W1,0.0,303.0
Lazuli Bunting,12,2,Dec_W2,0.0,335.0
Lazuli Bunting,12,3,Dec_W3,0.0,681.0
Lazuli Bunting,12,4,Dec_W4,0.0,600.0
Indigo Bunting,1,1,Jan_W1,0.0,823.0
Indigo Bunting,1,2,Jan_W2,0.0,535.0
Indigo Bunting,1,3,Jan_W3,0.0,472.0
Indigo Bunting,1,4,Jan_W4,0.0,644.0
Indigo Bunting,2,1,Feb_W1,0.0,490.0
Indigo Bunting,2,2,Feb_W2,0.0,589.0
Indigo Bunting,2,3,Feb_W3,0.0,787.0
Indigo Bunting,2,4,Feb_W4,0.0,427.0
Indigo Bunting,3,1,Mar_W1,0.0,558.0
Indigo Bunting,3,2,Mar_W2,0.0,649.0
Indigo Bunting,3,3,Mar_W3,0.0,710.0
Indigo Bunting,3,4,Mar_W4,0.0,1110.0
Indigo Bunting,4,1,Apr_W1,0.0,899.0
Indigo Bunting,4,2,Apr_W2,0.0,1344.0
Indigo Bunting,4,3,Apr_W3,0.0,1035.0
Indigo Bunting,4,4,Apr_W4,0.0,1332.0
Indigo Bunting,5,1,May_W1,0.0077942,1283.0
Indigo Bunting,5,2,May_W2,0.079118,1542.0
Indigo Bunting,5,3,May_W3,0.236509,1501.0
Indigo Bunting,5,4,May_W4,0.3277826,2282.0
Indigo Bunting,6,1,Jun_W1,0.3410443,1513.0
Indigo Bunting,6,2,Jun_W2,0.3364286,1400.0
Indigo Bunting,6,3,Jun_W3,0.2985972,1497.0
Indigo Bunting,6,4,Jun_W4,0.3354076,1607.0
Indigo Bunting,7,1,Jul_W1,0.346875,1280.0
Indigo Bunting,7,2,Jul_W2,0.3280563,1137.0
Indigo Bunting,7,3,Jul_W3,0.2720848,1132.0
Indigo Bunting,7,4,Jul_W4,0.2541436,1448.0
Indigo Bunting,8,1,Aug_W1,0.1578422,1001.0
Indigo Bunting,8,2,Aug_W2,0.108209,804.0
Indigo Bunting,8,3,Aug_W3,0.069378,836.0
Indigo Bunting,8,4,Aug_W4,0.0415459,1035.0
Indigo Bunting,9,1,Sep_W1,0.0236593,634.0
Indigo Bunting,9,2,Sep_W2,0.018315,819.0
Indigo Bunting,9,3,Sep_W3,0.0167428,657.0
Indigo Bunting,9,4,Sep_W4,0.0052219,766.0
Indigo Bunting,10,1,Oct_W1,0.0,505.0
Indigo Bunting,10,2,Oct_W2,0.0,568.0
Indigo Bunting,10,3,Oct_W3,0.0,523.0
Indigo Bunting,10,4,Oct_W4,0.0,632.0
Indigo Bunting,11,1,Nov_W1,0.0,369.0
Indigo Bunting,11,2,Nov_W2,0.0,337.0
Indigo Bunting,11,3,Nov_W3,0.0,346.0
Indigo Bunting,11,4,Nov_W4,0.0,492.0
Indigo Bunting,12,1,Dec_W1,0.0,303.0
Indigo Bunting,12,2,Dec_W2,0.0,335.0
Indigo Bunting,12,3,Dec_W3,0.0,681.0
Indigo Bunting,12,4,Dec_W4,0.0,600.0
Dickcissel,1,1,Jan_W1,0.0,823.0
Dickcissel,1,2,Jan_W2,0.0,535.0
Dickcissel,1,3,Jan_W3,0.0,472.0
Dickcissel,1,4,Jan_W4,0.0,644.0
Dickcissel,2,1,Feb_W1,0.0,490.0
Dickcissel,2,2,Feb_W2,0.0,589.0
Dickcissel,2,3,Feb_W3,0.0,787.0
Dickcissel,2,4,Feb_W4,0.0,427.0
Dickcissel,3,1,Mar_W1,0.0,558.0
Dickcissel,3,2,Mar_W2,0.0,649.0
Dickcissel,3,3,Mar_W3,0.0,710.0
Dickcissel,3,4,Mar_W4,0.0,1110.0
Dickcissel,4,1,Apr_W1,0.0,899.0
Dickcissel,4,2,Apr_W2,0.0,1344.0
Dickcissel,4,3,Apr_W3,0.0,1035.0
Dickcissel,4,4,Apr_W4,0.0,1332.0
Dickcissel,5,1,May_W1,0.0,1283.0
Dickcissel,5,2,May_W2,0.0,1542.0
Dickcissel,5,3,May_W3,0.0,1501.0
Dickcissel,5,4,May_W4,0.0013146,2282.0
Dickcissel,6,1,Jun_W1,0.0118969,1513.0
Dickcissel,6,2,Jun_W2,0.0192857,1400.0
Dickcissel,6,3,Jun_W3,0.0300601,1497.0
Dickcissel,6,4,Jun_W4,0.018046,1607.0
Dickcissel,7,1,Jul_W1,0.0109375,1280.0
Dickcissel,7,2,Jul_W2,0.005277,1137.0
Dickcissel,7,3,Jul_W3,0.0017668,1132.0
Dickcissel,7,4,Jul_W4,0.0020718,1448.0
Dickcissel,8,1,Aug_W1,0.000999,1001.0
Dickcissel,8,2,Aug_W2,0.0,804.0
Dickcissel,8,3,Aug_W3,0.0,836.0
Dickcissel,8,4,Aug_W4,0.0,1035.0
Dickcissel,9,1,Sep_W1,0.0,634.0
Dickcissel,9,2,Sep_W2,0.0,819.0
Dickcissel,9,3,Sep_W3,0.0,657.0
Dickcissel,9,4,Sep_W4,0.0,766.0
Dickcissel,10,1,Oct_W1,0.0,505.0
Dickcissel,10,2,Oct_W2,0.0,568.0
Dickcissel,10,3,Oct_W3,0.0,523.0
Dickcissel,10,4,Oct_W4,0.0,632.0
Dickcissel,11,1,Nov_W1,0.0,369.0
Dickcissel,11,2,Nov_W2,0.0,337.0
Dickcissel,11,3,Nov_W3,0.0,346.0
Dickcissel,11,4,Nov_W4,0.0,492.0
Dickcissel,12,1,Dec_W1,0.0,303.0
Dickcissel,12,2,Dec_W2,0.0,335.0
Dickcissel,12,3,Dec_W3,0.0,681.0
Dickcissel,12,4,Dec_W4,0.0,600.0
