Species,Jan_W1,Jan_W2,Jan_W3,Jan_W4,Feb_W1,Feb_W2,Feb_W3,Feb_W4,Mar_W1,Mar_W2,Mar_W3,Mar_W4,Apr_W1,Apr_W2,Apr_W3,Apr_W4,May_W1,May_W2,May_W3,May_W4,Jun_W1,Jun_W2,Jun_W3,Jun_W4,Jul_W1,Jul_W2,Jul_W3,Jul_W4,Aug_W1,Aug_W2,Aug_W3,Aug_W4,Sep_W1,Sep_W2,Sep_W3,Sep_W4,Oct_W1,Oct_W2,Oct_W3,Oct_W4,Nov_W1,Nov_W2,Nov_W3,Nov_W4,Dec_W1,Dec_W2,Dec_W3,Dec_W4
Snow Goose,0.0,0.0,0.0,0.0,0.0,0.0,0.0012706,0.0,0.0,0.0,0.0014085,0.009009,0.0077864,0.0104167,0.0,0.0,0.0,0.0,0.0,0.0,0.0,0.0,0.0,0.0,0.0,0.0,0.0,0.0,0.0,0.0,0.0,0.0,0.0,0.001221,0.0,0.0013055,0.0,0.0015,0.0015,0.0,0.0,0.0,0.0,0.0,0.0033003,0.0029851,0.0,0.0
Ross's Goose,0.0,0.0,0.0,0.0,0.0,0.0,0.0,0.0,0.0,0.0,0.0,0.0018018,0.0,0.0,0.0,0.0,0.0,0.0,0.0,0.0,0.0,0.0,0.0,0.0,0.0,0.0,0.0,0.0,0.0,0.0,0.0,0.0,0.0,0.0,0.0,0.0,0.0,0.0,0.0,0.0,0.0,0.0089021,0.0,0.0,0.0,0.0,0.0,0.0
Cackling Goose,0.0,0.0,0.0,0.0,0.0,0.0,0.0,0.0,0.0,0.0,0.0,0.0027027,0.0055617,0.0014881,0.0019324,0.0,0.0,0.0,0.0,0.0,0.0,0.0,0.0,0.0,0.0,0.0,0.0,0.0,0.0,0.0,0.0,0.0,0.0,0.001221,0.0,0.0,0.0,0.0017606,0.0,0.0,0.0,0.0,0.0,0.0,0.0033003,0.0,0.0,0.0
Canada Goose,0.0789793,0.0616822,0.0699153,0.0822981,0.0489796,0.049236,0.0279543,0.0772834,0.1182796,0.2157165,0.3169014,0.3243243,0.3859844,0.3712798,0.3623188,0.3768769,0.3328137,0.267834,0.194537,0.2256792,0.1249174,0.0707143,0.0420842,0.033603,0.0273438,0.0290237,0.0556537,0.0504144,0.0589411,0.0634328,0.0382775,0.0647343,0.0914826,0.1416361,0.196347,0.2101828,0.1584158,0.1056338,0.0936902,0.0886076,0.0596206,0.1364985,0.0953757,0.1260163,0.0627063,0.0656716,0.0543319,0.0583333
Mute Swan,0.0534629,0.046729,0.0466102,0.0776398,0.0387755,0.0458404,0.025413,0.028103,0.0340502,0.0261941,0.0253521,0.0207207,0.0233593,0.0282738,0.0280193,0.0315315,0.0241621,0.0265888,0.0193205,0.0188431,0.0191672,0.015,0.012024,0.0143124,0.0078125,0.0184697,0.0185512,0.0227901,0.007992,0.0049751,0.0047847,0.010628,0.0157729,0.01221,0.0167428,0.0156658,0.0237624,0.0316901,0.0267686,0.0189873,0.0054201,0.0207715,0.017341,0.0223577,0.0264026,0.0149254,0.0337739,0.0283333
Trumpeter Swan,0.0243013,0.0130841,0.0127119,0.0046584,0.0142857,0.0186757,0.0127065,0.0163934,0.0215054,0.0539291,0.056338,0.0558559,0.0812013,0.0602679,0.0676329,0.0908408,0.0779423,0.0557717,0.0373085,0.0613497,0.0568407,0.035,0.0474282,0.0273802,0.028125,0.0334213,0.0362191,0.0338398,0.041958,0.0385572,0.041866,0.0463768,0.033123,0.045177,0.0273973,0.0313316,0.0534653,0.0352113,0.0286807,0.0142405,0.0108401,0.0029674,0.017341,0.0081301,0.0165017,0.0059701,0.0176211,0.01
Tundra Swan,0.0,0.0018692,0.0042373,0.0108696,0.0061224,0.0,0.0,0.0,0.0,0.0061633,0.0183099,0.0144144,0.025584,0.0096726,0.0057971,0.0022523,0.0,0.0,0.0015,0.0004382,0.0006609,0.0,0.0,0.0,0.0,0.0,0.0,0.0,0.0,0.0,0.0,0.0,0.0,0.0,0.0,0.0,0.0,0.0,0.001912,0.0,0.0,0.0178042,0.0028902,0.0101626,0.0,0.0,0.0015,0.0015
Muscovy Duck,0.0,0.0,0.0,0.0,0.0,0.0,0.0,0.0,0.0015,0.0,0.0,0.0,0.0,0.0,0.0,0.0,0.0,0.0,0.0,0.0,0.0,0.0,0.0,0.0,0.0,0.0,0.0,0.0,0.0,0.0,0.0,0.0,0.0,0.0015,0.0,0.0,0.0,0.0,0.0,0.0,0.0,0.0,0.0,0.0,0.0,0.0,0.0,0.0
Wood Duck,0.0,0.0,0.0,0.0015528,0.0,0.0016978,0.0,0.0070258,0.0035842,0.0046225,0.0169014,0.0666667,0.10901,0.1369048,0.1352657,0.1238739,0.1122369,0.080415,0.0532978,0.0687993,0.0733642,0.085,0.0915164,0.0914748,0.0875,0.0985048,0.1219081,0.1388122,0.1628372,0.1492537,0.1782297,0.1652174,0.20347,0.1562882,0.130898,0.151436,0.1267327,0.0880282,0.0688337,0.0268987,0.0189702,0.0089021,0.0,0.0,0.0,0.0,0.0,0.0
Blue-winged Teal,0.0,0.0,0.0,0.0,0.0,0.0,0.0,0.0,0.0,0.0015408,0.0014085,0.0135135,0.0355951,0.0751488,0.1014493,0.1043544,0.0756041,0.0473411,0.0333111,0.0280456,0.0165235,0.01,0.008016,0.0024891,0.0023437,0.0008795,0.0053004,0.0041436,0.008991,0.0074627,0.0167464,0.0183575,0.0268139,0.013431,0.0076104,0.0117493,0.0019802,0.0052817,0.0015,0.0031646,0.00271,0.0,0.0,0.0,0.0,0.0,0.0,0.0
Northern Shoveler,0.0,0.0,0.0,0.0015528,0.0,0.0,0.0,0.0,0.0,0.0,0.0,0.0018018,0.0189099,0.0282738,0.021256,0.0262763,0.014809,0.0058366,0.0026649,0.0013146,0.0006609,0.0,0.0,0.0,0.0,0.0,0.0,0.0,0.0,0.0,0.0,0.0015,0.0031546,0.001221,0.0015221,0.0039164,0.0,0.0,0.0,0.0015,0.00271,0.0,0.0028902,0.0,0.0,0.0,0.0,0.0
Gadwall,0.0,0.0,0.0042373,0.0031056,0.0,0.0016978,0.0012706,0.0046838,0.0071685,0.0015,0.0056338,0.0117117,0.0177976,0.031994,0.0415459,0.0375375,0.005456,0.0032425,0.0019987,0.0015,0.0013219,0.0,0.0015,0.0015,0.0,0.0,0.0,0.0027624,0.0,0.0,0.0,0.0,0.0015773,0.0,0.0030441,0.002611,0.0079208,0.0052817,0.0114723,0.0047468,0.0015,0.0059347,0.0,0.0020325,0.0,0.0,0.0,0.0
American Wigeon,0.0,0.0,0.0021186,0.0,0.0,0.0015,0.0,0.0,0.0053763,0.0015408,0.0070423,0.0423423,0.051168,0.0669643,0.0647343,0.0427928,0.0124708,0.0032425,0.0013324,0.0008764,0.0,0.0,0.0,0.0,0.0007813,0.0008795,0.0017668,0.0,0.0,0.0,0.0023923,0.0019324,0.0015773,0.004884,0.0045662,0.0078329,0.0079208,0.0070423,0.001912,0.0015,0.0054201,0.0029674,0.0,0.0,0.0,0.0029851,0.0015,0.0016667
Mallard,0.1433779,0.1420561,0.1525424,0.1599379,0.1040816,0.1188455,0.111817,0.1405152,0.1451613,0.174114,0.1873239,0.2765766,0.323693,0.328869,0.3458937,0.3190691,0.2533125,0.2483787,0.1972019,0.2221735,0.1705221,0.1557143,0.1342685,0.11201,0.1109375,0.119613,0.1263251,0.1346685,0.1688312,0.1343284,0.1519139,0.1661836,0.1766562,0.1465201,0.1582953,0.1671018,0.1920792,0.1566901,0.16826,0.1329114,0.1382114,0.1275964,0.1213873,0.1422764,0.1023102,0.1164179,0.1894273,0.1416667
American Black Duck,0.0121507,0.0130841,0.0254237,0.015528,0.0102041,0.0237691,0.0076239,0.0187354,0.0053763,0.0138675,0.0098592,0.0297297,0.0344828,0.0438988,0.0309179,0.0112613,0.0023383,0.0019455,0.0015,0.0013146,0.0,0.0007143,0.002004,0.0024891,0.0,0.0026385,0.0061837,0.003453,0.0,0.0062189,0.0011962,0.0057971,0.0157729,0.002442,0.0106545,0.0091384,0.0138614,0.0070423,0.0133843,0.0047468,0.0135501,0.0148368,0.0202312,0.0081301,0.009901,0.0208955,0.0190896,0.0133333
Northern Pintail,0.0,0.0018692,0.0021186,0.0015528,0.0061224,0.0,0.0076239,0.0023419,0.0,0.0,0.0014085,0.0072072,0.0077864,0.015625,0.0096618,0.0015015,0.0,0.0006485,0.0,0.0,0.0006609,0.0,0.0,0.0,0.0,0.0,0.0,0.0,0.0,0.0,0.0,0.0,0.0,0.002442,0.0015221,0.0091384,0.0059406,0.0,0.0038241,0.0015823,0.00271,0.0059347,0.0057803,0.0,0.0,0.0,0.0,0.0
Green-winged Teal,0.0,0.0,0.0,0.0,0.0,0.0,0.0,0.0,0.0017921,0.0,0.0042254,0.0171171,0.0166852,0.0550595,0.0454106,0.0225225,0.0155885,0.0051881,0.0053298,0.0030675,0.0033047,0.0014286,0.001336,0.0015,0.0015625,0.0,0.0,0.0,0.000999,0.0024876,0.007177,0.0173913,0.0126183,0.004884,0.0076104,0.0182768,0.0158416,0.0140845,0.0095602,0.0031646,0.0081301,0.0029674,0.0,0.0,0.0033003,0.0029851,0.0,0.0
Canvasback,0.0015,0.0015,0.0042373,0.0108696,0.0020408,0.0015,0.0,0.0,0.0035842,0.0,0.0,0.0009009,0.0011123,0.0022321,0.0038647,0.0022523,0.0,0.0,0.0006662,0.0,0.0,0.0,0.0,0.0,0.0,0.0,0.0,0.0,0.0,0.0,0.0,0.0,0.0,0.0,0.0,0.0,0.0,0.0,0.0,0.0015823,0.0,0.0029674,0.0,0.0020325,0.0,0.0,0.0,0.0016667
Redhead,0.0534629,0.0504673,0.095339,0.1319876,0.0612245,0.0933786,0.0736976,0.0843091,0.0842294,0.0431433,0.0267606,0.0495495,0.0589544,0.0721726,0.0608696,0.048048,0.0265004,0.0136187,0.0039973,0.0021911,0.0015,0.0,0.0,0.0,0.0007813,0.0008795,0.0008834,0.0,0.0,0.0,0.0,0.0009662,0.0078864,0.003663,0.0,0.0091384,0.0138614,0.0105634,0.0267686,0.0063291,0.0216802,0.0089021,0.0086705,0.0081301,0.009901,0.0119403,0.0234949,0.03
Ring-necked Duck,0.0024301,0.0,0.0,0.0046584,0.0020408,0.0,0.0038119,0.0023419,0.0017921,0.0077042,0.0197183,0.0684685,0.1624027,0.1852679,0.1652174,0.1621622,0.1052221,0.0525292,0.0139907,0.0017528,0.0006609,0.0,0.0,0.0018668,0.0015625,0.0,0.0017668,0.0013812,0.0,0.0024876,0.0011962,0.0019324,0.0031546,0.001221,0.0076104,0.0143603,0.0257426,0.0088028,0.0248566,0.0142405,0.0135501,0.0,0.0057803,0.0020325,0.0,0.0029851,0.0,0.0033333
Greater Scaup,0.0388821,0.0448598,0.0847458,0.1009317,0.0795918,0.1001698,0.1003812,0.0866511,0.109319,0.0570108,0.056338,0.0252252,0.0189099,0.0282738,0.0135266,0.0165165,0.0070148,0.0038911,0.0,0.0013146,0.0,0.0,0.0,0.0,0.0,0.0,0.0,0.0,0.0,0.0,0.0,0.0009662,0.0,0.0,0.0,0.002611,0.0019802,0.0105634,0.0076482,0.0094937,0.0108401,0.0089021,0.0086705,0.0020325,0.009901,0.0119403,0.0190896,0.025
Lesser Scaup,0.0036452,0.0,0.0,0.0108696,0.0020408,0.0033956,0.0038119,0.0117096,0.0125448,0.009245,0.0028169,0.0189189,0.0244716,0.0416667,0.0270531,0.0307808,0.0226033,0.0097276,0.0066622,0.0043821,0.0026438,0.0015,0.002004,0.0,0.0,0.0,0.0,0.0,0.0,0.0,0.0,0.0,0.0015773,0.001221,0.0,0.0,0.0,0.0035211,0.0114723,0.0015823,0.00271,0.0089021,0.0028902,0.004065,0.0,0.0029851,0.0029369,0.0133333
Harlequin Duck,0.0,0.0,0.0,0.0,0.0,0.0,0.0,0.0,0.0,0.0,0.0,0.0,0.0,0.0,0.0,0.0007508,0.0,0.0,0.0,0.0,0.0,0.0,0.0,0.0,0.0,0.0,0.0,0.0,0.0,0.0,0.0,0.0,0.0,0.0,0.0,0.0,0.0,0.0,0.0,0.0,0.0,0.0,0.0,0.0,0.0,0.0,0.0,0.0
Surf Scoter,0.0,0.0,0.0,0.0031056,0.0510204,0.0033956,0.0076239,0.0023419,0.0017921,0.0061633,0.0,0.0009009,0.003337,0.0014881,0.0,0.0037538,0.0,0.0006485,0.0006662,0.0,0.0,0.0,0.0,0.0,0.0,0.0,0.0,0.0,0.0,0.0,0.0,0.0,0.0,0.0,0.0,0.0,0.0039604,0.0088028,0.0038241,0.0142405,0.00271,0.0,0.0,0.0020325,0.0,0.0,0.0,0.0
White-winged Scoter,0.0255164,0.0429907,0.0444915,0.0559006,0.1265306,0.0628183,0.0660737,0.0327869,0.0645161,0.0446841,0.0859155,0.0585586,0.0478309,0.0758929,0.0328502,0.027027,0.0085737,0.0032425,0.0006662,0.0004382,0.0,0.0,0.0,0.0,0.0,0.0,0.0,0.0,0.0,0.0,0.0,0.0,0.0,0.0015,0.0,0.002611,0.0079208,0.0316901,0.0267686,0.0537975,0.0623306,0.0563798,0.017341,0.0325203,0.0231023,0.0179104,0.020558,0.0216667
Black Scoter,0.0,0.0,0.0169492,0.0,0.0040816,0.0016978,0.0,0.0046838,0.0035842,0.0,0.0084507,0.0018018,0.0011123,0.0,0.0009662,0.0,0.0015588,0.0006485,0.0,0.0,0.0,0.0,0.0,0.0,0.0,0.0,0.0,0.0,0.0,0.0,0.0,0.0,0.0,0.0,0.0,0.002611,0.0015,0.0017606,0.0038241,0.0031646,0.0081301,0.0,0.0028902,0.0,0.0,0.0,0.0014684,0.0
Long-tailed Duck,0.0340219,0.0448598,0.0466102,0.052795,0.1265306,0.0594228,0.0508259,0.0327869,0.0663082,0.0570108,0.0788732,0.0351351,0.0166852,0.0498512,0.0144928,0.0172673,0.005456,0.0032425,0.0015,0.0004382,0.0,0.0,0.0,0.0,0.0023437,0.0123131,0.0053004,0.0,0.0,0.0,0.0,0.0,0.0,0.0,0.0,0.0,0.0,0.0088028,0.0114723,0.0300633,0.0731707,0.0385757,0.0144509,0.0325203,0.039604,0.0238806,0.0234949,0.0216667
Bufflehead,0.0996355,0.0915888,0.1165254,0.128882,0.144898,0.0814941,0.0698856,0.0796253,0.0967742,0.0585516,0.0816901,0.1189189,0.214683,0.2827381,0.2251208,0.2057057,0.1075604,0.0473411,0.0073284,0.0039439,0.0013219,0.0,0.0,0.0,0.0,0.0,0.0,0.0006906,0.0,0.0,0.0,0.0019324,0.0,0.002442,0.0,0.0013055,0.0059406,0.0052817,0.0439771,0.0648734,0.0894309,0.1246291,0.1040462,0.1036585,0.0990099,0.0656716,0.0675477,0.08
Common Goldeneye,0.1433779,0.1401869,0.1927966,0.2142857,0.2265306,0.179966,0.1512071,0.1522248,0.172043,0.1140216,0.1211268,0.1207207,0.0945495,0.0825893,0.0376812,0.0427928,0.0077942,0.0051881,0.0,0.0004382,0.0006609,0.0007143,0.0,0.0,0.0,0.0008795,0.0008834,0.0013812,0.000999,0.0,0.0,0.0,0.0,0.0,0.0015221,0.0013055,0.0,0.0052817,0.001912,0.0142405,0.0352304,0.0652819,0.0809249,0.0955285,0.1089109,0.0895522,0.1160059,0.1383333
Barrow's Goldeneye,0.0,0.0,0.0,0.0,0.0,0.0,0.0,0.0015,0.0,0.0,0.0,0.0,0.0,0.0,0.0,0.0,0.0,0.0,0.0,0.0,0.0,0.0,0.0,0.0,0.0,0.0,0.0,0.0,0.0,0.0,0.0,0.0,0.0,0.0,0.0,0.0,0.0,0.0,0.0,0.0015,0.0,0.0,0.0,0.0,0.0,0.0,0.0,0.0
Hooded Merganser,0.0303767,0.0242991,0.0487288,0.052795,0.0265306,0.0271647,0.0304956,0.0117096,0.0089606,0.0323575,0.0478873,0.0837838,0.1012236,0.0907738,0.0550725,0.042042,0.0389712,0.0220493,0.0106596,0.0140228,0.011236,0.0042857,0.009352,0.0143124,0.0070313,0.0105541,0.0132509,0.0186464,0.033966,0.0298507,0.0370813,0.0280193,0.0252366,0.031746,0.0167428,0.0221932,0.029703,0.0123239,0.0286807,0.0632911,0.0867209,0.0652819,0.0895954,0.0650407,0.029703,0.0208955,0.030837,0.0233333
Common Merganser,0.0984204,0.1028037,0.1228814,0.1195652,0.0877551,0.0933786,0.0927573,0.0866511,0.1146953,0.0986133,0.1394366,0.1603604,0.1968854,0.2165179,0.1913043,0.237988,0.1808262,0.1459144,0.1179214,0.1200701,0.1196299,0.0971429,0.0761523,0.0833852,0.09375,0.0765172,0.0547703,0.0469613,0.0549451,0.0410448,0.041866,0.0396135,0.0583596,0.0525031,0.0761035,0.0913838,0.0950495,0.1390845,0.1300191,0.1297468,0.1436314,0.1780415,0.1300578,0.1341463,0.1023102,0.080597,0.0998532,0.1066667
Red-breasted Merganser,0.0486027,0.0616822,0.0614407,0.060559,0.0734694,0.0509338,0.047014,0.0374707,0.0609319,0.0416025,0.0619718,0.0540541,0.0533927,0.1331845,0.0821256,0.1216216,0.0919719,0.075227,0.0552965,0.0381245,0.0165235,0.015,0.00668,0.0124456,0.0046875,0.0043975,0.0079505,0.0255525,0.011988,0.0087065,0.0035885,0.0067633,0.0078864,0.004884,0.0136986,0.0130548,0.0118812,0.0176056,0.0248566,0.0300633,0.0785908,0.0534125,0.0520231,0.0406504,0.0429043,0.0447761,0.0484581,0.035
Ruddy Duck,0.0,0.0037383,0.0063559,0.0139752,0.0020408,0.0,0.0,0.0015,0.0,0.0,0.0,0.0,0.0011123,0.0081845,0.0183575,0.009009,0.0031177,0.001297,0.0013324,0.0008764,0.0,0.0,0.000668,0.0,0.0,0.0,0.0,0.0,0.0,0.0,0.0,0.0,0.0,0.0,0.0,0.0,0.0,0.0,0.001912,0.0015823,0.00271,0.0,0.0,0.0,0.0,0.0,0.0,0.0
Helmeted Guineafowl,0.0,0.0,0.0,0.0,0.0,0.0,0.0,0.0,0.0,0.0,0.0,0.0,0.0,0.0,0.0,0.0,0.0,0.0,0.0,0.0,0.0,0.0,0.0,0.0,0.0007813,0.0,0.0,0.0,0.0,0.0,0.0,0.0,0.0,0.0,0.0,0.0,0.0,0.0,0.0,0.0,0.0,0.0,0.0,0.0,0.0,0.0,0.0,0.0
Northern Bobwhite,0.0,0.0,0.0,0.0,0.0,0.0,0.0,0.0,0.0,0.0,0.0,0.0,0.0,0.0,0.0,0.0,0.0,0.0015,0.0,0.0,0.0006609,0.0007143,0.0,0.0006223,0.0,0.0,0.0,0.0,0.0,0.0,0.0,0.0,0.0,0.0,0.0,0.0015,0.0,0.0,0.0,0.0,0.0,0.0,0.0,0.0,0.0,0.0,0.0,0.0
Wild Turkey,0.0449575,0.0616822,0.0847458,0.0745342,0.0510204,0.0764007,0.0749682,0.1288056,0.0824373,0.0924499,0.0788732,0.0954955,0.1112347,0.1183036,0.1246377,0.1096096,0.1036633,0.1024643,0.0939374,0.0819457,0.0667548,0.0542857,0.0574482,0.040448,0.04375,0.0360598,0.040636,0.0393646,0.044955,0.039801,0.0550239,0.0512077,0.0678233,0.047619,0.0487062,0.0522193,0.0435644,0.028169,0.0267686,0.0300633,0.0325203,0.0356083,0.0346821,0.050813,0.0561056,0.0925373,0.0528634,0.0583333
Ruffed Grouse,0.0230863,0.011215,0.0105932,0.0201863,0.0142857,0.0220713,0.0114358,0.0163934,0.0268817,0.01849,0.0338028,0.0423423,0.0700779,0.0729167,0.1033816,0.1006006,0.1208106,0.1290532,0.1239174,0.1029798,0.0436219,0.0192857,0.0160321,0.0161792,0.009375,0.0140721,0.0106007,0.0082873,0.010989,0.011194,0.0107656,0.0086957,0.0094637,0.009768,0.0106545,0.0208877,0.029703,0.0352113,0.0172084,0.0411392,0.0325203,0.0089021,0.0260116,0.0325203,0.029703,0.0149254,0.030837,0.0266667
Ring-necked Pheasant,0.0024301,0.0,0.0,0.0,0.0,0.0,0.0015,0.0015,0.0015,0.0015,0.0,0.0009009,0.0015,0.0,0.0,0.0,0.0007794,0.0,0.0015,0.0,0.0,0.0,0.0,0.0,0.0,0.0,0.0,0.0,0.0,0.0,0.0,0.0,0.0,0.001221,0.0,0.0,0.0,0.0,0.0,0.0,0.0,0.0,0.0,0.0,0.0033003,0.0015,0.0,0.0
Indian Peafowl,0.0,0.0,0.0,0.0,0.0,0.0,0.0,0.0,0.0,0.0,0.0,0.0,0.0,0.0,0.0,0.0,0.0,0.0,0.0,0.0,0.0,0.0,0.0,0.0,0.0,0.0,0.0,0.0,0.0,0.0,0.0,0.0,0.0,0.0,0.0015,0.0,0.0,0.0,0.0,0.0,0.0,0.0,0.0,0.0,0.0,0.0,0.0,0.0
Rock Pigeon,0.0437424,0.035514,0.0211864,0.0186335,0.0102041,0.0169779,0.0127065,0.0187354,0.0215054,0.0231125,0.0323944,0.0486486,0.0533927,0.0513393,0.0463768,0.039039,0.0311769,0.0311284,0.0153231,0.022787,0.0204891,0.0164286,0.0247161,0.0149347,0.0125,0.0167106,0.0079505,0.0151934,0.028971,0.0348259,0.0311005,0.0280193,0.0299685,0.03663,0.0273973,0.0248042,0.0257426,0.0140845,0.0267686,0.0079114,0.0162602,0.0118694,0.017341,0.0182927,0.019802,0.0268657,0.0675477,0.03
Eurasian Collared-Dove,0.0,0.0,0.0,0.0,0.0,0.0,0.0,0.0,0.0,0.0,0.0,0.0,0.0,0.0,0.0,0.0,0.0,0.0006485,0.0,0.0,0.0,0.0,0.0,0.0,0.0,0.0,0.0,0.0,0.0,0.0,0.0,0.0,0.0,0.0,0.0,0.0,0.0,0.0,0.0,0.0,0.0,0.0,0.0,0.0,0.0,0.0,0.0,0.0
White-winged Dove,0.0,0.0,0.0,0.0,0.0,0.0,0.0,0.0,0.0,0.0,0.0,0.0,0.0,0.0,0.0,0.0,0.0,0.0,0.0,0.0,0.0,0.0,0.0,0.0,0.0,0.0,0.0,0.0,0.0015,0.0,0.0,0.0,0.0,0.0,0.0,0.0,0.0,0.0,0.0,0.0,0.0,0.0,0.0,0.0,0.0,0.0,0.0,0.0
Mourning Dove,0.2308627,0.2542056,0.3177966,0.3462733,0.3387755,0.3548387,0.3697586,0.3723653,0.3602151,0.3374422,0.3394366,0.3504505,0.3737486,0.3407738,0.3661836,0.3648649,0.3374903,0.349546,0.3464357,0.3496933,0.354924,0.3557143,0.3139613,0.3279403,0.334375,0.3359719,0.3330389,0.3466851,0.3346653,0.3059701,0.312201,0.2695652,0.2634069,0.2380952,0.2633181,0.2284595,0.219802,0.1602113,0.1720841,0.1740506,0.2059621,0.2551929,0.2803468,0.2682927,0.349835,0.3791045,0.2643172,0.2833333
Yellow-billed Cuckoo,0.0,0.0,0.0,0.0,0.0,0.0,0.0,0.0,0.0,0.0,0.0,0.0,0.0,0.0,0.0,0.0,0.0,0.0015,0.0079947,0.014461,0.0125578,0.0264286,0.0126921,0.0105787,0.0117188,0.0087951,0.0061837,0.0041436,0.005994,0.0037313,0.0047847,0.0028986,0.0,0.001221,0.0,0.0,0.0019802,0.0,0.0,0.0,0.0,0.0,0.0,0.0,0.0,0.0,0.0,0.0
Black-billed Cuckoo,0.0,0.0,0.0,0.0,0.0,0.0,0.0,0.0,0.0,0.0,0.0,0.0,0.0,0.0,0.0,0.0,0.0,0.0032425,0.0146569,0.0385627,0.0304032,0.0214286,0.0126921,0.0130678,0.0117188,0.0105541,0.0159011,0.0062155,0.004995,0.0049751,0.0011962,0.0015,0.0,0.001221,0.0045662,0.0,0.0,0.0,0.0,0.0,0.0,0.0,0.0,0.0,0.0,0.0,0.0,0.0
Common Nighthawk,0.0,0.0,0.0,0.0,0.0,0.0,0.0,0.0,0.0,0.0,0.0,0.0,0.0,0.0,0.0,0.0,0.0,0.0,0.0053298,0.0135846,0.0085922,0.005,0.001336,0.0012446,0.0023437,0.0015,0.0008834,0.0020718,0.000999,0.0012438,0.0035885,0.0086957,0.0047319,0.008547,0.0,0.0,0.0,0.0,0.0,0.0,0.0,0.0,0.0,0.0,0.0,0.0,0.0,0.0
Eastern Whip-poor-will,0.0,0.0,0.0,0.0,0.0,0.0,0.0,0.0,0.0,0.0,0.0,0.0,0.0,0.0,0.0,0.0022523,0.0023383,0.0006485,0.0053298,0.0109553,0.0145406,0.0071429,0.004008,0.0049782,0.0007813,0.0026385,0.0026502,0.0027624,0.003996,0.0049751,0.0035885,0.0009662,0.0015773,0.001221,0.0,0.0,0.0,0.0,0.0,0.0,0.0,0.0,0.0,0.0,0.0,0.0,0.0,0.0
Chimney Swift,0.0,0.0,0.0,0.0,0.0,0.0,0.0,0.0,0.0,0.0,0.0,0.0,0.0,0.0,0.0,0.0,0.0023383,0.0285344,0.0326449,0.0512708,0.053536,0.0528571,0.0534402,0.0597386,0.0515625,0.0395778,0.0273852,0.0504144,0.043956,0.0236318,0.0167464,0.0067633,0.0015773,0.002442,0.0,0.0,0.0019802,0.0,0.0,0.0,0.0,0.0,0.0,0.0,0.0,0.0,0.0,0.0
Ruby-throated Hummingbird,0.0,0.0,0.0,0.0,0.0,0.0,0.0,0.0,0.0,0.0,0.0,0.0,0.0,0.0,0.0,0.0015015,0.0085737,0.0538262,0.1112592,0.1459246,0.107072,0.1192857,0.0888444,0.1157436,0.1296875,0.116095,0.130742,0.160221,0.1698302,0.2077114,0.2177033,0.2299517,0.2018927,0.1404151,0.0365297,0.002611,0.0,0.0,0.0,0.0,0.00271,0.0,0.0,0.0,0.0,0.0,0.0,0.0
Rufous Hummingbird,0.0,0.0,0.0,0.0,0.0,0.0,0.0,0.0,0.0,0.0,0.0,0.0,0.0,0.0,0.0,0.0,0.0,0.0,0.0,0.0,0.0,0.0,0.0,0.0,0.0,0.0,0.0,0.0,0.0,0.0015,0.0,0.0,0.0,0.0,0.0,0.0,0.0,0.0,0.0,0.0,0.0,0.0,0.0,0.0,0.0,0.0,0.0,0.0
Virginia Rail,0.0,0.0,0.0,0.0,0.0,0.0,0.0,0.0,0.0,0.0,0.0,0.0,0.0011123,0.0014881,0.0067633,0.0165165,0.0210444,0.0149157,0.011992,0.0214724,0.0085922,0.0078571,0.009352,0.0118233,0.0117188,0.0079156,0.0097173,0.0082873,0.012987,0.0062189,0.0107656,0.0009662,0.0031546,0.001221,0.0,0.0,0.0,0.0,0.0,0.0,0.0,0.0,0.0,0.0,0.0,0.0,0.0,0.0
Sora,0.0,0.0,0.0,0.0,0.0,0.0,0.0,0.0,0.0,0.0,0.0,0.0,0.0,0.0,0.0009662,0.0225225,0.0467654,0.0499351,0.047968,0.0442594,0.0257766,0.0135714,0.0213761,0.0205352,0.0109375,0.0061566,0.0070671,0.0075967,0.005994,0.0099502,0.0107656,0.0067633,0.0047319,0.001221,0.0045662,0.002611,0.0015,0.0,0.001912,0.0015823,0.0,0.0,0.0,0.0,0.0,0.0,0.0,0.0
Common Gallinule,0.0,0.0,0.0,0.0,0.0,0.0,0.0,0.0,0.0,0.0,0.0,0.0,0.0,0.0,0.0,0.0,0.0,0.0006485,0.0006662,0.0008764,0.0052875,0.0021429,0.0,0.0,0.0007813,0.0,0.0017668,0.0027624,0.000999,0.0012438,0.0011962,0.0009662,0.0015773,0.003663,0.0015221,0.0013055,0.0,0.0,0.0,0.0,0.0,0.0,0.0,0.0,0.0,0.0,0.0,0.0
American Coot,0.0012151,0.0,0.0,0.0,0.0,0.0,0.0,0.0,0.0,0.0,0.0,0.0045045,0.0100111,0.0208333,0.0328502,0.0247748,0.0187062,0.0084306,0.005996,0.0043821,0.0013219,0.0007143,0.002672,0.0006223,0.0,0.0008795,0.0,0.0006906,0.0,0.0012438,0.0,0.0009662,0.0,0.001221,0.0015221,0.002611,0.0039604,0.0105634,0.0095602,0.0031646,0.0108401,0.0059347,0.0115607,0.0,0.0,0.0029851,0.0,0.0
Yellow Rail,0.0,0.0,0.0,0.0,0.0,0.0,0.0,0.0,0.0,0.0,0.0,0.0,0.0,0.0,0.0009662,0.0,0.0,0.0,0.0,0.0,0.0,0.0,0.0,0.0,0.0,0.0,0.0,0.0,0.0,0.0,0.0,0.0,0.0,0.0,0.0,0.0,0.0,0.0,0.0,0.0,0.0,0.0,0.0,0.0,0.0,0.0,0.0,0.0
Sandhill Crane,0.0,0.0,0.0,0.0,0.0,0.0,0.0,0.0,0.0125448,0.0585516,0.1084507,0.2162162,0.2480534,0.2581845,0.2772947,0.2282282,0.2159002,0.1692607,0.1292472,0.1340929,0.096497,0.0942857,0.0961924,0.0528936,0.06875,0.0712401,0.0680212,0.0725138,0.0649351,0.0833333,0.0837321,0.0850242,0.0914826,0.1123321,0.0806697,0.0887728,0.0653465,0.0510563,0.0554493,0.0142405,0.0216802,0.0059347,0.0028902,0.0020325,0.0,0.0015,0.0,0.0
American Avocet,0.0,0.0,0.0,0.0,0.0,0.0,0.0,0.0,0.0,0.0,0.0,0.0,0.0,0.0,0.0,0.0,0.0,0.0,0.0,0.0,0.0,0.0,0.0,0.0006223,0.0015625,0.0,0.0026502,0.0,0.0,0.0012438,0.0,0.0,0.0,0.0,0.0,0.0,0.0,0.0,0.0,0.0,0.0,0.0,0.0,0.0,0.0,0.0,0.0,0.0
Black-bellied Plover,0.0,0.0,0.0,0.0,0.0,0.0,0.0,0.0,0.0,0.0,0.0,0.0,0.0,0.0,0.0,0.0,0.0007794,0.002594,0.0026649,0.006135,0.0013219,0.0007143,0.000668,0.0015,0.0,0.0,0.0,0.0,0.0,0.0,0.0059809,0.0009662,0.0,0.004884,0.0015221,0.0039164,0.0015,0.0017606,0.001912,0.0,0.0,0.0,0.0,0.0,0.0,0.0,0.0,0.0
American Golden-Plover,0.0,0.0,0.0,0.0,0.0,0.0,0.0,0.0,0.0,0.0,0.0,0.0,0.0,0.0,0.0,0.0,0.0,0.0,0.0006662,0.0,0.0,0.0,0.0015,0.0,0.0,0.0,0.0,0.0,0.0,0.0,0.0,0.0,0.0,0.007326,0.0121766,0.0039164,0.0,0.0035211,0.0,0.0,0.0,0.0,0.0,0.0,0.0,0.0,0.0,0.0
Killdeer,0.0,0.0,0.0,0.0,0.0,0.0,0.0,0.0023419,0.0125448,0.01849,0.0422535,0.0648649,0.1323693,0.1622024,0.152657,0.1756757,0.1613406,0.1627756,0.1512325,0.1560035,0.1625909,0.1278571,0.1275885,0.100809,0.1015625,0.0844327,0.0724382,0.0690608,0.0819181,0.0758706,0.0490431,0.0289855,0.0362776,0.04884,0.0304414,0.0365535,0.0277228,0.0264085,0.0152964,0.0063291,0.0054201,0.0029674,0.0,0.0,0.0,0.0,0.0,0.0
Semipalmated Plover,0.0,0.0,0.0,0.0,0.0,0.0,0.0,0.0,0.0,0.0,0.0,0.0,0.0,0.0,0.0,0.0,0.0,0.0058366,0.0166556,0.0223488,0.02115,0.0085714,0.004008,0.0024891,0.0,0.0,0.0008834,0.0089779,0.003996,0.0136816,0.0263158,0.0231884,0.044164,0.023199,0.0182648,0.0117493,0.009901,0.0035211,0.0,0.0,0.0,0.0,0.0,0.0,0.0,0.0,0.0,0.0
Piping Plover,0.0,0.0,0.0,0.0,0.0,0.0,0.0,0.0,0.0,0.0,0.0,0.0,0.0,0.016369,0.0231884,0.0495495,0.0428683,0.0440986,0.0493005,0.0670465,0.0839392,0.0757143,0.0734803,0.0715619,0.0859375,0.0861917,0.0759717,0.0469613,0.020979,0.0161692,0.0167464,0.0164251,0.0205047,0.004884,0.0045662,0.0,0.0,0.0,0.0,0.0,0.0,0.0,0.0,0.0,0.0,0.0,0.0,0.0
Upland Sandpiper,0.0,0.0,0.0,0.0,0.0,0.0,0.0,0.0,0.0,0.0,0.0,0.0,0.0,0.0,0.0019324,0.0142643,0.014809,0.0110246,0.0153231,0.0100789,0.0158625,0.0171429,0.0153641,0.0149347,0.0101563,0.0087951,0.0017668,0.0027624,0.002997,0.0,0.0,0.0,0.0,0.0,0.0,0.0,0.0,0.0,0.0,0.0,0.0,0.0,0.0,0.0,0.0,0.0,0.0,0.0
Hudsonian Whimbrel,0.0,0.0,0.0,0.0,0.0,0.0,0.0,0.0,0.0,0.0,0.0,0.0,0.0,0.0,0.0,0.0,0.0,0.0,0.0015,0.0035057,0.0006609,0.0,0.001336,0.0,0.0,0.0,0.0,0.0,0.0,0.0,0.0,0.0,0.0,0.0,0.0,0.0,0.0,0.0,0.0,0.0,0.0,0.0,0.0,0.0,0.0,0.0,0.0,0.0
Marbled Godwit,0.0,0.0,0.0,0.0,0.0,0.0,0.0,0.0,0.0,0.0,0.0,0.0,0.0,0.0,0.0,0.0,0.0,0.0,0.0015,0.0,0.0006609,0.0007143,0.0,0.0,0.0,0.0015,0.0,0.0,0.0,0.0,0.0,0.0,0.0,0.0,0.0,0.0,0.0,0.0,0.0,0.0,0.0,0.0,0.0,0.0,0.0,0.0,0.0,0.0
Short-billed Dowitcher,0.0,0.0,0.0,0.0,0.0,0.0,0.0,0.0,0.0,0.0,0.0,0.0,0.0,0.0,0.0,0.0,0.0,0.0071336,0.0046636,0.0,0.0,0.0,0.0,0.0,0.0015,0.0015,0.0035336,0.0,0.0,0.0,0.0,0.0019324,0.0,0.0,0.0,0.0,0.0,0.0,0.0,0.0,0.0,0.0,0.0,0.0,0.0,0.0,0.0,0.0
Long-billed Dowitcher,0.0,0.0,0.0,0.0,0.0,0.0,0.0,0.0,0.0,0.0,0.0,0.0,0.0,0.0,0.0,0.0,0.0,0.0,0.0,0.0,0.0,0.0,0.0,0.0,0.0,0.0008795,0.0,0.0,0.0,0.0,0.0,0.0,0.0,0.0,0.0,0.0,0.0,0.0,0.0,0.0,0.0,0.0,0.0,0.0,0.0,0.0,0.0,0.0
American Woodcock,0.0,0.0,0.0,0.0,0.0,0.0,0.0,0.0,0.0015,0.0246533,0.0112676,0.027027,0.025584,0.0238095,0.0173913,0.0195195,0.0187062,0.0162127,0.0153231,0.0127082,0.0092531,0.005,0.004676,0.0062228,0.0046875,0.0061566,0.0008834,0.0027624,0.004995,0.0087065,0.0023923,0.0009662,0.0015773,0.004884,0.0030441,0.0130548,0.009901,0.0017606,0.0038241,0.0047468,0.0,0.0,0.0,0.0,0.0,0.0,0.0,0.0
Wilson's Snipe,0.0,0.0,0.0,0.0,0.0,0.0,0.0,0.0,0.0,0.0,0.0,0.0045045,0.0189099,0.0401786,0.0782609,0.0735736,0.0639127,0.0246433,0.0086609,0.0021911,0.0066094,0.0071429,0.002672,0.0031114,0.0046875,0.0,0.0008834,0.0020718,0.0,0.0037313,0.0011962,0.0009662,0.0031546,0.01221,0.0136986,0.0078329,0.0217822,0.0070423,0.001912,0.0031646,0.0,0.0,0.0,0.0,0.0,0.0,0.0014684,0.0
Wilson's Phalarope,0.0,0.0,0.0,0.0,0.0,0.0,0.0,0.0,0.0,0.0,0.0,0.0,0.0,0.0,0.0,0.0,0.0,0.0,0.0006662,0.0,0.0015,0.0,0.0,0.0,0.0,0.0,0.0,0.0,0.0,0.0,0.0,0.0,0.0,0.0,0.0,0.0,0.0,0.0,0.0,0.0,0.0,0.0,0.0,0.0,0.0,0.0,0.0,0.0
Red-necked Phalarope,0.0,0.0,0.0,0.0,0.0,0.0,0.0,0.0,0.0,0.0,0.0,0.0,0.0,0.0,0.0,0.0,0.0,0.0,0.0,0.0,0.0,0.0,0.0,0.0,0.0,0.0,0.0,0.0,0.0,0.0012438,0.0,0.0,0.0,0.0,0.0,0.0,0.0,0.0,0.0,0.0,0.0,0.0,0.0,0.0,0.0,0.0,0.0,0.0
Spotted Sandpiper,0.0,0.0,0.0,0.0,0.0,0.0,0.0,0.0,0.0,0.0,0.0,0.0,0.0,0.0,0.0,0.0052553,0.0335152,0.0557717,0.0799467,0.0819457,0.0489095,0.0571429,0.0360721,0.0236465,0.0304687,0.0492524,0.0521201,0.0497238,0.028971,0.0447761,0.0466507,0.0289855,0.022082,0.021978,0.0060883,0.0013055,0.0,0.0017606,0.0,0.0,0.0,0.0,0.0,0.0,0.0,0.0,0.0,0.0
Solitary Sandpiper,0.0,0.0,0.0,0.0,0.0,0.0,0.0,0.0,0.0,0.0,0.0,0.0,0.0,0.0,0.0009662,0.0067568,0.0179267,0.036965,0.0246502,0.0039439,0.0013219,0.0007143,0.0,0.0,0.0015,0.0043975,0.0026502,0.0145028,0.011988,0.0248756,0.0514354,0.0425121,0.0583596,0.037851,0.021309,0.0039164,0.0079208,0.0035211,0.0,0.0,0.0,0.0,0.0,0.0,0.0,0.0,0.0,0.0
Lesser Yellowlegs,0.0,0.0,0.0,0.0,0.0,0.0,0.0,0.0,0.0,0.0,0.0,0.0,0.0011123,0.0044643,0.0057971,0.018018,0.025721,0.0278859,0.0126582,0.0021911,0.0,0.0,0.0,0.0,0.0015,0.0,0.0106007,0.0055249,0.015984,0.0310945,0.041866,0.0164251,0.0315457,0.010989,0.0030441,0.0,0.0,0.0,0.0,0.0,0.0,0.0,0.0,0.0,0.0,0.0,0.0,0.0
Willet,0.0,0.0,0.0,0.0,0.0,0.0,0.0,0.0,0.0,0.0,0.0,0.0,0.0,0.0,0.0,0.0,0.0015,0.0006485,0.0015,0.0,0.0,0.0,0.0,0.0,0.003125,0.001759,0.0008834,0.0006906,0.000999,0.0024876,0.0011962,0.0,0.0,0.0,0.0,0.0,0.0,0.0,0.0,0.0,0.0,0.0,0.0,0.0,0.0,0.0,0.0,0.0
Greater Yellowlegs,0.0,0.0,0.0,0.0,0.0,0.0,0.0,0.0,0.0,0.0,0.0,0.0,0.003337,0.0111607,0.0193237,0.0578078,0.0358535,0.0168612,0.0073284,0.0048203,0.0,0.0,0.0,0.0,0.0,0.0008795,0.004417,0.003453,0.010989,0.0261194,0.0287081,0.0173913,0.0031546,0.01221,0.0015221,0.0052219,0.0019802,0.0052817,0.0057361,0.0031646,0.00271,0.0,0.0,0.0,0.0,0.0,0.0,0.0
Ruddy Turnstone,0.0,0.0,0.0,0.0,0.0,0.0,0.0,0.0,0.0,0.0,0.0,0.0,0.0,0.0,0.0,0.0,0.0023383,0.0032425,0.0039973,0.0105171,0.0026438,0.0,0.0,0.0,0.0,0.0,0.0,0.0006906,0.0,0.0012438,0.0023923,0.0009662,0.0015773,0.0,0.0,0.0013055,0.0015,0.0,0.0,0.0,0.0,0.0,0.0,0.0,0.0,0.0,0.0,0.0
Red Knot,0.0,0.0,0.0,0.0,0.0,0.0,0.0,0.0,0.0,0.0,0.0,0.0,0.0,0.0,0.0,0.0,0.0,0.0,0.0006662,0.0,0.0,0.0007143,0.0,0.0,0.0,0.0,0.0,0.0,0.0,0.0,0.0,0.0,0.0,0.0,0.0,0.0,0.0,0.0,0.0,0.0,0.0,0.0,0.0,0.0,0.0,0.0,0.0,0.0
Stilt Sandpiper,0.0,0.0,0.0,0.0,0.0,0.0,0.0,0.0,0.0,0.0,0.0,0.0,0.0,0.0,0.0,0.0,0.0,0.0,0.0,0.0,0.0,0.0,0.0,0.0,0.0,0.0,0.0,0.0,0.0,0.0024876,0.0095694,0.0086957,0.0063091,0.008547,0.0,0.0,0.0,0.0,0.0,0.0,0.0,0.0,0.0,0.0,0.0,0.0,0.0,0.0
Buff-breasted Sandpiper,0.0,0.0,0.0,0.0,0.0,0.0,0.0,0.0,0.0,0.0,0.0,0.0,0.0,0.0,0.0,0.0,0.0,0.0,0.0,0.0,0.0,0.0,0.0,0.0,0.0,0.0,0.0,0.0,0.0,0.0,0.0015,0.0,0.0,0.001221,0.0015221,0.0,0.0,0.0,0.0,0.0,0.0,0.0,0.0,0.0,0.0,0.0,0.0,0.0
Sanderling,0.0,0.0,0.0,0.0,0.0,0.0,0.0,0.0,0.0,0.0,0.0,0.0,0.0,0.0,0.0009662,0.0015,0.005456,0.0032425,0.0033311,0.0157756,0.0092531,0.0057143,0.000668,0.0,0.0,0.0008795,0.0114841,0.0145028,0.005994,0.0161692,0.0107656,0.0251208,0.0315457,0.034188,0.0365297,0.0313316,0.0257426,0.0334507,0.0133843,0.0221519,0.0054201,0.0029674,0.0,0.0,0.0,0.0,0.0,0.0
Dunlin,0.0,0.0,0.0,0.0,0.0,0.0,0.0,0.0,0.0,0.0,0.0,0.0,0.0,0.000744,0.0,0.0037538,0.0015588,0.0090791,0.0139907,0.0236635,0.0072703,0.0014286,0.0,0.0,0.0015,0.0,0.0,0.0,0.0,0.0,0.0,0.0,0.0,0.0,0.0,0.0,0.0,0.0035211,0.0,0.0047468,0.0,0.0,0.0,0.0,0.0,0.0,0.0,0.0
Baird's Sandpiper,0.0,0.0,0.0,0.0,0.0,0.0,0.0,0.0,0.0,0.0,0.0,0.0,0.0,0.0,0.0,0.0,0.0,0.0,0.0,0.0,0.0,0.0,0.0,0.0,0.0,0.001759,0.0026502,0.0013812,0.001998,0.0049751,0.0191388,0.021256,0.0047319,0.010989,0.0030441,0.0013055,0.0,0.0,0.0,0.0,0.0,0.0,0.0,0.0,0.0,0.0,0.0,0.0
White-rumped Sandpiper,0.0,0.0,0.0,0.0,0.0,0.0,0.0,0.0,0.0,0.0,0.0,0.0,0.0,0.0,0.0,0.0,0.0,0.0,0.0,0.0015,0.0013219,0.0014286,0.0015,0.0,0.0,0.0,0.0,0.0,0.0,0.0,0.0,0.0,0.0,0.0,0.0,0.0,0.0,0.0,0.0,0.0,0.0,0.0,0.0,0.0,0.0,0.0,0.0,0.0
Least Sandpiper,0.0,0.0,0.0,0.0,0.0,0.0,0.0,0.0,0.0,0.0,0.0,0.0,0.0,0.0,0.0,0.0,0.0023383,0.0090791,0.0166556,0.0131464,0.0006609,0.0014286,0.0,0.0006223,0.0101563,0.0123131,0.0150177,0.0110497,0.023976,0.0223881,0.0574163,0.0251208,0.0236593,0.008547,0.0030441,0.0,0.0,0.0,0.0,0.0,0.0,0.0,0.0,0.0,0.0,0.0,0.0,0.0
Pectoral Sandpiper,0.0,0.0,0.0,0.0,0.0,0.0,0.0,0.0,0.0,0.0,0.0,0.0,0.0,0.0,0.0,0.003003,0.0015588,0.001297,0.0006662,0.0008764,0.0,0.0,0.0,0.0,0.0,0.0008795,0.0,0.0006906,0.002997,0.0037313,0.0107656,0.0077295,0.0126183,0.007326,0.0030441,0.002611,0.0039604,0.0015,0.0,0.0,0.0,0.0,0.0,0.0,0.0,0.0,0.0,0.0
Semipalmated Sandpiper,0.0,0.0,0.0,0.0,0.0,0.0,0.0,0.0,0.0,0.0,0.0,0.0,0.0,0.0,0.0,0.0007508,0.0,0.002594,0.0066622,0.0148992,0.0158625,0.0142857,0.000668,0.0,0.0,0.0026385,0.0079505,0.0110497,0.003996,0.0149254,0.0239234,0.0096618,0.0173502,0.008547,0.0,0.0,0.0,0.0,0.0,0.0,0.0,0.0,0.0,0.0,0.0,0.0,0.0,0.0
Parasitic Jaeger,0.0,0.0,0.0,0.0,0.0,0.0,0.0,0.0,0.0,0.0,0.0,0.0,0.0,0.0,0.0,0.0,0.0,0.0,0.0,0.0,0.0,0.0,0.0,0.0,0.0,0.0,0.0,0.0,0.0,0.0,0.0,0.0,0.0,0.001221,0.0,0.0,0.0,0.0,0.0,0.0,0.0,0.0,0.0,0.0,0.0,0.0,0.0,0.0
Little Gull,0.0,0.0,0.0,0.0,0.0,0.0,0.0,0.0,0.0,0.0,0.0,0.0,0.0,0.0,0.0,0.0,0.0,0.0,0.0,0.0,0.0006609,0.0,0.0,0.0,0.0,0.0,0.0,0.0,0.0,0.0,0.0,0.0,0.0,0.0,0.0,0.0,0.0,0.0,0.0,0.0,0.00271,0.0029674,0.0,0.0020325,0.0,0.0,0.0,0.0
Black-legged Kittiwake,0.0,0.0,0.0,0.0,0.0,0.0,0.0,0.0,0.0,0.0,0.0,0.0,0.0,0.0,0.0,0.0,0.0,0.0,0.0,0.0,0.0,0.0,0.0,0.0,0.0,0.0015,0.0,0.0,0.0,0.0,0.0,0.0,0.0,0.0,0.0,0.0,0.0,0.0,0.0,0.0,0.0,0.0,0.0,0.0,0.0,0.0,0.0,0.0
Bonaparte's Gull,0.0072904,0.0037383,0.0063559,0.0,0.0,0.0,0.0,0.0,0.0017921,0.0,0.0,0.0,0.0015,0.0223214,0.0222222,0.0322823,0.0038971,0.0038911,0.0046636,0.0013146,0.0006609,0.0,0.0,0.0,0.0,0.0,0.0017668,0.0027624,0.002997,0.0124378,0.0011962,0.0038647,0.0063091,0.006105,0.0015221,0.0117493,0.0237624,0.056338,0.0592734,0.0917722,0.1111111,0.115727,0.0809249,0.0813008,0.0561056,0.0268657,0.0146843,0.0033333
Laughing Gull,0.0,0.0,0.0,0.0,0.0,0.0,0.0,0.0,0.0,0.0,0.0,0.0,0.0,0.0,0.0,0.0,0.0,0.0,0.0,0.0,0.0,0.0,0.0,0.0,0.0,0.0,0.0,0.0,0.0,0.0,0.0,0.0,0.0,0.0,0.0015221,0.0,0.0,0.0,0.0,0.0,0.0,0.0,0.0,0.0,0.0,0.0,0.0,0.0
Franklin's Gull,0.0,0.0,0.0,0.0,0.0,0.0,0.0,0.0,0.0,0.0,0.0,0.0,0.0,0.0,0.0,0.0,0.0,0.0,0.0006662,0.0,0.0,0.0,0.0,0.0,0.0,0.0,0.0,0.0027624,0.0,0.0,0.0,0.0,0.0,0.0,0.0,0.0,0.0,0.0,0.001912,0.0,0.0,0.0,0.0,0.0,0.0,0.0,0.0,0.0
Ring-billed Gull,0.1190765,0.1158879,0.0995763,0.0714286,0.0714286,0.089983,0.0597205,0.0725995,0.0860215,0.1494607,0.2056338,0.272973,0.3136819,0.343006,0.2724638,0.298048,0.2057677,0.1854734,0.206529,0.2291849,0.2630535,0.2607143,0.257181,0.2626011,0.2429688,0.2656113,0.2464664,0.2783149,0.3036963,0.2736318,0.2763158,0.2647343,0.2271293,0.2295482,0.2283105,0.227154,0.2554455,0.278169,0.2313576,0.2231013,0.2140921,0.2017804,0.1936416,0.2012195,0.1419142,0.1253731,0.1674009,0.125
American Herring Gull,0.0959903,0.117757,0.1080508,0.1164596,0.1346939,0.0848896,0.0813215,0.0702576,0.09319,0.0677966,0.1112676,0.1126126,0.0967742,0.1376488,0.1024155,0.1088589,0.0966485,0.1011673,0.1072618,0.1205083,0.1308658,0.1,0.1022044,0.0983199,0.0882813,0.1108179,0.1280919,0.1353591,0.1478521,0.130597,0.1483254,0.1449275,0.1214511,0.1245421,0.130898,0.1227154,0.1247525,0.1426056,0.1051625,0.1186709,0.1273713,0.1305638,0.1531792,0.1239837,0.1023102,0.0895522,0.0983847,0.1083333
Great Black-backed Gull,0.0,0.0,0.0,0.0015,0.0020408,0.0,0.0,0.0023419,0.0,0.0,0.0,0.0,0.0022247,0.000744,0.0028986,0.0007508,0.0038971,0.0006485,0.0013324,0.0008764,0.0019828,0.0014286,0.0,0.0006223,0.0,0.0008795,0.0,0.0006906,0.0,0.0,0.0015,0.0,0.0015773,0.0,0.0,0.0013055,0.0,0.0017606,0.0,0.0,0.00271,0.0,0.0,0.0,0.0,0.0,0.0,0.0015
Glaucous Gull,0.0,0.0,0.0015,0.0015,0.0015,0.0,0.0012706,0.0070258,0.0035842,0.0015408,0.0014085,0.0,0.0011123,0.0022321,0.0,0.0015015,0.0015588,0.001297,0.0,0.0,0.0046266,0.0015,0.0,0.0018668,0.003125,0.0015,0.0,0.0,0.0,0.0,0.0,0.0,0.0,0.0,0.0,0.0,0.0,0.0,0.0,0.0,0.0,0.0,0.0,0.0,0.0,0.0,0.0,0.0066667
Lesser Black-backed Gull,0.0,0.0,0.0,0.0015528,0.0,0.0,0.0,0.0,0.0,0.0,0.0,0.0,0.0,0.0022321,0.0,0.0015015,0.0007794,0.0006485,0.0033311,0.0026293,0.0026438,0.0,0.0,0.0006223,0.0,0.001759,0.0,0.0,0.0,0.0,0.0,0.0009662,0.0,0.001221,0.0015221,0.0,0.0,0.0,0.0,0.0,0.0,0.0,0.0,0.0,0.0,0.0,0.0,0.0
Iceland Gull,0.0,0.0056075,0.0,0.0,0.0,0.0,0.0,0.0,0.0,0.0,0.0014085,0.0,0.0,0.0,0.0019324,0.0007508,0.0007794,0.0,0.0,0.0,0.0,0.0,0.0,0.0,0.0,0.0,0.0,0.0,0.0,0.0,0.0,0.0,0.0,0.0,0.0,0.0,0.0,0.0,0.0,0.0,0.0,0.0015,0.0,0.0,0.0,0.0,0.0,0.0
Caspian Tern,0.0,0.0,0.0,0.0,0.0,0.0,0.0,0.0,0.0,0.0,0.0,0.0,0.0,0.0066964,0.0173913,0.0405405,0.0342946,0.0402075,0.0426382,0.0482033,0.0356907,0.0392857,0.0581162,0.0603609,0.0695313,0.0650836,0.0609541,0.0877072,0.0999001,0.0671642,0.0550239,0.0270531,0.0047319,0.0,0.0,0.0,0.0,0.0017606,0.0,0.0,0.0,0.0,0.0,0.0,0.0,0.0,0.0,0.0
Black Tern,0.0,0.0,0.0,0.0,0.0,0.0,0.0,0.0,0.0,0.0,0.0,0.0,0.0,0.0,0.0,0.0,0.0,0.0,0.0,0.0,0.0,0.0015,0.0015,0.0006223,0.0,0.0,0.0015,0.0,0.0,0.0,0.0,0.0,0.0,0.0,0.0,0.0,0.0,0.0,0.0,0.0,0.0,0.0,0.0,0.0,0.0,0.0,0.0,0.0
Forster's Tern,0.0,0.0,0.0,0.0,0.0,0.0,0.0,0.0,0.0,0.0,0.0,0.0,0.0,0.0,0.0,0.0007508,0.0007794,0.0,0.0,0.0008764,0.0015,0.0,0.0,0.0,0.0,0.0,0.0017668,0.0,0.000999,0.0,0.0,0.0019324,0.0,0.0,0.0,0.0,0.0,0.0015,0.0038241,0.0,0.0,0.0,0.0,0.0,0.0,0.0,0.0,0.0
Common Tern,0.0,0.0,0.0,0.0,0.0,0.0,0.0,0.0,0.0,0.0,0.0,0.0,0.0,0.0,0.0,0.0,0.0015588,0.0045396,0.0013324,0.0021911,0.0046266,0.0028571,0.000668,0.0018668,0.0023437,0.0070361,0.004417,0.0041436,0.004995,0.0049751,0.0015,0.0028986,0.0047319,0.003663,0.0030441,0.002611,0.0019802,0.0,0.0,0.0,0.0,0.0,0.0,0.0,0.0,0.0,0.0,0.0
Pied-billed Grebe,0.0012151,0.0037383,0.0021186,0.0015,0.0,0.0,0.0,0.0,0.0,0.0,0.0014085,0.018018,0.0556174,0.1116071,0.1236715,0.1148649,0.0413094,0.0363165,0.0166556,0.0162138,0.0145406,0.0092857,0.0126921,0.0043559,0.0015625,0.0131926,0.0150177,0.015884,0.01998,0.0149254,0.0119617,0.0173913,0.011041,0.030525,0.0456621,0.035248,0.0237624,0.0352113,0.0478011,0.039557,0.0189702,0.0207715,0.0057803,0.0020325,0.0033003,0.0,0.0029369,0.0
Horned Grebe,0.0206561,0.0485981,0.029661,0.052795,0.0714286,0.0373514,0.0343075,0.0421546,0.0394265,0.0431433,0.056338,0.0423423,0.0400445,0.078125,0.0405797,0.0510511,0.0272798,0.0045396,0.0,0.0004382,0.0,0.0,0.0,0.0,0.0,0.0,0.0,0.0,0.0,0.0012438,0.0059809,0.0048309,0.0047319,0.009768,0.0121766,0.0326371,0.049505,0.0897887,0.0688337,0.1044304,0.1165312,0.0890208,0.0867052,0.0650407,0.0594059,0.0328358,0.0352423,0.0316667
Red-necked Grebe,0.0170109,0.0130841,0.0105932,0.0232919,0.055102,0.0220713,0.0177891,0.0093677,0.0215054,0.01849,0.0450704,0.0423423,0.0422692,0.094494,0.0463768,0.0518018,0.0194856,0.002594,0.0006662,0.0,0.0,0.0,0.0,0.0,0.0,0.0,0.0,0.0006906,0.0,0.0,0.0015,0.0038647,0.0015773,0.001221,0.0030441,0.0169713,0.0158416,0.0387324,0.0248566,0.056962,0.0650407,0.0504451,0.0260116,0.0345528,0.0363036,0.0119403,0.0132159,0.0116667
Eared Grebe,0.0,0.0,0.0,0.0,0.0,0.0,0.0,0.0,0.0,0.0,0.0,0.0,0.0,0.000744,0.0,0.0,0.0,0.0,0.0,0.0,0.0,0.0,0.0,0.0,0.0,0.0,0.0,0.0,0.0,0.0,0.0,0.0,0.0,0.0,0.0,0.0,0.0,0.0,0.0,0.0,0.0,0.0,0.0,0.0,0.0,0.0,0.0,0.0
Western Grebe,0.0,0.0,0.0,0.0031056,0.0408163,0.0016978,0.0038119,0.0,0.0,0.0,0.0,0.0,0.0044494,0.0386905,0.0086957,0.015015,0.0015588,0.0,0.0,0.0,0.0,0.0,0.0,0.0,0.0,0.0,0.0,0.0,0.0,0.0,0.0,0.0,0.0,0.0,0.0,0.0,0.0,0.0,0.0,0.0,0.0,0.0,0.0,0.0,0.0,0.0,0.0,0.0
Red-throated Loon,0.0,0.0018692,0.0,0.0015528,0.0163265,0.0,0.0,0.0023419,0.0,0.0,0.0,0.0,0.0,0.0,0.0,0.0,0.0007794,0.0006485,0.0,0.0,0.0,0.0,0.0,0.0,0.0,0.0,0.0,0.0,0.0,0.0,0.0,0.0,0.0,0.0,0.0,0.0,0.0019802,0.0017606,0.001912,0.0047468,0.0054201,0.0029674,0.0028902,0.0,0.0,0.0,0.0,0.0
Pacific Loon,0.0,0.0,0.0,0.0,0.0,0.0,0.0,0.0,0.0,0.0,0.0,0.0,0.0,0.0,0.0,0.0,0.0,0.0,0.0,0.0,0.0,0.0,0.0,0.0,0.0,0.0,0.0,0.0,0.0,0.0,0.0,0.0,0.0,0.0,0.0,0.0,0.0,0.0,0.0,0.0,0.0,0.0,0.0057803,0.0,0.0,0.0,0.0,0.0
Common Loon,0.0060753,0.0093458,0.0105932,0.0170807,0.0469388,0.0135823,0.0025413,0.0023419,0.0017921,0.0030817,0.0084507,0.0153153,0.0789766,0.1502976,0.1111111,0.1441441,0.1301637,0.077821,0.0806129,0.092901,0.0766689,0.0742857,0.0768203,0.0746733,0.078125,0.064204,0.0750883,0.0966851,0.0979021,0.1057214,0.0741627,0.0724638,0.0473186,0.043956,0.042618,0.04047,0.0455446,0.0651408,0.0630975,0.0886076,0.0894309,0.0830861,0.0404624,0.0345528,0.0165017,0.0059701,0.0058737,0.0
Double-crested Cormorant,0.0024301,0.0,0.0063559,0.0015528,0.0,0.0015,0.0,0.0,0.0,0.0,0.0014085,0.0,0.0200222,0.110119,0.1371981,0.1996997,0.1519875,0.118677,0.0926049,0.0823839,0.0687376,0.0664286,0.0681363,0.0522713,0.0570312,0.0756376,0.0759717,0.0856354,0.0969031,0.1156716,0.1519139,0.1487923,0.1750789,0.1648352,0.130898,0.1475196,0.1445545,0.1126761,0.0975143,0.0348101,0.0135501,0.0148368,0.0057803,0.0020325,0.0033003,0.0059701,0.0044053,0.005
American Bittern,0.0,0.0,0.0,0.0,0.0,0.0,0.0,0.0,0.0,0.0,0.0,0.0,0.0,0.0029762,0.0048309,0.0172673,0.0163679,0.0162127,0.011992,0.0131464,0.0085922,0.0014286,0.00334,0.0031114,0.003125,0.003518,0.0035336,0.0048343,0.000999,0.0024876,0.0011962,0.0009662,0.0031546,0.001221,0.0015,0.0015,0.0,0.0,0.001912,0.0,0.0,0.0,0.0,0.0,0.0,0.0,0.0,0.0
Least Bittern,0.0,0.0,0.0,0.0,0.0,0.0,0.0,0.0,0.0,0.0,0.0,0.0,0.0,0.0,0.0,0.0,0.0007794,0.0019455,0.0026649,0.0039439,0.0052875,0.0042857,0.005344,0.0031114,0.0039063,0.0043975,0.0061837,0.0110497,0.011988,0.011194,0.0131579,0.0028986,0.0094637,0.0,0.0015221,0.0,0.0,0.0,0.0,0.0,0.0,0.0,0.0,0.0,0.0,0.0,0.0,0.0
Black-crowned Night Heron,0.0,0.0,0.0,0.0,0.0,0.0,0.0,0.0,0.0,0.0,0.0,0.0,0.0,0.0,0.0019324,0.0,0.0007794,0.0,0.0,0.0004382,0.0,0.0,0.0,0.0015,0.0,0.0,0.0008834,0.0,0.0,0.0012438,0.0,0.0,0.0,0.0,0.0,0.0,0.0,0.0,0.0,0.0,0.0,0.0,0.0,0.0,0.0,0.0,0.0,0.0
Little Blue Heron,0.0,0.0,0.0,0.0,0.0,0.0,0.0,0.0,0.0,0.0,0.0,0.0,0.0,0.0,0.0173913,0.0187688,0.0,0.0,0.0,0.0,0.0,0.0,0.0,0.0,0.0,0.0,0.0,0.0,0.0,0.0,0.0,0.0,0.0,0.0,0.0,0.0,0.0,0.0,0.0,0.0,0.0,0.0,0.0,0.0,0.0,0.0,0.0,0.0
Green Heron,0.0,0.0,0.0,0.0,0.0,0.0,0.0,0.0,0.0,0.0,0.0,0.0,0.0,0.0015,0.0009662,0.018018,0.045986,0.0616083,0.0772818,0.0968449,0.0826173,0.0821429,0.0915164,0.0746733,0.0898438,0.0800352,0.0909894,0.1118785,0.1218781,0.1243781,0.15311,0.105314,0.1009464,0.0744811,0.065449,0.0456919,0.019802,0.0017606,0.0,0.0,0.0,0.0,0.0,0.0,0.0,0.0,0.0,0.0
Western Cattle-Egret,0.0,0.0,0.0,0.0,0.0,0.0,0.0,0.0,0.0,0.0,0.0,0.0,0.0,0.0,0.0,0.0,0.0,0.0038911,0.0,0.0,0.0,0.0,0.0,0.0,0.0,0.0,0.0,0.0,0.0,0.0,0.0,0.0,0.0,0.0,0.0,0.0,0.0,0.0,0.0,0.0,0.0,0.0,0.0,0.0,0.0,0.0,0.0,0.0
Great Egret,0.0,0.0,0.0,0.0,0.0,0.0,0.0,0.0,0.0,0.0,0.0,0.0,0.0,0.0029762,0.0077295,0.0052553,0.0015,0.0,0.0006662,0.0017528,0.0019828,0.0014286,0.000668,0.0015,0.0007813,0.0008795,0.0008834,0.0075967,0.016983,0.0161692,0.0287081,0.021256,0.022082,0.017094,0.0091324,0.0143603,0.0178218,0.0,0.0,0.0015823,0.0,0.0,0.0,0.0,0.0,0.0,0.0,0.0
Great Blue Heron,0.0,0.0,0.0,0.0,0.0,0.0,0.0,0.0,0.0,0.0,0.0014085,0.0018018,0.0044494,0.0126488,0.0115942,0.0165165,0.0187062,0.0149157,0.0093271,0.0219106,0.0178453,0.0228571,0.0293921,0.0280025,0.05625,0.1011434,0.1537102,0.1546961,0.1758242,0.1554726,0.1590909,0.1536232,0.1388013,0.1245421,0.1171994,0.0979112,0.1089109,0.0510563,0.0478011,0.0332278,0.0216802,0.0118694,0.0086705,0.0015,0.0,0.0029851,0.0014684,0.0
American White Pelican,0.0,0.0,0.0,0.0,0.0,0.0,0.0,0.0,0.0,0.0,0.0,0.0,0.0011123,0.0015,0.0015,0.0007508,0.0015588,0.0045396,0.0019987,0.0015,0.0046266,0.0035714,0.004676,0.0037337,0.0015,0.0008795,0.0008834,0.0006906,0.0,0.0,0.0,0.0,0.0,0.0,0.0,0.0039164,0.0019802,0.0,0.0,0.0,0.0,0.0,0.0,0.0,0.0,0.0,0.0,0.0
Turkey Vulture,0.0,0.0,0.0,0.0,0.0,0.0,0.0,0.0,0.0,0.0061633,0.0084507,0.0828829,0.2057842,0.2604167,0.2531401,0.2492492,0.2190179,0.228275,0.2165223,0.2326906,0.2200925,0.185,0.1569806,0.1537026,0.1710937,0.1530343,0.155477,0.1705801,0.1528472,0.1604478,0.1614833,0.1719807,0.1955836,0.1550672,0.1613394,0.1475196,0.1247525,0.0545775,0.0382409,0.0031646,0.0,0.0029674,0.0028902,0.0,0.0,0.0,0.0,0.0
Osprey,0.0,0.0,0.0,0.0,0.0,0.0,0.0,0.0,0.0,0.0,0.0,0.0015,0.0,0.0014881,0.0057971,0.0127628,0.0116913,0.0110246,0.005996,0.0039439,0.0052875,0.0028571,0.005344,0.0006223,0.0015625,0.0026385,0.0008834,0.0013812,0.002997,0.0012438,0.0035885,0.0038647,0.0078864,0.003663,0.0015221,0.0052219,0.0019802,0.0017606,0.0076482,0.0015823,0.0,0.0,0.0,0.0,0.0,0.0,0.0,0.0
Swallow-tailed Kite,0.0,0.0,0.0,0.0,0.0,0.0,0.0,0.0,0.0,0.0,0.0,0.0,0.0,0.0,0.0,0.0,0.0,0.0,0.0,0.0,0.0,0.0,0.0,0.0,0.0,0.0,0.0,0.0,0.0,0.0,0.0,0.0015,0.0,0.0,0.0,0.0,0.0,0.0,0.0,0.0,0.0,0.0,0.0,0.0,0.0,0.0,0.0,0.0
Golden Eagle,0.0,0.0,0.0,0.0,0.0,0.0,0.0,0.0,0.0015,0.0030817,0.0015,0.0027027,0.0,0.0014881,0.0019324,0.0015015,0.0,0.0006485,0.0,0.0004382,0.0,0.0,0.0,0.0,0.0,0.0,0.0,0.0,0.0,0.0,0.0,0.0,0.0,0.001221,0.0015221,0.0,0.0,0.0,0.0015,0.0015823,0.00271,0.0,0.0,0.0,0.0,0.0,0.0,0.0
Sharp-shinned Hawk,0.018226,0.0205607,0.0233051,0.0201863,0.0142857,0.0118846,0.0038119,0.0234192,0.0107527,0.0107858,0.0112676,0.0099099,0.0166852,0.0230655,0.0202899,0.0322823,0.0319564,0.0194553,0.017988,0.008326,0.0013219,0.0035714,0.00668,0.0024891,0.003125,0.005277,0.0035336,0.0117403,0.002997,0.0174129,0.0251196,0.0096618,0.011041,0.013431,0.0182648,0.0182768,0.0178218,0.0123239,0.0133843,0.0174051,0.0108401,0.0267062,0.0086705,0.0060976,0.0066007,0.0238806,0.0146843,0.0216667
Cooper's Hawk,0.0194411,0.0205607,0.0105932,0.0124224,0.0020408,0.008489,0.0101652,0.0070258,0.0017921,0.0030817,0.0028169,0.009009,0.0166852,0.0074405,0.0135266,0.0165165,0.014809,0.0110246,0.0073284,0.0056968,0.0033047,0.0028571,0.004676,0.0024891,0.009375,0.0043975,0.0061837,0.003453,0.003996,0.0174129,0.0227273,0.0135266,0.0173502,0.009768,0.0106545,0.0143603,0.0158416,0.0140845,0.0114723,0.0142405,0.0054201,0.0,0.0115607,0.0081301,0.0066007,0.0149254,0.0161527,0.0216667
American Goshawk,0.0024301,0.0037383,0.0021186,0.015528,0.0061224,0.0118846,0.0025413,0.0070258,0.0035842,0.0030817,0.0042254,0.0045045,0.0011123,0.000744,0.0009662,0.0015015,0.0046765,0.001297,0.0019987,0.0026293,0.0026438,0.0007143,0.0,0.0018668,0.0,0.0015,0.0017668,0.0,0.001998,0.0074627,0.0023923,0.0067633,0.0,0.001221,0.0,0.0039164,0.0,0.0017606,0.001912,0.0047468,0.0054201,0.0015,0.0028902,0.0081301,0.0033003,0.0059701,0.0029369,0.005
Northern Harrier,0.0,0.0,0.0,0.0,0.0,0.0016978,0.0025413,0.0,0.0,0.0061633,0.0098592,0.0153153,0.0300334,0.0342262,0.0463768,0.0352853,0.0374123,0.0129702,0.0113258,0.0096407,0.0099141,0.01,0.004008,0.0068451,0.0078125,0.0079156,0.0114841,0.0131215,0.007992,0.0136816,0.0095694,0.0096618,0.0047319,0.007326,0.0076104,0.0052219,0.0039604,0.0105634,0.001912,0.0047468,0.0054201,0.0015,0.0028902,0.0121951,0.0033003,0.0059701,0.0,0.0
Bald Eagle,0.1020656,0.0934579,0.0847458,0.0978261,0.0979592,0.0865874,0.0749682,0.1007026,0.1039427,0.1232666,0.1253521,0.136036,0.1290323,0.1220238,0.105314,0.1388889,0.1402962,0.1251621,0.1119254,0.1134969,0.0773298,0.0771429,0.0587842,0.0497822,0.0828125,0.0826737,0.0848057,0.1201657,0.1328671,0.1567164,0.1315789,0.1391304,0.1214511,0.1269841,0.1065449,0.1344648,0.0871287,0.1038732,0.0917782,0.1329114,0.1138211,0.15727,0.0953757,0.1077236,0.0858086,0.0835821,0.1116006,0.1
Broad-winged Hawk,0.0,0.0,0.0,0.0,0.0,0.0,0.0,0.0,0.0,0.0,0.0,0.0,0.0,0.000744,0.0057971,0.0165165,0.0210444,0.0207523,0.0213191,0.0113935,0.0066094,0.0142857,0.005344,0.0037337,0.0046875,0.0105541,0.0070671,0.0048343,0.016983,0.0186567,0.0311005,0.021256,0.0141956,0.015873,0.0106545,0.0039164,0.0015,0.0,0.0,0.0,0.0,0.0,0.0,0.0,0.0,0.0,0.0,0.0
Red-shouldered Hawk,0.0121507,0.0224299,0.0042373,0.0031056,0.0040816,0.008489,0.0025413,0.0093677,0.0322581,0.0539291,0.0704225,0.0423423,0.0444939,0.0438988,0.0376812,0.0465465,0.0319564,0.0298314,0.0433045,0.0280456,0.0297422,0.03,0.0200401,0.0186683,0.0257812,0.0228672,0.0291519,0.0200276,0.044955,0.0323383,0.0263158,0.0347826,0.033123,0.04884,0.0532725,0.0509138,0.0455446,0.0176056,0.0133843,0.0205696,0.0081301,0.0148368,0.0086705,0.0081301,0.0066007,0.0208955,0.0190896,0.01
Red-tailed Hawk,0.0461725,0.0523364,0.0423729,0.0201863,0.0387755,0.0390492,0.0317662,0.0327869,0.0573477,0.0600924,0.0535211,0.0531532,0.0867631,0.0639881,0.068599,0.0698198,0.0475448,0.0603113,0.0519654,0.0477651,0.0456048,0.0457143,0.0474282,0.0466708,0.040625,0.05365,0.0477032,0.0635359,0.1068931,0.1281095,0.1447368,0.1468599,0.126183,0.0915751,0.0761035,0.073107,0.0891089,0.0545775,0.0478011,0.0348101,0.0704607,0.0356083,0.0202312,0.0243902,0.0462046,0.0238806,0.061674,0.055
Rough-legged Hawk,0.0291616,0.0186916,0.0211864,0.0232919,0.0081633,0.0101868,0.0038119,0.0070258,0.016129,0.0231125,0.0521127,0.036036,0.0400445,0.0357143,0.0173913,0.024024,0.0171473,0.0090791,0.0013324,0.0013146,0.0006609,0.0007143,0.0,0.0,0.0,0.0,0.0,0.0013812,0.0,0.0,0.0,0.0,0.0,0.001221,0.0,0.0,0.0015,0.0017606,0.0095602,0.0363924,0.0542005,0.0326409,0.0491329,0.0162602,0.0132013,0.0119403,0.0293686,0.0383333
Eastern Screech-Owl,0.0,0.0,0.0,0.0015528,0.0,0.0033956,0.0012706,0.0046838,0.0017921,0.0,0.0,0.0015,0.0,0.0015,0.0,0.0015,0.0015588,0.001297,0.0,0.0,0.0,0.0007143,0.000668,0.0006223,0.0007813,0.0015,0.0008834,0.0013812,0.001998,0.0024876,0.0011962,0.0028986,0.0015773,0.004884,0.0015221,0.0,0.0,0.0052817,0.0015,0.0015823,0.0054201,0.0029674,0.0,0.004065,0.0033003,0.0,0.0058737,0.0016667
Snowy Owl,0.0121507,0.0093458,0.0169492,0.0093168,0.0020408,0.0118846,0.0050826,0.0070258,0.0053763,0.0061633,0.0015,0.0009009,0.0022247,0.000744,0.0019324,0.0007508,0.0007794,0.0006485,0.0,0.0,0.0,0.0,0.0,0.0,0.0,0.0,0.0,0.0,0.0,0.0,0.0,0.0,0.0,0.0,0.0,0.0,0.0,0.0,0.0,0.0015823,0.0,0.0,0.0,0.0060976,0.0264026,0.0208955,0.0029369,0.035
Great Horned Owl,0.0048603,0.0018692,0.0021186,0.0046584,0.0,0.0067912,0.0038119,0.0023419,0.0017921,0.0046225,0.0056338,0.0045045,0.0022247,0.0014881,0.0009662,0.0022523,0.0015588,0.002594,0.0079947,0.0017528,0.0019828,0.0014286,0.000668,0.0018668,0.0007813,0.0026385,0.0,0.0006906,0.002997,0.0015,0.0011962,0.0038647,0.0047319,0.002442,0.0,0.0052219,0.0015,0.0017606,0.0038241,0.0015823,0.0015,0.0059347,0.0,0.0020325,0.0066007,0.0,0.0,0.0016667
Barred Owl,0.0121507,0.0074766,0.0042373,0.0062112,0.0040816,0.008489,0.0050826,0.0140515,0.0125448,0.0123267,0.015493,0.0135135,0.0266963,0.0193452,0.0299517,0.0202703,0.0374123,0.0239948,0.0253165,0.0157756,0.0178453,0.0185714,0.0146961,0.0124456,0.0140625,0.0175901,0.024735,0.0234807,0.015984,0.0298507,0.0239234,0.0251208,0.0252366,0.034188,0.0350076,0.0248042,0.0277228,0.0264085,0.0076482,0.0142405,0.0054201,0.0148368,0.0015,0.0060976,0.0066007,0.0089552,0.0234949,0.0216667
Great Gray Owl,0.0,0.0,0.0,0.0,0.0,0.0,0.0015,0.0,0.0,0.0,0.0,0.0,0.0,0.0,0.0,0.0,0.0,0.0,0.0,0.0,0.0,0.0,0.0,0.0,0.0,0.0,0.0,0.0,0.0,0.0,0.0,0.0,0.0,0.0,0.0,0.0,0.0,0.0,0.0,0.0,0.0,0.0,0.0,0.0,0.0,0.0,0.0,0.0
Long-eared Owl,0.0,0.0,0.0,0.0,0.0,0.0,0.0,0.0,0.0,0.0015408,0.0,0.0,0.0,0.0,0.0,0.0,0.0,0.0,0.0,0.0,0.0,0.0,0.0,0.0,0.0,0.0,0.0,0.0015,0.0,0.0,0.0,0.0,0.0,0.0,0.0,0.0,0.0,0.0,0.0,0.0,0.0,0.0,0.0,0.0,0.0,0.0,0.0,0.0
Short-eared Owl,0.0,0.0,0.0,0.0,0.0,0.0,0.0,0.0,0.0,0.0,0.0,0.0,0.0,0.0029762,0.0,0.0,0.0,0.0,0.0,0.0,0.0,0.0,0.0,0.0,0.0,0.0,0.0,0.0,0.0,0.0,0.0,0.0,0.0,0.0,0.0,0.0,0.0,0.0,0.0057361,0.0015,0.00271,0.0,0.0,0.0,0.0,0.0,0.0,0.0
Boreal Owl,0.0,0.0,0.0,0.0,0.0,0.0,0.0,0.0023419,0.0,0.0,0.0,0.0,0.0,0.0,0.0,0.0,0.0,0.0,0.0,0.0,0.0,0.0,0.0,0.0,0.0,0.0,0.0,0.0,0.0,0.0,0.0,0.0,0.0,0.0,0.0,0.0,0.0,0.0,0.0,0.0,0.0,0.0,0.0,0.0,0.0,0.0,0.0,0.0
Northern Saw-whet Owl,0.0015,0.0015,0.0,0.0,0.0,0.0015,0.0,0.0023419,0.0053763,0.0046225,0.0,0.0027027,0.0022247,0.000744,0.0015,0.0022523,0.0,0.0,0.0,0.0,0.0006609,0.0,0.0,0.0015,0.0,0.0,0.0,0.0,0.0,0.0,0.0,0.0,0.0,0.0,0.0015221,0.0,0.0019802,0.0,0.0,0.0,0.0,0.0,0.0015,0.0020325,0.0,0.0015,0.0014684,0.0016667
Belted Kingfisher,0.0072904,0.0130841,0.0,0.0031056,0.0040816,0.0016978,0.0012706,0.0070258,0.0017921,0.0061633,0.0112676,0.0216216,0.0867631,0.1644345,0.1922705,0.2042042,0.1590023,0.1212711,0.0932712,0.0898335,0.0680767,0.115,0.0921844,0.1113877,0.1226562,0.1486368,0.1687279,0.198895,0.2067932,0.1902985,0.2141148,0.1951691,0.2003155,0.1746032,0.1567732,0.1436031,0.150495,0.0985915,0.0554493,0.0316456,0.0189702,0.0207715,0.017341,0.0020325,0.0033003,0.0238806,0.0176211,0.0166667
Yellow-bellied Sapsucker,0.0,0.0,0.0,0.0015,0.0015,0.0016978,0.0012706,0.0,0.0,0.0015408,0.0014085,0.0018018,0.0300334,0.108631,0.1816425,0.1509009,0.1371785,0.1335927,0.1025983,0.0740578,0.053536,0.05,0.0601202,0.0665837,0.0742188,0.058927,0.04947,0.0428177,0.042957,0.0348259,0.0334928,0.0415459,0.033123,0.039072,0.0593607,0.0678851,0.029703,0.0088028,0.001912,0.0,0.0,0.0,0.0028902,0.0,0.0015,0.0,0.0,0.0
Red-headed Woodpecker,0.0036452,0.0037383,0.0021186,0.0124224,0.0020408,0.0,0.0038119,0.0023419,0.0,0.0030817,0.0,0.0,0.0022247,0.0052083,0.0009662,0.006006,0.0140296,0.0337224,0.0459694,0.0411919,0.0198282,0.0228571,0.0233801,0.0174238,0.0203125,0.0228672,0.0141343,0.0227901,0.026973,0.0136816,0.0251196,0.0299517,0.0252366,0.025641,0.0091324,0.0182768,0.0079208,0.0140845,0.0015,0.0015823,0.00271,0.0029674,0.0015,0.0015,0.0,0.0029851,0.0058737,0.0
Red-bellied Woodpecker,0.2782503,0.271028,0.3411017,0.3509317,0.2979592,0.3599321,0.386277,0.4028103,0.3422939,0.2927581,0.2971831,0.2756757,0.2636263,0.2306548,0.2647343,0.2665165,0.3070928,0.3190661,0.3077948,0.27695,0.2280238,0.1964286,0.1456246,0.1698818,0.1554687,0.1459982,0.1280919,0.1236188,0.1348651,0.1218905,0.1220096,0.1111111,0.1561514,0.2063492,0.2557078,0.3002611,0.2910891,0.290493,0.2829828,0.278481,0.2710027,0.2997033,0.3236994,0.2642276,0.330033,0.3671642,0.2848752,0.2783333
Downy Woodpecker,0.3232078,0.3626168,0.4025424,0.4208075,0.4387755,0.4159593,0.4675985,0.4637002,0.3942652,0.3251156,0.328169,0.2711712,0.2591769,0.21875,0.2183575,0.2064565,0.2065472,0.1796368,0.1372418,0.1025416,0.0925314,0.085,0.0814963,0.1225887,0.1351563,0.1380827,0.1519435,0.1754144,0.1968032,0.1865672,0.222488,0.2019324,0.2365931,0.2576313,0.2998478,0.3002611,0.2990099,0.278169,0.2887189,0.3212025,0.303523,0.4035608,0.3728324,0.3678862,0.4521452,0.438806,0.3215859,0.3333333
Hairy Woodpecker,0.2770352,0.3401869,0.3411017,0.3742236,0.3857143,0.3650255,0.3811944,0.4004684,0.3602151,0.2804314,0.2478873,0.2279279,0.2191324,0.1875,0.2144928,0.1831832,0.2003118,0.2055772,0.1845436,0.175723,0.1447455,0.1407143,0.1249165,0.1555694,0.175,0.171504,0.1616608,0.163674,0.1798202,0.1803483,0.1985646,0.2231884,0.2176656,0.2393162,0.3089802,0.2689295,0.2693069,0.2711268,0.2217973,0.2721519,0.300813,0.3382789,0.3468208,0.2947154,0.3861386,0.4179104,0.2687225,0.3
Pileated Woodpecker,0.1834751,0.1925234,0.2161017,0.2142857,0.222449,0.2224109,0.2566709,0.2318501,0.2222222,0.1694915,0.2014085,0.1621622,0.1824249,0.1525298,0.1719807,0.1824324,0.2003118,0.2075227,0.1845436,0.1726556,0.1606081,0.1335714,0.1102204,0.1113877,0.1140625,0.1029024,0.0874558,0.0966851,0.1368631,0.1243781,0.1423445,0.1487923,0.1545741,0.1794872,0.2070015,0.2114883,0.170297,0.181338,0.1644359,0.1693038,0.1490515,0.1602374,0.1242775,0.1382114,0.2277228,0.1850746,0.174743,0.1616667
Northern Flicker,0.0328068,0.0205607,0.029661,0.0357143,0.0408163,0.0186757,0.0165184,0.0351288,0.0304659,0.0508475,0.043662,0.0603604,0.137931,0.3735119,0.4869565,0.5067568,0.4489478,0.3845655,0.3431046,0.2997371,0.2557832,0.2514286,0.2297929,0.2731798,0.3,0.3175022,0.3012367,0.3073204,0.3016983,0.2798507,0.2930622,0.2927536,0.3690852,0.3858364,0.3394216,0.3028721,0.1584158,0.0915493,0.0344168,0.0332278,0.0162602,0.0267062,0.017341,0.0264228,0.0264026,0.0477612,0.0469897,0.035
American Kestrel,0.0012151,0.0018692,0.0021186,0.0062112,0.0015,0.0,0.0,0.0093677,0.0017921,0.009245,0.0267606,0.045045,0.0778643,0.0691964,0.0666667,0.0698198,0.0444271,0.0285344,0.017988,0.0192813,0.0277594,0.0228571,0.0293921,0.029247,0.0289063,0.0325418,0.0273852,0.0366022,0.036963,0.0410448,0.0251196,0.0357488,0.0347003,0.017094,0.0228311,0.0208877,0.0138614,0.0035211,0.0057361,0.0031646,0.00271,0.0,0.0,0.0020325,0.0015,0.0029851,0.0014684,0.0033333
Merlin,0.0015,0.0,0.0021186,0.0015,0.0020408,0.0050934,0.0012706,0.0046838,0.0053763,0.0107858,0.0140845,0.0135135,0.0244716,0.0267857,0.021256,0.0405405,0.0413094,0.0350195,0.023984,0.0197195,0.0125578,0.0128571,0.0180361,0.0161792,0.0257812,0.0395778,0.0300353,0.0379834,0.0509491,0.050995,0.0490431,0.0589372,0.0567823,0.03663,0.0380518,0.0456919,0.0574257,0.0299296,0.0210325,0.0142405,0.0243902,0.0059347,0.0,0.0020325,0.0033003,0.0,0.0161527,0.0016667
Peregrine Falcon,0.0,0.0,0.0,0.0,0.0,0.0,0.0,0.0,0.0,0.0,0.0014085,0.0,0.0011123,0.000744,0.0028986,0.003003,0.0038971,0.0019455,0.0046636,0.0013146,0.0,0.0035714,0.000668,0.0006223,0.0007813,0.0015,0.0015,0.0006906,0.001998,0.0012438,0.0015,0.0015,0.0,0.0,0.0045662,0.0130548,0.0019802,0.0123239,0.001912,0.0,0.0,0.0,0.0028902,0.0,0.0,0.0,0.0014684,0.0016667
Olive-sided Flycatcher,0.0,0.0,0.0,0.0,0.0,0.0,0.0,0.0,0.0,0.0,0.0,0.0,0.0,0.0,0.0,0.0,0.0,0.002594,0.0079947,0.0140228,0.0125578,0.0021429,0.002672,0.0018668,0.0,0.0,0.0,0.0,0.006993,0.0049751,0.0131579,0.0154589,0.0173502,0.013431,0.0,0.0,0.0,0.0,0.0,0.0,0.0,0.0,0.0,0.0,0.0,0.0,0.0,0.0
Eastern Wood-Pewee,0.0,0.0,0.0,0.0,0.0,0.0,0.0,0.0,0.0,0.0,0.0,0.0,0.0,0.0,0.0,0.0,0.0,0.0149157,0.0919387,0.2760736,0.2921348,0.3007143,0.2264529,0.2358432,0.2609375,0.233949,0.2305654,0.2085635,0.2417582,0.2338308,0.2547847,0.2202899,0.1451104,0.0720391,0.0243531,0.0156658,0.0,0.0,0.0,0.0,0.0,0.0,0.0,0.0,0.0,0.0,0.0,0.0
Yellow-bellied Flycatcher,0.0,0.0,0.0,0.0,0.0,0.0,0.0,0.0,0.0,0.0,0.0,0.0,0.0,0.0,0.0,0.0,0.0,0.0,0.0013324,0.0021911,0.0019828,0.0007143,0.0,0.0,0.0,0.0008795,0.0,0.0,0.0,0.0,0.0,0.0009662,0.0,0.001221,0.0015,0.0013055,0.0,0.0,0.0,0.0,0.0,0.0,0.0,0.0,0.0,0.0,0.0,0.0
Acadian Flycatcher,0.0,0.0,0.0,0.0,0.0,0.0,0.0,0.0,0.0,0.0,0.0,0.0,0.0,0.0,0.0,0.0,0.0,0.0,0.0,0.0015,0.0,0.0007143,0.0,0.0,0.0,0.0,0.0,0.0,0.0,0.0,0.0,0.0,0.0,0.0,0.0,0.0,0.0,0.0,0.0,0.0,0.0,0.0,0.0,0.0,0.0,0.0,0.0,0.0
Alder Flycatcher,0.0,0.0,0.0,0.0,0.0,0.0,0.0,0.0,0.0,0.0,0.0,0.0,0.0,0.0,0.0,0.0,0.0,0.0032425,0.0126582,0.0701139,0.085922,0.0528571,0.0380762,0.0255134,0.01875,0.0131926,0.0070671,0.0186464,0.024975,0.0062189,0.0,0.0009662,0.0015773,0.0,0.0,0.0,0.0,0.0,0.0,0.0,0.0,0.0,0.0,0.0,0.0,0.0,0.0,0.0
Willow Flycatcher,0.0,0.0,0.0,0.0,0.0,0.0,0.0,0.0,0.0,0.0,0.0,0.0,0.0,0.0,0.0,0.0,0.0,0.0,0.0046636,0.0105171,0.0099141,0.005,0.008016,0.0037337,0.0007813,0.0008795,0.0017668,0.0,0.002997,0.0,0.0,0.0009662,0.0,0.0,0.0,0.0,0.0,0.0,0.0,0.0,0.0,0.0,0.0,0.0,0.0,0.0,0.0,0.0
Least Flycatcher,0.0,0.0,0.0,0.0,0.0,0.0,0.0,0.0,0.0,0.0,0.0,0.0,0.0,0.0,0.0,0.0015,0.020265,0.0830091,0.1678881,0.1564417,0.0819564,0.08,0.0541082,0.0416926,0.0414062,0.0272647,0.0141343,0.0055249,0.008991,0.0074627,0.0119617,0.0270531,0.0094637,0.014652,0.0030441,0.0,0.0,0.0,0.0,0.0,0.0,0.0,0.0,0.0,0.0,0.0,0.0,0.0
Eastern Phoebe,0.0,0.0,0.0,0.0,0.0,0.0,0.0,0.0,0.0,0.0015408,0.0098592,0.0243243,0.0845384,0.1979167,0.226087,0.2072072,0.1808262,0.2023346,0.1738841,0.1722174,0.1460674,0.1485714,0.1235805,0.1169882,0.1492188,0.119613,0.1077739,0.121547,0.1058941,0.1007463,0.0933014,0.1043478,0.1135647,0.1196581,0.129376,0.1018277,0.0772277,0.0193662,0.0057361,0.0,0.0,0.0,0.0,0.0,0.0,0.0,0.0,0.0
Say's Phoebe,0.0,0.0,0.0,0.0,0.0,0.0,0.0,0.0,0.0,0.0,0.0,0.0,0.0,0.0,0.0,0.0,0.0,0.0,0.0006662,0.0,0.0,0.0,0.0,0.0,0.0,0.0,0.0,0.0,0.0,0.0,0.0,0.0,0.0,0.0,0.0,0.0,0.0,0.0,0.0,0.0,0.0,0.0,0.0,0.0,0.0,0.0,0.0,0.0
Great Crested Flycatcher,0.0,0.0,0.0,0.0,0.0,0.0,0.0,0.0,0.0,0.0,0.0,0.0,0.0,0.0,0.0,0.0,0.0303975,0.1498054,0.2838108,0.3431201,0.2769332,0.2435714,0.2024048,0.1711263,0.1578125,0.1187335,0.1033569,0.086326,0.0809191,0.0671642,0.0406699,0.0328502,0.022082,0.014652,0.0015221,0.0013055,0.0,0.0,0.0,0.0,0.0,0.0,0.0,0.0,0.0,0.0,0.0,0.0
Cassin's Kingbird,0.0,0.0,0.0,0.0,0.0,0.0,0.0,0.0,0.0,0.0,0.0,0.0,0.0,0.0,0.0,0.0,0.0,0.0,0.0,0.0,0.0006609,0.0,0.0,0.0,0.0,0.0,0.0,0.0,0.0,0.0,0.0,0.0,0.0,0.0,0.0,0.0,0.0,0.0,0.0,0.0,0.0,0.0,0.0,0.0,0.0,0.0,0.0,0.0
Western Kingbird,0.0,0.0,0.0,0.0,0.0,0.0,0.0,0.0,0.0,0.0,0.0,0.0,0.0,0.0,0.0,0.0,0.0,0.0006485,0.0,0.0,0.0,0.0,0.0,0.0,0.0,0.0,0.0,0.0,0.0,0.0,0.0011962,0.0,0.0,0.0,0.0,0.0,0.0,0.0,0.0,0.0,0.0,0.0,0.0,0.0,0.0,0.0,0.0,0.0
Eastern Kingbird,0.0,0.0,0.0,0.0,0.0,0.0,0.0,0.0,0.0,0.0,0.0,0.0,0.0,0.0,0.0,0.0007508,0.0280592,0.1433204,0.2285143,0.2966696,0.2855254,0.2392857,0.2137609,0.1879278,0.2304688,0.2559367,0.2385159,0.2368785,0.2267732,0.1915423,0.1339713,0.0541063,0.0126183,0.004884,0.0,0.0,0.0,0.0,0.0,0.0,0.0,0.0,0.0,0.0,0.0,0.0,0.0,0.0
Scissor-tailed Flycatcher,0.0,0.0,0.0,0.0,0.0,0.0,0.0,0.0,0.0,0.0,0.0,0.0,0.0,0.0,0.0,0.0,0.0007794,0.0,0.0,0.0,0.0,0.0,0.0,0.0,0.0,0.0,0.0,0.0,0.0,0.0,0.0,0.0,0.0,0.0,0.0,0.0,0.0,0.0035211,0.0,0.0,0.0,0.0,0.0,0.0,0.0,0.0,0.0,0.0
Yellow-throated Vireo,0.0,0.0,0.0,0.0,0.0,0.0,0.0,0.0,0.0,0.0,0.0,0.0,0.0,0.0,0.0,0.0,0.0109119,0.0265888,0.041972,0.0666082,0.0462657,0.04,0.0327321,0.033603,0.028125,0.0281442,0.0150177,0.0103591,0.016983,0.0074627,0.0047847,0.0086957,0.0141956,0.013431,0.0091324,0.0,0.0,0.0,0.0,0.0,0.0,0.0,0.0,0.0,0.0,0.0,0.0,0.0
Blue-headed Vireo,0.0,0.0,0.0,0.0,0.0,0.0,0.0,0.0,0.0,0.0,0.0,0.0,0.0,0.0,0.0,0.0067568,0.0303975,0.0479896,0.071952,0.0390009,0.031725,0.0207143,0.0193721,0.0211574,0.0171875,0.0123131,0.0159011,0.0186464,0.012987,0.0062189,0.0095694,0.0067633,0.0078864,0.01221,0.0167428,0.0117493,0.0059406,0.0035211,0.0,0.0,0.0,0.0,0.0,0.0,0.0,0.0,0.0,0.0
Philadelphia Vireo,0.0,0.0,0.0,0.0,0.0,0.0,0.0,0.0,0.0,0.0,0.0,0.0,0.0,0.0,0.0,0.0,0.0,0.001297,0.0106596,0.0056968,0.0033047,0.0007143,0.000668,0.0,0.0,0.0,0.0,0.0,0.0,0.0,0.0035885,0.0067633,0.0063091,0.006105,0.0076104,0.002611,0.0,0.0,0.0,0.0,0.0,0.0,0.0,0.0,0.0,0.0,0.0,0.0
Eastern Warbling Vireo,0.0,0.0,0.0,0.0,0.0,0.0,0.0,0.0,0.0,0.0,0.0,0.0,0.0,0.0,0.0,0.0007508,0.014809,0.0648508,0.095936,0.1235758,0.1123596,0.0857143,0.0714763,0.0609832,0.0507813,0.0281442,0.0282686,0.0220994,0.011988,0.011194,0.0083732,0.0183575,0.0189274,0.007326,0.0030441,0.0,0.0019802,0.0,0.0,0.0,0.0,0.0,0.0,0.0,0.0,0.0,0.0,0.0
Red-eyed Vireo,0.0,0.0,0.0,0.0,0.0,0.0,0.0,0.0,0.0,0.0,0.0,0.0,0.0,0.0,0.0,0.0,0.0085737,0.1037613,0.3530979,0.5368098,0.5584931,0.5742857,0.5430862,0.5233354,0.5664063,0.5347405,0.4575972,0.4053867,0.3596404,0.289801,0.2882775,0.2869565,0.2302839,0.1587302,0.0593607,0.0143603,0.0,0.0017606,0.0,0.0,0.0,0.0,0.0,0.0,0.0,0.0,0.0,0.0
Loggerhead Shrike,0.0,0.0,0.0,0.0,0.0,0.0,0.0,0.0,0.0,0.0,0.0,0.0,0.0,0.0,0.0,0.0,0.0023383,0.0,0.0015,0.0,0.0033047,0.0,0.0,0.0,0.0,0.0,0.0,0.0,0.0,0.0,0.0,0.0,0.0,0.0,0.0,0.0,0.0,0.0,0.0,0.0,0.0,0.0,0.0,0.0,0.0,0.0,0.0,0.0
Northern Shrike,0.0206561,0.0149533,0.0127119,0.0108696,0.0183673,0.0033956,0.0088945,0.0117096,0.0215054,0.0107858,0.0197183,0.0198198,0.0233593,0.0074405,0.0009662,0.0,0.0,0.0,0.0,0.0,0.0,0.0,0.0,0.0,0.0,0.0,0.0,0.0,0.0,0.0,0.0,0.0,0.0,0.0,0.0,0.0,0.0,0.0,0.0,0.0126582,0.0108401,0.0089021,0.0115607,0.0121951,0.0132013,0.0238806,0.0176211,0.03
Blue Jay,0.3839611,0.446729,0.4766949,0.4767081,0.4836735,0.5059423,0.476493,0.4824356,0.4283154,0.4576271,0.4985915,0.4342342,0.4349277,0.4151786,0.47343,0.4737237,0.5339049,0.5953307,0.6042638,0.5390009,0.4871117,0.4664286,0.4081496,0.4617299,0.475,0.4758135,0.4611307,0.4779006,0.5344655,0.5447761,0.5370813,0.5961353,0.6861199,0.7228327,0.7853881,0.767624,0.6732673,0.6954225,0.6806883,0.6471519,0.6178862,0.6290801,0.5260116,0.4979675,0.5676568,0.5104478,0.4933921,0.4483333
Black-billed Magpie,0.0,0.0,0.0,0.0,0.0,0.0,0.0,0.0,0.0,0.0,0.0,0.0,0.0,0.0,0.0,0.0,0.0,0.0,0.0,0.0,0.0015,0.0,0.0,0.0,0.0,0.0,0.0,0.0,0.0,0.0,0.0,0.0,0.0,0.0,0.0,0.0,0.0,0.0,0.0,0.0,0.0,0.0,0.0,0.0,0.0,0.0,0.0,0.0
American Crow,0.4167679,0.4654206,0.3983051,0.4363354,0.4918367,0.4923599,0.498094,0.5644028,0.5860215,0.633282,0.6661972,0.6207207,0.6362625,0.5848214,0.5690821,0.5690691,0.5557288,0.5538262,0.532978,0.5521472,0.494382,0.4935714,0.4502338,0.4660859,0.4609375,0.4705365,0.4567138,0.4433702,0.4515485,0.4539801,0.4557416,0.4657005,0.4589905,0.5201465,0.5585997,0.5326371,0.5683168,0.5246479,0.5506692,0.5063291,0.4498645,0.5133531,0.4682081,0.4776423,0.4752475,0.4776119,0.5903084,0.4383333
Pied Crow,0.0,0.0,0.0,0.0,0.0,0.0,0.0,0.0,0.0,0.0,0.0,0.0,0.0,0.0,0.0,0.0,0.0,0.0,0.0,0.0,0.0,0.0,0.0,0.0,0.0,0.0015,0.0,0.0,0.0,0.0,0.0,0.0,0.0,0.0,0.0,0.0,0.0,0.0,0.0,0.0,0.0,0.0,0.0,0.0,0.0,0.0,0.0,0.0
Common Raven,0.1506683,0.1588785,0.1334746,0.1071429,0.1346939,0.147708,0.1346887,0.1100703,0.1200717,0.1540832,0.1633803,0.1540541,0.1813126,0.1659226,0.1768116,0.201952,0.2143414,0.1971466,0.1778814,0.159071,0.1348315,0.115,0.0901804,0.0871189,0.0773438,0.0870712,0.0848057,0.0883978,0.0969031,0.1318408,0.1279904,0.1371981,0.1293375,0.1550672,0.1917808,0.1657963,0.1861386,0.1690141,0.1739962,0.1787975,0.1598916,0.1661721,0.1271676,0.1239837,0.1650165,0.1313433,0.1556535,0.13
Black-capped Chickadee,0.5030377,0.5700935,0.565678,0.6086957,0.6081633,0.6112054,0.6620076,0.6697892,0.6326165,0.5793529,0.584507,0.5585586,0.5539488,0.5238095,0.5584541,0.5097598,0.5370226,0.5693904,0.5129913,0.4728309,0.4044944,0.4,0.3700735,0.4075918,0.4578125,0.4863676,0.4664311,0.5006906,0.5234765,0.5671642,0.5705742,0.5603865,0.6198738,0.6483516,0.6590563,0.656658,0.6475248,0.6390845,0.6711281,0.6677215,0.6422764,0.7299703,0.6647399,0.6686992,0.689769,0.6955224,0.6549192,0.585
Tufted Titmouse,0.2126367,0.2542056,0.2775424,0.3121118,0.3142857,0.2920204,0.3545108,0.3723653,0.311828,0.2742681,0.2915493,0.2279279,0.2046719,0.1949405,0.2048309,0.1726727,0.2112237,0.2224384,0.1938708,0.1744084,0.1599471,0.1414286,0.1262525,0.1306783,0.1515625,0.1372032,0.1422261,0.1429558,0.1738262,0.1393035,0.1279904,0.1391304,0.1388013,0.1355311,0.1552511,0.1749347,0.1762376,0.1514085,0.1873805,0.1914557,0.195122,0.2522255,0.2601156,0.2723577,0.290429,0.3402985,0.2217327,0.2466667
Horned Lark,0.0,0.0015,0.0,0.0,0.0020408,0.0033956,0.0015,0.0046838,0.0053763,0.0138675,0.0070423,0.0054054,0.003337,0.0029762,0.0048309,0.0082583,0.0077942,0.0051881,0.0039973,0.0039439,0.0046266,0.0014286,0.001336,0.0012446,0.0015625,0.0015,0.0015,0.0013812,0.000999,0.0015,0.0,0.0009662,0.0,0.004884,0.0030441,0.0182768,0.0435644,0.0545775,0.0229446,0.0268987,0.0081301,0.0059347,0.0028902,0.0060976,0.0,0.0,0.0,0.0016667
Bank Swallow,0.0,0.0,0.0,0.0,0.0,0.0,0.0,0.0,0.0,0.0,0.0,0.0,0.0,0.0,0.0,0.003003,0.0124708,0.0201038,0.0219853,0.0346188,0.0389954,0.0328571,0.0327321,0.022402,0.025,0.0334213,0.0176678,0.0082873,0.008991,0.0037313,0.0035885,0.0,0.0,0.0015,0.0,0.0,0.0,0.0,0.0,0.0,0.0,0.0,0.0,0.0,0.0,0.0,0.0,0.0
Tree Swallow,0.0,0.0,0.0,0.0,0.0,0.0,0.0,0.0,0.0,0.0,0.0014085,0.0036036,0.0300334,0.1205357,0.1362319,0.2515015,0.2774747,0.271725,0.236509,0.2134093,0.1969597,0.1664286,0.1656647,0.1331674,0.1101562,0.0686016,0.0388693,0.019337,0.024975,0.0136816,0.0059809,0.0028986,0.0015773,0.002442,0.0015221,0.0,0.0,0.0017606,0.0,0.0,0.0,0.0,0.0,0.0,0.0,0.0,0.0,0.0
Purple Martin,0.0,0.0,0.0,0.0,0.0,0.0,0.0,0.0,0.0,0.0,0.0,0.0,0.0,0.0,0.0,0.0015015,0.0077942,0.0064851,0.0046636,0.0052585,0.0066094,0.005,0.00334,0.0018668,0.0007813,0.0061566,0.0061837,0.0103591,0.007992,0.0049751,0.0023923,0.0009662,0.0,0.0,0.0,0.0,0.0,0.0,0.0,0.0,0.0,0.0,0.0,0.0,0.0,0.0,0.0,0.0
Northern Rough-winged Swallow,0.0,0.0,0.0,0.0,0.0,0.0,0.0,0.0,0.0,0.0,0.0,0.0,0.0,0.0,0.0,0.0067568,0.0241621,0.0285344,0.02998,0.0254163,0.0330469,0.0185714,0.0253841,0.011201,0.0078125,0.0140721,0.0176678,0.003453,0.002997,0.0049751,0.0023923,0.0019324,0.0,0.0,0.0,0.0,0.0,0.0,0.0,0.0,0.0,0.0,0.0,0.0,0.0,0.0,0.0,0.0
Barn Swallow,0.0,0.0,0.0,0.0,0.0,0.0,0.0,0.0,0.0,0.0,0.0,0.0,0.0022247,0.0044643,0.0096618,0.0578078,0.0685892,0.1057069,0.1172552,0.1468011,0.150694,0.1278571,0.1195725,0.0976976,0.125,0.1486368,0.0971731,0.1029006,0.1118881,0.0783582,0.0657895,0.026087,0.0094637,0.002442,0.0,0.0,0.0,0.0,0.0,0.0,0.0,0.0,0.0,0.0,0.0,0.0,0.0,0.0
Cliff Swallow,0.0,0.0,0.0,0.0,0.0,0.0,0.0,0.0,0.0,0.0,0.0,0.0,0.0,0.0,0.0,0.0015,0.0031177,0.0038911,0.0046636,0.0056968,0.0066094,0.0071429,0.004008,0.0056005,0.0085938,0.001759,0.0026502,0.0,0.002997,0.0024876,0.0011962,0.0,0.0,0.0,0.0,0.0,0.0,0.0,0.0,0.0,0.0,0.0,0.0,0.0,0.0,0.0,0.0,0.0
Ruby-crowned Kinglet,0.0,0.0,0.0,0.0,0.0,0.0,0.0,0.0,0.0,0.0,0.0,0.0009009,0.0055617,0.0736607,0.1429952,0.25,0.2143414,0.1063554,0.0579614,0.0070114,0.0,0.0,0.0,0.0,0.0,0.0,0.0,0.0,0.0,0.0,0.0,0.0,0.0015773,0.007326,0.0167428,0.075718,0.0950495,0.0827465,0.0554493,0.0268987,0.0135501,0.0059347,0.0,0.0,0.0,0.0,0.0,0.0
Golden-crowned Kinglet,0.0376671,0.035514,0.0381356,0.0341615,0.0367347,0.0186757,0.0152478,0.0351288,0.0430108,0.0385208,0.0323944,0.0441441,0.1390434,0.202381,0.1980676,0.1133634,0.0561185,0.0103761,0.0106596,0.0039439,0.0019828,0.0007143,0.002672,0.0018668,0.0,0.001759,0.0035336,0.003453,0.003996,0.0049751,0.0035885,0.0038647,0.0063091,0.004884,0.0197869,0.1292428,0.2079208,0.2200704,0.2657744,0.2136076,0.1382114,0.1097923,0.0722543,0.0528455,0.0660066,0.0507463,0.0748899,0.0583333
White-breasted Nuthatch,0.2478736,0.2971963,0.3177966,0.3555901,0.3918367,0.3565365,0.3913596,0.4215457,0.3405018,0.2850539,0.2605634,0.2207207,0.2135706,0.1644345,0.1855072,0.1478979,0.1512081,0.1582361,0.1399067,0.0907099,0.0773298,0.0821429,0.0761523,0.1101431,0.125,0.1644679,0.1439929,0.1650552,0.1758242,0.1666667,0.1937799,0.2009662,0.2318612,0.2454212,0.2876712,0.2663185,0.2851485,0.2288732,0.2523901,0.2737342,0.298103,0.3709199,0.3265896,0.2845528,0.4191419,0.4268657,0.2687225,0.2866667
Red-breasted Nuthatch,0.1688943,0.2,0.2118644,0.2313665,0.2408163,0.2325976,0.252859,0.2622951,0.2419355,0.2033898,0.1859155,0.1594595,0.1423804,0.1116071,0.1352657,0.1388889,0.1761496,0.1744488,0.1778814,0.1288344,0.0819564,0.105,0.0855043,0.1001867,0.1070312,0.0985048,0.0971731,0.1029006,0.1208791,0.1492537,0.2093301,0.2415459,0.2649842,0.3247863,0.3105023,0.2898172,0.2950495,0.2640845,0.2294455,0.2183544,0.2520325,0.2818991,0.2398844,0.2398374,0.2640264,0.2746269,0.2334802,0.2366667
Brown Creeper,0.0218712,0.0224299,0.0233051,0.0310559,0.0469388,0.0441426,0.0381194,0.0632319,0.0501792,0.046225,0.0760563,0.0630631,0.0856507,0.1450893,0.1352657,0.1171171,0.086516,0.0525292,0.0386409,0.0276074,0.0165235,0.0264286,0.0267201,0.0211574,0.0148437,0.0175901,0.020318,0.0303867,0.042957,0.028607,0.0215311,0.0270531,0.033123,0.037851,0.0502283,0.0809399,0.0970297,0.0580986,0.0669216,0.0585443,0.0514905,0.0534125,0.0289017,0.0386179,0.0363036,0.0626866,0.0440529,0.03
Blue-gray Gnatcatcher,0.0,0.0,0.0,0.0,0.0,0.0,0.0,0.0,0.0,0.0,0.0,0.0,0.0,0.0,0.0,0.0052553,0.0070148,0.0097276,0.0213191,0.0100789,0.0046266,0.0028571,0.004676,0.0068451,0.0085938,0.0026385,0.0061837,0.0048343,0.003996,0.0037313,0.0011962,0.0038647,0.0031546,0.001221,0.0015221,0.0,0.0,0.0,0.001912,0.0,0.0,0.0,0.0,0.0,0.0,0.0,0.0,0.0
Northern House Wren,0.0,0.0,0.0,0.0,0.0,0.0,0.0,0.0,0.0,0.0,0.0,0.0,0.0,0.0,0.0028986,0.0225225,0.0467654,0.1076524,0.1625583,0.1564417,0.1546596,0.1492857,0.1209085,0.1194773,0.1242188,0.1389622,0.1174912,0.0821823,0.0519481,0.0410448,0.0334928,0.0492754,0.0504732,0.035409,0.0273973,0.0248042,0.0178218,0.0017606,0.001912,0.0,0.0,0.0,0.0,0.0,0.0,0.0,0.0,0.0
Winter Wren,0.0024301,0.0,0.0,0.0015528,0.0,0.0,0.0,0.0023419,0.0035842,0.0015408,0.0056338,0.0108108,0.0333704,0.0535714,0.084058,0.0923423,0.0997662,0.0927367,0.0799467,0.0644172,0.0627892,0.0664286,0.0748163,0.0846297,0.0851563,0.0756376,0.0662544,0.0455801,0.021978,0.0099502,0.0059809,0.0077295,0.0031546,0.007326,0.0045662,0.0117493,0.009901,0.0246479,0.0191205,0.0174051,0.00271,0.0089021,0.0,0.0020325,0.0033003,0.0,0.0117474,0.0015
Sedge Wren,0.0,0.0,0.0,0.0,0.0,0.0,0.0,0.0,0.0,0.0,0.0,0.0,0.0,0.0,0.0,0.0007508,0.0163679,0.0181582,0.0146569,0.0157756,0.0158625,0.0085714,0.010688,0.0056005,0.00625,0.0043975,0.0017668,0.0006906,0.001998,0.0012438,0.0,0.0,0.0,0.0,0.0030441,0.0,0.0,0.0,0.0,0.0,0.0,0.0,0.0,0.0,0.0,0.0,0.0,0.0
Marsh Wren,0.0,0.0,0.0,0.0,0.0,0.0,0.0,0.0,0.0,0.0,0.0,0.0,0.0,0.0,0.0,0.0,0.0007794,0.0084306,0.0126582,0.0109553,0.0171844,0.0064286,0.012024,0.0099564,0.00625,0.0043975,0.004417,0.0075967,0.004995,0.0012438,0.0,0.0009662,0.0,0.001221,0.0045662,0.0,0.0,0.0,0.0,0.0,0.0,0.0,0.0,0.0,0.0,0.0,0.0,0.0
Carolina Wren,0.0012151,0.0,0.0,0.0,0.0,0.0015,0.0012706,0.0,0.0017921,0.0,0.0,0.0015,0.0011123,0.0044643,0.0009662,0.0045045,0.0070148,0.0051881,0.0086609,0.0035057,0.0052875,0.0014286,0.004008,0.0018668,0.0015625,0.0026385,0.004417,0.0013812,0.004995,0.0024876,0.0011962,0.0,0.0015773,0.002442,0.0045662,0.0104439,0.009901,0.0070423,0.0057361,0.0015823,0.0,0.0029674,0.0015,0.0,0.0,0.0015,0.0,0.0
European Starling,0.1044957,0.0859813,0.0932203,0.0993789,0.0816327,0.0831919,0.0952986,0.1147541,0.1415771,0.1987673,0.2492958,0.2162162,0.2358176,0.2202381,0.2463768,0.262012,0.2236945,0.2198444,0.1858761,0.1919369,0.2108394,0.2192857,0.1816967,0.1281892,0.1148437,0.1108179,0.0812721,0.0877072,0.0989011,0.1007463,0.0992823,0.0975845,0.1230284,0.1196581,0.1476408,0.1618799,0.1584158,0.1514085,0.1300191,0.1107595,0.102981,0.0979228,0.0895954,0.0650407,0.1056106,0.0716418,0.1556535,0.0883333
Gray Catbird,0.0,0.0015,0.0,0.0,0.0020408,0.0,0.0025413,0.0,0.0,0.0,0.0,0.0,0.0015,0.0,0.0,0.0037538,0.0444271,0.1686122,0.314457,0.2944785,0.2267019,0.1835714,0.1583166,0.1997511,0.2046875,0.1978892,0.1678445,0.1643646,0.1988012,0.1927861,0.1866029,0.2,0.2066246,0.2039072,0.2024353,0.1527415,0.0673267,0.0123239,0.0133843,0.0015823,0.0,0.0,0.0,0.0,0.0015,0.0029851,0.0073421,0.0015
Brown Thrasher,0.0,0.0037383,0.0084746,0.0093168,0.0122449,0.0016978,0.0,0.0,0.0,0.0,0.0,0.0018018,0.0011123,0.0104167,0.0444444,0.1433934,0.213562,0.2068742,0.2025316,0.1805434,0.1348315,0.1371429,0.1382766,0.1101431,0.0882813,0.0861917,0.0521201,0.0441989,0.037962,0.0298507,0.0203349,0.0338164,0.0536278,0.0537241,0.0471842,0.0143603,0.0039604,0.0,0.0,0.0,0.0,0.0,0.0,0.0,0.0,0.0,0.0,0.0
Northern Mockingbird,0.0,0.0,0.0,0.0,0.0,0.0,0.0012706,0.0023419,0.0,0.0015,0.0,0.0,0.0,0.0,0.0009662,0.0015015,0.0007794,0.002594,0.0106596,0.0043821,0.0033047,0.0114286,0.009352,0.0043559,0.0046875,0.001759,0.004417,0.0027624,0.000999,0.0049751,0.0059809,0.0028986,0.0015773,0.0,0.0015,0.0,0.0,0.0,0.0,0.0015823,0.0054201,0.0029674,0.0,0.0,0.0,0.0,0.0,0.0
Eastern Bluebird,0.0194411,0.0224299,0.0105932,0.0031056,0.0081633,0.008489,0.0152478,0.0117096,0.0286738,0.0570108,0.0816901,0.0693694,0.1179088,0.1235119,0.1004831,0.1343844,0.1512081,0.1848249,0.1838774,0.1967572,0.1738268,0.16,0.1249165,0.1138768,0.1,0.1108179,0.0954064,0.0711326,0.0579421,0.0534826,0.0526316,0.0521739,0.0662461,0.0549451,0.0715373,0.1109661,0.0910891,0.096831,0.0745698,0.0553797,0.0243902,0.0118694,0.0115607,0.0264228,0.009901,0.0149254,0.0455213,0.0116667
Townsend's Solitaire,0.0015,0.0,0.0,0.0,0.0,0.0,0.0,0.0,0.0,0.0,0.0,0.0,0.0011123,0.0,0.0009662,0.0,0.0,0.0,0.0,0.0,0.0,0.0,0.0,0.0,0.0,0.0,0.0,0.0,0.0,0.0,0.0,0.0,0.0,0.0,0.0,0.0,0.0,0.0,0.0,0.0,0.0,0.0,0.0,0.0,0.0,0.0,0.0,0.0015
Varied Thrush,0.0,0.0,0.0,0.0,0.0020408,0.0,0.0,0.0,0.0,0.0,0.0,0.0,0.0,0.0,0.0,0.0,0.0,0.0,0.0,0.0,0.0,0.0,0.0,0.0,0.0,0.0,0.0,0.0,0.0,0.0,0.0,0.0,0.0,0.0,0.0,0.0,0.0,0.0,0.0,0.0,0.0,0.0,0.0,0.0,0.0,0.0,0.0015,0.0
Veery,0.0,0.0,0.0,0.0,0.0,0.0,0.0,0.0,0.0,0.0,0.0,0.0,0.0,0.0,0.0,0.0,0.0031177,0.0194553,0.0512991,0.0617879,0.0495704,0.05,0.0447562,0.0497822,0.0609375,0.0466139,0.0326855,0.0117403,0.006993,0.0074627,0.0,0.0028986,0.0063091,0.001221,0.0015221,0.0,0.0,0.0,0.0,0.0,0.0,0.0,0.0,0.0,0.0,0.0,0.0,0.0
Gray-cheeked Thrush,0.0,0.0,0.0,0.0,0.0,0.0,0.0,0.0,0.0,0.0,0.0,0.0,0.0,0.0,0.0,0.0,0.0023383,0.0071336,0.005996,0.0070114,0.0,0.0,0.0,0.0,0.0,0.0,0.0,0.0,0.0,0.0,0.0,0.0,0.0063091,0.02442,0.0152207,0.0104439,0.0039604,0.0,0.001912,0.0,0.0,0.0,0.0,0.0,0.0,0.0,0.0,0.0
Swainson's Thrush,0.0,0.0,0.0,0.0,0.0,0.0,0.0,0.0,0.0,0.0,0.0,0.0,0.0,0.0,0.0,0.0007508,0.0070148,0.0149157,0.053964,0.028922,0.0039656,0.0007143,0.000668,0.0,0.0007813,0.001759,0.0,0.0,0.001998,0.0012438,0.0,0.0009662,0.0520505,0.0818071,0.0471842,0.0365535,0.0138614,0.0,0.0038241,0.0,0.0,0.0,0.0,0.0,0.0,0.0,0.0,0.0
Hermit Thrush,0.0,0.0,0.0042373,0.0015528,0.0,0.0,0.0,0.0,0.0,0.0,0.0,0.0,0.0077864,0.0446429,0.1178744,0.1141141,0.1098987,0.0771725,0.0926049,0.0815074,0.0806345,0.0778571,0.0688043,0.1144991,0.1140625,0.0967458,0.1060071,0.1077348,0.0739261,0.0360697,0.0083732,0.0115942,0.0126183,0.013431,0.021309,0.0221932,0.049505,0.0598592,0.0478011,0.0079114,0.00271,0.0,0.0,0.0,0.0,0.0,0.0014684,0.0
Wood Thrush,0.0,0.0,0.0,0.0,0.0,0.0,0.0,0.0,0.0,0.0,0.0,0.0,0.0,0.0,0.0,0.0015015,0.0187062,0.0706874,0.1159227,0.0990359,0.0713814,0.095,0.0881764,0.0840075,0.078125,0.0650836,0.0424028,0.0283149,0.017982,0.0099502,0.0015,0.0057971,0.0094637,0.006105,0.0015221,0.0013055,0.0,0.0,0.0,0.0,0.0,0.0,0.0,0.0,0.0,0.0,0.0,0.0
American Robin,0.0522479,0.0841121,0.0508475,0.0419255,0.044898,0.0713073,0.0609911,0.117096,0.1541219,0.2218798,0.3267606,0.4333333,0.5583982,0.5848214,0.5835749,0.6261261,0.5939205,0.6731518,0.6668887,0.6560035,0.6292135,0.6464286,0.5918504,0.6141879,0.6335937,0.6191733,0.5777385,0.5096685,0.4775225,0.391791,0.3229665,0.2425121,0.2555205,0.2735043,0.3378995,0.3681462,0.4059406,0.3644366,0.3441683,0.2863924,0.2357724,0.1246291,0.0751445,0.0569106,0.0990099,0.0597015,0.1101322,0.0533333
Bohemian Waxwing,0.018226,0.0280374,0.029661,0.0031056,0.0015,0.0067912,0.0050826,0.0117096,0.0071685,0.0046225,0.0056338,0.0036036,0.0,0.000744,0.0009662,0.0,0.0,0.0,0.0,0.0,0.0,0.0,0.0,0.0,0.0,0.0,0.0,0.0,0.0,0.0,0.0,0.0,0.0,0.0,0.0,0.0,0.0,0.0,0.0,0.0,0.0081301,0.0089021,0.017341,0.0182927,0.0132013,0.0149254,0.0029369,0.0183333
Cedar Waxwing,0.0279465,0.0485981,0.0466102,0.0263975,0.0367347,0.057725,0.0419314,0.0374707,0.0430108,0.0261941,0.0225352,0.0207207,0.0133482,0.0245536,0.021256,0.0255255,0.025721,0.0291829,0.0686209,0.202454,0.2934567,0.3257143,0.3326653,0.4113255,0.5054688,0.467898,0.4408127,0.410221,0.3976024,0.3271144,0.2870813,0.2492754,0.2239748,0.1489621,0.1278539,0.0939948,0.0455446,0.040493,0.0497132,0.028481,0.0352304,0.0237389,0.0404624,0.0365854,0.0693069,0.0268657,0.0484581,0.0333333
House Sparrow,0.0170109,0.0224299,0.0105932,0.0124224,0.0061224,0.0254669,0.0304956,0.0351288,0.0430108,0.0354391,0.0394366,0.0306306,0.0211346,0.0275298,0.0183575,0.027027,0.0272798,0.0272374,0.0233178,0.0201578,0.0383344,0.03,0.0347361,0.0217797,0.0304687,0.0299033,0.0220848,0.0179558,0.014985,0.011194,0.007177,0.0154589,0.022082,0.01221,0.0030441,0.0104439,0.0138614,0.0140845,0.0114723,0.0079114,0.0081301,0.0118694,0.017341,0.0121951,0.0132013,0.0,0.0234949,0.0083333
Eurasian Tree Sparrow,0.0,0.0,0.0,0.0,0.0,0.0,0.0,0.0,0.0,0.0,0.0,0.0,0.0,0.0,0.0,0.0,0.0007794,0.0,0.0,0.0004382,0.0,0.0,0.0,0.0,0.0,0.0,0.0,0.0,0.0,0.0,0.0,0.0,0.0,0.0,0.0,0.0,0.0,0.0,0.0,0.0,0.0,0.0,0.0,0.0,0.0,0.0,0.0,0.0
American Pipit,0.0,0.0,0.0,0.0,0.0,0.0,0.0,0.0,0.0,0.0,0.0,0.0,0.0,0.0022321,0.0,0.003003,0.0124708,0.0194553,0.0066622,0.0017528,0.0006609,0.0007143,0.0015,0.0,0.0007813,0.0008795,0.0,0.0,0.0,0.0,0.0,0.0,0.0015773,0.013431,0.0563166,0.0979112,0.0772277,0.0528169,0.0458891,0.0268987,0.0216802,0.0029674,0.0,0.0,0.0,0.0,0.0,0.0
Evening Grosbeak,0.0024301,0.0018692,0.0,0.0015528,0.0040816,0.0033956,0.0015,0.0,0.0015,0.0030817,0.0,0.0018018,0.0,0.0015,0.0015,0.0007508,0.0031177,0.0006485,0.0013324,0.0,0.0,0.0,0.0,0.0015,0.0,0.0,0.0,0.0,0.0,0.0,0.0,0.0009662,0.0015773,0.0,0.0,0.0,0.0,0.0,0.0015,0.0174051,0.0406504,0.0474777,0.0015,0.0142276,0.0033003,0.0,0.0029369,0.005
Pine Grosbeak,0.0255164,0.0299065,0.0254237,0.0139752,0.0081633,0.0050934,0.0050826,0.0140515,0.0035842,0.0046225,0.0056338,0.0018018,0.0,0.0,0.0,0.0,0.0,0.0,0.0,0.0,0.0,0.0,0.0,0.0,0.0,0.0,0.0,0.0,0.0,0.0,0.0,0.0,0.0,0.0,0.0,0.0,0.0,0.0,0.0,0.0,0.0054201,0.0029674,0.0231214,0.0182927,0.0066007,0.0,0.0176211,0.0166667
House Finch,0.0704739,0.0803738,0.0741525,0.0652174,0.0836735,0.0747029,0.1092757,0.117096,0.1236559,0.1032357,0.0873239,0.0801802,0.0645161,0.0959821,0.0705314,0.0623123,0.0748246,0.0667964,0.0652898,0.0543383,0.0634501,0.0564286,0.0541082,0.0342253,0.0460938,0.055409,0.045053,0.0428177,0.043956,0.0298507,0.0406699,0.0483092,0.0394322,0.043956,0.0456621,0.0626632,0.0336634,0.040493,0.0458891,0.0427215,0.0325203,0.0860534,0.066474,0.0589431,0.0594059,0.0865672,0.1174743,0.0383333
Purple Finch,0.0279465,0.0429907,0.0614407,0.0419255,0.044898,0.0373514,0.0419314,0.0538642,0.0376344,0.0523883,0.0521127,0.0648649,0.0745273,0.0803571,0.1140097,0.1366366,0.1574435,0.1206226,0.0999334,0.0823839,0.0654329,0.0614286,0.0674683,0.0958307,0.0765625,0.0615655,0.0591873,0.0517956,0.047952,0.0497512,0.0358852,0.0328502,0.0252366,0.03663,0.0350076,0.035248,0.0475248,0.0422535,0.0554493,0.0268987,0.0433604,0.0267062,0.0144509,0.050813,0.0594059,0.0537313,0.0425844,0.0333333
Redpoll,0.0243013,0.0224299,0.0190678,0.0217391,0.055102,0.0662139,0.0775095,0.0632319,0.078853,0.0677966,0.0605634,0.0621622,0.0478309,0.0267857,0.0347826,0.0157658,0.0023383,0.0006485,0.0,0.0,0.0,0.0,0.0,0.0,0.0,0.0,0.0,0.0,0.0,0.0,0.0,0.0,0.0,0.0,0.0,0.0,0.0,0.0015,0.0,0.0047468,0.0460705,0.0801187,0.0346821,0.0487805,0.0264026,0.038806,0.0425844,0.025
Red Crossbill,0.0012151,0.0,0.0021186,0.0015528,0.0,0.0,0.0,0.0,0.0,0.0015408,0.0,0.0045045,0.003337,0.0,0.0,0.0,0.0,0.0,0.0013324,0.0004382,0.0013219,0.0007143,0.0,0.0,0.0015625,0.0,0.0,0.0013812,0.000999,0.0012438,0.0011962,0.0009662,0.0015773,0.0015,0.0015221,0.0,0.0,0.0,0.0,0.0031646,0.0,0.0,0.0086705,0.0,0.0,0.0,0.0,0.0016667
White-winged Crossbill,0.0036452,0.0056075,0.0063559,0.0139752,0.0061224,0.0,0.0012706,0.0117096,0.0035842,0.009245,0.0028169,0.0,0.0022247,0.0015,0.0,0.0,0.0,0.0,0.0,0.0,0.0013219,0.0,0.0,0.0,0.0007813,0.0,0.0,0.0,0.0,0.0,0.0,0.0,0.0,0.0,0.0,0.0,0.0,0.0,0.0,0.0015,0.00271,0.0029674,0.0028902,0.004065,0.0033003,0.0029851,0.0132159,0.0116667
Pine Siskin,0.036452,0.0878505,0.0911017,0.1118012,0.1040816,0.1052632,0.1270648,0.1451991,0.1272401,0.1355932,0.1309859,0.1108108,0.0867631,0.0706845,0.0714976,0.0683183,0.0670304,0.0687419,0.0532978,0.022787,0.0019828,0.0064286,0.002672,0.0012446,0.0015625,0.0026385,0.0015,0.0020718,0.003996,0.0037313,0.0035885,0.0028986,0.0015773,0.001221,0.0045662,0.0287206,0.0534653,0.0545775,0.0611855,0.0981013,0.0894309,0.0979228,0.0722543,0.0406504,0.0726073,0.0925373,0.0748899,0.0533333
American Goldfinch,0.3365735,0.3626168,0.4004237,0.4285714,0.4428571,0.3921902,0.4396442,0.4637002,0.3870968,0.3497689,0.3323944,0.309009,0.3036707,0.3184524,0.3555556,0.3723724,0.4481684,0.497406,0.4563624,0.4246275,0.3747521,0.3521429,0.3206413,0.3982576,0.4351563,0.4450308,0.4408127,0.468232,0.4995005,0.5074627,0.5011962,0.3951691,0.3706625,0.3601954,0.3805175,0.3590078,0.380198,0.2447183,0.2715105,0.3386076,0.4308943,0.504451,0.4682081,0.453252,0.5511551,0.5134328,0.3891336,0.3583333
Lapland Longspur,0.0,0.0,0.0,0.0,0.0,0.0,0.0,0.0,0.0,0.0,0.0,0.0,0.0,0.000744,0.0,0.0022523,0.0023383,0.002594,0.0006662,0.0013146,0.0015,0.0007143,0.0,0.0,0.0,0.0,0.0,0.0,0.0,0.0,0.0,0.0,0.0,0.0,0.0015221,0.0078329,0.0079208,0.0246479,0.0133843,0.0110759,0.0054201,0.0029674,0.0028902,0.004065,0.0,0.0,0.0,0.0
Snow Bunting,0.0194411,0.0205607,0.0084746,0.0170807,0.0142857,0.0169779,0.0076239,0.0093677,0.0125448,0.0077042,0.0084507,0.0099099,0.0066741,0.0037202,0.0038647,0.0037538,0.0015588,0.0015,0.0006662,0.0,0.0,0.0,0.0,0.0,0.0,0.0,0.0,0.0,0.0,0.0,0.0,0.0,0.0,0.0,0.0,0.0,0.0,0.0,0.0095602,0.0775316,0.097561,0.0652819,0.0289017,0.0304878,0.0264026,0.0179104,0.0176211,0.0133333
Grasshopper Sparrow,0.0,0.0,0.0,0.0,0.0,0.0,0.0,0.0,0.0,0.0,0.0,0.0,0.0,0.0,0.0,0.0082583,0.0241621,0.0389105,0.0612925,0.0556529,0.064111,0.0621429,0.0527722,0.0466708,0.053125,0.0369393,0.0238516,0.019337,0.007992,0.0012438,0.0,0.0,0.0015773,0.0,0.0,0.0013055,0.0,0.0,0.0,0.0,0.0,0.0,0.0,0.0,0.0,0.0,0.0,0.0
Chipping Sparrow,0.0,0.0,0.0,0.0,0.0,0.0,0.0,0.0,0.0,0.0,0.0,0.0009009,0.0077864,0.0349702,0.1082126,0.277027,0.3803585,0.4111543,0.4363757,0.4285714,0.3522802,0.3564286,0.3066132,0.3210952,0.3117187,0.2849604,0.2305654,0.1940608,0.1378621,0.1169154,0.1052632,0.0705314,0.0930599,0.0927961,0.0974125,0.1005222,0.0950495,0.040493,0.0095602,0.0,0.0,0.0,0.0,0.0,0.0,0.0,0.0,0.0
Clay-colored Sparrow,0.0,0.0,0.0,0.0,0.0,0.0,0.0,0.0,0.0,0.0,0.0,0.0,0.0,0.0,0.0,0.0022523,0.0046765,0.0129702,0.0193205,0.0148992,0.0138797,0.01,0.008684,0.011201,0.00625,0.005277,0.0035336,0.003453,0.001998,0.0024876,0.0011962,0.0038647,0.0031546,0.003663,0.0045662,0.0,0.0,0.0,0.0,0.0,0.0,0.0,0.0,0.0,0.0,0.0,0.0,0.0
Field Sparrow,0.0,0.0,0.0,0.0,0.0,0.0,0.0,0.0,0.0,0.0,0.0,0.0,0.0022247,0.0096726,0.036715,0.0563063,0.0724864,0.0596628,0.0639574,0.0775635,0.0588235,0.0635714,0.0607882,0.0647169,0.0804688,0.0483729,0.0600707,0.0421271,0.028971,0.0248756,0.0143541,0.0135266,0.011041,0.009768,0.0121766,0.0182768,0.0039604,0.0088028,0.0,0.0,0.0,0.0,0.0,0.0,0.0,0.0,0.0,0.0
Black-throated Sparrow,0.0,0.0,0.0,0.0,0.0,0.0,0.0,0.0,0.0,0.0,0.0,0.0,0.0,0.0,0.0,0.0,0.0,0.0,0.0,0.0,0.0,0.0,0.0,0.0,0.0,0.0,0.0,0.0,0.0,0.0,0.0,0.0,0.0,0.0,0.0,0.0013055,0.0,0.0,0.0,0.0,0.0,0.0,0.0,0.0,0.0,0.0,0.0,0.0
Lark Sparrow,0.0,0.0,0.0,0.0,0.0,0.0,0.0,0.0,0.0,0.0,0.0,0.0,0.0,0.0,0.0,0.0,0.0,0.0,0.0,0.0,0.0,0.0,0.0,0.0,0.0,0.0,0.0,0.0,0.0,0.0,0.0015,0.0,0.0,0.0,0.0,0.0,0.0,0.0017606,0.0,0.0,0.0,0.0,0.0,0.0,0.0,0.0,0.0,0.0
Lark Bunting,0.0,0.0,0.0,0.0,0.0,0.0,0.0,0.0,0.0,0.0,0.0,0.0,0.0,0.0,0.0,0.0,0.0,0.0,0.0,0.0,0.0,0.0,0.0,0.0,0.0,0.0,0.0,0.0,0.0,0.0,0.0059809,0.0,0.0,0.0,0.0,0.0,0.0,0.0,0.0,0.0,0.0,0.0,0.0,0.0,0.0,0.0,0.0,0.0
American Tree Sparrow,0.0996355,0.0990654,0.1313559,0.1397516,0.155102,0.1222411,0.0889454,0.1241218,0.1326165,0.1124807,0.1352113,0.1504505,0.160178,0.1741071,0.1758454,0.1396396,0.035074,0.0097276,0.0013324,0.0004382,0.0,0.0,0.0,0.0,0.0,0.0,0.0,0.0,0.0,0.0,0.0,0.0,0.0,0.0,0.0,0.0052219,0.0158416,0.0475352,0.0783939,0.1139241,0.1192412,0.0919881,0.0693642,0.0711382,0.1155116,0.1552239,0.1116006,0.11
Fox Sparrow,0.0,0.0,0.0,0.0,0.0,0.0,0.0,0.0,0.0,0.0,0.0084507,0.0117117,0.0400445,0.0952381,0.0985507,0.0292793,0.0085737,0.0019455,0.0,0.0,0.0,0.0,0.0,0.0,0.0,0.0,0.0,0.0,0.0,0.0,0.0,0.0,0.0,0.0,0.0,0.0,0.0079208,0.0140845,0.0172084,0.0253165,0.0135501,0.0029674,0.0086705,0.0015,0.0,0.0,0.0,0.0
Dark-eyed Junco,0.217497,0.2635514,0.2733051,0.2670807,0.2469388,0.2614601,0.3036849,0.2669789,0.2437276,0.2064715,0.1985915,0.2378378,0.2814238,0.3236607,0.342029,0.231982,0.1083398,0.0544747,0.017988,0.0100789,0.0033047,0.0007143,0.002004,0.0043559,0.0023437,0.0043975,0.0017668,0.0013812,0.003996,0.0024876,0.0011962,0.0048309,0.0031546,0.008547,0.0243531,0.0678851,0.1841584,0.3010563,0.3843212,0.3655063,0.3252033,0.3442136,0.3323699,0.2947154,0.2970297,0.3104478,0.2540382,0.2366667
White-crowned Sparrow,0.0012151,0.0,0.0,0.0015528,0.0020408,0.0,0.0015,0.0046838,0.0,0.0,0.0,0.0,0.0,0.0,0.0057971,0.0127628,0.1176929,0.2302205,0.1339107,0.0179667,0.0013219,0.0007143,0.0,0.0,0.0,0.0,0.0015,0.0,0.0,0.0,0.0,0.0,0.0,0.001221,0.0076104,0.1279373,0.2237624,0.1461268,0.0783939,0.0443038,0.0054201,0.0178042,0.0015,0.004065,0.0,0.0,0.0,0.0
Harris's Sparrow,0.0,0.0,0.0,0.0,0.0015,0.0,0.0,0.0,0.0017921,0.0,0.0,0.0,0.0,0.0,0.0015,0.0,0.0,0.0,0.0,0.0,0.0,0.0,0.0,0.0,0.0,0.0,0.0,0.0,0.0,0.0,0.0,0.0,0.0,0.0,0.0,0.0,0.0019802,0.0015,0.001912,0.0,0.0,0.0,0.0,0.0,0.0,0.0,0.0,0.0015
White-throated Sparrow,0.0097205,0.0015,0.0063559,0.0062112,0.0061224,0.0016978,0.0063532,0.0163934,0.0107527,0.0015408,0.0014085,0.0,0.0011123,0.0111607,0.0714976,0.1854354,0.2657833,0.229572,0.1459027,0.0898335,0.0502313,0.0364286,0.0487642,0.0547604,0.0414062,0.0466139,0.0238516,0.0283149,0.022977,0.0174129,0.007177,0.0135266,0.0362776,0.0903541,0.1369863,0.2375979,0.2514851,0.1426056,0.0917782,0.028481,0.0081301,0.0118694,0.0028902,0.0,0.0,0.0029851,0.0,0.0
Vesper Sparrow,0.0,0.0,0.0,0.0,0.0,0.0,0.0,0.0,0.0,0.0,0.0,0.0009009,0.0189099,0.0498512,0.0782609,0.0848348,0.0826189,0.0674449,0.0759494,0.0692375,0.0707204,0.0807143,0.0774883,0.0833852,0.08125,0.0659631,0.0388693,0.0290055,0.021978,0.0472637,0.0191388,0.0096618,0.0141956,0.023199,0.0532725,0.0313316,0.049505,0.0211268,0.0038241,0.0,0.0,0.0,0.0,0.0,0.0,0.0,0.0,0.0
LeConte's Sparrow,0.0,0.0,0.0,0.0,0.0,0.0,0.0,0.0,0.0,0.0,0.0,0.0,0.0,0.0,0.0,0.0,0.0,0.0006485,0.0,0.0,0.0,0.0,0.0,0.0,0.0,0.0,0.0,0.0,0.0,0.0,0.0,0.0,0.0,0.0,0.0,0.0,0.0,0.0,0.0,0.0,0.0,0.0,0.0,0.0,0.0,0.0,0.0,0.0
Savannah Sparrow,0.0,0.0,0.0,0.0,0.0,0.0,0.0,0.0,0.0,0.0,0.0,0.0,0.0011123,0.0059524,0.0125604,0.0247748,0.0342946,0.0544747,0.0692871,0.0407537,0.0350297,0.0371429,0.0387442,0.0317362,0.03125,0.0202287,0.0123675,0.0110497,0.0015,0.0049751,0.0059809,0.010628,0.0063091,0.02442,0.0380518,0.0339426,0.0376238,0.0158451,0.0038241,0.0015823,0.0,0.0,0.0,0.0,0.0,0.0,0.0,0.0
Henslow's Sparrow,0.0,0.0,0.0,0.0,0.0,0.0,0.0,0.0,0.0,0.0,0.0,0.0,0.0,0.0,0.0,0.0,0.0,0.0006485,0.0,0.0017528,0.0052875,0.0057143,0.002672,0.0062228,0.0015625,0.0,0.0,0.0,0.0,0.0,0.0,0.0,0.0,0.0,0.0,0.0,0.0,0.0,0.0,0.0,0.0,0.0,0.0,0.0,0.0,0.0,0.0,0.0
Song Sparrow,0.0012151,0.0015,0.0042373,0.0015528,0.0020408,0.0016978,0.0012706,0.0,0.0071685,0.0385208,0.1309859,0.2126126,0.4115684,0.5089286,0.4714976,0.4752252,0.4497272,0.4876783,0.4996669,0.522787,0.5254461,0.5371429,0.496326,0.5432483,0.5265625,0.4995602,0.5088339,0.4440608,0.3586414,0.2773632,0.2129187,0.2038647,0.2113565,0.1807082,0.194825,0.2519582,0.2514851,0.1778169,0.124283,0.039557,0.0135501,0.0,0.0015,0.0,0.0,0.0,0.0044053,0.0
Lincoln's Sparrow,0.0,0.0,0.0,0.0,0.0,0.0,0.0,0.0,0.0,0.0,0.0,0.0,0.0,0.0,0.0,0.0045045,0.0077942,0.0246433,0.017988,0.0039439,0.0,0.0015,0.0,0.0,0.0,0.0,0.0008834,0.0,0.0,0.0,0.0,0.0019324,0.0078864,0.021978,0.0228311,0.0430809,0.0277228,0.0088028,0.0133843,0.0,0.0,0.0,0.0,0.0,0.0,0.0,0.0,0.0
Swamp Sparrow,0.0,0.0,0.0,0.0,0.0,0.0,0.0,0.0,0.0,0.0,0.0014085,0.0,0.0044494,0.0245536,0.0415459,0.0960961,0.1348402,0.1031128,0.0912725,0.0841367,0.053536,0.0557143,0.0487642,0.0609832,0.0601563,0.0448549,0.0556537,0.0504144,0.04995,0.0348259,0.0119617,0.0241546,0.033123,0.043956,0.0365297,0.0652742,0.0693069,0.0352113,0.0191205,0.0031646,0.00271,0.0,0.0,0.0,0.0,0.0,0.0,0.0
Eastern Towhee,0.0,0.0,0.0,0.0,0.0,0.0,0.0,0.0,0.0,0.0,0.0,0.0,0.0077864,0.0104167,0.0270531,0.0743243,0.0904131,0.1031128,0.1225849,0.1235758,0.0832783,0.0957143,0.0828323,0.0889857,0.1078125,0.1055409,0.0812721,0.0711326,0.041958,0.0497512,0.0227273,0.0289855,0.0252366,0.019536,0.0289193,0.0313316,0.0316832,0.0105634,0.0057361,0.0,0.0,0.0,0.0,0.0,0.0,0.0,0.0,0.0
Yellow-headed Blackbird,0.0,0.0,0.0,0.0,0.0,0.0,0.0,0.0,0.0,0.0,0.0,0.0,0.0,0.0,0.0,0.0015,0.0,0.0,0.0,0.0004382,0.0006609,0.0,0.0,0.0,0.0,0.0,0.0008834,0.0,0.0,0.0,0.0,0.0,0.0,0.0,0.0,0.0,0.0,0.0,0.0,0.0,0.0,0.0,0.0,0.0,0.0,0.0,0.0,0.0
Bobolink,0.0,0.0,0.0,0.0,0.0,0.0,0.0,0.0,0.0,0.0,0.0,0.0,0.0,0.0,0.0,0.0,0.0023383,0.0181582,0.035976,0.0407537,0.0693985,0.0707143,0.0561122,0.022402,0.01875,0.0131926,0.004417,0.003453,0.000999,0.0024876,0.0011962,0.0019324,0.0015773,0.0,0.0,0.0,0.0,0.0,0.0,0.0,0.0,0.0,0.0,0.0,0.0,0.0,0.0,0.0
Western Meadowlark,0.0,0.0,0.0,0.0,0.0,0.0,0.0,0.0,0.0,0.0,0.0,0.0,0.0,0.0,0.0019324,0.0007508,0.0031177,0.0006485,0.0019987,0.0030675,0.0059484,0.005,0.004676,0.0018668,0.0023437,0.0,0.0,0.0,0.0,0.0,0.0,0.0009662,0.0,0.0,0.0,0.0,0.0,0.0,0.0,0.0,0.0,0.0,0.0,0.0,0.0,0.0,0.0,0.0
Eastern Meadowlark,0.0,0.0,0.0,0.0,0.0,0.0,0.0,0.0,0.0071685,0.027735,0.0901408,0.0900901,0.1690768,0.1830357,0.1855072,0.1861862,0.1808262,0.150454,0.1459027,0.1419807,0.1546596,0.1607143,0.1362725,0.1057872,0.1117188,0.0765172,0.0565371,0.0455801,0.025974,0.0199005,0.0191388,0.0183575,0.0173502,0.007326,0.0410959,0.04047,0.0237624,0.0052817,0.001912,0.0015823,0.0,0.0,0.0,0.0,0.0,0.0,0.0,0.0
Orchard Oriole,0.0,0.0,0.0,0.0,0.0,0.0,0.0,0.0,0.0,0.0,0.0,0.0,0.0,0.0,0.0,0.0007508,0.0,0.001297,0.0013324,0.0013146,0.0013219,0.0042857,0.004676,0.0012446,0.0015625,0.003518,0.0,0.0013812,0.0,0.0,0.0,0.0,0.0,0.0,0.0,0.0,0.0,0.0,0.0,0.0,0.0,0.0,0.0,0.0,0.0,0.0,0.0,0.0
Baltimore Oriole,0.0,0.0,0.0,0.0,0.0,0.0,0.0,0.0,0.0,0.0,0.0,0.0,0.0,0.0,0.0,0.003003,0.0358535,0.2243839,0.3217855,0.2716915,0.1758096,0.1571429,0.1309285,0.0864966,0.04375,0.0334213,0.045053,0.0338398,0.044955,0.0373134,0.0645933,0.0376812,0.0141956,0.0,0.0030441,0.0,0.0,0.0,0.0,0.0,0.0,0.0,0.0,0.0,0.0,0.0,0.0,0.0
Red-winged Blackbird,0.0012151,0.0015,0.0,0.0,0.0015,0.0016978,0.0038119,0.0163934,0.1344086,0.2496148,0.371831,0.4288288,0.516129,0.5111607,0.531401,0.5788288,0.5752143,0.5648508,0.5349767,0.5403155,0.5168539,0.4657143,0.4362057,0.4343497,0.4007812,0.348285,0.3330389,0.269337,0.2077922,0.119403,0.0837321,0.0695652,0.0410095,0.0537241,0.0517504,0.0665796,0.0792079,0.0792254,0.1128107,0.0522152,0.0189702,0.0029674,0.0,0.004065,0.0,0.0029851,0.0015,0.0
Brown-headed Cowbird,0.0,0.0,0.0,0.0,0.0,0.0,0.0,0.0,0.0,0.0,0.0126761,0.0243243,0.0645161,0.1302083,0.1613527,0.1966967,0.1886204,0.1776913,0.1798801,0.1476775,0.1387971,0.1014286,0.0788243,0.0808961,0.0609375,0.0334213,0.0185512,0.0069061,0.007992,0.0149254,0.0035885,0.0028986,0.0047319,0.002442,0.0,0.0039164,0.0059406,0.0017606,0.0,0.0015823,0.0,0.0,0.0,0.0,0.0,0.0,0.0015,0.0
Rusty Blackbird,0.0,0.0,0.0,0.0,0.0,0.0,0.0,0.0,0.0,0.0015408,0.0028169,0.0054054,0.0044494,0.0372024,0.0434783,0.0412913,0.0241621,0.0071336,0.0019987,0.0004382,0.0,0.0,0.0,0.0,0.0,0.0,0.0,0.0,0.0,0.0,0.0035885,0.0019324,0.0015773,0.002442,0.0045662,0.0365535,0.0475248,0.040493,0.0382409,0.0158228,0.00271,0.0029674,0.0028902,0.0,0.0,0.0,0.0,0.0
Brewer's Blackbird,0.0,0.0,0.0,0.0,0.0,0.0,0.0,0.0,0.0,0.0,0.0,0.0,0.0,0.0037202,0.0086957,0.012012,0.0093531,0.0019455,0.0039973,0.0017528,0.0026438,0.0014286,0.004008,0.0037337,0.0015625,0.0043975,0.0017668,0.0027624,0.002997,0.0037313,0.0,0.0038647,0.0,0.0,0.0,0.002611,0.0,0.0,0.0,0.0,0.0,0.0,0.0,0.0,0.0,0.0,0.0,0.0016667
Common Grackle,0.0015,0.0,0.0,0.0,0.0020408,0.0,0.0,0.0117096,0.0268817,0.1510015,0.2760563,0.3495495,0.4160178,0.4308036,0.4222222,0.4527027,0.4123149,0.424773,0.3830779,0.4057844,0.4157303,0.3807143,0.3740815,0.4026136,0.3945313,0.3491645,0.3268551,0.2734807,0.2607393,0.2089552,0.1997608,0.1487923,0.0914826,0.0634921,0.0456621,0.0548303,0.0871287,0.1038732,0.1032505,0.0363924,0.0352304,0.0118694,0.0,0.0,0.0066007,0.0119403,0.0014684,0.0
Ovenbird,0.0,0.0,0.0,0.0,0.0,0.0,0.0,0.0,0.0,0.0,0.0,0.0,0.0,0.0,0.0,0.0007508,0.0833983,0.2561608,0.3784144,0.3518843,0.2782551,0.2885714,0.2758851,0.2738021,0.2515625,0.1873351,0.1086572,0.0331492,0.016983,0.0136816,0.0227273,0.0328502,0.022082,0.028083,0.0045662,0.0039164,0.0,0.0,0.0,0.0,0.0,0.0,0.0,0.0,0.0,0.0,0.0,0.0
Northern Waterthrush,0.0,0.0,0.0,0.0,0.0,0.0,0.0,0.0,0.0,0.0,0.0,0.0,0.0,0.0,0.0,0.0082583,0.0623539,0.0732815,0.0906063,0.0604733,0.0304032,0.015,0.0173681,0.0118233,0.009375,0.0043975,0.0088339,0.0075967,0.006993,0.0037313,0.007177,0.0115942,0.011041,0.014652,0.0106545,0.002611,0.0,0.0,0.0,0.0,0.0,0.0,0.0,0.0,0.0,0.0,0.0,0.0
Golden-winged Warbler,0.0,0.0,0.0,0.0,0.0,0.0,0.0,0.0,0.0,0.0,0.0,0.0,0.0,0.0,0.0,0.0,0.0007794,0.0084306,0.0206529,0.0048203,0.0039656,0.0007143,0.000668,0.0006223,0.0,0.001759,0.0,0.0006906,0.0,0.0012438,0.0023923,0.0028986,0.0,0.0,0.0,0.0,0.0,0.0,0.0,0.0,0.0,0.0,0.0,0.0,0.0,0.0,0.0,0.0
Blue-winged Warbler,0.0,0.0,0.0,0.0,0.0,0.0,0.0,0.0,0.0,0.0,0.0,0.0,0.0,0.0,0.0,0.0015,0.0007794,0.0064851,0.0093271,0.0048203,0.0026438,0.0028571,0.000668,0.0,0.0007813,0.0,0.0008834,0.0,0.000999,0.0,0.0015,0.0019324,0.0015773,0.001221,0.0015221,0.0,0.0,0.0,0.0,0.0,0.0,0.0,0.0,0.0,0.0,0.0,0.0,0.0
Black-and-white Warbler,0.0,0.0,0.0,0.0,0.0,0.0,0.0,0.0,0.0,0.0,0.0,0.0,0.0,0.0,0.0,0.0015015,0.0795012,0.1906615,0.2618254,0.2129711,0.1520159,0.1214286,0.1235805,0.0970753,0.0898438,0.0474934,0.0362191,0.0400552,0.027972,0.0447761,0.034689,0.0483092,0.0315457,0.013431,0.0030441,0.002611,0.0019802,0.0,0.0,0.0,0.0,0.0,0.0,0.0,0.0,0.0,0.0,0.0
Tennessee Warbler,0.0,0.0,0.0,0.0,0.0,0.0,0.0,0.0,0.0,0.0,0.0,0.0,0.0,0.0,0.0,0.0,0.0023383,0.0479896,0.1399067,0.0574058,0.0039656,0.0,0.0,0.0,0.0,0.0,0.0,0.0,0.002997,0.0037313,0.0227273,0.0531401,0.0630915,0.046398,0.0152207,0.0182768,0.0118812,0.0015,0.001912,0.0,0.0,0.0,0.0,0.0,0.0,0.0,0.0,0.0
Orange-crowned Warbler,0.0,0.0,0.0,0.0,0.0,0.0,0.0,0.0,0.0,0.0,0.0,0.0,0.0,0.0,0.0,0.0015015,0.0070148,0.0168612,0.0139907,0.0030675,0.0006609,0.0,0.0,0.0,0.0,0.0,0.0,0.0,0.0,0.0,0.0,0.0,0.0,0.001221,0.0091324,0.0104439,0.0178218,0.0228873,0.0057361,0.0031646,0.0,0.0,0.0,0.0,0.0,0.0,0.0,0.0
Nashville Warbler,0.0,0.0,0.0,0.0,0.0,0.0,0.0,0.0,0.0,0.0,0.0,0.0,0.0,0.0,0.0,0.003003,0.08106,0.2237354,0.2504997,0.181858,0.0945142,0.0478571,0.0374081,0.0348475,0.0234375,0.0193492,0.0167845,0.0103591,0.013986,0.0211443,0.034689,0.0676329,0.0757098,0.0573871,0.0380518,0.0221932,0.0138614,0.0070423,0.0,0.0,0.0,0.0,0.0,0.0,0.0,0.0,0.0,0.0
Connecticut Warbler,0.0,0.0,0.0,0.0,0.0,0.0,0.0,0.0,0.0,0.0,0.0,0.0,0.0,0.0,0.0,0.0,0.0,0.0,0.0,0.0013146,0.0006609,0.0,0.0,0.0,0.0,0.0,0.0,0.0,0.0,0.0,0.0,0.0,0.0,0.0,0.0030441,0.0,0.0019802,0.0,0.0,0.0,0.0,0.0,0.0,0.0,0.0,0.0,0.0,0.0
Mourning Warbler,0.0,0.0,0.0,0.0,0.0,0.0,0.0,0.0,0.0,0.0,0.0,0.0,0.0,0.0,0.0,0.0,0.0,0.0038911,0.011992,0.0328659,0.0237938,0.0128571,0.0167001,0.0174238,0.01875,0.0140721,0.0035336,0.0027624,0.005994,0.0024876,0.0015,0.0086957,0.0063091,0.002442,0.0030441,0.0,0.0,0.0,0.0,0.0,0.0,0.0,0.0,0.0,0.0,0.0,0.0,0.0
Kentucky Warbler,0.0,0.0,0.0,0.0,0.0,0.0,0.0,0.0,0.0,0.0,0.0,0.0,0.0,0.0,0.0,0.0,0.0,0.0015,0.0,0.0004382,0.0,0.0,0.0,0.0,0.0,0.0,0.0,0.0,0.0,0.0,0.0,0.0,0.0,0.0,0.0,0.0,0.0,0.0,0.0,0.0,0.0,0.0,0.0,0.0,0.0,0.0,0.0,0.0
Common Yellowthroat,0.0,0.0,0.0,0.0,0.0,0.0,0.0,0.0,0.0,0.0,0.0,0.0,0.0,0.0,0.0,0.0015015,0.0475448,0.1854734,0.3424384,0.3567046,0.2994052,0.2678571,0.240481,0.2433105,0.2523437,0.2145998,0.1881625,0.1574586,0.1248751,0.0758706,0.0837321,0.0850242,0.1119874,0.1123321,0.0684932,0.0469974,0.0178218,0.0017606,0.0,0.0031646,0.0,0.0,0.0,0.0,0.0,0.0,0.0,0.0
Hooded Warbler,0.0,0.0,0.0,0.0,0.0,0.0,0.0,0.0,0.0,0.0,0.0,0.0,0.0,0.0,0.0,0.0,0.0007794,0.002594,0.005996,0.0109553,0.0138797,0.0092857,0.010688,0.0043559,0.0078125,0.0043975,0.0053004,0.0013812,0.000999,0.0024876,0.0011962,0.0019324,0.0,0.0,0.0,0.0,0.0,0.0,0.0,0.0,0.0,0.0,0.0,0.0,0.0,0.0,0.0,0.0
American Redstart,0.0,0.0,0.0,0.0,0.0,0.0,0.0,0.0,0.0,0.0,0.0,0.0,0.0,0.0,0.0,0.0015,0.0265004,0.271725,0.5649567,0.5753725,0.5234633,0.505,0.4649299,0.4492844,0.4328125,0.3817062,0.3171378,0.1878453,0.1818182,0.1467662,0.145933,0.1681159,0.1561514,0.1306471,0.0502283,0.0169713,0.0039604,0.0,0.001912,0.0,0.0,0.0,0.0,0.0,0.0,0.0,0.0,0.0
Cape May Warbler,0.0,0.0,0.0,0.0,0.0,0.0,0.0,0.0,0.0,0.0,0.0,0.0,0.0,0.0,0.0,0.0015015,0.0194856,0.0661479,0.0852765,0.0232252,0.0019828,0.0,0.0,0.0,0.0,0.0,0.0,0.0,0.000999,0.0024876,0.0143541,0.0425121,0.0299685,0.023199,0.0060883,0.0013055,0.0,0.0,0.0,0.0,0.0,0.0,0.0,0.0,0.0,0.0,0.0,0.0
Cerulean Warbler,0.0,0.0,0.0,0.0,0.0,0.0,0.0,0.0,0.0,0.0,0.0,0.0,0.0,0.0,0.0,0.0,0.0,0.0,0.0006662,0.0004382,0.0006609,0.0015,0.000668,0.0024891,0.0,0.0,0.0,0.0,0.0,0.0,0.0,0.0,0.0,0.0,0.0,0.0,0.0,0.0,0.0,0.0,0.0,0.0,0.0,0.0,0.0,0.0,0.0,0.0
Northern Parula,0.0,0.0,0.0,0.0,0.0,0.0,0.0,0.0,0.0,0.0,0.0,0.0,0.0,0.0,0.0,0.0,0.0038971,0.0557717,0.0846103,0.0368098,0.0052875,0.0021429,0.001336,0.0049782,0.0007813,0.0,0.0008834,0.0006906,0.0,0.0,0.0047847,0.0048309,0.0047319,0.009768,0.0,0.002611,0.0015,0.0,0.0,0.0,0.0,0.0,0.0,0.0,0.0,0.0,0.0,0.0
Magnolia Warbler,0.0,0.0,0.0,0.0,0.0,0.0,0.0,0.0,0.0,0.0,0.0,0.0,0.0,0.0,0.0,0.0,0.0038971,0.0544747,0.1379081,0.0705521,0.0191672,0.0164286,0.0167001,0.0080896,0.0085938,0.0096746,0.0070671,0.0089779,0.001998,0.0024876,0.0191388,0.0347826,0.0283912,0.020757,0.0091324,0.0091384,0.0019802,0.0015,0.0,0.0,0.0,0.0,0.0,0.0,0.0,0.0,0.0,0.0
Bay-breasted Warbler,0.0,0.0,0.0,0.0,0.0,0.0,0.0,0.0,0.0,0.0,0.0,0.0,0.0,0.0,0.0,0.0,0.0015588,0.0188067,0.0519654,0.0276074,0.0,0.0,0.0,0.0,0.0,0.0,0.0,0.0,0.0,0.0,0.0119617,0.0396135,0.0347003,0.020757,0.0076104,0.0039164,0.0019802,0.0,0.0,0.0,0.0,0.0,0.0,0.0,0.0,0.0,0.0,0.0
Blackburnian Warbler,0.0,0.0,0.0,0.0,0.0,0.0,0.0,0.0,0.0,0.0,0.0,0.0,0.0,0.0,0.0,0.0,0.0070148,0.0525292,0.0992672,0.0692375,0.0508923,0.0492857,0.0414162,0.0323584,0.028125,0.0158311,0.0088339,0.0062155,0.000999,0.0049751,0.0095694,0.0222222,0.0173502,0.004884,0.0030441,0.0013055,0.0019802,0.0,0.0,0.0,0.0,0.0,0.0,0.0,0.0,0.0,0.0,0.0
Northern Yellow Warbler,0.0,0.0,0.0,0.0,0.0,0.0,0.0,0.0,0.0,0.0,0.0,0.0,0.0,0.0,0.0,0.003003,0.0717069,0.2185473,0.3064624,0.3220859,0.2676801,0.2228571,0.1917168,0.1630367,0.1226562,0.0615655,0.0627208,0.0607735,0.0649351,0.0335821,0.0227273,0.0144928,0.0094637,0.004884,0.0,0.0,0.0,0.0,0.0,0.0,0.0,0.0,0.0,0.0,0.0,0.0,0.0,0.0
Chestnut-sided Warbler,0.0,0.0,0.0,0.0,0.0,0.0,0.0,0.0,0.0,0.0,0.0,0.0,0.0,0.0,0.0,0.0,0.0046765,0.0596628,0.1712192,0.1257669,0.0984798,0.0785714,0.0674683,0.0703174,0.0710937,0.058927,0.040636,0.0138122,0.021978,0.0211443,0.0143541,0.0270531,0.0252366,0.003663,0.0030441,0.0013055,0.0,0.0,0.0,0.0,0.0,0.0,0.0,0.0,0.0,0.0,0.0,0.0
Blackpoll Warbler,0.0,0.0,0.0,0.0,0.0,0.0,0.0,0.0,0.0,0.0,0.0,0.0,0.0,0.0,0.0,0.0,0.0023383,0.0129702,0.0499667,0.0302366,0.0,0.0,0.0,0.0,0.0,0.0,0.0,0.0,0.0,0.0,0.0023923,0.0048309,0.0252366,0.035409,0.0167428,0.0065274,0.0059406,0.0035211,0.0,0.0,0.0,0.0,0.0,0.0,0.0,0.0,0.0,0.0
Black-throated Blue Warbler,0.0,0.0,0.0,0.0,0.0,0.0,0.0,0.0,0.0,0.0,0.0,0.0,0.0,0.0,0.0,0.0007508,0.0093531,0.0609598,0.1072618,0.0670465,0.0555188,0.0407143,0.0467602,0.0385812,0.046875,0.0307828,0.0309187,0.015884,0.005994,0.0049751,0.0035885,0.0183575,0.0141956,0.007326,0.0106545,0.002611,0.0059406,0.0017606,0.0,0.0,0.0,0.0,0.0,0.0,0.0,0.0,0.0,0.0
Palm Warbler,0.0,0.0,0.0,0.0,0.0,0.0,0.0,0.0,0.0,0.0,0.0,0.0,0.0011123,0.000744,0.0038647,0.0533033,0.1745908,0.1984436,0.1572285,0.0236635,0.0019828,0.0,0.0,0.0,0.0,0.0,0.0,0.0,0.0,0.0,0.0059809,0.0038647,0.022082,0.04884,0.065449,0.0691906,0.1148515,0.0264085,0.0057361,0.0015823,0.00271,0.0,0.0,0.0,0.0,0.0,0.0,0.0
Pine Warbler,0.0,0.0,0.0,0.0,0.0,0.0,0.0,0.0,0.0,0.0,0.0,0.0,0.0,0.016369,0.0618357,0.1448949,0.2166797,0.2140078,0.1805463,0.179667,0.1890284,0.1878571,0.1837007,0.1785937,0.203125,0.1424802,0.1121908,0.0732044,0.023976,0.0223881,0.0430622,0.0560386,0.0457413,0.0622711,0.0745814,0.0522193,0.019802,0.0017606,0.0,0.0,0.0,0.0,0.0,0.0,0.0,0.0,0.0,0.0
Yellow-rumped Warbler,0.0,0.0,0.0015,0.0,0.0,0.0,0.0,0.0,0.0,0.0,0.0,0.0036036,0.0111235,0.094494,0.1140097,0.1771772,0.274357,0.307393,0.2571619,0.107362,0.0693985,0.0564286,0.0494322,0.0553827,0.053125,0.0518909,0.0556537,0.031768,0.023976,0.0310945,0.0514354,0.0618357,0.0835962,0.1086691,0.1567732,0.2624021,0.3247525,0.2570423,0.1376673,0.0189873,0.0054201,0.0029674,0.0,0.0020325,0.0,0.0,0.0,0.0
Prairie Warbler,0.0,0.0,0.0,0.0,0.0,0.0,0.0,0.0,0.0,0.0,0.0,0.0,0.0,0.0,0.0,0.0015015,0.0007794,0.0058366,0.0146569,0.022787,0.0251157,0.0235714,0.0160321,0.0130678,0.0085938,0.003518,0.0008834,0.0006906,0.002997,0.0012438,0.0,0.0009662,0.0,0.001221,0.0,0.0,0.0,0.0,0.0,0.0,0.0,0.0,0.0,0.0,0.0,0.0,0.0,0.0
Black-throated Gray Warbler,0.0,0.0,0.0,0.0,0.0,0.0,0.0,0.0,0.0,0.0,0.0,0.0,0.0,0.0,0.0,0.0,0.0,0.0,0.0,0.0,0.0,0.0,0.0,0.0,0.0,0.0,0.0,0.0,0.0,0.0,0.0,0.0,0.0,0.0,0.0,0.0,0.0,0.0,0.0,0.0,0.0,0.0,0.0,0.0020325,0.0,0.0,0.0,0.0
Black-throated Green Warbler,0.0,0.0,0.0,0.0,0.0,0.0,0.0,0.0,0.0,0.0,0.0,0.0,0.0,0.0,0.0,0.009009,0.1200312,0.2399481,0.2931379,0.2217353,0.1844019,0.1557143,0.1536406,0.1642813,0.15,0.1372032,0.1007067,0.0662983,0.015984,0.011194,0.0251196,0.0492754,0.0268139,0.035409,0.0167428,0.0130548,0.009901,0.0017606,0.0,0.0,0.0,0.0,0.0,0.0,0.0,0.0,0.0,0.0
Canada Warbler,0.0,0.0,0.0,0.0,0.0,0.0,0.0,0.0,0.0,0.0,0.0,0.0,0.0,0.0,0.0,0.0,0.0,0.002594,0.0286476,0.0525855,0.0171844,0.0128571,0.0153641,0.0062228,0.0101563,0.001759,0.0026502,0.0048343,0.001998,0.0049751,0.0023923,0.0077295,0.0078864,0.002442,0.0,0.0,0.0,0.0,0.0,0.0,0.0,0.0,0.0,0.0,0.0,0.0,0.0,0.0
Wilson's Warbler,0.0,0.0,0.0,0.0,0.0,0.0,0.0,0.0,0.0,0.0,0.0,0.0,0.0,0.0,0.0,0.0,0.0,0.0214008,0.0732845,0.0503944,0.0033047,0.0014286,0.0,0.0,0.0,0.0,0.0,0.0,0.0,0.0012438,0.0095694,0.0173913,0.0205047,0.017094,0.0091324,0.0039164,0.0,0.0,0.0,0.0,0.0,0.0,0.0,0.0,0.0,0.0,0.0,0.0
Summer Tanager,0.0,0.0,0.0,0.0,0.0,0.0,0.0,0.0,0.0,0.0,0.0,0.0,0.0,0.0,0.0,0.0,0.0,0.0006485,0.0,0.0,0.0,0.0,0.0,0.0,0.0,0.0,0.0,0.0,0.0,0.0,0.0,0.0,0.0,0.0,0.0,0.0,0.0,0.0,0.0,0.0,0.0,0.0,0.0,0.0,0.0,0.0,0.0,0.0
Scarlet Tanager,0.0,0.0,0.0,0.0,0.0,0.0,0.0,0.0,0.0,0.0,0.0,0.0,0.0,0.0,0.0,0.0,0.0070148,0.075227,0.2085276,0.2414549,0.1810972,0.1507143,0.1576486,0.1686372,0.1539062,0.1389622,0.1077739,0.0759669,0.0509491,0.0373134,0.034689,0.0425121,0.0268139,0.037851,0.0258752,0.0039164,0.0019802,0.0,0.0,0.0,0.0,0.0,0.0,0.0,0.0,0.0,0.0,0.0
Northern Cardinal,0.199271,0.2411215,0.2584746,0.2826087,0.2734694,0.2818336,0.3405337,0.3559719,0.3422939,0.3220339,0.3084507,0.2846847,0.2969967,0.2916667,0.315942,0.3055556,0.3289166,0.3476005,0.3224517,0.2852761,0.2742895,0.2614286,0.251837,0.2756689,0.2953125,0.2647318,0.2606007,0.2948895,0.3086913,0.2972637,0.2942584,0.2618357,0.2791798,0.2673993,0.2480974,0.2375979,0.2118812,0.2165493,0.2007648,0.1772152,0.1897019,0.1810089,0.1618497,0.1890244,0.2079208,0.2149254,0.277533,0.19
Rose-breasted Grosbeak,0.0,0.0,0.0,0.0,0.0,0.0,0.0,0.0,0.0,0.0,0.0,0.0,0.0,0.0,0.0,0.0127628,0.1644583,0.3748379,0.4437042,0.3650307,0.2637145,0.2607143,0.2244489,0.2352209,0.2132813,0.1917326,0.1855124,0.160221,0.1638362,0.1828358,0.1626794,0.1507246,0.115142,0.1282051,0.1217656,0.0365535,0.0019802,0.0,0.0,0.0015823,0.0,0.0,0.0,0.0,0.0,0.0,0.0,0.0
Lazuli Bunting,0.0,0.0,0.0,0.0,0.0,0.0,0.0,0.0,0.0,0.0,0.0,0.0,0.0,0.0,0.0,0.0,0.0,0.0,0.0015,0.0015,0.0,0.0,0.0,0.0,0.0,0.0,0.0,0.0,0.0,0.0,0.0,0.0,0.0,0.0,0.0,0.0,0.0,0.0,0.0,0.0,0.0,0.0,0.0,0.0,0.0,0.0,0.0,0.0
Indigo Bunting,0.0,0.0,0.0,0.0,0.0,0.0,0.0,0.0,0.0,0.0,0.0,0.0,0.0,0.0,0.0,0.0,0.0077942,0.079118,0.236509,0.3277826,0.3410443,0.3364286,0.2985972,0.3354076,0.346875,0.3280563,0.2720848,0.2541436,0.1578422,0.108209,0.069378,0.0415459,0.0236593,0.018315,0.0167428,0.0052219,0.0,0.0,0.0,0.0,0.0,0.0,0.0,0.0,0.0,0.0,0.0,0.0
Dickcissel,0.0,0.0,0.0,0.0,0.0,0.0,0.0,0.0,0.0,0.0,0.0,0.0,0.0,0.0,0.0,0.0,0.0,0.0,0.0,0.0013146,0.0118969,0.0192857,0.0300601,0.018046,0.0109375,0.005277,0.0017668,0.0020718,0.000999,0.0,0.0,0.0,0.0,0.0,0.0,0.0,0.0,0.0,0.0,0.0,0.0,0.0,0.0,0.0,0.0,0.0,0.0,0.0
