Species,Month,Week,Week_Label,Frequency,Sample_Size
Black-bellied Whistling-Duck,1,1,Jan_W1,0.0,185.0
Black-bellied Whistling-Duck,1,2,Jan_W2,0.0,88.0
Black-bellied Whistling-Duck,1,3,Jan_W3,0.0,105.0
Black-bellied Whistling-Duck,1,4,Jan_W4,0.0,140.0
Black-bellied Whistling-Duck,2,1,Feb_W1,0.0,123.0
Black-bellied Whistling-Duck,2,2,Feb_W2,0.0,108.0
Black-bellied Whistling-Duck,2,3,Feb_W3,0.0,118.0
Black-bellied Whistling-Duck,2,4,Feb_W4,0.0,70.0
Black-bellied Whistling-Duck,3,1,Mar_W1,0.0,105.0
Black-bellied Whistling-Duck,3,2,Mar_W2,0.0,114.0
Black-bellied Whistling-Duck,3,3,Mar_W3,0.0,142.0
Black-bellied Whistling-Duck,3,4,Mar_W4,0.0,164.0
Black-bellied Whistling-Duck,4,1,Apr_W1,0.0,261.0
Black-bellied Whistling-Duck,4,2,Apr_W2,0.0,364.0
Black-bellied Whistling-Duck,4,3,Apr_W3,0.0,430.0
Black-bellied Whistling-Duck,4,4,Apr_W4,0.0,706.0
Black-bellied Whistling-Duck,5,1,May_W1,0.0,645.0
Black-bellied Whistling-Duck,5,2,May_W2,0.0,774.0
Black-bellied Whistling-Duck,5,3,May_W3,0.0,765.0
Black-bellied Whistling-Duck,5,4,May_W4,0.0015,1386.0
Black-bellied Whistling-Duck,6,1,Jun_W1,0.0,855.0
Black-bellied Whistling-Duck,6,2,Jun_W2,0.0,752.0
Black-bellied Whistling-Duck,6,3,Jun_W3,0.0,625.0
Black-bellied Whistling-Duck,6,4,Jun_W4,0.0,745.0
Black-bellied Whistling-Duck,7,1,Jul_W1,0.0,695.0
Black-bellied Whistling-Duck,7,2,Jul_W2,0.0,711.0
Black-bellied Whistling-Duck,7,3,Jul_W3,0.0,569.0
Black-bellied Whistling-Duck,7,4,Jul_W4,0.0,883.0
Black-bellied Whistling-Duck,8,1,Aug_W1,0.0,607.0
Black-bellied Whistling-Duck,8,2,Aug_W2,0.0,639.0
Black-bellied Whistling-Duck,8,3,Aug_W3,0.0,586.0
Black-bellied Whistling-Duck,8,4,Aug_W4,0.0,845.0
Black-bellied Whistling-Duck,9,1,Sep_W1,0.0,528.0
Black-bellied Whistling-Duck,9,2,Sep_W2,0.0,653.0
Black-bellied Whistling-Duck,9,3,Sep_W3,0.0,638.0
Black-bellied Whistling-Duck,9,4,Sep_W4,0.0,753.0
Black-bellied Whistling-Duck,10,1,Oct_W1,0.0,630.0
Black-bellied Whistling-Duck,10,2,Oct_W2,0.0,578.0
Black-bellied Whistling-Duck,10,3,Oct_W3,0.0,488.0
Black-bellied Whistling-Duck,10,4,Oct_W4,0.0,562.0
Black-bellied Whistling-Duck,11,1,Nov_W1,0.0,383.0
Black-bellied Whistling-Duck,11,2,Nov_W2,0.0,329.0
Black-bellied Whistling-Duck,11,3,Nov_W3,0.0,273.0
Black-bellied Whistling-Duck,11,4,Nov_W4,0.0,270.0
Black-bellied Whistling-Duck,12,1,Dec_W1,0.0,157.0
Black-bellied Whistling-Duck,12,2,Dec_W2,0.0,166.0
Black-bellied Whistling-Duck,12,3,Dec_W3,0.0,137.0
Black-bellied Whistling-Duck,12,4,Dec_W4,0.0,145.0
Snow Goose,1,1,Jan_W1,0.0,185.0
Snow Goose,1,2,Jan_W2,0.0,88.0
Snow Goose,1,3,Jan_W3,0.0,105.0
Snow Goose,1,4,Jan_W4,0.0,140.0
Snow Goose,2,1,Feb_W1,0.0,123.0
Snow Goose,2,2,Feb_W2,0.0,108.0
Snow Goose,2,3,Feb_W3,0.0,118.0
Snow Goose,2,4,Feb_W4,0.0,70.0
Snow Goose,3,1,Mar_W1,0.0,105.0
Snow Goose,3,2,Mar_W2,0.0,114.0
Snow Goose,3,3,Mar_W3,0.0,142.0
Snow Goose,3,4,Mar_W4,0.0,164.0
Snow Goose,4,1,Apr_W1,0.0,261.0
Snow Goose,4,2,Apr_W2,0.0,364.0
Snow Goose,4,3,Apr_W3,0.0,430.0
Snow Goose,4,4,Apr_W4,0.0014164,706.0
Snow Goose,5,1,May_W1,0.0,645.0
Snow Goose,5,2,May_W2,0.0,774.0
Snow Goose,5,3,May_W3,0.0,765.0
Snow Goose,5,4,May_W4,0.0,1386.0
Snow Goose,6,1,Jun_W1,0.0,855.0
Snow Goose,6,2,Jun_W2,0.0,752.0
Snow Goose,6,3,Jun_W3,0.0,625.0
Snow Goose,6,4,Jun_W4,0.0,745.0
Snow Goose,7,1,Jul_W1,0.0,695.0
Snow Goose,7,2,Jul_W2,0.0,711.0
Snow Goose,7,3,Jul_W3,0.0,569.0
Snow Goose,7,4,Jul_W4,0.0,883.0
Snow Goose,8,1,Aug_W1,0.0,607.0
Snow Goose,8,2,Aug_W2,0.0,639.0
Snow Goose,8,3,Aug_W3,0.0,586.0
Snow Goose,8,4,Aug_W4,0.0,845.0
Snow Goose,9,1,Sep_W1,0.0,528.0
Snow Goose,9,2,Sep_W2,0.0,653.0
Snow Goose,9,3,Sep_W3,0.0015674,638.0
Snow Goose,9,4,Sep_W4,0.0092961,753.0
Snow Goose,10,1,Oct_W1,0.0063492,630.0
Snow Goose,10,2,Oct_W2,0.0069204,578.0
Snow Goose,10,3,Oct_W3,0.0081967,488.0
Snow Goose,10,4,Oct_W4,0.0088968,562.0
Snow Goose,11,1,Nov_W1,0.0052219,383.0
Snow Goose,11,2,Nov_W2,0.0,329.0
Snow Goose,11,3,Nov_W3,0.003663,273.0
Snow Goose,11,4,Nov_W4,0.0,270.0
Snow Goose,12,1,Dec_W1,0.0,157.0
Snow Goose,12,2,Dec_W2,0.0,166.0
Snow Goose,12,3,Dec_W3,0.0,137.0
Snow Goose,12,4,Dec_W4,0.0,145.0
Ross's Goose,1,1,Jan_W1,0.0,185.0
Ross's Goose,1,2,Jan_W2,0.0,88.0
Ross's Goose,1,3,Jan_W3,0.0,105.0
Ross's Goose,1,4,Jan_W4,0.0,140.0
Ross's Goose,2,1,Feb_W1,0.0,123.0
Ross's Goose,2,2,Feb_W2,0.0,108.0
Ross's Goose,2,3,Feb_W3,0.0,118.0
Ross's Goose,2,4,Feb_W4,0.0,70.0
Ross's Goose,3,1,Mar_W1,0.0,105.0
Ross's Goose,3,2,Mar_W2,0.0,114.0
Ross's Goose,3,3,Mar_W3,0.0,142.0
Ross's Goose,3,4,Mar_W4,0.0,164.0
Ross's Goose,4,1,Apr_W1,0.0,261.0
Ross's Goose,4,2,Apr_W2,0.0,364.0
Ross's Goose,4,3,Apr_W3,0.0,430.0
Ross's Goose,4,4,Apr_W4,0.0127479,706.0
Ross's Goose,5,1,May_W1,0.0046512,645.0
Ross's Goose,5,2,May_W2,0.0,774.0
Ross's Goose,5,3,May_W3,0.0,765.0
Ross's Goose,5,4,May_W4,0.0,1386.0
Ross's Goose,6,1,Jun_W1,0.0,855.0
Ross's Goose,6,2,Jun_W2,0.0,752.0
Ross's Goose,6,3,Jun_W3,0.0,625.0
Ross's Goose,6,4,Jun_W4,0.0,745.0
Ross's Goose,7,1,Jul_W1,0.0,695.0
Ross's Goose,7,2,Jul_W2,0.0,711.0
Ross's Goose,7,3,Jul_W3,0.0,569.0
Ross's Goose,7,4,Jul_W4,0.0,883.0
Ross's Goose,8,1,Aug_W1,0.0,607.0
Ross's Goose,8,2,Aug_W2,0.0,639.0
Ross's Goose,8,3,Aug_W3,0.0,586.0
Ross's Goose,8,4,Aug_W4,0.0,845.0
Ross's Goose,9,1,Sep_W1,0.0,528.0
Ross's Goose,9,2,Sep_W2,0.0,653.0
Ross's Goose,9,3,Sep_W3,0.0015674,638.0
Ross's Goose,9,4,Sep_W4,0.0,753.0
Ross's Goose,10,1,Oct_W1,0.0,630.0
Ross's Goose,10,2,Oct_W2,0.0,578.0
Ross's Goose,10,3,Oct_W3,0.0,488.0
Ross's Goose,10,4,Oct_W4,0.0,562.0
Ross's Goose,11,1,Nov_W1,0.0,383.0
Ross's Goose,11,2,Nov_W2,0.0,329.0
Ross's Goose,11,3,Nov_W3,0.0,273.0
Ross's Goose,11,4,Nov_W4,0.0,270.0
Ross's Goose,12,1,Dec_W1,0.0,157.0
Ross's Goose,12,2,Dec_W2,0.0,166.0
Ross's Goose,12,3,Dec_W3,0.0,137.0
Ross's Goose,12,4,Dec_W4,0.0,145.0
Greater White-fronted Goose,1,1,Jan_W1,0.0,185.0
Greater White-fronted Goose,1,2,Jan_W2,0.0,88.0
Greater White-fronted Goose,1,3,Jan_W3,0.0,105.0
Greater White-fronted Goose,1,4,Jan_W4,0.0,140.0
Greater White-fronted Goose,2,1,Feb_W1,0.0,123.0
Greater White-fronted Goose,2,2,Feb_W2,0.0,108.0
Greater White-fronted Goose,2,3,Feb_W3,0.0,118.0
Greater White-fronted Goose,2,4,Feb_W4,0.0,70.0
Greater White-fronted Goose,3,1,Mar_W1,0.0,105.0
Greater White-fronted Goose,3,2,Mar_W2,0.0263158,114.0
Greater White-fronted Goose,3,3,Mar_W3,0.0211268,142.0
Greater White-fronted Goose,3,4,Mar_W4,0.0060976,164.0
Greater White-fronted Goose,4,1,Apr_W1,0.0038314,261.0
Greater White-fronted Goose,4,2,Apr_W2,0.0015,364.0
Greater White-fronted Goose,4,3,Apr_W3,0.0,430.0
Greater White-fronted Goose,4,4,Apr_W4,0.0042493,706.0
Greater White-fronted Goose,5,1,May_W1,0.0,645.0
Greater White-fronted Goose,5,2,May_W2,0.0,774.0
Greater White-fronted Goose,5,3,May_W3,0.0,765.0
Greater White-fronted Goose,5,4,May_W4,0.0,1386.0
Greater White-fronted Goose,6,1,Jun_W1,0.0,855.0
Greater White-fronted Goose,6,2,Jun_W2,0.0,752.0
Greater White-fronted Goose,6,3,Jun_W3,0.0,625.0
Greater White-fronted Goose,6,4,Jun_W4,0.0,745.0
Greater White-fronted Goose,7,1,Jul_W1,0.0,695.0
Greater White-fronted Goose,7,2,Jul_W2,0.0,711.0
Greater White-fronted Goose,7,3,Jul_W3,0.0015,569.0
Greater White-fronted Goose,7,4,Jul_W4,0.0015,883.0
Greater White-fronted Goose,8,1,Aug_W1,0.0,607.0
Greater White-fronted Goose,8,2,Aug_W2,0.0,639.0
Greater White-fronted Goose,8,3,Aug_W3,0.0,586.0
Greater White-fronted Goose,8,4,Aug_W4,0.0,845.0
Greater White-fronted Goose,9,1,Sep_W1,0.0015,528.0
Greater White-fronted Goose,9,2,Sep_W2,0.0,653.0
Greater White-fronted Goose,9,3,Sep_W3,0.0,638.0
Greater White-fronted Goose,9,4,Sep_W4,0.0,753.0
Greater White-fronted Goose,10,1,Oct_W1,0.0,630.0
Greater White-fronted Goose,10,2,Oct_W2,0.0,578.0
Greater White-fronted Goose,10,3,Oct_W3,0.0,488.0
Greater White-fronted Goose,10,4,Oct_W4,0.0,562.0
Greater White-fronted Goose,11,1,Nov_W1,0.0,383.0
Greater White-fronted Goose,11,2,Nov_W2,0.0,329.0
Greater White-fronted Goose,11,3,Nov_W3,0.0015,273.0
Greater White-fronted Goose,11,4,Nov_W4,0.0,270.0
Greater White-fronted Goose,12,1,Dec_W1,0.0,157.0
Greater White-fronted Goose,12,2,Dec_W2,0.0,166.0
Greater White-fronted Goose,12,3,Dec_W3,0.0,137.0
Greater White-fronted Goose,12,4,Dec_W4,0.0,145.0
Brant,1,1,Jan_W1,0.0,185.0
Brant,1,2,Jan_W2,0.0,88.0
Brant,1,3,Jan_W3,0.0,105.0
Brant,1,4,Jan_W4,0.0,140.0
Brant,2,1,Feb_W1,0.0,123.0
Brant,2,2,Feb_W2,0.0,108.0
Brant,2,3,Feb_W3,0.0,118.0
Brant,2,4,Feb_W4,0.0,70.0
Brant,3,1,Mar_W1,0.0,105.0
Brant,3,2,Mar_W2,0.0,114.0
Brant,3,3,Mar_W3,0.0,142.0
Brant,3,4,Mar_W4,0.0,164.0
Brant,4,1,Apr_W1,0.0,261.0
Brant,4,2,Apr_W2,0.0,364.0
Brant,4,3,Apr_W3,0.0,430.0
Brant,4,4,Apr_W4,0.0,706.0
Brant,5,1,May_W1,0.0,645.0
Brant,5,2,May_W2,0.0,774.0
Brant,5,3,May_W3,0.0078431,765.0
Brant,5,4,May_W4,0.0021645,1386.0
Brant,6,1,Jun_W1,0.0,855.0
Brant,6,2,Jun_W2,0.0015,752.0
Brant,6,3,Jun_W3,0.0,625.0
Brant,6,4,Jun_W4,0.0,745.0
Brant,7,1,Jul_W1,0.0,695.0
Brant,7,2,Jul_W2,0.0,711.0
Brant,7,3,Jul_W3,0.0,569.0
Brant,7,4,Jul_W4,0.0,883.0
Brant,8,1,Aug_W1,0.0,607.0
Brant,8,2,Aug_W2,0.0,639.0
Brant,8,3,Aug_W3,0.0,586.0
Brant,8,4,Aug_W4,0.0,845.0
Brant,9,1,Sep_W1,0.0,528.0
Brant,9,2,Sep_W2,0.0015,653.0
Brant,9,3,Sep_W3,0.0,638.0
Brant,9,4,Sep_W4,0.0,753.0
Brant,10,1,Oct_W1,0.0,630.0
Brant,10,2,Oct_W2,0.0,578.0
Brant,10,3,Oct_W3,0.0,488.0
Brant,10,4,Oct_W4,0.0,562.0
Brant,11,1,Nov_W1,0.0,383.0
Brant,11,2,Nov_W2,0.0,329.0
Brant,11,3,Nov_W3,0.0,273.0
Brant,11,4,Nov_W4,0.0,270.0
Brant,12,1,Dec_W1,0.0,157.0
Brant,12,2,Dec_W2,0.0,166.0
Brant,12,3,Dec_W3,0.0,137.0
Brant,12,4,Dec_W4,0.0,145.0
Cackling Goose,1,1,Jan_W1,0.0,185.0
Cackling Goose,1,2,Jan_W2,0.0,88.0
Cackling Goose,1,3,Jan_W3,0.0,105.0
Cackling Goose,1,4,Jan_W4,0.0,140.0
Cackling Goose,2,1,Feb_W1,0.0,123.0
Cackling Goose,2,2,Feb_W2,0.0,108.0
Cackling Goose,2,3,Feb_W3,0.0,118.0
Cackling Goose,2,4,Feb_W4,0.0,70.0
Cackling Goose,3,1,Mar_W1,0.0,105.0
Cackling Goose,3,2,Mar_W2,0.0,114.0
Cackling Goose,3,3,Mar_W3,0.0,142.0
Cackling Goose,3,4,Mar_W4,0.0,164.0
Cackling Goose,4,1,Apr_W1,0.0,261.0
Cackling Goose,4,2,Apr_W2,0.0,364.0
Cackling Goose,4,3,Apr_W3,0.0,430.0
Cackling Goose,4,4,Apr_W4,0.0,706.0
Cackling Goose,5,1,May_W1,0.0,645.0
Cackling Goose,5,2,May_W2,0.0,774.0
Cackling Goose,5,3,May_W3,0.0,765.0
Cackling Goose,5,4,May_W4,0.0,1386.0
Cackling Goose,6,1,Jun_W1,0.0,855.0
Cackling Goose,6,2,Jun_W2,0.0,752.0
Cackling Goose,6,3,Jun_W3,0.0,625.0
Cackling Goose,6,4,Jun_W4,0.0,745.0
Cackling Goose,7,1,Jul_W1,0.0,695.0
Cackling Goose,7,2,Jul_W2,0.0,711.0
Cackling Goose,7,3,Jul_W3,0.0,569.0
Cackling Goose,7,4,Jul_W4,0.0,883.0
Cackling Goose,8,1,Aug_W1,0.0,607.0
Cackling Goose,8,2,Aug_W2,0.0,639.0
Cackling Goose,8,3,Aug_W3,0.0,586.0
Cackling Goose,8,4,Aug_W4,0.0,845.0
Cackling Goose,9,1,Sep_W1,0.0,528.0
Cackling Goose,9,2,Sep_W2,0.0015,653.0
Cackling Goose,9,3,Sep_W3,0.0062696,638.0
Cackling Goose,9,4,Sep_W4,0.001328,753.0
Cackling Goose,10,1,Oct_W1,0.0015873,630.0
Cackling Goose,10,2,Oct_W2,0.0069204,578.0
Cackling Goose,10,3,Oct_W3,0.0081967,488.0
Cackling Goose,10,4,Oct_W4,0.0053381,562.0
Cackling Goose,11,1,Nov_W1,0.0,383.0
Cackling Goose,11,2,Nov_W2,0.0030395,329.0
Cackling Goose,11,3,Nov_W3,0.0,273.0
Cackling Goose,11,4,Nov_W4,0.0,270.0
Cackling Goose,12,1,Dec_W1,0.0,157.0
Cackling Goose,12,2,Dec_W2,0.0,166.0
Cackling Goose,12,3,Dec_W3,0.0,137.0
Cackling Goose,12,4,Dec_W4,0.0,145.0
Canada Goose,1,1,Jan_W1,0.0108108,185.0
Canada Goose,1,2,Jan_W2,0.0,88.0
Canada Goose,1,3,Jan_W3,0.0190476,105.0
Canada Goose,1,4,Jan_W4,0.0,140.0
Canada Goose,2,1,Feb_W1,0.0081301,123.0
Canada Goose,2,2,Feb_W2,0.0092593,108.0
Canada Goose,2,3,Feb_W3,0.0084746,118.0
Canada Goose,2,4,Feb_W4,0.0142857,70.0
Canada Goose,3,1,Mar_W1,0.0761905,105.0
Canada Goose,3,2,Mar_W2,0.2982456,114.0
Canada Goose,3,3,Mar_W3,0.2605634,142.0
Canada Goose,3,4,Mar_W4,0.3902439,164.0
Canada Goose,4,1,Apr_W1,0.3793103,261.0
Canada Goose,4,2,Apr_W2,0.3846154,364.0
Canada Goose,4,3,Apr_W3,0.3418605,430.0
Canada Goose,4,4,Apr_W4,0.3654391,706.0
Canada Goose,5,1,May_W1,0.3379845,645.0
Canada Goose,5,2,May_W2,0.2803618,774.0
Canada Goose,5,3,May_W3,0.2078431,765.0
Canada Goose,5,4,May_W4,0.2099567,1386.0
Canada Goose,6,1,Jun_W1,0.1964912,855.0
Canada Goose,6,2,Jun_W2,0.1728723,752.0
Canada Goose,6,3,Jun_W3,0.1312,625.0
Canada Goose,6,4,Jun_W4,0.1181208,745.0
Canada Goose,7,1,Jul_W1,0.1079137,695.0
Canada Goose,7,2,Jul_W2,0.1125176,711.0
Canada Goose,7,3,Jul_W3,0.1282953,569.0
Canada Goose,7,4,Jul_W4,0.1574179,883.0
Canada Goose,8,1,Aug_W1,0.2026359,607.0
Canada Goose,8,2,Aug_W2,0.1658842,639.0
Canada Goose,8,3,Aug_W3,0.2064846,586.0
Canada Goose,8,4,Aug_W4,0.1739645,845.0
Canada Goose,9,1,Sep_W1,0.1287879,528.0
Canada Goose,9,2,Sep_W2,0.1730475,653.0
Canada Goose,9,3,Sep_W3,0.2366771,638.0
Canada Goose,9,4,Sep_W4,0.2589641,753.0
Canada Goose,10,1,Oct_W1,0.1936508,630.0
Canada Goose,10,2,Oct_W2,0.1972318,578.0
Canada Goose,10,3,Oct_W3,0.1803279,488.0
Canada Goose,10,4,Oct_W4,0.1637011,562.0
Canada Goose,11,1,Nov_W1,0.1488251,383.0
Canada Goose,11,2,Nov_W2,0.1033435,329.0
Canada Goose,11,3,Nov_W3,0.047619,273.0
Canada Goose,11,4,Nov_W4,0.037037,270.0
Canada Goose,12,1,Dec_W1,0.0254777,157.0
Canada Goose,12,2,Dec_W2,0.0180723,166.0
Canada Goose,12,3,Dec_W3,0.0072993,137.0
Canada Goose,12,4,Dec_W4,0.0206897,145.0
Mute Swan,1,1,Jan_W1,0.0015,185.0
Mute Swan,1,2,Jan_W2,0.0227273,88.0
Mute Swan,1,3,Jan_W3,0.0,105.0
Mute Swan,1,4,Jan_W4,0.0,140.0
Mute Swan,2,1,Feb_W1,0.0,123.0
Mute Swan,2,2,Feb_W2,0.0,108.0
Mute Swan,2,3,Feb_W3,0.0,118.0
Mute Swan,2,4,Feb_W4,0.0,70.0
Mute Swan,3,1,Mar_W1,0.0,105.0
Mute Swan,3,2,Mar_W2,0.0,114.0
Mute Swan,3,3,Mar_W3,0.0,142.0
Mute Swan,3,4,Mar_W4,0.0,164.0
Mute Swan,4,1,Apr_W1,0.0,261.0
Mute Swan,4,2,Apr_W2,0.0,364.0
Mute Swan,4,3,Apr_W3,0.0,430.0
Mute Swan,4,4,Apr_W4,0.0,706.0
Mute Swan,5,1,May_W1,0.0,645.0
Mute Swan,5,2,May_W2,0.0,774.0
Mute Swan,5,3,May_W3,0.0,765.0
Mute Swan,5,4,May_W4,0.0,1386.0
Mute Swan,6,1,Jun_W1,0.0011696,855.0
Mute Swan,6,2,Jun_W2,0.0026596,752.0
Mute Swan,6,3,Jun_W3,0.0,625.0
Mute Swan,6,4,Jun_W4,0.0080537,745.0
Mute Swan,7,1,Jul_W1,0.0014388,695.0
Mute Swan,7,2,Jul_W2,0.0028129,711.0
Mute Swan,7,3,Jul_W3,0.0087873,569.0
Mute Swan,7,4,Jul_W4,0.00453,883.0
Mute Swan,8,1,Aug_W1,0.0032949,607.0
Mute Swan,8,2,Aug_W2,0.0,639.0
Mute Swan,8,3,Aug_W3,0.0,586.0
Mute Swan,8,4,Aug_W4,0.0035503,845.0
Mute Swan,9,1,Sep_W1,0.0,528.0
Mute Swan,9,2,Sep_W2,0.0045942,653.0
Mute Swan,9,3,Sep_W3,0.0047022,638.0
Mute Swan,9,4,Sep_W4,0.001328,753.0
Mute Swan,10,1,Oct_W1,0.0015873,630.0
Mute Swan,10,2,Oct_W2,0.0034602,578.0
Mute Swan,10,3,Oct_W3,0.0,488.0
Mute Swan,10,4,Oct_W4,0.0,562.0
Mute Swan,11,1,Nov_W1,0.0,383.0
Mute Swan,11,2,Nov_W2,0.006079,329.0
Mute Swan,11,3,Nov_W3,0.0,273.0
Mute Swan,11,4,Nov_W4,0.0,270.0
Mute Swan,12,1,Dec_W1,0.0,157.0
Mute Swan,12,2,Dec_W2,0.0,166.0
Mute Swan,12,3,Dec_W3,0.0,137.0
Mute Swan,12,4,Dec_W4,0.0068966,145.0
Trumpeter Swan,1,1,Jan_W1,0.1243243,185.0
Trumpeter Swan,1,2,Jan_W2,0.0454545,88.0
Trumpeter Swan,1,3,Jan_W3,0.0190476,105.0
Trumpeter Swan,1,4,Jan_W4,0.0142857,140.0
Trumpeter Swan,2,1,Feb_W1,0.0650407,123.0
Trumpeter Swan,2,2,Feb_W2,0.0555556,108.0
Trumpeter Swan,2,3,Feb_W3,0.0423729,118.0
Trumpeter Swan,2,4,Feb_W4,0.0714286,70.0
Trumpeter Swan,3,1,Mar_W1,0.0666667,105.0
Trumpeter Swan,3,2,Mar_W2,0.122807,114.0
Trumpeter Swan,3,3,Mar_W3,0.1619718,142.0
Trumpeter Swan,3,4,Mar_W4,0.0914634,164.0
Trumpeter Swan,4,1,Apr_W1,0.0574713,261.0
Trumpeter Swan,4,2,Apr_W2,0.0357143,364.0
Trumpeter Swan,4,3,Apr_W3,0.0348837,430.0
Trumpeter Swan,4,4,Apr_W4,0.0169972,706.0
Trumpeter Swan,5,1,May_W1,0.0356589,645.0
Trumpeter Swan,5,2,May_W2,0.0271318,774.0
Trumpeter Swan,5,3,May_W3,0.0222222,765.0
Trumpeter Swan,5,4,May_W4,0.0396825,1386.0
Trumpeter Swan,6,1,Jun_W1,0.0339181,855.0
Trumpeter Swan,6,2,Jun_W2,0.0279255,752.0
Trumpeter Swan,6,3,Jun_W3,0.0336,625.0
Trumpeter Swan,6,4,Jun_W4,0.0187919,745.0
Trumpeter Swan,7,1,Jul_W1,0.018705,695.0
Trumpeter Swan,7,2,Jul_W2,0.0084388,711.0
Trumpeter Swan,7,3,Jul_W3,0.0193322,569.0
Trumpeter Swan,7,4,Jul_W4,0.0147225,883.0
Trumpeter Swan,8,1,Aug_W1,0.0263591,607.0
Trumpeter Swan,8,2,Aug_W2,0.0234742,639.0
Trumpeter Swan,8,3,Aug_W3,0.0409556,586.0
Trumpeter Swan,8,4,Aug_W4,0.0710059,845.0
Trumpeter Swan,9,1,Sep_W1,0.0189394,528.0
Trumpeter Swan,9,2,Sep_W2,0.0336907,653.0
Trumpeter Swan,9,3,Sep_W3,0.0282132,638.0
Trumpeter Swan,9,4,Sep_W4,0.0212483,753.0
Trumpeter Swan,10,1,Oct_W1,0.0174603,630.0
Trumpeter Swan,10,2,Oct_W2,0.0432526,578.0
Trumpeter Swan,10,3,Oct_W3,0.0737705,488.0
Trumpeter Swan,10,4,Oct_W4,0.0480427,562.0
Trumpeter Swan,11,1,Nov_W1,0.0704961,383.0
Trumpeter Swan,11,2,Nov_W2,0.0455927,329.0
Trumpeter Swan,11,3,Nov_W3,0.029304,273.0
Trumpeter Swan,11,4,Nov_W4,0.0407407,270.0
Trumpeter Swan,12,1,Dec_W1,0.044586,157.0
Trumpeter Swan,12,2,Dec_W2,0.0361446,166.0
Trumpeter Swan,12,3,Dec_W3,0.0656934,137.0
Trumpeter Swan,12,4,Dec_W4,0.0137931,145.0
Tundra Swan,1,1,Jan_W1,0.0,185.0
Tundra Swan,1,2,Jan_W2,0.0,88.0
Tundra Swan,1,3,Jan_W3,0.0,105.0
Tundra Swan,1,4,Jan_W4,0.0,140.0
Tundra Swan,2,1,Feb_W1,0.0,123.0
Tundra Swan,2,2,Feb_W2,0.0,108.0
Tundra Swan,2,3,Feb_W3,0.0,118.0
Tundra Swan,2,4,Feb_W4,0.0,70.0
Tundra Swan,3,1,Mar_W1,0.0,105.0
Tundra Swan,3,2,Mar_W2,0.0,114.0
Tundra Swan,3,3,Mar_W3,0.0070423,142.0
Tundra Swan,3,4,Mar_W4,0.0,164.0
Tundra Swan,4,1,Apr_W1,0.0,261.0
Tundra Swan,4,2,Apr_W2,0.0082418,364.0
Tundra Swan,4,3,Apr_W3,0.0,430.0
Tundra Swan,4,4,Apr_W4,0.0042493,706.0
Tundra Swan,5,1,May_W1,0.0,645.0
Tundra Swan,5,2,May_W2,0.0,774.0
Tundra Swan,5,3,May_W3,0.0015,765.0
Tundra Swan,5,4,May_W4,0.001443,1386.0
Tundra Swan,6,1,Jun_W1,0.0,855.0
Tundra Swan,6,2,Jun_W2,0.0,752.0
Tundra Swan,6,3,Jun_W3,0.0,625.0
Tundra Swan,6,4,Jun_W4,0.0,745.0
Tundra Swan,7,1,Jul_W1,0.0,695.0
Tundra Swan,7,2,Jul_W2,0.0,711.0
Tundra Swan,7,3,Jul_W3,0.0,569.0
Tundra Swan,7,4,Jul_W4,0.0,883.0
Tundra Swan,8,1,Aug_W1,0.0,607.0
Tundra Swan,8,2,Aug_W2,0.0,639.0
Tundra Swan,8,3,Aug_W3,0.0,586.0
Tundra Swan,8,4,Aug_W4,0.0,845.0
Tundra Swan,9,1,Sep_W1,0.0,528.0
Tundra Swan,9,2,Sep_W2,0.0,653.0
Tundra Swan,9,3,Sep_W3,0.0,638.0
Tundra Swan,9,4,Sep_W4,0.0,753.0
Tundra Swan,10,1,Oct_W1,0.0015,630.0
Tundra Swan,10,2,Oct_W2,0.0034602,578.0
Tundra Swan,10,3,Oct_W3,0.0081967,488.0
Tundra Swan,10,4,Oct_W4,0.0017794,562.0
Tundra Swan,11,1,Nov_W1,0.002611,383.0
Tundra Swan,11,2,Nov_W2,0.006079,329.0
Tundra Swan,11,3,Nov_W3,0.003663,273.0
Tundra Swan,11,4,Nov_W4,0.0037037,270.0
Tundra Swan,12,1,Dec_W1,0.0,157.0
Tundra Swan,12,2,Dec_W2,0.0,166.0
Tundra Swan,12,3,Dec_W3,0.0,137.0
Tundra Swan,12,4,Dec_W4,0.0,145.0
Wood Duck,1,1,Jan_W1,0.0,185.0
Wood Duck,1,2,Jan_W2,0.0,88.0
Wood Duck,1,3,Jan_W3,0.0,105.0
Wood Duck,1,4,Jan_W4,0.0,140.0
Wood Duck,2,1,Feb_W1,0.0,123.0
Wood Duck,2,2,Feb_W2,0.0,108.0
Wood Duck,2,3,Feb_W3,0.0,118.0
Wood Duck,2,4,Feb_W4,0.0,70.0
Wood Duck,3,1,Mar_W1,0.0,105.0
Wood Duck,3,2,Mar_W2,0.0,114.0
Wood Duck,3,3,Mar_W3,0.0,142.0
Wood Duck,3,4,Mar_W4,0.0,164.0
Wood Duck,4,1,Apr_W1,0.045977,261.0
Wood Duck,4,2,Apr_W2,0.0659341,364.0
Wood Duck,4,3,Apr_W3,0.0697674,430.0
Wood Duck,4,4,Apr_W4,0.0609065,706.0
Wood Duck,5,1,May_W1,0.0496124,645.0
Wood Duck,5,2,May_W2,0.0387597,774.0
Wood Duck,5,3,May_W3,0.0392157,765.0
Wood Duck,5,4,May_W4,0.0425685,1386.0
Wood Duck,6,1,Jun_W1,0.0538012,855.0
Wood Duck,6,2,Jun_W2,0.0771277,752.0
Wood Duck,6,3,Jun_W3,0.0512,625.0
Wood Duck,6,4,Jun_W4,0.0442953,745.0
Wood Duck,7,1,Jul_W1,0.0460432,695.0
Wood Duck,7,2,Jul_W2,0.0379747,711.0
Wood Duck,7,3,Jul_W3,0.0509666,569.0
Wood Duck,7,4,Jul_W4,0.0690827,883.0
Wood Duck,8,1,Aug_W1,0.07743,607.0
Wood Duck,8,2,Aug_W2,0.1126761,639.0
Wood Duck,8,3,Aug_W3,0.1211604,586.0
Wood Duck,8,4,Aug_W4,0.1325444,845.0
Wood Duck,9,1,Sep_W1,0.1155303,528.0
Wood Duck,9,2,Sep_W2,0.101072,653.0
Wood Duck,9,3,Sep_W3,0.0924765,638.0
Wood Duck,9,4,Sep_W4,0.0982736,753.0
Wood Duck,10,1,Oct_W1,0.0634921,630.0
Wood Duck,10,2,Oct_W2,0.0484429,578.0
Wood Duck,10,3,Oct_W3,0.0389344,488.0
Wood Duck,10,4,Oct_W4,0.024911,562.0
Wood Duck,11,1,Nov_W1,0.002611,383.0
Wood Duck,11,2,Nov_W2,0.0030395,329.0
Wood Duck,11,3,Nov_W3,0.0,273.0
Wood Duck,11,4,Nov_W4,0.0,270.0
Wood Duck,12,1,Dec_W1,0.0,157.0
Wood Duck,12,2,Dec_W2,0.0,166.0
Wood Duck,12,3,Dec_W3,0.0,137.0
Wood Duck,12,4,Dec_W4,0.0,145.0
Blue-winged Teal,1,1,Jan_W1,0.0,185.0
Blue-winged Teal,1,2,Jan_W2,0.0,88.0
Blue-winged Teal,1,3,Jan_W3,0.0,105.0
Blue-winged Teal,1,4,Jan_W4,0.0,140.0
Blue-winged Teal,2,1,Feb_W1,0.0,123.0
Blue-winged Teal,2,2,Feb_W2,0.0,108.0
Blue-winged Teal,2,3,Feb_W3,0.0,118.0
Blue-winged Teal,2,4,Feb_W4,0.0,70.0
Blue-winged Teal,3,1,Mar_W1,0.0,105.0
Blue-winged Teal,3,2,Mar_W2,0.0,114.0
Blue-winged Teal,3,3,Mar_W3,0.0,142.0
Blue-winged Teal,3,4,Mar_W4,0.0,164.0
Blue-winged Teal,4,1,Apr_W1,0.0076628,261.0
Blue-winged Teal,4,2,Apr_W2,0.0247253,364.0
Blue-winged Teal,4,3,Apr_W3,0.0488372,430.0
Blue-winged Teal,4,4,Apr_W4,0.0807365,706.0
Blue-winged Teal,5,1,May_W1,0.0604651,645.0
Blue-winged Teal,5,2,May_W2,0.0361757,774.0
Blue-winged Teal,5,3,May_W3,0.0222222,765.0
Blue-winged Teal,5,4,May_W4,0.027417,1386.0
Blue-winged Teal,6,1,Jun_W1,0.0128655,855.0
Blue-winged Teal,6,2,Jun_W2,0.0106383,752.0
Blue-winged Teal,6,3,Jun_W3,0.0016,625.0
Blue-winged Teal,6,4,Jun_W4,0.0040268,745.0
Blue-winged Teal,7,1,Jul_W1,0.0028777,695.0
Blue-winged Teal,7,2,Jul_W2,0.0028129,711.0
Blue-winged Teal,7,3,Jul_W3,0.0035149,569.0
Blue-winged Teal,7,4,Jul_W4,0.00453,883.0
Blue-winged Teal,8,1,Aug_W1,0.0214168,607.0
Blue-winged Teal,8,2,Aug_W2,0.0203443,639.0
Blue-winged Teal,8,3,Aug_W3,0.059727,586.0
Blue-winged Teal,8,4,Aug_W4,0.0934911,845.0
Blue-winged Teal,9,1,Sep_W1,0.0416667,528.0
Blue-winged Teal,9,2,Sep_W2,0.0444104,653.0
Blue-winged Teal,9,3,Sep_W3,0.0250784,638.0
Blue-winged Teal,9,4,Sep_W4,0.0305445,753.0
Blue-winged Teal,10,1,Oct_W1,0.0174603,630.0
Blue-winged Teal,10,2,Oct_W2,0.0207612,578.0
Blue-winged Teal,10,3,Oct_W3,0.0184426,488.0
Blue-winged Teal,10,4,Oct_W4,0.0071174,562.0
Blue-winged Teal,11,1,Nov_W1,0.0,383.0
Blue-winged Teal,11,2,Nov_W2,0.0,329.0
Blue-winged Teal,11,3,Nov_W3,0.0,273.0
Blue-winged Teal,11,4,Nov_W4,0.0,270.0
Blue-winged Teal,12,1,Dec_W1,0.0,157.0
Blue-winged Teal,12,2,Dec_W2,0.0,166.0
Blue-winged Teal,12,3,Dec_W3,0.0,137.0
Blue-winged Teal,12,4,Dec_W4,0.0,145.0
Northern Shoveler,1,1,Jan_W1,0.0,185.0
Northern Shoveler,1,2,Jan_W2,0.0,88.0
Northern Shoveler,1,3,Jan_W3,0.0,105.0
Northern Shoveler,1,4,Jan_W4,0.0,140.0
Northern Shoveler,2,1,Feb_W1,0.0,123.0
Northern Shoveler,2,2,Feb_W2,0.0,108.0
Northern Shoveler,2,3,Feb_W3,0.0,118.0
Northern Shoveler,2,4,Feb_W4,0.0,70.0
Northern Shoveler,3,1,Mar_W1,0.0,105.0
Northern Shoveler,3,2,Mar_W2,0.0,114.0
Northern Shoveler,3,3,Mar_W3,0.0,142.0
Northern Shoveler,3,4,Mar_W4,0.0,164.0
Northern Shoveler,4,1,Apr_W1,0.0038314,261.0
Northern Shoveler,4,2,Apr_W2,0.0137363,364.0
Northern Shoveler,4,3,Apr_W3,0.0116279,430.0
Northern Shoveler,4,4,Apr_W4,0.0254958,706.0
Northern Shoveler,5,1,May_W1,0.027907,645.0
Northern Shoveler,5,2,May_W2,0.0129199,774.0
Northern Shoveler,5,3,May_W3,0.0117647,765.0
Northern Shoveler,5,4,May_W4,0.0122655,1386.0
Northern Shoveler,6,1,Jun_W1,0.0093567,855.0
Northern Shoveler,6,2,Jun_W2,0.0013298,752.0
Northern Shoveler,6,3,Jun_W3,0.0016,625.0
Northern Shoveler,6,4,Jun_W4,0.0013423,745.0
Northern Shoveler,7,1,Jul_W1,0.0014388,695.0
Northern Shoveler,7,2,Jul_W2,0.0014065,711.0
Northern Shoveler,7,3,Jul_W3,0.0,569.0
Northern Shoveler,7,4,Jul_W4,0.0011325,883.0
Northern Shoveler,8,1,Aug_W1,0.0,607.0
Northern Shoveler,8,2,Aug_W2,0.0031299,639.0
Northern Shoveler,8,3,Aug_W3,0.0,586.0
Northern Shoveler,8,4,Aug_W4,0.0071006,845.0
Northern Shoveler,9,1,Sep_W1,0.0075758,528.0
Northern Shoveler,9,2,Sep_W2,0.0030628,653.0
Northern Shoveler,9,3,Sep_W3,0.007837,638.0
Northern Shoveler,9,4,Sep_W4,0.0053121,753.0
Northern Shoveler,10,1,Oct_W1,0.0,630.0
Northern Shoveler,10,2,Oct_W2,0.0034602,578.0
Northern Shoveler,10,3,Oct_W3,0.0020492,488.0
Northern Shoveler,10,4,Oct_W4,0.0017794,562.0
Northern Shoveler,11,1,Nov_W1,0.0,383.0
Northern Shoveler,11,2,Nov_W2,0.0,329.0
Northern Shoveler,11,3,Nov_W3,0.003663,273.0
Northern Shoveler,11,4,Nov_W4,0.0,270.0
Northern Shoveler,12,1,Dec_W1,0.0,157.0
Northern Shoveler,12,2,Dec_W2,0.0,166.0
Northern Shoveler,12,3,Dec_W3,0.0,137.0
Northern Shoveler,12,4,Dec_W4,0.0,145.0
Gadwall,1,1,Jan_W1,0.0,185.0
Gadwall,1,2,Jan_W2,0.0,88.0
Gadwall,1,3,Jan_W3,0.0,105.0
Gadwall,1,4,Jan_W4,0.0,140.0
Gadwall,2,1,Feb_W1,0.0,123.0
Gadwall,2,2,Feb_W2,0.0,108.0
Gadwall,2,3,Feb_W3,0.0,118.0
Gadwall,2,4,Feb_W4,0.0,70.0
Gadwall,3,1,Mar_W1,0.0,105.0
Gadwall,3,2,Mar_W2,0.0,114.0
Gadwall,3,3,Mar_W3,0.0,142.0
Gadwall,3,4,Mar_W4,0.0015,164.0
Gadwall,4,1,Apr_W1,0.0,261.0
Gadwall,4,2,Apr_W2,0.0,364.0
Gadwall,4,3,Apr_W3,0.0023256,430.0
Gadwall,4,4,Apr_W4,0.0042493,706.0
Gadwall,5,1,May_W1,0.0015504,645.0
Gadwall,5,2,May_W2,0.002584,774.0
Gadwall,5,3,May_W3,0.0026144,765.0
Gadwall,5,4,May_W4,0.004329,1386.0
Gadwall,6,1,Jun_W1,0.005848,855.0
Gadwall,6,2,Jun_W2,0.0013298,752.0
Gadwall,6,3,Jun_W3,0.0,625.0
Gadwall,6,4,Jun_W4,0.0,745.0
Gadwall,7,1,Jul_W1,0.0,695.0
Gadwall,7,2,Jul_W2,0.0,711.0
Gadwall,7,3,Jul_W3,0.0017575,569.0
Gadwall,7,4,Jul_W4,0.002265,883.0
Gadwall,8,1,Aug_W1,0.0016474,607.0
Gadwall,8,2,Aug_W2,0.0015,639.0
Gadwall,8,3,Aug_W3,0.0017065,586.0
Gadwall,8,4,Aug_W4,0.0047337,845.0
Gadwall,9,1,Sep_W1,0.0018939,528.0
Gadwall,9,2,Sep_W2,0.0030628,653.0
Gadwall,9,3,Sep_W3,0.0047022,638.0
Gadwall,9,4,Sep_W4,0.0053121,753.0
Gadwall,10,1,Oct_W1,0.0015873,630.0
Gadwall,10,2,Oct_W2,0.0069204,578.0
Gadwall,10,3,Oct_W3,0.0245902,488.0
Gadwall,10,4,Oct_W4,0.0017794,562.0
Gadwall,11,1,Nov_W1,0.0,383.0
Gadwall,11,2,Nov_W2,0.0,329.0
Gadwall,11,3,Nov_W3,0.003663,273.0
Gadwall,11,4,Nov_W4,0.0,270.0
Gadwall,12,1,Dec_W1,0.0,157.0
Gadwall,12,2,Dec_W2,0.0,166.0
Gadwall,12,3,Dec_W3,0.0,137.0
Gadwall,12,4,Dec_W4,0.0,145.0
American Wigeon,1,1,Jan_W1,0.0,185.0
American Wigeon,1,2,Jan_W2,0.0,88.0
American Wigeon,1,3,Jan_W3,0.0,105.0
American Wigeon,1,4,Jan_W4,0.0,140.0
American Wigeon,2,1,Feb_W1,0.0,123.0
American Wigeon,2,2,Feb_W2,0.0,108.0
American Wigeon,2,3,Feb_W3,0.0,118.0
American Wigeon,2,4,Feb_W4,0.0,70.0
American Wigeon,3,1,Mar_W1,0.0,105.0
American Wigeon,3,2,Mar_W2,0.0087719,114.0
American Wigeon,3,3,Mar_W3,0.0,142.0
American Wigeon,3,4,Mar_W4,0.0060976,164.0
American Wigeon,4,1,Apr_W1,0.0076628,261.0
American Wigeon,4,2,Apr_W2,0.0274725,364.0
American Wigeon,4,3,Apr_W3,0.0372093,430.0
American Wigeon,4,4,Apr_W4,0.0580737,706.0
American Wigeon,5,1,May_W1,0.0217054,645.0
American Wigeon,5,2,May_W2,0.0103359,774.0
American Wigeon,5,3,May_W3,0.0039216,765.0
American Wigeon,5,4,May_W4,0.0036075,1386.0
American Wigeon,6,1,Jun_W1,0.0011696,855.0
American Wigeon,6,2,Jun_W2,0.0013298,752.0
American Wigeon,6,3,Jun_W3,0.0048,625.0
American Wigeon,6,4,Jun_W4,0.0013423,745.0
American Wigeon,7,1,Jul_W1,0.0014388,695.0
American Wigeon,7,2,Jul_W2,0.0014065,711.0
American Wigeon,7,3,Jul_W3,0.0017575,569.0
American Wigeon,7,4,Jul_W4,0.0011325,883.0
American Wigeon,8,1,Aug_W1,0.0015,607.0
American Wigeon,8,2,Aug_W2,0.0,639.0
American Wigeon,8,3,Aug_W3,0.0,586.0
American Wigeon,8,4,Aug_W4,0.0106509,845.0
American Wigeon,9,1,Sep_W1,0.0208333,528.0
American Wigeon,9,2,Sep_W2,0.0107198,653.0
American Wigeon,9,3,Sep_W3,0.0203762,638.0
American Wigeon,9,4,Sep_W4,0.0146082,753.0
American Wigeon,10,1,Oct_W1,0.0063492,630.0
American Wigeon,10,2,Oct_W2,0.0224913,578.0
American Wigeon,10,3,Oct_W3,0.0348361,488.0
American Wigeon,10,4,Oct_W4,0.0088968,562.0
American Wigeon,11,1,Nov_W1,0.0,383.0
American Wigeon,11,2,Nov_W2,0.0,329.0
American Wigeon,11,3,Nov_W3,0.003663,273.0
American Wigeon,11,4,Nov_W4,0.0,270.0
American Wigeon,12,1,Dec_W1,0.0,157.0
American Wigeon,12,2,Dec_W2,0.0,166.0
American Wigeon,12,3,Dec_W3,0.0,137.0
American Wigeon,12,4,Dec_W4,0.0,145.0
Mallard,1,1,Jan_W1,0.3297297,185.0
Mallard,1,2,Jan_W2,0.3181818,88.0
Mallard,1,3,Jan_W3,0.2095238,105.0
Mallard,1,4,Jan_W4,0.2,140.0
Mallard,2,1,Feb_W1,0.1788618,123.0
Mallard,2,2,Feb_W2,0.0925926,108.0
Mallard,2,3,Feb_W3,0.1355932,118.0
Mallard,2,4,Feb_W4,0.2142857,70.0
Mallard,3,1,Mar_W1,0.1714286,105.0
Mallard,3,2,Mar_W2,0.3333333,114.0
Mallard,3,3,Mar_W3,0.2887324,142.0
Mallard,3,4,Mar_W4,0.2804878,164.0
Mallard,4,1,Apr_W1,0.3141762,261.0
Mallard,4,2,Apr_W2,0.3653846,364.0
Mallard,4,3,Apr_W3,0.3418605,430.0
Mallard,4,4,Apr_W4,0.3626062,706.0
Mallard,5,1,May_W1,0.2635659,645.0
Mallard,5,2,May_W2,0.2648579,774.0
Mallard,5,3,May_W3,0.2156863,765.0
Mallard,5,4,May_W4,0.2215007,1386.0
Mallard,6,1,Jun_W1,0.2315789,855.0
Mallard,6,2,Jun_W2,0.1994681,752.0
Mallard,6,3,Jun_W3,0.1728,625.0
Mallard,6,4,Jun_W4,0.1651007,745.0
Mallard,7,1,Jul_W1,0.1625899,695.0
Mallard,7,2,Jul_W2,0.1715893,711.0
Mallard,7,3,Jul_W3,0.1564148,569.0
Mallard,7,4,Jul_W4,0.1698754,883.0
Mallard,8,1,Aug_W1,0.1630972,607.0
Mallard,8,2,Aug_W2,0.1956182,639.0
Mallard,8,3,Aug_W3,0.2081911,586.0
Mallard,8,4,Aug_W4,0.208284,845.0
Mallard,9,1,Sep_W1,0.1685606,528.0
Mallard,9,2,Sep_W2,0.1500766,653.0
Mallard,9,3,Sep_W3,0.1489028,638.0
Mallard,9,4,Sep_W4,0.1792829,753.0
Mallard,10,1,Oct_W1,0.1492063,630.0
Mallard,10,2,Oct_W2,0.1851211,578.0
Mallard,10,3,Oct_W3,0.2418033,488.0
Mallard,10,4,Oct_W4,0.2758007,562.0
Mallard,11,1,Nov_W1,0.2506527,383.0
Mallard,11,2,Nov_W2,0.2097264,329.0
Mallard,11,3,Nov_W3,0.2710623,273.0
Mallard,11,4,Nov_W4,0.2592593,270.0
Mallard,12,1,Dec_W1,0.2420382,157.0
Mallard,12,2,Dec_W2,0.2228916,166.0
Mallard,12,3,Dec_W3,0.2408759,137.0
Mallard,12,4,Dec_W4,0.2758621,145.0
American Black Duck,1,1,Jan_W1,0.0810811,185.0
American Black Duck,1,2,Jan_W2,0.1022727,88.0
American Black Duck,1,3,Jan_W3,0.047619,105.0
American Black Duck,1,4,Jan_W4,0.0571429,140.0
American Black Duck,2,1,Feb_W1,0.0487805,123.0
American Black Duck,2,2,Feb_W2,0.0277778,108.0
American Black Duck,2,3,Feb_W3,0.0423729,118.0
American Black Duck,2,4,Feb_W4,0.0714286,70.0
American Black Duck,3,1,Mar_W1,0.0761905,105.0
American Black Duck,3,2,Mar_W2,0.0614035,114.0
American Black Duck,3,3,Mar_W3,0.0422535,142.0
American Black Duck,3,4,Mar_W4,0.0365854,164.0
American Black Duck,4,1,Apr_W1,0.0306513,261.0
American Black Duck,4,2,Apr_W2,0.0192308,364.0
American Black Duck,4,3,Apr_W3,0.0325581,430.0
American Black Duck,4,4,Apr_W4,0.0254958,706.0
American Black Duck,5,1,May_W1,0.0062016,645.0
American Black Duck,5,2,May_W2,0.0064599,774.0
American Black Duck,5,3,May_W3,0.0026144,765.0
American Black Duck,5,4,May_W4,0.0007215,1386.0
American Black Duck,6,1,Jun_W1,0.0011696,855.0
American Black Duck,6,2,Jun_W2,0.0039894,752.0
American Black Duck,6,3,Jun_W3,0.0048,625.0
American Black Duck,6,4,Jun_W4,0.0040268,745.0
American Black Duck,7,1,Jul_W1,0.0015,695.0
American Black Duck,7,2,Jul_W2,0.0042194,711.0
American Black Duck,7,3,Jul_W3,0.0052724,569.0
American Black Duck,7,4,Jul_W4,0.01359,883.0
American Black Duck,8,1,Aug_W1,0.0131796,607.0
American Black Duck,8,2,Aug_W2,0.0172144,639.0
American Black Duck,8,3,Aug_W3,0.0204778,586.0
American Black Duck,8,4,Aug_W4,0.035503,845.0
American Black Duck,9,1,Sep_W1,0.0246212,528.0
American Black Duck,9,2,Sep_W2,0.0153139,653.0
American Black Duck,9,3,Sep_W3,0.0188088,638.0
American Black Duck,9,4,Sep_W4,0.0119522,753.0
American Black Duck,10,1,Oct_W1,0.0095238,630.0
American Black Duck,10,2,Oct_W2,0.0242215,578.0
American Black Duck,10,3,Oct_W3,0.045082,488.0
American Black Duck,10,4,Oct_W4,0.0427046,562.0
American Black Duck,11,1,Nov_W1,0.0313316,383.0
American Black Duck,11,2,Nov_W2,0.0243161,329.0
American Black Duck,11,3,Nov_W3,0.047619,273.0
American Black Duck,11,4,Nov_W4,0.0444444,270.0
American Black Duck,12,1,Dec_W1,0.0509554,157.0
American Black Duck,12,2,Dec_W2,0.0542169,166.0
American Black Duck,12,3,Dec_W3,0.0656934,137.0
American Black Duck,12,4,Dec_W4,0.0758621,145.0
Northern Pintail,1,1,Jan_W1,0.0054054,185.0
Northern Pintail,1,2,Jan_W2,0.0015,88.0
Northern Pintail,1,3,Jan_W3,0.0015,105.0
Northern Pintail,1,4,Jan_W4,0.0071429,140.0
Northern Pintail,2,1,Feb_W1,0.0,123.0
Northern Pintail,2,2,Feb_W2,0.0,108.0
Northern Pintail,2,3,Feb_W3,0.0,118.0
Northern Pintail,2,4,Feb_W4,0.0,70.0
Northern Pintail,3,1,Mar_W1,0.0,105.0
Northern Pintail,3,2,Mar_W2,0.0,114.0
Northern Pintail,3,3,Mar_W3,0.0,142.0
Northern Pintail,3,4,Mar_W4,0.0,164.0
Northern Pintail,4,1,Apr_W1,0.0076628,261.0
Northern Pintail,4,2,Apr_W2,0.010989,364.0
Northern Pintail,4,3,Apr_W3,0.0116279,430.0
Northern Pintail,4,4,Apr_W4,0.0127479,706.0
Northern Pintail,5,1,May_W1,0.0046512,645.0
Northern Pintail,5,2,May_W2,0.003876,774.0
Northern Pintail,5,3,May_W3,0.0,765.0
Northern Pintail,5,4,May_W4,0.0015,1386.0
Northern Pintail,6,1,Jun_W1,0.0,855.0
Northern Pintail,6,2,Jun_W2,0.0,752.0
Northern Pintail,6,3,Jun_W3,0.0,625.0
Northern Pintail,6,4,Jun_W4,0.0,745.0
Northern Pintail,7,1,Jul_W1,0.0,695.0
Northern Pintail,7,2,Jul_W2,0.0,711.0
Northern Pintail,7,3,Jul_W3,0.0,569.0
Northern Pintail,7,4,Jul_W4,0.0,883.0
Northern Pintail,8,1,Aug_W1,0.0,607.0
Northern Pintail,8,2,Aug_W2,0.0,639.0
Northern Pintail,8,3,Aug_W3,0.0017065,586.0
Northern Pintail,8,4,Aug_W4,0.0047337,845.0
Northern Pintail,9,1,Sep_W1,0.0056818,528.0
Northern Pintail,9,2,Sep_W2,0.0045942,653.0
Northern Pintail,9,3,Sep_W3,0.0062696,638.0
Northern Pintail,9,4,Sep_W4,0.0066401,753.0
Northern Pintail,10,1,Oct_W1,0.0079365,630.0
Northern Pintail,10,2,Oct_W2,0.0121107,578.0
Northern Pintail,10,3,Oct_W3,0.0471311,488.0
Northern Pintail,10,4,Oct_W4,0.0284698,562.0
Northern Pintail,11,1,Nov_W1,0.0234987,383.0
Northern Pintail,11,2,Nov_W2,0.0151976,329.0
Northern Pintail,11,3,Nov_W3,0.003663,273.0
Northern Pintail,11,4,Nov_W4,0.0,270.0
Northern Pintail,12,1,Dec_W1,0.0063694,157.0
Northern Pintail,12,2,Dec_W2,0.0,166.0
Northern Pintail,12,3,Dec_W3,0.0,137.0
Northern Pintail,12,4,Dec_W4,0.0137931,145.0
Green-winged Teal,1,1,Jan_W1,0.0108108,185.0
Green-winged Teal,1,2,Jan_W2,0.0,88.0
Green-winged Teal,1,3,Jan_W3,0.0190476,105.0
Green-winged Teal,1,4,Jan_W4,0.0285714,140.0
Green-winged Teal,2,1,Feb_W1,0.0325203,123.0
Green-winged Teal,2,2,Feb_W2,0.0092593,108.0
Green-winged Teal,2,3,Feb_W3,0.0084746,118.0
Green-winged Teal,2,4,Feb_W4,0.0,70.0
Green-winged Teal,3,1,Mar_W1,0.0095238,105.0
Green-winged Teal,3,2,Mar_W2,0.0,114.0
Green-winged Teal,3,3,Mar_W3,0.0070423,142.0
Green-winged Teal,3,4,Mar_W4,0.0,164.0
Green-winged Teal,4,1,Apr_W1,0.0076628,261.0
Green-winged Teal,4,2,Apr_W2,0.0412088,364.0
Green-winged Teal,4,3,Apr_W3,0.0511628,430.0
Green-winged Teal,4,4,Apr_W4,0.1104816,706.0
Green-winged Teal,5,1,May_W1,0.0697674,645.0
Green-winged Teal,5,2,May_W2,0.0206718,774.0
Green-winged Teal,5,3,May_W3,0.0104575,765.0
Green-winged Teal,5,4,May_W4,0.0093795,1386.0
Green-winged Teal,6,1,Jun_W1,0.0116959,855.0
Green-winged Teal,6,2,Jun_W2,0.0172872,752.0
Green-winged Teal,6,3,Jun_W3,0.0096,625.0
Green-winged Teal,6,4,Jun_W4,0.0080537,745.0
Green-winged Teal,7,1,Jul_W1,0.0071942,695.0
Green-winged Teal,7,2,Jul_W2,0.0014065,711.0
Green-winged Teal,7,3,Jul_W3,0.0052724,569.0
Green-winged Teal,7,4,Jul_W4,0.006795,883.0
Green-winged Teal,8,1,Aug_W1,0.014827,607.0
Green-winged Teal,8,2,Aug_W2,0.0187793,639.0
Green-winged Teal,8,3,Aug_W3,0.0290102,586.0
Green-winged Teal,8,4,Aug_W4,0.0710059,845.0
Green-winged Teal,9,1,Sep_W1,0.032197,528.0
Green-winged Teal,9,2,Sep_W2,0.0382848,653.0
Green-winged Teal,9,3,Sep_W3,0.0485893,638.0
Green-winged Teal,9,4,Sep_W4,0.0292165,753.0
Green-winged Teal,10,1,Oct_W1,0.0380952,630.0
Green-winged Teal,10,2,Oct_W2,0.0311419,578.0
Green-winged Teal,10,3,Oct_W3,0.0553279,488.0
Green-winged Teal,10,4,Oct_W4,0.0622776,562.0
Green-winged Teal,11,1,Nov_W1,0.0261097,383.0
Green-winged Teal,11,2,Nov_W2,0.006079,329.0
Green-winged Teal,11,3,Nov_W3,0.0,273.0
Green-winged Teal,11,4,Nov_W4,0.0,270.0
Green-winged Teal,12,1,Dec_W1,0.0127389,157.0
Green-winged Teal,12,2,Dec_W2,0.0,166.0
Green-winged Teal,12,3,Dec_W3,0.0145985,137.0
Green-winged Teal,12,4,Dec_W4,0.0,145.0
Canvasback,1,1,Jan_W1,0.0,185.0
Canvasback,1,2,Jan_W2,0.0,88.0
Canvasback,1,3,Jan_W3,0.0,105.0
Canvasback,1,4,Jan_W4,0.0,140.0
Canvasback,2,1,Feb_W1,0.0,123.0
Canvasback,2,2,Feb_W2,0.0,108.0
Canvasback,2,3,Feb_W3,0.0,118.0
Canvasback,2,4,Feb_W4,0.0,70.0
Canvasback,3,1,Mar_W1,0.0,105.0
Canvasback,3,2,Mar_W2,0.0,114.0
Canvasback,3,3,Mar_W3,0.0,142.0
Canvasback,3,4,Mar_W4,0.0,164.0
Canvasback,4,1,Apr_W1,0.0,261.0
Canvasback,4,2,Apr_W2,0.0,364.0
Canvasback,4,3,Apr_W3,0.0015,430.0
Canvasback,4,4,Apr_W4,0.0056657,706.0
Canvasback,5,1,May_W1,0.0015,645.0
Canvasback,5,2,May_W2,0.0,774.0
Canvasback,5,3,May_W3,0.0,765.0
Canvasback,5,4,May_W4,0.0,1386.0
Canvasback,6,1,Jun_W1,0.0015,855.0
Canvasback,6,2,Jun_W2,0.0,752.0
Canvasback,6,3,Jun_W3,0.0,625.0
Canvasback,6,4,Jun_W4,0.0,745.0
Canvasback,7,1,Jul_W1,0.0015,695.0
Canvasback,7,2,Jul_W2,0.0015,711.0
Canvasback,7,3,Jul_W3,0.0015,569.0
Canvasback,7,4,Jul_W4,0.0,883.0
Canvasback,8,1,Aug_W1,0.0015,607.0
Canvasback,8,2,Aug_W2,0.0,639.0
Canvasback,8,3,Aug_W3,0.0,586.0
Canvasback,8,4,Aug_W4,0.0015,845.0
Canvasback,9,1,Sep_W1,0.0,528.0
Canvasback,9,2,Sep_W2,0.0,653.0
Canvasback,9,3,Sep_W3,0.0015674,638.0
Canvasback,9,4,Sep_W4,0.002656,753.0
Canvasback,10,1,Oct_W1,0.0,630.0
Canvasback,10,2,Oct_W2,0.0017301,578.0
Canvasback,10,3,Oct_W3,0.0,488.0
Canvasback,10,4,Oct_W4,0.0035587,562.0
Canvasback,11,1,Nov_W1,0.0052219,383.0
Canvasback,11,2,Nov_W2,0.0030395,329.0
Canvasback,11,3,Nov_W3,0.010989,273.0
Canvasback,11,4,Nov_W4,0.0074074,270.0
Canvasback,12,1,Dec_W1,0.0015,157.0
Canvasback,12,2,Dec_W2,0.0060241,166.0
Canvasback,12,3,Dec_W3,0.0072993,137.0
Canvasback,12,4,Dec_W4,0.0,145.0
Redhead,1,1,Jan_W1,0.0,185.0
Redhead,1,2,Jan_W2,0.0,88.0
Redhead,1,3,Jan_W3,0.0190476,105.0
Redhead,1,4,Jan_W4,0.0,140.0
Redhead,2,1,Feb_W1,0.0,123.0
Redhead,2,2,Feb_W2,0.0,108.0
Redhead,2,3,Feb_W3,0.0,118.0
Redhead,2,4,Feb_W4,0.0,70.0
Redhead,3,1,Mar_W1,0.0,105.0
Redhead,3,2,Mar_W2,0.0,114.0
Redhead,3,3,Mar_W3,0.0,142.0
Redhead,3,4,Mar_W4,0.0,164.0
Redhead,4,1,Apr_W1,0.0,261.0
Redhead,4,2,Apr_W2,0.0054945,364.0
Redhead,4,3,Apr_W3,0.0046512,430.0
Redhead,4,4,Apr_W4,0.0184136,706.0
Redhead,5,1,May_W1,0.020155,645.0
Redhead,5,2,May_W2,0.003876,774.0
Redhead,5,3,May_W3,0.0013072,765.0
Redhead,5,4,May_W4,0.0050505,1386.0
Redhead,6,1,Jun_W1,0.0023392,855.0
Redhead,6,2,Jun_W2,0.0039894,752.0
Redhead,6,3,Jun_W3,0.0016,625.0
Redhead,6,4,Jun_W4,0.0015,745.0
Redhead,7,1,Jul_W1,0.0,695.0
Redhead,7,2,Jul_W2,0.0,711.0
Redhead,7,3,Jul_W3,0.0017575,569.0
Redhead,7,4,Jul_W4,0.002265,883.0
Redhead,8,1,Aug_W1,0.0032949,607.0
Redhead,8,2,Aug_W2,0.0015,639.0
Redhead,8,3,Aug_W3,0.003413,586.0
Redhead,8,4,Aug_W4,0.0035503,845.0
Redhead,9,1,Sep_W1,0.0018939,528.0
Redhead,9,2,Sep_W2,0.0061256,653.0
Redhead,9,3,Sep_W3,0.0203762,638.0
Redhead,9,4,Sep_W4,0.0385126,753.0
Redhead,10,1,Oct_W1,0.0238095,630.0
Redhead,10,2,Oct_W2,0.0363322,578.0
Redhead,10,3,Oct_W3,0.0614754,488.0
Redhead,10,4,Oct_W4,0.0498221,562.0
Redhead,11,1,Nov_W1,0.0261097,383.0
Redhead,11,2,Nov_W2,0.0303951,329.0
Redhead,11,3,Nov_W3,0.018315,273.0
Redhead,11,4,Nov_W4,0.0037037,270.0
Redhead,12,1,Dec_W1,0.0,157.0
Redhead,12,2,Dec_W2,0.0180723,166.0
Redhead,12,3,Dec_W3,0.0072993,137.0
Redhead,12,4,Dec_W4,0.0137931,145.0
Ring-necked Duck,1,1,Jan_W1,0.0162162,185.0
Ring-necked Duck,1,2,Jan_W2,0.0,88.0
Ring-necked Duck,1,3,Jan_W3,0.0,105.0
Ring-necked Duck,1,4,Jan_W4,0.0,140.0
Ring-necked Duck,2,1,Feb_W1,0.0081301,123.0
Ring-necked Duck,2,2,Feb_W2,0.0,108.0
Ring-necked Duck,2,3,Feb_W3,0.0,118.0
Ring-necked Duck,2,4,Feb_W4,0.0,70.0
Ring-necked Duck,3,1,Mar_W1,0.0,105.0
Ring-necked Duck,3,2,Mar_W2,0.0,114.0
Ring-necked Duck,3,3,Mar_W3,0.0070423,142.0
Ring-necked Duck,3,4,Mar_W4,0.0243902,164.0
Ring-necked Duck,4,1,Apr_W1,0.0804598,261.0
Ring-necked Duck,4,2,Apr_W2,0.1428571,364.0
Ring-necked Duck,4,3,Apr_W3,0.1372093,430.0
Ring-necked Duck,4,4,Apr_W4,0.2096317,706.0
Ring-necked Duck,5,1,May_W1,0.1705426,645.0
Ring-necked Duck,5,2,May_W2,0.0645995,774.0
Ring-necked Duck,5,3,May_W3,0.0091503,765.0
Ring-necked Duck,5,4,May_W4,0.0036075,1386.0
Ring-necked Duck,6,1,Jun_W1,0.0011696,855.0
Ring-necked Duck,6,2,Jun_W2,0.0066489,752.0
Ring-necked Duck,6,3,Jun_W3,0.0096,625.0
Ring-necked Duck,6,4,Jun_W4,0.0040268,745.0
Ring-necked Duck,7,1,Jul_W1,0.0014388,695.0
Ring-necked Duck,7,2,Jul_W2,0.0,711.0
Ring-necked Duck,7,3,Jul_W3,0.0,569.0
Ring-necked Duck,7,4,Jul_W4,0.002265,883.0
Ring-necked Duck,8,1,Aug_W1,0.0015,607.0
Ring-necked Duck,8,2,Aug_W2,0.0,639.0
Ring-necked Duck,8,3,Aug_W3,0.003413,586.0
Ring-necked Duck,8,4,Aug_W4,0.0011834,845.0
Ring-necked Duck,9,1,Sep_W1,0.0075758,528.0
Ring-necked Duck,9,2,Sep_W2,0.0045942,653.0
Ring-necked Duck,9,3,Sep_W3,0.0031348,638.0
Ring-necked Duck,9,4,Sep_W4,0.0092961,753.0
Ring-necked Duck,10,1,Oct_W1,0.0095238,630.0
Ring-necked Duck,10,2,Oct_W2,0.0224913,578.0
Ring-necked Duck,10,3,Oct_W3,0.0307377,488.0
Ring-necked Duck,10,4,Oct_W4,0.0266904,562.0
Ring-necked Duck,11,1,Nov_W1,0.0078329,383.0
Ring-necked Duck,11,2,Nov_W2,0.006079,329.0
Ring-necked Duck,11,3,Nov_W3,0.010989,273.0
Ring-necked Duck,11,4,Nov_W4,0.0037037,270.0
Ring-necked Duck,12,1,Dec_W1,0.0015,157.0
Ring-necked Duck,12,2,Dec_W2,0.0,166.0
Ring-necked Duck,12,3,Dec_W3,0.0,137.0
Ring-necked Duck,12,4,Dec_W4,0.0206897,145.0
Greater Scaup,1,1,Jan_W1,0.0054054,185.0
Greater Scaup,1,2,Jan_W2,0.0015,88.0
Greater Scaup,1,3,Jan_W3,0.0015,105.0
Greater Scaup,1,4,Jan_W4,0.0,140.0
Greater Scaup,2,1,Feb_W1,0.0015,123.0
Greater Scaup,2,2,Feb_W2,0.0015,108.0
Greater Scaup,2,3,Feb_W3,0.0,118.0
Greater Scaup,2,4,Feb_W4,0.0,70.0
Greater Scaup,3,1,Mar_W1,0.0,105.0
Greater Scaup,3,2,Mar_W2,0.0,114.0
Greater Scaup,3,3,Mar_W3,0.0,142.0
Greater Scaup,3,4,Mar_W4,0.0,164.0
Greater Scaup,4,1,Apr_W1,0.0038314,261.0
Greater Scaup,4,2,Apr_W2,0.0027473,364.0
Greater Scaup,4,3,Apr_W3,0.0023256,430.0
Greater Scaup,4,4,Apr_W4,0.0155807,706.0
Greater Scaup,5,1,May_W1,0.0170543,645.0
Greater Scaup,5,2,May_W2,0.0129199,774.0
Greater Scaup,5,3,May_W3,0.0039216,765.0
Greater Scaup,5,4,May_W4,0.001443,1386.0
Greater Scaup,6,1,Jun_W1,0.0015,855.0
Greater Scaup,6,2,Jun_W2,0.0,752.0
Greater Scaup,6,3,Jun_W3,0.0,625.0
Greater Scaup,6,4,Jun_W4,0.0,745.0
Greater Scaup,7,1,Jul_W1,0.0,695.0
Greater Scaup,7,2,Jul_W2,0.0,711.0
Greater Scaup,7,3,Jul_W3,0.0,569.0
Greater Scaup,7,4,Jul_W4,0.0,883.0
Greater Scaup,8,1,Aug_W1,0.0,607.0
Greater Scaup,8,2,Aug_W2,0.0,639.0
Greater Scaup,8,3,Aug_W3,0.0,586.0
Greater Scaup,8,4,Aug_W4,0.0,845.0
Greater Scaup,9,1,Sep_W1,0.0,528.0
Greater Scaup,9,2,Sep_W2,0.0015314,653.0
Greater Scaup,9,3,Sep_W3,0.0015674,638.0
Greater Scaup,9,4,Sep_W4,0.0225764,753.0
Greater Scaup,10,1,Oct_W1,0.0047619,630.0
Greater Scaup,10,2,Oct_W2,0.0207612,578.0
Greater Scaup,10,3,Oct_W3,0.0471311,488.0
Greater Scaup,10,4,Oct_W4,0.0498221,562.0
Greater Scaup,11,1,Nov_W1,0.0287206,383.0
Greater Scaup,11,2,Nov_W2,0.0243161,329.0
Greater Scaup,11,3,Nov_W3,0.043956,273.0
Greater Scaup,11,4,Nov_W4,0.0333333,270.0
Greater Scaup,12,1,Dec_W1,0.0063694,157.0
Greater Scaup,12,2,Dec_W2,0.0240964,166.0
Greater Scaup,12,3,Dec_W3,0.0145985,137.0
Greater Scaup,12,4,Dec_W4,0.0206897,145.0
Lesser Scaup,1,1,Jan_W1,0.0432432,185.0
Lesser Scaup,1,2,Jan_W2,0.0,88.0
Lesser Scaup,1,3,Jan_W3,0.0,105.0
Lesser Scaup,1,4,Jan_W4,0.0142857,140.0
Lesser Scaup,2,1,Feb_W1,0.0015,123.0
Lesser Scaup,2,2,Feb_W2,0.0,108.0
Lesser Scaup,2,3,Feb_W3,0.0,118.0
Lesser Scaup,2,4,Feb_W4,0.0142857,70.0
Lesser Scaup,3,1,Mar_W1,0.0,105.0
Lesser Scaup,3,2,Mar_W2,0.0087719,114.0
Lesser Scaup,3,3,Mar_W3,0.0070423,142.0
Lesser Scaup,3,4,Mar_W4,0.0121951,164.0
Lesser Scaup,4,1,Apr_W1,0.0076628,261.0
Lesser Scaup,4,2,Apr_W2,0.032967,364.0
Lesser Scaup,4,3,Apr_W3,0.0348837,430.0
Lesser Scaup,4,4,Apr_W4,0.0424929,706.0
Lesser Scaup,5,1,May_W1,0.0527132,645.0
Lesser Scaup,5,2,May_W2,0.0245478,774.0
Lesser Scaup,5,3,May_W3,0.0117647,765.0
Lesser Scaup,5,4,May_W4,0.001443,1386.0
Lesser Scaup,6,1,Jun_W1,0.0015,855.0
Lesser Scaup,6,2,Jun_W2,0.0026596,752.0
Lesser Scaup,6,3,Jun_W3,0.0016,625.0
Lesser Scaup,6,4,Jun_W4,0.0,745.0
Lesser Scaup,7,1,Jul_W1,0.0,695.0
Lesser Scaup,7,2,Jul_W2,0.0015,711.0
Lesser Scaup,7,3,Jul_W3,0.0,569.0
Lesser Scaup,7,4,Jul_W4,0.0,883.0
Lesser Scaup,8,1,Aug_W1,0.0,607.0
Lesser Scaup,8,2,Aug_W2,0.0015,639.0
Lesser Scaup,8,3,Aug_W3,0.0,586.0
Lesser Scaup,8,4,Aug_W4,0.0011834,845.0
Lesser Scaup,9,1,Sep_W1,0.0018939,528.0
Lesser Scaup,9,2,Sep_W2,0.0015314,653.0
Lesser Scaup,9,3,Sep_W3,0.0047022,638.0
Lesser Scaup,9,4,Sep_W4,0.0066401,753.0
Lesser Scaup,10,1,Oct_W1,0.0095238,630.0
Lesser Scaup,10,2,Oct_W2,0.0311419,578.0
Lesser Scaup,10,3,Oct_W3,0.0491803,488.0
Lesser Scaup,10,4,Oct_W4,0.0302491,562.0
Lesser Scaup,11,1,Nov_W1,0.0234987,383.0
Lesser Scaup,11,2,Nov_W2,0.0091185,329.0
Lesser Scaup,11,3,Nov_W3,0.029304,273.0
Lesser Scaup,11,4,Nov_W4,0.0074074,270.0
Lesser Scaup,12,1,Dec_W1,0.0318471,157.0
Lesser Scaup,12,2,Dec_W2,0.0120482,166.0
Lesser Scaup,12,3,Dec_W3,0.0145985,137.0
Lesser Scaup,12,4,Dec_W4,0.0068966,145.0
King Eider,1,1,Jan_W1,0.0,185.0
King Eider,1,2,Jan_W2,0.0,88.0
King Eider,1,3,Jan_W3,0.0,105.0
King Eider,1,4,Jan_W4,0.0,140.0
King Eider,2,1,Feb_W1,0.0,123.0
King Eider,2,2,Feb_W2,0.0,108.0
King Eider,2,3,Feb_W3,0.0,118.0
King Eider,2,4,Feb_W4,0.0,70.0
King Eider,3,1,Mar_W1,0.0,105.0
King Eider,3,2,Mar_W2,0.0,114.0
King Eider,3,3,Mar_W3,0.0,142.0
King Eider,3,4,Mar_W4,0.0,164.0
King Eider,4,1,Apr_W1,0.0,261.0
King Eider,4,2,Apr_W2,0.0,364.0
King Eider,4,3,Apr_W3,0.0,430.0
King Eider,4,4,Apr_W4,0.0,706.0
King Eider,5,1,May_W1,0.0,645.0
King Eider,5,2,May_W2,0.0,774.0
King Eider,5,3,May_W3,0.0,765.0
King Eider,5,4,May_W4,0.0,1386.0
King Eider,6,1,Jun_W1,0.0,855.0
King Eider,6,2,Jun_W2,0.0,752.0
King Eider,6,3,Jun_W3,0.0,625.0
King Eider,6,4,Jun_W4,0.0,745.0
King Eider,7,1,Jul_W1,0.0,695.0
King Eider,7,2,Jul_W2,0.0,711.0
King Eider,7,3,Jul_W3,0.0,569.0
King Eider,7,4,Jul_W4,0.0,883.0
King Eider,8,1,Aug_W1,0.0,607.0
King Eider,8,2,Aug_W2,0.0,639.0
King Eider,8,3,Aug_W3,0.0,586.0
King Eider,8,4,Aug_W4,0.0,845.0
King Eider,9,1,Sep_W1,0.0,528.0
King Eider,9,2,Sep_W2,0.0,653.0
King Eider,9,3,Sep_W3,0.0,638.0
King Eider,9,4,Sep_W4,0.0,753.0
King Eider,10,1,Oct_W1,0.0,630.0
King Eider,10,2,Oct_W2,0.0,578.0
King Eider,10,3,Oct_W3,0.0,488.0
King Eider,10,4,Oct_W4,0.0,562.0
King Eider,11,1,Nov_W1,0.0,383.0
King Eider,11,2,Nov_W2,0.0,329.0
King Eider,11,3,Nov_W3,0.0,273.0
King Eider,11,4,Nov_W4,0.0,270.0
King Eider,12,1,Dec_W1,0.0,157.0
King Eider,12,2,Dec_W2,0.0015,166.0
King Eider,12,3,Dec_W3,0.0015,137.0
King Eider,12,4,Dec_W4,0.0,145.0
Common Eider,1,1,Jan_W1,0.0,185.0
Common Eider,1,2,Jan_W2,0.0,88.0
Common Eider,1,3,Jan_W3,0.0,105.0
Common Eider,1,4,Jan_W4,0.0,140.0
Common Eider,2,1,Feb_W1,0.0,123.0
Common Eider,2,2,Feb_W2,0.0,108.0
Common Eider,2,3,Feb_W3,0.0,118.0
Common Eider,2,4,Feb_W4,0.0,70.0
Common Eider,3,1,Mar_W1,0.0,105.0
Common Eider,3,2,Mar_W2,0.0,114.0
Common Eider,3,3,Mar_W3,0.0,142.0
Common Eider,3,4,Mar_W4,0.0,164.0
Common Eider,4,1,Apr_W1,0.0,261.0
Common Eider,4,2,Apr_W2,0.0,364.0
Common Eider,4,3,Apr_W3,0.0,430.0
Common Eider,4,4,Apr_W4,0.0,706.0
Common Eider,5,1,May_W1,0.0,645.0
Common Eider,5,2,May_W2,0.0,774.0
Common Eider,5,3,May_W3,0.0,765.0
Common Eider,5,4,May_W4,0.0,1386.0
Common Eider,6,1,Jun_W1,0.0,855.0
Common Eider,6,2,Jun_W2,0.0,752.0
Common Eider,6,3,Jun_W3,0.0,625.0
Common Eider,6,4,Jun_W4,0.0015,745.0
Common Eider,7,1,Jul_W1,0.0,695.0
Common Eider,7,2,Jul_W2,0.0,711.0
Common Eider,7,3,Jul_W3,0.0,569.0
Common Eider,7,4,Jul_W4,0.0,883.0
Common Eider,8,1,Aug_W1,0.0,607.0
Common Eider,8,2,Aug_W2,0.0,639.0
Common Eider,8,3,Aug_W3,0.0,586.0
Common Eider,8,4,Aug_W4,0.0,845.0
Common Eider,9,1,Sep_W1,0.0,528.0
Common Eider,9,2,Sep_W2,0.0,653.0
Common Eider,9,3,Sep_W3,0.0,638.0
Common Eider,9,4,Sep_W4,0.0,753.0
Common Eider,10,1,Oct_W1,0.0,630.0
Common Eider,10,2,Oct_W2,0.0,578.0
Common Eider,10,3,Oct_W3,0.0,488.0
Common Eider,10,4,Oct_W4,0.0,562.0
Common Eider,11,1,Nov_W1,0.0,383.0
Common Eider,11,2,Nov_W2,0.0,329.0
Common Eider,11,3,Nov_W3,0.0,273.0
Common Eider,11,4,Nov_W4,0.0,270.0
Common Eider,12,1,Dec_W1,0.0,157.0
Common Eider,12,2,Dec_W2,0.0,166.0
Common Eider,12,3,Dec_W3,0.0,137.0
Common Eider,12,4,Dec_W4,0.0,145.0
Harlequin Duck,1,1,Jan_W1,0.0,185.0
Harlequin Duck,1,2,Jan_W2,0.0,88.0
Harlequin Duck,1,3,Jan_W3,0.0,105.0
Harlequin Duck,1,4,Jan_W4,0.0,140.0
Harlequin Duck,2,1,Feb_W1,0.0,123.0
Harlequin Duck,2,2,Feb_W2,0.0,108.0
Harlequin Duck,2,3,Feb_W3,0.0,118.0
Harlequin Duck,2,4,Feb_W4,0.0,70.0
Harlequin Duck,3,1,Mar_W1,0.0,105.0
Harlequin Duck,3,2,Mar_W2,0.0,114.0
Harlequin Duck,3,3,Mar_W3,0.0,142.0
Harlequin Duck,3,4,Mar_W4,0.0,164.0
Harlequin Duck,4,1,Apr_W1,0.0,261.0
Harlequin Duck,4,2,Apr_W2,0.0,364.0
Harlequin Duck,4,3,Apr_W3,0.0,430.0
Harlequin Duck,4,4,Apr_W4,0.0,706.0
Harlequin Duck,5,1,May_W1,0.0,645.0
Harlequin Duck,5,2,May_W2,0.0,774.0
Harlequin Duck,5,3,May_W3,0.0,765.0
Harlequin Duck,5,4,May_W4,0.0,1386.0
Harlequin Duck,6,1,Jun_W1,0.0,855.0
Harlequin Duck,6,2,Jun_W2,0.0,752.0
Harlequin Duck,6,3,Jun_W3,0.0,625.0
Harlequin Duck,6,4,Jun_W4,0.0,745.0
Harlequin Duck,7,1,Jul_W1,0.0,695.0
Harlequin Duck,7,2,Jul_W2,0.0,711.0
Harlequin Duck,7,3,Jul_W3,0.0,569.0
Harlequin Duck,7,4,Jul_W4,0.0,883.0
Harlequin Duck,8,1,Aug_W1,0.0,607.0
Harlequin Duck,8,2,Aug_W2,0.0,639.0
Harlequin Duck,8,3,Aug_W3,0.0,586.0
Harlequin Duck,8,4,Aug_W4,0.0,845.0
Harlequin Duck,9,1,Sep_W1,0.0,528.0
Harlequin Duck,9,2,Sep_W2,0.0,653.0
Harlequin Duck,9,3,Sep_W3,0.0,638.0
Harlequin Duck,9,4,Sep_W4,0.0,753.0
Harlequin Duck,10,1,Oct_W1,0.0015,630.0
Harlequin Duck,10,2,Oct_W2,0.0,578.0
Harlequin Duck,10,3,Oct_W3,0.0015,488.0
Harlequin Duck,10,4,Oct_W4,0.0017794,562.0
Harlequin Duck,11,1,Nov_W1,0.0,383.0
Harlequin Duck,11,2,Nov_W2,0.0030395,329.0
Harlequin Duck,11,3,Nov_W3,0.0,273.0
Harlequin Duck,11,4,Nov_W4,0.0,270.0
Harlequin Duck,12,1,Dec_W1,0.0127389,157.0
Harlequin Duck,12,2,Dec_W2,0.0,166.0
Harlequin Duck,12,3,Dec_W3,0.0,137.0
Harlequin Duck,12,4,Dec_W4,0.0,145.0
Surf Scoter,1,1,Jan_W1,0.0015,185.0
Surf Scoter,1,2,Jan_W2,0.0,88.0
Surf Scoter,1,3,Jan_W3,0.0,105.0
Surf Scoter,1,4,Jan_W4,0.0,140.0
Surf Scoter,2,1,Feb_W1,0.0,123.0
Surf Scoter,2,2,Feb_W2,0.0,108.0
Surf Scoter,2,3,Feb_W3,0.0,118.0
Surf Scoter,2,4,Feb_W4,0.0,70.0
Surf Scoter,3,1,Mar_W1,0.0,105.0
Surf Scoter,3,2,Mar_W2,0.0,114.0
Surf Scoter,3,3,Mar_W3,0.0,142.0
Surf Scoter,3,4,Mar_W4,0.0,164.0
Surf Scoter,4,1,Apr_W1,0.0,261.0
Surf Scoter,4,2,Apr_W2,0.0,364.0
Surf Scoter,4,3,Apr_W3,0.0,430.0
Surf Scoter,4,4,Apr_W4,0.0014164,706.0
Surf Scoter,5,1,May_W1,0.0,645.0
Surf Scoter,5,2,May_W2,0.0015,774.0
Surf Scoter,5,3,May_W3,0.0,765.0
Surf Scoter,5,4,May_W4,0.0007215,1386.0
Surf Scoter,6,1,Jun_W1,0.0,855.0
Surf Scoter,6,2,Jun_W2,0.0013298,752.0
Surf Scoter,6,3,Jun_W3,0.0,625.0
Surf Scoter,6,4,Jun_W4,0.0,745.0
Surf Scoter,7,1,Jul_W1,0.0,695.0
Surf Scoter,7,2,Jul_W2,0.0,711.0
Surf Scoter,7,3,Jul_W3,0.0,569.0
Surf Scoter,7,4,Jul_W4,0.0,883.0
Surf Scoter,8,1,Aug_W1,0.0,607.0
Surf Scoter,8,2,Aug_W2,0.0,639.0
Surf Scoter,8,3,Aug_W3,0.0,586.0
Surf Scoter,8,4,Aug_W4,0.0,845.0
Surf Scoter,9,1,Sep_W1,0.0,528.0
Surf Scoter,9,2,Sep_W2,0.0,653.0
Surf Scoter,9,3,Sep_W3,0.0015,638.0
Surf Scoter,9,4,Sep_W4,0.002656,753.0
Surf Scoter,10,1,Oct_W1,0.0222222,630.0
Surf Scoter,10,2,Oct_W2,0.0207612,578.0
Surf Scoter,10,3,Oct_W3,0.0471311,488.0
Surf Scoter,10,4,Oct_W4,0.0373665,562.0
Surf Scoter,11,1,Nov_W1,0.0287206,383.0
Surf Scoter,11,2,Nov_W2,0.0212766,329.0
Surf Scoter,11,3,Nov_W3,0.018315,273.0
Surf Scoter,11,4,Nov_W4,0.0015,270.0
Surf Scoter,12,1,Dec_W1,0.0,157.0
Surf Scoter,12,2,Dec_W2,0.0,166.0
Surf Scoter,12,3,Dec_W3,0.0,137.0
Surf Scoter,12,4,Dec_W4,0.0,145.0
White-winged Scoter,1,1,Jan_W1,0.0162162,185.0
White-winged Scoter,1,2,Jan_W2,0.0113636,88.0
White-winged Scoter,1,3,Jan_W3,0.0,105.0
White-winged Scoter,1,4,Jan_W4,0.0071429,140.0
White-winged Scoter,2,1,Feb_W1,0.0081301,123.0
White-winged Scoter,2,2,Feb_W2,0.0,108.0
White-winged Scoter,2,3,Feb_W3,0.0084746,118.0
White-winged Scoter,2,4,Feb_W4,0.0,70.0
White-winged Scoter,3,1,Mar_W1,0.0095238,105.0
White-winged Scoter,3,2,Mar_W2,0.0175439,114.0
White-winged Scoter,3,3,Mar_W3,0.028169,142.0
White-winged Scoter,3,4,Mar_W4,0.0182927,164.0
White-winged Scoter,4,1,Apr_W1,0.0,261.0
White-winged Scoter,4,2,Apr_W2,0.0,364.0
White-winged Scoter,4,3,Apr_W3,0.0,430.0
White-winged Scoter,4,4,Apr_W4,0.0042493,706.0
White-winged Scoter,5,1,May_W1,0.0031008,645.0
White-winged Scoter,5,2,May_W2,0.001292,774.0
White-winged Scoter,5,3,May_W3,0.0,765.0
White-winged Scoter,5,4,May_W4,0.001443,1386.0
White-winged Scoter,6,1,Jun_W1,0.0011696,855.0
White-winged Scoter,6,2,Jun_W2,0.0,752.0
White-winged Scoter,6,3,Jun_W3,0.0,625.0
White-winged Scoter,6,4,Jun_W4,0.0015,745.0
White-winged Scoter,7,1,Jul_W1,0.0,695.0
White-winged Scoter,7,2,Jul_W2,0.0015,711.0
White-winged Scoter,7,3,Jul_W3,0.0,569.0
White-winged Scoter,7,4,Jul_W4,0.0,883.0
White-winged Scoter,8,1,Aug_W1,0.0,607.0
White-winged Scoter,8,2,Aug_W2,0.0,639.0
White-winged Scoter,8,3,Aug_W3,0.0,586.0
White-winged Scoter,8,4,Aug_W4,0.0011834,845.0
White-winged Scoter,9,1,Sep_W1,0.0,528.0
White-winged Scoter,9,2,Sep_W2,0.0030628,653.0
White-winged Scoter,9,3,Sep_W3,0.0015,638.0
White-winged Scoter,9,4,Sep_W4,0.0066401,753.0
White-winged Scoter,10,1,Oct_W1,0.0079365,630.0
White-winged Scoter,10,2,Oct_W2,0.0294118,578.0
White-winged Scoter,10,3,Oct_W3,0.0594262,488.0
White-winged Scoter,10,4,Oct_W4,0.044484,562.0
White-winged Scoter,11,1,Nov_W1,0.0182768,383.0
White-winged Scoter,11,2,Nov_W2,0.0182371,329.0
White-winged Scoter,11,3,Nov_W3,0.0695971,273.0
White-winged Scoter,11,4,Nov_W4,0.0296296,270.0
White-winged Scoter,12,1,Dec_W1,0.0063694,157.0
White-winged Scoter,12,2,Dec_W2,0.0120482,166.0
White-winged Scoter,12,3,Dec_W3,0.0072993,137.0
White-winged Scoter,12,4,Dec_W4,0.0068966,145.0
Black Scoter,1,1,Jan_W1,0.0,185.0
Black Scoter,1,2,Jan_W2,0.0,88.0
Black Scoter,1,3,Jan_W3,0.0,105.0
Black Scoter,1,4,Jan_W4,0.0,140.0
Black Scoter,2,1,Feb_W1,0.0,123.0
Black Scoter,2,2,Feb_W2,0.0,108.0
Black Scoter,2,3,Feb_W3,0.0,118.0
Black Scoter,2,4,Feb_W4,0.0,70.0
Black Scoter,3,1,Mar_W1,0.0,105.0
Black Scoter,3,2,Mar_W2,0.0,114.0
Black Scoter,3,3,Mar_W3,0.0,142.0
Black Scoter,3,4,Mar_W4,0.0,164.0
Black Scoter,4,1,Apr_W1,0.0,261.0
Black Scoter,4,2,Apr_W2,0.0027473,364.0
Black Scoter,4,3,Apr_W3,0.0023256,430.0
Black Scoter,4,4,Apr_W4,0.0,706.0
Black Scoter,5,1,May_W1,0.0,645.0
Black Scoter,5,2,May_W2,0.0,774.0
Black Scoter,5,3,May_W3,0.0,765.0
Black Scoter,5,4,May_W4,0.0,1386.0
Black Scoter,6,1,Jun_W1,0.0,855.0
Black Scoter,6,2,Jun_W2,0.0,752.0
Black Scoter,6,3,Jun_W3,0.0,625.0
Black Scoter,6,4,Jun_W4,0.0,745.0
Black Scoter,7,1,Jul_W1,0.0,695.0
Black Scoter,7,2,Jul_W2,0.0,711.0
Black Scoter,7,3,Jul_W3,0.0,569.0
Black Scoter,7,4,Jul_W4,0.0,883.0
Black Scoter,8,1,Aug_W1,0.0,607.0
Black Scoter,8,2,Aug_W2,0.0,639.0
Black Scoter,8,3,Aug_W3,0.0,586.0
Black Scoter,8,4,Aug_W4,0.0,845.0
Black Scoter,9,1,Sep_W1,0.0,528.0
Black Scoter,9,2,Sep_W2,0.0,653.0
Black Scoter,9,3,Sep_W3,0.0,638.0
Black Scoter,9,4,Sep_W4,0.0,753.0
Black Scoter,10,1,Oct_W1,0.0015,630.0
Black Scoter,10,2,Oct_W2,0.0086505,578.0
Black Scoter,10,3,Oct_W3,0.0368852,488.0
Black Scoter,10,4,Oct_W4,0.0391459,562.0
Black Scoter,11,1,Nov_W1,0.0130548,383.0
Black Scoter,11,2,Nov_W2,0.0212766,329.0
Black Scoter,11,3,Nov_W3,0.018315,273.0
Black Scoter,11,4,Nov_W4,0.0111111,270.0
Black Scoter,12,1,Dec_W1,0.0063694,157.0
Black Scoter,12,2,Dec_W2,0.0060241,166.0
Black Scoter,12,3,Dec_W3,0.0072993,137.0
Black Scoter,12,4,Dec_W4,0.0,145.0
Long-tailed Duck,1,1,Jan_W1,0.1027027,185.0
Long-tailed Duck,1,2,Jan_W2,0.0454545,88.0
Long-tailed Duck,1,3,Jan_W3,0.0571429,105.0
Long-tailed Duck,1,4,Jan_W4,0.05,140.0
Long-tailed Duck,2,1,Feb_W1,0.0162602,123.0
Long-tailed Duck,2,2,Feb_W2,0.0,108.0
Long-tailed Duck,2,3,Feb_W3,0.0084746,118.0
Long-tailed Duck,2,4,Feb_W4,0.0142857,70.0
Long-tailed Duck,3,1,Mar_W1,0.0095238,105.0
Long-tailed Duck,3,2,Mar_W2,0.0087719,114.0
Long-tailed Duck,3,3,Mar_W3,0.0,142.0
Long-tailed Duck,3,4,Mar_W4,0.0121951,164.0
Long-tailed Duck,4,1,Apr_W1,0.0015,261.0
Long-tailed Duck,4,2,Apr_W2,0.0,364.0
Long-tailed Duck,4,3,Apr_W3,0.0023256,430.0
Long-tailed Duck,4,4,Apr_W4,0.0084986,706.0
Long-tailed Duck,5,1,May_W1,0.0015504,645.0
Long-tailed Duck,5,2,May_W2,0.001292,774.0
Long-tailed Duck,5,3,May_W3,0.0026144,765.0
Long-tailed Duck,5,4,May_W4,0.004329,1386.0
Long-tailed Duck,6,1,Jun_W1,0.0011696,855.0
Long-tailed Duck,6,2,Jun_W2,0.0015,752.0
Long-tailed Duck,6,3,Jun_W3,0.0,625.0
Long-tailed Duck,6,4,Jun_W4,0.0015,745.0
Long-tailed Duck,7,1,Jul_W1,0.0,695.0
Long-tailed Duck,7,2,Jul_W2,0.0,711.0
Long-tailed Duck,7,3,Jul_W3,0.0,569.0
Long-tailed Duck,7,4,Jul_W4,0.0,883.0
Long-tailed Duck,8,1,Aug_W1,0.0,607.0
Long-tailed Duck,8,2,Aug_W2,0.0,639.0
Long-tailed Duck,8,3,Aug_W3,0.0,586.0
Long-tailed Duck,8,4,Aug_W4,0.0011834,845.0
Long-tailed Duck,9,1,Sep_W1,0.0,528.0
Long-tailed Duck,9,2,Sep_W2,0.0015,653.0
Long-tailed Duck,9,3,Sep_W3,0.0031348,638.0
Long-tailed Duck,9,4,Sep_W4,0.0015,753.0
Long-tailed Duck,10,1,Oct_W1,0.0063492,630.0
Long-tailed Duck,10,2,Oct_W2,0.017301,578.0
Long-tailed Duck,10,3,Oct_W3,0.0553279,488.0
Long-tailed Duck,10,4,Oct_W4,0.1049822,562.0
Long-tailed Duck,11,1,Nov_W1,0.0861619,383.0
Long-tailed Duck,11,2,Nov_W2,0.1276596,329.0
Long-tailed Duck,11,3,Nov_W3,0.1904762,273.0
Long-tailed Duck,11,4,Nov_W4,0.1259259,270.0
Long-tailed Duck,12,1,Dec_W1,0.1210191,157.0
Long-tailed Duck,12,2,Dec_W2,0.1024096,166.0
Long-tailed Duck,12,3,Dec_W3,0.0729927,137.0
Long-tailed Duck,12,4,Dec_W4,0.1034483,145.0
Bufflehead,1,1,Jan_W1,0.0054054,185.0
Bufflehead,1,2,Jan_W2,0.0,88.0
Bufflehead,1,3,Jan_W3,0.0015,105.0
Bufflehead,1,4,Jan_W4,0.0015,140.0
Bufflehead,2,1,Feb_W1,0.0015,123.0
Bufflehead,2,2,Feb_W2,0.0,108.0
Bufflehead,2,3,Feb_W3,0.0084746,118.0
Bufflehead,2,4,Feb_W4,0.0,70.0
Bufflehead,3,1,Mar_W1,0.0,105.0
Bufflehead,3,2,Mar_W2,0.0087719,114.0
Bufflehead,3,3,Mar_W3,0.0070423,142.0
Bufflehead,3,4,Mar_W4,0.0304878,164.0
Bufflehead,4,1,Apr_W1,0.137931,261.0
Bufflehead,4,2,Apr_W2,0.217033,364.0
Bufflehead,4,3,Apr_W3,0.2488372,430.0
Bufflehead,4,4,Apr_W4,0.3654391,706.0
Bufflehead,5,1,May_W1,0.3023256,645.0
Bufflehead,5,2,May_W2,0.1860465,774.0
Bufflehead,5,3,May_W3,0.0614379,765.0
Bufflehead,5,4,May_W4,0.010101,1386.0
Bufflehead,6,1,Jun_W1,0.0035088,855.0
Bufflehead,6,2,Jun_W2,0.0013298,752.0
Bufflehead,6,3,Jun_W3,0.0032,625.0
Bufflehead,6,4,Jun_W4,0.0013423,745.0
Bufflehead,7,1,Jul_W1,0.0,695.0
Bufflehead,7,2,Jul_W2,0.0028129,711.0
Bufflehead,7,3,Jul_W3,0.0,569.0
Bufflehead,7,4,Jul_W4,0.0033975,883.0
Bufflehead,8,1,Aug_W1,0.0016474,607.0
Bufflehead,8,2,Aug_W2,0.0,639.0
Bufflehead,8,3,Aug_W3,0.0,586.0
Bufflehead,8,4,Aug_W4,0.0035503,845.0
Bufflehead,9,1,Sep_W1,0.0037879,528.0
Bufflehead,9,2,Sep_W2,0.0045942,653.0
Bufflehead,9,3,Sep_W3,0.0015,638.0
Bufflehead,9,4,Sep_W4,0.0,753.0
Bufflehead,10,1,Oct_W1,0.0031746,630.0
Bufflehead,10,2,Oct_W2,0.0086505,578.0
Bufflehead,10,3,Oct_W3,0.0717213,488.0
Bufflehead,10,4,Oct_W4,0.1263345,562.0
Bufflehead,11,1,Nov_W1,0.1592689,383.0
Bufflehead,11,2,Nov_W2,0.1276596,329.0
Bufflehead,11,3,Nov_W3,0.1611722,273.0
Bufflehead,11,4,Nov_W4,0.1259259,270.0
Bufflehead,12,1,Dec_W1,0.089172,157.0
Bufflehead,12,2,Dec_W2,0.0481928,166.0
Bufflehead,12,3,Dec_W3,0.0510949,137.0
Bufflehead,12,4,Dec_W4,0.0275862,145.0
Common Goldeneye,1,1,Jan_W1,0.2054054,185.0
Common Goldeneye,1,2,Jan_W2,0.0681818,88.0
Common Goldeneye,1,3,Jan_W3,0.0952381,105.0
Common Goldeneye,1,4,Jan_W4,0.1071429,140.0
Common Goldeneye,2,1,Feb_W1,0.1382114,123.0
Common Goldeneye,2,2,Feb_W2,0.0740741,108.0
Common Goldeneye,2,3,Feb_W3,0.0762712,118.0
Common Goldeneye,2,4,Feb_W4,0.1285714,70.0
Common Goldeneye,3,1,Mar_W1,0.1428571,105.0
Common Goldeneye,3,2,Mar_W2,0.2280702,114.0
Common Goldeneye,3,3,Mar_W3,0.1971831,142.0
Common Goldeneye,3,4,Mar_W4,0.2195122,164.0
Common Goldeneye,4,1,Apr_W1,0.1724138,261.0
Common Goldeneye,4,2,Apr_W2,0.1153846,364.0
Common Goldeneye,4,3,Apr_W3,0.1186047,430.0
Common Goldeneye,4,4,Apr_W4,0.1048159,706.0
Common Goldeneye,5,1,May_W1,0.0542636,645.0
Common Goldeneye,5,2,May_W2,0.0322997,774.0
Common Goldeneye,5,3,May_W3,0.0169935,765.0
Common Goldeneye,5,4,May_W4,0.0151515,1386.0
Common Goldeneye,6,1,Jun_W1,0.0105263,855.0
Common Goldeneye,6,2,Jun_W2,0.0079787,752.0
Common Goldeneye,6,3,Jun_W3,0.008,625.0
Common Goldeneye,6,4,Jun_W4,0.0053691,745.0
Common Goldeneye,7,1,Jul_W1,0.0014388,695.0
Common Goldeneye,7,2,Jul_W2,0.0042194,711.0
Common Goldeneye,7,3,Jul_W3,0.0123023,569.0
Common Goldeneye,7,4,Jul_W4,0.0079275,883.0
Common Goldeneye,8,1,Aug_W1,0.0032949,607.0
Common Goldeneye,8,2,Aug_W2,0.0046948,639.0
Common Goldeneye,8,3,Aug_W3,0.0085324,586.0
Common Goldeneye,8,4,Aug_W4,0.0071006,845.0
Common Goldeneye,9,1,Sep_W1,0.0094697,528.0
Common Goldeneye,9,2,Sep_W2,0.0045942,653.0
Common Goldeneye,9,3,Sep_W3,0.0125392,638.0
Common Goldeneye,9,4,Sep_W4,0.0172643,753.0
Common Goldeneye,10,1,Oct_W1,0.0063492,630.0
Common Goldeneye,10,2,Oct_W2,0.017301,578.0
Common Goldeneye,10,3,Oct_W3,0.0307377,488.0
Common Goldeneye,10,4,Oct_W4,0.0765125,562.0
Common Goldeneye,11,1,Nov_W1,0.1018277,383.0
Common Goldeneye,11,2,Nov_W2,0.0942249,329.0
Common Goldeneye,11,3,Nov_W3,0.1501832,273.0
Common Goldeneye,11,4,Nov_W4,0.1481481,270.0
Common Goldeneye,12,1,Dec_W1,0.1401274,157.0
Common Goldeneye,12,2,Dec_W2,0.1325301,166.0
Common Goldeneye,12,3,Dec_W3,0.0729927,137.0
Common Goldeneye,12,4,Dec_W4,0.1517241,145.0
Hooded Merganser,1,1,Jan_W1,0.0486486,185.0
Hooded Merganser,1,2,Jan_W2,0.0113636,88.0
Hooded Merganser,1,3,Jan_W3,0.0285714,105.0
Hooded Merganser,1,4,Jan_W4,0.0015,140.0
Hooded Merganser,2,1,Feb_W1,0.0162602,123.0
Hooded Merganser,2,2,Feb_W2,0.0,108.0
Hooded Merganser,2,3,Feb_W3,0.0084746,118.0
Hooded Merganser,2,4,Feb_W4,0.0285714,70.0
Hooded Merganser,3,1,Mar_W1,0.0190476,105.0
Hooded Merganser,3,2,Mar_W2,0.0701754,114.0
Hooded Merganser,3,3,Mar_W3,0.0633803,142.0
Hooded Merganser,3,4,Mar_W4,0.0670732,164.0
Hooded Merganser,4,1,Apr_W1,0.1340996,261.0
Hooded Merganser,4,2,Apr_W2,0.1153846,364.0
Hooded Merganser,4,3,Apr_W3,0.1162791,430.0
Hooded Merganser,4,4,Apr_W4,0.1189802,706.0
Hooded Merganser,5,1,May_W1,0.0821705,645.0
Hooded Merganser,5,2,May_W2,0.0452196,774.0
Hooded Merganser,5,3,May_W3,0.0235294,765.0
Hooded Merganser,5,4,May_W4,0.0209235,1386.0
Hooded Merganser,6,1,Jun_W1,0.0210526,855.0
Hooded Merganser,6,2,Jun_W2,0.0265957,752.0
Hooded Merganser,6,3,Jun_W3,0.024,625.0
Hooded Merganser,6,4,Jun_W4,0.0322148,745.0
Hooded Merganser,7,1,Jul_W1,0.0201439,695.0
Hooded Merganser,7,2,Jul_W2,0.0309423,711.0
Hooded Merganser,7,3,Jul_W3,0.0404218,569.0
Hooded Merganser,7,4,Jul_W4,0.0532276,883.0
Hooded Merganser,8,1,Aug_W1,0.0609555,607.0
Hooded Merganser,8,2,Aug_W2,0.0516432,639.0
Hooded Merganser,8,3,Aug_W3,0.0716724,586.0
Hooded Merganser,8,4,Aug_W4,0.0828402,845.0
Hooded Merganser,9,1,Sep_W1,0.0530303,528.0
Hooded Merganser,9,2,Sep_W2,0.0643185,653.0
Hooded Merganser,9,3,Sep_W3,0.0564263,638.0
Hooded Merganser,9,4,Sep_W4,0.0491368,753.0
Hooded Merganser,10,1,Oct_W1,0.0492063,630.0
Hooded Merganser,10,2,Oct_W2,0.0311419,578.0
Hooded Merganser,10,3,Oct_W3,0.0594262,488.0
Hooded Merganser,10,4,Oct_W4,0.094306,562.0
Hooded Merganser,11,1,Nov_W1,0.1044386,383.0
Hooded Merganser,11,2,Nov_W2,0.0911854,329.0
Hooded Merganser,11,3,Nov_W3,0.0879121,273.0
Hooded Merganser,11,4,Nov_W4,0.0703704,270.0
Hooded Merganser,12,1,Dec_W1,0.0254777,157.0
Hooded Merganser,12,2,Dec_W2,0.0361446,166.0
Hooded Merganser,12,3,Dec_W3,0.0656934,137.0
Hooded Merganser,12,4,Dec_W4,0.0206897,145.0
Common Merganser,1,1,Jan_W1,0.0702703,185.0
Common Merganser,1,2,Jan_W2,0.0454545,88.0
Common Merganser,1,3,Jan_W3,0.0380952,105.0
Common Merganser,1,4,Jan_W4,0.0071429,140.0
Common Merganser,2,1,Feb_W1,0.0081301,123.0
Common Merganser,2,2,Feb_W2,0.0015,108.0
Common Merganser,2,3,Feb_W3,0.0338983,118.0
Common Merganser,2,4,Feb_W4,0.0428571,70.0
Common Merganser,3,1,Mar_W1,0.0285714,105.0
Common Merganser,3,2,Mar_W2,0.0964912,114.0
Common Merganser,3,3,Mar_W3,0.0915493,142.0
Common Merganser,3,4,Mar_W4,0.1463415,164.0
Common Merganser,4,1,Apr_W1,0.1609195,261.0
Common Merganser,4,2,Apr_W2,0.1291209,364.0
Common Merganser,4,3,Apr_W3,0.1348837,430.0
Common Merganser,4,4,Apr_W4,0.1954674,706.0
Common Merganser,5,1,May_W1,0.1658915,645.0
Common Merganser,5,2,May_W2,0.1731266,774.0
Common Merganser,5,3,May_W3,0.1385621,765.0
Common Merganser,5,4,May_W4,0.1240981,1386.0
Common Merganser,6,1,Jun_W1,0.1017544,855.0
Common Merganser,6,2,Jun_W2,0.0957447,752.0
Common Merganser,6,3,Jun_W3,0.0944,625.0
Common Merganser,6,4,Jun_W4,0.0926174,745.0
Common Merganser,7,1,Jul_W1,0.0848921,695.0
Common Merganser,7,2,Jul_W2,0.0998594,711.0
Common Merganser,7,3,Jul_W3,0.0702988,569.0
Common Merganser,7,4,Jul_W4,0.0758777,883.0
Common Merganser,8,1,Aug_W1,0.062603,607.0
Common Merganser,8,2,Aug_W2,0.0641628,639.0
Common Merganser,8,3,Aug_W3,0.059727,586.0
Common Merganser,8,4,Aug_W4,0.1029586,845.0
Common Merganser,9,1,Sep_W1,0.1382576,528.0
Common Merganser,9,2,Sep_W2,0.1316998,653.0
Common Merganser,9,3,Sep_W3,0.1739812,638.0
Common Merganser,9,4,Sep_W4,0.12749,753.0
Common Merganser,10,1,Oct_W1,0.1126984,630.0
Common Merganser,10,2,Oct_W2,0.083045,578.0
Common Merganser,10,3,Oct_W3,0.0840164,488.0
Common Merganser,10,4,Oct_W4,0.0711744,562.0
Common Merganser,11,1,Nov_W1,0.0365535,383.0
Common Merganser,11,2,Nov_W2,0.0486322,329.0
Common Merganser,11,3,Nov_W3,0.0622711,273.0
Common Merganser,11,4,Nov_W4,0.0777778,270.0
Common Merganser,12,1,Dec_W1,0.0318471,157.0
Common Merganser,12,2,Dec_W2,0.060241,166.0
Common Merganser,12,3,Dec_W3,0.0437956,137.0
Common Merganser,12,4,Dec_W4,0.1034483,145.0
Red-breasted Merganser,1,1,Jan_W1,0.1081081,185.0
Red-breasted Merganser,1,2,Jan_W2,0.0568182,88.0
Red-breasted Merganser,1,3,Jan_W3,0.0666667,105.0
Red-breasted Merganser,1,4,Jan_W4,0.0357143,140.0
Red-breasted Merganser,2,1,Feb_W1,0.0243902,123.0
Red-breasted Merganser,2,2,Feb_W2,0.0092593,108.0
Red-breasted Merganser,2,3,Feb_W3,0.0084746,118.0
Red-breasted Merganser,2,4,Feb_W4,0.0428571,70.0
Red-breasted Merganser,3,1,Mar_W1,0.0190476,105.0
Red-breasted Merganser,3,2,Mar_W2,0.0263158,114.0
Red-breasted Merganser,3,3,Mar_W3,0.028169,142.0
Red-breasted Merganser,3,4,Mar_W4,0.0121951,164.0
Red-breasted Merganser,4,1,Apr_W1,0.0076628,261.0
Red-breasted Merganser,4,2,Apr_W2,0.0302198,364.0
Red-breasted Merganser,4,3,Apr_W3,0.0209302,430.0
Red-breasted Merganser,4,4,Apr_W4,0.0481586,706.0
Red-breasted Merganser,5,1,May_W1,0.0449612,645.0
Red-breasted Merganser,5,2,May_W2,0.0490956,774.0
Red-breasted Merganser,5,3,May_W3,0.0496732,765.0
Red-breasted Merganser,5,4,May_W4,0.037518,1386.0
Red-breasted Merganser,6,1,Jun_W1,0.0292398,855.0
Red-breasted Merganser,6,2,Jun_W2,0.0212766,752.0
Red-breasted Merganser,6,3,Jun_W3,0.0272,625.0
Red-breasted Merganser,6,4,Jun_W4,0.0241611,745.0
Red-breasted Merganser,7,1,Jul_W1,0.0158273,695.0
Red-breasted Merganser,7,2,Jul_W2,0.0126582,711.0
Red-breasted Merganser,7,3,Jul_W3,0.0140598,569.0
Red-breasted Merganser,7,4,Jul_W4,0.011325,883.0
Red-breasted Merganser,8,1,Aug_W1,0.0065898,607.0
Red-breasted Merganser,8,2,Aug_W2,0.0187793,639.0
Red-breasted Merganser,8,3,Aug_W3,0.0153584,586.0
Red-breasted Merganser,8,4,Aug_W4,0.0130178,845.0
Red-breasted Merganser,9,1,Sep_W1,0.0151515,528.0
Red-breasted Merganser,9,2,Sep_W2,0.0183767,653.0
Red-breasted Merganser,9,3,Sep_W3,0.0094044,638.0
Red-breasted Merganser,9,4,Sep_W4,0.0199203,753.0
Red-breasted Merganser,10,1,Oct_W1,0.0238095,630.0
Red-breasted Merganser,10,2,Oct_W2,0.0726644,578.0
Red-breasted Merganser,10,3,Oct_W3,0.1147541,488.0
Red-breasted Merganser,10,4,Oct_W4,0.1174377,562.0
Red-breasted Merganser,11,1,Nov_W1,0.1122715,383.0
Red-breasted Merganser,11,2,Nov_W2,0.1215805,329.0
Red-breasted Merganser,11,3,Nov_W3,0.1245421,273.0
Red-breasted Merganser,11,4,Nov_W4,0.1037037,270.0
Red-breasted Merganser,12,1,Dec_W1,0.0636943,157.0
Red-breasted Merganser,12,2,Dec_W2,0.0722892,166.0
Red-breasted Merganser,12,3,Dec_W3,0.0729927,137.0
Red-breasted Merganser,12,4,Dec_W4,0.0758621,145.0
Ruddy Duck,1,1,Jan_W1,0.0054054,185.0
Ruddy Duck,1,2,Jan_W2,0.0,88.0
Ruddy Duck,1,3,Jan_W3,0.0,105.0
Ruddy Duck,1,4,Jan_W4,0.0,140.0
Ruddy Duck,2,1,Feb_W1,0.0,123.0
Ruddy Duck,2,2,Feb_W2,0.0,108.0
Ruddy Duck,2,3,Feb_W3,0.0,118.0
Ruddy Duck,2,4,Feb_W4,0.0,70.0
Ruddy Duck,3,1,Mar_W1,0.0,105.0
Ruddy Duck,3,2,Mar_W2,0.0,114.0
Ruddy Duck,3,3,Mar_W3,0.0,142.0
Ruddy Duck,3,4,Mar_W4,0.0,164.0
Ruddy Duck,4,1,Apr_W1,0.0,261.0
Ruddy Duck,4,2,Apr_W2,0.0,364.0
Ruddy Duck,4,3,Apr_W3,0.0023256,430.0
Ruddy Duck,4,4,Apr_W4,0.0014164,706.0
Ruddy Duck,5,1,May_W1,0.0,645.0
Ruddy Duck,5,2,May_W2,0.002584,774.0
Ruddy Duck,5,3,May_W3,0.0026144,765.0
Ruddy Duck,5,4,May_W4,0.0015,1386.0
Ruddy Duck,6,1,Jun_W1,0.0,855.0
Ruddy Duck,6,2,Jun_W2,0.0039894,752.0
Ruddy Duck,6,3,Jun_W3,0.0015,625.0
Ruddy Duck,6,4,Jun_W4,0.0,745.0
Ruddy Duck,7,1,Jul_W1,0.0,695.0
Ruddy Duck,7,2,Jul_W2,0.0,711.0
Ruddy Duck,7,3,Jul_W3,0.0,569.0
Ruddy Duck,7,4,Jul_W4,0.0,883.0
Ruddy Duck,8,1,Aug_W1,0.0,607.0
Ruddy Duck,8,2,Aug_W2,0.0,639.0
Ruddy Duck,8,3,Aug_W3,0.0,586.0
Ruddy Duck,8,4,Aug_W4,0.0,845.0
Ruddy Duck,9,1,Sep_W1,0.0,528.0
Ruddy Duck,9,2,Sep_W2,0.0,653.0
Ruddy Duck,9,3,Sep_W3,0.0,638.0
Ruddy Duck,9,4,Sep_W4,0.0,753.0
Ruddy Duck,10,1,Oct_W1,0.0,630.0
Ruddy Duck,10,2,Oct_W2,0.0,578.0
Ruddy Duck,10,3,Oct_W3,0.0040984,488.0
Ruddy Duck,10,4,Oct_W4,0.0015,562.0
Ruddy Duck,11,1,Nov_W1,0.0,383.0
Ruddy Duck,11,2,Nov_W2,0.0015,329.0
Ruddy Duck,11,3,Nov_W3,0.0,273.0
Ruddy Duck,11,4,Nov_W4,0.0,270.0
Ruddy Duck,12,1,Dec_W1,0.0,157.0
Ruddy Duck,12,2,Dec_W2,0.0,166.0
Ruddy Duck,12,3,Dec_W3,0.0,137.0
Ruddy Duck,12,4,Dec_W4,0.0,145.0
Helmeted Guineafowl,1,1,Jan_W1,0.0,185.0
Helmeted Guineafowl,1,2,Jan_W2,0.0,88.0
Helmeted Guineafowl,1,3,Jan_W3,0.0,105.0
Helmeted Guineafowl,1,4,Jan_W4,0.0,140.0
Helmeted Guineafowl,2,1,Feb_W1,0.0,123.0
Helmeted Guineafowl,2,2,Feb_W2,0.0,108.0
Helmeted Guineafowl,2,3,Feb_W3,0.0,118.0
Helmeted Guineafowl,2,4,Feb_W4,0.0,70.0
Helmeted Guineafowl,3,1,Mar_W1,0.0,105.0
Helmeted Guineafowl,3,2,Mar_W2,0.0,114.0
Helmeted Guineafowl,3,3,Mar_W3,0.0,142.0
Helmeted Guineafowl,3,4,Mar_W4,0.0,164.0
Helmeted Guineafowl,4,1,Apr_W1,0.0,261.0
Helmeted Guineafowl,4,2,Apr_W2,0.0,364.0
Helmeted Guineafowl,4,3,Apr_W3,0.0,430.0
Helmeted Guineafowl,4,4,Apr_W4,0.0,706.0
Helmeted Guineafowl,5,1,May_W1,0.0,645.0
Helmeted Guineafowl,5,2,May_W2,0.0,774.0
Helmeted Guineafowl,5,3,May_W3,0.0,765.0
Helmeted Guineafowl,5,4,May_W4,0.0,1386.0
Helmeted Guineafowl,6,1,Jun_W1,0.0,855.0
Helmeted Guineafowl,6,2,Jun_W2,0.0,752.0
Helmeted Guineafowl,6,3,Jun_W3,0.0,625.0
Helmeted Guineafowl,6,4,Jun_W4,0.0,745.0
Helmeted Guineafowl,7,1,Jul_W1,0.0,695.0
Helmeted Guineafowl,7,2,Jul_W2,0.0,711.0
Helmeted Guineafowl,7,3,Jul_W3,0.0,569.0
Helmeted Guineafowl,7,4,Jul_W4,0.0,883.0
Helmeted Guineafowl,8,1,Aug_W1,0.0,607.0
Helmeted Guineafowl,8,2,Aug_W2,0.0015649,639.0
Helmeted Guineafowl,8,3,Aug_W3,0.0,586.0
Helmeted Guineafowl,8,4,Aug_W4,0.0,845.0
Helmeted Guineafowl,9,1,Sep_W1,0.0,528.0
Helmeted Guineafowl,9,2,Sep_W2,0.0,653.0
Helmeted Guineafowl,9,3,Sep_W3,0.0,638.0
Helmeted Guineafowl,9,4,Sep_W4,0.0,753.0
Helmeted Guineafowl,10,1,Oct_W1,0.0,630.0
Helmeted Guineafowl,10,2,Oct_W2,0.0,578.0
Helmeted Guineafowl,10,3,Oct_W3,0.0015,488.0
Helmeted Guineafowl,10,4,Oct_W4,0.0,562.0
Helmeted Guineafowl,11,1,Nov_W1,0.0,383.0
Helmeted Guineafowl,11,2,Nov_W2,0.0,329.0
Helmeted Guineafowl,11,3,Nov_W3,0.0,273.0
Helmeted Guineafowl,11,4,Nov_W4,0.0,270.0
Helmeted Guineafowl,12,1,Dec_W1,0.0,157.0
Helmeted Guineafowl,12,2,Dec_W2,0.0,166.0
Helmeted Guineafowl,12,3,Dec_W3,0.0,137.0
Helmeted Guineafowl,12,4,Dec_W4,0.0,145.0
Northern Bobwhite,1,1,Jan_W1,0.0,185.0
Northern Bobwhite,1,2,Jan_W2,0.0,88.0
Northern Bobwhite,1,3,Jan_W3,0.0,105.0
Northern Bobwhite,1,4,Jan_W4,0.0,140.0
Northern Bobwhite,2,1,Feb_W1,0.0,123.0
Northern Bobwhite,2,2,Feb_W2,0.0,108.0
Northern Bobwhite,2,3,Feb_W3,0.0,118.0
Northern Bobwhite,2,4,Feb_W4,0.0,70.0
Northern Bobwhite,3,1,Mar_W1,0.0,105.0
Northern Bobwhite,3,2,Mar_W2,0.0,114.0
Northern Bobwhite,3,3,Mar_W3,0.0,142.0
Northern Bobwhite,3,4,Mar_W4,0.0,164.0
Northern Bobwhite,4,1,Apr_W1,0.0,261.0
Northern Bobwhite,4,2,Apr_W2,0.0,364.0
Northern Bobwhite,4,3,Apr_W3,0.0,430.0
Northern Bobwhite,4,4,Apr_W4,0.0,706.0
Northern Bobwhite,5,1,May_W1,0.0,645.0
Northern Bobwhite,5,2,May_W2,0.0,774.0
Northern Bobwhite,5,3,May_W3,0.0,765.0
Northern Bobwhite,5,4,May_W4,0.0,1386.0
Northern Bobwhite,6,1,Jun_W1,0.0,855.0
Northern Bobwhite,6,2,Jun_W2,0.0013298,752.0
Northern Bobwhite,6,3,Jun_W3,0.0,625.0
Northern Bobwhite,6,4,Jun_W4,0.0,745.0
Northern Bobwhite,7,1,Jul_W1,0.0,695.0
Northern Bobwhite,7,2,Jul_W2,0.0,711.0
Northern Bobwhite,7,3,Jul_W3,0.0,569.0
Northern Bobwhite,7,4,Jul_W4,0.0015,883.0
Northern Bobwhite,8,1,Aug_W1,0.0016474,607.0
Northern Bobwhite,8,2,Aug_W2,0.0,639.0
Northern Bobwhite,8,3,Aug_W3,0.0,586.0
Northern Bobwhite,8,4,Aug_W4,0.0,845.0
Northern Bobwhite,9,1,Sep_W1,0.0,528.0
Northern Bobwhite,9,2,Sep_W2,0.0,653.0
Northern Bobwhite,9,3,Sep_W3,0.0,638.0
Northern Bobwhite,9,4,Sep_W4,0.0,753.0
Northern Bobwhite,10,1,Oct_W1,0.0,630.0
Northern Bobwhite,10,2,Oct_W2,0.0,578.0
Northern Bobwhite,10,3,Oct_W3,0.0,488.0
Northern Bobwhite,10,4,Oct_W4,0.0,562.0
Northern Bobwhite,11,1,Nov_W1,0.0,383.0
Northern Bobwhite,11,2,Nov_W2,0.0,329.0
Northern Bobwhite,11,3,Nov_W3,0.0,273.0
Northern Bobwhite,11,4,Nov_W4,0.0,270.0
Northern Bobwhite,12,1,Dec_W1,0.0,157.0
Northern Bobwhite,12,2,Dec_W2,0.0,166.0
Northern Bobwhite,12,3,Dec_W3,0.0,137.0
Northern Bobwhite,12,4,Dec_W4,0.0,145.0
Wild Turkey,1,1,Jan_W1,0.0108108,185.0
Wild Turkey,1,2,Jan_W2,0.0015,88.0
Wild Turkey,1,3,Jan_W3,0.0015,105.0
Wild Turkey,1,4,Jan_W4,0.0071429,140.0
Wild Turkey,2,1,Feb_W1,0.0243902,123.0
Wild Turkey,2,2,Feb_W2,0.0092593,108.0
Wild Turkey,2,3,Feb_W3,0.0084746,118.0
Wild Turkey,2,4,Feb_W4,0.0,70.0
Wild Turkey,3,1,Mar_W1,0.0015,105.0
Wild Turkey,3,2,Mar_W2,0.0015,114.0
Wild Turkey,3,3,Mar_W3,0.0140845,142.0
Wild Turkey,3,4,Mar_W4,0.0060976,164.0
Wild Turkey,4,1,Apr_W1,0.0153257,261.0
Wild Turkey,4,2,Apr_W2,0.032967,364.0
Wild Turkey,4,3,Apr_W3,0.0372093,430.0
Wild Turkey,4,4,Apr_W4,0.0311615,706.0
Wild Turkey,5,1,May_W1,0.0170543,645.0
Wild Turkey,5,2,May_W2,0.0232558,774.0
Wild Turkey,5,3,May_W3,0.0196078,765.0
Wild Turkey,5,4,May_W4,0.024531,1386.0
Wild Turkey,6,1,Jun_W1,0.0233918,855.0
Wild Turkey,6,2,Jun_W2,0.018617,752.0
Wild Turkey,6,3,Jun_W3,0.0192,625.0
Wild Turkey,6,4,Jun_W4,0.0120805,745.0
Wild Turkey,7,1,Jul_W1,0.0071942,695.0
Wild Turkey,7,2,Jul_W2,0.0196906,711.0
Wild Turkey,7,3,Jul_W3,0.0158172,569.0
Wild Turkey,7,4,Jul_W4,0.00906,883.0
Wild Turkey,8,1,Aug_W1,0.0016474,607.0
Wild Turkey,8,2,Aug_W2,0.0093897,639.0
Wild Turkey,8,3,Aug_W3,0.0068259,586.0
Wild Turkey,8,4,Aug_W4,0.0106509,845.0
Wild Turkey,9,1,Sep_W1,0.0037879,528.0
Wild Turkey,9,2,Sep_W2,0.0122511,653.0
Wild Turkey,9,3,Sep_W3,0.0188088,638.0
Wild Turkey,9,4,Sep_W4,0.0159363,753.0
Wild Turkey,10,1,Oct_W1,0.0095238,630.0
Wild Turkey,10,2,Oct_W2,0.0138408,578.0
Wild Turkey,10,3,Oct_W3,0.0040984,488.0
Wild Turkey,10,4,Oct_W4,0.0071174,562.0
Wild Turkey,11,1,Nov_W1,0.0130548,383.0
Wild Turkey,11,2,Nov_W2,0.0091185,329.0
Wild Turkey,11,3,Nov_W3,0.007326,273.0
Wild Turkey,11,4,Nov_W4,0.0111111,270.0
Wild Turkey,12,1,Dec_W1,0.0127389,157.0
Wild Turkey,12,2,Dec_W2,0.0120482,166.0
Wild Turkey,12,3,Dec_W3,0.0145985,137.0
Wild Turkey,12,4,Dec_W4,0.0137931,145.0
Ruffed Grouse,1,1,Jan_W1,0.0378378,185.0
Ruffed Grouse,1,2,Jan_W2,0.0340909,88.0
Ruffed Grouse,1,3,Jan_W3,0.0190476,105.0
Ruffed Grouse,1,4,Jan_W4,0.05,140.0
Ruffed Grouse,2,1,Feb_W1,0.0243902,123.0
Ruffed Grouse,2,2,Feb_W2,0.0277778,108.0
Ruffed Grouse,2,3,Feb_W3,0.0254237,118.0
Ruffed Grouse,2,4,Feb_W4,0.0142857,70.0
Ruffed Grouse,3,1,Mar_W1,0.0285714,105.0
Ruffed Grouse,3,2,Mar_W2,0.0175439,114.0
Ruffed Grouse,3,3,Mar_W3,0.0,142.0
Ruffed Grouse,3,4,Mar_W4,0.0121951,164.0
Ruffed Grouse,4,1,Apr_W1,0.0191571,261.0
Ruffed Grouse,4,2,Apr_W2,0.043956,364.0
Ruffed Grouse,4,3,Apr_W3,0.0418605,430.0
Ruffed Grouse,4,4,Apr_W4,0.0495751,706.0
Ruffed Grouse,5,1,May_W1,0.0930233,645.0
Ruffed Grouse,5,2,May_W2,0.0981912,774.0
Ruffed Grouse,5,3,May_W3,0.0993464,765.0
Ruffed Grouse,5,4,May_W4,0.1060606,1386.0
Ruffed Grouse,6,1,Jun_W1,0.0830409,855.0
Ruffed Grouse,6,2,Jun_W2,0.0332447,752.0
Ruffed Grouse,6,3,Jun_W3,0.04,625.0
Ruffed Grouse,6,4,Jun_W4,0.0322148,745.0
Ruffed Grouse,7,1,Jul_W1,0.0086331,695.0
Ruffed Grouse,7,2,Jul_W2,0.0126582,711.0
Ruffed Grouse,7,3,Jul_W3,0.0140598,569.0
Ruffed Grouse,7,4,Jul_W4,0.011325,883.0
Ruffed Grouse,8,1,Aug_W1,0.0131796,607.0
Ruffed Grouse,8,2,Aug_W2,0.0250391,639.0
Ruffed Grouse,8,3,Aug_W3,0.0102389,586.0
Ruffed Grouse,8,4,Aug_W4,0.0142012,845.0
Ruffed Grouse,9,1,Sep_W1,0.0094697,528.0
Ruffed Grouse,9,2,Sep_W2,0.0091884,653.0
Ruffed Grouse,9,3,Sep_W3,0.0297806,638.0
Ruffed Grouse,9,4,Sep_W4,0.0398406,753.0
Ruffed Grouse,10,1,Oct_W1,0.0301587,630.0
Ruffed Grouse,10,2,Oct_W2,0.0484429,578.0
Ruffed Grouse,10,3,Oct_W3,0.0368852,488.0
Ruffed Grouse,10,4,Oct_W4,0.0266904,562.0
Ruffed Grouse,11,1,Nov_W1,0.0574413,383.0
Ruffed Grouse,11,2,Nov_W2,0.0273556,329.0
Ruffed Grouse,11,3,Nov_W3,0.029304,273.0
Ruffed Grouse,11,4,Nov_W4,0.0259259,270.0
Ruffed Grouse,12,1,Dec_W1,0.0318471,157.0
Ruffed Grouse,12,2,Dec_W2,0.0361446,166.0
Ruffed Grouse,12,3,Dec_W3,0.0364964,137.0
Ruffed Grouse,12,4,Dec_W4,0.0482759,145.0
Sharp-tailed Grouse,1,1,Jan_W1,0.0,185.0
Sharp-tailed Grouse,1,2,Jan_W2,0.0015,88.0
Sharp-tailed Grouse,1,3,Jan_W3,0.0,105.0
Sharp-tailed Grouse,1,4,Jan_W4,0.0,140.0
Sharp-tailed Grouse,2,1,Feb_W1,0.0,123.0
Sharp-tailed Grouse,2,2,Feb_W2,0.0015,108.0
Sharp-tailed Grouse,2,3,Feb_W3,0.0,118.0
Sharp-tailed Grouse,2,4,Feb_W4,0.0,70.0
Sharp-tailed Grouse,3,1,Mar_W1,0.0,105.0
Sharp-tailed Grouse,3,2,Mar_W2,0.0,114.0
Sharp-tailed Grouse,3,3,Mar_W3,0.0,142.0
Sharp-tailed Grouse,3,4,Mar_W4,0.0015,164.0
Sharp-tailed Grouse,4,1,Apr_W1,0.0015,261.0
Sharp-tailed Grouse,4,2,Apr_W2,0.0027473,364.0
Sharp-tailed Grouse,4,3,Apr_W3,0.0023256,430.0
Sharp-tailed Grouse,4,4,Apr_W4,0.0015,706.0
Sharp-tailed Grouse,5,1,May_W1,0.0015,645.0
Sharp-tailed Grouse,5,2,May_W2,0.003876,774.0
Sharp-tailed Grouse,5,3,May_W3,0.0,765.0
Sharp-tailed Grouse,5,4,May_W4,0.0,1386.0
Sharp-tailed Grouse,6,1,Jun_W1,0.0015,855.0
Sharp-tailed Grouse,6,2,Jun_W2,0.0015,752.0
Sharp-tailed Grouse,6,3,Jun_W3,0.0016,625.0
Sharp-tailed Grouse,6,4,Jun_W4,0.0026846,745.0
Sharp-tailed Grouse,7,1,Jul_W1,0.0015,695.0
Sharp-tailed Grouse,7,2,Jul_W2,0.0015,711.0
Sharp-tailed Grouse,7,3,Jul_W3,0.0017575,569.0
Sharp-tailed Grouse,7,4,Jul_W4,0.0,883.0
Sharp-tailed Grouse,8,1,Aug_W1,0.0,607.0
Sharp-tailed Grouse,8,2,Aug_W2,0.0,639.0
Sharp-tailed Grouse,8,3,Aug_W3,0.0,586.0
Sharp-tailed Grouse,8,4,Aug_W4,0.0,845.0
Sharp-tailed Grouse,9,1,Sep_W1,0.0015,528.0
Sharp-tailed Grouse,9,2,Sep_W2,0.0,653.0
Sharp-tailed Grouse,9,3,Sep_W3,0.0,638.0
Sharp-tailed Grouse,9,4,Sep_W4,0.0,753.0
Sharp-tailed Grouse,10,1,Oct_W1,0.0,630.0
Sharp-tailed Grouse,10,2,Oct_W2,0.0,578.0
Sharp-tailed Grouse,10,3,Oct_W3,0.0,488.0
Sharp-tailed Grouse,10,4,Oct_W4,0.0,562.0
Sharp-tailed Grouse,11,1,Nov_W1,0.0,383.0
Sharp-tailed Grouse,11,2,Nov_W2,0.0,329.0
Sharp-tailed Grouse,11,3,Nov_W3,0.0,273.0
Sharp-tailed Grouse,11,4,Nov_W4,0.0037037,270.0
Sharp-tailed Grouse,12,1,Dec_W1,0.0,157.0
Sharp-tailed Grouse,12,2,Dec_W2,0.0,166.0
Sharp-tailed Grouse,12,3,Dec_W3,0.0,137.0
Sharp-tailed Grouse,12,4,Dec_W4,0.0,145.0
Spruce Grouse,1,1,Jan_W1,0.0054054,185.0
Spruce Grouse,1,2,Jan_W2,0.0,88.0
Spruce Grouse,1,3,Jan_W3,0.0,105.0
Spruce Grouse,1,4,Jan_W4,0.0,140.0
Spruce Grouse,2,1,Feb_W1,0.0,123.0
Spruce Grouse,2,2,Feb_W2,0.0,108.0
Spruce Grouse,2,3,Feb_W3,0.0,118.0
Spruce Grouse,2,4,Feb_W4,0.0,70.0
Spruce Grouse,3,1,Mar_W1,0.0,105.0
Spruce Grouse,3,2,Mar_W2,0.0,114.0
Spruce Grouse,3,3,Mar_W3,0.0,142.0
Spruce Grouse,3,4,Mar_W4,0.0,164.0
Spruce Grouse,4,1,Apr_W1,0.0,261.0
Spruce Grouse,4,2,Apr_W2,0.0,364.0
Spruce Grouse,4,3,Apr_W3,0.0,430.0
Spruce Grouse,4,4,Apr_W4,0.0,706.0
Spruce Grouse,5,1,May_W1,0.0,645.0
Spruce Grouse,5,2,May_W2,0.0015,774.0
Spruce Grouse,5,3,May_W3,0.0,765.0
Spruce Grouse,5,4,May_W4,0.0,1386.0
Spruce Grouse,6,1,Jun_W1,0.0015,855.0
Spruce Grouse,6,2,Jun_W2,0.0013298,752.0
Spruce Grouse,6,3,Jun_W3,0.0,625.0
Spruce Grouse,6,4,Jun_W4,0.0015,745.0
Spruce Grouse,7,1,Jul_W1,0.0014388,695.0
Spruce Grouse,7,2,Jul_W2,0.0,711.0
Spruce Grouse,7,3,Jul_W3,0.0,569.0
Spruce Grouse,7,4,Jul_W4,0.0015,883.0
Spruce Grouse,8,1,Aug_W1,0.0,607.0
Spruce Grouse,8,2,Aug_W2,0.0015649,639.0
Spruce Grouse,8,3,Aug_W3,0.0,586.0
Spruce Grouse,8,4,Aug_W4,0.0011834,845.0
Spruce Grouse,9,1,Sep_W1,0.0015,528.0
Spruce Grouse,9,2,Sep_W2,0.0,653.0
Spruce Grouse,9,3,Sep_W3,0.0,638.0
Spruce Grouse,9,4,Sep_W4,0.0,753.0
Spruce Grouse,10,1,Oct_W1,0.0,630.0
Spruce Grouse,10,2,Oct_W2,0.0,578.0
Spruce Grouse,10,3,Oct_W3,0.0,488.0
Spruce Grouse,10,4,Oct_W4,0.0,562.0
Spruce Grouse,11,1,Nov_W1,0.0,383.0
Spruce Grouse,11,2,Nov_W2,0.0015,329.0
Spruce Grouse,11,3,Nov_W3,0.0,273.0
Spruce Grouse,11,4,Nov_W4,0.0,270.0
Spruce Grouse,12,1,Dec_W1,0.0,157.0
Spruce Grouse,12,2,Dec_W2,0.0,166.0
Spruce Grouse,12,3,Dec_W3,0.0,137.0
Spruce Grouse,12,4,Dec_W4,0.0,145.0
Ring-necked Pheasant,1,1,Jan_W1,0.0,185.0
Ring-necked Pheasant,1,2,Jan_W2,0.0,88.0
Ring-necked Pheasant,1,3,Jan_W3,0.0,105.0
Ring-necked Pheasant,1,4,Jan_W4,0.0,140.0
Ring-necked Pheasant,2,1,Feb_W1,0.0,123.0
Ring-necked Pheasant,2,2,Feb_W2,0.0,108.0
Ring-necked Pheasant,2,3,Feb_W3,0.0,118.0
Ring-necked Pheasant,2,4,Feb_W4,0.0,70.0
Ring-necked Pheasant,3,1,Mar_W1,0.0,105.0
Ring-necked Pheasant,3,2,Mar_W2,0.0,114.0
Ring-necked Pheasant,3,3,Mar_W3,0.0,142.0
Ring-necked Pheasant,3,4,Mar_W4,0.0,164.0
Ring-necked Pheasant,4,1,Apr_W1,0.0,261.0
Ring-necked Pheasant,4,2,Apr_W2,0.0,364.0
Ring-necked Pheasant,4,3,Apr_W3,0.0,430.0
Ring-necked Pheasant,4,4,Apr_W4,0.0,706.0
Ring-necked Pheasant,5,1,May_W1,0.0,645.0
Ring-necked Pheasant,5,2,May_W2,0.0,774.0
Ring-necked Pheasant,5,3,May_W3,0.0,765.0
Ring-necked Pheasant,5,4,May_W4,0.0,1386.0
Ring-necked Pheasant,6,1,Jun_W1,0.0,855.0
Ring-necked Pheasant,6,2,Jun_W2,0.0,752.0
Ring-necked Pheasant,6,3,Jun_W3,0.0,625.0
Ring-necked Pheasant,6,4,Jun_W4,0.0,745.0
Ring-necked Pheasant,7,1,Jul_W1,0.0,695.0
Ring-necked Pheasant,7,2,Jul_W2,0.0,711.0
Ring-necked Pheasant,7,3,Jul_W3,0.0,569.0
Ring-necked Pheasant,7,4,Jul_W4,0.0,883.0
Ring-necked Pheasant,8,1,Aug_W1,0.0,607.0
Ring-necked Pheasant,8,2,Aug_W2,0.0,639.0
Ring-necked Pheasant,8,3,Aug_W3,0.0,586.0
Ring-necked Pheasant,8,4,Aug_W4,0.0,845.0
Ring-necked Pheasant,9,1,Sep_W1,0.0,528.0
Ring-necked Pheasant,9,2,Sep_W2,0.0,653.0
Ring-necked Pheasant,9,3,Sep_W3,0.0,638.0
Ring-necked Pheasant,9,4,Sep_W4,0.0,753.0
Ring-necked Pheasant,10,1,Oct_W1,0.0,630.0
Ring-necked Pheasant,10,2,Oct_W2,0.0,578.0
Ring-necked Pheasant,10,3,Oct_W3,0.0,488.0
Ring-necked Pheasant,10,4,Oct_W4,0.0,562.0
Ring-necked Pheasant,11,1,Nov_W1,0.0,383.0
Ring-necked Pheasant,11,2,Nov_W2,0.0,329.0
Ring-necked Pheasant,11,3,Nov_W3,0.0015,273.0
Ring-necked Pheasant,11,4,Nov_W4,0.0,270.0
Ring-necked Pheasant,12,1,Dec_W1,0.0,157.0
Ring-necked Pheasant,12,2,Dec_W2,0.0,166.0
Ring-necked Pheasant,12,3,Dec_W3,0.0,137.0
Ring-necked Pheasant,12,4,Dec_W4,0.0,145.0
Rock Pigeon,1,1,Jan_W1,0.1513514,185.0
Rock Pigeon,1,2,Jan_W2,0.1704545,88.0
Rock Pigeon,1,3,Jan_W3,0.1809524,105.0
Rock Pigeon,1,4,Jan_W4,0.1928571,140.0
Rock Pigeon,2,1,Feb_W1,0.1056911,123.0
Rock Pigeon,2,2,Feb_W2,0.0833333,108.0
Rock Pigeon,2,3,Feb_W3,0.0847458,118.0
Rock Pigeon,2,4,Feb_W4,0.1285714,70.0
Rock Pigeon,3,1,Mar_W1,0.1619048,105.0
Rock Pigeon,3,2,Mar_W2,0.1491228,114.0
Rock Pigeon,3,3,Mar_W3,0.1126761,142.0
Rock Pigeon,3,4,Mar_W4,0.0914634,164.0
Rock Pigeon,4,1,Apr_W1,0.0881226,261.0
Rock Pigeon,4,2,Apr_W2,0.0741758,364.0
Rock Pigeon,4,3,Apr_W3,0.0372093,430.0
Rock Pigeon,4,4,Apr_W4,0.0623229,706.0
Rock Pigeon,5,1,May_W1,0.0325581,645.0
Rock Pigeon,5,2,May_W2,0.0361757,774.0
Rock Pigeon,5,3,May_W3,0.0326797,765.0
Rock Pigeon,5,4,May_W4,0.0238095,1386.0
Rock Pigeon,6,1,Jun_W1,0.0362573,855.0
Rock Pigeon,6,2,Jun_W2,0.043883,752.0
Rock Pigeon,6,3,Jun_W3,0.0368,625.0
Rock Pigeon,6,4,Jun_W4,0.0295302,745.0
Rock Pigeon,7,1,Jul_W1,0.0402878,695.0
Rock Pigeon,7,2,Jul_W2,0.0421941,711.0
Rock Pigeon,7,3,Jul_W3,0.0509666,569.0
Rock Pigeon,7,4,Jul_W4,0.0385051,883.0
Rock Pigeon,8,1,Aug_W1,0.0510708,607.0
Rock Pigeon,8,2,Aug_W2,0.0406886,639.0
Rock Pigeon,8,3,Aug_W3,0.0511945,586.0
Rock Pigeon,8,4,Aug_W4,0.0461538,845.0
Rock Pigeon,9,1,Sep_W1,0.0473485,528.0
Rock Pigeon,9,2,Sep_W2,0.0535988,653.0
Rock Pigeon,9,3,Sep_W3,0.0485893,638.0
Rock Pigeon,9,4,Sep_W4,0.0544489,753.0
Rock Pigeon,10,1,Oct_W1,0.0492063,630.0
Rock Pigeon,10,2,Oct_W2,0.0519031,578.0
Rock Pigeon,10,3,Oct_W3,0.079918,488.0
Rock Pigeon,10,4,Oct_W4,0.094306,562.0
Rock Pigeon,11,1,Nov_W1,0.1096606,383.0
Rock Pigeon,11,2,Nov_W2,0.0881459,329.0
Rock Pigeon,11,3,Nov_W3,0.0989011,273.0
Rock Pigeon,11,4,Nov_W4,0.1518519,270.0
Rock Pigeon,12,1,Dec_W1,0.0955414,157.0
Rock Pigeon,12,2,Dec_W2,0.0783133,166.0
Rock Pigeon,12,3,Dec_W3,0.0656934,137.0
Rock Pigeon,12,4,Dec_W4,0.0758621,145.0
Eurasian Collared-Dove,1,1,Jan_W1,0.0,185.0
Eurasian Collared-Dove,1,2,Jan_W2,0.0,88.0
Eurasian Collared-Dove,1,3,Jan_W3,0.0,105.0
Eurasian Collared-Dove,1,4,Jan_W4,0.0,140.0
Eurasian Collared-Dove,2,1,Feb_W1,0.0,123.0
Eurasian Collared-Dove,2,2,Feb_W2,0.0,108.0
Eurasian Collared-Dove,2,3,Feb_W3,0.0,118.0
Eurasian Collared-Dove,2,4,Feb_W4,0.0,70.0
Eurasian Collared-Dove,3,1,Mar_W1,0.0,105.0
Eurasian Collared-Dove,3,2,Mar_W2,0.0,114.0
Eurasian Collared-Dove,3,3,Mar_W3,0.0,142.0
Eurasian Collared-Dove,3,4,Mar_W4,0.0,164.0
Eurasian Collared-Dove,4,1,Apr_W1,0.0,261.0
Eurasian Collared-Dove,4,2,Apr_W2,0.0,364.0
Eurasian Collared-Dove,4,3,Apr_W3,0.0,430.0
Eurasian Collared-Dove,4,4,Apr_W4,0.0,706.0
Eurasian Collared-Dove,5,1,May_W1,0.0,645.0
Eurasian Collared-Dove,5,2,May_W2,0.0,774.0
Eurasian Collared-Dove,5,3,May_W3,0.0,765.0
Eurasian Collared-Dove,5,4,May_W4,0.0,1386.0
Eurasian Collared-Dove,6,1,Jun_W1,0.0,855.0
Eurasian Collared-Dove,6,2,Jun_W2,0.0,752.0
Eurasian Collared-Dove,6,3,Jun_W3,0.0,625.0
Eurasian Collared-Dove,6,4,Jun_W4,0.0,745.0
Eurasian Collared-Dove,7,1,Jul_W1,0.0,695.0
Eurasian Collared-Dove,7,2,Jul_W2,0.0,711.0
Eurasian Collared-Dove,7,3,Jul_W3,0.0,569.0
Eurasian Collared-Dove,7,4,Jul_W4,0.0,883.0
Eurasian Collared-Dove,8,1,Aug_W1,0.0,607.0
Eurasian Collared-Dove,8,2,Aug_W2,0.0,639.0
Eurasian Collared-Dove,8,3,Aug_W3,0.0,586.0
Eurasian Collared-Dove,8,4,Aug_W4,0.0,845.0
Eurasian Collared-Dove,9,1,Sep_W1,0.0015,528.0
Eurasian Collared-Dove,9,2,Sep_W2,0.0,653.0
Eurasian Collared-Dove,9,3,Sep_W3,0.0,638.0
Eurasian Collared-Dove,9,4,Sep_W4,0.0,753.0
Eurasian Collared-Dove,10,1,Oct_W1,0.0,630.0
Eurasian Collared-Dove,10,2,Oct_W2,0.0,578.0
Eurasian Collared-Dove,10,3,Oct_W3,0.0,488.0
Eurasian Collared-Dove,10,4,Oct_W4,0.0,562.0
Eurasian Collared-Dove,11,1,Nov_W1,0.0,383.0
Eurasian Collared-Dove,11,2,Nov_W2,0.0,329.0
Eurasian Collared-Dove,11,3,Nov_W3,0.0,273.0
Eurasian Collared-Dove,11,4,Nov_W4,0.0,270.0
Eurasian Collared-Dove,12,1,Dec_W1,0.0,157.0
Eurasian Collared-Dove,12,2,Dec_W2,0.0,166.0
Eurasian Collared-Dove,12,3,Dec_W3,0.0,137.0
Eurasian Collared-Dove,12,4,Dec_W4,0.0,145.0
White-winged Dove,1,1,Jan_W1,0.0,185.0
White-winged Dove,1,2,Jan_W2,0.0,88.0
White-winged Dove,1,3,Jan_W3,0.0,105.0
White-winged Dove,1,4,Jan_W4,0.0,140.0
White-winged Dove,2,1,Feb_W1,0.0,123.0
White-winged Dove,2,2,Feb_W2,0.0,108.0
White-winged Dove,2,3,Feb_W3,0.0,118.0
White-winged Dove,2,4,Feb_W4,0.0,70.0
White-winged Dove,3,1,Mar_W1,0.0,105.0
White-winged Dove,3,2,Mar_W2,0.0,114.0
White-winged Dove,3,3,Mar_W3,0.0,142.0
White-winged Dove,3,4,Mar_W4,0.0,164.0
White-winged Dove,4,1,Apr_W1,0.0,261.0
White-winged Dove,4,2,Apr_W2,0.0,364.0
White-winged Dove,4,3,Apr_W3,0.0,430.0
White-winged Dove,4,4,Apr_W4,0.0,706.0
White-winged Dove,5,1,May_W1,0.0,645.0
White-winged Dove,5,2,May_W2,0.0,774.0
White-winged Dove,5,3,May_W3,0.0013072,765.0
White-winged Dove,5,4,May_W4,0.0015,1386.0
White-winged Dove,6,1,Jun_W1,0.0,855.0
White-winged Dove,6,2,Jun_W2,0.0015,752.0
White-winged Dove,6,3,Jun_W3,0.0016,625.0
White-winged Dove,6,4,Jun_W4,0.0,745.0
White-winged Dove,7,1,Jul_W1,0.0,695.0
White-winged Dove,7,2,Jul_W2,0.0,711.0
White-winged Dove,7,3,Jul_W3,0.0,569.0
White-winged Dove,7,4,Jul_W4,0.0,883.0
White-winged Dove,8,1,Aug_W1,0.0,607.0
White-winged Dove,8,2,Aug_W2,0.0,639.0
White-winged Dove,8,3,Aug_W3,0.0,586.0
White-winged Dove,8,4,Aug_W4,0.0,845.0
White-winged Dove,9,1,Sep_W1,0.0,528.0
White-winged Dove,9,2,Sep_W2,0.0,653.0
White-winged Dove,9,3,Sep_W3,0.0,638.0
White-winged Dove,9,4,Sep_W4,0.0,753.0
White-winged Dove,10,1,Oct_W1,0.0,630.0
White-winged Dove,10,2,Oct_W2,0.0,578.0
White-winged Dove,10,3,Oct_W3,0.0,488.0
White-winged Dove,10,4,Oct_W4,0.0,562.0
White-winged Dove,11,1,Nov_W1,0.0,383.0
White-winged Dove,11,2,Nov_W2,0.0030395,329.0
White-winged Dove,11,3,Nov_W3,0.0,273.0
White-winged Dove,11,4,Nov_W4,0.0,270.0
White-winged Dove,12,1,Dec_W1,0.0,157.0
White-winged Dove,12,2,Dec_W2,0.0,166.0
White-winged Dove,12,3,Dec_W3,0.0,137.0
White-winged Dove,12,4,Dec_W4,0.0,145.0
Mourning Dove,1,1,Jan_W1,0.0432432,185.0
Mourning Dove,1,2,Jan_W2,0.0340909,88.0
Mourning Dove,1,3,Jan_W3,0.047619,105.0
Mourning Dove,1,4,Jan_W4,0.1,140.0
Mourning Dove,2,1,Feb_W1,0.0569106,123.0
Mourning Dove,2,2,Feb_W2,0.0648148,108.0
Mourning Dove,2,3,Feb_W3,0.1525424,118.0
Mourning Dove,2,4,Feb_W4,0.1,70.0
Mourning Dove,3,1,Mar_W1,0.1428571,105.0
Mourning Dove,3,2,Mar_W2,0.1491228,114.0
Mourning Dove,3,3,Mar_W3,0.0985915,142.0
Mourning Dove,3,4,Mar_W4,0.1036585,164.0
Mourning Dove,4,1,Apr_W1,0.1187739,261.0
Mourning Dove,4,2,Apr_W2,0.1318681,364.0
Mourning Dove,4,3,Apr_W3,0.0953488,430.0
Mourning Dove,4,4,Apr_W4,0.0807365,706.0
Mourning Dove,5,1,May_W1,0.0914729,645.0
Mourning Dove,5,2,May_W2,0.0956072,774.0
Mourning Dove,5,3,May_W3,0.0849673,765.0
Mourning Dove,5,4,May_W4,0.1096681,1386.0
Mourning Dove,6,1,Jun_W1,0.1368421,855.0
Mourning Dove,6,2,Jun_W2,0.125,752.0
Mourning Dove,6,3,Jun_W3,0.1136,625.0
Mourning Dove,6,4,Jun_W4,0.138255,745.0
Mourning Dove,7,1,Jul_W1,0.0906475,695.0
Mourning Dove,7,2,Jul_W2,0.0984529,711.0
Mourning Dove,7,3,Jul_W3,0.0949033,569.0
Mourning Dove,7,4,Jul_W4,0.1064553,883.0
Mourning Dove,8,1,Aug_W1,0.07743,607.0
Mourning Dove,8,2,Aug_W2,0.0657277,639.0
Mourning Dove,8,3,Aug_W3,0.0614334,586.0
Mourning Dove,8,4,Aug_W4,0.043787,845.0
Mourning Dove,9,1,Sep_W1,0.0340909,528.0
Mourning Dove,9,2,Sep_W2,0.0352221,653.0
Mourning Dove,9,3,Sep_W3,0.0454545,638.0
Mourning Dove,9,4,Sep_W4,0.0252324,753.0
Mourning Dove,10,1,Oct_W1,0.0301587,630.0
Mourning Dove,10,2,Oct_W2,0.0190311,578.0
Mourning Dove,10,3,Oct_W3,0.0266393,488.0
Mourning Dove,10,4,Oct_W4,0.0338078,562.0
Mourning Dove,11,1,Nov_W1,0.0339426,383.0
Mourning Dove,11,2,Nov_W2,0.0577508,329.0
Mourning Dove,11,3,Nov_W3,0.0549451,273.0
Mourning Dove,11,4,Nov_W4,0.062963,270.0
Mourning Dove,12,1,Dec_W1,0.0764331,157.0
Mourning Dove,12,2,Dec_W2,0.0722892,166.0
Mourning Dove,12,3,Dec_W3,0.0656934,137.0
Mourning Dove,12,4,Dec_W4,0.0551724,145.0
Yellow-billed Cuckoo,1,1,Jan_W1,0.0,185.0
Yellow-billed Cuckoo,1,2,Jan_W2,0.0,88.0
Yellow-billed Cuckoo,1,3,Jan_W3,0.0,105.0
Yellow-billed Cuckoo,1,4,Jan_W4,0.0,140.0
Yellow-billed Cuckoo,2,1,Feb_W1,0.0,123.0
Yellow-billed Cuckoo,2,2,Feb_W2,0.0,108.0
Yellow-billed Cuckoo,2,3,Feb_W3,0.0,118.0
Yellow-billed Cuckoo,2,4,Feb_W4,0.0,70.0
Yellow-billed Cuckoo,3,1,Mar_W1,0.0,105.0
Yellow-billed Cuckoo,3,2,Mar_W2,0.0,114.0
Yellow-billed Cuckoo,3,3,Mar_W3,0.0,142.0
Yellow-billed Cuckoo,3,4,Mar_W4,0.0,164.0
Yellow-billed Cuckoo,4,1,Apr_W1,0.0,261.0
Yellow-billed Cuckoo,4,2,Apr_W2,0.0,364.0
Yellow-billed Cuckoo,4,3,Apr_W3,0.0,430.0
Yellow-billed Cuckoo,4,4,Apr_W4,0.0,706.0
Yellow-billed Cuckoo,5,1,May_W1,0.0,645.0
Yellow-billed Cuckoo,5,2,May_W2,0.0,774.0
Yellow-billed Cuckoo,5,3,May_W3,0.0,765.0
Yellow-billed Cuckoo,5,4,May_W4,0.0021645,1386.0
Yellow-billed Cuckoo,6,1,Jun_W1,0.0128655,855.0
Yellow-billed Cuckoo,6,2,Jun_W2,0.0079787,752.0
Yellow-billed Cuckoo,6,3,Jun_W3,0.008,625.0
Yellow-billed Cuckoo,6,4,Jun_W4,0.0120805,745.0
Yellow-billed Cuckoo,7,1,Jul_W1,0.0230216,695.0
Yellow-billed Cuckoo,7,2,Jul_W2,0.0056259,711.0
Yellow-billed Cuckoo,7,3,Jul_W3,0.0070299,569.0
Yellow-billed Cuckoo,7,4,Jul_W4,0.0033975,883.0
Yellow-billed Cuckoo,8,1,Aug_W1,0.0065898,607.0
Yellow-billed Cuckoo,8,2,Aug_W2,0.0,639.0
Yellow-billed Cuckoo,8,3,Aug_W3,0.0051195,586.0
Yellow-billed Cuckoo,8,4,Aug_W4,0.0047337,845.0
Yellow-billed Cuckoo,9,1,Sep_W1,0.0037879,528.0
Yellow-billed Cuckoo,9,2,Sep_W2,0.0015314,653.0
Yellow-billed Cuckoo,9,3,Sep_W3,0.0031348,638.0
Yellow-billed Cuckoo,9,4,Sep_W4,0.0015,753.0
Yellow-billed Cuckoo,10,1,Oct_W1,0.0015,630.0
Yellow-billed Cuckoo,10,2,Oct_W2,0.0015,578.0
Yellow-billed Cuckoo,10,3,Oct_W3,0.0015,488.0
Yellow-billed Cuckoo,10,4,Oct_W4,0.0,562.0
Yellow-billed Cuckoo,11,1,Nov_W1,0.0,383.0
Yellow-billed Cuckoo,11,2,Nov_W2,0.0,329.0
Yellow-billed Cuckoo,11,3,Nov_W3,0.0,273.0
Yellow-billed Cuckoo,11,4,Nov_W4,0.0,270.0
Yellow-billed Cuckoo,12,1,Dec_W1,0.0,157.0
Yellow-billed Cuckoo,12,2,Dec_W2,0.0,166.0
Yellow-billed Cuckoo,12,3,Dec_W3,0.0,137.0
Yellow-billed Cuckoo,12,4,Dec_W4,0.0,145.0
Black-billed Cuckoo,1,1,Jan_W1,0.0,185.0
Black-billed Cuckoo,1,2,Jan_W2,0.0,88.0
Black-billed Cuckoo,1,3,Jan_W3,0.0,105.0
Black-billed Cuckoo,1,4,Jan_W4,0.0,140.0
Black-billed Cuckoo,2,1,Feb_W1,0.0,123.0
Black-billed Cuckoo,2,2,Feb_W2,0.0,108.0
Black-billed Cuckoo,2,3,Feb_W3,0.0,118.0
Black-billed Cuckoo,2,4,Feb_W4,0.0,70.0
Black-billed Cuckoo,3,1,Mar_W1,0.0,105.0
Black-billed Cuckoo,3,2,Mar_W2,0.0,114.0
Black-billed Cuckoo,3,3,Mar_W3,0.0,142.0
Black-billed Cuckoo,3,4,Mar_W4,0.0,164.0
Black-billed Cuckoo,4,1,Apr_W1,0.0,261.0
Black-billed Cuckoo,4,2,Apr_W2,0.0,364.0
Black-billed Cuckoo,4,3,Apr_W3,0.0,430.0
Black-billed Cuckoo,4,4,Apr_W4,0.0,706.0
Black-billed Cuckoo,5,1,May_W1,0.0,645.0
Black-billed Cuckoo,5,2,May_W2,0.001292,774.0
Black-billed Cuckoo,5,3,May_W3,0.0026144,765.0
Black-billed Cuckoo,5,4,May_W4,0.010101,1386.0
Black-billed Cuckoo,6,1,Jun_W1,0.0292398,855.0
Black-billed Cuckoo,6,2,Jun_W2,0.0412234,752.0
Black-billed Cuckoo,6,3,Jun_W3,0.0368,625.0
Black-billed Cuckoo,6,4,Jun_W4,0.052349,745.0
Black-billed Cuckoo,7,1,Jul_W1,0.0503597,695.0
Black-billed Cuckoo,7,2,Jul_W2,0.0393812,711.0
Black-billed Cuckoo,7,3,Jul_W3,0.0421793,569.0
Black-billed Cuckoo,7,4,Jul_W4,0.01812,883.0
Black-billed Cuckoo,8,1,Aug_W1,0.014827,607.0
Black-billed Cuckoo,8,2,Aug_W2,0.0109546,639.0
Black-billed Cuckoo,8,3,Aug_W3,0.0051195,586.0
Black-billed Cuckoo,8,4,Aug_W4,0.0023669,845.0
Black-billed Cuckoo,9,1,Sep_W1,0.0018939,528.0
Black-billed Cuckoo,9,2,Sep_W2,0.0061256,653.0
Black-billed Cuckoo,9,3,Sep_W3,0.0031348,638.0
Black-billed Cuckoo,9,4,Sep_W4,0.002656,753.0
Black-billed Cuckoo,10,1,Oct_W1,0.0,630.0
Black-billed Cuckoo,10,2,Oct_W2,0.0,578.0
Black-billed Cuckoo,10,3,Oct_W3,0.0,488.0
Black-billed Cuckoo,10,4,Oct_W4,0.0,562.0
Black-billed Cuckoo,11,1,Nov_W1,0.0,383.0
Black-billed Cuckoo,11,2,Nov_W2,0.0,329.0
Black-billed Cuckoo,11,3,Nov_W3,0.0,273.0
Black-billed Cuckoo,11,4,Nov_W4,0.0,270.0
Black-billed Cuckoo,12,1,Dec_W1,0.0,157.0
Black-billed Cuckoo,12,2,Dec_W2,0.0,166.0
Black-billed Cuckoo,12,3,Dec_W3,0.0,137.0
Black-billed Cuckoo,12,4,Dec_W4,0.0,145.0
Common Nighthawk,1,1,Jan_W1,0.0,185.0
Common Nighthawk,1,2,Jan_W2,0.0,88.0
Common Nighthawk,1,3,Jan_W3,0.0,105.0
Common Nighthawk,1,4,Jan_W4,0.0,140.0
Common Nighthawk,2,1,Feb_W1,0.0,123.0
Common Nighthawk,2,2,Feb_W2,0.0,108.0
Common Nighthawk,2,3,Feb_W3,0.0,118.0
Common Nighthawk,2,4,Feb_W4,0.0,70.0
Common Nighthawk,3,1,Mar_W1,0.0,105.0
Common Nighthawk,3,2,Mar_W2,0.0,114.0
Common Nighthawk,3,3,Mar_W3,0.0,142.0
Common Nighthawk,3,4,Mar_W4,0.0,164.0
Common Nighthawk,4,1,Apr_W1,0.0,261.0
Common Nighthawk,4,2,Apr_W2,0.0,364.0
Common Nighthawk,4,3,Apr_W3,0.0,430.0
Common Nighthawk,4,4,Apr_W4,0.0,706.0
Common Nighthawk,5,1,May_W1,0.0,645.0
Common Nighthawk,5,2,May_W2,0.0,774.0
Common Nighthawk,5,3,May_W3,0.0013072,765.0
Common Nighthawk,5,4,May_W4,0.007215,1386.0
Common Nighthawk,6,1,Jun_W1,0.0105263,855.0
Common Nighthawk,6,2,Jun_W2,0.0093085,752.0
Common Nighthawk,6,3,Jun_W3,0.0064,625.0
Common Nighthawk,6,4,Jun_W4,0.009396,745.0
Common Nighthawk,7,1,Jul_W1,0.0028777,695.0
Common Nighthawk,7,2,Jul_W2,0.0042194,711.0
Common Nighthawk,7,3,Jul_W3,0.0105448,569.0
Common Nighthawk,7,4,Jul_W4,0.00906,883.0
Common Nighthawk,8,1,Aug_W1,0.0098847,607.0
Common Nighthawk,8,2,Aug_W2,0.0031299,639.0
Common Nighthawk,8,3,Aug_W3,0.0102389,586.0
Common Nighthawk,8,4,Aug_W4,0.0071006,845.0
Common Nighthawk,9,1,Sep_W1,0.0056818,528.0
Common Nighthawk,9,2,Sep_W2,0.0015,653.0
Common Nighthawk,9,3,Sep_W3,0.0015674,638.0
Common Nighthawk,9,4,Sep_W4,0.0,753.0
Common Nighthawk,10,1,Oct_W1,0.0,630.0
Common Nighthawk,10,2,Oct_W2,0.0,578.0
Common Nighthawk,10,3,Oct_W3,0.0,488.0
Common Nighthawk,10,4,Oct_W4,0.0,562.0
Common Nighthawk,11,1,Nov_W1,0.0,383.0
Common Nighthawk,11,2,Nov_W2,0.0,329.0
Common Nighthawk,11,3,Nov_W3,0.0,273.0
Common Nighthawk,11,4,Nov_W4,0.0,270.0
Common Nighthawk,12,1,Dec_W1,0.0,157.0
Common Nighthawk,12,2,Dec_W2,0.0,166.0
Common Nighthawk,12,3,Dec_W3,0.0,137.0
Common Nighthawk,12,4,Dec_W4,0.0,145.0
Eastern Whip-poor-will,1,1,Jan_W1,0.0,185.0
Eastern Whip-poor-will,1,2,Jan_W2,0.0,88.0
Eastern Whip-poor-will,1,3,Jan_W3,0.0,105.0
Eastern Whip-poor-will,1,4,Jan_W4,0.0,140.0
Eastern Whip-poor-will,2,1,Feb_W1,0.0,123.0
Eastern Whip-poor-will,2,2,Feb_W2,0.0,108.0
Eastern Whip-poor-will,2,3,Feb_W3,0.0,118.0
Eastern Whip-poor-will,2,4,Feb_W4,0.0,70.0
Eastern Whip-poor-will,3,1,Mar_W1,0.0,105.0
Eastern Whip-poor-will,3,2,Mar_W2,0.0,114.0
Eastern Whip-poor-will,3,3,Mar_W3,0.0,142.0
Eastern Whip-poor-will,3,4,Mar_W4,0.0,164.0
Eastern Whip-poor-will,4,1,Apr_W1,0.0,261.0
Eastern Whip-poor-will,4,2,Apr_W2,0.0,364.0
Eastern Whip-poor-will,4,3,Apr_W3,0.0,430.0
Eastern Whip-poor-will,4,4,Apr_W4,0.0015,706.0
Eastern Whip-poor-will,5,1,May_W1,0.0015504,645.0
Eastern Whip-poor-will,5,2,May_W2,0.0015,774.0
Eastern Whip-poor-will,5,3,May_W3,0.0026144,765.0
Eastern Whip-poor-will,5,4,May_W4,0.0079365,1386.0
Eastern Whip-poor-will,6,1,Jun_W1,0.0035088,855.0
Eastern Whip-poor-will,6,2,Jun_W2,0.0039894,752.0
Eastern Whip-poor-will,6,3,Jun_W3,0.0016,625.0
Eastern Whip-poor-will,6,4,Jun_W4,0.0134228,745.0
Eastern Whip-poor-will,7,1,Jul_W1,0.0028777,695.0
Eastern Whip-poor-will,7,2,Jul_W2,0.0056259,711.0
Eastern Whip-poor-will,7,3,Jul_W3,0.0052724,569.0
Eastern Whip-poor-will,7,4,Jul_W4,0.00453,883.0
Eastern Whip-poor-will,8,1,Aug_W1,0.0,607.0
Eastern Whip-poor-will,8,2,Aug_W2,0.0,639.0
Eastern Whip-poor-will,8,3,Aug_W3,0.0017065,586.0
Eastern Whip-poor-will,8,4,Aug_W4,0.0015,845.0
Eastern Whip-poor-will,9,1,Sep_W1,0.0018939,528.0
Eastern Whip-poor-will,9,2,Sep_W2,0.0,653.0
Eastern Whip-poor-will,9,3,Sep_W3,0.0,638.0
Eastern Whip-poor-will,9,4,Sep_W4,0.0,753.0
Eastern Whip-poor-will,10,1,Oct_W1,0.0,630.0
Eastern Whip-poor-will,10,2,Oct_W2,0.0,578.0
Eastern Whip-poor-will,10,3,Oct_W3,0.0,488.0
Eastern Whip-poor-will,10,4,Oct_W4,0.0,562.0
Eastern Whip-poor-will,11,1,Nov_W1,0.0,383.0
Eastern Whip-poor-will,11,2,Nov_W2,0.0,329.0
Eastern Whip-poor-will,11,3,Nov_W3,0.0,273.0
Eastern Whip-poor-will,11,4,Nov_W4,0.0,270.0
Eastern Whip-poor-will,12,1,Dec_W1,0.0,157.0
Eastern Whip-poor-will,12,2,Dec_W2,0.0,166.0
Eastern Whip-poor-will,12,3,Dec_W3,0.0,137.0
Eastern Whip-poor-will,12,4,Dec_W4,0.0,145.0
Chimney Swift,1,1,Jan_W1,0.0,185.0
Chimney Swift,1,2,Jan_W2,0.0,88.0
Chimney Swift,1,3,Jan_W3,0.0,105.0
Chimney Swift,1,4,Jan_W4,0.0,140.0
Chimney Swift,2,1,Feb_W1,0.0,123.0
Chimney Swift,2,2,Feb_W2,0.0,108.0
Chimney Swift,2,3,Feb_W3,0.0,118.0
Chimney Swift,2,4,Feb_W4,0.0,70.0
Chimney Swift,3,1,Mar_W1,0.0,105.0
Chimney Swift,3,2,Mar_W2,0.0,114.0
Chimney Swift,3,3,Mar_W3,0.0,142.0
Chimney Swift,3,4,Mar_W4,0.0,164.0
Chimney Swift,4,1,Apr_W1,0.0,261.0
Chimney Swift,4,2,Apr_W2,0.0,364.0
Chimney Swift,4,3,Apr_W3,0.0,430.0
Chimney Swift,4,4,Apr_W4,0.0,706.0
Chimney Swift,5,1,May_W1,0.0015,645.0
Chimney Swift,5,2,May_W2,0.003876,774.0
Chimney Swift,5,3,May_W3,0.0078431,765.0
Chimney Swift,5,4,May_W4,0.0252525,1386.0
Chimney Swift,6,1,Jun_W1,0.0397661,855.0
Chimney Swift,6,2,Jun_W2,0.0398936,752.0
Chimney Swift,6,3,Jun_W3,0.048,625.0
Chimney Swift,6,4,Jun_W4,0.0389262,745.0
Chimney Swift,7,1,Jul_W1,0.0230216,695.0
Chimney Swift,7,2,Jul_W2,0.0365682,711.0
Chimney Swift,7,3,Jul_W3,0.026362,569.0
Chimney Swift,7,4,Jul_W4,0.0271801,883.0
Chimney Swift,8,1,Aug_W1,0.029654,607.0
Chimney Swift,8,2,Aug_W2,0.0406886,639.0
Chimney Swift,8,3,Aug_W3,0.0204778,586.0
Chimney Swift,8,4,Aug_W4,0.0153846,845.0
Chimney Swift,9,1,Sep_W1,0.0018939,528.0
Chimney Swift,9,2,Sep_W2,0.0,653.0
Chimney Swift,9,3,Sep_W3,0.0015674,638.0
Chimney Swift,9,4,Sep_W4,0.0,753.0
Chimney Swift,10,1,Oct_W1,0.0,630.0
Chimney Swift,10,2,Oct_W2,0.0,578.0
Chimney Swift,10,3,Oct_W3,0.0,488.0
Chimney Swift,10,4,Oct_W4,0.0,562.0
Chimney Swift,11,1,Nov_W1,0.0,383.0
Chimney Swift,11,2,Nov_W2,0.0,329.0
Chimney Swift,11,3,Nov_W3,0.0,273.0
Chimney Swift,11,4,Nov_W4,0.0,270.0
Chimney Swift,12,1,Dec_W1,0.0,157.0
Chimney Swift,12,2,Dec_W2,0.0,166.0
Chimney Swift,12,3,Dec_W3,0.0,137.0
Chimney Swift,12,4,Dec_W4,0.0,145.0
Mexican Violetear,1,1,Jan_W1,0.0,185.0
Mexican Violetear,1,2,Jan_W2,0.0,88.0
Mexican Violetear,1,3,Jan_W3,0.0,105.0
Mexican Violetear,1,4,Jan_W4,0.0,140.0
Mexican Violetear,2,1,Feb_W1,0.0,123.0
Mexican Violetear,2,2,Feb_W2,0.0,108.0
Mexican Violetear,2,3,Feb_W3,0.0,118.0
Mexican Violetear,2,4,Feb_W4,0.0,70.0
Mexican Violetear,3,1,Mar_W1,0.0,105.0
Mexican Violetear,3,2,Mar_W2,0.0,114.0
Mexican Violetear,3,3,Mar_W3,0.0,142.0
Mexican Violetear,3,4,Mar_W4,0.0,164.0
Mexican Violetear,4,1,Apr_W1,0.0,261.0
Mexican Violetear,4,2,Apr_W2,0.0,364.0
Mexican Violetear,4,3,Apr_W3,0.0,430.0
Mexican Violetear,4,4,Apr_W4,0.0,706.0
Mexican Violetear,5,1,May_W1,0.0,645.0
Mexican Violetear,5,2,May_W2,0.0,774.0
Mexican Violetear,5,3,May_W3,0.0,765.0
Mexican Violetear,5,4,May_W4,0.0,1386.0
Mexican Violetear,6,1,Jun_W1,0.0,855.0
Mexican Violetear,6,2,Jun_W2,0.0,752.0
Mexican Violetear,6,3,Jun_W3,0.0,625.0
Mexican Violetear,6,4,Jun_W4,0.0,745.0
Mexican Violetear,7,1,Jul_W1,0.0015,695.0
Mexican Violetear,7,2,Jul_W2,0.0,711.0
Mexican Violetear,7,3,Jul_W3,0.0,569.0
Mexican Violetear,7,4,Jul_W4,0.0,883.0
Mexican Violetear,8,1,Aug_W1,0.0,607.0
Mexican Violetear,8,2,Aug_W2,0.0,639.0
Mexican Violetear,8,3,Aug_W3,0.0,586.0
Mexican Violetear,8,4,Aug_W4,0.0,845.0
Mexican Violetear,9,1,Sep_W1,0.0,528.0
Mexican Violetear,9,2,Sep_W2,0.0,653.0
Mexican Violetear,9,3,Sep_W3,0.0,638.0
Mexican Violetear,9,4,Sep_W4,0.0,753.0
Mexican Violetear,10,1,Oct_W1,0.0,630.0
Mexican Violetear,10,2,Oct_W2,0.0,578.0
Mexican Violetear,10,3,Oct_W3,0.0,488.0
Mexican Violetear,10,4,Oct_W4,0.0,562.0
Mexican Violetear,11,1,Nov_W1,0.0,383.0
Mexican Violetear,11,2,Nov_W2,0.0,329.0
Mexican Violetear,11,3,Nov_W3,0.0,273.0
Mexican Violetear,11,4,Nov_W4,0.0,270.0
Mexican Violetear,12,1,Dec_W1,0.0,157.0
Mexican Violetear,12,2,Dec_W2,0.0,166.0
Mexican Violetear,12,3,Dec_W3,0.0,137.0
Mexican Violetear,12,4,Dec_W4,0.0,145.0
Ruby-throated Hummingbird,1,1,Jan_W1,0.0,185.0
Ruby-throated Hummingbird,1,2,Jan_W2,0.0,88.0
Ruby-throated Hummingbird,1,3,Jan_W3,0.0,105.0
Ruby-throated Hummingbird,1,4,Jan_W4,0.0,140.0
Ruby-throated Hummingbird,2,1,Feb_W1,0.0,123.0
Ruby-throated Hummingbird,2,2,Feb_W2,0.0,108.0
Ruby-throated Hummingbird,2,3,Feb_W3,0.0,118.0
Ruby-throated Hummingbird,2,4,Feb_W4,0.0,70.0
Ruby-throated Hummingbird,3,1,Mar_W1,0.0,105.0
Ruby-throated Hummingbird,3,2,Mar_W2,0.0,114.0
Ruby-throated Hummingbird,3,3,Mar_W3,0.0,142.0
Ruby-throated Hummingbird,3,4,Mar_W4,0.0,164.0
Ruby-throated Hummingbird,4,1,Apr_W1,0.0,261.0
Ruby-throated Hummingbird,4,2,Apr_W2,0.0,364.0
Ruby-throated Hummingbird,4,3,Apr_W3,0.0,430.0
Ruby-throated Hummingbird,4,4,Apr_W4,0.0,706.0
Ruby-throated Hummingbird,5,1,May_W1,0.0,645.0
Ruby-throated Hummingbird,5,2,May_W2,0.0193798,774.0
Ruby-throated Hummingbird,5,3,May_W3,0.0771242,765.0
Ruby-throated Hummingbird,5,4,May_W4,0.1378066,1386.0
Ruby-throated Hummingbird,6,1,Jun_W1,0.128655,855.0
Ruby-throated Hummingbird,6,2,Jun_W2,0.1396277,752.0
Ruby-throated Hummingbird,6,3,Jun_W3,0.1344,625.0
Ruby-throated Hummingbird,6,4,Jun_W4,0.0993289,745.0
Ruby-throated Hummingbird,7,1,Jul_W1,0.1208633,695.0
Ruby-throated Hummingbird,7,2,Jul_W2,0.0942335,711.0
Ruby-throated Hummingbird,7,3,Jul_W3,0.1036907,569.0
Ruby-throated Hummingbird,7,4,Jul_W4,0.1268403,883.0
Ruby-throated Hummingbird,8,1,Aug_W1,0.1680395,607.0
Ruby-throated Hummingbird,8,2,Aug_W2,0.1674491,639.0
Ruby-throated Hummingbird,8,3,Aug_W3,0.1399317,586.0
Ruby-throated Hummingbird,8,4,Aug_W4,0.1621302,845.0
Ruby-throated Hummingbird,9,1,Sep_W1,0.1363636,528.0
Ruby-throated Hummingbird,9,2,Sep_W2,0.0643185,653.0
Ruby-throated Hummingbird,9,3,Sep_W3,0.023511,638.0
Ruby-throated Hummingbird,9,4,Sep_W4,0.0039841,753.0
Ruby-throated Hummingbird,10,1,Oct_W1,0.0,630.0
Ruby-throated Hummingbird,10,2,Oct_W2,0.0,578.0
Ruby-throated Hummingbird,10,3,Oct_W3,0.0,488.0
Ruby-throated Hummingbird,10,4,Oct_W4,0.0,562.0
Ruby-throated Hummingbird,11,1,Nov_W1,0.0015,383.0
Ruby-throated Hummingbird,11,2,Nov_W2,0.0,329.0
Ruby-throated Hummingbird,11,3,Nov_W3,0.0,273.0
Ruby-throated Hummingbird,11,4,Nov_W4,0.0,270.0
Ruby-throated Hummingbird,12,1,Dec_W1,0.0,157.0
Ruby-throated Hummingbird,12,2,Dec_W2,0.0,166.0
Ruby-throated Hummingbird,12,3,Dec_W3,0.0,137.0
Ruby-throated Hummingbird,12,4,Dec_W4,0.0,145.0
Anna's Hummingbird,1,1,Jan_W1,0.0,185.0
Anna's Hummingbird,1,2,Jan_W2,0.0,88.0
Anna's Hummingbird,1,3,Jan_W3,0.0,105.0
Anna's Hummingbird,1,4,Jan_W4,0.0,140.0
Anna's Hummingbird,2,1,Feb_W1,0.0,123.0
Anna's Hummingbird,2,2,Feb_W2,0.0,108.0
Anna's Hummingbird,2,3,Feb_W3,0.0,118.0
Anna's Hummingbird,2,4,Feb_W4,0.0,70.0
Anna's Hummingbird,3,1,Mar_W1,0.0,105.0
Anna's Hummingbird,3,2,Mar_W2,0.0,114.0
Anna's Hummingbird,3,3,Mar_W3,0.0,142.0
Anna's Hummingbird,3,4,Mar_W4,0.0,164.0
Anna's Hummingbird,4,1,Apr_W1,0.0,261.0
Anna's Hummingbird,4,2,Apr_W2,0.0,364.0
Anna's Hummingbird,4,3,Apr_W3,0.0,430.0
Anna's Hummingbird,4,4,Apr_W4,0.0,706.0
Anna's Hummingbird,5,1,May_W1,0.0,645.0
Anna's Hummingbird,5,2,May_W2,0.0,774.0
Anna's Hummingbird,5,3,May_W3,0.0,765.0
Anna's Hummingbird,5,4,May_W4,0.0,1386.0
Anna's Hummingbird,6,1,Jun_W1,0.0,855.0
Anna's Hummingbird,6,2,Jun_W2,0.0,752.0
Anna's Hummingbird,6,3,Jun_W3,0.0,625.0
Anna's Hummingbird,6,4,Jun_W4,0.0,745.0
Anna's Hummingbird,7,1,Jul_W1,0.0,695.0
Anna's Hummingbird,7,2,Jul_W2,0.0,711.0
Anna's Hummingbird,7,3,Jul_W3,0.0,569.0
Anna's Hummingbird,7,4,Jul_W4,0.0,883.0
Anna's Hummingbird,8,1,Aug_W1,0.0,607.0
Anna's Hummingbird,8,2,Aug_W2,0.0,639.0
Anna's Hummingbird,8,3,Aug_W3,0.0,586.0
Anna's Hummingbird,8,4,Aug_W4,0.0,845.0
Anna's Hummingbird,9,1,Sep_W1,0.0,528.0
Anna's Hummingbird,9,2,Sep_W2,0.0,653.0
Anna's Hummingbird,9,3,Sep_W3,0.0,638.0
Anna's Hummingbird,9,4,Sep_W4,0.0,753.0
Anna's Hummingbird,10,1,Oct_W1,0.0,630.0
Anna's Hummingbird,10,2,Oct_W2,0.0,578.0
Anna's Hummingbird,10,3,Oct_W3,0.0,488.0
Anna's Hummingbird,10,4,Oct_W4,0.0142349,562.0
Anna's Hummingbird,11,1,Nov_W1,0.002611,383.0
Anna's Hummingbird,11,2,Nov_W2,0.0015,329.0
Anna's Hummingbird,11,3,Nov_W3,0.003663,273.0
Anna's Hummingbird,11,4,Nov_W4,0.0,270.0
Anna's Hummingbird,12,1,Dec_W1,0.0,157.0
Anna's Hummingbird,12,2,Dec_W2,0.0,166.0
Anna's Hummingbird,12,3,Dec_W3,0.0,137.0
Anna's Hummingbird,12,4,Dec_W4,0.0,145.0
Broad-billed Hummingbird,1,1,Jan_W1,0.0,185.0
Broad-billed Hummingbird,1,2,Jan_W2,0.0,88.0
Broad-billed Hummingbird,1,3,Jan_W3,0.0,105.0
Broad-billed Hummingbird,1,4,Jan_W4,0.0,140.0
Broad-billed Hummingbird,2,1,Feb_W1,0.0,123.0
Broad-billed Hummingbird,2,2,Feb_W2,0.0,108.0
Broad-billed Hummingbird,2,3,Feb_W3,0.0,118.0
Broad-billed Hummingbird,2,4,Feb_W4,0.0,70.0
Broad-billed Hummingbird,3,1,Mar_W1,0.0,105.0
Broad-billed Hummingbird,3,2,Mar_W2,0.0,114.0
Broad-billed Hummingbird,3,3,Mar_W3,0.0,142.0
Broad-billed Hummingbird,3,4,Mar_W4,0.0,164.0
Broad-billed Hummingbird,4,1,Apr_W1,0.0,261.0
Broad-billed Hummingbird,4,2,Apr_W2,0.0,364.0
Broad-billed Hummingbird,4,3,Apr_W3,0.0,430.0
Broad-billed Hummingbird,4,4,Apr_W4,0.0,706.0
Broad-billed Hummingbird,5,1,May_W1,0.0,645.0
Broad-billed Hummingbird,5,2,May_W2,0.0,774.0
Broad-billed Hummingbird,5,3,May_W3,0.0,765.0
Broad-billed Hummingbird,5,4,May_W4,0.0,1386.0
Broad-billed Hummingbird,6,1,Jun_W1,0.0,855.0
Broad-billed Hummingbird,6,2,Jun_W2,0.0,752.0
Broad-billed Hummingbird,6,3,Jun_W3,0.0112,625.0
Broad-billed Hummingbird,6,4,Jun_W4,0.0,745.0
Broad-billed Hummingbird,7,1,Jul_W1,0.0,695.0
Broad-billed Hummingbird,7,2,Jul_W2,0.0,711.0
Broad-billed Hummingbird,7,3,Jul_W3,0.0,569.0
Broad-billed Hummingbird,7,4,Jul_W4,0.0,883.0
Broad-billed Hummingbird,8,1,Aug_W1,0.0,607.0
Broad-billed Hummingbird,8,2,Aug_W2,0.0,639.0
Broad-billed Hummingbird,8,3,Aug_W3,0.0,586.0
Broad-billed Hummingbird,8,4,Aug_W4,0.0,845.0
Broad-billed Hummingbird,9,1,Sep_W1,0.0,528.0
Broad-billed Hummingbird,9,2,Sep_W2,0.0,653.0
Broad-billed Hummingbird,9,3,Sep_W3,0.0,638.0
Broad-billed Hummingbird,9,4,Sep_W4,0.0,753.0
Broad-billed Hummingbird,10,1,Oct_W1,0.0,630.0
Broad-billed Hummingbird,10,2,Oct_W2,0.0,578.0
Broad-billed Hummingbird,10,3,Oct_W3,0.0,488.0
Broad-billed Hummingbird,10,4,Oct_W4,0.0,562.0
Broad-billed Hummingbird,11,1,Nov_W1,0.0,383.0
Broad-billed Hummingbird,11,2,Nov_W2,0.0,329.0
Broad-billed Hummingbird,11,3,Nov_W3,0.0,273.0
Broad-billed Hummingbird,11,4,Nov_W4,0.0,270.0
Broad-billed Hummingbird,12,1,Dec_W1,0.0,157.0
Broad-billed Hummingbird,12,2,Dec_W2,0.0,166.0
Broad-billed Hummingbird,12,3,Dec_W3,0.0,137.0
Broad-billed Hummingbird,12,4,Dec_W4,0.0,145.0
Berylline Hummingbird,1,1,Jan_W1,0.0,185.0
Berylline Hummingbird,1,2,Jan_W2,0.0,88.0
Berylline Hummingbird,1,3,Jan_W3,0.0,105.0
Berylline Hummingbird,1,4,Jan_W4,0.0,140.0
Berylline Hummingbird,2,1,Feb_W1,0.0,123.0
Berylline Hummingbird,2,2,Feb_W2,0.0,108.0
Berylline Hummingbird,2,3,Feb_W3,0.0,118.0
Berylline Hummingbird,2,4,Feb_W4,0.0,70.0
Berylline Hummingbird,3,1,Mar_W1,0.0,105.0
Berylline Hummingbird,3,2,Mar_W2,0.0,114.0
Berylline Hummingbird,3,3,Mar_W3,0.0,142.0
Berylline Hummingbird,3,4,Mar_W4,0.0,164.0
Berylline Hummingbird,4,1,Apr_W1,0.0,261.0
Berylline Hummingbird,4,2,Apr_W2,0.0,364.0
Berylline Hummingbird,4,3,Apr_W3,0.0,430.0
Berylline Hummingbird,4,4,Apr_W4,0.0,706.0
Berylline Hummingbird,5,1,May_W1,0.0,645.0
Berylline Hummingbird,5,2,May_W2,0.0,774.0
Berylline Hummingbird,5,3,May_W3,0.0,765.0
Berylline Hummingbird,5,4,May_W4,0.0,1386.0
Berylline Hummingbird,6,1,Jun_W1,0.0,855.0
Berylline Hummingbird,6,2,Jun_W2,0.0,752.0
Berylline Hummingbird,6,3,Jun_W3,0.0,625.0
Berylline Hummingbird,6,4,Jun_W4,0.0,745.0
Berylline Hummingbird,7,1,Jul_W1,0.0,695.0
Berylline Hummingbird,7,2,Jul_W2,0.0,711.0
Berylline Hummingbird,7,3,Jul_W3,0.0,569.0
Berylline Hummingbird,7,4,Jul_W4,0.0,883.0
Berylline Hummingbird,8,1,Aug_W1,0.0,607.0
Berylline Hummingbird,8,2,Aug_W2,0.0,639.0
Berylline Hummingbird,8,3,Aug_W3,0.0,586.0
Berylline Hummingbird,8,4,Aug_W4,0.0,845.0
Berylline Hummingbird,9,1,Sep_W1,0.0,528.0
Berylline Hummingbird,9,2,Sep_W2,0.0,653.0
Berylline Hummingbird,9,3,Sep_W3,0.0407524,638.0
Berylline Hummingbird,9,4,Sep_W4,0.002656,753.0
Berylline Hummingbird,10,1,Oct_W1,0.0,630.0
Berylline Hummingbird,10,2,Oct_W2,0.0,578.0
Berylline Hummingbird,10,3,Oct_W3,0.0,488.0
Berylline Hummingbird,10,4,Oct_W4,0.0,562.0
Berylline Hummingbird,11,1,Nov_W1,0.0,383.0
Berylline Hummingbird,11,2,Nov_W2,0.0,329.0
Berylline Hummingbird,11,3,Nov_W3,0.0,273.0
Berylline Hummingbird,11,4,Nov_W4,0.0,270.0
Berylline Hummingbird,12,1,Dec_W1,0.0,157.0
Berylline Hummingbird,12,2,Dec_W2,0.0,166.0
Berylline Hummingbird,12,3,Dec_W3,0.0,137.0
Berylline Hummingbird,12,4,Dec_W4,0.0,145.0
Virginia Rail,1,1,Jan_W1,0.0,185.0
Virginia Rail,1,2,Jan_W2,0.0,88.0
Virginia Rail,1,3,Jan_W3,0.0,105.0
Virginia Rail,1,4,Jan_W4,0.0,140.0
Virginia Rail,2,1,Feb_W1,0.0,123.0
Virginia Rail,2,2,Feb_W2,0.0,108.0
Virginia Rail,2,3,Feb_W3,0.0,118.0
Virginia Rail,2,4,Feb_W4,0.0,70.0
Virginia Rail,3,1,Mar_W1,0.0,105.0
Virginia Rail,3,2,Mar_W2,0.0,114.0
Virginia Rail,3,3,Mar_W3,0.0,142.0
Virginia Rail,3,4,Mar_W4,0.0,164.0
Virginia Rail,4,1,Apr_W1,0.0,261.0
Virginia Rail,4,2,Apr_W2,0.0027473,364.0
Virginia Rail,4,3,Apr_W3,0.0046512,430.0
Virginia Rail,4,4,Apr_W4,0.0014164,706.0
Virginia Rail,5,1,May_W1,0.0015504,645.0
Virginia Rail,5,2,May_W2,0.001292,774.0
Virginia Rail,5,3,May_W3,0.0169935,765.0
Virginia Rail,5,4,May_W4,0.0122655,1386.0
Virginia Rail,6,1,Jun_W1,0.0105263,855.0
Virginia Rail,6,2,Jun_W2,0.0119681,752.0
Virginia Rail,6,3,Jun_W3,0.0144,625.0
Virginia Rail,6,4,Jun_W4,0.0107383,745.0
Virginia Rail,7,1,Jul_W1,0.0086331,695.0
Virginia Rail,7,2,Jul_W2,0.0056259,711.0
Virginia Rail,7,3,Jul_W3,0.0,569.0
Virginia Rail,7,4,Jul_W4,0.0033975,883.0
Virginia Rail,8,1,Aug_W1,0.0082372,607.0
Virginia Rail,8,2,Aug_W2,0.0046948,639.0
Virginia Rail,8,3,Aug_W3,0.003413,586.0
Virginia Rail,8,4,Aug_W4,0.0023669,845.0
Virginia Rail,9,1,Sep_W1,0.0,528.0
Virginia Rail,9,2,Sep_W2,0.0,653.0
Virginia Rail,9,3,Sep_W3,0.0,638.0
Virginia Rail,9,4,Sep_W4,0.0,753.0
Virginia Rail,10,1,Oct_W1,0.0,630.0
Virginia Rail,10,2,Oct_W2,0.0,578.0
Virginia Rail,10,3,Oct_W3,0.0,488.0
Virginia Rail,10,4,Oct_W4,0.0,562.0
Virginia Rail,11,1,Nov_W1,0.0,383.0
Virginia Rail,11,2,Nov_W2,0.0,329.0
Virginia Rail,11,3,Nov_W3,0.0,273.0
Virginia Rail,11,4,Nov_W4,0.0,270.0
Virginia Rail,12,1,Dec_W1,0.0,157.0
Virginia Rail,12,2,Dec_W2,0.0,166.0
Virginia Rail,12,3,Dec_W3,0.0,137.0
Virginia Rail,12,4,Dec_W4,0.0,145.0
Sora,1,1,Jan_W1,0.0,185.0
Sora,1,2,Jan_W2,0.0,88.0
Sora,1,3,Jan_W3,0.0,105.0
Sora,1,4,Jan_W4,0.0,140.0
Sora,2,1,Feb_W1,0.0,123.0
Sora,2,2,Feb_W2,0.0,108.0
Sora,2,3,Feb_W3,0.0,118.0
Sora,2,4,Feb_W4,0.0,70.0
Sora,3,1,Mar_W1,0.0,105.0
Sora,3,2,Mar_W2,0.0,114.0
Sora,3,3,Mar_W3,0.0,142.0
Sora,3,4,Mar_W4,0.0,164.0
Sora,4,1,Apr_W1,0.0,261.0
Sora,4,2,Apr_W2,0.0,364.0
Sora,4,3,Apr_W3,0.0,430.0
Sora,4,4,Apr_W4,0.0028329,706.0
Sora,5,1,May_W1,0.0015504,645.0
Sora,5,2,May_W2,0.002584,774.0
Sora,5,3,May_W3,0.0052288,765.0
Sora,5,4,May_W4,0.0079365,1386.0
Sora,6,1,Jun_W1,0.0116959,855.0
Sora,6,2,Jun_W2,0.0093085,752.0
Sora,6,3,Jun_W3,0.0048,625.0
Sora,6,4,Jun_W4,0.009396,745.0
Sora,7,1,Jul_W1,0.0086331,695.0
Sora,7,2,Jul_W2,0.0042194,711.0
Sora,7,3,Jul_W3,0.0035149,569.0
Sora,7,4,Jul_W4,0.0033975,883.0
Sora,8,1,Aug_W1,0.0015,607.0
Sora,8,2,Aug_W2,0.0031299,639.0
Sora,8,3,Aug_W3,0.0017065,586.0
Sora,8,4,Aug_W4,0.0011834,845.0
Sora,9,1,Sep_W1,0.0,528.0
Sora,9,2,Sep_W2,0.0045942,653.0
Sora,9,3,Sep_W3,0.0,638.0
Sora,9,4,Sep_W4,0.0,753.0
Sora,10,1,Oct_W1,0.0,630.0
Sora,10,2,Oct_W2,0.0,578.0
Sora,10,3,Oct_W3,0.0,488.0
Sora,10,4,Oct_W4,0.0,562.0
Sora,11,1,Nov_W1,0.0,383.0
Sora,11,2,Nov_W2,0.0,329.0
Sora,11,3,Nov_W3,0.0,273.0
Sora,11,4,Nov_W4,0.0,270.0
Sora,12,1,Dec_W1,0.0,157.0
Sora,12,2,Dec_W2,0.0,166.0
Sora,12,3,Dec_W3,0.0,137.0
Sora,12,4,Dec_W4,0.0,145.0
Common Gallinule,1,1,Jan_W1,0.0,185.0
Common Gallinule,1,2,Jan_W2,0.0,88.0
Common Gallinule,1,3,Jan_W3,0.0,105.0
Common Gallinule,1,4,Jan_W4,0.0,140.0
Common Gallinule,2,1,Feb_W1,0.0,123.0
Common Gallinule,2,2,Feb_W2,0.0,108.0
Common Gallinule,2,3,Feb_W3,0.0,118.0
Common Gallinule,2,4,Feb_W4,0.0,70.0
Common Gallinule,3,1,Mar_W1,0.0,105.0
Common Gallinule,3,2,Mar_W2,0.0,114.0
Common Gallinule,3,3,Mar_W3,0.0,142.0
Common Gallinule,3,4,Mar_W4,0.0,164.0
Common Gallinule,4,1,Apr_W1,0.0,261.0
Common Gallinule,4,2,Apr_W2,0.0,364.0
Common Gallinule,4,3,Apr_W3,0.0,430.0
Common Gallinule,4,4,Apr_W4,0.0,706.0
Common Gallinule,5,1,May_W1,0.0,645.0
Common Gallinule,5,2,May_W2,0.0015,774.0
Common Gallinule,5,3,May_W3,0.0,765.0
Common Gallinule,5,4,May_W4,0.0,1386.0
Common Gallinule,6,1,Jun_W1,0.0,855.0
Common Gallinule,6,2,Jun_W2,0.0,752.0
Common Gallinule,6,3,Jun_W3,0.0,625.0
Common Gallinule,6,4,Jun_W4,0.0,745.0
Common Gallinule,7,1,Jul_W1,0.0,695.0
Common Gallinule,7,2,Jul_W2,0.0,711.0
Common Gallinule,7,3,Jul_W3,0.0,569.0
Common Gallinule,7,4,Jul_W4,0.0,883.0
Common Gallinule,8,1,Aug_W1,0.0,607.0
Common Gallinule,8,2,Aug_W2,0.0,639.0
Common Gallinule,8,3,Aug_W3,0.0,586.0
Common Gallinule,8,4,Aug_W4,0.0,845.0
Common Gallinule,9,1,Sep_W1,0.0,528.0
Common Gallinule,9,2,Sep_W2,0.0,653.0
Common Gallinule,9,3,Sep_W3,0.0,638.0
Common Gallinule,9,4,Sep_W4,0.0,753.0
Common Gallinule,10,1,Oct_W1,0.0,630.0
Common Gallinule,10,2,Oct_W2,0.0,578.0
Common Gallinule,10,3,Oct_W3,0.0,488.0
Common Gallinule,10,4,Oct_W4,0.0,562.0
Common Gallinule,11,1,Nov_W1,0.0,383.0
Common Gallinule,11,2,Nov_W2,0.0,329.0
Common Gallinule,11,3,Nov_W3,0.0,273.0
Common Gallinule,11,4,Nov_W4,0.0,270.0
Common Gallinule,12,1,Dec_W1,0.0,157.0
Common Gallinule,12,2,Dec_W2,0.0,166.0
Common Gallinule,12,3,Dec_W3,0.0,137.0
Common Gallinule,12,4,Dec_W4,0.0,145.0
American Coot,1,1,Jan_W1,0.0,185.0
American Coot,1,2,Jan_W2,0.0,88.0
American Coot,1,3,Jan_W3,0.0,105.0
American Coot,1,4,Jan_W4,0.0,140.0
American Coot,2,1,Feb_W1,0.0,123.0
American Coot,2,2,Feb_W2,0.0,108.0
American Coot,2,3,Feb_W3,0.0,118.0
American Coot,2,4,Feb_W4,0.0,70.0
American Coot,3,1,Mar_W1,0.0,105.0
American Coot,3,2,Mar_W2,0.0,114.0
American Coot,3,3,Mar_W3,0.0,142.0
American Coot,3,4,Mar_W4,0.0,164.0
American Coot,4,1,Apr_W1,0.0,261.0
American Coot,4,2,Apr_W2,0.0,364.0
American Coot,4,3,Apr_W3,0.0023256,430.0
American Coot,4,4,Apr_W4,0.0056657,706.0
American Coot,5,1,May_W1,0.0015504,645.0
American Coot,5,2,May_W2,0.0,774.0
American Coot,5,3,May_W3,0.0015,765.0
American Coot,5,4,May_W4,0.001443,1386.0
American Coot,6,1,Jun_W1,0.0011696,855.0
American Coot,6,2,Jun_W2,0.0,752.0
American Coot,6,3,Jun_W3,0.0016,625.0
American Coot,6,4,Jun_W4,0.0,745.0
American Coot,7,1,Jul_W1,0.0015,695.0
American Coot,7,2,Jul_W2,0.0,711.0
American Coot,7,3,Jul_W3,0.0015,569.0
American Coot,7,4,Jul_W4,0.0,883.0
American Coot,8,1,Aug_W1,0.0,607.0
American Coot,8,2,Aug_W2,0.0,639.0
American Coot,8,3,Aug_W3,0.0017065,586.0
American Coot,8,4,Aug_W4,0.0,845.0
American Coot,9,1,Sep_W1,0.0,528.0
American Coot,9,2,Sep_W2,0.0030628,653.0
American Coot,9,3,Sep_W3,0.0015674,638.0
American Coot,9,4,Sep_W4,0.0106242,753.0
American Coot,10,1,Oct_W1,0.0063492,630.0
American Coot,10,2,Oct_W2,0.0103806,578.0
American Coot,10,3,Oct_W3,0.0163934,488.0
American Coot,10,4,Oct_W4,0.0106762,562.0
American Coot,11,1,Nov_W1,0.0104439,383.0
American Coot,11,2,Nov_W2,0.0030395,329.0
American Coot,11,3,Nov_W3,0.007326,273.0
American Coot,11,4,Nov_W4,0.0074074,270.0
American Coot,12,1,Dec_W1,0.0063694,157.0
American Coot,12,2,Dec_W2,0.0120482,166.0
American Coot,12,3,Dec_W3,0.0,137.0
American Coot,12,4,Dec_W4,0.0,145.0
Yellow Rail,1,1,Jan_W1,0.0,185.0
Yellow Rail,1,2,Jan_W2,0.0,88.0
Yellow Rail,1,3,Jan_W3,0.0,105.0
Yellow Rail,1,4,Jan_W4,0.0,140.0
Yellow Rail,2,1,Feb_W1,0.0,123.0
Yellow Rail,2,2,Feb_W2,0.0,108.0
Yellow Rail,2,3,Feb_W3,0.0,118.0
Yellow Rail,2,4,Feb_W4,0.0,70.0
Yellow Rail,3,1,Mar_W1,0.0,105.0
Yellow Rail,3,2,Mar_W2,0.0,114.0
Yellow Rail,3,3,Mar_W3,0.0,142.0
Yellow Rail,3,4,Mar_W4,0.0,164.0
Yellow Rail,4,1,Apr_W1,0.0,261.0
Yellow Rail,4,2,Apr_W2,0.0,364.0
Yellow Rail,4,3,Apr_W3,0.0,430.0
Yellow Rail,4,4,Apr_W4,0.0,706.0
Yellow Rail,5,1,May_W1,0.0,645.0
Yellow Rail,5,2,May_W2,0.0015,774.0
Yellow Rail,5,3,May_W3,0.0,765.0
Yellow Rail,5,4,May_W4,0.0007215,1386.0
Yellow Rail,6,1,Jun_W1,0.0,855.0
Yellow Rail,6,2,Jun_W2,0.0013298,752.0
Yellow Rail,6,3,Jun_W3,0.0,625.0
Yellow Rail,6,4,Jun_W4,0.0,745.0
Yellow Rail,7,1,Jul_W1,0.0,695.0
Yellow Rail,7,2,Jul_W2,0.0,711.0
Yellow Rail,7,3,Jul_W3,0.0,569.0
Yellow Rail,7,4,Jul_W4,0.0,883.0
Yellow Rail,8,1,Aug_W1,0.0,607.0
Yellow Rail,8,2,Aug_W2,0.0,639.0
Yellow Rail,8,3,Aug_W3,0.0,586.0
Yellow Rail,8,4,Aug_W4,0.0,845.0
Yellow Rail,9,1,Sep_W1,0.0,528.0
Yellow Rail,9,2,Sep_W2,0.0,653.0
Yellow Rail,9,3,Sep_W3,0.0,638.0
Yellow Rail,9,4,Sep_W4,0.0,753.0
Yellow Rail,10,1,Oct_W1,0.0,630.0
Yellow Rail,10,2,Oct_W2,0.0,578.0
Yellow Rail,10,3,Oct_W3,0.0,488.0
Yellow Rail,10,4,Oct_W4,0.0,562.0
Yellow Rail,11,1,Nov_W1,0.0,383.0
Yellow Rail,11,2,Nov_W2,0.0,329.0
Yellow Rail,11,3,Nov_W3,0.0,273.0
Yellow Rail,11,4,Nov_W4,0.0,270.0
Yellow Rail,12,1,Dec_W1,0.0,157.0
Yellow Rail,12,2,Dec_W2,0.0,166.0
Yellow Rail,12,3,Dec_W3,0.0,137.0
Yellow Rail,12,4,Dec_W4,0.0,145.0
Sandhill Crane,1,1,Jan_W1,0.0,185.0
Sandhill Crane,1,2,Jan_W2,0.0,88.0
Sandhill Crane,1,3,Jan_W3,0.0,105.0
Sandhill Crane,1,4,Jan_W4,0.0,140.0
Sandhill Crane,2,1,Feb_W1,0.0,123.0
Sandhill Crane,2,2,Feb_W2,0.0,108.0
Sandhill Crane,2,3,Feb_W3,0.0,118.0
Sandhill Crane,2,4,Feb_W4,0.0,70.0
Sandhill Crane,3,1,Mar_W1,0.0,105.0
Sandhill Crane,3,2,Mar_W2,0.0087719,114.0
Sandhill Crane,3,3,Mar_W3,0.0140845,142.0
Sandhill Crane,3,4,Mar_W4,0.0182927,164.0
Sandhill Crane,4,1,Apr_W1,0.137931,261.0
Sandhill Crane,4,2,Apr_W2,0.2692308,364.0
Sandhill Crane,4,3,Apr_W3,0.2046512,430.0
Sandhill Crane,4,4,Apr_W4,0.1671388,706.0
Sandhill Crane,5,1,May_W1,0.1643411,645.0
Sandhill Crane,5,2,May_W2,0.1550388,774.0
Sandhill Crane,5,3,May_W3,0.1202614,765.0
Sandhill Crane,5,4,May_W4,0.1341991,1386.0
Sandhill Crane,6,1,Jun_W1,0.1239766,855.0
Sandhill Crane,6,2,Jun_W2,0.1329787,752.0
Sandhill Crane,6,3,Jun_W3,0.096,625.0
Sandhill Crane,6,4,Jun_W4,0.0818792,745.0
Sandhill Crane,7,1,Jul_W1,0.0776978,695.0
Sandhill Crane,7,2,Jul_W2,0.0872011,711.0
Sandhill Crane,7,3,Jul_W3,0.1089631,569.0
Sandhill Crane,7,4,Jul_W4,0.1234428,883.0
Sandhill Crane,8,1,Aug_W1,0.1202636,607.0
Sandhill Crane,8,2,Aug_W2,0.1079812,639.0
Sandhill Crane,8,3,Aug_W3,0.1382253,586.0
Sandhill Crane,8,4,Aug_W4,0.1573964,845.0
Sandhill Crane,9,1,Sep_W1,0.1231061,528.0
Sandhill Crane,9,2,Sep_W2,0.101072,653.0
Sandhill Crane,9,3,Sep_W3,0.0956113,638.0
Sandhill Crane,9,4,Sep_W4,0.065073,753.0
Sandhill Crane,10,1,Oct_W1,0.0269841,630.0
Sandhill Crane,10,2,Oct_W2,0.0017301,578.0
Sandhill Crane,10,3,Oct_W3,0.0020492,488.0
Sandhill Crane,10,4,Oct_W4,0.0,562.0
Sandhill Crane,11,1,Nov_W1,0.0,383.0
Sandhill Crane,11,2,Nov_W2,0.0,329.0
Sandhill Crane,11,3,Nov_W3,0.0,273.0
Sandhill Crane,11,4,Nov_W4,0.0,270.0
Sandhill Crane,12,1,Dec_W1,0.0,157.0
Sandhill Crane,12,2,Dec_W2,0.0,166.0
Sandhill Crane,12,3,Dec_W3,0.0,137.0
Sandhill Crane,12,4,Dec_W4,0.0,145.0
American Avocet,1,1,Jan_W1,0.0,185.0
American Avocet,1,2,Jan_W2,0.0,88.0
American Avocet,1,3,Jan_W3,0.0,105.0
American Avocet,1,4,Jan_W4,0.0,140.0
American Avocet,2,1,Feb_W1,0.0,123.0
American Avocet,2,2,Feb_W2,0.0,108.0
American Avocet,2,3,Feb_W3,0.0,118.0
American Avocet,2,4,Feb_W4,0.0,70.0
American Avocet,3,1,Mar_W1,0.0,105.0
American Avocet,3,2,Mar_W2,0.0,114.0
American Avocet,3,3,Mar_W3,0.0,142.0
American Avocet,3,4,Mar_W4,0.0,164.0
American Avocet,4,1,Apr_W1,0.0,261.0
American Avocet,4,2,Apr_W2,0.0,364.0
American Avocet,4,3,Apr_W3,0.0,430.0
American Avocet,4,4,Apr_W4,0.0,706.0
American Avocet,5,1,May_W1,0.0,645.0
American Avocet,5,2,May_W2,0.0,774.0
American Avocet,5,3,May_W3,0.0,765.0
American Avocet,5,4,May_W4,0.0007215,1386.0
American Avocet,6,1,Jun_W1,0.0,855.0
American Avocet,6,2,Jun_W2,0.0,752.0
American Avocet,6,3,Jun_W3,0.0,625.0
American Avocet,6,4,Jun_W4,0.0015,745.0
American Avocet,7,1,Jul_W1,0.0,695.0
American Avocet,7,2,Jul_W2,0.0,711.0
American Avocet,7,3,Jul_W3,0.0,569.0
American Avocet,7,4,Jul_W4,0.002265,883.0
American Avocet,8,1,Aug_W1,0.0,607.0
American Avocet,8,2,Aug_W2,0.0,639.0
American Avocet,8,3,Aug_W3,0.003413,586.0
American Avocet,8,4,Aug_W4,0.0047337,845.0
American Avocet,9,1,Sep_W1,0.0,528.0
American Avocet,9,2,Sep_W2,0.0,653.0
American Avocet,9,3,Sep_W3,0.0,638.0
American Avocet,9,4,Sep_W4,0.0,753.0
American Avocet,10,1,Oct_W1,0.0031746,630.0
American Avocet,10,2,Oct_W2,0.0017301,578.0
American Avocet,10,3,Oct_W3,0.0,488.0
American Avocet,10,4,Oct_W4,0.0160142,562.0
American Avocet,11,1,Nov_W1,0.0,383.0
American Avocet,11,2,Nov_W2,0.0,329.0
American Avocet,11,3,Nov_W3,0.0,273.0
American Avocet,11,4,Nov_W4,0.0,270.0
American Avocet,12,1,Dec_W1,0.0,157.0
American Avocet,12,2,Dec_W2,0.0,166.0
American Avocet,12,3,Dec_W3,0.0,137.0
American Avocet,12,4,Dec_W4,0.0,145.0
Black-bellied Plover,1,1,Jan_W1,0.0,185.0
Black-bellied Plover,1,2,Jan_W2,0.0,88.0
Black-bellied Plover,1,3,Jan_W3,0.0,105.0
Black-bellied Plover,1,4,Jan_W4,0.0,140.0
Black-bellied Plover,2,1,Feb_W1,0.0,123.0
Black-bellied Plover,2,2,Feb_W2,0.0,108.0
Black-bellied Plover,2,3,Feb_W3,0.0,118.0
Black-bellied Plover,2,4,Feb_W4,0.0,70.0
Black-bellied Plover,3,1,Mar_W1,0.0,105.0
Black-bellied Plover,3,2,Mar_W2,0.0,114.0
Black-bellied Plover,3,3,Mar_W3,0.0,142.0
Black-bellied Plover,3,4,Mar_W4,0.0,164.0
Black-bellied Plover,4,1,Apr_W1,0.0,261.0
Black-bellied Plover,4,2,Apr_W2,0.0,364.0
Black-bellied Plover,4,3,Apr_W3,0.0,430.0
Black-bellied Plover,4,4,Apr_W4,0.0,706.0
Black-bellied Plover,5,1,May_W1,0.0031008,645.0
Black-bellied Plover,5,2,May_W2,0.003876,774.0
Black-bellied Plover,5,3,May_W3,0.0444444,765.0
Black-bellied Plover,5,4,May_W4,0.034632,1386.0
Black-bellied Plover,6,1,Jun_W1,0.0245614,855.0
Black-bellied Plover,6,2,Jun_W2,0.0066489,752.0
Black-bellied Plover,6,3,Jun_W3,0.0015,625.0
Black-bellied Plover,6,4,Jun_W4,0.0,745.0
Black-bellied Plover,7,1,Jul_W1,0.0,695.0
Black-bellied Plover,7,2,Jul_W2,0.0,711.0
Black-bellied Plover,7,3,Jul_W3,0.0017575,569.0
Black-bellied Plover,7,4,Jul_W4,0.0011325,883.0
Black-bellied Plover,8,1,Aug_W1,0.0065898,607.0
Black-bellied Plover,8,2,Aug_W2,0.0046948,639.0
Black-bellied Plover,8,3,Aug_W3,0.0102389,586.0
Black-bellied Plover,8,4,Aug_W4,0.0106509,845.0
Black-bellied Plover,9,1,Sep_W1,0.0170455,528.0
Black-bellied Plover,9,2,Sep_W2,0.042879,653.0
Black-bellied Plover,9,3,Sep_W3,0.0611285,638.0
Black-bellied Plover,9,4,Sep_W4,0.0424967,753.0
Black-bellied Plover,10,1,Oct_W1,0.0174603,630.0
Black-bellied Plover,10,2,Oct_W2,0.0086505,578.0
Black-bellied Plover,10,3,Oct_W3,0.0040984,488.0
Black-bellied Plover,10,4,Oct_W4,0.0071174,562.0
Black-bellied Plover,11,1,Nov_W1,0.0130548,383.0
Black-bellied Plover,11,2,Nov_W2,0.0091185,329.0
Black-bellied Plover,11,3,Nov_W3,0.0,273.0
Black-bellied Plover,11,4,Nov_W4,0.0,270.0
Black-bellied Plover,12,1,Dec_W1,0.0,157.0
Black-bellied Plover,12,2,Dec_W2,0.0,166.0
Black-bellied Plover,12,3,Dec_W3,0.0,137.0
Black-bellied Plover,12,4,Dec_W4,0.0,145.0
American Golden-Plover,1,1,Jan_W1,0.0,185.0
American Golden-Plover,1,2,Jan_W2,0.0,88.0
American Golden-Plover,1,3,Jan_W3,0.0,105.0
American Golden-Plover,1,4,Jan_W4,0.0,140.0
American Golden-Plover,2,1,Feb_W1,0.0,123.0
American Golden-Plover,2,2,Feb_W2,0.0,108.0
American Golden-Plover,2,3,Feb_W3,0.0,118.0
American Golden-Plover,2,4,Feb_W4,0.0,70.0
American Golden-Plover,3,1,Mar_W1,0.0,105.0
American Golden-Plover,3,2,Mar_W2,0.0,114.0
American Golden-Plover,3,3,Mar_W3,0.0,142.0
American Golden-Plover,3,4,Mar_W4,0.0,164.0
American Golden-Plover,4,1,Apr_W1,0.0,261.0
American Golden-Plover,4,2,Apr_W2,0.0,364.0
American Golden-Plover,4,3,Apr_W3,0.0,430.0
American Golden-Plover,4,4,Apr_W4,0.0,706.0
American Golden-Plover,5,1,May_W1,0.0,645.0
American Golden-Plover,5,2,May_W2,0.0015,774.0
American Golden-Plover,5,3,May_W3,0.0013072,765.0
American Golden-Plover,5,4,May_W4,0.0007215,1386.0
American Golden-Plover,6,1,Jun_W1,0.0023392,855.0
American Golden-Plover,6,2,Jun_W2,0.0,752.0
American Golden-Plover,6,3,Jun_W3,0.0,625.0
American Golden-Plover,6,4,Jun_W4,0.0,745.0
American Golden-Plover,7,1,Jul_W1,0.0,695.0
American Golden-Plover,7,2,Jul_W2,0.0,711.0
American Golden-Plover,7,3,Jul_W3,0.0,569.0
American Golden-Plover,7,4,Jul_W4,0.0,883.0
American Golden-Plover,8,1,Aug_W1,0.0,607.0
American Golden-Plover,8,2,Aug_W2,0.0,639.0
American Golden-Plover,8,3,Aug_W3,0.0017065,586.0
American Golden-Plover,8,4,Aug_W4,0.0130178,845.0
American Golden-Plover,9,1,Sep_W1,0.0151515,528.0
American Golden-Plover,9,2,Sep_W2,0.0137825,653.0
American Golden-Plover,9,3,Sep_W3,0.0564263,638.0
American Golden-Plover,9,4,Sep_W4,0.0717131,753.0
American Golden-Plover,10,1,Oct_W1,0.0603175,630.0
American Golden-Plover,10,2,Oct_W2,0.0242215,578.0
American Golden-Plover,10,3,Oct_W3,0.0389344,488.0
American Golden-Plover,10,4,Oct_W4,0.019573,562.0
American Golden-Plover,11,1,Nov_W1,0.0078329,383.0
American Golden-Plover,11,2,Nov_W2,0.0,329.0
American Golden-Plover,11,3,Nov_W3,0.0,273.0
American Golden-Plover,11,4,Nov_W4,0.0,270.0
American Golden-Plover,12,1,Dec_W1,0.0,157.0
American Golden-Plover,12,2,Dec_W2,0.0,166.0
American Golden-Plover,12,3,Dec_W3,0.0,137.0
American Golden-Plover,12,4,Dec_W4,0.0,145.0
Killdeer,1,1,Jan_W1,0.0,185.0
Killdeer,1,2,Jan_W2,0.0,88.0
Killdeer,1,3,Jan_W3,0.0,105.0
Killdeer,1,4,Jan_W4,0.0,140.0
Killdeer,2,1,Feb_W1,0.0,123.0
Killdeer,2,2,Feb_W2,0.0,108.0
Killdeer,2,3,Feb_W3,0.0,118.0
Killdeer,2,4,Feb_W4,0.0,70.0
Killdeer,3,1,Mar_W1,0.0,105.0
Killdeer,3,2,Mar_W2,0.0,114.0
Killdeer,3,3,Mar_W3,0.0211268,142.0
Killdeer,3,4,Mar_W4,0.0121951,164.0
Killdeer,4,1,Apr_W1,0.0344828,261.0
Killdeer,4,2,Apr_W2,0.0604396,364.0
Killdeer,4,3,Apr_W3,0.0488372,430.0
Killdeer,4,4,Apr_W4,0.1558074,706.0
Killdeer,5,1,May_W1,0.1767442,645.0
Killdeer,5,2,May_W2,0.1666667,774.0
Killdeer,5,3,May_W3,0.130719,765.0
Killdeer,5,4,May_W4,0.0945166,1386.0
Killdeer,6,1,Jun_W1,0.0736842,855.0
Killdeer,6,2,Jun_W2,0.0545213,752.0
Killdeer,6,3,Jun_W3,0.0512,625.0
Killdeer,6,4,Jun_W4,0.042953,745.0
Killdeer,7,1,Jul_W1,0.0345324,695.0
Killdeer,7,2,Jul_W2,0.0379747,711.0
Killdeer,7,3,Jul_W3,0.0544815,569.0
Killdeer,7,4,Jul_W4,0.0486976,883.0
Killdeer,8,1,Aug_W1,0.0428336,607.0
Killdeer,8,2,Aug_W2,0.0438185,639.0
Killdeer,8,3,Aug_W3,0.056314,586.0
Killdeer,8,4,Aug_W4,0.0449704,845.0
Killdeer,9,1,Sep_W1,0.0265152,528.0
Killdeer,9,2,Sep_W2,0.0168453,653.0
Killdeer,9,3,Sep_W3,0.023511,638.0
Killdeer,9,4,Sep_W4,0.0159363,753.0
Killdeer,10,1,Oct_W1,0.0095238,630.0
Killdeer,10,2,Oct_W2,0.0034602,578.0
Killdeer,10,3,Oct_W3,0.0,488.0
Killdeer,10,4,Oct_W4,0.0071174,562.0
Killdeer,11,1,Nov_W1,0.0,383.0
Killdeer,11,2,Nov_W2,0.0,329.0
Killdeer,11,3,Nov_W3,0.0,273.0
Killdeer,11,4,Nov_W4,0.0,270.0
Killdeer,12,1,Dec_W1,0.0,157.0
Killdeer,12,2,Dec_W2,0.0,166.0
Killdeer,12,3,Dec_W3,0.0,137.0
Killdeer,12,4,Dec_W4,0.0,145.0
Semipalmated Plover,1,1,Jan_W1,0.0,185.0
Semipalmated Plover,1,2,Jan_W2,0.0,88.0
Semipalmated Plover,1,3,Jan_W3,0.0,105.0
Semipalmated Plover,1,4,Jan_W4,0.0,140.0
Semipalmated Plover,2,1,Feb_W1,0.0,123.0
Semipalmated Plover,2,2,Feb_W2,0.0,108.0
Semipalmated Plover,2,3,Feb_W3,0.0,118.0
Semipalmated Plover,2,4,Feb_W4,0.0,70.0
Semipalmated Plover,3,1,Mar_W1,0.0,105.0
Semipalmated Plover,3,2,Mar_W2,0.0,114.0
Semipalmated Plover,3,3,Mar_W3,0.0,142.0
Semipalmated Plover,3,4,Mar_W4,0.0,164.0
Semipalmated Plover,4,1,Apr_W1,0.0,261.0
Semipalmated Plover,4,2,Apr_W2,0.0,364.0
Semipalmated Plover,4,3,Apr_W3,0.0,430.0
Semipalmated Plover,4,4,Apr_W4,0.0042493,706.0
Semipalmated Plover,5,1,May_W1,0.0046512,645.0
Semipalmated Plover,5,2,May_W2,0.0206718,774.0
Semipalmated Plover,5,3,May_W3,0.0993464,765.0
Semipalmated Plover,5,4,May_W4,0.1075036,1386.0
Semipalmated Plover,6,1,Jun_W1,0.0678363,855.0
Semipalmated Plover,6,2,Jun_W2,0.0199468,752.0
Semipalmated Plover,6,3,Jun_W3,0.0032,625.0
Semipalmated Plover,6,4,Jun_W4,0.0026846,745.0
Semipalmated Plover,7,1,Jul_W1,0.0014388,695.0
Semipalmated Plover,7,2,Jul_W2,0.0015,711.0
Semipalmated Plover,7,3,Jul_W3,0.0087873,569.0
Semipalmated Plover,7,4,Jul_W4,0.0260476,883.0
Semipalmated Plover,8,1,Aug_W1,0.0411862,607.0
Semipalmated Plover,8,2,Aug_W2,0.0782473,639.0
Semipalmated Plover,8,3,Aug_W3,0.1296928,586.0
Semipalmated Plover,8,4,Aug_W4,0.216568,845.0
Semipalmated Plover,9,1,Sep_W1,0.1931818,528.0
Semipalmated Plover,9,2,Sep_W2,0.1408882,653.0
Semipalmated Plover,9,3,Sep_W3,0.0721003,638.0
Semipalmated Plover,9,4,Sep_W4,0.0106242,753.0
Semipalmated Plover,10,1,Oct_W1,0.0015873,630.0
Semipalmated Plover,10,2,Oct_W2,0.0,578.0
Semipalmated Plover,10,3,Oct_W3,0.0020492,488.0
Semipalmated Plover,10,4,Oct_W4,0.0,562.0
Semipalmated Plover,11,1,Nov_W1,0.0,383.0
Semipalmated Plover,11,2,Nov_W2,0.0,329.0
Semipalmated Plover,11,3,Nov_W3,0.0,273.0
Semipalmated Plover,11,4,Nov_W4,0.0,270.0
Semipalmated Plover,12,1,Dec_W1,0.0,157.0
Semipalmated Plover,12,2,Dec_W2,0.0,166.0
Semipalmated Plover,12,3,Dec_W3,0.0,137.0
Semipalmated Plover,12,4,Dec_W4,0.0,145.0
Piping Plover,1,1,Jan_W1,0.0,185.0
Piping Plover,1,2,Jan_W2,0.0,88.0
Piping Plover,1,3,Jan_W3,0.0,105.0
Piping Plover,1,4,Jan_W4,0.0,140.0
Piping Plover,2,1,Feb_W1,0.0,123.0
Piping Plover,2,2,Feb_W2,0.0,108.0
Piping Plover,2,3,Feb_W3,0.0,118.0
Piping Plover,2,4,Feb_W4,0.0,70.0
Piping Plover,3,1,Mar_W1,0.0,105.0
Piping Plover,3,2,Mar_W2,0.0,114.0
Piping Plover,3,3,Mar_W3,0.0,142.0
Piping Plover,3,4,Mar_W4,0.0,164.0
Piping Plover,4,1,Apr_W1,0.0,261.0
Piping Plover,4,2,Apr_W2,0.0,364.0
Piping Plover,4,3,Apr_W3,0.0,430.0
Piping Plover,4,4,Apr_W4,0.0015,706.0
Piping Plover,5,1,May_W1,0.0031008,645.0
Piping Plover,5,2,May_W2,0.0284238,774.0
Piping Plover,5,3,May_W3,0.0339869,765.0
Piping Plover,5,4,May_W4,0.0180375,1386.0
Piping Plover,6,1,Jun_W1,0.0292398,855.0
Piping Plover,6,2,Jun_W2,0.0079787,752.0
Piping Plover,6,3,Jun_W3,0.024,625.0
Piping Plover,6,4,Jun_W4,0.009396,745.0
Piping Plover,7,1,Jul_W1,0.0057554,695.0
Piping Plover,7,2,Jul_W2,0.0098453,711.0
Piping Plover,7,3,Jul_W3,0.0123023,569.0
Piping Plover,7,4,Jul_W4,0.00453,883.0
Piping Plover,8,1,Aug_W1,0.0049423,607.0
Piping Plover,8,2,Aug_W2,0.0015649,639.0
Piping Plover,8,3,Aug_W3,0.0068259,586.0
Piping Plover,8,4,Aug_W4,0.0071006,845.0
Piping Plover,9,1,Sep_W1,0.0018939,528.0
Piping Plover,9,2,Sep_W2,0.0015314,653.0
Piping Plover,9,3,Sep_W3,0.0,638.0
Piping Plover,9,4,Sep_W4,0.0,753.0
Piping Plover,10,1,Oct_W1,0.0,630.0
Piping Plover,10,2,Oct_W2,0.0,578.0
Piping Plover,10,3,Oct_W3,0.0,488.0
Piping Plover,10,4,Oct_W4,0.0,562.0
Piping Plover,11,1,Nov_W1,0.0,383.0
Piping Plover,11,2,Nov_W2,0.0,329.0
Piping Plover,11,3,Nov_W3,0.0,273.0
Piping Plover,11,4,Nov_W4,0.0,270.0
Piping Plover,12,1,Dec_W1,0.0,157.0
Piping Plover,12,2,Dec_W2,0.0,166.0
Piping Plover,12,3,Dec_W3,0.0,137.0
Piping Plover,12,4,Dec_W4,0.0,145.0
Wilson's Plover,1,1,Jan_W1,0.0,185.0
Wilson's Plover,1,2,Jan_W2,0.0,88.0
Wilson's Plover,1,3,Jan_W3,0.0,105.0
Wilson's Plover,1,4,Jan_W4,0.0,140.0
Wilson's Plover,2,1,Feb_W1,0.0,123.0
Wilson's Plover,2,2,Feb_W2,0.0,108.0
Wilson's Plover,2,3,Feb_W3,0.0,118.0
Wilson's Plover,2,4,Feb_W4,0.0,70.0
Wilson's Plover,3,1,Mar_W1,0.0,105.0
Wilson's Plover,3,2,Mar_W2,0.0,114.0
Wilson's Plover,3,3,Mar_W3,0.0,142.0
Wilson's Plover,3,4,Mar_W4,0.0,164.0
Wilson's Plover,4,1,Apr_W1,0.0,261.0
Wilson's Plover,4,2,Apr_W2,0.0,364.0
Wilson's Plover,4,3,Apr_W3,0.0,430.0
Wilson's Plover,4,4,Apr_W4,0.0,706.0
Wilson's Plover,5,1,May_W1,0.0,645.0
Wilson's Plover,5,2,May_W2,0.0413437,774.0
Wilson's Plover,5,3,May_W3,0.0091503,765.0
Wilson's Plover,5,4,May_W4,0.0,1386.0
Wilson's Plover,6,1,Jun_W1,0.0,855.0
Wilson's Plover,6,2,Jun_W2,0.0,752.0
Wilson's Plover,6,3,Jun_W3,0.0,625.0
Wilson's Plover,6,4,Jun_W4,0.0,745.0
Wilson's Plover,7,1,Jul_W1,0.0,695.0
Wilson's Plover,7,2,Jul_W2,0.0,711.0
Wilson's Plover,7,3,Jul_W3,0.0,569.0
Wilson's Plover,7,4,Jul_W4,0.0,883.0
Wilson's Plover,8,1,Aug_W1,0.0,607.0
Wilson's Plover,8,2,Aug_W2,0.0,639.0
Wilson's Plover,8,3,Aug_W3,0.0,586.0
Wilson's Plover,8,4,Aug_W4,0.0,845.0
Wilson's Plover,9,1,Sep_W1,0.0,528.0
Wilson's Plover,9,2,Sep_W2,0.0,653.0
Wilson's Plover,9,3,Sep_W3,0.0,638.0
Wilson's Plover,9,4,Sep_W4,0.0,753.0
Wilson's Plover,10,1,Oct_W1,0.0,630.0
Wilson's Plover,10,2,Oct_W2,0.0,578.0
Wilson's Plover,10,3,Oct_W3,0.0,488.0
Wilson's Plover,10,4,Oct_W4,0.0,562.0
Wilson's Plover,11,1,Nov_W1,0.0,383.0
Wilson's Plover,11,2,Nov_W2,0.0,329.0
Wilson's Plover,11,3,Nov_W3,0.0,273.0
Wilson's Plover,11,4,Nov_W4,0.0,270.0
Wilson's Plover,12,1,Dec_W1,0.0,157.0
Wilson's Plover,12,2,Dec_W2,0.0,166.0
Wilson's Plover,12,3,Dec_W3,0.0,137.0
Wilson's Plover,12,4,Dec_W4,0.0,145.0
Upland Sandpiper,1,1,Jan_W1,0.0,185.0
Upland Sandpiper,1,2,Jan_W2,0.0,88.0
Upland Sandpiper,1,3,Jan_W3,0.0,105.0
Upland Sandpiper,1,4,Jan_W4,0.0,140.0
Upland Sandpiper,2,1,Feb_W1,0.0,123.0
Upland Sandpiper,2,2,Feb_W2,0.0,108.0
Upland Sandpiper,2,3,Feb_W3,0.0,118.0
Upland Sandpiper,2,4,Feb_W4,0.0,70.0
Upland Sandpiper,3,1,Mar_W1,0.0,105.0
Upland Sandpiper,3,2,Mar_W2,0.0,114.0
Upland Sandpiper,3,3,Mar_W3,0.0,142.0
Upland Sandpiper,3,4,Mar_W4,0.0,164.0
Upland Sandpiper,4,1,Apr_W1,0.0,261.0
Upland Sandpiper,4,2,Apr_W2,0.0,364.0
Upland Sandpiper,4,3,Apr_W3,0.0,430.0
Upland Sandpiper,4,4,Apr_W4,0.0,706.0
Upland Sandpiper,5,1,May_W1,0.0015504,645.0
Upland Sandpiper,5,2,May_W2,0.003876,774.0
Upland Sandpiper,5,3,May_W3,0.0013072,765.0
Upland Sandpiper,5,4,May_W4,0.0122655,1386.0
Upland Sandpiper,6,1,Jun_W1,0.0116959,855.0
Upland Sandpiper,6,2,Jun_W2,0.018617,752.0
Upland Sandpiper,6,3,Jun_W3,0.0208,625.0
Upland Sandpiper,6,4,Jun_W4,0.009396,745.0
Upland Sandpiper,7,1,Jul_W1,0.0071942,695.0
Upland Sandpiper,7,2,Jul_W2,0.0014065,711.0
Upland Sandpiper,7,3,Jul_W3,0.0052724,569.0
Upland Sandpiper,7,4,Jul_W4,0.0011325,883.0
Upland Sandpiper,8,1,Aug_W1,0.0,607.0
Upland Sandpiper,8,2,Aug_W2,0.0,639.0
Upland Sandpiper,8,3,Aug_W3,0.0,586.0
Upland Sandpiper,8,4,Aug_W4,0.0,845.0
Upland Sandpiper,9,1,Sep_W1,0.0,528.0
Upland Sandpiper,9,2,Sep_W2,0.0,653.0
Upland Sandpiper,9,3,Sep_W3,0.0015,638.0
Upland Sandpiper,9,4,Sep_W4,0.0,753.0
Upland Sandpiper,10,1,Oct_W1,0.0,630.0
Upland Sandpiper,10,2,Oct_W2,0.0,578.0
Upland Sandpiper,10,3,Oct_W3,0.0,488.0
Upland Sandpiper,10,4,Oct_W4,0.0,562.0
Upland Sandpiper,11,1,Nov_W1,0.0,383.0
Upland Sandpiper,11,2,Nov_W2,0.0,329.0
Upland Sandpiper,11,3,Nov_W3,0.0,273.0
Upland Sandpiper,11,4,Nov_W4,0.0,270.0
Upland Sandpiper,12,1,Dec_W1,0.0,157.0
Upland Sandpiper,12,2,Dec_W2,0.0,166.0
Upland Sandpiper,12,3,Dec_W3,0.0,137.0
Upland Sandpiper,12,4,Dec_W4,0.0,145.0
Hudsonian Whimbrel,1,1,Jan_W1,0.0,185.0
Hudsonian Whimbrel,1,2,Jan_W2,0.0,88.0
Hudsonian Whimbrel,1,3,Jan_W3,0.0,105.0
Hudsonian Whimbrel,1,4,Jan_W4,0.0,140.0
Hudsonian Whimbrel,2,1,Feb_W1,0.0,123.0
Hudsonian Whimbrel,2,2,Feb_W2,0.0,108.0
Hudsonian Whimbrel,2,3,Feb_W3,0.0,118.0
Hudsonian Whimbrel,2,4,Feb_W4,0.0,70.0
Hudsonian Whimbrel,3,1,Mar_W1,0.0,105.0
Hudsonian Whimbrel,3,2,Mar_W2,0.0,114.0
Hudsonian Whimbrel,3,3,Mar_W3,0.0,142.0
Hudsonian Whimbrel,3,4,Mar_W4,0.0,164.0
Hudsonian Whimbrel,4,1,Apr_W1,0.0,261.0
Hudsonian Whimbrel,4,2,Apr_W2,0.0,364.0
Hudsonian Whimbrel,4,3,Apr_W3,0.0,430.0
Hudsonian Whimbrel,4,4,Apr_W4,0.0,706.0
Hudsonian Whimbrel,5,1,May_W1,0.0,645.0
Hudsonian Whimbrel,5,2,May_W2,0.0,774.0
Hudsonian Whimbrel,5,3,May_W3,0.0052288,765.0
Hudsonian Whimbrel,5,4,May_W4,0.0064935,1386.0
Hudsonian Whimbrel,6,1,Jun_W1,0.0140351,855.0
Hudsonian Whimbrel,6,2,Jun_W2,0.0066489,752.0
Hudsonian Whimbrel,6,3,Jun_W3,0.0112,625.0
Hudsonian Whimbrel,6,4,Jun_W4,0.0026846,745.0
Hudsonian Whimbrel,7,1,Jul_W1,0.0,695.0
Hudsonian Whimbrel,7,2,Jul_W2,0.0014065,711.0
Hudsonian Whimbrel,7,3,Jul_W3,0.0015,569.0
Hudsonian Whimbrel,7,4,Jul_W4,0.0,883.0
Hudsonian Whimbrel,8,1,Aug_W1,0.0016474,607.0
Hudsonian Whimbrel,8,2,Aug_W2,0.0015,639.0
Hudsonian Whimbrel,8,3,Aug_W3,0.0015,586.0
Hudsonian Whimbrel,8,4,Aug_W4,0.008284,845.0
Hudsonian Whimbrel,9,1,Sep_W1,0.0094697,528.0
Hudsonian Whimbrel,9,2,Sep_W2,0.0,653.0
Hudsonian Whimbrel,9,3,Sep_W3,0.0015674,638.0
Hudsonian Whimbrel,9,4,Sep_W4,0.0,753.0
Hudsonian Whimbrel,10,1,Oct_W1,0.0015,630.0
Hudsonian Whimbrel,10,2,Oct_W2,0.0,578.0
Hudsonian Whimbrel,10,3,Oct_W3,0.0,488.0
Hudsonian Whimbrel,10,4,Oct_W4,0.0,562.0
Hudsonian Whimbrel,11,1,Nov_W1,0.0,383.0
Hudsonian Whimbrel,11,2,Nov_W2,0.0,329.0
Hudsonian Whimbrel,11,3,Nov_W3,0.0,273.0
Hudsonian Whimbrel,11,4,Nov_W4,0.0,270.0
Hudsonian Whimbrel,12,1,Dec_W1,0.0,157.0
Hudsonian Whimbrel,12,2,Dec_W2,0.0,166.0
Hudsonian Whimbrel,12,3,Dec_W3,0.0,137.0
Hudsonian Whimbrel,12,4,Dec_W4,0.0,145.0
Hudsonian Godwit,1,1,Jan_W1,0.0,185.0
Hudsonian Godwit,1,2,Jan_W2,0.0,88.0
Hudsonian Godwit,1,3,Jan_W3,0.0,105.0
Hudsonian Godwit,1,4,Jan_W4,0.0,140.0
Hudsonian Godwit,2,1,Feb_W1,0.0,123.0
Hudsonian Godwit,2,2,Feb_W2,0.0,108.0
Hudsonian Godwit,2,3,Feb_W3,0.0,118.0
Hudsonian Godwit,2,4,Feb_W4,0.0,70.0
Hudsonian Godwit,3,1,Mar_W1,0.0,105.0
Hudsonian Godwit,3,2,Mar_W2,0.0,114.0
Hudsonian Godwit,3,3,Mar_W3,0.0,142.0
Hudsonian Godwit,3,4,Mar_W4,0.0,164.0
Hudsonian Godwit,4,1,Apr_W1,0.0,261.0
Hudsonian Godwit,4,2,Apr_W2,0.0,364.0
Hudsonian Godwit,4,3,Apr_W3,0.0,430.0
Hudsonian Godwit,4,4,Apr_W4,0.0,706.0
Hudsonian Godwit,5,1,May_W1,0.0,645.0
Hudsonian Godwit,5,2,May_W2,0.0,774.0
Hudsonian Godwit,5,3,May_W3,0.0013072,765.0
Hudsonian Godwit,5,4,May_W4,0.001443,1386.0
Hudsonian Godwit,6,1,Jun_W1,0.0,855.0
Hudsonian Godwit,6,2,Jun_W2,0.0,752.0
Hudsonian Godwit,6,3,Jun_W3,0.0,625.0
Hudsonian Godwit,6,4,Jun_W4,0.0,745.0
Hudsonian Godwit,7,1,Jul_W1,0.0,695.0
Hudsonian Godwit,7,2,Jul_W2,0.0,711.0
Hudsonian Godwit,7,3,Jul_W3,0.0,569.0
Hudsonian Godwit,7,4,Jul_W4,0.0,883.0
Hudsonian Godwit,8,1,Aug_W1,0.0,607.0
Hudsonian Godwit,8,2,Aug_W2,0.0,639.0
Hudsonian Godwit,8,3,Aug_W3,0.0,586.0
Hudsonian Godwit,8,4,Aug_W4,0.0011834,845.0
Hudsonian Godwit,9,1,Sep_W1,0.0,528.0
Hudsonian Godwit,9,2,Sep_W2,0.0,653.0
Hudsonian Godwit,9,3,Sep_W3,0.0,638.0
Hudsonian Godwit,9,4,Sep_W4,0.0,753.0
Hudsonian Godwit,10,1,Oct_W1,0.0,630.0
Hudsonian Godwit,10,2,Oct_W2,0.0,578.0
Hudsonian Godwit,10,3,Oct_W3,0.0,488.0
Hudsonian Godwit,10,4,Oct_W4,0.0,562.0
Hudsonian Godwit,11,1,Nov_W1,0.0,383.0
Hudsonian Godwit,11,2,Nov_W2,0.0,329.0
Hudsonian Godwit,11,3,Nov_W3,0.0,273.0
Hudsonian Godwit,11,4,Nov_W4,0.0,270.0
Hudsonian Godwit,12,1,Dec_W1,0.0,157.0
Hudsonian Godwit,12,2,Dec_W2,0.0,166.0
Hudsonian Godwit,12,3,Dec_W3,0.0,137.0
Hudsonian Godwit,12,4,Dec_W4,0.0,145.0
Marbled Godwit,1,1,Jan_W1,0.0,185.0
Marbled Godwit,1,2,Jan_W2,0.0,88.0
Marbled Godwit,1,3,Jan_W3,0.0,105.0
Marbled Godwit,1,4,Jan_W4,0.0,140.0
Marbled Godwit,2,1,Feb_W1,0.0,123.0
Marbled Godwit,2,2,Feb_W2,0.0,108.0
Marbled Godwit,2,3,Feb_W3,0.0,118.0
Marbled Godwit,2,4,Feb_W4,0.0,70.0
Marbled Godwit,3,1,Mar_W1,0.0,105.0
Marbled Godwit,3,2,Mar_W2,0.0,114.0
Marbled Godwit,3,3,Mar_W3,0.0,142.0
Marbled Godwit,3,4,Mar_W4,0.0,164.0
Marbled Godwit,4,1,Apr_W1,0.0,261.0
Marbled Godwit,4,2,Apr_W2,0.0,364.0
Marbled Godwit,4,3,Apr_W3,0.0,430.0
Marbled Godwit,4,4,Apr_W4,0.0,706.0
Marbled Godwit,5,1,May_W1,0.0,645.0
Marbled Godwit,5,2,May_W2,0.0,774.0
Marbled Godwit,5,3,May_W3,0.0013072,765.0
Marbled Godwit,5,4,May_W4,0.001443,1386.0
Marbled Godwit,6,1,Jun_W1,0.0,855.0
Marbled Godwit,6,2,Jun_W2,0.0,752.0
Marbled Godwit,6,3,Jun_W3,0.0,625.0
Marbled Godwit,6,4,Jun_W4,0.0,745.0
Marbled Godwit,7,1,Jul_W1,0.0,695.0
Marbled Godwit,7,2,Jul_W2,0.0,711.0
Marbled Godwit,7,3,Jul_W3,0.0,569.0
Marbled Godwit,7,4,Jul_W4,0.0,883.0
Marbled Godwit,8,1,Aug_W1,0.0,607.0
Marbled Godwit,8,2,Aug_W2,0.0,639.0
Marbled Godwit,8,3,Aug_W3,0.0,586.0
Marbled Godwit,8,4,Aug_W4,0.0,845.0
Marbled Godwit,9,1,Sep_W1,0.0,528.0
Marbled Godwit,9,2,Sep_W2,0.0,653.0
Marbled Godwit,9,3,Sep_W3,0.0,638.0
Marbled Godwit,9,4,Sep_W4,0.0,753.0
Marbled Godwit,10,1,Oct_W1,0.0,630.0
Marbled Godwit,10,2,Oct_W2,0.0,578.0
Marbled Godwit,10,3,Oct_W3,0.0,488.0
Marbled Godwit,10,4,Oct_W4,0.0,562.0
Marbled Godwit,11,1,Nov_W1,0.0,383.0
Marbled Godwit,11,2,Nov_W2,0.0,329.0
Marbled Godwit,11,3,Nov_W3,0.0,273.0
Marbled Godwit,11,4,Nov_W4,0.0,270.0
Marbled Godwit,12,1,Dec_W1,0.0,157.0
Marbled Godwit,12,2,Dec_W2,0.0,166.0
Marbled Godwit,12,3,Dec_W3,0.0,137.0
Marbled Godwit,12,4,Dec_W4,0.0,145.0
Short-billed Dowitcher,1,1,Jan_W1,0.0,185.0
Short-billed Dowitcher,1,2,Jan_W2,0.0,88.0
Short-billed Dowitcher,1,3,Jan_W3,0.0,105.0
Short-billed Dowitcher,1,4,Jan_W4,0.0,140.0
Short-billed Dowitcher,2,1,Feb_W1,0.0,123.0
Short-billed Dowitcher,2,2,Feb_W2,0.0,108.0
Short-billed Dowitcher,2,3,Feb_W3,0.0,118.0
Short-billed Dowitcher,2,4,Feb_W4,0.0,70.0
Short-billed Dowitcher,3,1,Mar_W1,0.0,105.0
Short-billed Dowitcher,3,2,Mar_W2,0.0,114.0
Short-billed Dowitcher,3,3,Mar_W3,0.0,142.0
Short-billed Dowitcher,3,4,Mar_W4,0.0,164.0
Short-billed Dowitcher,4,1,Apr_W1,0.0,261.0
Short-billed Dowitcher,4,2,Apr_W2,0.0,364.0
Short-billed Dowitcher,4,3,Apr_W3,0.0,430.0
Short-billed Dowitcher,4,4,Apr_W4,0.0,706.0
Short-billed Dowitcher,5,1,May_W1,0.0,645.0
Short-billed Dowitcher,5,2,May_W2,0.0090439,774.0
Short-billed Dowitcher,5,3,May_W3,0.0130719,765.0
Short-billed Dowitcher,5,4,May_W4,0.0036075,1386.0
Short-billed Dowitcher,6,1,Jun_W1,0.0,855.0
Short-billed Dowitcher,6,2,Jun_W2,0.0,752.0
Short-billed Dowitcher,6,3,Jun_W3,0.0,625.0
Short-billed Dowitcher,6,4,Jun_W4,0.0,745.0
Short-billed Dowitcher,7,1,Jul_W1,0.0,695.0
Short-billed Dowitcher,7,2,Jul_W2,0.0,711.0
Short-billed Dowitcher,7,3,Jul_W3,0.0,569.0
Short-billed Dowitcher,7,4,Jul_W4,0.0,883.0
Short-billed Dowitcher,8,1,Aug_W1,0.0016474,607.0
Short-billed Dowitcher,8,2,Aug_W2,0.0062598,639.0
Short-billed Dowitcher,8,3,Aug_W3,0.0015,586.0
Short-billed Dowitcher,8,4,Aug_W4,0.0035503,845.0
Short-billed Dowitcher,9,1,Sep_W1,0.0,528.0
Short-billed Dowitcher,9,2,Sep_W2,0.0015314,653.0
Short-billed Dowitcher,9,3,Sep_W3,0.0,638.0
Short-billed Dowitcher,9,4,Sep_W4,0.0,753.0
Short-billed Dowitcher,10,1,Oct_W1,0.0,630.0
Short-billed Dowitcher,10,2,Oct_W2,0.0,578.0
Short-billed Dowitcher,10,3,Oct_W3,0.0,488.0
Short-billed Dowitcher,10,4,Oct_W4,0.0,562.0
Short-billed Dowitcher,11,1,Nov_W1,0.0,383.0
Short-billed Dowitcher,11,2,Nov_W2,0.0,329.0
Short-billed Dowitcher,11,3,Nov_W3,0.0,273.0
Short-billed Dowitcher,11,4,Nov_W4,0.0,270.0
Short-billed Dowitcher,12,1,Dec_W1,0.0,157.0
Short-billed Dowitcher,12,2,Dec_W2,0.0,166.0
Short-billed Dowitcher,12,3,Dec_W3,0.0,137.0
Short-billed Dowitcher,12,4,Dec_W4,0.0,145.0
Long-billed Dowitcher,1,1,Jan_W1,0.0,185.0
Long-billed Dowitcher,1,2,Jan_W2,0.0,88.0
Long-billed Dowitcher,1,3,Jan_W3,0.0,105.0
Long-billed Dowitcher,1,4,Jan_W4,0.0,140.0
Long-billed Dowitcher,2,1,Feb_W1,0.0,123.0
Long-billed Dowitcher,2,2,Feb_W2,0.0,108.0
Long-billed Dowitcher,2,3,Feb_W3,0.0,118.0
Long-billed Dowitcher,2,4,Feb_W4,0.0,70.0
Long-billed Dowitcher,3,1,Mar_W1,0.0,105.0
Long-billed Dowitcher,3,2,Mar_W2,0.0,114.0
Long-billed Dowitcher,3,3,Mar_W3,0.0,142.0
Long-billed Dowitcher,3,4,Mar_W4,0.0,164.0
Long-billed Dowitcher,4,1,Apr_W1,0.0,261.0
Long-billed Dowitcher,4,2,Apr_W2,0.0,364.0
Long-billed Dowitcher,4,3,Apr_W3,0.0,430.0
Long-billed Dowitcher,4,4,Apr_W4,0.0,706.0
Long-billed Dowitcher,5,1,May_W1,0.0,645.0
Long-billed Dowitcher,5,2,May_W2,0.0,774.0
Long-billed Dowitcher,5,3,May_W3,0.0,765.0
Long-billed Dowitcher,5,4,May_W4,0.0,1386.0
Long-billed Dowitcher,6,1,Jun_W1,0.0,855.0
Long-billed Dowitcher,6,2,Jun_W2,0.0,752.0
Long-billed Dowitcher,6,3,Jun_W3,0.0,625.0
Long-billed Dowitcher,6,4,Jun_W4,0.0013423,745.0
Long-billed Dowitcher,7,1,Jul_W1,0.0,695.0
Long-billed Dowitcher,7,2,Jul_W2,0.0,711.0
Long-billed Dowitcher,7,3,Jul_W3,0.0,569.0
Long-billed Dowitcher,7,4,Jul_W4,0.0,883.0
Long-billed Dowitcher,8,1,Aug_W1,0.0,607.0
Long-billed Dowitcher,8,2,Aug_W2,0.0,639.0
Long-billed Dowitcher,8,3,Aug_W3,0.0,586.0
Long-billed Dowitcher,8,4,Aug_W4,0.0,845.0
Long-billed Dowitcher,9,1,Sep_W1,0.0,528.0
Long-billed Dowitcher,9,2,Sep_W2,0.0,653.0
Long-billed Dowitcher,9,3,Sep_W3,0.0,638.0
Long-billed Dowitcher,9,4,Sep_W4,0.0,753.0
Long-billed Dowitcher,10,1,Oct_W1,0.0,630.0
Long-billed Dowitcher,10,2,Oct_W2,0.0,578.0
Long-billed Dowitcher,10,3,Oct_W3,0.0,488.0
Long-billed Dowitcher,10,4,Oct_W4,0.0,562.0
Long-billed Dowitcher,11,1,Nov_W1,0.0,383.0
Long-billed Dowitcher,11,2,Nov_W2,0.0,329.0
Long-billed Dowitcher,11,3,Nov_W3,0.0,273.0
Long-billed Dowitcher,11,4,Nov_W4,0.0,270.0
Long-billed Dowitcher,12,1,Dec_W1,0.0,157.0
Long-billed Dowitcher,12,2,Dec_W2,0.0,166.0
Long-billed Dowitcher,12,3,Dec_W3,0.0,137.0
Long-billed Dowitcher,12,4,Dec_W4,0.0,145.0
American Woodcock,1,1,Jan_W1,0.0,185.0
American Woodcock,1,2,Jan_W2,0.0,88.0
American Woodcock,1,3,Jan_W3,0.0,105.0
American Woodcock,1,4,Jan_W4,0.0,140.0
American Woodcock,2,1,Feb_W1,0.0,123.0
American Woodcock,2,2,Feb_W2,0.0,108.0
American Woodcock,2,3,Feb_W3,0.0,118.0
American Woodcock,2,4,Feb_W4,0.0,70.0
American Woodcock,3,1,Mar_W1,0.0,105.0
American Woodcock,3,2,Mar_W2,0.0,114.0
American Woodcock,3,3,Mar_W3,0.0,142.0
American Woodcock,3,4,Mar_W4,0.0060976,164.0
American Woodcock,4,1,Apr_W1,0.0076628,261.0
American Woodcock,4,2,Apr_W2,0.0302198,364.0
American Woodcock,4,3,Apr_W3,0.0186047,430.0
American Woodcock,4,4,Apr_W4,0.0127479,706.0
American Woodcock,5,1,May_W1,0.0093023,645.0
American Woodcock,5,2,May_W2,0.0064599,774.0
American Woodcock,5,3,May_W3,0.0039216,765.0
American Woodcock,5,4,May_W4,0.0079365,1386.0
American Woodcock,6,1,Jun_W1,0.005848,855.0
American Woodcock,6,2,Jun_W2,0.0039894,752.0
American Woodcock,6,3,Jun_W3,0.0032,625.0
American Woodcock,6,4,Jun_W4,0.0015,745.0
American Woodcock,7,1,Jul_W1,0.0014388,695.0
American Woodcock,7,2,Jul_W2,0.0028129,711.0
American Woodcock,7,3,Jul_W3,0.0017575,569.0
American Woodcock,7,4,Jul_W4,0.002265,883.0
American Woodcock,8,1,Aug_W1,0.0032949,607.0
American Woodcock,8,2,Aug_W2,0.0015649,639.0
American Woodcock,8,3,Aug_W3,0.0015,586.0
American Woodcock,8,4,Aug_W4,0.0,845.0
American Woodcock,9,1,Sep_W1,0.0,528.0
American Woodcock,9,2,Sep_W2,0.0,653.0
American Woodcock,9,3,Sep_W3,0.0015674,638.0
American Woodcock,9,4,Sep_W4,0.0,753.0
American Woodcock,10,1,Oct_W1,0.0015,630.0
American Woodcock,10,2,Oct_W2,0.0,578.0
American Woodcock,10,3,Oct_W3,0.0015,488.0
American Woodcock,10,4,Oct_W4,0.0017794,562.0
American Woodcock,11,1,Nov_W1,0.0015,383.0
American Woodcock,11,2,Nov_W2,0.0,329.0
American Woodcock,11,3,Nov_W3,0.0,273.0
American Woodcock,11,4,Nov_W4,0.0,270.0
American Woodcock,12,1,Dec_W1,0.0,157.0
American Woodcock,12,2,Dec_W2,0.0,166.0
American Woodcock,12,3,Dec_W3,0.0,137.0
American Woodcock,12,4,Dec_W4,0.0,145.0
Wilson's Snipe,1,1,Jan_W1,0.0,185.0
Wilson's Snipe,1,2,Jan_W2,0.0,88.0
Wilson's Snipe,1,3,Jan_W3,0.0,105.0
Wilson's Snipe,1,4,Jan_W4,0.0,140.0
Wilson's Snipe,2,1,Feb_W1,0.0,123.0
Wilson's Snipe,2,2,Feb_W2,0.0,108.0
Wilson's Snipe,2,3,Feb_W3,0.0,118.0
Wilson's Snipe,2,4,Feb_W4,0.0,70.0
Wilson's Snipe,3,1,Mar_W1,0.0,105.0
Wilson's Snipe,3,2,Mar_W2,0.0,114.0
Wilson's Snipe,3,3,Mar_W3,0.0,142.0
Wilson's Snipe,3,4,Mar_W4,0.0,164.0
Wilson's Snipe,4,1,Apr_W1,0.0,261.0
Wilson's Snipe,4,2,Apr_W2,0.0137363,364.0
Wilson's Snipe,4,3,Apr_W3,0.0139535,430.0
Wilson's Snipe,4,4,Apr_W4,0.0368272,706.0
Wilson's Snipe,5,1,May_W1,0.0403101,645.0
Wilson's Snipe,5,2,May_W2,0.0155039,774.0
Wilson's Snipe,5,3,May_W3,0.0104575,765.0
Wilson's Snipe,5,4,May_W4,0.0108225,1386.0
Wilson's Snipe,6,1,Jun_W1,0.0140351,855.0
Wilson's Snipe,6,2,Jun_W2,0.0199468,752.0
Wilson's Snipe,6,3,Jun_W3,0.0112,625.0
Wilson's Snipe,6,4,Jun_W4,0.0187919,745.0
Wilson's Snipe,7,1,Jul_W1,0.0086331,695.0
Wilson's Snipe,7,2,Jul_W2,0.0070323,711.0
Wilson's Snipe,7,3,Jul_W3,0.0052724,569.0
Wilson's Snipe,7,4,Jul_W4,0.00453,883.0
Wilson's Snipe,8,1,Aug_W1,0.0098847,607.0
Wilson's Snipe,8,2,Aug_W2,0.0125196,639.0
Wilson's Snipe,8,3,Aug_W3,0.003413,586.0
Wilson's Snipe,8,4,Aug_W4,0.008284,845.0
Wilson's Snipe,9,1,Sep_W1,0.0075758,528.0
Wilson's Snipe,9,2,Sep_W2,0.0091884,653.0
Wilson's Snipe,9,3,Sep_W3,0.015674,638.0
Wilson's Snipe,9,4,Sep_W4,0.0092961,753.0
Wilson's Snipe,10,1,Oct_W1,0.0079365,630.0
Wilson's Snipe,10,2,Oct_W2,0.0069204,578.0
Wilson's Snipe,10,3,Oct_W3,0.0102459,488.0
Wilson's Snipe,10,4,Oct_W4,0.0017794,562.0
Wilson's Snipe,11,1,Nov_W1,0.0,383.0
Wilson's Snipe,11,2,Nov_W2,0.0030395,329.0
Wilson's Snipe,11,3,Nov_W3,0.0,273.0
Wilson's Snipe,11,4,Nov_W4,0.0,270.0
Wilson's Snipe,12,1,Dec_W1,0.0,157.0
Wilson's Snipe,12,2,Dec_W2,0.0,166.0
Wilson's Snipe,12,3,Dec_W3,0.0,137.0
Wilson's Snipe,12,4,Dec_W4,0.0,145.0
Wilson's Phalarope,1,1,Jan_W1,0.0,185.0
Wilson's Phalarope,1,2,Jan_W2,0.0,88.0
Wilson's Phalarope,1,3,Jan_W3,0.0,105.0
Wilson's Phalarope,1,4,Jan_W4,0.0,140.0
Wilson's Phalarope,2,1,Feb_W1,0.0,123.0
Wilson's Phalarope,2,2,Feb_W2,0.0,108.0
Wilson's Phalarope,2,3,Feb_W3,0.0,118.0
Wilson's Phalarope,2,4,Feb_W4,0.0,70.0
Wilson's Phalarope,3,1,Mar_W1,0.0,105.0
Wilson's Phalarope,3,2,Mar_W2,0.0,114.0
Wilson's Phalarope,3,3,Mar_W3,0.0,142.0
Wilson's Phalarope,3,4,Mar_W4,0.0,164.0
Wilson's Phalarope,4,1,Apr_W1,0.0,261.0
Wilson's Phalarope,4,2,Apr_W2,0.0,364.0
Wilson's Phalarope,4,3,Apr_W3,0.0,430.0
Wilson's Phalarope,4,4,Apr_W4,0.0,706.0
Wilson's Phalarope,5,1,May_W1,0.0,645.0
Wilson's Phalarope,5,2,May_W2,0.001292,774.0
Wilson's Phalarope,5,3,May_W3,0.0026144,765.0
Wilson's Phalarope,5,4,May_W4,0.0036075,1386.0
Wilson's Phalarope,6,1,Jun_W1,0.0015,855.0
Wilson's Phalarope,6,2,Jun_W2,0.0,752.0
Wilson's Phalarope,6,3,Jun_W3,0.0,625.0
Wilson's Phalarope,6,4,Jun_W4,0.0,745.0
Wilson's Phalarope,7,1,Jul_W1,0.0,695.0
Wilson's Phalarope,7,2,Jul_W2,0.0,711.0
Wilson's Phalarope,7,3,Jul_W3,0.0017575,569.0
Wilson's Phalarope,7,4,Jul_W4,0.0011325,883.0
Wilson's Phalarope,8,1,Aug_W1,0.0015,607.0
Wilson's Phalarope,8,2,Aug_W2,0.0015649,639.0
Wilson's Phalarope,8,3,Aug_W3,0.0017065,586.0
Wilson's Phalarope,8,4,Aug_W4,0.0,845.0
Wilson's Phalarope,9,1,Sep_W1,0.0,528.0
Wilson's Phalarope,9,2,Sep_W2,0.0,653.0
Wilson's Phalarope,9,3,Sep_W3,0.0,638.0
Wilson's Phalarope,9,4,Sep_W4,0.0,753.0
Wilson's Phalarope,10,1,Oct_W1,0.0,630.0
Wilson's Phalarope,10,2,Oct_W2,0.0,578.0
Wilson's Phalarope,10,3,Oct_W3,0.0,488.0
Wilson's Phalarope,10,4,Oct_W4,0.0,562.0
Wilson's Phalarope,11,1,Nov_W1,0.0,383.0
Wilson's Phalarope,11,2,Nov_W2,0.0,329.0
Wilson's Phalarope,11,3,Nov_W3,0.0,273.0
Wilson's Phalarope,11,4,Nov_W4,0.0,270.0
Wilson's Phalarope,12,1,Dec_W1,0.0,157.0
Wilson's Phalarope,12,2,Dec_W2,0.0,166.0
Wilson's Phalarope,12,3,Dec_W3,0.0,137.0
Wilson's Phalarope,12,4,Dec_W4,0.0,145.0
Red Phalarope,1,1,Jan_W1,0.0,185.0
Red Phalarope,1,2,Jan_W2,0.0,88.0
Red Phalarope,1,3,Jan_W3,0.0,105.0
Red Phalarope,1,4,Jan_W4,0.0,140.0
Red Phalarope,2,1,Feb_W1,0.0,123.0
Red Phalarope,2,2,Feb_W2,0.0,108.0
Red Phalarope,2,3,Feb_W3,0.0,118.0
Red Phalarope,2,4,Feb_W4,0.0,70.0
Red Phalarope,3,1,Mar_W1,0.0,105.0
Red Phalarope,3,2,Mar_W2,0.0,114.0
Red Phalarope,3,3,Mar_W3,0.0,142.0
Red Phalarope,3,4,Mar_W4,0.0,164.0
Red Phalarope,4,1,Apr_W1,0.0,261.0
Red Phalarope,4,2,Apr_W2,0.0,364.0
Red Phalarope,4,3,Apr_W3,0.0,430.0
Red Phalarope,4,4,Apr_W4,0.0,706.0
Red Phalarope,5,1,May_W1,0.0,645.0
Red Phalarope,5,2,May_W2,0.0,774.0
Red Phalarope,5,3,May_W3,0.0,765.0
Red Phalarope,5,4,May_W4,0.0,1386.0
Red Phalarope,6,1,Jun_W1,0.0,855.0
Red Phalarope,6,2,Jun_W2,0.0,752.0
Red Phalarope,6,3,Jun_W3,0.0,625.0
Red Phalarope,6,4,Jun_W4,0.0,745.0
Red Phalarope,7,1,Jul_W1,0.0,695.0
Red Phalarope,7,2,Jul_W2,0.0,711.0
Red Phalarope,7,3,Jul_W3,0.0,569.0
Red Phalarope,7,4,Jul_W4,0.0,883.0
Red Phalarope,8,1,Aug_W1,0.0,607.0
Red Phalarope,8,2,Aug_W2,0.0,639.0
Red Phalarope,8,3,Aug_W3,0.0,586.0
Red Phalarope,8,4,Aug_W4,0.0,845.0
Red Phalarope,9,1,Sep_W1,0.0,528.0
Red Phalarope,9,2,Sep_W2,0.0,653.0
Red Phalarope,9,3,Sep_W3,0.0,638.0
Red Phalarope,9,4,Sep_W4,0.0,753.0
Red Phalarope,10,1,Oct_W1,0.0,630.0
Red Phalarope,10,2,Oct_W2,0.0015,578.0
Red Phalarope,10,3,Oct_W3,0.0,488.0
Red Phalarope,10,4,Oct_W4,0.0,562.0
Red Phalarope,11,1,Nov_W1,0.0,383.0
Red Phalarope,11,2,Nov_W2,0.0,329.0
Red Phalarope,11,3,Nov_W3,0.0,273.0
Red Phalarope,11,4,Nov_W4,0.0,270.0
Red Phalarope,12,1,Dec_W1,0.0,157.0
Red Phalarope,12,2,Dec_W2,0.0,166.0
Red Phalarope,12,3,Dec_W3,0.0,137.0
Red Phalarope,12,4,Dec_W4,0.0,145.0
Red-necked Phalarope,1,1,Jan_W1,0.0,185.0
Red-necked Phalarope,1,2,Jan_W2,0.0,88.0
Red-necked Phalarope,1,3,Jan_W3,0.0,105.0
Red-necked Phalarope,1,4,Jan_W4,0.0,140.0
Red-necked Phalarope,2,1,Feb_W1,0.0,123.0
Red-necked Phalarope,2,2,Feb_W2,0.0,108.0
Red-necked Phalarope,2,3,Feb_W3,0.0,118.0
Red-necked Phalarope,2,4,Feb_W4,0.0,70.0
Red-necked Phalarope,3,1,Mar_W1,0.0,105.0
Red-necked Phalarope,3,2,Mar_W2,0.0,114.0
Red-necked Phalarope,3,3,Mar_W3,0.0,142.0
Red-necked Phalarope,3,4,Mar_W4,0.0,164.0
Red-necked Phalarope,4,1,Apr_W1,0.0,261.0
Red-necked Phalarope,4,2,Apr_W2,0.0,364.0
Red-necked Phalarope,4,3,Apr_W3,0.0,430.0
Red-necked Phalarope,4,4,Apr_W4,0.0,706.0
Red-necked Phalarope,5,1,May_W1,0.0,645.0
Red-necked Phalarope,5,2,May_W2,0.0,774.0
Red-necked Phalarope,5,3,May_W3,0.0,765.0
Red-necked Phalarope,5,4,May_W4,0.0015,1386.0
Red-necked Phalarope,6,1,Jun_W1,0.0,855.0
Red-necked Phalarope,6,2,Jun_W2,0.0,752.0
Red-necked Phalarope,6,3,Jun_W3,0.0,625.0
Red-necked Phalarope,6,4,Jun_W4,0.0,745.0
Red-necked Phalarope,7,1,Jul_W1,0.0,695.0
Red-necked Phalarope,7,2,Jul_W2,0.0,711.0
Red-necked Phalarope,7,3,Jul_W3,0.0,569.0
Red-necked Phalarope,7,4,Jul_W4,0.0,883.0
Red-necked Phalarope,8,1,Aug_W1,0.0,607.0
Red-necked Phalarope,8,2,Aug_W2,0.0,639.0
Red-necked Phalarope,8,3,Aug_W3,0.0015,586.0
Red-necked Phalarope,8,4,Aug_W4,0.0035503,845.0
Red-necked Phalarope,9,1,Sep_W1,0.0056818,528.0
Red-necked Phalarope,9,2,Sep_W2,0.0,653.0
Red-necked Phalarope,9,3,Sep_W3,0.0015,638.0
Red-necked Phalarope,9,4,Sep_W4,0.0,753.0
Red-necked Phalarope,10,1,Oct_W1,0.0,630.0
Red-necked Phalarope,10,2,Oct_W2,0.0,578.0
Red-necked Phalarope,10,3,Oct_W3,0.0,488.0
Red-necked Phalarope,10,4,Oct_W4,0.0,562.0
Red-necked Phalarope,11,1,Nov_W1,0.0,383.0
Red-necked Phalarope,11,2,Nov_W2,0.0,329.0
Red-necked Phalarope,11,3,Nov_W3,0.0,273.0
Red-necked Phalarope,11,4,Nov_W4,0.0,270.0
Red-necked Phalarope,12,1,Dec_W1,0.0,157.0
Red-necked Phalarope,12,2,Dec_W2,0.0,166.0
Red-necked Phalarope,12,3,Dec_W3,0.0,137.0
Red-necked Phalarope,12,4,Dec_W4,0.0,145.0
Spotted Sandpiper,1,1,Jan_W1,0.0,185.0
Spotted Sandpiper,1,2,Jan_W2,0.0,88.0
Spotted Sandpiper,1,3,Jan_W3,0.0,105.0
Spotted Sandpiper,1,4,Jan_W4,0.0,140.0
Spotted Sandpiper,2,1,Feb_W1,0.0,123.0
Spotted Sandpiper,2,2,Feb_W2,0.0,108.0
Spotted Sandpiper,2,3,Feb_W3,0.0,118.0
Spotted Sandpiper,2,4,Feb_W4,0.0,70.0
Spotted Sandpiper,3,1,Mar_W1,0.0,105.0
Spotted Sandpiper,3,2,Mar_W2,0.0,114.0
Spotted Sandpiper,3,3,Mar_W3,0.0,142.0
Spotted Sandpiper,3,4,Mar_W4,0.0,164.0
Spotted Sandpiper,4,1,Apr_W1,0.0,261.0
Spotted Sandpiper,4,2,Apr_W2,0.0,364.0
Spotted Sandpiper,4,3,Apr_W3,0.0,430.0
Spotted Sandpiper,4,4,Apr_W4,0.0084986,706.0
Spotted Sandpiper,5,1,May_W1,0.0387597,645.0
Spotted Sandpiper,5,2,May_W2,0.1007752,774.0
Spotted Sandpiper,5,3,May_W3,0.1542484,765.0
Spotted Sandpiper,5,4,May_W4,0.1414141,1386.0
Spotted Sandpiper,6,1,Jun_W1,0.0596491,855.0
Spotted Sandpiper,6,2,Jun_W2,0.0319149,752.0
Spotted Sandpiper,6,3,Jun_W3,0.0352,625.0
Spotted Sandpiper,6,4,Jun_W4,0.0255034,745.0
Spotted Sandpiper,7,1,Jul_W1,0.0273381,695.0
Spotted Sandpiper,7,2,Jul_W2,0.0351617,711.0
Spotted Sandpiper,7,3,Jul_W3,0.0404218,569.0
Spotted Sandpiper,7,4,Jul_W4,0.0520951,883.0
Spotted Sandpiper,8,1,Aug_W1,0.0642504,607.0
Spotted Sandpiper,8,2,Aug_W2,0.0672926,639.0
Spotted Sandpiper,8,3,Aug_W3,0.0870307,586.0
Spotted Sandpiper,8,4,Aug_W4,0.0911243,845.0
Spotted Sandpiper,9,1,Sep_W1,0.0606061,528.0
Spotted Sandpiper,9,2,Sep_W2,0.0444104,653.0
Spotted Sandpiper,9,3,Sep_W3,0.0360502,638.0
Spotted Sandpiper,9,4,Sep_W4,0.0212483,753.0
Spotted Sandpiper,10,1,Oct_W1,0.0095238,630.0
Spotted Sandpiper,10,2,Oct_W2,0.0051903,578.0
Spotted Sandpiper,10,3,Oct_W3,0.0,488.0
Spotted Sandpiper,10,4,Oct_W4,0.0,562.0
Spotted Sandpiper,11,1,Nov_W1,0.0,383.0
Spotted Sandpiper,11,2,Nov_W2,0.0,329.0
Spotted Sandpiper,11,3,Nov_W3,0.0,273.0
Spotted Sandpiper,11,4,Nov_W4,0.0,270.0
Spotted Sandpiper,12,1,Dec_W1,0.0,157.0
Spotted Sandpiper,12,2,Dec_W2,0.0,166.0
Spotted Sandpiper,12,3,Dec_W3,0.0,137.0
Spotted Sandpiper,12,4,Dec_W4,0.0,145.0
Solitary Sandpiper,1,1,Jan_W1,0.0,185.0
Solitary Sandpiper,1,2,Jan_W2,0.0,88.0
Solitary Sandpiper,1,3,Jan_W3,0.0,105.0
Solitary Sandpiper,1,4,Jan_W4,0.0,140.0
Solitary Sandpiper,2,1,Feb_W1,0.0,123.0
Solitary Sandpiper,2,2,Feb_W2,0.0,108.0
Solitary Sandpiper,2,3,Feb_W3,0.0,118.0
Solitary Sandpiper,2,4,Feb_W4,0.0,70.0
Solitary Sandpiper,3,1,Mar_W1,0.0,105.0
Solitary Sandpiper,3,2,Mar_W2,0.0,114.0
Solitary Sandpiper,3,3,Mar_W3,0.0,142.0
Solitary Sandpiper,3,4,Mar_W4,0.0,164.0
Solitary Sandpiper,4,1,Apr_W1,0.0,261.0
Solitary Sandpiper,4,2,Apr_W2,0.0,364.0
Solitary Sandpiper,4,3,Apr_W3,0.0,430.0
Solitary Sandpiper,4,4,Apr_W4,0.0042493,706.0
Solitary Sandpiper,5,1,May_W1,0.0248062,645.0
Solitary Sandpiper,5,2,May_W2,0.0335917,774.0
Solitary Sandpiper,5,3,May_W3,0.027451,765.0
Solitary Sandpiper,5,4,May_W4,0.005772,1386.0
Solitary Sandpiper,6,1,Jun_W1,0.0,855.0
Solitary Sandpiper,6,2,Jun_W2,0.0,752.0
Solitary Sandpiper,6,3,Jun_W3,0.0,625.0
Solitary Sandpiper,6,4,Jun_W4,0.0013423,745.0
Solitary Sandpiper,7,1,Jul_W1,0.0057554,695.0
Solitary Sandpiper,7,2,Jul_W2,0.0126582,711.0
Solitary Sandpiper,7,3,Jul_W3,0.0333919,569.0
Solitary Sandpiper,7,4,Jul_W4,0.0237826,883.0
Solitary Sandpiper,8,1,Aug_W1,0.0362438,607.0
Solitary Sandpiper,8,2,Aug_W2,0.1001565,639.0
Solitary Sandpiper,8,3,Aug_W3,0.1006826,586.0
Solitary Sandpiper,8,4,Aug_W4,0.0721893,845.0
Solitary Sandpiper,9,1,Sep_W1,0.0473485,528.0
Solitary Sandpiper,9,2,Sep_W2,0.0459418,653.0
Solitary Sandpiper,9,3,Sep_W3,0.0282132,638.0
Solitary Sandpiper,9,4,Sep_W4,0.0172643,753.0
Solitary Sandpiper,10,1,Oct_W1,0.0126984,630.0
Solitary Sandpiper,10,2,Oct_W2,0.0017301,578.0
Solitary Sandpiper,10,3,Oct_W3,0.0020492,488.0
Solitary Sandpiper,10,4,Oct_W4,0.0,562.0
Solitary Sandpiper,11,1,Nov_W1,0.0,383.0
Solitary Sandpiper,11,2,Nov_W2,0.0,329.0
Solitary Sandpiper,11,3,Nov_W3,0.0,273.0
Solitary Sandpiper,11,4,Nov_W4,0.0,270.0
Solitary Sandpiper,12,1,Dec_W1,0.0,157.0
Solitary Sandpiper,12,2,Dec_W2,0.0,166.0
Solitary Sandpiper,12,3,Dec_W3,0.0,137.0
Solitary Sandpiper,12,4,Dec_W4,0.0,145.0
Lesser Yellowlegs,1,1,Jan_W1,0.0,185.0
Lesser Yellowlegs,1,2,Jan_W2,0.0,88.0
Lesser Yellowlegs,1,3,Jan_W3,0.0,105.0
Lesser Yellowlegs,1,4,Jan_W4,0.0,140.0
Lesser Yellowlegs,2,1,Feb_W1,0.0,123.0
Lesser Yellowlegs,2,2,Feb_W2,0.0,108.0
Lesser Yellowlegs,2,3,Feb_W3,0.0,118.0
Lesser Yellowlegs,2,4,Feb_W4,0.0,70.0
Lesser Yellowlegs,3,1,Mar_W1,0.0,105.0
Lesser Yellowlegs,3,2,Mar_W2,0.0,114.0
Lesser Yellowlegs,3,3,Mar_W3,0.0,142.0
Lesser Yellowlegs,3,4,Mar_W4,0.0,164.0
Lesser Yellowlegs,4,1,Apr_W1,0.0,261.0
Lesser Yellowlegs,4,2,Apr_W2,0.0,364.0
Lesser Yellowlegs,4,3,Apr_W3,0.0046512,430.0
Lesser Yellowlegs,4,4,Apr_W4,0.0311615,706.0
Lesser Yellowlegs,5,1,May_W1,0.0496124,645.0
Lesser Yellowlegs,5,2,May_W2,0.0465116,774.0
Lesser Yellowlegs,5,3,May_W3,0.0379085,765.0
Lesser Yellowlegs,5,4,May_W4,0.010101,1386.0
Lesser Yellowlegs,6,1,Jun_W1,0.0,855.0
Lesser Yellowlegs,6,2,Jun_W2,0.0,752.0
Lesser Yellowlegs,6,3,Jun_W3,0.0015,625.0
Lesser Yellowlegs,6,4,Jun_W4,0.0,745.0
Lesser Yellowlegs,7,1,Jul_W1,0.0015,695.0
Lesser Yellowlegs,7,2,Jul_W2,0.0056259,711.0
Lesser Yellowlegs,7,3,Jul_W3,0.0052724,569.0
Lesser Yellowlegs,7,4,Jul_W4,0.01359,883.0
Lesser Yellowlegs,8,1,Aug_W1,0.0263591,607.0
Lesser Yellowlegs,8,2,Aug_W2,0.0422535,639.0
Lesser Yellowlegs,8,3,Aug_W3,0.0443686,586.0
Lesser Yellowlegs,8,4,Aug_W4,0.035503,845.0
Lesser Yellowlegs,9,1,Sep_W1,0.0037879,528.0
Lesser Yellowlegs,9,2,Sep_W2,0.0061256,653.0
Lesser Yellowlegs,9,3,Sep_W3,0.0062696,638.0
Lesser Yellowlegs,9,4,Sep_W4,0.0015,753.0
Lesser Yellowlegs,10,1,Oct_W1,0.0,630.0
Lesser Yellowlegs,10,2,Oct_W2,0.0,578.0
Lesser Yellowlegs,10,3,Oct_W3,0.0020492,488.0
Lesser Yellowlegs,10,4,Oct_W4,0.0015,562.0
Lesser Yellowlegs,11,1,Nov_W1,0.0,383.0
Lesser Yellowlegs,11,2,Nov_W2,0.0,329.0
Lesser Yellowlegs,11,3,Nov_W3,0.0,273.0
Lesser Yellowlegs,11,4,Nov_W4,0.0,270.0
Lesser Yellowlegs,12,1,Dec_W1,0.0,157.0
Lesser Yellowlegs,12,2,Dec_W2,0.0,166.0
Lesser Yellowlegs,12,3,Dec_W3,0.0,137.0
Lesser Yellowlegs,12,4,Dec_W4,0.0,145.0
Willet,1,1,Jan_W1,0.0,185.0
Willet,1,2,Jan_W2,0.0,88.0
Willet,1,3,Jan_W3,0.0,105.0
Willet,1,4,Jan_W4,0.0,140.0
Willet,2,1,Feb_W1,0.0,123.0
Willet,2,2,Feb_W2,0.0,108.0
Willet,2,3,Feb_W3,0.0,118.0
Willet,2,4,Feb_W4,0.0,70.0
Willet,3,1,Mar_W1,0.0,105.0
Willet,3,2,Mar_W2,0.0,114.0
Willet,3,3,Mar_W3,0.0,142.0
Willet,3,4,Mar_W4,0.0,164.0
Willet,4,1,Apr_W1,0.0,261.0
Willet,4,2,Apr_W2,0.0,364.0
Willet,4,3,Apr_W3,0.0,430.0
Willet,4,4,Apr_W4,0.0056657,706.0
Willet,5,1,May_W1,0.0031008,645.0
Willet,5,2,May_W2,0.001292,774.0
Willet,5,3,May_W3,0.0117647,765.0
Willet,5,4,May_W4,0.0015,1386.0
Willet,6,1,Jun_W1,0.0011696,855.0
Willet,6,2,Jun_W2,0.0,752.0
Willet,6,3,Jun_W3,0.0,625.0
Willet,6,4,Jun_W4,0.0,745.0
Willet,7,1,Jul_W1,0.0,695.0
Willet,7,2,Jul_W2,0.0028129,711.0
Willet,7,3,Jul_W3,0.0035149,569.0
Willet,7,4,Jul_W4,0.0,883.0
Willet,8,1,Aug_W1,0.0016474,607.0
Willet,8,2,Aug_W2,0.0,639.0
Willet,8,3,Aug_W3,0.0017065,586.0
Willet,8,4,Aug_W4,0.0047337,845.0
Willet,9,1,Sep_W1,0.0015,528.0
Willet,9,2,Sep_W2,0.0,653.0
Willet,9,3,Sep_W3,0.0,638.0
Willet,9,4,Sep_W4,0.0,753.0
Willet,10,1,Oct_W1,0.0,630.0
Willet,10,2,Oct_W2,0.0,578.0
Willet,10,3,Oct_W3,0.0,488.0
Willet,10,4,Oct_W4,0.0,562.0
Willet,11,1,Nov_W1,0.0,383.0
Willet,11,2,Nov_W2,0.0,329.0
Willet,11,3,Nov_W3,0.0,273.0
Willet,11,4,Nov_W4,0.0,270.0
Willet,12,1,Dec_W1,0.0,157.0
Willet,12,2,Dec_W2,0.0,166.0
Willet,12,3,Dec_W3,0.0,137.0
Willet,12,4,Dec_W4,0.0,145.0
Greater Yellowlegs,1,1,Jan_W1,0.0,185.0
Greater Yellowlegs,1,2,Jan_W2,0.0,88.0
Greater Yellowlegs,1,3,Jan_W3,0.0,105.0
Greater Yellowlegs,1,4,Jan_W4,0.0,140.0
Greater Yellowlegs,2,1,Feb_W1,0.0,123.0
Greater Yellowlegs,2,2,Feb_W2,0.0,108.0
Greater Yellowlegs,2,3,Feb_W3,0.0,118.0
Greater Yellowlegs,2,4,Feb_W4,0.0,70.0
Greater Yellowlegs,3,1,Mar_W1,0.0,105.0
Greater Yellowlegs,3,2,Mar_W2,0.0,114.0
Greater Yellowlegs,3,3,Mar_W3,0.0,142.0
Greater Yellowlegs,3,4,Mar_W4,0.0,164.0
Greater Yellowlegs,4,1,Apr_W1,0.0,261.0
Greater Yellowlegs,4,2,Apr_W2,0.0082418,364.0
Greater Yellowlegs,4,3,Apr_W3,0.0209302,430.0
Greater Yellowlegs,4,4,Apr_W4,0.1288952,706.0
Greater Yellowlegs,5,1,May_W1,0.1534884,645.0
Greater Yellowlegs,5,2,May_W2,0.0671835,774.0
Greater Yellowlegs,5,3,May_W3,0.0326797,765.0
Greater Yellowlegs,5,4,May_W4,0.007215,1386.0
Greater Yellowlegs,6,1,Jun_W1,0.0011696,855.0
Greater Yellowlegs,6,2,Jun_W2,0.0,752.0
Greater Yellowlegs,6,3,Jun_W3,0.0,625.0
Greater Yellowlegs,6,4,Jun_W4,0.0013423,745.0
Greater Yellowlegs,7,1,Jul_W1,0.0071942,695.0
Greater Yellowlegs,7,2,Jul_W2,0.0056259,711.0
Greater Yellowlegs,7,3,Jul_W3,0.0123023,569.0
Greater Yellowlegs,7,4,Jul_W4,0.0079275,883.0
Greater Yellowlegs,8,1,Aug_W1,0.0214168,607.0
Greater Yellowlegs,8,2,Aug_W2,0.0266041,639.0
Greater Yellowlegs,8,3,Aug_W3,0.0255973,586.0
Greater Yellowlegs,8,4,Aug_W4,0.0378698,845.0
Greater Yellowlegs,9,1,Sep_W1,0.0037879,528.0
Greater Yellowlegs,9,2,Sep_W2,0.0045942,653.0
Greater Yellowlegs,9,3,Sep_W3,0.0047022,638.0
Greater Yellowlegs,9,4,Sep_W4,0.0119522,753.0
Greater Yellowlegs,10,1,Oct_W1,0.0063492,630.0
Greater Yellowlegs,10,2,Oct_W2,0.0138408,578.0
Greater Yellowlegs,10,3,Oct_W3,0.0471311,488.0
Greater Yellowlegs,10,4,Oct_W4,0.0053381,562.0
Greater Yellowlegs,11,1,Nov_W1,0.0261097,383.0
Greater Yellowlegs,11,2,Nov_W2,0.006079,329.0
Greater Yellowlegs,11,3,Nov_W3,0.0,273.0
Greater Yellowlegs,11,4,Nov_W4,0.0,270.0
Greater Yellowlegs,12,1,Dec_W1,0.0,157.0
Greater Yellowlegs,12,2,Dec_W2,0.0,166.0
Greater Yellowlegs,12,3,Dec_W3,0.0,137.0
Greater Yellowlegs,12,4,Dec_W4,0.0,145.0
Ruddy Turnstone,1,1,Jan_W1,0.0,185.0
Ruddy Turnstone,1,2,Jan_W2,0.0,88.0
Ruddy Turnstone,1,3,Jan_W3,0.0,105.0
Ruddy Turnstone,1,4,Jan_W4,0.0,140.0
Ruddy Turnstone,2,1,Feb_W1,0.0,123.0
Ruddy Turnstone,2,2,Feb_W2,0.0,108.0
Ruddy Turnstone,2,3,Feb_W3,0.0,118.0
Ruddy Turnstone,2,4,Feb_W4,0.0,70.0
Ruddy Turnstone,3,1,Mar_W1,0.0,105.0
Ruddy Turnstone,3,2,Mar_W2,0.0,114.0
Ruddy Turnstone,3,3,Mar_W3,0.0,142.0
Ruddy Turnstone,3,4,Mar_W4,0.0,164.0
Ruddy Turnstone,4,1,Apr_W1,0.0,261.0
Ruddy Turnstone,4,2,Apr_W2,0.0,364.0
Ruddy Turnstone,4,3,Apr_W3,0.0,430.0
Ruddy Turnstone,4,4,Apr_W4,0.0,706.0
Ruddy Turnstone,5,1,May_W1,0.0,645.0
Ruddy Turnstone,5,2,May_W2,0.0,774.0
Ruddy Turnstone,5,3,May_W3,0.0052288,765.0
Ruddy Turnstone,5,4,May_W4,0.0194805,1386.0
Ruddy Turnstone,6,1,Jun_W1,0.0081871,855.0
Ruddy Turnstone,6,2,Jun_W2,0.0066489,752.0
Ruddy Turnstone,6,3,Jun_W3,0.0016,625.0
Ruddy Turnstone,6,4,Jun_W4,0.0,745.0
Ruddy Turnstone,7,1,Jul_W1,0.0,695.0
Ruddy Turnstone,7,2,Jul_W2,0.0,711.0
Ruddy Turnstone,7,3,Jul_W3,0.0017575,569.0
Ruddy Turnstone,7,4,Jul_W4,0.002265,883.0
Ruddy Turnstone,8,1,Aug_W1,0.0065898,607.0
Ruddy Turnstone,8,2,Aug_W2,0.0015649,639.0
Ruddy Turnstone,8,3,Aug_W3,0.0085324,586.0
Ruddy Turnstone,8,4,Aug_W4,0.0153846,845.0
Ruddy Turnstone,9,1,Sep_W1,0.0113636,528.0
Ruddy Turnstone,9,2,Sep_W2,0.0122511,653.0
Ruddy Turnstone,9,3,Sep_W3,0.0031348,638.0
Ruddy Turnstone,9,4,Sep_W4,0.0,753.0
Ruddy Turnstone,10,1,Oct_W1,0.0,630.0
Ruddy Turnstone,10,2,Oct_W2,0.0,578.0
Ruddy Turnstone,10,3,Oct_W3,0.0122951,488.0
Ruddy Turnstone,10,4,Oct_W4,0.0053381,562.0
Ruddy Turnstone,11,1,Nov_W1,0.0,383.0
Ruddy Turnstone,11,2,Nov_W2,0.0,329.0
Ruddy Turnstone,11,3,Nov_W3,0.0,273.0
Ruddy Turnstone,11,4,Nov_W4,0.0,270.0
Ruddy Turnstone,12,1,Dec_W1,0.0,157.0
Ruddy Turnstone,12,2,Dec_W2,0.0,166.0
Ruddy Turnstone,12,3,Dec_W3,0.0,137.0
Ruddy Turnstone,12,4,Dec_W4,0.0,145.0
Red Knot,1,1,Jan_W1,0.0,185.0
Red Knot,1,2,Jan_W2,0.0,88.0
Red Knot,1,3,Jan_W3,0.0,105.0
Red Knot,1,4,Jan_W4,0.0,140.0
Red Knot,2,1,Feb_W1,0.0,123.0
Red Knot,2,2,Feb_W2,0.0,108.0
Red Knot,2,3,Feb_W3,0.0,118.0
Red Knot,2,4,Feb_W4,0.0,70.0
Red Knot,3,1,Mar_W1,0.0,105.0
Red Knot,3,2,Mar_W2,0.0,114.0
Red Knot,3,3,Mar_W3,0.0,142.0
Red Knot,3,4,Mar_W4,0.0,164.0
Red Knot,4,1,Apr_W1,0.0,261.0
Red Knot,4,2,Apr_W2,0.0,364.0
Red Knot,4,3,Apr_W3,0.0,430.0
Red Knot,4,4,Apr_W4,0.0,706.0
Red Knot,5,1,May_W1,0.0,645.0
Red Knot,5,2,May_W2,0.0,774.0
Red Knot,5,3,May_W3,0.0013072,765.0
Red Knot,5,4,May_W4,0.0007215,1386.0
Red Knot,6,1,Jun_W1,0.0015,855.0
Red Knot,6,2,Jun_W2,0.0026596,752.0
Red Knot,6,3,Jun_W3,0.0,625.0
Red Knot,6,4,Jun_W4,0.0,745.0
Red Knot,7,1,Jul_W1,0.0,695.0
Red Knot,7,2,Jul_W2,0.0,711.0
Red Knot,7,3,Jul_W3,0.0,569.0
Red Knot,7,4,Jul_W4,0.0,883.0
Red Knot,8,1,Aug_W1,0.0,607.0
Red Knot,8,2,Aug_W2,0.0,639.0
Red Knot,8,3,Aug_W3,0.0,586.0
Red Knot,8,4,Aug_W4,0.0011834,845.0
Red Knot,9,1,Sep_W1,0.0015,528.0
Red Knot,9,2,Sep_W2,0.0015,653.0
Red Knot,9,3,Sep_W3,0.0,638.0
Red Knot,9,4,Sep_W4,0.0,753.0
Red Knot,10,1,Oct_W1,0.0,630.0
Red Knot,10,2,Oct_W2,0.0,578.0
Red Knot,10,3,Oct_W3,0.0,488.0
Red Knot,10,4,Oct_W4,0.0,562.0
Red Knot,11,1,Nov_W1,0.0,383.0
Red Knot,11,2,Nov_W2,0.0,329.0
Red Knot,11,3,Nov_W3,0.0,273.0
Red Knot,11,4,Nov_W4,0.0,270.0
Red Knot,12,1,Dec_W1,0.0,157.0
Red Knot,12,2,Dec_W2,0.0,166.0
Red Knot,12,3,Dec_W3,0.0,137.0
Red Knot,12,4,Dec_W4,0.0,145.0
Stilt Sandpiper,1,1,Jan_W1,0.0,185.0
Stilt Sandpiper,1,2,Jan_W2,0.0,88.0
Stilt Sandpiper,1,3,Jan_W3,0.0,105.0
Stilt Sandpiper,1,4,Jan_W4,0.0,140.0
Stilt Sandpiper,2,1,Feb_W1,0.0,123.0
Stilt Sandpiper,2,2,Feb_W2,0.0,108.0
Stilt Sandpiper,2,3,Feb_W3,0.0,118.0
Stilt Sandpiper,2,4,Feb_W4,0.0,70.0
Stilt Sandpiper,3,1,Mar_W1,0.0,105.0
Stilt Sandpiper,3,2,Mar_W2,0.0,114.0
Stilt Sandpiper,3,3,Mar_W3,0.0,142.0
Stilt Sandpiper,3,4,Mar_W4,0.0,164.0
Stilt Sandpiper,4,1,Apr_W1,0.0,261.0
Stilt Sandpiper,4,2,Apr_W2,0.0,364.0
Stilt Sandpiper,4,3,Apr_W3,0.0,430.0
Stilt Sandpiper,4,4,Apr_W4,0.0,706.0
Stilt Sandpiper,5,1,May_W1,0.0,645.0
Stilt Sandpiper,5,2,May_W2,0.0,774.0
Stilt Sandpiper,5,3,May_W3,0.0,765.0
Stilt Sandpiper,5,4,May_W4,0.0,1386.0
Stilt Sandpiper,6,1,Jun_W1,0.0,855.0
Stilt Sandpiper,6,2,Jun_W2,0.0,752.0
Stilt Sandpiper,6,3,Jun_W3,0.0,625.0
Stilt Sandpiper,6,4,Jun_W4,0.0,745.0
Stilt Sandpiper,7,1,Jul_W1,0.0,695.0
Stilt Sandpiper,7,2,Jul_W2,0.0,711.0
Stilt Sandpiper,7,3,Jul_W3,0.0052724,569.0
Stilt Sandpiper,7,4,Jul_W4,0.0,883.0
Stilt Sandpiper,8,1,Aug_W1,0.0016474,607.0
Stilt Sandpiper,8,2,Aug_W2,0.0062598,639.0
Stilt Sandpiper,8,3,Aug_W3,0.0051195,586.0
Stilt Sandpiper,8,4,Aug_W4,0.0035503,845.0
Stilt Sandpiper,9,1,Sep_W1,0.0,528.0
Stilt Sandpiper,9,2,Sep_W2,0.0015,653.0
Stilt Sandpiper,9,3,Sep_W3,0.0,638.0
Stilt Sandpiper,9,4,Sep_W4,0.0,753.0
Stilt Sandpiper,10,1,Oct_W1,0.0,630.0
Stilt Sandpiper,10,2,Oct_W2,0.0,578.0
Stilt Sandpiper,10,3,Oct_W3,0.0,488.0
Stilt Sandpiper,10,4,Oct_W4,0.0,562.0
Stilt Sandpiper,11,1,Nov_W1,0.0,383.0
Stilt Sandpiper,11,2,Nov_W2,0.0,329.0
Stilt Sandpiper,11,3,Nov_W3,0.0,273.0
Stilt Sandpiper,11,4,Nov_W4,0.0,270.0
Stilt Sandpiper,12,1,Dec_W1,0.0,157.0
Stilt Sandpiper,12,2,Dec_W2,0.0,166.0
Stilt Sandpiper,12,3,Dec_W3,0.0,137.0
Stilt Sandpiper,12,4,Dec_W4,0.0,145.0
Buff-breasted Sandpiper,1,1,Jan_W1,0.0,185.0
Buff-breasted Sandpiper,1,2,Jan_W2,0.0,88.0
Buff-breasted Sandpiper,1,3,Jan_W3,0.0,105.0
Buff-breasted Sandpiper,1,4,Jan_W4,0.0,140.0
Buff-breasted Sandpiper,2,1,Feb_W1,0.0,123.0
Buff-breasted Sandpiper,2,2,Feb_W2,0.0,108.0
Buff-breasted Sandpiper,2,3,Feb_W3,0.0,118.0
Buff-breasted Sandpiper,2,4,Feb_W4,0.0,70.0
Buff-breasted Sandpiper,3,1,Mar_W1,0.0,105.0
Buff-breasted Sandpiper,3,2,Mar_W2,0.0,114.0
Buff-breasted Sandpiper,3,3,Mar_W3,0.0,142.0
Buff-breasted Sandpiper,3,4,Mar_W4,0.0,164.0
Buff-breasted Sandpiper,4,1,Apr_W1,0.0,261.0
Buff-breasted Sandpiper,4,2,Apr_W2,0.0,364.0
Buff-breasted Sandpiper,4,3,Apr_W3,0.0,430.0
Buff-breasted Sandpiper,4,4,Apr_W4,0.0,706.0
Buff-breasted Sandpiper,5,1,May_W1,0.0,645.0
Buff-breasted Sandpiper,5,2,May_W2,0.0,774.0
Buff-breasted Sandpiper,5,3,May_W3,0.0,765.0
Buff-breasted Sandpiper,5,4,May_W4,0.0,1386.0
Buff-breasted Sandpiper,6,1,Jun_W1,0.0,855.0
Buff-breasted Sandpiper,6,2,Jun_W2,0.0,752.0
Buff-breasted Sandpiper,6,3,Jun_W3,0.0,625.0
Buff-breasted Sandpiper,6,4,Jun_W4,0.0,745.0
Buff-breasted Sandpiper,7,1,Jul_W1,0.0,695.0
Buff-breasted Sandpiper,7,2,Jul_W2,0.0,711.0
Buff-breasted Sandpiper,7,3,Jul_W3,0.0,569.0
Buff-breasted Sandpiper,7,4,Jul_W4,0.0015,883.0
Buff-breasted Sandpiper,8,1,Aug_W1,0.0032949,607.0
Buff-breasted Sandpiper,8,2,Aug_W2,0.0015,639.0
Buff-breasted Sandpiper,8,3,Aug_W3,0.0015,586.0
Buff-breasted Sandpiper,8,4,Aug_W4,0.0189349,845.0
Buff-breasted Sandpiper,9,1,Sep_W1,0.0075758,528.0
Buff-breasted Sandpiper,9,2,Sep_W2,0.0122511,653.0
Buff-breasted Sandpiper,9,3,Sep_W3,0.007837,638.0
Buff-breasted Sandpiper,9,4,Sep_W4,0.0,753.0
Buff-breasted Sandpiper,10,1,Oct_W1,0.0,630.0
Buff-breasted Sandpiper,10,2,Oct_W2,0.0,578.0
Buff-breasted Sandpiper,10,3,Oct_W3,0.0,488.0
Buff-breasted Sandpiper,10,4,Oct_W4,0.0,562.0
Buff-breasted Sandpiper,11,1,Nov_W1,0.0,383.0
Buff-breasted Sandpiper,11,2,Nov_W2,0.0,329.0
Buff-breasted Sandpiper,11,3,Nov_W3,0.0,273.0
Buff-breasted Sandpiper,11,4,Nov_W4,0.0,270.0
Buff-breasted Sandpiper,12,1,Dec_W1,0.0,157.0
Buff-breasted Sandpiper,12,2,Dec_W2,0.0,166.0
Buff-breasted Sandpiper,12,3,Dec_W3,0.0,137.0
Buff-breasted Sandpiper,12,4,Dec_W4,0.0,145.0
Sanderling,1,1,Jan_W1,0.0,185.0
Sanderling,1,2,Jan_W2,0.0,88.0
Sanderling,1,3,Jan_W3,0.0,105.0
Sanderling,1,4,Jan_W4,0.0,140.0
Sanderling,2,1,Feb_W1,0.0,123.0
Sanderling,2,2,Feb_W2,0.0,108.0
Sanderling,2,3,Feb_W3,0.0,118.0
Sanderling,2,4,Feb_W4,0.0,70.0
Sanderling,3,1,Mar_W1,0.0,105.0
Sanderling,3,2,Mar_W2,0.0,114.0
Sanderling,3,3,Mar_W3,0.0,142.0
Sanderling,3,4,Mar_W4,0.0,164.0
Sanderling,4,1,Apr_W1,0.0,261.0
Sanderling,4,2,Apr_W2,0.0,364.0
Sanderling,4,3,Apr_W3,0.0,430.0
Sanderling,4,4,Apr_W4,0.0028329,706.0
Sanderling,5,1,May_W1,0.0093023,645.0
Sanderling,5,2,May_W2,0.0245478,774.0
Sanderling,5,3,May_W3,0.0326797,765.0
Sanderling,5,4,May_W4,0.0678211,1386.0
Sanderling,6,1,Jun_W1,0.0736842,855.0
Sanderling,6,2,Jun_W2,0.0212766,752.0
Sanderling,6,3,Jun_W3,0.0032,625.0
Sanderling,6,4,Jun_W4,0.0,745.0
Sanderling,7,1,Jul_W1,0.0014388,695.0
Sanderling,7,2,Jul_W2,0.0042194,711.0
Sanderling,7,3,Jul_W3,0.0386643,569.0
Sanderling,7,4,Jul_W4,0.0294451,883.0
Sanderling,8,1,Aug_W1,0.0329489,607.0
Sanderling,8,2,Aug_W2,0.0359937,639.0
Sanderling,8,3,Aug_W3,0.0699659,586.0
Sanderling,8,4,Aug_W4,0.1810651,845.0
Sanderling,9,1,Sep_W1,0.1856061,528.0
Sanderling,9,2,Sep_W2,0.1822358,653.0
Sanderling,9,3,Sep_W3,0.1739812,638.0
Sanderling,9,4,Sep_W4,0.1328021,753.0
Sanderling,10,1,Oct_W1,0.0793651,630.0
Sanderling,10,2,Oct_W2,0.0449827,578.0
Sanderling,10,3,Oct_W3,0.0307377,488.0
Sanderling,10,4,Oct_W4,0.0124555,562.0
Sanderling,11,1,Nov_W1,0.0104439,383.0
Sanderling,11,2,Nov_W2,0.0091185,329.0
Sanderling,11,3,Nov_W3,0.0,273.0
Sanderling,11,4,Nov_W4,0.0,270.0
Sanderling,12,1,Dec_W1,0.0,157.0
Sanderling,12,2,Dec_W2,0.0,166.0
Sanderling,12,3,Dec_W3,0.0,137.0
Sanderling,12,4,Dec_W4,0.0,145.0
Dunlin,1,1,Jan_W1,0.0,185.0
Dunlin,1,2,Jan_W2,0.0,88.0
Dunlin,1,3,Jan_W3,0.0,105.0
Dunlin,1,4,Jan_W4,0.0,140.0
Dunlin,2,1,Feb_W1,0.0,123.0
Dunlin,2,2,Feb_W2,0.0,108.0
Dunlin,2,3,Feb_W3,0.0,118.0
Dunlin,2,4,Feb_W4,0.0,70.0
Dunlin,3,1,Mar_W1,0.0,105.0
Dunlin,3,2,Mar_W2,0.0,114.0
Dunlin,3,3,Mar_W3,0.0,142.0
Dunlin,3,4,Mar_W4,0.0,164.0
Dunlin,4,1,Apr_W1,0.0,261.0
Dunlin,4,2,Apr_W2,0.0,364.0
Dunlin,4,3,Apr_W3,0.0,430.0
Dunlin,4,4,Apr_W4,0.0028329,706.0
Dunlin,5,1,May_W1,0.0,645.0
Dunlin,5,2,May_W2,0.0129199,774.0
Dunlin,5,3,May_W3,0.0640523,765.0
Dunlin,5,4,May_W4,0.0800866,1386.0
Dunlin,6,1,Jun_W1,0.0491228,855.0
Dunlin,6,2,Jun_W2,0.0079787,752.0
Dunlin,6,3,Jun_W3,0.0016,625.0
Dunlin,6,4,Jun_W4,0.0,745.0
Dunlin,7,1,Jul_W1,0.0015,695.0
Dunlin,7,2,Jul_W2,0.0,711.0
Dunlin,7,3,Jul_W3,0.0017575,569.0
Dunlin,7,4,Jul_W4,0.0011325,883.0
Dunlin,8,1,Aug_W1,0.0,607.0
Dunlin,8,2,Aug_W2,0.0,639.0
Dunlin,8,3,Aug_W3,0.0,586.0
Dunlin,8,4,Aug_W4,0.0,845.0
Dunlin,9,1,Sep_W1,0.0,528.0
Dunlin,9,2,Sep_W2,0.0015,653.0
Dunlin,9,3,Sep_W3,0.0,638.0
Dunlin,9,4,Sep_W4,0.002656,753.0
Dunlin,10,1,Oct_W1,0.0111111,630.0
Dunlin,10,2,Oct_W2,0.0242215,578.0
Dunlin,10,3,Oct_W3,0.0266393,488.0
Dunlin,10,4,Oct_W4,0.024911,562.0
Dunlin,11,1,Nov_W1,0.0078329,383.0
Dunlin,11,2,Nov_W2,0.0,329.0
Dunlin,11,3,Nov_W3,0.0,273.0
Dunlin,11,4,Nov_W4,0.0,270.0
Dunlin,12,1,Dec_W1,0.0,157.0
Dunlin,12,2,Dec_W2,0.0,166.0
Dunlin,12,3,Dec_W3,0.0,137.0
Dunlin,12,4,Dec_W4,0.0,145.0
Purple Sandpiper,1,1,Jan_W1,0.0,185.0
Purple Sandpiper,1,2,Jan_W2,0.0,88.0
Purple Sandpiper,1,3,Jan_W3,0.0,105.0
Purple Sandpiper,1,4,Jan_W4,0.0,140.0
Purple Sandpiper,2,1,Feb_W1,0.0,123.0
Purple Sandpiper,2,2,Feb_W2,0.0,108.0
Purple Sandpiper,2,3,Feb_W3,0.0,118.0
Purple Sandpiper,2,4,Feb_W4,0.0,70.0
Purple Sandpiper,3,1,Mar_W1,0.0,105.0
Purple Sandpiper,3,2,Mar_W2,0.0,114.0
Purple Sandpiper,3,3,Mar_W3,0.0,142.0
Purple Sandpiper,3,4,Mar_W4,0.0,164.0
Purple Sandpiper,4,1,Apr_W1,0.0,261.0
Purple Sandpiper,4,2,Apr_W2,0.0,364.0
Purple Sandpiper,4,3,Apr_W3,0.0,430.0
Purple Sandpiper,4,4,Apr_W4,0.0,706.0
Purple Sandpiper,5,1,May_W1,0.0,645.0
Purple Sandpiper,5,2,May_W2,0.0,774.0
Purple Sandpiper,5,3,May_W3,0.0,765.0
Purple Sandpiper,5,4,May_W4,0.0,1386.0
Purple Sandpiper,6,1,Jun_W1,0.0,855.0
Purple Sandpiper,6,2,Jun_W2,0.0,752.0
Purple Sandpiper,6,3,Jun_W3,0.0,625.0
Purple Sandpiper,6,4,Jun_W4,0.0,745.0
Purple Sandpiper,7,1,Jul_W1,0.0,695.0
Purple Sandpiper,7,2,Jul_W2,0.0,711.0
Purple Sandpiper,7,3,Jul_W3,0.0,569.0
Purple Sandpiper,7,4,Jul_W4,0.0,883.0
Purple Sandpiper,8,1,Aug_W1,0.0,607.0
Purple Sandpiper,8,2,Aug_W2,0.0,639.0
Purple Sandpiper,8,3,Aug_W3,0.0,586.0
Purple Sandpiper,8,4,Aug_W4,0.0,845.0
Purple Sandpiper,9,1,Sep_W1,0.0,528.0
Purple Sandpiper,9,2,Sep_W2,0.0,653.0
Purple Sandpiper,9,3,Sep_W3,0.0,638.0
Purple Sandpiper,9,4,Sep_W4,0.0,753.0
Purple Sandpiper,10,1,Oct_W1,0.0031746,630.0
Purple Sandpiper,10,2,Oct_W2,0.0,578.0
Purple Sandpiper,10,3,Oct_W3,0.0,488.0
Purple Sandpiper,10,4,Oct_W4,0.0,562.0
Purple Sandpiper,11,1,Nov_W1,0.0,383.0
Purple Sandpiper,11,2,Nov_W2,0.0,329.0
Purple Sandpiper,11,3,Nov_W3,0.0,273.0
Purple Sandpiper,11,4,Nov_W4,0.0,270.0
Purple Sandpiper,12,1,Dec_W1,0.0,157.0
Purple Sandpiper,12,2,Dec_W2,0.0,166.0
Purple Sandpiper,12,3,Dec_W3,0.0145985,137.0
Purple Sandpiper,12,4,Dec_W4,0.0,145.0
Baird's Sandpiper,1,1,Jan_W1,0.0,185.0
Baird's Sandpiper,1,2,Jan_W2,0.0,88.0
Baird's Sandpiper,1,3,Jan_W3,0.0,105.0
Baird's Sandpiper,1,4,Jan_W4,0.0,140.0
Baird's Sandpiper,2,1,Feb_W1,0.0,123.0
Baird's Sandpiper,2,2,Feb_W2,0.0,108.0
Baird's Sandpiper,2,3,Feb_W3,0.0,118.0
Baird's Sandpiper,2,4,Feb_W4,0.0,70.0
Baird's Sandpiper,3,1,Mar_W1,0.0,105.0
Baird's Sandpiper,3,2,Mar_W2,0.0,114.0
Baird's Sandpiper,3,3,Mar_W3,0.0,142.0
Baird's Sandpiper,3,4,Mar_W4,0.0,164.0
Baird's Sandpiper,4,1,Apr_W1,0.0,261.0
Baird's Sandpiper,4,2,Apr_W2,0.0,364.0
Baird's Sandpiper,4,3,Apr_W3,0.0,430.0
Baird's Sandpiper,4,4,Apr_W4,0.0,706.0
Baird's Sandpiper,5,1,May_W1,0.0,645.0
Baird's Sandpiper,5,2,May_W2,0.0,774.0
Baird's Sandpiper,5,3,May_W3,0.0,765.0
Baird's Sandpiper,5,4,May_W4,0.0,1386.0
Baird's Sandpiper,6,1,Jun_W1,0.0023392,855.0
Baird's Sandpiper,6,2,Jun_W2,0.0,752.0
Baird's Sandpiper,6,3,Jun_W3,0.0,625.0
Baird's Sandpiper,6,4,Jun_W4,0.0,745.0
Baird's Sandpiper,7,1,Jul_W1,0.0,695.0
Baird's Sandpiper,7,2,Jul_W2,0.0014065,711.0
Baird's Sandpiper,7,3,Jul_W3,0.0070299,569.0
Baird's Sandpiper,7,4,Jul_W4,0.0033975,883.0
Baird's Sandpiper,8,1,Aug_W1,0.0164745,607.0
Baird's Sandpiper,8,2,Aug_W2,0.0266041,639.0
Baird's Sandpiper,8,3,Aug_W3,0.0443686,586.0
Baird's Sandpiper,8,4,Aug_W4,0.0887574,845.0
Baird's Sandpiper,9,1,Sep_W1,0.0587121,528.0
Baird's Sandpiper,9,2,Sep_W2,0.0122511,653.0
Baird's Sandpiper,9,3,Sep_W3,0.0125392,638.0
Baird's Sandpiper,9,4,Sep_W4,0.0015,753.0
Baird's Sandpiper,10,1,Oct_W1,0.0,630.0
Baird's Sandpiper,10,2,Oct_W2,0.0,578.0
Baird's Sandpiper,10,3,Oct_W3,0.0,488.0
Baird's Sandpiper,10,4,Oct_W4,0.0,562.0
Baird's Sandpiper,11,1,Nov_W1,0.0,383.0
Baird's Sandpiper,11,2,Nov_W2,0.0,329.0
Baird's Sandpiper,11,3,Nov_W3,0.0,273.0
Baird's Sandpiper,11,4,Nov_W4,0.0,270.0
Baird's Sandpiper,12,1,Dec_W1,0.0,157.0
Baird's Sandpiper,12,2,Dec_W2,0.0,166.0
Baird's Sandpiper,12,3,Dec_W3,0.0,137.0
Baird's Sandpiper,12,4,Dec_W4,0.0,145.0
White-rumped Sandpiper,1,1,Jan_W1,0.0,185.0
White-rumped Sandpiper,1,2,Jan_W2,0.0,88.0
White-rumped Sandpiper,1,3,Jan_W3,0.0,105.0
White-rumped Sandpiper,1,4,Jan_W4,0.0,140.0
White-rumped Sandpiper,2,1,Feb_W1,0.0,123.0
White-rumped Sandpiper,2,2,Feb_W2,0.0,108.0
White-rumped Sandpiper,2,3,Feb_W3,0.0,118.0
White-rumped Sandpiper,2,4,Feb_W4,0.0,70.0
White-rumped Sandpiper,3,1,Mar_W1,0.0,105.0
White-rumped Sandpiper,3,2,Mar_W2,0.0,114.0
White-rumped Sandpiper,3,3,Mar_W3,0.0,142.0
White-rumped Sandpiper,3,4,Mar_W4,0.0,164.0
White-rumped Sandpiper,4,1,Apr_W1,0.0,261.0
White-rumped Sandpiper,4,2,Apr_W2,0.0,364.0
White-rumped Sandpiper,4,3,Apr_W3,0.0,430.0
White-rumped Sandpiper,4,4,Apr_W4,0.0,706.0
White-rumped Sandpiper,5,1,May_W1,0.0,645.0
White-rumped Sandpiper,5,2,May_W2,0.0,774.0
White-rumped Sandpiper,5,3,May_W3,0.0015,765.0
White-rumped Sandpiper,5,4,May_W4,0.005772,1386.0
White-rumped Sandpiper,6,1,Jun_W1,0.005848,855.0
White-rumped Sandpiper,6,2,Jun_W2,0.0066489,752.0
White-rumped Sandpiper,6,3,Jun_W3,0.0064,625.0
White-rumped Sandpiper,6,4,Jun_W4,0.0,745.0
White-rumped Sandpiper,7,1,Jul_W1,0.0,695.0
White-rumped Sandpiper,7,2,Jul_W2,0.0,711.0
White-rumped Sandpiper,7,3,Jul_W3,0.0,569.0
White-rumped Sandpiper,7,4,Jul_W4,0.0,883.0
White-rumped Sandpiper,8,1,Aug_W1,0.0,607.0
White-rumped Sandpiper,8,2,Aug_W2,0.0,639.0
White-rumped Sandpiper,8,3,Aug_W3,0.0,586.0
White-rumped Sandpiper,8,4,Aug_W4,0.0035503,845.0
White-rumped Sandpiper,9,1,Sep_W1,0.0018939,528.0
White-rumped Sandpiper,9,2,Sep_W2,0.0015,653.0
White-rumped Sandpiper,9,3,Sep_W3,0.0,638.0
White-rumped Sandpiper,9,4,Sep_W4,0.002656,753.0
White-rumped Sandpiper,10,1,Oct_W1,0.0,630.0
White-rumped Sandpiper,10,2,Oct_W2,0.0,578.0
White-rumped Sandpiper,10,3,Oct_W3,0.0163934,488.0
White-rumped Sandpiper,10,4,Oct_W4,0.0088968,562.0
White-rumped Sandpiper,11,1,Nov_W1,0.0,383.0
White-rumped Sandpiper,11,2,Nov_W2,0.0,329.0
White-rumped Sandpiper,11,3,Nov_W3,0.0,273.0
White-rumped Sandpiper,11,4,Nov_W4,0.0,270.0
White-rumped Sandpiper,12,1,Dec_W1,0.0,157.0
White-rumped Sandpiper,12,2,Dec_W2,0.0,166.0
White-rumped Sandpiper,12,3,Dec_W3,0.0,137.0
White-rumped Sandpiper,12,4,Dec_W4,0.0,145.0
Least Sandpiper,1,1,Jan_W1,0.0,185.0
Least Sandpiper,1,2,Jan_W2,0.0,88.0
Least Sandpiper,1,3,Jan_W3,0.0,105.0
Least Sandpiper,1,4,Jan_W4,0.0,140.0
Least Sandpiper,2,1,Feb_W1,0.0,123.0
Least Sandpiper,2,2,Feb_W2,0.0,108.0
Least Sandpiper,2,3,Feb_W3,0.0,118.0
Least Sandpiper,2,4,Feb_W4,0.0,70.0
Least Sandpiper,3,1,Mar_W1,0.0,105.0
Least Sandpiper,3,2,Mar_W2,0.0,114.0
Least Sandpiper,3,3,Mar_W3,0.0,142.0
Least Sandpiper,3,4,Mar_W4,0.0,164.0
Least Sandpiper,4,1,Apr_W1,0.0,261.0
Least Sandpiper,4,2,Apr_W2,0.0,364.0
Least Sandpiper,4,3,Apr_W3,0.0,430.0
Least Sandpiper,4,4,Apr_W4,0.0,706.0
Least Sandpiper,5,1,May_W1,0.0046512,645.0
Least Sandpiper,5,2,May_W2,0.0180879,774.0
Least Sandpiper,5,3,May_W3,0.0640523,765.0
Least Sandpiper,5,4,May_W4,0.0353535,1386.0
Least Sandpiper,6,1,Jun_W1,0.0105263,855.0
Least Sandpiper,6,2,Jun_W2,0.0,752.0
Least Sandpiper,6,3,Jun_W3,0.0015,625.0
Least Sandpiper,6,4,Jun_W4,0.0013423,745.0
Least Sandpiper,7,1,Jul_W1,0.0043165,695.0
Least Sandpiper,7,2,Jul_W2,0.0042194,711.0
Least Sandpiper,7,3,Jul_W3,0.0210896,569.0
Least Sandpiper,7,4,Jul_W4,0.0328426,883.0
Least Sandpiper,8,1,Aug_W1,0.0477759,607.0
Least Sandpiper,8,2,Aug_W2,0.1017214,639.0
Least Sandpiper,8,3,Aug_W3,0.0904437,586.0
Least Sandpiper,8,4,Aug_W4,0.0733728,845.0
Least Sandpiper,9,1,Sep_W1,0.0208333,528.0
Least Sandpiper,9,2,Sep_W2,0.007657,653.0
Least Sandpiper,9,3,Sep_W3,0.0094044,638.0
Least Sandpiper,9,4,Sep_W4,0.0039841,753.0
Least Sandpiper,10,1,Oct_W1,0.0,630.0
Least Sandpiper,10,2,Oct_W2,0.0017301,578.0
Least Sandpiper,10,3,Oct_W3,0.0020492,488.0
Least Sandpiper,10,4,Oct_W4,0.0,562.0
Least Sandpiper,11,1,Nov_W1,0.0,383.0
Least Sandpiper,11,2,Nov_W2,0.0,329.0
Least Sandpiper,11,3,Nov_W3,0.0,273.0
Least Sandpiper,11,4,Nov_W4,0.0,270.0
Least Sandpiper,12,1,Dec_W1,0.0,157.0
Least Sandpiper,12,2,Dec_W2,0.0,166.0
Least Sandpiper,12,3,Dec_W3,0.0,137.0
Least Sandpiper,12,4,Dec_W4,0.0,145.0
Pectoral Sandpiper,1,1,Jan_W1,0.0,185.0
Pectoral Sandpiper,1,2,Jan_W2,0.0,88.0
Pectoral Sandpiper,1,3,Jan_W3,0.0,105.0
Pectoral Sandpiper,1,4,Jan_W4,0.0,140.0
Pectoral Sandpiper,2,1,Feb_W1,0.0,123.0
Pectoral Sandpiper,2,2,Feb_W2,0.0,108.0
Pectoral Sandpiper,2,3,Feb_W3,0.0,118.0
Pectoral Sandpiper,2,4,Feb_W4,0.0,70.0
Pectoral Sandpiper,3,1,Mar_W1,0.0,105.0
Pectoral Sandpiper,3,2,Mar_W2,0.0,114.0
Pectoral Sandpiper,3,3,Mar_W3,0.0,142.0
Pectoral Sandpiper,3,4,Mar_W4,0.0,164.0
Pectoral Sandpiper,4,1,Apr_W1,0.0,261.0
Pectoral Sandpiper,4,2,Apr_W2,0.0,364.0
Pectoral Sandpiper,4,3,Apr_W3,0.0,430.0
Pectoral Sandpiper,4,4,Apr_W4,0.0014164,706.0
Pectoral Sandpiper,5,1,May_W1,0.0031008,645.0
Pectoral Sandpiper,5,2,May_W2,0.0077519,774.0
Pectoral Sandpiper,5,3,May_W3,0.0013072,765.0
Pectoral Sandpiper,5,4,May_W4,0.002886,1386.0
Pectoral Sandpiper,6,1,Jun_W1,0.0,855.0
Pectoral Sandpiper,6,2,Jun_W2,0.0,752.0
Pectoral Sandpiper,6,3,Jun_W3,0.0,625.0
Pectoral Sandpiper,6,4,Jun_W4,0.0,745.0
Pectoral Sandpiper,7,1,Jul_W1,0.0,695.0
Pectoral Sandpiper,7,2,Jul_W2,0.0028129,711.0
Pectoral Sandpiper,7,3,Jul_W3,0.0070299,569.0
Pectoral Sandpiper,7,4,Jul_W4,0.002265,883.0
Pectoral Sandpiper,8,1,Aug_W1,0.0065898,607.0
Pectoral Sandpiper,8,2,Aug_W2,0.0140845,639.0
Pectoral Sandpiper,8,3,Aug_W3,0.0102389,586.0
Pectoral Sandpiper,8,4,Aug_W4,0.0295858,845.0
Pectoral Sandpiper,9,1,Sep_W1,0.0151515,528.0
Pectoral Sandpiper,9,2,Sep_W2,0.0030628,653.0
Pectoral Sandpiper,9,3,Sep_W3,0.0062696,638.0
Pectoral Sandpiper,9,4,Sep_W4,0.0079681,753.0
Pectoral Sandpiper,10,1,Oct_W1,0.0063492,630.0
Pectoral Sandpiper,10,2,Oct_W2,0.0051903,578.0
Pectoral Sandpiper,10,3,Oct_W3,0.0245902,488.0
Pectoral Sandpiper,10,4,Oct_W4,0.0160142,562.0
Pectoral Sandpiper,11,1,Nov_W1,0.002611,383.0
Pectoral Sandpiper,11,2,Nov_W2,0.0,329.0
Pectoral Sandpiper,11,3,Nov_W3,0.0,273.0
Pectoral Sandpiper,11,4,Nov_W4,0.0,270.0
Pectoral Sandpiper,12,1,Dec_W1,0.0,157.0
Pectoral Sandpiper,12,2,Dec_W2,0.0,166.0
Pectoral Sandpiper,12,3,Dec_W3,0.0,137.0
Pectoral Sandpiper,12,4,Dec_W4,0.0,145.0
Semipalmated Sandpiper,1,1,Jan_W1,0.0,185.0
Semipalmated Sandpiper,1,2,Jan_W2,0.0,88.0
Semipalmated Sandpiper,1,3,Jan_W3,0.0,105.0
Semipalmated Sandpiper,1,4,Jan_W4,0.0,140.0
Semipalmated Sandpiper,2,1,Feb_W1,0.0,123.0
Semipalmated Sandpiper,2,2,Feb_W2,0.0,108.0
Semipalmated Sandpiper,2,3,Feb_W3,0.0,118.0
Semipalmated Sandpiper,2,4,Feb_W4,0.0,70.0
Semipalmated Sandpiper,3,1,Mar_W1,0.0,105.0
Semipalmated Sandpiper,3,2,Mar_W2,0.0,114.0
Semipalmated Sandpiper,3,3,Mar_W3,0.0,142.0
Semipalmated Sandpiper,3,4,Mar_W4,0.0,164.0
Semipalmated Sandpiper,4,1,Apr_W1,0.0,261.0
Semipalmated Sandpiper,4,2,Apr_W2,0.0,364.0
Semipalmated Sandpiper,4,3,Apr_W3,0.0,430.0
Semipalmated Sandpiper,4,4,Apr_W4,0.0,706.0
Semipalmated Sandpiper,5,1,May_W1,0.0,645.0
Semipalmated Sandpiper,5,2,May_W2,0.0,774.0
Semipalmated Sandpiper,5,3,May_W3,0.0235294,765.0
Semipalmated Sandpiper,5,4,May_W4,0.0670996,1386.0
Semipalmated Sandpiper,6,1,Jun_W1,0.0807018,855.0
Semipalmated Sandpiper,6,2,Jun_W2,0.0265957,752.0
Semipalmated Sandpiper,6,3,Jun_W3,0.0064,625.0
Semipalmated Sandpiper,6,4,Jun_W4,0.0013423,745.0
Semipalmated Sandpiper,7,1,Jul_W1,0.0015,695.0
Semipalmated Sandpiper,7,2,Jul_W2,0.0084388,711.0
Semipalmated Sandpiper,7,3,Jul_W3,0.0140598,569.0
Semipalmated Sandpiper,7,4,Jul_W4,0.015855,883.0
Semipalmated Sandpiper,8,1,Aug_W1,0.0329489,607.0
Semipalmated Sandpiper,8,2,Aug_W2,0.0782473,639.0
Semipalmated Sandpiper,8,3,Aug_W3,0.0904437,586.0
Semipalmated Sandpiper,8,4,Aug_W4,0.1230769,845.0
Semipalmated Sandpiper,9,1,Sep_W1,0.0359848,528.0
Semipalmated Sandpiper,9,2,Sep_W2,0.0107198,653.0
Semipalmated Sandpiper,9,3,Sep_W3,0.0015,638.0
Semipalmated Sandpiper,9,4,Sep_W4,0.0015,753.0
Semipalmated Sandpiper,10,1,Oct_W1,0.0,630.0
Semipalmated Sandpiper,10,2,Oct_W2,0.0,578.0
Semipalmated Sandpiper,10,3,Oct_W3,0.0,488.0
Semipalmated Sandpiper,10,4,Oct_W4,0.0,562.0
Semipalmated Sandpiper,11,1,Nov_W1,0.0,383.0
Semipalmated Sandpiper,11,2,Nov_W2,0.0,329.0
Semipalmated Sandpiper,11,3,Nov_W3,0.0,273.0
Semipalmated Sandpiper,11,4,Nov_W4,0.0,270.0
Semipalmated Sandpiper,12,1,Dec_W1,0.0,157.0
Semipalmated Sandpiper,12,2,Dec_W2,0.0,166.0
Semipalmated Sandpiper,12,3,Dec_W3,0.0,137.0
Semipalmated Sandpiper,12,4,Dec_W4,0.0,145.0
Parasitic Jaeger,1,1,Jan_W1,0.0,185.0
Parasitic Jaeger,1,2,Jan_W2,0.0,88.0
Parasitic Jaeger,1,3,Jan_W3,0.0,105.0
Parasitic Jaeger,1,4,Jan_W4,0.0,140.0
Parasitic Jaeger,2,1,Feb_W1,0.0,123.0
Parasitic Jaeger,2,2,Feb_W2,0.0,108.0
Parasitic Jaeger,2,3,Feb_W3,0.0,118.0
Parasitic Jaeger,2,4,Feb_W4,0.0,70.0
Parasitic Jaeger,3,1,Mar_W1,0.0,105.0
Parasitic Jaeger,3,2,Mar_W2,0.0,114.0
Parasitic Jaeger,3,3,Mar_W3,0.0,142.0
Parasitic Jaeger,3,4,Mar_W4,0.0,164.0
Parasitic Jaeger,4,1,Apr_W1,0.0,261.0
Parasitic Jaeger,4,2,Apr_W2,0.0,364.0
Parasitic Jaeger,4,3,Apr_W3,0.0,430.0
Parasitic Jaeger,4,4,Apr_W4,0.0,706.0
Parasitic Jaeger,5,1,May_W1,0.0,645.0
Parasitic Jaeger,5,2,May_W2,0.0,774.0
Parasitic Jaeger,5,3,May_W3,0.0,765.0
Parasitic Jaeger,5,4,May_W4,0.0,1386.0
Parasitic Jaeger,6,1,Jun_W1,0.0,855.0
Parasitic Jaeger,6,2,Jun_W2,0.0,752.0
Parasitic Jaeger,6,3,Jun_W3,0.0,625.0
Parasitic Jaeger,6,4,Jun_W4,0.0,745.0
Parasitic Jaeger,7,1,Jul_W1,0.0,695.0
Parasitic Jaeger,7,2,Jul_W2,0.0,711.0
Parasitic Jaeger,7,3,Jul_W3,0.0,569.0
Parasitic Jaeger,7,4,Jul_W4,0.0,883.0
Parasitic Jaeger,8,1,Aug_W1,0.0,607.0
Parasitic Jaeger,8,2,Aug_W2,0.0,639.0
Parasitic Jaeger,8,3,Aug_W3,0.0,586.0
Parasitic Jaeger,8,4,Aug_W4,0.0,845.0
Parasitic Jaeger,9,1,Sep_W1,0.0,528.0
Parasitic Jaeger,9,2,Sep_W2,0.0,653.0
Parasitic Jaeger,9,3,Sep_W3,0.0,638.0
Parasitic Jaeger,9,4,Sep_W4,0.0015,753.0
Parasitic Jaeger,10,1,Oct_W1,0.0,630.0
Parasitic Jaeger,10,2,Oct_W2,0.0,578.0
Parasitic Jaeger,10,3,Oct_W3,0.0,488.0
Parasitic Jaeger,10,4,Oct_W4,0.0,562.0
Parasitic Jaeger,11,1,Nov_W1,0.0,383.0
Parasitic Jaeger,11,2,Nov_W2,0.0,329.0
Parasitic Jaeger,11,3,Nov_W3,0.0,273.0
Parasitic Jaeger,11,4,Nov_W4,0.0,270.0
Parasitic Jaeger,12,1,Dec_W1,0.0,157.0
Parasitic Jaeger,12,2,Dec_W2,0.0,166.0
Parasitic Jaeger,12,3,Dec_W3,0.0,137.0
Parasitic Jaeger,12,4,Dec_W4,0.0,145.0
Little Gull,1,1,Jan_W1,0.0,185.0
Little Gull,1,2,Jan_W2,0.0,88.0
Little Gull,1,3,Jan_W3,0.0,105.0
Little Gull,1,4,Jan_W4,0.0,140.0
Little Gull,2,1,Feb_W1,0.0,123.0
Little Gull,2,2,Feb_W2,0.0,108.0
Little Gull,2,3,Feb_W3,0.0,118.0
Little Gull,2,4,Feb_W4,0.0,70.0
Little Gull,3,1,Mar_W1,0.0,105.0
Little Gull,3,2,Mar_W2,0.0,114.0
Little Gull,3,3,Mar_W3,0.0,142.0
Little Gull,3,4,Mar_W4,0.0,164.0
Little Gull,4,1,Apr_W1,0.0,261.0
Little Gull,4,2,Apr_W2,0.0,364.0
Little Gull,4,3,Apr_W3,0.0,430.0
Little Gull,4,4,Apr_W4,0.0,706.0
Little Gull,5,1,May_W1,0.0,645.0
Little Gull,5,2,May_W2,0.0,774.0
Little Gull,5,3,May_W3,0.0,765.0
Little Gull,5,4,May_W4,0.0,1386.0
Little Gull,6,1,Jun_W1,0.0,855.0
Little Gull,6,2,Jun_W2,0.0,752.0
Little Gull,6,3,Jun_W3,0.0,625.0
Little Gull,6,4,Jun_W4,0.0,745.0
Little Gull,7,1,Jul_W1,0.0,695.0
Little Gull,7,2,Jul_W2,0.0,711.0
Little Gull,7,3,Jul_W3,0.0,569.0
Little Gull,7,4,Jul_W4,0.0,883.0
Little Gull,8,1,Aug_W1,0.0,607.0
Little Gull,8,2,Aug_W2,0.0,639.0
Little Gull,8,3,Aug_W3,0.0,586.0
Little Gull,8,4,Aug_W4,0.0,845.0
Little Gull,9,1,Sep_W1,0.0,528.0
Little Gull,9,2,Sep_W2,0.0,653.0
Little Gull,9,3,Sep_W3,0.0,638.0
Little Gull,9,4,Sep_W4,0.0,753.0
Little Gull,10,1,Oct_W1,0.0015873,630.0
Little Gull,10,2,Oct_W2,0.0,578.0
Little Gull,10,3,Oct_W3,0.0,488.0
Little Gull,10,4,Oct_W4,0.0,562.0
Little Gull,11,1,Nov_W1,0.0,383.0
Little Gull,11,2,Nov_W2,0.0,329.0
Little Gull,11,3,Nov_W3,0.0,273.0
Little Gull,11,4,Nov_W4,0.0,270.0
Little Gull,12,1,Dec_W1,0.0,157.0
Little Gull,12,2,Dec_W2,0.0,166.0
Little Gull,12,3,Dec_W3,0.0,137.0
Little Gull,12,4,Dec_W4,0.0,145.0
Black-legged Kittiwake,1,1,Jan_W1,0.0,185.0
Black-legged Kittiwake,1,2,Jan_W2,0.0113636,88.0
Black-legged Kittiwake,1,3,Jan_W3,0.0,105.0
Black-legged Kittiwake,1,4,Jan_W4,0.0,140.0
Black-legged Kittiwake,2,1,Feb_W1,0.0,123.0
Black-legged Kittiwake,2,2,Feb_W2,0.0,108.0
Black-legged Kittiwake,2,3,Feb_W3,0.0,118.0
Black-legged Kittiwake,2,4,Feb_W4,0.0,70.0
Black-legged Kittiwake,3,1,Mar_W1,0.0,105.0
Black-legged Kittiwake,3,2,Mar_W2,0.0,114.0
Black-legged Kittiwake,3,3,Mar_W3,0.0,142.0
Black-legged Kittiwake,3,4,Mar_W4,0.0,164.0
Black-legged Kittiwake,4,1,Apr_W1,0.0,261.0
Black-legged Kittiwake,4,2,Apr_W2,0.0,364.0
Black-legged Kittiwake,4,3,Apr_W3,0.0,430.0
Black-legged Kittiwake,4,4,Apr_W4,0.0,706.0
Black-legged Kittiwake,5,1,May_W1,0.0,645.0
Black-legged Kittiwake,5,2,May_W2,0.0,774.0
Black-legged Kittiwake,5,3,May_W3,0.0,765.0
Black-legged Kittiwake,5,4,May_W4,0.0,1386.0
Black-legged Kittiwake,6,1,Jun_W1,0.0,855.0
Black-legged Kittiwake,6,2,Jun_W2,0.0,752.0
Black-legged Kittiwake,6,3,Jun_W3,0.0,625.0
Black-legged Kittiwake,6,4,Jun_W4,0.0,745.0
Black-legged Kittiwake,7,1,Jul_W1,0.0,695.0
Black-legged Kittiwake,7,2,Jul_W2,0.0,711.0
Black-legged Kittiwake,7,3,Jul_W3,0.0,569.0
Black-legged Kittiwake,7,4,Jul_W4,0.0,883.0
Black-legged Kittiwake,8,1,Aug_W1,0.0,607.0
Black-legged Kittiwake,8,2,Aug_W2,0.0,639.0
Black-legged Kittiwake,8,3,Aug_W3,0.0,586.0
Black-legged Kittiwake,8,4,Aug_W4,0.0,845.0
Black-legged Kittiwake,9,1,Sep_W1,0.0,528.0
Black-legged Kittiwake,9,2,Sep_W2,0.0,653.0
Black-legged Kittiwake,9,3,Sep_W3,0.0,638.0
Black-legged Kittiwake,9,4,Sep_W4,0.0,753.0
Black-legged Kittiwake,10,1,Oct_W1,0.0,630.0
Black-legged Kittiwake,10,2,Oct_W2,0.0,578.0
Black-legged Kittiwake,10,3,Oct_W3,0.0015,488.0
Black-legged Kittiwake,10,4,Oct_W4,0.0017794,562.0
Black-legged Kittiwake,11,1,Nov_W1,0.0,383.0
Black-legged Kittiwake,11,2,Nov_W2,0.0,329.0
Black-legged Kittiwake,11,3,Nov_W3,0.0,273.0
Black-legged Kittiwake,11,4,Nov_W4,0.0,270.0
Black-legged Kittiwake,12,1,Dec_W1,0.0,157.0
Black-legged Kittiwake,12,2,Dec_W2,0.0,166.0
Black-legged Kittiwake,12,3,Dec_W3,0.0,137.0
Black-legged Kittiwake,12,4,Dec_W4,0.0,145.0
Sabine's Gull,1,1,Jan_W1,0.0,185.0
Sabine's Gull,1,2,Jan_W2,0.0,88.0
Sabine's Gull,1,3,Jan_W3,0.0,105.0
Sabine's Gull,1,4,Jan_W4,0.0,140.0
Sabine's Gull,2,1,Feb_W1,0.0,123.0
Sabine's Gull,2,2,Feb_W2,0.0,108.0
Sabine's Gull,2,3,Feb_W3,0.0,118.0
Sabine's Gull,2,4,Feb_W4,0.0,70.0
Sabine's Gull,3,1,Mar_W1,0.0,105.0
Sabine's Gull,3,2,Mar_W2,0.0,114.0
Sabine's Gull,3,3,Mar_W3,0.0,142.0
Sabine's Gull,3,4,Mar_W4,0.0,164.0
Sabine's Gull,4,1,Apr_W1,0.0,261.0
Sabine's Gull,4,2,Apr_W2,0.0,364.0
Sabine's Gull,4,3,Apr_W3,0.0,430.0
Sabine's Gull,4,4,Apr_W4,0.0,706.0
Sabine's Gull,5,1,May_W1,0.0,645.0
Sabine's Gull,5,2,May_W2,0.0,774.0
Sabine's Gull,5,3,May_W3,0.0,765.0
Sabine's Gull,5,4,May_W4,0.0,1386.0
Sabine's Gull,6,1,Jun_W1,0.0,855.0
Sabine's Gull,6,2,Jun_W2,0.0,752.0
Sabine's Gull,6,3,Jun_W3,0.0,625.0
Sabine's Gull,6,4,Jun_W4,0.0,745.0
Sabine's Gull,7,1,Jul_W1,0.0,695.0
Sabine's Gull,7,2,Jul_W2,0.0,711.0
Sabine's Gull,7,3,Jul_W3,0.0,569.0
Sabine's Gull,7,4,Jul_W4,0.0,883.0
Sabine's Gull,8,1,Aug_W1,0.0,607.0
Sabine's Gull,8,2,Aug_W2,0.0,639.0
Sabine's Gull,8,3,Aug_W3,0.0,586.0
Sabine's Gull,8,4,Aug_W4,0.0,845.0
Sabine's Gull,9,1,Sep_W1,0.0,528.0
Sabine's Gull,9,2,Sep_W2,0.0015,653.0
Sabine's Gull,9,3,Sep_W3,0.0,638.0
Sabine's Gull,9,4,Sep_W4,0.0015,753.0
Sabine's Gull,10,1,Oct_W1,0.0,630.0
Sabine's Gull,10,2,Oct_W2,0.0,578.0
Sabine's Gull,10,3,Oct_W3,0.0,488.0
Sabine's Gull,10,4,Oct_W4,0.0,562.0
Sabine's Gull,11,1,Nov_W1,0.0,383.0
Sabine's Gull,11,2,Nov_W2,0.0,329.0
Sabine's Gull,11,3,Nov_W3,0.0,273.0
Sabine's Gull,11,4,Nov_W4,0.0015,270.0
Sabine's Gull,12,1,Dec_W1,0.0,157.0
Sabine's Gull,12,2,Dec_W2,0.0,166.0
Sabine's Gull,12,3,Dec_W3,0.0,137.0
Sabine's Gull,12,4,Dec_W4,0.0,145.0
Bonaparte's Gull,1,1,Jan_W1,0.0,185.0
Bonaparte's Gull,1,2,Jan_W2,0.0,88.0
Bonaparte's Gull,1,3,Jan_W3,0.0,105.0
Bonaparte's Gull,1,4,Jan_W4,0.0,140.0
Bonaparte's Gull,2,1,Feb_W1,0.0,123.0
Bonaparte's Gull,2,2,Feb_W2,0.0,108.0
Bonaparte's Gull,2,3,Feb_W3,0.0,118.0
Bonaparte's Gull,2,4,Feb_W4,0.0,70.0
Bonaparte's Gull,3,1,Mar_W1,0.0,105.0
Bonaparte's Gull,3,2,Mar_W2,0.0,114.0
Bonaparte's Gull,3,3,Mar_W3,0.0,142.0
Bonaparte's Gull,3,4,Mar_W4,0.0,164.0
Bonaparte's Gull,4,1,Apr_W1,0.0,261.0
Bonaparte's Gull,4,2,Apr_W2,0.0,364.0
Bonaparte's Gull,4,3,Apr_W3,0.0,430.0
Bonaparte's Gull,4,4,Apr_W4,0.0028329,706.0
Bonaparte's Gull,5,1,May_W1,0.0031008,645.0
Bonaparte's Gull,5,2,May_W2,0.002584,774.0
Bonaparte's Gull,5,3,May_W3,0.0039216,765.0
Bonaparte's Gull,5,4,May_W4,0.001443,1386.0
Bonaparte's Gull,6,1,Jun_W1,0.0035088,855.0
Bonaparte's Gull,6,2,Jun_W2,0.0,752.0
Bonaparte's Gull,6,3,Jun_W3,0.0015,625.0
Bonaparte's Gull,6,4,Jun_W4,0.0040268,745.0
Bonaparte's Gull,7,1,Jul_W1,0.0,695.0
Bonaparte's Gull,7,2,Jul_W2,0.0014065,711.0
Bonaparte's Gull,7,3,Jul_W3,0.0087873,569.0
Bonaparte's Gull,7,4,Jul_W4,0.0271801,883.0
Bonaparte's Gull,8,1,Aug_W1,0.0543657,607.0
Bonaparte's Gull,8,2,Aug_W2,0.0453834,639.0
Bonaparte's Gull,8,3,Aug_W3,0.0460751,586.0
Bonaparte's Gull,8,4,Aug_W4,0.0366864,845.0
Bonaparte's Gull,9,1,Sep_W1,0.0227273,528.0
Bonaparte's Gull,9,2,Sep_W2,0.0260337,653.0
Bonaparte's Gull,9,3,Sep_W3,0.0407524,638.0
Bonaparte's Gull,9,4,Sep_W4,0.0504648,753.0
Bonaparte's Gull,10,1,Oct_W1,0.0587302,630.0
Bonaparte's Gull,10,2,Oct_W2,0.0692042,578.0
Bonaparte's Gull,10,3,Oct_W3,0.0594262,488.0
Bonaparte's Gull,10,4,Oct_W4,0.0587189,562.0
Bonaparte's Gull,11,1,Nov_W1,0.0469974,383.0
Bonaparte's Gull,11,2,Nov_W2,0.0151976,329.0
Bonaparte's Gull,11,3,Nov_W3,0.025641,273.0
Bonaparte's Gull,11,4,Nov_W4,0.0,270.0
Bonaparte's Gull,12,1,Dec_W1,0.0,157.0
Bonaparte's Gull,12,2,Dec_W2,0.0,166.0
Bonaparte's Gull,12,3,Dec_W3,0.0,137.0
Bonaparte's Gull,12,4,Dec_W4,0.0,145.0
Laughing Gull,1,1,Jan_W1,0.0,185.0
Laughing Gull,1,2,Jan_W2,0.0,88.0
Laughing Gull,1,3,Jan_W3,0.0,105.0
Laughing Gull,1,4,Jan_W4,0.0,140.0
Laughing Gull,2,1,Feb_W1,0.0,123.0
Laughing Gull,2,2,Feb_W2,0.0,108.0
Laughing Gull,2,3,Feb_W3,0.0,118.0
Laughing Gull,2,4,Feb_W4,0.0,70.0
Laughing Gull,3,1,Mar_W1,0.0,105.0
Laughing Gull,3,2,Mar_W2,0.0,114.0
Laughing Gull,3,3,Mar_W3,0.0,142.0
Laughing Gull,3,4,Mar_W4,0.0,164.0
Laughing Gull,4,1,Apr_W1,0.0,261.0
Laughing Gull,4,2,Apr_W2,0.0,364.0
Laughing Gull,4,3,Apr_W3,0.0,430.0
Laughing Gull,4,4,Apr_W4,0.0,706.0
Laughing Gull,5,1,May_W1,0.0,645.0
Laughing Gull,5,2,May_W2,0.0,774.0
Laughing Gull,5,3,May_W3,0.0013072,765.0
Laughing Gull,5,4,May_W4,0.0,1386.0
Laughing Gull,6,1,Jun_W1,0.0015,855.0
Laughing Gull,6,2,Jun_W2,0.0,752.0
Laughing Gull,6,3,Jun_W3,0.0,625.0
Laughing Gull,6,4,Jun_W4,0.0053691,745.0
Laughing Gull,7,1,Jul_W1,0.0,695.0
Laughing Gull,7,2,Jul_W2,0.0,711.0
Laughing Gull,7,3,Jul_W3,0.0,569.0
Laughing Gull,7,4,Jul_W4,0.0,883.0
Laughing Gull,8,1,Aug_W1,0.0,607.0
Laughing Gull,8,2,Aug_W2,0.0,639.0
Laughing Gull,8,3,Aug_W3,0.0,586.0
Laughing Gull,8,4,Aug_W4,0.0,845.0
Laughing Gull,9,1,Sep_W1,0.0,528.0
Laughing Gull,9,2,Sep_W2,0.0,653.0
Laughing Gull,9,3,Sep_W3,0.0,638.0
Laughing Gull,9,4,Sep_W4,0.0,753.0
Laughing Gull,10,1,Oct_W1,0.0,630.0
Laughing Gull,10,2,Oct_W2,0.0,578.0
Laughing Gull,10,3,Oct_W3,0.0,488.0
Laughing Gull,10,4,Oct_W4,0.0,562.0
Laughing Gull,11,1,Nov_W1,0.0,383.0
Laughing Gull,11,2,Nov_W2,0.0,329.0
Laughing Gull,11,3,Nov_W3,0.0,273.0
Laughing Gull,11,4,Nov_W4,0.0,270.0
Laughing Gull,12,1,Dec_W1,0.0,157.0
Laughing Gull,12,2,Dec_W2,0.0,166.0
Laughing Gull,12,3,Dec_W3,0.0,137.0
Laughing Gull,12,4,Dec_W4,0.0,145.0
Franklin's Gull,1,1,Jan_W1,0.0,185.0
Franklin's Gull,1,2,Jan_W2,0.0,88.0
Franklin's Gull,1,3,Jan_W3,0.0,105.0
Franklin's Gull,1,4,Jan_W4,0.0,140.0
Franklin's Gull,2,1,Feb_W1,0.0,123.0
Franklin's Gull,2,2,Feb_W2,0.0,108.0
Franklin's Gull,2,3,Feb_W3,0.0,118.0
Franklin's Gull,2,4,Feb_W4,0.0,70.0
Franklin's Gull,3,1,Mar_W1,0.0,105.0
Franklin's Gull,3,2,Mar_W2,0.0,114.0
Franklin's Gull,3,3,Mar_W3,0.0,142.0
Franklin's Gull,3,4,Mar_W4,0.0,164.0
Franklin's Gull,4,1,Apr_W1,0.0,261.0
Franklin's Gull,4,2,Apr_W2,0.0,364.0
Franklin's Gull,4,3,Apr_W3,0.0,430.0
Franklin's Gull,4,4,Apr_W4,0.0,706.0
Franklin's Gull,5,1,May_W1,0.0015504,645.0
Franklin's Gull,5,2,May_W2,0.0,774.0
Franklin's Gull,5,3,May_W3,0.0013072,765.0
Franklin's Gull,5,4,May_W4,0.001443,1386.0
Franklin's Gull,6,1,Jun_W1,0.0,855.0
Franklin's Gull,6,2,Jun_W2,0.0013298,752.0
Franklin's Gull,6,3,Jun_W3,0.0,625.0
Franklin's Gull,6,4,Jun_W4,0.0,745.0
Franklin's Gull,7,1,Jul_W1,0.0,695.0
Franklin's Gull,7,2,Jul_W2,0.0014065,711.0
Franklin's Gull,7,3,Jul_W3,0.0,569.0
Franklin's Gull,7,4,Jul_W4,0.0,883.0
Franklin's Gull,8,1,Aug_W1,0.0,607.0
Franklin's Gull,8,2,Aug_W2,0.0031299,639.0
Franklin's Gull,8,3,Aug_W3,0.0,586.0
Franklin's Gull,8,4,Aug_W4,0.0,845.0
Franklin's Gull,9,1,Sep_W1,0.0056818,528.0
Franklin's Gull,9,2,Sep_W2,0.0,653.0
Franklin's Gull,9,3,Sep_W3,0.0,638.0
Franklin's Gull,9,4,Sep_W4,0.0,753.0
Franklin's Gull,10,1,Oct_W1,0.0,630.0
Franklin's Gull,10,2,Oct_W2,0.0,578.0
Franklin's Gull,10,3,Oct_W3,0.0,488.0
Franklin's Gull,10,4,Oct_W4,0.0035587,562.0
Franklin's Gull,11,1,Nov_W1,0.0,383.0
Franklin's Gull,11,2,Nov_W2,0.0,329.0
Franklin's Gull,11,3,Nov_W3,0.0,273.0
Franklin's Gull,11,4,Nov_W4,0.0,270.0
Franklin's Gull,12,1,Dec_W1,0.0015,157.0
Franklin's Gull,12,2,Dec_W2,0.0,166.0
Franklin's Gull,12,3,Dec_W3,0.0,137.0
Franklin's Gull,12,4,Dec_W4,0.0,145.0
Ring-billed Gull,1,1,Jan_W1,0.0,185.0
Ring-billed Gull,1,2,Jan_W2,0.0,88.0
Ring-billed Gull,1,3,Jan_W3,0.0,105.0
Ring-billed Gull,1,4,Jan_W4,0.0,140.0
Ring-billed Gull,2,1,Feb_W1,0.0,123.0
Ring-billed Gull,2,2,Feb_W2,0.0,108.0
Ring-billed Gull,2,3,Feb_W3,0.0,118.0
Ring-billed Gull,2,4,Feb_W4,0.0,70.0
Ring-billed Gull,3,1,Mar_W1,0.0,105.0
Ring-billed Gull,3,2,Mar_W2,0.0175439,114.0
Ring-billed Gull,3,3,Mar_W3,0.0492958,142.0
Ring-billed Gull,3,4,Mar_W4,0.0914634,164.0
Ring-billed Gull,4,1,Apr_W1,0.0996169,261.0
Ring-billed Gull,4,2,Apr_W2,0.1236264,364.0
Ring-billed Gull,4,3,Apr_W3,0.1674419,430.0
Ring-billed Gull,4,4,Apr_W4,0.213881,706.0
Ring-billed Gull,5,1,May_W1,0.1937984,645.0
Ring-billed Gull,5,2,May_W2,0.2093023,774.0
Ring-billed Gull,5,3,May_W3,0.1947712,765.0
Ring-billed Gull,5,4,May_W4,0.2012987,1386.0
Ring-billed Gull,6,1,Jun_W1,0.2175439,855.0
Ring-billed Gull,6,2,Jun_W2,0.2340426,752.0
Ring-billed Gull,6,3,Jun_W3,0.2144,625.0
Ring-billed Gull,6,4,Jun_W4,0.2134228,745.0
Ring-billed Gull,7,1,Jul_W1,0.2086331,695.0
Ring-billed Gull,7,2,Jul_W2,0.257384,711.0
Ring-billed Gull,7,3,Jul_W3,0.3005272,569.0
Ring-billed Gull,7,4,Jul_W4,0.3420159,883.0
Ring-billed Gull,8,1,Aug_W1,0.3739703,607.0
Ring-billed Gull,8,2,Aug_W2,0.3959311,639.0
Ring-billed Gull,8,3,Aug_W3,0.3822526,586.0
Ring-billed Gull,8,4,Aug_W4,0.4473373,845.0
Ring-billed Gull,9,1,Sep_W1,0.4602273,528.0
Ring-billed Gull,9,2,Sep_W2,0.3660031,653.0
Ring-billed Gull,9,3,Sep_W3,0.3557994,638.0
Ring-billed Gull,9,4,Sep_W4,0.3532537,753.0
Ring-billed Gull,10,1,Oct_W1,0.368254,630.0
Ring-billed Gull,10,2,Oct_W2,0.3460208,578.0
Ring-billed Gull,10,3,Oct_W3,0.2848361,488.0
Ring-billed Gull,10,4,Oct_W4,0.2686833,562.0
Ring-billed Gull,11,1,Nov_W1,0.1148825,383.0
Ring-billed Gull,11,2,Nov_W2,0.106383,329.0
Ring-billed Gull,11,3,Nov_W3,0.0512821,273.0
Ring-billed Gull,11,4,Nov_W4,0.0222222,270.0
Ring-billed Gull,12,1,Dec_W1,0.0,157.0
Ring-billed Gull,12,2,Dec_W2,0.0060241,166.0
Ring-billed Gull,12,3,Dec_W3,0.0,137.0
Ring-billed Gull,12,4,Dec_W4,0.0,145.0
American Herring Gull,1,1,Jan_W1,0.1891892,185.0
American Herring Gull,1,2,Jan_W2,0.1590909,88.0
American Herring Gull,1,3,Jan_W3,0.1428571,105.0
American Herring Gull,1,4,Jan_W4,0.1571429,140.0
American Herring Gull,2,1,Feb_W1,0.1219512,123.0
American Herring Gull,2,2,Feb_W2,0.1111111,108.0
American Herring Gull,2,3,Feb_W3,0.1186441,118.0
American Herring Gull,2,4,Feb_W4,0.2,70.0
American Herring Gull,3,1,Mar_W1,0.2571429,105.0
American Herring Gull,3,2,Mar_W2,0.3070175,114.0
American Herring Gull,3,3,Mar_W3,0.2816901,142.0
American Herring Gull,3,4,Mar_W4,0.3353659,164.0
American Herring Gull,4,1,Apr_W1,0.2796935,261.0
American Herring Gull,4,2,Apr_W2,0.2417582,364.0
American Herring Gull,4,3,Apr_W3,0.2372093,430.0
American Herring Gull,4,4,Apr_W4,0.2719547,706.0
American Herring Gull,5,1,May_W1,0.2372093,645.0
American Herring Gull,5,2,May_W2,0.2635659,774.0
American Herring Gull,5,3,May_W3,0.2588235,765.0
American Herring Gull,5,4,May_W4,0.2445887,1386.0
American Herring Gull,6,1,Jun_W1,0.2374269,855.0
American Herring Gull,6,2,Jun_W2,0.2460106,752.0
American Herring Gull,6,3,Jun_W3,0.2528,625.0
American Herring Gull,6,4,Jun_W4,0.2604027,745.0
American Herring Gull,7,1,Jul_W1,0.2388489,695.0
American Herring Gull,7,2,Jul_W2,0.2601969,711.0
American Herring Gull,7,3,Jul_W3,0.3216169,569.0
American Herring Gull,7,4,Jul_W4,0.2672707,883.0
American Herring Gull,8,1,Aug_W1,0.2981878,607.0
American Herring Gull,8,2,Aug_W2,0.312989,639.0
American Herring Gull,8,3,Aug_W3,0.2713311,586.0
American Herring Gull,8,4,Aug_W4,0.3538462,845.0
American Herring Gull,9,1,Sep_W1,0.3219697,528.0
American Herring Gull,9,2,Sep_W2,0.2986217,653.0
American Herring Gull,9,3,Sep_W3,0.2821317,638.0
American Herring Gull,9,4,Sep_W4,0.2709163,753.0
American Herring Gull,10,1,Oct_W1,0.284127,630.0
American Herring Gull,10,2,Oct_W2,0.2785467,578.0
American Herring Gull,10,3,Oct_W3,0.3217213,488.0
American Herring Gull,10,4,Oct_W4,0.3327402,562.0
American Herring Gull,11,1,Nov_W1,0.2898172,383.0
American Herring Gull,11,2,Nov_W2,0.3100304,329.0
American Herring Gull,11,3,Nov_W3,0.3589744,273.0
American Herring Gull,11,4,Nov_W4,0.3074074,270.0
American Herring Gull,12,1,Dec_W1,0.3184713,157.0
American Herring Gull,12,2,Dec_W2,0.2590361,166.0
American Herring Gull,12,3,Dec_W3,0.189781,137.0
American Herring Gull,12,4,Dec_W4,0.2896552,145.0
Great Black-backed Gull,1,1,Jan_W1,0.0,185.0
Great Black-backed Gull,1,2,Jan_W2,0.0,88.0
Great Black-backed Gull,1,3,Jan_W3,0.0,105.0
Great Black-backed Gull,1,4,Jan_W4,0.0,140.0
Great Black-backed Gull,2,1,Feb_W1,0.0,123.0
Great Black-backed Gull,2,2,Feb_W2,0.0,108.0
Great Black-backed Gull,2,3,Feb_W3,0.0,118.0
Great Black-backed Gull,2,4,Feb_W4,0.0,70.0
Great Black-backed Gull,3,1,Mar_W1,0.0,105.0
Great Black-backed Gull,3,2,Mar_W2,0.0,114.0
Great Black-backed Gull,3,3,Mar_W3,0.0070423,142.0
Great Black-backed Gull,3,4,Mar_W4,0.0015,164.0
Great Black-backed Gull,4,1,Apr_W1,0.0,261.0
Great Black-backed Gull,4,2,Apr_W2,0.0027473,364.0
Great Black-backed Gull,4,3,Apr_W3,0.0023256,430.0
Great Black-backed Gull,4,4,Apr_W4,0.0014164,706.0
Great Black-backed Gull,5,1,May_W1,0.0015,645.0
Great Black-backed Gull,5,2,May_W2,0.0,774.0
Great Black-backed Gull,5,3,May_W3,0.0,765.0
Great Black-backed Gull,5,4,May_W4,0.0,1386.0
Great Black-backed Gull,6,1,Jun_W1,0.0011696,855.0
Great Black-backed Gull,6,2,Jun_W2,0.0,752.0
Great Black-backed Gull,6,3,Jun_W3,0.0,625.0
Great Black-backed Gull,6,4,Jun_W4,0.0,745.0
Great Black-backed Gull,7,1,Jul_W1,0.0,695.0
Great Black-backed Gull,7,2,Jul_W2,0.0,711.0
Great Black-backed Gull,7,3,Jul_W3,0.0,569.0
Great Black-backed Gull,7,4,Jul_W4,0.0,883.0
Great Black-backed Gull,8,1,Aug_W1,0.0,607.0
Great Black-backed Gull,8,2,Aug_W2,0.0,639.0
Great Black-backed Gull,8,3,Aug_W3,0.0015,586.0
Great Black-backed Gull,8,4,Aug_W4,0.0011834,845.0
Great Black-backed Gull,9,1,Sep_W1,0.0,528.0
Great Black-backed Gull,9,2,Sep_W2,0.0,653.0
Great Black-backed Gull,9,3,Sep_W3,0.0,638.0
Great Black-backed Gull,9,4,Sep_W4,0.001328,753.0
Great Black-backed Gull,10,1,Oct_W1,0.0015,630.0
Great Black-backed Gull,10,2,Oct_W2,0.0015,578.0
Great Black-backed Gull,10,3,Oct_W3,0.0,488.0
Great Black-backed Gull,10,4,Oct_W4,0.0071174,562.0
Great Black-backed Gull,11,1,Nov_W1,0.002611,383.0
Great Black-backed Gull,11,2,Nov_W2,0.006079,329.0
Great Black-backed Gull,11,3,Nov_W3,0.007326,273.0
Great Black-backed Gull,11,4,Nov_W4,0.0074074,270.0
Great Black-backed Gull,12,1,Dec_W1,0.0127389,157.0
Great Black-backed Gull,12,2,Dec_W2,0.0120482,166.0
Great Black-backed Gull,12,3,Dec_W3,0.0218978,137.0
Great Black-backed Gull,12,4,Dec_W4,0.0137931,145.0
Glaucous Gull,1,1,Jan_W1,0.0216216,185.0
Glaucous Gull,1,2,Jan_W2,0.0227273,88.0
Glaucous Gull,1,3,Jan_W3,0.0190476,105.0
Glaucous Gull,1,4,Jan_W4,0.0142857,140.0
Glaucous Gull,2,1,Feb_W1,0.0162602,123.0
Glaucous Gull,2,2,Feb_W2,0.0092593,108.0
Glaucous Gull,2,3,Feb_W3,0.0084746,118.0
Glaucous Gull,2,4,Feb_W4,0.0142857,70.0
Glaucous Gull,3,1,Mar_W1,0.0285714,105.0
Glaucous Gull,3,2,Mar_W2,0.0015,114.0
Glaucous Gull,3,3,Mar_W3,0.0070423,142.0
Glaucous Gull,3,4,Mar_W4,0.0060976,164.0
Glaucous Gull,4,1,Apr_W1,0.0076628,261.0
Glaucous Gull,4,2,Apr_W2,0.0054945,364.0
Glaucous Gull,4,3,Apr_W3,0.0093023,430.0
Glaucous Gull,4,4,Apr_W4,0.0028329,706.0
Glaucous Gull,5,1,May_W1,0.0031008,645.0
Glaucous Gull,5,2,May_W2,0.005168,774.0
Glaucous Gull,5,3,May_W3,0.0,765.0
Glaucous Gull,5,4,May_W4,0.0,1386.0
Glaucous Gull,6,1,Jun_W1,0.0023392,855.0
Glaucous Gull,6,2,Jun_W2,0.0,752.0
Glaucous Gull,6,3,Jun_W3,0.0,625.0
Glaucous Gull,6,4,Jun_W4,0.0,745.0
Glaucous Gull,7,1,Jul_W1,0.0,695.0
Glaucous Gull,7,2,Jul_W2,0.0,711.0
Glaucous Gull,7,3,Jul_W3,0.0,569.0
Glaucous Gull,7,4,Jul_W4,0.0,883.0
Glaucous Gull,8,1,Aug_W1,0.0,607.0
Glaucous Gull,8,2,Aug_W2,0.0,639.0
Glaucous Gull,8,3,Aug_W3,0.0,586.0
Glaucous Gull,8,4,Aug_W4,0.0,845.0
Glaucous Gull,9,1,Sep_W1,0.0,528.0
Glaucous Gull,9,2,Sep_W2,0.0,653.0
Glaucous Gull,9,3,Sep_W3,0.0,638.0
Glaucous Gull,9,4,Sep_W4,0.0,753.0
Glaucous Gull,10,1,Oct_W1,0.0015873,630.0
Glaucous Gull,10,2,Oct_W2,0.0017301,578.0
Glaucous Gull,10,3,Oct_W3,0.0,488.0
Glaucous Gull,10,4,Oct_W4,0.0015,562.0
Glaucous Gull,11,1,Nov_W1,0.002611,383.0
Glaucous Gull,11,2,Nov_W2,0.006079,329.0
Glaucous Gull,11,3,Nov_W3,0.003663,273.0
Glaucous Gull,11,4,Nov_W4,0.0074074,270.0
Glaucous Gull,12,1,Dec_W1,0.0318471,157.0
Glaucous Gull,12,2,Dec_W2,0.0180723,166.0
Glaucous Gull,12,3,Dec_W3,0.0291971,137.0
Glaucous Gull,12,4,Dec_W4,0.062069,145.0
Lesser Black-backed Gull,1,1,Jan_W1,0.0,185.0
Lesser Black-backed Gull,1,2,Jan_W2,0.0,88.0
Lesser Black-backed Gull,1,3,Jan_W3,0.0,105.0
Lesser Black-backed Gull,1,4,Jan_W4,0.0,140.0
Lesser Black-backed Gull,2,1,Feb_W1,0.0,123.0
Lesser Black-backed Gull,2,2,Feb_W2,0.0,108.0
Lesser Black-backed Gull,2,3,Feb_W3,0.0,118.0
Lesser Black-backed Gull,2,4,Feb_W4,0.0,70.0
Lesser Black-backed Gull,3,1,Mar_W1,0.0,105.0
Lesser Black-backed Gull,3,2,Mar_W2,0.0,114.0
Lesser Black-backed Gull,3,3,Mar_W3,0.0,142.0
Lesser Black-backed Gull,3,4,Mar_W4,0.0,164.0
Lesser Black-backed Gull,4,1,Apr_W1,0.0,261.0
Lesser Black-backed Gull,4,2,Apr_W2,0.0027473,364.0
Lesser Black-backed Gull,4,3,Apr_W3,0.0023256,430.0
Lesser Black-backed Gull,4,4,Apr_W4,0.0056657,706.0
Lesser Black-backed Gull,5,1,May_W1,0.0015504,645.0
Lesser Black-backed Gull,5,2,May_W2,0.0,774.0
Lesser Black-backed Gull,5,3,May_W3,0.0013072,765.0
Lesser Black-backed Gull,5,4,May_W4,0.0021645,1386.0
Lesser Black-backed Gull,6,1,Jun_W1,0.0015,855.0
Lesser Black-backed Gull,6,2,Jun_W2,0.0013298,752.0
Lesser Black-backed Gull,6,3,Jun_W3,0.0,625.0
Lesser Black-backed Gull,6,4,Jun_W4,0.0,745.0
Lesser Black-backed Gull,7,1,Jul_W1,0.0,695.0
Lesser Black-backed Gull,7,2,Jul_W2,0.0,711.0
Lesser Black-backed Gull,7,3,Jul_W3,0.0,569.0
Lesser Black-backed Gull,7,4,Jul_W4,0.0,883.0
Lesser Black-backed Gull,8,1,Aug_W1,0.0,607.0
Lesser Black-backed Gull,8,2,Aug_W2,0.0,639.0
Lesser Black-backed Gull,8,3,Aug_W3,0.0,586.0
Lesser Black-backed Gull,8,4,Aug_W4,0.0015,845.0
Lesser Black-backed Gull,9,1,Sep_W1,0.0,528.0
Lesser Black-backed Gull,9,2,Sep_W2,0.0,653.0
Lesser Black-backed Gull,9,3,Sep_W3,0.0015674,638.0
Lesser Black-backed Gull,9,4,Sep_W4,0.0,753.0
Lesser Black-backed Gull,10,1,Oct_W1,0.0,630.0
Lesser Black-backed Gull,10,2,Oct_W2,0.0,578.0
Lesser Black-backed Gull,10,3,Oct_W3,0.0040984,488.0
Lesser Black-backed Gull,10,4,Oct_W4,0.0,562.0
Lesser Black-backed Gull,11,1,Nov_W1,0.0,383.0
Lesser Black-backed Gull,11,2,Nov_W2,0.0,329.0
Lesser Black-backed Gull,11,3,Nov_W3,0.0,273.0
Lesser Black-backed Gull,11,4,Nov_W4,0.0,270.0
Lesser Black-backed Gull,12,1,Dec_W1,0.0,157.0
Lesser Black-backed Gull,12,2,Dec_W2,0.0015,166.0
Lesser Black-backed Gull,12,3,Dec_W3,0.0,137.0
Lesser Black-backed Gull,12,4,Dec_W4,0.0,145.0
Iceland Gull,1,1,Jan_W1,0.0108108,185.0
Iceland Gull,1,2,Jan_W2,0.0113636,88.0
Iceland Gull,1,3,Jan_W3,0.0015,105.0
Iceland Gull,1,4,Jan_W4,0.0071429,140.0
Iceland Gull,2,1,Feb_W1,0.0081301,123.0
Iceland Gull,2,2,Feb_W2,0.0185185,108.0
Iceland Gull,2,3,Feb_W3,0.0,118.0
Iceland Gull,2,4,Feb_W4,0.0,70.0
Iceland Gull,3,1,Mar_W1,0.0,105.0
Iceland Gull,3,2,Mar_W2,0.0,114.0
Iceland Gull,3,3,Mar_W3,0.0,142.0
Iceland Gull,3,4,Mar_W4,0.0,164.0
Iceland Gull,4,1,Apr_W1,0.0153257,261.0
Iceland Gull,4,2,Apr_W2,0.0027473,364.0
Iceland Gull,4,3,Apr_W3,0.0023256,430.0
Iceland Gull,4,4,Apr_W4,0.0042493,706.0
Iceland Gull,5,1,May_W1,0.0015504,645.0
Iceland Gull,5,2,May_W2,0.0,774.0
Iceland Gull,5,3,May_W3,0.0,765.0
Iceland Gull,5,4,May_W4,0.0,1386.0
Iceland Gull,6,1,Jun_W1,0.0,855.0
Iceland Gull,6,2,Jun_W2,0.0,752.0
Iceland Gull,6,3,Jun_W3,0.0,625.0
Iceland Gull,6,4,Jun_W4,0.0,745.0
Iceland Gull,7,1,Jul_W1,0.0,695.0
Iceland Gull,7,2,Jul_W2,0.0,711.0
Iceland Gull,7,3,Jul_W3,0.0,569.0
Iceland Gull,7,4,Jul_W4,0.0,883.0
Iceland Gull,8,1,Aug_W1,0.0,607.0
Iceland Gull,8,2,Aug_W2,0.0,639.0
Iceland Gull,8,3,Aug_W3,0.0,586.0
Iceland Gull,8,4,Aug_W4,0.0,845.0
Iceland Gull,9,1,Sep_W1,0.0,528.0
Iceland Gull,9,2,Sep_W2,0.0,653.0
Iceland Gull,9,3,Sep_W3,0.0,638.0
Iceland Gull,9,4,Sep_W4,0.0015,753.0
Iceland Gull,10,1,Oct_W1,0.0015873,630.0
Iceland Gull,10,2,Oct_W2,0.0015,578.0
Iceland Gull,10,3,Oct_W3,0.0040984,488.0
Iceland Gull,10,4,Oct_W4,0.0053381,562.0
Iceland Gull,11,1,Nov_W1,0.0015,383.0
Iceland Gull,11,2,Nov_W2,0.0030395,329.0
Iceland Gull,11,3,Nov_W3,0.0015,273.0
Iceland Gull,11,4,Nov_W4,0.0015,270.0
Iceland Gull,12,1,Dec_W1,0.0015,157.0
Iceland Gull,12,2,Dec_W2,0.0120482,166.0
Iceland Gull,12,3,Dec_W3,0.0218978,137.0
Iceland Gull,12,4,Dec_W4,0.0068966,145.0
Caspian Tern,1,1,Jan_W1,0.0,185.0
Caspian Tern,1,2,Jan_W2,0.0,88.0
Caspian Tern,1,3,Jan_W3,0.0,105.0
Caspian Tern,1,4,Jan_W4,0.0,140.0
Caspian Tern,2,1,Feb_W1,0.0,123.0
Caspian Tern,2,2,Feb_W2,0.0,108.0
Caspian Tern,2,3,Feb_W3,0.0,118.0
Caspian Tern,2,4,Feb_W4,0.0,70.0
Caspian Tern,3,1,Mar_W1,0.0,105.0
Caspian Tern,3,2,Mar_W2,0.0,114.0
Caspian Tern,3,3,Mar_W3,0.0,142.0
Caspian Tern,3,4,Mar_W4,0.0,164.0
Caspian Tern,4,1,Apr_W1,0.0,261.0
Caspian Tern,4,2,Apr_W2,0.0,364.0
Caspian Tern,4,3,Apr_W3,0.0,430.0
Caspian Tern,4,4,Apr_W4,0.0015,706.0
Caspian Tern,5,1,May_W1,0.0015504,645.0
Caspian Tern,5,2,May_W2,0.0142119,774.0
Caspian Tern,5,3,May_W3,0.0222222,765.0
Caspian Tern,5,4,May_W4,0.01443,1386.0
Caspian Tern,6,1,Jun_W1,0.0187135,855.0
Caspian Tern,6,2,Jun_W2,0.0053191,752.0
Caspian Tern,6,3,Jun_W3,0.0128,625.0
Caspian Tern,6,4,Jun_W4,0.0107383,745.0
Caspian Tern,7,1,Jul_W1,0.0143885,695.0
Caspian Tern,7,2,Jul_W2,0.0196906,711.0
Caspian Tern,7,3,Jul_W3,0.026362,569.0
Caspian Tern,7,4,Jul_W4,0.01359,883.0
Caspian Tern,8,1,Aug_W1,0.029654,607.0
Caspian Tern,8,2,Aug_W2,0.0093897,639.0
Caspian Tern,8,3,Aug_W3,0.0273038,586.0
Caspian Tern,8,4,Aug_W4,0.0118343,845.0
Caspian Tern,9,1,Sep_W1,0.0,528.0
Caspian Tern,9,2,Sep_W2,0.0,653.0
Caspian Tern,9,3,Sep_W3,0.0015674,638.0
Caspian Tern,9,4,Sep_W4,0.0,753.0
Caspian Tern,10,1,Oct_W1,0.0,630.0
Caspian Tern,10,2,Oct_W2,0.0,578.0
Caspian Tern,10,3,Oct_W3,0.0,488.0
Caspian Tern,10,4,Oct_W4,0.0017794,562.0
Caspian Tern,11,1,Nov_W1,0.0,383.0
Caspian Tern,11,2,Nov_W2,0.0,329.0
Caspian Tern,11,3,Nov_W3,0.0,273.0
Caspian Tern,11,4,Nov_W4,0.0,270.0
Caspian Tern,12,1,Dec_W1,0.0,157.0
Caspian Tern,12,2,Dec_W2,0.0,166.0
Caspian Tern,12,3,Dec_W3,0.0,137.0
Caspian Tern,12,4,Dec_W4,0.0,145.0
Black Tern,1,1,Jan_W1,0.0,185.0
Black Tern,1,2,Jan_W2,0.0,88.0
Black Tern,1,3,Jan_W3,0.0,105.0
Black Tern,1,4,Jan_W4,0.0,140.0
Black Tern,2,1,Feb_W1,0.0,123.0
Black Tern,2,2,Feb_W2,0.0,108.0
Black Tern,2,3,Feb_W3,0.0,118.0
Black Tern,2,4,Feb_W4,0.0,70.0
Black Tern,3,1,Mar_W1,0.0,105.0
Black Tern,3,2,Mar_W2,0.0,114.0
Black Tern,3,3,Mar_W3,0.0,142.0
Black Tern,3,4,Mar_W4,0.0,164.0
Black Tern,4,1,Apr_W1,0.0,261.0
Black Tern,4,2,Apr_W2,0.0,364.0
Black Tern,4,3,Apr_W3,0.0,430.0
Black Tern,4,4,Apr_W4,0.0,706.0
Black Tern,5,1,May_W1,0.0,645.0
Black Tern,5,2,May_W2,0.0,774.0
Black Tern,5,3,May_W3,0.0,765.0
Black Tern,5,4,May_W4,0.001443,1386.0
Black Tern,6,1,Jun_W1,0.0,855.0
Black Tern,6,2,Jun_W2,0.0,752.0
Black Tern,6,3,Jun_W3,0.0,625.0
Black Tern,6,4,Jun_W4,0.0,745.0
Black Tern,7,1,Jul_W1,0.0,695.0
Black Tern,7,2,Jul_W2,0.0,711.0
Black Tern,7,3,Jul_W3,0.0,569.0
Black Tern,7,4,Jul_W4,0.0,883.0
Black Tern,8,1,Aug_W1,0.0,607.0
Black Tern,8,2,Aug_W2,0.0,639.0
Black Tern,8,3,Aug_W3,0.0017065,586.0
Black Tern,8,4,Aug_W4,0.0011834,845.0
Black Tern,9,1,Sep_W1,0.0,528.0
Black Tern,9,2,Sep_W2,0.0,653.0
Black Tern,9,3,Sep_W3,0.0,638.0
Black Tern,9,4,Sep_W4,0.0,753.0
Black Tern,10,1,Oct_W1,0.0,630.0
Black Tern,10,2,Oct_W2,0.0,578.0
Black Tern,10,3,Oct_W3,0.0,488.0
Black Tern,10,4,Oct_W4,0.0,562.0
Black Tern,11,1,Nov_W1,0.0,383.0
Black Tern,11,2,Nov_W2,0.0,329.0
Black Tern,11,3,Nov_W3,0.0,273.0
Black Tern,11,4,Nov_W4,0.0,270.0
Black Tern,12,1,Dec_W1,0.0,157.0
Black Tern,12,2,Dec_W2,0.0,166.0
Black Tern,12,3,Dec_W3,0.0,137.0
Black Tern,12,4,Dec_W4,0.0,145.0
Forster's Tern,1,1,Jan_W1,0.0,185.0
Forster's Tern,1,2,Jan_W2,0.0,88.0
Forster's Tern,1,3,Jan_W3,0.0,105.0
Forster's Tern,1,4,Jan_W4,0.0,140.0
Forster's Tern,2,1,Feb_W1,0.0,123.0
Forster's Tern,2,2,Feb_W2,0.0,108.0
Forster's Tern,2,3,Feb_W3,0.0,118.0
Forster's Tern,2,4,Feb_W4,0.0,70.0
Forster's Tern,3,1,Mar_W1,0.0,105.0
Forster's Tern,3,2,Mar_W2,0.0,114.0
Forster's Tern,3,3,Mar_W3,0.0,142.0
Forster's Tern,3,4,Mar_W4,0.0,164.0
Forster's Tern,4,1,Apr_W1,0.0,261.0
Forster's Tern,4,2,Apr_W2,0.0,364.0
Forster's Tern,4,3,Apr_W3,0.0,430.0
Forster's Tern,4,4,Apr_W4,0.0,706.0
Forster's Tern,5,1,May_W1,0.0,645.0
Forster's Tern,5,2,May_W2,0.0,774.0
Forster's Tern,5,3,May_W3,0.0,765.0
Forster's Tern,5,4,May_W4,0.0,1386.0
Forster's Tern,6,1,Jun_W1,0.0,855.0
Forster's Tern,6,2,Jun_W2,0.0,752.0
Forster's Tern,6,3,Jun_W3,0.0,625.0
Forster's Tern,6,4,Jun_W4,0.0,745.0
Forster's Tern,7,1,Jul_W1,0.0,695.0
Forster's Tern,7,2,Jul_W2,0.0,711.0
Forster's Tern,7,3,Jul_W3,0.0,569.0
Forster's Tern,7,4,Jul_W4,0.0,883.0
Forster's Tern,8,1,Aug_W1,0.0,607.0
Forster's Tern,8,2,Aug_W2,0.0031299,639.0
Forster's Tern,8,3,Aug_W3,0.0015,586.0
Forster's Tern,8,4,Aug_W4,0.0035503,845.0
Forster's Tern,9,1,Sep_W1,0.0015,528.0
Forster's Tern,9,2,Sep_W2,0.0015314,653.0
Forster's Tern,9,3,Sep_W3,0.0031348,638.0
Forster's Tern,9,4,Sep_W4,0.0039841,753.0
Forster's Tern,10,1,Oct_W1,0.0079365,630.0
Forster's Tern,10,2,Oct_W2,0.0,578.0
Forster's Tern,10,3,Oct_W3,0.0020492,488.0
Forster's Tern,10,4,Oct_W4,0.0,562.0
Forster's Tern,11,1,Nov_W1,0.0,383.0
Forster's Tern,11,2,Nov_W2,0.0,329.0
Forster's Tern,11,3,Nov_W3,0.0,273.0
Forster's Tern,11,4,Nov_W4,0.0,270.0
Forster's Tern,12,1,Dec_W1,0.0,157.0
Forster's Tern,12,2,Dec_W2,0.0,166.0
Forster's Tern,12,3,Dec_W3,0.0,137.0
Forster's Tern,12,4,Dec_W4,0.0,145.0
Arctic Tern,1,1,Jan_W1,0.0,185.0
Arctic Tern,1,2,Jan_W2,0.0,88.0
Arctic Tern,1,3,Jan_W3,0.0,105.0
Arctic Tern,1,4,Jan_W4,0.0,140.0
Arctic Tern,2,1,Feb_W1,0.0,123.0
Arctic Tern,2,2,Feb_W2,0.0,108.0
Arctic Tern,2,3,Feb_W3,0.0,118.0
Arctic Tern,2,4,Feb_W4,0.0,70.0
Arctic Tern,3,1,Mar_W1,0.0,105.0
Arctic Tern,3,2,Mar_W2,0.0,114.0
Arctic Tern,3,3,Mar_W3,0.0,142.0
Arctic Tern,3,4,Mar_W4,0.0,164.0
Arctic Tern,4,1,Apr_W1,0.0,261.0
Arctic Tern,4,2,Apr_W2,0.0,364.0
Arctic Tern,4,3,Apr_W3,0.0,430.0
Arctic Tern,4,4,Apr_W4,0.0,706.0
Arctic Tern,5,1,May_W1,0.0,645.0
Arctic Tern,5,2,May_W2,0.0,774.0
Arctic Tern,5,3,May_W3,0.0,765.0
Arctic Tern,5,4,May_W4,0.0,1386.0
Arctic Tern,6,1,Jun_W1,0.0,855.0
Arctic Tern,6,2,Jun_W2,0.0,752.0
Arctic Tern,6,3,Jun_W3,0.0,625.0
Arctic Tern,6,4,Jun_W4,0.0,745.0
Arctic Tern,7,1,Jul_W1,0.0,695.0
Arctic Tern,7,2,Jul_W2,0.0,711.0
Arctic Tern,7,3,Jul_W3,0.0,569.0
Arctic Tern,7,4,Jul_W4,0.0,883.0
Arctic Tern,8,1,Aug_W1,0.0,607.0
Arctic Tern,8,2,Aug_W2,0.0,639.0
Arctic Tern,8,3,Aug_W3,0.0,586.0
Arctic Tern,8,4,Aug_W4,0.0,845.0
Arctic Tern,9,1,Sep_W1,0.0,528.0
Arctic Tern,9,2,Sep_W2,0.0,653.0
Arctic Tern,9,3,Sep_W3,0.0015,638.0
Arctic Tern,9,4,Sep_W4,0.0,753.0
Arctic Tern,10,1,Oct_W1,0.0,630.0
Arctic Tern,10,2,Oct_W2,0.0,578.0
Arctic Tern,10,3,Oct_W3,0.0,488.0
Arctic Tern,10,4,Oct_W4,0.0,562.0
Arctic Tern,11,1,Nov_W1,0.0,383.0
Arctic Tern,11,2,Nov_W2,0.0,329.0
Arctic Tern,11,3,Nov_W3,0.0,273.0
Arctic Tern,11,4,Nov_W4,0.0,270.0
Arctic Tern,12,1,Dec_W1,0.0,157.0
Arctic Tern,12,2,Dec_W2,0.0,166.0
Arctic Tern,12,3,Dec_W3,0.0,137.0
Arctic Tern,12,4,Dec_W4,0.0,145.0
Common Tern,1,1,Jan_W1,0.0,185.0
Common Tern,1,2,Jan_W2,0.0,88.0
Common Tern,1,3,Jan_W3,0.0,105.0
Common Tern,1,4,Jan_W4,0.0,140.0
Common Tern,2,1,Feb_W1,0.0,123.0
Common Tern,2,2,Feb_W2,0.0,108.0
Common Tern,2,3,Feb_W3,0.0,118.0
Common Tern,2,4,Feb_W4,0.0,70.0
Common Tern,3,1,Mar_W1,0.0,105.0
Common Tern,3,2,Mar_W2,0.0,114.0
Common Tern,3,3,Mar_W3,0.0,142.0
Common Tern,3,4,Mar_W4,0.0,164.0
Common Tern,4,1,Apr_W1,0.0,261.0
Common Tern,4,2,Apr_W2,0.0,364.0
Common Tern,4,3,Apr_W3,0.0,430.0
Common Tern,4,4,Apr_W4,0.0,706.0
Common Tern,5,1,May_W1,0.0,645.0
Common Tern,5,2,May_W2,0.0,774.0
Common Tern,5,3,May_W3,0.0013072,765.0
Common Tern,5,4,May_W4,0.001443,1386.0
Common Tern,6,1,Jun_W1,0.0,855.0
Common Tern,6,2,Jun_W2,0.0013298,752.0
Common Tern,6,3,Jun_W3,0.0032,625.0
Common Tern,6,4,Jun_W4,0.0015,745.0
Common Tern,7,1,Jul_W1,0.0,695.0
Common Tern,7,2,Jul_W2,0.0028129,711.0
Common Tern,7,3,Jul_W3,0.0017575,569.0
Common Tern,7,4,Jul_W4,0.0,883.0
Common Tern,8,1,Aug_W1,0.0016474,607.0
Common Tern,8,2,Aug_W2,0.0046948,639.0
Common Tern,8,3,Aug_W3,0.0017065,586.0
Common Tern,8,4,Aug_W4,0.0047337,845.0
Common Tern,9,1,Sep_W1,0.0018939,528.0
Common Tern,9,2,Sep_W2,0.0153139,653.0
Common Tern,9,3,Sep_W3,0.0141066,638.0
Common Tern,9,4,Sep_W4,0.0079681,753.0
Common Tern,10,1,Oct_W1,0.0063492,630.0
Common Tern,10,2,Oct_W2,0.0017301,578.0
Common Tern,10,3,Oct_W3,0.0020492,488.0
Common Tern,10,4,Oct_W4,0.0,562.0
Common Tern,11,1,Nov_W1,0.0,383.0
Common Tern,11,2,Nov_W2,0.0,329.0
Common Tern,11,3,Nov_W3,0.0,273.0
Common Tern,11,4,Nov_W4,0.0,270.0
Common Tern,12,1,Dec_W1,0.0,157.0
Common Tern,12,2,Dec_W2,0.0,166.0
Common Tern,12,3,Dec_W3,0.0,137.0
Common Tern,12,4,Dec_W4,0.0,145.0
Pied-billed Grebe,1,1,Jan_W1,0.0,185.0
Pied-billed Grebe,1,2,Jan_W2,0.0,88.0
Pied-billed Grebe,1,3,Jan_W3,0.0,105.0
Pied-billed Grebe,1,4,Jan_W4,0.0,140.0
Pied-billed Grebe,2,1,Feb_W1,0.0,123.0
Pied-billed Grebe,2,2,Feb_W2,0.0,108.0
Pied-billed Grebe,2,3,Feb_W3,0.0,118.0
Pied-billed Grebe,2,4,Feb_W4,0.0,70.0
Pied-billed Grebe,3,1,Mar_W1,0.0,105.0
Pied-billed Grebe,3,2,Mar_W2,0.0,114.0
Pied-billed Grebe,3,3,Mar_W3,0.0,142.0
Pied-billed Grebe,3,4,Mar_W4,0.0060976,164.0
Pied-billed Grebe,4,1,Apr_W1,0.0153257,261.0
Pied-billed Grebe,4,2,Apr_W2,0.032967,364.0
Pied-billed Grebe,4,3,Apr_W3,0.0348837,430.0
Pied-billed Grebe,4,4,Apr_W4,0.0509915,706.0
Pied-billed Grebe,5,1,May_W1,0.0217054,645.0
Pied-billed Grebe,5,2,May_W2,0.0206718,774.0
Pied-billed Grebe,5,3,May_W3,0.0065359,765.0
Pied-billed Grebe,5,4,May_W4,0.01443,1386.0
Pied-billed Grebe,6,1,Jun_W1,0.019883,855.0
Pied-billed Grebe,6,2,Jun_W2,0.0132979,752.0
Pied-billed Grebe,6,3,Jun_W3,0.0128,625.0
Pied-billed Grebe,6,4,Jun_W4,0.0107383,745.0
Pied-billed Grebe,7,1,Jul_W1,0.0071942,695.0
Pied-billed Grebe,7,2,Jul_W2,0.0112518,711.0
Pied-billed Grebe,7,3,Jul_W3,0.0105448,569.0
Pied-billed Grebe,7,4,Jul_W4,0.006795,883.0
Pied-billed Grebe,8,1,Aug_W1,0.0164745,607.0
Pied-billed Grebe,8,2,Aug_W2,0.0125196,639.0
Pied-billed Grebe,8,3,Aug_W3,0.0170648,586.0
Pied-billed Grebe,8,4,Aug_W4,0.0307692,845.0
Pied-billed Grebe,9,1,Sep_W1,0.0284091,528.0
Pied-billed Grebe,9,2,Sep_W2,0.0306279,653.0
Pied-billed Grebe,9,3,Sep_W3,0.0344828,638.0
Pied-billed Grebe,9,4,Sep_W4,0.0278884,753.0
Pied-billed Grebe,10,1,Oct_W1,0.015873,630.0
Pied-billed Grebe,10,2,Oct_W2,0.0311419,578.0
Pied-billed Grebe,10,3,Oct_W3,0.0204918,488.0
Pied-billed Grebe,10,4,Oct_W4,0.0053381,562.0
Pied-billed Grebe,11,1,Nov_W1,0.0104439,383.0
Pied-billed Grebe,11,2,Nov_W2,0.0030395,329.0
Pied-billed Grebe,11,3,Nov_W3,0.003663,273.0
Pied-billed Grebe,11,4,Nov_W4,0.0037037,270.0
Pied-billed Grebe,12,1,Dec_W1,0.0,157.0
Pied-billed Grebe,12,2,Dec_W2,0.0,166.0
Pied-billed Grebe,12,3,Dec_W3,0.0,137.0
Pied-billed Grebe,12,4,Dec_W4,0.0,145.0
Horned Grebe,1,1,Jan_W1,0.0108108,185.0
Horned Grebe,1,2,Jan_W2,0.0113636,88.0
Horned Grebe,1,3,Jan_W3,0.0,105.0
Horned Grebe,1,4,Jan_W4,0.0,140.0
Horned Grebe,2,1,Feb_W1,0.0,123.0
Horned Grebe,2,2,Feb_W2,0.0,108.0
Horned Grebe,2,3,Feb_W3,0.0,118.0
Horned Grebe,2,4,Feb_W4,0.0,70.0
Horned Grebe,3,1,Mar_W1,0.0,105.0
Horned Grebe,3,2,Mar_W2,0.0087719,114.0
Horned Grebe,3,3,Mar_W3,0.0,142.0
Horned Grebe,3,4,Mar_W4,0.0,164.0
Horned Grebe,4,1,Apr_W1,0.0,261.0
Horned Grebe,4,2,Apr_W2,0.0054945,364.0
Horned Grebe,4,3,Apr_W3,0.0116279,430.0
Horned Grebe,4,4,Apr_W4,0.0283286,706.0
Horned Grebe,5,1,May_W1,0.0248062,645.0
Horned Grebe,5,2,May_W2,0.0167959,774.0
Horned Grebe,5,3,May_W3,0.0052288,765.0
Horned Grebe,5,4,May_W4,0.0007215,1386.0
Horned Grebe,6,1,Jun_W1,0.0,855.0
Horned Grebe,6,2,Jun_W2,0.0,752.0
Horned Grebe,6,3,Jun_W3,0.0,625.0
Horned Grebe,6,4,Jun_W4,0.0013423,745.0
Horned Grebe,7,1,Jul_W1,0.0,695.0
Horned Grebe,7,2,Jul_W2,0.0015,711.0
Horned Grebe,7,3,Jul_W3,0.0,569.0
Horned Grebe,7,4,Jul_W4,0.002265,883.0
Horned Grebe,8,1,Aug_W1,0.0016474,607.0
Horned Grebe,8,2,Aug_W2,0.0015649,639.0
Horned Grebe,8,3,Aug_W3,0.003413,586.0
Horned Grebe,8,4,Aug_W4,0.0153846,845.0
Horned Grebe,9,1,Sep_W1,0.0151515,528.0
Horned Grebe,9,2,Sep_W2,0.0137825,653.0
Horned Grebe,9,3,Sep_W3,0.0282132,638.0
Horned Grebe,9,4,Sep_W4,0.0544489,753.0
Horned Grebe,10,1,Oct_W1,0.0650794,630.0
Horned Grebe,10,2,Oct_W2,0.0657439,578.0
Horned Grebe,10,3,Oct_W3,0.1454918,488.0
Horned Grebe,10,4,Oct_W4,0.1120996,562.0
Horned Grebe,11,1,Nov_W1,0.0966057,383.0
Horned Grebe,11,2,Nov_W2,0.0881459,329.0
Horned Grebe,11,3,Nov_W3,0.0769231,273.0
Horned Grebe,11,4,Nov_W4,0.0259259,270.0
Horned Grebe,12,1,Dec_W1,0.0191083,157.0
Horned Grebe,12,2,Dec_W2,0.0060241,166.0
Horned Grebe,12,3,Dec_W3,0.0218978,137.0
Horned Grebe,12,4,Dec_W4,0.0275862,145.0
Red-necked Grebe,1,1,Jan_W1,0.027027,185.0
Red-necked Grebe,1,2,Jan_W2,0.0340909,88.0
Red-necked Grebe,1,3,Jan_W3,0.0,105.0
Red-necked Grebe,1,4,Jan_W4,0.0,140.0
Red-necked Grebe,2,1,Feb_W1,0.0,123.0
Red-necked Grebe,2,2,Feb_W2,0.0,108.0
Red-necked Grebe,2,3,Feb_W3,0.0,118.0
Red-necked Grebe,2,4,Feb_W4,0.0,70.0
Red-necked Grebe,3,1,Mar_W1,0.0,105.0
Red-necked Grebe,3,2,Mar_W2,0.0,114.0
Red-necked Grebe,3,3,Mar_W3,0.0,142.0
Red-necked Grebe,3,4,Mar_W4,0.0,164.0
Red-necked Grebe,4,1,Apr_W1,0.0,261.0
Red-necked Grebe,4,2,Apr_W2,0.0015,364.0
Red-necked Grebe,4,3,Apr_W3,0.0093023,430.0
Red-necked Grebe,4,4,Apr_W4,0.0169972,706.0
Red-necked Grebe,5,1,May_W1,0.0139535,645.0
Red-necked Grebe,5,2,May_W2,0.0077519,774.0
Red-necked Grebe,5,3,May_W3,0.0013072,765.0
Red-necked Grebe,5,4,May_W4,0.001443,1386.0
Red-necked Grebe,6,1,Jun_W1,0.0011696,855.0
Red-necked Grebe,6,2,Jun_W2,0.0,752.0
Red-necked Grebe,6,3,Jun_W3,0.0032,625.0
Red-necked Grebe,6,4,Jun_W4,0.0,745.0
Red-necked Grebe,7,1,Jul_W1,0.0,695.0
Red-necked Grebe,7,2,Jul_W2,0.0,711.0
Red-necked Grebe,7,3,Jul_W3,0.0035149,569.0
Red-necked Grebe,7,4,Jul_W4,0.0056625,883.0
Red-necked Grebe,8,1,Aug_W1,0.0098847,607.0
Red-necked Grebe,8,2,Aug_W2,0.0078247,639.0
Red-necked Grebe,8,3,Aug_W3,0.0187713,586.0
Red-necked Grebe,8,4,Aug_W4,0.0248521,845.0
Red-necked Grebe,9,1,Sep_W1,0.0265152,528.0
Red-necked Grebe,9,2,Sep_W2,0.0214395,653.0
Red-necked Grebe,9,3,Sep_W3,0.0329154,638.0
Red-necked Grebe,9,4,Sep_W4,0.0478088,753.0
Red-necked Grebe,10,1,Oct_W1,0.0444444,630.0
Red-necked Grebe,10,2,Oct_W2,0.0899654,578.0
Red-necked Grebe,10,3,Oct_W3,0.1127049,488.0
Red-necked Grebe,10,4,Oct_W4,0.1174377,562.0
Red-necked Grebe,11,1,Nov_W1,0.0704961,383.0
Red-necked Grebe,11,2,Nov_W2,0.0729483,329.0
Red-necked Grebe,11,3,Nov_W3,0.1208791,273.0
Red-necked Grebe,11,4,Nov_W4,0.0555556,270.0
Red-necked Grebe,12,1,Dec_W1,0.0509554,157.0
Red-necked Grebe,12,2,Dec_W2,0.0120482,166.0
Red-necked Grebe,12,3,Dec_W3,0.0072993,137.0
Red-necked Grebe,12,4,Dec_W4,0.0015,145.0
Eared Grebe,1,1,Jan_W1,0.0,185.0
Eared Grebe,1,2,Jan_W2,0.0,88.0
Eared Grebe,1,3,Jan_W3,0.0,105.0
Eared Grebe,1,4,Jan_W4,0.0,140.0
Eared Grebe,2,1,Feb_W1,0.0,123.0
Eared Grebe,2,2,Feb_W2,0.0,108.0
Eared Grebe,2,3,Feb_W3,0.0,118.0
Eared Grebe,2,4,Feb_W4,0.0,70.0
Eared Grebe,3,1,Mar_W1,0.0,105.0
Eared Grebe,3,2,Mar_W2,0.0,114.0
Eared Grebe,3,3,Mar_W3,0.0,142.0
Eared Grebe,3,4,Mar_W4,0.0,164.0
Eared Grebe,4,1,Apr_W1,0.0,261.0
Eared Grebe,4,2,Apr_W2,0.0,364.0
Eared Grebe,4,3,Apr_W3,0.0,430.0
Eared Grebe,4,4,Apr_W4,0.0,706.0
Eared Grebe,5,1,May_W1,0.0031008,645.0
Eared Grebe,5,2,May_W2,0.0015,774.0
Eared Grebe,5,3,May_W3,0.0,765.0
Eared Grebe,5,4,May_W4,0.0,1386.0
Eared Grebe,6,1,Jun_W1,0.0,855.0
Eared Grebe,6,2,Jun_W2,0.0,752.0
Eared Grebe,6,3,Jun_W3,0.0,625.0
Eared Grebe,6,4,Jun_W4,0.0,745.0
Eared Grebe,7,1,Jul_W1,0.0,695.0
Eared Grebe,7,2,Jul_W2,0.0,711.0
Eared Grebe,7,3,Jul_W3,0.0,569.0
Eared Grebe,7,4,Jul_W4,0.0,883.0
Eared Grebe,8,1,Aug_W1,0.0,607.0
Eared Grebe,8,2,Aug_W2,0.0,639.0
Eared Grebe,8,3,Aug_W3,0.0,586.0
Eared Grebe,8,4,Aug_W4,0.0,845.0
Eared Grebe,9,1,Sep_W1,0.0,528.0
Eared Grebe,9,2,Sep_W2,0.0,653.0
Eared Grebe,9,3,Sep_W3,0.0,638.0
Eared Grebe,9,4,Sep_W4,0.0,753.0
Eared Grebe,10,1,Oct_W1,0.0,630.0
Eared Grebe,10,2,Oct_W2,0.0,578.0
Eared Grebe,10,3,Oct_W3,0.0,488.0
Eared Grebe,10,4,Oct_W4,0.0,562.0
Eared Grebe,11,1,Nov_W1,0.0,383.0
Eared Grebe,11,2,Nov_W2,0.0,329.0
Eared Grebe,11,3,Nov_W3,0.0,273.0
Eared Grebe,11,4,Nov_W4,0.0,270.0
Eared Grebe,12,1,Dec_W1,0.0,157.0
Eared Grebe,12,2,Dec_W2,0.0,166.0
Eared Grebe,12,3,Dec_W3,0.0,137.0
Eared Grebe,12,4,Dec_W4,0.0,145.0
Western Grebe,1,1,Jan_W1,0.0,185.0
Western Grebe,1,2,Jan_W2,0.0,88.0
Western Grebe,1,3,Jan_W3,0.0,105.0
Western Grebe,1,4,Jan_W4,0.0,140.0
Western Grebe,2,1,Feb_W1,0.0,123.0
Western Grebe,2,2,Feb_W2,0.0,108.0
Western Grebe,2,3,Feb_W3,0.0,118.0
Western Grebe,2,4,Feb_W4,0.0,70.0
Western Grebe,3,1,Mar_W1,0.0,105.0
Western Grebe,3,2,Mar_W2,0.0,114.0
Western Grebe,3,3,Mar_W3,0.0,142.0
Western Grebe,3,4,Mar_W4,0.0,164.0
Western Grebe,4,1,Apr_W1,0.0,261.0
Western Grebe,4,2,Apr_W2,0.0,364.0
Western Grebe,4,3,Apr_W3,0.0,430.0
Western Grebe,4,4,Apr_W4,0.0,706.0
Western Grebe,5,1,May_W1,0.0,645.0
Western Grebe,5,2,May_W2,0.0,774.0
Western Grebe,5,3,May_W3,0.0,765.0
Western Grebe,5,4,May_W4,0.0,1386.0
Western Grebe,6,1,Jun_W1,0.0,855.0
Western Grebe,6,2,Jun_W2,0.0,752.0
Western Grebe,6,3,Jun_W3,0.0,625.0
Western Grebe,6,4,Jun_W4,0.0,745.0
Western Grebe,7,1,Jul_W1,0.0,695.0
Western Grebe,7,2,Jul_W2,0.0,711.0
Western Grebe,7,3,Jul_W3,0.0,569.0
Western Grebe,7,4,Jul_W4,0.0,883.0
Western Grebe,8,1,Aug_W1,0.0,607.0
Western Grebe,8,2,Aug_W2,0.0,639.0
Western Grebe,8,3,Aug_W3,0.0,586.0
Western Grebe,8,4,Aug_W4,0.0,845.0
Western Grebe,9,1,Sep_W1,0.0,528.0
Western Grebe,9,2,Sep_W2,0.0,653.0
Western Grebe,9,3,Sep_W3,0.0,638.0
Western Grebe,9,4,Sep_W4,0.0,753.0
Western Grebe,10,1,Oct_W1,0.0,630.0
Western Grebe,10,2,Oct_W2,0.0,578.0
Western Grebe,10,3,Oct_W3,0.0020492,488.0
Western Grebe,10,4,Oct_W4,0.0,562.0
Western Grebe,11,1,Nov_W1,0.0,383.0
Western Grebe,11,2,Nov_W2,0.0,329.0
Western Grebe,11,3,Nov_W3,0.0,273.0
Western Grebe,11,4,Nov_W4,0.0,270.0
Western Grebe,12,1,Dec_W1,0.0,157.0
Western Grebe,12,2,Dec_W2,0.0015,166.0
Western Grebe,12,3,Dec_W3,0.0,137.0
Western Grebe,12,4,Dec_W4,0.0,145.0
Red-throated Loon,1,1,Jan_W1,0.0,185.0
Red-throated Loon,1,2,Jan_W2,0.0,88.0
Red-throated Loon,1,3,Jan_W3,0.0,105.0
Red-throated Loon,1,4,Jan_W4,0.0,140.0
Red-throated Loon,2,1,Feb_W1,0.0,123.0
Red-throated Loon,2,2,Feb_W2,0.0,108.0
Red-throated Loon,2,3,Feb_W3,0.0,118.0
Red-throated Loon,2,4,Feb_W4,0.0,70.0
Red-throated Loon,3,1,Mar_W1,0.0,105.0
Red-throated Loon,3,2,Mar_W2,0.0,114.0
Red-throated Loon,3,3,Mar_W3,0.0,142.0
Red-throated Loon,3,4,Mar_W4,0.0,164.0
Red-throated Loon,4,1,Apr_W1,0.0,261.0
Red-throated Loon,4,2,Apr_W2,0.0,364.0
Red-throated Loon,4,3,Apr_W3,0.0,430.0
Red-throated Loon,4,4,Apr_W4,0.0,706.0
Red-throated Loon,5,1,May_W1,0.0,645.0
Red-throated Loon,5,2,May_W2,0.0,774.0
Red-throated Loon,5,3,May_W3,0.0,765.0
Red-throated Loon,5,4,May_W4,0.0007215,1386.0
Red-throated Loon,6,1,Jun_W1,0.0,855.0
Red-throated Loon,6,2,Jun_W2,0.0,752.0
Red-throated Loon,6,3,Jun_W3,0.0,625.0
Red-throated Loon,6,4,Jun_W4,0.0,745.0
Red-throated Loon,7,1,Jul_W1,0.0,695.0
Red-throated Loon,7,2,Jul_W2,0.0,711.0
Red-throated Loon,7,3,Jul_W3,0.0,569.0
Red-throated Loon,7,4,Jul_W4,0.0011325,883.0
Red-throated Loon,8,1,Aug_W1,0.0,607.0
Red-throated Loon,8,2,Aug_W2,0.0015649,639.0
Red-throated Loon,8,3,Aug_W3,0.0,586.0
Red-throated Loon,8,4,Aug_W4,0.0059172,845.0
Red-throated Loon,9,1,Sep_W1,0.0056818,528.0
Red-throated Loon,9,2,Sep_W2,0.0,653.0
Red-throated Loon,9,3,Sep_W3,0.0015674,638.0
Red-throated Loon,9,4,Sep_W4,0.001328,753.0
Red-throated Loon,10,1,Oct_W1,0.0031746,630.0
Red-throated Loon,10,2,Oct_W2,0.0086505,578.0
Red-throated Loon,10,3,Oct_W3,0.0122951,488.0
Red-throated Loon,10,4,Oct_W4,0.0142349,562.0
Red-throated Loon,11,1,Nov_W1,0.002611,383.0
Red-throated Loon,11,2,Nov_W2,0.0,329.0
Red-throated Loon,11,3,Nov_W3,0.003663,273.0
Red-throated Loon,11,4,Nov_W4,0.0,270.0
Red-throated Loon,12,1,Dec_W1,0.0,157.0
Red-throated Loon,12,2,Dec_W2,0.0,166.0
Red-throated Loon,12,3,Dec_W3,0.0,137.0
Red-throated Loon,12,4,Dec_W4,0.0,145.0
Pacific Loon,1,1,Jan_W1,0.0,185.0
Pacific Loon,1,2,Jan_W2,0.0,88.0
Pacific Loon,1,3,Jan_W3,0.0,105.0
Pacific Loon,1,4,Jan_W4,0.0,140.0
Pacific Loon,2,1,Feb_W1,0.0,123.0
Pacific Loon,2,2,Feb_W2,0.0,108.0
Pacific Loon,2,3,Feb_W3,0.0,118.0
Pacific Loon,2,4,Feb_W4,0.0,70.0
Pacific Loon,3,1,Mar_W1,0.0,105.0
Pacific Loon,3,2,Mar_W2,0.0,114.0
Pacific Loon,3,3,Mar_W3,0.0,142.0
Pacific Loon,3,4,Mar_W4,0.0,164.0
Pacific Loon,4,1,Apr_W1,0.0,261.0
Pacific Loon,4,2,Apr_W2,0.0,364.0
Pacific Loon,4,3,Apr_W3,0.0,430.0
Pacific Loon,4,4,Apr_W4,0.0,706.0
Pacific Loon,5,1,May_W1,0.0,645.0
Pacific Loon,5,2,May_W2,0.0,774.0
Pacific Loon,5,3,May_W3,0.0,765.0
Pacific Loon,5,4,May_W4,0.0,1386.0
Pacific Loon,6,1,Jun_W1,0.0,855.0
Pacific Loon,6,2,Jun_W2,0.0,752.0
Pacific Loon,6,3,Jun_W3,0.0,625.0
Pacific Loon,6,4,Jun_W4,0.0,745.0
Pacific Loon,7,1,Jul_W1,0.0,695.0
Pacific Loon,7,2,Jul_W2,0.0,711.0
Pacific Loon,7,3,Jul_W3,0.0,569.0
Pacific Loon,7,4,Jul_W4,0.0,883.0
Pacific Loon,8,1,Aug_W1,0.0,607.0
Pacific Loon,8,2,Aug_W2,0.0,639.0
Pacific Loon,8,3,Aug_W3,0.0,586.0
Pacific Loon,8,4,Aug_W4,0.0,845.0
Pacific Loon,9,1,Sep_W1,0.0,528.0
Pacific Loon,9,2,Sep_W2,0.0,653.0
Pacific Loon,9,3,Sep_W3,0.0,638.0
Pacific Loon,9,4,Sep_W4,0.0,753.0
Pacific Loon,10,1,Oct_W1,0.0,630.0
Pacific Loon,10,2,Oct_W2,0.0017301,578.0
Pacific Loon,10,3,Oct_W3,0.0,488.0
Pacific Loon,10,4,Oct_W4,0.0,562.0
Pacific Loon,11,1,Nov_W1,0.0,383.0
Pacific Loon,11,2,Nov_W2,0.0,329.0
Pacific Loon,11,3,Nov_W3,0.0,273.0
Pacific Loon,11,4,Nov_W4,0.0,270.0
Pacific Loon,12,1,Dec_W1,0.0063694,157.0
Pacific Loon,12,2,Dec_W2,0.0,166.0
Pacific Loon,12,3,Dec_W3,0.0,137.0
Pacific Loon,12,4,Dec_W4,0.0,145.0
Common Loon,1,1,Jan_W1,0.0162162,185.0
Common Loon,1,2,Jan_W2,0.0,88.0
Common Loon,1,3,Jan_W3,0.0,105.0
Common Loon,1,4,Jan_W4,0.0,140.0
Common Loon,2,1,Feb_W1,0.0,123.0
Common Loon,2,2,Feb_W2,0.0,108.0
Common Loon,2,3,Feb_W3,0.0,118.0
Common Loon,2,4,Feb_W4,0.0,70.0
Common Loon,3,1,Mar_W1,0.0,105.0
Common Loon,3,2,Mar_W2,0.0,114.0
Common Loon,3,3,Mar_W3,0.0,142.0
Common Loon,3,4,Mar_W4,0.0,164.0
Common Loon,4,1,Apr_W1,0.0038314,261.0
Common Loon,4,2,Apr_W2,0.0082418,364.0
Common Loon,4,3,Apr_W3,0.0302326,430.0
Common Loon,4,4,Apr_W4,0.0609065,706.0
Common Loon,5,1,May_W1,0.0682171,645.0
Common Loon,5,2,May_W2,0.0413437,774.0
Common Loon,5,3,May_W3,0.0418301,765.0
Common Loon,5,4,May_W4,0.0750361,1386.0
Common Loon,6,1,Jun_W1,0.0959064,855.0
Common Loon,6,2,Jun_W2,0.1050532,752.0
Common Loon,6,3,Jun_W3,0.1152,625.0
Common Loon,6,4,Jun_W4,0.1154362,745.0
Common Loon,7,1,Jul_W1,0.0791367,695.0
Common Loon,7,2,Jul_W2,0.0843882,711.0
Common Loon,7,3,Jul_W3,0.0966608,569.0
Common Loon,7,4,Jul_W4,0.0713477,883.0
Common Loon,8,1,Aug_W1,0.0560132,607.0
Common Loon,8,2,Aug_W2,0.0625978,639.0
Common Loon,8,3,Aug_W3,0.0750853,586.0
Common Loon,8,4,Aug_W4,0.0662722,845.0
Common Loon,9,1,Sep_W1,0.0681818,528.0
Common Loon,9,2,Sep_W2,0.0382848,653.0
Common Loon,9,3,Sep_W3,0.0595611,638.0
Common Loon,9,4,Sep_W4,0.0730412,753.0
Common Loon,10,1,Oct_W1,0.047619,630.0
Common Loon,10,2,Oct_W2,0.0778547,578.0
Common Loon,10,3,Oct_W3,0.0881148,488.0
Common Loon,10,4,Oct_W4,0.1192171,562.0
Common Loon,11,1,Nov_W1,0.075718,383.0
Common Loon,11,2,Nov_W2,0.0729483,329.0
Common Loon,11,3,Nov_W3,0.0989011,273.0
Common Loon,11,4,Nov_W4,0.0740741,270.0
Common Loon,12,1,Dec_W1,0.0700637,157.0
Common Loon,12,2,Dec_W2,0.0421687,166.0
Common Loon,12,3,Dec_W3,0.0291971,137.0
Common Loon,12,4,Dec_W4,0.0068966,145.0
Yellow-billed Loon,1,1,Jan_W1,0.0,185.0
Yellow-billed Loon,1,2,Jan_W2,0.0015,88.0
Yellow-billed Loon,1,3,Jan_W3,0.0,105.0
Yellow-billed Loon,1,4,Jan_W4,0.0,140.0
Yellow-billed Loon,2,1,Feb_W1,0.0,123.0
Yellow-billed Loon,2,2,Feb_W2,0.0,108.0
Yellow-billed Loon,2,3,Feb_W3,0.0,118.0
Yellow-billed Loon,2,4,Feb_W4,0.0,70.0
Yellow-billed Loon,3,1,Mar_W1,0.0,105.0
Yellow-billed Loon,3,2,Mar_W2,0.0,114.0
Yellow-billed Loon,3,3,Mar_W3,0.0,142.0
Yellow-billed Loon,3,4,Mar_W4,0.0,164.0
Yellow-billed Loon,4,1,Apr_W1,0.0,261.0
Yellow-billed Loon,4,2,Apr_W2,0.0,364.0
Yellow-billed Loon,4,3,Apr_W3,0.0,430.0
Yellow-billed Loon,4,4,Apr_W4,0.0,706.0
Yellow-billed Loon,5,1,May_W1,0.0,645.0
Yellow-billed Loon,5,2,May_W2,0.0,774.0
Yellow-billed Loon,5,3,May_W3,0.0,765.0
Yellow-billed Loon,5,4,May_W4,0.0,1386.0
Yellow-billed Loon,6,1,Jun_W1,0.0,855.0
Yellow-billed Loon,6,2,Jun_W2,0.0,752.0
Yellow-billed Loon,6,3,Jun_W3,0.0,625.0
Yellow-billed Loon,6,4,Jun_W4,0.0,745.0
Yellow-billed Loon,7,1,Jul_W1,0.0,695.0
Yellow-billed Loon,7,2,Jul_W2,0.0,711.0
Yellow-billed Loon,7,3,Jul_W3,0.0,569.0
Yellow-billed Loon,7,4,Jul_W4,0.0,883.0
Yellow-billed Loon,8,1,Aug_W1,0.0,607.0
Yellow-billed Loon,8,2,Aug_W2,0.0,639.0
Yellow-billed Loon,8,3,Aug_W3,0.0,586.0
Yellow-billed Loon,8,4,Aug_W4,0.0,845.0
Yellow-billed Loon,9,1,Sep_W1,0.0,528.0
Yellow-billed Loon,9,2,Sep_W2,0.0,653.0
Yellow-billed Loon,9,3,Sep_W3,0.0,638.0
Yellow-billed Loon,9,4,Sep_W4,0.0,753.0
Yellow-billed Loon,10,1,Oct_W1,0.0,630.0
Yellow-billed Loon,10,2,Oct_W2,0.0,578.0
Yellow-billed Loon,10,3,Oct_W3,0.0,488.0
Yellow-billed Loon,10,4,Oct_W4,0.0,562.0
Yellow-billed Loon,11,1,Nov_W1,0.0,383.0
Yellow-billed Loon,11,2,Nov_W2,0.0,329.0
Yellow-billed Loon,11,3,Nov_W3,0.0,273.0
Yellow-billed Loon,11,4,Nov_W4,0.0,270.0
Yellow-billed Loon,12,1,Dec_W1,0.0,157.0
Yellow-billed Loon,12,2,Dec_W2,0.0,166.0
Yellow-billed Loon,12,3,Dec_W3,0.0,137.0
Yellow-billed Loon,12,4,Dec_W4,0.0,145.0
Double-crested Cormorant,1,1,Jan_W1,0.0,185.0
Double-crested Cormorant,1,2,Jan_W2,0.0,88.0
Double-crested Cormorant,1,3,Jan_W3,0.0,105.0
Double-crested Cormorant,1,4,Jan_W4,0.0,140.0
Double-crested Cormorant,2,1,Feb_W1,0.0,123.0
Double-crested Cormorant,2,2,Feb_W2,0.0,108.0
Double-crested Cormorant,2,3,Feb_W3,0.0,118.0
Double-crested Cormorant,2,4,Feb_W4,0.0,70.0
Double-crested Cormorant,3,1,Mar_W1,0.0,105.0
Double-crested Cormorant,3,2,Mar_W2,0.0,114.0
Double-crested Cormorant,3,3,Mar_W3,0.0,142.0
Double-crested Cormorant,3,4,Mar_W4,0.0,164.0
Double-crested Cormorant,4,1,Apr_W1,0.0,261.0
Double-crested Cormorant,4,2,Apr_W2,0.0192308,364.0
Double-crested Cormorant,4,3,Apr_W3,0.0627907,430.0
Double-crested Cormorant,4,4,Apr_W4,0.092068,706.0
Double-crested Cormorant,5,1,May_W1,0.1116279,645.0
Double-crested Cormorant,5,2,May_W2,0.120155,774.0
Double-crested Cormorant,5,3,May_W3,0.0941176,765.0
Double-crested Cormorant,5,4,May_W4,0.0974026,1386.0
Double-crested Cormorant,6,1,Jun_W1,0.0736842,855.0
Double-crested Cormorant,6,2,Jun_W2,0.0638298,752.0
Double-crested Cormorant,6,3,Jun_W3,0.0992,625.0
Double-crested Cormorant,6,4,Jun_W4,0.0832215,745.0
Double-crested Cormorant,7,1,Jul_W1,0.0705036,695.0
Double-crested Cormorant,7,2,Jul_W2,0.0970464,711.0
Double-crested Cormorant,7,3,Jul_W3,0.0949033,569.0
Double-crested Cormorant,7,4,Jul_W4,0.0826727,883.0
Double-crested Cormorant,8,1,Aug_W1,0.0889621,607.0
Double-crested Cormorant,8,2,Aug_W2,0.1377152,639.0
Double-crested Cormorant,8,3,Aug_W3,0.1604096,586.0
Double-crested Cormorant,8,4,Aug_W4,0.1775148,845.0
Double-crested Cormorant,9,1,Sep_W1,0.1268939,528.0
Double-crested Cormorant,9,2,Sep_W2,0.1041348,653.0
Double-crested Cormorant,9,3,Sep_W3,0.0893417,638.0
Double-crested Cormorant,9,4,Sep_W4,0.0743692,753.0
Double-crested Cormorant,10,1,Oct_W1,0.0587302,630.0
Double-crested Cormorant,10,2,Oct_W2,0.0415225,578.0
Double-crested Cormorant,10,3,Oct_W3,0.0081967,488.0
Double-crested Cormorant,10,4,Oct_W4,0.0035587,562.0
Double-crested Cormorant,11,1,Nov_W1,0.0052219,383.0
Double-crested Cormorant,11,2,Nov_W2,0.0,329.0
Double-crested Cormorant,11,3,Nov_W3,0.0,273.0
Double-crested Cormorant,11,4,Nov_W4,0.0,270.0
Double-crested Cormorant,12,1,Dec_W1,0.0,157.0
Double-crested Cormorant,12,2,Dec_W2,0.0060241,166.0
Double-crested Cormorant,12,3,Dec_W3,0.0,137.0
Double-crested Cormorant,12,4,Dec_W4,0.0,145.0
White-faced Ibis,1,1,Jan_W1,0.0,185.0
White-faced Ibis,1,2,Jan_W2,0.0,88.0
White-faced Ibis,1,3,Jan_W3,0.0,105.0
White-faced Ibis,1,4,Jan_W4,0.0,140.0
White-faced Ibis,2,1,Feb_W1,0.0,123.0
White-faced Ibis,2,2,Feb_W2,0.0,108.0
White-faced Ibis,2,3,Feb_W3,0.0,118.0
White-faced Ibis,2,4,Feb_W4,0.0,70.0
White-faced Ibis,3,1,Mar_W1,0.0,105.0
White-faced Ibis,3,2,Mar_W2,0.0,114.0
White-faced Ibis,3,3,Mar_W3,0.0,142.0
White-faced Ibis,3,4,Mar_W4,0.0,164.0
White-faced Ibis,4,1,Apr_W1,0.0,261.0
White-faced Ibis,4,2,Apr_W2,0.0,364.0
White-faced Ibis,4,3,Apr_W3,0.0,430.0
White-faced Ibis,4,4,Apr_W4,0.0,706.0
White-faced Ibis,5,1,May_W1,0.0,645.0
White-faced Ibis,5,2,May_W2,0.0,774.0
White-faced Ibis,5,3,May_W3,0.0,765.0
White-faced Ibis,5,4,May_W4,0.0,1386.0
White-faced Ibis,6,1,Jun_W1,0.0,855.0
White-faced Ibis,6,2,Jun_W2,0.0,752.0
White-faced Ibis,6,3,Jun_W3,0.0,625.0
White-faced Ibis,6,4,Jun_W4,0.0,745.0
White-faced Ibis,7,1,Jul_W1,0.0,695.0
White-faced Ibis,7,2,Jul_W2,0.0,711.0
White-faced Ibis,7,3,Jul_W3,0.0,569.0
White-faced Ibis,7,4,Jul_W4,0.0,883.0
White-faced Ibis,8,1,Aug_W1,0.0,607.0
White-faced Ibis,8,2,Aug_W2,0.0,639.0
White-faced Ibis,8,3,Aug_W3,0.0,586.0
White-faced Ibis,8,4,Aug_W4,0.0,845.0
White-faced Ibis,9,1,Sep_W1,0.0,528.0
White-faced Ibis,9,2,Sep_W2,0.0,653.0
White-faced Ibis,9,3,Sep_W3,0.0,638.0
White-faced Ibis,9,4,Sep_W4,0.0,753.0
White-faced Ibis,10,1,Oct_W1,0.0,630.0
White-faced Ibis,10,2,Oct_W2,0.0,578.0
White-faced Ibis,10,3,Oct_W3,0.0184426,488.0
White-faced Ibis,10,4,Oct_W4,0.0071174,562.0
White-faced Ibis,11,1,Nov_W1,0.0,383.0
White-faced Ibis,11,2,Nov_W2,0.0,329.0
White-faced Ibis,11,3,Nov_W3,0.0,273.0
White-faced Ibis,11,4,Nov_W4,0.0,270.0
White-faced Ibis,12,1,Dec_W1,0.0,157.0
White-faced Ibis,12,2,Dec_W2,0.0,166.0
White-faced Ibis,12,3,Dec_W3,0.0,137.0
White-faced Ibis,12,4,Dec_W4,0.0,145.0
American Bittern,1,1,Jan_W1,0.0,185.0
American Bittern,1,2,Jan_W2,0.0,88.0
American Bittern,1,3,Jan_W3,0.0,105.0
American Bittern,1,4,Jan_W4,0.0,140.0
American Bittern,2,1,Feb_W1,0.0,123.0
American Bittern,2,2,Feb_W2,0.0,108.0
American Bittern,2,3,Feb_W3,0.0,118.0
American Bittern,2,4,Feb_W4,0.0,70.0
American Bittern,3,1,Mar_W1,0.0,105.0
American Bittern,3,2,Mar_W2,0.0,114.0
American Bittern,3,3,Mar_W3,0.0,142.0
American Bittern,3,4,Mar_W4,0.0,164.0
American Bittern,4,1,Apr_W1,0.0,261.0
American Bittern,4,2,Apr_W2,0.0,364.0
American Bittern,4,3,Apr_W3,0.0023256,430.0
American Bittern,4,4,Apr_W4,0.0015,706.0
American Bittern,5,1,May_W1,0.0139535,645.0
American Bittern,5,2,May_W2,0.0155039,774.0
American Bittern,5,3,May_W3,0.0104575,765.0
American Bittern,5,4,May_W4,0.0093795,1386.0
American Bittern,6,1,Jun_W1,0.0140351,855.0
American Bittern,6,2,Jun_W2,0.0106383,752.0
American Bittern,6,3,Jun_W3,0.0096,625.0
American Bittern,6,4,Jun_W4,0.009396,745.0
American Bittern,7,1,Jul_W1,0.0028777,695.0
American Bittern,7,2,Jul_W2,0.0014065,711.0
American Bittern,7,3,Jul_W3,0.0035149,569.0
American Bittern,7,4,Jul_W4,0.0011325,883.0
American Bittern,8,1,Aug_W1,0.0016474,607.0
American Bittern,8,2,Aug_W2,0.0015649,639.0
American Bittern,8,3,Aug_W3,0.0017065,586.0
American Bittern,8,4,Aug_W4,0.0,845.0
American Bittern,9,1,Sep_W1,0.0,528.0
American Bittern,9,2,Sep_W2,0.0,653.0
American Bittern,9,3,Sep_W3,0.0,638.0
American Bittern,9,4,Sep_W4,0.0,753.0
American Bittern,10,1,Oct_W1,0.0,630.0
American Bittern,10,2,Oct_W2,0.0,578.0
American Bittern,10,3,Oct_W3,0.0,488.0
American Bittern,10,4,Oct_W4,0.0,562.0
American Bittern,11,1,Nov_W1,0.0,383.0
American Bittern,11,2,Nov_W2,0.0,329.0
American Bittern,11,3,Nov_W3,0.0,273.0
American Bittern,11,4,Nov_W4,0.0,270.0
American Bittern,12,1,Dec_W1,0.0,157.0
American Bittern,12,2,Dec_W2,0.0,166.0
American Bittern,12,3,Dec_W3,0.0,137.0
American Bittern,12,4,Dec_W4,0.0,145.0
Least Bittern,1,1,Jan_W1,0.0,185.0
Least Bittern,1,2,Jan_W2,0.0,88.0
Least Bittern,1,3,Jan_W3,0.0,105.0
Least Bittern,1,4,Jan_W4,0.0,140.0
Least Bittern,2,1,Feb_W1,0.0,123.0
Least Bittern,2,2,Feb_W2,0.0,108.0
Least Bittern,2,3,Feb_W3,0.0,118.0
Least Bittern,2,4,Feb_W4,0.0,70.0
Least Bittern,3,1,Mar_W1,0.0,105.0
Least Bittern,3,2,Mar_W2,0.0,114.0
Least Bittern,3,3,Mar_W3,0.0,142.0
Least Bittern,3,4,Mar_W4,0.0,164.0
Least Bittern,4,1,Apr_W1,0.0,261.0
Least Bittern,4,2,Apr_W2,0.0,364.0
Least Bittern,4,3,Apr_W3,0.0,430.0
Least Bittern,4,4,Apr_W4,0.0,706.0
Least Bittern,5,1,May_W1,0.0,645.0
Least Bittern,5,2,May_W2,0.0,774.0
Least Bittern,5,3,May_W3,0.0013072,765.0
Least Bittern,5,4,May_W4,0.001443,1386.0
Least Bittern,6,1,Jun_W1,0.0046784,855.0
Least Bittern,6,2,Jun_W2,0.0013298,752.0
Least Bittern,6,3,Jun_W3,0.0032,625.0
Least Bittern,6,4,Jun_W4,0.0053691,745.0
Least Bittern,7,1,Jul_W1,0.0028777,695.0
Least Bittern,7,2,Jul_W2,0.0,711.0
Least Bittern,7,3,Jul_W3,0.0,569.0
Least Bittern,7,4,Jul_W4,0.0,883.0
Least Bittern,8,1,Aug_W1,0.0,607.0
Least Bittern,8,2,Aug_W2,0.0,639.0
Least Bittern,8,3,Aug_W3,0.0,586.0
Least Bittern,8,4,Aug_W4,0.0,845.0
Least Bittern,9,1,Sep_W1,0.0,528.0
Least Bittern,9,2,Sep_W2,0.0,653.0
Least Bittern,9,3,Sep_W3,0.0,638.0
Least Bittern,9,4,Sep_W4,0.0,753.0
Least Bittern,10,1,Oct_W1,0.0,630.0
Least Bittern,10,2,Oct_W2,0.0,578.0
Least Bittern,10,3,Oct_W3,0.0,488.0
Least Bittern,10,4,Oct_W4,0.0,562.0
Least Bittern,11,1,Nov_W1,0.0,383.0
Least Bittern,11,2,Nov_W2,0.0,329.0
Least Bittern,11,3,Nov_W3,0.0,273.0
Least Bittern,11,4,Nov_W4,0.0,270.0
Least Bittern,12,1,Dec_W1,0.0,157.0
Least Bittern,12,2,Dec_W2,0.0,166.0
Least Bittern,12,3,Dec_W3,0.0,137.0
Least Bittern,12,4,Dec_W4,0.0,145.0
Black-crowned Night Heron,1,1,Jan_W1,0.0,185.0
Black-crowned Night Heron,1,2,Jan_W2,0.0,88.0
Black-crowned Night Heron,1,3,Jan_W3,0.0,105.0
Black-crowned Night Heron,1,4,Jan_W4,0.0,140.0
Black-crowned Night Heron,2,1,Feb_W1,0.0,123.0
Black-crowned Night Heron,2,2,Feb_W2,0.0,108.0
Black-crowned Night Heron,2,3,Feb_W3,0.0,118.0
Black-crowned Night Heron,2,4,Feb_W4,0.0,70.0
Black-crowned Night Heron,3,1,Mar_W1,0.0,105.0
Black-crowned Night Heron,3,2,Mar_W2,0.0,114.0
Black-crowned Night Heron,3,3,Mar_W3,0.0,142.0
Black-crowned Night Heron,3,4,Mar_W4,0.0,164.0
Black-crowned Night Heron,4,1,Apr_W1,0.0,261.0
Black-crowned Night Heron,4,2,Apr_W2,0.0,364.0
Black-crowned Night Heron,4,3,Apr_W3,0.0,430.0
Black-crowned Night Heron,4,4,Apr_W4,0.0,706.0
Black-crowned Night Heron,5,1,May_W1,0.0,645.0
Black-crowned Night Heron,5,2,May_W2,0.0015,774.0
Black-crowned Night Heron,5,3,May_W3,0.0,765.0
Black-crowned Night Heron,5,4,May_W4,0.0,1386.0
Black-crowned Night Heron,6,1,Jun_W1,0.0,855.0
Black-crowned Night Heron,6,2,Jun_W2,0.0,752.0
Black-crowned Night Heron,6,3,Jun_W3,0.0,625.0
Black-crowned Night Heron,6,4,Jun_W4,0.0,745.0
Black-crowned Night Heron,7,1,Jul_W1,0.0,695.0
Black-crowned Night Heron,7,2,Jul_W2,0.0,711.0
Black-crowned Night Heron,7,3,Jul_W3,0.0,569.0
Black-crowned Night Heron,7,4,Jul_W4,0.0,883.0
Black-crowned Night Heron,8,1,Aug_W1,0.0,607.0
Black-crowned Night Heron,8,2,Aug_W2,0.0,639.0
Black-crowned Night Heron,8,3,Aug_W3,0.0,586.0
Black-crowned Night Heron,8,4,Aug_W4,0.0035503,845.0
Black-crowned Night Heron,9,1,Sep_W1,0.0,528.0
Black-crowned Night Heron,9,2,Sep_W2,0.0,653.0
Black-crowned Night Heron,9,3,Sep_W3,0.0,638.0
Black-crowned Night Heron,9,4,Sep_W4,0.0,753.0
Black-crowned Night Heron,10,1,Oct_W1,0.0,630.0
Black-crowned Night Heron,10,2,Oct_W2,0.0,578.0
Black-crowned Night Heron,10,3,Oct_W3,0.0,488.0
Black-crowned Night Heron,10,4,Oct_W4,0.0,562.0
Black-crowned Night Heron,11,1,Nov_W1,0.002611,383.0
Black-crowned Night Heron,11,2,Nov_W2,0.0,329.0
Black-crowned Night Heron,11,3,Nov_W3,0.0,273.0
Black-crowned Night Heron,11,4,Nov_W4,0.0,270.0
Black-crowned Night Heron,12,1,Dec_W1,0.0,157.0
Black-crowned Night Heron,12,2,Dec_W2,0.0,166.0
Black-crowned Night Heron,12,3,Dec_W3,0.0,137.0
Black-crowned Night Heron,12,4,Dec_W4,0.0,145.0
Snowy Egret,1,1,Jan_W1,0.0,185.0
Snowy Egret,1,2,Jan_W2,0.0,88.0
Snowy Egret,1,3,Jan_W3,0.0,105.0
Snowy Egret,1,4,Jan_W4,0.0,140.0
Snowy Egret,2,1,Feb_W1,0.0,123.0
Snowy Egret,2,2,Feb_W2,0.0,108.0
Snowy Egret,2,3,Feb_W3,0.0,118.0
Snowy Egret,2,4,Feb_W4,0.0,70.0
Snowy Egret,3,1,Mar_W1,0.0,105.0
Snowy Egret,3,2,Mar_W2,0.0,114.0
Snowy Egret,3,3,Mar_W3,0.0,142.0
Snowy Egret,3,4,Mar_W4,0.0,164.0
Snowy Egret,4,1,Apr_W1,0.0,261.0
Snowy Egret,4,2,Apr_W2,0.0,364.0
Snowy Egret,4,3,Apr_W3,0.0,430.0
Snowy Egret,4,4,Apr_W4,0.0,706.0
Snowy Egret,5,1,May_W1,0.0,645.0
Snowy Egret,5,2,May_W2,0.0015,774.0
Snowy Egret,5,3,May_W3,0.0,765.0
Snowy Egret,5,4,May_W4,0.0,1386.0
Snowy Egret,6,1,Jun_W1,0.0,855.0
Snowy Egret,6,2,Jun_W2,0.0,752.0
Snowy Egret,6,3,Jun_W3,0.0,625.0
Snowy Egret,6,4,Jun_W4,0.0,745.0
Snowy Egret,7,1,Jul_W1,0.0,695.0
Snowy Egret,7,2,Jul_W2,0.0,711.0
Snowy Egret,7,3,Jul_W3,0.0,569.0
Snowy Egret,7,4,Jul_W4,0.0,883.0
Snowy Egret,8,1,Aug_W1,0.0,607.0
Snowy Egret,8,2,Aug_W2,0.0,639.0
Snowy Egret,8,3,Aug_W3,0.0,586.0
Snowy Egret,8,4,Aug_W4,0.0,845.0
Snowy Egret,9,1,Sep_W1,0.0,528.0
Snowy Egret,9,2,Sep_W2,0.0,653.0
Snowy Egret,9,3,Sep_W3,0.0,638.0
Snowy Egret,9,4,Sep_W4,0.0,753.0
Snowy Egret,10,1,Oct_W1,0.0,630.0
Snowy Egret,10,2,Oct_W2,0.0,578.0
Snowy Egret,10,3,Oct_W3,0.0,488.0
Snowy Egret,10,4,Oct_W4,0.0,562.0
Snowy Egret,11,1,Nov_W1,0.0,383.0
Snowy Egret,11,2,Nov_W2,0.0,329.0
Snowy Egret,11,3,Nov_W3,0.0,273.0
Snowy Egret,11,4,Nov_W4,0.0,270.0
Snowy Egret,12,1,Dec_W1,0.0,157.0
Snowy Egret,12,2,Dec_W2,0.0,166.0
Snowy Egret,12,3,Dec_W3,0.0,137.0
Snowy Egret,12,4,Dec_W4,0.0,145.0
Green Heron,1,1,Jan_W1,0.0,185.0
Green Heron,1,2,Jan_W2,0.0,88.0
Green Heron,1,3,Jan_W3,0.0,105.0
Green Heron,1,4,Jan_W4,0.0,140.0
Green Heron,2,1,Feb_W1,0.0,123.0
Green Heron,2,2,Feb_W2,0.0,108.0
Green Heron,2,3,Feb_W3,0.0,118.0
Green Heron,2,4,Feb_W4,0.0,70.0
Green Heron,3,1,Mar_W1,0.0,105.0
Green Heron,3,2,Mar_W2,0.0,114.0
Green Heron,3,3,Mar_W3,0.0,142.0
Green Heron,3,4,Mar_W4,0.0,164.0
Green Heron,4,1,Apr_W1,0.0,261.0
Green Heron,4,2,Apr_W2,0.0,364.0
Green Heron,4,3,Apr_W3,0.0,430.0
Green Heron,4,4,Apr_W4,0.0,706.0
Green Heron,5,1,May_W1,0.0015504,645.0
Green Heron,5,2,May_W2,0.0064599,774.0
Green Heron,5,3,May_W3,0.0104575,765.0
Green Heron,5,4,May_W4,0.0079365,1386.0
Green Heron,6,1,Jun_W1,0.0081871,855.0
Green Heron,6,2,Jun_W2,0.0119681,752.0
Green Heron,6,3,Jun_W3,0.0032,625.0
Green Heron,6,4,Jun_W4,0.0080537,745.0
Green Heron,7,1,Jul_W1,0.0071942,695.0
Green Heron,7,2,Jul_W2,0.0028129,711.0
Green Heron,7,3,Jul_W3,0.0105448,569.0
Green Heron,7,4,Jul_W4,0.0101925,883.0
Green Heron,8,1,Aug_W1,0.0082372,607.0
Green Heron,8,2,Aug_W2,0.0062598,639.0
Green Heron,8,3,Aug_W3,0.0085324,586.0
Green Heron,8,4,Aug_W4,0.0035503,845.0
Green Heron,9,1,Sep_W1,0.0056818,528.0
Green Heron,9,2,Sep_W2,0.0015314,653.0
Green Heron,9,3,Sep_W3,0.0031348,638.0
Green Heron,9,4,Sep_W4,0.0,753.0
Green Heron,10,1,Oct_W1,0.0,630.0
Green Heron,10,2,Oct_W2,0.0,578.0
Green Heron,10,3,Oct_W3,0.0,488.0
Green Heron,10,4,Oct_W4,0.0,562.0
Green Heron,11,1,Nov_W1,0.0,383.0
Green Heron,11,2,Nov_W2,0.0,329.0
Green Heron,11,3,Nov_W3,0.0,273.0
Green Heron,11,4,Nov_W4,0.0,270.0
Green Heron,12,1,Dec_W1,0.0,157.0
Green Heron,12,2,Dec_W2,0.0,166.0
Green Heron,12,3,Dec_W3,0.0,137.0
Green Heron,12,4,Dec_W4,0.0,145.0
Western Cattle-Egret,1,1,Jan_W1,0.0,185.0
Western Cattle-Egret,1,2,Jan_W2,0.0,88.0
Western Cattle-Egret,1,3,Jan_W3,0.0,105.0
Western Cattle-Egret,1,4,Jan_W4,0.0,140.0
Western Cattle-Egret,2,1,Feb_W1,0.0,123.0
Western Cattle-Egret,2,2,Feb_W2,0.0,108.0
Western Cattle-Egret,2,3,Feb_W3,0.0,118.0
Western Cattle-Egret,2,4,Feb_W4,0.0,70.0
Western Cattle-Egret,3,1,Mar_W1,0.0,105.0
Western Cattle-Egret,3,2,Mar_W2,0.0,114.0
Western Cattle-Egret,3,3,Mar_W3,0.0,142.0
Western Cattle-Egret,3,4,Mar_W4,0.0,164.0
Western Cattle-Egret,4,1,Apr_W1,0.0,261.0
Western Cattle-Egret,4,2,Apr_W2,0.0,364.0
Western Cattle-Egret,4,3,Apr_W3,0.0,430.0
Western Cattle-Egret,4,4,Apr_W4,0.0,706.0
Western Cattle-Egret,5,1,May_W1,0.0015504,645.0
Western Cattle-Egret,5,2,May_W2,0.0,774.0
Western Cattle-Egret,5,3,May_W3,0.0,765.0
Western Cattle-Egret,5,4,May_W4,0.0,1386.0
Western Cattle-Egret,6,1,Jun_W1,0.0,855.0
Western Cattle-Egret,6,2,Jun_W2,0.0,752.0
Western Cattle-Egret,6,3,Jun_W3,0.0,625.0
Western Cattle-Egret,6,4,Jun_W4,0.0,745.0
Western Cattle-Egret,7,1,Jul_W1,0.0,695.0
Western Cattle-Egret,7,2,Jul_W2,0.0,711.0
Western Cattle-Egret,7,3,Jul_W3,0.0,569.0
Western Cattle-Egret,7,4,Jul_W4,0.0,883.0
Western Cattle-Egret,8,1,Aug_W1,0.0,607.0
Western Cattle-Egret,8,2,Aug_W2,0.0,639.0
Western Cattle-Egret,8,3,Aug_W3,0.0,586.0
Western Cattle-Egret,8,4,Aug_W4,0.0,845.0
Western Cattle-Egret,9,1,Sep_W1,0.0,528.0
Western Cattle-Egret,9,2,Sep_W2,0.0,653.0
Western Cattle-Egret,9,3,Sep_W3,0.0,638.0
Western Cattle-Egret,9,4,Sep_W4,0.001328,753.0
Western Cattle-Egret,10,1,Oct_W1,0.0,630.0
Western Cattle-Egret,10,2,Oct_W2,0.0,578.0
Western Cattle-Egret,10,3,Oct_W3,0.0,488.0
Western Cattle-Egret,10,4,Oct_W4,0.0017794,562.0
Western Cattle-Egret,11,1,Nov_W1,0.0,383.0
Western Cattle-Egret,11,2,Nov_W2,0.0,329.0
Western Cattle-Egret,11,3,Nov_W3,0.0,273.0
Western Cattle-Egret,11,4,Nov_W4,0.0,270.0
Western Cattle-Egret,12,1,Dec_W1,0.0,157.0
Western Cattle-Egret,12,2,Dec_W2,0.0,166.0
Western Cattle-Egret,12,3,Dec_W3,0.0,137.0
Western Cattle-Egret,12,4,Dec_W4,0.0,145.0
Great Egret,1,1,Jan_W1,0.0,185.0
Great Egret,1,2,Jan_W2,0.0,88.0
Great Egret,1,3,Jan_W3,0.0,105.0
Great Egret,1,4,Jan_W4,0.0,140.0
Great Egret,2,1,Feb_W1,0.0,123.0
Great Egret,2,2,Feb_W2,0.0,108.0
Great Egret,2,3,Feb_W3,0.0,118.0
Great Egret,2,4,Feb_W4,0.0,70.0
Great Egret,3,1,Mar_W1,0.0,105.0
Great Egret,3,2,Mar_W2,0.0,114.0
Great Egret,3,3,Mar_W3,0.0,142.0
Great Egret,3,4,Mar_W4,0.0,164.0
Great Egret,4,1,Apr_W1,0.0,261.0
Great Egret,4,2,Apr_W2,0.0,364.0
Great Egret,4,3,Apr_W3,0.0,430.0
Great Egret,4,4,Apr_W4,0.0,706.0
Great Egret,5,1,May_W1,0.0,645.0
Great Egret,5,2,May_W2,0.0015,774.0
Great Egret,5,3,May_W3,0.0,765.0
Great Egret,5,4,May_W4,0.0,1386.0
Great Egret,6,1,Jun_W1,0.0011696,855.0
Great Egret,6,2,Jun_W2,0.0,752.0
Great Egret,6,3,Jun_W3,0.0016,625.0
Great Egret,6,4,Jun_W4,0.0013423,745.0
Great Egret,7,1,Jul_W1,0.0028777,695.0
Great Egret,7,2,Jul_W2,0.0014065,711.0
Great Egret,7,3,Jul_W3,0.0017575,569.0
Great Egret,7,4,Jul_W4,0.002265,883.0
Great Egret,8,1,Aug_W1,0.0115321,607.0
Great Egret,8,2,Aug_W2,0.0109546,639.0
Great Egret,8,3,Aug_W3,0.0273038,586.0
Great Egret,8,4,Aug_W4,0.0378698,845.0
Great Egret,9,1,Sep_W1,0.0037879,528.0
Great Egret,9,2,Sep_W2,0.0045942,653.0
Great Egret,9,3,Sep_W3,0.0031348,638.0
Great Egret,9,4,Sep_W4,0.0015,753.0
Great Egret,10,1,Oct_W1,0.0,630.0
Great Egret,10,2,Oct_W2,0.0,578.0
Great Egret,10,3,Oct_W3,0.0,488.0
Great Egret,10,4,Oct_W4,0.0,562.0
Great Egret,11,1,Nov_W1,0.0,383.0
Great Egret,11,2,Nov_W2,0.0,329.0
Great Egret,11,3,Nov_W3,0.0,273.0
Great Egret,11,4,Nov_W4,0.0,270.0
Great Egret,12,1,Dec_W1,0.0,157.0
Great Egret,12,2,Dec_W2,0.0,166.0
Great Egret,12,3,Dec_W3,0.0,137.0
Great Egret,12,4,Dec_W4,0.0,145.0
Great Blue Heron,1,1,Jan_W1,0.0,185.0
Great Blue Heron,1,2,Jan_W2,0.0,88.0
Great Blue Heron,1,3,Jan_W3,0.0,105.0
Great Blue Heron,1,4,Jan_W4,0.0,140.0
Great Blue Heron,2,1,Feb_W1,0.0,123.0
Great Blue Heron,2,2,Feb_W2,0.0,108.0
Great Blue Heron,2,3,Feb_W3,0.0,118.0
Great Blue Heron,2,4,Feb_W4,0.0,70.0
Great Blue Heron,3,1,Mar_W1,0.0,105.0
Great Blue Heron,3,2,Mar_W2,0.0,114.0
Great Blue Heron,3,3,Mar_W3,0.0,142.0
Great Blue Heron,3,4,Mar_W4,0.0121951,164.0
Great Blue Heron,4,1,Apr_W1,0.0306513,261.0
Great Blue Heron,4,2,Apr_W2,0.0412088,364.0
Great Blue Heron,4,3,Apr_W3,0.0534884,430.0
Great Blue Heron,4,4,Apr_W4,0.0580737,706.0
Great Blue Heron,5,1,May_W1,0.0449612,645.0
Great Blue Heron,5,2,May_W2,0.0374677,774.0
Great Blue Heron,5,3,May_W3,0.0718954,765.0
Great Blue Heron,5,4,May_W4,0.049062,1386.0
Great Blue Heron,6,1,Jun_W1,0.0666667,855.0
Great Blue Heron,6,2,Jun_W2,0.0731383,752.0
Great Blue Heron,6,3,Jun_W3,0.0688,625.0
Great Blue Heron,6,4,Jun_W4,0.0684564,745.0
Great Blue Heron,7,1,Jul_W1,0.0791367,695.0
Great Blue Heron,7,2,Jul_W2,0.0900141,711.0
Great Blue Heron,7,3,Jul_W3,0.1177504,569.0
Great Blue Heron,7,4,Jul_W4,0.1325028,883.0
Great Blue Heron,8,1,Aug_W1,0.1367381,607.0
Great Blue Heron,8,2,Aug_W2,0.1236307,639.0
Great Blue Heron,8,3,Aug_W3,0.1211604,586.0
Great Blue Heron,8,4,Aug_W4,0.1349112,845.0
Great Blue Heron,9,1,Sep_W1,0.0909091,528.0
Great Blue Heron,9,2,Sep_W2,0.0765697,653.0
Great Blue Heron,9,3,Sep_W3,0.0564263,638.0
Great Blue Heron,9,4,Sep_W4,0.0438247,753.0
Great Blue Heron,10,1,Oct_W1,0.0349206,630.0
Great Blue Heron,10,2,Oct_W2,0.032872,578.0
Great Blue Heron,10,3,Oct_W3,0.0286885,488.0
Great Blue Heron,10,4,Oct_W4,0.0053381,562.0
Great Blue Heron,11,1,Nov_W1,0.002611,383.0
Great Blue Heron,11,2,Nov_W2,0.0030395,329.0
Great Blue Heron,11,3,Nov_W3,0.0,273.0
Great Blue Heron,11,4,Nov_W4,0.0,270.0
Great Blue Heron,12,1,Dec_W1,0.0,157.0
Great Blue Heron,12,2,Dec_W2,0.0,166.0
Great Blue Heron,12,3,Dec_W3,0.0,137.0
Great Blue Heron,12,4,Dec_W4,0.0,145.0
American White Pelican,1,1,Jan_W1,0.0,185.0
American White Pelican,1,2,Jan_W2,0.0,88.0
American White Pelican,1,3,Jan_W3,0.0,105.0
American White Pelican,1,4,Jan_W4,0.0,140.0
American White Pelican,2,1,Feb_W1,0.0,123.0
American White Pelican,2,2,Feb_W2,0.0,108.0
American White Pelican,2,3,Feb_W3,0.0,118.0
American White Pelican,2,4,Feb_W4,0.0,70.0
American White Pelican,3,1,Mar_W1,0.0,105.0
American White Pelican,3,2,Mar_W2,0.0,114.0
American White Pelican,3,3,Mar_W3,0.0,142.0
American White Pelican,3,4,Mar_W4,0.0,164.0
American White Pelican,4,1,Apr_W1,0.0,261.0
American White Pelican,4,2,Apr_W2,0.0,364.0
American White Pelican,4,3,Apr_W3,0.0,430.0
American White Pelican,4,4,Apr_W4,0.0014164,706.0
American White Pelican,5,1,May_W1,0.0,645.0
American White Pelican,5,2,May_W2,0.002584,774.0
American White Pelican,5,3,May_W3,0.0065359,765.0
American White Pelican,5,4,May_W4,0.0007215,1386.0
American White Pelican,6,1,Jun_W1,0.0116959,855.0
American White Pelican,6,2,Jun_W2,0.0,752.0
American White Pelican,6,3,Jun_W3,0.0032,625.0
American White Pelican,6,4,Jun_W4,0.0013423,745.0
American White Pelican,7,1,Jul_W1,0.0028777,695.0
American White Pelican,7,2,Jul_W2,0.0014065,711.0
American White Pelican,7,3,Jul_W3,0.0035149,569.0
American White Pelican,7,4,Jul_W4,0.0033975,883.0
American White Pelican,8,1,Aug_W1,0.0082372,607.0
American White Pelican,8,2,Aug_W2,0.0062598,639.0
American White Pelican,8,3,Aug_W3,0.003413,586.0
American White Pelican,8,4,Aug_W4,0.0307692,845.0
American White Pelican,9,1,Sep_W1,0.0018939,528.0
American White Pelican,9,2,Sep_W2,0.0045942,653.0
American White Pelican,9,3,Sep_W3,0.0047022,638.0
American White Pelican,9,4,Sep_W4,0.0015,753.0
American White Pelican,10,1,Oct_W1,0.0015873,630.0
American White Pelican,10,2,Oct_W2,0.0,578.0
American White Pelican,10,3,Oct_W3,0.0,488.0
American White Pelican,10,4,Oct_W4,0.0,562.0
American White Pelican,11,1,Nov_W1,0.0,383.0
American White Pelican,11,2,Nov_W2,0.0,329.0
American White Pelican,11,3,Nov_W3,0.0,273.0
American White Pelican,11,4,Nov_W4,0.0,270.0
American White Pelican,12,1,Dec_W1,0.0,157.0
American White Pelican,12,2,Dec_W2,0.0,166.0
American White Pelican,12,3,Dec_W3,0.0,137.0
American White Pelican,12,4,Dec_W4,0.0,145.0
Black Vulture,1,1,Jan_W1,0.0,185.0
Black Vulture,1,2,Jan_W2,0.0,88.0
Black Vulture,1,3,Jan_W3,0.0,105.0
Black Vulture,1,4,Jan_W4,0.0,140.0
Black Vulture,2,1,Feb_W1,0.0,123.0
Black Vulture,2,2,Feb_W2,0.0,108.0
Black Vulture,2,3,Feb_W3,0.0,118.0
Black Vulture,2,4,Feb_W4,0.0,70.0
Black Vulture,3,1,Mar_W1,0.0,105.0
Black Vulture,3,2,Mar_W2,0.0,114.0
Black Vulture,3,3,Mar_W3,0.0,142.0
Black Vulture,3,4,Mar_W4,0.0,164.0
Black Vulture,4,1,Apr_W1,0.0,261.0
Black Vulture,4,2,Apr_W2,0.0,364.0
Black Vulture,4,3,Apr_W3,0.0,430.0
Black Vulture,4,4,Apr_W4,0.0,706.0
Black Vulture,5,1,May_W1,0.0,645.0
Black Vulture,5,2,May_W2,0.0,774.0
Black Vulture,5,3,May_W3,0.0,765.0
Black Vulture,5,4,May_W4,0.0,1386.0
Black Vulture,6,1,Jun_W1,0.0,855.0
Black Vulture,6,2,Jun_W2,0.0,752.0
Black Vulture,6,3,Jun_W3,0.0,625.0
Black Vulture,6,4,Jun_W4,0.0,745.0
Black Vulture,7,1,Jul_W1,0.0,695.0
Black Vulture,7,2,Jul_W2,0.0,711.0
Black Vulture,7,3,Jul_W3,0.0,569.0
Black Vulture,7,4,Jul_W4,0.0,883.0
Black Vulture,8,1,Aug_W1,0.0,607.0
Black Vulture,8,2,Aug_W2,0.0,639.0
Black Vulture,8,3,Aug_W3,0.0,586.0
Black Vulture,8,4,Aug_W4,0.0,845.0
Black Vulture,9,1,Sep_W1,0.0,528.0
Black Vulture,9,2,Sep_W2,0.0015314,653.0
Black Vulture,9,3,Sep_W3,0.0,638.0
Black Vulture,9,4,Sep_W4,0.0,753.0
Black Vulture,10,1,Oct_W1,0.0,630.0
Black Vulture,10,2,Oct_W2,0.0,578.0
Black Vulture,10,3,Oct_W3,0.0,488.0
Black Vulture,10,4,Oct_W4,0.0,562.0
Black Vulture,11,1,Nov_W1,0.0,383.0
Black Vulture,11,2,Nov_W2,0.0,329.0
Black Vulture,11,3,Nov_W3,0.0,273.0
Black Vulture,11,4,Nov_W4,0.0,270.0
Black Vulture,12,1,Dec_W1,0.0,157.0
Black Vulture,12,2,Dec_W2,0.0,166.0
Black Vulture,12,3,Dec_W3,0.0,137.0
Black Vulture,12,4,Dec_W4,0.0,145.0
Turkey Vulture,1,1,Jan_W1,0.0,185.0
Turkey Vulture,1,2,Jan_W2,0.0,88.0
Turkey Vulture,1,3,Jan_W3,0.0,105.0
Turkey Vulture,1,4,Jan_W4,0.0,140.0
Turkey Vulture,2,1,Feb_W1,0.0,123.0
Turkey Vulture,2,2,Feb_W2,0.0,108.0
Turkey Vulture,2,3,Feb_W3,0.0,118.0
Turkey Vulture,2,4,Feb_W4,0.0,70.0
Turkey Vulture,3,1,Mar_W1,0.0,105.0
Turkey Vulture,3,2,Mar_W2,0.0,114.0
Turkey Vulture,3,3,Mar_W3,0.0,142.0
Turkey Vulture,3,4,Mar_W4,0.0015,164.0
Turkey Vulture,4,1,Apr_W1,0.0306513,261.0
Turkey Vulture,4,2,Apr_W2,0.0851648,364.0
Turkey Vulture,4,3,Apr_W3,0.1186047,430.0
Turkey Vulture,4,4,Apr_W4,0.1543909,706.0
Turkey Vulture,5,1,May_W1,0.1007752,645.0
Turkey Vulture,5,2,May_W2,0.1111111,774.0
Turkey Vulture,5,3,May_W3,0.1202614,765.0
Turkey Vulture,5,4,May_W4,0.1010101,1386.0
Turkey Vulture,6,1,Jun_W1,0.1005848,855.0
Turkey Vulture,6,2,Jun_W2,0.0984043,752.0
Turkey Vulture,6,3,Jun_W3,0.128,625.0
Turkey Vulture,6,4,Jun_W4,0.1100671,745.0
Turkey Vulture,7,1,Jul_W1,0.1079137,695.0
Turkey Vulture,7,2,Jul_W2,0.0857947,711.0
Turkey Vulture,7,3,Jul_W3,0.1019332,569.0
Turkey Vulture,7,4,Jul_W4,0.1143828,883.0
Turkey Vulture,8,1,Aug_W1,0.092257,607.0
Turkey Vulture,8,2,Aug_W2,0.0907668,639.0
Turkey Vulture,8,3,Aug_W3,0.1075085,586.0
Turkey Vulture,8,4,Aug_W4,0.1171598,845.0
Turkey Vulture,9,1,Sep_W1,0.1117424,528.0
Turkey Vulture,9,2,Sep_W2,0.1316998,653.0
Turkey Vulture,9,3,Sep_W3,0.1065831,638.0
Turkey Vulture,9,4,Sep_W4,0.0996016,753.0
Turkey Vulture,10,1,Oct_W1,0.047619,630.0
Turkey Vulture,10,2,Oct_W2,0.0242215,578.0
Turkey Vulture,10,3,Oct_W3,0.0122951,488.0
Turkey Vulture,10,4,Oct_W4,0.0035587,562.0
Turkey Vulture,11,1,Nov_W1,0.002611,383.0
Turkey Vulture,11,2,Nov_W2,0.0030395,329.0
Turkey Vulture,11,3,Nov_W3,0.0,273.0
Turkey Vulture,11,4,Nov_W4,0.0,270.0
Turkey Vulture,12,1,Dec_W1,0.0,157.0
Turkey Vulture,12,2,Dec_W2,0.0,166.0
Turkey Vulture,12,3,Dec_W3,0.0,137.0
Turkey Vulture,12,4,Dec_W4,0.0,145.0
Osprey,1,1,Jan_W1,0.0,185.0
Osprey,1,2,Jan_W2,0.0,88.0
Osprey,1,3,Jan_W3,0.0,105.0
Osprey,1,4,Jan_W4,0.0,140.0
Osprey,2,1,Feb_W1,0.0,123.0
Osprey,2,2,Feb_W2,0.0,108.0
Osprey,2,3,Feb_W3,0.0,118.0
Osprey,2,4,Feb_W4,0.0,70.0
Osprey,3,1,Mar_W1,0.0,105.0
Osprey,3,2,Mar_W2,0.0,114.0
Osprey,3,3,Mar_W3,0.0,142.0
Osprey,3,4,Mar_W4,0.0,164.0
Osprey,4,1,Apr_W1,0.0,261.0
Osprey,4,2,Apr_W2,0.0027473,364.0
Osprey,4,3,Apr_W3,0.0,430.0
Osprey,4,4,Apr_W4,0.0056657,706.0
Osprey,5,1,May_W1,0.0108527,645.0
Osprey,5,2,May_W2,0.0103359,774.0
Osprey,5,3,May_W3,0.0065359,765.0
Osprey,5,4,May_W4,0.011544,1386.0
Osprey,6,1,Jun_W1,0.0070175,855.0
Osprey,6,2,Jun_W2,0.0172872,752.0
Osprey,6,3,Jun_W3,0.0112,625.0
Osprey,6,4,Jun_W4,0.0107383,745.0
Osprey,7,1,Jul_W1,0.0057554,695.0
Osprey,7,2,Jul_W2,0.0126582,711.0
Osprey,7,3,Jul_W3,0.0175747,569.0
Osprey,7,4,Jul_W4,0.0101925,883.0
Osprey,8,1,Aug_W1,0.0131796,607.0
Osprey,8,2,Aug_W2,0.0078247,639.0
Osprey,8,3,Aug_W3,0.0136519,586.0
Osprey,8,4,Aug_W4,0.0272189,845.0
Osprey,9,1,Sep_W1,0.0094697,528.0
Osprey,9,2,Sep_W2,0.007657,653.0
Osprey,9,3,Sep_W3,0.0031348,638.0
Osprey,9,4,Sep_W4,0.002656,753.0
Osprey,10,1,Oct_W1,0.0031746,630.0
Osprey,10,2,Oct_W2,0.0,578.0
Osprey,10,3,Oct_W3,0.0,488.0
Osprey,10,4,Oct_W4,0.0,562.0
Osprey,11,1,Nov_W1,0.0,383.0
Osprey,11,2,Nov_W2,0.0,329.0
Osprey,11,3,Nov_W3,0.0,273.0
Osprey,11,4,Nov_W4,0.0,270.0
Osprey,12,1,Dec_W1,0.0,157.0
Osprey,12,2,Dec_W2,0.0,166.0
Osprey,12,3,Dec_W3,0.0,137.0
Osprey,12,4,Dec_W4,0.0,145.0
Swallow-tailed Kite,1,1,Jan_W1,0.0,185.0
Swallow-tailed Kite,1,2,Jan_W2,0.0,88.0
Swallow-tailed Kite,1,3,Jan_W3,0.0,105.0
Swallow-tailed Kite,1,4,Jan_W4,0.0,140.0
Swallow-tailed Kite,2,1,Feb_W1,0.0,123.0
Swallow-tailed Kite,2,2,Feb_W2,0.0,108.0
Swallow-tailed Kite,2,3,Feb_W3,0.0,118.0
Swallow-tailed Kite,2,4,Feb_W4,0.0,70.0
Swallow-tailed Kite,3,1,Mar_W1,0.0,105.0
Swallow-tailed Kite,3,2,Mar_W2,0.0,114.0
Swallow-tailed Kite,3,3,Mar_W3,0.0,142.0
Swallow-tailed Kite,3,4,Mar_W4,0.0,164.0
Swallow-tailed Kite,4,1,Apr_W1,0.0,261.0
Swallow-tailed Kite,4,2,Apr_W2,0.0,364.0
Swallow-tailed Kite,4,3,Apr_W3,0.0,430.0
Swallow-tailed Kite,4,4,Apr_W4,0.0,706.0
Swallow-tailed Kite,5,1,May_W1,0.0,645.0
Swallow-tailed Kite,5,2,May_W2,0.0,774.0
Swallow-tailed Kite,5,3,May_W3,0.0,765.0
Swallow-tailed Kite,5,4,May_W4,0.0,1386.0
Swallow-tailed Kite,6,1,Jun_W1,0.0,855.0
Swallow-tailed Kite,6,2,Jun_W2,0.0,752.0
Swallow-tailed Kite,6,3,Jun_W3,0.0,625.0
Swallow-tailed Kite,6,4,Jun_W4,0.0,745.0
Swallow-tailed Kite,7,1,Jul_W1,0.0,695.0
Swallow-tailed Kite,7,2,Jul_W2,0.0,711.0
Swallow-tailed Kite,7,3,Jul_W3,0.0,569.0
Swallow-tailed Kite,7,4,Jul_W4,0.0011325,883.0
Swallow-tailed Kite,8,1,Aug_W1,0.0,607.0
Swallow-tailed Kite,8,2,Aug_W2,0.0,639.0
Swallow-tailed Kite,8,3,Aug_W3,0.0,586.0
Swallow-tailed Kite,8,4,Aug_W4,0.0,845.0
Swallow-tailed Kite,9,1,Sep_W1,0.0,528.0
Swallow-tailed Kite,9,2,Sep_W2,0.0,653.0
Swallow-tailed Kite,9,3,Sep_W3,0.0,638.0
Swallow-tailed Kite,9,4,Sep_W4,0.0,753.0
Swallow-tailed Kite,10,1,Oct_W1,0.0,630.0
Swallow-tailed Kite,10,2,Oct_W2,0.0,578.0
Swallow-tailed Kite,10,3,Oct_W3,0.0,488.0
Swallow-tailed Kite,10,4,Oct_W4,0.0,562.0
Swallow-tailed Kite,11,1,Nov_W1,0.0,383.0
Swallow-tailed Kite,11,2,Nov_W2,0.0,329.0
Swallow-tailed Kite,11,3,Nov_W3,0.0,273.0
Swallow-tailed Kite,11,4,Nov_W4,0.0,270.0
Swallow-tailed Kite,12,1,Dec_W1,0.0,157.0
Swallow-tailed Kite,12,2,Dec_W2,0.0,166.0
Swallow-tailed Kite,12,3,Dec_W3,0.0,137.0
Swallow-tailed Kite,12,4,Dec_W4,0.0,145.0
Golden Eagle,1,1,Jan_W1,0.0,185.0
Golden Eagle,1,2,Jan_W2,0.0,88.0
Golden Eagle,1,3,Jan_W3,0.0,105.0
Golden Eagle,1,4,Jan_W4,0.0,140.0
Golden Eagle,2,1,Feb_W1,0.0,123.0
Golden Eagle,2,2,Feb_W2,0.0,108.0
Golden Eagle,2,3,Feb_W3,0.0,118.0
Golden Eagle,2,4,Feb_W4,0.0,70.0
Golden Eagle,3,1,Mar_W1,0.0,105.0
Golden Eagle,3,2,Mar_W2,0.0,114.0
Golden Eagle,3,3,Mar_W3,0.0,142.0
Golden Eagle,3,4,Mar_W4,0.0060976,164.0
Golden Eagle,4,1,Apr_W1,0.0038314,261.0
Golden Eagle,4,2,Apr_W2,0.0,364.0
Golden Eagle,4,3,Apr_W3,0.0015,430.0
Golden Eagle,4,4,Apr_W4,0.0014164,706.0
Golden Eagle,5,1,May_W1,0.0,645.0
Golden Eagle,5,2,May_W2,0.0,774.0
Golden Eagle,5,3,May_W3,0.0015,765.0
Golden Eagle,5,4,May_W4,0.0,1386.0
Golden Eagle,6,1,Jun_W1,0.0,855.0
Golden Eagle,6,2,Jun_W2,0.0,752.0
Golden Eagle,6,3,Jun_W3,0.0,625.0
Golden Eagle,6,4,Jun_W4,0.0,745.0
Golden Eagle,7,1,Jul_W1,0.0,695.0
Golden Eagle,7,2,Jul_W2,0.0,711.0
Golden Eagle,7,3,Jul_W3,0.0,569.0
Golden Eagle,7,4,Jul_W4,0.0,883.0
Golden Eagle,8,1,Aug_W1,0.0,607.0
Golden Eagle,8,2,Aug_W2,0.0,639.0
Golden Eagle,8,3,Aug_W3,0.0,586.0
Golden Eagle,8,4,Aug_W4,0.0,845.0
Golden Eagle,9,1,Sep_W1,0.0018939,528.0
Golden Eagle,9,2,Sep_W2,0.0,653.0
Golden Eagle,9,3,Sep_W3,0.0,638.0
Golden Eagle,9,4,Sep_W4,0.0,753.0
Golden Eagle,10,1,Oct_W1,0.0,630.0
Golden Eagle,10,2,Oct_W2,0.0,578.0
Golden Eagle,10,3,Oct_W3,0.0,488.0
Golden Eagle,10,4,Oct_W4,0.0017794,562.0
Golden Eagle,11,1,Nov_W1,0.0,383.0
Golden Eagle,11,2,Nov_W2,0.0,329.0
Golden Eagle,11,3,Nov_W3,0.003663,273.0
Golden Eagle,11,4,Nov_W4,0.0,270.0
Golden Eagle,12,1,Dec_W1,0.0,157.0
Golden Eagle,12,2,Dec_W2,0.0,166.0
Golden Eagle,12,3,Dec_W3,0.0,137.0
Golden Eagle,12,4,Dec_W4,0.0,145.0
Sharp-shinned Hawk,1,1,Jan_W1,0.0015,185.0
Sharp-shinned Hawk,1,2,Jan_W2,0.0015,88.0
Sharp-shinned Hawk,1,3,Jan_W3,0.0,105.0
Sharp-shinned Hawk,1,4,Jan_W4,0.0071429,140.0
Sharp-shinned Hawk,2,1,Feb_W1,0.0,123.0
Sharp-shinned Hawk,2,2,Feb_W2,0.0,108.0
Sharp-shinned Hawk,2,3,Feb_W3,0.0,118.0
Sharp-shinned Hawk,2,4,Feb_W4,0.0,70.0
Sharp-shinned Hawk,3,1,Mar_W1,0.0,105.0
Sharp-shinned Hawk,3,2,Mar_W2,0.0,114.0
Sharp-shinned Hawk,3,3,Mar_W3,0.0,142.0
Sharp-shinned Hawk,3,4,Mar_W4,0.0060976,164.0
Sharp-shinned Hawk,4,1,Apr_W1,0.0076628,261.0
Sharp-shinned Hawk,4,2,Apr_W2,0.0082418,364.0
Sharp-shinned Hawk,4,3,Apr_W3,0.0069767,430.0
Sharp-shinned Hawk,4,4,Apr_W4,0.0212465,706.0
Sharp-shinned Hawk,5,1,May_W1,0.020155,645.0
Sharp-shinned Hawk,5,2,May_W2,0.0116279,774.0
Sharp-shinned Hawk,5,3,May_W3,0.0117647,765.0
Sharp-shinned Hawk,5,4,May_W4,0.005772,1386.0
Sharp-shinned Hawk,6,1,Jun_W1,0.0093567,855.0
Sharp-shinned Hawk,6,2,Jun_W2,0.0039894,752.0
Sharp-shinned Hawk,6,3,Jun_W3,0.0048,625.0
Sharp-shinned Hawk,6,4,Jun_W4,0.0026846,745.0
Sharp-shinned Hawk,7,1,Jul_W1,0.0028777,695.0
Sharp-shinned Hawk,7,2,Jul_W2,0.0014065,711.0
Sharp-shinned Hawk,7,3,Jul_W3,0.0070299,569.0
Sharp-shinned Hawk,7,4,Jul_W4,0.0056625,883.0
Sharp-shinned Hawk,8,1,Aug_W1,0.0065898,607.0
Sharp-shinned Hawk,8,2,Aug_W2,0.0109546,639.0
Sharp-shinned Hawk,8,3,Aug_W3,0.0187713,586.0
Sharp-shinned Hawk,8,4,Aug_W4,0.0153846,845.0
Sharp-shinned Hawk,9,1,Sep_W1,0.0094697,528.0
Sharp-shinned Hawk,9,2,Sep_W2,0.0107198,653.0
Sharp-shinned Hawk,9,3,Sep_W3,0.0188088,638.0
Sharp-shinned Hawk,9,4,Sep_W4,0.0053121,753.0
Sharp-shinned Hawk,10,1,Oct_W1,0.0031746,630.0
Sharp-shinned Hawk,10,2,Oct_W2,0.0086505,578.0
Sharp-shinned Hawk,10,3,Oct_W3,0.0020492,488.0
Sharp-shinned Hawk,10,4,Oct_W4,0.0053381,562.0
Sharp-shinned Hawk,11,1,Nov_W1,0.002611,383.0
Sharp-shinned Hawk,11,2,Nov_W2,0.0,329.0
Sharp-shinned Hawk,11,3,Nov_W3,0.0,273.0
Sharp-shinned Hawk,11,4,Nov_W4,0.0074074,270.0
Sharp-shinned Hawk,12,1,Dec_W1,0.0,157.0
Sharp-shinned Hawk,12,2,Dec_W2,0.0,166.0
Sharp-shinned Hawk,12,3,Dec_W3,0.0,137.0
Sharp-shinned Hawk,12,4,Dec_W4,0.0,145.0
Cooper's Hawk,1,1,Jan_W1,0.0,185.0
Cooper's Hawk,1,2,Jan_W2,0.0,88.0
Cooper's Hawk,1,3,Jan_W3,0.0,105.0
Cooper's Hawk,1,4,Jan_W4,0.0,140.0
Cooper's Hawk,2,1,Feb_W1,0.0,123.0
Cooper's Hawk,2,2,Feb_W2,0.0,108.0
Cooper's Hawk,2,3,Feb_W3,0.0,118.0
Cooper's Hawk,2,4,Feb_W4,0.0,70.0
Cooper's Hawk,3,1,Mar_W1,0.0,105.0
Cooper's Hawk,3,2,Mar_W2,0.0,114.0
Cooper's Hawk,3,3,Mar_W3,0.0,142.0
Cooper's Hawk,3,4,Mar_W4,0.0,164.0
Cooper's Hawk,4,1,Apr_W1,0.0,261.0
Cooper's Hawk,4,2,Apr_W2,0.0,364.0
Cooper's Hawk,4,3,Apr_W3,0.0023256,430.0
Cooper's Hawk,4,4,Apr_W4,0.0042493,706.0
Cooper's Hawk,5,1,May_W1,0.0015504,645.0
Cooper's Hawk,5,2,May_W2,0.001292,774.0
Cooper's Hawk,5,3,May_W3,0.0,765.0
Cooper's Hawk,5,4,May_W4,0.0064935,1386.0
Cooper's Hawk,6,1,Jun_W1,0.0046784,855.0
Cooper's Hawk,6,2,Jun_W2,0.0013298,752.0
Cooper's Hawk,6,3,Jun_W3,0.0032,625.0
Cooper's Hawk,6,4,Jun_W4,0.0013423,745.0
Cooper's Hawk,7,1,Jul_W1,0.0014388,695.0
Cooper's Hawk,7,2,Jul_W2,0.0028129,711.0
Cooper's Hawk,7,3,Jul_W3,0.0070299,569.0
Cooper's Hawk,7,4,Jul_W4,0.0,883.0
Cooper's Hawk,8,1,Aug_W1,0.0032949,607.0
Cooper's Hawk,8,2,Aug_W2,0.0031299,639.0
Cooper's Hawk,8,3,Aug_W3,0.0051195,586.0
Cooper's Hawk,8,4,Aug_W4,0.0071006,845.0
Cooper's Hawk,9,1,Sep_W1,0.0056818,528.0
Cooper's Hawk,9,2,Sep_W2,0.0015,653.0
Cooper's Hawk,9,3,Sep_W3,0.015674,638.0
Cooper's Hawk,9,4,Sep_W4,0.001328,753.0
Cooper's Hawk,10,1,Oct_W1,0.0015,630.0
Cooper's Hawk,10,2,Oct_W2,0.0017301,578.0
Cooper's Hawk,10,3,Oct_W3,0.0,488.0
Cooper's Hawk,10,4,Oct_W4,0.0017794,562.0
Cooper's Hawk,11,1,Nov_W1,0.0,383.0
Cooper's Hawk,11,2,Nov_W2,0.0,329.0
Cooper's Hawk,11,3,Nov_W3,0.0,273.0
Cooper's Hawk,11,4,Nov_W4,0.0,270.0
Cooper's Hawk,12,1,Dec_W1,0.0,157.0
Cooper's Hawk,12,2,Dec_W2,0.0,166.0
Cooper's Hawk,12,3,Dec_W3,0.0072993,137.0
Cooper's Hawk,12,4,Dec_W4,0.0,145.0
American Goshawk,1,1,Jan_W1,0.0015,185.0
American Goshawk,1,2,Jan_W2,0.0,88.0
American Goshawk,1,3,Jan_W3,0.0,105.0
American Goshawk,1,4,Jan_W4,0.0,140.0
American Goshawk,2,1,Feb_W1,0.0162602,123.0
American Goshawk,2,2,Feb_W2,0.0,108.0
American Goshawk,2,3,Feb_W3,0.0,118.0
American Goshawk,2,4,Feb_W4,0.0,70.0
American Goshawk,3,1,Mar_W1,0.0,105.0
American Goshawk,3,2,Mar_W2,0.0087719,114.0
American Goshawk,3,3,Mar_W3,0.0,142.0
American Goshawk,3,4,Mar_W4,0.0,164.0
American Goshawk,4,1,Apr_W1,0.0015,261.0
American Goshawk,4,2,Apr_W2,0.0027473,364.0
American Goshawk,4,3,Apr_W3,0.0,430.0
American Goshawk,4,4,Apr_W4,0.0015,706.0
American Goshawk,5,1,May_W1,0.0,645.0
American Goshawk,5,2,May_W2,0.002584,774.0
American Goshawk,5,3,May_W3,0.0,765.0
American Goshawk,5,4,May_W4,0.0007215,1386.0
American Goshawk,6,1,Jun_W1,0.0,855.0
American Goshawk,6,2,Jun_W2,0.0013298,752.0
American Goshawk,6,3,Jun_W3,0.0016,625.0
American Goshawk,6,4,Jun_W4,0.0026846,745.0
American Goshawk,7,1,Jul_W1,0.0015,695.0
American Goshawk,7,2,Jul_W2,0.0042194,711.0
American Goshawk,7,3,Jul_W3,0.0035149,569.0
American Goshawk,7,4,Jul_W4,0.0,883.0
American Goshawk,8,1,Aug_W1,0.0,607.0
American Goshawk,8,2,Aug_W2,0.0031299,639.0
American Goshawk,8,3,Aug_W3,0.0015,586.0
American Goshawk,8,4,Aug_W4,0.0011834,845.0
American Goshawk,9,1,Sep_W1,0.0018939,528.0
American Goshawk,9,2,Sep_W2,0.0,653.0
American Goshawk,9,3,Sep_W3,0.0031348,638.0
American Goshawk,9,4,Sep_W4,0.0,753.0
American Goshawk,10,1,Oct_W1,0.0015,630.0
American Goshawk,10,2,Oct_W2,0.0017301,578.0
American Goshawk,10,3,Oct_W3,0.0,488.0
American Goshawk,10,4,Oct_W4,0.0017794,562.0
American Goshawk,11,1,Nov_W1,0.0104439,383.0
American Goshawk,11,2,Nov_W2,0.0,329.0
American Goshawk,11,3,Nov_W3,0.0,273.0
American Goshawk,11,4,Nov_W4,0.0015,270.0
American Goshawk,12,1,Dec_W1,0.0,157.0
American Goshawk,12,2,Dec_W2,0.0015,166.0
American Goshawk,12,3,Dec_W3,0.0072993,137.0
American Goshawk,12,4,Dec_W4,0.0,145.0
Northern Harrier,1,1,Jan_W1,0.0,185.0
Northern Harrier,1,2,Jan_W2,0.0,88.0
Northern Harrier,1,3,Jan_W3,0.0,105.0
Northern Harrier,1,4,Jan_W4,0.0,140.0
Northern Harrier,2,1,Feb_W1,0.0,123.0
Northern Harrier,2,2,Feb_W2,0.0,108.0
Northern Harrier,2,3,Feb_W3,0.0,118.0
Northern Harrier,2,4,Feb_W4,0.0,70.0
Northern Harrier,3,1,Mar_W1,0.0,105.0
Northern Harrier,3,2,Mar_W2,0.0,114.0
Northern Harrier,3,3,Mar_W3,0.0,142.0
Northern Harrier,3,4,Mar_W4,0.0121951,164.0
Northern Harrier,4,1,Apr_W1,0.0191571,261.0
Northern Harrier,4,2,Apr_W2,0.021978,364.0
Northern Harrier,4,3,Apr_W3,0.0093023,430.0
Northern Harrier,4,4,Apr_W4,0.0155807,706.0
Northern Harrier,5,1,May_W1,0.0139535,645.0
Northern Harrier,5,2,May_W2,0.0064599,774.0
Northern Harrier,5,3,May_W3,0.0130719,765.0
Northern Harrier,5,4,May_W4,0.0137085,1386.0
Northern Harrier,6,1,Jun_W1,0.005848,855.0
Northern Harrier,6,2,Jun_W2,0.0132979,752.0
Northern Harrier,6,3,Jun_W3,0.008,625.0
Northern Harrier,6,4,Jun_W4,0.0026846,745.0
Northern Harrier,7,1,Jul_W1,0.0100719,695.0
Northern Harrier,7,2,Jul_W2,0.0042194,711.0
Northern Harrier,7,3,Jul_W3,0.0105448,569.0
Northern Harrier,7,4,Jul_W4,0.006795,883.0
Northern Harrier,8,1,Aug_W1,0.0115321,607.0
Northern Harrier,8,2,Aug_W2,0.0250391,639.0
Northern Harrier,8,3,Aug_W3,0.0290102,586.0
Northern Harrier,8,4,Aug_W4,0.0331361,845.0
Northern Harrier,9,1,Sep_W1,0.0075758,528.0
Northern Harrier,9,2,Sep_W2,0.0153139,653.0
Northern Harrier,9,3,Sep_W3,0.031348,638.0
Northern Harrier,9,4,Sep_W4,0.0146082,753.0
Northern Harrier,10,1,Oct_W1,0.0142857,630.0
Northern Harrier,10,2,Oct_W2,0.0121107,578.0
Northern Harrier,10,3,Oct_W3,0.0245902,488.0
Northern Harrier,10,4,Oct_W4,0.0177936,562.0
Northern Harrier,11,1,Nov_W1,0.0130548,383.0
Northern Harrier,11,2,Nov_W2,0.006079,329.0
Northern Harrier,11,3,Nov_W3,0.0,273.0
Northern Harrier,11,4,Nov_W4,0.0,270.0
Northern Harrier,12,1,Dec_W1,0.0,157.0
Northern Harrier,12,2,Dec_W2,0.0,166.0
Northern Harrier,12,3,Dec_W3,0.0,137.0
Northern Harrier,12,4,Dec_W4,0.0,145.0
Bald Eagle,1,1,Jan_W1,0.2054054,185.0
Bald Eagle,1,2,Jan_W2,0.125,88.0
Bald Eagle,1,3,Jan_W3,0.1428571,105.0
Bald Eagle,1,4,Jan_W4,0.1714286,140.0
Bald Eagle,2,1,Feb_W1,0.1544715,123.0
Bald Eagle,2,2,Feb_W2,0.1203704,108.0
Bald Eagle,2,3,Feb_W3,0.1355932,118.0
Bald Eagle,2,4,Feb_W4,0.1428571,70.0
Bald Eagle,3,1,Mar_W1,0.1904762,105.0
Bald Eagle,3,2,Mar_W2,0.2105263,114.0
Bald Eagle,3,3,Mar_W3,0.1901408,142.0
Bald Eagle,3,4,Mar_W4,0.2134146,164.0
Bald Eagle,4,1,Apr_W1,0.1302682,261.0
Bald Eagle,4,2,Apr_W2,0.1071429,364.0
Bald Eagle,4,3,Apr_W3,0.1465116,430.0
Bald Eagle,4,4,Apr_W4,0.1147309,706.0
Bald Eagle,5,1,May_W1,0.1255814,645.0
Bald Eagle,5,2,May_W2,0.125323,774.0
Bald Eagle,5,3,May_W3,0.130719,765.0
Bald Eagle,5,4,May_W4,0.1385281,1386.0
Bald Eagle,6,1,Jun_W1,0.1520468,855.0
Bald Eagle,6,2,Jun_W2,0.1462766,752.0
Bald Eagle,6,3,Jun_W3,0.12,625.0
Bald Eagle,6,4,Jun_W4,0.1449664,745.0
Bald Eagle,7,1,Jul_W1,0.1136691,695.0
Bald Eagle,7,2,Jul_W2,0.1181435,711.0
Bald Eagle,7,3,Jul_W3,0.142355,569.0
Bald Eagle,7,4,Jul_W4,0.1460929,883.0
Bald Eagle,8,1,Aug_W1,0.1713344,607.0
Bald Eagle,8,2,Aug_W2,0.1956182,639.0
Bald Eagle,8,3,Aug_W3,0.2133106,586.0
Bald Eagle,8,4,Aug_W4,0.2414201,845.0
Bald Eagle,9,1,Sep_W1,0.2291667,528.0
Bald Eagle,9,2,Sep_W2,0.2113323,653.0
Bald Eagle,9,3,Sep_W3,0.1661442,638.0
Bald Eagle,9,4,Sep_W4,0.1779548,753.0
Bald Eagle,10,1,Oct_W1,0.168254,630.0
Bald Eagle,10,2,Oct_W2,0.1453287,578.0
Bald Eagle,10,3,Oct_W3,0.1967213,488.0
Bald Eagle,10,4,Oct_W4,0.1690391,562.0
Bald Eagle,11,1,Nov_W1,0.2167102,383.0
Bald Eagle,11,2,Nov_W2,0.1793313,329.0
Bald Eagle,11,3,Nov_W3,0.1428571,273.0
Bald Eagle,11,4,Nov_W4,0.162963,270.0
Bald Eagle,12,1,Dec_W1,0.1592357,157.0
Bald Eagle,12,2,Dec_W2,0.1686747,166.0
Bald Eagle,12,3,Dec_W3,0.189781,137.0
Bald Eagle,12,4,Dec_W4,0.1655172,145.0
Mississippi Kite,1,1,Jan_W1,0.0,185.0
Mississippi Kite,1,2,Jan_W2,0.0,88.0
Mississippi Kite,1,3,Jan_W3,0.0,105.0
Mississippi Kite,1,4,Jan_W4,0.0,140.0
Mississippi Kite,2,1,Feb_W1,0.0,123.0
Mississippi Kite,2,2,Feb_W2,0.0,108.0
Mississippi Kite,2,3,Feb_W3,0.0,118.0
Mississippi Kite,2,4,Feb_W4,0.0,70.0
Mississippi Kite,3,1,Mar_W1,0.0,105.0
Mississippi Kite,3,2,Mar_W2,0.0,114.0
Mississippi Kite,3,3,Mar_W3,0.0,142.0
Mississippi Kite,3,4,Mar_W4,0.0,164.0
Mississippi Kite,4,1,Apr_W1,0.0,261.0
Mississippi Kite,4,2,Apr_W2,0.0,364.0
Mississippi Kite,4,3,Apr_W3,0.0,430.0
Mississippi Kite,4,4,Apr_W4,0.0,706.0
Mississippi Kite,5,1,May_W1,0.0,645.0
Mississippi Kite,5,2,May_W2,0.0,774.0
Mississippi Kite,5,3,May_W3,0.0,765.0
Mississippi Kite,5,4,May_W4,0.0007215,1386.0
Mississippi Kite,6,1,Jun_W1,0.0,855.0
Mississippi Kite,6,2,Jun_W2,0.0,752.0
Mississippi Kite,6,3,Jun_W3,0.0,625.0
Mississippi Kite,6,4,Jun_W4,0.0,745.0
Mississippi Kite,7,1,Jul_W1,0.0,695.0
Mississippi Kite,7,2,Jul_W2,0.0,711.0
Mississippi Kite,7,3,Jul_W3,0.0,569.0
Mississippi Kite,7,4,Jul_W4,0.0,883.0
Mississippi Kite,8,1,Aug_W1,0.0,607.0
Mississippi Kite,8,2,Aug_W2,0.0,639.0
Mississippi Kite,8,3,Aug_W3,0.0,586.0
Mississippi Kite,8,4,Aug_W4,0.0,845.0
Mississippi Kite,9,1,Sep_W1,0.0,528.0
Mississippi Kite,9,2,Sep_W2,0.0,653.0
Mississippi Kite,9,3,Sep_W3,0.0,638.0
Mississippi Kite,9,4,Sep_W4,0.0,753.0
Mississippi Kite,10,1,Oct_W1,0.0,630.0
Mississippi Kite,10,2,Oct_W2,0.0,578.0
Mississippi Kite,10,3,Oct_W3,0.0,488.0
Mississippi Kite,10,4,Oct_W4,0.0,562.0
Mississippi Kite,11,1,Nov_W1,0.0,383.0
Mississippi Kite,11,2,Nov_W2,0.0,329.0
Mississippi Kite,11,3,Nov_W3,0.0,273.0
Mississippi Kite,11,4,Nov_W4,0.0,270.0
Mississippi Kite,12,1,Dec_W1,0.0,157.0
Mississippi Kite,12,2,Dec_W2,0.0,166.0
Mississippi Kite,12,3,Dec_W3,0.0,137.0
Mississippi Kite,12,4,Dec_W4,0.0,145.0
Broad-winged Hawk,1,1,Jan_W1,0.0,185.0
Broad-winged Hawk,1,2,Jan_W2,0.0,88.0
Broad-winged Hawk,1,3,Jan_W3,0.0,105.0
Broad-winged Hawk,1,4,Jan_W4,0.0,140.0
Broad-winged Hawk,2,1,Feb_W1,0.0,123.0
Broad-winged Hawk,2,2,Feb_W2,0.0,108.0
Broad-winged Hawk,2,3,Feb_W3,0.0,118.0
Broad-winged Hawk,2,4,Feb_W4,0.0,70.0
Broad-winged Hawk,3,1,Mar_W1,0.0,105.0
Broad-winged Hawk,3,2,Mar_W2,0.0,114.0
Broad-winged Hawk,3,3,Mar_W3,0.0,142.0
Broad-winged Hawk,3,4,Mar_W4,0.0,164.0
Broad-winged Hawk,4,1,Apr_W1,0.0,261.0
Broad-winged Hawk,4,2,Apr_W2,0.0,364.0
Broad-winged Hawk,4,3,Apr_W3,0.0046512,430.0
Broad-winged Hawk,4,4,Apr_W4,0.0283286,706.0
Broad-winged Hawk,5,1,May_W1,0.0341085,645.0
Broad-winged Hawk,5,2,May_W2,0.0310078,774.0
Broad-winged Hawk,5,3,May_W3,0.027451,765.0
Broad-winged Hawk,5,4,May_W4,0.0396825,1386.0
Broad-winged Hawk,6,1,Jun_W1,0.0421053,855.0
Broad-winged Hawk,6,2,Jun_W2,0.037234,752.0
Broad-winged Hawk,6,3,Jun_W3,0.032,625.0
Broad-winged Hawk,6,4,Jun_W4,0.0268456,745.0
Broad-winged Hawk,7,1,Jul_W1,0.0158273,695.0
Broad-winged Hawk,7,2,Jul_W2,0.0295359,711.0
Broad-winged Hawk,7,3,Jul_W3,0.0316344,569.0
Broad-winged Hawk,7,4,Jul_W4,0.0203851,883.0
Broad-winged Hawk,8,1,Aug_W1,0.0230643,607.0
Broad-winged Hawk,8,2,Aug_W2,0.0266041,639.0
Broad-winged Hawk,8,3,Aug_W3,0.0307167,586.0
Broad-winged Hawk,8,4,Aug_W4,0.0378698,845.0
Broad-winged Hawk,9,1,Sep_W1,0.0265152,528.0
Broad-winged Hawk,9,2,Sep_W2,0.0321593,653.0
Broad-winged Hawk,9,3,Sep_W3,0.0282132,638.0
Broad-winged Hawk,9,4,Sep_W4,0.0039841,753.0
Broad-winged Hawk,10,1,Oct_W1,0.0015873,630.0
Broad-winged Hawk,10,2,Oct_W2,0.0,578.0
Broad-winged Hawk,10,3,Oct_W3,0.0,488.0
Broad-winged Hawk,10,4,Oct_W4,0.0,562.0
Broad-winged Hawk,11,1,Nov_W1,0.0,383.0
Broad-winged Hawk,11,2,Nov_W2,0.0,329.0
Broad-winged Hawk,11,3,Nov_W3,0.0,273.0
Broad-winged Hawk,11,4,Nov_W4,0.0,270.0
Broad-winged Hawk,12,1,Dec_W1,0.0,157.0
Broad-winged Hawk,12,2,Dec_W2,0.0,166.0
Broad-winged Hawk,12,3,Dec_W3,0.0,137.0
Broad-winged Hawk,12,4,Dec_W4,0.0,145.0
Red-shouldered Hawk,1,1,Jan_W1,0.0,185.0
Red-shouldered Hawk,1,2,Jan_W2,0.0,88.0
Red-shouldered Hawk,1,3,Jan_W3,0.0,105.0
Red-shouldered Hawk,1,4,Jan_W4,0.0,140.0
Red-shouldered Hawk,2,1,Feb_W1,0.0,123.0
Red-shouldered Hawk,2,2,Feb_W2,0.0,108.0
Red-shouldered Hawk,2,3,Feb_W3,0.0,118.0
Red-shouldered Hawk,2,4,Feb_W4,0.0,70.0
Red-shouldered Hawk,3,1,Mar_W1,0.0,105.0
Red-shouldered Hawk,3,2,Mar_W2,0.0,114.0
Red-shouldered Hawk,3,3,Mar_W3,0.0,142.0
Red-shouldered Hawk,3,4,Mar_W4,0.0060976,164.0
Red-shouldered Hawk,4,1,Apr_W1,0.0038314,261.0
Red-shouldered Hawk,4,2,Apr_W2,0.0054945,364.0
Red-shouldered Hawk,4,3,Apr_W3,0.0046512,430.0
Red-shouldered Hawk,4,4,Apr_W4,0.0,706.0
Red-shouldered Hawk,5,1,May_W1,0.0015504,645.0
Red-shouldered Hawk,5,2,May_W2,0.005168,774.0
Red-shouldered Hawk,5,3,May_W3,0.0013072,765.0
Red-shouldered Hawk,5,4,May_W4,0.0036075,1386.0
Red-shouldered Hawk,6,1,Jun_W1,0.0035088,855.0
Red-shouldered Hawk,6,2,Jun_W2,0.0013298,752.0
Red-shouldered Hawk,6,3,Jun_W3,0.0032,625.0
Red-shouldered Hawk,6,4,Jun_W4,0.0040268,745.0
Red-shouldered Hawk,7,1,Jul_W1,0.0015,695.0
Red-shouldered Hawk,7,2,Jul_W2,0.0084388,711.0
Red-shouldered Hawk,7,3,Jul_W3,0.0,569.0
Red-shouldered Hawk,7,4,Jul_W4,0.0033975,883.0
Red-shouldered Hawk,8,1,Aug_W1,0.0016474,607.0
Red-shouldered Hawk,8,2,Aug_W2,0.0015649,639.0
Red-shouldered Hawk,8,3,Aug_W3,0.0,586.0
Red-shouldered Hawk,8,4,Aug_W4,0.0023669,845.0
Red-shouldered Hawk,9,1,Sep_W1,0.0,528.0
Red-shouldered Hawk,9,2,Sep_W2,0.0,653.0
Red-shouldered Hawk,9,3,Sep_W3,0.0,638.0
Red-shouldered Hawk,9,4,Sep_W4,0.001328,753.0
Red-shouldered Hawk,10,1,Oct_W1,0.0,630.0
Red-shouldered Hawk,10,2,Oct_W2,0.0,578.0
Red-shouldered Hawk,10,3,Oct_W3,0.0015,488.0
Red-shouldered Hawk,10,4,Oct_W4,0.0,562.0
Red-shouldered Hawk,11,1,Nov_W1,0.0,383.0
Red-shouldered Hawk,11,2,Nov_W2,0.0,329.0
Red-shouldered Hawk,11,3,Nov_W3,0.0,273.0
Red-shouldered Hawk,11,4,Nov_W4,0.0,270.0
Red-shouldered Hawk,12,1,Dec_W1,0.0,157.0
Red-shouldered Hawk,12,2,Dec_W2,0.0,166.0
Red-shouldered Hawk,12,3,Dec_W3,0.0,137.0
Red-shouldered Hawk,12,4,Dec_W4,0.0,145.0
Red-tailed Hawk,1,1,Jan_W1,0.0015,185.0
Red-tailed Hawk,1,2,Jan_W2,0.0,88.0
Red-tailed Hawk,1,3,Jan_W3,0.0190476,105.0
Red-tailed Hawk,1,4,Jan_W4,0.0142857,140.0
Red-tailed Hawk,2,1,Feb_W1,0.0,123.0
Red-tailed Hawk,2,2,Feb_W2,0.0,108.0
Red-tailed Hawk,2,3,Feb_W3,0.0084746,118.0
Red-tailed Hawk,2,4,Feb_W4,0.0015,70.0
Red-tailed Hawk,3,1,Mar_W1,0.0190476,105.0
Red-tailed Hawk,3,2,Mar_W2,0.0087719,114.0
Red-tailed Hawk,3,3,Mar_W3,0.0140845,142.0
Red-tailed Hawk,3,4,Mar_W4,0.0060976,164.0
Red-tailed Hawk,4,1,Apr_W1,0.0153257,261.0
Red-tailed Hawk,4,2,Apr_W2,0.0164835,364.0
Red-tailed Hawk,4,3,Apr_W3,0.0139535,430.0
Red-tailed Hawk,4,4,Apr_W4,0.0155807,706.0
Red-tailed Hawk,5,1,May_W1,0.0108527,645.0
Red-tailed Hawk,5,2,May_W2,0.0129199,774.0
Red-tailed Hawk,5,3,May_W3,0.0091503,765.0
Red-tailed Hawk,5,4,May_W4,0.0122655,1386.0
Red-tailed Hawk,6,1,Jun_W1,0.0187135,855.0
Red-tailed Hawk,6,2,Jun_W2,0.0385638,752.0
Red-tailed Hawk,6,3,Jun_W3,0.0208,625.0
Red-tailed Hawk,6,4,Jun_W4,0.0187919,745.0
Red-tailed Hawk,7,1,Jul_W1,0.0172662,695.0
Red-tailed Hawk,7,2,Jul_W2,0.0253165,711.0
Red-tailed Hawk,7,3,Jul_W3,0.0281195,569.0
Red-tailed Hawk,7,4,Jul_W4,0.0169875,883.0
Red-tailed Hawk,8,1,Aug_W1,0.0247117,607.0
Red-tailed Hawk,8,2,Aug_W2,0.0172144,639.0
Red-tailed Hawk,8,3,Aug_W3,0.0204778,586.0
Red-tailed Hawk,8,4,Aug_W4,0.0201183,845.0
Red-tailed Hawk,9,1,Sep_W1,0.0151515,528.0
Red-tailed Hawk,9,2,Sep_W2,0.0245023,653.0
Red-tailed Hawk,9,3,Sep_W3,0.023511,638.0
Red-tailed Hawk,9,4,Sep_W4,0.0199203,753.0
Red-tailed Hawk,10,1,Oct_W1,0.0238095,630.0
Red-tailed Hawk,10,2,Oct_W2,0.0259516,578.0
Red-tailed Hawk,10,3,Oct_W3,0.0389344,488.0
Red-tailed Hawk,10,4,Oct_W4,0.0231317,562.0
Red-tailed Hawk,11,1,Nov_W1,0.0182768,383.0
Red-tailed Hawk,11,2,Nov_W2,0.0151976,329.0
Red-tailed Hawk,11,3,Nov_W3,0.014652,273.0
Red-tailed Hawk,11,4,Nov_W4,0.0037037,270.0
Red-tailed Hawk,12,1,Dec_W1,0.0127389,157.0
Red-tailed Hawk,12,2,Dec_W2,0.0015,166.0
Red-tailed Hawk,12,3,Dec_W3,0.0072993,137.0
Red-tailed Hawk,12,4,Dec_W4,0.0,145.0
Rough-legged Hawk,1,1,Jan_W1,0.0054054,185.0
Rough-legged Hawk,1,2,Jan_W2,0.0113636,88.0
Rough-legged Hawk,1,3,Jan_W3,0.0015,105.0
Rough-legged Hawk,1,4,Jan_W4,0.0,140.0
Rough-legged Hawk,2,1,Feb_W1,0.0081301,123.0
Rough-legged Hawk,2,2,Feb_W2,0.0015,108.0
Rough-legged Hawk,2,3,Feb_W3,0.0169492,118.0
Rough-legged Hawk,2,4,Feb_W4,0.0,70.0
Rough-legged Hawk,3,1,Mar_W1,0.0015,105.0
Rough-legged Hawk,3,2,Mar_W2,0.0015,114.0
Rough-legged Hawk,3,3,Mar_W3,0.0015,142.0
Rough-legged Hawk,3,4,Mar_W4,0.0015,164.0
Rough-legged Hawk,4,1,Apr_W1,0.0,261.0
Rough-legged Hawk,4,2,Apr_W2,0.0082418,364.0
Rough-legged Hawk,4,3,Apr_W3,0.0093023,430.0
Rough-legged Hawk,4,4,Apr_W4,0.009915,706.0
Rough-legged Hawk,5,1,May_W1,0.0015504,645.0
Rough-legged Hawk,5,2,May_W2,0.001292,774.0
Rough-legged Hawk,5,3,May_W3,0.0013072,765.0
Rough-legged Hawk,5,4,May_W4,0.0,1386.0
Rough-legged Hawk,6,1,Jun_W1,0.0011696,855.0
Rough-legged Hawk,6,2,Jun_W2,0.0,752.0
Rough-legged Hawk,6,3,Jun_W3,0.0,625.0
Rough-legged Hawk,6,4,Jun_W4,0.0,745.0
Rough-legged Hawk,7,1,Jul_W1,0.0,695.0
Rough-legged Hawk,7,2,Jul_W2,0.0,711.0
Rough-legged Hawk,7,3,Jul_W3,0.0,569.0
Rough-legged Hawk,7,4,Jul_W4,0.0,883.0
Rough-legged Hawk,8,1,Aug_W1,0.0,607.0
Rough-legged Hawk,8,2,Aug_W2,0.0,639.0
Rough-legged Hawk,8,3,Aug_W3,0.0,586.0
Rough-legged Hawk,8,4,Aug_W4,0.0,845.0
Rough-legged Hawk,9,1,Sep_W1,0.0,528.0
Rough-legged Hawk,9,2,Sep_W2,0.0,653.0
Rough-legged Hawk,9,3,Sep_W3,0.0,638.0
Rough-legged Hawk,9,4,Sep_W4,0.0,753.0
Rough-legged Hawk,10,1,Oct_W1,0.0015,630.0
Rough-legged Hawk,10,2,Oct_W2,0.0069204,578.0
Rough-legged Hawk,10,3,Oct_W3,0.0122951,488.0
Rough-legged Hawk,10,4,Oct_W4,0.0338078,562.0
Rough-legged Hawk,11,1,Nov_W1,0.0313316,383.0
Rough-legged Hawk,11,2,Nov_W2,0.0212766,329.0
Rough-legged Hawk,11,3,Nov_W3,0.021978,273.0
Rough-legged Hawk,11,4,Nov_W4,0.0111111,270.0
Rough-legged Hawk,12,1,Dec_W1,0.0063694,157.0
Rough-legged Hawk,12,2,Dec_W2,0.0,166.0
Rough-legged Hawk,12,3,Dec_W3,0.0015,137.0
Rough-legged Hawk,12,4,Dec_W4,0.0206897,145.0
Snowy Owl,1,1,Jan_W1,0.0054054,185.0
Snowy Owl,1,2,Jan_W2,0.0015,88.0
Snowy Owl,1,3,Jan_W3,0.0015,105.0
Snowy Owl,1,4,Jan_W4,0.0015,140.0
Snowy Owl,2,1,Feb_W1,0.0,123.0
Snowy Owl,2,2,Feb_W2,0.0,108.0
Snowy Owl,2,3,Feb_W3,0.0,118.0
Snowy Owl,2,4,Feb_W4,0.0,70.0
Snowy Owl,3,1,Mar_W1,0.0,105.0
Snowy Owl,3,2,Mar_W2,0.0,114.0
Snowy Owl,3,3,Mar_W3,0.0,142.0
Snowy Owl,3,4,Mar_W4,0.0,164.0
Snowy Owl,4,1,Apr_W1,0.0,261.0
Snowy Owl,4,2,Apr_W2,0.0,364.0
Snowy Owl,4,3,Apr_W3,0.0,430.0
Snowy Owl,4,4,Apr_W4,0.0,706.0
Snowy Owl,5,1,May_W1,0.0,645.0
Snowy Owl,5,2,May_W2,0.0,774.0
Snowy Owl,5,3,May_W3,0.0,765.0
Snowy Owl,5,4,May_W4,0.001443,1386.0
Snowy Owl,6,1,Jun_W1,0.0011696,855.0
Snowy Owl,6,2,Jun_W2,0.0,752.0
Snowy Owl,6,3,Jun_W3,0.0,625.0
Snowy Owl,6,4,Jun_W4,0.0,745.0
Snowy Owl,7,1,Jul_W1,0.0,695.0
Snowy Owl,7,2,Jul_W2,0.0,711.0
Snowy Owl,7,3,Jul_W3,0.0,569.0
Snowy Owl,7,4,Jul_W4,0.0,883.0
Snowy Owl,8,1,Aug_W1,0.0,607.0
Snowy Owl,8,2,Aug_W2,0.0,639.0
Snowy Owl,8,3,Aug_W3,0.0,586.0
Snowy Owl,8,4,Aug_W4,0.0,845.0
Snowy Owl,9,1,Sep_W1,0.0,528.0
Snowy Owl,9,2,Sep_W2,0.0,653.0
Snowy Owl,9,3,Sep_W3,0.0,638.0
Snowy Owl,9,4,Sep_W4,0.0,753.0
Snowy Owl,10,1,Oct_W1,0.0,630.0
Snowy Owl,10,2,Oct_W2,0.0,578.0
Snowy Owl,10,3,Oct_W3,0.0020492,488.0
Snowy Owl,10,4,Oct_W4,0.0035587,562.0
Snowy Owl,11,1,Nov_W1,0.002611,383.0
Snowy Owl,11,2,Nov_W2,0.0015,329.0
Snowy Owl,11,3,Nov_W3,0.003663,273.0
Snowy Owl,11,4,Nov_W4,0.0111111,270.0
Snowy Owl,12,1,Dec_W1,0.0015,157.0
Snowy Owl,12,2,Dec_W2,0.0,166.0
Snowy Owl,12,3,Dec_W3,0.0072993,137.0
Snowy Owl,12,4,Dec_W4,0.0,145.0
Great Horned Owl,1,1,Jan_W1,0.0,185.0
Great Horned Owl,1,2,Jan_W2,0.0,88.0
Great Horned Owl,1,3,Jan_W3,0.0,105.0
Great Horned Owl,1,4,Jan_W4,0.0,140.0
Great Horned Owl,2,1,Feb_W1,0.0,123.0
Great Horned Owl,2,2,Feb_W2,0.0,108.0
Great Horned Owl,2,3,Feb_W3,0.0084746,118.0
Great Horned Owl,2,4,Feb_W4,0.0,70.0
Great Horned Owl,3,1,Mar_W1,0.0095238,105.0
Great Horned Owl,3,2,Mar_W2,0.0,114.0
Great Horned Owl,3,3,Mar_W3,0.0070423,142.0
Great Horned Owl,3,4,Mar_W4,0.0,164.0
Great Horned Owl,4,1,Apr_W1,0.0,261.0
Great Horned Owl,4,2,Apr_W2,0.0027473,364.0
Great Horned Owl,4,3,Apr_W3,0.0,430.0
Great Horned Owl,4,4,Apr_W4,0.0,706.0
Great Horned Owl,5,1,May_W1,0.0,645.0
Great Horned Owl,5,2,May_W2,0.0015,774.0
Great Horned Owl,5,3,May_W3,0.0,765.0
Great Horned Owl,5,4,May_W4,0.0015,1386.0
Great Horned Owl,6,1,Jun_W1,0.0011696,855.0
Great Horned Owl,6,2,Jun_W2,0.0013298,752.0
Great Horned Owl,6,3,Jun_W3,0.0,625.0
Great Horned Owl,6,4,Jun_W4,0.0026846,745.0
Great Horned Owl,7,1,Jul_W1,0.0,695.0
Great Horned Owl,7,2,Jul_W2,0.0014065,711.0
Great Horned Owl,7,3,Jul_W3,0.0017575,569.0
Great Horned Owl,7,4,Jul_W4,0.0015,883.0
Great Horned Owl,8,1,Aug_W1,0.0016474,607.0
Great Horned Owl,8,2,Aug_W2,0.0,639.0
Great Horned Owl,8,3,Aug_W3,0.0,586.0
Great Horned Owl,8,4,Aug_W4,0.0023669,845.0
Great Horned Owl,9,1,Sep_W1,0.0,528.0
Great Horned Owl,9,2,Sep_W2,0.0030628,653.0
Great Horned Owl,9,3,Sep_W3,0.0015674,638.0
Great Horned Owl,9,4,Sep_W4,0.0,753.0
Great Horned Owl,10,1,Oct_W1,0.0,630.0
Great Horned Owl,10,2,Oct_W2,0.0017301,578.0
Great Horned Owl,10,3,Oct_W3,0.0,488.0
Great Horned Owl,10,4,Oct_W4,0.0017794,562.0
Great Horned Owl,11,1,Nov_W1,0.0,383.0
Great Horned Owl,11,2,Nov_W2,0.0,329.0
Great Horned Owl,11,3,Nov_W3,0.0,273.0
Great Horned Owl,11,4,Nov_W4,0.0,270.0
Great Horned Owl,12,1,Dec_W1,0.0,157.0
Great Horned Owl,12,2,Dec_W2,0.0,166.0
Great Horned Owl,12,3,Dec_W3,0.0,137.0
Great Horned Owl,12,4,Dec_W4,0.0,145.0
Northern Hawk Owl,1,1,Jan_W1,0.0015,185.0
Northern Hawk Owl,1,2,Jan_W2,0.0,88.0
Northern Hawk Owl,1,3,Jan_W3,0.0,105.0
Northern Hawk Owl,1,4,Jan_W4,0.0,140.0
Northern Hawk Owl,2,1,Feb_W1,0.0,123.0
Northern Hawk Owl,2,2,Feb_W2,0.0,108.0
Northern Hawk Owl,2,3,Feb_W3,0.0,118.0
Northern Hawk Owl,2,4,Feb_W4,0.0,70.0
Northern Hawk Owl,3,1,Mar_W1,0.0,105.0
Northern Hawk Owl,3,2,Mar_W2,0.0,114.0
Northern Hawk Owl,3,3,Mar_W3,0.0,142.0
Northern Hawk Owl,3,4,Mar_W4,0.0,164.0
Northern Hawk Owl,4,1,Apr_W1,0.0,261.0
Northern Hawk Owl,4,2,Apr_W2,0.0,364.0
Northern Hawk Owl,4,3,Apr_W3,0.0,430.0
Northern Hawk Owl,4,4,Apr_W4,0.0,706.0
Northern Hawk Owl,5,1,May_W1,0.0,645.0
Northern Hawk Owl,5,2,May_W2,0.0,774.0
Northern Hawk Owl,5,3,May_W3,0.0,765.0
Northern Hawk Owl,5,4,May_W4,0.0,1386.0
Northern Hawk Owl,6,1,Jun_W1,0.0,855.0
Northern Hawk Owl,6,2,Jun_W2,0.0,752.0
Northern Hawk Owl,6,3,Jun_W3,0.0,625.0
Northern Hawk Owl,6,4,Jun_W4,0.0,745.0
Northern Hawk Owl,7,1,Jul_W1,0.0,695.0
Northern Hawk Owl,7,2,Jul_W2,0.0,711.0
Northern Hawk Owl,7,3,Jul_W3,0.0,569.0
Northern Hawk Owl,7,4,Jul_W4,0.0,883.0
Northern Hawk Owl,8,1,Aug_W1,0.0,607.0
Northern Hawk Owl,8,2,Aug_W2,0.0,639.0
Northern Hawk Owl,8,3,Aug_W3,0.0,586.0
Northern Hawk Owl,8,4,Aug_W4,0.0,845.0
Northern Hawk Owl,9,1,Sep_W1,0.0,528.0
Northern Hawk Owl,9,2,Sep_W2,0.0,653.0
Northern Hawk Owl,9,3,Sep_W3,0.0,638.0
Northern Hawk Owl,9,4,Sep_W4,0.0,753.0
Northern Hawk Owl,10,1,Oct_W1,0.0,630.0
Northern Hawk Owl,10,2,Oct_W2,0.0,578.0
Northern Hawk Owl,10,3,Oct_W3,0.0,488.0
Northern Hawk Owl,10,4,Oct_W4,0.0,562.0
Northern Hawk Owl,11,1,Nov_W1,0.0015,383.0
Northern Hawk Owl,11,2,Nov_W2,0.0,329.0
Northern Hawk Owl,11,3,Nov_W3,0.0,273.0
Northern Hawk Owl,11,4,Nov_W4,0.0,270.0
Northern Hawk Owl,12,1,Dec_W1,0.0015,157.0
Northern Hawk Owl,12,2,Dec_W2,0.0,166.0
Northern Hawk Owl,12,3,Dec_W3,0.0,137.0
Northern Hawk Owl,12,4,Dec_W4,0.0,145.0
Barred Owl,1,1,Jan_W1,0.0054054,185.0
Barred Owl,1,2,Jan_W2,0.0113636,88.0
Barred Owl,1,3,Jan_W3,0.0,105.0
Barred Owl,1,4,Jan_W4,0.0214286,140.0
Barred Owl,2,1,Feb_W1,0.0081301,123.0
Barred Owl,2,2,Feb_W2,0.0092593,108.0
Barred Owl,2,3,Feb_W3,0.0169492,118.0
Barred Owl,2,4,Feb_W4,0.0428571,70.0
Barred Owl,3,1,Mar_W1,0.0015,105.0
Barred Owl,3,2,Mar_W2,0.0087719,114.0
Barred Owl,3,3,Mar_W3,0.0140845,142.0
Barred Owl,3,4,Mar_W4,0.0304878,164.0
Barred Owl,4,1,Apr_W1,0.0038314,261.0
Barred Owl,4,2,Apr_W2,0.0137363,364.0
Barred Owl,4,3,Apr_W3,0.0093023,430.0
Barred Owl,4,4,Apr_W4,0.0070822,706.0
Barred Owl,5,1,May_W1,0.0077519,645.0
Barred Owl,5,2,May_W2,0.0116279,774.0
Barred Owl,5,3,May_W3,0.0169935,765.0
Barred Owl,5,4,May_W4,0.0122655,1386.0
Barred Owl,6,1,Jun_W1,0.005848,855.0
Barred Owl,6,2,Jun_W2,0.0079787,752.0
Barred Owl,6,3,Jun_W3,0.008,625.0
Barred Owl,6,4,Jun_W4,0.0080537,745.0
Barred Owl,7,1,Jul_W1,0.0043165,695.0
Barred Owl,7,2,Jul_W2,0.0042194,711.0
Barred Owl,7,3,Jul_W3,0.0123023,569.0
Barred Owl,7,4,Jul_W4,0.002265,883.0
Barred Owl,8,1,Aug_W1,0.0065898,607.0
Barred Owl,8,2,Aug_W2,0.0062598,639.0
Barred Owl,8,3,Aug_W3,0.0068259,586.0
Barred Owl,8,4,Aug_W4,0.0047337,845.0
Barred Owl,9,1,Sep_W1,0.0075758,528.0
Barred Owl,9,2,Sep_W2,0.0015314,653.0
Barred Owl,9,3,Sep_W3,0.007837,638.0
Barred Owl,9,4,Sep_W4,0.0092961,753.0
Barred Owl,10,1,Oct_W1,0.0031746,630.0
Barred Owl,10,2,Oct_W2,0.0069204,578.0
Barred Owl,10,3,Oct_W3,0.0081967,488.0
Barred Owl,10,4,Oct_W4,0.0015,562.0
Barred Owl,11,1,Nov_W1,0.0015,383.0
Barred Owl,11,2,Nov_W2,0.0015,329.0
Barred Owl,11,3,Nov_W3,0.0015,273.0
Barred Owl,11,4,Nov_W4,0.0015,270.0
Barred Owl,12,1,Dec_W1,0.0,157.0
Barred Owl,12,2,Dec_W2,0.0060241,166.0
Barred Owl,12,3,Dec_W3,0.0145985,137.0
Barred Owl,12,4,Dec_W4,0.0206897,145.0
Great Gray Owl,1,1,Jan_W1,0.0,185.0
Great Gray Owl,1,2,Jan_W2,0.0,88.0
Great Gray Owl,1,3,Jan_W3,0.0,105.0
Great Gray Owl,1,4,Jan_W4,0.0,140.0
Great Gray Owl,2,1,Feb_W1,0.0,123.0
Great Gray Owl,2,2,Feb_W2,0.0,108.0
Great Gray Owl,2,3,Feb_W3,0.0,118.0
Great Gray Owl,2,4,Feb_W4,0.0,70.0
Great Gray Owl,3,1,Mar_W1,0.0,105.0
Great Gray Owl,3,2,Mar_W2,0.0,114.0
Great Gray Owl,3,3,Mar_W3,0.0,142.0
Great Gray Owl,3,4,Mar_W4,0.0,164.0
Great Gray Owl,4,1,Apr_W1,0.0,261.0
Great Gray Owl,4,2,Apr_W2,0.0,364.0
Great Gray Owl,4,3,Apr_W3,0.0,430.0
Great Gray Owl,4,4,Apr_W4,0.0,706.0
Great Gray Owl,5,1,May_W1,0.0,645.0
Great Gray Owl,5,2,May_W2,0.0,774.0
Great Gray Owl,5,3,May_W3,0.0,765.0
Great Gray Owl,5,4,May_W4,0.0,1386.0
Great Gray Owl,6,1,Jun_W1,0.0,855.0
Great Gray Owl,6,2,Jun_W2,0.0,752.0
Great Gray Owl,6,3,Jun_W3,0.0,625.0
Great Gray Owl,6,4,Jun_W4,0.0,745.0
Great Gray Owl,7,1,Jul_W1,0.0,695.0
Great Gray Owl,7,2,Jul_W2,0.0,711.0
Great Gray Owl,7,3,Jul_W3,0.0,569.0
Great Gray Owl,7,4,Jul_W4,0.0,883.0
Great Gray Owl,8,1,Aug_W1,0.0,607.0
Great Gray Owl,8,2,Aug_W2,0.0,639.0
Great Gray Owl,8,3,Aug_W3,0.0,586.0
Great Gray Owl,8,4,Aug_W4,0.0011834,845.0
Great Gray Owl,9,1,Sep_W1,0.0,528.0
Great Gray Owl,9,2,Sep_W2,0.0,653.0
Great Gray Owl,9,3,Sep_W3,0.0,638.0
Great Gray Owl,9,4,Sep_W4,0.0,753.0
Great Gray Owl,10,1,Oct_W1,0.0015,630.0
Great Gray Owl,10,2,Oct_W2,0.0,578.0
Great Gray Owl,10,3,Oct_W3,0.0,488.0
Great Gray Owl,10,4,Oct_W4,0.0,562.0
Great Gray Owl,11,1,Nov_W1,0.0,383.0
Great Gray Owl,11,2,Nov_W2,0.0,329.0
Great Gray Owl,11,3,Nov_W3,0.0,273.0
Great Gray Owl,11,4,Nov_W4,0.0,270.0
Great Gray Owl,12,1,Dec_W1,0.0,157.0
Great Gray Owl,12,2,Dec_W2,0.0,166.0
Great Gray Owl,12,3,Dec_W3,0.0,137.0
Great Gray Owl,12,4,Dec_W4,0.0,145.0
Long-eared Owl,1,1,Jan_W1,0.0,185.0
Long-eared Owl,1,2,Jan_W2,0.0,88.0
Long-eared Owl,1,3,Jan_W3,0.0,105.0
Long-eared Owl,1,4,Jan_W4,0.0,140.0
Long-eared Owl,2,1,Feb_W1,0.0,123.0
Long-eared Owl,2,2,Feb_W2,0.0,108.0
Long-eared Owl,2,3,Feb_W3,0.0,118.0
Long-eared Owl,2,4,Feb_W4,0.0,70.0
Long-eared Owl,3,1,Mar_W1,0.0,105.0
Long-eared Owl,3,2,Mar_W2,0.0,114.0
Long-eared Owl,3,3,Mar_W3,0.0,142.0
Long-eared Owl,3,4,Mar_W4,0.0,164.0
Long-eared Owl,4,1,Apr_W1,0.0,261.0
Long-eared Owl,4,2,Apr_W2,0.0,364.0
Long-eared Owl,4,3,Apr_W3,0.0015,430.0
Long-eared Owl,4,4,Apr_W4,0.0014164,706.0
Long-eared Owl,5,1,May_W1,0.0,645.0
Long-eared Owl,5,2,May_W2,0.0,774.0
Long-eared Owl,5,3,May_W3,0.0,765.0
Long-eared Owl,5,4,May_W4,0.0,1386.0
Long-eared Owl,6,1,Jun_W1,0.0,855.0
Long-eared Owl,6,2,Jun_W2,0.0,752.0
Long-eared Owl,6,3,Jun_W3,0.0,625.0
Long-eared Owl,6,4,Jun_W4,0.0,745.0
Long-eared Owl,7,1,Jul_W1,0.0,695.0
Long-eared Owl,7,2,Jul_W2,0.0,711.0
Long-eared Owl,7,3,Jul_W3,0.0,569.0
Long-eared Owl,7,4,Jul_W4,0.0,883.0
Long-eared Owl,8,1,Aug_W1,0.0,607.0
Long-eared Owl,8,2,Aug_W2,0.0,639.0
Long-eared Owl,8,3,Aug_W3,0.0,586.0
Long-eared Owl,8,4,Aug_W4,0.0,845.0
Long-eared Owl,9,1,Sep_W1,0.0,528.0
Long-eared Owl,9,2,Sep_W2,0.0,653.0
Long-eared Owl,9,3,Sep_W3,0.0,638.0
Long-eared Owl,9,4,Sep_W4,0.0,753.0
Long-eared Owl,10,1,Oct_W1,0.0,630.0
Long-eared Owl,10,2,Oct_W2,0.0,578.0
Long-eared Owl,10,3,Oct_W3,0.0,488.0
Long-eared Owl,10,4,Oct_W4,0.0035587,562.0
Long-eared Owl,11,1,Nov_W1,0.0,383.0
Long-eared Owl,11,2,Nov_W2,0.0,329.0
Long-eared Owl,11,3,Nov_W3,0.0,273.0
Long-eared Owl,11,4,Nov_W4,0.0,270.0
Long-eared Owl,12,1,Dec_W1,0.0,157.0
Long-eared Owl,12,2,Dec_W2,0.0,166.0
Long-eared Owl,12,3,Dec_W3,0.0,137.0
Long-eared Owl,12,4,Dec_W4,0.0,145.0
Short-eared Owl,1,1,Jan_W1,0.0,185.0
Short-eared Owl,1,2,Jan_W2,0.0,88.0
Short-eared Owl,1,3,Jan_W3,0.0,105.0
Short-eared Owl,1,4,Jan_W4,0.0,140.0
Short-eared Owl,2,1,Feb_W1,0.0,123.0
Short-eared Owl,2,2,Feb_W2,0.0,108.0
Short-eared Owl,2,3,Feb_W3,0.0,118.0
Short-eared Owl,2,4,Feb_W4,0.0,70.0
Short-eared Owl,3,1,Mar_W1,0.0,105.0
Short-eared Owl,3,2,Mar_W2,0.0,114.0
Short-eared Owl,3,3,Mar_W3,0.0,142.0
Short-eared Owl,3,4,Mar_W4,0.0,164.0
Short-eared Owl,4,1,Apr_W1,0.0,261.0
Short-eared Owl,4,2,Apr_W2,0.0,364.0
Short-eared Owl,4,3,Apr_W3,0.0,430.0
Short-eared Owl,4,4,Apr_W4,0.0,706.0
Short-eared Owl,5,1,May_W1,0.0015504,645.0
Short-eared Owl,5,2,May_W2,0.0,774.0
Short-eared Owl,5,3,May_W3,0.0,765.0
Short-eared Owl,5,4,May_W4,0.0,1386.0
Short-eared Owl,6,1,Jun_W1,0.0,855.0
Short-eared Owl,6,2,Jun_W2,0.0,752.0
Short-eared Owl,6,3,Jun_W3,0.0,625.0
Short-eared Owl,6,4,Jun_W4,0.0,745.0
Short-eared Owl,7,1,Jul_W1,0.0,695.0
Short-eared Owl,7,2,Jul_W2,0.0,711.0
Short-eared Owl,7,3,Jul_W3,0.0,569.0
Short-eared Owl,7,4,Jul_W4,0.0,883.0
Short-eared Owl,8,1,Aug_W1,0.0,607.0
Short-eared Owl,8,2,Aug_W2,0.0,639.0
Short-eared Owl,8,3,Aug_W3,0.0,586.0
Short-eared Owl,8,4,Aug_W4,0.0015,845.0
Short-eared Owl,9,1,Sep_W1,0.0,528.0
Short-eared Owl,9,2,Sep_W2,0.0,653.0
Short-eared Owl,9,3,Sep_W3,0.0,638.0
Short-eared Owl,9,4,Sep_W4,0.0,753.0
Short-eared Owl,10,1,Oct_W1,0.0047619,630.0
Short-eared Owl,10,2,Oct_W2,0.0,578.0
Short-eared Owl,10,3,Oct_W3,0.0061475,488.0
Short-eared Owl,10,4,Oct_W4,0.0017794,562.0
Short-eared Owl,11,1,Nov_W1,0.0,383.0
Short-eared Owl,11,2,Nov_W2,0.0015,329.0
Short-eared Owl,11,3,Nov_W3,0.0015,273.0
Short-eared Owl,11,4,Nov_W4,0.0,270.0
Short-eared Owl,12,1,Dec_W1,0.0,157.0
Short-eared Owl,12,2,Dec_W2,0.0,166.0
Short-eared Owl,12,3,Dec_W3,0.0,137.0
Short-eared Owl,12,4,Dec_W4,0.0,145.0
Northern Saw-whet Owl,1,1,Jan_W1,0.0054054,185.0
Northern Saw-whet Owl,1,2,Jan_W2,0.0,88.0
Northern Saw-whet Owl,1,3,Jan_W3,0.0095238,105.0
Northern Saw-whet Owl,1,4,Jan_W4,0.0,140.0
Northern Saw-whet Owl,2,1,Feb_W1,0.0,123.0
Northern Saw-whet Owl,2,2,Feb_W2,0.0,108.0
Northern Saw-whet Owl,2,3,Feb_W3,0.0,118.0
Northern Saw-whet Owl,2,4,Feb_W4,0.0,70.0
Northern Saw-whet Owl,3,1,Mar_W1,0.0,105.0
Northern Saw-whet Owl,3,2,Mar_W2,0.0015,114.0
Northern Saw-whet Owl,3,3,Mar_W3,0.0140845,142.0
Northern Saw-whet Owl,3,4,Mar_W4,0.0060976,164.0
Northern Saw-whet Owl,4,1,Apr_W1,0.0038314,261.0
Northern Saw-whet Owl,4,2,Apr_W2,0.0054945,364.0
Northern Saw-whet Owl,4,3,Apr_W3,0.0093023,430.0
Northern Saw-whet Owl,4,4,Apr_W4,0.0014164,706.0
Northern Saw-whet Owl,5,1,May_W1,0.0015,645.0
Northern Saw-whet Owl,5,2,May_W2,0.005168,774.0
Northern Saw-whet Owl,5,3,May_W3,0.0039216,765.0
Northern Saw-whet Owl,5,4,May_W4,0.0007215,1386.0
Northern Saw-whet Owl,6,1,Jun_W1,0.0011696,855.0
Northern Saw-whet Owl,6,2,Jun_W2,0.0,752.0
Northern Saw-whet Owl,6,3,Jun_W3,0.0015,625.0
Northern Saw-whet Owl,6,4,Jun_W4,0.0013423,745.0
Northern Saw-whet Owl,7,1,Jul_W1,0.0,695.0
Northern Saw-whet Owl,7,2,Jul_W2,0.0,711.0
Northern Saw-whet Owl,7,3,Jul_W3,0.0,569.0
Northern Saw-whet Owl,7,4,Jul_W4,0.0011325,883.0
Northern Saw-whet Owl,8,1,Aug_W1,0.0,607.0
Northern Saw-whet Owl,8,2,Aug_W2,0.0,639.0
Northern Saw-whet Owl,8,3,Aug_W3,0.0017065,586.0
Northern Saw-whet Owl,8,4,Aug_W4,0.0,845.0
Northern Saw-whet Owl,9,1,Sep_W1,0.0018939,528.0
Northern Saw-whet Owl,9,2,Sep_W2,0.0030628,653.0
Northern Saw-whet Owl,9,3,Sep_W3,0.0,638.0
Northern Saw-whet Owl,9,4,Sep_W4,0.001328,753.0
Northern Saw-whet Owl,10,1,Oct_W1,0.0,630.0
Northern Saw-whet Owl,10,2,Oct_W2,0.0017301,578.0
Northern Saw-whet Owl,10,3,Oct_W3,0.0,488.0
Northern Saw-whet Owl,10,4,Oct_W4,0.0,562.0
Northern Saw-whet Owl,11,1,Nov_W1,0.0,383.0
Northern Saw-whet Owl,11,2,Nov_W2,0.0,329.0
Northern Saw-whet Owl,11,3,Nov_W3,0.0,273.0
Northern Saw-whet Owl,11,4,Nov_W4,0.0,270.0
Northern Saw-whet Owl,12,1,Dec_W1,0.0,157.0
Northern Saw-whet Owl,12,2,Dec_W2,0.0,166.0
Northern Saw-whet Owl,12,3,Dec_W3,0.0,137.0
Northern Saw-whet Owl,12,4,Dec_W4,0.0,145.0
Belted Kingfisher,1,1,Jan_W1,0.0,185.0
Belted Kingfisher,1,2,Jan_W2,0.0,88.0
Belted Kingfisher,1,3,Jan_W3,0.0,105.0
Belted Kingfisher,1,4,Jan_W4,0.0,140.0
Belted Kingfisher,2,1,Feb_W1,0.0,123.0
Belted Kingfisher,2,2,Feb_W2,0.0,108.0
Belted Kingfisher,2,3,Feb_W3,0.0,118.0
Belted Kingfisher,2,4,Feb_W4,0.0,70.0
Belted Kingfisher,3,1,Mar_W1,0.0,105.0
Belted Kingfisher,3,2,Mar_W2,0.0,114.0
Belted Kingfisher,3,3,Mar_W3,0.0,142.0
Belted Kingfisher,3,4,Mar_W4,0.0121951,164.0
Belted Kingfisher,4,1,Apr_W1,0.0268199,261.0
Belted Kingfisher,4,2,Apr_W2,0.0357143,364.0
Belted Kingfisher,4,3,Apr_W3,0.0744186,430.0
Belted Kingfisher,4,4,Apr_W4,0.1600567,706.0
Belted Kingfisher,5,1,May_W1,0.1782946,645.0
Belted Kingfisher,5,2,May_W2,0.1550388,774.0
Belted Kingfisher,5,3,May_W3,0.1006536,765.0
Belted Kingfisher,5,4,May_W4,0.1139971,1386.0
Belted Kingfisher,6,1,Jun_W1,0.0947368,855.0
Belted Kingfisher,6,2,Jun_W2,0.0664894,752.0
Belted Kingfisher,6,3,Jun_W3,0.1088,625.0
Belted Kingfisher,6,4,Jun_W4,0.085906,745.0
Belted Kingfisher,7,1,Jul_W1,0.1208633,695.0
Belted Kingfisher,7,2,Jul_W2,0.0956399,711.0
Belted Kingfisher,7,3,Jul_W3,0.1107206,569.0
Belted Kingfisher,7,4,Jul_W4,0.1098528,883.0
Belted Kingfisher,8,1,Aug_W1,0.1252059,607.0
Belted Kingfisher,8,2,Aug_W2,0.1158059,639.0
Belted Kingfisher,8,3,Aug_W3,0.1467577,586.0
Belted Kingfisher,8,4,Aug_W4,0.1325444,845.0
Belted Kingfisher,9,1,Sep_W1,0.1060606,528.0
Belted Kingfisher,9,2,Sep_W2,0.0995406,653.0
Belted Kingfisher,9,3,Sep_W3,0.0971787,638.0
Belted Kingfisher,9,4,Sep_W4,0.0810093,753.0
Belted Kingfisher,10,1,Oct_W1,0.0777778,630.0
Belted Kingfisher,10,2,Oct_W2,0.0190311,578.0
Belted Kingfisher,10,3,Oct_W3,0.0245902,488.0
Belted Kingfisher,10,4,Oct_W4,0.0071174,562.0
Belted Kingfisher,11,1,Nov_W1,0.0078329,383.0
Belted Kingfisher,11,2,Nov_W2,0.006079,329.0
Belted Kingfisher,11,3,Nov_W3,0.010989,273.0
Belted Kingfisher,11,4,Nov_W4,0.0037037,270.0
Belted Kingfisher,12,1,Dec_W1,0.0,157.0
Belted Kingfisher,12,2,Dec_W2,0.0,166.0
Belted Kingfisher,12,3,Dec_W3,0.0072993,137.0
Belted Kingfisher,12,4,Dec_W4,0.0,145.0
Yellow-bellied Sapsucker,1,1,Jan_W1,0.0,185.0
Yellow-bellied Sapsucker,1,2,Jan_W2,0.0,88.0
Yellow-bellied Sapsucker,1,3,Jan_W3,0.0,105.0
Yellow-bellied Sapsucker,1,4,Jan_W4,0.0,140.0
Yellow-bellied Sapsucker,2,1,Feb_W1,0.0,123.0
Yellow-bellied Sapsucker,2,2,Feb_W2,0.0,108.0
Yellow-bellied Sapsucker,2,3,Feb_W3,0.0,118.0
Yellow-bellied Sapsucker,2,4,Feb_W4,0.0015,70.0
Yellow-bellied Sapsucker,3,1,Mar_W1,0.0,105.0
Yellow-bellied Sapsucker,3,2,Mar_W2,0.0,114.0
Yellow-bellied Sapsucker,3,3,Mar_W3,0.0,142.0
Yellow-bellied Sapsucker,3,4,Mar_W4,0.0,164.0
Yellow-bellied Sapsucker,4,1,Apr_W1,0.0038314,261.0
Yellow-bellied Sapsucker,4,2,Apr_W2,0.0961538,364.0
Yellow-bellied Sapsucker,4,3,Apr_W3,0.1348837,430.0
Yellow-bellied Sapsucker,4,4,Apr_W4,0.1501416,706.0
Yellow-bellied Sapsucker,5,1,May_W1,0.1224806,645.0
Yellow-bellied Sapsucker,5,2,May_W2,0.1459948,774.0
Yellow-bellied Sapsucker,5,3,May_W3,0.1202614,765.0
Yellow-bellied Sapsucker,5,4,May_W4,0.1356421,1386.0
Yellow-bellied Sapsucker,6,1,Jun_W1,0.0912281,855.0
Yellow-bellied Sapsucker,6,2,Jun_W2,0.1263298,752.0
Yellow-bellied Sapsucker,6,3,Jun_W3,0.1376,625.0
Yellow-bellied Sapsucker,6,4,Jun_W4,0.0899329,745.0
Yellow-bellied Sapsucker,7,1,Jul_W1,0.1151079,695.0
Yellow-bellied Sapsucker,7,2,Jul_W2,0.0942335,711.0
Yellow-bellied Sapsucker,7,3,Jul_W3,0.0544815,569.0
Yellow-bellied Sapsucker,7,4,Jul_W4,0.0520951,883.0
Yellow-bellied Sapsucker,8,1,Aug_W1,0.0560132,607.0
Yellow-bellied Sapsucker,8,2,Aug_W2,0.0657277,639.0
Yellow-bellied Sapsucker,8,3,Aug_W3,0.0426621,586.0
Yellow-bellied Sapsucker,8,4,Aug_W4,0.0343195,845.0
Yellow-bellied Sapsucker,9,1,Sep_W1,0.032197,528.0
Yellow-bellied Sapsucker,9,2,Sep_W2,0.0413476,653.0
Yellow-bellied Sapsucker,9,3,Sep_W3,0.0203762,638.0
Yellow-bellied Sapsucker,9,4,Sep_W4,0.0478088,753.0
Yellow-bellied Sapsucker,10,1,Oct_W1,0.0174603,630.0
Yellow-bellied Sapsucker,10,2,Oct_W2,0.0069204,578.0
Yellow-bellied Sapsucker,10,3,Oct_W3,0.0020492,488.0
Yellow-bellied Sapsucker,10,4,Oct_W4,0.0,562.0
Yellow-bellied Sapsucker,11,1,Nov_W1,0.0,383.0
Yellow-bellied Sapsucker,11,2,Nov_W2,0.0,329.0
Yellow-bellied Sapsucker,11,3,Nov_W3,0.0,273.0
Yellow-bellied Sapsucker,11,4,Nov_W4,0.0,270.0
Yellow-bellied Sapsucker,12,1,Dec_W1,0.0,157.0
Yellow-bellied Sapsucker,12,2,Dec_W2,0.0,166.0
Yellow-bellied Sapsucker,12,3,Dec_W3,0.0,137.0
Yellow-bellied Sapsucker,12,4,Dec_W4,0.0068966,145.0
Red-headed Woodpecker,1,1,Jan_W1,0.0,185.0
Red-headed Woodpecker,1,2,Jan_W2,0.0,88.0
Red-headed Woodpecker,1,3,Jan_W3,0.0,105.0
Red-headed Woodpecker,1,4,Jan_W4,0.0,140.0
Red-headed Woodpecker,2,1,Feb_W1,0.0,123.0
Red-headed Woodpecker,2,2,Feb_W2,0.0,108.0
Red-headed Woodpecker,2,3,Feb_W3,0.0,118.0
Red-headed Woodpecker,2,4,Feb_W4,0.0,70.0
Red-headed Woodpecker,3,1,Mar_W1,0.0,105.0
Red-headed Woodpecker,3,2,Mar_W2,0.0,114.0
Red-headed Woodpecker,3,3,Mar_W3,0.0,142.0
Red-headed Woodpecker,3,4,Mar_W4,0.0,164.0
Red-headed Woodpecker,4,1,Apr_W1,0.0,261.0
Red-headed Woodpecker,4,2,Apr_W2,0.0,364.0
Red-headed Woodpecker,4,3,Apr_W3,0.0,430.0
Red-headed Woodpecker,4,4,Apr_W4,0.0,706.0
Red-headed Woodpecker,5,1,May_W1,0.0,645.0
Red-headed Woodpecker,5,2,May_W2,0.001292,774.0
Red-headed Woodpecker,5,3,May_W3,0.0013072,765.0
Red-headed Woodpecker,5,4,May_W4,0.001443,1386.0
Red-headed Woodpecker,6,1,Jun_W1,0.0011696,855.0
Red-headed Woodpecker,6,2,Jun_W2,0.0,752.0
Red-headed Woodpecker,6,3,Jun_W3,0.0064,625.0
Red-headed Woodpecker,6,4,Jun_W4,0.0,745.0
Red-headed Woodpecker,7,1,Jul_W1,0.0,695.0
Red-headed Woodpecker,7,2,Jul_W2,0.0,711.0
Red-headed Woodpecker,7,3,Jul_W3,0.0015,569.0
Red-headed Woodpecker,7,4,Jul_W4,0.002265,883.0
Red-headed Woodpecker,8,1,Aug_W1,0.0,607.0
Red-headed Woodpecker,8,2,Aug_W2,0.0015649,639.0
Red-headed Woodpecker,8,3,Aug_W3,0.0017065,586.0
Red-headed Woodpecker,8,4,Aug_W4,0.0035503,845.0
Red-headed Woodpecker,9,1,Sep_W1,0.0018939,528.0
Red-headed Woodpecker,9,2,Sep_W2,0.0030628,653.0
Red-headed Woodpecker,9,3,Sep_W3,0.0,638.0
Red-headed Woodpecker,9,4,Sep_W4,0.0,753.0
Red-headed Woodpecker,10,1,Oct_W1,0.0,630.0
Red-headed Woodpecker,10,2,Oct_W2,0.0,578.0
Red-headed Woodpecker,10,3,Oct_W3,0.0020492,488.0
Red-headed Woodpecker,10,4,Oct_W4,0.0015,562.0
Red-headed Woodpecker,11,1,Nov_W1,0.0,383.0
Red-headed Woodpecker,11,2,Nov_W2,0.0,329.0
Red-headed Woodpecker,11,3,Nov_W3,0.0,273.0
Red-headed Woodpecker,11,4,Nov_W4,0.0,270.0
Red-headed Woodpecker,12,1,Dec_W1,0.0,157.0
Red-headed Woodpecker,12,2,Dec_W2,0.0,166.0
Red-headed Woodpecker,12,3,Dec_W3,0.0,137.0
Red-headed Woodpecker,12,4,Dec_W4,0.0,145.0
Red-bellied Woodpecker,1,1,Jan_W1,0.0594595,185.0
Red-bellied Woodpecker,1,2,Jan_W2,0.1022727,88.0
Red-bellied Woodpecker,1,3,Jan_W3,0.0952381,105.0
Red-bellied Woodpecker,1,4,Jan_W4,0.0714286,140.0
Red-bellied Woodpecker,2,1,Feb_W1,0.0894309,123.0
Red-bellied Woodpecker,2,2,Feb_W2,0.1111111,108.0
Red-bellied Woodpecker,2,3,Feb_W3,0.1525424,118.0
Red-bellied Woodpecker,2,4,Feb_W4,0.0571429,70.0
Red-bellied Woodpecker,3,1,Mar_W1,0.0952381,105.0
Red-bellied Woodpecker,3,2,Mar_W2,0.0614035,114.0
Red-bellied Woodpecker,3,3,Mar_W3,0.0915493,142.0
Red-bellied Woodpecker,3,4,Mar_W4,0.1219512,164.0
Red-bellied Woodpecker,4,1,Apr_W1,0.0689655,261.0
Red-bellied Woodpecker,4,2,Apr_W2,0.0659341,364.0
Red-bellied Woodpecker,4,3,Apr_W3,0.0488372,430.0
Red-bellied Woodpecker,4,4,Apr_W4,0.0481586,706.0
Red-bellied Woodpecker,5,1,May_W1,0.0418605,645.0
Red-bellied Woodpecker,5,2,May_W2,0.0400517,774.0
Red-bellied Woodpecker,5,3,May_W3,0.0326797,765.0
Red-bellied Woodpecker,5,4,May_W4,0.034632,1386.0
Red-bellied Woodpecker,6,1,Jun_W1,0.0222222,855.0
Red-bellied Woodpecker,6,2,Jun_W2,0.0066489,752.0
Red-bellied Woodpecker,6,3,Jun_W3,0.0112,625.0
Red-bellied Woodpecker,6,4,Jun_W4,0.0134228,745.0
Red-bellied Woodpecker,7,1,Jul_W1,0.0129496,695.0
Red-bellied Woodpecker,7,2,Jul_W2,0.0084388,711.0
Red-bellied Woodpecker,7,3,Jul_W3,0.0087873,569.0
Red-bellied Woodpecker,7,4,Jul_W4,0.0079275,883.0
Red-bellied Woodpecker,8,1,Aug_W1,0.0082372,607.0
Red-bellied Woodpecker,8,2,Aug_W2,0.0031299,639.0
Red-bellied Woodpecker,8,3,Aug_W3,0.0085324,586.0
Red-bellied Woodpecker,8,4,Aug_W4,0.0071006,845.0
Red-bellied Woodpecker,9,1,Sep_W1,0.0037879,528.0
Red-bellied Woodpecker,9,2,Sep_W2,0.0107198,653.0
Red-bellied Woodpecker,9,3,Sep_W3,0.007837,638.0
Red-bellied Woodpecker,9,4,Sep_W4,0.0132802,753.0
Red-bellied Woodpecker,10,1,Oct_W1,0.0206349,630.0
Red-bellied Woodpecker,10,2,Oct_W2,0.0259516,578.0
Red-bellied Woodpecker,10,3,Oct_W3,0.0327869,488.0
Red-bellied Woodpecker,10,4,Oct_W4,0.0320285,562.0
Red-bellied Woodpecker,11,1,Nov_W1,0.0313316,383.0
Red-bellied Woodpecker,11,2,Nov_W2,0.0516717,329.0
Red-bellied Woodpecker,11,3,Nov_W3,0.0586081,273.0
Red-bellied Woodpecker,11,4,Nov_W4,0.0740741,270.0
Red-bellied Woodpecker,12,1,Dec_W1,0.0254777,157.0
Red-bellied Woodpecker,12,2,Dec_W2,0.0662651,166.0
Red-bellied Woodpecker,12,3,Dec_W3,0.1167883,137.0
Red-bellied Woodpecker,12,4,Dec_W4,0.0758621,145.0
American Three-toed Woodpecker,1,1,Jan_W1,0.0,185.0
American Three-toed Woodpecker,1,2,Jan_W2,0.0,88.0
American Three-toed Woodpecker,1,3,Jan_W3,0.0,105.0
American Three-toed Woodpecker,1,4,Jan_W4,0.0,140.0
American Three-toed Woodpecker,2,1,Feb_W1,0.0015,123.0
American Three-toed Woodpecker,2,2,Feb_W2,0.0,108.0
American Three-toed Woodpecker,2,3,Feb_W3,0.0,118.0
American Three-toed Woodpecker,2,4,Feb_W4,0.0,70.0
American Three-toed Woodpecker,3,1,Mar_W1,0.0,105.0
American Three-toed Woodpecker,3,2,Mar_W2,0.0,114.0
American Three-toed Woodpecker,3,3,Mar_W3,0.0,142.0
American Three-toed Woodpecker,3,4,Mar_W4,0.0,164.0
American Three-toed Woodpecker,4,1,Apr_W1,0.0,261.0
American Three-toed Woodpecker,4,2,Apr_W2,0.0,364.0
American Three-toed Woodpecker,4,3,Apr_W3,0.0,430.0
American Three-toed Woodpecker,4,4,Apr_W4,0.0,706.0
American Three-toed Woodpecker,5,1,May_W1,0.0,645.0
American Three-toed Woodpecker,5,2,May_W2,0.0,774.0
American Three-toed Woodpecker,5,3,May_W3,0.0,765.0
American Three-toed Woodpecker,5,4,May_W4,0.0,1386.0
American Three-toed Woodpecker,6,1,Jun_W1,0.0,855.0
American Three-toed Woodpecker,6,2,Jun_W2,0.0,752.0
American Three-toed Woodpecker,6,3,Jun_W3,0.0,625.0
American Three-toed Woodpecker,6,4,Jun_W4,0.0,745.0
American Three-toed Woodpecker,7,1,Jul_W1,0.0,695.0
American Three-toed Woodpecker,7,2,Jul_W2,0.0,711.0
American Three-toed Woodpecker,7,3,Jul_W3,0.0,569.0
American Three-toed Woodpecker,7,4,Jul_W4,0.0,883.0
American Three-toed Woodpecker,8,1,Aug_W1,0.0,607.0
American Three-toed Woodpecker,8,2,Aug_W2,0.0,639.0
American Three-toed Woodpecker,8,3,Aug_W3,0.0,586.0
American Three-toed Woodpecker,8,4,Aug_W4,0.0,845.0
American Three-toed Woodpecker,9,1,Sep_W1,0.0,528.0
American Three-toed Woodpecker,9,2,Sep_W2,0.0,653.0
American Three-toed Woodpecker,9,3,Sep_W3,0.0,638.0
American Three-toed Woodpecker,9,4,Sep_W4,0.0,753.0
American Three-toed Woodpecker,10,1,Oct_W1,0.0,630.0
American Three-toed Woodpecker,10,2,Oct_W2,0.0,578.0
American Three-toed Woodpecker,10,3,Oct_W3,0.0,488.0
American Three-toed Woodpecker,10,4,Oct_W4,0.0,562.0
American Three-toed Woodpecker,11,1,Nov_W1,0.0,383.0
American Three-toed Woodpecker,11,2,Nov_W2,0.0,329.0
American Three-toed Woodpecker,11,3,Nov_W3,0.0,273.0
American Three-toed Woodpecker,11,4,Nov_W4,0.0,270.0
American Three-toed Woodpecker,12,1,Dec_W1,0.0,157.0
American Three-toed Woodpecker,12,2,Dec_W2,0.0,166.0
American Three-toed Woodpecker,12,3,Dec_W3,0.0,137.0
American Three-toed Woodpecker,12,4,Dec_W4,0.0015,145.0
Black-backed Woodpecker,1,1,Jan_W1,0.0054054,185.0
Black-backed Woodpecker,1,2,Jan_W2,0.0,88.0
Black-backed Woodpecker,1,3,Jan_W3,0.0015,105.0
Black-backed Woodpecker,1,4,Jan_W4,0.0,140.0
Black-backed Woodpecker,2,1,Feb_W1,0.0081301,123.0
Black-backed Woodpecker,2,2,Feb_W2,0.0092593,108.0
Black-backed Woodpecker,2,3,Feb_W3,0.0,118.0
Black-backed Woodpecker,2,4,Feb_W4,0.0,70.0
Black-backed Woodpecker,3,1,Mar_W1,0.0,105.0
Black-backed Woodpecker,3,2,Mar_W2,0.0,114.0
Black-backed Woodpecker,3,3,Mar_W3,0.0,142.0
Black-backed Woodpecker,3,4,Mar_W4,0.0,164.0
Black-backed Woodpecker,4,1,Apr_W1,0.0,261.0
Black-backed Woodpecker,4,2,Apr_W2,0.0,364.0
Black-backed Woodpecker,4,3,Apr_W3,0.0,430.0
Black-backed Woodpecker,4,4,Apr_W4,0.0,706.0
Black-backed Woodpecker,5,1,May_W1,0.0,645.0
Black-backed Woodpecker,5,2,May_W2,0.0015,774.0
Black-backed Woodpecker,5,3,May_W3,0.0,765.0
Black-backed Woodpecker,5,4,May_W4,0.001443,1386.0
Black-backed Woodpecker,6,1,Jun_W1,0.0,855.0
Black-backed Woodpecker,6,2,Jun_W2,0.0013298,752.0
Black-backed Woodpecker,6,3,Jun_W3,0.0015,625.0
Black-backed Woodpecker,6,4,Jun_W4,0.0015,745.0
Black-backed Woodpecker,7,1,Jul_W1,0.0014388,695.0
Black-backed Woodpecker,7,2,Jul_W2,0.0015,711.0
Black-backed Woodpecker,7,3,Jul_W3,0.0017575,569.0
Black-backed Woodpecker,7,4,Jul_W4,0.0011325,883.0
Black-backed Woodpecker,8,1,Aug_W1,0.0,607.0
Black-backed Woodpecker,8,2,Aug_W2,0.0015649,639.0
Black-backed Woodpecker,8,3,Aug_W3,0.0,586.0
Black-backed Woodpecker,8,4,Aug_W4,0.0,845.0
Black-backed Woodpecker,9,1,Sep_W1,0.0,528.0
Black-backed Woodpecker,9,2,Sep_W2,0.0,653.0
Black-backed Woodpecker,9,3,Sep_W3,0.0015674,638.0
Black-backed Woodpecker,9,4,Sep_W4,0.0,753.0
Black-backed Woodpecker,10,1,Oct_W1,0.0015873,630.0
Black-backed Woodpecker,10,2,Oct_W2,0.0034602,578.0
Black-backed Woodpecker,10,3,Oct_W3,0.0,488.0
Black-backed Woodpecker,10,4,Oct_W4,0.0,562.0
Black-backed Woodpecker,11,1,Nov_W1,0.002611,383.0
Black-backed Woodpecker,11,2,Nov_W2,0.0015,329.0
Black-backed Woodpecker,11,3,Nov_W3,0.0,273.0
Black-backed Woodpecker,11,4,Nov_W4,0.0,270.0
Black-backed Woodpecker,12,1,Dec_W1,0.0,157.0
Black-backed Woodpecker,12,2,Dec_W2,0.0015,166.0
Black-backed Woodpecker,12,3,Dec_W3,0.0,137.0
Black-backed Woodpecker,12,4,Dec_W4,0.0068966,145.0
Downy Woodpecker,1,1,Jan_W1,0.1783784,185.0
Downy Woodpecker,1,2,Jan_W2,0.1590909,88.0
Downy Woodpecker,1,3,Jan_W3,0.1619048,105.0
Downy Woodpecker,1,4,Jan_W4,0.1642857,140.0
Downy Woodpecker,2,1,Feb_W1,0.1788618,123.0
Downy Woodpecker,2,2,Feb_W2,0.2592593,108.0
Downy Woodpecker,2,3,Feb_W3,0.440678,118.0
Downy Woodpecker,2,4,Feb_W4,0.2142857,70.0
Downy Woodpecker,3,1,Mar_W1,0.247619,105.0
Downy Woodpecker,3,2,Mar_W2,0.2192982,114.0
Downy Woodpecker,3,3,Mar_W3,0.1830986,142.0
Downy Woodpecker,3,4,Mar_W4,0.2073171,164.0
Downy Woodpecker,4,1,Apr_W1,0.1494253,261.0
Downy Woodpecker,4,2,Apr_W2,0.1758242,364.0
Downy Woodpecker,4,3,Apr_W3,0.1069767,430.0
Downy Woodpecker,4,4,Apr_W4,0.1033994,706.0
Downy Woodpecker,5,1,May_W1,0.1023256,645.0
Downy Woodpecker,5,2,May_W2,0.0994832,774.0
Downy Woodpecker,5,3,May_W3,0.0928105,765.0
Downy Woodpecker,5,4,May_W4,0.0627706,1386.0
Downy Woodpecker,6,1,Jun_W1,0.0549708,855.0
Downy Woodpecker,6,2,Jun_W2,0.0585106,752.0
Downy Woodpecker,6,3,Jun_W3,0.0496,625.0
Downy Woodpecker,6,4,Jun_W4,0.0389262,745.0
Downy Woodpecker,7,1,Jul_W1,0.0676259,695.0
Downy Woodpecker,7,2,Jul_W2,0.0815752,711.0
Downy Woodpecker,7,3,Jul_W3,0.0702988,569.0
Downy Woodpecker,7,4,Jul_W4,0.0872027,883.0
Downy Woodpecker,8,1,Aug_W1,0.1202636,607.0
Downy Woodpecker,8,2,Aug_W2,0.14241,639.0
Downy Woodpecker,8,3,Aug_W3,0.0955631,586.0
Downy Woodpecker,8,4,Aug_W4,0.1218935,845.0
Downy Woodpecker,9,1,Sep_W1,0.1306818,528.0
Downy Woodpecker,9,2,Sep_W2,0.1454824,653.0
Downy Woodpecker,9,3,Sep_W3,0.1583072,638.0
Downy Woodpecker,9,4,Sep_W4,0.188579,753.0
Downy Woodpecker,10,1,Oct_W1,0.1730159,630.0
Downy Woodpecker,10,2,Oct_W2,0.1747405,578.0
Downy Woodpecker,10,3,Oct_W3,0.1557377,488.0
Downy Woodpecker,10,4,Oct_W4,0.2064057,562.0
Downy Woodpecker,11,1,Nov_W1,0.154047,383.0
Downy Woodpecker,11,2,Nov_W2,0.1914894,329.0
Downy Woodpecker,11,3,Nov_W3,0.1904762,273.0
Downy Woodpecker,11,4,Nov_W4,0.1518519,270.0
Downy Woodpecker,12,1,Dec_W1,0.1974522,157.0
Downy Woodpecker,12,2,Dec_W2,0.2289157,166.0
Downy Woodpecker,12,3,Dec_W3,0.2554745,137.0
Downy Woodpecker,12,4,Dec_W4,0.2206897,145.0
Hairy Woodpecker,1,1,Jan_W1,0.1297297,185.0
Hairy Woodpecker,1,2,Jan_W2,0.1704545,88.0
Hairy Woodpecker,1,3,Jan_W3,0.1904762,105.0
Hairy Woodpecker,1,4,Jan_W4,0.1428571,140.0
Hairy Woodpecker,2,1,Feb_W1,0.1544715,123.0
Hairy Woodpecker,2,2,Feb_W2,0.25,108.0
Hairy Woodpecker,2,3,Feb_W3,0.3644068,118.0
Hairy Woodpecker,2,4,Feb_W4,0.1571429,70.0
Hairy Woodpecker,3,1,Mar_W1,0.1809524,105.0
Hairy Woodpecker,3,2,Mar_W2,0.1929825,114.0
Hairy Woodpecker,3,3,Mar_W3,0.1478873,142.0
Hairy Woodpecker,3,4,Mar_W4,0.1402439,164.0
Hairy Woodpecker,4,1,Apr_W1,0.1072797,261.0
Hairy Woodpecker,4,2,Apr_W2,0.0961538,364.0
Hairy Woodpecker,4,3,Apr_W3,0.0790698,430.0
Hairy Woodpecker,4,4,Apr_W4,0.0623229,706.0
Hairy Woodpecker,5,1,May_W1,0.0666667,645.0
Hairy Woodpecker,5,2,May_W2,0.0723514,774.0
Hairy Woodpecker,5,3,May_W3,0.075817,765.0
Hairy Woodpecker,5,4,May_W4,0.0909091,1386.0
Hairy Woodpecker,6,1,Jun_W1,0.1040936,855.0
Hairy Woodpecker,6,2,Jun_W2,0.1329787,752.0
Hairy Woodpecker,6,3,Jun_W3,0.0912,625.0
Hairy Woodpecker,6,4,Jun_W4,0.0939597,745.0
Hairy Woodpecker,7,1,Jul_W1,0.0791367,695.0
Hairy Woodpecker,7,2,Jul_W2,0.0857947,711.0
Hairy Woodpecker,7,3,Jul_W3,0.0615114,569.0
Hairy Woodpecker,7,4,Jul_W4,0.0815402,883.0
Hairy Woodpecker,8,1,Aug_W1,0.1136738,607.0
Hairy Woodpecker,8,2,Aug_W2,0.1220657,639.0
Hairy Woodpecker,8,3,Aug_W3,0.1040956,586.0
Hairy Woodpecker,8,4,Aug_W4,0.0923077,845.0
Hairy Woodpecker,9,1,Sep_W1,0.0814394,528.0
Hairy Woodpecker,9,2,Sep_W2,0.1546708,653.0
Hairy Woodpecker,9,3,Sep_W3,0.1222571,638.0
Hairy Woodpecker,9,4,Sep_W4,0.1367862,753.0
Hairy Woodpecker,10,1,Oct_W1,0.1095238,630.0
Hairy Woodpecker,10,2,Oct_W2,0.1384083,578.0
Hairy Woodpecker,10,3,Oct_W3,0.1065574,488.0
Hairy Woodpecker,10,4,Oct_W4,0.1049822,562.0
Hairy Woodpecker,11,1,Nov_W1,0.0913838,383.0
Hairy Woodpecker,11,2,Nov_W2,0.118541,329.0
Hairy Woodpecker,11,3,Nov_W3,0.1245421,273.0
Hairy Woodpecker,11,4,Nov_W4,0.137037,270.0
Hairy Woodpecker,12,1,Dec_W1,0.1847134,157.0
Hairy Woodpecker,12,2,Dec_W2,0.126506,166.0
Hairy Woodpecker,12,3,Dec_W3,0.2262774,137.0
Hairy Woodpecker,12,4,Dec_W4,0.1931034,145.0
Pileated Woodpecker,1,1,Jan_W1,0.0648649,185.0
Pileated Woodpecker,1,2,Jan_W2,0.0568182,88.0
Pileated Woodpecker,1,3,Jan_W3,0.0857143,105.0
Pileated Woodpecker,1,4,Jan_W4,0.0785714,140.0
Pileated Woodpecker,2,1,Feb_W1,0.0325203,123.0
Pileated Woodpecker,2,2,Feb_W2,0.0833333,108.0
Pileated Woodpecker,2,3,Feb_W3,0.1355932,118.0
Pileated Woodpecker,2,4,Feb_W4,0.0428571,70.0
Pileated Woodpecker,3,1,Mar_W1,0.1238095,105.0
Pileated Woodpecker,3,2,Mar_W2,0.0964912,114.0
Pileated Woodpecker,3,3,Mar_W3,0.056338,142.0
Pileated Woodpecker,3,4,Mar_W4,0.0670732,164.0
Pileated Woodpecker,4,1,Apr_W1,0.091954,261.0
Pileated Woodpecker,4,2,Apr_W2,0.0989011,364.0
Pileated Woodpecker,4,3,Apr_W3,0.0697674,430.0
Pileated Woodpecker,4,4,Apr_W4,0.0694051,706.0
Pileated Woodpecker,5,1,May_W1,0.0728682,645.0
Pileated Woodpecker,5,2,May_W2,0.0917313,774.0
Pileated Woodpecker,5,3,May_W3,0.0954248,765.0
Pileated Woodpecker,5,4,May_W4,0.0858586,1386.0
Pileated Woodpecker,6,1,Jun_W1,0.0935673,855.0
Pileated Woodpecker,6,2,Jun_W2,0.0984043,752.0
Pileated Woodpecker,6,3,Jun_W3,0.1024,625.0
Pileated Woodpecker,6,4,Jun_W4,0.0751678,745.0
Pileated Woodpecker,7,1,Jul_W1,0.0546763,695.0
Pileated Woodpecker,7,2,Jul_W2,0.0506329,711.0
Pileated Woodpecker,7,3,Jul_W3,0.0509666,569.0
Pileated Woodpecker,7,4,Jul_W4,0.0419026,883.0
Pileated Woodpecker,8,1,Aug_W1,0.0593081,607.0
Pileated Woodpecker,8,2,Aug_W2,0.0798122,639.0
Pileated Woodpecker,8,3,Aug_W3,0.0699659,586.0
Pileated Woodpecker,8,4,Aug_W4,0.0686391,845.0
Pileated Woodpecker,9,1,Sep_W1,0.0625,528.0
Pileated Woodpecker,9,2,Sep_W2,0.0750383,653.0
Pileated Woodpecker,9,3,Sep_W3,0.0768025,638.0
Pileated Woodpecker,9,4,Sep_W4,0.0982736,753.0
Pileated Woodpecker,10,1,Oct_W1,0.0619048,630.0
Pileated Woodpecker,10,2,Oct_W2,0.0709343,578.0
Pileated Woodpecker,10,3,Oct_W3,0.0594262,488.0
Pileated Woodpecker,10,4,Oct_W4,0.0516014,562.0
Pileated Woodpecker,11,1,Nov_W1,0.0652742,383.0
Pileated Woodpecker,11,2,Nov_W2,0.0790274,329.0
Pileated Woodpecker,11,3,Nov_W3,0.0695971,273.0
Pileated Woodpecker,11,4,Nov_W4,0.0555556,270.0
Pileated Woodpecker,12,1,Dec_W1,0.0636943,157.0
Pileated Woodpecker,12,2,Dec_W2,0.0542169,166.0
Pileated Woodpecker,12,3,Dec_W3,0.1094891,137.0
Pileated Woodpecker,12,4,Dec_W4,0.0827586,145.0
Northern Flicker,1,1,Jan_W1,0.0054054,185.0
Northern Flicker,1,2,Jan_W2,0.0,88.0
Northern Flicker,1,3,Jan_W3,0.0,105.0
Northern Flicker,1,4,Jan_W4,0.0,140.0
Northern Flicker,2,1,Feb_W1,0.0,123.0
Northern Flicker,2,2,Feb_W2,0.0,108.0
Northern Flicker,2,3,Feb_W3,0.0,118.0
Northern Flicker,2,4,Feb_W4,0.0,70.0
Northern Flicker,3,1,Mar_W1,0.0,105.0
Northern Flicker,3,2,Mar_W2,0.0,114.0
Northern Flicker,3,3,Mar_W3,0.0,142.0
Northern Flicker,3,4,Mar_W4,0.0,164.0
Northern Flicker,4,1,Apr_W1,0.0344828,261.0
Northern Flicker,4,2,Apr_W2,0.1923077,364.0
Northern Flicker,4,3,Apr_W3,0.1790698,430.0
Northern Flicker,4,4,Apr_W4,0.3186969,706.0
Northern Flicker,5,1,May_W1,0.3116279,645.0
Northern Flicker,5,2,May_W2,0.2390181,774.0
Northern Flicker,5,3,May_W3,0.2235294,765.0
Northern Flicker,5,4,May_W4,0.2186147,1386.0
Northern Flicker,6,1,Jun_W1,0.1672515,855.0
Northern Flicker,6,2,Jun_W2,0.1781915,752.0
Northern Flicker,6,3,Jun_W3,0.208,625.0
Northern Flicker,6,4,Jun_W4,0.1932886,745.0
Northern Flicker,7,1,Jul_W1,0.1798561,695.0
Northern Flicker,7,2,Jul_W2,0.1434599,711.0
Northern Flicker,7,3,Jul_W3,0.1862917,569.0
Northern Flicker,7,4,Jul_W4,0.1608154,883.0
Northern Flicker,8,1,Aug_W1,0.1466227,607.0
Northern Flicker,8,2,Aug_W2,0.1236307,639.0
Northern Flicker,8,3,Aug_W3,0.1535836,586.0
Northern Flicker,8,4,Aug_W4,0.191716,845.0
Northern Flicker,9,1,Sep_W1,0.1780303,528.0
Northern Flicker,9,2,Sep_W2,0.2082695,653.0
Northern Flicker,9,3,Sep_W3,0.2272727,638.0
Northern Flicker,9,4,Sep_W4,0.1713147,753.0
Northern Flicker,10,1,Oct_W1,0.0507937,630.0
Northern Flicker,10,2,Oct_W2,0.0224913,578.0
Northern Flicker,10,3,Oct_W3,0.0061475,488.0
Northern Flicker,10,4,Oct_W4,0.0017794,562.0
Northern Flicker,11,1,Nov_W1,0.0,383.0
Northern Flicker,11,2,Nov_W2,0.0,329.0
Northern Flicker,11,3,Nov_W3,0.0,273.0
Northern Flicker,11,4,Nov_W4,0.0037037,270.0
Northern Flicker,12,1,Dec_W1,0.0,157.0
Northern Flicker,12,2,Dec_W2,0.0,166.0
Northern Flicker,12,3,Dec_W3,0.0,137.0
Northern Flicker,12,4,Dec_W4,0.0,145.0
Crested Caracara,1,1,Jan_W1,0.0,185.0
Crested Caracara,1,2,Jan_W2,0.0,88.0
Crested Caracara,1,3,Jan_W3,0.0,105.0
Crested Caracara,1,4,Jan_W4,0.0,140.0
Crested Caracara,2,1,Feb_W1,0.0,123.0
Crested Caracara,2,2,Feb_W2,0.0,108.0
Crested Caracara,2,3,Feb_W3,0.0,118.0
Crested Caracara,2,4,Feb_W4,0.0,70.0
Crested Caracara,3,1,Mar_W1,0.0,105.0
Crested Caracara,3,2,Mar_W2,0.0,114.0
Crested Caracara,3,3,Mar_W3,0.0,142.0
Crested Caracara,3,4,Mar_W4,0.0,164.0
Crested Caracara,4,1,Apr_W1,0.0,261.0
Crested Caracara,4,2,Apr_W2,0.0,364.0
Crested Caracara,4,3,Apr_W3,0.0,430.0
Crested Caracara,4,4,Apr_W4,0.0,706.0
Crested Caracara,5,1,May_W1,0.0,645.0
Crested Caracara,5,2,May_W2,0.0,774.0
Crested Caracara,5,3,May_W3,0.0,765.0
Crested Caracara,5,4,May_W4,0.0,1386.0
Crested Caracara,6,1,Jun_W1,0.0,855.0
Crested Caracara,6,2,Jun_W2,0.0,752.0
Crested Caracara,6,3,Jun_W3,0.0,625.0
Crested Caracara,6,4,Jun_W4,0.0,745.0
Crested Caracara,7,1,Jul_W1,0.0517986,695.0
Crested Caracara,7,2,Jul_W2,0.0182841,711.0
Crested Caracara,7,3,Jul_W3,0.0158172,569.0
Crested Caracara,7,4,Jul_W4,0.0056625,883.0
Crested Caracara,8,1,Aug_W1,0.0032949,607.0
Crested Caracara,8,2,Aug_W2,0.0093897,639.0
Crested Caracara,8,3,Aug_W3,0.0136519,586.0
Crested Caracara,8,4,Aug_W4,0.0106509,845.0
Crested Caracara,9,1,Sep_W1,0.0113636,528.0
Crested Caracara,9,2,Sep_W2,0.0091884,653.0
Crested Caracara,9,3,Sep_W3,0.0047022,638.0
Crested Caracara,9,4,Sep_W4,0.0159363,753.0
Crested Caracara,10,1,Oct_W1,0.0031746,630.0
Crested Caracara,10,2,Oct_W2,0.0086505,578.0
Crested Caracara,10,3,Oct_W3,0.0143443,488.0
Crested Caracara,10,4,Oct_W4,0.0053381,562.0
Crested Caracara,11,1,Nov_W1,0.0078329,383.0
Crested Caracara,11,2,Nov_W2,0.006079,329.0
Crested Caracara,11,3,Nov_W3,0.0,273.0
Crested Caracara,11,4,Nov_W4,0.0,270.0
Crested Caracara,12,1,Dec_W1,0.0,157.0
Crested Caracara,12,2,Dec_W2,0.0,166.0
Crested Caracara,12,3,Dec_W3,0.0,137.0
Crested Caracara,12,4,Dec_W4,0.0,145.0
American Kestrel,1,1,Jan_W1,0.0,185.0
American Kestrel,1,2,Jan_W2,0.0,88.0
American Kestrel,1,3,Jan_W3,0.0,105.0
American Kestrel,1,4,Jan_W4,0.0,140.0
American Kestrel,2,1,Feb_W1,0.0,123.0
American Kestrel,2,2,Feb_W2,0.0,108.0
American Kestrel,2,3,Feb_W3,0.0,118.0
American Kestrel,2,4,Feb_W4,0.0,70.0
American Kestrel,3,1,Mar_W1,0.0,105.0
American Kestrel,3,2,Mar_W2,0.0,114.0
American Kestrel,3,3,Mar_W3,0.0,142.0
American Kestrel,3,4,Mar_W4,0.0015,164.0
American Kestrel,4,1,Apr_W1,0.0038314,261.0
American Kestrel,4,2,Apr_W2,0.021978,364.0
American Kestrel,4,3,Apr_W3,0.0325581,430.0
American Kestrel,4,4,Apr_W4,0.0325779,706.0
American Kestrel,5,1,May_W1,0.0418605,645.0
American Kestrel,5,2,May_W2,0.0219638,774.0
American Kestrel,5,3,May_W3,0.0130719,765.0
American Kestrel,5,4,May_W4,0.0122655,1386.0
American Kestrel,6,1,Jun_W1,0.0210526,855.0
American Kestrel,6,2,Jun_W2,0.025266,752.0
American Kestrel,6,3,Jun_W3,0.016,625.0
American Kestrel,6,4,Jun_W4,0.0187919,745.0
American Kestrel,7,1,Jul_W1,0.0143885,695.0
American Kestrel,7,2,Jul_W2,0.0182841,711.0
American Kestrel,7,3,Jul_W3,0.029877,569.0
American Kestrel,7,4,Jul_W4,0.0237826,883.0
American Kestrel,8,1,Aug_W1,0.0131796,607.0
American Kestrel,8,2,Aug_W2,0.0203443,639.0
American Kestrel,8,3,Aug_W3,0.0255973,586.0
American Kestrel,8,4,Aug_W4,0.0295858,845.0
American Kestrel,9,1,Sep_W1,0.0075758,528.0
American Kestrel,9,2,Sep_W2,0.0260337,653.0
American Kestrel,9,3,Sep_W3,0.0188088,638.0
American Kestrel,9,4,Sep_W4,0.0106242,753.0
American Kestrel,10,1,Oct_W1,0.0031746,630.0
American Kestrel,10,2,Oct_W2,0.0034602,578.0
American Kestrel,10,3,Oct_W3,0.0,488.0
American Kestrel,10,4,Oct_W4,0.0,562.0
American Kestrel,11,1,Nov_W1,0.002611,383.0
American Kestrel,11,2,Nov_W2,0.0,329.0
American Kestrel,11,3,Nov_W3,0.0,273.0
American Kestrel,11,4,Nov_W4,0.0,270.0
American Kestrel,12,1,Dec_W1,0.0,157.0
American Kestrel,12,2,Dec_W2,0.0,166.0
American Kestrel,12,3,Dec_W3,0.0,137.0
American Kestrel,12,4,Dec_W4,0.0,145.0
Merlin,1,1,Jan_W1,0.0,185.0
Merlin,1,2,Jan_W2,0.0,88.0
Merlin,1,3,Jan_W3,0.0015,105.0
Merlin,1,4,Jan_W4,0.0,140.0
Merlin,2,1,Feb_W1,0.0,123.0
Merlin,2,2,Feb_W2,0.0,108.0
Merlin,2,3,Feb_W3,0.0,118.0
Merlin,2,4,Feb_W4,0.0,70.0
Merlin,3,1,Mar_W1,0.0,105.0
Merlin,3,2,Mar_W2,0.0087719,114.0
Merlin,3,3,Mar_W3,0.0015,142.0
Merlin,3,4,Mar_W4,0.0060976,164.0
Merlin,4,1,Apr_W1,0.0344828,261.0
Merlin,4,2,Apr_W2,0.0412088,364.0
Merlin,4,3,Apr_W3,0.0325581,430.0
Merlin,4,4,Apr_W4,0.0609065,706.0
Merlin,5,1,May_W1,0.0465116,645.0
Merlin,5,2,May_W2,0.0749354,774.0
Merlin,5,3,May_W3,0.0379085,765.0
Merlin,5,4,May_W4,0.0295815,1386.0
Merlin,6,1,Jun_W1,0.0444444,855.0
Merlin,6,2,Jun_W2,0.0305851,752.0
Merlin,6,3,Jun_W3,0.0368,625.0
Merlin,6,4,Jun_W4,0.0281879,745.0
Merlin,7,1,Jul_W1,0.0359712,695.0
Merlin,7,2,Jul_W2,0.0281294,711.0
Merlin,7,3,Jul_W3,0.056239,569.0
Merlin,7,4,Jul_W4,0.0328426,883.0
Merlin,8,1,Aug_W1,0.0527183,607.0
Merlin,8,2,Aug_W2,0.0375587,639.0
Merlin,8,3,Aug_W3,0.0682594,586.0
Merlin,8,4,Aug_W4,0.0733728,845.0
Merlin,9,1,Sep_W1,0.0378788,528.0
Merlin,9,2,Sep_W2,0.0444104,653.0
Merlin,9,3,Sep_W3,0.0423197,638.0
Merlin,9,4,Sep_W4,0.0292165,753.0
Merlin,10,1,Oct_W1,0.015873,630.0
Merlin,10,2,Oct_W2,0.0155709,578.0
Merlin,10,3,Oct_W3,0.0184426,488.0
Merlin,10,4,Oct_W4,0.0160142,562.0
Merlin,11,1,Nov_W1,0.0104439,383.0
Merlin,11,2,Nov_W2,0.0091185,329.0
Merlin,11,3,Nov_W3,0.007326,273.0
Merlin,11,4,Nov_W4,0.0015,270.0
Merlin,12,1,Dec_W1,0.0,157.0
Merlin,12,2,Dec_W2,0.0,166.0
Merlin,12,3,Dec_W3,0.0,137.0
Merlin,12,4,Dec_W4,0.0015,145.0
Gyrfalcon,1,1,Jan_W1,0.0,185.0
Gyrfalcon,1,2,Jan_W2,0.0,88.0
Gyrfalcon,1,3,Jan_W3,0.0,105.0
Gyrfalcon,1,4,Jan_W4,0.0,140.0
Gyrfalcon,2,1,Feb_W1,0.0,123.0
Gyrfalcon,2,2,Feb_W2,0.0,108.0
Gyrfalcon,2,3,Feb_W3,0.0,118.0
Gyrfalcon,2,4,Feb_W4,0.0,70.0
Gyrfalcon,3,1,Mar_W1,0.0,105.0
Gyrfalcon,3,2,Mar_W2,0.0087719,114.0
Gyrfalcon,3,3,Mar_W3,0.0,142.0
Gyrfalcon,3,4,Mar_W4,0.0,164.0
Gyrfalcon,4,1,Apr_W1,0.0,261.0
Gyrfalcon,4,2,Apr_W2,0.0,364.0
Gyrfalcon,4,3,Apr_W3,0.0,430.0
Gyrfalcon,4,4,Apr_W4,0.0,706.0
Gyrfalcon,5,1,May_W1,0.0015,645.0
Gyrfalcon,5,2,May_W2,0.0,774.0
Gyrfalcon,5,3,May_W3,0.0,765.0
Gyrfalcon,5,4,May_W4,0.0,1386.0
Gyrfalcon,6,1,Jun_W1,0.0,855.0
Gyrfalcon,6,2,Jun_W2,0.0,752.0
Gyrfalcon,6,3,Jun_W3,0.0,625.0
Gyrfalcon,6,4,Jun_W4,0.0,745.0
Gyrfalcon,7,1,Jul_W1,0.0,695.0
Gyrfalcon,7,2,Jul_W2,0.0,711.0
Gyrfalcon,7,3,Jul_W3,0.0,569.0
Gyrfalcon,7,4,Jul_W4,0.0,883.0
Gyrfalcon,8,1,Aug_W1,0.0,607.0
Gyrfalcon,8,2,Aug_W2,0.0,639.0
Gyrfalcon,8,3,Aug_W3,0.0,586.0
Gyrfalcon,8,4,Aug_W4,0.0,845.0
Gyrfalcon,9,1,Sep_W1,0.0,528.0
Gyrfalcon,9,2,Sep_W2,0.0,653.0
Gyrfalcon,9,3,Sep_W3,0.0,638.0
Gyrfalcon,9,4,Sep_W4,0.0,753.0
Gyrfalcon,10,1,Oct_W1,0.0,630.0
Gyrfalcon,10,2,Oct_W2,0.0,578.0
Gyrfalcon,10,3,Oct_W3,0.0,488.0
Gyrfalcon,10,4,Oct_W4,0.0,562.0
Gyrfalcon,11,1,Nov_W1,0.0,383.0
Gyrfalcon,11,2,Nov_W2,0.0,329.0
Gyrfalcon,11,3,Nov_W3,0.0,273.0
Gyrfalcon,11,4,Nov_W4,0.0,270.0
Gyrfalcon,12,1,Dec_W1,0.0,157.0
Gyrfalcon,12,2,Dec_W2,0.0,166.0
Gyrfalcon,12,3,Dec_W3,0.0,137.0
Gyrfalcon,12,4,Dec_W4,0.0,145.0
Peregrine Falcon,1,1,Jan_W1,0.0,185.0
Peregrine Falcon,1,2,Jan_W2,0.0,88.0
Peregrine Falcon,1,3,Jan_W3,0.0,105.0
Peregrine Falcon,1,4,Jan_W4,0.0,140.0
Peregrine Falcon,2,1,Feb_W1,0.0,123.0
Peregrine Falcon,2,2,Feb_W2,0.0,108.0
Peregrine Falcon,2,3,Feb_W3,0.0,118.0
Peregrine Falcon,2,4,Feb_W4,0.0,70.0
Peregrine Falcon,3,1,Mar_W1,0.0,105.0
Peregrine Falcon,3,2,Mar_W2,0.0,114.0
Peregrine Falcon,3,3,Mar_W3,0.0,142.0
Peregrine Falcon,3,4,Mar_W4,0.0015,164.0
Peregrine Falcon,4,1,Apr_W1,0.0038314,261.0
Peregrine Falcon,4,2,Apr_W2,0.0054945,364.0
Peregrine Falcon,4,3,Apr_W3,0.0015,430.0
Peregrine Falcon,4,4,Apr_W4,0.0028329,706.0
Peregrine Falcon,5,1,May_W1,0.0062016,645.0
Peregrine Falcon,5,2,May_W2,0.0077519,774.0
Peregrine Falcon,5,3,May_W3,0.0065359,765.0
Peregrine Falcon,5,4,May_W4,0.007215,1386.0
Peregrine Falcon,6,1,Jun_W1,0.0116959,855.0
Peregrine Falcon,6,2,Jun_W2,0.0079787,752.0
Peregrine Falcon,6,3,Jun_W3,0.008,625.0
Peregrine Falcon,6,4,Jun_W4,0.0134228,745.0
Peregrine Falcon,7,1,Jul_W1,0.0143885,695.0
Peregrine Falcon,7,2,Jul_W2,0.0140647,711.0
Peregrine Falcon,7,3,Jul_W3,0.0105448,569.0
Peregrine Falcon,7,4,Jul_W4,0.0226501,883.0
Peregrine Falcon,8,1,Aug_W1,0.0230643,607.0
Peregrine Falcon,8,2,Aug_W2,0.0312989,639.0
Peregrine Falcon,8,3,Aug_W3,0.0221843,586.0
Peregrine Falcon,8,4,Aug_W4,0.0272189,845.0
Peregrine Falcon,9,1,Sep_W1,0.0227273,528.0
Peregrine Falcon,9,2,Sep_W2,0.0091884,653.0
Peregrine Falcon,9,3,Sep_W3,0.0250784,638.0
Peregrine Falcon,9,4,Sep_W4,0.0119522,753.0
Peregrine Falcon,10,1,Oct_W1,0.0206349,630.0
Peregrine Falcon,10,2,Oct_W2,0.0086505,578.0
Peregrine Falcon,10,3,Oct_W3,0.0020492,488.0
Peregrine Falcon,10,4,Oct_W4,0.0053381,562.0
Peregrine Falcon,11,1,Nov_W1,0.0,383.0
Peregrine Falcon,11,2,Nov_W2,0.0,329.0
Peregrine Falcon,11,3,Nov_W3,0.0,273.0
Peregrine Falcon,11,4,Nov_W4,0.0,270.0
Peregrine Falcon,12,1,Dec_W1,0.0,157.0
Peregrine Falcon,12,2,Dec_W2,0.0,166.0
Peregrine Falcon,12,3,Dec_W3,0.0,137.0
Peregrine Falcon,12,4,Dec_W4,0.0,145.0
Olive-sided Flycatcher,1,1,Jan_W1,0.0,185.0
Olive-sided Flycatcher,1,2,Jan_W2,0.0,88.0
Olive-sided Flycatcher,1,3,Jan_W3,0.0,105.0
Olive-sided Flycatcher,1,4,Jan_W4,0.0,140.0
Olive-sided Flycatcher,2,1,Feb_W1,0.0,123.0
Olive-sided Flycatcher,2,2,Feb_W2,0.0,108.0
Olive-sided Flycatcher,2,3,Feb_W3,0.0,118.0
Olive-sided Flycatcher,2,4,Feb_W4,0.0,70.0
Olive-sided Flycatcher,3,1,Mar_W1,0.0,105.0
Olive-sided Flycatcher,3,2,Mar_W2,0.0,114.0
Olive-sided Flycatcher,3,3,Mar_W3,0.0,142.0
Olive-sided Flycatcher,3,4,Mar_W4,0.0,164.0
Olive-sided Flycatcher,4,1,Apr_W1,0.0,261.0
Olive-sided Flycatcher,4,2,Apr_W2,0.0,364.0
Olive-sided Flycatcher,4,3,Apr_W3,0.0,430.0
Olive-sided Flycatcher,4,4,Apr_W4,0.0,706.0
Olive-sided Flycatcher,5,1,May_W1,0.0,645.0
Olive-sided Flycatcher,5,2,May_W2,0.001292,774.0
Olive-sided Flycatcher,5,3,May_W3,0.0039216,765.0
Olive-sided Flycatcher,5,4,May_W4,0.0238095,1386.0
Olive-sided Flycatcher,6,1,Jun_W1,0.0280702,855.0
Olive-sided Flycatcher,6,2,Jun_W2,0.0079787,752.0
Olive-sided Flycatcher,6,3,Jun_W3,0.0112,625.0
Olive-sided Flycatcher,6,4,Jun_W4,0.0026846,745.0
Olive-sided Flycatcher,7,1,Jul_W1,0.0071942,695.0
Olive-sided Flycatcher,7,2,Jul_W2,0.0056259,711.0
Olive-sided Flycatcher,7,3,Jul_W3,0.0105448,569.0
Olive-sided Flycatcher,7,4,Jul_W4,0.002265,883.0
Olive-sided Flycatcher,8,1,Aug_W1,0.0049423,607.0
Olive-sided Flycatcher,8,2,Aug_W2,0.0093897,639.0
Olive-sided Flycatcher,8,3,Aug_W3,0.0153584,586.0
Olive-sided Flycatcher,8,4,Aug_W4,0.0047337,845.0
Olive-sided Flycatcher,9,1,Sep_W1,0.0,528.0
Olive-sided Flycatcher,9,2,Sep_W2,0.0,653.0
Olive-sided Flycatcher,9,3,Sep_W3,0.0,638.0
Olive-sided Flycatcher,9,4,Sep_W4,0.0,753.0
Olive-sided Flycatcher,10,1,Oct_W1,0.0,630.0
Olive-sided Flycatcher,10,2,Oct_W2,0.0,578.0
Olive-sided Flycatcher,10,3,Oct_W3,0.0,488.0
Olive-sided Flycatcher,10,4,Oct_W4,0.0,562.0
Olive-sided Flycatcher,11,1,Nov_W1,0.0,383.0
Olive-sided Flycatcher,11,2,Nov_W2,0.0,329.0
Olive-sided Flycatcher,11,3,Nov_W3,0.0,273.0
Olive-sided Flycatcher,11,4,Nov_W4,0.0,270.0
Olive-sided Flycatcher,12,1,Dec_W1,0.0,157.0
Olive-sided Flycatcher,12,2,Dec_W2,0.0,166.0
Olive-sided Flycatcher,12,3,Dec_W3,0.0,137.0
Olive-sided Flycatcher,12,4,Dec_W4,0.0,145.0
Eastern Wood-Pewee,1,1,Jan_W1,0.0,185.0
Eastern Wood-Pewee,1,2,Jan_W2,0.0,88.0
Eastern Wood-Pewee,1,3,Jan_W3,0.0,105.0
Eastern Wood-Pewee,1,4,Jan_W4,0.0,140.0
Eastern Wood-Pewee,2,1,Feb_W1,0.0,123.0
Eastern Wood-Pewee,2,2,Feb_W2,0.0,108.0
Eastern Wood-Pewee,2,3,Feb_W3,0.0,118.0
Eastern Wood-Pewee,2,4,Feb_W4,0.0,70.0
Eastern Wood-Pewee,3,1,Mar_W1,0.0,105.0
Eastern Wood-Pewee,3,2,Mar_W2,0.0,114.0
Eastern Wood-Pewee,3,3,Mar_W3,0.0,142.0
Eastern Wood-Pewee,3,4,Mar_W4,0.0,164.0
Eastern Wood-Pewee,4,1,Apr_W1,0.0,261.0
Eastern Wood-Pewee,4,2,Apr_W2,0.0,364.0
Eastern Wood-Pewee,4,3,Apr_W3,0.0,430.0
Eastern Wood-Pewee,4,4,Apr_W4,0.0,706.0
Eastern Wood-Pewee,5,1,May_W1,0.0,645.0
Eastern Wood-Pewee,5,2,May_W2,0.003876,774.0
Eastern Wood-Pewee,5,3,May_W3,0.0065359,765.0
Eastern Wood-Pewee,5,4,May_W4,0.1147186,1386.0
Eastern Wood-Pewee,6,1,Jun_W1,0.1719298,855.0
Eastern Wood-Pewee,6,2,Jun_W2,0.1861702,752.0
Eastern Wood-Pewee,6,3,Jun_W3,0.144,625.0
Eastern Wood-Pewee,6,4,Jun_W4,0.1248322,745.0
Eastern Wood-Pewee,7,1,Jul_W1,0.1107914,695.0
Eastern Wood-Pewee,7,2,Jul_W2,0.0970464,711.0
Eastern Wood-Pewee,7,3,Jul_W3,0.0773286,569.0
Eastern Wood-Pewee,7,4,Jul_W4,0.0860702,883.0
Eastern Wood-Pewee,8,1,Aug_W1,0.1202636,607.0
Eastern Wood-Pewee,8,2,Aug_W2,0.1205008,639.0
Eastern Wood-Pewee,8,3,Aug_W3,0.1143345,586.0
Eastern Wood-Pewee,8,4,Aug_W4,0.0591716,845.0
Eastern Wood-Pewee,9,1,Sep_W1,0.0340909,528.0
Eastern Wood-Pewee,9,2,Sep_W2,0.0336907,653.0
Eastern Wood-Pewee,9,3,Sep_W3,0.007837,638.0
Eastern Wood-Pewee,9,4,Sep_W4,0.002656,753.0
Eastern Wood-Pewee,10,1,Oct_W1,0.0,630.0
Eastern Wood-Pewee,10,2,Oct_W2,0.0,578.0
Eastern Wood-Pewee,10,3,Oct_W3,0.0,488.0
Eastern Wood-Pewee,10,4,Oct_W4,0.0,562.0
Eastern Wood-Pewee,11,1,Nov_W1,0.0,383.0
Eastern Wood-Pewee,11,2,Nov_W2,0.0,329.0
Eastern Wood-Pewee,11,3,Nov_W3,0.0,273.0
Eastern Wood-Pewee,11,4,Nov_W4,0.0,270.0
Eastern Wood-Pewee,12,1,Dec_W1,0.0,157.0
Eastern Wood-Pewee,12,2,Dec_W2,0.0,166.0
Eastern Wood-Pewee,12,3,Dec_W3,0.0,137.0
Eastern Wood-Pewee,12,4,Dec_W4,0.0,145.0
Yellow-bellied Flycatcher,1,1,Jan_W1,0.0,185.0
Yellow-bellied Flycatcher,1,2,Jan_W2,0.0,88.0
Yellow-bellied Flycatcher,1,3,Jan_W3,0.0,105.0
Yellow-bellied Flycatcher,1,4,Jan_W4,0.0,140.0
Yellow-bellied Flycatcher,2,1,Feb_W1,0.0,123.0
Yellow-bellied Flycatcher,2,2,Feb_W2,0.0,108.0
Yellow-bellied Flycatcher,2,3,Feb_W3,0.0,118.0
Yellow-bellied Flycatcher,2,4,Feb_W4,0.0,70.0
Yellow-bellied Flycatcher,3,1,Mar_W1,0.0,105.0
Yellow-bellied Flycatcher,3,2,Mar_W2,0.0,114.0
Yellow-bellied Flycatcher,3,3,Mar_W3,0.0,142.0
Yellow-bellied Flycatcher,3,4,Mar_W4,0.0,164.0
Yellow-bellied Flycatcher,4,1,Apr_W1,0.0,261.0
Yellow-bellied Flycatcher,4,2,Apr_W2,0.0,364.0
Yellow-bellied Flycatcher,4,3,Apr_W3,0.0,430.0
Yellow-bellied Flycatcher,4,4,Apr_W4,0.0,706.0
Yellow-bellied Flycatcher,5,1,May_W1,0.0,645.0
Yellow-bellied Flycatcher,5,2,May_W2,0.0,774.0
Yellow-bellied Flycatcher,5,3,May_W3,0.0026144,765.0
Yellow-bellied Flycatcher,5,4,May_W4,0.015873,1386.0
Yellow-bellied Flycatcher,6,1,Jun_W1,0.0187135,855.0
Yellow-bellied Flycatcher,6,2,Jun_W2,0.0305851,752.0
Yellow-bellied Flycatcher,6,3,Jun_W3,0.008,625.0
Yellow-bellied Flycatcher,6,4,Jun_W4,0.0067114,745.0
Yellow-bellied Flycatcher,7,1,Jul_W1,0.0015,695.0
Yellow-bellied Flycatcher,7,2,Jul_W2,0.0042194,711.0
Yellow-bellied Flycatcher,7,3,Jul_W3,0.0017575,569.0
Yellow-bellied Flycatcher,7,4,Jul_W4,0.002265,883.0
Yellow-bellied Flycatcher,8,1,Aug_W1,0.0032949,607.0
Yellow-bellied Flycatcher,8,2,Aug_W2,0.0046948,639.0
Yellow-bellied Flycatcher,8,3,Aug_W3,0.0017065,586.0
Yellow-bellied Flycatcher,8,4,Aug_W4,0.0011834,845.0
Yellow-bellied Flycatcher,9,1,Sep_W1,0.0018939,528.0
Yellow-bellied Flycatcher,9,2,Sep_W2,0.0030628,653.0
Yellow-bellied Flycatcher,9,3,Sep_W3,0.0,638.0
Yellow-bellied Flycatcher,9,4,Sep_W4,0.001328,753.0
Yellow-bellied Flycatcher,10,1,Oct_W1,0.0,630.0
Yellow-bellied Flycatcher,10,2,Oct_W2,0.0,578.0
Yellow-bellied Flycatcher,10,3,Oct_W3,0.0,488.0
Yellow-bellied Flycatcher,10,4,Oct_W4,0.0,562.0
Yellow-bellied Flycatcher,11,1,Nov_W1,0.0,383.0
Yellow-bellied Flycatcher,11,2,Nov_W2,0.0,329.0
Yellow-bellied Flycatcher,11,3,Nov_W3,0.0,273.0
Yellow-bellied Flycatcher,11,4,Nov_W4,0.0,270.0
Yellow-bellied Flycatcher,12,1,Dec_W1,0.0,157.0
Yellow-bellied Flycatcher,12,2,Dec_W2,0.0,166.0
Yellow-bellied Flycatcher,12,3,Dec_W3,0.0,137.0
Yellow-bellied Flycatcher,12,4,Dec_W4,0.0,145.0
Alder Flycatcher,1,1,Jan_W1,0.0,185.0
Alder Flycatcher,1,2,Jan_W2,0.0,88.0
Alder Flycatcher,1,3,Jan_W3,0.0,105.0
Alder Flycatcher,1,4,Jan_W4,0.0,140.0
Alder Flycatcher,2,1,Feb_W1,0.0,123.0
Alder Flycatcher,2,2,Feb_W2,0.0,108.0
Alder Flycatcher,2,3,Feb_W3,0.0,118.0
Alder Flycatcher,2,4,Feb_W4,0.0,70.0
Alder Flycatcher,3,1,Mar_W1,0.0,105.0
Alder Flycatcher,3,2,Mar_W2,0.0,114.0
Alder Flycatcher,3,3,Mar_W3,0.0,142.0
Alder Flycatcher,3,4,Mar_W4,0.0,164.0
Alder Flycatcher,4,1,Apr_W1,0.0,261.0
Alder Flycatcher,4,2,Apr_W2,0.0,364.0
Alder Flycatcher,4,3,Apr_W3,0.0,430.0
Alder Flycatcher,4,4,Apr_W4,0.0,706.0
Alder Flycatcher,5,1,May_W1,0.0,645.0
Alder Flycatcher,5,2,May_W2,0.001292,774.0
Alder Flycatcher,5,3,May_W3,0.0143791,765.0
Alder Flycatcher,5,4,May_W4,0.1248196,1386.0
Alder Flycatcher,6,1,Jun_W1,0.2128655,855.0
Alder Flycatcher,6,2,Jun_W2,0.2007979,752.0
Alder Flycatcher,6,3,Jun_W3,0.1808,625.0
Alder Flycatcher,6,4,Jun_W4,0.1100671,745.0
Alder Flycatcher,7,1,Jul_W1,0.0805755,695.0
Alder Flycatcher,7,2,Jul_W2,0.0703235,711.0
Alder Flycatcher,7,3,Jul_W3,0.0773286,569.0
Alder Flycatcher,7,4,Jul_W4,0.1370328,883.0
Alder Flycatcher,8,1,Aug_W1,0.092257,607.0
Alder Flycatcher,8,2,Aug_W2,0.0266041,639.0
Alder Flycatcher,8,3,Aug_W3,0.003413,586.0
Alder Flycatcher,8,4,Aug_W4,0.0023669,845.0
Alder Flycatcher,9,1,Sep_W1,0.0,528.0
Alder Flycatcher,9,2,Sep_W2,0.0015314,653.0
Alder Flycatcher,9,3,Sep_W3,0.0,638.0
Alder Flycatcher,9,4,Sep_W4,0.0,753.0
Alder Flycatcher,10,1,Oct_W1,0.0,630.0
Alder Flycatcher,10,2,Oct_W2,0.0,578.0
Alder Flycatcher,10,3,Oct_W3,0.0,488.0
Alder Flycatcher,10,4,Oct_W4,0.0,562.0
Alder Flycatcher,11,1,Nov_W1,0.0,383.0
Alder Flycatcher,11,2,Nov_W2,0.0,329.0
Alder Flycatcher,11,3,Nov_W3,0.0,273.0
Alder Flycatcher,11,4,Nov_W4,0.0,270.0
Alder Flycatcher,12,1,Dec_W1,0.0,157.0
Alder Flycatcher,12,2,Dec_W2,0.0,166.0
Alder Flycatcher,12,3,Dec_W3,0.0,137.0
Alder Flycatcher,12,4,Dec_W4,0.0,145.0
Willow Flycatcher,1,1,Jan_W1,0.0,185.0
Willow Flycatcher,1,2,Jan_W2,0.0,88.0
Willow Flycatcher,1,3,Jan_W3,0.0,105.0
Willow Flycatcher,1,4,Jan_W4,0.0,140.0
Willow Flycatcher,2,1,Feb_W1,0.0,123.0
Willow Flycatcher,2,2,Feb_W2,0.0,108.0
Willow Flycatcher,2,3,Feb_W3,0.0,118.0
Willow Flycatcher,2,4,Feb_W4,0.0,70.0
Willow Flycatcher,3,1,Mar_W1,0.0,105.0
Willow Flycatcher,3,2,Mar_W2,0.0,114.0
Willow Flycatcher,3,3,Mar_W3,0.0,142.0
Willow Flycatcher,3,4,Mar_W4,0.0,164.0
Willow Flycatcher,4,1,Apr_W1,0.0,261.0
Willow Flycatcher,4,2,Apr_W2,0.0,364.0
Willow Flycatcher,4,3,Apr_W3,0.0,430.0
Willow Flycatcher,4,4,Apr_W4,0.0,706.0
Willow Flycatcher,5,1,May_W1,0.0,645.0
Willow Flycatcher,5,2,May_W2,0.0,774.0
Willow Flycatcher,5,3,May_W3,0.0,765.0
Willow Flycatcher,5,4,May_W4,0.0,1386.0
Willow Flycatcher,6,1,Jun_W1,0.0,855.0
Willow Flycatcher,6,2,Jun_W2,0.0,752.0
Willow Flycatcher,6,3,Jun_W3,0.0,625.0
Willow Flycatcher,6,4,Jun_W4,0.0013423,745.0
Willow Flycatcher,7,1,Jul_W1,0.0,695.0
Willow Flycatcher,7,2,Jul_W2,0.0,711.0
Willow Flycatcher,7,3,Jul_W3,0.0,569.0
Willow Flycatcher,7,4,Jul_W4,0.0,883.0
Willow Flycatcher,8,1,Aug_W1,0.0,607.0
Willow Flycatcher,8,2,Aug_W2,0.0,639.0
Willow Flycatcher,8,3,Aug_W3,0.0,586.0
Willow Flycatcher,8,4,Aug_W4,0.0,845.0
Willow Flycatcher,9,1,Sep_W1,0.0,528.0
Willow Flycatcher,9,2,Sep_W2,0.0,653.0
Willow Flycatcher,9,3,Sep_W3,0.0,638.0
Willow Flycatcher,9,4,Sep_W4,0.0,753.0
Willow Flycatcher,10,1,Oct_W1,0.0,630.0
Willow Flycatcher,10,2,Oct_W2,0.0,578.0
Willow Flycatcher,10,3,Oct_W3,0.0,488.0
Willow Flycatcher,10,4,Oct_W4,0.0,562.0
Willow Flycatcher,11,1,Nov_W1,0.0,383.0
Willow Flycatcher,11,2,Nov_W2,0.0,329.0
Willow Flycatcher,11,3,Nov_W3,0.0,273.0
Willow Flycatcher,11,4,Nov_W4,0.0,270.0
Willow Flycatcher,12,1,Dec_W1,0.0,157.0
Willow Flycatcher,12,2,Dec_W2,0.0,166.0
Willow Flycatcher,12,3,Dec_W3,0.0,137.0
Willow Flycatcher,12,4,Dec_W4,0.0,145.0
Least Flycatcher,1,1,Jan_W1,0.0,185.0
Least Flycatcher,1,2,Jan_W2,0.0,88.0
Least Flycatcher,1,3,Jan_W3,0.0,105.0
Least Flycatcher,1,4,Jan_W4,0.0,140.0
Least Flycatcher,2,1,Feb_W1,0.0,123.0
Least Flycatcher,2,2,Feb_W2,0.0,108.0
Least Flycatcher,2,3,Feb_W3,0.0,118.0
Least Flycatcher,2,4,Feb_W4,0.0,70.0
Least Flycatcher,3,1,Mar_W1,0.0,105.0
Least Flycatcher,3,2,Mar_W2,0.0,114.0
Least Flycatcher,3,3,Mar_W3,0.0,142.0
Least Flycatcher,3,4,Mar_W4,0.0,164.0
Least Flycatcher,4,1,Apr_W1,0.0,261.0
Least Flycatcher,4,2,Apr_W2,0.0,364.0
Least Flycatcher,4,3,Apr_W3,0.0,430.0
Least Flycatcher,4,4,Apr_W4,0.0,706.0
Least Flycatcher,5,1,May_W1,0.0062016,645.0
Least Flycatcher,5,2,May_W2,0.0439276,774.0
Least Flycatcher,5,3,May_W3,0.1372549,765.0
Least Flycatcher,5,4,May_W4,0.1911977,1386.0
Least Flycatcher,6,1,Jun_W1,0.148538,855.0
Least Flycatcher,6,2,Jun_W2,0.1742021,752.0
Least Flycatcher,6,3,Jun_W3,0.1536,625.0
Least Flycatcher,6,4,Jun_W4,0.1718121,745.0
Least Flycatcher,7,1,Jul_W1,0.1093525,695.0
Least Flycatcher,7,2,Jul_W2,0.068917,711.0
Least Flycatcher,7,3,Jul_W3,0.0351494,569.0
Least Flycatcher,7,4,Jul_W4,0.0328426,883.0
Least Flycatcher,8,1,Aug_W1,0.0543657,607.0
Least Flycatcher,8,2,Aug_W2,0.0469484,639.0
Least Flycatcher,8,3,Aug_W3,0.0307167,586.0
Least Flycatcher,8,4,Aug_W4,0.0106509,845.0
Least Flycatcher,9,1,Sep_W1,0.0113636,528.0
Least Flycatcher,9,2,Sep_W2,0.0,653.0
Least Flycatcher,9,3,Sep_W3,0.0015674,638.0
Least Flycatcher,9,4,Sep_W4,0.001328,753.0
Least Flycatcher,10,1,Oct_W1,0.0,630.0
Least Flycatcher,10,2,Oct_W2,0.0,578.0
Least Flycatcher,10,3,Oct_W3,0.0,488.0
Least Flycatcher,10,4,Oct_W4,0.0,562.0
Least Flycatcher,11,1,Nov_W1,0.0,383.0
Least Flycatcher,11,2,Nov_W2,0.0,329.0
Least Flycatcher,11,3,Nov_W3,0.0,273.0
Least Flycatcher,11,4,Nov_W4,0.0,270.0
Least Flycatcher,12,1,Dec_W1,0.0,157.0
Least Flycatcher,12,2,Dec_W2,0.0,166.0
Least Flycatcher,12,3,Dec_W3,0.0,137.0
Least Flycatcher,12,4,Dec_W4,0.0,145.0
Eastern Phoebe,1,1,Jan_W1,0.0,185.0
Eastern Phoebe,1,2,Jan_W2,0.0,88.0
Eastern Phoebe,1,3,Jan_W3,0.0,105.0
Eastern Phoebe,1,4,Jan_W4,0.0,140.0
Eastern Phoebe,2,1,Feb_W1,0.0,123.0
Eastern Phoebe,2,2,Feb_W2,0.0,108.0
Eastern Phoebe,2,3,Feb_W3,0.0,118.0
Eastern Phoebe,2,4,Feb_W4,0.0,70.0
Eastern Phoebe,3,1,Mar_W1,0.0,105.0
Eastern Phoebe,3,2,Mar_W2,0.0,114.0
Eastern Phoebe,3,3,Mar_W3,0.0,142.0
Eastern Phoebe,3,4,Mar_W4,0.0060976,164.0
Eastern Phoebe,4,1,Apr_W1,0.0191571,261.0
Eastern Phoebe,4,2,Apr_W2,0.1016484,364.0
Eastern Phoebe,4,3,Apr_W3,0.0953488,430.0
Eastern Phoebe,4,4,Apr_W4,0.101983,706.0
Eastern Phoebe,5,1,May_W1,0.1085271,645.0
Eastern Phoebe,5,2,May_W2,0.0826873,774.0
Eastern Phoebe,5,3,May_W3,0.0849673,765.0
Eastern Phoebe,5,4,May_W4,0.0966811,1386.0
Eastern Phoebe,6,1,Jun_W1,0.1052632,855.0
Eastern Phoebe,6,2,Jun_W2,0.0890957,752.0
Eastern Phoebe,6,3,Jun_W3,0.0816,625.0
Eastern Phoebe,6,4,Jun_W4,0.0805369,745.0
Eastern Phoebe,7,1,Jul_W1,0.0848921,695.0
Eastern Phoebe,7,2,Jul_W2,0.0829817,711.0
Eastern Phoebe,7,3,Jul_W3,0.086116,569.0
Eastern Phoebe,7,4,Jul_W4,0.0736127,883.0
Eastern Phoebe,8,1,Aug_W1,0.0527183,607.0
Eastern Phoebe,8,2,Aug_W2,0.0532081,639.0
Eastern Phoebe,8,3,Aug_W3,0.059727,586.0
Eastern Phoebe,8,4,Aug_W4,0.0662722,845.0
Eastern Phoebe,9,1,Sep_W1,0.0416667,528.0
Eastern Phoebe,9,2,Sep_W2,0.0290965,653.0
Eastern Phoebe,9,3,Sep_W3,0.0266458,638.0
Eastern Phoebe,9,4,Sep_W4,0.0225764,753.0
Eastern Phoebe,10,1,Oct_W1,0.0063492,630.0
Eastern Phoebe,10,2,Oct_W2,0.0051903,578.0
Eastern Phoebe,10,3,Oct_W3,0.0,488.0
Eastern Phoebe,10,4,Oct_W4,0.0017794,562.0
Eastern Phoebe,11,1,Nov_W1,0.0,383.0
Eastern Phoebe,11,2,Nov_W2,0.0,329.0
Eastern Phoebe,11,3,Nov_W3,0.0,273.0
Eastern Phoebe,11,4,Nov_W4,0.0,270.0
Eastern Phoebe,12,1,Dec_W1,0.0,157.0
Eastern Phoebe,12,2,Dec_W2,0.0,166.0
Eastern Phoebe,12,3,Dec_W3,0.0,137.0
Eastern Phoebe,12,4,Dec_W4,0.0,145.0
Vermilion Flycatcher,1,1,Jan_W1,0.0,185.0
Vermilion Flycatcher,1,2,Jan_W2,0.0,88.0
Vermilion Flycatcher,1,3,Jan_W3,0.0,105.0
Vermilion Flycatcher,1,4,Jan_W4,0.0,140.0
Vermilion Flycatcher,2,1,Feb_W1,0.0,123.0
Vermilion Flycatcher,2,2,Feb_W2,0.0,108.0
Vermilion Flycatcher,2,3,Feb_W3,0.0,118.0
Vermilion Flycatcher,2,4,Feb_W4,0.0,70.0
Vermilion Flycatcher,3,1,Mar_W1,0.0,105.0
Vermilion Flycatcher,3,2,Mar_W2,0.0,114.0
Vermilion Flycatcher,3,3,Mar_W3,0.0,142.0
Vermilion Flycatcher,3,4,Mar_W4,0.0,164.0
Vermilion Flycatcher,4,1,Apr_W1,0.0,261.0
Vermilion Flycatcher,4,2,Apr_W2,0.0,364.0
Vermilion Flycatcher,4,3,Apr_W3,0.0,430.0
Vermilion Flycatcher,4,4,Apr_W4,0.0,706.0
Vermilion Flycatcher,5,1,May_W1,0.0,645.0
Vermilion Flycatcher,5,2,May_W2,0.0,774.0
Vermilion Flycatcher,5,3,May_W3,0.0,765.0
Vermilion Flycatcher,5,4,May_W4,0.0,1386.0
Vermilion Flycatcher,6,1,Jun_W1,0.0,855.0
Vermilion Flycatcher,6,2,Jun_W2,0.0,752.0
Vermilion Flycatcher,6,3,Jun_W3,0.0,625.0
Vermilion Flycatcher,6,4,Jun_W4,0.0,745.0
Vermilion Flycatcher,7,1,Jul_W1,0.0,695.0
Vermilion Flycatcher,7,2,Jul_W2,0.0,711.0
Vermilion Flycatcher,7,3,Jul_W3,0.0,569.0
Vermilion Flycatcher,7,4,Jul_W4,0.0,883.0
Vermilion Flycatcher,8,1,Aug_W1,0.0,607.0
Vermilion Flycatcher,8,2,Aug_W2,0.0,639.0
Vermilion Flycatcher,8,3,Aug_W3,0.0,586.0
Vermilion Flycatcher,8,4,Aug_W4,0.0,845.0
Vermilion Flycatcher,9,1,Sep_W1,0.0,528.0
Vermilion Flycatcher,9,2,Sep_W2,0.0,653.0
Vermilion Flycatcher,9,3,Sep_W3,0.0,638.0
Vermilion Flycatcher,9,4,Sep_W4,0.0,753.0
Vermilion Flycatcher,10,1,Oct_W1,0.0,630.0
Vermilion Flycatcher,10,2,Oct_W2,0.0,578.0
Vermilion Flycatcher,10,3,Oct_W3,0.0,488.0
Vermilion Flycatcher,10,4,Oct_W4,0.0071174,562.0
Vermilion Flycatcher,11,1,Nov_W1,0.0182768,383.0
Vermilion Flycatcher,11,2,Nov_W2,0.0030395,329.0
Vermilion Flycatcher,11,3,Nov_W3,0.003663,273.0
Vermilion Flycatcher,11,4,Nov_W4,0.0,270.0
Vermilion Flycatcher,12,1,Dec_W1,0.0,157.0
Vermilion Flycatcher,12,2,Dec_W2,0.0,166.0
Vermilion Flycatcher,12,3,Dec_W3,0.0,137.0
Vermilion Flycatcher,12,4,Dec_W4,0.0,145.0
Great Crested Flycatcher,1,1,Jan_W1,0.0,185.0
Great Crested Flycatcher,1,2,Jan_W2,0.0,88.0
Great Crested Flycatcher,1,3,Jan_W3,0.0,105.0
Great Crested Flycatcher,1,4,Jan_W4,0.0,140.0
Great Crested Flycatcher,2,1,Feb_W1,0.0,123.0
Great Crested Flycatcher,2,2,Feb_W2,0.0,108.0
Great Crested Flycatcher,2,3,Feb_W3,0.0,118.0
Great Crested Flycatcher,2,4,Feb_W4,0.0,70.0
Great Crested Flycatcher,3,1,Mar_W1,0.0,105.0
Great Crested Flycatcher,3,2,Mar_W2,0.0,114.0
Great Crested Flycatcher,3,3,Mar_W3,0.0,142.0
Great Crested Flycatcher,3,4,Mar_W4,0.0,164.0
Great Crested Flycatcher,4,1,Apr_W1,0.0,261.0
Great Crested Flycatcher,4,2,Apr_W2,0.0,364.0
Great Crested Flycatcher,4,3,Apr_W3,0.0,430.0
Great Crested Flycatcher,4,4,Apr_W4,0.0,706.0
Great Crested Flycatcher,5,1,May_W1,0.0,645.0
Great Crested Flycatcher,5,2,May_W2,0.0064599,774.0
Great Crested Flycatcher,5,3,May_W3,0.0287582,765.0
Great Crested Flycatcher,5,4,May_W4,0.0613276,1386.0
Great Crested Flycatcher,6,1,Jun_W1,0.1087719,855.0
Great Crested Flycatcher,6,2,Jun_W2,0.0824468,752.0
Great Crested Flycatcher,6,3,Jun_W3,0.088,625.0
Great Crested Flycatcher,6,4,Jun_W4,0.0550336,745.0
Great Crested Flycatcher,7,1,Jul_W1,0.0201439,695.0
Great Crested Flycatcher,7,2,Jul_W2,0.021097,711.0
Great Crested Flycatcher,7,3,Jul_W3,0.0070299,569.0
Great Crested Flycatcher,7,4,Jul_W4,0.011325,883.0
Great Crested Flycatcher,8,1,Aug_W1,0.0049423,607.0
Great Crested Flycatcher,8,2,Aug_W2,0.0031299,639.0
Great Crested Flycatcher,8,3,Aug_W3,0.0,586.0
Great Crested Flycatcher,8,4,Aug_W4,0.0047337,845.0
Great Crested Flycatcher,9,1,Sep_W1,0.0037879,528.0
Great Crested Flycatcher,9,2,Sep_W2,0.0,653.0
Great Crested Flycatcher,9,3,Sep_W3,0.0015674,638.0
Great Crested Flycatcher,9,4,Sep_W4,0.0,753.0
Great Crested Flycatcher,10,1,Oct_W1,0.0,630.0
Great Crested Flycatcher,10,2,Oct_W2,0.0,578.0
Great Crested Flycatcher,10,3,Oct_W3,0.0,488.0
Great Crested Flycatcher,10,4,Oct_W4,0.0,562.0
Great Crested Flycatcher,11,1,Nov_W1,0.0,383.0
Great Crested Flycatcher,11,2,Nov_W2,0.0,329.0
Great Crested Flycatcher,11,3,Nov_W3,0.0,273.0
Great Crested Flycatcher,11,4,Nov_W4,0.0,270.0
Great Crested Flycatcher,12,1,Dec_W1,0.0,157.0
Great Crested Flycatcher,12,2,Dec_W2,0.0,166.0
Great Crested Flycatcher,12,3,Dec_W3,0.0,137.0
Great Crested Flycatcher,12,4,Dec_W4,0.0,145.0
Tropical Kingbird,1,1,Jan_W1,0.0,185.0
Tropical Kingbird,1,2,Jan_W2,0.0,88.0
Tropical Kingbird,1,3,Jan_W3,0.0,105.0
Tropical Kingbird,1,4,Jan_W4,0.0,140.0
Tropical Kingbird,2,1,Feb_W1,0.0,123.0
Tropical Kingbird,2,2,Feb_W2,0.0,108.0
Tropical Kingbird,2,3,Feb_W3,0.0,118.0
Tropical Kingbird,2,4,Feb_W4,0.0,70.0
Tropical Kingbird,3,1,Mar_W1,0.0,105.0
Tropical Kingbird,3,2,Mar_W2,0.0,114.0
Tropical Kingbird,3,3,Mar_W3,0.0,142.0
Tropical Kingbird,3,4,Mar_W4,0.0,164.0
Tropical Kingbird,4,1,Apr_W1,0.0,261.0
Tropical Kingbird,4,2,Apr_W2,0.0,364.0
Tropical Kingbird,4,3,Apr_W3,0.0,430.0
Tropical Kingbird,4,4,Apr_W4,0.0,706.0
Tropical Kingbird,5,1,May_W1,0.0,645.0
Tropical Kingbird,5,2,May_W2,0.0,774.0
Tropical Kingbird,5,3,May_W3,0.0,765.0
Tropical Kingbird,5,4,May_W4,0.0,1386.0
Tropical Kingbird,6,1,Jun_W1,0.0,855.0
Tropical Kingbird,6,2,Jun_W2,0.0,752.0
Tropical Kingbird,6,3,Jun_W3,0.0,625.0
Tropical Kingbird,6,4,Jun_W4,0.0,745.0
Tropical Kingbird,7,1,Jul_W1,0.0,695.0
Tropical Kingbird,7,2,Jul_W2,0.0,711.0
Tropical Kingbird,7,3,Jul_W3,0.0,569.0
Tropical Kingbird,7,4,Jul_W4,0.0,883.0
Tropical Kingbird,8,1,Aug_W1,0.0,607.0
Tropical Kingbird,8,2,Aug_W2,0.0,639.0
Tropical Kingbird,8,3,Aug_W3,0.0,586.0
Tropical Kingbird,8,4,Aug_W4,0.0,845.0
Tropical Kingbird,9,1,Sep_W1,0.0,528.0
Tropical Kingbird,9,2,Sep_W2,0.0,653.0
Tropical Kingbird,9,3,Sep_W3,0.0,638.0
Tropical Kingbird,9,4,Sep_W4,0.0,753.0
Tropical Kingbird,10,1,Oct_W1,0.0,630.0
Tropical Kingbird,10,2,Oct_W2,0.0,578.0
Tropical Kingbird,10,3,Oct_W3,0.0,488.0
Tropical Kingbird,10,4,Oct_W4,0.0015,562.0
Tropical Kingbird,11,1,Nov_W1,0.0015,383.0
Tropical Kingbird,11,2,Nov_W2,0.0,329.0
Tropical Kingbird,11,3,Nov_W3,0.0,273.0
Tropical Kingbird,11,4,Nov_W4,0.0,270.0
Tropical Kingbird,12,1,Dec_W1,0.0,157.0
Tropical Kingbird,12,2,Dec_W2,0.0,166.0
Tropical Kingbird,12,3,Dec_W3,0.0,137.0
Tropical Kingbird,12,4,Dec_W4,0.0,145.0
Western Kingbird,1,1,Jan_W1,0.0,185.0
Western Kingbird,1,2,Jan_W2,0.0,88.0
Western Kingbird,1,3,Jan_W3,0.0,105.0
Western Kingbird,1,4,Jan_W4,0.0,140.0
Western Kingbird,2,1,Feb_W1,0.0,123.0
Western Kingbird,2,2,Feb_W2,0.0,108.0
Western Kingbird,2,3,Feb_W3,0.0,118.0
Western Kingbird,2,4,Feb_W4,0.0,70.0
Western Kingbird,3,1,Mar_W1,0.0,105.0
Western Kingbird,3,2,Mar_W2,0.0,114.0
Western Kingbird,3,3,Mar_W3,0.0,142.0
Western Kingbird,3,4,Mar_W4,0.0,164.0
Western Kingbird,4,1,Apr_W1,0.0,261.0
Western Kingbird,4,2,Apr_W2,0.0,364.0
Western Kingbird,4,3,Apr_W3,0.0,430.0
Western Kingbird,4,4,Apr_W4,0.0,706.0
Western Kingbird,5,1,May_W1,0.0,645.0
Western Kingbird,5,2,May_W2,0.0,774.0
Western Kingbird,5,3,May_W3,0.0,765.0
Western Kingbird,5,4,May_W4,0.002886,1386.0
Western Kingbird,6,1,Jun_W1,0.0035088,855.0
Western Kingbird,6,2,Jun_W2,0.0,752.0
Western Kingbird,6,3,Jun_W3,0.0,625.0
Western Kingbird,6,4,Jun_W4,0.0,745.0
Western Kingbird,7,1,Jul_W1,0.0,695.0
Western Kingbird,7,2,Jul_W2,0.0,711.0
Western Kingbird,7,3,Jul_W3,0.0,569.0
Western Kingbird,7,4,Jul_W4,0.0,883.0
Western Kingbird,8,1,Aug_W1,0.0,607.0
Western Kingbird,8,2,Aug_W2,0.0,639.0
Western Kingbird,8,3,Aug_W3,0.0015,586.0
Western Kingbird,8,4,Aug_W4,0.0,845.0
Western Kingbird,9,1,Sep_W1,0.0,528.0
Western Kingbird,9,2,Sep_W2,0.0,653.0
Western Kingbird,9,3,Sep_W3,0.0015674,638.0
Western Kingbird,9,4,Sep_W4,0.0,753.0
Western Kingbird,10,1,Oct_W1,0.0,630.0
Western Kingbird,10,2,Oct_W2,0.0,578.0
Western Kingbird,10,3,Oct_W3,0.0,488.0
Western Kingbird,10,4,Oct_W4,0.0,562.0
Western Kingbird,11,1,Nov_W1,0.0,383.0
Western Kingbird,11,2,Nov_W2,0.0,329.0
Western Kingbird,11,3,Nov_W3,0.0,273.0
Western Kingbird,11,4,Nov_W4,0.0,270.0
Western Kingbird,12,1,Dec_W1,0.0,157.0
Western Kingbird,12,2,Dec_W2,0.0,166.0
Western Kingbird,12,3,Dec_W3,0.0,137.0
Western Kingbird,12,4,Dec_W4,0.0,145.0
Eastern Kingbird,1,1,Jan_W1,0.0,185.0
Eastern Kingbird,1,2,Jan_W2,0.0,88.0
Eastern Kingbird,1,3,Jan_W3,0.0,105.0
Eastern Kingbird,1,4,Jan_W4,0.0,140.0
Eastern Kingbird,2,1,Feb_W1,0.0,123.0
Eastern Kingbird,2,2,Feb_W2,0.0,108.0
Eastern Kingbird,2,3,Feb_W3,0.0,118.0
Eastern Kingbird,2,4,Feb_W4,0.0,70.0
Eastern Kingbird,3,1,Mar_W1,0.0,105.0
Eastern Kingbird,3,2,Mar_W2,0.0,114.0
Eastern Kingbird,3,3,Mar_W3,0.0,142.0
Eastern Kingbird,3,4,Mar_W4,0.0,164.0
Eastern Kingbird,4,1,Apr_W1,0.0,261.0
Eastern Kingbird,4,2,Apr_W2,0.0,364.0
Eastern Kingbird,4,3,Apr_W3,0.0,430.0
Eastern Kingbird,4,4,Apr_W4,0.0,706.0
Eastern Kingbird,5,1,May_W1,0.0015504,645.0
Eastern Kingbird,5,2,May_W2,0.0129199,774.0
Eastern Kingbird,5,3,May_W3,0.0431373,765.0
Eastern Kingbird,5,4,May_W4,0.1190476,1386.0
Eastern Kingbird,6,1,Jun_W1,0.1450292,855.0
Eastern Kingbird,6,2,Jun_W2,0.1489362,752.0
Eastern Kingbird,6,3,Jun_W3,0.1296,625.0
Eastern Kingbird,6,4,Jun_W4,0.1275168,745.0
Eastern Kingbird,7,1,Jul_W1,0.0892086,695.0
Eastern Kingbird,7,2,Jul_W2,0.0886076,711.0
Eastern Kingbird,7,3,Jul_W3,0.115993,569.0
Eastern Kingbird,7,4,Jul_W4,0.1200453,883.0
Eastern Kingbird,8,1,Aug_W1,0.1037891,607.0
Eastern Kingbird,8,2,Aug_W2,0.1126761,639.0
Eastern Kingbird,8,3,Aug_W3,0.0784983,586.0
Eastern Kingbird,8,4,Aug_W4,0.0189349,845.0
Eastern Kingbird,9,1,Sep_W1,0.0,528.0
Eastern Kingbird,9,2,Sep_W2,0.0015314,653.0
Eastern Kingbird,9,3,Sep_W3,0.0,638.0
Eastern Kingbird,9,4,Sep_W4,0.0,753.0
Eastern Kingbird,10,1,Oct_W1,0.0,630.0
Eastern Kingbird,10,2,Oct_W2,0.0,578.0
Eastern Kingbird,10,3,Oct_W3,0.0,488.0
Eastern Kingbird,10,4,Oct_W4,0.0,562.0
Eastern Kingbird,11,1,Nov_W1,0.0,383.0
Eastern Kingbird,11,2,Nov_W2,0.0,329.0
Eastern Kingbird,11,3,Nov_W3,0.0,273.0
Eastern Kingbird,11,4,Nov_W4,0.0,270.0
Eastern Kingbird,12,1,Dec_W1,0.0,157.0
Eastern Kingbird,12,2,Dec_W2,0.0,166.0
Eastern Kingbird,12,3,Dec_W3,0.0,137.0
Eastern Kingbird,12,4,Dec_W4,0.0,145.0
Scissor-tailed Flycatcher,1,1,Jan_W1,0.0,185.0
Scissor-tailed Flycatcher,1,2,Jan_W2,0.0,88.0
Scissor-tailed Flycatcher,1,3,Jan_W3,0.0,105.0
Scissor-tailed Flycatcher,1,4,Jan_W4,0.0,140.0
Scissor-tailed Flycatcher,2,1,Feb_W1,0.0,123.0
Scissor-tailed Flycatcher,2,2,Feb_W2,0.0,108.0
Scissor-tailed Flycatcher,2,3,Feb_W3,0.0,118.0
Scissor-tailed Flycatcher,2,4,Feb_W4,0.0,70.0
Scissor-tailed Flycatcher,3,1,Mar_W1,0.0,105.0
Scissor-tailed Flycatcher,3,2,Mar_W2,0.0,114.0
Scissor-tailed Flycatcher,3,3,Mar_W3,0.0,142.0
Scissor-tailed Flycatcher,3,4,Mar_W4,0.0,164.0
Scissor-tailed Flycatcher,4,1,Apr_W1,0.0,261.0
Scissor-tailed Flycatcher,4,2,Apr_W2,0.0,364.0
Scissor-tailed Flycatcher,4,3,Apr_W3,0.0,430.0
Scissor-tailed Flycatcher,4,4,Apr_W4,0.0,706.0
Scissor-tailed Flycatcher,5,1,May_W1,0.0015504,645.0
Scissor-tailed Flycatcher,5,2,May_W2,0.005168,774.0
Scissor-tailed Flycatcher,5,3,May_W3,0.0,765.0
Scissor-tailed Flycatcher,5,4,May_W4,0.0015,1386.0
Scissor-tailed Flycatcher,6,1,Jun_W1,0.0035088,855.0
Scissor-tailed Flycatcher,6,2,Jun_W2,0.0,752.0
Scissor-tailed Flycatcher,6,3,Jun_W3,0.0,625.0
Scissor-tailed Flycatcher,6,4,Jun_W4,0.0,745.0
Scissor-tailed Flycatcher,7,1,Jul_W1,0.0,695.0
Scissor-tailed Flycatcher,7,2,Jul_W2,0.0,711.0
Scissor-tailed Flycatcher,7,3,Jul_W3,0.0035149,569.0
Scissor-tailed Flycatcher,7,4,Jul_W4,0.0,883.0
Scissor-tailed Flycatcher,8,1,Aug_W1,0.0,607.0
Scissor-tailed Flycatcher,8,2,Aug_W2,0.0,639.0
Scissor-tailed Flycatcher,8,3,Aug_W3,0.0,586.0
Scissor-tailed Flycatcher,8,4,Aug_W4,0.0,845.0
Scissor-tailed Flycatcher,9,1,Sep_W1,0.0,528.0
Scissor-tailed Flycatcher,9,2,Sep_W2,0.0,653.0
Scissor-tailed Flycatcher,9,3,Sep_W3,0.0,638.0
Scissor-tailed Flycatcher,9,4,Sep_W4,0.0,753.0
Scissor-tailed Flycatcher,10,1,Oct_W1,0.0,630.0
Scissor-tailed Flycatcher,10,2,Oct_W2,0.0,578.0
Scissor-tailed Flycatcher,10,3,Oct_W3,0.0,488.0
Scissor-tailed Flycatcher,10,4,Oct_W4,0.0,562.0
Scissor-tailed Flycatcher,11,1,Nov_W1,0.0,383.0
Scissor-tailed Flycatcher,11,2,Nov_W2,0.0,329.0
Scissor-tailed Flycatcher,11,3,Nov_W3,0.0,273.0
Scissor-tailed Flycatcher,11,4,Nov_W4,0.0,270.0
Scissor-tailed Flycatcher,12,1,Dec_W1,0.0,157.0
Scissor-tailed Flycatcher,12,2,Dec_W2,0.0,166.0
Scissor-tailed Flycatcher,12,3,Dec_W3,0.0,137.0
Scissor-tailed Flycatcher,12,4,Dec_W4,0.0,145.0
Fork-tailed Flycatcher,1,1,Jan_W1,0.0,185.0
Fork-tailed Flycatcher,1,2,Jan_W2,0.0,88.0
Fork-tailed Flycatcher,1,3,Jan_W3,0.0,105.0
Fork-tailed Flycatcher,1,4,Jan_W4,0.0,140.0
Fork-tailed Flycatcher,2,1,Feb_W1,0.0,123.0
Fork-tailed Flycatcher,2,2,Feb_W2,0.0,108.0
Fork-tailed Flycatcher,2,3,Feb_W3,0.0,118.0
Fork-tailed Flycatcher,2,4,Feb_W4,0.0,70.0
Fork-tailed Flycatcher,3,1,Mar_W1,0.0,105.0
Fork-tailed Flycatcher,3,2,Mar_W2,0.0,114.0
Fork-tailed Flycatcher,3,3,Mar_W3,0.0,142.0
Fork-tailed Flycatcher,3,4,Mar_W4,0.0,164.0
Fork-tailed Flycatcher,4,1,Apr_W1,0.0,261.0
Fork-tailed Flycatcher,4,2,Apr_W2,0.0,364.0
Fork-tailed Flycatcher,4,3,Apr_W3,0.0,430.0
Fork-tailed Flycatcher,4,4,Apr_W4,0.0,706.0
Fork-tailed Flycatcher,5,1,May_W1,0.0,645.0
Fork-tailed Flycatcher,5,2,May_W2,0.0,774.0
Fork-tailed Flycatcher,5,3,May_W3,0.0,765.0
Fork-tailed Flycatcher,5,4,May_W4,0.0,1386.0
Fork-tailed Flycatcher,6,1,Jun_W1,0.0,855.0
Fork-tailed Flycatcher,6,2,Jun_W2,0.0,752.0
Fork-tailed Flycatcher,6,3,Jun_W3,0.0,625.0
Fork-tailed Flycatcher,6,4,Jun_W4,0.0,745.0
Fork-tailed Flycatcher,7,1,Jul_W1,0.0,695.0
Fork-tailed Flycatcher,7,2,Jul_W2,0.0,711.0
Fork-tailed Flycatcher,7,3,Jul_W3,0.0,569.0
Fork-tailed Flycatcher,7,4,Jul_W4,0.0,883.0
Fork-tailed Flycatcher,8,1,Aug_W1,0.0,607.0
Fork-tailed Flycatcher,8,2,Aug_W2,0.0,639.0
Fork-tailed Flycatcher,8,3,Aug_W3,0.0,586.0
Fork-tailed Flycatcher,8,4,Aug_W4,0.0,845.0
Fork-tailed Flycatcher,9,1,Sep_W1,0.0,528.0
Fork-tailed Flycatcher,9,2,Sep_W2,0.0,653.0
Fork-tailed Flycatcher,9,3,Sep_W3,0.0,638.0
Fork-tailed Flycatcher,9,4,Sep_W4,0.0,753.0
Fork-tailed Flycatcher,10,1,Oct_W1,0.0015,630.0
Fork-tailed Flycatcher,10,2,Oct_W2,0.0,578.0
Fork-tailed Flycatcher,10,3,Oct_W3,0.0,488.0
Fork-tailed Flycatcher,10,4,Oct_W4,0.0,562.0
Fork-tailed Flycatcher,11,1,Nov_W1,0.0,383.0
Fork-tailed Flycatcher,11,2,Nov_W2,0.0,329.0
Fork-tailed Flycatcher,11,3,Nov_W3,0.0,273.0
Fork-tailed Flycatcher,11,4,Nov_W4,0.0,270.0
Fork-tailed Flycatcher,12,1,Dec_W1,0.0,157.0
Fork-tailed Flycatcher,12,2,Dec_W2,0.0,166.0
Fork-tailed Flycatcher,12,3,Dec_W3,0.0,137.0
Fork-tailed Flycatcher,12,4,Dec_W4,0.0,145.0
Yellow-throated Vireo,1,1,Jan_W1,0.0,185.0
Yellow-throated Vireo,1,2,Jan_W2,0.0,88.0
Yellow-throated Vireo,1,3,Jan_W3,0.0,105.0
Yellow-throated Vireo,1,4,Jan_W4,0.0,140.0
Yellow-throated Vireo,2,1,Feb_W1,0.0,123.0
Yellow-throated Vireo,2,2,Feb_W2,0.0,108.0
Yellow-throated Vireo,2,3,Feb_W3,0.0,118.0
Yellow-throated Vireo,2,4,Feb_W4,0.0,70.0
Yellow-throated Vireo,3,1,Mar_W1,0.0,105.0
Yellow-throated Vireo,3,2,Mar_W2,0.0,114.0
Yellow-throated Vireo,3,3,Mar_W3,0.0,142.0
Yellow-throated Vireo,3,4,Mar_W4,0.0,164.0
Yellow-throated Vireo,4,1,Apr_W1,0.0,261.0
Yellow-throated Vireo,4,2,Apr_W2,0.0,364.0
Yellow-throated Vireo,4,3,Apr_W3,0.0,430.0
Yellow-throated Vireo,4,4,Apr_W4,0.0,706.0
Yellow-throated Vireo,5,1,May_W1,0.0,645.0
Yellow-throated Vireo,5,2,May_W2,0.001292,774.0
Yellow-throated Vireo,5,3,May_W3,0.0026144,765.0
Yellow-throated Vireo,5,4,May_W4,0.0021645,1386.0
Yellow-throated Vireo,6,1,Jun_W1,0.0,855.0
Yellow-throated Vireo,6,2,Jun_W2,0.0013298,752.0
Yellow-throated Vireo,6,3,Jun_W3,0.0015,625.0
Yellow-throated Vireo,6,4,Jun_W4,0.0,745.0
Yellow-throated Vireo,7,1,Jul_W1,0.0014388,695.0
Yellow-throated Vireo,7,2,Jul_W2,0.0042194,711.0
Yellow-throated Vireo,7,3,Jul_W3,0.0,569.0
Yellow-throated Vireo,7,4,Jul_W4,0.0,883.0
Yellow-throated Vireo,8,1,Aug_W1,0.0,607.0
Yellow-throated Vireo,8,2,Aug_W2,0.0,639.0
Yellow-throated Vireo,8,3,Aug_W3,0.0,586.0
Yellow-throated Vireo,8,4,Aug_W4,0.0,845.0
Yellow-throated Vireo,9,1,Sep_W1,0.0015,528.0
Yellow-throated Vireo,9,2,Sep_W2,0.0,653.0
Yellow-throated Vireo,9,3,Sep_W3,0.0,638.0
Yellow-throated Vireo,9,4,Sep_W4,0.0,753.0
Yellow-throated Vireo,10,1,Oct_W1,0.0,630.0
Yellow-throated Vireo,10,2,Oct_W2,0.0,578.0
Yellow-throated Vireo,10,3,Oct_W3,0.0,488.0
Yellow-throated Vireo,10,4,Oct_W4,0.0,562.0
Yellow-throated Vireo,11,1,Nov_W1,0.0,383.0
Yellow-throated Vireo,11,2,Nov_W2,0.0,329.0
Yellow-throated Vireo,11,3,Nov_W3,0.0,273.0
Yellow-throated Vireo,11,4,Nov_W4,0.0,270.0
Yellow-throated Vireo,12,1,Dec_W1,0.0,157.0
Yellow-throated Vireo,12,2,Dec_W2,0.0,166.0
Yellow-throated Vireo,12,3,Dec_W3,0.0,137.0
Yellow-throated Vireo,12,4,Dec_W4,0.0,145.0
Blue-headed Vireo,1,1,Jan_W1,0.0,185.0
Blue-headed Vireo,1,2,Jan_W2,0.0,88.0
Blue-headed Vireo,1,3,Jan_W3,0.0,105.0
Blue-headed Vireo,1,4,Jan_W4,0.0,140.0
Blue-headed Vireo,2,1,Feb_W1,0.0,123.0
Blue-headed Vireo,2,2,Feb_W2,0.0,108.0
Blue-headed Vireo,2,3,Feb_W3,0.0,118.0
Blue-headed Vireo,2,4,Feb_W4,0.0,70.0
Blue-headed Vireo,3,1,Mar_W1,0.0,105.0
Blue-headed Vireo,3,2,Mar_W2,0.0,114.0
Blue-headed Vireo,3,3,Mar_W3,0.0,142.0
Blue-headed Vireo,3,4,Mar_W4,0.0,164.0
Blue-headed Vireo,4,1,Apr_W1,0.0,261.0
Blue-headed Vireo,4,2,Apr_W2,0.0,364.0
Blue-headed Vireo,4,3,Apr_W3,0.0,430.0
Blue-headed Vireo,4,4,Apr_W4,0.0,706.0
Blue-headed Vireo,5,1,May_W1,0.027907,645.0
Blue-headed Vireo,5,2,May_W2,0.1111111,774.0
Blue-headed Vireo,5,3,May_W3,0.1281046,765.0
Blue-headed Vireo,5,4,May_W4,0.1262626,1386.0
Blue-headed Vireo,6,1,Jun_W1,0.0935673,855.0
Blue-headed Vireo,6,2,Jun_W2,0.0984043,752.0
Blue-headed Vireo,6,3,Jun_W3,0.1264,625.0
Blue-headed Vireo,6,4,Jun_W4,0.0993289,745.0
Blue-headed Vireo,7,1,Jul_W1,0.0618705,695.0
Blue-headed Vireo,7,2,Jul_W2,0.0745429,711.0
Blue-headed Vireo,7,3,Jul_W3,0.0773286,569.0
Blue-headed Vireo,7,4,Jul_W4,0.0702152,883.0
Blue-headed Vireo,8,1,Aug_W1,0.0642504,607.0
Blue-headed Vireo,8,2,Aug_W2,0.0610329,639.0
Blue-headed Vireo,8,3,Aug_W3,0.0580205,586.0
Blue-headed Vireo,8,4,Aug_W4,0.0449704,845.0
Blue-headed Vireo,9,1,Sep_W1,0.0416667,528.0
Blue-headed Vireo,9,2,Sep_W2,0.0673813,653.0
Blue-headed Vireo,9,3,Sep_W3,0.0344828,638.0
Blue-headed Vireo,9,4,Sep_W4,0.0358566,753.0
Blue-headed Vireo,10,1,Oct_W1,0.0047619,630.0
Blue-headed Vireo,10,2,Oct_W2,0.0015,578.0
Blue-headed Vireo,10,3,Oct_W3,0.0,488.0
Blue-headed Vireo,10,4,Oct_W4,0.0,562.0
Blue-headed Vireo,11,1,Nov_W1,0.0,383.0
Blue-headed Vireo,11,2,Nov_W2,0.0,329.0
Blue-headed Vireo,11,3,Nov_W3,0.0,273.0
Blue-headed Vireo,11,4,Nov_W4,0.0,270.0
Blue-headed Vireo,12,1,Dec_W1,0.0,157.0
Blue-headed Vireo,12,2,Dec_W2,0.0,166.0
Blue-headed Vireo,12,3,Dec_W3,0.0,137.0
Blue-headed Vireo,12,4,Dec_W4,0.0,145.0
Philadelphia Vireo,1,1,Jan_W1,0.0,185.0
Philadelphia Vireo,1,2,Jan_W2,0.0,88.0
Philadelphia Vireo,1,3,Jan_W3,0.0,105.0
Philadelphia Vireo,1,4,Jan_W4,0.0,140.0
Philadelphia Vireo,2,1,Feb_W1,0.0,123.0
Philadelphia Vireo,2,2,Feb_W2,0.0,108.0
Philadelphia Vireo,2,3,Feb_W3,0.0,118.0
Philadelphia Vireo,2,4,Feb_W4,0.0,70.0
Philadelphia Vireo,3,1,Mar_W1,0.0,105.0
Philadelphia Vireo,3,2,Mar_W2,0.0,114.0
Philadelphia Vireo,3,3,Mar_W3,0.0,142.0
Philadelphia Vireo,3,4,Mar_W4,0.0,164.0
Philadelphia Vireo,4,1,Apr_W1,0.0,261.0
Philadelphia Vireo,4,2,Apr_W2,0.0,364.0
Philadelphia Vireo,4,3,Apr_W3,0.0,430.0
Philadelphia Vireo,4,4,Apr_W4,0.0,706.0
Philadelphia Vireo,5,1,May_W1,0.0,645.0
Philadelphia Vireo,5,2,May_W2,0.0,774.0
Philadelphia Vireo,5,3,May_W3,0.0052288,765.0
Philadelphia Vireo,5,4,May_W4,0.0093795,1386.0
Philadelphia Vireo,6,1,Jun_W1,0.0046784,855.0
Philadelphia Vireo,6,2,Jun_W2,0.0013298,752.0
Philadelphia Vireo,6,3,Jun_W3,0.0,625.0
Philadelphia Vireo,6,4,Jun_W4,0.0,745.0
Philadelphia Vireo,7,1,Jul_W1,0.0,695.0
Philadelphia Vireo,7,2,Jul_W2,0.0,711.0
Philadelphia Vireo,7,3,Jul_W3,0.0017575,569.0
Philadelphia Vireo,7,4,Jul_W4,0.0,883.0
Philadelphia Vireo,8,1,Aug_W1,0.0,607.0
Philadelphia Vireo,8,2,Aug_W2,0.0031299,639.0
Philadelphia Vireo,8,3,Aug_W3,0.0051195,586.0
Philadelphia Vireo,8,4,Aug_W4,0.0153846,845.0
Philadelphia Vireo,9,1,Sep_W1,0.0170455,528.0
Philadelphia Vireo,9,2,Sep_W2,0.0091884,653.0
Philadelphia Vireo,9,3,Sep_W3,0.0031348,638.0
Philadelphia Vireo,9,4,Sep_W4,0.0,753.0
Philadelphia Vireo,10,1,Oct_W1,0.0,630.0
Philadelphia Vireo,10,2,Oct_W2,0.0,578.0
Philadelphia Vireo,10,3,Oct_W3,0.0,488.0
Philadelphia Vireo,10,4,Oct_W4,0.0,562.0
Philadelphia Vireo,11,1,Nov_W1,0.0,383.0
Philadelphia Vireo,11,2,Nov_W2,0.0,329.0
Philadelphia Vireo,11,3,Nov_W3,0.0,273.0
Philadelphia Vireo,11,4,Nov_W4,0.0,270.0
Philadelphia Vireo,12,1,Dec_W1,0.0,157.0
Philadelphia Vireo,12,2,Dec_W2,0.0,166.0
Philadelphia Vireo,12,3,Dec_W3,0.0,137.0
Philadelphia Vireo,12,4,Dec_W4,0.0,145.0
Eastern Warbling Vireo,1,1,Jan_W1,0.0,185.0
Eastern Warbling Vireo,1,2,Jan_W2,0.0,88.0
Eastern Warbling Vireo,1,3,Jan_W3,0.0,105.0
Eastern Warbling Vireo,1,4,Jan_W4,0.0,140.0
Eastern Warbling Vireo,2,1,Feb_W1,0.0,123.0
Eastern Warbling Vireo,2,2,Feb_W2,0.0,108.0
Eastern Warbling Vireo,2,3,Feb_W3,0.0,118.0
Eastern Warbling Vireo,2,4,Feb_W4,0.0,70.0
Eastern Warbling Vireo,3,1,Mar_W1,0.0,105.0
Eastern Warbling Vireo,3,2,Mar_W2,0.0,114.0
Eastern Warbling Vireo,3,3,Mar_W3,0.0,142.0
Eastern Warbling Vireo,3,4,Mar_W4,0.0,164.0
Eastern Warbling Vireo,4,1,Apr_W1,0.0,261.0
Eastern Warbling Vireo,4,2,Apr_W2,0.0,364.0
Eastern Warbling Vireo,4,3,Apr_W3,0.0,430.0
Eastern Warbling Vireo,4,4,Apr_W4,0.0,706.0
Eastern Warbling Vireo,5,1,May_W1,0.0031008,645.0
Eastern Warbling Vireo,5,2,May_W2,0.0090439,774.0
Eastern Warbling Vireo,5,3,May_W3,0.0300654,765.0
Eastern Warbling Vireo,5,4,May_W4,0.0526696,1386.0
Eastern Warbling Vireo,6,1,Jun_W1,0.0479532,855.0
Eastern Warbling Vireo,6,2,Jun_W2,0.0492021,752.0
Eastern Warbling Vireo,6,3,Jun_W3,0.04,625.0
Eastern Warbling Vireo,6,4,Jun_W4,0.0348993,745.0
Eastern Warbling Vireo,7,1,Jul_W1,0.0273381,695.0
Eastern Warbling Vireo,7,2,Jul_W2,0.02391,711.0
Eastern Warbling Vireo,7,3,Jul_W3,0.0246046,569.0
Eastern Warbling Vireo,7,4,Jul_W4,0.006795,883.0
Eastern Warbling Vireo,8,1,Aug_W1,0.0065898,607.0
Eastern Warbling Vireo,8,2,Aug_W2,0.0062598,639.0
Eastern Warbling Vireo,8,3,Aug_W3,0.0119454,586.0
Eastern Warbling Vireo,8,4,Aug_W4,0.0047337,845.0
Eastern Warbling Vireo,9,1,Sep_W1,0.0018939,528.0
Eastern Warbling Vireo,9,2,Sep_W2,0.0015314,653.0
Eastern Warbling Vireo,9,3,Sep_W3,0.0,638.0
Eastern Warbling Vireo,9,4,Sep_W4,0.0,753.0
Eastern Warbling Vireo,10,1,Oct_W1,0.0,630.0
Eastern Warbling Vireo,10,2,Oct_W2,0.0,578.0
Eastern Warbling Vireo,10,3,Oct_W3,0.0,488.0
Eastern Warbling Vireo,10,4,Oct_W4,0.0,562.0
Eastern Warbling Vireo,11,1,Nov_W1,0.0,383.0
Eastern Warbling Vireo,11,2,Nov_W2,0.0,329.0
Eastern Warbling Vireo,11,3,Nov_W3,0.0,273.0
Eastern Warbling Vireo,11,4,Nov_W4,0.0,270.0
Eastern Warbling Vireo,12,1,Dec_W1,0.0,157.0
Eastern Warbling Vireo,12,2,Dec_W2,0.0,166.0
Eastern Warbling Vireo,12,3,Dec_W3,0.0,137.0
Eastern Warbling Vireo,12,4,Dec_W4,0.0,145.0
Red-eyed Vireo,1,1,Jan_W1,0.0,185.0
Red-eyed Vireo,1,2,Jan_W2,0.0,88.0
Red-eyed Vireo,1,3,Jan_W3,0.0,105.0
Red-eyed Vireo,1,4,Jan_W4,0.0,140.0
Red-eyed Vireo,2,1,Feb_W1,0.0,123.0
Red-eyed Vireo,2,2,Feb_W2,0.0,108.0
Red-eyed Vireo,2,3,Feb_W3,0.0,118.0
Red-eyed Vireo,2,4,Feb_W4,0.0,70.0
Red-eyed Vireo,3,1,Mar_W1,0.0,105.0
Red-eyed Vireo,3,2,Mar_W2,0.0,114.0
Red-eyed Vireo,3,3,Mar_W3,0.0,142.0
Red-eyed Vireo,3,4,Mar_W4,0.0,164.0
Red-eyed Vireo,4,1,Apr_W1,0.0,261.0
Red-eyed Vireo,4,2,Apr_W2,0.0,364.0
Red-eyed Vireo,4,3,Apr_W3,0.0,430.0
Red-eyed Vireo,4,4,Apr_W4,0.0,706.0
Red-eyed Vireo,5,1,May_W1,0.0,645.0
Red-eyed Vireo,5,2,May_W2,0.0129199,774.0
Red-eyed Vireo,5,3,May_W3,0.0954248,765.0
Red-eyed Vireo,5,4,May_W4,0.4105339,1386.0
Red-eyed Vireo,6,1,Jun_W1,0.5333333,855.0
Red-eyed Vireo,6,2,Jun_W2,0.5957447,752.0
Red-eyed Vireo,6,3,Jun_W3,0.5696,625.0
Red-eyed Vireo,6,4,Jun_W4,0.5838926,745.0
Red-eyed Vireo,7,1,Jul_W1,0.5381295,695.0
Red-eyed Vireo,7,2,Jul_W2,0.535865,711.0
Red-eyed Vireo,7,3,Jul_W3,0.4938489,569.0
Red-eyed Vireo,7,4,Jul_W4,0.380521,883.0
Red-eyed Vireo,8,1,Aug_W1,0.3739703,607.0
Red-eyed Vireo,8,2,Aug_W2,0.312989,639.0
Red-eyed Vireo,8,3,Aug_W3,0.3105802,586.0
Red-eyed Vireo,8,4,Aug_W4,0.2899408,845.0
Red-eyed Vireo,9,1,Sep_W1,0.2405303,528.0
Red-eyed Vireo,9,2,Sep_W2,0.1607963,653.0
Red-eyed Vireo,9,3,Sep_W3,0.0768025,638.0
Red-eyed Vireo,9,4,Sep_W4,0.0332005,753.0
Red-eyed Vireo,10,1,Oct_W1,0.0015873,630.0
Red-eyed Vireo,10,2,Oct_W2,0.0,578.0
Red-eyed Vireo,10,3,Oct_W3,0.0,488.0
Red-eyed Vireo,10,4,Oct_W4,0.0,562.0
Red-eyed Vireo,11,1,Nov_W1,0.0,383.0
Red-eyed Vireo,11,2,Nov_W2,0.0,329.0
Red-eyed Vireo,11,3,Nov_W3,0.0,273.0
Red-eyed Vireo,11,4,Nov_W4,0.0,270.0
Red-eyed Vireo,12,1,Dec_W1,0.0,157.0
Red-eyed Vireo,12,2,Dec_W2,0.0,166.0
Red-eyed Vireo,12,3,Dec_W3,0.0,137.0
Red-eyed Vireo,12,4,Dec_W4,0.0,145.0
Loggerhead Shrike,1,1,Jan_W1,0.0,185.0
Loggerhead Shrike,1,2,Jan_W2,0.0,88.0
Loggerhead Shrike,1,3,Jan_W3,0.0,105.0
Loggerhead Shrike,1,4,Jan_W4,0.0,140.0
Loggerhead Shrike,2,1,Feb_W1,0.0,123.0
Loggerhead Shrike,2,2,Feb_W2,0.0,108.0
Loggerhead Shrike,2,3,Feb_W3,0.0,118.0
Loggerhead Shrike,2,4,Feb_W4,0.0,70.0
Loggerhead Shrike,3,1,Mar_W1,0.0,105.0
Loggerhead Shrike,3,2,Mar_W2,0.0,114.0
Loggerhead Shrike,3,3,Mar_W3,0.0,142.0
Loggerhead Shrike,3,4,Mar_W4,0.0,164.0
Loggerhead Shrike,4,1,Apr_W1,0.0,261.0
Loggerhead Shrike,4,2,Apr_W2,0.0,364.0
Loggerhead Shrike,4,3,Apr_W3,0.0,430.0
Loggerhead Shrike,4,4,Apr_W4,0.0,706.0
Loggerhead Shrike,5,1,May_W1,0.0015,645.0
Loggerhead Shrike,5,2,May_W2,0.0,774.0
Loggerhead Shrike,5,3,May_W3,0.0,765.0
Loggerhead Shrike,5,4,May_W4,0.0007215,1386.0
Loggerhead Shrike,6,1,Jun_W1,0.0011696,855.0
Loggerhead Shrike,6,2,Jun_W2,0.0026596,752.0
Loggerhead Shrike,6,3,Jun_W3,0.0,625.0
Loggerhead Shrike,6,4,Jun_W4,0.0,745.0
Loggerhead Shrike,7,1,Jul_W1,0.0,695.0
Loggerhead Shrike,7,2,Jul_W2,0.0,711.0
Loggerhead Shrike,7,3,Jul_W3,0.0,569.0
Loggerhead Shrike,7,4,Jul_W4,0.0,883.0
Loggerhead Shrike,8,1,Aug_W1,0.0,607.0
Loggerhead Shrike,8,2,Aug_W2,0.0,639.0
Loggerhead Shrike,8,3,Aug_W3,0.0,586.0
Loggerhead Shrike,8,4,Aug_W4,0.0,845.0
Loggerhead Shrike,9,1,Sep_W1,0.0,528.0
Loggerhead Shrike,9,2,Sep_W2,0.0,653.0
Loggerhead Shrike,9,3,Sep_W3,0.0,638.0
Loggerhead Shrike,9,4,Sep_W4,0.0,753.0
Loggerhead Shrike,10,1,Oct_W1,0.0,630.0
Loggerhead Shrike,10,2,Oct_W2,0.0,578.0
Loggerhead Shrike,10,3,Oct_W3,0.0,488.0
Loggerhead Shrike,10,4,Oct_W4,0.0,562.0
Loggerhead Shrike,11,1,Nov_W1,0.0,383.0
Loggerhead Shrike,11,2,Nov_W2,0.0,329.0
Loggerhead Shrike,11,3,Nov_W3,0.0,273.0
Loggerhead Shrike,11,4,Nov_W4,0.0,270.0
Loggerhead Shrike,12,1,Dec_W1,0.0,157.0
Loggerhead Shrike,12,2,Dec_W2,0.0,166.0
Loggerhead Shrike,12,3,Dec_W3,0.0,137.0
Loggerhead Shrike,12,4,Dec_W4,0.0,145.0
Northern Shrike,1,1,Jan_W1,0.0162162,185.0
Northern Shrike,1,2,Jan_W2,0.0113636,88.0
Northern Shrike,1,3,Jan_W3,0.0015,105.0
Northern Shrike,1,4,Jan_W4,0.0071429,140.0
Northern Shrike,2,1,Feb_W1,0.0,123.0
Northern Shrike,2,2,Feb_W2,0.0015,108.0
Northern Shrike,2,3,Feb_W3,0.0084746,118.0
Northern Shrike,2,4,Feb_W4,0.0,70.0
Northern Shrike,3,1,Mar_W1,0.0015,105.0
Northern Shrike,3,2,Mar_W2,0.0087719,114.0
Northern Shrike,3,3,Mar_W3,0.0,142.0
Northern Shrike,3,4,Mar_W4,0.0060976,164.0
Northern Shrike,4,1,Apr_W1,0.0,261.0
Northern Shrike,4,2,Apr_W2,0.0027473,364.0
Northern Shrike,4,3,Apr_W3,0.0023256,430.0
Northern Shrike,4,4,Apr_W4,0.0015,706.0
Northern Shrike,5,1,May_W1,0.0015504,645.0
Northern Shrike,5,2,May_W2,0.0,774.0
Northern Shrike,5,3,May_W3,0.0,765.0
Northern Shrike,5,4,May_W4,0.0,1386.0
Northern Shrike,6,1,Jun_W1,0.0,855.0
Northern Shrike,6,2,Jun_W2,0.0,752.0
Northern Shrike,6,3,Jun_W3,0.0,625.0
Northern Shrike,6,4,Jun_W4,0.0,745.0
Northern Shrike,7,1,Jul_W1,0.0,695.0
Northern Shrike,7,2,Jul_W2,0.0,711.0
Northern Shrike,7,3,Jul_W3,0.0,569.0
Northern Shrike,7,4,Jul_W4,0.0,883.0
Northern Shrike,8,1,Aug_W1,0.0,607.0
Northern Shrike,8,2,Aug_W2,0.0,639.0
Northern Shrike,8,3,Aug_W3,0.0,586.0
Northern Shrike,8,4,Aug_W4,0.0,845.0
Northern Shrike,9,1,Sep_W1,0.0,528.0
Northern Shrike,9,2,Sep_W2,0.0,653.0
Northern Shrike,9,3,Sep_W3,0.0,638.0
Northern Shrike,9,4,Sep_W4,0.0,753.0
Northern Shrike,10,1,Oct_W1,0.0,630.0
Northern Shrike,10,2,Oct_W2,0.0051903,578.0
Northern Shrike,10,3,Oct_W3,0.0015,488.0
Northern Shrike,10,4,Oct_W4,0.0053381,562.0
Northern Shrike,11,1,Nov_W1,0.0156658,383.0
Northern Shrike,11,2,Nov_W2,0.0151976,329.0
Northern Shrike,11,3,Nov_W3,0.014652,273.0
Northern Shrike,11,4,Nov_W4,0.0148148,270.0
Northern Shrike,12,1,Dec_W1,0.0063694,157.0
Northern Shrike,12,2,Dec_W2,0.0060241,166.0
Northern Shrike,12,3,Dec_W3,0.0072993,137.0
Northern Shrike,12,4,Dec_W4,0.0068966,145.0
Canada Jay,1,1,Jan_W1,0.0054054,185.0
Canada Jay,1,2,Jan_W2,0.0015,88.0
Canada Jay,1,3,Jan_W3,0.0,105.0
Canada Jay,1,4,Jan_W4,0.0015,140.0
Canada Jay,2,1,Feb_W1,0.0081301,123.0
Canada Jay,2,2,Feb_W2,0.0015,108.0
Canada Jay,2,3,Feb_W3,0.0084746,118.0
Canada Jay,2,4,Feb_W4,0.0015,70.0
Canada Jay,3,1,Mar_W1,0.0015,105.0
Canada Jay,3,2,Mar_W2,0.0,114.0
Canada Jay,3,3,Mar_W3,0.0070423,142.0
Canada Jay,3,4,Mar_W4,0.0015,164.0
Canada Jay,4,1,Apr_W1,0.0,261.0
Canada Jay,4,2,Apr_W2,0.0,364.0
Canada Jay,4,3,Apr_W3,0.0,430.0
Canada Jay,4,4,Apr_W4,0.0,706.0
Canada Jay,5,1,May_W1,0.0015,645.0
Canada Jay,5,2,May_W2,0.0015,774.0
Canada Jay,5,3,May_W3,0.0013072,765.0
Canada Jay,5,4,May_W4,0.0,1386.0
Canada Jay,6,1,Jun_W1,0.0023392,855.0
Canada Jay,6,2,Jun_W2,0.0013298,752.0
Canada Jay,6,3,Jun_W3,0.0032,625.0
Canada Jay,6,4,Jun_W4,0.0026846,745.0
Canada Jay,7,1,Jul_W1,0.0015,695.0
Canada Jay,7,2,Jul_W2,0.0015,711.0
Canada Jay,7,3,Jul_W3,0.0015,569.0
Canada Jay,7,4,Jul_W4,0.0015,883.0
Canada Jay,8,1,Aug_W1,0.0015,607.0
Canada Jay,8,2,Aug_W2,0.0015649,639.0
Canada Jay,8,3,Aug_W3,0.0,586.0
Canada Jay,8,4,Aug_W4,0.0015,845.0
Canada Jay,9,1,Sep_W1,0.0015,528.0
Canada Jay,9,2,Sep_W2,0.0,653.0
Canada Jay,9,3,Sep_W3,0.0015674,638.0
Canada Jay,9,4,Sep_W4,0.001328,753.0
Canada Jay,10,1,Oct_W1,0.0,630.0
Canada Jay,10,2,Oct_W2,0.0,578.0
Canada Jay,10,3,Oct_W3,0.0020492,488.0
Canada Jay,10,4,Oct_W4,0.0017794,562.0
Canada Jay,11,1,Nov_W1,0.002611,383.0
Canada Jay,11,2,Nov_W2,0.0,329.0
Canada Jay,11,3,Nov_W3,0.0,273.0
Canada Jay,11,4,Nov_W4,0.0015,270.0
Canada Jay,12,1,Dec_W1,0.0,157.0
Canada Jay,12,2,Dec_W2,0.0,166.0
Canada Jay,12,3,Dec_W3,0.0,137.0
Canada Jay,12,4,Dec_W4,0.0068966,145.0
Blue Jay,1,1,Jan_W1,0.2702703,185.0
Blue Jay,1,2,Jan_W2,0.3295455,88.0
Blue Jay,1,3,Jan_W3,0.3809524,105.0
Blue Jay,1,4,Jan_W4,0.3857143,140.0
Blue Jay,2,1,Feb_W1,0.4146341,123.0
Blue Jay,2,2,Feb_W2,0.4166667,108.0
Blue Jay,2,3,Feb_W3,0.5423729,118.0
Blue Jay,2,4,Feb_W4,0.3,70.0
Blue Jay,3,1,Mar_W1,0.4285714,105.0
Blue Jay,3,2,Mar_W2,0.2894737,114.0
Blue Jay,3,3,Mar_W3,0.3661972,142.0
Blue Jay,3,4,Mar_W4,0.3109756,164.0
Blue Jay,4,1,Apr_W1,0.3065134,261.0
Blue Jay,4,2,Apr_W2,0.2664835,364.0
Blue Jay,4,3,Apr_W3,0.2581395,430.0
Blue Jay,4,4,Apr_W4,0.2096317,706.0
Blue Jay,5,1,May_W1,0.2217054,645.0
Blue Jay,5,2,May_W2,0.3191214,774.0
Blue Jay,5,3,May_W3,0.372549,765.0
Blue Jay,5,4,May_W4,0.3672439,1386.0
Blue Jay,6,1,Jun_W1,0.3251462,855.0
Blue Jay,6,2,Jun_W2,0.3071809,752.0
Blue Jay,6,3,Jun_W3,0.304,625.0
Blue Jay,6,4,Jun_W4,0.2442953,745.0
Blue Jay,7,1,Jul_W1,0.2100719,695.0
Blue Jay,7,2,Jul_W2,0.1786217,711.0
Blue Jay,7,3,Jul_W3,0.2267135,569.0
Blue Jay,7,4,Jul_W4,0.2287656,883.0
Blue Jay,8,1,Aug_W1,0.2372323,607.0
Blue Jay,8,2,Aug_W2,0.2613459,639.0
Blue Jay,8,3,Aug_W3,0.2508532,586.0
Blue Jay,8,4,Aug_W4,0.2721893,845.0
Blue Jay,9,1,Sep_W1,0.3257576,528.0
Blue Jay,9,2,Sep_W2,0.4226646,653.0
Blue Jay,9,3,Sep_W3,0.4090909,638.0
Blue Jay,9,4,Sep_W4,0.4196547,753.0
Blue Jay,10,1,Oct_W1,0.3603175,630.0
Blue Jay,10,2,Oct_W2,0.3217993,578.0
Blue Jay,10,3,Oct_W3,0.2991803,488.0
Blue Jay,10,4,Oct_W4,0.3113879,562.0
Blue Jay,11,1,Nov_W1,0.3263708,383.0
Blue Jay,11,2,Nov_W2,0.3009119,329.0
Blue Jay,11,3,Nov_W3,0.3333333,273.0
Blue Jay,11,4,Nov_W4,0.3592593,270.0
Blue Jay,12,1,Dec_W1,0.3566879,157.0
Blue Jay,12,2,Dec_W2,0.2891566,166.0
Blue Jay,12,3,Dec_W3,0.3941606,137.0
Blue Jay,12,4,Dec_W4,0.3103448,145.0
American Crow,1,1,Jan_W1,0.3297297,185.0
American Crow,1,2,Jan_W2,0.2840909,88.0
American Crow,1,3,Jan_W3,0.3333333,105.0
American Crow,1,4,Jan_W4,0.4285714,140.0
American Crow,2,1,Feb_W1,0.2845528,123.0
American Crow,2,2,Feb_W2,0.3333333,108.0
American Crow,2,3,Feb_W3,0.2457627,118.0
American Crow,2,4,Feb_W4,0.3142857,70.0
American Crow,3,1,Mar_W1,0.6190476,105.0
American Crow,3,2,Mar_W2,0.6052632,114.0
American Crow,3,3,Mar_W3,0.5492958,142.0
American Crow,3,4,Mar_W4,0.5792683,164.0
American Crow,4,1,Apr_W1,0.5708812,261.0
American Crow,4,2,Apr_W2,0.532967,364.0
American Crow,4,3,Apr_W3,0.4674419,430.0
American Crow,4,4,Apr_W4,0.4475921,706.0
American Crow,5,1,May_W1,0.4945736,645.0
American Crow,5,2,May_W2,0.4793282,774.0
American Crow,5,3,May_W3,0.4601307,765.0
American Crow,5,4,May_W4,0.4365079,1386.0
American Crow,6,1,Jun_W1,0.477193,855.0
American Crow,6,2,Jun_W2,0.4760638,752.0
American Crow,6,3,Jun_W3,0.4208,625.0
American Crow,6,4,Jun_W4,0.4080537,745.0
American Crow,7,1,Jul_W1,0.4589928,695.0
American Crow,7,2,Jul_W2,0.4472574,711.0
American Crow,7,3,Jul_W3,0.4622144,569.0
American Crow,7,4,Jul_W4,0.4722537,883.0
American Crow,8,1,Aug_W1,0.4563427,607.0
American Crow,8,2,Aug_W2,0.4741784,639.0
American Crow,8,3,Aug_W3,0.4607509,586.0
American Crow,8,4,Aug_W4,0.4863905,845.0
American Crow,9,1,Sep_W1,0.5246212,528.0
American Crow,9,2,Sep_W2,0.4808576,653.0
American Crow,9,3,Sep_W3,0.484326,638.0
American Crow,9,4,Sep_W4,0.5073041,753.0
American Crow,10,1,Oct_W1,0.4428571,630.0
American Crow,10,2,Oct_W2,0.4550173,578.0
American Crow,10,3,Oct_W3,0.397541,488.0
American Crow,10,4,Oct_W4,0.4661922,562.0
American Crow,11,1,Nov_W1,0.4099217,383.0
American Crow,11,2,Nov_W2,0.43769,329.0
American Crow,11,3,Nov_W3,0.3223443,273.0
American Crow,11,4,Nov_W4,0.4555556,270.0
American Crow,12,1,Dec_W1,0.343949,157.0
American Crow,12,2,Dec_W2,0.3072289,166.0
American Crow,12,3,Dec_W3,0.3138686,137.0
American Crow,12,4,Dec_W4,0.3172414,145.0
Common Raven,1,1,Jan_W1,0.2108108,185.0
Common Raven,1,2,Jan_W2,0.2727273,88.0
Common Raven,1,3,Jan_W3,0.2761905,105.0
Common Raven,1,4,Jan_W4,0.2857143,140.0
Common Raven,2,1,Feb_W1,0.3495935,123.0
Common Raven,2,2,Feb_W2,0.2685185,108.0
Common Raven,2,3,Feb_W3,0.2881356,118.0
Common Raven,2,4,Feb_W4,0.3714286,70.0
Common Raven,3,1,Mar_W1,0.3619048,105.0
Common Raven,3,2,Mar_W2,0.3070175,114.0
Common Raven,3,3,Mar_W3,0.2183099,142.0
Common Raven,3,4,Mar_W4,0.2682927,164.0
Common Raven,4,1,Apr_W1,0.1992337,261.0
Common Raven,4,2,Apr_W2,0.2664835,364.0
Common Raven,4,3,Apr_W3,0.2023256,430.0
Common Raven,4,4,Apr_W4,0.1855524,706.0
Common Raven,5,1,May_W1,0.1813953,645.0
Common Raven,5,2,May_W2,0.2183463,774.0
Common Raven,5,3,May_W3,0.2183007,765.0
Common Raven,5,4,May_W4,0.2229437,1386.0
Common Raven,6,1,Jun_W1,0.2081871,855.0
Common Raven,6,2,Jun_W2,0.2340426,752.0
Common Raven,6,3,Jun_W3,0.2432,625.0
Common Raven,6,4,Jun_W4,0.2241611,745.0
Common Raven,7,1,Jul_W1,0.2302158,695.0
Common Raven,7,2,Jul_W2,0.2151899,711.0
Common Raven,7,3,Jul_W3,0.2056239,569.0
Common Raven,7,4,Jul_W4,0.2015855,883.0
Common Raven,8,1,Aug_W1,0.2339374,607.0
Common Raven,8,2,Aug_W2,0.2065728,639.0
Common Raven,8,3,Aug_W3,0.2730375,586.0
Common Raven,8,4,Aug_W4,0.2449704,845.0
Common Raven,9,1,Sep_W1,0.2537879,528.0
Common Raven,9,2,Sep_W2,0.2924962,653.0
Common Raven,9,3,Sep_W3,0.2068966,638.0
Common Raven,9,4,Sep_W4,0.2669323,753.0
Common Raven,10,1,Oct_W1,0.2380952,630.0
Common Raven,10,2,Oct_W2,0.2197232,578.0
Common Raven,10,3,Oct_W3,0.25,488.0
Common Raven,10,4,Oct_W4,0.2188612,562.0
Common Raven,11,1,Nov_W1,0.2532637,383.0
Common Raven,11,2,Nov_W2,0.2097264,329.0
Common Raven,11,3,Nov_W3,0.2124542,273.0
Common Raven,11,4,Nov_W4,0.262963,270.0
Common Raven,12,1,Dec_W1,0.1910828,157.0
Common Raven,12,2,Dec_W2,0.2048193,166.0
Common Raven,12,3,Dec_W3,0.2627737,137.0
Common Raven,12,4,Dec_W4,0.3448276,145.0
Black-capped Chickadee,1,1,Jan_W1,0.3081081,185.0
Black-capped Chickadee,1,2,Jan_W2,0.2613636,88.0
Black-capped Chickadee,1,3,Jan_W3,0.3904762,105.0
Black-capped Chickadee,1,4,Jan_W4,0.3142857,140.0
Black-capped Chickadee,2,1,Feb_W1,0.3821138,123.0
Black-capped Chickadee,2,2,Feb_W2,0.4907407,108.0
Black-capped Chickadee,2,3,Feb_W3,0.559322,118.0
Black-capped Chickadee,2,4,Feb_W4,0.4285714,70.0
Black-capped Chickadee,3,1,Mar_W1,0.4380952,105.0
Black-capped Chickadee,3,2,Mar_W2,0.3596491,114.0
Black-capped Chickadee,3,3,Mar_W3,0.3169014,142.0
Black-capped Chickadee,3,4,Mar_W4,0.2682927,164.0
Black-capped Chickadee,4,1,Apr_W1,0.2796935,261.0
Black-capped Chickadee,4,2,Apr_W2,0.3159341,364.0
Black-capped Chickadee,4,3,Apr_W3,0.3069767,430.0
Black-capped Chickadee,4,4,Apr_W4,0.276204,706.0
Black-capped Chickadee,5,1,May_W1,0.2852713,645.0
Black-capped Chickadee,5,2,May_W2,0.3036176,774.0
Black-capped Chickadee,5,3,May_W3,0.3346405,765.0
Black-capped Chickadee,5,4,May_W4,0.3354978,1386.0
Black-capped Chickadee,6,1,Jun_W1,0.2678363,855.0
Black-capped Chickadee,6,2,Jun_W2,0.2659574,752.0
Black-capped Chickadee,6,3,Jun_W3,0.2848,625.0
Black-capped Chickadee,6,4,Jun_W4,0.2268456,745.0
Black-capped Chickadee,7,1,Jul_W1,0.247482,695.0
Black-capped Chickadee,7,2,Jul_W2,0.2798875,711.0
Black-capped Chickadee,7,3,Jul_W3,0.3286467,569.0
Black-capped Chickadee,7,4,Jul_W4,0.3159683,883.0
Black-capped Chickadee,8,1,Aug_W1,0.4069193,607.0
Black-capped Chickadee,8,2,Aug_W2,0.3740219,639.0
Black-capped Chickadee,8,3,Aug_W3,0.3481229,586.0
Black-capped Chickadee,8,4,Aug_W4,0.3633136,845.0
Black-capped Chickadee,9,1,Sep_W1,0.3276515,528.0
Black-capped Chickadee,9,2,Sep_W2,0.3859112,653.0
Black-capped Chickadee,9,3,Sep_W3,0.3667712,638.0
Black-capped Chickadee,9,4,Sep_W4,0.3891102,753.0
Black-capped Chickadee,10,1,Oct_W1,0.3428571,630.0
Black-capped Chickadee,10,2,Oct_W2,0.3408304,578.0
Black-capped Chickadee,10,3,Oct_W3,0.295082,488.0
Black-capped Chickadee,10,4,Oct_W4,0.2953737,562.0
Black-capped Chickadee,11,1,Nov_W1,0.2793734,383.0
Black-capped Chickadee,11,2,Nov_W2,0.2948328,329.0
Black-capped Chickadee,11,3,Nov_W3,0.2967033,273.0
Black-capped Chickadee,11,4,Nov_W4,0.3222222,270.0
Black-capped Chickadee,12,1,Dec_W1,0.3566879,157.0
Black-capped Chickadee,12,2,Dec_W2,0.3554217,166.0
Black-capped Chickadee,12,3,Dec_W3,0.4671533,137.0
Black-capped Chickadee,12,4,Dec_W4,0.4275862,145.0
Boreal Chickadee,1,1,Jan_W1,0.0,185.0
Boreal Chickadee,1,2,Jan_W2,0.0,88.0
Boreal Chickadee,1,3,Jan_W3,0.0,105.0
Boreal Chickadee,1,4,Jan_W4,0.0,140.0
Boreal Chickadee,2,1,Feb_W1,0.0,123.0
Boreal Chickadee,2,2,Feb_W2,0.0,108.0
Boreal Chickadee,2,3,Feb_W3,0.0,118.0
Boreal Chickadee,2,4,Feb_W4,0.0015,70.0
Boreal Chickadee,3,1,Mar_W1,0.0015,105.0
Boreal Chickadee,3,2,Mar_W2,0.0087719,114.0
Boreal Chickadee,3,3,Mar_W3,0.0,142.0
Boreal Chickadee,3,4,Mar_W4,0.0015,164.0
Boreal Chickadee,4,1,Apr_W1,0.0,261.0
Boreal Chickadee,4,2,Apr_W2,0.0,364.0
Boreal Chickadee,4,3,Apr_W3,0.0,430.0
Boreal Chickadee,4,4,Apr_W4,0.0,706.0
Boreal Chickadee,5,1,May_W1,0.0015504,645.0
Boreal Chickadee,5,2,May_W2,0.0015,774.0
Boreal Chickadee,5,3,May_W3,0.0,765.0
Boreal Chickadee,5,4,May_W4,0.0,1386.0
Boreal Chickadee,6,1,Jun_W1,0.0,855.0
Boreal Chickadee,6,2,Jun_W2,0.0013298,752.0
Boreal Chickadee,6,3,Jun_W3,0.0016,625.0
Boreal Chickadee,6,4,Jun_W4,0.0015,745.0
Boreal Chickadee,7,1,Jul_W1,0.0015,695.0
Boreal Chickadee,7,2,Jul_W2,0.0014065,711.0
Boreal Chickadee,7,3,Jul_W3,0.0015,569.0
Boreal Chickadee,7,4,Jul_W4,0.0,883.0
Boreal Chickadee,8,1,Aug_W1,0.0,607.0
Boreal Chickadee,8,2,Aug_W2,0.0015,639.0
Boreal Chickadee,8,3,Aug_W3,0.0,586.0
Boreal Chickadee,8,4,Aug_W4,0.0,845.0
Boreal Chickadee,9,1,Sep_W1,0.0,528.0
Boreal Chickadee,9,2,Sep_W2,0.0,653.0
Boreal Chickadee,9,3,Sep_W3,0.0,638.0
Boreal Chickadee,9,4,Sep_W4,0.0,753.0
Boreal Chickadee,10,1,Oct_W1,0.0,630.0
Boreal Chickadee,10,2,Oct_W2,0.0,578.0
Boreal Chickadee,10,3,Oct_W3,0.0,488.0
Boreal Chickadee,10,4,Oct_W4,0.0,562.0
Boreal Chickadee,11,1,Nov_W1,0.0,383.0
Boreal Chickadee,11,2,Nov_W2,0.0,329.0
Boreal Chickadee,11,3,Nov_W3,0.0,273.0
Boreal Chickadee,11,4,Nov_W4,0.0,270.0
Boreal Chickadee,12,1,Dec_W1,0.0,157.0
Boreal Chickadee,12,2,Dec_W2,0.0,166.0
Boreal Chickadee,12,3,Dec_W3,0.0,137.0
Boreal Chickadee,12,4,Dec_W4,0.0068966,145.0
Horned Lark,1,1,Jan_W1,0.0,185.0
Horned Lark,1,2,Jan_W2,0.0,88.0
Horned Lark,1,3,Jan_W3,0.0,105.0
Horned Lark,1,4,Jan_W4,0.0,140.0
Horned Lark,2,1,Feb_W1,0.0,123.0
Horned Lark,2,2,Feb_W2,0.0,108.0
Horned Lark,2,3,Feb_W3,0.0,118.0
Horned Lark,2,4,Feb_W4,0.0,70.0
Horned Lark,3,1,Mar_W1,0.0,105.0
Horned Lark,3,2,Mar_W2,0.0,114.0
Horned Lark,3,3,Mar_W3,0.0,142.0
Horned Lark,3,4,Mar_W4,0.0,164.0
Horned Lark,4,1,Apr_W1,0.0015,261.0
Horned Lark,4,2,Apr_W2,0.0,364.0
Horned Lark,4,3,Apr_W3,0.0,430.0
Horned Lark,4,4,Apr_W4,0.0014164,706.0
Horned Lark,5,1,May_W1,0.0046512,645.0
Horned Lark,5,2,May_W2,0.0103359,774.0
Horned Lark,5,3,May_W3,0.0013072,765.0
Horned Lark,5,4,May_W4,0.004329,1386.0
Horned Lark,6,1,Jun_W1,0.0011696,855.0
Horned Lark,6,2,Jun_W2,0.0,752.0
Horned Lark,6,3,Jun_W3,0.0016,625.0
Horned Lark,6,4,Jun_W4,0.0,745.0
Horned Lark,7,1,Jul_W1,0.0028777,695.0
Horned Lark,7,2,Jul_W2,0.0,711.0
Horned Lark,7,3,Jul_W3,0.0,569.0
Horned Lark,7,4,Jul_W4,0.0,883.0
Horned Lark,8,1,Aug_W1,0.0,607.0
Horned Lark,8,2,Aug_W2,0.0,639.0
Horned Lark,8,3,Aug_W3,0.0,586.0
Horned Lark,8,4,Aug_W4,0.0,845.0
Horned Lark,9,1,Sep_W1,0.0,528.0
Horned Lark,9,2,Sep_W2,0.0153139,653.0
Horned Lark,9,3,Sep_W3,0.0485893,638.0
Horned Lark,9,4,Sep_W4,0.0730412,753.0
Horned Lark,10,1,Oct_W1,0.0809524,630.0
Horned Lark,10,2,Oct_W2,0.0795848,578.0
Horned Lark,10,3,Oct_W3,0.0819672,488.0
Horned Lark,10,4,Oct_W4,0.1032028,562.0
Horned Lark,11,1,Nov_W1,0.0287206,383.0
Horned Lark,11,2,Nov_W2,0.0030395,329.0
Horned Lark,11,3,Nov_W3,0.007326,273.0
Horned Lark,11,4,Nov_W4,0.0,270.0
Horned Lark,12,1,Dec_W1,0.0,157.0
Horned Lark,12,2,Dec_W2,0.0060241,166.0
Horned Lark,12,3,Dec_W3,0.0,137.0
Horned Lark,12,4,Dec_W4,0.0,145.0
Bank Swallow,1,1,Jan_W1,0.0,185.0
Bank Swallow,1,2,Jan_W2,0.0,88.0
Bank Swallow,1,3,Jan_W3,0.0,105.0
Bank Swallow,1,4,Jan_W4,0.0,140.0
Bank Swallow,2,1,Feb_W1,0.0,123.0
Bank Swallow,2,2,Feb_W2,0.0,108.0
Bank Swallow,2,3,Feb_W3,0.0,118.0
Bank Swallow,2,4,Feb_W4,0.0,70.0
Bank Swallow,3,1,Mar_W1,0.0,105.0
Bank Swallow,3,2,Mar_W2,0.0,114.0
Bank Swallow,3,3,Mar_W3,0.0,142.0
Bank Swallow,3,4,Mar_W4,0.0,164.0
Bank Swallow,4,1,Apr_W1,0.0,261.0
Bank Swallow,4,2,Apr_W2,0.0,364.0
Bank Swallow,4,3,Apr_W3,0.0,430.0
Bank Swallow,4,4,Apr_W4,0.0,706.0
Bank Swallow,5,1,May_W1,0.0015504,645.0
Bank Swallow,5,2,May_W2,0.003876,774.0
Bank Swallow,5,3,May_W3,0.0222222,765.0
Bank Swallow,5,4,May_W4,0.036075,1386.0
Bank Swallow,6,1,Jun_W1,0.0678363,855.0
Bank Swallow,6,2,Jun_W2,0.0651596,752.0
Bank Swallow,6,3,Jun_W3,0.0688,625.0
Bank Swallow,6,4,Jun_W4,0.0724832,745.0
Bank Swallow,7,1,Jul_W1,0.0633094,695.0
Bank Swallow,7,2,Jul_W2,0.0604782,711.0
Bank Swallow,7,3,Jul_W3,0.0386643,569.0
Bank Swallow,7,4,Jul_W4,0.0294451,883.0
Bank Swallow,8,1,Aug_W1,0.014827,607.0
Bank Swallow,8,2,Aug_W2,0.0109546,639.0
Bank Swallow,8,3,Aug_W3,0.0,586.0
Bank Swallow,8,4,Aug_W4,0.0011834,845.0
Bank Swallow,9,1,Sep_W1,0.0,528.0
Bank Swallow,9,2,Sep_W2,0.0,653.0
Bank Swallow,9,3,Sep_W3,0.0,638.0
Bank Swallow,9,4,Sep_W4,0.0,753.0
Bank Swallow,10,1,Oct_W1,0.0,630.0
Bank Swallow,10,2,Oct_W2,0.0,578.0
Bank Swallow,10,3,Oct_W3,0.0,488.0
Bank Swallow,10,4,Oct_W4,0.0,562.0
Bank Swallow,11,1,Nov_W1,0.0,383.0
Bank Swallow,11,2,Nov_W2,0.0,329.0
Bank Swallow,11,3,Nov_W3,0.0,273.0
Bank Swallow,11,4,Nov_W4,0.0,270.0
Bank Swallow,12,1,Dec_W1,0.0,157.0
Bank Swallow,12,2,Dec_W2,0.0,166.0
Bank Swallow,12,3,Dec_W3,0.0,137.0
Bank Swallow,12,4,Dec_W4,0.0,145.0
Tree Swallow,1,1,Jan_W1,0.0,185.0
Tree Swallow,1,2,Jan_W2,0.0,88.0
Tree Swallow,1,3,Jan_W3,0.0,105.0
Tree Swallow,1,4,Jan_W4,0.0,140.0
Tree Swallow,2,1,Feb_W1,0.0,123.0
Tree Swallow,2,2,Feb_W2,0.0,108.0
Tree Swallow,2,3,Feb_W3,0.0,118.0
Tree Swallow,2,4,Feb_W4,0.0,70.0
Tree Swallow,3,1,Mar_W1,0.0,105.0
Tree Swallow,3,2,Mar_W2,0.0,114.0
Tree Swallow,3,3,Mar_W3,0.0,142.0
Tree Swallow,3,4,Mar_W4,0.0,164.0
Tree Swallow,4,1,Apr_W1,0.0015,261.0
Tree Swallow,4,2,Apr_W2,0.0082418,364.0
Tree Swallow,4,3,Apr_W3,0.0209302,430.0
Tree Swallow,4,4,Apr_W4,0.0495751,706.0
Tree Swallow,5,1,May_W1,0.0465116,645.0
Tree Swallow,5,2,May_W2,0.0981912,774.0
Tree Swallow,5,3,May_W3,0.0862745,765.0
Tree Swallow,5,4,May_W4,0.0851371,1386.0
Tree Swallow,6,1,Jun_W1,0.1134503,855.0
Tree Swallow,6,2,Jun_W2,0.0864362,752.0
Tree Swallow,6,3,Jun_W3,0.0896,625.0
Tree Swallow,6,4,Jun_W4,0.0832215,745.0
Tree Swallow,7,1,Jul_W1,0.0820144,695.0
Tree Swallow,7,2,Jul_W2,0.0590717,711.0
Tree Swallow,7,3,Jul_W3,0.0474517,569.0
Tree Swallow,7,4,Jul_W4,0.0283126,883.0
Tree Swallow,8,1,Aug_W1,0.0164745,607.0
Tree Swallow,8,2,Aug_W2,0.0156495,639.0
Tree Swallow,8,3,Aug_W3,0.0136519,586.0
Tree Swallow,8,4,Aug_W4,0.008284,845.0
Tree Swallow,9,1,Sep_W1,0.0,528.0
Tree Swallow,9,2,Sep_W2,0.0,653.0
Tree Swallow,9,3,Sep_W3,0.0,638.0
Tree Swallow,9,4,Sep_W4,0.0,753.0
Tree Swallow,10,1,Oct_W1,0.0,630.0
Tree Swallow,10,2,Oct_W2,0.0,578.0
Tree Swallow,10,3,Oct_W3,0.0,488.0
Tree Swallow,10,4,Oct_W4,0.0,562.0
Tree Swallow,11,1,Nov_W1,0.0,383.0
Tree Swallow,11,2,Nov_W2,0.0,329.0
Tree Swallow,11,3,Nov_W3,0.0,273.0
Tree Swallow,11,4,Nov_W4,0.0,270.0
Tree Swallow,12,1,Dec_W1,0.0,157.0
Tree Swallow,12,2,Dec_W2,0.0,166.0
Tree Swallow,12,3,Dec_W3,0.0,137.0
Tree Swallow,12,4,Dec_W4,0.0,145.0
Purple Martin,1,1,Jan_W1,0.0,185.0
Purple Martin,1,2,Jan_W2,0.0,88.0
Purple Martin,1,3,Jan_W3,0.0,105.0
Purple Martin,1,4,Jan_W4,0.0,140.0
Purple Martin,2,1,Feb_W1,0.0,123.0
Purple Martin,2,2,Feb_W2,0.0,108.0
Purple Martin,2,3,Feb_W3,0.0,118.0
Purple Martin,2,4,Feb_W4,0.0,70.0
Purple Martin,3,1,Mar_W1,0.0,105.0
Purple Martin,3,2,Mar_W2,0.0,114.0
Purple Martin,3,3,Mar_W3,0.0,142.0
Purple Martin,3,4,Mar_W4,0.0,164.0
Purple Martin,4,1,Apr_W1,0.0,261.0
Purple Martin,4,2,Apr_W2,0.0,364.0
Purple Martin,4,3,Apr_W3,0.0,430.0
Purple Martin,4,4,Apr_W4,0.0,706.0
Purple Martin,5,1,May_W1,0.0,645.0
Purple Martin,5,2,May_W2,0.0,774.0
Purple Martin,5,3,May_W3,0.0,765.0
Purple Martin,5,4,May_W4,0.0,1386.0
Purple Martin,6,1,Jun_W1,0.0,855.0
Purple Martin,6,2,Jun_W2,0.0013298,752.0
Purple Martin,6,3,Jun_W3,0.0,625.0
Purple Martin,6,4,Jun_W4,0.0,745.0
Purple Martin,7,1,Jul_W1,0.0014388,695.0
Purple Martin,7,2,Jul_W2,0.0,711.0
Purple Martin,7,3,Jul_W3,0.0,569.0
Purple Martin,7,4,Jul_W4,0.0,883.0
Purple Martin,8,1,Aug_W1,0.0,607.0
Purple Martin,8,2,Aug_W2,0.0,639.0
Purple Martin,8,3,Aug_W3,0.0,586.0
Purple Martin,8,4,Aug_W4,0.0011834,845.0
Purple Martin,9,1,Sep_W1,0.0,528.0
Purple Martin,9,2,Sep_W2,0.0,653.0
Purple Martin,9,3,Sep_W3,0.0,638.0
Purple Martin,9,4,Sep_W4,0.0,753.0
Purple Martin,10,1,Oct_W1,0.0,630.0
Purple Martin,10,2,Oct_W2,0.0,578.0
Purple Martin,10,3,Oct_W3,0.0,488.0
Purple Martin,10,4,Oct_W4,0.0,562.0
Purple Martin,11,1,Nov_W1,0.0,383.0
Purple Martin,11,2,Nov_W2,0.0,329.0
Purple Martin,11,3,Nov_W3,0.0,273.0
Purple Martin,11,4,Nov_W4,0.0,270.0
Purple Martin,12,1,Dec_W1,0.0,157.0
Purple Martin,12,2,Dec_W2,0.0,166.0
Purple Martin,12,3,Dec_W3,0.0,137.0
Purple Martin,12,4,Dec_W4,0.0,145.0
Northern Rough-winged Swallow,1,1,Jan_W1,0.0,185.0
Northern Rough-winged Swallow,1,2,Jan_W2,0.0,88.0
Northern Rough-winged Swallow,1,3,Jan_W3,0.0,105.0
Northern Rough-winged Swallow,1,4,Jan_W4,0.0,140.0
Northern Rough-winged Swallow,2,1,Feb_W1,0.0,123.0
Northern Rough-winged Swallow,2,2,Feb_W2,0.0,108.0
Northern Rough-winged Swallow,2,3,Feb_W3,0.0,118.0
Northern Rough-winged Swallow,2,4,Feb_W4,0.0,70.0
Northern Rough-winged Swallow,3,1,Mar_W1,0.0,105.0
Northern Rough-winged Swallow,3,2,Mar_W2,0.0,114.0
Northern Rough-winged Swallow,3,3,Mar_W3,0.0,142.0
Northern Rough-winged Swallow,3,4,Mar_W4,0.0,164.0
Northern Rough-winged Swallow,4,1,Apr_W1,0.0,261.0
Northern Rough-winged Swallow,4,2,Apr_W2,0.0,364.0
Northern Rough-winged Swallow,4,3,Apr_W3,0.0,430.0
Northern Rough-winged Swallow,4,4,Apr_W4,0.0014164,706.0
Northern Rough-winged Swallow,5,1,May_W1,0.0031008,645.0
Northern Rough-winged Swallow,5,2,May_W2,0.0116279,774.0
Northern Rough-winged Swallow,5,3,May_W3,0.0130719,765.0
Northern Rough-winged Swallow,5,4,May_W4,0.0151515,1386.0
Northern Rough-winged Swallow,6,1,Jun_W1,0.0116959,855.0
Northern Rough-winged Swallow,6,2,Jun_W2,0.0106383,752.0
Northern Rough-winged Swallow,6,3,Jun_W3,0.0112,625.0
Northern Rough-winged Swallow,6,4,Jun_W4,0.0174497,745.0
Northern Rough-winged Swallow,7,1,Jul_W1,0.018705,695.0
Northern Rough-winged Swallow,7,2,Jul_W2,0.0112518,711.0
Northern Rough-winged Swallow,7,3,Jul_W3,0.0105448,569.0
Northern Rough-winged Swallow,7,4,Jul_W4,0.006795,883.0
Northern Rough-winged Swallow,8,1,Aug_W1,0.0,607.0
Northern Rough-winged Swallow,8,2,Aug_W2,0.0031299,639.0
Northern Rough-winged Swallow,8,3,Aug_W3,0.003413,586.0
Northern Rough-winged Swallow,8,4,Aug_W4,0.0011834,845.0
Northern Rough-winged Swallow,9,1,Sep_W1,0.0,528.0
Northern Rough-winged Swallow,9,2,Sep_W2,0.0,653.0
Northern Rough-winged Swallow,9,3,Sep_W3,0.0,638.0
Northern Rough-winged Swallow,9,4,Sep_W4,0.0,753.0
Northern Rough-winged Swallow,10,1,Oct_W1,0.0,630.0
Northern Rough-winged Swallow,10,2,Oct_W2,0.0,578.0
Northern Rough-winged Swallow,10,3,Oct_W3,0.0,488.0
Northern Rough-winged Swallow,10,4,Oct_W4,0.0,562.0
Northern Rough-winged Swallow,11,1,Nov_W1,0.0,383.0
Northern Rough-winged Swallow,11,2,Nov_W2,0.0,329.0
Northern Rough-winged Swallow,11,3,Nov_W3,0.0,273.0
Northern Rough-winged Swallow,11,4,Nov_W4,0.0,270.0
Northern Rough-winged Swallow,12,1,Dec_W1,0.0,157.0
Northern Rough-winged Swallow,12,2,Dec_W2,0.0,166.0
Northern Rough-winged Swallow,12,3,Dec_W3,0.0,137.0
Northern Rough-winged Swallow,12,4,Dec_W4,0.0,145.0
Barn Swallow,1,1,Jan_W1,0.0,185.0
Barn Swallow,1,2,Jan_W2,0.0,88.0
Barn Swallow,1,3,Jan_W3,0.0,105.0
Barn Swallow,1,4,Jan_W4,0.0,140.0
Barn Swallow,2,1,Feb_W1,0.0,123.0
Barn Swallow,2,2,Feb_W2,0.0,108.0
Barn Swallow,2,3,Feb_W3,0.0,118.0
Barn Swallow,2,4,Feb_W4,0.0,70.0
Barn Swallow,3,1,Mar_W1,0.0,105.0
Barn Swallow,3,2,Mar_W2,0.0,114.0
Barn Swallow,3,3,Mar_W3,0.0,142.0
Barn Swallow,3,4,Mar_W4,0.0,164.0
Barn Swallow,4,1,Apr_W1,0.0,261.0
Barn Swallow,4,2,Apr_W2,0.0,364.0
Barn Swallow,4,3,Apr_W3,0.0023256,430.0
Barn Swallow,4,4,Apr_W4,0.0254958,706.0
Barn Swallow,5,1,May_W1,0.0434109,645.0
Barn Swallow,5,2,May_W2,0.0930233,774.0
Barn Swallow,5,3,May_W3,0.0954248,765.0
Barn Swallow,5,4,May_W4,0.1154401,1386.0
Barn Swallow,6,1,Jun_W1,0.1590643,855.0
Barn Swallow,6,2,Jun_W2,0.1143617,752.0
Barn Swallow,6,3,Jun_W3,0.1104,625.0
Barn Swallow,6,4,Jun_W4,0.1409396,745.0
Barn Swallow,7,1,Jul_W1,0.1122302,695.0
Barn Swallow,7,2,Jul_W2,0.1448664,711.0
Barn Swallow,7,3,Jul_W3,0.1353251,569.0
Barn Swallow,7,4,Jul_W4,0.1347678,883.0
Barn Swallow,8,1,Aug_W1,0.1186161,607.0
Barn Swallow,8,2,Aug_W2,0.1377152,639.0
Barn Swallow,8,3,Aug_W3,0.0904437,586.0
Barn Swallow,8,4,Aug_W4,0.0544379,845.0
Barn Swallow,9,1,Sep_W1,0.0113636,528.0
Barn Swallow,9,2,Sep_W2,0.0045942,653.0
Barn Swallow,9,3,Sep_W3,0.0,638.0
Barn Swallow,9,4,Sep_W4,0.0,753.0
Barn Swallow,10,1,Oct_W1,0.0,630.0
Barn Swallow,10,2,Oct_W2,0.0,578.0
Barn Swallow,10,3,Oct_W3,0.0,488.0
Barn Swallow,10,4,Oct_W4,0.0,562.0
Barn Swallow,11,1,Nov_W1,0.0,383.0
Barn Swallow,11,2,Nov_W2,0.0,329.0
Barn Swallow,11,3,Nov_W3,0.0,273.0
Barn Swallow,11,4,Nov_W4,0.0,270.0
Barn Swallow,12,1,Dec_W1,0.0,157.0
Barn Swallow,12,2,Dec_W2,0.0,166.0
Barn Swallow,12,3,Dec_W3,0.0,137.0
Barn Swallow,12,4,Dec_W4,0.0,145.0
Cliff Swallow,1,1,Jan_W1,0.0,185.0
Cliff Swallow,1,2,Jan_W2,0.0,88.0
Cliff Swallow,1,3,Jan_W3,0.0,105.0
Cliff Swallow,1,4,Jan_W4,0.0,140.0
Cliff Swallow,2,1,Feb_W1,0.0,123.0
Cliff Swallow,2,2,Feb_W2,0.0,108.0
Cliff Swallow,2,3,Feb_W3,0.0,118.0
Cliff Swallow,2,4,Feb_W4,0.0,70.0
Cliff Swallow,3,1,Mar_W1,0.0,105.0
Cliff Swallow,3,2,Mar_W2,0.0,114.0
Cliff Swallow,3,3,Mar_W3,0.0,142.0
Cliff Swallow,3,4,Mar_W4,0.0,164.0
Cliff Swallow,4,1,Apr_W1,0.0,261.0
Cliff Swallow,4,2,Apr_W2,0.0,364.0
Cliff Swallow,4,3,Apr_W3,0.0,430.0
Cliff Swallow,4,4,Apr_W4,0.0042493,706.0
Cliff Swallow,5,1,May_W1,0.0031008,645.0
Cliff Swallow,5,2,May_W2,0.005168,774.0
Cliff Swallow,5,3,May_W3,0.0130719,765.0
Cliff Swallow,5,4,May_W4,0.017316,1386.0
Cliff Swallow,6,1,Jun_W1,0.0233918,855.0
Cliff Swallow,6,2,Jun_W2,0.0199468,752.0
Cliff Swallow,6,3,Jun_W3,0.0224,625.0
Cliff Swallow,6,4,Jun_W4,0.0295302,745.0
Cliff Swallow,7,1,Jul_W1,0.0158273,695.0
Cliff Swallow,7,2,Jul_W2,0.0407876,711.0
Cliff Swallow,7,3,Jul_W3,0.0246046,569.0
Cliff Swallow,7,4,Jul_W4,0.0192525,883.0
Cliff Swallow,8,1,Aug_W1,0.0115321,607.0
Cliff Swallow,8,2,Aug_W2,0.0219092,639.0
Cliff Swallow,8,3,Aug_W3,0.0187713,586.0
Cliff Swallow,8,4,Aug_W4,0.0130178,845.0
Cliff Swallow,9,1,Sep_W1,0.0037879,528.0
Cliff Swallow,9,2,Sep_W2,0.0015314,653.0
Cliff Swallow,9,3,Sep_W3,0.0,638.0
Cliff Swallow,9,4,Sep_W4,0.0,753.0
Cliff Swallow,10,1,Oct_W1,0.0,630.0
Cliff Swallow,10,2,Oct_W2,0.0,578.0
Cliff Swallow,10,3,Oct_W3,0.0,488.0
Cliff Swallow,10,4,Oct_W4,0.0,562.0
Cliff Swallow,11,1,Nov_W1,0.0,383.0
Cliff Swallow,11,2,Nov_W2,0.0,329.0
Cliff Swallow,11,3,Nov_W3,0.0,273.0
Cliff Swallow,11,4,Nov_W4,0.0,270.0
Cliff Swallow,12,1,Dec_W1,0.0,157.0
Cliff Swallow,12,2,Dec_W2,0.0,166.0
Cliff Swallow,12,3,Dec_W3,0.0,137.0
Cliff Swallow,12,4,Dec_W4,0.0,145.0
Ruby-crowned Kinglet,1,1,Jan_W1,0.0,185.0
Ruby-crowned Kinglet,1,2,Jan_W2,0.0,88.0
Ruby-crowned Kinglet,1,3,Jan_W3,0.0,105.0
Ruby-crowned Kinglet,1,4,Jan_W4,0.0,140.0
Ruby-crowned Kinglet,2,1,Feb_W1,0.0,123.0
Ruby-crowned Kinglet,2,2,Feb_W2,0.0,108.0
Ruby-crowned Kinglet,2,3,Feb_W3,0.0,118.0
Ruby-crowned Kinglet,2,4,Feb_W4,0.0,70.0
Ruby-crowned Kinglet,3,1,Mar_W1,0.0,105.0
Ruby-crowned Kinglet,3,2,Mar_W2,0.0,114.0
Ruby-crowned Kinglet,3,3,Mar_W3,0.0,142.0
Ruby-crowned Kinglet,3,4,Mar_W4,0.0,164.0
Ruby-crowned Kinglet,4,1,Apr_W1,0.0038314,261.0
Ruby-crowned Kinglet,4,2,Apr_W2,0.0384615,364.0
Ruby-crowned Kinglet,4,3,Apr_W3,0.0418605,430.0
Ruby-crowned Kinglet,4,4,Apr_W4,0.1373938,706.0
Ruby-crowned Kinglet,5,1,May_W1,0.151938,645.0
Ruby-crowned Kinglet,5,2,May_W2,0.126615,774.0
Ruby-crowned Kinglet,5,3,May_W3,0.069281,765.0
Ruby-crowned Kinglet,5,4,May_W4,0.0310245,1386.0
Ruby-crowned Kinglet,6,1,Jun_W1,0.0233918,855.0
Ruby-crowned Kinglet,6,2,Jun_W2,0.0359043,752.0
Ruby-crowned Kinglet,6,3,Jun_W3,0.0224,625.0
Ruby-crowned Kinglet,6,4,Jun_W4,0.0067114,745.0
Ruby-crowned Kinglet,7,1,Jul_W1,0.0071942,695.0
Ruby-crowned Kinglet,7,2,Jul_W2,0.0112518,711.0
Ruby-crowned Kinglet,7,3,Jul_W3,0.0123023,569.0
Ruby-crowned Kinglet,7,4,Jul_W4,0.002265,883.0
Ruby-crowned Kinglet,8,1,Aug_W1,0.0131796,607.0
Ruby-crowned Kinglet,8,2,Aug_W2,0.0093897,639.0
Ruby-crowned Kinglet,8,3,Aug_W3,0.0119454,586.0
Ruby-crowned Kinglet,8,4,Aug_W4,0.0035503,845.0
Ruby-crowned Kinglet,9,1,Sep_W1,0.0094697,528.0
Ruby-crowned Kinglet,9,2,Sep_W2,0.0245023,653.0
Ruby-crowned Kinglet,9,3,Sep_W3,0.0297806,638.0
Ruby-crowned Kinglet,9,4,Sep_W4,0.0730412,753.0
Ruby-crowned Kinglet,10,1,Oct_W1,0.0507937,630.0
Ruby-crowned Kinglet,10,2,Oct_W2,0.0519031,578.0
Ruby-crowned Kinglet,10,3,Oct_W3,0.0245902,488.0
Ruby-crowned Kinglet,10,4,Oct_W4,0.0266904,562.0
Ruby-crowned Kinglet,11,1,Nov_W1,0.0,383.0
Ruby-crowned Kinglet,11,2,Nov_W2,0.0,329.0
Ruby-crowned Kinglet,11,3,Nov_W3,0.003663,273.0
Ruby-crowned Kinglet,11,4,Nov_W4,0.0,270.0
Ruby-crowned Kinglet,12,1,Dec_W1,0.0,157.0
Ruby-crowned Kinglet,12,2,Dec_W2,0.0,166.0
Ruby-crowned Kinglet,12,3,Dec_W3,0.0,137.0
Ruby-crowned Kinglet,12,4,Dec_W4,0.0,145.0
Golden-crowned Kinglet,1,1,Jan_W1,0.027027,185.0
Golden-crowned Kinglet,1,2,Jan_W2,0.0,88.0
Golden-crowned Kinglet,1,3,Jan_W3,0.0015,105.0
Golden-crowned Kinglet,1,4,Jan_W4,0.05,140.0
Golden-crowned Kinglet,2,1,Feb_W1,0.0,123.0
Golden-crowned Kinglet,2,2,Feb_W2,0.0092593,108.0
Golden-crowned Kinglet,2,3,Feb_W3,0.0169492,118.0
Golden-crowned Kinglet,2,4,Feb_W4,0.0,70.0
Golden-crowned Kinglet,3,1,Mar_W1,0.0285714,105.0
Golden-crowned Kinglet,3,2,Mar_W2,0.0087719,114.0
Golden-crowned Kinglet,3,3,Mar_W3,0.0140845,142.0
Golden-crowned Kinglet,3,4,Mar_W4,0.0182927,164.0
Golden-crowned Kinglet,4,1,Apr_W1,0.0421456,261.0
Golden-crowned Kinglet,4,2,Apr_W2,0.0824176,364.0
Golden-crowned Kinglet,4,3,Apr_W3,0.0813953,430.0
Golden-crowned Kinglet,4,4,Apr_W4,0.0580737,706.0
Golden-crowned Kinglet,5,1,May_W1,0.0651163,645.0
Golden-crowned Kinglet,5,2,May_W2,0.0581395,774.0
Golden-crowned Kinglet,5,3,May_W3,0.0248366,765.0
Golden-crowned Kinglet,5,4,May_W4,0.0353535,1386.0
Golden-crowned Kinglet,6,1,Jun_W1,0.0350877,855.0
Golden-crowned Kinglet,6,2,Jun_W2,0.0625,752.0
Golden-crowned Kinglet,6,3,Jun_W3,0.0704,625.0
Golden-crowned Kinglet,6,4,Jun_W4,0.0348993,745.0
Golden-crowned Kinglet,7,1,Jul_W1,0.0230216,695.0
Golden-crowned Kinglet,7,2,Jul_W2,0.0253165,711.0
Golden-crowned Kinglet,7,3,Jul_W3,0.0246046,569.0
Golden-crowned Kinglet,7,4,Jul_W4,0.0237826,883.0
Golden-crowned Kinglet,8,1,Aug_W1,0.0527183,607.0
Golden-crowned Kinglet,8,2,Aug_W2,0.0625978,639.0
Golden-crowned Kinglet,8,3,Aug_W3,0.0238908,586.0
Golden-crowned Kinglet,8,4,Aug_W4,0.0414201,845.0
Golden-crowned Kinglet,9,1,Sep_W1,0.0492424,528.0
Golden-crowned Kinglet,9,2,Sep_W2,0.0612557,653.0
Golden-crowned Kinglet,9,3,Sep_W3,0.0862069,638.0
Golden-crowned Kinglet,9,4,Sep_W4,0.1460823,753.0
Golden-crowned Kinglet,10,1,Oct_W1,0.1063492,630.0
Golden-crowned Kinglet,10,2,Oct_W2,0.1280277,578.0
Golden-crowned Kinglet,10,3,Oct_W3,0.0901639,488.0
Golden-crowned Kinglet,10,4,Oct_W4,0.0587189,562.0
Golden-crowned Kinglet,11,1,Nov_W1,0.0313316,383.0
Golden-crowned Kinglet,11,2,Nov_W2,0.0151976,329.0
Golden-crowned Kinglet,11,3,Nov_W3,0.010989,273.0
Golden-crowned Kinglet,11,4,Nov_W4,0.0074074,270.0
Golden-crowned Kinglet,12,1,Dec_W1,0.0127389,157.0
Golden-crowned Kinglet,12,2,Dec_W2,0.0120482,166.0
Golden-crowned Kinglet,12,3,Dec_W3,0.0364964,137.0
Golden-crowned Kinglet,12,4,Dec_W4,0.0551724,145.0
White-breasted Nuthatch,1,1,Jan_W1,0.0864865,185.0
White-breasted Nuthatch,1,2,Jan_W2,0.1704545,88.0
White-breasted Nuthatch,1,3,Jan_W3,0.1428571,105.0
White-breasted Nuthatch,1,4,Jan_W4,0.1357143,140.0
White-breasted Nuthatch,2,1,Feb_W1,0.0894309,123.0
White-breasted Nuthatch,2,2,Feb_W2,0.2222222,108.0
White-breasted Nuthatch,2,3,Feb_W3,0.3389831,118.0
White-breasted Nuthatch,2,4,Feb_W4,0.2,70.0
White-breasted Nuthatch,3,1,Mar_W1,0.1714286,105.0
White-breasted Nuthatch,3,2,Mar_W2,0.1403509,114.0
White-breasted Nuthatch,3,3,Mar_W3,0.1056338,142.0
White-breasted Nuthatch,3,4,Mar_W4,0.1097561,164.0
White-breasted Nuthatch,4,1,Apr_W1,0.0881226,261.0
White-breasted Nuthatch,4,2,Apr_W2,0.1126374,364.0
White-breasted Nuthatch,4,3,Apr_W3,0.0790698,430.0
White-breasted Nuthatch,4,4,Apr_W4,0.0651558,706.0
White-breasted Nuthatch,5,1,May_W1,0.0496124,645.0
White-breasted Nuthatch,5,2,May_W2,0.0671835,774.0
White-breasted Nuthatch,5,3,May_W3,0.0457516,765.0
White-breasted Nuthatch,5,4,May_W4,0.041847,1386.0
White-breasted Nuthatch,6,1,Jun_W1,0.0421053,855.0
White-breasted Nuthatch,6,2,Jun_W2,0.0239362,752.0
White-breasted Nuthatch,6,3,Jun_W3,0.0352,625.0
White-breasted Nuthatch,6,4,Jun_W4,0.0322148,745.0
White-breasted Nuthatch,7,1,Jul_W1,0.0532374,695.0
White-breasted Nuthatch,7,2,Jul_W2,0.0646976,711.0
White-breasted Nuthatch,7,3,Jul_W3,0.0738137,569.0
White-breasted Nuthatch,7,4,Jul_W4,0.0724802,883.0
White-breasted Nuthatch,8,1,Aug_W1,0.092257,607.0
White-breasted Nuthatch,8,2,Aug_W2,0.086072,639.0
White-breasted Nuthatch,8,3,Aug_W3,0.0819113,586.0
White-breasted Nuthatch,8,4,Aug_W4,0.0497041,845.0
White-breasted Nuthatch,9,1,Sep_W1,0.0568182,528.0
White-breasted Nuthatch,9,2,Sep_W2,0.0918836,653.0
White-breasted Nuthatch,9,3,Sep_W3,0.0846395,638.0
White-breasted Nuthatch,9,4,Sep_W4,0.1128818,753.0
White-breasted Nuthatch,10,1,Oct_W1,0.0984127,630.0
White-breasted Nuthatch,10,2,Oct_W2,0.1089965,578.0
White-breasted Nuthatch,10,3,Oct_W3,0.0983607,488.0
White-breasted Nuthatch,10,4,Oct_W4,0.0996441,562.0
White-breasted Nuthatch,11,1,Nov_W1,0.1148825,383.0
White-breasted Nuthatch,11,2,Nov_W2,0.1215805,329.0
White-breasted Nuthatch,11,3,Nov_W3,0.1098901,273.0
White-breasted Nuthatch,11,4,Nov_W4,0.1814815,270.0
White-breasted Nuthatch,12,1,Dec_W1,0.1719745,157.0
White-breasted Nuthatch,12,2,Dec_W2,0.1385542,166.0
White-breasted Nuthatch,12,3,Dec_W3,0.2262774,137.0
White-breasted Nuthatch,12,4,Dec_W4,0.2137931,145.0
Red-breasted Nuthatch,1,1,Jan_W1,0.172973,185.0
Red-breasted Nuthatch,1,2,Jan_W2,0.1590909,88.0
Red-breasted Nuthatch,1,3,Jan_W3,0.1904762,105.0
Red-breasted Nuthatch,1,4,Jan_W4,0.15,140.0
Red-breasted Nuthatch,2,1,Feb_W1,0.2113821,123.0
Red-breasted Nuthatch,2,2,Feb_W2,0.3425926,108.0
Red-breasted Nuthatch,2,3,Feb_W3,0.4067797,118.0
Red-breasted Nuthatch,2,4,Feb_W4,0.2285714,70.0
Red-breasted Nuthatch,3,1,Mar_W1,0.2285714,105.0
Red-breasted Nuthatch,3,2,Mar_W2,0.2280702,114.0
Red-breasted Nuthatch,3,3,Mar_W3,0.1901408,142.0
Red-breasted Nuthatch,3,4,Mar_W4,0.1707317,164.0
Red-breasted Nuthatch,4,1,Apr_W1,0.1762452,261.0
Red-breasted Nuthatch,4,2,Apr_W2,0.1620879,364.0
Red-breasted Nuthatch,4,3,Apr_W3,0.1790698,430.0
Red-breasted Nuthatch,4,4,Apr_W4,0.1643059,706.0
Red-breasted Nuthatch,5,1,May_W1,0.2186047,645.0
Red-breasted Nuthatch,5,2,May_W2,0.2739018,774.0
Red-breasted Nuthatch,5,3,May_W3,0.2601307,765.0
Red-breasted Nuthatch,5,4,May_W4,0.2561328,1386.0
Red-breasted Nuthatch,6,1,Jun_W1,0.1964912,855.0
Red-breasted Nuthatch,6,2,Jun_W2,0.206117,752.0
Red-breasted Nuthatch,6,3,Jun_W3,0.2336,625.0
Red-breasted Nuthatch,6,4,Jun_W4,0.1731544,745.0
Red-breasted Nuthatch,7,1,Jul_W1,0.1784173,695.0
Red-breasted Nuthatch,7,2,Jul_W2,0.137834,711.0
Red-breasted Nuthatch,7,3,Jul_W3,0.1669596,569.0
Red-breasted Nuthatch,7,4,Jul_W4,0.1778029,883.0
Red-breasted Nuthatch,8,1,Aug_W1,0.2372323,607.0
Red-breasted Nuthatch,8,2,Aug_W2,0.2660407,639.0
Red-breasted Nuthatch,8,3,Aug_W3,0.2354949,586.0
Red-breasted Nuthatch,8,4,Aug_W4,0.2804734,845.0
Red-breasted Nuthatch,9,1,Sep_W1,0.2670455,528.0
Red-breasted Nuthatch,9,2,Sep_W2,0.295559,653.0
Red-breasted Nuthatch,9,3,Sep_W3,0.2617555,638.0
Red-breasted Nuthatch,9,4,Sep_W4,0.2363878,753.0
Red-breasted Nuthatch,10,1,Oct_W1,0.2,630.0
Red-breasted Nuthatch,10,2,Oct_W2,0.1885813,578.0
Red-breasted Nuthatch,10,3,Oct_W3,0.1680328,488.0
Red-breasted Nuthatch,10,4,Oct_W4,0.1690391,562.0
Red-breasted Nuthatch,11,1,Nov_W1,0.1331593,383.0
Red-breasted Nuthatch,11,2,Nov_W2,0.1793313,329.0
Red-breasted Nuthatch,11,3,Nov_W3,0.1868132,273.0
Red-breasted Nuthatch,11,4,Nov_W4,0.2,270.0
Red-breasted Nuthatch,12,1,Dec_W1,0.2356688,157.0
Red-breasted Nuthatch,12,2,Dec_W2,0.2228916,166.0
Red-breasted Nuthatch,12,3,Dec_W3,0.3430657,137.0
Red-breasted Nuthatch,12,4,Dec_W4,0.2965517,145.0
Brown Creeper,1,1,Jan_W1,0.0324324,185.0
Brown Creeper,1,2,Jan_W2,0.0113636,88.0
Brown Creeper,1,3,Jan_W3,0.0095238,105.0
Brown Creeper,1,4,Jan_W4,0.0142857,140.0
Brown Creeper,2,1,Feb_W1,0.0243902,123.0
Brown Creeper,2,2,Feb_W2,0.0185185,108.0
Brown Creeper,2,3,Feb_W3,0.0254237,118.0
Brown Creeper,2,4,Feb_W4,0.0285714,70.0
Brown Creeper,3,1,Mar_W1,0.0285714,105.0
Brown Creeper,3,2,Mar_W2,0.0614035,114.0
Brown Creeper,3,3,Mar_W3,0.0140845,142.0
Brown Creeper,3,4,Mar_W4,0.0182927,164.0
Brown Creeper,4,1,Apr_W1,0.0191571,261.0
Brown Creeper,4,2,Apr_W2,0.0659341,364.0
Brown Creeper,4,3,Apr_W3,0.0511628,430.0
Brown Creeper,4,4,Apr_W4,0.0495751,706.0
Brown Creeper,5,1,May_W1,0.0573643,645.0
Brown Creeper,5,2,May_W2,0.0478036,774.0
Brown Creeper,5,3,May_W3,0.0575163,765.0
Brown Creeper,5,4,May_W4,0.047619,1386.0
Brown Creeper,6,1,Jun_W1,0.0350877,855.0
Brown Creeper,6,2,Jun_W2,0.0531915,752.0
Brown Creeper,6,3,Jun_W3,0.0576,625.0
Brown Creeper,6,4,Jun_W4,0.0362416,745.0
Brown Creeper,7,1,Jul_W1,0.0417266,695.0
Brown Creeper,7,2,Jul_W2,0.0407876,711.0
Brown Creeper,7,3,Jul_W3,0.0456942,569.0
Brown Creeper,7,4,Jul_W4,0.0385051,883.0
Brown Creeper,8,1,Aug_W1,0.0741351,607.0
Brown Creeper,8,2,Aug_W2,0.0532081,639.0
Brown Creeper,8,3,Aug_W3,0.0494881,586.0
Brown Creeper,8,4,Aug_W4,0.035503,845.0
Brown Creeper,9,1,Sep_W1,0.0378788,528.0
Brown Creeper,9,2,Sep_W2,0.0382848,653.0
Brown Creeper,9,3,Sep_W3,0.0454545,638.0
Brown Creeper,9,4,Sep_W4,0.0358566,753.0
Brown Creeper,10,1,Oct_W1,0.0222222,630.0
Brown Creeper,10,2,Oct_W2,0.0415225,578.0
Brown Creeper,10,3,Oct_W3,0.022541,488.0
Brown Creeper,10,4,Oct_W4,0.019573,562.0
Brown Creeper,11,1,Nov_W1,0.0104439,383.0
Brown Creeper,11,2,Nov_W2,0.0091185,329.0
Brown Creeper,11,3,Nov_W3,0.018315,273.0
Brown Creeper,11,4,Nov_W4,0.0111111,270.0
Brown Creeper,12,1,Dec_W1,0.0318471,157.0
Brown Creeper,12,2,Dec_W2,0.0,166.0
Brown Creeper,12,3,Dec_W3,0.0145985,137.0
Brown Creeper,12,4,Dec_W4,0.0275862,145.0
Blue-gray Gnatcatcher,1,1,Jan_W1,0.0,185.0
Blue-gray Gnatcatcher,1,2,Jan_W2,0.0,88.0
Blue-gray Gnatcatcher,1,3,Jan_W3,0.0,105.0
Blue-gray Gnatcatcher,1,4,Jan_W4,0.0,140.0
Blue-gray Gnatcatcher,2,1,Feb_W1,0.0,123.0
Blue-gray Gnatcatcher,2,2,Feb_W2,0.0,108.0
Blue-gray Gnatcatcher,2,3,Feb_W3,0.0,118.0
Blue-gray Gnatcatcher,2,4,Feb_W4,0.0,70.0
Blue-gray Gnatcatcher,3,1,Mar_W1,0.0,105.0
Blue-gray Gnatcatcher,3,2,Mar_W2,0.0,114.0
Blue-gray Gnatcatcher,3,3,Mar_W3,0.0,142.0
Blue-gray Gnatcatcher,3,4,Mar_W4,0.0,164.0
Blue-gray Gnatcatcher,4,1,Apr_W1,0.0,261.0
Blue-gray Gnatcatcher,4,2,Apr_W2,0.0,364.0
Blue-gray Gnatcatcher,4,3,Apr_W3,0.0,430.0
Blue-gray Gnatcatcher,4,4,Apr_W4,0.0,706.0
Blue-gray Gnatcatcher,5,1,May_W1,0.0031008,645.0
Blue-gray Gnatcatcher,5,2,May_W2,0.0,774.0
Blue-gray Gnatcatcher,5,3,May_W3,0.0052288,765.0
Blue-gray Gnatcatcher,5,4,May_W4,0.0021645,1386.0
Blue-gray Gnatcatcher,6,1,Jun_W1,0.0015,855.0
Blue-gray Gnatcatcher,6,2,Jun_W2,0.0,752.0
Blue-gray Gnatcatcher,6,3,Jun_W3,0.0,625.0
Blue-gray Gnatcatcher,6,4,Jun_W4,0.0,745.0
Blue-gray Gnatcatcher,7,1,Jul_W1,0.0014388,695.0
Blue-gray Gnatcatcher,7,2,Jul_W2,0.0,711.0
Blue-gray Gnatcatcher,7,3,Jul_W3,0.0,569.0
Blue-gray Gnatcatcher,7,4,Jul_W4,0.0,883.0
Blue-gray Gnatcatcher,8,1,Aug_W1,0.0016474,607.0
Blue-gray Gnatcatcher,8,2,Aug_W2,0.0,639.0
Blue-gray Gnatcatcher,8,3,Aug_W3,0.0,586.0
Blue-gray Gnatcatcher,8,4,Aug_W4,0.0,845.0
Blue-gray Gnatcatcher,9,1,Sep_W1,0.0,528.0
Blue-gray Gnatcatcher,9,2,Sep_W2,0.0,653.0
Blue-gray Gnatcatcher,9,3,Sep_W3,0.0015674,638.0
Blue-gray Gnatcatcher,9,4,Sep_W4,0.0,753.0
Blue-gray Gnatcatcher,10,1,Oct_W1,0.0,630.0
Blue-gray Gnatcatcher,10,2,Oct_W2,0.0,578.0
Blue-gray Gnatcatcher,10,3,Oct_W3,0.0,488.0
Blue-gray Gnatcatcher,10,4,Oct_W4,0.0,562.0
Blue-gray Gnatcatcher,11,1,Nov_W1,0.0,383.0
Blue-gray Gnatcatcher,11,2,Nov_W2,0.0,329.0
Blue-gray Gnatcatcher,11,3,Nov_W3,0.0,273.0
Blue-gray Gnatcatcher,11,4,Nov_W4,0.0037037,270.0
Blue-gray Gnatcatcher,12,1,Dec_W1,0.0,157.0
Blue-gray Gnatcatcher,12,2,Dec_W2,0.0,166.0
Blue-gray Gnatcatcher,12,3,Dec_W3,0.0,137.0
Blue-gray Gnatcatcher,12,4,Dec_W4,0.0,145.0
Rock Wren,1,1,Jan_W1,0.0,185.0
Rock Wren,1,2,Jan_W2,0.0,88.0
Rock Wren,1,3,Jan_W3,0.0,105.0
Rock Wren,1,4,Jan_W4,0.0,140.0
Rock Wren,2,1,Feb_W1,0.0,123.0
Rock Wren,2,2,Feb_W2,0.0,108.0
Rock Wren,2,3,Feb_W3,0.0,118.0
Rock Wren,2,4,Feb_W4,0.0,70.0
Rock Wren,3,1,Mar_W1,0.0,105.0
Rock Wren,3,2,Mar_W2,0.0,114.0
Rock Wren,3,3,Mar_W3,0.0,142.0
Rock Wren,3,4,Mar_W4,0.0,164.0
Rock Wren,4,1,Apr_W1,0.0,261.0
Rock Wren,4,2,Apr_W2,0.0,364.0
Rock Wren,4,3,Apr_W3,0.0,430.0
Rock Wren,4,4,Apr_W4,0.0,706.0
Rock Wren,5,1,May_W1,0.0,645.0
Rock Wren,5,2,May_W2,0.0,774.0
Rock Wren,5,3,May_W3,0.0,765.0
Rock Wren,5,4,May_W4,0.0,1386.0
Rock Wren,6,1,Jun_W1,0.0,855.0
Rock Wren,6,2,Jun_W2,0.0,752.0
Rock Wren,6,3,Jun_W3,0.0,625.0
Rock Wren,6,4,Jun_W4,0.0,745.0
Rock Wren,7,1,Jul_W1,0.0,695.0
Rock Wren,7,2,Jul_W2,0.0,711.0
Rock Wren,7,3,Jul_W3,0.0,569.0
Rock Wren,7,4,Jul_W4,0.0,883.0
Rock Wren,8,1,Aug_W1,0.0,607.0
Rock Wren,8,2,Aug_W2,0.0,639.0
Rock Wren,8,3,Aug_W3,0.0,586.0
Rock Wren,8,4,Aug_W4,0.0,845.0
Rock Wren,9,1,Sep_W1,0.0,528.0
Rock Wren,9,2,Sep_W2,0.0,653.0
Rock Wren,9,3,Sep_W3,0.0,638.0
Rock Wren,9,4,Sep_W4,0.0,753.0
Rock Wren,10,1,Oct_W1,0.0,630.0
Rock Wren,10,2,Oct_W2,0.0,578.0
Rock Wren,10,3,Oct_W3,0.0020492,488.0
Rock Wren,10,4,Oct_W4,0.0,562.0
Rock Wren,11,1,Nov_W1,0.0,383.0
Rock Wren,11,2,Nov_W2,0.0,329.0
Rock Wren,11,3,Nov_W3,0.0,273.0
Rock Wren,11,4,Nov_W4,0.0,270.0
Rock Wren,12,1,Dec_W1,0.0,157.0
Rock Wren,12,2,Dec_W2,0.0,166.0
Rock Wren,12,3,Dec_W3,0.0,137.0
Rock Wren,12,4,Dec_W4,0.0,145.0
Northern House Wren,1,1,Jan_W1,0.0,185.0
Northern House Wren,1,2,Jan_W2,0.0,88.0
Northern House Wren,1,3,Jan_W3,0.0,105.0
Northern House Wren,1,4,Jan_W4,0.0,140.0
Northern House Wren,2,1,Feb_W1,0.0,123.0
Northern House Wren,2,2,Feb_W2,0.0,108.0
Northern House Wren,2,3,Feb_W3,0.0,118.0
Northern House Wren,2,4,Feb_W4,0.0,70.0
Northern House Wren,3,1,Mar_W1,0.0,105.0
Northern House Wren,3,2,Mar_W2,0.0,114.0
Northern House Wren,3,3,Mar_W3,0.0,142.0
Northern House Wren,3,4,Mar_W4,0.0,164.0
Northern House Wren,4,1,Apr_W1,0.0,261.0
Northern House Wren,4,2,Apr_W2,0.0,364.0
Northern House Wren,4,3,Apr_W3,0.0,430.0
Northern House Wren,4,4,Apr_W4,0.0042493,706.0
Northern House Wren,5,1,May_W1,0.0031008,645.0
Northern House Wren,5,2,May_W2,0.0180879,774.0
Northern House Wren,5,3,May_W3,0.0431373,765.0
Northern House Wren,5,4,May_W4,0.038961,1386.0
Northern House Wren,6,1,Jun_W1,0.0584795,855.0
Northern House Wren,6,2,Jun_W2,0.0598404,752.0
Northern House Wren,6,3,Jun_W3,0.0576,625.0
Northern House Wren,6,4,Jun_W4,0.0469799,745.0
Northern House Wren,7,1,Jul_W1,0.0345324,695.0
Northern House Wren,7,2,Jul_W2,0.0379747,711.0
Northern House Wren,7,3,Jul_W3,0.0439367,569.0
Northern House Wren,7,4,Jul_W4,0.0237826,883.0
Northern House Wren,8,1,Aug_W1,0.0313015,607.0
Northern House Wren,8,2,Aug_W2,0.0234742,639.0
Northern House Wren,8,3,Aug_W3,0.0187713,586.0
Northern House Wren,8,4,Aug_W4,0.0272189,845.0
Northern House Wren,9,1,Sep_W1,0.0132576,528.0
Northern House Wren,9,2,Sep_W2,0.007657,653.0
Northern House Wren,9,3,Sep_W3,0.0015674,638.0
Northern House Wren,9,4,Sep_W4,0.0092961,753.0
Northern House Wren,10,1,Oct_W1,0.0047619,630.0
Northern House Wren,10,2,Oct_W2,0.0,578.0
Northern House Wren,10,3,Oct_W3,0.0,488.0
Northern House Wren,10,4,Oct_W4,0.0,562.0
Northern House Wren,11,1,Nov_W1,0.0,383.0
Northern House Wren,11,2,Nov_W2,0.0,329.0
Northern House Wren,11,3,Nov_W3,0.0,273.0
Northern House Wren,11,4,Nov_W4,0.0,270.0
Northern House Wren,12,1,Dec_W1,0.0,157.0
Northern House Wren,12,2,Dec_W2,0.0,166.0
Northern House Wren,12,3,Dec_W3,0.0,137.0
Northern House Wren,12,4,Dec_W4,0.0,145.0
Winter Wren,1,1,Jan_W1,0.0,185.0
Winter Wren,1,2,Jan_W2,0.0,88.0
Winter Wren,1,3,Jan_W3,0.0,105.0
Winter Wren,1,4,Jan_W4,0.0,140.0
Winter Wren,2,1,Feb_W1,0.0,123.0
Winter Wren,2,2,Feb_W2,0.0,108.0
Winter Wren,2,3,Feb_W3,0.0,118.0
Winter Wren,2,4,Feb_W4,0.0,70.0
Winter Wren,3,1,Mar_W1,0.0015,105.0
Winter Wren,3,2,Mar_W2,0.0,114.0
Winter Wren,3,3,Mar_W3,0.0,142.0
Winter Wren,3,4,Mar_W4,0.0015,164.0
Winter Wren,4,1,Apr_W1,0.0038314,261.0
Winter Wren,4,2,Apr_W2,0.0412088,364.0
Winter Wren,4,3,Apr_W3,0.0325581,430.0
Winter Wren,4,4,Apr_W4,0.0481586,706.0
Winter Wren,5,1,May_W1,0.0527132,645.0
Winter Wren,5,2,May_W2,0.0633075,774.0
Winter Wren,5,3,May_W3,0.0810458,765.0
Winter Wren,5,4,May_W4,0.0800866,1386.0
Winter Wren,6,1,Jun_W1,0.0830409,855.0
Winter Wren,6,2,Jun_W2,0.1170213,752.0
Winter Wren,6,3,Jun_W3,0.128,625.0
Winter Wren,6,4,Jun_W4,0.0993289,745.0
Winter Wren,7,1,Jul_W1,0.0805755,695.0
Winter Wren,7,2,Jul_W2,0.0801688,711.0
Winter Wren,7,3,Jul_W3,0.0685413,569.0
Winter Wren,7,4,Jul_W4,0.0396376,883.0
Winter Wren,8,1,Aug_W1,0.0444811,607.0
Winter Wren,8,2,Aug_W2,0.0234742,639.0
Winter Wren,8,3,Aug_W3,0.0170648,586.0
Winter Wren,8,4,Aug_W4,0.0094675,845.0
Winter Wren,9,1,Sep_W1,0.0151515,528.0
Winter Wren,9,2,Sep_W2,0.007657,653.0
Winter Wren,9,3,Sep_W3,0.0141066,638.0
Winter Wren,9,4,Sep_W4,0.0265604,753.0
Winter Wren,10,1,Oct_W1,0.0174603,630.0
Winter Wren,10,2,Oct_W2,0.0207612,578.0
Winter Wren,10,3,Oct_W3,0.0143443,488.0
Winter Wren,10,4,Oct_W4,0.019573,562.0
Winter Wren,11,1,Nov_W1,0.0,383.0
Winter Wren,11,2,Nov_W2,0.0,329.0
Winter Wren,11,3,Nov_W3,0.0,273.0
Winter Wren,11,4,Nov_W4,0.0,270.0
Winter Wren,12,1,Dec_W1,0.0,157.0
Winter Wren,12,2,Dec_W2,0.0,166.0
Winter Wren,12,3,Dec_W3,0.0,137.0
Winter Wren,12,4,Dec_W4,0.0,145.0
Sedge Wren,1,1,Jan_W1,0.0,185.0
Sedge Wren,1,2,Jan_W2,0.0,88.0
Sedge Wren,1,3,Jan_W3,0.0,105.0
Sedge Wren,1,4,Jan_W4,0.0,140.0
Sedge Wren,2,1,Feb_W1,0.0,123.0
Sedge Wren,2,2,Feb_W2,0.0,108.0
Sedge Wren,2,3,Feb_W3,0.0,118.0
Sedge Wren,2,4,Feb_W4,0.0,70.0
Sedge Wren,3,1,Mar_W1,0.0,105.0
Sedge Wren,3,2,Mar_W2,0.0,114.0
Sedge Wren,3,3,Mar_W3,0.0,142.0
Sedge Wren,3,4,Mar_W4,0.0,164.0
Sedge Wren,4,1,Apr_W1,0.0,261.0
Sedge Wren,4,2,Apr_W2,0.0,364.0
Sedge Wren,4,3,Apr_W3,0.0,430.0
Sedge Wren,4,4,Apr_W4,0.0,706.0
Sedge Wren,5,1,May_W1,0.0,645.0
Sedge Wren,5,2,May_W2,0.003876,774.0
Sedge Wren,5,3,May_W3,0.0039216,765.0
Sedge Wren,5,4,May_W4,0.002886,1386.0
Sedge Wren,6,1,Jun_W1,0.0105263,855.0
Sedge Wren,6,2,Jun_W2,0.0146277,752.0
Sedge Wren,6,3,Jun_W3,0.0112,625.0
Sedge Wren,6,4,Jun_W4,0.0120805,745.0
Sedge Wren,7,1,Jul_W1,0.0086331,695.0
Sedge Wren,7,2,Jul_W2,0.0056259,711.0
Sedge Wren,7,3,Jul_W3,0.0070299,569.0
Sedge Wren,7,4,Jul_W4,0.0033975,883.0
Sedge Wren,8,1,Aug_W1,0.0065898,607.0
Sedge Wren,8,2,Aug_W2,0.0015649,639.0
Sedge Wren,8,3,Aug_W3,0.0017065,586.0
Sedge Wren,8,4,Aug_W4,0.0,845.0
Sedge Wren,9,1,Sep_W1,0.0,528.0
Sedge Wren,9,2,Sep_W2,0.0,653.0
Sedge Wren,9,3,Sep_W3,0.0,638.0
Sedge Wren,9,4,Sep_W4,0.001328,753.0
Sedge Wren,10,1,Oct_W1,0.0031746,630.0
Sedge Wren,10,2,Oct_W2,0.0,578.0
Sedge Wren,10,3,Oct_W3,0.0,488.0
Sedge Wren,10,4,Oct_W4,0.0,562.0
Sedge Wren,11,1,Nov_W1,0.0,383.0
Sedge Wren,11,2,Nov_W2,0.0,329.0
Sedge Wren,11,3,Nov_W3,0.0,273.0
Sedge Wren,11,4,Nov_W4,0.0,270.0
Sedge Wren,12,1,Dec_W1,0.0,157.0
Sedge Wren,12,2,Dec_W2,0.0,166.0
Sedge Wren,12,3,Dec_W3,0.0,137.0
Sedge Wren,12,4,Dec_W4,0.0,145.0
Marsh Wren,1,1,Jan_W1,0.0,185.0
Marsh Wren,1,2,Jan_W2,0.0,88.0
Marsh Wren,1,3,Jan_W3,0.0,105.0
Marsh Wren,1,4,Jan_W4,0.0,140.0
Marsh Wren,2,1,Feb_W1,0.0,123.0
Marsh Wren,2,2,Feb_W2,0.0,108.0
Marsh Wren,2,3,Feb_W3,0.0,118.0
Marsh Wren,2,4,Feb_W4,0.0,70.0
Marsh Wren,3,1,Mar_W1,0.0,105.0
Marsh Wren,3,2,Mar_W2,0.0,114.0
Marsh Wren,3,3,Mar_W3,0.0,142.0
Marsh Wren,3,4,Mar_W4,0.0,164.0
Marsh Wren,4,1,Apr_W1,0.0,261.0
Marsh Wren,4,2,Apr_W2,0.0,364.0
Marsh Wren,4,3,Apr_W3,0.0,430.0
Marsh Wren,4,4,Apr_W4,0.0,706.0
Marsh Wren,5,1,May_W1,0.0,645.0
Marsh Wren,5,2,May_W2,0.0,774.0
Marsh Wren,5,3,May_W3,0.0,765.0
Marsh Wren,5,4,May_W4,0.0,1386.0
Marsh Wren,6,1,Jun_W1,0.0,855.0
Marsh Wren,6,2,Jun_W2,0.0,752.0
Marsh Wren,6,3,Jun_W3,0.0,625.0
Marsh Wren,6,4,Jun_W4,0.0013423,745.0
Marsh Wren,7,1,Jul_W1,0.0,695.0
Marsh Wren,7,2,Jul_W2,0.0014065,711.0
Marsh Wren,7,3,Jul_W3,0.0052724,569.0
Marsh Wren,7,4,Jul_W4,0.0011325,883.0
Marsh Wren,8,1,Aug_W1,0.0032949,607.0
Marsh Wren,8,2,Aug_W2,0.0,639.0
Marsh Wren,8,3,Aug_W3,0.0,586.0
Marsh Wren,8,4,Aug_W4,0.0,845.0
Marsh Wren,9,1,Sep_W1,0.0,528.0
Marsh Wren,9,2,Sep_W2,0.0,653.0
Marsh Wren,9,3,Sep_W3,0.0,638.0
Marsh Wren,9,4,Sep_W4,0.0,753.0
Marsh Wren,10,1,Oct_W1,0.0,630.0
Marsh Wren,10,2,Oct_W2,0.0,578.0
Marsh Wren,10,3,Oct_W3,0.0,488.0
Marsh Wren,10,4,Oct_W4,0.0,562.0
Marsh Wren,11,1,Nov_W1,0.0,383.0
Marsh Wren,11,2,Nov_W2,0.0,329.0
Marsh Wren,11,3,Nov_W3,0.0,273.0
Marsh Wren,11,4,Nov_W4,0.0,270.0
Marsh Wren,12,1,Dec_W1,0.0,157.0
Marsh Wren,12,2,Dec_W2,0.0,166.0
Marsh Wren,12,3,Dec_W3,0.0,137.0
Marsh Wren,12,4,Dec_W4,0.0,145.0
Carolina Wren,1,1,Jan_W1,0.0,185.0
Carolina Wren,1,2,Jan_W2,0.0,88.0
Carolina Wren,1,3,Jan_W3,0.0,105.0
Carolina Wren,1,4,Jan_W4,0.0,140.0
Carolina Wren,2,1,Feb_W1,0.0,123.0
Carolina Wren,2,2,Feb_W2,0.0,108.0
Carolina Wren,2,3,Feb_W3,0.0,118.0
Carolina Wren,2,4,Feb_W4,0.0142857,70.0
Carolina Wren,3,1,Mar_W1,0.0,105.0
Carolina Wren,3,2,Mar_W2,0.0,114.0
Carolina Wren,3,3,Mar_W3,0.0,142.0
Carolina Wren,3,4,Mar_W4,0.0,164.0
Carolina Wren,4,1,Apr_W1,0.0,261.0
Carolina Wren,4,2,Apr_W2,0.0,364.0
Carolina Wren,4,3,Apr_W3,0.0,430.0
Carolina Wren,4,4,Apr_W4,0.0,706.0
Carolina Wren,5,1,May_W1,0.0,645.0
Carolina Wren,5,2,May_W2,0.0,774.0
Carolina Wren,5,3,May_W3,0.0,765.0
Carolina Wren,5,4,May_W4,0.0,1386.0
Carolina Wren,6,1,Jun_W1,0.0,855.0
Carolina Wren,6,2,Jun_W2,0.0,752.0
Carolina Wren,6,3,Jun_W3,0.0,625.0
Carolina Wren,6,4,Jun_W4,0.0,745.0
Carolina Wren,7,1,Jul_W1,0.0,695.0
Carolina Wren,7,2,Jul_W2,0.0,711.0
Carolina Wren,7,3,Jul_W3,0.0,569.0
Carolina Wren,7,4,Jul_W4,0.0,883.0
Carolina Wren,8,1,Aug_W1,0.0,607.0
Carolina Wren,8,2,Aug_W2,0.0,639.0
Carolina Wren,8,3,Aug_W3,0.0,586.0
Carolina Wren,8,4,Aug_W4,0.0,845.0
Carolina Wren,9,1,Sep_W1,0.0,528.0
Carolina Wren,9,2,Sep_W2,0.0,653.0
Carolina Wren,9,3,Sep_W3,0.0,638.0
Carolina Wren,9,4,Sep_W4,0.0,753.0
Carolina Wren,10,1,Oct_W1,0.0,630.0
Carolina Wren,10,2,Oct_W2,0.0,578.0
Carolina Wren,10,3,Oct_W3,0.0015,488.0
Carolina Wren,10,4,Oct_W4,0.0,562.0
Carolina Wren,11,1,Nov_W1,0.0,383.0
Carolina Wren,11,2,Nov_W2,0.0,329.0
Carolina Wren,11,3,Nov_W3,0.0,273.0
Carolina Wren,11,4,Nov_W4,0.0,270.0
Carolina Wren,12,1,Dec_W1,0.0,157.0
Carolina Wren,12,2,Dec_W2,0.0,166.0
Carolina Wren,12,3,Dec_W3,0.0,137.0
Carolina Wren,12,4,Dec_W4,0.0,145.0
European Starling,1,1,Jan_W1,0.1081081,185.0
European Starling,1,2,Jan_W2,0.1477273,88.0
European Starling,1,3,Jan_W3,0.1428571,105.0
European Starling,1,4,Jan_W4,0.1071429,140.0
European Starling,2,1,Feb_W1,0.097561,123.0
European Starling,2,2,Feb_W2,0.0555556,108.0
European Starling,2,3,Feb_W3,0.1440678,118.0
European Starling,2,4,Feb_W4,0.1,70.0
European Starling,3,1,Mar_W1,0.1142857,105.0
European Starling,3,2,Mar_W2,0.1052632,114.0
European Starling,3,3,Mar_W3,0.1267606,142.0
European Starling,3,4,Mar_W4,0.1280488,164.0
European Starling,4,1,Apr_W1,0.1111111,261.0
European Starling,4,2,Apr_W2,0.1208791,364.0
European Starling,4,3,Apr_W3,0.0767442,430.0
European Starling,4,4,Apr_W4,0.1033994,706.0
European Starling,5,1,May_W1,0.0775194,645.0
European Starling,5,2,May_W2,0.0904393,774.0
European Starling,5,3,May_W3,0.0745098,765.0
European Starling,5,4,May_W4,0.0836941,1386.0
European Starling,6,1,Jun_W1,0.1181287,855.0
European Starling,6,2,Jun_W2,0.1156915,752.0
European Starling,6,3,Jun_W3,0.1072,625.0
European Starling,6,4,Jun_W4,0.0832215,745.0
European Starling,7,1,Jul_W1,0.0776978,695.0
European Starling,7,2,Jul_W2,0.0675105,711.0
European Starling,7,3,Jul_W3,0.0544815,569.0
European Starling,7,4,Jul_W4,0.0532276,883.0
European Starling,8,1,Aug_W1,0.0411862,607.0
European Starling,8,2,Aug_W2,0.0375587,639.0
European Starling,8,3,Aug_W3,0.0409556,586.0
European Starling,8,4,Aug_W4,0.035503,845.0
European Starling,9,1,Sep_W1,0.0227273,528.0
European Starling,9,2,Sep_W2,0.0367534,653.0
European Starling,9,3,Sep_W3,0.0454545,638.0
European Starling,9,4,Sep_W4,0.0517928,753.0
European Starling,10,1,Oct_W1,0.047619,630.0
European Starling,10,2,Oct_W2,0.0311419,578.0
European Starling,10,3,Oct_W3,0.0409836,488.0
European Starling,10,4,Oct_W4,0.0747331,562.0
European Starling,11,1,Nov_W1,0.0887728,383.0
European Starling,11,2,Nov_W2,0.0699088,329.0
European Starling,11,3,Nov_W3,0.0915751,273.0
European Starling,11,4,Nov_W4,0.1074074,270.0
European Starling,12,1,Dec_W1,0.1210191,157.0
European Starling,12,2,Dec_W2,0.0903614,166.0
European Starling,12,3,Dec_W3,0.1094891,137.0
European Starling,12,4,Dec_W4,0.137931,145.0
Gray Catbird,1,1,Jan_W1,0.0,185.0
Gray Catbird,1,2,Jan_W2,0.0,88.0
Gray Catbird,1,3,Jan_W3,0.0,105.0
Gray Catbird,1,4,Jan_W4,0.0,140.0
Gray Catbird,2,1,Feb_W1,0.0,123.0
Gray Catbird,2,2,Feb_W2,0.0,108.0
Gray Catbird,2,3,Feb_W3,0.0,118.0
Gray Catbird,2,4,Feb_W4,0.0,70.0
Gray Catbird,3,1,Mar_W1,0.0,105.0
Gray Catbird,3,2,Mar_W2,0.0,114.0
Gray Catbird,3,3,Mar_W3,0.0,142.0
Gray Catbird,3,4,Mar_W4,0.0060976,164.0
Gray Catbird,4,1,Apr_W1,0.0,261.0
Gray Catbird,4,2,Apr_W2,0.0,364.0
Gray Catbird,4,3,Apr_W3,0.0,430.0
Gray Catbird,4,4,Apr_W4,0.0,706.0
Gray Catbird,5,1,May_W1,0.0015504,645.0
Gray Catbird,5,2,May_W2,0.0219638,774.0
Gray Catbird,5,3,May_W3,0.0797386,765.0
Gray Catbird,5,4,May_W4,0.0894661,1386.0
Gray Catbird,6,1,Jun_W1,0.0795322,855.0
Gray Catbird,6,2,Jun_W2,0.0864362,752.0
Gray Catbird,6,3,Jun_W3,0.0784,625.0
Gray Catbird,6,4,Jun_W4,0.0751678,745.0
Gray Catbird,7,1,Jul_W1,0.0748201,695.0
Gray Catbird,7,2,Jul_W2,0.0801688,711.0
Gray Catbird,7,3,Jul_W3,0.0685413,569.0
Gray Catbird,7,4,Jul_W4,0.0690827,883.0
Gray Catbird,8,1,Aug_W1,0.0658979,607.0
Gray Catbird,8,2,Aug_W2,0.0751174,639.0
Gray Catbird,8,3,Aug_W3,0.0853242,586.0
Gray Catbird,8,4,Aug_W4,0.0887574,845.0
Gray Catbird,9,1,Sep_W1,0.0454545,528.0
Gray Catbird,9,2,Sep_W2,0.0444104,653.0
Gray Catbird,9,3,Sep_W3,0.0423197,638.0
Gray Catbird,9,4,Sep_W4,0.0385126,753.0
Gray Catbird,10,1,Oct_W1,0.0174603,630.0
Gray Catbird,10,2,Oct_W2,0.0034602,578.0
Gray Catbird,10,3,Oct_W3,0.0020492,488.0
Gray Catbird,10,4,Oct_W4,0.0,562.0
Gray Catbird,11,1,Nov_W1,0.0,383.0
Gray Catbird,11,2,Nov_W2,0.0,329.0
Gray Catbird,11,3,Nov_W3,0.0,273.0
Gray Catbird,11,4,Nov_W4,0.0,270.0
Gray Catbird,12,1,Dec_W1,0.0,157.0
Gray Catbird,12,2,Dec_W2,0.0,166.0
Gray Catbird,12,3,Dec_W3,0.0,137.0
Gray Catbird,12,4,Dec_W4,0.0068966,145.0
Brown Thrasher,1,1,Jan_W1,0.0,185.0
Brown Thrasher,1,2,Jan_W2,0.0,88.0
Brown Thrasher,1,3,Jan_W3,0.0,105.0
Brown Thrasher,1,4,Jan_W4,0.0,140.0
Brown Thrasher,2,1,Feb_W1,0.0,123.0
Brown Thrasher,2,2,Feb_W2,0.0,108.0
Brown Thrasher,2,3,Feb_W3,0.0,118.0
Brown Thrasher,2,4,Feb_W4,0.0,70.0
Brown Thrasher,3,1,Mar_W1,0.0,105.0
Brown Thrasher,3,2,Mar_W2,0.0,114.0
Brown Thrasher,3,3,Mar_W3,0.0,142.0
Brown Thrasher,3,4,Mar_W4,0.0,164.0
Brown Thrasher,4,1,Apr_W1,0.0,261.0
Brown Thrasher,4,2,Apr_W2,0.0027473,364.0
Brown Thrasher,4,3,Apr_W3,0.0015,430.0
Brown Thrasher,4,4,Apr_W4,0.0169972,706.0
Brown Thrasher,5,1,May_W1,0.0356589,645.0
Brown Thrasher,5,2,May_W2,0.0594315,774.0
Brown Thrasher,5,3,May_W3,0.0575163,765.0
Brown Thrasher,5,4,May_W4,0.0505051,1386.0
Brown Thrasher,6,1,Jun_W1,0.0573099,855.0
Brown Thrasher,6,2,Jun_W2,0.0691489,752.0
Brown Thrasher,6,3,Jun_W3,0.0528,625.0
Brown Thrasher,6,4,Jun_W4,0.0322148,745.0
Brown Thrasher,7,1,Jul_W1,0.0258993,695.0
Brown Thrasher,7,2,Jul_W2,0.0225035,711.0
Brown Thrasher,7,3,Jul_W3,0.026362,569.0
Brown Thrasher,7,4,Jul_W4,0.01359,883.0
Brown Thrasher,8,1,Aug_W1,0.0164745,607.0
Brown Thrasher,8,2,Aug_W2,0.0062598,639.0
Brown Thrasher,8,3,Aug_W3,0.0102389,586.0
Brown Thrasher,8,4,Aug_W4,0.0189349,845.0
Brown Thrasher,9,1,Sep_W1,0.0037879,528.0
Brown Thrasher,9,2,Sep_W2,0.007657,653.0
Brown Thrasher,9,3,Sep_W3,0.0,638.0
Brown Thrasher,9,4,Sep_W4,0.0,753.0
Brown Thrasher,10,1,Oct_W1,0.0015873,630.0
Brown Thrasher,10,2,Oct_W2,0.0,578.0
Brown Thrasher,10,3,Oct_W3,0.0,488.0
Brown Thrasher,10,4,Oct_W4,0.0,562.0
Brown Thrasher,11,1,Nov_W1,0.0,383.0
Brown Thrasher,11,2,Nov_W2,0.0,329.0
Brown Thrasher,11,3,Nov_W3,0.0,273.0
Brown Thrasher,11,4,Nov_W4,0.0,270.0
Brown Thrasher,12,1,Dec_W1,0.0,157.0
Brown Thrasher,12,2,Dec_W2,0.0,166.0
Brown Thrasher,12,3,Dec_W3,0.0,137.0
Brown Thrasher,12,4,Dec_W4,0.0,145.0
Sage Thrasher,1,1,Jan_W1,0.0,185.0
Sage Thrasher,1,2,Jan_W2,0.0,88.0
Sage Thrasher,1,3,Jan_W3,0.0,105.0
Sage Thrasher,1,4,Jan_W4,0.0,140.0
Sage Thrasher,2,1,Feb_W1,0.0,123.0
Sage Thrasher,2,2,Feb_W2,0.0,108.0
Sage Thrasher,2,3,Feb_W3,0.0,118.0
Sage Thrasher,2,4,Feb_W4,0.0,70.0
Sage Thrasher,3,1,Mar_W1,0.0,105.0
Sage Thrasher,3,2,Mar_W2,0.0,114.0
Sage Thrasher,3,3,Mar_W3,0.0,142.0
Sage Thrasher,3,4,Mar_W4,0.0,164.0
Sage Thrasher,4,1,Apr_W1,0.0,261.0
Sage Thrasher,4,2,Apr_W2,0.0,364.0
Sage Thrasher,4,3,Apr_W3,0.0,430.0
Sage Thrasher,4,4,Apr_W4,0.0,706.0
Sage Thrasher,5,1,May_W1,0.0,645.0
Sage Thrasher,5,2,May_W2,0.0,774.0
Sage Thrasher,5,3,May_W3,0.0,765.0
Sage Thrasher,5,4,May_W4,0.0,1386.0
Sage Thrasher,6,1,Jun_W1,0.0,855.0
Sage Thrasher,6,2,Jun_W2,0.0,752.0
Sage Thrasher,6,3,Jun_W3,0.0,625.0
Sage Thrasher,6,4,Jun_W4,0.0,745.0
Sage Thrasher,7,1,Jul_W1,0.0,695.0
Sage Thrasher,7,2,Jul_W2,0.0,711.0
Sage Thrasher,7,3,Jul_W3,0.0,569.0
Sage Thrasher,7,4,Jul_W4,0.0,883.0
Sage Thrasher,8,1,Aug_W1,0.0,607.0
Sage Thrasher,8,2,Aug_W2,0.0,639.0
Sage Thrasher,8,3,Aug_W3,0.0,586.0
Sage Thrasher,8,4,Aug_W4,0.0015,845.0
Sage Thrasher,9,1,Sep_W1,0.0,528.0
Sage Thrasher,9,2,Sep_W2,0.0,653.0
Sage Thrasher,9,3,Sep_W3,0.0,638.0
Sage Thrasher,9,4,Sep_W4,0.0,753.0
Sage Thrasher,10,1,Oct_W1,0.0,630.0
Sage Thrasher,10,2,Oct_W2,0.0,578.0
Sage Thrasher,10,3,Oct_W3,0.0,488.0
Sage Thrasher,10,4,Oct_W4,0.0,562.0
Sage Thrasher,11,1,Nov_W1,0.0,383.0
Sage Thrasher,11,2,Nov_W2,0.0,329.0
Sage Thrasher,11,3,Nov_W3,0.0,273.0
Sage Thrasher,11,4,Nov_W4,0.0,270.0
Sage Thrasher,12,1,Dec_W1,0.0,157.0
Sage Thrasher,12,2,Dec_W2,0.0,166.0
Sage Thrasher,12,3,Dec_W3,0.0,137.0
Sage Thrasher,12,4,Dec_W4,0.0,145.0
Northern Mockingbird,1,1,Jan_W1,0.0,185.0
Northern Mockingbird,1,2,Jan_W2,0.0,88.0
Northern Mockingbird,1,3,Jan_W3,0.0,105.0
Northern Mockingbird,1,4,Jan_W4,0.0,140.0
Northern Mockingbird,2,1,Feb_W1,0.0,123.0
Northern Mockingbird,2,2,Feb_W2,0.0,108.0
Northern Mockingbird,2,3,Feb_W3,0.0,118.0
Northern Mockingbird,2,4,Feb_W4,0.0,70.0
Northern Mockingbird,3,1,Mar_W1,0.0,105.0
Northern Mockingbird,3,2,Mar_W2,0.0,114.0
Northern Mockingbird,3,3,Mar_W3,0.0,142.0
Northern Mockingbird,3,4,Mar_W4,0.0,164.0
Northern Mockingbird,4,1,Apr_W1,0.0,261.0
Northern Mockingbird,4,2,Apr_W2,0.0,364.0
Northern Mockingbird,4,3,Apr_W3,0.0,430.0
Northern Mockingbird,4,4,Apr_W4,0.0,706.0
Northern Mockingbird,5,1,May_W1,0.0015504,645.0
Northern Mockingbird,5,2,May_W2,0.001292,774.0
Northern Mockingbird,5,3,May_W3,0.0026144,765.0
Northern Mockingbird,5,4,May_W4,0.010101,1386.0
Northern Mockingbird,6,1,Jun_W1,0.005848,855.0
Northern Mockingbird,6,2,Jun_W2,0.0026596,752.0
Northern Mockingbird,6,3,Jun_W3,0.0016,625.0
Northern Mockingbird,6,4,Jun_W4,0.0,745.0
Northern Mockingbird,7,1,Jul_W1,0.0,695.0
Northern Mockingbird,7,2,Jul_W2,0.0014065,711.0
Northern Mockingbird,7,3,Jul_W3,0.0035149,569.0
Northern Mockingbird,7,4,Jul_W4,0.0015,883.0
Northern Mockingbird,8,1,Aug_W1,0.0,607.0
Northern Mockingbird,8,2,Aug_W2,0.0,639.0
Northern Mockingbird,8,3,Aug_W3,0.003413,586.0
Northern Mockingbird,8,4,Aug_W4,0.0,845.0
Northern Mockingbird,9,1,Sep_W1,0.0,528.0
Northern Mockingbird,9,2,Sep_W2,0.0,653.0
Northern Mockingbird,9,3,Sep_W3,0.0,638.0
Northern Mockingbird,9,4,Sep_W4,0.0,753.0
Northern Mockingbird,10,1,Oct_W1,0.0,630.0
Northern Mockingbird,10,2,Oct_W2,0.0017301,578.0
Northern Mockingbird,10,3,Oct_W3,0.0,488.0
Northern Mockingbird,10,4,Oct_W4,0.0,562.0
Northern Mockingbird,11,1,Nov_W1,0.0015,383.0
Northern Mockingbird,11,2,Nov_W2,0.0,329.0
Northern Mockingbird,11,3,Nov_W3,0.0,273.0
Northern Mockingbird,11,4,Nov_W4,0.0015,270.0
Northern Mockingbird,12,1,Dec_W1,0.0,157.0
Northern Mockingbird,12,2,Dec_W2,0.0,166.0
Northern Mockingbird,12,3,Dec_W3,0.0,137.0
Northern Mockingbird,12,4,Dec_W4,0.0,145.0
Eastern Bluebird,1,1,Jan_W1,0.0,185.0
Eastern Bluebird,1,2,Jan_W2,0.0,88.0
Eastern Bluebird,1,3,Jan_W3,0.0,105.0
Eastern Bluebird,1,4,Jan_W4,0.0,140.0
Eastern Bluebird,2,1,Feb_W1,0.0081301,123.0
Eastern Bluebird,2,2,Feb_W2,0.0,108.0
Eastern Bluebird,2,3,Feb_W3,0.0,118.0
Eastern Bluebird,2,4,Feb_W4,0.0,70.0
Eastern Bluebird,3,1,Mar_W1,0.0,105.0
Eastern Bluebird,3,2,Mar_W2,0.0,114.0
Eastern Bluebird,3,3,Mar_W3,0.0,142.0
Eastern Bluebird,3,4,Mar_W4,0.0,164.0
Eastern Bluebird,4,1,Apr_W1,0.0015,261.0
Eastern Bluebird,4,2,Apr_W2,0.010989,364.0
Eastern Bluebird,4,3,Apr_W3,0.0023256,430.0
Eastern Bluebird,4,4,Apr_W4,0.0056657,706.0
Eastern Bluebird,5,1,May_W1,0.0217054,645.0
Eastern Bluebird,5,2,May_W2,0.0219638,774.0
Eastern Bluebird,5,3,May_W3,0.0392157,765.0
Eastern Bluebird,5,4,May_W4,0.0613276,1386.0
Eastern Bluebird,6,1,Jun_W1,0.0549708,855.0
Eastern Bluebird,6,2,Jun_W2,0.0558511,752.0
Eastern Bluebird,6,3,Jun_W3,0.064,625.0
Eastern Bluebird,6,4,Jun_W4,0.0362416,745.0
Eastern Bluebird,7,1,Jul_W1,0.0230216,695.0
Eastern Bluebird,7,2,Jul_W2,0.0196906,711.0
Eastern Bluebird,7,3,Jul_W3,0.029877,569.0
Eastern Bluebird,7,4,Jul_W4,0.0203851,883.0
Eastern Bluebird,8,1,Aug_W1,0.0181219,607.0
Eastern Bluebird,8,2,Aug_W2,0.0219092,639.0
Eastern Bluebird,8,3,Aug_W3,0.0221843,586.0
Eastern Bluebird,8,4,Aug_W4,0.0153846,845.0
Eastern Bluebird,9,1,Sep_W1,0.0151515,528.0
Eastern Bluebird,9,2,Sep_W2,0.0137825,653.0
Eastern Bluebird,9,3,Sep_W3,0.015674,638.0
Eastern Bluebird,9,4,Sep_W4,0.0292165,753.0
Eastern Bluebird,10,1,Oct_W1,0.0269841,630.0
Eastern Bluebird,10,2,Oct_W2,0.017301,578.0
Eastern Bluebird,10,3,Oct_W3,0.0040984,488.0
Eastern Bluebird,10,4,Oct_W4,0.0,562.0
Eastern Bluebird,11,1,Nov_W1,0.0015,383.0
Eastern Bluebird,11,2,Nov_W2,0.0,329.0
Eastern Bluebird,11,3,Nov_W3,0.0,273.0
Eastern Bluebird,11,4,Nov_W4,0.0,270.0
Eastern Bluebird,12,1,Dec_W1,0.0,157.0
Eastern Bluebird,12,2,Dec_W2,0.0,166.0
Eastern Bluebird,12,3,Dec_W3,0.0,137.0
Eastern Bluebird,12,4,Dec_W4,0.0,145.0
Mountain Bluebird,1,1,Jan_W1,0.0,185.0
Mountain Bluebird,1,2,Jan_W2,0.0,88.0
Mountain Bluebird,1,3,Jan_W3,0.0,105.0
Mountain Bluebird,1,4,Jan_W4,0.0,140.0
Mountain Bluebird,2,1,Feb_W1,0.0,123.0
Mountain Bluebird,2,2,Feb_W2,0.0,108.0
Mountain Bluebird,2,3,Feb_W3,0.0,118.0
Mountain Bluebird,2,4,Feb_W4,0.0,70.0
Mountain Bluebird,3,1,Mar_W1,0.0,105.0
Mountain Bluebird,3,2,Mar_W2,0.0,114.0
Mountain Bluebird,3,3,Mar_W3,0.0,142.0
Mountain Bluebird,3,4,Mar_W4,0.0,164.0
Mountain Bluebird,4,1,Apr_W1,0.0,261.0
Mountain Bluebird,4,2,Apr_W2,0.0,364.0
Mountain Bluebird,4,3,Apr_W3,0.0,430.0
Mountain Bluebird,4,4,Apr_W4,0.0,706.0
Mountain Bluebird,5,1,May_W1,0.0,645.0
Mountain Bluebird,5,2,May_W2,0.0,774.0
Mountain Bluebird,5,3,May_W3,0.0,765.0
Mountain Bluebird,5,4,May_W4,0.0,1386.0
Mountain Bluebird,6,1,Jun_W1,0.0,855.0
Mountain Bluebird,6,2,Jun_W2,0.0,752.0
Mountain Bluebird,6,3,Jun_W3,0.0,625.0
Mountain Bluebird,6,4,Jun_W4,0.0,745.0
Mountain Bluebird,7,1,Jul_W1,0.0,695.0
Mountain Bluebird,7,2,Jul_W2,0.0,711.0
Mountain Bluebird,7,3,Jul_W3,0.0,569.0
Mountain Bluebird,7,4,Jul_W4,0.0,883.0
Mountain Bluebird,8,1,Aug_W1,0.0,607.0
Mountain Bluebird,8,2,Aug_W2,0.0,639.0
Mountain Bluebird,8,3,Aug_W3,0.0,586.0
Mountain Bluebird,8,4,Aug_W4,0.0,845.0
Mountain Bluebird,9,1,Sep_W1,0.0,528.0
Mountain Bluebird,9,2,Sep_W2,0.0,653.0
Mountain Bluebird,9,3,Sep_W3,0.0,638.0
Mountain Bluebird,9,4,Sep_W4,0.0,753.0
Mountain Bluebird,10,1,Oct_W1,0.0,630.0
Mountain Bluebird,10,2,Oct_W2,0.0,578.0
Mountain Bluebird,10,3,Oct_W3,0.0,488.0
Mountain Bluebird,10,4,Oct_W4,0.0,562.0
Mountain Bluebird,11,1,Nov_W1,0.0,383.0
Mountain Bluebird,11,2,Nov_W2,0.0,329.0
Mountain Bluebird,11,3,Nov_W3,0.0,273.0
Mountain Bluebird,11,4,Nov_W4,0.0518519,270.0
Mountain Bluebird,12,1,Dec_W1,0.0063694,157.0
Mountain Bluebird,12,2,Dec_W2,0.0060241,166.0
Mountain Bluebird,12,3,Dec_W3,0.0,137.0
Mountain Bluebird,12,4,Dec_W4,0.0,145.0
Townsend's Solitaire,1,1,Jan_W1,0.0108108,185.0
Townsend's Solitaire,1,2,Jan_W2,0.0,88.0
Townsend's Solitaire,1,3,Jan_W3,0.0015,105.0
Townsend's Solitaire,1,4,Jan_W4,0.0,140.0
Townsend's Solitaire,2,1,Feb_W1,0.0081301,123.0
Townsend's Solitaire,2,2,Feb_W2,0.0,108.0
Townsend's Solitaire,2,3,Feb_W3,0.0084746,118.0
Townsend's Solitaire,2,4,Feb_W4,0.0,70.0
Townsend's Solitaire,3,1,Mar_W1,0.0,105.0
Townsend's Solitaire,3,2,Mar_W2,0.0015,114.0
Townsend's Solitaire,3,3,Mar_W3,0.0,142.0
Townsend's Solitaire,3,4,Mar_W4,0.0,164.0
Townsend's Solitaire,4,1,Apr_W1,0.0,261.0
Townsend's Solitaire,4,2,Apr_W2,0.0,364.0
Townsend's Solitaire,4,3,Apr_W3,0.0,430.0
Townsend's Solitaire,4,4,Apr_W4,0.0,706.0
Townsend's Solitaire,5,1,May_W1,0.0,645.0
Townsend's Solitaire,5,2,May_W2,0.0,774.0
Townsend's Solitaire,5,3,May_W3,0.0,765.0
Townsend's Solitaire,5,4,May_W4,0.0,1386.0
Townsend's Solitaire,6,1,Jun_W1,0.0,855.0
Townsend's Solitaire,6,2,Jun_W2,0.0,752.0
Townsend's Solitaire,6,3,Jun_W3,0.0,625.0
Townsend's Solitaire,6,4,Jun_W4,0.0,745.0
Townsend's Solitaire,7,1,Jul_W1,0.0,695.0
Townsend's Solitaire,7,2,Jul_W2,0.0,711.0
Townsend's Solitaire,7,3,Jul_W3,0.0,569.0
Townsend's Solitaire,7,4,Jul_W4,0.0,883.0
Townsend's Solitaire,8,1,Aug_W1,0.0,607.0
Townsend's Solitaire,8,2,Aug_W2,0.0,639.0
Townsend's Solitaire,8,3,Aug_W3,0.0,586.0
Townsend's Solitaire,8,4,Aug_W4,0.0,845.0
Townsend's Solitaire,9,1,Sep_W1,0.0,528.0
Townsend's Solitaire,9,2,Sep_W2,0.0,653.0
Townsend's Solitaire,9,3,Sep_W3,0.0,638.0
Townsend's Solitaire,9,4,Sep_W4,0.0,753.0
Townsend's Solitaire,10,1,Oct_W1,0.0,630.0
Townsend's Solitaire,10,2,Oct_W2,0.0015,578.0
Townsend's Solitaire,10,3,Oct_W3,0.0020492,488.0
Townsend's Solitaire,10,4,Oct_W4,0.0,562.0
Townsend's Solitaire,11,1,Nov_W1,0.0,383.0
Townsend's Solitaire,11,2,Nov_W2,0.0015,329.0
Townsend's Solitaire,11,3,Nov_W3,0.0015,273.0
Townsend's Solitaire,11,4,Nov_W4,0.0,270.0
Townsend's Solitaire,12,1,Dec_W1,0.0,157.0
Townsend's Solitaire,12,2,Dec_W2,0.0,166.0
Townsend's Solitaire,12,3,Dec_W3,0.0,137.0
Townsend's Solitaire,12,4,Dec_W4,0.0,145.0
Varied Thrush,1,1,Jan_W1,0.0015,185.0
Varied Thrush,1,2,Jan_W2,0.0113636,88.0
Varied Thrush,1,3,Jan_W3,0.0,105.0
Varied Thrush,1,4,Jan_W4,0.0,140.0
Varied Thrush,2,1,Feb_W1,0.0081301,123.0
Varied Thrush,2,2,Feb_W2,0.0,108.0
Varied Thrush,2,3,Feb_W3,0.0084746,118.0
Varied Thrush,2,4,Feb_W4,0.0,70.0
Varied Thrush,3,1,Mar_W1,0.0015,105.0
Varied Thrush,3,2,Mar_W2,0.0,114.0
Varied Thrush,3,3,Mar_W3,0.0,142.0
Varied Thrush,3,4,Mar_W4,0.0,164.0
Varied Thrush,4,1,Apr_W1,0.0,261.0
Varied Thrush,4,2,Apr_W2,0.0,364.0
Varied Thrush,4,3,Apr_W3,0.0,430.0
Varied Thrush,4,4,Apr_W4,0.0,706.0
Varied Thrush,5,1,May_W1,0.0,645.0
Varied Thrush,5,2,May_W2,0.0,774.0
Varied Thrush,5,3,May_W3,0.0,765.0
Varied Thrush,5,4,May_W4,0.0,1386.0
Varied Thrush,6,1,Jun_W1,0.0,855.0
Varied Thrush,6,2,Jun_W2,0.0,752.0
Varied Thrush,6,3,Jun_W3,0.0,625.0
Varied Thrush,6,4,Jun_W4,0.0,745.0
Varied Thrush,7,1,Jul_W1,0.0,695.0
Varied Thrush,7,2,Jul_W2,0.0,711.0
Varied Thrush,7,3,Jul_W3,0.0,569.0
Varied Thrush,7,4,Jul_W4,0.0,883.0
Varied Thrush,8,1,Aug_W1,0.0,607.0
Varied Thrush,8,2,Aug_W2,0.0,639.0
Varied Thrush,8,3,Aug_W3,0.0,586.0
Varied Thrush,8,4,Aug_W4,0.0,845.0
Varied Thrush,9,1,Sep_W1,0.0,528.0
Varied Thrush,9,2,Sep_W2,0.0,653.0
Varied Thrush,9,3,Sep_W3,0.0,638.0
Varied Thrush,9,4,Sep_W4,0.0,753.0
Varied Thrush,10,1,Oct_W1,0.0,630.0
Varied Thrush,10,2,Oct_W2,0.0017301,578.0
Varied Thrush,10,3,Oct_W3,0.0,488.0
Varied Thrush,10,4,Oct_W4,0.0,562.0
Varied Thrush,11,1,Nov_W1,0.0,383.0
Varied Thrush,11,2,Nov_W2,0.0,329.0
Varied Thrush,11,3,Nov_W3,0.0,273.0
Varied Thrush,11,4,Nov_W4,0.0,270.0
Varied Thrush,12,1,Dec_W1,0.0,157.0
Varied Thrush,12,2,Dec_W2,0.0015,166.0
Varied Thrush,12,3,Dec_W3,0.0,137.0
Varied Thrush,12,4,Dec_W4,0.0,145.0
Veery,1,1,Jan_W1,0.0,185.0
Veery,1,2,Jan_W2,0.0,88.0
Veery,1,3,Jan_W3,0.0,105.0
Veery,1,4,Jan_W4,0.0,140.0
Veery,2,1,Feb_W1,0.0,123.0
Veery,2,2,Feb_W2,0.0,108.0
Veery,2,3,Feb_W3,0.0,118.0
Veery,2,4,Feb_W4,0.0,70.0
Veery,3,1,Mar_W1,0.0,105.0
Veery,3,2,Mar_W2,0.0,114.0
Veery,3,3,Mar_W3,0.0,142.0
Veery,3,4,Mar_W4,0.0,164.0
Veery,4,1,Apr_W1,0.0,261.0
Veery,4,2,Apr_W2,0.0,364.0
Veery,4,3,Apr_W3,0.0,430.0
Veery,4,4,Apr_W4,0.0,706.0
Veery,5,1,May_W1,0.0,645.0
Veery,5,2,May_W2,0.0103359,774.0
Veery,5,3,May_W3,0.0614379,765.0
Veery,5,4,May_W4,0.0873016,1386.0
Veery,6,1,Jun_W1,0.1181287,855.0
Veery,6,2,Jun_W2,0.1103723,752.0
Veery,6,3,Jun_W3,0.088,625.0
Veery,6,4,Jun_W4,0.1100671,745.0
Veery,7,1,Jul_W1,0.1093525,695.0
Veery,7,2,Jul_W2,0.0759494,711.0
Veery,7,3,Jul_W3,0.0474517,569.0
Veery,7,4,Jul_W4,0.00906,883.0
Veery,8,1,Aug_W1,0.0032949,607.0
Veery,8,2,Aug_W2,0.0046948,639.0
Veery,8,3,Aug_W3,0.0119454,586.0
Veery,8,4,Aug_W4,0.0,845.0
Veery,9,1,Sep_W1,0.0037879,528.0
Veery,9,2,Sep_W2,0.0015314,653.0
Veery,9,3,Sep_W3,0.0,638.0
Veery,9,4,Sep_W4,0.0,753.0
Veery,10,1,Oct_W1,0.0,630.0
Veery,10,2,Oct_W2,0.0,578.0
Veery,10,3,Oct_W3,0.0,488.0
Veery,10,4,Oct_W4,0.0,562.0
Veery,11,1,Nov_W1,0.0,383.0
Veery,11,2,Nov_W2,0.0,329.0
Veery,11,3,Nov_W3,0.0,273.0
Veery,11,4,Nov_W4,0.0,270.0
Veery,12,1,Dec_W1,0.0,157.0
Veery,12,2,Dec_W2,0.0,166.0
Veery,12,3,Dec_W3,0.0,137.0
Veery,12,4,Dec_W4,0.0,145.0
Gray-cheeked Thrush,1,1,Jan_W1,0.0,185.0
Gray-cheeked Thrush,1,2,Jan_W2,0.0,88.0
Gray-cheeked Thrush,1,3,Jan_W3,0.0,105.0
Gray-cheeked Thrush,1,4,Jan_W4,0.0,140.0
Gray-cheeked Thrush,2,1,Feb_W1,0.0,123.0
Gray-cheeked Thrush,2,2,Feb_W2,0.0,108.0
Gray-cheeked Thrush,2,3,Feb_W3,0.0,118.0
Gray-cheeked Thrush,2,4,Feb_W4,0.0,70.0
Gray-cheeked Thrush,3,1,Mar_W1,0.0,105.0
Gray-cheeked Thrush,3,2,Mar_W2,0.0,114.0
Gray-cheeked Thrush,3,3,Mar_W3,0.0,142.0
Gray-cheeked Thrush,3,4,Mar_W4,0.0,164.0
Gray-cheeked Thrush,4,1,Apr_W1,0.0,261.0
Gray-cheeked Thrush,4,2,Apr_W2,0.0,364.0
Gray-cheeked Thrush,4,3,Apr_W3,0.0,430.0
Gray-cheeked Thrush,4,4,Apr_W4,0.0,706.0
Gray-cheeked Thrush,5,1,May_W1,0.0,645.0
Gray-cheeked Thrush,5,2,May_W2,0.002584,774.0
Gray-cheeked Thrush,5,3,May_W3,0.0065359,765.0
Gray-cheeked Thrush,5,4,May_W4,0.002886,1386.0
Gray-cheeked Thrush,6,1,Jun_W1,0.0,855.0
Gray-cheeked Thrush,6,2,Jun_W2,0.0,752.0
Gray-cheeked Thrush,6,3,Jun_W3,0.0,625.0
Gray-cheeked Thrush,6,4,Jun_W4,0.0,745.0
Gray-cheeked Thrush,7,1,Jul_W1,0.0,695.0
Gray-cheeked Thrush,7,2,Jul_W2,0.0,711.0
Gray-cheeked Thrush,7,3,Jul_W3,0.0,569.0
Gray-cheeked Thrush,7,4,Jul_W4,0.0,883.0
Gray-cheeked Thrush,8,1,Aug_W1,0.0,607.0
Gray-cheeked Thrush,8,2,Aug_W2,0.0,639.0
Gray-cheeked Thrush,8,3,Aug_W3,0.0,586.0
Gray-cheeked Thrush,8,4,Aug_W4,0.0,845.0
Gray-cheeked Thrush,9,1,Sep_W1,0.0094697,528.0
Gray-cheeked Thrush,9,2,Sep_W2,0.0107198,653.0
Gray-cheeked Thrush,9,3,Sep_W3,0.0188088,638.0
Gray-cheeked Thrush,9,4,Sep_W4,0.0159363,753.0
Gray-cheeked Thrush,10,1,Oct_W1,0.0047619,630.0
Gray-cheeked Thrush,10,2,Oct_W2,0.0,578.0
Gray-cheeked Thrush,10,3,Oct_W3,0.0020492,488.0
Gray-cheeked Thrush,10,4,Oct_W4,0.0,562.0
Gray-cheeked Thrush,11,1,Nov_W1,0.0,383.0
Gray-cheeked Thrush,11,2,Nov_W2,0.0,329.0
Gray-cheeked Thrush,11,3,Nov_W3,0.0,273.0
Gray-cheeked Thrush,11,4,Nov_W4,0.0,270.0
Gray-cheeked Thrush,12,1,Dec_W1,0.0,157.0
Gray-cheeked Thrush,12,2,Dec_W2,0.0,166.0
Gray-cheeked Thrush,12,3,Dec_W3,0.0,137.0
Gray-cheeked Thrush,12,4,Dec_W4,0.0,145.0
Swainson's Thrush,1,1,Jan_W1,0.0,185.0
Swainson's Thrush,1,2,Jan_W2,0.0,88.0
Swainson's Thrush,1,3,Jan_W3,0.0,105.0
Swainson's Thrush,1,4,Jan_W4,0.0,140.0
Swainson's Thrush,2,1,Feb_W1,0.0,123.0
Swainson's Thrush,2,2,Feb_W2,0.0,108.0
Swainson's Thrush,2,3,Feb_W3,0.0,118.0
Swainson's Thrush,2,4,Feb_W4,0.0,70.0
Swainson's Thrush,3,1,Mar_W1,0.0,105.0
Swainson's Thrush,3,2,Mar_W2,0.0,114.0
Swainson's Thrush,3,3,Mar_W3,0.0,142.0
Swainson's Thrush,3,4,Mar_W4,0.0,164.0
Swainson's Thrush,4,1,Apr_W1,0.0,261.0
Swainson's Thrush,4,2,Apr_W2,0.0,364.0
Swainson's Thrush,4,3,Apr_W3,0.0,430.0
Swainson's Thrush,4,4,Apr_W4,0.0015,706.0
Swainson's Thrush,5,1,May_W1,0.0,645.0
Swainson's Thrush,5,2,May_W2,0.0064599,774.0
Swainson's Thrush,5,3,May_W3,0.0522876,765.0
Swainson's Thrush,5,4,May_W4,0.0562771,1386.0
Swainson's Thrush,6,1,Jun_W1,0.0584795,855.0
Swainson's Thrush,6,2,Jun_W2,0.0944149,752.0
Swainson's Thrush,6,3,Jun_W3,0.104,625.0
Swainson's Thrush,6,4,Jun_W4,0.0724832,745.0
Swainson's Thrush,7,1,Jul_W1,0.0748201,695.0
Swainson's Thrush,7,2,Jul_W2,0.0829817,711.0
Swainson's Thrush,7,3,Jul_W3,0.059754,569.0
Swainson's Thrush,7,4,Jul_W4,0.0260476,883.0
Swainson's Thrush,8,1,Aug_W1,0.0164745,607.0
Swainson's Thrush,8,2,Aug_W2,0.0093897,639.0
Swainson's Thrush,8,3,Aug_W3,0.0015,586.0
Swainson's Thrush,8,4,Aug_W4,0.0118343,845.0
Swainson's Thrush,9,1,Sep_W1,0.0511364,528.0
Swainson's Thrush,9,2,Sep_W2,0.1148545,653.0
Swainson's Thrush,9,3,Sep_W3,0.0909091,638.0
Swainson's Thrush,9,4,Sep_W4,0.0531208,753.0
Swainson's Thrush,10,1,Oct_W1,0.0190476,630.0
Swainson's Thrush,10,2,Oct_W2,0.0034602,578.0
Swainson's Thrush,10,3,Oct_W3,0.0,488.0
Swainson's Thrush,10,4,Oct_W4,0.0035587,562.0
Swainson's Thrush,11,1,Nov_W1,0.0,383.0
Swainson's Thrush,11,2,Nov_W2,0.0,329.0
Swainson's Thrush,11,3,Nov_W3,0.0,273.0
Swainson's Thrush,11,4,Nov_W4,0.0,270.0
Swainson's Thrush,12,1,Dec_W1,0.0,157.0
Swainson's Thrush,12,2,Dec_W2,0.0,166.0
Swainson's Thrush,12,3,Dec_W3,0.0,137.0
Swainson's Thrush,12,4,Dec_W4,0.0,145.0
Hermit Thrush,1,1,Jan_W1,0.0,185.0
Hermit Thrush,1,2,Jan_W2,0.0,88.0
Hermit Thrush,1,3,Jan_W3,0.0,105.0
Hermit Thrush,1,4,Jan_W4,0.0,140.0
Hermit Thrush,2,1,Feb_W1,0.0,123.0
Hermit Thrush,2,2,Feb_W2,0.0,108.0
Hermit Thrush,2,3,Feb_W3,0.0,118.0
Hermit Thrush,2,4,Feb_W4,0.0,70.0
Hermit Thrush,3,1,Mar_W1,0.0,105.0
Hermit Thrush,3,2,Mar_W2,0.0,114.0
Hermit Thrush,3,3,Mar_W3,0.0,142.0
Hermit Thrush,3,4,Mar_W4,0.0,164.0
Hermit Thrush,4,1,Apr_W1,0.0,261.0
Hermit Thrush,4,2,Apr_W2,0.0247253,364.0
Hermit Thrush,4,3,Apr_W3,0.0581395,430.0
Hermit Thrush,4,4,Apr_W4,0.0679887,706.0
Hermit Thrush,5,1,May_W1,0.0728682,645.0
Hermit Thrush,5,2,May_W2,0.0852713,774.0
Hermit Thrush,5,3,May_W3,0.1071895,765.0
Hermit Thrush,5,4,May_W4,0.1515152,1386.0
Hermit Thrush,6,1,Jun_W1,0.1251462,855.0
Hermit Thrush,6,2,Jun_W2,0.1529255,752.0
Hermit Thrush,6,3,Jun_W3,0.1776,625.0
Hermit Thrush,6,4,Jun_W4,0.1744966,745.0
Hermit Thrush,7,1,Jul_W1,0.1913669,695.0
Hermit Thrush,7,2,Jul_W2,0.1490858,711.0
Hermit Thrush,7,3,Jul_W3,0.1564148,569.0
Hermit Thrush,7,4,Jul_W4,0.1121178,883.0
Hermit Thrush,8,1,Aug_W1,0.0939044,607.0
Hermit Thrush,8,2,Aug_W2,0.0406886,639.0
Hermit Thrush,8,3,Aug_W3,0.0204778,586.0
Hermit Thrush,8,4,Aug_W4,0.0260355,845.0
Hermit Thrush,9,1,Sep_W1,0.0492424,528.0
Hermit Thrush,9,2,Sep_W2,0.0490046,653.0
Hermit Thrush,9,3,Sep_W3,0.0470219,638.0
Hermit Thrush,9,4,Sep_W4,0.1075697,753.0
Hermit Thrush,10,1,Oct_W1,0.0698413,630.0
Hermit Thrush,10,2,Oct_W2,0.0743945,578.0
Hermit Thrush,10,3,Oct_W3,0.045082,488.0
Hermit Thrush,10,4,Oct_W4,0.0071174,562.0
Hermit Thrush,11,1,Nov_W1,0.002611,383.0
Hermit Thrush,11,2,Nov_W2,0.0,329.0
Hermit Thrush,11,3,Nov_W3,0.003663,273.0
Hermit Thrush,11,4,Nov_W4,0.0,270.0
Hermit Thrush,12,1,Dec_W1,0.0,157.0
Hermit Thrush,12,2,Dec_W2,0.0,166.0
Hermit Thrush,12,3,Dec_W3,0.0,137.0
Hermit Thrush,12,4,Dec_W4,0.0,145.0
Wood Thrush,1,1,Jan_W1,0.0,185.0
Wood Thrush,1,2,Jan_W2,0.0,88.0
Wood Thrush,1,3,Jan_W3,0.0,105.0
Wood Thrush,1,4,Jan_W4,0.0,140.0
Wood Thrush,2,1,Feb_W1,0.0,123.0
Wood Thrush,2,2,Feb_W2,0.0,108.0
Wood Thrush,2,3,Feb_W3,0.0,118.0
Wood Thrush,2,4,Feb_W4,0.0,70.0
Wood Thrush,3,1,Mar_W1,0.0,105.0
Wood Thrush,3,2,Mar_W2,0.0,114.0
Wood Thrush,3,3,Mar_W3,0.0,142.0
Wood Thrush,3,4,Mar_W4,0.0,164.0
Wood Thrush,4,1,Apr_W1,0.0,261.0
Wood Thrush,4,2,Apr_W2,0.0,364.0
Wood Thrush,4,3,Apr_W3,0.0,430.0
Wood Thrush,4,4,Apr_W4,0.0,706.0
Wood Thrush,5,1,May_W1,0.0015504,645.0
Wood Thrush,5,2,May_W2,0.0077519,774.0
Wood Thrush,5,3,May_W3,0.027451,765.0
Wood Thrush,5,4,May_W4,0.034632,1386.0
Wood Thrush,6,1,Jun_W1,0.0327485,855.0
Wood Thrush,6,2,Jun_W2,0.0199468,752.0
Wood Thrush,6,3,Jun_W3,0.0176,625.0
Wood Thrush,6,4,Jun_W4,0.0147651,745.0
Wood Thrush,7,1,Jul_W1,0.0215827,695.0
Wood Thrush,7,2,Jul_W2,0.0098453,711.0
Wood Thrush,7,3,Jul_W3,0.0070299,569.0
Wood Thrush,7,4,Jul_W4,0.00453,883.0
Wood Thrush,8,1,Aug_W1,0.0049423,607.0
Wood Thrush,8,2,Aug_W2,0.0,639.0
Wood Thrush,8,3,Aug_W3,0.0,586.0
Wood Thrush,8,4,Aug_W4,0.0015,845.0
Wood Thrush,9,1,Sep_W1,0.0,528.0
Wood Thrush,9,2,Sep_W2,0.0,653.0
Wood Thrush,9,3,Sep_W3,0.0,638.0
Wood Thrush,9,4,Sep_W4,0.0,753.0
Wood Thrush,10,1,Oct_W1,0.0,630.0
Wood Thrush,10,2,Oct_W2,0.0,578.0
Wood Thrush,10,3,Oct_W3,0.0,488.0
Wood Thrush,10,4,Oct_W4,0.0,562.0
Wood Thrush,11,1,Nov_W1,0.0,383.0
Wood Thrush,11,2,Nov_W2,0.0,329.0
Wood Thrush,11,3,Nov_W3,0.0,273.0
Wood Thrush,11,4,Nov_W4,0.0,270.0
Wood Thrush,12,1,Dec_W1,0.0,157.0
Wood Thrush,12,2,Dec_W2,0.0,166.0
Wood Thrush,12,3,Dec_W3,0.0,137.0
Wood Thrush,12,4,Dec_W4,0.0,145.0
American Robin,1,1,Jan_W1,0.0108108,185.0
American Robin,1,2,Jan_W2,0.0,88.0
American Robin,1,3,Jan_W3,0.0190476,105.0
American Robin,1,4,Jan_W4,0.0015,140.0
American Robin,2,1,Feb_W1,0.0,123.0
American Robin,2,2,Feb_W2,0.0092593,108.0
American Robin,2,3,Feb_W3,0.0169492,118.0
American Robin,2,4,Feb_W4,0.0142857,70.0
American Robin,3,1,Mar_W1,0.0380952,105.0
American Robin,3,2,Mar_W2,0.0526316,114.0
American Robin,3,3,Mar_W3,0.0915493,142.0
American Robin,3,4,Mar_W4,0.1463415,164.0
American Robin,4,1,Apr_W1,0.3563218,261.0
American Robin,4,2,Apr_W2,0.478022,364.0
American Robin,4,3,Apr_W3,0.5,430.0
American Robin,4,4,Apr_W4,0.4645892,706.0
American Robin,5,1,May_W1,0.4976744,645.0
American Robin,5,2,May_W2,0.4741602,774.0
American Robin,5,3,May_W3,0.4836601,765.0
American Robin,5,4,May_W4,0.549062,1386.0
American Robin,6,1,Jun_W1,0.5497076,855.0
American Robin,6,2,Jun_W2,0.5571809,752.0
American Robin,6,3,Jun_W3,0.5488,625.0
American Robin,6,4,Jun_W4,0.5315436,745.0
American Robin,7,1,Jul_W1,0.4935252,695.0
American Robin,7,2,Jul_W2,0.4894515,711.0
American Robin,7,3,Jul_W3,0.4745167,569.0
American Robin,7,4,Jul_W4,0.3465459,883.0
American Robin,8,1,Aug_W1,0.3196046,607.0
American Robin,8,2,Aug_W2,0.2222222,639.0
American Robin,8,3,Aug_W3,0.1894198,586.0
American Robin,8,4,Aug_W4,0.1313609,845.0
American Robin,9,1,Sep_W1,0.094697,528.0
American Robin,9,2,Sep_W2,0.0918836,653.0
American Robin,9,3,Sep_W3,0.1285266,638.0
American Robin,9,4,Sep_W4,0.1527224,753.0
American Robin,10,1,Oct_W1,0.1603175,630.0
American Robin,10,2,Oct_W2,0.1453287,578.0
American Robin,10,3,Oct_W3,0.125,488.0
American Robin,10,4,Oct_W4,0.0996441,562.0
American Robin,11,1,Nov_W1,0.0417755,383.0
American Robin,11,2,Nov_W2,0.0121581,329.0
American Robin,11,3,Nov_W3,0.025641,273.0
American Robin,11,4,Nov_W4,0.0074074,270.0
American Robin,12,1,Dec_W1,0.0063694,157.0
American Robin,12,2,Dec_W2,0.0060241,166.0
American Robin,12,3,Dec_W3,0.0,137.0
American Robin,12,4,Dec_W4,0.0206897,145.0
Northern Wheatear,1,1,Jan_W1,0.0,185.0
Northern Wheatear,1,2,Jan_W2,0.0,88.0
Northern Wheatear,1,3,Jan_W3,0.0,105.0
Northern Wheatear,1,4,Jan_W4,0.0,140.0
Northern Wheatear,2,1,Feb_W1,0.0,123.0
Northern Wheatear,2,2,Feb_W2,0.0,108.0
Northern Wheatear,2,3,Feb_W3,0.0,118.0
Northern Wheatear,2,4,Feb_W4,0.0,70.0
Northern Wheatear,3,1,Mar_W1,0.0,105.0
Northern Wheatear,3,2,Mar_W2,0.0,114.0
Northern Wheatear,3,3,Mar_W3,0.0,142.0
Northern Wheatear,3,4,Mar_W4,0.0,164.0
Northern Wheatear,4,1,Apr_W1,0.0,261.0
Northern Wheatear,4,2,Apr_W2,0.0,364.0
Northern Wheatear,4,3,Apr_W3,0.0,430.0
Northern Wheatear,4,4,Apr_W4,0.0,706.0
Northern Wheatear,5,1,May_W1,0.0,645.0
Northern Wheatear,5,2,May_W2,0.0,774.0
Northern Wheatear,5,3,May_W3,0.0,765.0
Northern Wheatear,5,4,May_W4,0.0,1386.0
Northern Wheatear,6,1,Jun_W1,0.0011696,855.0
Northern Wheatear,6,2,Jun_W2,0.0,752.0
Northern Wheatear,6,3,Jun_W3,0.0,625.0
Northern Wheatear,6,4,Jun_W4,0.0,745.0
Northern Wheatear,7,1,Jul_W1,0.0,695.0
Northern Wheatear,7,2,Jul_W2,0.0,711.0
Northern Wheatear,7,3,Jul_W3,0.0,569.0
Northern Wheatear,7,4,Jul_W4,0.0,883.0
Northern Wheatear,8,1,Aug_W1,0.0,607.0
Northern Wheatear,8,2,Aug_W2,0.0,639.0
Northern Wheatear,8,3,Aug_W3,0.0,586.0
Northern Wheatear,8,4,Aug_W4,0.0,845.0
Northern Wheatear,9,1,Sep_W1,0.0,528.0
Northern Wheatear,9,2,Sep_W2,0.0,653.0
Northern Wheatear,9,3,Sep_W3,0.0,638.0
Northern Wheatear,9,4,Sep_W4,0.0,753.0
Northern Wheatear,10,1,Oct_W1,0.0,630.0
Northern Wheatear,10,2,Oct_W2,0.0,578.0
Northern Wheatear,10,3,Oct_W3,0.0,488.0
Northern Wheatear,10,4,Oct_W4,0.0,562.0
Northern Wheatear,11,1,Nov_W1,0.0,383.0
Northern Wheatear,11,2,Nov_W2,0.0,329.0
Northern Wheatear,11,3,Nov_W3,0.0,273.0
Northern Wheatear,11,4,Nov_W4,0.0,270.0
Northern Wheatear,12,1,Dec_W1,0.0,157.0
Northern Wheatear,12,2,Dec_W2,0.0,166.0
Northern Wheatear,12,3,Dec_W3,0.0,137.0
Northern Wheatear,12,4,Dec_W4,0.0,145.0
Bohemian Waxwing,1,1,Jan_W1,0.0378378,185.0
Bohemian Waxwing,1,2,Jan_W2,0.0227273,88.0
Bohemian Waxwing,1,3,Jan_W3,0.0095238,105.0
Bohemian Waxwing,1,4,Jan_W4,0.0142857,140.0
Bohemian Waxwing,2,1,Feb_W1,0.0081301,123.0
Bohemian Waxwing,2,2,Feb_W2,0.0015,108.0
Bohemian Waxwing,2,3,Feb_W3,0.0,118.0
Bohemian Waxwing,2,4,Feb_W4,0.0,70.0
Bohemian Waxwing,3,1,Mar_W1,0.0,105.0
Bohemian Waxwing,3,2,Mar_W2,0.0175439,114.0
Bohemian Waxwing,3,3,Mar_W3,0.0,142.0
Bohemian Waxwing,3,4,Mar_W4,0.0060976,164.0
Bohemian Waxwing,4,1,Apr_W1,0.0,261.0
Bohemian Waxwing,4,2,Apr_W2,0.0,364.0
Bohemian Waxwing,4,3,Apr_W3,0.0,430.0
Bohemian Waxwing,4,4,Apr_W4,0.0015,706.0
Bohemian Waxwing,5,1,May_W1,0.0,645.0
Bohemian Waxwing,5,2,May_W2,0.0,774.0
Bohemian Waxwing,5,3,May_W3,0.0,765.0
Bohemian Waxwing,5,4,May_W4,0.0,1386.0
Bohemian Waxwing,6,1,Jun_W1,0.0,855.0
Bohemian Waxwing,6,2,Jun_W2,0.0,752.0
Bohemian Waxwing,6,3,Jun_W3,0.0,625.0
Bohemian Waxwing,6,4,Jun_W4,0.0,745.0
Bohemian Waxwing,7,1,Jul_W1,0.0,695.0
Bohemian Waxwing,7,2,Jul_W2,0.0,711.0
Bohemian Waxwing,7,3,Jul_W3,0.0,569.0
Bohemian Waxwing,7,4,Jul_W4,0.0,883.0
Bohemian Waxwing,8,1,Aug_W1,0.0,607.0
Bohemian Waxwing,8,2,Aug_W2,0.0,639.0
Bohemian Waxwing,8,3,Aug_W3,0.0,586.0
Bohemian Waxwing,8,4,Aug_W4,0.0,845.0
Bohemian Waxwing,9,1,Sep_W1,0.0,528.0
Bohemian Waxwing,9,2,Sep_W2,0.0,653.0
Bohemian Waxwing,9,3,Sep_W3,0.0,638.0
Bohemian Waxwing,9,4,Sep_W4,0.0,753.0
Bohemian Waxwing,10,1,Oct_W1,0.0,630.0
Bohemian Waxwing,10,2,Oct_W2,0.0,578.0
Bohemian Waxwing,10,3,Oct_W3,0.0015,488.0
Bohemian Waxwing,10,4,Oct_W4,0.0035587,562.0
Bohemian Waxwing,11,1,Nov_W1,0.0313316,383.0
Bohemian Waxwing,11,2,Nov_W2,0.0455927,329.0
Bohemian Waxwing,11,3,Nov_W3,0.0512821,273.0
Bohemian Waxwing,11,4,Nov_W4,0.0222222,270.0
Bohemian Waxwing,12,1,Dec_W1,0.0318471,157.0
Bohemian Waxwing,12,2,Dec_W2,0.0240964,166.0
Bohemian Waxwing,12,3,Dec_W3,0.0072993,137.0
Bohemian Waxwing,12,4,Dec_W4,0.062069,145.0
Cedar Waxwing,1,1,Jan_W1,0.0324324,185.0
Cedar Waxwing,1,2,Jan_W2,0.0015,88.0
Cedar Waxwing,1,3,Jan_W3,0.0015,105.0
Cedar Waxwing,1,4,Jan_W4,0.0142857,140.0
Cedar Waxwing,2,1,Feb_W1,0.0081301,123.0
Cedar Waxwing,2,2,Feb_W2,0.0092593,108.0
Cedar Waxwing,2,3,Feb_W3,0.0254237,118.0
Cedar Waxwing,2,4,Feb_W4,0.0,70.0
Cedar Waxwing,3,1,Mar_W1,0.0095238,105.0
Cedar Waxwing,3,2,Mar_W2,0.0087719,114.0
Cedar Waxwing,3,3,Mar_W3,0.0,142.0
Cedar Waxwing,3,4,Mar_W4,0.0015,164.0
Cedar Waxwing,4,1,Apr_W1,0.0038314,261.0
Cedar Waxwing,4,2,Apr_W2,0.0027473,364.0
Cedar Waxwing,4,3,Apr_W3,0.0015,430.0
Cedar Waxwing,4,4,Apr_W4,0.0014164,706.0
Cedar Waxwing,5,1,May_W1,0.0031008,645.0
Cedar Waxwing,5,2,May_W2,0.003876,774.0
Cedar Waxwing,5,3,May_W3,0.0052288,765.0
Cedar Waxwing,5,4,May_W4,0.0909091,1386.0
Cedar Waxwing,6,1,Jun_W1,0.1730994,855.0
Cedar Waxwing,6,2,Jun_W2,0.2154255,752.0
Cedar Waxwing,6,3,Jun_W3,0.2768,625.0
Cedar Waxwing,6,4,Jun_W4,0.2483221,745.0
Cedar Waxwing,7,1,Jul_W1,0.2935252,695.0
Cedar Waxwing,7,2,Jul_W2,0.3488045,711.0
Cedar Waxwing,7,3,Jul_W3,0.3427065,569.0
Cedar Waxwing,7,4,Jul_W4,0.3227633,883.0
Cedar Waxwing,8,1,Aug_W1,0.2800659,607.0
Cedar Waxwing,8,2,Aug_W2,0.3333333,639.0
Cedar Waxwing,8,3,Aug_W3,0.2952218,586.0
Cedar Waxwing,8,4,Aug_W4,0.2201183,845.0
Cedar Waxwing,9,1,Sep_W1,0.1325758,528.0
Cedar Waxwing,9,2,Sep_W2,0.0842266,653.0
Cedar Waxwing,9,3,Sep_W3,0.0485893,638.0
Cedar Waxwing,9,4,Sep_W4,0.0517928,753.0
Cedar Waxwing,10,1,Oct_W1,0.0095238,630.0
Cedar Waxwing,10,2,Oct_W2,0.0224913,578.0
Cedar Waxwing,10,3,Oct_W3,0.0122951,488.0
Cedar Waxwing,10,4,Oct_W4,0.0124555,562.0
Cedar Waxwing,11,1,Nov_W1,0.0078329,383.0
Cedar Waxwing,11,2,Nov_W2,0.006079,329.0
Cedar Waxwing,11,3,Nov_W3,0.010989,273.0
Cedar Waxwing,11,4,Nov_W4,0.0,270.0
Cedar Waxwing,12,1,Dec_W1,0.0,157.0
Cedar Waxwing,12,2,Dec_W2,0.0060241,166.0
Cedar Waxwing,12,3,Dec_W3,0.0072993,137.0
Cedar Waxwing,12,4,Dec_W4,0.0015,145.0
House Sparrow,1,1,Jan_W1,0.0216216,185.0
House Sparrow,1,2,Jan_W2,0.0227273,88.0
House Sparrow,1,3,Jan_W3,0.0190476,105.0
House Sparrow,1,4,Jan_W4,0.0214286,140.0
House Sparrow,2,1,Feb_W1,0.0325203,123.0
House Sparrow,2,2,Feb_W2,0.0092593,108.0
House Sparrow,2,3,Feb_W3,0.059322,118.0
House Sparrow,2,4,Feb_W4,0.0142857,70.0
House Sparrow,3,1,Mar_W1,0.0285714,105.0
House Sparrow,3,2,Mar_W2,0.0263158,114.0
House Sparrow,3,3,Mar_W3,0.0352113,142.0
House Sparrow,3,4,Mar_W4,0.0060976,164.0
House Sparrow,4,1,Apr_W1,0.0114943,261.0
House Sparrow,4,2,Apr_W2,0.0054945,364.0
House Sparrow,4,3,Apr_W3,0.0069767,430.0
House Sparrow,4,4,Apr_W4,0.0042493,706.0
House Sparrow,5,1,May_W1,0.0046512,645.0
House Sparrow,5,2,May_W2,0.003876,774.0
House Sparrow,5,3,May_W3,0.0039216,765.0
House Sparrow,5,4,May_W4,0.0108225,1386.0
House Sparrow,6,1,Jun_W1,0.019883,855.0
House Sparrow,6,2,Jun_W2,0.0159574,752.0
House Sparrow,6,3,Jun_W3,0.016,625.0
House Sparrow,6,4,Jun_W4,0.0120805,745.0
House Sparrow,7,1,Jul_W1,0.0115108,695.0
House Sparrow,7,2,Jul_W2,0.0196906,711.0
House Sparrow,7,3,Jul_W3,0.0193322,569.0
House Sparrow,7,4,Jul_W4,0.015855,883.0
House Sparrow,8,1,Aug_W1,0.014827,607.0
House Sparrow,8,2,Aug_W2,0.0140845,639.0
House Sparrow,8,3,Aug_W3,0.0102389,586.0
House Sparrow,8,4,Aug_W4,0.0047337,845.0
House Sparrow,9,1,Sep_W1,0.0037879,528.0
House Sparrow,9,2,Sep_W2,0.0091884,653.0
House Sparrow,9,3,Sep_W3,0.007837,638.0
House Sparrow,9,4,Sep_W4,0.001328,753.0
House Sparrow,10,1,Oct_W1,0.0111111,630.0
House Sparrow,10,2,Oct_W2,0.0069204,578.0
House Sparrow,10,3,Oct_W3,0.0081967,488.0
House Sparrow,10,4,Oct_W4,0.0142349,562.0
House Sparrow,11,1,Nov_W1,0.0261097,383.0
House Sparrow,11,2,Nov_W2,0.0091185,329.0
House Sparrow,11,3,Nov_W3,0.014652,273.0
House Sparrow,11,4,Nov_W4,0.0111111,270.0
House Sparrow,12,1,Dec_W1,0.0127389,157.0
House Sparrow,12,2,Dec_W2,0.0301205,166.0
House Sparrow,12,3,Dec_W3,0.0145985,137.0
House Sparrow,12,4,Dec_W4,0.0,145.0
Eurasian Tree Sparrow,1,1,Jan_W1,0.0,185.0
Eurasian Tree Sparrow,1,2,Jan_W2,0.0,88.0
Eurasian Tree Sparrow,1,3,Jan_W3,0.0,105.0
Eurasian Tree Sparrow,1,4,Jan_W4,0.0,140.0
Eurasian Tree Sparrow,2,1,Feb_W1,0.0,123.0
Eurasian Tree Sparrow,2,2,Feb_W2,0.0,108.0
Eurasian Tree Sparrow,2,3,Feb_W3,0.0,118.0
Eurasian Tree Sparrow,2,4,Feb_W4,0.0,70.0
Eurasian Tree Sparrow,3,1,Mar_W1,0.0,105.0
Eurasian Tree Sparrow,3,2,Mar_W2,0.0,114.0
Eurasian Tree Sparrow,3,3,Mar_W3,0.0,142.0
Eurasian Tree Sparrow,3,4,Mar_W4,0.0,164.0
Eurasian Tree Sparrow,4,1,Apr_W1,0.0,261.0
Eurasian Tree Sparrow,4,2,Apr_W2,0.0,364.0
Eurasian Tree Sparrow,4,3,Apr_W3,0.0069767,430.0
Eurasian Tree Sparrow,4,4,Apr_W4,0.0014164,706.0
Eurasian Tree Sparrow,5,1,May_W1,0.0,645.0
Eurasian Tree Sparrow,5,2,May_W2,0.001292,774.0
Eurasian Tree Sparrow,5,3,May_W3,0.0,765.0
Eurasian Tree Sparrow,5,4,May_W4,0.0,1386.0
Eurasian Tree Sparrow,6,1,Jun_W1,0.0,855.0
Eurasian Tree Sparrow,6,2,Jun_W2,0.0,752.0
Eurasian Tree Sparrow,6,3,Jun_W3,0.0,625.0
Eurasian Tree Sparrow,6,4,Jun_W4,0.0,745.0
Eurasian Tree Sparrow,7,1,Jul_W1,0.0,695.0
Eurasian Tree Sparrow,7,2,Jul_W2,0.0,711.0
Eurasian Tree Sparrow,7,3,Jul_W3,0.0,569.0
Eurasian Tree Sparrow,7,4,Jul_W4,0.0,883.0
Eurasian Tree Sparrow,8,1,Aug_W1,0.0,607.0
Eurasian Tree Sparrow,8,2,Aug_W2,0.0,639.0
Eurasian Tree Sparrow,8,3,Aug_W3,0.0,586.0
Eurasian Tree Sparrow,8,4,Aug_W4,0.0,845.0
Eurasian Tree Sparrow,9,1,Sep_W1,0.0,528.0
Eurasian Tree Sparrow,9,2,Sep_W2,0.0,653.0
Eurasian Tree Sparrow,9,3,Sep_W3,0.0,638.0
Eurasian Tree Sparrow,9,4,Sep_W4,0.0,753.0
Eurasian Tree Sparrow,10,1,Oct_W1,0.0,630.0
Eurasian Tree Sparrow,10,2,Oct_W2,0.0,578.0
Eurasian Tree Sparrow,10,3,Oct_W3,0.0,488.0
Eurasian Tree Sparrow,10,4,Oct_W4,0.0,562.0
Eurasian Tree Sparrow,11,1,Nov_W1,0.0,383.0
Eurasian Tree Sparrow,11,2,Nov_W2,0.0,329.0
Eurasian Tree Sparrow,11,3,Nov_W3,0.0,273.0
Eurasian Tree Sparrow,11,4,Nov_W4,0.0,270.0
Eurasian Tree Sparrow,12,1,Dec_W1,0.0,157.0
Eurasian Tree Sparrow,12,2,Dec_W2,0.0,166.0
Eurasian Tree Sparrow,12,3,Dec_W3,0.0,137.0
Eurasian Tree Sparrow,12,4,Dec_W4,0.0,145.0
American Pipit,1,1,Jan_W1,0.0,185.0
American Pipit,1,2,Jan_W2,0.0,88.0
American Pipit,1,3,Jan_W3,0.0,105.0
American Pipit,1,4,Jan_W4,0.0,140.0
American Pipit,2,1,Feb_W1,0.0,123.0
American Pipit,2,2,Feb_W2,0.0,108.0
American Pipit,2,3,Feb_W3,0.0,118.0
American Pipit,2,4,Feb_W4,0.0,70.0
American Pipit,3,1,Mar_W1,0.0,105.0
American Pipit,3,2,Mar_W2,0.0,114.0
American Pipit,3,3,Mar_W3,0.0,142.0
American Pipit,3,4,Mar_W4,0.0,164.0
American Pipit,4,1,Apr_W1,0.0,261.0
American Pipit,4,2,Apr_W2,0.0,364.0
American Pipit,4,3,Apr_W3,0.0,430.0
American Pipit,4,4,Apr_W4,0.0014164,706.0
American Pipit,5,1,May_W1,0.0015504,645.0
American Pipit,5,2,May_W2,0.0219638,774.0
American Pipit,5,3,May_W3,0.0287582,765.0
American Pipit,5,4,May_W4,0.0093795,1386.0
American Pipit,6,1,Jun_W1,0.0035088,855.0
American Pipit,6,2,Jun_W2,0.0026596,752.0
American Pipit,6,3,Jun_W3,0.0016,625.0
American Pipit,6,4,Jun_W4,0.0,745.0
American Pipit,7,1,Jul_W1,0.0,695.0
American Pipit,7,2,Jul_W2,0.0,711.0
American Pipit,7,3,Jul_W3,0.0,569.0
American Pipit,7,4,Jul_W4,0.0,883.0
American Pipit,8,1,Aug_W1,0.0,607.0
American Pipit,8,2,Aug_W2,0.0015,639.0
American Pipit,8,3,Aug_W3,0.0,586.0
American Pipit,8,4,Aug_W4,0.0015,845.0
American Pipit,9,1,Sep_W1,0.0151515,528.0
American Pipit,9,2,Sep_W2,0.0535988,653.0
American Pipit,9,3,Sep_W3,0.0940439,638.0
American Pipit,9,4,Sep_W4,0.1088977,753.0
American Pipit,10,1,Oct_W1,0.052381,630.0
American Pipit,10,2,Oct_W2,0.0484429,578.0
American Pipit,10,3,Oct_W3,0.0389344,488.0
American Pipit,10,4,Oct_W4,0.0177936,562.0
American Pipit,11,1,Nov_W1,0.002611,383.0
American Pipit,11,2,Nov_W2,0.0,329.0
American Pipit,11,3,Nov_W3,0.0,273.0
American Pipit,11,4,Nov_W4,0.0,270.0
American Pipit,12,1,Dec_W1,0.0,157.0
American Pipit,12,2,Dec_W2,0.0,166.0
American Pipit,12,3,Dec_W3,0.0,137.0
American Pipit,12,4,Dec_W4,0.0,145.0
Common Chaffinch,1,1,Jan_W1,0.0,185.0
Common Chaffinch,1,2,Jan_W2,0.0,88.0
Common Chaffinch,1,3,Jan_W3,0.0,105.0
Common Chaffinch,1,4,Jan_W4,0.0,140.0
Common Chaffinch,2,1,Feb_W1,0.0,123.0
Common Chaffinch,2,2,Feb_W2,0.0,108.0
Common Chaffinch,2,3,Feb_W3,0.0,118.0
Common Chaffinch,2,4,Feb_W4,0.0,70.0
Common Chaffinch,3,1,Mar_W1,0.0,105.0
Common Chaffinch,3,2,Mar_W2,0.0,114.0
Common Chaffinch,3,3,Mar_W3,0.0,142.0
Common Chaffinch,3,4,Mar_W4,0.0,164.0
Common Chaffinch,4,1,Apr_W1,0.0,261.0
Common Chaffinch,4,2,Apr_W2,0.0,364.0
Common Chaffinch,4,3,Apr_W3,0.0,430.0
Common Chaffinch,4,4,Apr_W4,0.0015,706.0
Common Chaffinch,5,1,May_W1,0.0015,645.0
Common Chaffinch,5,2,May_W2,0.0,774.0
Common Chaffinch,5,3,May_W3,0.0,765.0
Common Chaffinch,5,4,May_W4,0.0,1386.0
Common Chaffinch,6,1,Jun_W1,0.0,855.0
Common Chaffinch,6,2,Jun_W2,0.0,752.0
Common Chaffinch,6,3,Jun_W3,0.0,625.0
Common Chaffinch,6,4,Jun_W4,0.0,745.0
Common Chaffinch,7,1,Jul_W1,0.0,695.0
Common Chaffinch,7,2,Jul_W2,0.0,711.0
Common Chaffinch,7,3,Jul_W3,0.0,569.0
Common Chaffinch,7,4,Jul_W4,0.0,883.0
Common Chaffinch,8,1,Aug_W1,0.0,607.0
Common Chaffinch,8,2,Aug_W2,0.0,639.0
Common Chaffinch,8,3,Aug_W3,0.0,586.0
Common Chaffinch,8,4,Aug_W4,0.0,845.0
Common Chaffinch,9,1,Sep_W1,0.0,528.0
Common Chaffinch,9,2,Sep_W2,0.0,653.0
Common Chaffinch,9,3,Sep_W3,0.0,638.0
Common Chaffinch,9,4,Sep_W4,0.0,753.0
Common Chaffinch,10,1,Oct_W1,0.0,630.0
Common Chaffinch,10,2,Oct_W2,0.0,578.0
Common Chaffinch,10,3,Oct_W3,0.0,488.0
Common Chaffinch,10,4,Oct_W4,0.0,562.0
Common Chaffinch,11,1,Nov_W1,0.0,383.0
Common Chaffinch,11,2,Nov_W2,0.0,329.0
Common Chaffinch,11,3,Nov_W3,0.0,273.0
Common Chaffinch,11,4,Nov_W4,0.0,270.0
Common Chaffinch,12,1,Dec_W1,0.0,157.0
Common Chaffinch,12,2,Dec_W2,0.0,166.0
Common Chaffinch,12,3,Dec_W3,0.0,137.0
Common Chaffinch,12,4,Dec_W4,0.0,145.0
Evening Grosbeak,1,1,Jan_W1,0.0054054,185.0
Evening Grosbeak,1,2,Jan_W2,0.0113636,88.0
Evening Grosbeak,1,3,Jan_W3,0.0095238,105.0
Evening Grosbeak,1,4,Jan_W4,0.0285714,140.0
Evening Grosbeak,2,1,Feb_W1,0.0015,123.0
Evening Grosbeak,2,2,Feb_W2,0.0277778,108.0
Evening Grosbeak,2,3,Feb_W3,0.0423729,118.0
Evening Grosbeak,2,4,Feb_W4,0.0015,70.0
Evening Grosbeak,3,1,Mar_W1,0.0095238,105.0
Evening Grosbeak,3,2,Mar_W2,0.0015,114.0
Evening Grosbeak,3,3,Mar_W3,0.0211268,142.0
Evening Grosbeak,3,4,Mar_W4,0.0121951,164.0
Evening Grosbeak,4,1,Apr_W1,0.0114943,261.0
Evening Grosbeak,4,2,Apr_W2,0.0164835,364.0
Evening Grosbeak,4,3,Apr_W3,0.0116279,430.0
Evening Grosbeak,4,4,Apr_W4,0.0212465,706.0
Evening Grosbeak,5,1,May_W1,0.0186047,645.0
Evening Grosbeak,5,2,May_W2,0.0348837,774.0
Evening Grosbeak,5,3,May_W3,0.0183007,765.0
Evening Grosbeak,5,4,May_W4,0.0050505,1386.0
Evening Grosbeak,6,1,Jun_W1,0.0023392,855.0
Evening Grosbeak,6,2,Jun_W2,0.0039894,752.0
Evening Grosbeak,6,3,Jun_W3,0.008,625.0
Evening Grosbeak,6,4,Jun_W4,0.0053691,745.0
Evening Grosbeak,7,1,Jul_W1,0.0028777,695.0
Evening Grosbeak,7,2,Jul_W2,0.0070323,711.0
Evening Grosbeak,7,3,Jul_W3,0.0123023,569.0
Evening Grosbeak,7,4,Jul_W4,0.0056625,883.0
Evening Grosbeak,8,1,Aug_W1,0.0098847,607.0
Evening Grosbeak,8,2,Aug_W2,0.0140845,639.0
Evening Grosbeak,8,3,Aug_W3,0.003413,586.0
Evening Grosbeak,8,4,Aug_W4,0.0015,845.0
Evening Grosbeak,9,1,Sep_W1,0.0015,528.0
Evening Grosbeak,9,2,Sep_W2,0.0015,653.0
Evening Grosbeak,9,3,Sep_W3,0.0015674,638.0
Evening Grosbeak,9,4,Sep_W4,0.0015,753.0
Evening Grosbeak,10,1,Oct_W1,0.0,630.0
Evening Grosbeak,10,2,Oct_W2,0.0034602,578.0
Evening Grosbeak,10,3,Oct_W3,0.0081967,488.0
Evening Grosbeak,10,4,Oct_W4,0.0053381,562.0
Evening Grosbeak,11,1,Nov_W1,0.0234987,383.0
Evening Grosbeak,11,2,Nov_W2,0.0303951,329.0
Evening Grosbeak,11,3,Nov_W3,0.032967,273.0
Evening Grosbeak,11,4,Nov_W4,0.0259259,270.0
Evening Grosbeak,12,1,Dec_W1,0.0318471,157.0
Evening Grosbeak,12,2,Dec_W2,0.0120482,166.0
Evening Grosbeak,12,3,Dec_W3,0.0218978,137.0
Evening Grosbeak,12,4,Dec_W4,0.0137931,145.0
Pine Grosbeak,1,1,Jan_W1,0.0972973,185.0
Pine Grosbeak,1,2,Jan_W2,0.1363636,88.0
Pine Grosbeak,1,3,Jan_W3,0.0761905,105.0
Pine Grosbeak,1,4,Jan_W4,0.0642857,140.0
Pine Grosbeak,2,1,Feb_W1,0.0162602,123.0
Pine Grosbeak,2,2,Feb_W2,0.0648148,108.0
Pine Grosbeak,2,3,Feb_W3,0.1355932,118.0
Pine Grosbeak,2,4,Feb_W4,0.0285714,70.0
Pine Grosbeak,3,1,Mar_W1,0.0666667,105.0
Pine Grosbeak,3,2,Mar_W2,0.0350877,114.0
Pine Grosbeak,3,3,Mar_W3,0.0070423,142.0
Pine Grosbeak,3,4,Mar_W4,0.0060976,164.0
Pine Grosbeak,4,1,Apr_W1,0.0,261.0
Pine Grosbeak,4,2,Apr_W2,0.0,364.0
Pine Grosbeak,4,3,Apr_W3,0.0015,430.0
Pine Grosbeak,4,4,Apr_W4,0.0,706.0
Pine Grosbeak,5,1,May_W1,0.0,645.0
Pine Grosbeak,5,2,May_W2,0.0,774.0
Pine Grosbeak,5,3,May_W3,0.0,765.0
Pine Grosbeak,5,4,May_W4,0.0,1386.0
Pine Grosbeak,6,1,Jun_W1,0.0,855.0
Pine Grosbeak,6,2,Jun_W2,0.0,752.0
Pine Grosbeak,6,3,Jun_W3,0.0,625.0
Pine Grosbeak,6,4,Jun_W4,0.0,745.0
Pine Grosbeak,7,1,Jul_W1,0.0,695.0
Pine Grosbeak,7,2,Jul_W2,0.0,711.0
Pine Grosbeak,7,3,Jul_W3,0.0,569.0
Pine Grosbeak,7,4,Jul_W4,0.0,883.0
Pine Grosbeak,8,1,Aug_W1,0.0,607.0
Pine Grosbeak,8,2,Aug_W2,0.0,639.0
Pine Grosbeak,8,3,Aug_W3,0.0,586.0
Pine Grosbeak,8,4,Aug_W4,0.0,845.0
Pine Grosbeak,9,1,Sep_W1,0.0,528.0
Pine Grosbeak,9,2,Sep_W2,0.0,653.0
Pine Grosbeak,9,3,Sep_W3,0.0,638.0
Pine Grosbeak,9,4,Sep_W4,0.0,753.0
Pine Grosbeak,10,1,Oct_W1,0.0,630.0
Pine Grosbeak,10,2,Oct_W2,0.0,578.0
Pine Grosbeak,10,3,Oct_W3,0.0,488.0
Pine Grosbeak,10,4,Oct_W4,0.0071174,562.0
Pine Grosbeak,11,1,Nov_W1,0.0339426,383.0
Pine Grosbeak,11,2,Nov_W2,0.0395137,329.0
Pine Grosbeak,11,3,Nov_W3,0.0732601,273.0
Pine Grosbeak,11,4,Nov_W4,0.1,270.0
Pine Grosbeak,12,1,Dec_W1,0.0573248,157.0
Pine Grosbeak,12,2,Dec_W2,0.0662651,166.0
Pine Grosbeak,12,3,Dec_W3,0.1021898,137.0
Pine Grosbeak,12,4,Dec_W4,0.137931,145.0
House Finch,1,1,Jan_W1,0.0,185.0
House Finch,1,2,Jan_W2,0.0,88.0
House Finch,1,3,Jan_W3,0.0095238,105.0
House Finch,1,4,Jan_W4,0.0,140.0
House Finch,2,1,Feb_W1,0.0,123.0
House Finch,2,2,Feb_W2,0.0,108.0
House Finch,2,3,Feb_W3,0.0169492,118.0
House Finch,2,4,Feb_W4,0.0142857,70.0
House Finch,3,1,Mar_W1,0.0,105.0
House Finch,3,2,Mar_W2,0.0,114.0
House Finch,3,3,Mar_W3,0.0,142.0
House Finch,3,4,Mar_W4,0.0015,164.0
House Finch,4,1,Apr_W1,0.0076628,261.0
House Finch,4,2,Apr_W2,0.0027473,364.0
House Finch,4,3,Apr_W3,0.0,430.0
House Finch,4,4,Apr_W4,0.0014164,706.0
House Finch,5,1,May_W1,0.0015,645.0
House Finch,5,2,May_W2,0.005168,774.0
House Finch,5,3,May_W3,0.0013072,765.0
House Finch,5,4,May_W4,0.0021645,1386.0
House Finch,6,1,Jun_W1,0.0015,855.0
House Finch,6,2,Jun_W2,0.0013298,752.0
House Finch,6,3,Jun_W3,0.0048,625.0
House Finch,6,4,Jun_W4,0.0040268,745.0
House Finch,7,1,Jul_W1,0.0086331,695.0
House Finch,7,2,Jul_W2,0.0070323,711.0
House Finch,7,3,Jul_W3,0.0035149,569.0
House Finch,7,4,Jul_W4,0.0033975,883.0
House Finch,8,1,Aug_W1,0.0065898,607.0
House Finch,8,2,Aug_W2,0.0093897,639.0
House Finch,8,3,Aug_W3,0.0017065,586.0
House Finch,8,4,Aug_W4,0.0011834,845.0
House Finch,9,1,Sep_W1,0.0018939,528.0
House Finch,9,2,Sep_W2,0.0015314,653.0
House Finch,9,3,Sep_W3,0.0015674,638.0
House Finch,9,4,Sep_W4,0.0039841,753.0
House Finch,10,1,Oct_W1,0.0015,630.0
House Finch,10,2,Oct_W2,0.0,578.0
House Finch,10,3,Oct_W3,0.0,488.0
House Finch,10,4,Oct_W4,0.0017794,562.0
House Finch,11,1,Nov_W1,0.0,383.0
House Finch,11,2,Nov_W2,0.0,329.0
House Finch,11,3,Nov_W3,0.0,273.0
House Finch,11,4,Nov_W4,0.0,270.0
House Finch,12,1,Dec_W1,0.0,157.0
House Finch,12,2,Dec_W2,0.0,166.0
House Finch,12,3,Dec_W3,0.0,137.0
House Finch,12,4,Dec_W4,0.0,145.0
Purple Finch,1,1,Jan_W1,0.0162162,185.0
Purple Finch,1,2,Jan_W2,0.0015,88.0
Purple Finch,1,3,Jan_W3,0.0095238,105.0
Purple Finch,1,4,Jan_W4,0.0071429,140.0
Purple Finch,2,1,Feb_W1,0.0162602,123.0
Purple Finch,2,2,Feb_W2,0.0185185,108.0
Purple Finch,2,3,Feb_W3,0.0084746,118.0
Purple Finch,2,4,Feb_W4,0.0,70.0
Purple Finch,3,1,Mar_W1,0.0015,105.0
Purple Finch,3,2,Mar_W2,0.0087719,114.0
Purple Finch,3,3,Mar_W3,0.028169,142.0
Purple Finch,3,4,Mar_W4,0.0182927,164.0
Purple Finch,4,1,Apr_W1,0.0268199,261.0
Purple Finch,4,2,Apr_W2,0.0824176,364.0
Purple Finch,4,3,Apr_W3,0.0837209,430.0
Purple Finch,4,4,Apr_W4,0.1416431,706.0
Purple Finch,5,1,May_W1,0.1472868,645.0
Purple Finch,5,2,May_W2,0.121447,774.0
Purple Finch,5,3,May_W3,0.1084967,765.0
Purple Finch,5,4,May_W4,0.1125541,1386.0
Purple Finch,6,1,Jun_W1,0.0760234,855.0
Purple Finch,6,2,Jun_W2,0.0890957,752.0
Purple Finch,6,3,Jun_W3,0.1008,625.0
Purple Finch,6,4,Jun_W4,0.0805369,745.0
Purple Finch,7,1,Jul_W1,0.0863309,695.0
Purple Finch,7,2,Jul_W2,0.0801688,711.0
Purple Finch,7,3,Jul_W3,0.0755712,569.0
Purple Finch,7,4,Jul_W4,0.0577576,883.0
Purple Finch,8,1,Aug_W1,0.0906096,607.0
Purple Finch,8,2,Aug_W2,0.086072,639.0
Purple Finch,8,3,Aug_W3,0.0699659,586.0
Purple Finch,8,4,Aug_W4,0.0544379,845.0
Purple Finch,9,1,Sep_W1,0.0340909,528.0
Purple Finch,9,2,Sep_W2,0.0352221,653.0
Purple Finch,9,3,Sep_W3,0.0219436,638.0
Purple Finch,9,4,Sep_W4,0.0371846,753.0
Purple Finch,10,1,Oct_W1,0.0238095,630.0
Purple Finch,10,2,Oct_W2,0.0432526,578.0
Purple Finch,10,3,Oct_W3,0.0512295,488.0
Purple Finch,10,4,Oct_W4,0.0409253,562.0
Purple Finch,11,1,Nov_W1,0.0261097,383.0
Purple Finch,11,2,Nov_W2,0.0121581,329.0
Purple Finch,11,3,Nov_W3,0.018315,273.0
Purple Finch,11,4,Nov_W4,0.0074074,270.0
Purple Finch,12,1,Dec_W1,0.0063694,157.0
Purple Finch,12,2,Dec_W2,0.0015,166.0
Purple Finch,12,3,Dec_W3,0.0145985,137.0
Purple Finch,12,4,Dec_W4,0.0137931,145.0
Redpoll,1,1,Jan_W1,0.0540541,185.0
Redpoll,1,2,Jan_W2,0.0568182,88.0
Redpoll,1,3,Jan_W3,0.047619,105.0
Redpoll,1,4,Jan_W4,0.05,140.0
Redpoll,2,1,Feb_W1,0.0325203,123.0
Redpoll,2,2,Feb_W2,0.1203704,108.0
Redpoll,2,3,Feb_W3,0.2033898,118.0
Redpoll,2,4,Feb_W4,0.0857143,70.0
Redpoll,3,1,Mar_W1,0.1142857,105.0
Redpoll,3,2,Mar_W2,0.0438596,114.0
Redpoll,3,3,Mar_W3,0.028169,142.0
Redpoll,3,4,Mar_W4,0.0121951,164.0
Redpoll,4,1,Apr_W1,0.0498084,261.0
Redpoll,4,2,Apr_W2,0.0549451,364.0
Redpoll,4,3,Apr_W3,0.0511628,430.0
Redpoll,4,4,Apr_W4,0.0169972,706.0
Redpoll,5,1,May_W1,0.0077519,645.0
Redpoll,5,2,May_W2,0.0,774.0
Redpoll,5,3,May_W3,0.0,765.0
Redpoll,5,4,May_W4,0.0,1386.0
Redpoll,6,1,Jun_W1,0.0,855.0
Redpoll,6,2,Jun_W2,0.0,752.0
Redpoll,6,3,Jun_W3,0.0,625.0
Redpoll,6,4,Jun_W4,0.0,745.0
Redpoll,7,1,Jul_W1,0.0,695.0
Redpoll,7,2,Jul_W2,0.0,711.0
Redpoll,7,3,Jul_W3,0.0,569.0
Redpoll,7,4,Jul_W4,0.0,883.0
Redpoll,8,1,Aug_W1,0.0,607.0
Redpoll,8,2,Aug_W2,0.0,639.0
Redpoll,8,3,Aug_W3,0.0,586.0
Redpoll,8,4,Aug_W4,0.0,845.0
Redpoll,9,1,Sep_W1,0.0,528.0
Redpoll,9,2,Sep_W2,0.0,653.0
Redpoll,9,3,Sep_W3,0.0,638.0
Redpoll,9,4,Sep_W4,0.0,753.0
Redpoll,10,1,Oct_W1,0.0,630.0
Redpoll,10,2,Oct_W2,0.0015,578.0
Redpoll,10,3,Oct_W3,0.0081967,488.0
Redpoll,10,4,Oct_W4,0.0427046,562.0
Redpoll,11,1,Nov_W1,0.0678851,383.0
Redpoll,11,2,Nov_W2,0.0911854,329.0
Redpoll,11,3,Nov_W3,0.1135531,273.0
Redpoll,11,4,Nov_W4,0.1,270.0
Redpoll,12,1,Dec_W1,0.089172,157.0
Redpoll,12,2,Dec_W2,0.0481928,166.0
Redpoll,12,3,Dec_W3,0.0656934,137.0
Redpoll,12,4,Dec_W4,0.0551724,145.0
Red Crossbill,1,1,Jan_W1,0.0162162,185.0
Red Crossbill,1,2,Jan_W2,0.0015,88.0
Red Crossbill,1,3,Jan_W3,0.0015,105.0
Red Crossbill,1,4,Jan_W4,0.0142857,140.0
Red Crossbill,2,1,Feb_W1,0.0015,123.0
Red Crossbill,2,2,Feb_W2,0.0092593,108.0
Red Crossbill,2,3,Feb_W3,0.0084746,118.0
Red Crossbill,2,4,Feb_W4,0.0015,70.0
Red Crossbill,3,1,Mar_W1,0.0015,105.0
Red Crossbill,3,2,Mar_W2,0.0175439,114.0
Red Crossbill,3,3,Mar_W3,0.0070423,142.0
Red Crossbill,3,4,Mar_W4,0.0060976,164.0
Red Crossbill,4,1,Apr_W1,0.0,261.0
Red Crossbill,4,2,Apr_W2,0.0,364.0
Red Crossbill,4,3,Apr_W3,0.0046512,430.0
Red Crossbill,4,4,Apr_W4,0.0014164,706.0
Red Crossbill,5,1,May_W1,0.0077519,645.0
Red Crossbill,5,2,May_W2,0.0015,774.0
Red Crossbill,5,3,May_W3,0.0039216,765.0
Red Crossbill,5,4,May_W4,0.002886,1386.0
Red Crossbill,6,1,Jun_W1,0.0035088,855.0
Red Crossbill,6,2,Jun_W2,0.0093085,752.0
Red Crossbill,6,3,Jun_W3,0.0128,625.0
Red Crossbill,6,4,Jun_W4,0.0067114,745.0
Red Crossbill,7,1,Jul_W1,0.0100719,695.0
Red Crossbill,7,2,Jul_W2,0.0070323,711.0
Red Crossbill,7,3,Jul_W3,0.0035149,569.0
Red Crossbill,7,4,Jul_W4,0.0079275,883.0
Red Crossbill,8,1,Aug_W1,0.014827,607.0
Red Crossbill,8,2,Aug_W2,0.0234742,639.0
Red Crossbill,8,3,Aug_W3,0.0085324,586.0
Red Crossbill,8,4,Aug_W4,0.0023669,845.0
Red Crossbill,9,1,Sep_W1,0.0015,528.0
Red Crossbill,9,2,Sep_W2,0.0015314,653.0
Red Crossbill,9,3,Sep_W3,0.0047022,638.0
Red Crossbill,9,4,Sep_W4,0.0092961,753.0
Red Crossbill,10,1,Oct_W1,0.0,630.0
Red Crossbill,10,2,Oct_W2,0.0069204,578.0
Red Crossbill,10,3,Oct_W3,0.0020492,488.0
Red Crossbill,10,4,Oct_W4,0.0053381,562.0
Red Crossbill,11,1,Nov_W1,0.002611,383.0
Red Crossbill,11,2,Nov_W2,0.0,329.0
Red Crossbill,11,3,Nov_W3,0.003663,273.0
Red Crossbill,11,4,Nov_W4,0.0111111,270.0
Red Crossbill,12,1,Dec_W1,0.0063694,157.0
Red Crossbill,12,2,Dec_W2,0.0,166.0
Red Crossbill,12,3,Dec_W3,0.0218978,137.0
Red Crossbill,12,4,Dec_W4,0.0137931,145.0
White-winged Crossbill,1,1,Jan_W1,0.027027,185.0
White-winged Crossbill,1,2,Jan_W2,0.0113636,88.0
White-winged Crossbill,1,3,Jan_W3,0.0095238,105.0
White-winged Crossbill,1,4,Jan_W4,0.0357143,140.0
White-winged Crossbill,2,1,Feb_W1,0.0406504,123.0
White-winged Crossbill,2,2,Feb_W2,0.0462963,108.0
White-winged Crossbill,2,3,Feb_W3,0.0015,118.0
White-winged Crossbill,2,4,Feb_W4,0.0015,70.0
White-winged Crossbill,3,1,Mar_W1,0.0095238,105.0
White-winged Crossbill,3,2,Mar_W2,0.0350877,114.0
White-winged Crossbill,3,3,Mar_W3,0.0070423,142.0
White-winged Crossbill,3,4,Mar_W4,0.0015,164.0
White-winged Crossbill,4,1,Apr_W1,0.0038314,261.0
White-winged Crossbill,4,2,Apr_W2,0.0,364.0
White-winged Crossbill,4,3,Apr_W3,0.0023256,430.0
White-winged Crossbill,4,4,Apr_W4,0.0014164,706.0
White-winged Crossbill,5,1,May_W1,0.0015504,645.0
White-winged Crossbill,5,2,May_W2,0.001292,774.0
White-winged Crossbill,5,3,May_W3,0.0015,765.0
White-winged Crossbill,5,4,May_W4,0.0021645,1386.0
White-winged Crossbill,6,1,Jun_W1,0.0,855.0
White-winged Crossbill,6,2,Jun_W2,0.0026596,752.0
White-winged Crossbill,6,3,Jun_W3,0.0064,625.0
White-winged Crossbill,6,4,Jun_W4,0.0040268,745.0
White-winged Crossbill,7,1,Jul_W1,0.0014388,695.0
White-winged Crossbill,7,2,Jul_W2,0.0042194,711.0
White-winged Crossbill,7,3,Jul_W3,0.0015,569.0
White-winged Crossbill,7,4,Jul_W4,0.0011325,883.0
White-winged Crossbill,8,1,Aug_W1,0.0015,607.0
White-winged Crossbill,8,2,Aug_W2,0.0062598,639.0
White-winged Crossbill,8,3,Aug_W3,0.0085324,586.0
White-winged Crossbill,8,4,Aug_W4,0.0011834,845.0
White-winged Crossbill,9,1,Sep_W1,0.0,528.0
White-winged Crossbill,9,2,Sep_W2,0.0,653.0
White-winged Crossbill,9,3,Sep_W3,0.0015,638.0
White-winged Crossbill,9,4,Sep_W4,0.001328,753.0
White-winged Crossbill,10,1,Oct_W1,0.0,630.0
White-winged Crossbill,10,2,Oct_W2,0.0034602,578.0
White-winged Crossbill,10,3,Oct_W3,0.0061475,488.0
White-winged Crossbill,10,4,Oct_W4,0.0071174,562.0
White-winged Crossbill,11,1,Nov_W1,0.0156658,383.0
White-winged Crossbill,11,2,Nov_W2,0.006079,329.0
White-winged Crossbill,11,3,Nov_W3,0.003663,273.0
White-winged Crossbill,11,4,Nov_W4,0.0037037,270.0
White-winged Crossbill,12,1,Dec_W1,0.0127389,157.0
White-winged Crossbill,12,2,Dec_W2,0.0120482,166.0
White-winged Crossbill,12,3,Dec_W3,0.0145985,137.0
White-winged Crossbill,12,4,Dec_W4,0.0206897,145.0
European Goldfinch,1,1,Jan_W1,0.0,185.0
European Goldfinch,1,2,Jan_W2,0.0,88.0
European Goldfinch,1,3,Jan_W3,0.0,105.0
European Goldfinch,1,4,Jan_W4,0.0,140.0
European Goldfinch,2,1,Feb_W1,0.0,123.0
European Goldfinch,2,2,Feb_W2,0.0,108.0
European Goldfinch,2,3,Feb_W3,0.0,118.0
European Goldfinch,2,4,Feb_W4,0.0,70.0
European Goldfinch,3,1,Mar_W1,0.0,105.0
European Goldfinch,3,2,Mar_W2,0.0,114.0
European Goldfinch,3,3,Mar_W3,0.0,142.0
European Goldfinch,3,4,Mar_W4,0.0,164.0
European Goldfinch,4,1,Apr_W1,0.0,261.0
European Goldfinch,4,2,Apr_W2,0.0,364.0
European Goldfinch,4,3,Apr_W3,0.0,430.0
European Goldfinch,4,4,Apr_W4,0.0,706.0
European Goldfinch,5,1,May_W1,0.0,645.0
European Goldfinch,5,2,May_W2,0.0,774.0
European Goldfinch,5,3,May_W3,0.0,765.0
European Goldfinch,5,4,May_W4,0.0,1386.0
European Goldfinch,6,1,Jun_W1,0.0,855.0
European Goldfinch,6,2,Jun_W2,0.0,752.0
European Goldfinch,6,3,Jun_W3,0.0,625.0
European Goldfinch,6,4,Jun_W4,0.0,745.0
European Goldfinch,7,1,Jul_W1,0.0,695.0
European Goldfinch,7,2,Jul_W2,0.0,711.0
European Goldfinch,7,3,Jul_W3,0.0,569.0
European Goldfinch,7,4,Jul_W4,0.0,883.0
European Goldfinch,8,1,Aug_W1,0.0,607.0
European Goldfinch,8,2,Aug_W2,0.0,639.0
European Goldfinch,8,3,Aug_W3,0.0,586.0
European Goldfinch,8,4,Aug_W4,0.0,845.0
European Goldfinch,9,1,Sep_W1,0.0,528.0
European Goldfinch,9,2,Sep_W2,0.0,653.0
European Goldfinch,9,3,Sep_W3,0.0,638.0
European Goldfinch,9,4,Sep_W4,0.0,753.0
European Goldfinch,10,1,Oct_W1,0.0,630.0
European Goldfinch,10,2,Oct_W2,0.0,578.0
European Goldfinch,10,3,Oct_W3,0.0,488.0
European Goldfinch,10,4,Oct_W4,0.0,562.0
European Goldfinch,11,1,Nov_W1,0.0,383.0
European Goldfinch,11,2,Nov_W2,0.0,329.0
European Goldfinch,11,3,Nov_W3,0.0,273.0
European Goldfinch,11,4,Nov_W4,0.0,270.0
European Goldfinch,12,1,Dec_W1,0.0,157.0
European Goldfinch,12,2,Dec_W2,0.0,166.0
European Goldfinch,12,3,Dec_W3,0.0145985,137.0
European Goldfinch,12,4,Dec_W4,0.0,145.0
Pine Siskin,1,1,Jan_W1,0.0108108,185.0
Pine Siskin,1,2,Jan_W2,0.0340909,88.0
Pine Siskin,1,3,Jan_W3,0.0190476,105.0
Pine Siskin,1,4,Jan_W4,0.0857143,140.0
Pine Siskin,2,1,Feb_W1,0.1056911,123.0
Pine Siskin,2,2,Feb_W2,0.0925926,108.0
Pine Siskin,2,3,Feb_W3,0.1440678,118.0
Pine Siskin,2,4,Feb_W4,0.1285714,70.0
Pine Siskin,3,1,Mar_W1,0.1714286,105.0
Pine Siskin,3,2,Mar_W2,0.1929825,114.0
Pine Siskin,3,3,Mar_W3,0.0915493,142.0
Pine Siskin,3,4,Mar_W4,0.0609756,164.0
Pine Siskin,4,1,Apr_W1,0.0574713,261.0
Pine Siskin,4,2,Apr_W2,0.0604396,364.0
Pine Siskin,4,3,Apr_W3,0.0697674,430.0
Pine Siskin,4,4,Apr_W4,0.0665722,706.0
Pine Siskin,5,1,May_W1,0.0697674,645.0
Pine Siskin,5,2,May_W2,0.0297158,774.0
Pine Siskin,5,3,May_W3,0.0640523,765.0
Pine Siskin,5,4,May_W4,0.04329,1386.0
Pine Siskin,6,1,Jun_W1,0.0280702,855.0
Pine Siskin,6,2,Jun_W2,0.0359043,752.0
Pine Siskin,6,3,Jun_W3,0.0368,625.0
Pine Siskin,6,4,Jun_W4,0.0053691,745.0
Pine Siskin,7,1,Jul_W1,0.0057554,695.0
Pine Siskin,7,2,Jul_W2,0.0056259,711.0
Pine Siskin,7,3,Jul_W3,0.0158172,569.0
Pine Siskin,7,4,Jul_W4,0.0101925,883.0
Pine Siskin,8,1,Aug_W1,0.0197694,607.0
Pine Siskin,8,2,Aug_W2,0.0140845,639.0
Pine Siskin,8,3,Aug_W3,0.0187713,586.0
Pine Siskin,8,4,Aug_W4,0.0094675,845.0
Pine Siskin,9,1,Sep_W1,0.0094697,528.0
Pine Siskin,9,2,Sep_W2,0.0137825,653.0
Pine Siskin,9,3,Sep_W3,0.0360502,638.0
Pine Siskin,9,4,Sep_W4,0.0424967,753.0
Pine Siskin,10,1,Oct_W1,0.0301587,630.0
Pine Siskin,10,2,Oct_W2,0.0397924,578.0
Pine Siskin,10,3,Oct_W3,0.057377,488.0
Pine Siskin,10,4,Oct_W4,0.0320285,562.0
Pine Siskin,11,1,Nov_W1,0.0234987,383.0
Pine Siskin,11,2,Nov_W2,0.0364742,329.0
Pine Siskin,11,3,Nov_W3,0.0512821,273.0
Pine Siskin,11,4,Nov_W4,0.0074074,270.0
Pine Siskin,12,1,Dec_W1,0.0191083,157.0
Pine Siskin,12,2,Dec_W2,0.0421687,166.0
Pine Siskin,12,3,Dec_W3,0.0437956,137.0
Pine Siskin,12,4,Dec_W4,0.0344828,145.0
American Goldfinch,1,1,Jan_W1,0.0324324,185.0
American Goldfinch,1,2,Jan_W2,0.0909091,88.0
American Goldfinch,1,3,Jan_W3,0.1238095,105.0
American Goldfinch,1,4,Jan_W4,0.1214286,140.0
American Goldfinch,2,1,Feb_W1,0.1463415,123.0
American Goldfinch,2,2,Feb_W2,0.1481481,108.0
American Goldfinch,2,3,Feb_W3,0.2118644,118.0
American Goldfinch,2,4,Feb_W4,0.1,70.0
American Goldfinch,3,1,Mar_W1,0.1428571,105.0
American Goldfinch,3,2,Mar_W2,0.0789474,114.0
American Goldfinch,3,3,Mar_W3,0.1126761,142.0
American Goldfinch,3,4,Mar_W4,0.0731707,164.0
American Goldfinch,4,1,Apr_W1,0.0766284,261.0
American Goldfinch,4,2,Apr_W2,0.0961538,364.0
American Goldfinch,4,3,Apr_W3,0.0837209,430.0
American Goldfinch,4,4,Apr_W4,0.121813,706.0
American Goldfinch,5,1,May_W1,0.1612403,645.0
American Goldfinch,5,2,May_W2,0.2390181,774.0
American Goldfinch,5,3,May_W3,0.2901961,765.0
American Goldfinch,5,4,May_W4,0.3051948,1386.0
American Goldfinch,6,1,Jun_W1,0.2409357,855.0
American Goldfinch,6,2,Jun_W2,0.2579787,752.0
American Goldfinch,6,3,Jun_W3,0.296,625.0
American Goldfinch,6,4,Jun_W4,0.2483221,745.0
American Goldfinch,7,1,Jul_W1,0.276259,695.0
American Goldfinch,7,2,Jul_W2,0.2630098,711.0
American Goldfinch,7,3,Jul_W3,0.2776801,569.0
American Goldfinch,7,4,Jul_W4,0.3001133,883.0
American Goldfinch,8,1,Aug_W1,0.306425,607.0
American Goldfinch,8,2,Aug_W2,0.3004695,639.0
American Goldfinch,8,3,Aug_W3,0.2832765,586.0
American Goldfinch,8,4,Aug_W4,0.2591716,845.0
American Goldfinch,9,1,Sep_W1,0.2159091,528.0
American Goldfinch,9,2,Sep_W2,0.1837672,653.0
American Goldfinch,9,3,Sep_W3,0.1473354,638.0
American Goldfinch,9,4,Sep_W4,0.0916335,753.0
American Goldfinch,10,1,Oct_W1,0.0730159,630.0
American Goldfinch,10,2,Oct_W2,0.0536332,578.0
American Goldfinch,10,3,Oct_W3,0.0635246,488.0
American Goldfinch,10,4,Oct_W4,0.1192171,562.0
American Goldfinch,11,1,Nov_W1,0.1357702,383.0
American Goldfinch,11,2,Nov_W2,0.1550152,329.0
American Goldfinch,11,3,Nov_W3,0.1282051,273.0
American Goldfinch,11,4,Nov_W4,0.1148148,270.0
American Goldfinch,12,1,Dec_W1,0.1273885,157.0
American Goldfinch,12,2,Dec_W2,0.1144578,166.0
American Goldfinch,12,3,Dec_W3,0.1386861,137.0
American Goldfinch,12,4,Dec_W4,0.1034483,145.0
Lapland Longspur,1,1,Jan_W1,0.0,185.0
Lapland Longspur,1,2,Jan_W2,0.0,88.0
Lapland Longspur,1,3,Jan_W3,0.0,105.0
Lapland Longspur,1,4,Jan_W4,0.0,140.0
Lapland Longspur,2,1,Feb_W1,0.0,123.0
Lapland Longspur,2,2,Feb_W2,0.0,108.0
Lapland Longspur,2,3,Feb_W3,0.0,118.0
Lapland Longspur,2,4,Feb_W4,0.0,70.0
Lapland Longspur,3,1,Mar_W1,0.0,105.0
Lapland Longspur,3,2,Mar_W2,0.0,114.0
Lapland Longspur,3,3,Mar_W3,0.0,142.0
Lapland Longspur,3,4,Mar_W4,0.0,164.0
Lapland Longspur,4,1,Apr_W1,0.0015,261.0
Lapland Longspur,4,2,Apr_W2,0.0027473,364.0
Lapland Longspur,4,3,Apr_W3,0.0,430.0
Lapland Longspur,4,4,Apr_W4,0.0014164,706.0
Lapland Longspur,5,1,May_W1,0.0,645.0
Lapland Longspur,5,2,May_W2,0.001292,774.0
Lapland Longspur,5,3,May_W3,0.0052288,765.0
Lapland Longspur,5,4,May_W4,0.0,1386.0
Lapland Longspur,6,1,Jun_W1,0.0,855.0
Lapland Longspur,6,2,Jun_W2,0.0,752.0
Lapland Longspur,6,3,Jun_W3,0.0,625.0
Lapland Longspur,6,4,Jun_W4,0.0,745.0
Lapland Longspur,7,1,Jul_W1,0.0,695.0
Lapland Longspur,7,2,Jul_W2,0.0,711.0
Lapland Longspur,7,3,Jul_W3,0.0,569.0
Lapland Longspur,7,4,Jul_W4,0.0,883.0
Lapland Longspur,8,1,Aug_W1,0.0,607.0
Lapland Longspur,8,2,Aug_W2,0.0,639.0
Lapland Longspur,8,3,Aug_W3,0.0,586.0
Lapland Longspur,8,4,Aug_W4,0.0,845.0
Lapland Longspur,9,1,Sep_W1,0.0015,528.0
Lapland Longspur,9,2,Sep_W2,0.007657,653.0
Lapland Longspur,9,3,Sep_W3,0.0219436,638.0
Lapland Longspur,9,4,Sep_W4,0.0305445,753.0
Lapland Longspur,10,1,Oct_W1,0.031746,630.0
Lapland Longspur,10,2,Oct_W2,0.0588235,578.0
Lapland Longspur,10,3,Oct_W3,0.0614754,488.0
Lapland Longspur,10,4,Oct_W4,0.0569395,562.0
Lapland Longspur,11,1,Nov_W1,0.0130548,383.0
Lapland Longspur,11,2,Nov_W2,0.006079,329.0
Lapland Longspur,11,3,Nov_W3,0.0,273.0
Lapland Longspur,11,4,Nov_W4,0.0,270.0
Lapland Longspur,12,1,Dec_W1,0.0,157.0
Lapland Longspur,12,2,Dec_W2,0.0,166.0
Lapland Longspur,12,3,Dec_W3,0.0,137.0
Lapland Longspur,12,4,Dec_W4,0.0,145.0
Chestnut-collared Longspur,1,1,Jan_W1,0.0,185.0
Chestnut-collared Longspur,1,2,Jan_W2,0.0,88.0
Chestnut-collared Longspur,1,3,Jan_W3,0.0,105.0
Chestnut-collared Longspur,1,4,Jan_W4,0.0,140.0
Chestnut-collared Longspur,2,1,Feb_W1,0.0,123.0
Chestnut-collared Longspur,2,2,Feb_W2,0.0,108.0
Chestnut-collared Longspur,2,3,Feb_W3,0.0,118.0
Chestnut-collared Longspur,2,4,Feb_W4,0.0,70.0
Chestnut-collared Longspur,3,1,Mar_W1,0.0,105.0
Chestnut-collared Longspur,3,2,Mar_W2,0.0,114.0
Chestnut-collared Longspur,3,3,Mar_W3,0.0,142.0
Chestnut-collared Longspur,3,4,Mar_W4,0.0,164.0
Chestnut-collared Longspur,4,1,Apr_W1,0.0,261.0
Chestnut-collared Longspur,4,2,Apr_W2,0.0,364.0
Chestnut-collared Longspur,4,3,Apr_W3,0.0,430.0
Chestnut-collared Longspur,4,4,Apr_W4,0.0,706.0
Chestnut-collared Longspur,5,1,May_W1,0.0,645.0
Chestnut-collared Longspur,5,2,May_W2,0.0,774.0
Chestnut-collared Longspur,5,3,May_W3,0.0,765.0
Chestnut-collared Longspur,5,4,May_W4,0.0,1386.0
Chestnut-collared Longspur,6,1,Jun_W1,0.0,855.0
Chestnut-collared Longspur,6,2,Jun_W2,0.0,752.0
Chestnut-collared Longspur,6,3,Jun_W3,0.0,625.0
Chestnut-collared Longspur,6,4,Jun_W4,0.0,745.0
Chestnut-collared Longspur,7,1,Jul_W1,0.0,695.0
Chestnut-collared Longspur,7,2,Jul_W2,0.0,711.0
Chestnut-collared Longspur,7,3,Jul_W3,0.0,569.0
Chestnut-collared Longspur,7,4,Jul_W4,0.0,883.0
Chestnut-collared Longspur,8,1,Aug_W1,0.0,607.0
Chestnut-collared Longspur,8,2,Aug_W2,0.0,639.0
Chestnut-collared Longspur,8,3,Aug_W3,0.0,586.0
Chestnut-collared Longspur,8,4,Aug_W4,0.0,845.0
Chestnut-collared Longspur,9,1,Sep_W1,0.0,528.0
Chestnut-collared Longspur,9,2,Sep_W2,0.0,653.0
Chestnut-collared Longspur,9,3,Sep_W3,0.0,638.0
Chestnut-collared Longspur,9,4,Sep_W4,0.0,753.0
Chestnut-collared Longspur,10,1,Oct_W1,0.0,630.0
Chestnut-collared Longspur,10,2,Oct_W2,0.0015,578.0
Chestnut-collared Longspur,10,3,Oct_W3,0.0,488.0
Chestnut-collared Longspur,10,4,Oct_W4,0.0017794,562.0
Chestnut-collared Longspur,11,1,Nov_W1,0.0,383.0
Chestnut-collared Longspur,11,2,Nov_W2,0.0,329.0
Chestnut-collared Longspur,11,3,Nov_W3,0.0,273.0
Chestnut-collared Longspur,11,4,Nov_W4,0.0,270.0
Chestnut-collared Longspur,12,1,Dec_W1,0.0,157.0
Chestnut-collared Longspur,12,2,Dec_W2,0.0,166.0
Chestnut-collared Longspur,12,3,Dec_W3,0.0,137.0
Chestnut-collared Longspur,12,4,Dec_W4,0.0,145.0
Smith's Longspur,1,1,Jan_W1,0.0,185.0
Smith's Longspur,1,2,Jan_W2,0.0,88.0
Smith's Longspur,1,3,Jan_W3,0.0,105.0
Smith's Longspur,1,4,Jan_W4,0.0,140.0
Smith's Longspur,2,1,Feb_W1,0.0,123.0
Smith's Longspur,2,2,Feb_W2,0.0,108.0
Smith's Longspur,2,3,Feb_W3,0.0,118.0
Smith's Longspur,2,4,Feb_W4,0.0,70.0
Smith's Longspur,3,1,Mar_W1,0.0,105.0
Smith's Longspur,3,2,Mar_W2,0.0,114.0
Smith's Longspur,3,3,Mar_W3,0.0,142.0
Smith's Longspur,3,4,Mar_W4,0.0,164.0
Smith's Longspur,4,1,Apr_W1,0.0,261.0
Smith's Longspur,4,2,Apr_W2,0.0,364.0
Smith's Longspur,4,3,Apr_W3,0.0,430.0
Smith's Longspur,4,4,Apr_W4,0.0,706.0
Smith's Longspur,5,1,May_W1,0.0,645.0
Smith's Longspur,5,2,May_W2,0.0,774.0
Smith's Longspur,5,3,May_W3,0.0,765.0
Smith's Longspur,5,4,May_W4,0.0,1386.0
Smith's Longspur,6,1,Jun_W1,0.0,855.0
Smith's Longspur,6,2,Jun_W2,0.0,752.0
Smith's Longspur,6,3,Jun_W3,0.0,625.0
Smith's Longspur,6,4,Jun_W4,0.0,745.0
Smith's Longspur,7,1,Jul_W1,0.0,695.0
Smith's Longspur,7,2,Jul_W2,0.0,711.0
Smith's Longspur,7,3,Jul_W3,0.0,569.0
Smith's Longspur,7,4,Jul_W4,0.0,883.0
Smith's Longspur,8,1,Aug_W1,0.0,607.0
Smith's Longspur,8,2,Aug_W2,0.0,639.0
Smith's Longspur,8,3,Aug_W3,0.0,586.0
Smith's Longspur,8,4,Aug_W4,0.0,845.0
Smith's Longspur,9,1,Sep_W1,0.0,528.0
Smith's Longspur,9,2,Sep_W2,0.0015,653.0
Smith's Longspur,9,3,Sep_W3,0.0,638.0
Smith's Longspur,9,4,Sep_W4,0.0,753.0
Smith's Longspur,10,1,Oct_W1,0.0,630.0
Smith's Longspur,10,2,Oct_W2,0.0,578.0
Smith's Longspur,10,3,Oct_W3,0.0,488.0
Smith's Longspur,10,4,Oct_W4,0.0,562.0
Smith's Longspur,11,1,Nov_W1,0.0,383.0
Smith's Longspur,11,2,Nov_W2,0.0,329.0
Smith's Longspur,11,3,Nov_W3,0.0,273.0
Smith's Longspur,11,4,Nov_W4,0.0,270.0
Smith's Longspur,12,1,Dec_W1,0.0,157.0
Smith's Longspur,12,2,Dec_W2,0.0,166.0
Smith's Longspur,12,3,Dec_W3,0.0,137.0
Smith's Longspur,12,4,Dec_W4,0.0,145.0
Snow Bunting,1,1,Jan_W1,0.0,185.0
Snow Bunting,1,2,Jan_W2,0.0113636,88.0
Snow Bunting,1,3,Jan_W3,0.0,105.0
Snow Bunting,1,4,Jan_W4,0.0142857,140.0
Snow Bunting,2,1,Feb_W1,0.0081301,123.0
Snow Bunting,2,2,Feb_W2,0.0092593,108.0
Snow Bunting,2,3,Feb_W3,0.0084746,118.0
Snow Bunting,2,4,Feb_W4,0.0,70.0
Snow Bunting,3,1,Mar_W1,0.0,105.0
Snow Bunting,3,2,Mar_W2,0.0175439,114.0
Snow Bunting,3,3,Mar_W3,0.0140845,142.0
Snow Bunting,3,4,Mar_W4,0.0304878,164.0
Snow Bunting,4,1,Apr_W1,0.0229885,261.0
Snow Bunting,4,2,Apr_W2,0.021978,364.0
Snow Bunting,4,3,Apr_W3,0.0139535,430.0
Snow Bunting,4,4,Apr_W4,0.0212465,706.0
Snow Bunting,5,1,May_W1,0.0108527,645.0
Snow Bunting,5,2,May_W2,0.001292,774.0
Snow Bunting,5,3,May_W3,0.0026144,765.0
Snow Bunting,5,4,May_W4,0.0,1386.0
Snow Bunting,6,1,Jun_W1,0.0,855.0
Snow Bunting,6,2,Jun_W2,0.0,752.0
Snow Bunting,6,3,Jun_W3,0.0,625.0
Snow Bunting,6,4,Jun_W4,0.0015,745.0
Snow Bunting,7,1,Jul_W1,0.0,695.0
Snow Bunting,7,2,Jul_W2,0.0,711.0
Snow Bunting,7,3,Jul_W3,0.0,569.0
Snow Bunting,7,4,Jul_W4,0.0,883.0
Snow Bunting,8,1,Aug_W1,0.0,607.0
Snow Bunting,8,2,Aug_W2,0.0,639.0
Snow Bunting,8,3,Aug_W3,0.0,586.0
Snow Bunting,8,4,Aug_W4,0.0,845.0
Snow Bunting,9,1,Sep_W1,0.0,528.0
Snow Bunting,9,2,Sep_W2,0.0,653.0
Snow Bunting,9,3,Sep_W3,0.0,638.0
Snow Bunting,9,4,Sep_W4,0.0,753.0
Snow Bunting,10,1,Oct_W1,0.0015873,630.0
Snow Bunting,10,2,Oct_W2,0.0138408,578.0
Snow Bunting,10,3,Oct_W3,0.1209016,488.0
Snow Bunting,10,4,Oct_W4,0.3007117,562.0
Snow Bunting,11,1,Nov_W1,0.232376,383.0
Snow Bunting,11,2,Nov_W2,0.1519757,329.0
Snow Bunting,11,3,Nov_W3,0.0769231,273.0
Snow Bunting,11,4,Nov_W4,0.0148148,270.0
Snow Bunting,12,1,Dec_W1,0.0063694,157.0
Snow Bunting,12,2,Dec_W2,0.0015,166.0
Snow Bunting,12,3,Dec_W3,0.0145985,137.0
Snow Bunting,12,4,Dec_W4,0.0068966,145.0
Grasshopper Sparrow,1,1,Jan_W1,0.0,185.0
Grasshopper Sparrow,1,2,Jan_W2,0.0,88.0
Grasshopper Sparrow,1,3,Jan_W3,0.0,105.0
Grasshopper Sparrow,1,4,Jan_W4,0.0,140.0
Grasshopper Sparrow,2,1,Feb_W1,0.0,123.0
Grasshopper Sparrow,2,2,Feb_W2,0.0,108.0
Grasshopper Sparrow,2,3,Feb_W3,0.0,118.0
Grasshopper Sparrow,2,4,Feb_W4,0.0,70.0
Grasshopper Sparrow,3,1,Mar_W1,0.0,105.0
Grasshopper Sparrow,3,2,Mar_W2,0.0,114.0
Grasshopper Sparrow,3,3,Mar_W3,0.0,142.0
Grasshopper Sparrow,3,4,Mar_W4,0.0,164.0
Grasshopper Sparrow,4,1,Apr_W1,0.0,261.0
Grasshopper Sparrow,4,2,Apr_W2,0.0,364.0
Grasshopper Sparrow,4,3,Apr_W3,0.0,430.0
Grasshopper Sparrow,4,4,Apr_W4,0.0,706.0
Grasshopper Sparrow,5,1,May_W1,0.0,645.0
Grasshopper Sparrow,5,2,May_W2,0.003876,774.0
Grasshopper Sparrow,5,3,May_W3,0.0039216,765.0
Grasshopper Sparrow,5,4,May_W4,0.0122655,1386.0
Grasshopper Sparrow,6,1,Jun_W1,0.0187135,855.0
Grasshopper Sparrow,6,2,Jun_W2,0.0199468,752.0
Grasshopper Sparrow,6,3,Jun_W3,0.024,625.0
Grasshopper Sparrow,6,4,Jun_W4,0.0228188,745.0
Grasshopper Sparrow,7,1,Jul_W1,0.0158273,695.0
Grasshopper Sparrow,7,2,Jul_W2,0.0028129,711.0
Grasshopper Sparrow,7,3,Jul_W3,0.0158172,569.0
Grasshopper Sparrow,7,4,Jul_W4,0.002265,883.0
Grasshopper Sparrow,8,1,Aug_W1,0.0,607.0
Grasshopper Sparrow,8,2,Aug_W2,0.0,639.0
Grasshopper Sparrow,8,3,Aug_W3,0.0017065,586.0
Grasshopper Sparrow,8,4,Aug_W4,0.0015,845.0
Grasshopper Sparrow,9,1,Sep_W1,0.0,528.0
Grasshopper Sparrow,9,2,Sep_W2,0.0,653.0
Grasshopper Sparrow,9,3,Sep_W3,0.0,638.0
Grasshopper Sparrow,9,4,Sep_W4,0.0,753.0
Grasshopper Sparrow,10,1,Oct_W1,0.0,630.0
Grasshopper Sparrow,10,2,Oct_W2,0.0,578.0
Grasshopper Sparrow,10,3,Oct_W3,0.0,488.0
Grasshopper Sparrow,10,4,Oct_W4,0.0,562.0
Grasshopper Sparrow,11,1,Nov_W1,0.0,383.0
Grasshopper Sparrow,11,2,Nov_W2,0.0,329.0
Grasshopper Sparrow,11,3,Nov_W3,0.0,273.0
Grasshopper Sparrow,11,4,Nov_W4,0.0,270.0
Grasshopper Sparrow,12,1,Dec_W1,0.0,157.0
Grasshopper Sparrow,12,2,Dec_W2,0.0,166.0
Grasshopper Sparrow,12,3,Dec_W3,0.0,137.0
Grasshopper Sparrow,12,4,Dec_W4,0.0,145.0
Chipping Sparrow,1,1,Jan_W1,0.0,185.0
Chipping Sparrow,1,2,Jan_W2,0.0,88.0
Chipping Sparrow,1,3,Jan_W3,0.0,105.0
Chipping Sparrow,1,4,Jan_W4,0.0,140.0
Chipping Sparrow,2,1,Feb_W1,0.0,123.0
Chipping Sparrow,2,2,Feb_W2,0.0,108.0
Chipping Sparrow,2,3,Feb_W3,0.0,118.0
Chipping Sparrow,2,4,Feb_W4,0.0,70.0
Chipping Sparrow,3,1,Mar_W1,0.0,105.0
Chipping Sparrow,3,2,Mar_W2,0.0,114.0
Chipping Sparrow,3,3,Mar_W3,0.0,142.0
Chipping Sparrow,3,4,Mar_W4,0.0,164.0
Chipping Sparrow,4,1,Apr_W1,0.0,261.0
Chipping Sparrow,4,2,Apr_W2,0.0027473,364.0
Chipping Sparrow,4,3,Apr_W3,0.0186047,430.0
Chipping Sparrow,4,4,Apr_W4,0.0623229,706.0
Chipping Sparrow,5,1,May_W1,0.124031,645.0
Chipping Sparrow,5,2,May_W2,0.1912145,774.0
Chipping Sparrow,5,3,May_W3,0.2143791,765.0
Chipping Sparrow,5,4,May_W4,0.2409812,1386.0
Chipping Sparrow,6,1,Jun_W1,0.1988304,855.0
Chipping Sparrow,6,2,Jun_W2,0.206117,752.0
Chipping Sparrow,6,3,Jun_W3,0.2048,625.0
Chipping Sparrow,6,4,Jun_W4,0.1932886,745.0
Chipping Sparrow,7,1,Jul_W1,0.1640288,695.0
Chipping Sparrow,7,2,Jul_W2,0.1561181,711.0
Chipping Sparrow,7,3,Jul_W3,0.1757469,569.0
Chipping Sparrow,7,4,Jul_W4,0.0951302,883.0
Chipping Sparrow,8,1,Aug_W1,0.1021417,607.0
Chipping Sparrow,8,2,Aug_W2,0.0923318,639.0
Chipping Sparrow,8,3,Aug_W3,0.0648464,586.0
Chipping Sparrow,8,4,Aug_W4,0.0745562,845.0
Chipping Sparrow,9,1,Sep_W1,0.0549242,528.0
Chipping Sparrow,9,2,Sep_W2,0.0719755,653.0
Chipping Sparrow,9,3,Sep_W3,0.0423197,638.0
Chipping Sparrow,9,4,Sep_W4,0.0504648,753.0
Chipping Sparrow,10,1,Oct_W1,0.0333333,630.0
Chipping Sparrow,10,2,Oct_W2,0.0121107,578.0
Chipping Sparrow,10,3,Oct_W3,0.0061475,488.0
Chipping Sparrow,10,4,Oct_W4,0.0,562.0
Chipping Sparrow,11,1,Nov_W1,0.0,383.0
Chipping Sparrow,11,2,Nov_W2,0.0030395,329.0
Chipping Sparrow,11,3,Nov_W3,0.003663,273.0
Chipping Sparrow,11,4,Nov_W4,0.0,270.0
Chipping Sparrow,12,1,Dec_W1,0.0,157.0
Chipping Sparrow,12,2,Dec_W2,0.0,166.0
Chipping Sparrow,12,3,Dec_W3,0.0,137.0
Chipping Sparrow,12,4,Dec_W4,0.0,145.0
Clay-colored Sparrow,1,1,Jan_W1,0.0,185.0
Clay-colored Sparrow,1,2,Jan_W2,0.0,88.0
Clay-colored Sparrow,1,3,Jan_W3,0.0,105.0
Clay-colored Sparrow,1,4,Jan_W4,0.0,140.0
Clay-colored Sparrow,2,1,Feb_W1,0.0,123.0
Clay-colored Sparrow,2,2,Feb_W2,0.0,108.0
Clay-colored Sparrow,2,3,Feb_W3,0.0,118.0
Clay-colored Sparrow,2,4,Feb_W4,0.0,70.0
Clay-colored Sparrow,3,1,Mar_W1,0.0,105.0
Clay-colored Sparrow,3,2,Mar_W2,0.0,114.0
Clay-colored Sparrow,3,3,Mar_W3,0.0,142.0
Clay-colored Sparrow,3,4,Mar_W4,0.0,164.0
Clay-colored Sparrow,4,1,Apr_W1,0.0,261.0
Clay-colored Sparrow,4,2,Apr_W2,0.0,364.0
Clay-colored Sparrow,4,3,Apr_W3,0.0,430.0
Clay-colored Sparrow,4,4,Apr_W4,0.0014164,706.0
Clay-colored Sparrow,5,1,May_W1,0.0155039,645.0
Clay-colored Sparrow,5,2,May_W2,0.0413437,774.0
Clay-colored Sparrow,5,3,May_W3,0.0457516,765.0
Clay-colored Sparrow,5,4,May_W4,0.04329,1386.0
Clay-colored Sparrow,6,1,Jun_W1,0.0479532,855.0
Clay-colored Sparrow,6,2,Jun_W2,0.0731383,752.0
Clay-colored Sparrow,6,3,Jun_W3,0.0512,625.0
Clay-colored Sparrow,6,4,Jun_W4,0.0416107,745.0
Clay-colored Sparrow,7,1,Jul_W1,0.0460432,695.0
Clay-colored Sparrow,7,2,Jul_W2,0.0309423,711.0
Clay-colored Sparrow,7,3,Jul_W3,0.056239,569.0
Clay-colored Sparrow,7,4,Jul_W4,0.0294451,883.0
Clay-colored Sparrow,8,1,Aug_W1,0.014827,607.0
Clay-colored Sparrow,8,2,Aug_W2,0.0172144,639.0
Clay-colored Sparrow,8,3,Aug_W3,0.0221843,586.0
Clay-colored Sparrow,8,4,Aug_W4,0.0236686,845.0
Clay-colored Sparrow,9,1,Sep_W1,0.0113636,528.0
Clay-colored Sparrow,9,2,Sep_W2,0.0091884,653.0
Clay-colored Sparrow,9,3,Sep_W3,0.007837,638.0
Clay-colored Sparrow,9,4,Sep_W4,0.0146082,753.0
Clay-colored Sparrow,10,1,Oct_W1,0.0126984,630.0
Clay-colored Sparrow,10,2,Oct_W2,0.0,578.0
Clay-colored Sparrow,10,3,Oct_W3,0.0,488.0
Clay-colored Sparrow,10,4,Oct_W4,0.0,562.0
Clay-colored Sparrow,11,1,Nov_W1,0.0,383.0
Clay-colored Sparrow,11,2,Nov_W2,0.0030395,329.0
Clay-colored Sparrow,11,3,Nov_W3,0.0,273.0
Clay-colored Sparrow,11,4,Nov_W4,0.0,270.0
Clay-colored Sparrow,12,1,Dec_W1,0.0,157.0
Clay-colored Sparrow,12,2,Dec_W2,0.0,166.0
Clay-colored Sparrow,12,3,Dec_W3,0.0,137.0
Clay-colored Sparrow,12,4,Dec_W4,0.0,145.0
Field Sparrow,1,1,Jan_W1,0.0,185.0
Field Sparrow,1,2,Jan_W2,0.0,88.0
Field Sparrow,1,3,Jan_W3,0.0,105.0
Field Sparrow,1,4,Jan_W4,0.0,140.0
Field Sparrow,2,1,Feb_W1,0.0,123.0
Field Sparrow,2,2,Feb_W2,0.0,108.0
Field Sparrow,2,3,Feb_W3,0.0,118.0
Field Sparrow,2,4,Feb_W4,0.0,70.0
Field Sparrow,3,1,Mar_W1,0.0,105.0
Field Sparrow,3,2,Mar_W2,0.0,114.0
Field Sparrow,3,3,Mar_W3,0.0,142.0
Field Sparrow,3,4,Mar_W4,0.0,164.0
Field Sparrow,4,1,Apr_W1,0.0,261.0
Field Sparrow,4,2,Apr_W2,0.0,364.0
Field Sparrow,4,3,Apr_W3,0.0,430.0
Field Sparrow,4,4,Apr_W4,0.0,706.0
Field Sparrow,5,1,May_W1,0.0015504,645.0
Field Sparrow,5,2,May_W2,0.0,774.0
Field Sparrow,5,3,May_W3,0.0039216,765.0
Field Sparrow,5,4,May_W4,0.0050505,1386.0
Field Sparrow,6,1,Jun_W1,0.005848,855.0
Field Sparrow,6,2,Jun_W2,0.0053191,752.0
Field Sparrow,6,3,Jun_W3,0.0176,625.0
Field Sparrow,6,4,Jun_W4,0.0053691,745.0
Field Sparrow,7,1,Jul_W1,0.0043165,695.0
Field Sparrow,7,2,Jul_W2,0.0028129,711.0
Field Sparrow,7,3,Jul_W3,0.0052724,569.0
Field Sparrow,7,4,Jul_W4,0.0033975,883.0
Field Sparrow,8,1,Aug_W1,0.0032949,607.0
Field Sparrow,8,2,Aug_W2,0.0,639.0
Field Sparrow,8,3,Aug_W3,0.0,586.0
Field Sparrow,8,4,Aug_W4,0.0011834,845.0
Field Sparrow,9,1,Sep_W1,0.0018939,528.0
Field Sparrow,9,2,Sep_W2,0.0,653.0
Field Sparrow,9,3,Sep_W3,0.0062696,638.0
Field Sparrow,9,4,Sep_W4,0.001328,753.0
Field Sparrow,10,1,Oct_W1,0.0,630.0
Field Sparrow,10,2,Oct_W2,0.0,578.0
Field Sparrow,10,3,Oct_W3,0.0,488.0
Field Sparrow,10,4,Oct_W4,0.0,562.0
Field Sparrow,11,1,Nov_W1,0.0,383.0
Field Sparrow,11,2,Nov_W2,0.0,329.0
Field Sparrow,11,3,Nov_W3,0.0,273.0
Field Sparrow,11,4,Nov_W4,0.0,270.0
Field Sparrow,12,1,Dec_W1,0.0,157.0
Field Sparrow,12,2,Dec_W2,0.0,166.0
Field Sparrow,12,3,Dec_W3,0.0,137.0
Field Sparrow,12,4,Dec_W4,0.0,145.0
Lark Sparrow,1,1,Jan_W1,0.0,185.0
Lark Sparrow,1,2,Jan_W2,0.0,88.0
Lark Sparrow,1,3,Jan_W3,0.0,105.0
Lark Sparrow,1,4,Jan_W4,0.0,140.0
Lark Sparrow,2,1,Feb_W1,0.0,123.0
Lark Sparrow,2,2,Feb_W2,0.0,108.0
Lark Sparrow,2,3,Feb_W3,0.0,118.0
Lark Sparrow,2,4,Feb_W4,0.0,70.0
Lark Sparrow,3,1,Mar_W1,0.0,105.0
Lark Sparrow,3,2,Mar_W2,0.0,114.0
Lark Sparrow,3,3,Mar_W3,0.0,142.0
Lark Sparrow,3,4,Mar_W4,0.0,164.0
Lark Sparrow,4,1,Apr_W1,0.0,261.0
Lark Sparrow,4,2,Apr_W2,0.0,364.0
Lark Sparrow,4,3,Apr_W3,0.0,430.0
Lark Sparrow,4,4,Apr_W4,0.0,706.0
Lark Sparrow,5,1,May_W1,0.0015,645.0
Lark Sparrow,5,2,May_W2,0.0,774.0
Lark Sparrow,5,3,May_W3,0.0,765.0
Lark Sparrow,5,4,May_W4,0.0007215,1386.0
Lark Sparrow,6,1,Jun_W1,0.0,855.0
Lark Sparrow,6,2,Jun_W2,0.0,752.0
Lark Sparrow,6,3,Jun_W3,0.0,625.0
Lark Sparrow,6,4,Jun_W4,0.0,745.0
Lark Sparrow,7,1,Jul_W1,0.0,695.0
Lark Sparrow,7,2,Jul_W2,0.0,711.0
Lark Sparrow,7,3,Jul_W3,0.0,569.0
Lark Sparrow,7,4,Jul_W4,0.0,883.0
Lark Sparrow,8,1,Aug_W1,0.0,607.0
Lark Sparrow,8,2,Aug_W2,0.0,639.0
Lark Sparrow,8,3,Aug_W3,0.0,586.0
Lark Sparrow,8,4,Aug_W4,0.0,845.0
Lark Sparrow,9,1,Sep_W1,0.0,528.0
Lark Sparrow,9,2,Sep_W2,0.0015314,653.0
Lark Sparrow,9,3,Sep_W3,0.0,638.0
Lark Sparrow,9,4,Sep_W4,0.0,753.0
Lark Sparrow,10,1,Oct_W1,0.0,630.0
Lark Sparrow,10,2,Oct_W2,0.0,578.0
Lark Sparrow,10,3,Oct_W3,0.0,488.0
Lark Sparrow,10,4,Oct_W4,0.0,562.0
Lark Sparrow,11,1,Nov_W1,0.0,383.0
Lark Sparrow,11,2,Nov_W2,0.0,329.0
Lark Sparrow,11,3,Nov_W3,0.0,273.0
Lark Sparrow,11,4,Nov_W4,0.0,270.0
Lark Sparrow,12,1,Dec_W1,0.0,157.0
Lark Sparrow,12,2,Dec_W2,0.0,166.0
Lark Sparrow,12,3,Dec_W3,0.0,137.0
Lark Sparrow,12,4,Dec_W4,0.0,145.0
Lark Bunting,1,1,Jan_W1,0.0,185.0
Lark Bunting,1,2,Jan_W2,0.0,88.0
Lark Bunting,1,3,Jan_W3,0.0,105.0
Lark Bunting,1,4,Jan_W4,0.0,140.0
Lark Bunting,2,1,Feb_W1,0.0,123.0
Lark Bunting,2,2,Feb_W2,0.0,108.0
Lark Bunting,2,3,Feb_W3,0.0,118.0
Lark Bunting,2,4,Feb_W4,0.0,70.0
Lark Bunting,3,1,Mar_W1,0.0,105.0
Lark Bunting,3,2,Mar_W2,0.0,114.0
Lark Bunting,3,3,Mar_W3,0.0,142.0
Lark Bunting,3,4,Mar_W4,0.0,164.0
Lark Bunting,4,1,Apr_W1,0.0,261.0
Lark Bunting,4,2,Apr_W2,0.0,364.0
Lark Bunting,4,3,Apr_W3,0.0,430.0
Lark Bunting,4,4,Apr_W4,0.0,706.0
Lark Bunting,5,1,May_W1,0.0,645.0
Lark Bunting,5,2,May_W2,0.0,774.0
Lark Bunting,5,3,May_W3,0.0026144,765.0
Lark Bunting,5,4,May_W4,0.0,1386.0
Lark Bunting,6,1,Jun_W1,0.0,855.0
Lark Bunting,6,2,Jun_W2,0.0,752.0
Lark Bunting,6,3,Jun_W3,0.0,625.0
Lark Bunting,6,4,Jun_W4,0.0,745.0
Lark Bunting,7,1,Jul_W1,0.0,695.0
Lark Bunting,7,2,Jul_W2,0.0,711.0
Lark Bunting,7,3,Jul_W3,0.0,569.0
Lark Bunting,7,4,Jul_W4,0.0,883.0
Lark Bunting,8,1,Aug_W1,0.0,607.0
Lark Bunting,8,2,Aug_W2,0.0,639.0
Lark Bunting,8,3,Aug_W3,0.0,586.0
Lark Bunting,8,4,Aug_W4,0.0,845.0
Lark Bunting,9,1,Sep_W1,0.0,528.0
Lark Bunting,9,2,Sep_W2,0.0,653.0
Lark Bunting,9,3,Sep_W3,0.0,638.0
Lark Bunting,9,4,Sep_W4,0.0,753.0
Lark Bunting,10,1,Oct_W1,0.0,630.0
Lark Bunting,10,2,Oct_W2,0.0,578.0
Lark Bunting,10,3,Oct_W3,0.0,488.0
Lark Bunting,10,4,Oct_W4,0.0,562.0
Lark Bunting,11,1,Nov_W1,0.0,383.0
Lark Bunting,11,2,Nov_W2,0.0,329.0
Lark Bunting,11,3,Nov_W3,0.0,273.0
Lark Bunting,11,4,Nov_W4,0.0,270.0
Lark Bunting,12,1,Dec_W1,0.0,157.0
Lark Bunting,12,2,Dec_W2,0.0,166.0
Lark Bunting,12,3,Dec_W3,0.0,137.0
Lark Bunting,12,4,Dec_W4,0.0,145.0
American Tree Sparrow,1,1,Jan_W1,0.0054054,185.0
American Tree Sparrow,1,2,Jan_W2,0.0,88.0
American Tree Sparrow,1,3,Jan_W3,0.0095238,105.0
American Tree Sparrow,1,4,Jan_W4,0.0142857,140.0
American Tree Sparrow,2,1,Feb_W1,0.0,123.0
American Tree Sparrow,2,2,Feb_W2,0.0,108.0
American Tree Sparrow,2,3,Feb_W3,0.0254237,118.0
American Tree Sparrow,2,4,Feb_W4,0.0,70.0
American Tree Sparrow,3,1,Mar_W1,0.0,105.0
American Tree Sparrow,3,2,Mar_W2,0.0263158,114.0
American Tree Sparrow,3,3,Mar_W3,0.0422535,142.0
American Tree Sparrow,3,4,Mar_W4,0.0426829,164.0
American Tree Sparrow,4,1,Apr_W1,0.0574713,261.0
American Tree Sparrow,4,2,Apr_W2,0.1126374,364.0
American Tree Sparrow,4,3,Apr_W3,0.1209302,430.0
American Tree Sparrow,4,4,Apr_W4,0.121813,706.0
American Tree Sparrow,5,1,May_W1,0.0573643,645.0
American Tree Sparrow,5,2,May_W2,0.0271318,774.0
American Tree Sparrow,5,3,May_W3,0.0,765.0
American Tree Sparrow,5,4,May_W4,0.0,1386.0
American Tree Sparrow,6,1,Jun_W1,0.0,855.0
American Tree Sparrow,6,2,Jun_W2,0.0,752.0
American Tree Sparrow,6,3,Jun_W3,0.0,625.0
American Tree Sparrow,6,4,Jun_W4,0.0,745.0
American Tree Sparrow,7,1,Jul_W1,0.0,695.0
American Tree Sparrow,7,2,Jul_W2,0.0,711.0
American Tree Sparrow,7,3,Jul_W3,0.0,569.0
American Tree Sparrow,7,4,Jul_W4,0.0,883.0
American Tree Sparrow,8,1,Aug_W1,0.0,607.0
American Tree Sparrow,8,2,Aug_W2,0.0,639.0
American Tree Sparrow,8,3,Aug_W3,0.0,586.0
American Tree Sparrow,8,4,Aug_W4,0.0,845.0
American Tree Sparrow,9,1,Sep_W1,0.0,528.0
American Tree Sparrow,9,2,Sep_W2,0.0,653.0
American Tree Sparrow,9,3,Sep_W3,0.0015674,638.0
American Tree Sparrow,9,4,Sep_W4,0.001328,753.0
American Tree Sparrow,10,1,Oct_W1,0.0190476,630.0
American Tree Sparrow,10,2,Oct_W2,0.150519,578.0
American Tree Sparrow,10,3,Oct_W3,0.1946721,488.0
American Tree Sparrow,10,4,Oct_W4,0.1939502,562.0
American Tree Sparrow,11,1,Nov_W1,0.0626632,383.0
American Tree Sparrow,11,2,Nov_W2,0.0395137,329.0
American Tree Sparrow,11,3,Nov_W3,0.007326,273.0
American Tree Sparrow,11,4,Nov_W4,0.0037037,270.0
American Tree Sparrow,12,1,Dec_W1,0.0063694,157.0
American Tree Sparrow,12,2,Dec_W2,0.0,166.0
American Tree Sparrow,12,3,Dec_W3,0.0072993,137.0
American Tree Sparrow,12,4,Dec_W4,0.0015,145.0
Fox Sparrow,1,1,Jan_W1,0.0,185.0
Fox Sparrow,1,2,Jan_W2,0.0,88.0
Fox Sparrow,1,3,Jan_W3,0.0,105.0
Fox Sparrow,1,4,Jan_W4,0.0,140.0
Fox Sparrow,2,1,Feb_W1,0.0,123.0
Fox Sparrow,2,2,Feb_W2,0.0,108.0
Fox Sparrow,2,3,Feb_W3,0.0,118.0
Fox Sparrow,2,4,Feb_W4,0.0,70.0
Fox Sparrow,3,1,Mar_W1,0.0,105.0
Fox Sparrow,3,2,Mar_W2,0.0,114.0
Fox Sparrow,3,3,Mar_W3,0.0,142.0
Fox Sparrow,3,4,Mar_W4,0.0,164.0
Fox Sparrow,4,1,Apr_W1,0.0153257,261.0
Fox Sparrow,4,2,Apr_W2,0.0247253,364.0
Fox Sparrow,4,3,Apr_W3,0.0488372,430.0
Fox Sparrow,4,4,Apr_W4,0.0339943,706.0
Fox Sparrow,5,1,May_W1,0.0015,645.0
Fox Sparrow,5,2,May_W2,0.002584,774.0
Fox Sparrow,5,3,May_W3,0.0,765.0
Fox Sparrow,5,4,May_W4,0.0,1386.0
Fox Sparrow,6,1,Jun_W1,0.0,855.0
Fox Sparrow,6,2,Jun_W2,0.0,752.0
Fox Sparrow,6,3,Jun_W3,0.0,625.0
Fox Sparrow,6,4,Jun_W4,0.0,745.0
Fox Sparrow,7,1,Jul_W1,0.0,695.0
Fox Sparrow,7,2,Jul_W2,0.0,711.0
Fox Sparrow,7,3,Jul_W3,0.0,569.0
Fox Sparrow,7,4,Jul_W4,0.0,883.0
Fox Sparrow,8,1,Aug_W1,0.0,607.0
Fox Sparrow,8,2,Aug_W2,0.0,639.0
Fox Sparrow,8,3,Aug_W3,0.0,586.0
Fox Sparrow,8,4,Aug_W4,0.0,845.0
Fox Sparrow,9,1,Sep_W1,0.0018939,528.0
Fox Sparrow,9,2,Sep_W2,0.0,653.0
Fox Sparrow,9,3,Sep_W3,0.0015674,638.0
Fox Sparrow,9,4,Sep_W4,0.0106242,753.0
Fox Sparrow,10,1,Oct_W1,0.0031746,630.0
Fox Sparrow,10,2,Oct_W2,0.0224913,578.0
Fox Sparrow,10,3,Oct_W3,0.022541,488.0
Fox Sparrow,10,4,Oct_W4,0.0106762,562.0
Fox Sparrow,11,1,Nov_W1,0.0,383.0
Fox Sparrow,11,2,Nov_W2,0.0030395,329.0
Fox Sparrow,11,3,Nov_W3,0.003663,273.0
Fox Sparrow,11,4,Nov_W4,0.0,270.0
Fox Sparrow,12,1,Dec_W1,0.0,157.0
Fox Sparrow,12,2,Dec_W2,0.0,166.0
Fox Sparrow,12,3,Dec_W3,0.0,137.0
Fox Sparrow,12,4,Dec_W4,0.0,145.0
Dark-eyed Junco,1,1,Jan_W1,0.0216216,185.0
Dark-eyed Junco,1,2,Jan_W2,0.0113636,88.0
Dark-eyed Junco,1,3,Jan_W3,0.0380952,105.0
Dark-eyed Junco,1,4,Jan_W4,0.0428571,140.0
Dark-eyed Junco,2,1,Feb_W1,0.0325203,123.0
Dark-eyed Junco,2,2,Feb_W2,0.0277778,108.0
Dark-eyed Junco,2,3,Feb_W3,0.1016949,118.0
Dark-eyed Junco,2,4,Feb_W4,0.0,70.0
Dark-eyed Junco,3,1,Mar_W1,0.0,105.0
Dark-eyed Junco,3,2,Mar_W2,0.0175439,114.0
Dark-eyed Junco,3,3,Mar_W3,0.0492958,142.0
Dark-eyed Junco,3,4,Mar_W4,0.054878,164.0
Dark-eyed Junco,4,1,Apr_W1,0.1072797,261.0
Dark-eyed Junco,4,2,Apr_W2,0.228022,364.0
Dark-eyed Junco,4,3,Apr_W3,0.2488372,430.0
Dark-eyed Junco,4,4,Apr_W4,0.1671388,706.0
Dark-eyed Junco,5,1,May_W1,0.1085271,645.0
Dark-eyed Junco,5,2,May_W2,0.0568475,774.0
Dark-eyed Junco,5,3,May_W3,0.0117647,765.0
Dark-eyed Junco,5,4,May_W4,0.0137085,1386.0
Dark-eyed Junco,6,1,Jun_W1,0.0163743,855.0
Dark-eyed Junco,6,2,Jun_W2,0.0265957,752.0
Dark-eyed Junco,6,3,Jun_W3,0.0304,625.0
Dark-eyed Junco,6,4,Jun_W4,0.009396,745.0
Dark-eyed Junco,7,1,Jul_W1,0.0143885,695.0
Dark-eyed Junco,7,2,Jul_W2,0.02391,711.0
Dark-eyed Junco,7,3,Jul_W3,0.0193322,569.0
Dark-eyed Junco,7,4,Jul_W4,0.0124575,883.0
Dark-eyed Junco,8,1,Aug_W1,0.0065898,607.0
Dark-eyed Junco,8,2,Aug_W2,0.0172144,639.0
Dark-eyed Junco,8,3,Aug_W3,0.0102389,586.0
Dark-eyed Junco,8,4,Aug_W4,0.008284,845.0
Dark-eyed Junco,9,1,Sep_W1,0.0056818,528.0
Dark-eyed Junco,9,2,Sep_W2,0.0352221,653.0
Dark-eyed Junco,9,3,Sep_W3,0.0783699,638.0
Dark-eyed Junco,9,4,Sep_W4,0.1208499,753.0
Dark-eyed Junco,10,1,Oct_W1,0.1619048,630.0
Dark-eyed Junco,10,2,Oct_W2,0.2629758,578.0
Dark-eyed Junco,10,3,Oct_W3,0.2336066,488.0
Dark-eyed Junco,10,4,Oct_W4,0.1779359,562.0
Dark-eyed Junco,11,1,Nov_W1,0.1018277,383.0
Dark-eyed Junco,11,2,Nov_W2,0.1155015,329.0
Dark-eyed Junco,11,3,Nov_W3,0.0622711,273.0
Dark-eyed Junco,11,4,Nov_W4,0.0222222,270.0
Dark-eyed Junco,12,1,Dec_W1,0.0191083,157.0
Dark-eyed Junco,12,2,Dec_W2,0.0180723,166.0
Dark-eyed Junco,12,3,Dec_W3,0.0364964,137.0
Dark-eyed Junco,12,4,Dec_W4,0.0068966,145.0
White-crowned Sparrow,1,1,Jan_W1,0.0,185.0
White-crowned Sparrow,1,2,Jan_W2,0.0,88.0
White-crowned Sparrow,1,3,Jan_W3,0.0,105.0
White-crowned Sparrow,1,4,Jan_W4,0.0,140.0
White-crowned Sparrow,2,1,Feb_W1,0.0,123.0
White-crowned Sparrow,2,2,Feb_W2,0.0,108.0
White-crowned Sparrow,2,3,Feb_W3,0.0,118.0
White-crowned Sparrow,2,4,Feb_W4,0.0,70.0
White-crowned Sparrow,3,1,Mar_W1,0.0,105.0
White-crowned Sparrow,3,2,Mar_W2,0.0,114.0
White-crowned Sparrow,3,3,Mar_W3,0.0,142.0
White-crowned Sparrow,3,4,Mar_W4,0.0,164.0
White-crowned Sparrow,4,1,Apr_W1,0.0,261.0
White-crowned Sparrow,4,2,Apr_W2,0.0,364.0
White-crowned Sparrow,4,3,Apr_W3,0.0,430.0
White-crowned Sparrow,4,4,Apr_W4,0.0056657,706.0
White-crowned Sparrow,5,1,May_W1,0.0511628,645.0
White-crowned Sparrow,5,2,May_W2,0.127907,774.0
White-crowned Sparrow,5,3,May_W3,0.1098039,765.0
White-crowned Sparrow,5,4,May_W4,0.040404,1386.0
White-crowned Sparrow,6,1,Jun_W1,0.0,855.0
White-crowned Sparrow,6,2,Jun_W2,0.0,752.0
White-crowned Sparrow,6,3,Jun_W3,0.0,625.0
White-crowned Sparrow,6,4,Jun_W4,0.0,745.0
White-crowned Sparrow,7,1,Jul_W1,0.0,695.0
White-crowned Sparrow,7,2,Jul_W2,0.0,711.0
White-crowned Sparrow,7,3,Jul_W3,0.0,569.0
White-crowned Sparrow,7,4,Jul_W4,0.0,883.0
White-crowned Sparrow,8,1,Aug_W1,0.0,607.0
White-crowned Sparrow,8,2,Aug_W2,0.0015,639.0
White-crowned Sparrow,8,3,Aug_W3,0.0,586.0
White-crowned Sparrow,8,4,Aug_W4,0.0023669,845.0
White-crowned Sparrow,9,1,Sep_W1,0.0056818,528.0
White-crowned Sparrow,9,2,Sep_W2,0.0045942,653.0
White-crowned Sparrow,9,3,Sep_W3,0.0532915,638.0
White-crowned Sparrow,9,4,Sep_W4,0.1367862,753.0
White-crowned Sparrow,10,1,Oct_W1,0.1857143,630.0
White-crowned Sparrow,10,2,Oct_W2,0.1453287,578.0
White-crowned Sparrow,10,3,Oct_W3,0.0983607,488.0
White-crowned Sparrow,10,4,Oct_W4,0.0266904,562.0
White-crowned Sparrow,11,1,Nov_W1,0.0052219,383.0
White-crowned Sparrow,11,2,Nov_W2,0.0030395,329.0
White-crowned Sparrow,11,3,Nov_W3,0.003663,273.0
White-crowned Sparrow,11,4,Nov_W4,0.0037037,270.0
White-crowned Sparrow,12,1,Dec_W1,0.0,157.0
White-crowned Sparrow,12,2,Dec_W2,0.0,166.0
White-crowned Sparrow,12,3,Dec_W3,0.0,137.0
White-crowned Sparrow,12,4,Dec_W4,0.0,145.0
Harris's Sparrow,1,1,Jan_W1,0.0,185.0
Harris's Sparrow,1,2,Jan_W2,0.0,88.0
Harris's Sparrow,1,3,Jan_W3,0.0,105.0
Harris's Sparrow,1,4,Jan_W4,0.0,140.0
Harris's Sparrow,2,1,Feb_W1,0.0,123.0
Harris's Sparrow,2,2,Feb_W2,0.0,108.0
Harris's Sparrow,2,3,Feb_W3,0.0,118.0
Harris's Sparrow,2,4,Feb_W4,0.0,70.0
Harris's Sparrow,3,1,Mar_W1,0.0,105.0
Harris's Sparrow,3,2,Mar_W2,0.0,114.0
Harris's Sparrow,3,3,Mar_W3,0.0,142.0
Harris's Sparrow,3,4,Mar_W4,0.0,164.0
Harris's Sparrow,4,1,Apr_W1,0.0,261.0
Harris's Sparrow,4,2,Apr_W2,0.0,364.0
Harris's Sparrow,4,3,Apr_W3,0.0,430.0
Harris's Sparrow,4,4,Apr_W4,0.0,706.0
Harris's Sparrow,5,1,May_W1,0.0,645.0
Harris's Sparrow,5,2,May_W2,0.0,774.0
Harris's Sparrow,5,3,May_W3,0.0015,765.0
Harris's Sparrow,5,4,May_W4,0.0,1386.0
Harris's Sparrow,6,1,Jun_W1,0.0,855.0
Harris's Sparrow,6,2,Jun_W2,0.0,752.0
Harris's Sparrow,6,3,Jun_W3,0.0,625.0
Harris's Sparrow,6,4,Jun_W4,0.0,745.0
Harris's Sparrow,7,1,Jul_W1,0.0,695.0
Harris's Sparrow,7,2,Jul_W2,0.0,711.0
Harris's Sparrow,7,3,Jul_W3,0.0,569.0
Harris's Sparrow,7,4,Jul_W4,0.0,883.0
Harris's Sparrow,8,1,Aug_W1,0.0,607.0
Harris's Sparrow,8,2,Aug_W2,0.0,639.0
Harris's Sparrow,8,3,Aug_W3,0.0,586.0
Harris's Sparrow,8,4,Aug_W4,0.0,845.0
Harris's Sparrow,9,1,Sep_W1,0.0,528.0
Harris's Sparrow,9,2,Sep_W2,0.0,653.0
Harris's Sparrow,9,3,Sep_W3,0.0047022,638.0
Harris's Sparrow,9,4,Sep_W4,0.002656,753.0
Harris's Sparrow,10,1,Oct_W1,0.0079365,630.0
Harris's Sparrow,10,2,Oct_W2,0.017301,578.0
Harris's Sparrow,10,3,Oct_W3,0.0102459,488.0
Harris's Sparrow,10,4,Oct_W4,0.0,562.0
Harris's Sparrow,11,1,Nov_W1,0.0,383.0
Harris's Sparrow,11,2,Nov_W2,0.0,329.0
Harris's Sparrow,11,3,Nov_W3,0.0,273.0
Harris's Sparrow,11,4,Nov_W4,0.0,270.0
Harris's Sparrow,12,1,Dec_W1,0.0,157.0
Harris's Sparrow,12,2,Dec_W2,0.0,166.0
Harris's Sparrow,12,3,Dec_W3,0.0,137.0
Harris's Sparrow,12,4,Dec_W4,0.0,145.0
White-throated Sparrow,1,1,Jan_W1,0.0,185.0
White-throated Sparrow,1,2,Jan_W2,0.0,88.0
White-throated Sparrow,1,3,Jan_W3,0.0,105.0
White-throated Sparrow,1,4,Jan_W4,0.0,140.0
White-throated Sparrow,2,1,Feb_W1,0.0081301,123.0
White-throated Sparrow,2,2,Feb_W2,0.0,108.0
White-throated Sparrow,2,3,Feb_W3,0.0,118.0
White-throated Sparrow,2,4,Feb_W4,0.0,70.0
White-throated Sparrow,3,1,Mar_W1,0.0,105.0
White-throated Sparrow,3,2,Mar_W2,0.0,114.0
White-throated Sparrow,3,3,Mar_W3,0.0,142.0
White-throated Sparrow,3,4,Mar_W4,0.0,164.0
White-throated Sparrow,4,1,Apr_W1,0.0,261.0
White-throated Sparrow,4,2,Apr_W2,0.010989,364.0
White-throated Sparrow,4,3,Apr_W3,0.0418605,430.0
White-throated Sparrow,4,4,Apr_W4,0.1175637,706.0
White-throated Sparrow,5,1,May_W1,0.1627907,645.0
White-throated Sparrow,5,2,May_W2,0.2028424,774.0
White-throated Sparrow,5,3,May_W3,0.2326797,765.0
White-throated Sparrow,5,4,May_W4,0.2467532,1386.0
White-throated Sparrow,6,1,Jun_W1,0.1859649,855.0
White-throated Sparrow,6,2,Jun_W2,0.1968085,752.0
White-throated Sparrow,6,3,Jun_W3,0.2208,625.0
White-throated Sparrow,6,4,Jun_W4,0.1812081,745.0
White-throated Sparrow,7,1,Jul_W1,0.1510791,695.0
White-throated Sparrow,7,2,Jul_W2,0.1097046,711.0
White-throated Sparrow,7,3,Jul_W3,0.1370826,569.0
White-throated Sparrow,7,4,Jul_W4,0.1234428,883.0
White-throated Sparrow,8,1,Aug_W1,0.1021417,607.0
White-throated Sparrow,8,2,Aug_W2,0.0516432,639.0
White-throated Sparrow,8,3,Aug_W3,0.0682594,586.0
White-throated Sparrow,8,4,Aug_W4,0.0568047,845.0
White-throated Sparrow,9,1,Sep_W1,0.0738636,528.0
White-throated Sparrow,9,2,Sep_W2,0.1209801,653.0
White-throated Sparrow,9,3,Sep_W3,0.137931,638.0
White-throated Sparrow,9,4,Sep_W4,0.1938911,753.0
White-throated Sparrow,10,1,Oct_W1,0.1380952,630.0
White-throated Sparrow,10,2,Oct_W2,0.0865052,578.0
White-throated Sparrow,10,3,Oct_W3,0.0594262,488.0
White-throated Sparrow,10,4,Oct_W4,0.024911,562.0
White-throated Sparrow,11,1,Nov_W1,0.002611,383.0
White-throated Sparrow,11,2,Nov_W2,0.006079,329.0
White-throated Sparrow,11,3,Nov_W3,0.0,273.0
White-throated Sparrow,11,4,Nov_W4,0.0037037,270.0
White-throated Sparrow,12,1,Dec_W1,0.0,157.0
White-throated Sparrow,12,2,Dec_W2,0.0060241,166.0
White-throated Sparrow,12,3,Dec_W3,0.0145985,137.0
White-throated Sparrow,12,4,Dec_W4,0.0015,145.0
Vesper Sparrow,1,1,Jan_W1,0.0,185.0
Vesper Sparrow,1,2,Jan_W2,0.0,88.0
Vesper Sparrow,1,3,Jan_W3,0.0,105.0
Vesper Sparrow,1,4,Jan_W4,0.0,140.0
Vesper Sparrow,2,1,Feb_W1,0.0,123.0
Vesper Sparrow,2,2,Feb_W2,0.0,108.0
Vesper Sparrow,2,3,Feb_W3,0.0,118.0
Vesper Sparrow,2,4,Feb_W4,0.0,70.0
Vesper Sparrow,3,1,Mar_W1,0.0,105.0
Vesper Sparrow,3,2,Mar_W2,0.0,114.0
Vesper Sparrow,3,3,Mar_W3,0.0,142.0
Vesper Sparrow,3,4,Mar_W4,0.0,164.0
Vesper Sparrow,4,1,Apr_W1,0.0,261.0
Vesper Sparrow,4,2,Apr_W2,0.0054945,364.0
Vesper Sparrow,4,3,Apr_W3,0.0069767,430.0
Vesper Sparrow,4,4,Apr_W4,0.0070822,706.0
Vesper Sparrow,5,1,May_W1,0.0139535,645.0
Vesper Sparrow,5,2,May_W2,0.0116279,774.0
Vesper Sparrow,5,3,May_W3,0.0104575,765.0
Vesper Sparrow,5,4,May_W4,0.0151515,1386.0
Vesper Sparrow,6,1,Jun_W1,0.0187135,855.0
Vesper Sparrow,6,2,Jun_W2,0.0332447,752.0
Vesper Sparrow,6,3,Jun_W3,0.0272,625.0
Vesper Sparrow,6,4,Jun_W4,0.0174497,745.0
Vesper Sparrow,7,1,Jul_W1,0.018705,695.0
Vesper Sparrow,7,2,Jul_W2,0.0140647,711.0
Vesper Sparrow,7,3,Jul_W3,0.0210896,569.0
Vesper Sparrow,7,4,Jul_W4,0.0033975,883.0
Vesper Sparrow,8,1,Aug_W1,0.0032949,607.0
Vesper Sparrow,8,2,Aug_W2,0.0031299,639.0
Vesper Sparrow,8,3,Aug_W3,0.0068259,586.0
Vesper Sparrow,8,4,Aug_W4,0.0071006,845.0
Vesper Sparrow,9,1,Sep_W1,0.0037879,528.0
Vesper Sparrow,9,2,Sep_W2,0.0045942,653.0
Vesper Sparrow,9,3,Sep_W3,0.0,638.0
Vesper Sparrow,9,4,Sep_W4,0.0106242,753.0
Vesper Sparrow,10,1,Oct_W1,0.0063492,630.0
Vesper Sparrow,10,2,Oct_W2,0.0069204,578.0
Vesper Sparrow,10,3,Oct_W3,0.0,488.0
Vesper Sparrow,10,4,Oct_W4,0.0017794,562.0
Vesper Sparrow,11,1,Nov_W1,0.0,383.0
Vesper Sparrow,11,2,Nov_W2,0.0,329.0
Vesper Sparrow,11,3,Nov_W3,0.0,273.0
Vesper Sparrow,11,4,Nov_W4,0.0,270.0
Vesper Sparrow,12,1,Dec_W1,0.0,157.0
Vesper Sparrow,12,2,Dec_W2,0.0,166.0
Vesper Sparrow,12,3,Dec_W3,0.0,137.0
Vesper Sparrow,12,4,Dec_W4,0.0,145.0
LeConte's Sparrow,1,1,Jan_W1,0.0,185.0
LeConte's Sparrow,1,2,Jan_W2,0.0,88.0
LeConte's Sparrow,1,3,Jan_W3,0.0,105.0
LeConte's Sparrow,1,4,Jan_W4,0.0,140.0
LeConte's Sparrow,2,1,Feb_W1,0.0,123.0
LeConte's Sparrow,2,2,Feb_W2,0.0,108.0
LeConte's Sparrow,2,3,Feb_W3,0.0,118.0
LeConte's Sparrow,2,4,Feb_W4,0.0,70.0
LeConte's Sparrow,3,1,Mar_W1,0.0,105.0
LeConte's Sparrow,3,2,Mar_W2,0.0,114.0
LeConte's Sparrow,3,3,Mar_W3,0.0,142.0
LeConte's Sparrow,3,4,Mar_W4,0.0,164.0
LeConte's Sparrow,4,1,Apr_W1,0.0,261.0
LeConte's Sparrow,4,2,Apr_W2,0.0,364.0
LeConte's Sparrow,4,3,Apr_W3,0.0,430.0
LeConte's Sparrow,4,4,Apr_W4,0.0,706.0
LeConte's Sparrow,5,1,May_W1,0.0,645.0
LeConte's Sparrow,5,2,May_W2,0.0015,774.0
LeConte's Sparrow,5,3,May_W3,0.0026144,765.0
LeConte's Sparrow,5,4,May_W4,0.0007215,1386.0
LeConte's Sparrow,6,1,Jun_W1,0.0015,855.0
LeConte's Sparrow,6,2,Jun_W2,0.0013298,752.0
LeConte's Sparrow,6,3,Jun_W3,0.0016,625.0
LeConte's Sparrow,6,4,Jun_W4,0.0,745.0
LeConte's Sparrow,7,1,Jul_W1,0.0,695.0
LeConte's Sparrow,7,2,Jul_W2,0.0,711.0
LeConte's Sparrow,7,3,Jul_W3,0.0,569.0
LeConte's Sparrow,7,4,Jul_W4,0.0,883.0
LeConte's Sparrow,8,1,Aug_W1,0.0,607.0
LeConte's Sparrow,8,2,Aug_W2,0.0,639.0
LeConte's Sparrow,8,3,Aug_W3,0.0,586.0
LeConte's Sparrow,8,4,Aug_W4,0.0,845.0
LeConte's Sparrow,9,1,Sep_W1,0.0015,528.0
LeConte's Sparrow,9,2,Sep_W2,0.0045942,653.0
LeConte's Sparrow,9,3,Sep_W3,0.0015,638.0
LeConte's Sparrow,9,4,Sep_W4,0.001328,753.0
LeConte's Sparrow,10,1,Oct_W1,0.0,630.0
LeConte's Sparrow,10,2,Oct_W2,0.0017301,578.0
LeConte's Sparrow,10,3,Oct_W3,0.0020492,488.0
LeConte's Sparrow,10,4,Oct_W4,0.0,562.0
LeConte's Sparrow,11,1,Nov_W1,0.0,383.0
LeConte's Sparrow,11,2,Nov_W2,0.0,329.0
LeConte's Sparrow,11,3,Nov_W3,0.0,273.0
LeConte's Sparrow,11,4,Nov_W4,0.0,270.0
LeConte's Sparrow,12,1,Dec_W1,0.0,157.0
LeConte's Sparrow,12,2,Dec_W2,0.0,166.0
LeConte's Sparrow,12,3,Dec_W3,0.0,137.0
LeConte's Sparrow,12,4,Dec_W4,0.0,145.0
Nelson's Sparrow,1,1,Jan_W1,0.0,185.0
Nelson's Sparrow,1,2,Jan_W2,0.0,88.0
Nelson's Sparrow,1,3,Jan_W3,0.0,105.0
Nelson's Sparrow,1,4,Jan_W4,0.0,140.0
Nelson's Sparrow,2,1,Feb_W1,0.0,123.0
Nelson's Sparrow,2,2,Feb_W2,0.0,108.0
Nelson's Sparrow,2,3,Feb_W3,0.0,118.0
Nelson's Sparrow,2,4,Feb_W4,0.0,70.0
Nelson's Sparrow,3,1,Mar_W1,0.0,105.0
Nelson's Sparrow,3,2,Mar_W2,0.0,114.0
Nelson's Sparrow,3,3,Mar_W3,0.0,142.0
Nelson's Sparrow,3,4,Mar_W4,0.0,164.0
Nelson's Sparrow,4,1,Apr_W1,0.0,261.0
Nelson's Sparrow,4,2,Apr_W2,0.0,364.0
Nelson's Sparrow,4,3,Apr_W3,0.0,430.0
Nelson's Sparrow,4,4,Apr_W4,0.0,706.0
Nelson's Sparrow,5,1,May_W1,0.0,645.0
Nelson's Sparrow,5,2,May_W2,0.0,774.0
Nelson's Sparrow,5,3,May_W3,0.0,765.0
Nelson's Sparrow,5,4,May_W4,0.0,1386.0
Nelson's Sparrow,6,1,Jun_W1,0.0,855.0
Nelson's Sparrow,6,2,Jun_W2,0.0,752.0
Nelson's Sparrow,6,3,Jun_W3,0.0,625.0
Nelson's Sparrow,6,4,Jun_W4,0.0,745.0
Nelson's Sparrow,7,1,Jul_W1,0.0,695.0
Nelson's Sparrow,7,2,Jul_W2,0.0,711.0
Nelson's Sparrow,7,3,Jul_W3,0.0,569.0
Nelson's Sparrow,7,4,Jul_W4,0.0,883.0
Nelson's Sparrow,8,1,Aug_W1,0.0,607.0
Nelson's Sparrow,8,2,Aug_W2,0.0,639.0
Nelson's Sparrow,8,3,Aug_W3,0.0,586.0
Nelson's Sparrow,8,4,Aug_W4,0.0,845.0
Nelson's Sparrow,9,1,Sep_W1,0.0,528.0
Nelson's Sparrow,9,2,Sep_W2,0.0,653.0
Nelson's Sparrow,9,3,Sep_W3,0.0,638.0
Nelson's Sparrow,9,4,Sep_W4,0.001328,753.0
Nelson's Sparrow,10,1,Oct_W1,0.0,630.0
Nelson's Sparrow,10,2,Oct_W2,0.0,578.0
Nelson's Sparrow,10,3,Oct_W3,0.0,488.0
Nelson's Sparrow,10,4,Oct_W4,0.0,562.0
Nelson's Sparrow,11,1,Nov_W1,0.0,383.0
Nelson's Sparrow,11,2,Nov_W2,0.0,329.0
Nelson's Sparrow,11,3,Nov_W3,0.0,273.0
Nelson's Sparrow,11,4,Nov_W4,0.0,270.0
Nelson's Sparrow,12,1,Dec_W1,0.0,157.0
Nelson's Sparrow,12,2,Dec_W2,0.0,166.0
Nelson's Sparrow,12,3,Dec_W3,0.0,137.0
Nelson's Sparrow,12,4,Dec_W4,0.0,145.0
Savannah Sparrow,1,1,Jan_W1,0.0,185.0
Savannah Sparrow,1,2,Jan_W2,0.0,88.0
Savannah Sparrow,1,3,Jan_W3,0.0,105.0
Savannah Sparrow,1,4,Jan_W4,0.0,140.0
Savannah Sparrow,2,1,Feb_W1,0.0,123.0
Savannah Sparrow,2,2,Feb_W2,0.0,108.0
Savannah Sparrow,2,3,Feb_W3,0.0,118.0
Savannah Sparrow,2,4,Feb_W4,0.0,70.0
Savannah Sparrow,3,1,Mar_W1,0.0,105.0
Savannah Sparrow,3,2,Mar_W2,0.0,114.0
Savannah Sparrow,3,3,Mar_W3,0.0,142.0
Savannah Sparrow,3,4,Mar_W4,0.0,164.0
Savannah Sparrow,4,1,Apr_W1,0.0,261.0
Savannah Sparrow,4,2,Apr_W2,0.0027473,364.0
Savannah Sparrow,4,3,Apr_W3,0.0023256,430.0
Savannah Sparrow,4,4,Apr_W4,0.0226629,706.0
Savannah Sparrow,5,1,May_W1,0.0434109,645.0
Savannah Sparrow,5,2,May_W2,0.0542636,774.0
Savannah Sparrow,5,3,May_W3,0.0797386,765.0
Savannah Sparrow,5,4,May_W4,0.0728716,1386.0
Savannah Sparrow,6,1,Jun_W1,0.0631579,855.0
Savannah Sparrow,6,2,Jun_W2,0.0731383,752.0
Savannah Sparrow,6,3,Jun_W3,0.0816,625.0
Savannah Sparrow,6,4,Jun_W4,0.0671141,745.0
Savannah Sparrow,7,1,Jul_W1,0.0892086,695.0
Savannah Sparrow,7,2,Jul_W2,0.0534459,711.0
Savannah Sparrow,7,3,Jul_W3,0.0474517,569.0
Savannah Sparrow,7,4,Jul_W4,0.0271801,883.0
Savannah Sparrow,8,1,Aug_W1,0.0131796,607.0
Savannah Sparrow,8,2,Aug_W2,0.0219092,639.0
Savannah Sparrow,8,3,Aug_W3,0.0187713,586.0
Savannah Sparrow,8,4,Aug_W4,0.0366864,845.0
Savannah Sparrow,9,1,Sep_W1,0.0378788,528.0
Savannah Sparrow,9,2,Sep_W2,0.0643185,653.0
Savannah Sparrow,9,3,Sep_W3,0.0611285,638.0
Savannah Sparrow,9,4,Sep_W4,0.0730412,753.0
Savannah Sparrow,10,1,Oct_W1,0.0396825,630.0
Savannah Sparrow,10,2,Oct_W2,0.0121107,578.0
Savannah Sparrow,10,3,Oct_W3,0.0040984,488.0
Savannah Sparrow,10,4,Oct_W4,0.0035587,562.0
Savannah Sparrow,11,1,Nov_W1,0.0,383.0
Savannah Sparrow,11,2,Nov_W2,0.0,329.0
Savannah Sparrow,11,3,Nov_W3,0.0,273.0
Savannah Sparrow,11,4,Nov_W4,0.0,270.0
Savannah Sparrow,12,1,Dec_W1,0.0,157.0
Savannah Sparrow,12,2,Dec_W2,0.0,166.0
Savannah Sparrow,12,3,Dec_W3,0.0,137.0
Savannah Sparrow,12,4,Dec_W4,0.0,145.0
Song Sparrow,1,1,Jan_W1,0.0,185.0
Song Sparrow,1,2,Jan_W2,0.0,88.0
Song Sparrow,1,3,Jan_W3,0.0,105.0
Song Sparrow,1,4,Jan_W4,0.0,140.0
Song Sparrow,2,1,Feb_W1,0.0,123.0
Song Sparrow,2,2,Feb_W2,0.0,108.0
Song Sparrow,2,3,Feb_W3,0.0,118.0
Song Sparrow,2,4,Feb_W4,0.0,70.0
Song Sparrow,3,1,Mar_W1,0.0,105.0
Song Sparrow,3,2,Mar_W2,0.0,114.0
Song Sparrow,3,3,Mar_W3,0.0070423,142.0
Song Sparrow,3,4,Mar_W4,0.0,164.0
Song Sparrow,4,1,Apr_W1,0.1800766,261.0
Song Sparrow,4,2,Apr_W2,0.3296703,364.0
Song Sparrow,4,3,Apr_W3,0.344186,430.0
Song Sparrow,4,4,Apr_W4,0.4249292,706.0
Song Sparrow,5,1,May_W1,0.3643411,645.0
Song Sparrow,5,2,May_W2,0.3410853,774.0
Song Sparrow,5,3,May_W3,0.4052288,765.0
Song Sparrow,5,4,May_W4,0.4227994,1386.0
Song Sparrow,6,1,Jun_W1,0.4339181,855.0
Song Sparrow,6,2,Jun_W2,0.4335106,752.0
Song Sparrow,6,3,Jun_W3,0.4672,625.0
Song Sparrow,6,4,Jun_W4,0.4966443,745.0
Song Sparrow,7,1,Jul_W1,0.5151079,695.0
Song Sparrow,7,2,Jul_W2,0.4739803,711.0
Song Sparrow,7,3,Jul_W3,0.4885764,569.0
Song Sparrow,7,4,Jul_W4,0.412231,883.0
Song Sparrow,8,1,Aug_W1,0.2899506,607.0
Song Sparrow,8,2,Aug_W2,0.2222222,639.0
Song Sparrow,8,3,Aug_W3,0.1723549,586.0
Song Sparrow,8,4,Aug_W4,0.1360947,845.0
Song Sparrow,9,1,Sep_W1,0.1079545,528.0
Song Sparrow,9,2,Sep_W2,0.143951,653.0
Song Sparrow,9,3,Sep_W3,0.1363636,638.0
Song Sparrow,9,4,Sep_W4,0.1686587,753.0
Song Sparrow,10,1,Oct_W1,0.1285714,630.0
Song Sparrow,10,2,Oct_W2,0.0882353,578.0
Song Sparrow,10,3,Oct_W3,0.0348361,488.0
Song Sparrow,10,4,Oct_W4,0.0177936,562.0
Song Sparrow,11,1,Nov_W1,0.002611,383.0
Song Sparrow,11,2,Nov_W2,0.0,329.0
Song Sparrow,11,3,Nov_W3,0.0,273.0
Song Sparrow,11,4,Nov_W4,0.0,270.0
Song Sparrow,12,1,Dec_W1,0.0,157.0
Song Sparrow,12,2,Dec_W2,0.0,166.0
Song Sparrow,12,3,Dec_W3,0.0,137.0
Song Sparrow,12,4,Dec_W4,0.0,145.0
Lincoln's Sparrow,1,1,Jan_W1,0.0,185.0
Lincoln's Sparrow,1,2,Jan_W2,0.0,88.0
Lincoln's Sparrow,1,3,Jan_W3,0.0,105.0
Lincoln's Sparrow,1,4,Jan_W4,0.0,140.0
Lincoln's Sparrow,2,1,Feb_W1,0.0,123.0
Lincoln's Sparrow,2,2,Feb_W2,0.0,108.0
Lincoln's Sparrow,2,3,Feb_W3,0.0,118.0
Lincoln's Sparrow,2,4,Feb_W4,0.0,70.0
Lincoln's Sparrow,3,1,Mar_W1,0.0,105.0
Lincoln's Sparrow,3,2,Mar_W2,0.0,114.0
Lincoln's Sparrow,3,3,Mar_W3,0.0,142.0
Lincoln's Sparrow,3,4,Mar_W4,0.0,164.0
Lincoln's Sparrow,4,1,Apr_W1,0.0,261.0
Lincoln's Sparrow,4,2,Apr_W2,0.0,364.0
Lincoln's Sparrow,4,3,Apr_W3,0.0,430.0
Lincoln's Sparrow,4,4,Apr_W4,0.0,706.0
Lincoln's Sparrow,5,1,May_W1,0.0077519,645.0
Lincoln's Sparrow,5,2,May_W2,0.0206718,774.0
Lincoln's Sparrow,5,3,May_W3,0.0379085,765.0
Lincoln's Sparrow,5,4,May_W4,0.015873,1386.0
Lincoln's Sparrow,6,1,Jun_W1,0.0105263,855.0
Lincoln's Sparrow,6,2,Jun_W2,0.0066489,752.0
Lincoln's Sparrow,6,3,Jun_W3,0.0048,625.0
Lincoln's Sparrow,6,4,Jun_W4,0.0040268,745.0
Lincoln's Sparrow,7,1,Jul_W1,0.0086331,695.0
Lincoln's Sparrow,7,2,Jul_W2,0.0056259,711.0
Lincoln's Sparrow,7,3,Jul_W3,0.0105448,569.0
Lincoln's Sparrow,7,4,Jul_W4,0.00453,883.0
Lincoln's Sparrow,8,1,Aug_W1,0.0032949,607.0
Lincoln's Sparrow,8,2,Aug_W2,0.0078247,639.0
Lincoln's Sparrow,8,3,Aug_W3,0.0051195,586.0
Lincoln's Sparrow,8,4,Aug_W4,0.0118343,845.0
Lincoln's Sparrow,9,1,Sep_W1,0.0265152,528.0
Lincoln's Sparrow,9,2,Sep_W2,0.050536,653.0
Lincoln's Sparrow,9,3,Sep_W3,0.0438871,638.0
Lincoln's Sparrow,9,4,Sep_W4,0.063745,753.0
Lincoln's Sparrow,10,1,Oct_W1,0.0603175,630.0
Lincoln's Sparrow,10,2,Oct_W2,0.0449827,578.0
Lincoln's Sparrow,10,3,Oct_W3,0.0061475,488.0
Lincoln's Sparrow,10,4,Oct_W4,0.0,562.0
Lincoln's Sparrow,11,1,Nov_W1,0.0,383.0
Lincoln's Sparrow,11,2,Nov_W2,0.0,329.0
Lincoln's Sparrow,11,3,Nov_W3,0.0,273.0
Lincoln's Sparrow,11,4,Nov_W4,0.0,270.0
Lincoln's Sparrow,12,1,Dec_W1,0.0,157.0
Lincoln's Sparrow,12,2,Dec_W2,0.0,166.0
Lincoln's Sparrow,12,3,Dec_W3,0.0,137.0
Lincoln's Sparrow,12,4,Dec_W4,0.0,145.0
Swamp Sparrow,1,1,Jan_W1,0.0,185.0
Swamp Sparrow,1,2,Jan_W2,0.0,88.0
Swamp Sparrow,1,3,Jan_W3,0.0,105.0
Swamp Sparrow,1,4,Jan_W4,0.0,140.0
Swamp Sparrow,2,1,Feb_W1,0.0,123.0
Swamp Sparrow,2,2,Feb_W2,0.0,108.0
Swamp Sparrow,2,3,Feb_W3,0.0,118.0
Swamp Sparrow,2,4,Feb_W4,0.0,70.0
Swamp Sparrow,3,1,Mar_W1,0.0,105.0
Swamp Sparrow,3,2,Mar_W2,0.0,114.0
Swamp Sparrow,3,3,Mar_W3,0.0,142.0
Swamp Sparrow,3,4,Mar_W4,0.0,164.0
Swamp Sparrow,4,1,Apr_W1,0.0,261.0
Swamp Sparrow,4,2,Apr_W2,0.0027473,364.0
Swamp Sparrow,4,3,Apr_W3,0.0046512,430.0
Swamp Sparrow,4,4,Apr_W4,0.0410765,706.0
Swamp Sparrow,5,1,May_W1,0.0651163,645.0
Swamp Sparrow,5,2,May_W2,0.1059432,774.0
Swamp Sparrow,5,3,May_W3,0.1045752,765.0
Swamp Sparrow,5,4,May_W4,0.1096681,1386.0
Swamp Sparrow,6,1,Jun_W1,0.0888889,855.0
Swamp Sparrow,6,2,Jun_W2,0.1196809,752.0
Swamp Sparrow,6,3,Jun_W3,0.1216,625.0
Swamp Sparrow,6,4,Jun_W4,0.1275168,745.0
Swamp Sparrow,7,1,Jul_W1,0.1007194,695.0
Swamp Sparrow,7,2,Jul_W2,0.0914205,711.0
Swamp Sparrow,7,3,Jul_W3,0.1089631,569.0
Swamp Sparrow,7,4,Jul_W4,0.0985277,883.0
Swamp Sparrow,8,1,Aug_W1,0.0840198,607.0
Swamp Sparrow,8,2,Aug_W2,0.0453834,639.0
Swamp Sparrow,8,3,Aug_W3,0.0273038,586.0
Swamp Sparrow,8,4,Aug_W4,0.0378698,845.0
Swamp Sparrow,9,1,Sep_W1,0.0416667,528.0
Swamp Sparrow,9,2,Sep_W2,0.0704441,653.0
Swamp Sparrow,9,3,Sep_W3,0.0532915,638.0
Swamp Sparrow,9,4,Sep_W4,0.1062417,753.0
Swamp Sparrow,10,1,Oct_W1,0.1,630.0
Swamp Sparrow,10,2,Oct_W2,0.0761246,578.0
Swamp Sparrow,10,3,Oct_W3,0.0368852,488.0
Swamp Sparrow,10,4,Oct_W4,0.019573,562.0
Swamp Sparrow,11,1,Nov_W1,0.002611,383.0
Swamp Sparrow,11,2,Nov_W2,0.0,329.0
Swamp Sparrow,11,3,Nov_W3,0.0,273.0
Swamp Sparrow,11,4,Nov_W4,0.0,270.0
Swamp Sparrow,12,1,Dec_W1,0.0,157.0
Swamp Sparrow,12,2,Dec_W2,0.0,166.0
Swamp Sparrow,12,3,Dec_W3,0.0,137.0
Swamp Sparrow,12,4,Dec_W4,0.0,145.0
Spotted Towhee,1,1,Jan_W1,0.0,185.0
Spotted Towhee,1,2,Jan_W2,0.0,88.0
Spotted Towhee,1,3,Jan_W3,0.0,105.0
Spotted Towhee,1,4,Jan_W4,0.0,140.0
Spotted Towhee,2,1,Feb_W1,0.0,123.0
Spotted Towhee,2,2,Feb_W2,0.0,108.0
Spotted Towhee,2,3,Feb_W3,0.0,118.0
Spotted Towhee,2,4,Feb_W4,0.0,70.0
Spotted Towhee,3,1,Mar_W1,0.0,105.0
Spotted Towhee,3,2,Mar_W2,0.0,114.0
Spotted Towhee,3,3,Mar_W3,0.0,142.0
Spotted Towhee,3,4,Mar_W4,0.0,164.0
Spotted Towhee,4,1,Apr_W1,0.0,261.0
Spotted Towhee,4,2,Apr_W2,0.0,364.0
Spotted Towhee,4,3,Apr_W3,0.0,430.0
Spotted Towhee,4,4,Apr_W4,0.0,706.0
Spotted Towhee,5,1,May_W1,0.0,645.0
Spotted Towhee,5,2,May_W2,0.0,774.0
Spotted Towhee,5,3,May_W3,0.0,765.0
Spotted Towhee,5,4,May_W4,0.0015,1386.0
Spotted Towhee,6,1,Jun_W1,0.0,855.0
Spotted Towhee,6,2,Jun_W2,0.0,752.0
Spotted Towhee,6,3,Jun_W3,0.0,625.0
Spotted Towhee,6,4,Jun_W4,0.0,745.0
Spotted Towhee,7,1,Jul_W1,0.0,695.0
Spotted Towhee,7,2,Jul_W2,0.0,711.0
Spotted Towhee,7,3,Jul_W3,0.0,569.0
Spotted Towhee,7,4,Jul_W4,0.0,883.0
Spotted Towhee,8,1,Aug_W1,0.0,607.0
Spotted Towhee,8,2,Aug_W2,0.0,639.0
Spotted Towhee,8,3,Aug_W3,0.0,586.0
Spotted Towhee,8,4,Aug_W4,0.0,845.0
Spotted Towhee,9,1,Sep_W1,0.0,528.0
Spotted Towhee,9,2,Sep_W2,0.0,653.0
Spotted Towhee,9,3,Sep_W3,0.0,638.0
Spotted Towhee,9,4,Sep_W4,0.0015,753.0
Spotted Towhee,10,1,Oct_W1,0.0,630.0
Spotted Towhee,10,2,Oct_W2,0.0,578.0
Spotted Towhee,10,3,Oct_W3,0.0,488.0
Spotted Towhee,10,4,Oct_W4,0.0,562.0
Spotted Towhee,11,1,Nov_W1,0.0,383.0
Spotted Towhee,11,2,Nov_W2,0.0,329.0
Spotted Towhee,11,3,Nov_W3,0.0,273.0
Spotted Towhee,11,4,Nov_W4,0.0,270.0
Spotted Towhee,12,1,Dec_W1,0.0,157.0
Spotted Towhee,12,2,Dec_W2,0.0,166.0
Spotted Towhee,12,3,Dec_W3,0.0,137.0
Spotted Towhee,12,4,Dec_W4,0.0,145.0
Eastern Towhee,1,1,Jan_W1,0.0,185.0
Eastern Towhee,1,2,Jan_W2,0.0,88.0
Eastern Towhee,1,3,Jan_W3,0.0,105.0
Eastern Towhee,1,4,Jan_W4,0.0,140.0
Eastern Towhee,2,1,Feb_W1,0.0,123.0
Eastern Towhee,2,2,Feb_W2,0.0,108.0
Eastern Towhee,2,3,Feb_W3,0.0,118.0
Eastern Towhee,2,4,Feb_W4,0.0142857,70.0
Eastern Towhee,3,1,Mar_W1,0.0,105.0
Eastern Towhee,3,2,Mar_W2,0.0,114.0
Eastern Towhee,3,3,Mar_W3,0.0,142.0
Eastern Towhee,3,4,Mar_W4,0.0,164.0
Eastern Towhee,4,1,Apr_W1,0.0,261.0
Eastern Towhee,4,2,Apr_W2,0.0,364.0
Eastern Towhee,4,3,Apr_W3,0.0,430.0
Eastern Towhee,4,4,Apr_W4,0.0,706.0
Eastern Towhee,5,1,May_W1,0.0046512,645.0
Eastern Towhee,5,2,May_W2,0.003876,774.0
Eastern Towhee,5,3,May_W3,0.0104575,765.0
Eastern Towhee,5,4,May_W4,0.015873,1386.0
Eastern Towhee,6,1,Jun_W1,0.0105263,855.0
Eastern Towhee,6,2,Jun_W2,0.0172872,752.0
Eastern Towhee,6,3,Jun_W3,0.0176,625.0
Eastern Towhee,6,4,Jun_W4,0.0134228,745.0
Eastern Towhee,7,1,Jul_W1,0.0086331,695.0
Eastern Towhee,7,2,Jul_W2,0.0084388,711.0
Eastern Towhee,7,3,Jul_W3,0.0105448,569.0
Eastern Towhee,7,4,Jul_W4,0.0033975,883.0
Eastern Towhee,8,1,Aug_W1,0.0065898,607.0
Eastern Towhee,8,2,Aug_W2,0.0015649,639.0
Eastern Towhee,8,3,Aug_W3,0.0,586.0
Eastern Towhee,8,4,Aug_W4,0.0,845.0
Eastern Towhee,9,1,Sep_W1,0.0,528.0
Eastern Towhee,9,2,Sep_W2,0.0015314,653.0
Eastern Towhee,9,3,Sep_W3,0.0015674,638.0
Eastern Towhee,9,4,Sep_W4,0.0,753.0
Eastern Towhee,10,1,Oct_W1,0.0015873,630.0
Eastern Towhee,10,2,Oct_W2,0.0017301,578.0
Eastern Towhee,10,3,Oct_W3,0.0,488.0
Eastern Towhee,10,4,Oct_W4,0.0,562.0
Eastern Towhee,11,1,Nov_W1,0.0,383.0
Eastern Towhee,11,2,Nov_W2,0.0,329.0
Eastern Towhee,11,3,Nov_W3,0.0,273.0
Eastern Towhee,11,4,Nov_W4,0.0,270.0
Eastern Towhee,12,1,Dec_W1,0.0,157.0
Eastern Towhee,12,2,Dec_W2,0.0,166.0
Eastern Towhee,12,3,Dec_W3,0.0,137.0
Eastern Towhee,12,4,Dec_W4,0.0,145.0
Yellow-breasted Chat,1,1,Jan_W1,0.0,185.0
Yellow-breasted Chat,1,2,Jan_W2,0.0,88.0
Yellow-breasted Chat,1,3,Jan_W3,0.0,105.0
Yellow-breasted Chat,1,4,Jan_W4,0.0,140.0
Yellow-breasted Chat,2,1,Feb_W1,0.0,123.0
Yellow-breasted Chat,2,2,Feb_W2,0.0,108.0
Yellow-breasted Chat,2,3,Feb_W3,0.0,118.0
Yellow-breasted Chat,2,4,Feb_W4,0.0,70.0
Yellow-breasted Chat,3,1,Mar_W1,0.0,105.0
Yellow-breasted Chat,3,2,Mar_W2,0.0,114.0
Yellow-breasted Chat,3,3,Mar_W3,0.0,142.0
Yellow-breasted Chat,3,4,Mar_W4,0.0,164.0
Yellow-breasted Chat,4,1,Apr_W1,0.0,261.0
Yellow-breasted Chat,4,2,Apr_W2,0.0,364.0
Yellow-breasted Chat,4,3,Apr_W3,0.0,430.0
Yellow-breasted Chat,4,4,Apr_W4,0.0,706.0
Yellow-breasted Chat,5,1,May_W1,0.0,645.0
Yellow-breasted Chat,5,2,May_W2,0.0015,774.0
Yellow-breasted Chat,5,3,May_W3,0.0,765.0
Yellow-breasted Chat,5,4,May_W4,0.0,1386.0
Yellow-breasted Chat,6,1,Jun_W1,0.0,855.0
Yellow-breasted Chat,6,2,Jun_W2,0.0,752.0
Yellow-breasted Chat,6,3,Jun_W3,0.0,625.0
Yellow-breasted Chat,6,4,Jun_W4,0.0,745.0
Yellow-breasted Chat,7,1,Jul_W1,0.0,695.0
Yellow-breasted Chat,7,2,Jul_W2,0.0,711.0
Yellow-breasted Chat,7,3,Jul_W3,0.0,569.0
Yellow-breasted Chat,7,4,Jul_W4,0.0,883.0
Yellow-breasted Chat,8,1,Aug_W1,0.0,607.0
Yellow-breasted Chat,8,2,Aug_W2,0.0,639.0
Yellow-breasted Chat,8,3,Aug_W3,0.0,586.0
Yellow-breasted Chat,8,4,Aug_W4,0.0,845.0
Yellow-breasted Chat,9,1,Sep_W1,0.0,528.0
Yellow-breasted Chat,9,2,Sep_W2,0.0,653.0
Yellow-breasted Chat,9,3,Sep_W3,0.0,638.0
Yellow-breasted Chat,9,4,Sep_W4,0.0,753.0
Yellow-breasted Chat,10,1,Oct_W1,0.0,630.0
Yellow-breasted Chat,10,2,Oct_W2,0.0,578.0
Yellow-breasted Chat,10,3,Oct_W3,0.0,488.0
Yellow-breasted Chat,10,4,Oct_W4,0.0,562.0
Yellow-breasted Chat,11,1,Nov_W1,0.0,383.0
Yellow-breasted Chat,11,2,Nov_W2,0.0,329.0
Yellow-breasted Chat,11,3,Nov_W3,0.0,273.0
Yellow-breasted Chat,11,4,Nov_W4,0.0,270.0
Yellow-breasted Chat,12,1,Dec_W1,0.0,157.0
Yellow-breasted Chat,12,2,Dec_W2,0.0,166.0
Yellow-breasted Chat,12,3,Dec_W3,0.0,137.0
Yellow-breasted Chat,12,4,Dec_W4,0.0,145.0
Yellow-headed Blackbird,1,1,Jan_W1,0.0,185.0
Yellow-headed Blackbird,1,2,Jan_W2,0.0,88.0
Yellow-headed Blackbird,1,3,Jan_W3,0.0,105.0
Yellow-headed Blackbird,1,4,Jan_W4,0.0,140.0
Yellow-headed Blackbird,2,1,Feb_W1,0.0,123.0
Yellow-headed Blackbird,2,2,Feb_W2,0.0,108.0
Yellow-headed Blackbird,2,3,Feb_W3,0.0,118.0
Yellow-headed Blackbird,2,4,Feb_W4,0.0,70.0
Yellow-headed Blackbird,3,1,Mar_W1,0.0,105.0
Yellow-headed Blackbird,3,2,Mar_W2,0.0,114.0
Yellow-headed Blackbird,3,3,Mar_W3,0.0,142.0
Yellow-headed Blackbird,3,4,Mar_W4,0.0,164.0
Yellow-headed Blackbird,4,1,Apr_W1,0.0,261.0
Yellow-headed Blackbird,4,2,Apr_W2,0.0,364.0
Yellow-headed Blackbird,4,3,Apr_W3,0.0,430.0
Yellow-headed Blackbird,4,4,Apr_W4,0.0015,706.0
Yellow-headed Blackbird,5,1,May_W1,0.0,645.0
Yellow-headed Blackbird,5,2,May_W2,0.0,774.0
Yellow-headed Blackbird,5,3,May_W3,0.0013072,765.0
Yellow-headed Blackbird,5,4,May_W4,0.0007215,1386.0
Yellow-headed Blackbird,6,1,Jun_W1,0.0015,855.0
Yellow-headed Blackbird,6,2,Jun_W2,0.0,752.0
Yellow-headed Blackbird,6,3,Jun_W3,0.0,625.0
Yellow-headed Blackbird,6,4,Jun_W4,0.0,745.0
Yellow-headed Blackbird,7,1,Jul_W1,0.0,695.0
Yellow-headed Blackbird,7,2,Jul_W2,0.0,711.0
Yellow-headed Blackbird,7,3,Jul_W3,0.0,569.0
Yellow-headed Blackbird,7,4,Jul_W4,0.0,883.0
Yellow-headed Blackbird,8,1,Aug_W1,0.0,607.0
Yellow-headed Blackbird,8,2,Aug_W2,0.0,639.0
Yellow-headed Blackbird,8,3,Aug_W3,0.0,586.0
Yellow-headed Blackbird,8,4,Aug_W4,0.0,845.0
Yellow-headed Blackbird,9,1,Sep_W1,0.0018939,528.0
Yellow-headed Blackbird,9,2,Sep_W2,0.0,653.0
Yellow-headed Blackbird,9,3,Sep_W3,0.0,638.0
Yellow-headed Blackbird,9,4,Sep_W4,0.0,753.0
Yellow-headed Blackbird,10,1,Oct_W1,0.0,630.0
Yellow-headed Blackbird,10,2,Oct_W2,0.0,578.0
Yellow-headed Blackbird,10,3,Oct_W3,0.0,488.0
Yellow-headed Blackbird,10,4,Oct_W4,0.0,562.0
Yellow-headed Blackbird,11,1,Nov_W1,0.0,383.0
Yellow-headed Blackbird,11,2,Nov_W2,0.0,329.0
Yellow-headed Blackbird,11,3,Nov_W3,0.0,273.0
Yellow-headed Blackbird,11,4,Nov_W4,0.0,270.0
Yellow-headed Blackbird,12,1,Dec_W1,0.0,157.0
Yellow-headed Blackbird,12,2,Dec_W2,0.0,166.0
Yellow-headed Blackbird,12,3,Dec_W3,0.0,137.0
Yellow-headed Blackbird,12,4,Dec_W4,0.0,145.0
Bobolink,1,1,Jan_W1,0.0,185.0
Bobolink,1,2,Jan_W2,0.0,88.0
Bobolink,1,3,Jan_W3,0.0,105.0
Bobolink,1,4,Jan_W4,0.0,140.0
Bobolink,2,1,Feb_W1,0.0,123.0
Bobolink,2,2,Feb_W2,0.0,108.0
Bobolink,2,3,Feb_W3,0.0,118.0
Bobolink,2,4,Feb_W4,0.0,70.0
Bobolink,3,1,Mar_W1,0.0,105.0
Bobolink,3,2,Mar_W2,0.0,114.0
Bobolink,3,3,Mar_W3,0.0,142.0
Bobolink,3,4,Mar_W4,0.0,164.0
Bobolink,4,1,Apr_W1,0.0,261.0
Bobolink,4,2,Apr_W2,0.0,364.0
Bobolink,4,3,Apr_W3,0.0,430.0
Bobolink,4,4,Apr_W4,0.0,706.0
Bobolink,5,1,May_W1,0.0,645.0
Bobolink,5,2,May_W2,0.0077519,774.0
Bobolink,5,3,May_W3,0.0091503,765.0
Bobolink,5,4,May_W4,0.024531,1386.0
Bobolink,6,1,Jun_W1,0.0538012,855.0
Bobolink,6,2,Jun_W2,0.0664894,752.0
Bobolink,6,3,Jun_W3,0.056,625.0
Bobolink,6,4,Jun_W4,0.042953,745.0
Bobolink,7,1,Jul_W1,0.0172662,695.0
Bobolink,7,2,Jul_W2,0.0098453,711.0
Bobolink,7,3,Jul_W3,0.0123023,569.0
Bobolink,7,4,Jul_W4,0.00453,883.0
Bobolink,8,1,Aug_W1,0.0049423,607.0
Bobolink,8,2,Aug_W2,0.0015649,639.0
Bobolink,8,3,Aug_W3,0.0017065,586.0
Bobolink,8,4,Aug_W4,0.0011834,845.0
Bobolink,9,1,Sep_W1,0.0,528.0
Bobolink,9,2,Sep_W2,0.0015,653.0
Bobolink,9,3,Sep_W3,0.0015674,638.0
Bobolink,9,4,Sep_W4,0.001328,753.0
Bobolink,10,1,Oct_W1,0.0,630.0
Bobolink,10,2,Oct_W2,0.0,578.0
Bobolink,10,3,Oct_W3,0.0,488.0
Bobolink,10,4,Oct_W4,0.0,562.0
Bobolink,11,1,Nov_W1,0.0,383.0
Bobolink,11,2,Nov_W2,0.0,329.0
Bobolink,11,3,Nov_W3,0.0,273.0
Bobolink,11,4,Nov_W4,0.0,270.0
Bobolink,12,1,Dec_W1,0.0,157.0
Bobolink,12,2,Dec_W2,0.0,166.0
Bobolink,12,3,Dec_W3,0.0,137.0
Bobolink,12,4,Dec_W4,0.0,145.0
Western Meadowlark,1,1,Jan_W1,0.0,185.0
Western Meadowlark,1,2,Jan_W2,0.0,88.0
Western Meadowlark,1,3,Jan_W3,0.0,105.0
Western Meadowlark,1,4,Jan_W4,0.0,140.0
Western Meadowlark,2,1,Feb_W1,0.0,123.0
Western Meadowlark,2,2,Feb_W2,0.0,108.0
Western Meadowlark,2,3,Feb_W3,0.0,118.0
Western Meadowlark,2,4,Feb_W4,0.0,70.0
Western Meadowlark,3,1,Mar_W1,0.0,105.0
Western Meadowlark,3,2,Mar_W2,0.0,114.0
Western Meadowlark,3,3,Mar_W3,0.0,142.0
Western Meadowlark,3,4,Mar_W4,0.0,164.0
Western Meadowlark,4,1,Apr_W1,0.0,261.0
Western Meadowlark,4,2,Apr_W2,0.0,364.0
Western Meadowlark,4,3,Apr_W3,0.0,430.0
Western Meadowlark,4,4,Apr_W4,0.0,706.0
Western Meadowlark,5,1,May_W1,0.0,645.0
Western Meadowlark,5,2,May_W2,0.001292,774.0
Western Meadowlark,5,3,May_W3,0.0,765.0
Western Meadowlark,5,4,May_W4,0.0007215,1386.0
Western Meadowlark,6,1,Jun_W1,0.0093567,855.0
Western Meadowlark,6,2,Jun_W2,0.0026596,752.0
Western Meadowlark,6,3,Jun_W3,0.0064,625.0
Western Meadowlark,6,4,Jun_W4,0.0,745.0
Western Meadowlark,7,1,Jul_W1,0.0115108,695.0
Western Meadowlark,7,2,Jul_W2,0.0014065,711.0
Western Meadowlark,7,3,Jul_W3,0.0052724,569.0
Western Meadowlark,7,4,Jul_W4,0.0,883.0
Western Meadowlark,8,1,Aug_W1,0.0,607.0
Western Meadowlark,8,2,Aug_W2,0.0,639.0
Western Meadowlark,8,3,Aug_W3,0.0,586.0
Western Meadowlark,8,4,Aug_W4,0.0,845.0
Western Meadowlark,9,1,Sep_W1,0.0,528.0
Western Meadowlark,9,2,Sep_W2,0.0,653.0
Western Meadowlark,9,3,Sep_W3,0.0,638.0
Western Meadowlark,9,4,Sep_W4,0.0,753.0
Western Meadowlark,10,1,Oct_W1,0.0,630.0
Western Meadowlark,10,2,Oct_W2,0.0,578.0
Western Meadowlark,10,3,Oct_W3,0.0,488.0
Western Meadowlark,10,4,Oct_W4,0.0,562.0
Western Meadowlark,11,1,Nov_W1,0.0,383.0
Western Meadowlark,11,2,Nov_W2,0.0,329.0
Western Meadowlark,11,3,Nov_W3,0.0,273.0
Western Meadowlark,11,4,Nov_W4,0.0,270.0
Western Meadowlark,12,1,Dec_W1,0.0,157.0
Western Meadowlark,12,2,Dec_W2,0.0,166.0
Western Meadowlark,12,3,Dec_W3,0.0,137.0
Western Meadowlark,12,4,Dec_W4,0.0,145.0
Eastern Meadowlark,1,1,Jan_W1,0.0,185.0
Eastern Meadowlark,1,2,Jan_W2,0.0,88.0
Eastern Meadowlark,1,3,Jan_W3,0.0,105.0
Eastern Meadowlark,1,4,Jan_W4,0.0,140.0
Eastern Meadowlark,2,1,Feb_W1,0.0,123.0
Eastern Meadowlark,2,2,Feb_W2,0.0,108.0
Eastern Meadowlark,2,3,Feb_W3,0.0,118.0
Eastern Meadowlark,2,4,Feb_W4,0.0,70.0
Eastern Meadowlark,3,1,Mar_W1,0.0,105.0
Eastern Meadowlark,3,2,Mar_W2,0.0,114.0
Eastern Meadowlark,3,3,Mar_W3,0.0,142.0
Eastern Meadowlark,3,4,Mar_W4,0.0015,164.0
Eastern Meadowlark,4,1,Apr_W1,0.0038314,261.0
Eastern Meadowlark,4,2,Apr_W2,0.010989,364.0
Eastern Meadowlark,4,3,Apr_W3,0.0186047,430.0
Eastern Meadowlark,4,4,Apr_W4,0.0169972,706.0
Eastern Meadowlark,5,1,May_W1,0.0124031,645.0
Eastern Meadowlark,5,2,May_W2,0.0090439,774.0
Eastern Meadowlark,5,3,May_W3,0.0130719,765.0
Eastern Meadowlark,5,4,May_W4,0.0180375,1386.0
Eastern Meadowlark,6,1,Jun_W1,0.0292398,855.0
Eastern Meadowlark,6,2,Jun_W2,0.0199468,752.0
Eastern Meadowlark,6,3,Jun_W3,0.0256,625.0
Eastern Meadowlark,6,4,Jun_W4,0.0134228,745.0
Eastern Meadowlark,7,1,Jul_W1,0.0172662,695.0
Eastern Meadowlark,7,2,Jul_W2,0.0070323,711.0
Eastern Meadowlark,7,3,Jul_W3,0.0035149,569.0
Eastern Meadowlark,7,4,Jul_W4,0.0056625,883.0
Eastern Meadowlark,8,1,Aug_W1,0.0016474,607.0
Eastern Meadowlark,8,2,Aug_W2,0.0015649,639.0
Eastern Meadowlark,8,3,Aug_W3,0.0017065,586.0
Eastern Meadowlark,8,4,Aug_W4,0.0047337,845.0
Eastern Meadowlark,9,1,Sep_W1,0.0018939,528.0
Eastern Meadowlark,9,2,Sep_W2,0.0015314,653.0
Eastern Meadowlark,9,3,Sep_W3,0.0015674,638.0
Eastern Meadowlark,9,4,Sep_W4,0.0015,753.0
Eastern Meadowlark,10,1,Oct_W1,0.0,630.0
Eastern Meadowlark,10,2,Oct_W2,0.0,578.0
Eastern Meadowlark,10,3,Oct_W3,0.0,488.0
Eastern Meadowlark,10,4,Oct_W4,0.0015,562.0
Eastern Meadowlark,11,1,Nov_W1,0.0,383.0
Eastern Meadowlark,11,2,Nov_W2,0.0,329.0
Eastern Meadowlark,11,3,Nov_W3,0.0,273.0
Eastern Meadowlark,11,4,Nov_W4,0.0,270.0
Eastern Meadowlark,12,1,Dec_W1,0.0,157.0
Eastern Meadowlark,12,2,Dec_W2,0.0,166.0
Eastern Meadowlark,12,3,Dec_W3,0.0,137.0
Eastern Meadowlark,12,4,Dec_W4,0.0,145.0
Orchard Oriole,1,1,Jan_W1,0.0,185.0
Orchard Oriole,1,2,Jan_W2,0.0,88.0
Orchard Oriole,1,3,Jan_W3,0.0,105.0
Orchard Oriole,1,4,Jan_W4,0.0,140.0
Orchard Oriole,2,1,Feb_W1,0.0,123.0
Orchard Oriole,2,2,Feb_W2,0.0,108.0
Orchard Oriole,2,3,Feb_W3,0.0,118.0
Orchard Oriole,2,4,Feb_W4,0.0,70.0
Orchard Oriole,3,1,Mar_W1,0.0,105.0
Orchard Oriole,3,2,Mar_W2,0.0,114.0
Orchard Oriole,3,3,Mar_W3,0.0,142.0
Orchard Oriole,3,4,Mar_W4,0.0,164.0
Orchard Oriole,4,1,Apr_W1,0.0,261.0
Orchard Oriole,4,2,Apr_W2,0.0,364.0
Orchard Oriole,4,3,Apr_W3,0.0,430.0
Orchard Oriole,4,4,Apr_W4,0.0,706.0
Orchard Oriole,5,1,May_W1,0.0,645.0
Orchard Oriole,5,2,May_W2,0.0015,774.0
Orchard Oriole,5,3,May_W3,0.0013072,765.0
Orchard Oriole,5,4,May_W4,0.0,1386.0
Orchard Oriole,6,1,Jun_W1,0.0,855.0
Orchard Oriole,6,2,Jun_W2,0.0026596,752.0
Orchard Oriole,6,3,Jun_W3,0.0,625.0
Orchard Oriole,6,4,Jun_W4,0.0,745.0
Orchard Oriole,7,1,Jul_W1,0.0,695.0
Orchard Oriole,7,2,Jul_W2,0.0,711.0
Orchard Oriole,7,3,Jul_W3,0.0,569.0
Orchard Oriole,7,4,Jul_W4,0.0,883.0
Orchard Oriole,8,1,Aug_W1,0.0,607.0
Orchard Oriole,8,2,Aug_W2,0.0,639.0
Orchard Oriole,8,3,Aug_W3,0.0,586.0
Orchard Oriole,8,4,Aug_W4,0.0011834,845.0
Orchard Oriole,9,1,Sep_W1,0.0,528.0
Orchard Oriole,9,2,Sep_W2,0.0,653.0
Orchard Oriole,9,3,Sep_W3,0.0,638.0
Orchard Oriole,9,4,Sep_W4,0.0,753.0
Orchard Oriole,10,1,Oct_W1,0.0,630.0
Orchard Oriole,10,2,Oct_W2,0.0,578.0
Orchard Oriole,10,3,Oct_W3,0.0,488.0
Orchard Oriole,10,4,Oct_W4,0.0,562.0
Orchard Oriole,11,1,Nov_W1,0.0,383.0
Orchard Oriole,11,2,Nov_W2,0.0,329.0
Orchard Oriole,11,3,Nov_W3,0.0,273.0
Orchard Oriole,11,4,Nov_W4,0.0,270.0
Orchard Oriole,12,1,Dec_W1,0.0,157.0
Orchard Oriole,12,2,Dec_W2,0.0,166.0
Orchard Oriole,12,3,Dec_W3,0.0,137.0
Orchard Oriole,12,4,Dec_W4,0.0,145.0
Baltimore Oriole,1,1,Jan_W1,0.0,185.0
Baltimore Oriole,1,2,Jan_W2,0.0,88.0
Baltimore Oriole,1,3,Jan_W3,0.0,105.0
Baltimore Oriole,1,4,Jan_W4,0.0,140.0
Baltimore Oriole,2,1,Feb_W1,0.0,123.0
Baltimore Oriole,2,2,Feb_W2,0.0,108.0
Baltimore Oriole,2,3,Feb_W3,0.0,118.0
Baltimore Oriole,2,4,Feb_W4,0.0,70.0
Baltimore Oriole,3,1,Mar_W1,0.0,105.0
Baltimore Oriole,3,2,Mar_W2,0.0,114.0
Baltimore Oriole,3,3,Mar_W3,0.0,142.0
Baltimore Oriole,3,4,Mar_W4,0.0,164.0
Baltimore Oriole,4,1,Apr_W1,0.0,261.0
Baltimore Oriole,4,2,Apr_W2,0.0,364.0
Baltimore Oriole,4,3,Apr_W3,0.0,430.0
Baltimore Oriole,4,4,Apr_W4,0.0,706.0
Baltimore Oriole,5,1,May_W1,0.0,645.0
Baltimore Oriole,5,2,May_W2,0.0129199,774.0
Baltimore Oriole,5,3,May_W3,0.0496732,765.0
Baltimore Oriole,5,4,May_W4,0.0606061,1386.0
Baltimore Oriole,6,1,Jun_W1,0.0526316,855.0
Baltimore Oriole,6,2,Jun_W2,0.0531915,752.0
Baltimore Oriole,6,3,Jun_W3,0.0608,625.0
Baltimore Oriole,6,4,Jun_W4,0.0308725,745.0
Baltimore Oriole,7,1,Jul_W1,0.0201439,695.0
Baltimore Oriole,7,2,Jul_W2,0.0098453,711.0
Baltimore Oriole,7,3,Jul_W3,0.0175747,569.0
Baltimore Oriole,7,4,Jul_W4,0.00453,883.0
Baltimore Oriole,8,1,Aug_W1,0.0098847,607.0
Baltimore Oriole,8,2,Aug_W2,0.0109546,639.0
Baltimore Oriole,8,3,Aug_W3,0.0153584,586.0
Baltimore Oriole,8,4,Aug_W4,0.0118343,845.0
Baltimore Oriole,9,1,Sep_W1,0.0,528.0
Baltimore Oriole,9,2,Sep_W2,0.0,653.0
Baltimore Oriole,9,3,Sep_W3,0.0,638.0
Baltimore Oriole,9,4,Sep_W4,0.0,753.0
Baltimore Oriole,10,1,Oct_W1,0.0,630.0
Baltimore Oriole,10,2,Oct_W2,0.0,578.0
Baltimore Oriole,10,3,Oct_W3,0.0,488.0
Baltimore Oriole,10,4,Oct_W4,0.0,562.0
Baltimore Oriole,11,1,Nov_W1,0.0,383.0
Baltimore Oriole,11,2,Nov_W2,0.0,329.0
Baltimore Oriole,11,3,Nov_W3,0.0,273.0
Baltimore Oriole,11,4,Nov_W4,0.0,270.0
Baltimore Oriole,12,1,Dec_W1,0.0,157.0
Baltimore Oriole,12,2,Dec_W2,0.0,166.0
Baltimore Oriole,12,3,Dec_W3,0.0,137.0
Baltimore Oriole,12,4,Dec_W4,0.0,145.0
Red-winged Blackbird,1,1,Jan_W1,0.0,185.0
Red-winged Blackbird,1,2,Jan_W2,0.0,88.0
Red-winged Blackbird,1,3,Jan_W3,0.0,105.0
Red-winged Blackbird,1,4,Jan_W4,0.0,140.0
Red-winged Blackbird,2,1,Feb_W1,0.0081301,123.0
Red-winged Blackbird,2,2,Feb_W2,0.0,108.0
Red-winged Blackbird,2,3,Feb_W3,0.0,118.0
Red-winged Blackbird,2,4,Feb_W4,0.0,70.0
Red-winged Blackbird,3,1,Mar_W1,0.0,105.0
Red-winged Blackbird,3,2,Mar_W2,0.0701754,114.0
Red-winged Blackbird,3,3,Mar_W3,0.1549296,142.0
Red-winged Blackbird,3,4,Mar_W4,0.1646341,164.0
Red-winged Blackbird,4,1,Apr_W1,0.2681992,261.0
Red-winged Blackbird,4,2,Apr_W2,0.271978,364.0
Red-winged Blackbird,4,3,Apr_W3,0.2348837,430.0
Red-winged Blackbird,4,4,Apr_W4,0.2875354,706.0
Red-winged Blackbird,5,1,May_W1,0.3364341,645.0
Red-winged Blackbird,5,2,May_W2,0.3268734,774.0
Red-winged Blackbird,5,3,May_W3,0.330719,765.0
Red-winged Blackbird,5,4,May_W4,0.3080808,1386.0
Red-winged Blackbird,6,1,Jun_W1,0.322807,855.0
Red-winged Blackbird,6,2,Jun_W2,0.3125,752.0
Red-winged Blackbird,6,3,Jun_W3,0.2688,625.0
Red-winged Blackbird,6,4,Jun_W4,0.2577181,745.0
Red-winged Blackbird,7,1,Jul_W1,0.247482,695.0
Red-winged Blackbird,7,2,Jul_W2,0.2039381,711.0
Red-winged Blackbird,7,3,Jul_W3,0.202109,569.0
Red-winged Blackbird,7,4,Jul_W4,0.1438279,883.0
Red-winged Blackbird,8,1,Aug_W1,0.1120264,607.0
Red-winged Blackbird,8,2,Aug_W2,0.0782473,639.0
Red-winged Blackbird,8,3,Aug_W3,0.0358362,586.0
Red-winged Blackbird,8,4,Aug_W4,0.0177515,845.0
Red-winged Blackbird,9,1,Sep_W1,0.0037879,528.0
Red-winged Blackbird,9,2,Sep_W2,0.0045942,653.0
Red-winged Blackbird,9,3,Sep_W3,0.0062696,638.0
Red-winged Blackbird,9,4,Sep_W4,0.0132802,753.0
Red-winged Blackbird,10,1,Oct_W1,0.0111111,630.0
Red-winged Blackbird,10,2,Oct_W2,0.0121107,578.0
Red-winged Blackbird,10,3,Oct_W3,0.0184426,488.0
Red-winged Blackbird,10,4,Oct_W4,0.0124555,562.0
Red-winged Blackbird,11,1,Nov_W1,0.002611,383.0
Red-winged Blackbird,11,2,Nov_W2,0.0243161,329.0
Red-winged Blackbird,11,3,Nov_W3,0.007326,273.0
Red-winged Blackbird,11,4,Nov_W4,0.0,270.0
Red-winged Blackbird,12,1,Dec_W1,0.0191083,157.0
Red-winged Blackbird,12,2,Dec_W2,0.0,166.0
Red-winged Blackbird,12,3,Dec_W3,0.0,137.0
Red-winged Blackbird,12,4,Dec_W4,0.0068966,145.0
Brown-headed Cowbird,1,1,Jan_W1,0.0,185.0
Brown-headed Cowbird,1,2,Jan_W2,0.0,88.0
Brown-headed Cowbird,1,3,Jan_W3,0.0,105.0
Brown-headed Cowbird,1,4,Jan_W4,0.0,140.0
Brown-headed Cowbird,2,1,Feb_W1,0.0,123.0
Brown-headed Cowbird,2,2,Feb_W2,0.0,108.0
Brown-headed Cowbird,2,3,Feb_W3,0.0,118.0
Brown-headed Cowbird,2,4,Feb_W4,0.0,70.0
Brown-headed Cowbird,3,1,Mar_W1,0.0,105.0
Brown-headed Cowbird,3,2,Mar_W2,0.0,114.0
Brown-headed Cowbird,3,3,Mar_W3,0.0,142.0
Brown-headed Cowbird,3,4,Mar_W4,0.0,164.0
Brown-headed Cowbird,4,1,Apr_W1,0.0229885,261.0
Brown-headed Cowbird,4,2,Apr_W2,0.0521978,364.0
Brown-headed Cowbird,4,3,Apr_W3,0.0465116,430.0
Brown-headed Cowbird,4,4,Apr_W4,0.0665722,706.0
Brown-headed Cowbird,5,1,May_W1,0.0511628,645.0
Brown-headed Cowbird,5,2,May_W2,0.0322997,774.0
Brown-headed Cowbird,5,3,May_W3,0.0352941,765.0
Brown-headed Cowbird,5,4,May_W4,0.038961,1386.0
Brown-headed Cowbird,6,1,Jun_W1,0.0362573,855.0
Brown-headed Cowbird,6,2,Jun_W2,0.037234,752.0
Brown-headed Cowbird,6,3,Jun_W3,0.0272,625.0
Brown-headed Cowbird,6,4,Jun_W4,0.0187919,745.0
Brown-headed Cowbird,7,1,Jul_W1,0.018705,695.0
Brown-headed Cowbird,7,2,Jul_W2,0.0154712,711.0
Brown-headed Cowbird,7,3,Jul_W3,0.0052724,569.0
Brown-headed Cowbird,7,4,Jul_W4,0.0,883.0
Brown-headed Cowbird,8,1,Aug_W1,0.0016474,607.0
Brown-headed Cowbird,8,2,Aug_W2,0.0015,639.0
Brown-headed Cowbird,8,3,Aug_W3,0.0017065,586.0
Brown-headed Cowbird,8,4,Aug_W4,0.0,845.0
Brown-headed Cowbird,9,1,Sep_W1,0.0018939,528.0
Brown-headed Cowbird,9,2,Sep_W2,0.0,653.0
Brown-headed Cowbird,9,3,Sep_W3,0.0031348,638.0
Brown-headed Cowbird,9,4,Sep_W4,0.0,753.0
Brown-headed Cowbird,10,1,Oct_W1,0.0015873,630.0
Brown-headed Cowbird,10,2,Oct_W2,0.0,578.0
Brown-headed Cowbird,10,3,Oct_W3,0.0,488.0
Brown-headed Cowbird,10,4,Oct_W4,0.0,562.0
Brown-headed Cowbird,11,1,Nov_W1,0.0,383.0
Brown-headed Cowbird,11,2,Nov_W2,0.0,329.0
Brown-headed Cowbird,11,3,Nov_W3,0.0,273.0
Brown-headed Cowbird,11,4,Nov_W4,0.0,270.0
Brown-headed Cowbird,12,1,Dec_W1,0.0,157.0
Brown-headed Cowbird,12,2,Dec_W2,0.0,166.0
Brown-headed Cowbird,12,3,Dec_W3,0.0,137.0
Brown-headed Cowbird,12,4,Dec_W4,0.0,145.0
Rusty Blackbird,1,1,Jan_W1,0.0,185.0
Rusty Blackbird,1,2,Jan_W2,0.0,88.0
Rusty Blackbird,1,3,Jan_W3,0.0,105.0
Rusty Blackbird,1,4,Jan_W4,0.0,140.0
Rusty Blackbird,2,1,Feb_W1,0.0,123.0
Rusty Blackbird,2,2,Feb_W2,0.0,108.0
Rusty Blackbird,2,3,Feb_W3,0.0,118.0
Rusty Blackbird,2,4,Feb_W4,0.0,70.0
Rusty Blackbird,3,1,Mar_W1,0.0,105.0
Rusty Blackbird,3,2,Mar_W2,0.0,114.0
Rusty Blackbird,3,3,Mar_W3,0.0,142.0
Rusty Blackbird,3,4,Mar_W4,0.0,164.0
Rusty Blackbird,4,1,Apr_W1,0.0038314,261.0
Rusty Blackbird,4,2,Apr_W2,0.010989,364.0
Rusty Blackbird,4,3,Apr_W3,0.0162791,430.0
Rusty Blackbird,4,4,Apr_W4,0.0226629,706.0
Rusty Blackbird,5,1,May_W1,0.0077519,645.0
Rusty Blackbird,5,2,May_W2,0.003876,774.0
Rusty Blackbird,5,3,May_W3,0.0026144,765.0
Rusty Blackbird,5,4,May_W4,0.0,1386.0
Rusty Blackbird,6,1,Jun_W1,0.0,855.0
Rusty Blackbird,6,2,Jun_W2,0.0,752.0
Rusty Blackbird,6,3,Jun_W3,0.0,625.0
Rusty Blackbird,6,4,Jun_W4,0.0,745.0
Rusty Blackbird,7,1,Jul_W1,0.0,695.0
Rusty Blackbird,7,2,Jul_W2,0.0,711.0
Rusty Blackbird,7,3,Jul_W3,0.0,569.0
Rusty Blackbird,7,4,Jul_W4,0.0,883.0
Rusty Blackbird,8,1,Aug_W1,0.0,607.0
Rusty Blackbird,8,2,Aug_W2,0.0,639.0
Rusty Blackbird,8,3,Aug_W3,0.0,586.0
Rusty Blackbird,8,4,Aug_W4,0.0,845.0
Rusty Blackbird,9,1,Sep_W1,0.0015,528.0
Rusty Blackbird,9,2,Sep_W2,0.0091884,653.0
Rusty Blackbird,9,3,Sep_W3,0.0047022,638.0
Rusty Blackbird,9,4,Sep_W4,0.0225764,753.0
Rusty Blackbird,10,1,Oct_W1,0.0365079,630.0
Rusty Blackbird,10,2,Oct_W2,0.0363322,578.0
Rusty Blackbird,10,3,Oct_W3,0.057377,488.0
Rusty Blackbird,10,4,Oct_W4,0.0355872,562.0
Rusty Blackbird,11,1,Nov_W1,0.002611,383.0
Rusty Blackbird,11,2,Nov_W2,0.006079,329.0
Rusty Blackbird,11,3,Nov_W3,0.0,273.0
Rusty Blackbird,11,4,Nov_W4,0.0,270.0
Rusty Blackbird,12,1,Dec_W1,0.0,157.0
Rusty Blackbird,12,2,Dec_W2,0.0,166.0
Rusty Blackbird,12,3,Dec_W3,0.0072993,137.0
Rusty Blackbird,12,4,Dec_W4,0.0,145.0
Brewer's Blackbird,1,1,Jan_W1,0.0,185.0
Brewer's Blackbird,1,2,Jan_W2,0.0,88.0
Brewer's Blackbird,1,3,Jan_W3,0.0,105.0
Brewer's Blackbird,1,4,Jan_W4,0.0,140.0
Brewer's Blackbird,2,1,Feb_W1,0.0,123.0
Brewer's Blackbird,2,2,Feb_W2,0.0,108.0
Brewer's Blackbird,2,3,Feb_W3,0.0,118.0
Brewer's Blackbird,2,4,Feb_W4,0.0,70.0
Brewer's Blackbird,3,1,Mar_W1,0.0,105.0
Brewer's Blackbird,3,2,Mar_W2,0.0,114.0
Brewer's Blackbird,3,3,Mar_W3,0.0,142.0
Brewer's Blackbird,3,4,Mar_W4,0.0,164.0
Brewer's Blackbird,4,1,Apr_W1,0.0,261.0
Brewer's Blackbird,4,2,Apr_W2,0.0,364.0
Brewer's Blackbird,4,3,Apr_W3,0.0,430.0
Brewer's Blackbird,4,4,Apr_W4,0.0056657,706.0
Brewer's Blackbird,5,1,May_W1,0.0046512,645.0
Brewer's Blackbird,5,2,May_W2,0.003876,774.0
Brewer's Blackbird,5,3,May_W3,0.0026144,765.0
Brewer's Blackbird,5,4,May_W4,0.005772,1386.0
Brewer's Blackbird,6,1,Jun_W1,0.0046784,855.0
Brewer's Blackbird,6,2,Jun_W2,0.0066489,752.0
Brewer's Blackbird,6,3,Jun_W3,0.008,625.0
Brewer's Blackbird,6,4,Jun_W4,0.0026846,745.0
Brewer's Blackbird,7,1,Jul_W1,0.0057554,695.0
Brewer's Blackbird,7,2,Jul_W2,0.0056259,711.0
Brewer's Blackbird,7,3,Jul_W3,0.0105448,569.0
Brewer's Blackbird,7,4,Jul_W4,0.0011325,883.0
Brewer's Blackbird,8,1,Aug_W1,0.0,607.0
Brewer's Blackbird,8,2,Aug_W2,0.0,639.0
Brewer's Blackbird,8,3,Aug_W3,0.0,586.0
Brewer's Blackbird,8,4,Aug_W4,0.0,845.0
Brewer's Blackbird,9,1,Sep_W1,0.0,528.0
Brewer's Blackbird,9,2,Sep_W2,0.0,653.0
Brewer's Blackbird,9,3,Sep_W3,0.0,638.0
Brewer's Blackbird,9,4,Sep_W4,0.002656,753.0
Brewer's Blackbird,10,1,Oct_W1,0.0,630.0
Brewer's Blackbird,10,2,Oct_W2,0.0,578.0
Brewer's Blackbird,10,3,Oct_W3,0.0,488.0
Brewer's Blackbird,10,4,Oct_W4,0.0,562.0
Brewer's Blackbird,11,1,Nov_W1,0.0,383.0
Brewer's Blackbird,11,2,Nov_W2,0.0,329.0
Brewer's Blackbird,11,3,Nov_W3,0.0,273.0
Brewer's Blackbird,11,4,Nov_W4,0.0,270.0
Brewer's Blackbird,12,1,Dec_W1,0.0,157.0
Brewer's Blackbird,12,2,Dec_W2,0.0,166.0
Brewer's Blackbird,12,3,Dec_W3,0.0,137.0
Brewer's Blackbird,12,4,Dec_W4,0.0,145.0
Common Grackle,1,1,Jan_W1,0.0054054,185.0
Common Grackle,1,2,Jan_W2,0.0,88.0
Common Grackle,1,3,Jan_W3,0.0,105.0
Common Grackle,1,4,Jan_W4,0.0,140.0
Common Grackle,2,1,Feb_W1,0.0081301,123.0
Common Grackle,2,2,Feb_W2,0.0,108.0
Common Grackle,2,3,Feb_W3,0.0169492,118.0
Common Grackle,2,4,Feb_W4,0.0,70.0
Common Grackle,3,1,Mar_W1,0.0,105.0
Common Grackle,3,2,Mar_W2,0.0175439,114.0
Common Grackle,3,3,Mar_W3,0.0915493,142.0
Common Grackle,3,4,Mar_W4,0.1097561,164.0
Common Grackle,4,1,Apr_W1,0.2413793,261.0
Common Grackle,4,2,Apr_W2,0.2335165,364.0
Common Grackle,4,3,Apr_W3,0.2209302,430.0
Common Grackle,4,4,Apr_W4,0.2450425,706.0
Common Grackle,5,1,May_W1,0.2356589,645.0
Common Grackle,5,2,May_W2,0.2583979,774.0
Common Grackle,5,3,May_W3,0.2457516,765.0
Common Grackle,5,4,May_W4,0.2373737,1386.0
Common Grackle,6,1,Jun_W1,0.2795322,855.0
Common Grackle,6,2,Jun_W2,0.2566489,752.0
Common Grackle,6,3,Jun_W3,0.2336,625.0
Common Grackle,6,4,Jun_W4,0.2,745.0
Common Grackle,7,1,Jul_W1,0.1496403,695.0
Common Grackle,7,2,Jul_W2,0.1125176,711.0
Common Grackle,7,3,Jul_W3,0.1107206,569.0
Common Grackle,7,4,Jul_W4,0.0577576,883.0
Common Grackle,8,1,Aug_W1,0.062603,607.0
Common Grackle,8,2,Aug_W2,0.0359937,639.0
Common Grackle,8,3,Aug_W3,0.0375427,586.0
Common Grackle,8,4,Aug_W4,0.0426036,845.0
Common Grackle,9,1,Sep_W1,0.0189394,528.0
Common Grackle,9,2,Sep_W2,0.0137825,653.0
Common Grackle,9,3,Sep_W3,0.0188088,638.0
Common Grackle,9,4,Sep_W4,0.0199203,753.0
Common Grackle,10,1,Oct_W1,0.0174603,630.0
Common Grackle,10,2,Oct_W2,0.0155709,578.0
Common Grackle,10,3,Oct_W3,0.0143443,488.0
Common Grackle,10,4,Oct_W4,0.0124555,562.0
Common Grackle,11,1,Nov_W1,0.002611,383.0
Common Grackle,11,2,Nov_W2,0.0151976,329.0
Common Grackle,11,3,Nov_W3,0.007326,273.0
Common Grackle,11,4,Nov_W4,0.0074074,270.0
Common Grackle,12,1,Dec_W1,0.0318471,157.0
Common Grackle,12,2,Dec_W2,0.0060241,166.0
Common Grackle,12,3,Dec_W3,0.0,137.0
Common Grackle,12,4,Dec_W4,0.0206897,145.0
Ovenbird,1,1,Jan_W1,0.0,185.0
Ovenbird,1,2,Jan_W2,0.0,88.0
Ovenbird,1,3,Jan_W3,0.0,105.0
Ovenbird,1,4,Jan_W4,0.0,140.0
Ovenbird,2,1,Feb_W1,0.0,123.0
Ovenbird,2,2,Feb_W2,0.0,108.0
Ovenbird,2,3,Feb_W3,0.0,118.0
Ovenbird,2,4,Feb_W4,0.0,70.0
Ovenbird,3,1,Mar_W1,0.0,105.0
Ovenbird,3,2,Mar_W2,0.0,114.0
Ovenbird,3,3,Mar_W3,0.0,142.0
Ovenbird,3,4,Mar_W4,0.0,164.0
Ovenbird,4,1,Apr_W1,0.0,261.0
Ovenbird,4,2,Apr_W2,0.0,364.0
Ovenbird,4,3,Apr_W3,0.0,430.0
Ovenbird,4,4,Apr_W4,0.0,706.0
Ovenbird,5,1,May_W1,0.0186047,645.0
Ovenbird,5,2,May_W2,0.0633075,774.0
Ovenbird,5,3,May_W3,0.2313725,765.0
Ovenbird,5,4,May_W4,0.3253968,1386.0
Ovenbird,6,1,Jun_W1,0.3122807,855.0
Ovenbird,6,2,Jun_W2,0.331117,752.0
Ovenbird,6,3,Jun_W3,0.2944,625.0
Ovenbird,6,4,Jun_W4,0.2657718,745.0
Ovenbird,7,1,Jul_W1,0.1913669,695.0
Ovenbird,7,2,Jul_W2,0.1518987,711.0
Ovenbird,7,3,Jul_W3,0.0773286,569.0
Ovenbird,7,4,Jul_W4,0.0203851,883.0
Ovenbird,8,1,Aug_W1,0.0263591,607.0
Ovenbird,8,2,Aug_W2,0.0406886,639.0
Ovenbird,8,3,Aug_W3,0.0204778,586.0
Ovenbird,8,4,Aug_W4,0.0201183,845.0
Ovenbird,9,1,Sep_W1,0.0227273,528.0
Ovenbird,9,2,Sep_W2,0.0183767,653.0
Ovenbird,9,3,Sep_W3,0.0062696,638.0
Ovenbird,9,4,Sep_W4,0.0,753.0
Ovenbird,10,1,Oct_W1,0.0,630.0
Ovenbird,10,2,Oct_W2,0.0017301,578.0
Ovenbird,10,3,Oct_W3,0.0,488.0
Ovenbird,10,4,Oct_W4,0.0,562.0
Ovenbird,11,1,Nov_W1,0.0,383.0
Ovenbird,11,2,Nov_W2,0.0,329.0
Ovenbird,11,3,Nov_W3,0.0015,273.0
Ovenbird,11,4,Nov_W4,0.0,270.0
Ovenbird,12,1,Dec_W1,0.0,157.0
Ovenbird,12,2,Dec_W2,0.0,166.0
Ovenbird,12,3,Dec_W3,0.0,137.0
Ovenbird,12,4,Dec_W4,0.0,145.0
Northern Waterthrush,1,1,Jan_W1,0.0,185.0
Northern Waterthrush,1,2,Jan_W2,0.0,88.0
Northern Waterthrush,1,3,Jan_W3,0.0,105.0
Northern Waterthrush,1,4,Jan_W4,0.0,140.0
Northern Waterthrush,2,1,Feb_W1,0.0,123.0
Northern Waterthrush,2,2,Feb_W2,0.0,108.0
Northern Waterthrush,2,3,Feb_W3,0.0,118.0
Northern Waterthrush,2,4,Feb_W4,0.0,70.0
Northern Waterthrush,3,1,Mar_W1,0.0,105.0
Northern Waterthrush,3,2,Mar_W2,0.0,114.0
Northern Waterthrush,3,3,Mar_W3,0.0,142.0
Northern Waterthrush,3,4,Mar_W4,0.0,164.0
Northern Waterthrush,4,1,Apr_W1,0.0,261.0
Northern Waterthrush,4,2,Apr_W2,0.0,364.0
Northern Waterthrush,4,3,Apr_W3,0.0,430.0
Northern Waterthrush,4,4,Apr_W4,0.0014164,706.0
Northern Waterthrush,5,1,May_W1,0.027907,645.0
Northern Waterthrush,5,2,May_W2,0.0671835,774.0
Northern Waterthrush,5,3,May_W3,0.0901961,765.0
Northern Waterthrush,5,4,May_W4,0.0923521,1386.0
Northern Waterthrush,6,1,Jun_W1,0.0631579,855.0
Northern Waterthrush,6,2,Jun_W2,0.0505319,752.0
Northern Waterthrush,6,3,Jun_W3,0.0432,625.0
Northern Waterthrush,6,4,Jun_W4,0.0214765,745.0
Northern Waterthrush,7,1,Jul_W1,0.018705,695.0
Northern Waterthrush,7,2,Jul_W2,0.0070323,711.0
Northern Waterthrush,7,3,Jul_W3,0.0123023,569.0
Northern Waterthrush,7,4,Jul_W4,0.011325,883.0
Northern Waterthrush,8,1,Aug_W1,0.0065898,607.0
Northern Waterthrush,8,2,Aug_W2,0.0203443,639.0
Northern Waterthrush,8,3,Aug_W3,0.0136519,586.0
Northern Waterthrush,8,4,Aug_W4,0.008284,845.0
Northern Waterthrush,9,1,Sep_W1,0.0113636,528.0
Northern Waterthrush,9,2,Sep_W2,0.0061256,653.0
Northern Waterthrush,9,3,Sep_W3,0.0031348,638.0
Northern Waterthrush,9,4,Sep_W4,0.001328,753.0
Northern Waterthrush,10,1,Oct_W1,0.0031746,630.0
Northern Waterthrush,10,2,Oct_W2,0.0,578.0
Northern Waterthrush,10,3,Oct_W3,0.0,488.0
Northern Waterthrush,10,4,Oct_W4,0.0,562.0
Northern Waterthrush,11,1,Nov_W1,0.0,383.0
Northern Waterthrush,11,2,Nov_W2,0.0,329.0
Northern Waterthrush,11,3,Nov_W3,0.0,273.0
Northern Waterthrush,11,4,Nov_W4,0.0,270.0
Northern Waterthrush,12,1,Dec_W1,0.0,157.0
Northern Waterthrush,12,2,Dec_W2,0.0,166.0
Northern Waterthrush,12,3,Dec_W3,0.0,137.0
Northern Waterthrush,12,4,Dec_W4,0.0,145.0
Golden-winged Warbler,1,1,Jan_W1,0.0,185.0
Golden-winged Warbler,1,2,Jan_W2,0.0,88.0
Golden-winged Warbler,1,3,Jan_W3,0.0,105.0
Golden-winged Warbler,1,4,Jan_W4,0.0,140.0
Golden-winged Warbler,2,1,Feb_W1,0.0,123.0
Golden-winged Warbler,2,2,Feb_W2,0.0,108.0
Golden-winged Warbler,2,3,Feb_W3,0.0,118.0
Golden-winged Warbler,2,4,Feb_W4,0.0,70.0
Golden-winged Warbler,3,1,Mar_W1,0.0,105.0
Golden-winged Warbler,3,2,Mar_W2,0.0,114.0
Golden-winged Warbler,3,3,Mar_W3,0.0,142.0
Golden-winged Warbler,3,4,Mar_W4,0.0,164.0
Golden-winged Warbler,4,1,Apr_W1,0.0,261.0
Golden-winged Warbler,4,2,Apr_W2,0.0,364.0
Golden-winged Warbler,4,3,Apr_W3,0.0,430.0
Golden-winged Warbler,4,4,Apr_W4,0.0,706.0
Golden-winged Warbler,5,1,May_W1,0.0,645.0
Golden-winged Warbler,5,2,May_W2,0.001292,774.0
Golden-winged Warbler,5,3,May_W3,0.0013072,765.0
Golden-winged Warbler,5,4,May_W4,0.007215,1386.0
Golden-winged Warbler,6,1,Jun_W1,0.0046784,855.0
Golden-winged Warbler,6,2,Jun_W2,0.0106383,752.0
Golden-winged Warbler,6,3,Jun_W3,0.008,625.0
Golden-winged Warbler,6,4,Jun_W4,0.0040268,745.0
Golden-winged Warbler,7,1,Jul_W1,0.0086331,695.0
Golden-winged Warbler,7,2,Jul_W2,0.0014065,711.0
Golden-winged Warbler,7,3,Jul_W3,0.0017575,569.0
Golden-winged Warbler,7,4,Jul_W4,0.006795,883.0
Golden-winged Warbler,8,1,Aug_W1,0.0049423,607.0
Golden-winged Warbler,8,2,Aug_W2,0.0031299,639.0
Golden-winged Warbler,8,3,Aug_W3,0.0015,586.0
Golden-winged Warbler,8,4,Aug_W4,0.0035503,845.0
Golden-winged Warbler,9,1,Sep_W1,0.0,528.0
Golden-winged Warbler,9,2,Sep_W2,0.0,653.0
Golden-winged Warbler,9,3,Sep_W3,0.0,638.0
Golden-winged Warbler,9,4,Sep_W4,0.0,753.0
Golden-winged Warbler,10,1,Oct_W1,0.0,630.0
Golden-winged Warbler,10,2,Oct_W2,0.0,578.0
Golden-winged Warbler,10,3,Oct_W3,0.0,488.0
Golden-winged Warbler,10,4,Oct_W4,0.0,562.0
Golden-winged Warbler,11,1,Nov_W1,0.0,383.0
Golden-winged Warbler,11,2,Nov_W2,0.0,329.0
Golden-winged Warbler,11,3,Nov_W3,0.0,273.0
Golden-winged Warbler,11,4,Nov_W4,0.0,270.0
Golden-winged Warbler,12,1,Dec_W1,0.0,157.0
Golden-winged Warbler,12,2,Dec_W2,0.0,166.0
Golden-winged Warbler,12,3,Dec_W3,0.0,137.0
Golden-winged Warbler,12,4,Dec_W4,0.0,145.0
Blue-winged Warbler,1,1,Jan_W1,0.0,185.0
Blue-winged Warbler,1,2,Jan_W2,0.0,88.0
Blue-winged Warbler,1,3,Jan_W3,0.0,105.0
Blue-winged Warbler,1,4,Jan_W4,0.0,140.0
Blue-winged Warbler,2,1,Feb_W1,0.0,123.0
Blue-winged Warbler,2,2,Feb_W2,0.0,108.0
Blue-winged Warbler,2,3,Feb_W3,0.0,118.0
Blue-winged Warbler,2,4,Feb_W4,0.0,70.0
Blue-winged Warbler,3,1,Mar_W1,0.0,105.0
Blue-winged Warbler,3,2,Mar_W2,0.0,114.0
Blue-winged Warbler,3,3,Mar_W3,0.0,142.0
Blue-winged Warbler,3,4,Mar_W4,0.0,164.0
Blue-winged Warbler,4,1,Apr_W1,0.0,261.0
Blue-winged Warbler,4,2,Apr_W2,0.0,364.0
Blue-winged Warbler,4,3,Apr_W3,0.0,430.0
Blue-winged Warbler,4,4,Apr_W4,0.0,706.0
Blue-winged Warbler,5,1,May_W1,0.0,645.0
Blue-winged Warbler,5,2,May_W2,0.001292,774.0
Blue-winged Warbler,5,3,May_W3,0.0,765.0
Blue-winged Warbler,5,4,May_W4,0.0007215,1386.0
Blue-winged Warbler,6,1,Jun_W1,0.0,855.0
Blue-winged Warbler,6,2,Jun_W2,0.0026596,752.0
Blue-winged Warbler,6,3,Jun_W3,0.0016,625.0
Blue-winged Warbler,6,4,Jun_W4,0.0013423,745.0
Blue-winged Warbler,7,1,Jul_W1,0.0014388,695.0
Blue-winged Warbler,7,2,Jul_W2,0.0,711.0
Blue-winged Warbler,7,3,Jul_W3,0.0,569.0
Blue-winged Warbler,7,4,Jul_W4,0.0,883.0
Blue-winged Warbler,8,1,Aug_W1,0.0,607.0
Blue-winged Warbler,8,2,Aug_W2,0.0,639.0
Blue-winged Warbler,8,3,Aug_W3,0.0,586.0
Blue-winged Warbler,8,4,Aug_W4,0.0,845.0
Blue-winged Warbler,9,1,Sep_W1,0.0,528.0
Blue-winged Warbler,9,2,Sep_W2,0.0,653.0
Blue-winged Warbler,9,3,Sep_W3,0.0,638.0
Blue-winged Warbler,9,4,Sep_W4,0.0,753.0
Blue-winged Warbler,10,1,Oct_W1,0.0,630.0
Blue-winged Warbler,10,2,Oct_W2,0.0,578.0
Blue-winged Warbler,10,3,Oct_W3,0.0,488.0
Blue-winged Warbler,10,4,Oct_W4,0.0,562.0
Blue-winged Warbler,11,1,Nov_W1,0.0,383.0
Blue-winged Warbler,11,2,Nov_W2,0.0,329.0
Blue-winged Warbler,11,3,Nov_W3,0.0,273.0
Blue-winged Warbler,11,4,Nov_W4,0.0,270.0
Blue-winged Warbler,12,1,Dec_W1,0.0,157.0
Blue-winged Warbler,12,2,Dec_W2,0.0,166.0
Blue-winged Warbler,12,3,Dec_W3,0.0,137.0
Blue-winged Warbler,12,4,Dec_W4,0.0,145.0
Black-and-white Warbler,1,1,Jan_W1,0.0,185.0
Black-and-white Warbler,1,2,Jan_W2,0.0,88.0
Black-and-white Warbler,1,3,Jan_W3,0.0,105.0
Black-and-white Warbler,1,4,Jan_W4,0.0,140.0
Black-and-white Warbler,2,1,Feb_W1,0.0,123.0
Black-and-white Warbler,2,2,Feb_W2,0.0,108.0
Black-and-white Warbler,2,3,Feb_W3,0.0,118.0
Black-and-white Warbler,2,4,Feb_W4,0.0,70.0
Black-and-white Warbler,3,1,Mar_W1,0.0,105.0
Black-and-white Warbler,3,2,Mar_W2,0.0,114.0
Black-and-white Warbler,3,3,Mar_W3,0.0,142.0
Black-and-white Warbler,3,4,Mar_W4,0.0,164.0
Black-and-white Warbler,4,1,Apr_W1,0.0,261.0
Black-and-white Warbler,4,2,Apr_W2,0.0,364.0
Black-and-white Warbler,4,3,Apr_W3,0.0,430.0
Black-and-white Warbler,4,4,Apr_W4,0.0,706.0
Black-and-white Warbler,5,1,May_W1,0.0248062,645.0
Black-and-white Warbler,5,2,May_W2,0.0581395,774.0
Black-and-white Warbler,5,3,May_W3,0.1869281,765.0
Black-and-white Warbler,5,4,May_W4,0.2128427,1386.0
Black-and-white Warbler,6,1,Jun_W1,0.1777778,855.0
Black-and-white Warbler,6,2,Jun_W2,0.1781915,752.0
Black-and-white Warbler,6,3,Jun_W3,0.1824,625.0
Black-and-white Warbler,6,4,Jun_W4,0.1288591,745.0
Black-and-white Warbler,7,1,Jul_W1,0.1021583,695.0
Black-and-white Warbler,7,2,Jul_W2,0.0914205,711.0
Black-and-white Warbler,7,3,Jul_W3,0.086116,569.0
Black-and-white Warbler,7,4,Jul_W4,0.0928652,883.0
Black-and-white Warbler,8,1,Aug_W1,0.1367381,607.0
Black-and-white Warbler,8,2,Aug_W2,0.1283255,639.0
Black-and-white Warbler,8,3,Aug_W3,0.1177474,586.0
Black-and-white Warbler,8,4,Aug_W4,0.1171598,845.0
Black-and-white Warbler,9,1,Sep_W1,0.0795455,528.0
Black-and-white Warbler,9,2,Sep_W2,0.0520674,653.0
Black-and-white Warbler,9,3,Sep_W3,0.0141066,638.0
Black-and-white Warbler,9,4,Sep_W4,0.002656,753.0
Black-and-white Warbler,10,1,Oct_W1,0.0,630.0
Black-and-white Warbler,10,2,Oct_W2,0.0,578.0
Black-and-white Warbler,10,3,Oct_W3,0.0,488.0
Black-and-white Warbler,10,4,Oct_W4,0.0,562.0
Black-and-white Warbler,11,1,Nov_W1,0.0,383.0
Black-and-white Warbler,11,2,Nov_W2,0.0,329.0
Black-and-white Warbler,11,3,Nov_W3,0.0,273.0
Black-and-white Warbler,11,4,Nov_W4,0.0,270.0
Black-and-white Warbler,12,1,Dec_W1,0.0,157.0
Black-and-white Warbler,12,2,Dec_W2,0.0,166.0
Black-and-white Warbler,12,3,Dec_W3,0.0,137.0
Black-and-white Warbler,12,4,Dec_W4,0.0,145.0
Tennessee Warbler,1,1,Jan_W1,0.0,185.0
Tennessee Warbler,1,2,Jan_W2,0.0,88.0
Tennessee Warbler,1,3,Jan_W3,0.0,105.0
Tennessee Warbler,1,4,Jan_W4,0.0,140.0
Tennessee Warbler,2,1,Feb_W1,0.0,123.0
Tennessee Warbler,2,2,Feb_W2,0.0,108.0
Tennessee Warbler,2,3,Feb_W3,0.0,118.0
Tennessee Warbler,2,4,Feb_W4,0.0,70.0
Tennessee Warbler,3,1,Mar_W1,0.0,105.0
Tennessee Warbler,3,2,Mar_W2,0.0,114.0
Tennessee Warbler,3,3,Mar_W3,0.0,142.0
Tennessee Warbler,3,4,Mar_W4,0.0,164.0
Tennessee Warbler,4,1,Apr_W1,0.0,261.0
Tennessee Warbler,4,2,Apr_W2,0.0,364.0
Tennessee Warbler,4,3,Apr_W3,0.0,430.0
Tennessee Warbler,4,4,Apr_W4,0.0,706.0
Tennessee Warbler,5,1,May_W1,0.0015504,645.0
Tennessee Warbler,5,2,May_W2,0.001292,774.0
Tennessee Warbler,5,3,May_W3,0.0235294,765.0
Tennessee Warbler,5,4,May_W4,0.030303,1386.0
Tennessee Warbler,6,1,Jun_W1,0.0035088,855.0
Tennessee Warbler,6,2,Jun_W2,0.0013298,752.0
Tennessee Warbler,6,3,Jun_W3,0.0032,625.0
Tennessee Warbler,6,4,Jun_W4,0.0067114,745.0
Tennessee Warbler,7,1,Jul_W1,0.0,695.0
Tennessee Warbler,7,2,Jul_W2,0.0028129,711.0
Tennessee Warbler,7,3,Jul_W3,0.0,569.0
Tennessee Warbler,7,4,Jul_W4,0.0033975,883.0
Tennessee Warbler,8,1,Aug_W1,0.0131796,607.0
Tennessee Warbler,8,2,Aug_W2,0.0093897,639.0
Tennessee Warbler,8,3,Aug_W3,0.0153584,586.0
Tennessee Warbler,8,4,Aug_W4,0.0627219,845.0
Tennessee Warbler,9,1,Sep_W1,0.0681818,528.0
Tennessee Warbler,9,2,Sep_W2,0.0673813,653.0
Tennessee Warbler,9,3,Sep_W3,0.039185,638.0
Tennessee Warbler,9,4,Sep_W4,0.0252324,753.0
Tennessee Warbler,10,1,Oct_W1,0.0,630.0
Tennessee Warbler,10,2,Oct_W2,0.0,578.0
Tennessee Warbler,10,3,Oct_W3,0.0040984,488.0
Tennessee Warbler,10,4,Oct_W4,0.0,562.0
Tennessee Warbler,11,1,Nov_W1,0.0,383.0
Tennessee Warbler,11,2,Nov_W2,0.0,329.0
Tennessee Warbler,11,3,Nov_W3,0.0,273.0
Tennessee Warbler,11,4,Nov_W4,0.0,270.0
Tennessee Warbler,12,1,Dec_W1,0.0,157.0
Tennessee Warbler,12,2,Dec_W2,0.0,166.0
Tennessee Warbler,12,3,Dec_W3,0.0,137.0
Tennessee Warbler,12,4,Dec_W4,0.0,145.0
Orange-crowned Warbler,1,1,Jan_W1,0.0,185.0
Orange-crowned Warbler,1,2,Jan_W2,0.0113636,88.0
Orange-crowned Warbler,1,3,Jan_W3,0.0095238,105.0
Orange-crowned Warbler,1,4,Jan_W4,0.0,140.0
Orange-crowned Warbler,2,1,Feb_W1,0.0,123.0
Orange-crowned Warbler,2,2,Feb_W2,0.0,108.0
Orange-crowned Warbler,2,3,Feb_W3,0.0,118.0
Orange-crowned Warbler,2,4,Feb_W4,0.0,70.0
Orange-crowned Warbler,3,1,Mar_W1,0.0,105.0
Orange-crowned Warbler,3,2,Mar_W2,0.0,114.0
Orange-crowned Warbler,3,3,Mar_W3,0.0,142.0
Orange-crowned Warbler,3,4,Mar_W4,0.0,164.0
Orange-crowned Warbler,4,1,Apr_W1,0.0,261.0
Orange-crowned Warbler,4,2,Apr_W2,0.0,364.0
Orange-crowned Warbler,4,3,Apr_W3,0.0,430.0
Orange-crowned Warbler,4,4,Apr_W4,0.0,706.0
Orange-crowned Warbler,5,1,May_W1,0.0077519,645.0
Orange-crowned Warbler,5,2,May_W2,0.0064599,774.0
Orange-crowned Warbler,5,3,May_W3,0.027451,765.0
Orange-crowned Warbler,5,4,May_W4,0.007215,1386.0
Orange-crowned Warbler,6,1,Jun_W1,0.0,855.0
Orange-crowned Warbler,6,2,Jun_W2,0.0,752.0
Orange-crowned Warbler,6,3,Jun_W3,0.0,625.0
Orange-crowned Warbler,6,4,Jun_W4,0.0,745.0
Orange-crowned Warbler,7,1,Jul_W1,0.0,695.0
Orange-crowned Warbler,7,2,Jul_W2,0.0,711.0
Orange-crowned Warbler,7,3,Jul_W3,0.0,569.0
Orange-crowned Warbler,7,4,Jul_W4,0.0,883.0
Orange-crowned Warbler,8,1,Aug_W1,0.0,607.0
Orange-crowned Warbler,8,2,Aug_W2,0.0,639.0
Orange-crowned Warbler,8,3,Aug_W3,0.0,586.0
Orange-crowned Warbler,8,4,Aug_W4,0.0,845.0
Orange-crowned Warbler,9,1,Sep_W1,0.0,528.0
Orange-crowned Warbler,9,2,Sep_W2,0.0045942,653.0
Orange-crowned Warbler,9,3,Sep_W3,0.0109718,638.0
Orange-crowned Warbler,9,4,Sep_W4,0.0239044,753.0
Orange-crowned Warbler,10,1,Oct_W1,0.0285714,630.0
Orange-crowned Warbler,10,2,Oct_W2,0.0138408,578.0
Orange-crowned Warbler,10,3,Oct_W3,0.0081967,488.0
Orange-crowned Warbler,10,4,Oct_W4,0.0088968,562.0
Orange-crowned Warbler,11,1,Nov_W1,0.0,383.0
Orange-crowned Warbler,11,2,Nov_W2,0.0,329.0
Orange-crowned Warbler,11,3,Nov_W3,0.0,273.0
Orange-crowned Warbler,11,4,Nov_W4,0.0,270.0
Orange-crowned Warbler,12,1,Dec_W1,0.0,157.0
Orange-crowned Warbler,12,2,Dec_W2,0.0,166.0
Orange-crowned Warbler,12,3,Dec_W3,0.0,137.0
Orange-crowned Warbler,12,4,Dec_W4,0.0,145.0
Nashville Warbler,1,1,Jan_W1,0.0,185.0
Nashville Warbler,1,2,Jan_W2,0.0,88.0
Nashville Warbler,1,3,Jan_W3,0.0,105.0
Nashville Warbler,1,4,Jan_W4,0.0,140.0
Nashville Warbler,2,1,Feb_W1,0.0,123.0
Nashville Warbler,2,2,Feb_W2,0.0,108.0
Nashville Warbler,2,3,Feb_W3,0.0,118.0
Nashville Warbler,2,4,Feb_W4,0.0,70.0
Nashville Warbler,3,1,Mar_W1,0.0,105.0
Nashville Warbler,3,2,Mar_W2,0.0,114.0
Nashville Warbler,3,3,Mar_W3,0.0,142.0
Nashville Warbler,3,4,Mar_W4,0.0,164.0
Nashville Warbler,4,1,Apr_W1,0.0,261.0
Nashville Warbler,4,2,Apr_W2,0.0,364.0
Nashville Warbler,4,3,Apr_W3,0.0,430.0
Nashville Warbler,4,4,Apr_W4,0.0,706.0
Nashville Warbler,5,1,May_W1,0.0186047,645.0
Nashville Warbler,5,2,May_W2,0.0581395,774.0
Nashville Warbler,5,3,May_W3,0.1751634,765.0
Nashville Warbler,5,4,May_W4,0.2186147,1386.0
Nashville Warbler,6,1,Jun_W1,0.2187135,855.0
Nashville Warbler,6,2,Jun_W2,0.2619681,752.0
Nashville Warbler,6,3,Jun_W3,0.2496,625.0
Nashville Warbler,6,4,Jun_W4,0.1798658,745.0
Nashville Warbler,7,1,Jul_W1,0.1280576,695.0
Nashville Warbler,7,2,Jul_W2,0.0703235,711.0
Nashville Warbler,7,3,Jul_W3,0.0702988,569.0
Nashville Warbler,7,4,Jul_W4,0.0634202,883.0
Nashville Warbler,8,1,Aug_W1,0.1004942,607.0
Nashville Warbler,8,2,Aug_W2,0.1126761,639.0
Nashville Warbler,8,3,Aug_W3,0.1194539,586.0
Nashville Warbler,8,4,Aug_W4,0.1349112,845.0
Nashville Warbler,9,1,Sep_W1,0.1174242,528.0
Nashville Warbler,9,2,Sep_W2,0.0872894,653.0
Nashville Warbler,9,3,Sep_W3,0.0454545,638.0
Nashville Warbler,9,4,Sep_W4,0.0332005,753.0
Nashville Warbler,10,1,Oct_W1,0.0079365,630.0
Nashville Warbler,10,2,Oct_W2,0.0017301,578.0
Nashville Warbler,10,3,Oct_W3,0.0040984,488.0
Nashville Warbler,10,4,Oct_W4,0.0,562.0
Nashville Warbler,11,1,Nov_W1,0.0,383.0
Nashville Warbler,11,2,Nov_W2,0.0,329.0
Nashville Warbler,11,3,Nov_W3,0.0015,273.0
Nashville Warbler,11,4,Nov_W4,0.0,270.0
Nashville Warbler,12,1,Dec_W1,0.0,157.0
Nashville Warbler,12,2,Dec_W2,0.0,166.0
Nashville Warbler,12,3,Dec_W3,0.0,137.0
Nashville Warbler,12,4,Dec_W4,0.0,145.0
Virginia's Warbler,1,1,Jan_W1,0.0,185.0
Virginia's Warbler,1,2,Jan_W2,0.0,88.0
Virginia's Warbler,1,3,Jan_W3,0.0,105.0
Virginia's Warbler,1,4,Jan_W4,0.0,140.0
Virginia's Warbler,2,1,Feb_W1,0.0,123.0
Virginia's Warbler,2,2,Feb_W2,0.0,108.0
Virginia's Warbler,2,3,Feb_W3,0.0,118.0
Virginia's Warbler,2,4,Feb_W4,0.0,70.0
Virginia's Warbler,3,1,Mar_W1,0.0,105.0
Virginia's Warbler,3,2,Mar_W2,0.0,114.0
Virginia's Warbler,3,3,Mar_W3,0.0,142.0
Virginia's Warbler,3,4,Mar_W4,0.0,164.0
Virginia's Warbler,4,1,Apr_W1,0.0,261.0
Virginia's Warbler,4,2,Apr_W2,0.0,364.0
Virginia's Warbler,4,3,Apr_W3,0.0,430.0
Virginia's Warbler,4,4,Apr_W4,0.0,706.0
Virginia's Warbler,5,1,May_W1,0.0,645.0
Virginia's Warbler,5,2,May_W2,0.0015,774.0
Virginia's Warbler,5,3,May_W3,0.0,765.0
Virginia's Warbler,5,4,May_W4,0.0,1386.0
Virginia's Warbler,6,1,Jun_W1,0.0,855.0
Virginia's Warbler,6,2,Jun_W2,0.0,752.0
Virginia's Warbler,6,3,Jun_W3,0.0,625.0
Virginia's Warbler,6,4,Jun_W4,0.0,745.0
Virginia's Warbler,7,1,Jul_W1,0.0,695.0
Virginia's Warbler,7,2,Jul_W2,0.0,711.0
Virginia's Warbler,7,3,Jul_W3,0.0,569.0
Virginia's Warbler,7,4,Jul_W4,0.0,883.0
Virginia's Warbler,8,1,Aug_W1,0.0,607.0
Virginia's Warbler,8,2,Aug_W2,0.0,639.0
Virginia's Warbler,8,3,Aug_W3,0.0,586.0
Virginia's Warbler,8,4,Aug_W4,0.0,845.0
Virginia's Warbler,9,1,Sep_W1,0.0,528.0
Virginia's Warbler,9,2,Sep_W2,0.0,653.0
Virginia's Warbler,9,3,Sep_W3,0.0,638.0
Virginia's Warbler,9,4,Sep_W4,0.0,753.0
Virginia's Warbler,10,1,Oct_W1,0.0,630.0
Virginia's Warbler,10,2,Oct_W2,0.0,578.0
Virginia's Warbler,10,3,Oct_W3,0.0,488.0
Virginia's Warbler,10,4,Oct_W4,0.0,562.0
Virginia's Warbler,11,1,Nov_W1,0.0,383.0
Virginia's Warbler,11,2,Nov_W2,0.0,329.0
Virginia's Warbler,11,3,Nov_W3,0.0,273.0
Virginia's Warbler,11,4,Nov_W4,0.0,270.0
Virginia's Warbler,12,1,Dec_W1,0.0,157.0
Virginia's Warbler,12,2,Dec_W2,0.0,166.0
Virginia's Warbler,12,3,Dec_W3,0.0,137.0
Virginia's Warbler,12,4,Dec_W4,0.0,145.0
Connecticut Warbler,1,1,Jan_W1,0.0,185.0
Connecticut Warbler,1,2,Jan_W2,0.0,88.0
Connecticut Warbler,1,3,Jan_W3,0.0,105.0
Connecticut Warbler,1,4,Jan_W4,0.0,140.0
Connecticut Warbler,2,1,Feb_W1,0.0,123.0
Connecticut Warbler,2,2,Feb_W2,0.0,108.0
Connecticut Warbler,2,3,Feb_W3,0.0,118.0
Connecticut Warbler,2,4,Feb_W4,0.0,70.0
Connecticut Warbler,3,1,Mar_W1,0.0,105.0
Connecticut Warbler,3,2,Mar_W2,0.0,114.0
Connecticut Warbler,3,3,Mar_W3,0.0,142.0
Connecticut Warbler,3,4,Mar_W4,0.0,164.0
Connecticut Warbler,4,1,Apr_W1,0.0,261.0
Connecticut Warbler,4,2,Apr_W2,0.0,364.0
Connecticut Warbler,4,3,Apr_W3,0.0,430.0
Connecticut Warbler,4,4,Apr_W4,0.0,706.0
Connecticut Warbler,5,1,May_W1,0.0,645.0
Connecticut Warbler,5,2,May_W2,0.0,774.0
Connecticut Warbler,5,3,May_W3,0.0013072,765.0
Connecticut Warbler,5,4,May_W4,0.002886,1386.0
Connecticut Warbler,6,1,Jun_W1,0.0023392,855.0
Connecticut Warbler,6,2,Jun_W2,0.0013298,752.0
Connecticut Warbler,6,3,Jun_W3,0.0016,625.0
Connecticut Warbler,6,4,Jun_W4,0.0,745.0
Connecticut Warbler,7,1,Jul_W1,0.0014388,695.0
Connecticut Warbler,7,2,Jul_W2,0.0,711.0
Connecticut Warbler,7,3,Jul_W3,0.0017575,569.0
Connecticut Warbler,7,4,Jul_W4,0.0,883.0
Connecticut Warbler,8,1,Aug_W1,0.0,607.0
Connecticut Warbler,8,2,Aug_W2,0.0,639.0
Connecticut Warbler,8,3,Aug_W3,0.0,586.0
Connecticut Warbler,8,4,Aug_W4,0.0,845.0
Connecticut Warbler,9,1,Sep_W1,0.0,528.0
Connecticut Warbler,9,2,Sep_W2,0.0015314,653.0
Connecticut Warbler,9,3,Sep_W3,0.0015674,638.0
Connecticut Warbler,9,4,Sep_W4,0.001328,753.0
Connecticut Warbler,10,1,Oct_W1,0.0,630.0
Connecticut Warbler,10,2,Oct_W2,0.0,578.0
Connecticut Warbler,10,3,Oct_W3,0.0,488.0
Connecticut Warbler,10,4,Oct_W4,0.0,562.0
Connecticut Warbler,11,1,Nov_W1,0.0,383.0
Connecticut Warbler,11,2,Nov_W2,0.0,329.0
Connecticut Warbler,11,3,Nov_W3,0.0,273.0
Connecticut Warbler,11,4,Nov_W4,0.0,270.0
Connecticut Warbler,12,1,Dec_W1,0.0,157.0
Connecticut Warbler,12,2,Dec_W2,0.0,166.0
Connecticut Warbler,12,3,Dec_W3,0.0,137.0
Connecticut Warbler,12,4,Dec_W4,0.0,145.0
Mourning Warbler,1,1,Jan_W1,0.0,185.0
Mourning Warbler,1,2,Jan_W2,0.0,88.0
Mourning Warbler,1,3,Jan_W3,0.0,105.0
Mourning Warbler,1,4,Jan_W4,0.0,140.0
Mourning Warbler,2,1,Feb_W1,0.0,123.0
Mourning Warbler,2,2,Feb_W2,0.0,108.0
Mourning Warbler,2,3,Feb_W3,0.0,118.0
Mourning Warbler,2,4,Feb_W4,0.0,70.0
Mourning Warbler,3,1,Mar_W1,0.0,105.0
Mourning Warbler,3,2,Mar_W2,0.0,114.0
Mourning Warbler,3,3,Mar_W3,0.0,142.0
Mourning Warbler,3,4,Mar_W4,0.0,164.0
Mourning Warbler,4,1,Apr_W1,0.0,261.0
Mourning Warbler,4,2,Apr_W2,0.0,364.0
Mourning Warbler,4,3,Apr_W3,0.0,430.0
Mourning Warbler,4,4,Apr_W4,0.0,706.0
Mourning Warbler,5,1,May_W1,0.0,645.0
Mourning Warbler,5,2,May_W2,0.003876,774.0
Mourning Warbler,5,3,May_W3,0.0196078,765.0
Mourning Warbler,5,4,May_W4,0.0887446,1386.0
Mourning Warbler,6,1,Jun_W1,0.128655,855.0
Mourning Warbler,6,2,Jun_W2,0.1369681,752.0
Mourning Warbler,6,3,Jun_W3,0.0944,625.0
Mourning Warbler,6,4,Jun_W4,0.0711409,745.0
Mourning Warbler,7,1,Jul_W1,0.0834532,695.0
Mourning Warbler,7,2,Jul_W2,0.0506329,711.0
Mourning Warbler,7,3,Jul_W3,0.0316344,569.0
Mourning Warbler,7,4,Jul_W4,0.00906,883.0
Mourning Warbler,8,1,Aug_W1,0.0098847,607.0
Mourning Warbler,8,2,Aug_W2,0.0125196,639.0
Mourning Warbler,8,3,Aug_W3,0.0085324,586.0
Mourning Warbler,8,4,Aug_W4,0.0059172,845.0
Mourning Warbler,9,1,Sep_W1,0.0037879,528.0
Mourning Warbler,9,2,Sep_W2,0.0045942,653.0
Mourning Warbler,9,3,Sep_W3,0.0,638.0
Mourning Warbler,9,4,Sep_W4,0.0,753.0
Mourning Warbler,10,1,Oct_W1,0.0,630.0
Mourning Warbler,10,2,Oct_W2,0.0,578.0
Mourning Warbler,10,3,Oct_W3,0.0,488.0
Mourning Warbler,10,4,Oct_W4,0.0,562.0
Mourning Warbler,11,1,Nov_W1,0.0,383.0
Mourning Warbler,11,2,Nov_W2,0.0,329.0
Mourning Warbler,11,3,Nov_W3,0.0,273.0
Mourning Warbler,11,4,Nov_W4,0.0,270.0
Mourning Warbler,12,1,Dec_W1,0.0,157.0
Mourning Warbler,12,2,Dec_W2,0.0,166.0
Mourning Warbler,12,3,Dec_W3,0.0,137.0
Mourning Warbler,12,4,Dec_W4,0.0,145.0
Kentucky Warbler,1,1,Jan_W1,0.0,185.0
Kentucky Warbler,1,2,Jan_W2,0.0,88.0
Kentucky Warbler,1,3,Jan_W3,0.0,105.0
Kentucky Warbler,1,4,Jan_W4,0.0,140.0
Kentucky Warbler,2,1,Feb_W1,0.0,123.0
Kentucky Warbler,2,2,Feb_W2,0.0,108.0
Kentucky Warbler,2,3,Feb_W3,0.0,118.0
Kentucky Warbler,2,4,Feb_W4,0.0,70.0
Kentucky Warbler,3,1,Mar_W1,0.0,105.0
Kentucky Warbler,3,2,Mar_W2,0.0,114.0
Kentucky Warbler,3,3,Mar_W3,0.0,142.0
Kentucky Warbler,3,4,Mar_W4,0.0,164.0
Kentucky Warbler,4,1,Apr_W1,0.0,261.0
Kentucky Warbler,4,2,Apr_W2,0.0,364.0
Kentucky Warbler,4,3,Apr_W3,0.0,430.0
Kentucky Warbler,4,4,Apr_W4,0.0,706.0
Kentucky Warbler,5,1,May_W1,0.0,645.0
Kentucky Warbler,5,2,May_W2,0.0,774.0
Kentucky Warbler,5,3,May_W3,0.0,765.0
Kentucky Warbler,5,4,May_W4,0.0007215,1386.0
Kentucky Warbler,6,1,Jun_W1,0.0,855.0
Kentucky Warbler,6,2,Jun_W2,0.0,752.0
Kentucky Warbler,6,3,Jun_W3,0.0,625.0
Kentucky Warbler,6,4,Jun_W4,0.0,745.0
Kentucky Warbler,7,1,Jul_W1,0.0,695.0
Kentucky Warbler,7,2,Jul_W2,0.0,711.0
Kentucky Warbler,7,3,Jul_W3,0.0,569.0
Kentucky Warbler,7,4,Jul_W4,0.0,883.0
Kentucky Warbler,8,1,Aug_W1,0.0,607.0
Kentucky Warbler,8,2,Aug_W2,0.0,639.0
Kentucky Warbler,8,3,Aug_W3,0.0,586.0
Kentucky Warbler,8,4,Aug_W4,0.0,845.0
Kentucky Warbler,9,1,Sep_W1,0.0,528.0
Kentucky Warbler,9,2,Sep_W2,0.0,653.0
Kentucky Warbler,9,3,Sep_W3,0.0,638.0
Kentucky Warbler,9,4,Sep_W4,0.0,753.0
Kentucky Warbler,10,1,Oct_W1,0.0,630.0
Kentucky Warbler,10,2,Oct_W2,0.0,578.0
Kentucky Warbler,10,3,Oct_W3,0.0,488.0
Kentucky Warbler,10,4,Oct_W4,0.0,562.0
Kentucky Warbler,11,1,Nov_W1,0.0,383.0
Kentucky Warbler,11,2,Nov_W2,0.0,329.0
Kentucky Warbler,11,3,Nov_W3,0.0,273.0
Kentucky Warbler,11,4,Nov_W4,0.0,270.0
Kentucky Warbler,12,1,Dec_W1,0.0,157.0
Kentucky Warbler,12,2,Dec_W2,0.0,166.0
Kentucky Warbler,12,3,Dec_W3,0.0,137.0
Kentucky Warbler,12,4,Dec_W4,0.0,145.0
Common Yellowthroat,1,1,Jan_W1,0.0,185.0
Common Yellowthroat,1,2,Jan_W2,0.0,88.0
Common Yellowthroat,1,3,Jan_W3,0.0,105.0
Common Yellowthroat,1,4,Jan_W4,0.0,140.0
Common Yellowthroat,2,1,Feb_W1,0.0,123.0
Common Yellowthroat,2,2,Feb_W2,0.0,108.0
Common Yellowthroat,2,3,Feb_W3,0.0,118.0
Common Yellowthroat,2,4,Feb_W4,0.0,70.0
Common Yellowthroat,3,1,Mar_W1,0.0,105.0
Common Yellowthroat,3,2,Mar_W2,0.0,114.0
Common Yellowthroat,3,3,Mar_W3,0.0,142.0
Common Yellowthroat,3,4,Mar_W4,0.0,164.0
Common Yellowthroat,4,1,Apr_W1,0.0,261.0
Common Yellowthroat,4,2,Apr_W2,0.0,364.0
Common Yellowthroat,4,3,Apr_W3,0.0,430.0
Common Yellowthroat,4,4,Apr_W4,0.0,706.0
Common Yellowthroat,5,1,May_W1,0.0,645.0
Common Yellowthroat,5,2,May_W2,0.0465116,774.0
Common Yellowthroat,5,3,May_W3,0.179085,765.0
Common Yellowthroat,5,4,May_W4,0.3073593,1386.0
Common Yellowthroat,6,1,Jun_W1,0.3181287,855.0
Common Yellowthroat,6,2,Jun_W2,0.2978723,752.0
Common Yellowthroat,6,3,Jun_W3,0.2976,625.0
Common Yellowthroat,6,4,Jun_W4,0.2765101,745.0
Common Yellowthroat,7,1,Jul_W1,0.2676259,695.0
Common Yellowthroat,7,2,Jul_W2,0.2616034,711.0
Common Yellowthroat,7,3,Jul_W3,0.2706503,569.0
Common Yellowthroat,7,4,Jul_W4,0.2015855,883.0
Common Yellowthroat,8,1,Aug_W1,0.1647446,607.0
Common Yellowthroat,8,2,Aug_W2,0.1126761,639.0
Common Yellowthroat,8,3,Aug_W3,0.1228669,586.0
Common Yellowthroat,8,4,Aug_W4,0.1266272,845.0
Common Yellowthroat,9,1,Sep_W1,0.155303,528.0
Common Yellowthroat,9,2,Sep_W2,0.1378254,653.0
Common Yellowthroat,9,3,Sep_W3,0.1175549,638.0
Common Yellowthroat,9,4,Sep_W4,0.0557769,753.0
Common Yellowthroat,10,1,Oct_W1,0.0301587,630.0
Common Yellowthroat,10,2,Oct_W2,0.0034602,578.0
Common Yellowthroat,10,3,Oct_W3,0.0,488.0
Common Yellowthroat,10,4,Oct_W4,0.0,562.0
Common Yellowthroat,11,1,Nov_W1,0.0,383.0
Common Yellowthroat,11,2,Nov_W2,0.0,329.0
Common Yellowthroat,11,3,Nov_W3,0.0,273.0
Common Yellowthroat,11,4,Nov_W4,0.0,270.0
Common Yellowthroat,12,1,Dec_W1,0.0,157.0
Common Yellowthroat,12,2,Dec_W2,0.0,166.0
Common Yellowthroat,12,3,Dec_W3,0.0,137.0
Common Yellowthroat,12,4,Dec_W4,0.0,145.0
Hooded Warbler,1,1,Jan_W1,0.0,185.0
Hooded Warbler,1,2,Jan_W2,0.0,88.0
Hooded Warbler,1,3,Jan_W3,0.0,105.0
Hooded Warbler,1,4,Jan_W4,0.0,140.0
Hooded Warbler,2,1,Feb_W1,0.0,123.0
Hooded Warbler,2,2,Feb_W2,0.0,108.0
Hooded Warbler,2,3,Feb_W3,0.0,118.0
Hooded Warbler,2,4,Feb_W4,0.0,70.0
Hooded Warbler,3,1,Mar_W1,0.0,105.0
Hooded Warbler,3,2,Mar_W2,0.0,114.0
Hooded Warbler,3,3,Mar_W3,0.0,142.0
Hooded Warbler,3,4,Mar_W4,0.0,164.0
Hooded Warbler,4,1,Apr_W1,0.0,261.0
Hooded Warbler,4,2,Apr_W2,0.0,364.0
Hooded Warbler,4,3,Apr_W3,0.0,430.0
Hooded Warbler,4,4,Apr_W4,0.0,706.0
Hooded Warbler,5,1,May_W1,0.0,645.0
Hooded Warbler,5,2,May_W2,0.0,774.0
Hooded Warbler,5,3,May_W3,0.0,765.0
Hooded Warbler,5,4,May_W4,0.0,1386.0
Hooded Warbler,6,1,Jun_W1,0.0,855.0
Hooded Warbler,6,2,Jun_W2,0.0013298,752.0
Hooded Warbler,6,3,Jun_W3,0.0,625.0
Hooded Warbler,6,4,Jun_W4,0.0,745.0
Hooded Warbler,7,1,Jul_W1,0.0,695.0
Hooded Warbler,7,2,Jul_W2,0.0,711.0
Hooded Warbler,7,3,Jul_W3,0.0,569.0
Hooded Warbler,7,4,Jul_W4,0.0,883.0
Hooded Warbler,8,1,Aug_W1,0.0,607.0
Hooded Warbler,8,2,Aug_W2,0.0,639.0
Hooded Warbler,8,3,Aug_W3,0.0,586.0
Hooded Warbler,8,4,Aug_W4,0.0,845.0
Hooded Warbler,9,1,Sep_W1,0.0015,528.0
Hooded Warbler,9,2,Sep_W2,0.0,653.0
Hooded Warbler,9,3,Sep_W3,0.0,638.0
Hooded Warbler,9,4,Sep_W4,0.0,753.0
Hooded Warbler,10,1,Oct_W1,0.0,630.0
Hooded Warbler,10,2,Oct_W2,0.0,578.0
Hooded Warbler,10,3,Oct_W3,0.0,488.0
Hooded Warbler,10,4,Oct_W4,0.0,562.0
Hooded Warbler,11,1,Nov_W1,0.0,383.0
Hooded Warbler,11,2,Nov_W2,0.0,329.0
Hooded Warbler,11,3,Nov_W3,0.0,273.0
Hooded Warbler,11,4,Nov_W4,0.0,270.0
Hooded Warbler,12,1,Dec_W1,0.0,157.0
Hooded Warbler,12,2,Dec_W2,0.0,166.0
Hooded Warbler,12,3,Dec_W3,0.0,137.0
Hooded Warbler,12,4,Dec_W4,0.0,145.0
American Redstart,1,1,Jan_W1,0.0,185.0
American Redstart,1,2,Jan_W2,0.0,88.0
American Redstart,1,3,Jan_W3,0.0,105.0
American Redstart,1,4,Jan_W4,0.0,140.0
American Redstart,2,1,Feb_W1,0.0,123.0
American Redstart,2,2,Feb_W2,0.0,108.0
American Redstart,2,3,Feb_W3,0.0,118.0
American Redstart,2,4,Feb_W4,0.0,70.0
American Redstart,3,1,Mar_W1,0.0,105.0
American Redstart,3,2,Mar_W2,0.0,114.0
American Redstart,3,3,Mar_W3,0.0,142.0
American Redstart,3,4,Mar_W4,0.0,164.0
American Redstart,4,1,Apr_W1,0.0,261.0
American Redstart,4,2,Apr_W2,0.0,364.0
American Redstart,4,3,Apr_W3,0.0,430.0
American Redstart,4,4,Apr_W4,0.0,706.0
American Redstart,5,1,May_W1,0.0031008,645.0
American Redstart,5,2,May_W2,0.0426357,774.0
American Redstart,5,3,May_W3,0.269281,765.0
American Redstart,5,4,May_W4,0.468254,1386.0
American Redstart,6,1,Jun_W1,0.4608187,855.0
American Redstart,6,2,Jun_W2,0.4654255,752.0
American Redstart,6,3,Jun_W3,0.4992,625.0
American Redstart,6,4,Jun_W4,0.4255034,745.0
American Redstart,7,1,Jul_W1,0.418705,695.0
American Redstart,7,2,Jul_W2,0.3755274,711.0
American Redstart,7,3,Jul_W3,0.254833,569.0
American Redstart,7,4,Jul_W4,0.207248,883.0
American Redstart,8,1,Aug_W1,0.2075783,607.0
American Redstart,8,2,Aug_W2,0.1799687,639.0
American Redstart,8,3,Aug_W3,0.1877133,586.0
American Redstart,8,4,Aug_W4,0.1715976,845.0
American Redstart,9,1,Sep_W1,0.1534091,528.0
American Redstart,9,2,Sep_W2,0.101072,653.0
American Redstart,9,3,Sep_W3,0.0454545,638.0
American Redstart,9,4,Sep_W4,0.0212483,753.0
American Redstart,10,1,Oct_W1,0.0,630.0
American Redstart,10,2,Oct_W2,0.0,578.0
American Redstart,10,3,Oct_W3,0.0020492,488.0
American Redstart,10,4,Oct_W4,0.0,562.0
American Redstart,11,1,Nov_W1,0.0,383.0
American Redstart,11,2,Nov_W2,0.0,329.0
American Redstart,11,3,Nov_W3,0.0,273.0
American Redstart,11,4,Nov_W4,0.0,270.0
American Redstart,12,1,Dec_W1,0.0,157.0
American Redstart,12,2,Dec_W2,0.0,166.0
American Redstart,12,3,Dec_W3,0.0,137.0
American Redstart,12,4,Dec_W4,0.0,145.0
Kirtland's Warbler,1,1,Jan_W1,0.0,185.0
Kirtland's Warbler,1,2,Jan_W2,0.0,88.0
Kirtland's Warbler,1,3,Jan_W3,0.0,105.0
Kirtland's Warbler,1,4,Jan_W4,0.0,140.0
Kirtland's Warbler,2,1,Feb_W1,0.0,123.0
Kirtland's Warbler,2,2,Feb_W2,0.0,108.0
Kirtland's Warbler,2,3,Feb_W3,0.0,118.0
Kirtland's Warbler,2,4,Feb_W4,0.0,70.0
Kirtland's Warbler,3,1,Mar_W1,0.0,105.0
Kirtland's Warbler,3,2,Mar_W2,0.0,114.0
Kirtland's Warbler,3,3,Mar_W3,0.0,142.0
Kirtland's Warbler,3,4,Mar_W4,0.0,164.0
Kirtland's Warbler,4,1,Apr_W1,0.0,261.0
Kirtland's Warbler,4,2,Apr_W2,0.0,364.0
Kirtland's Warbler,4,3,Apr_W3,0.0,430.0
Kirtland's Warbler,4,4,Apr_W4,0.0,706.0
Kirtland's Warbler,5,1,May_W1,0.0,645.0
Kirtland's Warbler,5,2,May_W2,0.0,774.0
Kirtland's Warbler,5,3,May_W3,0.0013072,765.0
Kirtland's Warbler,5,4,May_W4,0.0015,1386.0
Kirtland's Warbler,6,1,Jun_W1,0.0023392,855.0
Kirtland's Warbler,6,2,Jun_W2,0.0013298,752.0
Kirtland's Warbler,6,3,Jun_W3,0.0032,625.0
Kirtland's Warbler,6,4,Jun_W4,0.0013423,745.0
Kirtland's Warbler,7,1,Jul_W1,0.0,695.0
Kirtland's Warbler,7,2,Jul_W2,0.0,711.0
Kirtland's Warbler,7,3,Jul_W3,0.0,569.0
Kirtland's Warbler,7,4,Jul_W4,0.0,883.0
Kirtland's Warbler,8,1,Aug_W1,0.0,607.0
Kirtland's Warbler,8,2,Aug_W2,0.0,639.0
Kirtland's Warbler,8,3,Aug_W3,0.0,586.0
Kirtland's Warbler,8,4,Aug_W4,0.0,845.0
Kirtland's Warbler,9,1,Sep_W1,0.0,528.0
Kirtland's Warbler,9,2,Sep_W2,0.0,653.0
Kirtland's Warbler,9,3,Sep_W3,0.0,638.0
Kirtland's Warbler,9,4,Sep_W4,0.0,753.0
Kirtland's Warbler,10,1,Oct_W1,0.0,630.0
Kirtland's Warbler,10,2,Oct_W2,0.0,578.0
Kirtland's Warbler,10,3,Oct_W3,0.0,488.0
Kirtland's Warbler,10,4,Oct_W4,0.0,562.0
Kirtland's Warbler,11,1,Nov_W1,0.0,383.0
Kirtland's Warbler,11,2,Nov_W2,0.0,329.0
Kirtland's Warbler,11,3,Nov_W3,0.0,273.0
Kirtland's Warbler,11,4,Nov_W4,0.0,270.0
Kirtland's Warbler,12,1,Dec_W1,0.0,157.0
Kirtland's Warbler,12,2,Dec_W2,0.0,166.0
Kirtland's Warbler,12,3,Dec_W3,0.0,137.0
Kirtland's Warbler,12,4,Dec_W4,0.0,145.0
Cape May Warbler,1,1,Jan_W1,0.0,185.0
Cape May Warbler,1,2,Jan_W2,0.0,88.0
Cape May Warbler,1,3,Jan_W3,0.0,105.0
Cape May Warbler,1,4,Jan_W4,0.0,140.0
Cape May Warbler,2,1,Feb_W1,0.0,123.0
Cape May Warbler,2,2,Feb_W2,0.0,108.0
Cape May Warbler,2,3,Feb_W3,0.0,118.0
Cape May Warbler,2,4,Feb_W4,0.0,70.0
Cape May Warbler,3,1,Mar_W1,0.0,105.0
Cape May Warbler,3,2,Mar_W2,0.0,114.0
Cape May Warbler,3,3,Mar_W3,0.0,142.0
Cape May Warbler,3,4,Mar_W4,0.0,164.0
Cape May Warbler,4,1,Apr_W1,0.0,261.0
Cape May Warbler,4,2,Apr_W2,0.0,364.0
Cape May Warbler,4,3,Apr_W3,0.0,430.0
Cape May Warbler,4,4,Apr_W4,0.0,706.0
Cape May Warbler,5,1,May_W1,0.0015504,645.0
Cape May Warbler,5,2,May_W2,0.0193798,774.0
Cape May Warbler,5,3,May_W3,0.048366,765.0
Cape May Warbler,5,4,May_W4,0.038961,1386.0
Cape May Warbler,6,1,Jun_W1,0.0163743,855.0
Cape May Warbler,6,2,Jun_W2,0.0079787,752.0
Cape May Warbler,6,3,Jun_W3,0.0208,625.0
Cape May Warbler,6,4,Jun_W4,0.0,745.0
Cape May Warbler,7,1,Jul_W1,0.0015,695.0
Cape May Warbler,7,2,Jul_W2,0.0014065,711.0
Cape May Warbler,7,3,Jul_W3,0.0017575,569.0
Cape May Warbler,7,4,Jul_W4,0.00906,883.0
Cape May Warbler,8,1,Aug_W1,0.0411862,607.0
Cape May Warbler,8,2,Aug_W2,0.056338,639.0
Cape May Warbler,8,3,Aug_W3,0.0665529,586.0
Cape May Warbler,8,4,Aug_W4,0.043787,845.0
Cape May Warbler,9,1,Sep_W1,0.0284091,528.0
Cape May Warbler,9,2,Sep_W2,0.0153139,653.0
Cape May Warbler,9,3,Sep_W3,0.0031348,638.0
Cape May Warbler,9,4,Sep_W4,0.0,753.0
Cape May Warbler,10,1,Oct_W1,0.0,630.0
Cape May Warbler,10,2,Oct_W2,0.0,578.0
Cape May Warbler,10,3,Oct_W3,0.0,488.0
Cape May Warbler,10,4,Oct_W4,0.0,562.0
Cape May Warbler,11,1,Nov_W1,0.0,383.0
Cape May Warbler,11,2,Nov_W2,0.0,329.0
Cape May Warbler,11,3,Nov_W3,0.0,273.0
Cape May Warbler,11,4,Nov_W4,0.0,270.0
Cape May Warbler,12,1,Dec_W1,0.0,157.0
Cape May Warbler,12,2,Dec_W2,0.0,166.0
Cape May Warbler,12,3,Dec_W3,0.0,137.0
Cape May Warbler,12,4,Dec_W4,0.0,145.0
Northern Parula,1,1,Jan_W1,0.0,185.0
Northern Parula,1,2,Jan_W2,0.0,88.0
Northern Parula,1,3,Jan_W3,0.0,105.0
Northern Parula,1,4,Jan_W4,0.0,140.0
Northern Parula,2,1,Feb_W1,0.0,123.0
Northern Parula,2,2,Feb_W2,0.0,108.0
Northern Parula,2,3,Feb_W3,0.0,118.0
Northern Parula,2,4,Feb_W4,0.0,70.0
Northern Parula,3,1,Mar_W1,0.0,105.0
Northern Parula,3,2,Mar_W2,0.0,114.0
Northern Parula,3,3,Mar_W3,0.0,142.0
Northern Parula,3,4,Mar_W4,0.0,164.0
Northern Parula,4,1,Apr_W1,0.0,261.0
Northern Parula,4,2,Apr_W2,0.0,364.0
Northern Parula,4,3,Apr_W3,0.0,430.0
Northern Parula,4,4,Apr_W4,0.0,706.0
Northern Parula,5,1,May_W1,0.020155,645.0
Northern Parula,5,2,May_W2,0.0503876,774.0
Northern Parula,5,3,May_W3,0.1398693,765.0
Northern Parula,5,4,May_W4,0.2027417,1386.0
Northern Parula,6,1,Jun_W1,0.1625731,855.0
Northern Parula,6,2,Jun_W2,0.2087766,752.0
Northern Parula,6,3,Jun_W3,0.2304,625.0
Northern Parula,6,4,Jun_W4,0.1624161,745.0
Northern Parula,7,1,Jul_W1,0.1539568,695.0
Northern Parula,7,2,Jul_W2,0.1054852,711.0
Northern Parula,7,3,Jul_W3,0.0702988,569.0
Northern Parula,7,4,Jul_W4,0.0385051,883.0
Northern Parula,8,1,Aug_W1,0.0411862,607.0
Northern Parula,8,2,Aug_W2,0.0485133,639.0
Northern Parula,8,3,Aug_W3,0.0341297,586.0
Northern Parula,8,4,Aug_W4,0.0591716,845.0
Northern Parula,9,1,Sep_W1,0.0568182,528.0
Northern Parula,9,2,Sep_W2,0.0398162,653.0
Northern Parula,9,3,Sep_W3,0.0109718,638.0
Northern Parula,9,4,Sep_W4,0.0132802,753.0
Northern Parula,10,1,Oct_W1,0.0,630.0
Northern Parula,10,2,Oct_W2,0.0,578.0
Northern Parula,10,3,Oct_W3,0.0020492,488.0
Northern Parula,10,4,Oct_W4,0.0,562.0
Northern Parula,11,1,Nov_W1,0.0,383.0
Northern Parula,11,2,Nov_W2,0.0,329.0
Northern Parula,11,3,Nov_W3,0.0,273.0
Northern Parula,11,4,Nov_W4,0.0,270.0
Northern Parula,12,1,Dec_W1,0.0,157.0
Northern Parula,12,2,Dec_W2,0.0,166.0
Northern Parula,12,3,Dec_W3,0.0,137.0
Northern Parula,12,4,Dec_W4,0.0,145.0
Magnolia Warbler,1,1,Jan_W1,0.0,185.0
Magnolia Warbler,1,2,Jan_W2,0.0,88.0
Magnolia Warbler,1,3,Jan_W3,0.0,105.0
Magnolia Warbler,1,4,Jan_W4,0.0,140.0
Magnolia Warbler,2,1,Feb_W1,0.0,123.0
Magnolia Warbler,2,2,Feb_W2,0.0,108.0
Magnolia Warbler,2,3,Feb_W3,0.0,118.0
Magnolia Warbler,2,4,Feb_W4,0.0,70.0
Magnolia Warbler,3,1,Mar_W1,0.0,105.0
Magnolia Warbler,3,2,Mar_W2,0.0,114.0
Magnolia Warbler,3,3,Mar_W3,0.0,142.0
Magnolia Warbler,3,4,Mar_W4,0.0,164.0
Magnolia Warbler,4,1,Apr_W1,0.0,261.0
Magnolia Warbler,4,2,Apr_W2,0.0,364.0
Magnolia Warbler,4,3,Apr_W3,0.0,430.0
Magnolia Warbler,4,4,Apr_W4,0.0,706.0
Magnolia Warbler,5,1,May_W1,0.0,645.0
Magnolia Warbler,5,2,May_W2,0.0142119,774.0
Magnolia Warbler,5,3,May_W3,0.0784314,765.0
Magnolia Warbler,5,4,May_W4,0.1024531,1386.0
Magnolia Warbler,6,1,Jun_W1,0.0643275,855.0
Magnolia Warbler,6,2,Jun_W2,0.0651596,752.0
Magnolia Warbler,6,3,Jun_W3,0.0688,625.0
Magnolia Warbler,6,4,Jun_W4,0.0281879,745.0
Magnolia Warbler,7,1,Jul_W1,0.018705,695.0
Magnolia Warbler,7,2,Jul_W2,0.0225035,711.0
Magnolia Warbler,7,3,Jul_W3,0.0140598,569.0
Magnolia Warbler,7,4,Jul_W4,0.011325,883.0
Magnolia Warbler,8,1,Aug_W1,0.0313015,607.0
Magnolia Warbler,8,2,Aug_W2,0.0344288,639.0
Magnolia Warbler,8,3,Aug_W3,0.0221843,586.0
Magnolia Warbler,8,4,Aug_W4,0.0378698,845.0
Magnolia Warbler,9,1,Sep_W1,0.0397727,528.0
Magnolia Warbler,9,2,Sep_W2,0.0352221,653.0
Magnolia Warbler,9,3,Sep_W3,0.0188088,638.0
Magnolia Warbler,9,4,Sep_W4,0.0119522,753.0
Magnolia Warbler,10,1,Oct_W1,0.0,630.0
Magnolia Warbler,10,2,Oct_W2,0.0,578.0
Magnolia Warbler,10,3,Oct_W3,0.0,488.0
Magnolia Warbler,10,4,Oct_W4,0.0,562.0
Magnolia Warbler,11,1,Nov_W1,0.0,383.0
Magnolia Warbler,11,2,Nov_W2,0.0,329.0
Magnolia Warbler,11,3,Nov_W3,0.0,273.0
Magnolia Warbler,11,4,Nov_W4,0.0,270.0
Magnolia Warbler,12,1,Dec_W1,0.0,157.0
Magnolia Warbler,12,2,Dec_W2,0.0,166.0
Magnolia Warbler,12,3,Dec_W3,0.0,137.0
Magnolia Warbler,12,4,Dec_W4,0.0,145.0
Bay-breasted Warbler,1,1,Jan_W1,0.0,185.0
Bay-breasted Warbler,1,2,Jan_W2,0.0,88.0
Bay-breasted Warbler,1,3,Jan_W3,0.0,105.0
Bay-breasted Warbler,1,4,Jan_W4,0.0,140.0
Bay-breasted Warbler,2,1,Feb_W1,0.0,123.0
Bay-breasted Warbler,2,2,Feb_W2,0.0,108.0
Bay-breasted Warbler,2,3,Feb_W3,0.0,118.0
Bay-breasted Warbler,2,4,Feb_W4,0.0,70.0
Bay-breasted Warbler,3,1,Mar_W1,0.0,105.0
Bay-breasted Warbler,3,2,Mar_W2,0.0,114.0
Bay-breasted Warbler,3,3,Mar_W3,0.0,142.0
Bay-breasted Warbler,3,4,Mar_W4,0.0,164.0
Bay-breasted Warbler,4,1,Apr_W1,0.0,261.0
Bay-breasted Warbler,4,2,Apr_W2,0.0,364.0
Bay-breasted Warbler,4,3,Apr_W3,0.0,430.0
Bay-breasted Warbler,4,4,Apr_W4,0.0,706.0
Bay-breasted Warbler,5,1,May_W1,0.0,645.0
Bay-breasted Warbler,5,2,May_W2,0.0,774.0
Bay-breasted Warbler,5,3,May_W3,0.0143791,765.0
Bay-breasted Warbler,5,4,May_W4,0.015873,1386.0
Bay-breasted Warbler,6,1,Jun_W1,0.0023392,855.0
Bay-breasted Warbler,6,2,Jun_W2,0.0,752.0
Bay-breasted Warbler,6,3,Jun_W3,0.0,625.0
Bay-breasted Warbler,6,4,Jun_W4,0.0,745.0
Bay-breasted Warbler,7,1,Jul_W1,0.0,695.0
Bay-breasted Warbler,7,2,Jul_W2,0.0,711.0
Bay-breasted Warbler,7,3,Jul_W3,0.0,569.0
Bay-breasted Warbler,7,4,Jul_W4,0.0011325,883.0
Bay-breasted Warbler,8,1,Aug_W1,0.0082372,607.0
Bay-breasted Warbler,8,2,Aug_W2,0.0125196,639.0
Bay-breasted Warbler,8,3,Aug_W3,0.0119454,586.0
Bay-breasted Warbler,8,4,Aug_W4,0.0142012,845.0
Bay-breasted Warbler,9,1,Sep_W1,0.0208333,528.0
Bay-breasted Warbler,9,2,Sep_W2,0.0137825,653.0
Bay-breasted Warbler,9,3,Sep_W3,0.0141066,638.0
Bay-breasted Warbler,9,4,Sep_W4,0.0,753.0
Bay-breasted Warbler,10,1,Oct_W1,0.0,630.0
Bay-breasted Warbler,10,2,Oct_W2,0.0,578.0
Bay-breasted Warbler,10,3,Oct_W3,0.0,488.0
Bay-breasted Warbler,10,4,Oct_W4,0.0,562.0
Bay-breasted Warbler,11,1,Nov_W1,0.0,383.0
Bay-breasted Warbler,11,2,Nov_W2,0.0,329.0
Bay-breasted Warbler,11,3,Nov_W3,0.0,273.0
Bay-breasted Warbler,11,4,Nov_W4,0.0,270.0
Bay-breasted Warbler,12,1,Dec_W1,0.0,157.0
Bay-breasted Warbler,12,2,Dec_W2,0.0,166.0
Bay-breasted Warbler,12,3,Dec_W3,0.0,137.0
Bay-breasted Warbler,12,4,Dec_W4,0.0,145.0
Blackburnian Warbler,1,1,Jan_W1,0.0,185.0
Blackburnian Warbler,1,2,Jan_W2,0.0,88.0
Blackburnian Warbler,1,3,Jan_W3,0.0,105.0
Blackburnian Warbler,1,4,Jan_W4,0.0,140.0
Blackburnian Warbler,2,1,Feb_W1,0.0,123.0
Blackburnian Warbler,2,2,Feb_W2,0.0,108.0
Blackburnian Warbler,2,3,Feb_W3,0.0,118.0
Blackburnian Warbler,2,4,Feb_W4,0.0,70.0
Blackburnian Warbler,3,1,Mar_W1,0.0,105.0
Blackburnian Warbler,3,2,Mar_W2,0.0,114.0
Blackburnian Warbler,3,3,Mar_W3,0.0,142.0
Blackburnian Warbler,3,4,Mar_W4,0.0,164.0
Blackburnian Warbler,4,1,Apr_W1,0.0,261.0
Blackburnian Warbler,4,2,Apr_W2,0.0,364.0
Blackburnian Warbler,4,3,Apr_W3,0.0,430.0
Blackburnian Warbler,4,4,Apr_W4,0.0,706.0
Blackburnian Warbler,5,1,May_W1,0.0,645.0
Blackburnian Warbler,5,2,May_W2,0.0258398,774.0
Blackburnian Warbler,5,3,May_W3,0.0836601,765.0
Blackburnian Warbler,5,4,May_W4,0.1269841,1386.0
Blackburnian Warbler,6,1,Jun_W1,0.1099415,855.0
Blackburnian Warbler,6,2,Jun_W2,0.1289894,752.0
Blackburnian Warbler,6,3,Jun_W3,0.1504,625.0
Blackburnian Warbler,6,4,Jun_W4,0.0926174,745.0
Blackburnian Warbler,7,1,Jul_W1,0.0733813,695.0
Blackburnian Warbler,7,2,Jul_W2,0.0576653,711.0
Blackburnian Warbler,7,3,Jul_W3,0.0456942,569.0
Blackburnian Warbler,7,4,Jul_W4,0.0317101,883.0
Blackburnian Warbler,8,1,Aug_W1,0.0477759,607.0
Blackburnian Warbler,8,2,Aug_W2,0.0641628,639.0
Blackburnian Warbler,8,3,Aug_W3,0.0341297,586.0
Blackburnian Warbler,8,4,Aug_W4,0.0426036,845.0
Blackburnian Warbler,9,1,Sep_W1,0.0246212,528.0
Blackburnian Warbler,9,2,Sep_W2,0.007657,653.0
Blackburnian Warbler,9,3,Sep_W3,0.0015674,638.0
Blackburnian Warbler,9,4,Sep_W4,0.0,753.0
Blackburnian Warbler,10,1,Oct_W1,0.0,630.0
Blackburnian Warbler,10,2,Oct_W2,0.0,578.0
Blackburnian Warbler,10,3,Oct_W3,0.0,488.0
Blackburnian Warbler,10,4,Oct_W4,0.0,562.0
Blackburnian Warbler,11,1,Nov_W1,0.0,383.0
Blackburnian Warbler,11,2,Nov_W2,0.0,329.0
Blackburnian Warbler,11,3,Nov_W3,0.0,273.0
Blackburnian Warbler,11,4,Nov_W4,0.0,270.0
Blackburnian Warbler,12,1,Dec_W1,0.0,157.0
Blackburnian Warbler,12,2,Dec_W2,0.0,166.0
Blackburnian Warbler,12,3,Dec_W3,0.0,137.0
Blackburnian Warbler,12,4,Dec_W4,0.0,145.0
Northern Yellow Warbler,1,1,Jan_W1,0.0,185.0
Northern Yellow Warbler,1,2,Jan_W2,0.0,88.0
Northern Yellow Warbler,1,3,Jan_W3,0.0,105.0
Northern Yellow Warbler,1,4,Jan_W4,0.0,140.0
Northern Yellow Warbler,2,1,Feb_W1,0.0,123.0
Northern Yellow Warbler,2,2,Feb_W2,0.0,108.0
Northern Yellow Warbler,2,3,Feb_W3,0.0,118.0
Northern Yellow Warbler,2,4,Feb_W4,0.0,70.0
Northern Yellow Warbler,3,1,Mar_W1,0.0,105.0
Northern Yellow Warbler,3,2,Mar_W2,0.0,114.0
Northern Yellow Warbler,3,3,Mar_W3,0.0,142.0
Northern Yellow Warbler,3,4,Mar_W4,0.0,164.0
Northern Yellow Warbler,4,1,Apr_W1,0.0,261.0
Northern Yellow Warbler,4,2,Apr_W2,0.0,364.0
Northern Yellow Warbler,4,3,Apr_W3,0.0,430.0
Northern Yellow Warbler,4,4,Apr_W4,0.0,706.0
Northern Yellow Warbler,5,1,May_W1,0.0077519,645.0
Northern Yellow Warbler,5,2,May_W2,0.0374677,774.0
Northern Yellow Warbler,5,3,May_W3,0.1163399,765.0
Northern Yellow Warbler,5,4,May_W4,0.2027417,1386.0
Northern Yellow Warbler,6,1,Jun_W1,0.2023392,855.0
Northern Yellow Warbler,6,2,Jun_W2,0.1848404,752.0
Northern Yellow Warbler,6,3,Jun_W3,0.1616,625.0
Northern Yellow Warbler,6,4,Jun_W4,0.1583893,745.0
Northern Yellow Warbler,7,1,Jul_W1,0.1294964,695.0
Northern Yellow Warbler,7,2,Jul_W2,0.1097046,711.0
Northern Yellow Warbler,7,3,Jul_W3,0.059754,569.0
Northern Yellow Warbler,7,4,Jul_W4,0.0419026,883.0
Northern Yellow Warbler,8,1,Aug_W1,0.0428336,607.0
Northern Yellow Warbler,8,2,Aug_W2,0.0391236,639.0
Northern Yellow Warbler,8,3,Aug_W3,0.0221843,586.0
Northern Yellow Warbler,8,4,Aug_W4,0.008284,845.0
Northern Yellow Warbler,9,1,Sep_W1,0.0037879,528.0
Northern Yellow Warbler,9,2,Sep_W2,0.0061256,653.0
Northern Yellow Warbler,9,3,Sep_W3,0.0015674,638.0
Northern Yellow Warbler,9,4,Sep_W4,0.0,753.0
Northern Yellow Warbler,10,1,Oct_W1,0.0,630.0
Northern Yellow Warbler,10,2,Oct_W2,0.0,578.0
Northern Yellow Warbler,10,3,Oct_W3,0.0,488.0
Northern Yellow Warbler,10,4,Oct_W4,0.0,562.0
Northern Yellow Warbler,11,1,Nov_W1,0.0,383.0
Northern Yellow Warbler,11,2,Nov_W2,0.0,329.0
Northern Yellow Warbler,11,3,Nov_W3,0.0,273.0
Northern Yellow Warbler,11,4,Nov_W4,0.0,270.0
Northern Yellow Warbler,12,1,Dec_W1,0.0,157.0
Northern Yellow Warbler,12,2,Dec_W2,0.0,166.0
Northern Yellow Warbler,12,3,Dec_W3,0.0,137.0
Northern Yellow Warbler,12,4,Dec_W4,0.0,145.0
Chestnut-sided Warbler,1,1,Jan_W1,0.0,185.0
Chestnut-sided Warbler,1,2,Jan_W2,0.0,88.0
Chestnut-sided Warbler,1,3,Jan_W3,0.0,105.0
Chestnut-sided Warbler,1,4,Jan_W4,0.0,140.0
Chestnut-sided Warbler,2,1,Feb_W1,0.0,123.0
Chestnut-sided Warbler,2,2,Feb_W2,0.0,108.0
Chestnut-sided Warbler,2,3,Feb_W3,0.0,118.0
Chestnut-sided Warbler,2,4,Feb_W4,0.0,70.0
Chestnut-sided Warbler,3,1,Mar_W1,0.0,105.0
Chestnut-sided Warbler,3,2,Mar_W2,0.0,114.0
Chestnut-sided Warbler,3,3,Mar_W3,0.0,142.0
Chestnut-sided Warbler,3,4,Mar_W4,0.0,164.0
Chestnut-sided Warbler,4,1,Apr_W1,0.0,261.0
Chestnut-sided Warbler,4,2,Apr_W2,0.0,364.0
Chestnut-sided Warbler,4,3,Apr_W3,0.0,430.0
Chestnut-sided Warbler,4,4,Apr_W4,0.0,706.0
Chestnut-sided Warbler,5,1,May_W1,0.0015504,645.0
Chestnut-sided Warbler,5,2,May_W2,0.0193798,774.0
Chestnut-sided Warbler,5,3,May_W3,0.1411765,765.0
Chestnut-sided Warbler,5,4,May_W4,0.2113997,1386.0
Chestnut-sided Warbler,6,1,Jun_W1,0.2210526,855.0
Chestnut-sided Warbler,6,2,Jun_W2,0.2207447,752.0
Chestnut-sided Warbler,6,3,Jun_W3,0.2064,625.0
Chestnut-sided Warbler,6,4,Jun_W4,0.1798658,745.0
Chestnut-sided Warbler,7,1,Jul_W1,0.1669065,695.0
Chestnut-sided Warbler,7,2,Jul_W2,0.0942335,711.0
Chestnut-sided Warbler,7,3,Jul_W3,0.0720562,569.0
Chestnut-sided Warbler,7,4,Jul_W4,0.0305776,883.0
Chestnut-sided Warbler,8,1,Aug_W1,0.0345964,607.0
Chestnut-sided Warbler,8,2,Aug_W2,0.0547731,639.0
Chestnut-sided Warbler,8,3,Aug_W3,0.0460751,586.0
Chestnut-sided Warbler,8,4,Aug_W4,0.0390533,845.0
Chestnut-sided Warbler,9,1,Sep_W1,0.0189394,528.0
Chestnut-sided Warbler,9,2,Sep_W2,0.0122511,653.0
Chestnut-sided Warbler,9,3,Sep_W3,0.007837,638.0
Chestnut-sided Warbler,9,4,Sep_W4,0.0,753.0
Chestnut-sided Warbler,10,1,Oct_W1,0.0,630.0
Chestnut-sided Warbler,10,2,Oct_W2,0.0,578.0
Chestnut-sided Warbler,10,3,Oct_W3,0.0,488.0
Chestnut-sided Warbler,10,4,Oct_W4,0.0,562.0
Chestnut-sided Warbler,11,1,Nov_W1,0.0,383.0
Chestnut-sided Warbler,11,2,Nov_W2,0.0,329.0
Chestnut-sided Warbler,11,3,Nov_W3,0.0,273.0
Chestnut-sided Warbler,11,4,Nov_W4,0.0,270.0
Chestnut-sided Warbler,12,1,Dec_W1,0.0,157.0
Chestnut-sided Warbler,12,2,Dec_W2,0.0,166.0
Chestnut-sided Warbler,12,3,Dec_W3,0.0,137.0
Chestnut-sided Warbler,12,4,Dec_W4,0.0,145.0
Blackpoll Warbler,1,1,Jan_W1,0.0,185.0
Blackpoll Warbler,1,2,Jan_W2,0.0,88.0
Blackpoll Warbler,1,3,Jan_W3,0.0,105.0
Blackpoll Warbler,1,4,Jan_W4,0.0,140.0
Blackpoll Warbler,2,1,Feb_W1,0.0,123.0
Blackpoll Warbler,2,2,Feb_W2,0.0,108.0
Blackpoll Warbler,2,3,Feb_W3,0.0,118.0
Blackpoll Warbler,2,4,Feb_W4,0.0,70.0
Blackpoll Warbler,3,1,Mar_W1,0.0,105.0
Blackpoll Warbler,3,2,Mar_W2,0.0,114.0
Blackpoll Warbler,3,3,Mar_W3,0.0,142.0
Blackpoll Warbler,3,4,Mar_W4,0.0,164.0
Blackpoll Warbler,4,1,Apr_W1,0.0,261.0
Blackpoll Warbler,4,2,Apr_W2,0.0,364.0
Blackpoll Warbler,4,3,Apr_W3,0.0,430.0
Blackpoll Warbler,4,4,Apr_W4,0.0,706.0
Blackpoll Warbler,5,1,May_W1,0.0,645.0
Blackpoll Warbler,5,2,May_W2,0.0,774.0
Blackpoll Warbler,5,3,May_W3,0.0078431,765.0
Blackpoll Warbler,5,4,May_W4,0.018759,1386.0
Blackpoll Warbler,6,1,Jun_W1,0.0023392,855.0
Blackpoll Warbler,6,2,Jun_W2,0.0026596,752.0
Blackpoll Warbler,6,3,Jun_W3,0.0,625.0
Blackpoll Warbler,6,4,Jun_W4,0.0,745.0
Blackpoll Warbler,7,1,Jul_W1,0.0,695.0
Blackpoll Warbler,7,2,Jul_W2,0.0,711.0
Blackpoll Warbler,7,3,Jul_W3,0.0,569.0
Blackpoll Warbler,7,4,Jul_W4,0.0011325,883.0
Blackpoll Warbler,8,1,Aug_W1,0.0016474,607.0
Blackpoll Warbler,8,2,Aug_W2,0.0031299,639.0
Blackpoll Warbler,8,3,Aug_W3,0.0051195,586.0
Blackpoll Warbler,8,4,Aug_W4,0.016568,845.0
Blackpoll Warbler,9,1,Sep_W1,0.0871212,528.0
Blackpoll Warbler,9,2,Sep_W2,0.0842266,653.0
Blackpoll Warbler,9,3,Sep_W3,0.0423197,638.0
Blackpoll Warbler,9,4,Sep_W4,0.0185923,753.0
Blackpoll Warbler,10,1,Oct_W1,0.0015873,630.0
Blackpoll Warbler,10,2,Oct_W2,0.0,578.0
Blackpoll Warbler,10,3,Oct_W3,0.0,488.0
Blackpoll Warbler,10,4,Oct_W4,0.0,562.0
Blackpoll Warbler,11,1,Nov_W1,0.0,383.0
Blackpoll Warbler,11,2,Nov_W2,0.0,329.0
Blackpoll Warbler,11,3,Nov_W3,0.0,273.0
Blackpoll Warbler,11,4,Nov_W4,0.0,270.0
Blackpoll Warbler,12,1,Dec_W1,0.0,157.0
Blackpoll Warbler,12,2,Dec_W2,0.0,166.0
Blackpoll Warbler,12,3,Dec_W3,0.0,137.0
Blackpoll Warbler,12,4,Dec_W4,0.0,145.0
Black-throated Blue Warbler,1,1,Jan_W1,0.0,185.0
Black-throated Blue Warbler,1,2,Jan_W2,0.0,88.0
Black-throated Blue Warbler,1,3,Jan_W3,0.0,105.0
Black-throated Blue Warbler,1,4,Jan_W4,0.0,140.0
Black-throated Blue Warbler,2,1,Feb_W1,0.0,123.0
Black-throated Blue Warbler,2,2,Feb_W2,0.0,108.0
Black-throated Blue Warbler,2,3,Feb_W3,0.0,118.0
Black-throated Blue Warbler,2,4,Feb_W4,0.0,70.0
Black-throated Blue Warbler,3,1,Mar_W1,0.0,105.0
Black-throated Blue Warbler,3,2,Mar_W2,0.0,114.0
Black-throated Blue Warbler,3,3,Mar_W3,0.0,142.0
Black-throated Blue Warbler,3,4,Mar_W4,0.0,164.0
Black-throated Blue Warbler,4,1,Apr_W1,0.0,261.0
Black-throated Blue Warbler,4,2,Apr_W2,0.0,364.0
Black-throated Blue Warbler,4,3,Apr_W3,0.0,430.0
Black-throated Blue Warbler,4,4,Apr_W4,0.0,706.0
Black-throated Blue Warbler,5,1,May_W1,0.0077519,645.0
Black-throated Blue Warbler,5,2,May_W2,0.0258398,774.0
Black-throated Blue Warbler,5,3,May_W3,0.0915033,765.0
Black-throated Blue Warbler,5,4,May_W4,0.0923521,1386.0
Black-throated Blue Warbler,6,1,Jun_W1,0.0994152,855.0
Black-throated Blue Warbler,6,2,Jun_W2,0.1023936,752.0
Black-throated Blue Warbler,6,3,Jun_W3,0.1072,625.0
Black-throated Blue Warbler,6,4,Jun_W4,0.0684564,745.0
Black-throated Blue Warbler,7,1,Jul_W1,0.0604317,695.0
Black-throated Blue Warbler,7,2,Jul_W2,0.0506329,711.0
Black-throated Blue Warbler,7,3,Jul_W3,0.0579965,569.0
Black-throated Blue Warbler,7,4,Jul_W4,0.0283126,883.0
Black-throated Blue Warbler,8,1,Aug_W1,0.0510708,607.0
Black-throated Blue Warbler,8,2,Aug_W2,0.0469484,639.0
Black-throated Blue Warbler,8,3,Aug_W3,0.0273038,586.0
Black-throated Blue Warbler,8,4,Aug_W4,0.0248521,845.0
Black-throated Blue Warbler,9,1,Sep_W1,0.0416667,528.0
Black-throated Blue Warbler,9,2,Sep_W2,0.0260337,653.0
Black-throated Blue Warbler,9,3,Sep_W3,0.0172414,638.0
Black-throated Blue Warbler,9,4,Sep_W4,0.0053121,753.0
Black-throated Blue Warbler,10,1,Oct_W1,0.0015873,630.0
Black-throated Blue Warbler,10,2,Oct_W2,0.0,578.0
Black-throated Blue Warbler,10,3,Oct_W3,0.0,488.0
Black-throated Blue Warbler,10,4,Oct_W4,0.0,562.0
Black-throated Blue Warbler,11,1,Nov_W1,0.0,383.0
Black-throated Blue Warbler,11,2,Nov_W2,0.0,329.0
Black-throated Blue Warbler,11,3,Nov_W3,0.0,273.0
Black-throated Blue Warbler,11,4,Nov_W4,0.0,270.0
Black-throated Blue Warbler,12,1,Dec_W1,0.0,157.0
Black-throated Blue Warbler,12,2,Dec_W2,0.0,166.0
Black-throated Blue Warbler,12,3,Dec_W3,0.0,137.0
Black-throated Blue Warbler,12,4,Dec_W4,0.0,145.0
Palm Warbler,1,1,Jan_W1,0.0,185.0
Palm Warbler,1,2,Jan_W2,0.0,88.0
Palm Warbler,1,3,Jan_W3,0.0,105.0
Palm Warbler,1,4,Jan_W4,0.0,140.0
Palm Warbler,2,1,Feb_W1,0.0,123.0
Palm Warbler,2,2,Feb_W2,0.0,108.0
Palm Warbler,2,3,Feb_W3,0.0,118.0
Palm Warbler,2,4,Feb_W4,0.0,70.0
Palm Warbler,3,1,Mar_W1,0.0,105.0
Palm Warbler,3,2,Mar_W2,0.0,114.0
Palm Warbler,3,3,Mar_W3,0.0,142.0
Palm Warbler,3,4,Mar_W4,0.0,164.0
Palm Warbler,4,1,Apr_W1,0.0,261.0
Palm Warbler,4,2,Apr_W2,0.0,364.0
Palm Warbler,4,3,Apr_W3,0.0,430.0
Palm Warbler,4,4,Apr_W4,0.0028329,706.0
Palm Warbler,5,1,May_W1,0.0263566,645.0
Palm Warbler,5,2,May_W2,0.0865633,774.0
Palm Warbler,5,3,May_W3,0.1111111,765.0
Palm Warbler,5,4,May_W4,0.0353535,1386.0
Palm Warbler,6,1,Jun_W1,0.0046784,855.0
Palm Warbler,6,2,Jun_W2,0.0013298,752.0
Palm Warbler,6,3,Jun_W3,0.0032,625.0
Palm Warbler,6,4,Jun_W4,0.0013423,745.0
Palm Warbler,7,1,Jul_W1,0.0,695.0
Palm Warbler,7,2,Jul_W2,0.0014065,711.0
Palm Warbler,7,3,Jul_W3,0.0017575,569.0
Palm Warbler,7,4,Jul_W4,0.002265,883.0
Palm Warbler,8,1,Aug_W1,0.0016474,607.0
Palm Warbler,8,2,Aug_W2,0.0046948,639.0
Palm Warbler,8,3,Aug_W3,0.0102389,586.0
Palm Warbler,8,4,Aug_W4,0.0118343,845.0
Palm Warbler,9,1,Sep_W1,0.0757576,528.0
Palm Warbler,9,2,Sep_W2,0.1056662,653.0
Palm Warbler,9,3,Sep_W3,0.1018809,638.0
Palm Warbler,9,4,Sep_W4,0.1513944,753.0
Palm Warbler,10,1,Oct_W1,0.1047619,630.0
Palm Warbler,10,2,Oct_W2,0.0363322,578.0
Palm Warbler,10,3,Oct_W3,0.0081967,488.0
Palm Warbler,10,4,Oct_W4,0.0,562.0
Palm Warbler,11,1,Nov_W1,0.0,383.0
Palm Warbler,11,2,Nov_W2,0.0030395,329.0
Palm Warbler,11,3,Nov_W3,0.0,273.0
Palm Warbler,11,4,Nov_W4,0.0,270.0
Palm Warbler,12,1,Dec_W1,0.0,157.0
Palm Warbler,12,2,Dec_W2,0.0,166.0
Palm Warbler,12,3,Dec_W3,0.0,137.0
Palm Warbler,12,4,Dec_W4,0.0,145.0
Pine Warbler,1,1,Jan_W1,0.0,185.0
Pine Warbler,1,2,Jan_W2,0.0,88.0
Pine Warbler,1,3,Jan_W3,0.0,105.0
Pine Warbler,1,4,Jan_W4,0.0,140.0
Pine Warbler,2,1,Feb_W1,0.0,123.0
Pine Warbler,2,2,Feb_W2,0.0,108.0
Pine Warbler,2,3,Feb_W3,0.0,118.0
Pine Warbler,2,4,Feb_W4,0.0,70.0
Pine Warbler,3,1,Mar_W1,0.0,105.0
Pine Warbler,3,2,Mar_W2,0.0,114.0
Pine Warbler,3,3,Mar_W3,0.0,142.0
Pine Warbler,3,4,Mar_W4,0.0,164.0
Pine Warbler,4,1,Apr_W1,0.0,261.0
Pine Warbler,4,2,Apr_W2,0.010989,364.0
Pine Warbler,4,3,Apr_W3,0.0046512,430.0
Pine Warbler,4,4,Apr_W4,0.0283286,706.0
Pine Warbler,5,1,May_W1,0.1302326,645.0
Pine Warbler,5,2,May_W2,0.1666667,774.0
Pine Warbler,5,3,May_W3,0.1529412,765.0
Pine Warbler,5,4,May_W4,0.1948052,1386.0
Pine Warbler,6,1,Jun_W1,0.1824561,855.0
Pine Warbler,6,2,Jun_W2,0.1648936,752.0
Pine Warbler,6,3,Jun_W3,0.1952,625.0
Pine Warbler,6,4,Jun_W4,0.166443,745.0
Pine Warbler,7,1,Jul_W1,0.1496403,695.0
Pine Warbler,7,2,Jul_W2,0.1518987,711.0
Pine Warbler,7,3,Jul_W3,0.1370826,569.0
Pine Warbler,7,4,Jul_W4,0.0838052,883.0
Pine Warbler,8,1,Aug_W1,0.0543657,607.0
Pine Warbler,8,2,Aug_W2,0.0422535,639.0
Pine Warbler,8,3,Aug_W3,0.0460751,586.0
Pine Warbler,8,4,Aug_W4,0.0556213,845.0
Pine Warbler,9,1,Sep_W1,0.0700758,528.0
Pine Warbler,9,2,Sep_W2,0.0673813,653.0
Pine Warbler,9,3,Sep_W3,0.0517241,638.0
Pine Warbler,9,4,Sep_W4,0.0517928,753.0
Pine Warbler,10,1,Oct_W1,0.015873,630.0
Pine Warbler,10,2,Oct_W2,0.0,578.0
Pine Warbler,10,3,Oct_W3,0.0,488.0
Pine Warbler,10,4,Oct_W4,0.0,562.0
Pine Warbler,11,1,Nov_W1,0.0,383.0
Pine Warbler,11,2,Nov_W2,0.0,329.0
Pine Warbler,11,3,Nov_W3,0.0,273.0
Pine Warbler,11,4,Nov_W4,0.0,270.0
Pine Warbler,12,1,Dec_W1,0.0063694,157.0
Pine Warbler,12,2,Dec_W2,0.0,166.0
Pine Warbler,12,3,Dec_W3,0.0,137.0
Pine Warbler,12,4,Dec_W4,0.0,145.0
Yellow-rumped Warbler,1,1,Jan_W1,0.0,185.0
Yellow-rumped Warbler,1,2,Jan_W2,0.0,88.0
Yellow-rumped Warbler,1,3,Jan_W3,0.0,105.0
Yellow-rumped Warbler,1,4,Jan_W4,0.0,140.0
Yellow-rumped Warbler,2,1,Feb_W1,0.0,123.0
Yellow-rumped Warbler,2,2,Feb_W2,0.0,108.0
Yellow-rumped Warbler,2,3,Feb_W3,0.0,118.0
Yellow-rumped Warbler,2,4,Feb_W4,0.0,70.0
Yellow-rumped Warbler,3,1,Mar_W1,0.0,105.0
Yellow-rumped Warbler,3,2,Mar_W2,0.0,114.0
Yellow-rumped Warbler,3,3,Mar_W3,0.0015,142.0
Yellow-rumped Warbler,3,4,Mar_W4,0.0015,164.0
Yellow-rumped Warbler,4,1,Apr_W1,0.0076628,261.0
Yellow-rumped Warbler,4,2,Apr_W2,0.043956,364.0
Yellow-rumped Warbler,4,3,Apr_W3,0.0418605,430.0
Yellow-rumped Warbler,4,4,Apr_W4,0.0991501,706.0
Yellow-rumped Warbler,5,1,May_W1,0.2232558,645.0
Yellow-rumped Warbler,5,2,May_W2,0.3242894,774.0
Yellow-rumped Warbler,5,3,May_W3,0.3385621,765.0
Yellow-rumped Warbler,5,4,May_W4,0.2792208,1386.0
Yellow-rumped Warbler,6,1,Jun_W1,0.2,855.0
Yellow-rumped Warbler,6,2,Jun_W2,0.1928191,752.0
Yellow-rumped Warbler,6,3,Jun_W3,0.2288,625.0
Yellow-rumped Warbler,6,4,Jun_W4,0.1597315,745.0
Yellow-rumped Warbler,7,1,Jul_W1,0.1323741,695.0
Yellow-rumped Warbler,7,2,Jul_W2,0.1364276,711.0
Yellow-rumped Warbler,7,3,Jul_W3,0.1564148,569.0
Yellow-rumped Warbler,7,4,Jul_W4,0.1279728,883.0
Yellow-rumped Warbler,8,1,Aug_W1,0.1383855,607.0
Yellow-rumped Warbler,8,2,Aug_W2,0.1580595,639.0
Yellow-rumped Warbler,8,3,Aug_W3,0.1484642,586.0
Yellow-rumped Warbler,8,4,Aug_W4,0.1715976,845.0
Yellow-rumped Warbler,9,1,Sep_W1,0.1988636,528.0
Yellow-rumped Warbler,9,2,Sep_W2,0.1975498,653.0
Yellow-rumped Warbler,9,3,Sep_W3,0.1739812,638.0
Yellow-rumped Warbler,9,4,Sep_W4,0.2709163,753.0
Yellow-rumped Warbler,10,1,Oct_W1,0.1920635,630.0
Yellow-rumped Warbler,10,2,Oct_W2,0.115917,578.0
Yellow-rumped Warbler,10,3,Oct_W3,0.0532787,488.0
Yellow-rumped Warbler,10,4,Oct_W4,0.0160142,562.0
Yellow-rumped Warbler,11,1,Nov_W1,0.002611,383.0
Yellow-rumped Warbler,11,2,Nov_W2,0.0,329.0
Yellow-rumped Warbler,11,3,Nov_W3,0.003663,273.0
Yellow-rumped Warbler,11,4,Nov_W4,0.0,270.0
Yellow-rumped Warbler,12,1,Dec_W1,0.0,157.0
Yellow-rumped Warbler,12,2,Dec_W2,0.0,166.0
Yellow-rumped Warbler,12,3,Dec_W3,0.0,137.0
Yellow-rumped Warbler,12,4,Dec_W4,0.0,145.0
Prairie Warbler,1,1,Jan_W1,0.0,185.0
Prairie Warbler,1,2,Jan_W2,0.0,88.0
Prairie Warbler,1,3,Jan_W3,0.0,105.0
Prairie Warbler,1,4,Jan_W4,0.0,140.0
Prairie Warbler,2,1,Feb_W1,0.0,123.0
Prairie Warbler,2,2,Feb_W2,0.0,108.0
Prairie Warbler,2,3,Feb_W3,0.0,118.0
Prairie Warbler,2,4,Feb_W4,0.0,70.0
Prairie Warbler,3,1,Mar_W1,0.0,105.0
Prairie Warbler,3,2,Mar_W2,0.0,114.0
Prairie Warbler,3,3,Mar_W3,0.0,142.0
Prairie Warbler,3,4,Mar_W4,0.0,164.0
Prairie Warbler,4,1,Apr_W1,0.0,261.0
Prairie Warbler,4,2,Apr_W2,0.0,364.0
Prairie Warbler,4,3,Apr_W3,0.0,430.0
Prairie Warbler,4,4,Apr_W4,0.0,706.0
Prairie Warbler,5,1,May_W1,0.0,645.0
Prairie Warbler,5,2,May_W2,0.0,774.0
Prairie Warbler,5,3,May_W3,0.0,765.0
Prairie Warbler,5,4,May_W4,0.0,1386.0
Prairie Warbler,6,1,Jun_W1,0.0,855.0
Prairie Warbler,6,2,Jun_W2,0.0,752.0
Prairie Warbler,6,3,Jun_W3,0.0,625.0
Prairie Warbler,6,4,Jun_W4,0.0,745.0
Prairie Warbler,7,1,Jul_W1,0.0,695.0
Prairie Warbler,7,2,Jul_W2,0.0,711.0
Prairie Warbler,7,3,Jul_W3,0.0,569.0
Prairie Warbler,7,4,Jul_W4,0.0,883.0
Prairie Warbler,8,1,Aug_W1,0.0,607.0
Prairie Warbler,8,2,Aug_W2,0.0,639.0
Prairie Warbler,8,3,Aug_W3,0.0,586.0
Prairie Warbler,8,4,Aug_W4,0.0,845.0
Prairie Warbler,9,1,Sep_W1,0.0,528.0
Prairie Warbler,9,2,Sep_W2,0.0,653.0
Prairie Warbler,9,3,Sep_W3,0.0,638.0
Prairie Warbler,9,4,Sep_W4,0.0,753.0
Prairie Warbler,10,1,Oct_W1,0.0015,630.0
Prairie Warbler,10,2,Oct_W2,0.0,578.0
Prairie Warbler,10,3,Oct_W3,0.0,488.0
Prairie Warbler,10,4,Oct_W4,0.0,562.0
Prairie Warbler,11,1,Nov_W1,0.0,383.0
Prairie Warbler,11,2,Nov_W2,0.0,329.0
Prairie Warbler,11,3,Nov_W3,0.0,273.0
Prairie Warbler,11,4,Nov_W4,0.0,270.0
Prairie Warbler,12,1,Dec_W1,0.0,157.0
Prairie Warbler,12,2,Dec_W2,0.0,166.0
Prairie Warbler,12,3,Dec_W3,0.0,137.0
Prairie Warbler,12,4,Dec_W4,0.0,145.0
Black-throated Green Warbler,1,1,Jan_W1,0.0,185.0
Black-throated Green Warbler,1,2,Jan_W2,0.0,88.0
Black-throated Green Warbler,1,3,Jan_W3,0.0,105.0
Black-throated Green Warbler,1,4,Jan_W4,0.0,140.0
Black-throated Green Warbler,2,1,Feb_W1,0.0,123.0
Black-throated Green Warbler,2,2,Feb_W2,0.0,108.0
Black-throated Green Warbler,2,3,Feb_W3,0.0,118.0
Black-throated Green Warbler,2,4,Feb_W4,0.0,70.0
Black-throated Green Warbler,3,1,Mar_W1,0.0,105.0
Black-throated Green Warbler,3,2,Mar_W2,0.0,114.0
Black-throated Green Warbler,3,3,Mar_W3,0.0,142.0
Black-throated Green Warbler,3,4,Mar_W4,0.0,164.0
Black-throated Green Warbler,4,1,Apr_W1,0.0,261.0
Black-throated Green Warbler,4,2,Apr_W2,0.0,364.0
Black-throated Green Warbler,4,3,Apr_W3,0.0,430.0
Black-throated Green Warbler,4,4,Apr_W4,0.0014164,706.0
Black-throated Green Warbler,5,1,May_W1,0.0372093,645.0
Black-throated Green Warbler,5,2,May_W2,0.1175711,774.0
Black-throated Green Warbler,5,3,May_W3,0.2535948,765.0
Black-throated Green Warbler,5,4,May_W4,0.3030303,1386.0
Black-throated Green Warbler,6,1,Jun_W1,0.2678363,855.0
Black-throated Green Warbler,6,2,Jun_W2,0.2845745,752.0
Black-throated Green Warbler,6,3,Jun_W3,0.288,625.0
Black-throated Green Warbler,6,4,Jun_W4,0.2268456,745.0
Black-throated Green Warbler,7,1,Jul_W1,0.2230216,695.0
Black-throated Green Warbler,7,2,Jul_W2,0.2278481,711.0
Black-throated Green Warbler,7,3,Jul_W3,0.1739895,569.0
Black-throated Green Warbler,7,4,Jul_W4,0.1370328,883.0
Black-throated Green Warbler,8,1,Aug_W1,0.1186161,607.0
Black-throated Green Warbler,8,2,Aug_W2,0.1251956,639.0
Black-throated Green Warbler,8,3,Aug_W3,0.116041,586.0
Black-throated Green Warbler,8,4,Aug_W4,0.1633136,845.0
Black-throated Green Warbler,9,1,Sep_W1,0.1382576,528.0
Black-throated Green Warbler,9,2,Sep_W2,0.0964778,653.0
Black-throated Green Warbler,9,3,Sep_W3,0.0626959,638.0
Black-throated Green Warbler,9,4,Sep_W4,0.0185923,753.0
Black-throated Green Warbler,10,1,Oct_W1,0.0031746,630.0
Black-throated Green Warbler,10,2,Oct_W2,0.0017301,578.0
Black-throated Green Warbler,10,3,Oct_W3,0.0,488.0
Black-throated Green Warbler,10,4,Oct_W4,0.0,562.0
Black-throated Green Warbler,11,1,Nov_W1,0.0,383.0
Black-throated Green Warbler,11,2,Nov_W2,0.0,329.0
Black-throated Green Warbler,11,3,Nov_W3,0.0,273.0
Black-throated Green Warbler,11,4,Nov_W4,0.0,270.0
Black-throated Green Warbler,12,1,Dec_W1,0.0,157.0
Black-throated Green Warbler,12,2,Dec_W2,0.0,166.0
Black-throated Green Warbler,12,3,Dec_W3,0.0,137.0
Black-throated Green Warbler,12,4,Dec_W4,0.0,145.0
Canada Warbler,1,1,Jan_W1,0.0,185.0
Canada Warbler,1,2,Jan_W2,0.0,88.0
Canada Warbler,1,3,Jan_W3,0.0,105.0
Canada Warbler,1,4,Jan_W4,0.0,140.0
Canada Warbler,2,1,Feb_W1,0.0,123.0
Canada Warbler,2,2,Feb_W2,0.0,108.0
Canada Warbler,2,3,Feb_W3,0.0,118.0
Canada Warbler,2,4,Feb_W4,0.0,70.0
Canada Warbler,3,1,Mar_W1,0.0,105.0
Canada Warbler,3,2,Mar_W2,0.0,114.0
Canada Warbler,3,3,Mar_W3,0.0,142.0
Canada Warbler,3,4,Mar_W4,0.0,164.0
Canada Warbler,4,1,Apr_W1,0.0,261.0
Canada Warbler,4,2,Apr_W2,0.0,364.0
Canada Warbler,4,3,Apr_W3,0.0,430.0
Canada Warbler,4,4,Apr_W4,0.0,706.0
Canada Warbler,5,1,May_W1,0.0,645.0
Canada Warbler,5,2,May_W2,0.001292,774.0
Canada Warbler,5,3,May_W3,0.0104575,765.0
Canada Warbler,5,4,May_W4,0.0584416,1386.0
Canada Warbler,6,1,Jun_W1,0.0690058,855.0
Canada Warbler,6,2,Jun_W2,0.0611702,752.0
Canada Warbler,6,3,Jun_W3,0.0384,625.0
Canada Warbler,6,4,Jun_W4,0.0228188,745.0
Canada Warbler,7,1,Jul_W1,0.0043165,695.0
Canada Warbler,7,2,Jul_W2,0.0070323,711.0
Canada Warbler,7,3,Jul_W3,0.0052724,569.0
Canada Warbler,7,4,Jul_W4,0.0101925,883.0
Canada Warbler,8,1,Aug_W1,0.0313015,607.0
Canada Warbler,8,2,Aug_W2,0.0187793,639.0
Canada Warbler,8,3,Aug_W3,0.0187713,586.0
Canada Warbler,8,4,Aug_W4,0.0094675,845.0
Canada Warbler,9,1,Sep_W1,0.0094697,528.0
Canada Warbler,9,2,Sep_W2,0.0,653.0
Canada Warbler,9,3,Sep_W3,0.0,638.0
Canada Warbler,9,4,Sep_W4,0.0,753.0
Canada Warbler,10,1,Oct_W1,0.0,630.0
Canada Warbler,10,2,Oct_W2,0.0,578.0
Canada Warbler,10,3,Oct_W3,0.0,488.0
Canada Warbler,10,4,Oct_W4,0.0,562.0
Canada Warbler,11,1,Nov_W1,0.0,383.0
Canada Warbler,11,2,Nov_W2,0.0,329.0
Canada Warbler,11,3,Nov_W3,0.0,273.0
Canada Warbler,11,4,Nov_W4,0.0,270.0
Canada Warbler,12,1,Dec_W1,0.0,157.0
Canada Warbler,12,2,Dec_W2,0.0,166.0
Canada Warbler,12,3,Dec_W3,0.0,137.0
Canada Warbler,12,4,Dec_W4,0.0,145.0
Wilson's Warbler,1,1,Jan_W1,0.0,185.0
Wilson's Warbler,1,2,Jan_W2,0.0,88.0
Wilson's Warbler,1,3,Jan_W3,0.0,105.0
Wilson's Warbler,1,4,Jan_W4,0.0,140.0
Wilson's Warbler,2,1,Feb_W1,0.0,123.0
Wilson's Warbler,2,2,Feb_W2,0.0,108.0
Wilson's Warbler,2,3,Feb_W3,0.0,118.0
Wilson's Warbler,2,4,Feb_W4,0.0,70.0
Wilson's Warbler,3,1,Mar_W1,0.0,105.0
Wilson's Warbler,3,2,Mar_W2,0.0,114.0
Wilson's Warbler,3,3,Mar_W3,0.0,142.0
Wilson's Warbler,3,4,Mar_W4,0.0,164.0
Wilson's Warbler,4,1,Apr_W1,0.0,261.0
Wilson's Warbler,4,2,Apr_W2,0.0,364.0
Wilson's Warbler,4,3,Apr_W3,0.0,430.0
Wilson's Warbler,4,4,Apr_W4,0.0,706.0
Wilson's Warbler,5,1,May_W1,0.0,645.0
Wilson's Warbler,5,2,May_W2,0.001292,774.0
Wilson's Warbler,5,3,May_W3,0.0287582,765.0
Wilson's Warbler,5,4,May_W4,0.0670996,1386.0
Wilson's Warbler,6,1,Jun_W1,0.0222222,855.0
Wilson's Warbler,6,2,Jun_W2,0.0013298,752.0
Wilson's Warbler,6,3,Jun_W3,0.0016,625.0
Wilson's Warbler,6,4,Jun_W4,0.0,745.0
Wilson's Warbler,7,1,Jul_W1,0.0,695.0
Wilson's Warbler,7,2,Jul_W2,0.0,711.0
Wilson's Warbler,7,3,Jul_W3,0.0,569.0
Wilson's Warbler,7,4,Jul_W4,0.0,883.0
Wilson's Warbler,8,1,Aug_W1,0.0016474,607.0
Wilson's Warbler,8,2,Aug_W2,0.0015649,639.0
Wilson's Warbler,8,3,Aug_W3,0.0017065,586.0
Wilson's Warbler,8,4,Aug_W4,0.0118343,845.0
Wilson's Warbler,9,1,Sep_W1,0.0208333,528.0
Wilson's Warbler,9,2,Sep_W2,0.0061256,653.0
Wilson's Warbler,9,3,Sep_W3,0.0031348,638.0
Wilson's Warbler,9,4,Sep_W4,0.001328,753.0
Wilson's Warbler,10,1,Oct_W1,0.0,630.0
Wilson's Warbler,10,2,Oct_W2,0.0,578.0
Wilson's Warbler,10,3,Oct_W3,0.0020492,488.0
Wilson's Warbler,10,4,Oct_W4,0.0,562.0
Wilson's Warbler,11,1,Nov_W1,0.0,383.0
Wilson's Warbler,11,2,Nov_W2,0.0,329.0
Wilson's Warbler,11,3,Nov_W3,0.0,273.0
Wilson's Warbler,11,4,Nov_W4,0.0,270.0
Wilson's Warbler,12,1,Dec_W1,0.0,157.0
Wilson's Warbler,12,2,Dec_W2,0.0,166.0
Wilson's Warbler,12,3,Dec_W3,0.0,137.0
Wilson's Warbler,12,4,Dec_W4,0.0,145.0
Summer Tanager,1,1,Jan_W1,0.0,185.0
Summer Tanager,1,2,Jan_W2,0.0,88.0
Summer Tanager,1,3,Jan_W3,0.0,105.0
Summer Tanager,1,4,Jan_W4,0.0,140.0
Summer Tanager,2,1,Feb_W1,0.0,123.0
Summer Tanager,2,2,Feb_W2,0.0,108.0
Summer Tanager,2,3,Feb_W3,0.0,118.0
Summer Tanager,2,4,Feb_W4,0.0,70.0
Summer Tanager,3,1,Mar_W1,0.0,105.0
Summer Tanager,3,2,Mar_W2,0.0,114.0
Summer Tanager,3,3,Mar_W3,0.0,142.0
Summer Tanager,3,4,Mar_W4,0.0,164.0
Summer Tanager,4,1,Apr_W1,0.0,261.0
Summer Tanager,4,2,Apr_W2,0.0,364.0
Summer Tanager,4,3,Apr_W3,0.0,430.0
Summer Tanager,4,4,Apr_W4,0.0,706.0
Summer Tanager,5,1,May_W1,0.0,645.0
Summer Tanager,5,2,May_W2,0.0,774.0
Summer Tanager,5,3,May_W3,0.0,765.0
Summer Tanager,5,4,May_W4,0.0,1386.0
Summer Tanager,6,1,Jun_W1,0.0,855.0
Summer Tanager,6,2,Jun_W2,0.0015,752.0
Summer Tanager,6,3,Jun_W3,0.0,625.0
Summer Tanager,6,4,Jun_W4,0.0,745.0
Summer Tanager,7,1,Jul_W1,0.0,695.0
Summer Tanager,7,2,Jul_W2,0.0,711.0
Summer Tanager,7,3,Jul_W3,0.0,569.0
Summer Tanager,7,4,Jul_W4,0.0,883.0
Summer Tanager,8,1,Aug_W1,0.0,607.0
Summer Tanager,8,2,Aug_W2,0.0,639.0
Summer Tanager,8,3,Aug_W3,0.0017065,586.0
Summer Tanager,8,4,Aug_W4,0.0,845.0
Summer Tanager,9,1,Sep_W1,0.0,528.0
Summer Tanager,9,2,Sep_W2,0.0,653.0
Summer Tanager,9,3,Sep_W3,0.0,638.0
Summer Tanager,9,4,Sep_W4,0.0,753.0
Summer Tanager,10,1,Oct_W1,0.0,630.0
Summer Tanager,10,2,Oct_W2,0.0,578.0
Summer Tanager,10,3,Oct_W3,0.0,488.0
Summer Tanager,10,4,Oct_W4,0.0,562.0
Summer Tanager,11,1,Nov_W1,0.0,383.0
Summer Tanager,11,2,Nov_W2,0.0,329.0
Summer Tanager,11,3,Nov_W3,0.0,273.0
Summer Tanager,11,4,Nov_W4,0.0015,270.0
Summer Tanager,12,1,Dec_W1,0.0,157.0
Summer Tanager,12,2,Dec_W2,0.0,166.0
Summer Tanager,12,3,Dec_W3,0.0,137.0
Summer Tanager,12,4,Dec_W4,0.0,145.0
Scarlet Tanager,1,1,Jan_W1,0.0,185.0
Scarlet Tanager,1,2,Jan_W2,0.0,88.0
Scarlet Tanager,1,3,Jan_W3,0.0,105.0
Scarlet Tanager,1,4,Jan_W4,0.0,140.0
Scarlet Tanager,2,1,Feb_W1,0.0,123.0
Scarlet Tanager,2,2,Feb_W2,0.0,108.0
Scarlet Tanager,2,3,Feb_W3,0.0,118.0
Scarlet Tanager,2,4,Feb_W4,0.0,70.0
Scarlet Tanager,3,1,Mar_W1,0.0,105.0
Scarlet Tanager,3,2,Mar_W2,0.0,114.0
Scarlet Tanager,3,3,Mar_W3,0.0,142.0
Scarlet Tanager,3,4,Mar_W4,0.0,164.0
Scarlet Tanager,4,1,Apr_W1,0.0,261.0
Scarlet Tanager,4,2,Apr_W2,0.0,364.0
Scarlet Tanager,4,3,Apr_W3,0.0,430.0
Scarlet Tanager,4,4,Apr_W4,0.0,706.0
Scarlet Tanager,5,1,May_W1,0.0,645.0
Scarlet Tanager,5,2,May_W2,0.0077519,774.0
Scarlet Tanager,5,3,May_W3,0.0379085,765.0
Scarlet Tanager,5,4,May_W4,0.0562771,1386.0
Scarlet Tanager,6,1,Jun_W1,0.0573099,855.0
Scarlet Tanager,6,2,Jun_W2,0.0531915,752.0
Scarlet Tanager,6,3,Jun_W3,0.0448,625.0
Scarlet Tanager,6,4,Jun_W4,0.0228188,745.0
Scarlet Tanager,7,1,Jul_W1,0.0273381,695.0
Scarlet Tanager,7,2,Jul_W2,0.0351617,711.0
Scarlet Tanager,7,3,Jul_W3,0.0333919,569.0
Scarlet Tanager,7,4,Jul_W4,0.0249151,883.0
Scarlet Tanager,8,1,Aug_W1,0.0214168,607.0
Scarlet Tanager,8,2,Aug_W2,0.0219092,639.0
Scarlet Tanager,8,3,Aug_W3,0.0119454,586.0
Scarlet Tanager,8,4,Aug_W4,0.0236686,845.0
Scarlet Tanager,9,1,Sep_W1,0.0208333,528.0
Scarlet Tanager,9,2,Sep_W2,0.0153139,653.0
Scarlet Tanager,9,3,Sep_W3,0.0062696,638.0
Scarlet Tanager,9,4,Sep_W4,0.001328,753.0
Scarlet Tanager,10,1,Oct_W1,0.0,630.0
Scarlet Tanager,10,2,Oct_W2,0.0,578.0
Scarlet Tanager,10,3,Oct_W3,0.0,488.0
Scarlet Tanager,10,4,Oct_W4,0.0,562.0
Scarlet Tanager,11,1,Nov_W1,0.0,383.0
Scarlet Tanager,11,2,Nov_W2,0.0,329.0
Scarlet Tanager,11,3,Nov_W3,0.0,273.0
Scarlet Tanager,11,4,Nov_W4,0.0,270.0
Scarlet Tanager,12,1,Dec_W1,0.0,157.0
Scarlet Tanager,12,2,Dec_W2,0.0,166.0
Scarlet Tanager,12,3,Dec_W3,0.0,137.0
Scarlet Tanager,12,4,Dec_W4,0.0,145.0
Western Tanager,1,1,Jan_W1,0.0015,185.0
Western Tanager,1,2,Jan_W2,0.0,88.0
Western Tanager,1,3,Jan_W3,0.0,105.0
Western Tanager,1,4,Jan_W4,0.0,140.0
Western Tanager,2,1,Feb_W1,0.0,123.0
Western Tanager,2,2,Feb_W2,0.0,108.0
Western Tanager,2,3,Feb_W3,0.0,118.0
Western Tanager,2,4,Feb_W4,0.0,70.0
Western Tanager,3,1,Mar_W1,0.0,105.0
Western Tanager,3,2,Mar_W2,0.0,114.0
Western Tanager,3,3,Mar_W3,0.0,142.0
Western Tanager,3,4,Mar_W4,0.0,164.0
Western Tanager,4,1,Apr_W1,0.0,261.0
Western Tanager,4,2,Apr_W2,0.0,364.0
Western Tanager,4,3,Apr_W3,0.0,430.0
Western Tanager,4,4,Apr_W4,0.0,706.0
Western Tanager,5,1,May_W1,0.0,645.0
Western Tanager,5,2,May_W2,0.0,774.0
Western Tanager,5,3,May_W3,0.0,765.0
Western Tanager,5,4,May_W4,0.0,1386.0
Western Tanager,6,1,Jun_W1,0.0,855.0
Western Tanager,6,2,Jun_W2,0.0,752.0
Western Tanager,6,3,Jun_W3,0.0,625.0
Western Tanager,6,4,Jun_W4,0.0,745.0
Western Tanager,7,1,Jul_W1,0.0,695.0
Western Tanager,7,2,Jul_W2,0.0,711.0
Western Tanager,7,3,Jul_W3,0.0,569.0
Western Tanager,7,4,Jul_W4,0.0,883.0
Western Tanager,8,1,Aug_W1,0.0,607.0
Western Tanager,8,2,Aug_W2,0.0,639.0
Western Tanager,8,3,Aug_W3,0.0,586.0
Western Tanager,8,4,Aug_W4,0.0011834,845.0
Western Tanager,9,1,Sep_W1,0.0,528.0
Western Tanager,9,2,Sep_W2,0.0,653.0
Western Tanager,9,3,Sep_W3,0.0,638.0
Western Tanager,9,4,Sep_W4,0.0,753.0
Western Tanager,10,1,Oct_W1,0.0,630.0
Western Tanager,10,2,Oct_W2,0.0,578.0
Western Tanager,10,3,Oct_W3,0.0,488.0
Western Tanager,10,4,Oct_W4,0.0,562.0
Western Tanager,11,1,Nov_W1,0.0,383.0
Western Tanager,11,2,Nov_W2,0.0,329.0
Western Tanager,11,3,Nov_W3,0.0,273.0
Western Tanager,11,4,Nov_W4,0.0,270.0
Western Tanager,12,1,Dec_W1,0.0,157.0
Western Tanager,12,2,Dec_W2,0.0,166.0
Western Tanager,12,3,Dec_W3,0.0,137.0
Western Tanager,12,4,Dec_W4,0.0,145.0
Northern Cardinal,1,1,Jan_W1,0.0216216,185.0
Northern Cardinal,1,2,Jan_W2,0.0113636,88.0
Northern Cardinal,1,3,Jan_W3,0.0190476,105.0
Northern Cardinal,1,4,Jan_W4,0.0214286,140.0
Northern Cardinal,2,1,Feb_W1,0.0162602,123.0
Northern Cardinal,2,2,Feb_W2,0.0462963,108.0
Northern Cardinal,2,3,Feb_W3,0.0932203,118.0
Northern Cardinal,2,4,Feb_W4,0.0,70.0
Northern Cardinal,3,1,Mar_W1,0.0190476,105.0
Northern Cardinal,3,2,Mar_W2,0.0087719,114.0
Northern Cardinal,3,3,Mar_W3,0.0422535,142.0
Northern Cardinal,3,4,Mar_W4,0.0243902,164.0
Northern Cardinal,4,1,Apr_W1,0.0344828,261.0
Northern Cardinal,4,2,Apr_W2,0.0164835,364.0
Northern Cardinal,4,3,Apr_W3,0.0232558,430.0
Northern Cardinal,4,4,Apr_W4,0.0269122,706.0
Northern Cardinal,5,1,May_W1,0.0108527,645.0
Northern Cardinal,5,2,May_W2,0.0271318,774.0
Northern Cardinal,5,3,May_W3,0.0143791,765.0
Northern Cardinal,5,4,May_W4,0.0180375,1386.0
Northern Cardinal,6,1,Jun_W1,0.0105263,855.0
Northern Cardinal,6,2,Jun_W2,0.0119681,752.0
Northern Cardinal,6,3,Jun_W3,0.016,625.0
Northern Cardinal,6,4,Jun_W4,0.0107383,745.0
Northern Cardinal,7,1,Jul_W1,0.0215827,695.0
Northern Cardinal,7,2,Jul_W2,0.0253165,711.0
Northern Cardinal,7,3,Jul_W3,0.0140598,569.0
Northern Cardinal,7,4,Jul_W4,0.0147225,883.0
Northern Cardinal,8,1,Aug_W1,0.029654,607.0
Northern Cardinal,8,2,Aug_W2,0.0109546,639.0
Northern Cardinal,8,3,Aug_W3,0.0102389,586.0
Northern Cardinal,8,4,Aug_W4,0.0118343,845.0
Northern Cardinal,9,1,Sep_W1,0.0075758,528.0
Northern Cardinal,9,2,Sep_W2,0.0045942,653.0
Northern Cardinal,9,3,Sep_W3,0.007837,638.0
Northern Cardinal,9,4,Sep_W4,0.0185923,753.0
Northern Cardinal,10,1,Oct_W1,0.0047619,630.0
Northern Cardinal,10,2,Oct_W2,0.0224913,578.0
Northern Cardinal,10,3,Oct_W3,0.0122951,488.0
Northern Cardinal,10,4,Oct_W4,0.0142349,562.0
Northern Cardinal,11,1,Nov_W1,0.0052219,383.0
Northern Cardinal,11,2,Nov_W2,0.0486322,329.0
Northern Cardinal,11,3,Nov_W3,0.0549451,273.0
Northern Cardinal,11,4,Nov_W4,0.0666667,270.0
Northern Cardinal,12,1,Dec_W1,0.0318471,157.0
Northern Cardinal,12,2,Dec_W2,0.0421687,166.0
Northern Cardinal,12,3,Dec_W3,0.0729927,137.0
Northern Cardinal,12,4,Dec_W4,0.0137931,145.0
Rose-breasted Grosbeak,1,1,Jan_W1,0.0,185.0
Rose-breasted Grosbeak,1,2,Jan_W2,0.0,88.0
Rose-breasted Grosbeak,1,3,Jan_W3,0.0,105.0
Rose-breasted Grosbeak,1,4,Jan_W4,0.0,140.0
Rose-breasted Grosbeak,2,1,Feb_W1,0.0,123.0
Rose-breasted Grosbeak,2,2,Feb_W2,0.0,108.0
Rose-breasted Grosbeak,2,3,Feb_W3,0.0,118.0
Rose-breasted Grosbeak,2,4,Feb_W4,0.0,70.0
Rose-breasted Grosbeak,3,1,Mar_W1,0.0,105.0
Rose-breasted Grosbeak,3,2,Mar_W2,0.0,114.0
Rose-breasted Grosbeak,3,3,Mar_W3,0.0,142.0
Rose-breasted Grosbeak,3,4,Mar_W4,0.0,164.0
Rose-breasted Grosbeak,4,1,Apr_W1,0.0,261.0
Rose-breasted Grosbeak,4,2,Apr_W2,0.0,364.0
Rose-breasted Grosbeak,4,3,Apr_W3,0.0,430.0
Rose-breasted Grosbeak,4,4,Apr_W4,0.0,706.0
Rose-breasted Grosbeak,5,1,May_W1,0.0170543,645.0
Rose-breasted Grosbeak,5,2,May_W2,0.1085271,774.0
Rose-breasted Grosbeak,5,3,May_W3,0.220915,765.0
Rose-breasted Grosbeak,5,4,May_W4,0.1984127,1386.0
Rose-breasted Grosbeak,6,1,Jun_W1,0.148538,855.0
Rose-breasted Grosbeak,6,2,Jun_W2,0.1542553,752.0
Rose-breasted Grosbeak,6,3,Jun_W3,0.1296,625.0
Rose-breasted Grosbeak,6,4,Jun_W4,0.1288591,745.0
Rose-breasted Grosbeak,7,1,Jul_W1,0.1151079,695.0
Rose-breasted Grosbeak,7,2,Jul_W2,0.0843882,711.0
Rose-breasted Grosbeak,7,3,Jul_W3,0.0773286,569.0
Rose-breasted Grosbeak,7,4,Jul_W4,0.0554926,883.0
Rose-breasted Grosbeak,8,1,Aug_W1,0.0955519,607.0
Rose-breasted Grosbeak,8,2,Aug_W2,0.0672926,639.0
Rose-breasted Grosbeak,8,3,Aug_W3,0.0443686,586.0
Rose-breasted Grosbeak,8,4,Aug_W4,0.0579882,845.0
Rose-breasted Grosbeak,9,1,Sep_W1,0.0189394,528.0
Rose-breasted Grosbeak,9,2,Sep_W2,0.0336907,653.0
Rose-breasted Grosbeak,9,3,Sep_W3,0.0172414,638.0
Rose-breasted Grosbeak,9,4,Sep_W4,0.0079681,753.0
Rose-breasted Grosbeak,10,1,Oct_W1,0.0015,630.0
Rose-breasted Grosbeak,10,2,Oct_W2,0.0017301,578.0
Rose-breasted Grosbeak,10,3,Oct_W3,0.0,488.0
Rose-breasted Grosbeak,10,4,Oct_W4,0.0,562.0
Rose-breasted Grosbeak,11,1,Nov_W1,0.0,383.0
Rose-breasted Grosbeak,11,2,Nov_W2,0.0,329.0
Rose-breasted Grosbeak,11,3,Nov_W3,0.0,273.0
Rose-breasted Grosbeak,11,4,Nov_W4,0.0,270.0
Rose-breasted Grosbeak,12,1,Dec_W1,0.0063694,157.0
Rose-breasted Grosbeak,12,2,Dec_W2,0.0,166.0
Rose-breasted Grosbeak,12,3,Dec_W3,0.0,137.0
Rose-breasted Grosbeak,12,4,Dec_W4,0.0,145.0
Indigo Bunting,1,1,Jan_W1,0.0,185.0
Indigo Bunting,1,2,Jan_W2,0.0,88.0
Indigo Bunting,1,3,Jan_W3,0.0,105.0
Indigo Bunting,1,4,Jan_W4,0.0,140.0
Indigo Bunting,2,1,Feb_W1,0.0,123.0
Indigo Bunting,2,2,Feb_W2,0.0,108.0
Indigo Bunting,2,3,Feb_W3,0.0,118.0
Indigo Bunting,2,4,Feb_W4,0.0,70.0
Indigo Bunting,3,1,Mar_W1,0.0,105.0
Indigo Bunting,3,2,Mar_W2,0.0,114.0
Indigo Bunting,3,3,Mar_W3,0.0,142.0
Indigo Bunting,3,4,Mar_W4,0.0,164.0
Indigo Bunting,4,1,Apr_W1,0.0,261.0
Indigo Bunting,4,2,Apr_W2,0.0,364.0
Indigo Bunting,4,3,Apr_W3,0.0,430.0
Indigo Bunting,4,4,Apr_W4,0.0,706.0
Indigo Bunting,5,1,May_W1,0.0,645.0
Indigo Bunting,5,2,May_W2,0.005168,774.0
Indigo Bunting,5,3,May_W3,0.0287582,765.0
Indigo Bunting,5,4,May_W4,0.0887446,1386.0
Indigo Bunting,6,1,Jun_W1,0.1309942,855.0
Indigo Bunting,6,2,Jun_W2,0.1662234,752.0
Indigo Bunting,6,3,Jun_W3,0.1408,625.0
Indigo Bunting,6,4,Jun_W4,0.1651007,745.0
Indigo Bunting,7,1,Jul_W1,0.152518,695.0
Indigo Bunting,7,2,Jul_W2,0.1223629,711.0
Indigo Bunting,7,3,Jul_W3,0.1212654,569.0
Indigo Bunting,7,4,Jul_W4,0.0611552,883.0
Indigo Bunting,8,1,Aug_W1,0.0494234,607.0
Indigo Bunting,8,2,Aug_W2,0.0391236,639.0
Indigo Bunting,8,3,Aug_W3,0.0273038,586.0
Indigo Bunting,8,4,Aug_W4,0.0201183,845.0
Indigo Bunting,9,1,Sep_W1,0.0113636,528.0
Indigo Bunting,9,2,Sep_W2,0.0045942,653.0
Indigo Bunting,9,3,Sep_W3,0.0062696,638.0
Indigo Bunting,9,4,Sep_W4,0.002656,753.0
Indigo Bunting,10,1,Oct_W1,0.0,630.0
Indigo Bunting,10,2,Oct_W2,0.0,578.0
Indigo Bunting,10,3,Oct_W3,0.0,488.0
Indigo Bunting,10,4,Oct_W4,0.0,562.0
Indigo Bunting,11,1,Nov_W1,0.0,383.0
Indigo Bunting,11,2,Nov_W2,0.0030395,329.0
Indigo Bunting,11,3,Nov_W3,0.0,273.0
Indigo Bunting,11,4,Nov_W4,0.0,270.0
Indigo Bunting,12,1,Dec_W1,0.0,157.0
Indigo Bunting,12,2,Dec_W2,0.0,166.0
Indigo Bunting,12,3,Dec_W3,0.0,137.0
Indigo Bunting,12,4,Dec_W4,0.0,145.0
Painted Bunting,1,1,Jan_W1,0.0,185.0
Painted Bunting,1,2,Jan_W2,0.0,88.0
Painted Bunting,1,3,Jan_W3,0.0,105.0
Painted Bunting,1,4,Jan_W4,0.0,140.0
Painted Bunting,2,1,Feb_W1,0.0,123.0
Painted Bunting,2,2,Feb_W2,0.0,108.0
Painted Bunting,2,3,Feb_W3,0.0,118.0
Painted Bunting,2,4,Feb_W4,0.0,70.0
Painted Bunting,3,1,Mar_W1,0.0,105.0
Painted Bunting,3,2,Mar_W2,0.0,114.0
Painted Bunting,3,3,Mar_W3,0.0,142.0
Painted Bunting,3,4,Mar_W4,0.0,164.0
Painted Bunting,4,1,Apr_W1,0.0,261.0
Painted Bunting,4,2,Apr_W2,0.0,364.0
Painted Bunting,4,3,Apr_W3,0.0,430.0
Painted Bunting,4,4,Apr_W4,0.0,706.0
Painted Bunting,5,1,May_W1,0.0,645.0
Painted Bunting,5,2,May_W2,0.0,774.0
Painted Bunting,5,3,May_W3,0.0,765.0
Painted Bunting,5,4,May_W4,0.0015,1386.0
Painted Bunting,6,1,Jun_W1,0.0,855.0
Painted Bunting,6,2,Jun_W2,0.0,752.0
Painted Bunting,6,3,Jun_W3,0.0,625.0
Painted Bunting,6,4,Jun_W4,0.0,745.0
Painted Bunting,7,1,Jul_W1,0.0,695.0
Painted Bunting,7,2,Jul_W2,0.0,711.0
Painted Bunting,7,3,Jul_W3,0.0,569.0
Painted Bunting,7,4,Jul_W4,0.0,883.0
Painted Bunting,8,1,Aug_W1,0.0,607.0
Painted Bunting,8,2,Aug_W2,0.0,639.0
Painted Bunting,8,3,Aug_W3,0.0,586.0
Painted Bunting,8,4,Aug_W4,0.0,845.0
Painted Bunting,9,1,Sep_W1,0.0,528.0
Painted Bunting,9,2,Sep_W2,0.0,653.0
Painted Bunting,9,3,Sep_W3,0.0,638.0
Painted Bunting,9,4,Sep_W4,0.0,753.0
Painted Bunting,10,1,Oct_W1,0.0,630.0
Painted Bunting,10,2,Oct_W2,0.0,578.0
Painted Bunting,10,3,Oct_W3,0.0,488.0
Painted Bunting,10,4,Oct_W4,0.0,562.0
Painted Bunting,11,1,Nov_W1,0.0,383.0
Painted Bunting,11,2,Nov_W2,0.0,329.0
Painted Bunting,11,3,Nov_W3,0.0,273.0
Painted Bunting,11,4,Nov_W4,0.0,270.0
Painted Bunting,12,1,Dec_W1,0.0,157.0
Painted Bunting,12,2,Dec_W2,0.0,166.0
Painted Bunting,12,3,Dec_W3,0.0,137.0
Painted Bunting,12,4,Dec_W4,0.0,145.0
Dickcissel,1,1,Jan_W1,0.0,185.0
Dickcissel,1,2,Jan_W2,0.0,88.0
Dickcissel,1,3,Jan_W3,0.0,105.0
Dickcissel,1,4,Jan_W4,0.0,140.0
Dickcissel,2,1,Feb_W1,0.0,123.0
Dickcissel,2,2,Feb_W2,0.0,108.0
Dickcissel,2,3,Feb_W3,0.0,118.0
Dickcissel,2,4,Feb_W4,0.0,70.0
Dickcissel,3,1,Mar_W1,0.0,105.0
Dickcissel,3,2,Mar_W2,0.0,114.0
Dickcissel,3,3,Mar_W3,0.0,142.0
Dickcissel,3,4,Mar_W4,0.0,164.0
Dickcissel,4,1,Apr_W1,0.0,261.0
Dickcissel,4,2,Apr_W2,0.0,364.0
Dickcissel,4,3,Apr_W3,0.0,430.0
Dickcissel,4,4,Apr_W4,0.0,706.0
Dickcissel,5,1,May_W1,0.0,645.0
Dickcissel,5,2,May_W2,0.0,774.0
Dickcissel,5,3,May_W3,0.0,765.0
Dickcissel,5,4,May_W4,0.0,1386.0
Dickcissel,6,1,Jun_W1,0.0046784,855.0
Dickcissel,6,2,Jun_W2,0.0212766,752.0
Dickcissel,6,3,Jun_W3,0.0144,625.0
Dickcissel,6,4,Jun_W4,0.0187919,745.0
Dickcissel,7,1,Jul_W1,0.0115108,695.0
Dickcissel,7,2,Jul_W2,0.0070323,711.0
Dickcissel,7,3,Jul_W3,0.0070299,569.0
Dickcissel,7,4,Jul_W4,0.0033975,883.0
Dickcissel,8,1,Aug_W1,0.0,607.0
Dickcissel,8,2,Aug_W2,0.0,639.0
Dickcissel,8,3,Aug_W3,0.0,586.0
Dickcissel,8,4,Aug_W4,0.0,845.0
Dickcissel,9,1,Sep_W1,0.0,528.0
Dickcissel,9,2,Sep_W2,0.0,653.0
Dickcissel,9,3,Sep_W3,0.0,638.0
Dickcissel,9,4,Sep_W4,0.0,753.0
Dickcissel,10,1,Oct_W1,0.0015873,630.0
Dickcissel,10,2,Oct_W2,0.0,578.0
Dickcissel,10,3,Oct_W3,0.0,488.0
Dickcissel,10,4,Oct_W4,0.0,562.0
Dickcissel,11,1,Nov_W1,0.0,383.0
Dickcissel,11,2,Nov_W2,0.0,329.0
Dickcissel,11,3,Nov_W3,0.0,273.0
Dickcissel,11,4,Nov_W4,0.0,270.0
Dickcissel,12,1,Dec_W1,0.0,157.0
Dickcissel,12,2,Dec_W2,0.0,166.0
Dickcissel,12,3,Dec_W3,0.0,137.0
Dickcissel,12,4,Dec_W4,0.0,145.0
