









Frequency of observations in the selected location(s).:
Number of taxa: 	412

	Jan				Feb				Mar				Apr				May				Jun				Jul				Aug				Sep				Oct				Nov				Dec				
Sample Size:	185.0	88.0	105.0	140.0	123.0	108.0	118.0	70.0	105.0	114.0	142.0	164.0	261.0	364.0	430.0	706.0	645.0	774.0	765.0	1386.0	855.0	752.0	625.0	745.0	695.0	711.0	569.0	883.0	607.0	639.0	586.0	845.0	528.0	653.0	638.0	753.0	630.0	578.0	488.0	562.0	383.0	329.0	273.0	270.0	157.0	166.0	137.0	145.0	

Black-bellied Whistling-Duck	0.0	0.0	0.0	0.0	0.0	0.0	0.0	0.0	0.0	0.0	0.0	0.0	0.0	0.0	0.0	0.0	0.0	0.0	0.0	0.0015	0.0	0.0	0.0	0.0	0.0	0.0	0.0	0.0	0.0	0.0	0.0	0.0	0.0	0.0	0.0	0.0	0.0	0.0	0.0	0.0	0.0	0.0	0.0	0.0	0.0	0.0	0.0	0.0	
Snow Goose	0.0	0.0	0.0	0.0	0.0	0.0	0.0	0.0	0.0	0.0	0.0	0.0	0.0	0.0	0.0	0.0014164	0.0	0.0	0.0	0.0	0.0	0.0	0.0	0.0	0.0	0.0	0.0	0.0	0.0	0.0	0.0	0.0	0.0	0.0	0.0015674	0.0092961	0.0063492	0.0069204	0.0081967	0.0088968	0.0052219	0.0	0.003663	0.0	0.0	0.0	0.0	0.0	
Ross's Goose	0.0	0.0	0.0	0.0	0.0	0.0	0.0	0.0	0.0	0.0	0.0	0.0	0.0	0.0	0.0	0.0127479	0.0046512	0.0	0.0	0.0	0.0	0.0	0.0	0.0	0.0	0.0	0.0	0.0	0.0	0.0	0.0	0.0	0.0	0.0	0.0015674	0.0	0.0	0.0	0.0	0.0	0.0	0.0	0.0	0.0	0.0	0.0	0.0	0.0	
Snow x Ross's Goose (hybrid)	0.0	0.0	0.0	0.0	0.0	0.0	0.0	0.0	0.0	0.0	0.0	0.0	0.0	0.0	0.0	0.0	0.0	0.0	0.0	0.0	0.0	0.0	0.0	0.0	0.0	0.0	0.0	0.0	0.0	0.0	0.0	0.0	0.0	0.0	0.0	0.002656	0.0	0.0	0.0	0.0	0.0	0.0	0.0	0.0	0.0	0.0	0.0	0.0	
Snow/Ross's Goose	0.0	0.0	0.0	0.0	0.0	0.0	0.0	0.0	0.0	0.0	0.0	0.0	0.0	0.0	0.0	0.0	0.0	0.0	0.0	0.0	0.0	0.0	0.0	0.0	0.0	0.0	0.0	0.0	0.0	0.0	0.0	0.0	0.0	0.0	0.0015	0.001328	0.0	0.0	0.0	0.0017794	0.0	0.0	0.0	0.0	0.0	0.0	0.0	0.0	
Greater White-fronted Goose	0.0	0.0	0.0	0.0	0.0	0.0	0.0	0.0	0.0	0.0263158	0.0211268	0.0060976	0.0038314	0.0015	0.0	0.0042493	0.0	0.0	0.0	0.0	0.0	0.0	0.0	0.0	0.0	0.0	0.0015	0.0015	0.0	0.0	0.0	0.0	0.0015	0.0	0.0	0.0	0.0	0.0	0.0	0.0	0.0	0.0	0.0015	0.0	0.0	0.0	0.0	0.0	
Brant	0.0	0.0	0.0	0.0	0.0	0.0	0.0	0.0	0.0	0.0	0.0	0.0	0.0	0.0	0.0	0.0	0.0	0.0	0.0078431	0.0021645	0.0	0.0015	0.0	0.0	0.0	0.0	0.0	0.0	0.0	0.0	0.0	0.0	0.0	0.0015	0.0	0.0	0.0	0.0	0.0	0.0	0.0	0.0	0.0	0.0	0.0	0.0	0.0	0.0	
Cackling Goose	0.0	0.0	0.0	0.0	0.0	0.0	0.0	0.0	0.0	0.0	0.0	0.0	0.0	0.0	0.0	0.0	0.0	0.0	0.0	0.0	0.0	0.0	0.0	0.0	0.0	0.0	0.0	0.0	0.0	0.0	0.0	0.0	0.0	0.0015	0.0062696	0.001328	0.0015873	0.0069204	0.0081967	0.0053381	0.0	0.0030395	0.0	0.0	0.0	0.0	0.0	0.0	
Canada Goose	0.0108108	0.0	0.0190476	0.0	0.0081301	0.0092593	0.0084746	0.0142857	0.0761905	0.2982456	0.2605634	0.3902439	0.3793103	0.3846154	0.3418605	0.3654391	0.3379845	0.2803618	0.2078431	0.2099567	0.1964912	0.1728723	0.1312	0.1181208	0.1079137	0.1125176	0.1282953	0.1574179	0.2026359	0.1658842	0.2064846	0.1739645	0.1287879	0.1730475	0.2366771	0.2589641	0.1936508	0.1972318	0.1803279	0.1637011	0.1488251	0.1033435	0.047619	0.037037	0.0254777	0.0180723	0.0072993	0.0206897	
Cackling/Canada Goose	0.0	0.0	0.0	0.0	0.0	0.0	0.0	0.0	0.0	0.0	0.0	0.0	0.0076628	0.0	0.0	0.0	0.0	0.0	0.0	0.0	0.0	0.0	0.0	0.0	0.0	0.0	0.0	0.0	0.0	0.0	0.0	0.0	0.0	0.0	0.0	0.0	0.0015	0.0017301	0.0020492	0.0015	0.0015	0.0015	0.0	0.0	0.0	0.0	0.0	0.0	
Mute Swan	0.0015	0.0227273	0.0	0.0	0.0	0.0	0.0	0.0	0.0	0.0	0.0	0.0	0.0	0.0	0.0	0.0	0.0	0.0	0.0	0.0	0.0011696	0.0026596	0.0	0.0080537	0.0014388	0.0028129	0.0087873	0.00453	0.0032949	0.0	0.0	0.0035503	0.0	0.0045942	0.0047022	0.001328	0.0015873	0.0034602	0.0	0.0	0.0	0.006079	0.0	0.0	0.0	0.0	0.0	0.0068966	
Trumpeter Swan	0.1243243	0.0454545	0.0190476	0.0142857	0.0650407	0.0555556	0.0423729	0.0714286	0.0666667	0.122807	0.1619718	0.0914634	0.0574713	0.0357143	0.0348837	0.0169972	0.0356589	0.0271318	0.0222222	0.0396825	0.0339181	0.0279255	0.0336	0.0187919	0.018705	0.0084388	0.0193322	0.0147225	0.0263591	0.0234742	0.0409556	0.0710059	0.0189394	0.0336907	0.0282132	0.0212483	0.0174603	0.0432526	0.0737705	0.0480427	0.0704961	0.0455927	0.029304	0.0407407	0.044586	0.0361446	0.0656934	0.0137931	
Tundra Swan	0.0	0.0	0.0	0.0	0.0	0.0	0.0	0.0	0.0	0.0	0.0070423	0.0	0.0	0.0082418	0.0	0.0042493	0.0	0.0	0.0015	0.001443	0.0	0.0	0.0	0.0	0.0	0.0	0.0	0.0	0.0	0.0	0.0	0.0	0.0	0.0	0.0	0.0	0.0015	0.0034602	0.0081967	0.0017794	0.002611	0.006079	0.003663	0.0037037	0.0	0.0	0.0	0.0	
Trumpeter/Tundra Swan	0.0	0.0113636	0.0	0.0	0.0	0.0	0.0	0.0	0.0	0.0015	0.0	0.0060976	0.0	0.0	0.0023256	0.0	0.0	0.0	0.0	7.215E-4	0.0	0.0	0.0015	0.0	0.0	0.0	0.0	0.0	0.0015	0.0	0.0	0.0015	0.0	0.0	0.0	0.0	0.0	0.0017301	0.0020492	0.0	0.0052219	0.0015	0.0	0.0037037	0.0	0.0	0.0	0.0	
swan sp.	0.0054054	0.0	0.0	0.0	0.0	0.0	0.0	0.0	0.0	0.0	0.0070423	0.0	0.0	0.0	0.0	0.0014164	0.0	0.0	0.0	7.215E-4	0.0	0.0	0.0	0.0	0.0	0.0	0.0	0.0	0.0	0.0015649	0.0	0.0011834	0.0	0.0015314	0.0	0.001328	0.0015	0.0	0.0	0.0017794	0.002611	0.0015	0.0	0.0	0.0	0.0	0.0	0.0	
goose sp.	0.0	0.0	0.0	0.0	0.0	0.0	0.0	0.0	0.0	0.0	0.0	0.0	0.0	0.0027473	0.0	0.0	0.0015504	0.0	0.0	7.215E-4	0.0	0.0013298	0.0	0.0	0.0	0.0	0.0	0.0	0.0	0.0	0.0	0.0	0.0	0.0	0.0	0.001328	0.0	0.0017301	0.0	0.0	0.0	0.0	0.0	0.0	0.0	0.0	0.0	0.0	
Wood Duck	0.0	0.0	0.0	0.0	0.0	0.0	0.0	0.0	0.0	0.0	0.0	0.0	0.045977	0.0659341	0.0697674	0.0609065	0.0496124	0.0387597	0.0392157	0.0425685	0.0538012	0.0771277	0.0512	0.0442953	0.0460432	0.0379747	0.0509666	0.0690827	0.07743	0.1126761	0.1211604	0.1325444	0.1155303	0.101072	0.0924765	0.0982736	0.0634921	0.0484429	0.0389344	0.024911	0.002611	0.0030395	0.0	0.0	0.0	0.0	0.0	0.0	
Blue-winged Teal	0.0	0.0	0.0	0.0	0.0	0.0	0.0	0.0	0.0	0.0	0.0	0.0	0.0076628	0.0247253	0.0488372	0.0807365	0.0604651	0.0361757	0.0222222	0.027417	0.0128655	0.0106383	0.0016	0.0040268	0.0028777	0.0028129	0.0035149	0.00453	0.0214168	0.0203443	0.059727	0.0934911	0.0416667	0.0444104	0.0250784	0.0305445	0.0174603	0.0207612	0.0184426	0.0071174	0.0	0.0	0.0	0.0	0.0	0.0	0.0	0.0	
Northern Shoveler	0.0	0.0	0.0	0.0	0.0	0.0	0.0	0.0	0.0	0.0	0.0	0.0	0.0038314	0.0137363	0.0116279	0.0254958	0.027907	0.0129199	0.0117647	0.0122655	0.0093567	0.0013298	0.0016	0.0013423	0.0014388	0.0014065	0.0	0.0011325	0.0	0.0031299	0.0	0.0071006	0.0075758	0.0030628	0.007837	0.0053121	0.0	0.0034602	0.0020492	0.0017794	0.0	0.0	0.003663	0.0	0.0	0.0	0.0	0.0	
Gadwall	0.0	0.0	0.0	0.0	0.0	0.0	0.0	0.0	0.0	0.0	0.0	0.0015	0.0	0.0	0.0023256	0.0042493	0.0015504	0.002584	0.0026144	0.004329	0.005848	0.0013298	0.0	0.0	0.0	0.0	0.0017575	0.002265	0.0016474	0.0015	0.0017065	0.0047337	0.0018939	0.0030628	0.0047022	0.0053121	0.0015873	0.0069204	0.0245902	0.0017794	0.0	0.0	0.003663	0.0	0.0	0.0	0.0	0.0	
American Wigeon	0.0	0.0	0.0	0.0	0.0	0.0	0.0	0.0	0.0	0.0087719	0.0	0.0060976	0.0076628	0.0274725	0.0372093	0.0580737	0.0217054	0.0103359	0.0039216	0.0036075	0.0011696	0.0013298	0.0048	0.0013423	0.0014388	0.0014065	0.0017575	0.0011325	0.0015	0.0	0.0	0.0106509	0.0208333	0.0107198	0.0203762	0.0146082	0.0063492	0.0224913	0.0348361	0.0088968	0.0	0.0	0.003663	0.0	0.0	0.0	0.0	0.0	
Mallard	0.3297297	0.3181818	0.2095238	0.2	0.1788618	0.0925926	0.1355932	0.2142857	0.1714286	0.3333333	0.2887324	0.2804878	0.3141762	0.3653846	0.3418605	0.3626062	0.2635659	0.2648579	0.2156863	0.2215007	0.2315789	0.1994681	0.1728	0.1651007	0.1625899	0.1715893	0.1564148	0.1698754	0.1630972	0.1956182	0.2081911	0.208284	0.1685606	0.1500766	0.1489028	0.1792829	0.1492063	0.1851211	0.2418033	0.2758007	0.2506527	0.2097264	0.2710623	0.2592593	0.2420382	0.2228916	0.2408759	0.2758621	
American Black Duck	0.0810811	0.1022727	0.047619	0.0571429	0.0487805	0.0277778	0.0423729	0.0714286	0.0761905	0.0614035	0.0422535	0.0365854	0.0306513	0.0192308	0.0325581	0.0254958	0.0062016	0.0064599	0.0026144	7.215E-4	0.0011696	0.0039894	0.0048	0.0040268	0.0015	0.0042194	0.0052724	0.01359	0.0131796	0.0172144	0.0204778	0.035503	0.0246212	0.0153139	0.0188088	0.0119522	0.0095238	0.0242215	0.045082	0.0427046	0.0313316	0.0243161	0.047619	0.0444444	0.0509554	0.0542169	0.0656934	0.0758621	
Mallard x American Black Duck (hybrid)	0.0	0.0	0.0095238	0.0071429	0.0	0.0	0.0	0.0	0.0	0.0	0.0	0.0060976	0.0	0.010989	0.0023256	0.0028329	0.0	0.0	0.0	0.0	0.0	0.0013298	0.0	0.0	0.0	0.0	0.0017575	0.0011325	0.0	0.0	0.0017065	0.0	0.0	0.0	0.0015674	0.001328	0.0	0.0	0.0020492	0.0017794	0.0	0.0121581	0.003663	0.0	0.0	0.0	0.0	0.0068966	
Mallard/American Black Duck	0.0	0.0	0.0	0.0015	0.0	0.0	0.0	0.0	0.0	0.0	0.0	0.0	0.0	0.0	0.0	0.0	0.0	0.0	0.0	0.0	0.0011696	0.0	0.0	0.0	0.0	0.0	0.0015	0.0	0.0	0.0	0.0	0.0	0.0	0.0	0.0	0.0	0.0015873	0.0	0.0040984	0.0017794	0.0	0.0030395	0.0	0.0	0.0	0.0060241	0.0	0.0	
Northern Pintail	0.0054054	0.0015	0.0015	0.0071429	0.0	0.0	0.0	0.0	0.0	0.0	0.0	0.0	0.0076628	0.010989	0.0116279	0.0127479	0.0046512	0.003876	0.0	0.0015	0.0	0.0	0.0	0.0	0.0	0.0	0.0	0.0	0.0	0.0	0.0017065	0.0047337	0.0056818	0.0045942	0.0062696	0.0066401	0.0079365	0.0121107	0.0471311	0.0284698	0.0234987	0.0151976	0.003663	0.0	0.0063694	0.0	0.0	0.0137931	
Green-winged Teal	0.0108108	0.0	0.0190476	0.0285714	0.0325203	0.0092593	0.0084746	0.0	0.0095238	0.0	0.0070423	0.0	0.0076628	0.0412088	0.0511628	0.1104816	0.0697674	0.0206718	0.0104575	0.0093795	0.0116959	0.0172872	0.0096	0.0080537	0.0071942	0.0014065	0.0052724	0.006795	0.014827	0.0187793	0.0290102	0.0710059	0.032197	0.0382848	0.0485893	0.0292165	0.0380952	0.0311419	0.0553279	0.0622776	0.0261097	0.006079	0.0	0.0	0.0127389	0.0	0.0145985	0.0	
teal sp.	0.0	0.0	0.0	0.0	0.0	0.0	0.0	0.0	0.0	0.0	0.0	0.0	0.0	0.0	0.0023256	0.0	0.0031008	0.001292	0.0015	0.0	0.0	0.0	0.0	0.0	0.0	0.0	0.0	0.002265	0.0032949	0.0031299	0.0153584	0.0248521	0.0018939	0.007657	0.0094044	0.0066401	0.0015873	0.0051903	0.0204918	0.0071174	0.002611	0.0	0.0	0.0	0.0	0.0	0.0	0.0	
dabbling duck sp.	0.0	0.0	0.0	0.0	0.0	0.0	0.0	0.0	0.0	0.0	0.0	0.0	0.0	0.0	0.0	0.0	0.0	0.001292	0.0	0.001443	0.0	0.0	0.0016	0.0	0.0	0.0	0.0017575	0.0011325	0.0049423	0.0015649	0.0102389	0.0272189	0.0113636	0.0183767	0.0094044	0.0039841	0.0047619	0.0051903	0.0102459	0.0035587	0.002611	0.0	0.0	0.0	0.0	0.0	0.0	0.0	
Canvasback	0.0	0.0	0.0	0.0	0.0	0.0	0.0	0.0	0.0	0.0	0.0	0.0	0.0	0.0	0.0015	0.0056657	0.0015	0.0	0.0	0.0	0.0015	0.0	0.0	0.0	0.0015	0.0015	0.0015	0.0	0.0015	0.0	0.0	0.0015	0.0	0.0	0.0015674	0.002656	0.0	0.0017301	0.0	0.0035587	0.0052219	0.0030395	0.010989	0.0074074	0.0015	0.0060241	0.0072993	0.0	
Redhead	0.0	0.0	0.0190476	0.0	0.0	0.0	0.0	0.0	0.0	0.0	0.0	0.0	0.0	0.0054945	0.0046512	0.0184136	0.020155	0.003876	0.0013072	0.0050505	0.0023392	0.0039894	0.0016	0.0015	0.0	0.0	0.0017575	0.002265	0.0032949	0.0015	0.003413	0.0035503	0.0018939	0.0061256	0.0203762	0.0385126	0.0238095	0.0363322	0.0614754	0.0498221	0.0261097	0.0303951	0.018315	0.0037037	0.0	0.0180723	0.0072993	0.0137931	
Ring-necked Duck	0.0162162	0.0	0.0	0.0	0.0081301	0.0	0.0	0.0	0.0	0.0	0.0070423	0.0243902	0.0804598	0.1428571	0.1372093	0.2096317	0.1705426	0.0645995	0.0091503	0.0036075	0.0011696	0.0066489	0.0096	0.0040268	0.0014388	0.0	0.0	0.002265	0.0015	0.0	0.003413	0.0011834	0.0075758	0.0045942	0.0031348	0.0092961	0.0095238	0.0224913	0.0307377	0.0266904	0.0078329	0.006079	0.010989	0.0037037	0.0015	0.0	0.0	0.0206897	
Greater Scaup	0.0054054	0.0015	0.0015	0.0	0.0015	0.0015	0.0	0.0	0.0	0.0	0.0	0.0	0.0038314	0.0027473	0.0023256	0.0155807	0.0170543	0.0129199	0.0039216	0.001443	0.0015	0.0	0.0	0.0	0.0	0.0	0.0	0.0	0.0	0.0	0.0	0.0	0.0	0.0015314	0.0015674	0.0225764	0.0047619	0.0207612	0.0471311	0.0498221	0.0287206	0.0243161	0.043956	0.0333333	0.0063694	0.0240964	0.0145985	0.0206897	
Lesser Scaup	0.0432432	0.0	0.0	0.0142857	0.0015	0.0	0.0	0.0142857	0.0	0.0087719	0.0070423	0.0121951	0.0076628	0.032967	0.0348837	0.0424929	0.0527132	0.0245478	0.0117647	0.001443	0.0015	0.0026596	0.0016	0.0	0.0	0.0015	0.0	0.0	0.0	0.0015	0.0	0.0011834	0.0018939	0.0015314	0.0047022	0.0066401	0.0095238	0.0311419	0.0491803	0.0302491	0.0234987	0.0091185	0.029304	0.0074074	0.0318471	0.0120482	0.0145985	0.0068966	
Greater/Lesser Scaup	0.0108108	0.0	0.0	0.0	0.0	0.0	0.0	0.0	0.0	0.0	0.0	0.0	0.0038314	0.0	0.0093023	0.0084986	0.0217054	0.0142119	0.0039216	0.0	0.0011696	0.0013298	0.0	0.0	0.0	0.0	0.0	0.0	0.0	0.0	0.0	0.0	0.0	0.0	0.0015674	0.0119522	0.0031746	0.0103806	0.0307377	0.0391459	0.0104439	0.0151976	0.021978	0.0074074	0.0	0.0120482	0.0072993	0.0137931	
Aythya sp.	0.0	0.0	0.0	0.0	0.0	0.0	0.0	0.0	0.0	0.0	0.0	0.0	0.0	0.0027473	0.0023256	0.0	0.0062016	0.001292	0.0	0.0	0.0	0.0	0.0	0.0	0.0	0.0	0.0	0.0	0.0	0.0	0.0	0.0	0.0	0.0	0.0031348	0.002656	0.0047619	0.0051903	0.0143443	0.0106762	0.0	0.0015	0.0	0.0	0.0	0.0	0.0072993	0.0	
King Eider	0.0	0.0	0.0	0.0	0.0	0.0	0.0	0.0	0.0	0.0	0.0	0.0	0.0	0.0	0.0	0.0	0.0	0.0	0.0	0.0	0.0	0.0	0.0	0.0	0.0	0.0	0.0	0.0	0.0	0.0	0.0	0.0	0.0	0.0	0.0	0.0	0.0	0.0	0.0	0.0	0.0	0.0	0.0	0.0	0.0	0.0015	0.0015	0.0	
Common Eider	0.0	0.0	0.0	0.0	0.0	0.0	0.0	0.0	0.0	0.0	0.0	0.0	0.0	0.0	0.0	0.0	0.0	0.0	0.0	0.0	0.0	0.0	0.0	0.0015	0.0	0.0	0.0	0.0	0.0	0.0	0.0	0.0	0.0	0.0	0.0	0.0	0.0	0.0	0.0	0.0	0.0	0.0	0.0	0.0	0.0	0.0	0.0	0.0	
King/Common Eider	0.0	0.0	0.0	0.0	0.0	0.0	0.0	0.0	0.0	0.0	0.0	0.0	0.0	0.0	0.0	0.0	0.0	0.0	0.0	0.0	0.0	0.0	0.0	0.0	0.0028777	0.0	0.0	0.0	0.0	0.0	0.0	0.0	0.0	0.0	0.0	0.0	0.0	0.0	0.0	0.0	0.0	0.0	0.0	0.0	0.0	0.0	0.0	0.0	
Harlequin Duck	0.0	0.0	0.0	0.0	0.0	0.0	0.0	0.0	0.0	0.0	0.0	0.0	0.0	0.0	0.0	0.0	0.0	0.0	0.0	0.0	0.0	0.0	0.0	0.0	0.0	0.0	0.0	0.0	0.0	0.0	0.0	0.0	0.0	0.0	0.0	0.0	0.0015	0.0	0.0015	0.0017794	0.0	0.0030395	0.0	0.0	0.0127389	0.0	0.0	0.0	
Surf Scoter	0.0015	0.0	0.0	0.0	0.0	0.0	0.0	0.0	0.0	0.0	0.0	0.0	0.0	0.0	0.0	0.0014164	0.0	0.0015	0.0	7.215E-4	0.0	0.0013298	0.0	0.0	0.0	0.0	0.0	0.0	0.0	0.0	0.0	0.0	0.0	0.0	0.0015	0.002656	0.0222222	0.0207612	0.0471311	0.0373665	0.0287206	0.0212766	0.018315	0.0015	0.0	0.0	0.0	0.0	
White-winged Scoter	0.0162162	0.0113636	0.0	0.0071429	0.0081301	0.0	0.0084746	0.0	0.0095238	0.0175439	0.028169	0.0182927	0.0	0.0	0.0	0.0042493	0.0031008	0.001292	0.0	0.001443	0.0011696	0.0	0.0	0.0015	0.0	0.0015	0.0	0.0	0.0	0.0	0.0	0.0011834	0.0	0.0030628	0.0015	0.0066401	0.0079365	0.0294118	0.0594262	0.044484	0.0182768	0.0182371	0.0695971	0.0296296	0.0063694	0.0120482	0.0072993	0.0068966	
Black Scoter	0.0	0.0	0.0	0.0	0.0	0.0	0.0	0.0	0.0	0.0	0.0	0.0	0.0	0.0027473	0.0023256	0.0	0.0	0.0	0.0	0.0	0.0	0.0	0.0	0.0	0.0	0.0	0.0	0.0	0.0	0.0	0.0	0.0	0.0	0.0	0.0	0.0	0.0015	0.0086505	0.0368852	0.0391459	0.0130548	0.0212766	0.018315	0.0111111	0.0063694	0.0060241	0.0072993	0.0	
Surf/Black Scoter	0.0	0.0	0.0	0.0	0.0	0.0	0.0	0.0	0.0	0.0	0.0	0.0	0.0	0.0	0.0	0.0	0.0	0.0	0.0	0.0	0.0	0.0	0.0	0.0	0.0	0.0	0.0	0.0	0.0	0.0	0.0	0.0	0.0	0.0	0.0	0.0	0.0	0.0069204	0.0102459	0.0142349	0.0	0.0015	0.003663	0.0	0.0	0.0	0.0	0.0	
scoter sp.	0.0	0.0	0.0	0.0	0.0	0.0	0.0	0.0	0.0	0.0	0.0	0.0	0.0	0.0	0.0	0.0	0.0	0.0	0.0	0.0	0.0	0.0	0.0	0.0	0.0	0.0	0.0	0.0	0.0	0.0	0.0	0.0	0.0	0.0015314	0.0	0.001328	0.0015873	0.0	0.0020492	0.0053381	0.0	0.0	0.007326	0.0	0.0063694	0.0	0.0	0.0	
Long-tailed Duck	0.1027027	0.0454545	0.0571429	0.05	0.0162602	0.0	0.0084746	0.0142857	0.0095238	0.0087719	0.0	0.0121951	0.0015	0.0	0.0023256	0.0084986	0.0015504	0.001292	0.0026144	0.004329	0.0011696	0.0015	0.0	0.0015	0.0	0.0	0.0	0.0	0.0	0.0	0.0	0.0011834	0.0	0.0015	0.0031348	0.0015	0.0063492	0.017301	0.0553279	0.1049822	0.0861619	0.1276596	0.1904762	0.1259259	0.1210191	0.1024096	0.0729927	0.1034483	
Bufflehead	0.0054054	0.0	0.0015	0.0015	0.0015	0.0	0.0084746	0.0	0.0	0.0087719	0.0070423	0.0304878	0.137931	0.217033	0.2488372	0.3654391	0.3023256	0.1860465	0.0614379	0.010101	0.0035088	0.0013298	0.0032	0.0013423	0.0	0.0028129	0.0	0.0033975	0.0016474	0.0	0.0	0.0035503	0.0037879	0.0045942	0.0015	0.0	0.0031746	0.0086505	0.0717213	0.1263345	0.1592689	0.1276596	0.1611722	0.1259259	0.089172	0.0481928	0.0510949	0.0275862	
Common Goldeneye	0.2054054	0.0681818	0.0952381	0.1071429	0.1382114	0.0740741	0.0762712	0.1285714	0.1428571	0.2280702	0.1971831	0.2195122	0.1724138	0.1153846	0.1186047	0.1048159	0.0542636	0.0322997	0.0169935	0.0151515	0.0105263	0.0079787	0.008	0.0053691	0.0014388	0.0042194	0.0123023	0.0079275	0.0032949	0.0046948	0.0085324	0.0071006	0.0094697	0.0045942	0.0125392	0.0172643	0.0063492	0.017301	0.0307377	0.0765125	0.1018277	0.0942249	0.1501832	0.1481481	0.1401274	0.1325301	0.0729927	0.1517241	
Hooded Merganser	0.0486486	0.0113636	0.0285714	0.0015	0.0162602	0.0	0.0084746	0.0285714	0.0190476	0.0701754	0.0633803	0.0670732	0.1340996	0.1153846	0.1162791	0.1189802	0.0821705	0.0452196	0.0235294	0.0209235	0.0210526	0.0265957	0.024	0.0322148	0.0201439	0.0309423	0.0404218	0.0532276	0.0609555	0.0516432	0.0716724	0.0828402	0.0530303	0.0643185	0.0564263	0.0491368	0.0492063	0.0311419	0.0594262	0.094306	0.1044386	0.0911854	0.0879121	0.0703704	0.0254777	0.0361446	0.0656934	0.0206897	
Common Merganser	0.0702703	0.0454545	0.0380952	0.0071429	0.0081301	0.0015	0.0338983	0.0428571	0.0285714	0.0964912	0.0915493	0.1463415	0.1609195	0.1291209	0.1348837	0.1954674	0.1658915	0.1731266	0.1385621	0.1240981	0.1017544	0.0957447	0.0944	0.0926174	0.0848921	0.0998594	0.0702988	0.0758777	0.062603	0.0641628	0.059727	0.1029586	0.1382576	0.1316998	0.1739812	0.12749	0.1126984	0.083045	0.0840164	0.0711744	0.0365535	0.0486322	0.0622711	0.0777778	0.0318471	0.060241	0.0437956	0.1034483	
Red-breasted Merganser	0.1081081	0.0568182	0.0666667	0.0357143	0.0243902	0.0092593	0.0084746	0.0428571	0.0190476	0.0263158	0.028169	0.0121951	0.0076628	0.0302198	0.0209302	0.0481586	0.0449612	0.0490956	0.0496732	0.037518	0.0292398	0.0212766	0.0272	0.0241611	0.0158273	0.0126582	0.0140598	0.011325	0.0065898	0.0187793	0.0153584	0.0130178	0.0151515	0.0183767	0.0094044	0.0199203	0.0238095	0.0726644	0.1147541	0.1174377	0.1122715	0.1215805	0.1245421	0.1037037	0.0636943	0.0722892	0.0729927	0.0758621	
Common/Red-breasted Merganser	0.0216216	0.0113636	0.0285714	0.0071429	0.0	0.0	0.0	0.0	0.0190476	0.0	0.0070423	0.0182927	0.0	0.0027473	0.0139535	0.009915	0.0139535	0.0206718	0.0091503	0.012987	0.0070175	0.0106383	0.008	0.0107383	0.0115108	0.0084388	0.0193322	0.0101925	0.0098847	0.0062598	0.0051195	0.0106509	0.0132576	0.0061256	0.015674	0.0225764	0.0206349	0.0242215	0.0409836	0.0569395	0.0469974	0.0121581	0.032967	0.0259259	0.0063694	0.0481928	0.0145985	0.0206897	
Ruddy Duck	0.0054054	0.0	0.0	0.0	0.0	0.0	0.0	0.0	0.0	0.0	0.0	0.0	0.0	0.0	0.0023256	0.0014164	0.0	0.002584	0.0026144	0.0015	0.0	0.0039894	0.0015	0.0	0.0	0.0	0.0	0.0	0.0	0.0	0.0	0.0	0.0	0.0	0.0	0.0	0.0	0.0	0.0040984	0.0015	0.0	0.0015	0.0	0.0	0.0	0.0	0.0	0.0	
duck sp.	0.0378378	0.0227273	0.0190476	0.0285714	0.0162602	0.0092593	0.0084746	0.0	0.0095238	0.0087719	0.0352113	0.0487805	0.0651341	0.0467033	0.0465116	0.0779037	0.0868217	0.0400517	0.0352941	0.023088	0.0140351	0.0159574	0.0144	0.0228188	0.0201439	0.0196906	0.0193322	0.0271801	0.0313015	0.0328638	0.0426621	0.0402367	0.0625	0.0413476	0.0548589	0.0903054	0.0920635	0.0709343	0.0983607	0.1245552	0.1044386	0.0972644	0.0915751	0.0740741	0.0509554	0.0361446	0.0291971	0.0482759	
Helmeted Guineafowl	0.0	0.0	0.0	0.0	0.0	0.0	0.0	0.0	0.0	0.0	0.0	0.0	0.0	0.0	0.0	0.0	0.0	0.0	0.0	0.0	0.0	0.0	0.0	0.0	0.0	0.0	0.0	0.0	0.0	0.0015649	0.0	0.0	0.0	0.0	0.0	0.0	0.0	0.0	0.0015	0.0	0.0	0.0	0.0	0.0	0.0	0.0	0.0	0.0	
Northern Bobwhite	0.0	0.0	0.0	0.0	0.0	0.0	0.0	0.0	0.0	0.0	0.0	0.0	0.0	0.0	0.0	0.0	0.0	0.0	0.0	0.0	0.0	0.0013298	0.0	0.0	0.0	0.0	0.0	0.0015	0.0016474	0.0	0.0	0.0	0.0	0.0	0.0	0.0	0.0	0.0	0.0	0.0	0.0	0.0	0.0	0.0	0.0	0.0	0.0	0.0	
Wild Turkey	0.0108108	0.0015	0.0015	0.0071429	0.0243902	0.0092593	0.0084746	0.0	0.0015	0.0015	0.0140845	0.0060976	0.0153257	0.032967	0.0372093	0.0311615	0.0170543	0.0232558	0.0196078	0.024531	0.0233918	0.018617	0.0192	0.0120805	0.0071942	0.0196906	0.0158172	0.00906	0.0016474	0.0093897	0.0068259	0.0106509	0.0037879	0.0122511	0.0188088	0.0159363	0.0095238	0.0138408	0.0040984	0.0071174	0.0130548	0.0091185	0.007326	0.0111111	0.0127389	0.0120482	0.0145985	0.0137931	
Ruffed Grouse	0.0378378	0.0340909	0.0190476	0.05	0.0243902	0.0277778	0.0254237	0.0142857	0.0285714	0.0175439	0.0	0.0121951	0.0191571	0.043956	0.0418605	0.0495751	0.0930233	0.0981912	0.0993464	0.1060606	0.0830409	0.0332447	0.04	0.0322148	0.0086331	0.0126582	0.0140598	0.011325	0.0131796	0.0250391	0.0102389	0.0142012	0.0094697	0.0091884	0.0297806	0.0398406	0.0301587	0.0484429	0.0368852	0.0266904	0.0574413	0.0273556	0.029304	0.0259259	0.0318471	0.0361446	0.0364964	0.0482759	
Sharp-tailed Grouse	0.0	0.0015	0.0	0.0	0.0	0.0015	0.0	0.0	0.0	0.0	0.0	0.0015	0.0015	0.0027473	0.0023256	0.0015	0.0015	0.003876	0.0	0.0	0.0015	0.0015	0.0016	0.0026846	0.0015	0.0015	0.0017575	0.0	0.0	0.0	0.0	0.0	0.0015	0.0	0.0	0.0	0.0	0.0	0.0	0.0	0.0	0.0	0.0	0.0037037	0.0	0.0	0.0	0.0	
Spruce Grouse	0.0054054	0.0	0.0	0.0	0.0	0.0	0.0	0.0	0.0	0.0	0.0	0.0	0.0	0.0	0.0	0.0	0.0	0.0015	0.0	0.0	0.0015	0.0013298	0.0	0.0015	0.0014388	0.0	0.0	0.0015	0.0	0.0015649	0.0	0.0011834	0.0015	0.0	0.0	0.0	0.0	0.0	0.0	0.0	0.0	0.0015	0.0	0.0	0.0	0.0	0.0	0.0	
grouse sp.	0.0	0.0	0.0	0.0	0.0	0.0	0.0	0.0	0.0	0.0	0.0	0.0	0.0	0.0	0.0	0.0	0.0	0.0	0.0	0.0	0.0	0.0	0.0	0.0	0.0	0.0	0.0	0.0011325	0.0	0.0	0.0	0.0	0.0	0.0	0.0	0.0	0.0	0.0	0.0	0.0017794	0.0	0.0	0.0	0.0	0.0	0.0	0.0	0.0	
Ring-necked Pheasant	0.0	0.0	0.0	0.0	0.0	0.0	0.0	0.0	0.0	0.0	0.0	0.0	0.0	0.0	0.0	0.0	0.0	0.0	0.0	0.0	0.0	0.0	0.0	0.0	0.0	0.0	0.0	0.0	0.0	0.0	0.0	0.0	0.0	0.0	0.0	0.0	0.0	0.0	0.0	0.0	0.0	0.0	0.0015	0.0	0.0	0.0	0.0	0.0	
Rock Pigeon	0.1513514	0.1704545	0.1809524	0.1928571	0.1056911	0.0833333	0.0847458	0.1285714	0.1619048	0.1491228	0.1126761	0.0914634	0.0881226	0.0741758	0.0372093	0.0623229	0.0325581	0.0361757	0.0326797	0.0238095	0.0362573	0.043883	0.0368	0.0295302	0.0402878	0.0421941	0.0509666	0.0385051	0.0510708	0.0406886	0.0511945	0.0461538	0.0473485	0.0535988	0.0485893	0.0544489	0.0492063	0.0519031	0.079918	0.094306	0.1096606	0.0881459	0.0989011	0.1518519	0.0955414	0.0783133	0.0656934	0.0758621	
Eurasian Collared-Dove	0.0	0.0	0.0	0.0	0.0	0.0	0.0	0.0	0.0	0.0	0.0	0.0	0.0	0.0	0.0	0.0	0.0	0.0	0.0	0.0	0.0	0.0	0.0	0.0	0.0	0.0	0.0	0.0	0.0	0.0	0.0	0.0	0.0015	0.0	0.0	0.0	0.0	0.0	0.0	0.0	0.0	0.0	0.0	0.0	0.0	0.0	0.0	0.0	
White-winged Dove	0.0	0.0	0.0	0.0	0.0	0.0	0.0	0.0	0.0	0.0	0.0	0.0	0.0	0.0	0.0	0.0	0.0	0.0	0.0013072	0.0015	0.0	0.0015	0.0016	0.0	0.0	0.0	0.0	0.0	0.0	0.0	0.0	0.0	0.0	0.0	0.0	0.0	0.0	0.0	0.0	0.0	0.0	0.0030395	0.0	0.0	0.0	0.0	0.0	0.0	
Mourning Dove	0.0432432	0.0340909	0.047619	0.1	0.0569106	0.0648148	0.1525424	0.1	0.1428571	0.1491228	0.0985915	0.1036585	0.1187739	0.1318681	0.0953488	0.0807365	0.0914729	0.0956072	0.0849673	0.1096681	0.1368421	0.125	0.1136	0.138255	0.0906475	0.0984529	0.0949033	0.1064553	0.07743	0.0657277	0.0614334	0.043787	0.0340909	0.0352221	0.0454545	0.0252324	0.0301587	0.0190311	0.0266393	0.0338078	0.0339426	0.0577508	0.0549451	0.062963	0.0764331	0.0722892	0.0656934	0.0551724	
Yellow-billed Cuckoo	0.0	0.0	0.0	0.0	0.0	0.0	0.0	0.0	0.0	0.0	0.0	0.0	0.0	0.0	0.0	0.0	0.0	0.0	0.0	0.0021645	0.0128655	0.0079787	0.008	0.0120805	0.0230216	0.0056259	0.0070299	0.0033975	0.0065898	0.0	0.0051195	0.0047337	0.0037879	0.0015314	0.0031348	0.0015	0.0015	0.0015	0.0015	0.0	0.0	0.0	0.0	0.0	0.0	0.0	0.0	0.0	
Black-billed Cuckoo	0.0	0.0	0.0	0.0	0.0	0.0	0.0	0.0	0.0	0.0	0.0	0.0	0.0	0.0	0.0	0.0	0.0	0.001292	0.0026144	0.010101	0.0292398	0.0412234	0.0368	0.052349	0.0503597	0.0393812	0.0421793	0.01812	0.014827	0.0109546	0.0051195	0.0023669	0.0018939	0.0061256	0.0031348	0.002656	0.0	0.0	0.0	0.0	0.0	0.0	0.0	0.0	0.0	0.0	0.0	0.0	
Yellow-billed/Black-billed Cuckoo	0.0	0.0	0.0	0.0	0.0	0.0	0.0	0.0	0.0	0.0	0.0	0.0	0.0	0.0	0.0	0.0	0.0	0.0	0.0	0.0	0.0015	0.0	0.0	0.0	0.0	0.0	0.0	0.0	0.0	0.0	0.0	0.0	0.0	0.0	0.0	0.0	0.0	0.0	0.0	0.0	0.0	0.0	0.0	0.0	0.0	0.0	0.0	0.0	
Common Nighthawk	0.0	0.0	0.0	0.0	0.0	0.0	0.0	0.0	0.0	0.0	0.0	0.0	0.0	0.0	0.0	0.0	0.0	0.0	0.0013072	0.007215	0.0105263	0.0093085	0.0064	0.009396	0.0028777	0.0042194	0.0105448	0.00906	0.0098847	0.0031299	0.0102389	0.0071006	0.0056818	0.0015	0.0015674	0.0	0.0	0.0	0.0	0.0	0.0	0.0	0.0	0.0	0.0	0.0	0.0	0.0	
Eastern Whip-poor-will	0.0	0.0	0.0	0.0	0.0	0.0	0.0	0.0	0.0	0.0	0.0	0.0	0.0	0.0	0.0	0.0015	0.0015504	0.0015	0.0026144	0.0079365	0.0035088	0.0039894	0.0016	0.0134228	0.0028777	0.0056259	0.0052724	0.00453	0.0	0.0	0.0017065	0.0015	0.0018939	0.0	0.0	0.0	0.0	0.0	0.0	0.0	0.0	0.0	0.0	0.0	0.0	0.0	0.0	0.0	
Chimney Swift	0.0	0.0	0.0	0.0	0.0	0.0	0.0	0.0	0.0	0.0	0.0	0.0	0.0	0.0	0.0	0.0	0.0015	0.003876	0.0078431	0.0252525	0.0397661	0.0398936	0.048	0.0389262	0.0230216	0.0365682	0.026362	0.0271801	0.029654	0.0406886	0.0204778	0.0153846	0.0018939	0.0	0.0015674	0.0	0.0	0.0	0.0	0.0	0.0	0.0	0.0	0.0	0.0	0.0	0.0	0.0	
Mexican Violetear	0.0	0.0	0.0	0.0	0.0	0.0	0.0	0.0	0.0	0.0	0.0	0.0	0.0	0.0	0.0	0.0	0.0	0.0	0.0	0.0	0.0	0.0	0.0	0.0	0.0015	0.0	0.0	0.0	0.0	0.0	0.0	0.0	0.0	0.0	0.0	0.0	0.0	0.0	0.0	0.0	0.0	0.0	0.0	0.0	0.0	0.0	0.0	0.0	
Ruby-throated Hummingbird	0.0	0.0	0.0	0.0	0.0	0.0	0.0	0.0	0.0	0.0	0.0	0.0	0.0	0.0	0.0	0.0	0.0	0.0193798	0.0771242	0.1378066	0.128655	0.1396277	0.1344	0.0993289	0.1208633	0.0942335	0.1036907	0.1268403	0.1680395	0.1674491	0.1399317	0.1621302	0.1363636	0.0643185	0.023511	0.0039841	0.0	0.0	0.0	0.0	0.0015	0.0	0.0	0.0	0.0	0.0	0.0	0.0	
Anna's Hummingbird	0.0	0.0	0.0	0.0	0.0	0.0	0.0	0.0	0.0	0.0	0.0	0.0	0.0	0.0	0.0	0.0	0.0	0.0	0.0	0.0	0.0	0.0	0.0	0.0	0.0	0.0	0.0	0.0	0.0	0.0	0.0	0.0	0.0	0.0	0.0	0.0	0.0	0.0	0.0	0.0142349	0.002611	0.0015	0.003663	0.0	0.0	0.0	0.0	0.0	
Broad-billed Hummingbird	0.0	0.0	0.0	0.0	0.0	0.0	0.0	0.0	0.0	0.0	0.0	0.0	0.0	0.0	0.0	0.0	0.0	0.0	0.0	0.0	0.0	0.0	0.0112	0.0	0.0	0.0	0.0	0.0	0.0	0.0	0.0	0.0	0.0	0.0	0.0	0.0	0.0	0.0	0.0	0.0	0.0	0.0	0.0	0.0	0.0	0.0	0.0	0.0	
Berylline Hummingbird	0.0	0.0	0.0	0.0	0.0	0.0	0.0	0.0	0.0	0.0	0.0	0.0	0.0	0.0	0.0	0.0	0.0	0.0	0.0	0.0	0.0	0.0	0.0	0.0	0.0	0.0	0.0	0.0	0.0	0.0	0.0	0.0	0.0	0.0	0.0407524	0.002656	0.0	0.0	0.0	0.0	0.0	0.0	0.0	0.0	0.0	0.0	0.0	0.0	
hummingbird sp.	0.0	0.0	0.0	0.0	0.0	0.0	0.0	0.0	0.0	0.0	0.0	0.0	0.0	0.0	0.0	0.0	0.0	0.0	0.0013072	0.0021645	0.0011696	0.0013298	0.0	0.0015	0.0	0.0014065	0.0035149	0.0	0.0	0.0	0.0	0.0011834	0.0	0.0	0.0015674	0.001328	0.0	0.0	0.0	0.0	0.0	0.0	0.0	0.0	0.0	0.0	0.0	0.0	
Virginia Rail	0.0	0.0	0.0	0.0	0.0	0.0	0.0	0.0	0.0	0.0	0.0	0.0	0.0	0.0027473	0.0046512	0.0014164	0.0015504	0.001292	0.0169935	0.0122655	0.0105263	0.0119681	0.0144	0.0107383	0.0086331	0.0056259	0.0	0.0033975	0.0082372	0.0046948	0.003413	0.0023669	0.0	0.0	0.0	0.0	0.0	0.0	0.0	0.0	0.0	0.0	0.0	0.0	0.0	0.0	0.0	0.0	
Sora	0.0	0.0	0.0	0.0	0.0	0.0	0.0	0.0	0.0	0.0	0.0	0.0	0.0	0.0	0.0	0.0028329	0.0015504	0.002584	0.0052288	0.0079365	0.0116959	0.0093085	0.0048	0.009396	0.0086331	0.0042194	0.0035149	0.0033975	0.0015	0.0031299	0.0017065	0.0011834	0.0	0.0045942	0.0	0.0	0.0	0.0	0.0	0.0	0.0	0.0	0.0	0.0	0.0	0.0	0.0	0.0	
Common Gallinule	0.0	0.0	0.0	0.0	0.0	0.0	0.0	0.0	0.0	0.0	0.0	0.0	0.0	0.0	0.0	0.0	0.0	0.0015	0.0	0.0	0.0	0.0	0.0	0.0	0.0	0.0	0.0	0.0	0.0	0.0	0.0	0.0	0.0	0.0	0.0	0.0	0.0	0.0	0.0	0.0	0.0	0.0	0.0	0.0	0.0	0.0	0.0	0.0	
American Coot	0.0	0.0	0.0	0.0	0.0	0.0	0.0	0.0	0.0	0.0	0.0	0.0	0.0	0.0	0.0023256	0.0056657	0.0015504	0.0	0.0015	0.001443	0.0011696	0.0	0.0016	0.0	0.0015	0.0	0.0015	0.0	0.0	0.0	0.0017065	0.0	0.0	0.0030628	0.0015674	0.0106242	0.0063492	0.0103806	0.0163934	0.0106762	0.0104439	0.0030395	0.007326	0.0074074	0.0063694	0.0120482	0.0	0.0	
Yellow Rail	0.0	0.0	0.0	0.0	0.0	0.0	0.0	0.0	0.0	0.0	0.0	0.0	0.0	0.0	0.0	0.0	0.0	0.0015	0.0	7.215E-4	0.0	0.0013298	0.0	0.0	0.0	0.0	0.0	0.0	0.0	0.0	0.0	0.0	0.0	0.0	0.0	0.0	0.0	0.0	0.0	0.0	0.0	0.0	0.0	0.0	0.0	0.0	0.0	0.0	
Sandhill Crane	0.0	0.0	0.0	0.0	0.0	0.0	0.0	0.0	0.0	0.0087719	0.0140845	0.0182927	0.137931	0.2692308	0.2046512	0.1671388	0.1643411	0.1550388	0.1202614	0.1341991	0.1239766	0.1329787	0.096	0.0818792	0.0776978	0.0872011	0.1089631	0.1234428	0.1202636	0.1079812	0.1382253	0.1573964	0.1231061	0.101072	0.0956113	0.065073	0.0269841	0.0017301	0.0020492	0.0	0.0	0.0	0.0	0.0	0.0	0.0	0.0	0.0	
American Avocet	0.0	0.0	0.0	0.0	0.0	0.0	0.0	0.0	0.0	0.0	0.0	0.0	0.0	0.0	0.0	0.0	0.0	0.0	0.0	7.215E-4	0.0	0.0	0.0	0.0015	0.0	0.0	0.0	0.002265	0.0	0.0	0.003413	0.0047337	0.0	0.0	0.0	0.0	0.0031746	0.0017301	0.0	0.0160142	0.0	0.0	0.0	0.0	0.0	0.0	0.0	0.0	
Black-bellied Plover	0.0	0.0	0.0	0.0	0.0	0.0	0.0	0.0	0.0	0.0	0.0	0.0	0.0	0.0	0.0	0.0	0.0031008	0.003876	0.0444444	0.034632	0.0245614	0.0066489	0.0015	0.0	0.0	0.0	0.0017575	0.0011325	0.0065898	0.0046948	0.0102389	0.0106509	0.0170455	0.042879	0.0611285	0.0424967	0.0174603	0.0086505	0.0040984	0.0071174	0.0130548	0.0091185	0.0	0.0	0.0	0.0	0.0	0.0	
American Golden-Plover	0.0	0.0	0.0	0.0	0.0	0.0	0.0	0.0	0.0	0.0	0.0	0.0	0.0	0.0	0.0	0.0	0.0	0.0015	0.0013072	7.215E-4	0.0023392	0.0	0.0	0.0	0.0	0.0	0.0	0.0	0.0	0.0	0.0017065	0.0130178	0.0151515	0.0137825	0.0564263	0.0717131	0.0603175	0.0242215	0.0389344	0.019573	0.0078329	0.0	0.0	0.0	0.0	0.0	0.0	0.0	
golden-plover sp.	0.0	0.0	0.0	0.0	0.0	0.0	0.0	0.0	0.0	0.0	0.0	0.0	0.0	0.0	0.0	0.0	0.0	0.0	0.0	0.0	0.0	0.0	0.0	0.0	0.0	0.0	0.0	0.0	0.0	0.0	0.0	0.0	0.0	0.0	0.0	0.0015	0.0015	0.0017301	0.0	0.0	0.0	0.0	0.0	0.0	0.0	0.0	0.0	0.0	
Black-bellied Plover/golden-plover sp.	0.0	0.0	0.0	0.0	0.0	0.0	0.0	0.0	0.0	0.0	0.0	0.0	0.0	0.0	0.0	0.0	0.0	0.0015	0.0	0.0	0.0	0.0	0.0	0.0	0.0	0.0	0.0	0.0	0.0	0.0	0.0	0.0011834	0.0015	0.0015314	0.0031348	0.0079681	0.0015873	0.0	0.0020492	0.0017794	0.0015	0.0	0.0	0.0	0.0	0.0	0.0	0.0	
Killdeer	0.0	0.0	0.0	0.0	0.0	0.0	0.0	0.0	0.0	0.0	0.0211268	0.0121951	0.0344828	0.0604396	0.0488372	0.1558074	0.1767442	0.1666667	0.130719	0.0945166	0.0736842	0.0545213	0.0512	0.042953	0.0345324	0.0379747	0.0544815	0.0486976	0.0428336	0.0438185	0.056314	0.0449704	0.0265152	0.0168453	0.023511	0.0159363	0.0095238	0.0034602	0.0	0.0071174	0.0	0.0	0.0	0.0	0.0	0.0	0.0	0.0	
Semipalmated Plover	0.0	0.0	0.0	0.0	0.0	0.0	0.0	0.0	0.0	0.0	0.0	0.0	0.0	0.0	0.0	0.0042493	0.0046512	0.0206718	0.0993464	0.1075036	0.0678363	0.0199468	0.0032	0.0026846	0.0014388	0.0015	0.0087873	0.0260476	0.0411862	0.0782473	0.1296928	0.216568	0.1931818	0.1408882	0.0721003	0.0106242	0.0015873	0.0	0.0020492	0.0	0.0	0.0	0.0	0.0	0.0	0.0	0.0	0.0	
Piping Plover	0.0	0.0	0.0	0.0	0.0	0.0	0.0	0.0	0.0	0.0	0.0	0.0	0.0	0.0	0.0	0.0015	0.0031008	0.0284238	0.0339869	0.0180375	0.0292398	0.0079787	0.024	0.009396	0.0057554	0.0098453	0.0123023	0.00453	0.0049423	0.0015649	0.0068259	0.0071006	0.0018939	0.0015314	0.0	0.0	0.0	0.0	0.0	0.0	0.0	0.0	0.0	0.0	0.0	0.0	0.0	0.0	
Wilson's Plover	0.0	0.0	0.0	0.0	0.0	0.0	0.0	0.0	0.0	0.0	0.0	0.0	0.0	0.0	0.0	0.0	0.0	0.0413437	0.0091503	0.0	0.0	0.0	0.0	0.0	0.0	0.0	0.0	0.0	0.0	0.0	0.0	0.0	0.0	0.0	0.0	0.0	0.0	0.0	0.0	0.0	0.0	0.0	0.0	0.0	0.0	0.0	0.0	0.0	
Upland Sandpiper	0.0	0.0	0.0	0.0	0.0	0.0	0.0	0.0	0.0	0.0	0.0	0.0	0.0	0.0	0.0	0.0	0.0015504	0.003876	0.0013072	0.0122655	0.0116959	0.018617	0.0208	0.009396	0.0071942	0.0014065	0.0052724	0.0011325	0.0	0.0	0.0	0.0	0.0	0.0	0.0015	0.0	0.0	0.0	0.0	0.0	0.0	0.0	0.0	0.0	0.0	0.0	0.0	0.0	
Hudsonian Whimbrel	0.0	0.0	0.0	0.0	0.0	0.0	0.0	0.0	0.0	0.0	0.0	0.0	0.0	0.0	0.0	0.0	0.0	0.0	0.0052288	0.0064935	0.0140351	0.0066489	0.0112	0.0026846	0.0	0.0014065	0.0015	0.0	0.0016474	0.0015	0.0015	0.008284	0.0094697	0.0	0.0015674	0.0	0.0015	0.0	0.0	0.0	0.0	0.0	0.0	0.0	0.0	0.0	0.0	0.0	
Hudsonian Godwit	0.0	0.0	0.0	0.0	0.0	0.0	0.0	0.0	0.0	0.0	0.0	0.0	0.0	0.0	0.0	0.0	0.0	0.0	0.0013072	0.001443	0.0	0.0	0.0	0.0	0.0	0.0	0.0	0.0	0.0	0.0	0.0	0.0011834	0.0	0.0	0.0	0.0	0.0	0.0	0.0	0.0	0.0	0.0	0.0	0.0	0.0	0.0	0.0	0.0	
Marbled Godwit	0.0	0.0	0.0	0.0	0.0	0.0	0.0	0.0	0.0	0.0	0.0	0.0	0.0	0.0	0.0	0.0	0.0	0.0	0.0013072	0.001443	0.0	0.0	0.0	0.0	0.0	0.0	0.0	0.0	0.0	0.0	0.0	0.0	0.0	0.0	0.0	0.0	0.0	0.0	0.0	0.0	0.0	0.0	0.0	0.0	0.0	0.0	0.0	0.0	
Short-billed Dowitcher	0.0	0.0	0.0	0.0	0.0	0.0	0.0	0.0	0.0	0.0	0.0	0.0	0.0	0.0	0.0	0.0	0.0	0.0090439	0.0130719	0.0036075	0.0	0.0	0.0	0.0	0.0	0.0	0.0	0.0	0.0016474	0.0062598	0.0015	0.0035503	0.0	0.0015314	0.0	0.0	0.0	0.0	0.0	0.0	0.0	0.0	0.0	0.0	0.0	0.0	0.0	0.0	
Long-billed Dowitcher	0.0	0.0	0.0	0.0	0.0	0.0	0.0	0.0	0.0	0.0	0.0	0.0	0.0	0.0	0.0	0.0	0.0	0.0	0.0	0.0	0.0	0.0	0.0	0.0013423	0.0	0.0	0.0	0.0	0.0	0.0	0.0	0.0	0.0	0.0	0.0	0.0	0.0	0.0	0.0	0.0	0.0	0.0	0.0	0.0	0.0	0.0	0.0	0.0	
Short-billed/Long-billed Dowitcher	0.0	0.0	0.0	0.0	0.0	0.0	0.0	0.0	0.0	0.0	0.0	0.0	0.0	0.0	0.0	0.0	0.0	0.001292	0.0026144	0.0	0.0	0.0	0.0	0.0	0.0	0.0	0.0	0.0	0.0	0.0031299	0.0	0.0011834	0.0	0.0	0.0	0.0	0.0	0.0	0.0	0.0	0.0	0.0	0.0	0.0	0.0	0.0	0.0	0.0	
American Woodcock	0.0	0.0	0.0	0.0	0.0	0.0	0.0	0.0	0.0	0.0	0.0	0.0060976	0.0076628	0.0302198	0.0186047	0.0127479	0.0093023	0.0064599	0.0039216	0.0079365	0.005848	0.0039894	0.0032	0.0015	0.0014388	0.0028129	0.0017575	0.002265	0.0032949	0.0015649	0.0015	0.0	0.0	0.0	0.0015674	0.0	0.0015	0.0	0.0015	0.0017794	0.0015	0.0	0.0	0.0	0.0	0.0	0.0	0.0	
Wilson's Snipe	0.0	0.0	0.0	0.0	0.0	0.0	0.0	0.0	0.0	0.0	0.0	0.0	0.0	0.0137363	0.0139535	0.0368272	0.0403101	0.0155039	0.0104575	0.0108225	0.0140351	0.0199468	0.0112	0.0187919	0.0086331	0.0070323	0.0052724	0.00453	0.0098847	0.0125196	0.003413	0.008284	0.0075758	0.0091884	0.015674	0.0092961	0.0079365	0.0069204	0.0102459	0.0017794	0.0	0.0030395	0.0	0.0	0.0	0.0	0.0	0.0	
Wilson's Phalarope	0.0	0.0	0.0	0.0	0.0	0.0	0.0	0.0	0.0	0.0	0.0	0.0	0.0	0.0	0.0	0.0	0.0	0.001292	0.0026144	0.0036075	0.0015	0.0	0.0	0.0	0.0	0.0	0.0017575	0.0011325	0.0015	0.0015649	0.0017065	0.0	0.0	0.0	0.0	0.0	0.0	0.0	0.0	0.0	0.0	0.0	0.0	0.0	0.0	0.0	0.0	0.0	
Red Phalarope	0.0	0.0	0.0	0.0	0.0	0.0	0.0	0.0	0.0	0.0	0.0	0.0	0.0	0.0	0.0	0.0	0.0	0.0	0.0	0.0	0.0	0.0	0.0	0.0	0.0	0.0	0.0	0.0	0.0	0.0	0.0	0.0	0.0	0.0	0.0	0.0	0.0	0.0015	0.0	0.0	0.0	0.0	0.0	0.0	0.0	0.0	0.0	0.0	
Red-necked Phalarope	0.0	0.0	0.0	0.0	0.0	0.0	0.0	0.0	0.0	0.0	0.0	0.0	0.0	0.0	0.0	0.0	0.0	0.0	0.0	0.0015	0.0	0.0	0.0	0.0	0.0	0.0	0.0	0.0	0.0	0.0	0.0015	0.0035503	0.0056818	0.0	0.0015	0.0	0.0	0.0	0.0	0.0	0.0	0.0	0.0	0.0	0.0	0.0	0.0	0.0	
Red/Red-necked Phalarope	0.0	0.0	0.0	0.0	0.0	0.0	0.0	0.0	0.0	0.0	0.0	0.0	0.0	0.0	0.0	0.0	0.0	0.0	0.0	0.0	0.0	0.0	0.0	0.0	0.0	0.0	0.0	0.0	0.0	0.0	0.0	0.0	0.0018939	0.0	0.0	0.0	0.0	0.0	0.0	0.0	0.0	0.0	0.0	0.0	0.0	0.0	0.0	0.0	
phalarope sp.	0.0	0.0	0.0	0.0	0.0	0.0	0.0	0.0	0.0	0.0	0.0	0.0	0.0	0.0	0.0	0.0	0.0	0.0	0.0	0.0	0.0	0.0	0.0	0.0	0.0	0.0	0.0017575	0.0	0.0	0.0	0.0	0.0	0.0	0.0	0.0	0.0	0.0	0.0	0.0	0.0	0.0	0.0	0.0	0.0	0.0	0.0	0.0	0.0	
Spotted Sandpiper	0.0	0.0	0.0	0.0	0.0	0.0	0.0	0.0	0.0	0.0	0.0	0.0	0.0	0.0	0.0	0.0084986	0.0387597	0.1007752	0.1542484	0.1414141	0.0596491	0.0319149	0.0352	0.0255034	0.0273381	0.0351617	0.0404218	0.0520951	0.0642504	0.0672926	0.0870307	0.0911243	0.0606061	0.0444104	0.0360502	0.0212483	0.0095238	0.0051903	0.0	0.0	0.0	0.0	0.0	0.0	0.0	0.0	0.0	0.0	
Solitary Sandpiper	0.0	0.0	0.0	0.0	0.0	0.0	0.0	0.0	0.0	0.0	0.0	0.0	0.0	0.0	0.0	0.0042493	0.0248062	0.0335917	0.027451	0.005772	0.0	0.0	0.0	0.0013423	0.0057554	0.0126582	0.0333919	0.0237826	0.0362438	0.1001565	0.1006826	0.0721893	0.0473485	0.0459418	0.0282132	0.0172643	0.0126984	0.0017301	0.0020492	0.0	0.0	0.0	0.0	0.0	0.0	0.0	0.0	0.0	
Lesser Yellowlegs	0.0	0.0	0.0	0.0	0.0	0.0	0.0	0.0	0.0	0.0	0.0	0.0	0.0	0.0	0.0046512	0.0311615	0.0496124	0.0465116	0.0379085	0.010101	0.0	0.0	0.0015	0.0	0.0015	0.0056259	0.0052724	0.01359	0.0263591	0.0422535	0.0443686	0.035503	0.0037879	0.0061256	0.0062696	0.0015	0.0	0.0	0.0020492	0.0015	0.0	0.0	0.0	0.0	0.0	0.0	0.0	0.0	
Willet	0.0	0.0	0.0	0.0	0.0	0.0	0.0	0.0	0.0	0.0	0.0	0.0	0.0	0.0	0.0	0.0056657	0.0031008	0.001292	0.0117647	0.0015	0.0011696	0.0	0.0	0.0	0.0	0.0028129	0.0035149	0.0	0.0016474	0.0	0.0017065	0.0047337	0.0015	0.0	0.0	0.0	0.0	0.0	0.0	0.0	0.0	0.0	0.0	0.0	0.0	0.0	0.0	0.0	
Greater Yellowlegs	0.0	0.0	0.0	0.0	0.0	0.0	0.0	0.0	0.0	0.0	0.0	0.0	0.0	0.0082418	0.0209302	0.1288952	0.1534884	0.0671835	0.0326797	0.007215	0.0011696	0.0	0.0	0.0013423	0.0071942	0.0056259	0.0123023	0.0079275	0.0214168	0.0266041	0.0255973	0.0378698	0.0037879	0.0045942	0.0047022	0.0119522	0.0063492	0.0138408	0.0471311	0.0053381	0.0261097	0.006079	0.0	0.0	0.0	0.0	0.0	0.0	
Lesser/Greater Yellowlegs	0.0	0.0	0.0	0.0	0.0	0.0	0.0	0.0	0.0	0.0	0.0	0.0	0.0	0.0	0.0023256	0.009915	0.0186047	0.0090439	0.0078431	0.001443	0.0011696	0.0	0.0	0.0	0.0	0.0	0.0017575	0.0	0.0098847	0.0046948	0.0102389	0.008284	0.0	0.0015314	0.0	0.001328	0.0015873	0.0	0.0020492	0.0	0.0	0.0	0.0	0.0	0.0	0.0	0.0	0.0	
Ruddy Turnstone	0.0	0.0	0.0	0.0	0.0	0.0	0.0	0.0	0.0	0.0	0.0	0.0	0.0	0.0	0.0	0.0	0.0	0.0	0.0052288	0.0194805	0.0081871	0.0066489	0.0016	0.0	0.0	0.0	0.0017575	0.002265	0.0065898	0.0015649	0.0085324	0.0153846	0.0113636	0.0122511	0.0031348	0.0	0.0	0.0	0.0122951	0.0053381	0.0	0.0	0.0	0.0	0.0	0.0	0.0	0.0	
Red Knot	0.0	0.0	0.0	0.0	0.0	0.0	0.0	0.0	0.0	0.0	0.0	0.0	0.0	0.0	0.0	0.0	0.0	0.0	0.0013072	7.215E-4	0.0015	0.0026596	0.0	0.0	0.0	0.0	0.0	0.0	0.0	0.0	0.0	0.0011834	0.0015	0.0015	0.0	0.0	0.0	0.0	0.0	0.0	0.0	0.0	0.0	0.0	0.0	0.0	0.0	0.0	
Stilt Sandpiper	0.0	0.0	0.0	0.0	0.0	0.0	0.0	0.0	0.0	0.0	0.0	0.0	0.0	0.0	0.0	0.0	0.0	0.0	0.0	0.0	0.0	0.0	0.0	0.0	0.0	0.0	0.0052724	0.0	0.0016474	0.0062598	0.0051195	0.0035503	0.0	0.0015	0.0	0.0	0.0	0.0	0.0	0.0	0.0	0.0	0.0	0.0	0.0	0.0	0.0	0.0	
Buff-breasted Sandpiper	0.0	0.0	0.0	0.0	0.0	0.0	0.0	0.0	0.0	0.0	0.0	0.0	0.0	0.0	0.0	0.0	0.0	0.0	0.0	0.0	0.0	0.0	0.0	0.0	0.0	0.0	0.0	0.0015	0.0032949	0.0015	0.0015	0.0189349	0.0075758	0.0122511	0.007837	0.0	0.0	0.0	0.0	0.0	0.0	0.0	0.0	0.0	0.0	0.0	0.0	0.0	
Sanderling	0.0	0.0	0.0	0.0	0.0	0.0	0.0	0.0	0.0	0.0	0.0	0.0	0.0	0.0	0.0	0.0028329	0.0093023	0.0245478	0.0326797	0.0678211	0.0736842	0.0212766	0.0032	0.0	0.0014388	0.0042194	0.0386643	0.0294451	0.0329489	0.0359937	0.0699659	0.1810651	0.1856061	0.1822358	0.1739812	0.1328021	0.0793651	0.0449827	0.0307377	0.0124555	0.0104439	0.0091185	0.0	0.0	0.0	0.0	0.0	0.0	
Dunlin	0.0	0.0	0.0	0.0	0.0	0.0	0.0	0.0	0.0	0.0	0.0	0.0	0.0	0.0	0.0	0.0028329	0.0	0.0129199	0.0640523	0.0800866	0.0491228	0.0079787	0.0016	0.0	0.0015	0.0	0.0017575	0.0011325	0.0	0.0	0.0	0.0	0.0	0.0015	0.0	0.002656	0.0111111	0.0242215	0.0266393	0.024911	0.0078329	0.0	0.0	0.0	0.0	0.0	0.0	0.0	
Purple Sandpiper	0.0	0.0	0.0	0.0	0.0	0.0	0.0	0.0	0.0	0.0	0.0	0.0	0.0	0.0	0.0	0.0	0.0	0.0	0.0	0.0	0.0	0.0	0.0	0.0	0.0	0.0	0.0	0.0	0.0	0.0	0.0	0.0	0.0	0.0	0.0	0.0	0.0031746	0.0	0.0	0.0	0.0	0.0	0.0	0.0	0.0	0.0	0.0145985	0.0	
Baird's Sandpiper	0.0	0.0	0.0	0.0	0.0	0.0	0.0	0.0	0.0	0.0	0.0	0.0	0.0	0.0	0.0	0.0	0.0	0.0	0.0	0.0	0.0023392	0.0	0.0	0.0	0.0	0.0014065	0.0070299	0.0033975	0.0164745	0.0266041	0.0443686	0.0887574	0.0587121	0.0122511	0.0125392	0.0015	0.0	0.0	0.0	0.0	0.0	0.0	0.0	0.0	0.0	0.0	0.0	0.0	
White-rumped Sandpiper	0.0	0.0	0.0	0.0	0.0	0.0	0.0	0.0	0.0	0.0	0.0	0.0	0.0	0.0	0.0	0.0	0.0	0.0	0.0015	0.005772	0.005848	0.0066489	0.0064	0.0	0.0	0.0	0.0	0.0	0.0	0.0	0.0	0.0035503	0.0018939	0.0015	0.0	0.002656	0.0	0.0	0.0163934	0.0088968	0.0	0.0	0.0	0.0	0.0	0.0	0.0	0.0	
Least Sandpiper	0.0	0.0	0.0	0.0	0.0	0.0	0.0	0.0	0.0	0.0	0.0	0.0	0.0	0.0	0.0	0.0	0.0046512	0.0180879	0.0640523	0.0353535	0.0105263	0.0	0.0015	0.0013423	0.0043165	0.0042194	0.0210896	0.0328426	0.0477759	0.1017214	0.0904437	0.0733728	0.0208333	0.007657	0.0094044	0.0039841	0.0	0.0017301	0.0020492	0.0	0.0	0.0	0.0	0.0	0.0	0.0	0.0	0.0	
Pectoral Sandpiper	0.0	0.0	0.0	0.0	0.0	0.0	0.0	0.0	0.0	0.0	0.0	0.0	0.0	0.0	0.0	0.0014164	0.0031008	0.0077519	0.0013072	0.002886	0.0	0.0	0.0	0.0	0.0	0.0028129	0.0070299	0.002265	0.0065898	0.0140845	0.0102389	0.0295858	0.0151515	0.0030628	0.0062696	0.0079681	0.0063492	0.0051903	0.0245902	0.0160142	0.002611	0.0	0.0	0.0	0.0	0.0	0.0	0.0	
Semipalmated Sandpiper	0.0	0.0	0.0	0.0	0.0	0.0	0.0	0.0	0.0	0.0	0.0	0.0	0.0	0.0	0.0	0.0	0.0	0.0	0.0235294	0.0670996	0.0807018	0.0265957	0.0064	0.0013423	0.0015	0.0084388	0.0140598	0.015855	0.0329489	0.0782473	0.0904437	0.1230769	0.0359848	0.0107198	0.0015	0.0015	0.0	0.0	0.0	0.0	0.0	0.0	0.0	0.0	0.0	0.0	0.0	0.0	
Western/Semipalmated Sandpiper	0.0	0.0	0.0	0.0	0.0	0.0	0.0	0.0	0.0	0.0	0.0	0.0	0.0	0.0	0.0	0.0	0.0	0.0	0.0	0.0	0.0	0.0	0.0	0.0	0.0	0.0	0.0	0.0	0.0	0.0	0.0017065	0.0047337	0.0	0.0	0.0015	0.0	0.0	0.0	0.0	0.0	0.0	0.0	0.0	0.0	0.0	0.0	0.0	0.0	
peep sp.	0.0	0.0	0.0	0.0	0.0	0.0	0.0	0.0	0.0	0.0	0.0	0.0	0.0	0.0	0.0	0.0	0.0031008	0.001292	0.0130719	0.0079365	0.0116959	0.0079787	0.008	0.0013423	0.0014388	0.0	0.0017575	0.002265	0.0065898	0.0203443	0.0187713	0.0272189	0.0132576	0.007657	0.0015	0.0	0.0	0.0	0.0	0.0	0.0	0.0	0.0	0.0	0.0	0.0	0.0	0.0	
Calidris sp.	0.0	0.0	0.0	0.0	0.0	0.0	0.0	0.0	0.0	0.0	0.0	0.0	0.0	0.0	0.0	0.0	0.0	0.001292	0.0091503	0.0021645	0.0081871	0.0039894	0.0	0.0013423	0.0014388	0.0015	0.0052724	0.0079275	0.0082372	0.0109546	0.0085324	0.0260355	0.0113636	0.0045942	0.0015674	0.002656	0.0015	0.0034602	0.0040984	0.0017794	0.0	0.0	0.0	0.0	0.0	0.0	0.0	0.0	
shorebird sp.	0.0	0.0	0.0	0.0	0.0	0.0	0.0	0.0	0.0	0.0	0.0	0.0	0.0	0.0	0.0	0.0	0.0	0.001292	0.0	7.215E-4	0.0	0.0	0.0	0.0	0.0	0.0	0.0	0.0011325	0.0	0.0	0.0017065	0.0130178	0.0113636	0.0045942	0.0031348	0.002656	0.0	0.0	0.0	0.0053381	0.0	0.0	0.0	0.0	0.0	0.0	0.0	0.0	
Parasitic Jaeger	0.0	0.0	0.0	0.0	0.0	0.0	0.0	0.0	0.0	0.0	0.0	0.0	0.0	0.0	0.0	0.0	0.0	0.0	0.0	0.0	0.0	0.0	0.0	0.0	0.0	0.0	0.0	0.0	0.0	0.0	0.0	0.0	0.0	0.0	0.0	0.0015	0.0	0.0	0.0	0.0	0.0	0.0	0.0	0.0	0.0	0.0	0.0	0.0	
Parasitic/Pomarine Jaeger	0.0	0.0	0.0	0.0	0.0	0.0	0.0	0.0	0.0	0.0	0.0	0.0	0.0	0.0	0.0	0.0	0.0	0.0	0.0	0.0	0.0	0.0	0.0	0.0	0.0	0.0	0.0	0.0	0.0	0.0	0.0	0.0	0.0018939	0.0	0.0	0.0	0.0	0.0	0.0	0.0017794	0.0	0.0	0.0	0.0	0.0	0.0	0.0	0.0	
jaeger sp.	0.0	0.0	0.0	0.0	0.0	0.0	0.0	0.0	0.0	0.0	0.0	0.0	0.0	0.0	0.0	0.0	0.0	0.0	0.0	0.0	0.0	0.0	0.0	0.0	0.0	0.0	0.0	0.0	0.0	0.0	0.0	0.0011834	0.0018939	0.0	0.0015	0.0	0.0	0.0	0.0	0.0	0.0	0.0	0.0	0.0	0.0	0.0	0.0	0.0	
jaeger/skua sp.	0.0	0.0	0.0	0.0	0.0	0.0	0.0	0.0	0.0	0.0	0.0	0.0	0.0	0.0	0.0	0.0	0.0	0.0	0.0	0.0	0.0	0.0	0.0	0.0	0.0	0.0	0.0	0.0	0.0	0.0	0.0	0.0	0.0	0.0015	0.0	0.0	0.0	0.0	0.0	0.0	0.0	0.0	0.0	0.0	0.0	0.0	0.0	0.0	
Little Gull	0.0	0.0	0.0	0.0	0.0	0.0	0.0	0.0	0.0	0.0	0.0	0.0	0.0	0.0	0.0	0.0	0.0	0.0	0.0	0.0	0.0	0.0	0.0	0.0	0.0	0.0	0.0	0.0	0.0	0.0	0.0	0.0	0.0	0.0	0.0	0.0	0.0015873	0.0	0.0	0.0	0.0	0.0	0.0	0.0	0.0	0.0	0.0	0.0	
Black-legged Kittiwake	0.0	0.0113636	0.0	0.0	0.0	0.0	0.0	0.0	0.0	0.0	0.0	0.0	0.0	0.0	0.0	0.0	0.0	0.0	0.0	0.0	0.0	0.0	0.0	0.0	0.0	0.0	0.0	0.0	0.0	0.0	0.0	0.0	0.0	0.0	0.0	0.0	0.0	0.0	0.0015	0.0017794	0.0	0.0	0.0	0.0	0.0	0.0	0.0	0.0	
Sabine's Gull	0.0	0.0	0.0	0.0	0.0	0.0	0.0	0.0	0.0	0.0	0.0	0.0	0.0	0.0	0.0	0.0	0.0	0.0	0.0	0.0	0.0	0.0	0.0	0.0	0.0	0.0	0.0	0.0	0.0	0.0	0.0	0.0	0.0	0.0015	0.0	0.0015	0.0	0.0	0.0	0.0	0.0	0.0	0.0	0.0015	0.0	0.0	0.0	0.0	
Bonaparte's Gull	0.0	0.0	0.0	0.0	0.0	0.0	0.0	0.0	0.0	0.0	0.0	0.0	0.0	0.0	0.0	0.0028329	0.0031008	0.002584	0.0039216	0.001443	0.0035088	0.0	0.0015	0.0040268	0.0	0.0014065	0.0087873	0.0271801	0.0543657	0.0453834	0.0460751	0.0366864	0.0227273	0.0260337	0.0407524	0.0504648	0.0587302	0.0692042	0.0594262	0.0587189	0.0469974	0.0151976	0.025641	0.0	0.0	0.0	0.0	0.0	
Laughing Gull	0.0	0.0	0.0	0.0	0.0	0.0	0.0	0.0	0.0	0.0	0.0	0.0	0.0	0.0	0.0	0.0	0.0	0.0	0.0013072	0.0	0.0015	0.0	0.0	0.0053691	0.0	0.0	0.0	0.0	0.0	0.0	0.0	0.0	0.0	0.0	0.0	0.0	0.0	0.0	0.0	0.0	0.0	0.0	0.0	0.0	0.0	0.0	0.0	0.0	
Franklin's Gull	0.0	0.0	0.0	0.0	0.0	0.0	0.0	0.0	0.0	0.0	0.0	0.0	0.0	0.0	0.0	0.0	0.0015504	0.0	0.0013072	0.001443	0.0	0.0013298	0.0	0.0	0.0	0.0014065	0.0	0.0	0.0	0.0031299	0.0	0.0	0.0056818	0.0	0.0	0.0	0.0	0.0	0.0	0.0035587	0.0	0.0	0.0	0.0	0.0015	0.0	0.0	0.0	
Ring-billed Gull	0.0	0.0	0.0	0.0	0.0	0.0	0.0	0.0	0.0	0.0175439	0.0492958	0.0914634	0.0996169	0.1236264	0.1674419	0.213881	0.1937984	0.2093023	0.1947712	0.2012987	0.2175439	0.2340426	0.2144	0.2134228	0.2086331	0.257384	0.3005272	0.3420159	0.3739703	0.3959311	0.3822526	0.4473373	0.4602273	0.3660031	0.3557994	0.3532537	0.368254	0.3460208	0.2848361	0.2686833	0.1148825	0.106383	0.0512821	0.0222222	0.0	0.0060241	0.0	0.0	
American Herring Gull	0.1891892	0.1590909	0.1428571	0.1571429	0.1219512	0.1111111	0.1186441	0.2	0.2571429	0.3070175	0.2816901	0.3353659	0.2796935	0.2417582	0.2372093	0.2719547	0.2372093	0.2635659	0.2588235	0.2445887	0.2374269	0.2460106	0.2528	0.2604027	0.2388489	0.2601969	0.3216169	0.2672707	0.2981878	0.312989	0.2713311	0.3538462	0.3219697	0.2986217	0.2821317	0.2709163	0.284127	0.2785467	0.3217213	0.3327402	0.2898172	0.3100304	0.3589744	0.3074074	0.3184713	0.2590361	0.189781	0.2896552	
Great Black-backed Gull	0.0	0.0	0.0	0.0	0.0	0.0	0.0	0.0	0.0	0.0	0.0070423	0.0015	0.0	0.0027473	0.0023256	0.0014164	0.0015	0.0	0.0	0.0	0.0011696	0.0	0.0	0.0	0.0	0.0	0.0	0.0	0.0	0.0	0.0015	0.0011834	0.0	0.0	0.0	0.001328	0.0015	0.0015	0.0	0.0071174	0.002611	0.006079	0.007326	0.0074074	0.0127389	0.0120482	0.0218978	0.0137931	
Glaucous Gull	0.0216216	0.0227273	0.0190476	0.0142857	0.0162602	0.0092593	0.0084746	0.0142857	0.0285714	0.0015	0.0070423	0.0060976	0.0076628	0.0054945	0.0093023	0.0028329	0.0031008	0.005168	0.0	0.0	0.0023392	0.0	0.0	0.0	0.0	0.0	0.0	0.0	0.0	0.0	0.0	0.0	0.0	0.0	0.0	0.0	0.0015873	0.0017301	0.0	0.0015	0.002611	0.006079	0.003663	0.0074074	0.0318471	0.0180723	0.0291971	0.062069	
Lesser Black-backed Gull	0.0	0.0	0.0	0.0	0.0	0.0	0.0	0.0	0.0	0.0	0.0	0.0	0.0	0.0027473	0.0023256	0.0056657	0.0015504	0.0	0.0013072	0.0021645	0.0015	0.0013298	0.0	0.0	0.0	0.0	0.0	0.0	0.0	0.0	0.0	0.0015	0.0	0.0	0.0015674	0.0	0.0	0.0	0.0040984	0.0	0.0	0.0	0.0	0.0	0.0	0.0015	0.0	0.0	
Iceland Gull	0.0108108	0.0113636	0.0015	0.0071429	0.0081301	0.0185185	0.0	0.0	0.0	0.0	0.0	0.0	0.0153257	0.0027473	0.0023256	0.0042493	0.0015504	0.0	0.0	0.0	0.0	0.0	0.0	0.0	0.0	0.0	0.0	0.0	0.0	0.0	0.0	0.0	0.0	0.0	0.0	0.0015	0.0015873	0.0015	0.0040984	0.0053381	0.0015	0.0030395	0.0015	0.0015	0.0015	0.0120482	0.0218978	0.0068966	
white-winged gull sp.	0.0054054	0.0	0.0	0.0	0.0	0.0	0.0	0.0	0.0	0.0	0.0	0.0060976	0.0015	0.0	0.0	0.0	0.0	0.0	0.0	0.0	0.0	0.0	0.0	0.0	0.0	0.0	0.0	0.0	0.0	0.0	0.0	0.0	0.0	0.0	0.0	0.0	0.0	0.0	0.0	0.0	0.0	0.0	0.0	0.0	0.0	0.0	0.0	0.0	
Larus sp.	0.0162162	0.0568182	0.047619	0.0357143	0.0243902	0.0185185	0.0254237	0.0857143	0.0761905	0.0964912	0.0774648	0.0914634	0.1226054	0.1071429	0.0976744	0.1232295	0.1426357	0.1485788	0.1215686	0.0995671	0.0830409	0.0917553	0.0816	0.095302	0.0906475	0.0942335	0.0949033	0.1019253	0.0971993	0.1111111	0.1023891	0.1289941	0.1496212	0.1071975	0.1112853	0.1088977	0.1238095	0.1314879	0.1270492	0.1405694	0.0913838	0.1033435	0.0989011	0.1148148	0.1019108	0.0903614	0.0218978	0.0275862	
gull sp.	0.0432432	0.0227273	0.0380952	0.0428571	0.0243902	0.0185185	0.0084746	0.0285714	0.047619	0.0438596	0.0352113	0.0487805	0.0498084	0.0521978	0.0372093	0.0354108	0.0418605	0.0594315	0.054902	0.0396825	0.0362573	0.0305851	0.0368	0.0348993	0.0345324	0.0506329	0.0544815	0.0464326	0.0675453	0.0391236	0.0699659	0.0650888	0.0814394	0.0643185	0.0579937	0.061089	0.0571429	0.050173	0.0430328	0.0427046	0.075718	0.0364742	0.0842491	0.0518519	0.0573248	0.0421687	0.0072993	0.0206897	
Caspian Tern	0.0	0.0	0.0	0.0	0.0	0.0	0.0	0.0	0.0	0.0	0.0	0.0	0.0	0.0	0.0	0.0015	0.0015504	0.0142119	0.0222222	0.01443	0.0187135	0.0053191	0.0128	0.0107383	0.0143885	0.0196906	0.026362	0.01359	0.029654	0.0093897	0.0273038	0.0118343	0.0	0.0	0.0015674	0.0	0.0	0.0	0.0	0.0017794	0.0	0.0	0.0	0.0	0.0	0.0	0.0	0.0	
Black Tern	0.0	0.0	0.0	0.0	0.0	0.0	0.0	0.0	0.0	0.0	0.0	0.0	0.0	0.0	0.0	0.0	0.0	0.0	0.0	0.001443	0.0	0.0	0.0	0.0	0.0	0.0	0.0	0.0	0.0	0.0	0.0017065	0.0011834	0.0	0.0	0.0	0.0	0.0	0.0	0.0	0.0	0.0	0.0	0.0	0.0	0.0	0.0	0.0	0.0	
Forster's Tern	0.0	0.0	0.0	0.0	0.0	0.0	0.0	0.0	0.0	0.0	0.0	0.0	0.0	0.0	0.0	0.0	0.0	0.0	0.0	0.0	0.0	0.0	0.0	0.0	0.0	0.0	0.0	0.0	0.0	0.0031299	0.0015	0.0035503	0.0015	0.0015314	0.0031348	0.0039841	0.0079365	0.0	0.0020492	0.0	0.0	0.0	0.0	0.0	0.0	0.0	0.0	0.0	
Arctic Tern	0.0	0.0	0.0	0.0	0.0	0.0	0.0	0.0	0.0	0.0	0.0	0.0	0.0	0.0	0.0	0.0	0.0	0.0	0.0	0.0	0.0	0.0	0.0	0.0	0.0	0.0	0.0	0.0	0.0	0.0	0.0	0.0	0.0	0.0	0.0015	0.0	0.0	0.0	0.0	0.0	0.0	0.0	0.0	0.0	0.0	0.0	0.0	0.0	
Common Tern	0.0	0.0	0.0	0.0	0.0	0.0	0.0	0.0	0.0	0.0	0.0	0.0	0.0	0.0	0.0	0.0	0.0	0.0	0.0013072	0.001443	0.0	0.0013298	0.0032	0.0015	0.0	0.0028129	0.0017575	0.0	0.0016474	0.0046948	0.0017065	0.0047337	0.0018939	0.0153139	0.0141066	0.0079681	0.0063492	0.0017301	0.0020492	0.0	0.0	0.0	0.0	0.0	0.0	0.0	0.0	0.0	
Forster's/Common Tern	0.0	0.0	0.0	0.0	0.0	0.0	0.0	0.0	0.0	0.0	0.0	0.0	0.0	0.0	0.0	0.0	0.0	0.0	0.0015	0.0	0.0	0.0	0.0	0.0	0.0	0.0	0.0	0.0	0.0	0.0015649	0.0	0.0011834	0.0056818	0.0015314	0.0047022	0.0	0.0015873	0.0	0.0	0.0	0.0	0.0	0.0	0.0	0.0	0.0	0.0	0.0	
Sterna sp.	0.0	0.0	0.0	0.0	0.0	0.0	0.0	0.0	0.0	0.0	0.0	0.0	0.0	0.0	0.0	0.0	0.0	0.0	0.0	7.215E-4	0.0	0.0	0.0	0.0	0.0	0.0	0.0	0.0	0.0016474	0.0	0.0	0.0047337	0.0018939	0.0045942	0.0015674	0.0	0.0031746	0.0	0.0	0.0	0.0	0.0	0.0	0.0	0.0	0.0	0.0	0.0	
tern sp.	0.0	0.0	0.0	0.0	0.0	0.0	0.0	0.0	0.0	0.0	0.0	0.0	0.0	0.0	0.0	0.0	0.0	0.0	0.0013072	0.001443	0.0	0.0013298	0.0	0.0	0.0	0.0	0.0	0.0	0.0	0.0	0.0017065	0.0	0.0	0.0015314	0.0031348	0.001328	0.0	0.0	0.0	0.0	0.0	0.0	0.0	0.0	0.0	0.0	0.0	0.0	
Pied-billed Grebe	0.0	0.0	0.0	0.0	0.0	0.0	0.0	0.0	0.0	0.0	0.0	0.0060976	0.0153257	0.032967	0.0348837	0.0509915	0.0217054	0.0206718	0.0065359	0.01443	0.019883	0.0132979	0.0128	0.0107383	0.0071942	0.0112518	0.0105448	0.006795	0.0164745	0.0125196	0.0170648	0.0307692	0.0284091	0.0306279	0.0344828	0.0278884	0.015873	0.0311419	0.0204918	0.0053381	0.0104439	0.0030395	0.003663	0.0037037	0.0	0.0	0.0	0.0	
Horned Grebe	0.0108108	0.0113636	0.0	0.0	0.0	0.0	0.0	0.0	0.0	0.0087719	0.0	0.0	0.0	0.0054945	0.0116279	0.0283286	0.0248062	0.0167959	0.0052288	7.215E-4	0.0	0.0	0.0	0.0013423	0.0	0.0015	0.0	0.002265	0.0016474	0.0015649	0.003413	0.0153846	0.0151515	0.0137825	0.0282132	0.0544489	0.0650794	0.0657439	0.1454918	0.1120996	0.0966057	0.0881459	0.0769231	0.0259259	0.0191083	0.0060241	0.0218978	0.0275862	
Red-necked Grebe	0.027027	0.0340909	0.0	0.0	0.0	0.0	0.0	0.0	0.0	0.0	0.0	0.0	0.0	0.0015	0.0093023	0.0169972	0.0139535	0.0077519	0.0013072	0.001443	0.0011696	0.0	0.0032	0.0	0.0	0.0	0.0035149	0.0056625	0.0098847	0.0078247	0.0187713	0.0248521	0.0265152	0.0214395	0.0329154	0.0478088	0.0444444	0.0899654	0.1127049	0.1174377	0.0704961	0.0729483	0.1208791	0.0555556	0.0509554	0.0120482	0.0072993	0.0015	
Eared Grebe	0.0	0.0	0.0	0.0	0.0	0.0	0.0	0.0	0.0	0.0	0.0	0.0	0.0	0.0	0.0	0.0	0.0031008	0.0015	0.0	0.0	0.0	0.0	0.0	0.0	0.0	0.0	0.0	0.0	0.0	0.0	0.0	0.0	0.0	0.0	0.0	0.0	0.0	0.0	0.0	0.0	0.0	0.0	0.0	0.0	0.0	0.0	0.0	0.0	
Horned/Eared Grebe	0.0	0.0	0.0	0.0	0.0	0.0	0.0	0.0	0.0	0.0	0.0	0.0	0.0	0.0	0.0	0.0014164	0.0	0.0	0.0	0.0	0.0	0.0	0.0	0.0	0.0	0.0	0.0	0.0	0.0	0.0	0.0	0.0	0.0	0.0	0.0	0.0	0.0	0.0	0.0020492	0.0	0.002611	0.0	0.0	0.0	0.0	0.0	0.0	0.0	
Western Grebe	0.0	0.0	0.0	0.0	0.0	0.0	0.0	0.0	0.0	0.0	0.0	0.0	0.0	0.0	0.0	0.0	0.0	0.0	0.0	0.0	0.0	0.0	0.0	0.0	0.0	0.0	0.0	0.0	0.0	0.0	0.0	0.0	0.0	0.0	0.0	0.0	0.0	0.0	0.0020492	0.0	0.0	0.0	0.0	0.0	0.0	0.0015	0.0	0.0	
grebe sp.	0.0054054	0.0	0.0	0.0	0.0	0.0	0.0	0.0	0.0	0.0	0.0	0.0	0.0	0.0	0.0	0.0	0.0	0.0	0.0	0.0	0.0	0.0	0.0	0.0	0.0	0.0	0.0	0.0015	0.0	0.0	0.003413	0.0	0.0018939	0.0015314	0.0031348	0.0053121	0.0047619	0.0	0.0040984	0.0017794	0.002611	0.0	0.007326	0.0	0.0	0.0	0.0072993	0.0	
Red-throated Loon	0.0	0.0	0.0	0.0	0.0	0.0	0.0	0.0	0.0	0.0	0.0	0.0	0.0	0.0	0.0	0.0	0.0	0.0	0.0	7.215E-4	0.0	0.0	0.0	0.0	0.0	0.0	0.0	0.0011325	0.0	0.0015649	0.0	0.0059172	0.0056818	0.0	0.0015674	0.001328	0.0031746	0.0086505	0.0122951	0.0142349	0.002611	0.0	0.003663	0.0	0.0	0.0	0.0	0.0	
Pacific Loon	0.0	0.0	0.0	0.0	0.0	0.0	0.0	0.0	0.0	0.0	0.0	0.0	0.0	0.0	0.0	0.0	0.0	0.0	0.0	0.0	0.0	0.0	0.0	0.0	0.0	0.0	0.0	0.0	0.0	0.0	0.0	0.0	0.0	0.0	0.0	0.0	0.0	0.0017301	0.0	0.0	0.0	0.0	0.0	0.0	0.0063694	0.0	0.0	0.0	
Common Loon	0.0162162	0.0	0.0	0.0	0.0	0.0	0.0	0.0	0.0	0.0	0.0	0.0	0.0038314	0.0082418	0.0302326	0.0609065	0.0682171	0.0413437	0.0418301	0.0750361	0.0959064	0.1050532	0.1152	0.1154362	0.0791367	0.0843882	0.0966608	0.0713477	0.0560132	0.0625978	0.0750853	0.0662722	0.0681818	0.0382848	0.0595611	0.0730412	0.047619	0.0778547	0.0881148	0.1192171	0.075718	0.0729483	0.0989011	0.0740741	0.0700637	0.0421687	0.0291971	0.0068966	
Yellow-billed Loon	0.0	0.0015	0.0	0.0	0.0	0.0	0.0	0.0	0.0	0.0	0.0	0.0	0.0	0.0	0.0	0.0	0.0	0.0	0.0	0.0	0.0	0.0	0.0	0.0	0.0	0.0	0.0	0.0	0.0	0.0	0.0	0.0	0.0	0.0	0.0	0.0	0.0	0.0	0.0	0.0	0.0	0.0	0.0	0.0	0.0	0.0	0.0	0.0	
loon sp.	0.0	0.0	0.0	0.0	0.0	0.0	0.0	0.0	0.0	0.0	0.0	0.0	0.0	0.0	0.0	0.0	0.0	0.002584	0.0013072	7.215E-4	0.0	0.0013298	0.0	0.0	0.0	0.0	0.0	0.0	0.0	0.0	0.0015	0.0	0.0	0.0015314	0.0015674	0.002656	0.0015873	0.0034602	0.0143443	0.0160142	0.0130548	0.0030395	0.014652	0.0037037	0.0	0.0	0.0	0.0	
Double-crested Cormorant	0.0	0.0	0.0	0.0	0.0	0.0	0.0	0.0	0.0	0.0	0.0	0.0	0.0	0.0192308	0.0627907	0.092068	0.1116279	0.120155	0.0941176	0.0974026	0.0736842	0.0638298	0.0992	0.0832215	0.0705036	0.0970464	0.0949033	0.0826727	0.0889621	0.1377152	0.1604096	0.1775148	0.1268939	0.1041348	0.0893417	0.0743692	0.0587302	0.0415225	0.0081967	0.0035587	0.0052219	0.0	0.0	0.0	0.0	0.0060241	0.0	0.0	
White-faced Ibis	0.0	0.0	0.0	0.0	0.0	0.0	0.0	0.0	0.0	0.0	0.0	0.0	0.0	0.0	0.0	0.0	0.0	0.0	0.0	0.0	0.0	0.0	0.0	0.0	0.0	0.0	0.0	0.0	0.0	0.0	0.0	0.0	0.0	0.0	0.0	0.0	0.0	0.0	0.0184426	0.0071174	0.0	0.0	0.0	0.0	0.0	0.0	0.0	0.0	
American Bittern	0.0	0.0	0.0	0.0	0.0	0.0	0.0	0.0	0.0	0.0	0.0	0.0	0.0	0.0	0.0023256	0.0015	0.0139535	0.0155039	0.0104575	0.0093795	0.0140351	0.0106383	0.0096	0.009396	0.0028777	0.0014065	0.0035149	0.0011325	0.0016474	0.0015649	0.0017065	0.0	0.0	0.0	0.0	0.0	0.0	0.0	0.0	0.0	0.0	0.0	0.0	0.0	0.0	0.0	0.0	0.0	
Least Bittern	0.0	0.0	0.0	0.0	0.0	0.0	0.0	0.0	0.0	0.0	0.0	0.0	0.0	0.0	0.0	0.0	0.0	0.0	0.0013072	0.001443	0.0046784	0.0013298	0.0032	0.0053691	0.0028777	0.0	0.0	0.0	0.0	0.0	0.0	0.0	0.0	0.0	0.0	0.0	0.0	0.0	0.0	0.0	0.0	0.0	0.0	0.0	0.0	0.0	0.0	0.0	
Black-crowned Night Heron	0.0	0.0	0.0	0.0	0.0	0.0	0.0	0.0	0.0	0.0	0.0	0.0	0.0	0.0	0.0	0.0	0.0	0.0015	0.0	0.0	0.0	0.0	0.0	0.0	0.0	0.0	0.0	0.0	0.0	0.0	0.0	0.0035503	0.0	0.0	0.0	0.0	0.0	0.0	0.0	0.0	0.002611	0.0	0.0	0.0	0.0	0.0	0.0	0.0	
Snowy Egret	0.0	0.0	0.0	0.0	0.0	0.0	0.0	0.0	0.0	0.0	0.0	0.0	0.0	0.0	0.0	0.0	0.0	0.0015	0.0	0.0	0.0	0.0	0.0	0.0	0.0	0.0	0.0	0.0	0.0	0.0	0.0	0.0	0.0	0.0	0.0	0.0	0.0	0.0	0.0	0.0	0.0	0.0	0.0	0.0	0.0	0.0	0.0	0.0	
Green Heron	0.0	0.0	0.0	0.0	0.0	0.0	0.0	0.0	0.0	0.0	0.0	0.0	0.0	0.0	0.0	0.0	0.0015504	0.0064599	0.0104575	0.0079365	0.0081871	0.0119681	0.0032	0.0080537	0.0071942	0.0028129	0.0105448	0.0101925	0.0082372	0.0062598	0.0085324	0.0035503	0.0056818	0.0015314	0.0031348	0.0	0.0	0.0	0.0	0.0	0.0	0.0	0.0	0.0	0.0	0.0	0.0	0.0	
Western Cattle-Egret	0.0	0.0	0.0	0.0	0.0	0.0	0.0	0.0	0.0	0.0	0.0	0.0	0.0	0.0	0.0	0.0	0.0015504	0.0	0.0	0.0	0.0	0.0	0.0	0.0	0.0	0.0	0.0	0.0	0.0	0.0	0.0	0.0	0.0	0.0	0.0	0.001328	0.0	0.0	0.0	0.0017794	0.0	0.0	0.0	0.0	0.0	0.0	0.0	0.0	
Great Egret	0.0	0.0	0.0	0.0	0.0	0.0	0.0	0.0	0.0	0.0	0.0	0.0	0.0	0.0	0.0	0.0	0.0	0.0015	0.0	0.0	0.0011696	0.0	0.0016	0.0013423	0.0028777	0.0014065	0.0017575	0.002265	0.0115321	0.0109546	0.0273038	0.0378698	0.0037879	0.0045942	0.0031348	0.0015	0.0	0.0	0.0	0.0	0.0	0.0	0.0	0.0	0.0	0.0	0.0	0.0	
Great Blue Heron	0.0	0.0	0.0	0.0	0.0	0.0	0.0	0.0	0.0	0.0	0.0	0.0121951	0.0306513	0.0412088	0.0534884	0.0580737	0.0449612	0.0374677	0.0718954	0.049062	0.0666667	0.0731383	0.0688	0.0684564	0.0791367	0.0900141	0.1177504	0.1325028	0.1367381	0.1236307	0.1211604	0.1349112	0.0909091	0.0765697	0.0564263	0.0438247	0.0349206	0.032872	0.0286885	0.0053381	0.002611	0.0030395	0.0	0.0	0.0	0.0	0.0	0.0	
heron sp.	0.0	0.0	0.0	0.0	0.0	0.0	0.0	0.0	0.0	0.0	0.0	0.0	0.0	0.0	0.0	0.0	0.0	0.002584	0.0	7.215E-4	0.0	0.0	0.0016	0.0	0.0	0.0014065	0.0	0.0011325	0.0	0.0	0.0	0.0	0.0018939	0.0	0.0	0.0	0.0	0.0	0.0	0.0	0.0	0.0	0.0	0.0	0.0	0.0	0.0	0.0	
American White Pelican	0.0	0.0	0.0	0.0	0.0	0.0	0.0	0.0	0.0	0.0	0.0	0.0	0.0	0.0	0.0	0.0014164	0.0	0.002584	0.0065359	7.215E-4	0.0116959	0.0	0.0032	0.0013423	0.0028777	0.0014065	0.0035149	0.0033975	0.0082372	0.0062598	0.003413	0.0307692	0.0018939	0.0045942	0.0047022	0.0015	0.0015873	0.0	0.0	0.0	0.0	0.0	0.0	0.0	0.0	0.0	0.0	0.0	
Black Vulture	0.0	0.0	0.0	0.0	0.0	0.0	0.0	0.0	0.0	0.0	0.0	0.0	0.0	0.0	0.0	0.0	0.0	0.0	0.0	0.0	0.0	0.0	0.0	0.0	0.0	0.0	0.0	0.0	0.0	0.0	0.0	0.0	0.0	0.0015314	0.0	0.0	0.0	0.0	0.0	0.0	0.0	0.0	0.0	0.0	0.0	0.0	0.0	0.0	
Turkey Vulture	0.0	0.0	0.0	0.0	0.0	0.0	0.0	0.0	0.0	0.0	0.0	0.0015	0.0306513	0.0851648	0.1186047	0.1543909	0.1007752	0.1111111	0.1202614	0.1010101	0.1005848	0.0984043	0.128	0.1100671	0.1079137	0.0857947	0.1019332	0.1143828	0.092257	0.0907668	0.1075085	0.1171598	0.1117424	0.1316998	0.1065831	0.0996016	0.047619	0.0242215	0.0122951	0.0035587	0.002611	0.0030395	0.0	0.0	0.0	0.0	0.0	0.0	
Osprey	0.0	0.0	0.0	0.0	0.0	0.0	0.0	0.0	0.0	0.0	0.0	0.0	0.0	0.0027473	0.0	0.0056657	0.0108527	0.0103359	0.0065359	0.011544	0.0070175	0.0172872	0.0112	0.0107383	0.0057554	0.0126582	0.0175747	0.0101925	0.0131796	0.0078247	0.0136519	0.0272189	0.0094697	0.007657	0.0031348	0.002656	0.0031746	0.0	0.0	0.0	0.0	0.0	0.0	0.0	0.0	0.0	0.0	0.0	
Swallow-tailed Kite	0.0	0.0	0.0	0.0	0.0	0.0	0.0	0.0	0.0	0.0	0.0	0.0	0.0	0.0	0.0	0.0	0.0	0.0	0.0	0.0	0.0	0.0	0.0	0.0	0.0	0.0	0.0	0.0011325	0.0	0.0	0.0	0.0	0.0	0.0	0.0	0.0	0.0	0.0	0.0	0.0	0.0	0.0	0.0	0.0	0.0	0.0	0.0	0.0	
Golden Eagle	0.0	0.0	0.0	0.0	0.0	0.0	0.0	0.0	0.0	0.0	0.0	0.0060976	0.0038314	0.0	0.0015	0.0014164	0.0	0.0	0.0015	0.0	0.0	0.0	0.0	0.0	0.0	0.0	0.0	0.0	0.0	0.0	0.0	0.0	0.0018939	0.0	0.0	0.0	0.0	0.0	0.0	0.0017794	0.0	0.0	0.003663	0.0	0.0	0.0	0.0	0.0	
Sharp-shinned Hawk	0.0015	0.0015	0.0	0.0071429	0.0	0.0	0.0	0.0	0.0	0.0	0.0	0.0060976	0.0076628	0.0082418	0.0069767	0.0212465	0.020155	0.0116279	0.0117647	0.005772	0.0093567	0.0039894	0.0048	0.0026846	0.0028777	0.0014065	0.0070299	0.0056625	0.0065898	0.0109546	0.0187713	0.0153846	0.0094697	0.0107198	0.0188088	0.0053121	0.0031746	0.0086505	0.0020492	0.0053381	0.002611	0.0	0.0	0.0074074	0.0	0.0	0.0	0.0	
Cooper's Hawk	0.0	0.0	0.0	0.0	0.0	0.0	0.0	0.0	0.0	0.0	0.0	0.0	0.0	0.0	0.0023256	0.0042493	0.0015504	0.001292	0.0	0.0064935	0.0046784	0.0013298	0.0032	0.0013423	0.0014388	0.0028129	0.0070299	0.0	0.0032949	0.0031299	0.0051195	0.0071006	0.0056818	0.0015	0.015674	0.001328	0.0015	0.0017301	0.0	0.0017794	0.0	0.0	0.0	0.0	0.0	0.0	0.0072993	0.0	
Sharp-shinned/Cooper's Hawk	0.0	0.0	0.0	0.0	0.0	0.0	0.0	0.0015	0.0	0.0	0.0	0.0	0.0	0.0	0.0	0.0014164	0.0	0.0	0.0	0.0	0.0	0.0	0.0	0.0	0.0	0.0	0.0	0.0	0.0	0.0	0.0017065	0.0	0.0015	0.0	0.0015674	0.0	0.0	0.0	0.0	0.0	0.0	0.0	0.0	0.0	0.0	0.0	0.0	0.0	
American Goshawk	0.0015	0.0	0.0	0.0	0.0162602	0.0	0.0	0.0	0.0	0.0087719	0.0	0.0	0.0015	0.0027473	0.0	0.0015	0.0	0.002584	0.0	7.215E-4	0.0	0.0013298	0.0016	0.0026846	0.0015	0.0042194	0.0035149	0.0	0.0	0.0031299	0.0015	0.0011834	0.0018939	0.0	0.0031348	0.0	0.0015	0.0017301	0.0	0.0017794	0.0104439	0.0	0.0	0.0015	0.0	0.0015	0.0072993	0.0	
Accipitrine hawk sp. (former Accipiter sp.)	0.0	0.0	0.0	0.0	0.0	0.0	0.0	0.0	0.0	0.0	0.0	0.0	0.0	0.0054945	0.0	0.0015	0.0015504	0.002584	0.0013072	0.0021645	0.0015	0.0039894	0.0	0.0	0.0	0.0	0.0	0.002265	0.0	0.0	0.0	0.0	0.0018939	0.0045942	0.0015674	0.002656	0.0	0.0	0.0	0.0017794	0.0	0.0	0.003663	0.0	0.0	0.0	0.0	0.0	
Northern Harrier	0.0	0.0	0.0	0.0	0.0	0.0	0.0	0.0	0.0	0.0	0.0	0.0121951	0.0191571	0.021978	0.0093023	0.0155807	0.0139535	0.0064599	0.0130719	0.0137085	0.005848	0.0132979	0.008	0.0026846	0.0100719	0.0042194	0.0105448	0.006795	0.0115321	0.0250391	0.0290102	0.0331361	0.0075758	0.0153139	0.031348	0.0146082	0.0142857	0.0121107	0.0245902	0.0177936	0.0130548	0.006079	0.0	0.0	0.0	0.0	0.0	0.0	
Bald Eagle	0.2054054	0.125	0.1428571	0.1714286	0.1544715	0.1203704	0.1355932	0.1428571	0.1904762	0.2105263	0.1901408	0.2134146	0.1302682	0.1071429	0.1465116	0.1147309	0.1255814	0.125323	0.130719	0.1385281	0.1520468	0.1462766	0.12	0.1449664	0.1136691	0.1181435	0.142355	0.1460929	0.1713344	0.1956182	0.2133106	0.2414201	0.2291667	0.2113323	0.1661442	0.1779548	0.168254	0.1453287	0.1967213	0.1690391	0.2167102	0.1793313	0.1428571	0.162963	0.1592357	0.1686747	0.189781	0.1655172	
Mississippi Kite	0.0	0.0	0.0	0.0	0.0	0.0	0.0	0.0	0.0	0.0	0.0	0.0	0.0	0.0	0.0	0.0	0.0	0.0	0.0	7.215E-4	0.0	0.0	0.0	0.0	0.0	0.0	0.0	0.0	0.0	0.0	0.0	0.0	0.0	0.0	0.0	0.0	0.0	0.0	0.0	0.0	0.0	0.0	0.0	0.0	0.0	0.0	0.0	0.0	
Broad-winged Hawk	0.0	0.0	0.0	0.0	0.0	0.0	0.0	0.0	0.0	0.0	0.0	0.0	0.0	0.0	0.0046512	0.0283286	0.0341085	0.0310078	0.027451	0.0396825	0.0421053	0.037234	0.032	0.0268456	0.0158273	0.0295359	0.0316344	0.0203851	0.0230643	0.0266041	0.0307167	0.0378698	0.0265152	0.0321593	0.0282132	0.0039841	0.0015873	0.0	0.0	0.0	0.0	0.0	0.0	0.0	0.0	0.0	0.0	0.0	
Red-shouldered Hawk	0.0	0.0	0.0	0.0	0.0	0.0	0.0	0.0	0.0	0.0	0.0	0.0060976	0.0038314	0.0054945	0.0046512	0.0	0.0015504	0.005168	0.0013072	0.0036075	0.0035088	0.0013298	0.0032	0.0040268	0.0015	0.0084388	0.0	0.0033975	0.0016474	0.0015649	0.0	0.0023669	0.0	0.0	0.0	0.001328	0.0	0.0	0.0015	0.0	0.0	0.0	0.0	0.0	0.0	0.0	0.0	0.0	
Broad-winged/Red-shouldered Hawk	0.0	0.0	0.0	0.0	0.0	0.0	0.0	0.0	0.0	0.0	0.0	0.0	0.0	0.0	0.0023256	0.0	0.0	0.0	0.0	0.0	0.0	0.0013298	0.0	0.0	0.0	0.0	0.0	0.0	0.0	0.0	0.0	0.0	0.0	0.0	0.0	0.0	0.0	0.0	0.0	0.0	0.0	0.0	0.0	0.0	0.0	0.0	0.0	0.0	
Red-tailed Hawk	0.0015	0.0	0.0190476	0.0142857	0.0	0.0	0.0084746	0.0015	0.0190476	0.0087719	0.0140845	0.0060976	0.0153257	0.0164835	0.0139535	0.0155807	0.0108527	0.0129199	0.0091503	0.0122655	0.0187135	0.0385638	0.0208	0.0187919	0.0172662	0.0253165	0.0281195	0.0169875	0.0247117	0.0172144	0.0204778	0.0201183	0.0151515	0.0245023	0.023511	0.0199203	0.0238095	0.0259516	0.0389344	0.0231317	0.0182768	0.0151976	0.014652	0.0037037	0.0127389	0.0015	0.0072993	0.0	
Rough-legged Hawk	0.0054054	0.0113636	0.0015	0.0	0.0081301	0.0015	0.0169492	0.0	0.0015	0.0015	0.0015	0.0015	0.0	0.0082418	0.0093023	0.009915	0.0015504	0.001292	0.0013072	0.0	0.0011696	0.0	0.0	0.0	0.0	0.0	0.0	0.0	0.0	0.0	0.0	0.0	0.0	0.0	0.0	0.0	0.0015	0.0069204	0.0122951	0.0338078	0.0313316	0.0212766	0.021978	0.0111111	0.0063694	0.0	0.0015	0.0206897	
Buteo sp.	0.0	0.0	0.0	0.0	0.0	0.0	0.0	0.0	0.0	0.0087719	0.0	0.0	0.0	0.0054945	0.0069767	0.0070822	0.0031008	0.001292	0.0065359	0.0036075	0.005848	0.0079787	0.0048	0.0013423	0.0028777	0.0	0.0017575	0.0033975	0.0	0.0031299	0.003413	0.0035503	0.0018939	0.0030628	0.0062696	0.002656	0.0	0.0069204	0.0040984	0.0035587	0.0052219	0.0	0.0	0.0	0.0	0.0	0.0	0.0	
hawk sp.	0.0	0.0	0.0	0.0	0.0	0.0	0.0	0.0142857	0.0095238	0.0	0.0	0.0060976	0.0	0.0027473	0.0116279	0.0014164	0.0046512	0.001292	0.0026144	0.0021645	0.0046784	0.0	0.0032	0.0040268	0.0	0.0	0.0035149	0.0011325	0.0016474	0.0015649	0.0015	0.0011834	0.0018939	0.0030628	0.0047022	0.0039841	0.0	0.0017301	0.0020492	0.0053381	0.0	0.0	0.0	0.0	0.0	0.0	0.0	0.0	
eagle sp.	0.0	0.0	0.0	0.0	0.0	0.0	0.0	0.0	0.0	0.0	0.0070423	0.0060976	0.0	0.0	0.0	0.0	0.0	0.001292	0.0	7.215E-4	0.0	0.0	0.0	0.0	0.0	0.0	0.0	0.0	0.0016474	0.0	0.0	0.0	0.0	0.0	0.0	0.0	0.0	0.0	0.0	0.0	0.0	0.0	0.0	0.0	0.0	0.0	0.0	0.0	
Snowy Owl	0.0054054	0.0015	0.0015	0.0015	0.0	0.0	0.0	0.0	0.0	0.0	0.0	0.0	0.0	0.0	0.0	0.0	0.0	0.0	0.0	0.001443	0.0011696	0.0	0.0	0.0	0.0	0.0	0.0	0.0	0.0	0.0	0.0	0.0	0.0	0.0	0.0	0.0	0.0	0.0	0.0020492	0.0035587	0.002611	0.0015	0.003663	0.0111111	0.0015	0.0	0.0072993	0.0	
Great Horned Owl	0.0	0.0	0.0	0.0	0.0	0.0	0.0084746	0.0	0.0095238	0.0	0.0070423	0.0	0.0	0.0027473	0.0	0.0	0.0	0.0015	0.0	0.0015	0.0011696	0.0013298	0.0	0.0026846	0.0	0.0014065	0.0017575	0.0015	0.0016474	0.0	0.0	0.0023669	0.0	0.0030628	0.0015674	0.0	0.0	0.0017301	0.0	0.0017794	0.0	0.0	0.0	0.0	0.0	0.0	0.0	0.0	
Northern Hawk Owl	0.0015	0.0	0.0	0.0	0.0	0.0	0.0	0.0	0.0	0.0	0.0	0.0	0.0	0.0	0.0	0.0	0.0	0.0	0.0	0.0	0.0	0.0	0.0	0.0	0.0	0.0	0.0	0.0	0.0	0.0	0.0	0.0	0.0	0.0	0.0	0.0	0.0	0.0	0.0	0.0	0.0015	0.0	0.0	0.0	0.0015	0.0	0.0	0.0	
Barred Owl	0.0054054	0.0113636	0.0	0.0214286	0.0081301	0.0092593	0.0169492	0.0428571	0.0015	0.0087719	0.0140845	0.0304878	0.0038314	0.0137363	0.0093023	0.0070822	0.0077519	0.0116279	0.0169935	0.0122655	0.005848	0.0079787	0.008	0.0080537	0.0043165	0.0042194	0.0123023	0.002265	0.0065898	0.0062598	0.0068259	0.0047337	0.0075758	0.0015314	0.007837	0.0092961	0.0031746	0.0069204	0.0081967	0.0015	0.0015	0.0015	0.0015	0.0015	0.0	0.0060241	0.0145985	0.0206897	
Great Gray Owl	0.0	0.0	0.0	0.0	0.0	0.0	0.0	0.0	0.0	0.0	0.0	0.0	0.0	0.0	0.0	0.0	0.0	0.0	0.0	0.0	0.0	0.0	0.0	0.0	0.0	0.0	0.0	0.0	0.0	0.0	0.0	0.0011834	0.0	0.0	0.0	0.0	0.0015	0.0	0.0	0.0	0.0	0.0	0.0	0.0	0.0	0.0	0.0	0.0	
Long-eared Owl	0.0	0.0	0.0	0.0	0.0	0.0	0.0	0.0	0.0	0.0	0.0	0.0	0.0	0.0	0.0015	0.0014164	0.0	0.0	0.0	0.0	0.0	0.0	0.0	0.0	0.0	0.0	0.0	0.0	0.0	0.0	0.0	0.0	0.0	0.0	0.0	0.0	0.0	0.0	0.0	0.0035587	0.0	0.0	0.0	0.0	0.0	0.0	0.0	0.0	
Short-eared Owl	0.0	0.0	0.0	0.0	0.0	0.0	0.0	0.0	0.0	0.0	0.0	0.0	0.0	0.0	0.0	0.0	0.0015504	0.0	0.0	0.0	0.0	0.0	0.0	0.0	0.0	0.0	0.0	0.0	0.0	0.0	0.0	0.0015	0.0	0.0	0.0	0.0	0.0047619	0.0	0.0061475	0.0017794	0.0	0.0015	0.0015	0.0	0.0	0.0	0.0	0.0	
Long-eared/Short-eared Owl	0.0	0.0	0.0	0.0	0.0	0.0	0.0	0.0	0.0	0.0	0.0	0.0	0.0	0.0	0.0	0.0	0.0	0.0	0.0	0.0	0.0	0.0	0.0	0.0	0.0	0.0	0.0	0.0	0.0	0.0	0.0	0.0	0.0	0.0	0.0	0.0	0.0	0.0	0.0020492	0.0017794	0.0	0.0	0.0	0.0	0.0	0.0	0.0	0.0	
Northern Saw-whet Owl	0.0054054	0.0	0.0095238	0.0	0.0	0.0	0.0	0.0	0.0	0.0015	0.0140845	0.0060976	0.0038314	0.0054945	0.0093023	0.0014164	0.0015	0.005168	0.0039216	7.215E-4	0.0011696	0.0	0.0015	0.0013423	0.0	0.0	0.0	0.0011325	0.0	0.0	0.0017065	0.0	0.0018939	0.0030628	0.0	0.001328	0.0	0.0017301	0.0	0.0	0.0	0.0	0.0	0.0	0.0	0.0	0.0	0.0	
owl sp.	0.0	0.0	0.0	0.0	0.0	0.0	0.0	0.0	0.0	0.0	0.0070423	0.0	0.0038314	0.0	0.0	0.0014164	0.0	0.0	0.0013072	7.215E-4	0.0	0.0013298	0.0	0.0	0.0	0.0	0.0	0.0	0.0	0.0	0.0	0.0	0.0	0.0	0.0015	0.0	0.0015873	0.0017301	0.0020492	0.0	0.0	0.0015	0.0	0.0	0.0	0.0	0.0	0.0	
Belted Kingfisher	0.0	0.0	0.0	0.0	0.0	0.0	0.0	0.0	0.0	0.0	0.0	0.0121951	0.0268199	0.0357143	0.0744186	0.1600567	0.1782946	0.1550388	0.1006536	0.1139971	0.0947368	0.0664894	0.1088	0.085906	0.1208633	0.0956399	0.1107206	0.1098528	0.1252059	0.1158059	0.1467577	0.1325444	0.1060606	0.0995406	0.0971787	0.0810093	0.0777778	0.0190311	0.0245902	0.0071174	0.0078329	0.006079	0.010989	0.0037037	0.0	0.0	0.0072993	0.0	
Yellow-bellied Sapsucker	0.0	0.0	0.0	0.0	0.0	0.0	0.0	0.0015	0.0	0.0	0.0	0.0	0.0038314	0.0961538	0.1348837	0.1501416	0.1224806	0.1459948	0.1202614	0.1356421	0.0912281	0.1263298	0.1376	0.0899329	0.1151079	0.0942335	0.0544815	0.0520951	0.0560132	0.0657277	0.0426621	0.0343195	0.032197	0.0413476	0.0203762	0.0478088	0.0174603	0.0069204	0.0020492	0.0	0.0	0.0	0.0	0.0	0.0	0.0	0.0	0.0068966	
Red-headed Woodpecker	0.0	0.0	0.0	0.0	0.0	0.0	0.0	0.0	0.0	0.0	0.0	0.0	0.0	0.0	0.0	0.0	0.0	0.001292	0.0013072	0.001443	0.0011696	0.0	0.0064	0.0	0.0	0.0	0.0015	0.002265	0.0	0.0015649	0.0017065	0.0035503	0.0018939	0.0030628	0.0	0.0	0.0	0.0	0.0020492	0.0015	0.0	0.0	0.0	0.0	0.0	0.0	0.0	0.0	
Red-bellied Woodpecker	0.0594595	0.1022727	0.0952381	0.0714286	0.0894309	0.1111111	0.1525424	0.0571429	0.0952381	0.0614035	0.0915493	0.1219512	0.0689655	0.0659341	0.0488372	0.0481586	0.0418605	0.0400517	0.0326797	0.034632	0.0222222	0.0066489	0.0112	0.0134228	0.0129496	0.0084388	0.0087873	0.0079275	0.0082372	0.0031299	0.0085324	0.0071006	0.0037879	0.0107198	0.007837	0.0132802	0.0206349	0.0259516	0.0327869	0.0320285	0.0313316	0.0516717	0.0586081	0.0740741	0.0254777	0.0662651	0.1167883	0.0758621	
American Three-toed Woodpecker	0.0	0.0	0.0	0.0	0.0015	0.0	0.0	0.0	0.0	0.0	0.0	0.0	0.0	0.0	0.0	0.0	0.0	0.0	0.0	0.0	0.0	0.0	0.0	0.0	0.0	0.0	0.0	0.0	0.0	0.0	0.0	0.0	0.0	0.0	0.0	0.0	0.0	0.0	0.0	0.0	0.0	0.0	0.0	0.0	0.0	0.0	0.0	0.0015	
Black-backed Woodpecker	0.0054054	0.0	0.0015	0.0	0.0081301	0.0092593	0.0	0.0	0.0	0.0	0.0	0.0	0.0	0.0	0.0	0.0	0.0	0.0015	0.0	0.001443	0.0	0.0013298	0.0015	0.0015	0.0014388	0.0015	0.0017575	0.0011325	0.0	0.0015649	0.0	0.0	0.0	0.0	0.0015674	0.0	0.0015873	0.0034602	0.0	0.0	0.002611	0.0015	0.0	0.0	0.0	0.0015	0.0	0.0068966	
Downy Woodpecker	0.1783784	0.1590909	0.1619048	0.1642857	0.1788618	0.2592593	0.440678	0.2142857	0.247619	0.2192982	0.1830986	0.2073171	0.1494253	0.1758242	0.1069767	0.1033994	0.1023256	0.0994832	0.0928105	0.0627706	0.0549708	0.0585106	0.0496	0.0389262	0.0676259	0.0815752	0.0702988	0.0872027	0.1202636	0.14241	0.0955631	0.1218935	0.1306818	0.1454824	0.1583072	0.188579	0.1730159	0.1747405	0.1557377	0.2064057	0.154047	0.1914894	0.1904762	0.1518519	0.1974522	0.2289157	0.2554745	0.2206897	
Hairy Woodpecker	0.1297297	0.1704545	0.1904762	0.1428571	0.1544715	0.25	0.3644068	0.1571429	0.1809524	0.1929825	0.1478873	0.1402439	0.1072797	0.0961538	0.0790698	0.0623229	0.0666667	0.0723514	0.075817	0.0909091	0.1040936	0.1329787	0.0912	0.0939597	0.0791367	0.0857947	0.0615114	0.0815402	0.1136738	0.1220657	0.1040956	0.0923077	0.0814394	0.1546708	0.1222571	0.1367862	0.1095238	0.1384083	0.1065574	0.1049822	0.0913838	0.118541	0.1245421	0.137037	0.1847134	0.126506	0.2262774	0.1931034	
Downy/Hairy Woodpecker	0.0	0.0113636	0.0285714	0.0071429	0.0	0.0277778	0.0254237	0.0142857	0.0	0.0	0.0070423	0.0	0.0038314	0.0137363	0.0023256	0.0	0.0093023	0.005168	0.0078431	0.002886	0.0	0.0013298	0.0016	0.0026846	0.0028777	0.0014065	0.0	0.0056625	0.0032949	0.0015649	0.0102389	0.0023669	0.0037879	0.0045942	0.007837	0.0092961	0.0063492	0.0	0.0081967	0.0142349	0.0052219	0.0121581	0.003663	0.0	0.0063694	0.0	0.0072993	0.0	
Pileated Woodpecker	0.0648649	0.0568182	0.0857143	0.0785714	0.0325203	0.0833333	0.1355932	0.0428571	0.1238095	0.0964912	0.056338	0.0670732	0.091954	0.0989011	0.0697674	0.0694051	0.0728682	0.0917313	0.0954248	0.0858586	0.0935673	0.0984043	0.1024	0.0751678	0.0546763	0.0506329	0.0509666	0.0419026	0.0593081	0.0798122	0.0699659	0.0686391	0.0625	0.0750383	0.0768025	0.0982736	0.0619048	0.0709343	0.0594262	0.0516014	0.0652742	0.0790274	0.0695971	0.0555556	0.0636943	0.0542169	0.1094891	0.0827586	
Northern Flicker	0.0054054	0.0	0.0	0.0	0.0	0.0	0.0	0.0	0.0	0.0	0.0	0.0	0.0344828	0.1923077	0.1790698	0.3186969	0.3116279	0.2390181	0.2235294	0.2186147	0.1672515	0.1781915	0.208	0.1932886	0.1798561	0.1434599	0.1862917	0.1608154	0.1466227	0.1236307	0.1535836	0.191716	0.1780303	0.2082695	0.2272727	0.1713147	0.0507937	0.0224913	0.0061475	0.0017794	0.0	0.0	0.0	0.0037037	0.0	0.0	0.0	0.0	
woodpecker sp.	0.0	0.0	0.0015	0.0142857	0.0406504	0.0092593	0.0084746	0.0428571	0.0190476	0.0087719	0.0140845	0.0304878	0.0536398	0.0357143	0.044186	0.0354108	0.0403101	0.0478036	0.0405229	0.023088	0.025731	0.0226064	0.0256	0.0281879	0.0258993	0.0126582	0.026362	0.0203851	0.0247117	0.0250391	0.0136519	0.0272189	0.0189394	0.0260337	0.0266458	0.0292165	0.015873	0.0224913	0.0122951	0.0106762	0.0261097	0.0121581	0.003663	0.0074074	0.0	0.0120482	0.0145985	0.0344828	
Crested Caracara	0.0	0.0	0.0	0.0	0.0	0.0	0.0	0.0	0.0	0.0	0.0	0.0	0.0	0.0	0.0	0.0	0.0	0.0	0.0	0.0	0.0	0.0	0.0	0.0	0.0517986	0.0182841	0.0158172	0.0056625	0.0032949	0.0093897	0.0136519	0.0106509	0.0113636	0.0091884	0.0047022	0.0159363	0.0031746	0.0086505	0.0143443	0.0053381	0.0078329	0.006079	0.0	0.0	0.0	0.0	0.0	0.0	
American Kestrel	0.0	0.0	0.0	0.0	0.0	0.0	0.0	0.0	0.0	0.0	0.0	0.0015	0.0038314	0.021978	0.0325581	0.0325779	0.0418605	0.0219638	0.0130719	0.0122655	0.0210526	0.025266	0.016	0.0187919	0.0143885	0.0182841	0.029877	0.0237826	0.0131796	0.0203443	0.0255973	0.0295858	0.0075758	0.0260337	0.0188088	0.0106242	0.0031746	0.0034602	0.0	0.0	0.002611	0.0	0.0	0.0	0.0	0.0	0.0	0.0	
Merlin	0.0	0.0	0.0015	0.0	0.0	0.0	0.0	0.0	0.0	0.0087719	0.0015	0.0060976	0.0344828	0.0412088	0.0325581	0.0609065	0.0465116	0.0749354	0.0379085	0.0295815	0.0444444	0.0305851	0.0368	0.0281879	0.0359712	0.0281294	0.056239	0.0328426	0.0527183	0.0375587	0.0682594	0.0733728	0.0378788	0.0444104	0.0423197	0.0292165	0.015873	0.0155709	0.0184426	0.0160142	0.0104439	0.0091185	0.007326	0.0015	0.0	0.0	0.0	0.0015	
Gyrfalcon	0.0	0.0	0.0	0.0	0.0	0.0	0.0	0.0	0.0	0.0087719	0.0	0.0	0.0	0.0	0.0	0.0	0.0015	0.0	0.0	0.0	0.0	0.0	0.0	0.0	0.0	0.0	0.0	0.0	0.0	0.0	0.0	0.0	0.0	0.0	0.0	0.0	0.0	0.0	0.0	0.0	0.0	0.0	0.0	0.0	0.0	0.0	0.0	0.0	
Peregrine Falcon	0.0	0.0	0.0	0.0	0.0	0.0	0.0	0.0	0.0	0.0	0.0	0.0015	0.0038314	0.0054945	0.0015	0.0028329	0.0062016	0.0077519	0.0065359	0.007215	0.0116959	0.0079787	0.008	0.0134228	0.0143885	0.0140647	0.0105448	0.0226501	0.0230643	0.0312989	0.0221843	0.0272189	0.0227273	0.0091884	0.0250784	0.0119522	0.0206349	0.0086505	0.0020492	0.0053381	0.0	0.0	0.0	0.0	0.0	0.0	0.0	0.0	
falcon sp.	0.0	0.0	0.0	0.0	0.0	0.0	0.0	0.0015	0.0	0.0	0.0	0.0	0.0	0.0027473	0.0015	0.0042493	0.0046512	0.002584	0.0013072	0.001443	0.0011696	0.0013298	0.0	0.0013423	0.0014388	0.0	0.0	0.0	0.0	0.0046948	0.003413	0.008284	0.0	0.0	0.0015674	0.002656	0.0063492	0.0034602	0.0040984	0.0	0.002611	0.0030395	0.0	0.0	0.0	0.0	0.0	0.0	
Olive-sided Flycatcher	0.0	0.0	0.0	0.0	0.0	0.0	0.0	0.0	0.0	0.0	0.0	0.0	0.0	0.0	0.0	0.0	0.0	0.001292	0.0039216	0.0238095	0.0280702	0.0079787	0.0112	0.0026846	0.0071942	0.0056259	0.0105448	0.002265	0.0049423	0.0093897	0.0153584	0.0047337	0.0	0.0	0.0	0.0	0.0	0.0	0.0	0.0	0.0	0.0	0.0	0.0	0.0	0.0	0.0	0.0	
Eastern Wood-Pewee	0.0	0.0	0.0	0.0	0.0	0.0	0.0	0.0	0.0	0.0	0.0	0.0	0.0	0.0	0.0	0.0	0.0	0.003876	0.0065359	0.1147186	0.1719298	0.1861702	0.144	0.1248322	0.1107914	0.0970464	0.0773286	0.0860702	0.1202636	0.1205008	0.1143345	0.0591716	0.0340909	0.0336907	0.007837	0.002656	0.0	0.0	0.0	0.0	0.0	0.0	0.0	0.0	0.0	0.0	0.0	0.0	
Yellow-bellied Flycatcher	0.0	0.0	0.0	0.0	0.0	0.0	0.0	0.0	0.0	0.0	0.0	0.0	0.0	0.0	0.0	0.0	0.0	0.0	0.0026144	0.015873	0.0187135	0.0305851	0.008	0.0067114	0.0015	0.0042194	0.0017575	0.002265	0.0032949	0.0046948	0.0017065	0.0011834	0.0018939	0.0030628	0.0	0.001328	0.0	0.0	0.0	0.0	0.0	0.0	0.0	0.0	0.0	0.0	0.0	0.0	
Alder Flycatcher	0.0	0.0	0.0	0.0	0.0	0.0	0.0	0.0	0.0	0.0	0.0	0.0	0.0	0.0	0.0	0.0	0.0	0.001292	0.0143791	0.1248196	0.2128655	0.2007979	0.1808	0.1100671	0.0805755	0.0703235	0.0773286	0.1370328	0.092257	0.0266041	0.003413	0.0023669	0.0	0.0015314	0.0	0.0	0.0	0.0	0.0	0.0	0.0	0.0	0.0	0.0	0.0	0.0	0.0	0.0	
Willow Flycatcher	0.0	0.0	0.0	0.0	0.0	0.0	0.0	0.0	0.0	0.0	0.0	0.0	0.0	0.0	0.0	0.0	0.0	0.0	0.0	0.0	0.0	0.0	0.0	0.0013423	0.0	0.0	0.0	0.0	0.0	0.0	0.0	0.0	0.0	0.0	0.0	0.0	0.0	0.0	0.0	0.0	0.0	0.0	0.0	0.0	0.0	0.0	0.0	0.0	
Alder/Willow Flycatcher (Traill's Flycatcher)	0.0	0.0	0.0	0.0	0.0	0.0	0.0	0.0	0.0	0.0	0.0	0.0	0.0	0.0	0.0	0.0	0.0	0.0	0.0	0.0021645	0.0011696	0.0	0.0	0.0	0.0	0.0014065	0.0	0.0	0.0	0.0015649	0.0017065	0.0047337	0.0037879	0.0	0.0	0.0	0.0	0.0	0.0	0.0	0.0	0.0	0.0	0.0	0.0	0.0	0.0	0.0	
Least Flycatcher	0.0	0.0	0.0	0.0	0.0	0.0	0.0	0.0	0.0	0.0	0.0	0.0	0.0	0.0	0.0	0.0	0.0062016	0.0439276	0.1372549	0.1911977	0.148538	0.1742021	0.1536	0.1718121	0.1093525	0.068917	0.0351494	0.0328426	0.0543657	0.0469484	0.0307167	0.0106509	0.0113636	0.0	0.0015674	0.001328	0.0	0.0	0.0	0.0	0.0	0.0	0.0	0.0	0.0	0.0	0.0	0.0	
Empidonax sp.	0.0	0.0	0.0	0.0	0.0	0.0	0.0	0.0	0.0	0.0	0.0	0.0	0.0	0.0	0.0	0.0	0.0015504	0.0103359	0.0470588	0.036075	0.0116959	0.0093085	0.0048	0.0067114	0.0143885	0.0140647	0.0246046	0.0203851	0.0329489	0.029734	0.0290102	0.0295858	0.0094697	0.0122511	0.0031348	0.001328	0.0	0.0	0.0	0.0	0.0	0.0	0.0	0.0	0.0	0.0	0.0	0.0	
Eastern Phoebe	0.0	0.0	0.0	0.0	0.0	0.0	0.0	0.0	0.0	0.0	0.0	0.0060976	0.0191571	0.1016484	0.0953488	0.101983	0.1085271	0.0826873	0.0849673	0.0966811	0.1052632	0.0890957	0.0816	0.0805369	0.0848921	0.0829817	0.086116	0.0736127	0.0527183	0.0532081	0.059727	0.0662722	0.0416667	0.0290965	0.0266458	0.0225764	0.0063492	0.0051903	0.0	0.0017794	0.0	0.0	0.0	0.0	0.0	0.0	0.0	0.0	
Vermilion Flycatcher	0.0	0.0	0.0	0.0	0.0	0.0	0.0	0.0	0.0	0.0	0.0	0.0	0.0	0.0	0.0	0.0	0.0	0.0	0.0	0.0	0.0	0.0	0.0	0.0	0.0	0.0	0.0	0.0	0.0	0.0	0.0	0.0	0.0	0.0	0.0	0.0	0.0	0.0	0.0	0.0071174	0.0182768	0.0030395	0.003663	0.0	0.0	0.0	0.0	0.0	
Great Crested Flycatcher	0.0	0.0	0.0	0.0	0.0	0.0	0.0	0.0	0.0	0.0	0.0	0.0	0.0	0.0	0.0	0.0	0.0	0.0064599	0.0287582	0.0613276	0.1087719	0.0824468	0.088	0.0550336	0.0201439	0.021097	0.0070299	0.011325	0.0049423	0.0031299	0.0	0.0047337	0.0037879	0.0	0.0015674	0.0	0.0	0.0	0.0	0.0	0.0	0.0	0.0	0.0	0.0	0.0	0.0	0.0	
Tropical Kingbird	0.0	0.0	0.0	0.0	0.0	0.0	0.0	0.0	0.0	0.0	0.0	0.0	0.0	0.0	0.0	0.0	0.0	0.0	0.0	0.0	0.0	0.0	0.0	0.0	0.0	0.0	0.0	0.0	0.0	0.0	0.0	0.0	0.0	0.0	0.0	0.0	0.0	0.0	0.0	0.0015	0.0015	0.0	0.0	0.0	0.0	0.0	0.0	0.0	
Western Kingbird	0.0	0.0	0.0	0.0	0.0	0.0	0.0	0.0	0.0	0.0	0.0	0.0	0.0	0.0	0.0	0.0	0.0	0.0	0.0	0.002886	0.0035088	0.0	0.0	0.0	0.0	0.0	0.0	0.0	0.0	0.0	0.0015	0.0	0.0	0.0	0.0015674	0.0	0.0	0.0	0.0	0.0	0.0	0.0	0.0	0.0	0.0	0.0	0.0	0.0	
Eastern Kingbird	0.0	0.0	0.0	0.0	0.0	0.0	0.0	0.0	0.0	0.0	0.0	0.0	0.0	0.0	0.0	0.0	0.0015504	0.0129199	0.0431373	0.1190476	0.1450292	0.1489362	0.1296	0.1275168	0.0892086	0.0886076	0.115993	0.1200453	0.1037891	0.1126761	0.0784983	0.0189349	0.0	0.0015314	0.0	0.0	0.0	0.0	0.0	0.0	0.0	0.0	0.0	0.0	0.0	0.0	0.0	0.0	
Scissor-tailed Flycatcher	0.0	0.0	0.0	0.0	0.0	0.0	0.0	0.0	0.0	0.0	0.0	0.0	0.0	0.0	0.0	0.0	0.0015504	0.005168	0.0	0.0015	0.0035088	0.0	0.0	0.0	0.0	0.0	0.0035149	0.0	0.0	0.0	0.0	0.0	0.0	0.0	0.0	0.0	0.0	0.0	0.0	0.0	0.0	0.0	0.0	0.0	0.0	0.0	0.0	0.0	
Western Kingbird x Scissor-tailed Flycatcher (hybrid)	0.0	0.0	0.0	0.0	0.0	0.0	0.0	0.0	0.0	0.0	0.0	0.0	0.0	0.0	0.0	0.0	0.0	0.0015	0.0	0.0	0.0	0.0	0.0	0.0	0.0	0.0	0.0	0.0	0.0	0.0	0.0	0.0	0.0	0.0	0.0	0.0	0.0	0.0	0.0	0.0	0.0	0.0	0.0	0.0	0.0	0.0	0.0	0.0	
Fork-tailed Flycatcher	0.0	0.0	0.0	0.0	0.0	0.0	0.0	0.0	0.0	0.0	0.0	0.0	0.0	0.0	0.0	0.0	0.0	0.0	0.0	0.0	0.0	0.0	0.0	0.0	0.0	0.0	0.0	0.0	0.0	0.0	0.0	0.0	0.0	0.0	0.0	0.0	0.0015	0.0	0.0	0.0	0.0	0.0	0.0	0.0	0.0	0.0	0.0	0.0	
new world flycatcher sp.	0.0	0.0	0.0	0.0	0.0	0.0	0.0	0.0	0.0	0.0	0.0	0.0	0.0	0.0	0.0	0.0	0.0	0.0	0.0	0.0	0.0	0.0	0.0	0.0013423	0.0	0.0	0.0	0.0	0.0	0.0	0.0	0.0	0.0	0.0	0.0	0.0	0.0	0.0	0.0	0.0	0.0	0.0	0.0	0.0	0.0	0.0	0.0	0.0	
Yellow-throated Vireo	0.0	0.0	0.0	0.0	0.0	0.0	0.0	0.0	0.0	0.0	0.0	0.0	0.0	0.0	0.0	0.0	0.0	0.001292	0.0026144	0.0021645	0.0	0.0013298	0.0015	0.0	0.0014388	0.0042194	0.0	0.0	0.0	0.0	0.0	0.0	0.0015	0.0	0.0	0.0	0.0	0.0	0.0	0.0	0.0	0.0	0.0	0.0	0.0	0.0	0.0	0.0	
Blue-headed Vireo	0.0	0.0	0.0	0.0	0.0	0.0	0.0	0.0	0.0	0.0	0.0	0.0	0.0	0.0	0.0	0.0	0.027907	0.1111111	0.1281046	0.1262626	0.0935673	0.0984043	0.1264	0.0993289	0.0618705	0.0745429	0.0773286	0.0702152	0.0642504	0.0610329	0.0580205	0.0449704	0.0416667	0.0673813	0.0344828	0.0358566	0.0047619	0.0015	0.0	0.0	0.0	0.0	0.0	0.0	0.0	0.0	0.0	0.0	
Philadelphia Vireo	0.0	0.0	0.0	0.0	0.0	0.0	0.0	0.0	0.0	0.0	0.0	0.0	0.0	0.0	0.0	0.0	0.0	0.0	0.0052288	0.0093795	0.0046784	0.0013298	0.0	0.0	0.0	0.0	0.0017575	0.0	0.0	0.0031299	0.0051195	0.0153846	0.0170455	0.0091884	0.0031348	0.0	0.0	0.0	0.0	0.0	0.0	0.0	0.0	0.0	0.0	0.0	0.0	0.0	
Eastern Warbling Vireo	0.0	0.0	0.0	0.0	0.0	0.0	0.0	0.0	0.0	0.0	0.0	0.0	0.0	0.0	0.0	0.0	0.0031008	0.0090439	0.0300654	0.0526696	0.0479532	0.0492021	0.04	0.0348993	0.0273381	0.02391	0.0246046	0.006795	0.0065898	0.0062598	0.0119454	0.0047337	0.0018939	0.0015314	0.0	0.0	0.0	0.0	0.0	0.0	0.0	0.0	0.0	0.0	0.0	0.0	0.0	0.0	
Red-eyed Vireo	0.0	0.0	0.0	0.0	0.0	0.0	0.0	0.0	0.0	0.0	0.0	0.0	0.0	0.0	0.0	0.0	0.0	0.0129199	0.0954248	0.4105339	0.5333333	0.5957447	0.5696	0.5838926	0.5381295	0.535865	0.4938489	0.380521	0.3739703	0.312989	0.3105802	0.2899408	0.2405303	0.1607963	0.0768025	0.0332005	0.0015873	0.0	0.0	0.0	0.0	0.0	0.0	0.0	0.0	0.0	0.0	0.0	
vireo sp.	0.0	0.0	0.0	0.0	0.0	0.0	0.0	0.0	0.0	0.0	0.0	0.0	0.0	0.0	0.0	0.0	0.0	0.002584	0.0015	0.001443	0.0	0.0	0.0016	0.0	0.0	0.0014065	0.0017575	0.0011325	0.0016474	0.0	0.003413	0.0059172	0.0037879	0.0045942	0.0	0.0	0.0	0.0	0.0	0.0	0.0	0.0	0.0	0.0	0.0	0.0	0.0	0.0	
Loggerhead Shrike	0.0	0.0	0.0	0.0	0.0	0.0	0.0	0.0	0.0	0.0	0.0	0.0	0.0	0.0	0.0	0.0	0.0015	0.0	0.0	7.215E-4	0.0011696	0.0026596	0.0	0.0	0.0	0.0	0.0	0.0	0.0	0.0	0.0	0.0	0.0	0.0	0.0	0.0	0.0	0.0	0.0	0.0	0.0	0.0	0.0	0.0	0.0	0.0	0.0	0.0	
Northern Shrike	0.0162162	0.0113636	0.0015	0.0071429	0.0	0.0015	0.0084746	0.0	0.0015	0.0087719	0.0	0.0060976	0.0	0.0027473	0.0023256	0.0015	0.0015504	0.0	0.0	0.0	0.0	0.0	0.0	0.0	0.0	0.0	0.0	0.0	0.0	0.0	0.0	0.0	0.0	0.0	0.0	0.0	0.0	0.0051903	0.0015	0.0053381	0.0156658	0.0151976	0.014652	0.0148148	0.0063694	0.0060241	0.0072993	0.0068966	
Canada Jay	0.0054054	0.0015	0.0	0.0015	0.0081301	0.0015	0.0084746	0.0015	0.0015	0.0	0.0070423	0.0015	0.0	0.0	0.0	0.0	0.0015	0.0015	0.0013072	0.0	0.0023392	0.0013298	0.0032	0.0026846	0.0015	0.0015	0.0015	0.0015	0.0015	0.0015649	0.0	0.0015	0.0015	0.0	0.0015674	0.001328	0.0	0.0	0.0020492	0.0017794	0.002611	0.0	0.0	0.0015	0.0	0.0	0.0	0.0068966	
Blue Jay	0.2702703	0.3295455	0.3809524	0.3857143	0.4146341	0.4166667	0.5423729	0.3	0.4285714	0.2894737	0.3661972	0.3109756	0.3065134	0.2664835	0.2581395	0.2096317	0.2217054	0.3191214	0.372549	0.3672439	0.3251462	0.3071809	0.304	0.2442953	0.2100719	0.1786217	0.2267135	0.2287656	0.2372323	0.2613459	0.2508532	0.2721893	0.3257576	0.4226646	0.4090909	0.4196547	0.3603175	0.3217993	0.2991803	0.3113879	0.3263708	0.3009119	0.3333333	0.3592593	0.3566879	0.2891566	0.3941606	0.3103448	
American Crow	0.3297297	0.2840909	0.3333333	0.4285714	0.2845528	0.3333333	0.2457627	0.3142857	0.6190476	0.6052632	0.5492958	0.5792683	0.5708812	0.532967	0.4674419	0.4475921	0.4945736	0.4793282	0.4601307	0.4365079	0.477193	0.4760638	0.4208	0.4080537	0.4589928	0.4472574	0.4622144	0.4722537	0.4563427	0.4741784	0.4607509	0.4863905	0.5246212	0.4808576	0.484326	0.5073041	0.4428571	0.4550173	0.397541	0.4661922	0.4099217	0.43769	0.3223443	0.4555556	0.343949	0.3072289	0.3138686	0.3172414	
crow sp.	0.0	0.0	0.0	0.0	0.0	0.0	0.0	0.0	0.0	0.0	0.0	0.0	0.0	0.0	0.0	0.0	0.0	0.0	0.0	0.0	0.0	0.0	0.0	0.0	0.0	0.0	0.0	0.0	0.0	0.0	0.0017065	0.0	0.0	0.0	0.0	0.0	0.0	0.0	0.0	0.0	0.0	0.0	0.0	0.0	0.0	0.0	0.0	0.0	
Common Raven	0.2108108	0.2727273	0.2761905	0.2857143	0.3495935	0.2685185	0.2881356	0.3714286	0.3619048	0.3070175	0.2183099	0.2682927	0.1992337	0.2664835	0.2023256	0.1855524	0.1813953	0.2183463	0.2183007	0.2229437	0.2081871	0.2340426	0.2432	0.2241611	0.2302158	0.2151899	0.2056239	0.2015855	0.2339374	0.2065728	0.2730375	0.2449704	0.2537879	0.2924962	0.2068966	0.2669323	0.2380952	0.2197232	0.25	0.2188612	0.2532637	0.2097264	0.2124542	0.262963	0.1910828	0.2048193	0.2627737	0.3448276	
crow/raven sp.	0.0	0.0	0.0	0.0	0.0	0.0	0.0	0.0	0.0	0.0	0.0	0.0	0.0	0.0	0.0	0.0	0.0	0.0	0.0	0.0	0.0	0.0	0.0	0.0	0.0	0.0	0.0	0.0	0.0	0.0	0.0017065	0.0	0.0	0.0	0.0	0.0	0.0	0.0	0.0020492	0.0	0.0	0.0	0.0	0.0	0.0	0.0	0.0	0.0	
Black-capped Chickadee	0.3081081	0.2613636	0.3904762	0.3142857	0.3821138	0.4907407	0.559322	0.4285714	0.4380952	0.3596491	0.3169014	0.2682927	0.2796935	0.3159341	0.3069767	0.276204	0.2852713	0.3036176	0.3346405	0.3354978	0.2678363	0.2659574	0.2848	0.2268456	0.247482	0.2798875	0.3286467	0.3159683	0.4069193	0.3740219	0.3481229	0.3633136	0.3276515	0.3859112	0.3667712	0.3891102	0.3428571	0.3408304	0.295082	0.2953737	0.2793734	0.2948328	0.2967033	0.3222222	0.3566879	0.3554217	0.4671533	0.4275862	
Boreal Chickadee	0.0	0.0	0.0	0.0	0.0	0.0	0.0	0.0015	0.0015	0.0087719	0.0	0.0015	0.0	0.0	0.0	0.0	0.0015504	0.0015	0.0	0.0	0.0	0.0013298	0.0016	0.0015	0.0015	0.0014065	0.0015	0.0	0.0	0.0015	0.0	0.0	0.0	0.0	0.0	0.0	0.0	0.0	0.0	0.0	0.0	0.0	0.0	0.0	0.0	0.0	0.0	0.0068966	
Horned Lark	0.0	0.0	0.0	0.0	0.0	0.0	0.0	0.0	0.0	0.0	0.0	0.0	0.0015	0.0	0.0	0.0014164	0.0046512	0.0103359	0.0013072	0.004329	0.0011696	0.0	0.0016	0.0	0.0028777	0.0	0.0	0.0	0.0	0.0	0.0	0.0	0.0	0.0153139	0.0485893	0.0730412	0.0809524	0.0795848	0.0819672	0.1032028	0.0287206	0.0030395	0.007326	0.0	0.0	0.0060241	0.0	0.0	
Bank Swallow	0.0	0.0	0.0	0.0	0.0	0.0	0.0	0.0	0.0	0.0	0.0	0.0	0.0	0.0	0.0	0.0	0.0015504	0.003876	0.0222222	0.036075	0.0678363	0.0651596	0.0688	0.0724832	0.0633094	0.0604782	0.0386643	0.0294451	0.014827	0.0109546	0.0	0.0011834	0.0	0.0	0.0	0.0	0.0	0.0	0.0	0.0	0.0	0.0	0.0	0.0	0.0	0.0	0.0	0.0	
Tree Swallow	0.0	0.0	0.0	0.0	0.0	0.0	0.0	0.0	0.0	0.0	0.0	0.0	0.0015	0.0082418	0.0209302	0.0495751	0.0465116	0.0981912	0.0862745	0.0851371	0.1134503	0.0864362	0.0896	0.0832215	0.0820144	0.0590717	0.0474517	0.0283126	0.0164745	0.0156495	0.0136519	0.008284	0.0	0.0	0.0	0.0	0.0	0.0	0.0	0.0	0.0	0.0	0.0	0.0	0.0	0.0	0.0	0.0	
Purple Martin	0.0	0.0	0.0	0.0	0.0	0.0	0.0	0.0	0.0	0.0	0.0	0.0	0.0	0.0	0.0	0.0	0.0	0.0	0.0	0.0	0.0	0.0013298	0.0	0.0	0.0014388	0.0	0.0	0.0	0.0	0.0	0.0	0.0011834	0.0	0.0	0.0	0.0	0.0	0.0	0.0	0.0	0.0	0.0	0.0	0.0	0.0	0.0	0.0	0.0	
Northern Rough-winged Swallow	0.0	0.0	0.0	0.0	0.0	0.0	0.0	0.0	0.0	0.0	0.0	0.0	0.0	0.0	0.0	0.0014164	0.0031008	0.0116279	0.0130719	0.0151515	0.0116959	0.0106383	0.0112	0.0174497	0.018705	0.0112518	0.0105448	0.006795	0.0	0.0031299	0.003413	0.0011834	0.0	0.0	0.0	0.0	0.0	0.0	0.0	0.0	0.0	0.0	0.0	0.0	0.0	0.0	0.0	0.0	
Barn Swallow	0.0	0.0	0.0	0.0	0.0	0.0	0.0	0.0	0.0	0.0	0.0	0.0	0.0	0.0	0.0023256	0.0254958	0.0434109	0.0930233	0.0954248	0.1154401	0.1590643	0.1143617	0.1104	0.1409396	0.1122302	0.1448664	0.1353251	0.1347678	0.1186161	0.1377152	0.0904437	0.0544379	0.0113636	0.0045942	0.0	0.0	0.0	0.0	0.0	0.0	0.0	0.0	0.0	0.0	0.0	0.0	0.0	0.0	
Cliff Swallow	0.0	0.0	0.0	0.0	0.0	0.0	0.0	0.0	0.0	0.0	0.0	0.0	0.0	0.0	0.0	0.0042493	0.0031008	0.005168	0.0130719	0.017316	0.0233918	0.0199468	0.0224	0.0295302	0.0158273	0.0407876	0.0246046	0.0192525	0.0115321	0.0219092	0.0187713	0.0130178	0.0037879	0.0015314	0.0	0.0	0.0	0.0	0.0	0.0	0.0	0.0	0.0	0.0	0.0	0.0	0.0	0.0	
swallow sp.	0.0	0.0	0.0	0.0	0.0	0.0	0.0	0.0	0.0	0.0	0.0	0.0	0.0	0.0	0.0	0.0141643	0.0170543	0.0400517	0.0509804	0.0519481	0.0526316	0.0545213	0.064	0.0711409	0.0935252	0.1026723	0.0913884	0.0804077	0.062603	0.0610329	0.0324232	0.0177515	0.0056818	0.0	0.0	0.0	0.0	0.0	0.0	0.0	0.0	0.0	0.0	0.0	0.0	0.0	0.0	0.0	
Ruby-crowned Kinglet	0.0	0.0	0.0	0.0	0.0	0.0	0.0	0.0	0.0	0.0	0.0	0.0	0.0038314	0.0384615	0.0418605	0.1373938	0.151938	0.126615	0.069281	0.0310245	0.0233918	0.0359043	0.0224	0.0067114	0.0071942	0.0112518	0.0123023	0.002265	0.0131796	0.0093897	0.0119454	0.0035503	0.0094697	0.0245023	0.0297806	0.0730412	0.0507937	0.0519031	0.0245902	0.0266904	0.0	0.0	0.003663	0.0	0.0	0.0	0.0	0.0	
Golden-crowned Kinglet	0.027027	0.0	0.0015	0.05	0.0	0.0092593	0.0169492	0.0	0.0285714	0.0087719	0.0140845	0.0182927	0.0421456	0.0824176	0.0813953	0.0580737	0.0651163	0.0581395	0.0248366	0.0353535	0.0350877	0.0625	0.0704	0.0348993	0.0230216	0.0253165	0.0246046	0.0237826	0.0527183	0.0625978	0.0238908	0.0414201	0.0492424	0.0612557	0.0862069	0.1460823	0.1063492	0.1280277	0.0901639	0.0587189	0.0313316	0.0151976	0.010989	0.0074074	0.0127389	0.0120482	0.0364964	0.0551724	
Ruby-crowned/Golden-crowned Kinglet	0.0	0.0	0.0	0.0	0.0	0.0	0.0	0.0	0.0	0.0	0.0	0.0	0.0	0.0	0.0	0.0	0.0	0.0	0.0	0.0	0.0	0.0	0.0	0.0	0.0	0.0	0.0	0.0	0.0	0.0	0.0	0.0	0.0	0.0	0.0	0.0	0.0015873	0.0	0.0	0.0	0.0	0.0	0.0	0.0	0.0	0.0	0.0	0.0	
White-breasted Nuthatch	0.0864865	0.1704545	0.1428571	0.1357143	0.0894309	0.2222222	0.3389831	0.2	0.1714286	0.1403509	0.1056338	0.1097561	0.0881226	0.1126374	0.0790698	0.0651558	0.0496124	0.0671835	0.0457516	0.041847	0.0421053	0.0239362	0.0352	0.0322148	0.0532374	0.0646976	0.0738137	0.0724802	0.092257	0.086072	0.0819113	0.0497041	0.0568182	0.0918836	0.0846395	0.1128818	0.0984127	0.1089965	0.0983607	0.0996441	0.1148825	0.1215805	0.1098901	0.1814815	0.1719745	0.1385542	0.2262774	0.2137931	
Red-breasted Nuthatch	0.172973	0.1590909	0.1904762	0.15	0.2113821	0.3425926	0.4067797	0.2285714	0.2285714	0.2280702	0.1901408	0.1707317	0.1762452	0.1620879	0.1790698	0.1643059	0.2186047	0.2739018	0.2601307	0.2561328	0.1964912	0.206117	0.2336	0.1731544	0.1784173	0.137834	0.1669596	0.1778029	0.2372323	0.2660407	0.2354949	0.2804734	0.2670455	0.295559	0.2617555	0.2363878	0.2	0.1885813	0.1680328	0.1690391	0.1331593	0.1793313	0.1868132	0.2	0.2356688	0.2228916	0.3430657	0.2965517	
Brown Creeper	0.0324324	0.0113636	0.0095238	0.0142857	0.0243902	0.0185185	0.0254237	0.0285714	0.0285714	0.0614035	0.0140845	0.0182927	0.0191571	0.0659341	0.0511628	0.0495751	0.0573643	0.0478036	0.0575163	0.047619	0.0350877	0.0531915	0.0576	0.0362416	0.0417266	0.0407876	0.0456942	0.0385051	0.0741351	0.0532081	0.0494881	0.035503	0.0378788	0.0382848	0.0454545	0.0358566	0.0222222	0.0415225	0.022541	0.019573	0.0104439	0.0091185	0.018315	0.0111111	0.0318471	0.0	0.0145985	0.0275862	
Blue-gray Gnatcatcher	0.0	0.0	0.0	0.0	0.0	0.0	0.0	0.0	0.0	0.0	0.0	0.0	0.0	0.0	0.0	0.0	0.0031008	0.0	0.0052288	0.0021645	0.0015	0.0	0.0	0.0	0.0014388	0.0	0.0	0.0	0.0016474	0.0	0.0	0.0	0.0	0.0	0.0015674	0.0	0.0	0.0	0.0	0.0	0.0	0.0	0.0	0.0037037	0.0	0.0	0.0	0.0	
Rock Wren	0.0	0.0	0.0	0.0	0.0	0.0	0.0	0.0	0.0	0.0	0.0	0.0	0.0	0.0	0.0	0.0	0.0	0.0	0.0	0.0	0.0	0.0	0.0	0.0	0.0	0.0	0.0	0.0	0.0	0.0	0.0	0.0	0.0	0.0	0.0	0.0	0.0	0.0	0.0020492	0.0	0.0	0.0	0.0	0.0	0.0	0.0	0.0	0.0	
Northern House Wren	0.0	0.0	0.0	0.0	0.0	0.0	0.0	0.0	0.0	0.0	0.0	0.0	0.0	0.0	0.0	0.0042493	0.0031008	0.0180879	0.0431373	0.038961	0.0584795	0.0598404	0.0576	0.0469799	0.0345324	0.0379747	0.0439367	0.0237826	0.0313015	0.0234742	0.0187713	0.0272189	0.0132576	0.007657	0.0015674	0.0092961	0.0047619	0.0	0.0	0.0	0.0	0.0	0.0	0.0	0.0	0.0	0.0	0.0	
Winter Wren	0.0	0.0	0.0	0.0	0.0	0.0	0.0	0.0	0.0015	0.0	0.0	0.0015	0.0038314	0.0412088	0.0325581	0.0481586	0.0527132	0.0633075	0.0810458	0.0800866	0.0830409	0.1170213	0.128	0.0993289	0.0805755	0.0801688	0.0685413	0.0396376	0.0444811	0.0234742	0.0170648	0.0094675	0.0151515	0.007657	0.0141066	0.0265604	0.0174603	0.0207612	0.0143443	0.019573	0.0	0.0	0.0	0.0	0.0	0.0	0.0	0.0	
Sedge Wren	0.0	0.0	0.0	0.0	0.0	0.0	0.0	0.0	0.0	0.0	0.0	0.0	0.0	0.0	0.0	0.0	0.0	0.003876	0.0039216	0.002886	0.0105263	0.0146277	0.0112	0.0120805	0.0086331	0.0056259	0.0070299	0.0033975	0.0065898	0.0015649	0.0017065	0.0	0.0	0.0	0.0	0.001328	0.0031746	0.0	0.0	0.0	0.0	0.0	0.0	0.0	0.0	0.0	0.0	0.0	
Marsh Wren	0.0	0.0	0.0	0.0	0.0	0.0	0.0	0.0	0.0	0.0	0.0	0.0	0.0	0.0	0.0	0.0	0.0	0.0	0.0	0.0	0.0	0.0	0.0	0.0013423	0.0	0.0014065	0.0052724	0.0011325	0.0032949	0.0	0.0	0.0	0.0	0.0	0.0	0.0	0.0	0.0	0.0	0.0	0.0	0.0	0.0	0.0	0.0	0.0	0.0	0.0	
Carolina Wren	0.0	0.0	0.0	0.0	0.0	0.0	0.0	0.0142857	0.0	0.0	0.0	0.0	0.0	0.0	0.0	0.0	0.0	0.0	0.0	0.0	0.0	0.0	0.0	0.0	0.0	0.0	0.0	0.0	0.0	0.0	0.0	0.0	0.0	0.0	0.0	0.0	0.0	0.0	0.0015	0.0	0.0	0.0	0.0	0.0	0.0	0.0	0.0	0.0	
wren sp.	0.0	0.0	0.0	0.0	0.0	0.0	0.0	0.0	0.0	0.0	0.0	0.0	0.0	0.0	0.0	0.0	0.0	0.0	0.0	7.215E-4	0.0	0.0	0.0	0.0	0.0	0.0	0.0	0.002265	0.0	0.0	0.0	0.0011834	0.0	0.0	0.0	0.0	0.0	0.0017301	0.0	0.0	0.0	0.0	0.0	0.0	0.0	0.0	0.0	0.0	
European Starling	0.1081081	0.1477273	0.1428571	0.1071429	0.097561	0.0555556	0.1440678	0.1	0.1142857	0.1052632	0.1267606	0.1280488	0.1111111	0.1208791	0.0767442	0.1033994	0.0775194	0.0904393	0.0745098	0.0836941	0.1181287	0.1156915	0.1072	0.0832215	0.0776978	0.0675105	0.0544815	0.0532276	0.0411862	0.0375587	0.0409556	0.035503	0.0227273	0.0367534	0.0454545	0.0517928	0.047619	0.0311419	0.0409836	0.0747331	0.0887728	0.0699088	0.0915751	0.1074074	0.1210191	0.0903614	0.1094891	0.137931	
Gray Catbird	0.0	0.0	0.0	0.0	0.0	0.0	0.0	0.0	0.0	0.0	0.0	0.0060976	0.0	0.0	0.0	0.0	0.0015504	0.0219638	0.0797386	0.0894661	0.0795322	0.0864362	0.0784	0.0751678	0.0748201	0.0801688	0.0685413	0.0690827	0.0658979	0.0751174	0.0853242	0.0887574	0.0454545	0.0444104	0.0423197	0.0385126	0.0174603	0.0034602	0.0020492	0.0	0.0	0.0	0.0	0.0	0.0	0.0	0.0	0.0068966	
Brown Thrasher	0.0	0.0	0.0	0.0	0.0	0.0	0.0	0.0	0.0	0.0	0.0	0.0	0.0	0.0027473	0.0015	0.0169972	0.0356589	0.0594315	0.0575163	0.0505051	0.0573099	0.0691489	0.0528	0.0322148	0.0258993	0.0225035	0.026362	0.01359	0.0164745	0.0062598	0.0102389	0.0189349	0.0037879	0.007657	0.0	0.0	0.0015873	0.0	0.0	0.0	0.0	0.0	0.0	0.0	0.0	0.0	0.0	0.0	
Sage Thrasher	0.0	0.0	0.0	0.0	0.0	0.0	0.0	0.0	0.0	0.0	0.0	0.0	0.0	0.0	0.0	0.0	0.0	0.0	0.0	0.0	0.0	0.0	0.0	0.0	0.0	0.0	0.0	0.0	0.0	0.0	0.0	0.0015	0.0	0.0	0.0	0.0	0.0	0.0	0.0	0.0	0.0	0.0	0.0	0.0	0.0	0.0	0.0	0.0	
Northern Mockingbird	0.0	0.0	0.0	0.0	0.0	0.0	0.0	0.0	0.0	0.0	0.0	0.0	0.0	0.0	0.0	0.0	0.0015504	0.001292	0.0026144	0.010101	0.005848	0.0026596	0.0016	0.0	0.0	0.0014065	0.0035149	0.0015	0.0	0.0	0.003413	0.0	0.0	0.0	0.0	0.0	0.0	0.0017301	0.0	0.0	0.0015	0.0	0.0	0.0015	0.0	0.0	0.0	0.0	
Eastern Bluebird	0.0	0.0	0.0	0.0	0.0081301	0.0	0.0	0.0	0.0	0.0	0.0	0.0	0.0015	0.010989	0.0023256	0.0056657	0.0217054	0.0219638	0.0392157	0.0613276	0.0549708	0.0558511	0.064	0.0362416	0.0230216	0.0196906	0.029877	0.0203851	0.0181219	0.0219092	0.0221843	0.0153846	0.0151515	0.0137825	0.015674	0.0292165	0.0269841	0.017301	0.0040984	0.0	0.0015	0.0	0.0	0.0	0.0	0.0	0.0	0.0	
Mountain Bluebird	0.0	0.0	0.0	0.0	0.0	0.0	0.0	0.0	0.0	0.0	0.0	0.0	0.0	0.0	0.0	0.0	0.0	0.0	0.0	0.0	0.0	0.0	0.0	0.0	0.0	0.0	0.0	0.0	0.0	0.0	0.0	0.0	0.0	0.0	0.0	0.0	0.0	0.0	0.0	0.0	0.0	0.0	0.0	0.0518519	0.0063694	0.0060241	0.0	0.0	
Townsend's Solitaire	0.0108108	0.0	0.0015	0.0	0.0081301	0.0	0.0084746	0.0	0.0	0.0015	0.0	0.0	0.0	0.0	0.0	0.0	0.0	0.0	0.0	0.0	0.0	0.0	0.0	0.0	0.0	0.0	0.0	0.0	0.0	0.0	0.0	0.0	0.0	0.0	0.0	0.0	0.0	0.0015	0.0020492	0.0	0.0	0.0015	0.0015	0.0	0.0	0.0	0.0	0.0	
Varied Thrush	0.0015	0.0113636	0.0	0.0	0.0081301	0.0	0.0084746	0.0	0.0015	0.0	0.0	0.0	0.0	0.0	0.0	0.0	0.0	0.0	0.0	0.0	0.0	0.0	0.0	0.0	0.0	0.0	0.0	0.0	0.0	0.0	0.0	0.0	0.0	0.0	0.0	0.0	0.0	0.0017301	0.0	0.0	0.0	0.0	0.0	0.0	0.0	0.0015	0.0	0.0	
Veery	0.0	0.0	0.0	0.0	0.0	0.0	0.0	0.0	0.0	0.0	0.0	0.0	0.0	0.0	0.0	0.0	0.0	0.0103359	0.0614379	0.0873016	0.1181287	0.1103723	0.088	0.1100671	0.1093525	0.0759494	0.0474517	0.00906	0.0032949	0.0046948	0.0119454	0.0	0.0037879	0.0015314	0.0	0.0	0.0	0.0	0.0	0.0	0.0	0.0	0.0	0.0	0.0	0.0	0.0	0.0	
Gray-cheeked Thrush	0.0	0.0	0.0	0.0	0.0	0.0	0.0	0.0	0.0	0.0	0.0	0.0	0.0	0.0	0.0	0.0	0.0	0.002584	0.0065359	0.002886	0.0	0.0	0.0	0.0	0.0	0.0	0.0	0.0	0.0	0.0	0.0	0.0	0.0094697	0.0107198	0.0188088	0.0159363	0.0047619	0.0	0.0020492	0.0	0.0	0.0	0.0	0.0	0.0	0.0	0.0	0.0	
Swainson's Thrush	0.0	0.0	0.0	0.0	0.0	0.0	0.0	0.0	0.0	0.0	0.0	0.0	0.0	0.0	0.0	0.0015	0.0	0.0064599	0.0522876	0.0562771	0.0584795	0.0944149	0.104	0.0724832	0.0748201	0.0829817	0.059754	0.0260476	0.0164745	0.0093897	0.0015	0.0118343	0.0511364	0.1148545	0.0909091	0.0531208	0.0190476	0.0034602	0.0	0.0035587	0.0	0.0	0.0	0.0	0.0	0.0	0.0	0.0	
Hermit Thrush	0.0	0.0	0.0	0.0	0.0	0.0	0.0	0.0	0.0	0.0	0.0	0.0	0.0	0.0247253	0.0581395	0.0679887	0.0728682	0.0852713	0.1071895	0.1515152	0.1251462	0.1529255	0.1776	0.1744966	0.1913669	0.1490858	0.1564148	0.1121178	0.0939044	0.0406886	0.0204778	0.0260355	0.0492424	0.0490046	0.0470219	0.1075697	0.0698413	0.0743945	0.045082	0.0071174	0.002611	0.0	0.003663	0.0	0.0	0.0	0.0	0.0	
Catharus sp.	0.0	0.0	0.0	0.0	0.0	0.0	0.0	0.0	0.0	0.0	0.0	0.0	0.0	0.0	0.0	0.0	0.0015504	0.002584	0.0117647	0.0036075	0.0023392	0.0	0.0016	0.0013423	0.0028777	0.0014065	0.0017575	0.002265	0.0016474	0.0015649	0.0051195	0.0011834	0.0113636	0.0199081	0.0094044	0.0053121	0.0079365	0.0051903	0.0020492	0.0017794	0.0	0.0	0.0	0.0	0.0	0.0	0.0	0.0	
Wood Thrush	0.0	0.0	0.0	0.0	0.0	0.0	0.0	0.0	0.0	0.0	0.0	0.0	0.0	0.0	0.0	0.0	0.0015504	0.0077519	0.027451	0.034632	0.0327485	0.0199468	0.0176	0.0147651	0.0215827	0.0098453	0.0070299	0.00453	0.0049423	0.0	0.0	0.0015	0.0	0.0	0.0	0.0	0.0	0.0	0.0	0.0	0.0	0.0	0.0	0.0	0.0	0.0	0.0	0.0	
American Robin	0.0108108	0.0	0.0190476	0.0015	0.0	0.0092593	0.0169492	0.0142857	0.0380952	0.0526316	0.0915493	0.1463415	0.3563218	0.478022	0.5	0.4645892	0.4976744	0.4741602	0.4836601	0.549062	0.5497076	0.5571809	0.5488	0.5315436	0.4935252	0.4894515	0.4745167	0.3465459	0.3196046	0.2222222	0.1894198	0.1313609	0.094697	0.0918836	0.1285266	0.1527224	0.1603175	0.1453287	0.125	0.0996441	0.0417755	0.0121581	0.025641	0.0074074	0.0063694	0.0060241	0.0	0.0206897	
thrush sp.	0.0	0.0	0.0	0.0	0.0	0.0	0.0	0.0	0.0	0.0	0.0	0.0	0.0	0.0	0.0	0.0	0.0	0.0	0.0	0.0	0.0	0.0	0.0	0.0	0.0	0.0	0.0	0.0	0.0	0.0015649	0.0068259	0.0035503	0.0075758	0.0061256	0.0031348	0.0092961	0.0	0.0	0.0	0.0	0.0	0.0	0.0	0.0	0.0	0.0	0.0	0.0	
Northern Wheatear	0.0	0.0	0.0	0.0	0.0	0.0	0.0	0.0	0.0	0.0	0.0	0.0	0.0	0.0	0.0	0.0	0.0	0.0	0.0	0.0	0.0011696	0.0	0.0	0.0	0.0	0.0	0.0	0.0	0.0	0.0	0.0	0.0	0.0	0.0	0.0	0.0	0.0	0.0	0.0	0.0	0.0	0.0	0.0	0.0	0.0	0.0	0.0	0.0	
Bohemian Waxwing	0.0378378	0.0227273	0.0095238	0.0142857	0.0081301	0.0015	0.0	0.0	0.0	0.0175439	0.0	0.0060976	0.0	0.0	0.0	0.0015	0.0	0.0	0.0	0.0	0.0	0.0	0.0	0.0	0.0	0.0	0.0	0.0	0.0	0.0	0.0	0.0	0.0	0.0	0.0	0.0	0.0	0.0	0.0015	0.0035587	0.0313316	0.0455927	0.0512821	0.0222222	0.0318471	0.0240964	0.0072993	0.062069	
Cedar Waxwing	0.0324324	0.0015	0.0015	0.0142857	0.0081301	0.0092593	0.0254237	0.0	0.0095238	0.0087719	0.0	0.0015	0.0038314	0.0027473	0.0015	0.0014164	0.0031008	0.003876	0.0052288	0.0909091	0.1730994	0.2154255	0.2768	0.2483221	0.2935252	0.3488045	0.3427065	0.3227633	0.2800659	0.3333333	0.2952218	0.2201183	0.1325758	0.0842266	0.0485893	0.0517928	0.0095238	0.0224913	0.0122951	0.0124555	0.0078329	0.006079	0.010989	0.0	0.0	0.0060241	0.0072993	0.0015	
House Sparrow	0.0216216	0.0227273	0.0190476	0.0214286	0.0325203	0.0092593	0.059322	0.0142857	0.0285714	0.0263158	0.0352113	0.0060976	0.0114943	0.0054945	0.0069767	0.0042493	0.0046512	0.003876	0.0039216	0.0108225	0.019883	0.0159574	0.016	0.0120805	0.0115108	0.0196906	0.0193322	0.015855	0.014827	0.0140845	0.0102389	0.0047337	0.0037879	0.0091884	0.007837	0.001328	0.0111111	0.0069204	0.0081967	0.0142349	0.0261097	0.0091185	0.014652	0.0111111	0.0127389	0.0301205	0.0145985	0.0	
Eurasian Tree Sparrow	0.0	0.0	0.0	0.0	0.0	0.0	0.0	0.0	0.0	0.0	0.0	0.0	0.0	0.0	0.0069767	0.0014164	0.0	0.001292	0.0	0.0	0.0	0.0	0.0	0.0	0.0	0.0	0.0	0.0	0.0	0.0	0.0	0.0	0.0	0.0	0.0	0.0	0.0	0.0	0.0	0.0	0.0	0.0	0.0	0.0	0.0	0.0	0.0	0.0	
American Pipit	0.0	0.0	0.0	0.0	0.0	0.0	0.0	0.0	0.0	0.0	0.0	0.0	0.0	0.0	0.0	0.0014164	0.0015504	0.0219638	0.0287582	0.0093795	0.0035088	0.0026596	0.0016	0.0	0.0	0.0	0.0	0.0	0.0	0.0015	0.0	0.0015	0.0151515	0.0535988	0.0940439	0.1088977	0.052381	0.0484429	0.0389344	0.0177936	0.002611	0.0	0.0	0.0	0.0	0.0	0.0	0.0	
Common Chaffinch	0.0	0.0	0.0	0.0	0.0	0.0	0.0	0.0	0.0	0.0	0.0	0.0	0.0	0.0	0.0	0.0015	0.0015	0.0	0.0	0.0	0.0	0.0	0.0	0.0	0.0	0.0	0.0	0.0	0.0	0.0	0.0	0.0	0.0	0.0	0.0	0.0	0.0	0.0	0.0	0.0	0.0	0.0	0.0	0.0	0.0	0.0	0.0	0.0	
Evening Grosbeak	0.0054054	0.0113636	0.0095238	0.0285714	0.0015	0.0277778	0.0423729	0.0015	0.0095238	0.0015	0.0211268	0.0121951	0.0114943	0.0164835	0.0116279	0.0212465	0.0186047	0.0348837	0.0183007	0.0050505	0.0023392	0.0039894	0.008	0.0053691	0.0028777	0.0070323	0.0123023	0.0056625	0.0098847	0.0140845	0.003413	0.0015	0.0015	0.0015	0.0015674	0.0015	0.0	0.0034602	0.0081967	0.0053381	0.0234987	0.0303951	0.032967	0.0259259	0.0318471	0.0120482	0.0218978	0.0137931	
Pine Grosbeak	0.0972973	0.1363636	0.0761905	0.0642857	0.0162602	0.0648148	0.1355932	0.0285714	0.0666667	0.0350877	0.0070423	0.0060976	0.0	0.0	0.0015	0.0	0.0	0.0	0.0	0.0	0.0	0.0	0.0	0.0	0.0	0.0	0.0	0.0	0.0	0.0	0.0	0.0	0.0	0.0	0.0	0.0	0.0	0.0	0.0	0.0071174	0.0339426	0.0395137	0.0732601	0.1	0.0573248	0.0662651	0.1021898	0.137931	
House Finch	0.0	0.0	0.0095238	0.0	0.0	0.0	0.0169492	0.0142857	0.0	0.0	0.0	0.0015	0.0076628	0.0027473	0.0	0.0014164	0.0015	0.005168	0.0013072	0.0021645	0.0015	0.0013298	0.0048	0.0040268	0.0086331	0.0070323	0.0035149	0.0033975	0.0065898	0.0093897	0.0017065	0.0011834	0.0018939	0.0015314	0.0015674	0.0039841	0.0015	0.0	0.0	0.0017794	0.0	0.0	0.0	0.0	0.0	0.0	0.0	0.0	
Purple Finch	0.0162162	0.0015	0.0095238	0.0071429	0.0162602	0.0185185	0.0084746	0.0	0.0015	0.0087719	0.028169	0.0182927	0.0268199	0.0824176	0.0837209	0.1416431	0.1472868	0.121447	0.1084967	0.1125541	0.0760234	0.0890957	0.1008	0.0805369	0.0863309	0.0801688	0.0755712	0.0577576	0.0906096	0.086072	0.0699659	0.0544379	0.0340909	0.0352221	0.0219436	0.0371846	0.0238095	0.0432526	0.0512295	0.0409253	0.0261097	0.0121581	0.018315	0.0074074	0.0063694	0.0015	0.0145985	0.0137931	
House/Purple Finch	0.0	0.0113636	0.0	0.0	0.0	0.0092593	0.0084746	0.0	0.0	0.0	0.0	0.0	0.0	0.0	0.0	0.0	0.0031008	0.002584	0.0	7.215E-4	0.0	0.0	0.0	0.0	0.0	0.0	0.0	0.0	0.0016474	0.0015649	0.0017065	0.0	0.0037879	0.0	0.0	0.0	0.0	0.0	0.0	0.0	0.0	0.0	0.0	0.0037037	0.0	0.0	0.0	0.0	
Redpoll	0.0540541	0.0568182	0.047619	0.05	0.0325203	0.1203704	0.2033898	0.0857143	0.1142857	0.0438596	0.028169	0.0121951	0.0498084	0.0549451	0.0511628	0.0169972	0.0077519	0.0	0.0	0.0	0.0	0.0	0.0	0.0	0.0	0.0	0.0	0.0	0.0	0.0	0.0	0.0	0.0	0.0	0.0	0.0	0.0	0.0015	0.0081967	0.0427046	0.0678851	0.0911854	0.1135531	0.1	0.089172	0.0481928	0.0656934	0.0551724	
Red Crossbill	0.0162162	0.0015	0.0015	0.0142857	0.0015	0.0092593	0.0084746	0.0015	0.0015	0.0175439	0.0070423	0.0060976	0.0	0.0	0.0046512	0.0014164	0.0077519	0.0015	0.0039216	0.002886	0.0035088	0.0093085	0.0128	0.0067114	0.0100719	0.0070323	0.0035149	0.0079275	0.014827	0.0234742	0.0085324	0.0023669	0.0015	0.0015314	0.0047022	0.0092961	0.0	0.0069204	0.0020492	0.0053381	0.002611	0.0	0.003663	0.0111111	0.0063694	0.0	0.0218978	0.0137931	
White-winged Crossbill	0.027027	0.0113636	0.0095238	0.0357143	0.0406504	0.0462963	0.0015	0.0015	0.0095238	0.0350877	0.0070423	0.0015	0.0038314	0.0	0.0023256	0.0014164	0.0015504	0.001292	0.0015	0.0021645	0.0	0.0026596	0.0064	0.0040268	0.0014388	0.0042194	0.0015	0.0011325	0.0015	0.0062598	0.0085324	0.0011834	0.0	0.0	0.0015	0.001328	0.0	0.0034602	0.0061475	0.0071174	0.0156658	0.006079	0.003663	0.0037037	0.0127389	0.0120482	0.0145985	0.0206897	
crossbill sp.	0.0	0.0	0.0	0.0	0.0	0.0	0.0	0.0	0.0	0.0	0.0	0.0	0.0	0.0	0.0	0.0	0.0	0.0	0.0	0.0	0.0011696	0.0	0.0	0.0	0.0	0.0	0.0	0.0	0.0	0.0	0.0	0.0	0.0	0.0	0.0	0.0	0.0	0.0	0.0	0.0	0.0	0.0	0.003663	0.0	0.0	0.0	0.0	0.0	
European Goldfinch	0.0	0.0	0.0	0.0	0.0	0.0	0.0	0.0	0.0	0.0	0.0	0.0	0.0	0.0	0.0	0.0	0.0	0.0	0.0	0.0	0.0	0.0	0.0	0.0	0.0	0.0	0.0	0.0	0.0	0.0	0.0	0.0	0.0	0.0	0.0	0.0	0.0	0.0	0.0	0.0	0.0	0.0	0.0	0.0	0.0	0.0	0.0145985	0.0	
Pine Siskin	0.0108108	0.0340909	0.0190476	0.0857143	0.1056911	0.0925926	0.1440678	0.1285714	0.1714286	0.1929825	0.0915493	0.0609756	0.0574713	0.0604396	0.0697674	0.0665722	0.0697674	0.0297158	0.0640523	0.04329	0.0280702	0.0359043	0.0368	0.0053691	0.0057554	0.0056259	0.0158172	0.0101925	0.0197694	0.0140845	0.0187713	0.0094675	0.0094697	0.0137825	0.0360502	0.0424967	0.0301587	0.0397924	0.057377	0.0320285	0.0234987	0.0364742	0.0512821	0.0074074	0.0191083	0.0421687	0.0437956	0.0344828	
American Goldfinch	0.0324324	0.0909091	0.1238095	0.1214286	0.1463415	0.1481481	0.2118644	0.1	0.1428571	0.0789474	0.1126761	0.0731707	0.0766284	0.0961538	0.0837209	0.121813	0.1612403	0.2390181	0.2901961	0.3051948	0.2409357	0.2579787	0.296	0.2483221	0.276259	0.2630098	0.2776801	0.3001133	0.306425	0.3004695	0.2832765	0.2591716	0.2159091	0.1837672	0.1473354	0.0916335	0.0730159	0.0536332	0.0635246	0.1192171	0.1357702	0.1550152	0.1282051	0.1148148	0.1273885	0.1144578	0.1386861	0.1034483	
finch sp.	0.0	0.0	0.0	0.0285714	0.0162602	0.0092593	0.0	0.0142857	0.0095238	0.0350877	0.0070423	0.0	0.0191571	0.0054945	0.0069767	0.0014164	0.0077519	0.002584	0.0039216	7.215E-4	0.0046784	0.0013298	0.0016	0.0	0.0	0.0	0.0	0.0033975	0.0032949	0.0	0.003413	0.0	0.0018939	0.0061256	0.0047022	0.0039841	0.0079365	0.0051903	0.0102459	0.019573	0.0339426	0.0243161	0.018315	0.0185185	0.0127389	0.0120482	0.0	0.0206897	
Lapland Longspur	0.0	0.0	0.0	0.0	0.0	0.0	0.0	0.0	0.0	0.0	0.0	0.0	0.0015	0.0027473	0.0	0.0014164	0.0	0.001292	0.0052288	0.0	0.0	0.0	0.0	0.0	0.0	0.0	0.0	0.0	0.0	0.0	0.0	0.0	0.0015	0.007657	0.0219436	0.0305445	0.031746	0.0588235	0.0614754	0.0569395	0.0130548	0.006079	0.0	0.0	0.0	0.0	0.0	0.0	
Chestnut-collared Longspur	0.0	0.0	0.0	0.0	0.0	0.0	0.0	0.0	0.0	0.0	0.0	0.0	0.0	0.0	0.0	0.0	0.0	0.0	0.0	0.0	0.0	0.0	0.0	0.0	0.0	0.0	0.0	0.0	0.0	0.0	0.0	0.0	0.0	0.0	0.0	0.0	0.0	0.0015	0.0	0.0017794	0.0	0.0	0.0	0.0	0.0	0.0	0.0	0.0	
Smith's Longspur	0.0	0.0	0.0	0.0	0.0	0.0	0.0	0.0	0.0	0.0	0.0	0.0	0.0	0.0	0.0	0.0	0.0	0.0	0.0	0.0	0.0	0.0	0.0	0.0	0.0	0.0	0.0	0.0	0.0	0.0	0.0	0.0	0.0	0.0015	0.0	0.0	0.0	0.0	0.0	0.0	0.0	0.0	0.0	0.0	0.0	0.0	0.0	0.0	
Snow Bunting	0.0	0.0113636	0.0	0.0142857	0.0081301	0.0092593	0.0084746	0.0	0.0	0.0175439	0.0140845	0.0304878	0.0229885	0.021978	0.0139535	0.0212465	0.0108527	0.001292	0.0026144	0.0	0.0	0.0	0.0	0.0015	0.0	0.0	0.0	0.0	0.0	0.0	0.0	0.0	0.0	0.0	0.0	0.0	0.0015873	0.0138408	0.1209016	0.3007117	0.232376	0.1519757	0.0769231	0.0148148	0.0063694	0.0015	0.0145985	0.0068966	
Grasshopper Sparrow	0.0	0.0	0.0	0.0	0.0	0.0	0.0	0.0	0.0	0.0	0.0	0.0	0.0	0.0	0.0	0.0	0.0	0.003876	0.0039216	0.0122655	0.0187135	0.0199468	0.024	0.0228188	0.0158273	0.0028129	0.0158172	0.002265	0.0	0.0	0.0017065	0.0015	0.0	0.0	0.0	0.0	0.0	0.0	0.0	0.0	0.0	0.0	0.0	0.0	0.0	0.0	0.0	0.0	
Chipping Sparrow	0.0	0.0	0.0	0.0	0.0	0.0	0.0	0.0	0.0	0.0	0.0	0.0	0.0	0.0027473	0.0186047	0.0623229	0.124031	0.1912145	0.2143791	0.2409812	0.1988304	0.206117	0.2048	0.1932886	0.1640288	0.1561181	0.1757469	0.0951302	0.1021417	0.0923318	0.0648464	0.0745562	0.0549242	0.0719755	0.0423197	0.0504648	0.0333333	0.0121107	0.0061475	0.0	0.0	0.0030395	0.003663	0.0	0.0	0.0	0.0	0.0	
Clay-colored Sparrow	0.0	0.0	0.0	0.0	0.0	0.0	0.0	0.0	0.0	0.0	0.0	0.0	0.0	0.0	0.0	0.0014164	0.0155039	0.0413437	0.0457516	0.04329	0.0479532	0.0731383	0.0512	0.0416107	0.0460432	0.0309423	0.056239	0.0294451	0.014827	0.0172144	0.0221843	0.0236686	0.0113636	0.0091884	0.007837	0.0146082	0.0126984	0.0	0.0	0.0	0.0	0.0030395	0.0	0.0	0.0	0.0	0.0	0.0	
Field Sparrow	0.0	0.0	0.0	0.0	0.0	0.0	0.0	0.0	0.0	0.0	0.0	0.0	0.0	0.0	0.0	0.0	0.0015504	0.0	0.0039216	0.0050505	0.005848	0.0053191	0.0176	0.0053691	0.0043165	0.0028129	0.0052724	0.0033975	0.0032949	0.0	0.0	0.0011834	0.0018939	0.0	0.0062696	0.001328	0.0	0.0	0.0	0.0	0.0	0.0	0.0	0.0	0.0	0.0	0.0	0.0	
Lark Sparrow	0.0	0.0	0.0	0.0	0.0	0.0	0.0	0.0	0.0	0.0	0.0	0.0	0.0	0.0	0.0	0.0	0.0015	0.0	0.0	7.215E-4	0.0	0.0	0.0	0.0	0.0	0.0	0.0	0.0	0.0	0.0	0.0	0.0	0.0	0.0015314	0.0	0.0	0.0	0.0	0.0	0.0	0.0	0.0	0.0	0.0	0.0	0.0	0.0	0.0	
Lark Bunting	0.0	0.0	0.0	0.0	0.0	0.0	0.0	0.0	0.0	0.0	0.0	0.0	0.0	0.0	0.0	0.0	0.0	0.0	0.0026144	0.0	0.0	0.0	0.0	0.0	0.0	0.0	0.0	0.0	0.0	0.0	0.0	0.0	0.0	0.0	0.0	0.0	0.0	0.0	0.0	0.0	0.0	0.0	0.0	0.0	0.0	0.0	0.0	0.0	
American Tree Sparrow	0.0054054	0.0	0.0095238	0.0142857	0.0	0.0	0.0254237	0.0	0.0	0.0263158	0.0422535	0.0426829	0.0574713	0.1126374	0.1209302	0.121813	0.0573643	0.0271318	0.0	0.0	0.0	0.0	0.0	0.0	0.0	0.0	0.0	0.0	0.0	0.0	0.0	0.0	0.0	0.0	0.0015674	0.001328	0.0190476	0.150519	0.1946721	0.1939502	0.0626632	0.0395137	0.007326	0.0037037	0.0063694	0.0	0.0072993	0.0015	
Fox Sparrow	0.0	0.0	0.0	0.0	0.0	0.0	0.0	0.0	0.0	0.0	0.0	0.0	0.0153257	0.0247253	0.0488372	0.0339943	0.0015	0.002584	0.0	0.0	0.0	0.0	0.0	0.0	0.0	0.0	0.0	0.0	0.0	0.0	0.0	0.0	0.0018939	0.0	0.0015674	0.0106242	0.0031746	0.0224913	0.022541	0.0106762	0.0	0.0030395	0.003663	0.0	0.0	0.0	0.0	0.0	
Dark-eyed Junco	0.0216216	0.0113636	0.0380952	0.0428571	0.0325203	0.0277778	0.1016949	0.0	0.0	0.0175439	0.0492958	0.054878	0.1072797	0.228022	0.2488372	0.1671388	0.1085271	0.0568475	0.0117647	0.0137085	0.0163743	0.0265957	0.0304	0.009396	0.0143885	0.02391	0.0193322	0.0124575	0.0065898	0.0172144	0.0102389	0.008284	0.0056818	0.0352221	0.0783699	0.1208499	0.1619048	0.2629758	0.2336066	0.1779359	0.1018277	0.1155015	0.0622711	0.0222222	0.0191083	0.0180723	0.0364964	0.0068966	
White-crowned Sparrow	0.0	0.0	0.0	0.0	0.0	0.0	0.0	0.0	0.0	0.0	0.0	0.0	0.0	0.0	0.0	0.0056657	0.0511628	0.127907	0.1098039	0.040404	0.0	0.0	0.0	0.0	0.0	0.0	0.0	0.0	0.0	0.0015	0.0	0.0023669	0.0056818	0.0045942	0.0532915	0.1367862	0.1857143	0.1453287	0.0983607	0.0266904	0.0052219	0.0030395	0.003663	0.0037037	0.0	0.0	0.0	0.0	
Harris's Sparrow	0.0	0.0	0.0	0.0	0.0	0.0	0.0	0.0	0.0	0.0	0.0	0.0	0.0	0.0	0.0	0.0	0.0	0.0	0.0015	0.0	0.0	0.0	0.0	0.0	0.0	0.0	0.0	0.0	0.0	0.0	0.0	0.0	0.0	0.0	0.0047022	0.002656	0.0079365	0.017301	0.0102459	0.0	0.0	0.0	0.0	0.0	0.0	0.0	0.0	0.0	
White-throated Sparrow	0.0	0.0	0.0	0.0	0.0081301	0.0	0.0	0.0	0.0	0.0	0.0	0.0	0.0	0.010989	0.0418605	0.1175637	0.1627907	0.2028424	0.2326797	0.2467532	0.1859649	0.1968085	0.2208	0.1812081	0.1510791	0.1097046	0.1370826	0.1234428	0.1021417	0.0516432	0.0682594	0.0568047	0.0738636	0.1209801	0.137931	0.1938911	0.1380952	0.0865052	0.0594262	0.024911	0.002611	0.006079	0.0	0.0037037	0.0	0.0060241	0.0145985	0.0015	
Vesper Sparrow	0.0	0.0	0.0	0.0	0.0	0.0	0.0	0.0	0.0	0.0	0.0	0.0	0.0	0.0054945	0.0069767	0.0070822	0.0139535	0.0116279	0.0104575	0.0151515	0.0187135	0.0332447	0.0272	0.0174497	0.018705	0.0140647	0.0210896	0.0033975	0.0032949	0.0031299	0.0068259	0.0071006	0.0037879	0.0045942	0.0	0.0106242	0.0063492	0.0069204	0.0	0.0017794	0.0	0.0	0.0	0.0	0.0	0.0	0.0	0.0	
LeConte's Sparrow	0.0	0.0	0.0	0.0	0.0	0.0	0.0	0.0	0.0	0.0	0.0	0.0	0.0	0.0	0.0	0.0	0.0	0.0015	0.0026144	7.215E-4	0.0015	0.0013298	0.0016	0.0	0.0	0.0	0.0	0.0	0.0	0.0	0.0	0.0	0.0015	0.0045942	0.0015	0.001328	0.0	0.0017301	0.0020492	0.0	0.0	0.0	0.0	0.0	0.0	0.0	0.0	0.0	
Nelson's Sparrow	0.0	0.0	0.0	0.0	0.0	0.0	0.0	0.0	0.0	0.0	0.0	0.0	0.0	0.0	0.0	0.0	0.0	0.0	0.0	0.0	0.0	0.0	0.0	0.0	0.0	0.0	0.0	0.0	0.0	0.0	0.0	0.0	0.0	0.0	0.0	0.001328	0.0	0.0	0.0	0.0	0.0	0.0	0.0	0.0	0.0	0.0	0.0	0.0	
Savannah Sparrow	0.0	0.0	0.0	0.0	0.0	0.0	0.0	0.0	0.0	0.0	0.0	0.0	0.0	0.0027473	0.0023256	0.0226629	0.0434109	0.0542636	0.0797386	0.0728716	0.0631579	0.0731383	0.0816	0.0671141	0.0892086	0.0534459	0.0474517	0.0271801	0.0131796	0.0219092	0.0187713	0.0366864	0.0378788	0.0643185	0.0611285	0.0730412	0.0396825	0.0121107	0.0040984	0.0035587	0.0	0.0	0.0	0.0	0.0	0.0	0.0	0.0	
Song Sparrow	0.0	0.0	0.0	0.0	0.0	0.0	0.0	0.0	0.0	0.0	0.0070423	0.0	0.1800766	0.3296703	0.344186	0.4249292	0.3643411	0.3410853	0.4052288	0.4227994	0.4339181	0.4335106	0.4672	0.4966443	0.5151079	0.4739803	0.4885764	0.412231	0.2899506	0.2222222	0.1723549	0.1360947	0.1079545	0.143951	0.1363636	0.1686587	0.1285714	0.0882353	0.0348361	0.0177936	0.002611	0.0	0.0	0.0	0.0	0.0	0.0	0.0	
Lincoln's Sparrow	0.0	0.0	0.0	0.0	0.0	0.0	0.0	0.0	0.0	0.0	0.0	0.0	0.0	0.0	0.0	0.0	0.0077519	0.0206718	0.0379085	0.015873	0.0105263	0.0066489	0.0048	0.0040268	0.0086331	0.0056259	0.0105448	0.00453	0.0032949	0.0078247	0.0051195	0.0118343	0.0265152	0.050536	0.0438871	0.063745	0.0603175	0.0449827	0.0061475	0.0	0.0	0.0	0.0	0.0	0.0	0.0	0.0	0.0	
Swamp Sparrow	0.0	0.0	0.0	0.0	0.0	0.0	0.0	0.0	0.0	0.0	0.0	0.0	0.0	0.0027473	0.0046512	0.0410765	0.0651163	0.1059432	0.1045752	0.1096681	0.0888889	0.1196809	0.1216	0.1275168	0.1007194	0.0914205	0.1089631	0.0985277	0.0840198	0.0453834	0.0273038	0.0378698	0.0416667	0.0704441	0.0532915	0.1062417	0.1	0.0761246	0.0368852	0.019573	0.002611	0.0	0.0	0.0	0.0	0.0	0.0	0.0	
Spotted Towhee	0.0	0.0	0.0	0.0	0.0	0.0	0.0	0.0	0.0	0.0	0.0	0.0	0.0	0.0	0.0	0.0	0.0	0.0	0.0	0.0015	0.0	0.0	0.0	0.0	0.0	0.0	0.0	0.0	0.0	0.0	0.0	0.0	0.0	0.0	0.0	0.0015	0.0	0.0	0.0	0.0	0.0	0.0	0.0	0.0	0.0	0.0	0.0	0.0	
Eastern Towhee	0.0	0.0	0.0	0.0	0.0	0.0	0.0	0.0142857	0.0	0.0	0.0	0.0	0.0	0.0	0.0	0.0	0.0046512	0.003876	0.0104575	0.015873	0.0105263	0.0172872	0.0176	0.0134228	0.0086331	0.0084388	0.0105448	0.0033975	0.0065898	0.0015649	0.0	0.0	0.0	0.0015314	0.0015674	0.0	0.0015873	0.0017301	0.0	0.0	0.0	0.0	0.0	0.0	0.0	0.0	0.0	0.0	
new world sparrow sp.	0.0	0.0	0.0	0.0	0.0	0.0	0.0	0.0	0.0	0.0	0.0	0.0060976	0.0038314	0.0164835	0.0139535	0.0254958	0.0372093	0.0516796	0.0562092	0.0295815	0.019883	0.0212766	0.0096	0.0120805	0.0258993	0.0295359	0.0439367	0.0577576	0.0560132	0.0453834	0.0443686	0.0639053	0.0776515	0.0918836	0.1253918	0.1314741	0.1301587	0.0709343	0.0614754	0.0320285	0.0208877	0.0121581	0.0	0.0	0.0	0.0	0.0	0.0	
Yellow-breasted Chat	0.0	0.0	0.0	0.0	0.0	0.0	0.0	0.0	0.0	0.0	0.0	0.0	0.0	0.0	0.0	0.0	0.0	0.0015	0.0	0.0	0.0	0.0	0.0	0.0	0.0	0.0	0.0	0.0	0.0	0.0	0.0	0.0	0.0	0.0	0.0	0.0	0.0	0.0	0.0	0.0	0.0	0.0	0.0	0.0	0.0	0.0	0.0	0.0	
Yellow-headed Blackbird	0.0	0.0	0.0	0.0	0.0	0.0	0.0	0.0	0.0	0.0	0.0	0.0	0.0	0.0	0.0	0.0015	0.0	0.0	0.0013072	7.215E-4	0.0015	0.0	0.0	0.0	0.0	0.0	0.0	0.0	0.0	0.0	0.0	0.0	0.0018939	0.0	0.0	0.0	0.0	0.0	0.0	0.0	0.0	0.0	0.0	0.0	0.0	0.0	0.0	0.0	
Bobolink	0.0	0.0	0.0	0.0	0.0	0.0	0.0	0.0	0.0	0.0	0.0	0.0	0.0	0.0	0.0	0.0	0.0	0.0077519	0.0091503	0.024531	0.0538012	0.0664894	0.056	0.042953	0.0172662	0.0098453	0.0123023	0.00453	0.0049423	0.0015649	0.0017065	0.0011834	0.0	0.0015	0.0015674	0.001328	0.0	0.0	0.0	0.0	0.0	0.0	0.0	0.0	0.0	0.0	0.0	0.0	
Western Meadowlark	0.0	0.0	0.0	0.0	0.0	0.0	0.0	0.0	0.0	0.0	0.0	0.0	0.0	0.0	0.0	0.0	0.0	0.001292	0.0	7.215E-4	0.0093567	0.0026596	0.0064	0.0	0.0115108	0.0014065	0.0052724	0.0	0.0	0.0	0.0	0.0	0.0	0.0	0.0	0.0	0.0	0.0	0.0	0.0	0.0	0.0	0.0	0.0	0.0	0.0	0.0	0.0	
Eastern Meadowlark	0.0	0.0	0.0	0.0	0.0	0.0	0.0	0.0	0.0	0.0	0.0	0.0015	0.0038314	0.010989	0.0186047	0.0169972	0.0124031	0.0090439	0.0130719	0.0180375	0.0292398	0.0199468	0.0256	0.0134228	0.0172662	0.0070323	0.0035149	0.0056625	0.0016474	0.0015649	0.0017065	0.0047337	0.0018939	0.0015314	0.0015674	0.0015	0.0	0.0	0.0	0.0015	0.0	0.0	0.0	0.0	0.0	0.0	0.0	0.0	
Western/Eastern Meadowlark	0.0	0.0	0.0	0.0	0.0	0.0	0.0	0.0	0.0	0.0	0.0	0.0060976	0.0	0.0015	0.0	0.0	0.0015504	0.001292	0.0	7.215E-4	0.0011696	0.0	0.0016	0.0	0.0014388	0.0014065	0.0	0.0	0.0	0.0	0.0	0.0011834	0.0	0.0	0.0	0.0	0.0	0.0015	0.0	0.0	0.0	0.0	0.0	0.0	0.0	0.0	0.0	0.0	
Orchard Oriole	0.0	0.0	0.0	0.0	0.0	0.0	0.0	0.0	0.0	0.0	0.0	0.0	0.0	0.0	0.0	0.0	0.0	0.0015	0.0013072	0.0	0.0	0.0026596	0.0	0.0	0.0	0.0	0.0	0.0	0.0	0.0	0.0	0.0011834	0.0	0.0	0.0	0.0	0.0	0.0	0.0	0.0	0.0	0.0	0.0	0.0	0.0	0.0	0.0	0.0	
Baltimore Oriole	0.0	0.0	0.0	0.0	0.0	0.0	0.0	0.0	0.0	0.0	0.0	0.0	0.0	0.0	0.0	0.0	0.0	0.0129199	0.0496732	0.0606061	0.0526316	0.0531915	0.0608	0.0308725	0.0201439	0.0098453	0.0175747	0.00453	0.0098847	0.0109546	0.0153584	0.0118343	0.0	0.0	0.0	0.0	0.0	0.0	0.0	0.0	0.0	0.0	0.0	0.0	0.0	0.0	0.0	0.0	
Red-winged Blackbird	0.0	0.0	0.0	0.0	0.0081301	0.0	0.0	0.0	0.0	0.0701754	0.1549296	0.1646341	0.2681992	0.271978	0.2348837	0.2875354	0.3364341	0.3268734	0.330719	0.3080808	0.322807	0.3125	0.2688	0.2577181	0.247482	0.2039381	0.202109	0.1438279	0.1120264	0.0782473	0.0358362	0.0177515	0.0037879	0.0045942	0.0062696	0.0132802	0.0111111	0.0121107	0.0184426	0.0124555	0.002611	0.0243161	0.007326	0.0	0.0191083	0.0	0.0	0.0068966	
Brown-headed Cowbird	0.0	0.0	0.0	0.0	0.0	0.0	0.0	0.0	0.0	0.0	0.0	0.0	0.0229885	0.0521978	0.0465116	0.0665722	0.0511628	0.0322997	0.0352941	0.038961	0.0362573	0.037234	0.0272	0.0187919	0.018705	0.0154712	0.0052724	0.0	0.0016474	0.0015	0.0017065	0.0	0.0018939	0.0	0.0031348	0.0	0.0015873	0.0	0.0	0.0	0.0	0.0	0.0	0.0	0.0	0.0	0.0	0.0	
Rusty Blackbird	0.0	0.0	0.0	0.0	0.0	0.0	0.0	0.0	0.0	0.0	0.0	0.0	0.0038314	0.010989	0.0162791	0.0226629	0.0077519	0.003876	0.0026144	0.0	0.0	0.0	0.0	0.0	0.0	0.0	0.0	0.0	0.0	0.0	0.0	0.0	0.0015	0.0091884	0.0047022	0.0225764	0.0365079	0.0363322	0.057377	0.0355872	0.002611	0.006079	0.0	0.0	0.0	0.0	0.0072993	0.0	
Brewer's Blackbird	0.0	0.0	0.0	0.0	0.0	0.0	0.0	0.0	0.0	0.0	0.0	0.0	0.0	0.0	0.0	0.0056657	0.0046512	0.003876	0.0026144	0.005772	0.0046784	0.0066489	0.008	0.0026846	0.0057554	0.0056259	0.0105448	0.0011325	0.0	0.0	0.0	0.0	0.0	0.0	0.0	0.002656	0.0	0.0	0.0	0.0	0.0	0.0	0.0	0.0	0.0	0.0	0.0	0.0	
Rusty/Brewer's Blackbird	0.0	0.0	0.0	0.0	0.0	0.0	0.0	0.0	0.0	0.0	0.0	0.0	0.0	0.0	0.0	0.0	0.0	0.001292	0.0	0.0	0.0	0.0	0.0016	0.0	0.0	0.0014065	0.0	0.0	0.0	0.0	0.0	0.0	0.0	0.0	0.0015674	0.0	0.0	0.0	0.0	0.0	0.0	0.0	0.0	0.0	0.0	0.0	0.0	0.0	
Common Grackle	0.0054054	0.0	0.0	0.0	0.0081301	0.0	0.0169492	0.0	0.0	0.0175439	0.0915493	0.1097561	0.2413793	0.2335165	0.2209302	0.2450425	0.2356589	0.2583979	0.2457516	0.2373737	0.2795322	0.2566489	0.2336	0.2	0.1496403	0.1125176	0.1107206	0.0577576	0.062603	0.0359937	0.0375427	0.0426036	0.0189394	0.0137825	0.0188088	0.0199203	0.0174603	0.0155709	0.0143443	0.0124555	0.002611	0.0151976	0.007326	0.0074074	0.0318471	0.0060241	0.0	0.0206897	
grackle sp.	0.0	0.0	0.0	0.0	0.0	0.0	0.0	0.0	0.0	0.0	0.0	0.0	0.0	0.0027473	0.0	0.0	0.0	0.0	0.0	0.0	0.0	0.0	0.0	0.0	0.0	0.0	0.0	0.0	0.0	0.0	0.0	0.0	0.0	0.0	0.0	0.0	0.0	0.0	0.0	0.0	0.0	0.0	0.0	0.0	0.0	0.0	0.0	0.0	
blackbird sp.	0.0	0.0	0.0	0.0	0.0	0.0	0.0	0.0	0.0	0.0	0.0	0.0	0.0153257	0.0192308	0.0395349	0.0580737	0.0666667	0.0503876	0.0418301	0.0194805	0.0128655	0.018617	0.0176	0.0147651	0.0330935	0.0196906	0.0228471	0.0192525	0.0247117	0.0031299	0.0238908	0.0130178	0.0037879	0.0091884	0.0062696	0.0053121	0.0142857	0.0034602	0.022541	0.0035587	0.0	0.006079	0.0	0.0	0.0	0.0	0.0	0.0	
Ovenbird	0.0	0.0	0.0	0.0	0.0	0.0	0.0	0.0	0.0	0.0	0.0	0.0	0.0	0.0	0.0	0.0	0.0186047	0.0633075	0.2313725	0.3253968	0.3122807	0.331117	0.2944	0.2657718	0.1913669	0.1518987	0.0773286	0.0203851	0.0263591	0.0406886	0.0204778	0.0201183	0.0227273	0.0183767	0.0062696	0.0	0.0	0.0017301	0.0	0.0	0.0	0.0	0.0015	0.0	0.0	0.0	0.0	0.0	
Northern Waterthrush	0.0	0.0	0.0	0.0	0.0	0.0	0.0	0.0	0.0	0.0	0.0	0.0	0.0	0.0	0.0	0.0014164	0.027907	0.0671835	0.0901961	0.0923521	0.0631579	0.0505319	0.0432	0.0214765	0.018705	0.0070323	0.0123023	0.011325	0.0065898	0.0203443	0.0136519	0.008284	0.0113636	0.0061256	0.0031348	0.001328	0.0031746	0.0	0.0	0.0	0.0	0.0	0.0	0.0	0.0	0.0	0.0	0.0	
Louisiana/Northern Waterthrush	0.0	0.0	0.0	0.0	0.0	0.0	0.0	0.0	0.0	0.0	0.0	0.0	0.0	0.0	0.0	0.0	0.0	0.0	0.0	0.0	0.0	0.0	0.0	0.0	0.0	0.0	0.0	0.0011325	0.0	0.0015649	0.0	0.0	0.0	0.0	0.0	0.0	0.0	0.0	0.0	0.0	0.0	0.0	0.0	0.0	0.0	0.0	0.0	0.0	
Golden-winged Warbler	0.0	0.0	0.0	0.0	0.0	0.0	0.0	0.0	0.0	0.0	0.0	0.0	0.0	0.0	0.0	0.0	0.0	0.001292	0.0013072	0.007215	0.0046784	0.0106383	0.008	0.0040268	0.0086331	0.0014065	0.0017575	0.006795	0.0049423	0.0031299	0.0015	0.0035503	0.0	0.0	0.0	0.0	0.0	0.0	0.0	0.0	0.0	0.0	0.0	0.0	0.0	0.0	0.0	0.0	
Blue-winged Warbler	0.0	0.0	0.0	0.0	0.0	0.0	0.0	0.0	0.0	0.0	0.0	0.0	0.0	0.0	0.0	0.0	0.0	0.001292	0.0	7.215E-4	0.0	0.0026596	0.0016	0.0013423	0.0014388	0.0	0.0	0.0	0.0	0.0	0.0	0.0	0.0	0.0	0.0	0.0	0.0	0.0	0.0	0.0	0.0	0.0	0.0	0.0	0.0	0.0	0.0	0.0	
Brewster's Warbler (hybrid)	0.0	0.0	0.0	0.0	0.0	0.0	0.0	0.0	0.0	0.0	0.0	0.0	0.0	0.0	0.0	0.0	0.0	0.0	0.0	0.001443	0.0011696	0.0	0.0032	0.0	0.0	0.0	0.0	0.0	0.0	0.0015649	0.0	0.0	0.0015	0.0	0.0	0.0	0.0	0.0	0.0	0.0	0.0	0.0	0.0	0.0	0.0	0.0	0.0	0.0	
Golden-winged/Blue-winged Warbler	0.0	0.0	0.0	0.0	0.0	0.0	0.0	0.0	0.0	0.0	0.0	0.0	0.0	0.0	0.0	0.0	0.0	0.0	0.0	0.0	0.0011696	0.0	0.0	0.0	0.0	0.0	0.0	0.0	0.0	0.0	0.0	0.0	0.0	0.0015	0.0	0.0	0.0	0.0	0.0	0.0	0.0	0.0	0.0	0.0	0.0	0.0	0.0	0.0	
Black-and-white Warbler	0.0	0.0	0.0	0.0	0.0	0.0	0.0	0.0	0.0	0.0	0.0	0.0	0.0	0.0	0.0	0.0	0.0248062	0.0581395	0.1869281	0.2128427	0.1777778	0.1781915	0.1824	0.1288591	0.1021583	0.0914205	0.086116	0.0928652	0.1367381	0.1283255	0.1177474	0.1171598	0.0795455	0.0520674	0.0141066	0.002656	0.0	0.0	0.0	0.0	0.0	0.0	0.0	0.0	0.0	0.0	0.0	0.0	
Tennessee Warbler	0.0	0.0	0.0	0.0	0.0	0.0	0.0	0.0	0.0	0.0	0.0	0.0	0.0	0.0	0.0	0.0	0.0015504	0.001292	0.0235294	0.030303	0.0035088	0.0013298	0.0032	0.0067114	0.0	0.0028129	0.0	0.0033975	0.0131796	0.0093897	0.0153584	0.0627219	0.0681818	0.0673813	0.039185	0.0252324	0.0	0.0	0.0040984	0.0	0.0	0.0	0.0	0.0	0.0	0.0	0.0	0.0	
Orange-crowned Warbler	0.0	0.0113636	0.0095238	0.0	0.0	0.0	0.0	0.0	0.0	0.0	0.0	0.0	0.0	0.0	0.0	0.0	0.0077519	0.0064599	0.027451	0.007215	0.0	0.0	0.0	0.0	0.0	0.0	0.0	0.0	0.0	0.0	0.0	0.0	0.0	0.0045942	0.0109718	0.0239044	0.0285714	0.0138408	0.0081967	0.0088968	0.0	0.0	0.0	0.0	0.0	0.0	0.0	0.0	
Nashville Warbler	0.0	0.0	0.0	0.0	0.0	0.0	0.0	0.0	0.0	0.0	0.0	0.0	0.0	0.0	0.0	0.0	0.0186047	0.0581395	0.1751634	0.2186147	0.2187135	0.2619681	0.2496	0.1798658	0.1280576	0.0703235	0.0702988	0.0634202	0.1004942	0.1126761	0.1194539	0.1349112	0.1174242	0.0872894	0.0454545	0.0332005	0.0079365	0.0017301	0.0040984	0.0	0.0	0.0	0.0015	0.0	0.0	0.0	0.0	0.0	
Virginia's Warbler	0.0	0.0	0.0	0.0	0.0	0.0	0.0	0.0	0.0	0.0	0.0	0.0	0.0	0.0	0.0	0.0	0.0	0.0015	0.0	0.0	0.0	0.0	0.0	0.0	0.0	0.0	0.0	0.0	0.0	0.0	0.0	0.0	0.0	0.0	0.0	0.0	0.0	0.0	0.0	0.0	0.0	0.0	0.0	0.0	0.0	0.0	0.0	0.0	
Connecticut Warbler	0.0	0.0	0.0	0.0	0.0	0.0	0.0	0.0	0.0	0.0	0.0	0.0	0.0	0.0	0.0	0.0	0.0	0.0	0.0013072	0.002886	0.0023392	0.0013298	0.0016	0.0	0.0014388	0.0	0.0017575	0.0	0.0	0.0	0.0	0.0	0.0	0.0015314	0.0015674	0.001328	0.0	0.0	0.0	0.0	0.0	0.0	0.0	0.0	0.0	0.0	0.0	0.0	
Mourning Warbler	0.0	0.0	0.0	0.0	0.0	0.0	0.0	0.0	0.0	0.0	0.0	0.0	0.0	0.0	0.0	0.0	0.0	0.003876	0.0196078	0.0887446	0.128655	0.1369681	0.0944	0.0711409	0.0834532	0.0506329	0.0316344	0.00906	0.0098847	0.0125196	0.0085324	0.0059172	0.0037879	0.0045942	0.0	0.0	0.0	0.0	0.0	0.0	0.0	0.0	0.0	0.0	0.0	0.0	0.0	0.0	
Connecticut/MacGillivray's/Mourning Warbler	0.0	0.0	0.0	0.0	0.0	0.0	0.0	0.0	0.0	0.0	0.0	0.0	0.0	0.0	0.0	0.0	0.0	0.0	0.0	0.0	0.0	0.0	0.0	0.0	0.0	0.0	0.0	0.0	0.0	0.0	0.0	0.0	0.0	0.0015314	0.0	0.0	0.0	0.0	0.0	0.0	0.0	0.0	0.0	0.0	0.0	0.0	0.0	0.0	
Kentucky Warbler	0.0	0.0	0.0	0.0	0.0	0.0	0.0	0.0	0.0	0.0	0.0	0.0	0.0	0.0	0.0	0.0	0.0	0.0	0.0	7.215E-4	0.0	0.0	0.0	0.0	0.0	0.0	0.0	0.0	0.0	0.0	0.0	0.0	0.0	0.0	0.0	0.0	0.0	0.0	0.0	0.0	0.0	0.0	0.0	0.0	0.0	0.0	0.0	0.0	
Common Yellowthroat	0.0	0.0	0.0	0.0	0.0	0.0	0.0	0.0	0.0	0.0	0.0	0.0	0.0	0.0	0.0	0.0	0.0	0.0465116	0.179085	0.3073593	0.3181287	0.2978723	0.2976	0.2765101	0.2676259	0.2616034	0.2706503	0.2015855	0.1647446	0.1126761	0.1228669	0.1266272	0.155303	0.1378254	0.1175549	0.0557769	0.0301587	0.0034602	0.0	0.0	0.0	0.0	0.0	0.0	0.0	0.0	0.0	0.0	
Hooded Warbler	0.0	0.0	0.0	0.0	0.0	0.0	0.0	0.0	0.0	0.0	0.0	0.0	0.0	0.0	0.0	0.0	0.0	0.0	0.0	0.0	0.0	0.0013298	0.0	0.0	0.0	0.0	0.0	0.0	0.0	0.0	0.0	0.0	0.0015	0.0	0.0	0.0	0.0	0.0	0.0	0.0	0.0	0.0	0.0	0.0	0.0	0.0	0.0	0.0	
American Redstart	0.0	0.0	0.0	0.0	0.0	0.0	0.0	0.0	0.0	0.0	0.0	0.0	0.0	0.0	0.0	0.0	0.0031008	0.0426357	0.269281	0.468254	0.4608187	0.4654255	0.4992	0.4255034	0.418705	0.3755274	0.254833	0.207248	0.2075783	0.1799687	0.1877133	0.1715976	0.1534091	0.101072	0.0454545	0.0212483	0.0	0.0	0.0020492	0.0	0.0	0.0	0.0	0.0	0.0	0.0	0.0	0.0	
Kirtland's Warbler	0.0	0.0	0.0	0.0	0.0	0.0	0.0	0.0	0.0	0.0	0.0	0.0	0.0	0.0	0.0	0.0	0.0	0.0	0.0013072	0.0015	0.0023392	0.0013298	0.0032	0.0013423	0.0	0.0	0.0	0.0	0.0	0.0	0.0	0.0	0.0	0.0	0.0	0.0	0.0	0.0	0.0	0.0	0.0	0.0	0.0	0.0	0.0	0.0	0.0	0.0	
Cape May Warbler	0.0	0.0	0.0	0.0	0.0	0.0	0.0	0.0	0.0	0.0	0.0	0.0	0.0	0.0	0.0	0.0	0.0015504	0.0193798	0.048366	0.038961	0.0163743	0.0079787	0.0208	0.0	0.0015	0.0014065	0.0017575	0.00906	0.0411862	0.056338	0.0665529	0.043787	0.0284091	0.0153139	0.0031348	0.0	0.0	0.0	0.0	0.0	0.0	0.0	0.0	0.0	0.0	0.0	0.0	0.0	
Northern Parula	0.0	0.0	0.0	0.0	0.0	0.0	0.0	0.0	0.0	0.0	0.0	0.0	0.0	0.0	0.0	0.0	0.020155	0.0503876	0.1398693	0.2027417	0.1625731	0.2087766	0.2304	0.1624161	0.1539568	0.1054852	0.0702988	0.0385051	0.0411862	0.0485133	0.0341297	0.0591716	0.0568182	0.0398162	0.0109718	0.0132802	0.0	0.0	0.0020492	0.0	0.0	0.0	0.0	0.0	0.0	0.0	0.0	0.0	
Magnolia Warbler	0.0	0.0	0.0	0.0	0.0	0.0	0.0	0.0	0.0	0.0	0.0	0.0	0.0	0.0	0.0	0.0	0.0	0.0142119	0.0784314	0.1024531	0.0643275	0.0651596	0.0688	0.0281879	0.018705	0.0225035	0.0140598	0.011325	0.0313015	0.0344288	0.0221843	0.0378698	0.0397727	0.0352221	0.0188088	0.0119522	0.0	0.0	0.0	0.0	0.0	0.0	0.0	0.0	0.0	0.0	0.0	0.0	
Bay-breasted Warbler	0.0	0.0	0.0	0.0	0.0	0.0	0.0	0.0	0.0	0.0	0.0	0.0	0.0	0.0	0.0	0.0	0.0	0.0	0.0143791	0.015873	0.0023392	0.0	0.0	0.0	0.0	0.0	0.0	0.0011325	0.0082372	0.0125196	0.0119454	0.0142012	0.0208333	0.0137825	0.0141066	0.0	0.0	0.0	0.0	0.0	0.0	0.0	0.0	0.0	0.0	0.0	0.0	0.0	
Blackburnian Warbler	0.0	0.0	0.0	0.0	0.0	0.0	0.0	0.0	0.0	0.0	0.0	0.0	0.0	0.0	0.0	0.0	0.0	0.0258398	0.0836601	0.1269841	0.1099415	0.1289894	0.1504	0.0926174	0.0733813	0.0576653	0.0456942	0.0317101	0.0477759	0.0641628	0.0341297	0.0426036	0.0246212	0.007657	0.0015674	0.0	0.0	0.0	0.0	0.0	0.0	0.0	0.0	0.0	0.0	0.0	0.0	0.0	
Northern Yellow Warbler	0.0	0.0	0.0	0.0	0.0	0.0	0.0	0.0	0.0	0.0	0.0	0.0	0.0	0.0	0.0	0.0	0.0077519	0.0374677	0.1163399	0.2027417	0.2023392	0.1848404	0.1616	0.1583893	0.1294964	0.1097046	0.059754	0.0419026	0.0428336	0.0391236	0.0221843	0.008284	0.0037879	0.0061256	0.0015674	0.0	0.0	0.0	0.0	0.0	0.0	0.0	0.0	0.0	0.0	0.0	0.0	0.0	
Chestnut-sided Warbler	0.0	0.0	0.0	0.0	0.0	0.0	0.0	0.0	0.0	0.0	0.0	0.0	0.0	0.0	0.0	0.0	0.0015504	0.0193798	0.1411765	0.2113997	0.2210526	0.2207447	0.2064	0.1798658	0.1669065	0.0942335	0.0720562	0.0305776	0.0345964	0.0547731	0.0460751	0.0390533	0.0189394	0.0122511	0.007837	0.0	0.0	0.0	0.0	0.0	0.0	0.0	0.0	0.0	0.0	0.0	0.0	0.0	
Blackpoll Warbler	0.0	0.0	0.0	0.0	0.0	0.0	0.0	0.0	0.0	0.0	0.0	0.0	0.0	0.0	0.0	0.0	0.0	0.0	0.0078431	0.018759	0.0023392	0.0026596	0.0	0.0	0.0	0.0	0.0	0.0011325	0.0016474	0.0031299	0.0051195	0.016568	0.0871212	0.0842266	0.0423197	0.0185923	0.0015873	0.0	0.0	0.0	0.0	0.0	0.0	0.0	0.0	0.0	0.0	0.0	
Bay-breasted/Blackpoll Warbler	0.0	0.0	0.0	0.0	0.0	0.0	0.0	0.0	0.0	0.0	0.0	0.0	0.0	0.0	0.0	0.0	0.0	0.0	0.0	0.0	0.0	0.0	0.0	0.0	0.0	0.0	0.0	0.0	0.0	0.0	0.003413	0.0035503	0.0056818	0.0137825	0.0015674	0.0	0.0	0.0	0.0	0.0	0.0	0.0	0.0	0.0	0.0	0.0	0.0	0.0	
Black-throated Blue Warbler	0.0	0.0	0.0	0.0	0.0	0.0	0.0	0.0	0.0	0.0	0.0	0.0	0.0	0.0	0.0	0.0	0.0077519	0.0258398	0.0915033	0.0923521	0.0994152	0.1023936	0.1072	0.0684564	0.0604317	0.0506329	0.0579965	0.0283126	0.0510708	0.0469484	0.0273038	0.0248521	0.0416667	0.0260337	0.0172414	0.0053121	0.0015873	0.0	0.0	0.0	0.0	0.0	0.0	0.0	0.0	0.0	0.0	0.0	
Palm Warbler	0.0	0.0	0.0	0.0	0.0	0.0	0.0	0.0	0.0	0.0	0.0	0.0	0.0	0.0	0.0	0.0028329	0.0263566	0.0865633	0.1111111	0.0353535	0.0046784	0.0013298	0.0032	0.0013423	0.0	0.0014065	0.0017575	0.002265	0.0016474	0.0046948	0.0102389	0.0118343	0.0757576	0.1056662	0.1018809	0.1513944	0.1047619	0.0363322	0.0081967	0.0	0.0	0.0030395	0.0	0.0	0.0	0.0	0.0	0.0	
Pine Warbler	0.0	0.0	0.0	0.0	0.0	0.0	0.0	0.0	0.0	0.0	0.0	0.0	0.0	0.010989	0.0046512	0.0283286	0.1302326	0.1666667	0.1529412	0.1948052	0.1824561	0.1648936	0.1952	0.166443	0.1496403	0.1518987	0.1370826	0.0838052	0.0543657	0.0422535	0.0460751	0.0556213	0.0700758	0.0673813	0.0517241	0.0517928	0.015873	0.0	0.0	0.0	0.0	0.0	0.0	0.0	0.0063694	0.0	0.0	0.0	
Yellow-rumped Warbler	0.0	0.0	0.0	0.0	0.0	0.0	0.0	0.0	0.0	0.0	0.0015	0.0015	0.0076628	0.043956	0.0418605	0.0991501	0.2232558	0.3242894	0.3385621	0.2792208	0.2	0.1928191	0.2288	0.1597315	0.1323741	0.1364276	0.1564148	0.1279728	0.1383855	0.1580595	0.1484642	0.1715976	0.1988636	0.1975498	0.1739812	0.2709163	0.1920635	0.115917	0.0532787	0.0160142	0.002611	0.0	0.003663	0.0	0.0	0.0	0.0	0.0	
Prairie Warbler	0.0	0.0	0.0	0.0	0.0	0.0	0.0	0.0	0.0	0.0	0.0	0.0	0.0	0.0	0.0	0.0	0.0	0.0	0.0	0.0	0.0	0.0	0.0	0.0	0.0	0.0	0.0	0.0	0.0	0.0	0.0	0.0	0.0	0.0	0.0	0.0	0.0015	0.0	0.0	0.0	0.0	0.0	0.0	0.0	0.0	0.0	0.0	0.0	
Black-throated Green Warbler	0.0	0.0	0.0	0.0	0.0	0.0	0.0	0.0	0.0	0.0	0.0	0.0	0.0	0.0	0.0	0.0014164	0.0372093	0.1175711	0.2535948	0.3030303	0.2678363	0.2845745	0.288	0.2268456	0.2230216	0.2278481	0.1739895	0.1370328	0.1186161	0.1251956	0.116041	0.1633136	0.1382576	0.0964778	0.0626959	0.0185923	0.0031746	0.0017301	0.0	0.0	0.0	0.0	0.0	0.0	0.0	0.0	0.0	0.0	
Canada Warbler	0.0	0.0	0.0	0.0	0.0	0.0	0.0	0.0	0.0	0.0	0.0	0.0	0.0	0.0	0.0	0.0	0.0	0.001292	0.0104575	0.0584416	0.0690058	0.0611702	0.0384	0.0228188	0.0043165	0.0070323	0.0052724	0.0101925	0.0313015	0.0187793	0.0187713	0.0094675	0.0094697	0.0	0.0	0.0	0.0	0.0	0.0	0.0	0.0	0.0	0.0	0.0	0.0	0.0	0.0	0.0	
Wilson's Warbler	0.0	0.0	0.0	0.0	0.0	0.0	0.0	0.0	0.0	0.0	0.0	0.0	0.0	0.0	0.0	0.0	0.0	0.001292	0.0287582	0.0670996	0.0222222	0.0013298	0.0016	0.0	0.0	0.0	0.0	0.0	0.0016474	0.0015649	0.0017065	0.0118343	0.0208333	0.0061256	0.0031348	0.001328	0.0	0.0	0.0020492	0.0	0.0	0.0	0.0	0.0	0.0	0.0	0.0	0.0	
new world warbler sp.	0.0	0.0	0.0	0.0	0.0	0.0	0.0	0.0	0.0	0.0	0.0	0.0	0.0	0.0	0.0	0.0	0.0062016	0.0258398	0.0457516	0.02886	0.0210526	0.0212766	0.0112	0.0107383	0.0100719	0.0112518	0.0210896	0.0407701	0.0345964	0.0312989	0.0546075	0.0639053	0.0890152	0.0612557	0.0407524	0.0464807	0.0126984	0.0034602	0.0	0.0	0.0	0.0	0.0	0.0	0.0	0.0	0.0	0.0	
Summer Tanager	0.0	0.0	0.0	0.0	0.0	0.0	0.0	0.0	0.0	0.0	0.0	0.0	0.0	0.0	0.0	0.0	0.0	0.0	0.0	0.0	0.0	0.0015	0.0	0.0	0.0	0.0	0.0	0.0	0.0	0.0	0.0017065	0.0	0.0	0.0	0.0	0.0	0.0	0.0	0.0	0.0	0.0	0.0	0.0	0.0015	0.0	0.0	0.0	0.0	
Scarlet Tanager	0.0	0.0	0.0	0.0	0.0	0.0	0.0	0.0	0.0	0.0	0.0	0.0	0.0	0.0	0.0	0.0	0.0	0.0077519	0.0379085	0.0562771	0.0573099	0.0531915	0.0448	0.0228188	0.0273381	0.0351617	0.0333919	0.0249151	0.0214168	0.0219092	0.0119454	0.0236686	0.0208333	0.0153139	0.0062696	0.001328	0.0	0.0	0.0	0.0	0.0	0.0	0.0	0.0	0.0	0.0	0.0	0.0	
Western Tanager	0.0015	0.0	0.0	0.0	0.0	0.0	0.0	0.0	0.0	0.0	0.0	0.0	0.0	0.0	0.0	0.0	0.0	0.0	0.0	0.0	0.0	0.0	0.0	0.0	0.0	0.0	0.0	0.0	0.0	0.0	0.0	0.0011834	0.0	0.0	0.0	0.0	0.0	0.0	0.0	0.0	0.0	0.0	0.0	0.0	0.0	0.0	0.0	0.0	
Northern Cardinal	0.0216216	0.0113636	0.0190476	0.0214286	0.0162602	0.0462963	0.0932203	0.0	0.0190476	0.0087719	0.0422535	0.0243902	0.0344828	0.0164835	0.0232558	0.0269122	0.0108527	0.0271318	0.0143791	0.0180375	0.0105263	0.0119681	0.016	0.0107383	0.0215827	0.0253165	0.0140598	0.0147225	0.029654	0.0109546	0.0102389	0.0118343	0.0075758	0.0045942	0.007837	0.0185923	0.0047619	0.0224913	0.0122951	0.0142349	0.0052219	0.0486322	0.0549451	0.0666667	0.0318471	0.0421687	0.0729927	0.0137931	
Rose-breasted Grosbeak	0.0	0.0	0.0	0.0	0.0	0.0	0.0	0.0	0.0	0.0	0.0	0.0	0.0	0.0	0.0	0.0	0.0170543	0.1085271	0.220915	0.1984127	0.148538	0.1542553	0.1296	0.1288591	0.1151079	0.0843882	0.0773286	0.0554926	0.0955519	0.0672926	0.0443686	0.0579882	0.0189394	0.0336907	0.0172414	0.0079681	0.0015	0.0017301	0.0	0.0	0.0	0.0	0.0	0.0	0.0063694	0.0	0.0	0.0	
Indigo Bunting	0.0	0.0	0.0	0.0	0.0	0.0	0.0	0.0	0.0	0.0	0.0	0.0	0.0	0.0	0.0	0.0	0.0	0.005168	0.0287582	0.0887446	0.1309942	0.1662234	0.1408	0.1651007	0.152518	0.1223629	0.1212654	0.0611552	0.0494234	0.0391236	0.0273038	0.0201183	0.0113636	0.0045942	0.0062696	0.002656	0.0	0.0	0.0	0.0	0.0	0.0030395	0.0	0.0	0.0	0.0	0.0	0.0	
Painted Bunting	0.0	0.0	0.0	0.0	0.0	0.0	0.0	0.0	0.0	0.0	0.0	0.0	0.0	0.0	0.0	0.0	0.0	0.0	0.0	0.0015	0.0	0.0	0.0	0.0	0.0	0.0	0.0	0.0	0.0	0.0	0.0	0.0	0.0	0.0	0.0	0.0	0.0	0.0	0.0	0.0	0.0	0.0	0.0	0.0	0.0	0.0	0.0	0.0	
Dickcissel	0.0	0.0	0.0	0.0	0.0	0.0	0.0	0.0	0.0	0.0	0.0	0.0	0.0	0.0	0.0	0.0	0.0	0.0	0.0	0.0	0.0046784	0.0212766	0.0144	0.0187919	0.0115108	0.0070323	0.0070299	0.0033975	0.0	0.0	0.0	0.0	0.0	0.0	0.0	0.0	0.0015873	0.0	0.0	0.0	0.0	0.0	0.0	0.0	0.0	0.0	0.0	0.0	
passerine sp.	0.0324324	0.0227273	0.0285714	0.0142857	0.0406504	0.0555556	0.0084746	0.1	0.047619	0.0438596	0.028169	0.0426829	0.0344828	0.0604396	0.0767442	0.0651558	0.0589147	0.0956072	0.1084967	0.0800866	0.0549708	0.0625	0.0496	0.1006711	0.1007194	0.0815752	0.0808436	0.1064553	0.1103789	0.0735524	0.1296928	0.1159763	0.1439394	0.151608	0.1363636	0.1686587	0.184127	0.1470588	0.1680328	0.0978648	0.0704961	0.0547112	0.043956	0.0259259	0.0254777	0.0240964	0.0218978	0.0413793	
bird sp.	0.0	0.0	0.0	0.0	0.0	0.0092593	0.0	0.0	0.0	0.0	0.0	0.0	0.0	0.010989	0.0116279	0.0070822	0.0062016	0.0077519	0.0091503	0.0050505	0.005848	0.0066489	0.0	0.0067114	0.0071942	0.0056259	0.0087873	0.006795	0.0032949	0.0015	0.0068259	0.008284	0.0056818	0.007657	0.007837	0.0066401	0.0031746	0.0034602	0.0061475	0.0053381	0.0052219	0.0030395	0.010989	0.0	0.0063694	0.0060241	0.0	0.0068966	

